captured_at,video_id,channel_id,title,published_at,view_count,like_count,comment_count
2026-04-09T18:22:37+00:00,MnNF5wdXWQw,UCQHX6ViZmPsWiYSFAyS0a3Q,ABSOLUTELY UNBELIEVABLE. HE ACTUALLY WON AGAIN!!!!!!!!!!!!!,2026-04-09T18:22:01Z,0,100,34
2026-04-09T18:23:07+00:00,MnNF5wdXWQw,UCQHX6ViZmPsWiYSFAyS0a3Q,ABSOLUTELY UNBELIEVABLE. HE ACTUALLY WON AGAIN!!!!!!!!!!!!!,2026-04-09T18:22:01Z,125,197,78
2026-04-09T18:23:37+00:00,MnNF5wdXWQw,UCQHX6ViZmPsWiYSFAyS0a3Q,ABSOLUTELY UNBELIEVABLE. HE ACTUALLY WON AGAIN!!!!!!!!!!!!!,2026-04-09T18:22:01Z,320,269,115
2026-04-09T18:24:07+00:00,MnNF5wdXWQw,UCQHX6ViZmPsWiYSFAyS0a3Q,ABSOLUTELY UNBELIEVABLE. HE ACTUALLY WON AGAIN!!!!!!!!!!!!!,2026-04-09T18:22:01Z,685,335,136
2026-04-09T18:24:39+00:00,MnNF5wdXWQw,UCQHX6ViZmPsWiYSFAyS0a3Q,ABSOLUTELY UNBELIEVABLE. HE ACTUALLY WON AGAIN!!!!!!!!!!!!!,2026-04-09T18:22:01Z,1514,387,145
2026-04-09T18:25:08+00:00,MnNF5wdXWQw,UCQHX6ViZmPsWiYSFAyS0a3Q,ABSOLUTELY UNBELIEVABLE. HE ACTUALLY WON AGAIN!!!!!!!!!!!!!,2026-04-09T18:22:01Z,1514,428,154
2026-04-09T18:25:39+00:00,MnNF5wdXWQw,UCQHX6ViZmPsWiYSFAyS0a3Q,ABSOLUTELY UNBELIEVABLE. HE ACTUALLY WON AGAIN!!!!!!!!!!!!!,2026-04-09T18:22:01Z,2347,474,162
2026-04-09T18:26:09+00:00,MnNF5wdXWQw,UCQHX6ViZmPsWiYSFAyS0a3Q,ABSOLUTELY UNBELIEVABLE. HE ACTUALLY WON AGAIN!!!!!!!!!!!!!,2026-04-09T18:22:01Z,3167,509,172
2026-04-09T18:26:40+00:00,MnNF5wdXWQw,UCQHX6ViZmPsWiYSFAyS0a3Q,ABSOLUTELY UNBELIEVABLE. HE ACTUALLY WON AGAIN!!!!!!!!!!!!!,2026-04-09T18:22:01Z,4153,556,183
2026-04-09T18:27:10+00:00,MnNF5wdXWQw,UCQHX6ViZmPsWiYSFAyS0a3Q,ABSOLUTELY UNBELIEVABLE. HE ACTUALLY WON AGAIN!!!!!!!!!!!!!,2026-04-09T18:22:01Z,4566,609,192
2026-04-09T18:27:41+00:00,MnNF5wdXWQw,UCQHX6ViZmPsWiYSFAyS0a3Q,ABSOLUTELY UNBELIEVABLE. HE ACTUALLY WON AGAIN!!!!!!!!!!!!!,2026-04-09T18:22:01Z,4978,646,194
2026-04-09T18:28:12+00:00,MnNF5wdXWQw,UCQHX6ViZmPsWiYSFAyS0a3Q,ABSOLUTELY UNBELIEVABLE. HE ACTUALLY WON AGAIN!!!!!!!!!!!!!,2026-04-09T18:22:01Z,6005,681,198
2026-04-09T18:28:42+00:00,MnNF5wdXWQw,UCQHX6ViZmPsWiYSFAyS0a3Q,ABSOLUTELY UNBELIEVABLE. HE ACTUALLY WON AGAIN!!!!!!!!!!!!!,2026-04-09T18:22:01Z,6010,721,201
2026-04-09T18:29:13+00:00,MnNF5wdXWQw,UCQHX6ViZmPsWiYSFAyS0a3Q,ABSOLUTELY UNBELIEVABLE. HE ACTUALLY WON AGAIN!!!!!!!!!!!!!,2026-04-09T18:22:01Z,6461,765,209
2026-04-09T18:29:44+00:00,MnNF5wdXWQw,UCQHX6ViZmPsWiYSFAyS0a3Q,ABSOLUTELY UNBELIEVABLE. HE ACTUALLY WON AGAIN!!!!!!!!!!!!!,2026-04-09T18:22:01Z,7520,819,213
2026-04-09T18:30:14+00:00,MnNF5wdXWQw,UCQHX6ViZmPsWiYSFAyS0a3Q,ABSOLUTELY UNBELIEVABLE. HE ACTUALLY WON AGAIN!!!!!!!!!!!!!,2026-04-09T18:22:01Z,7822,863,216
2026-04-09T18:30:45+00:00,MnNF5wdXWQw,UCQHX6ViZmPsWiYSFAyS0a3Q,ABSOLUTELY UNBELIEVABLE. HE ACTUALLY WON AGAIN!!!!!!!!!!!!!,2026-04-09T18:22:01Z,9323,894,215
2026-04-09T18:31:16+00:00,MnNF5wdXWQw,UCQHX6ViZmPsWiYSFAyS0a3Q,ABSOLUTELY UNBELIEVABLE. HE ACTUALLY WON AGAIN!!!!!!!!!!!!!,2026-04-09T18:22:01Z,9725,931,217
2026-04-09T18:31:46+00:00,MnNF5wdXWQw,UCQHX6ViZmPsWiYSFAyS0a3Q,ABSOLUTELY UNBELIEVABLE. HE ACTUALLY WON AGAIN!!!!!!!!!!!!!,2026-04-09T18:22:01Z,10790,964,220
2026-04-09T18:32:17+00:00,MnNF5wdXWQw,UCQHX6ViZmPsWiYSFAyS0a3Q,ABSOLUTELY UNBELIEVABLE. HE ACTUALLY WON AGAIN!!!!!!!!!!!!!,2026-04-09T18:22:01Z,11263,1006,226
2026-04-09T18:32:48+00:00,MnNF5wdXWQw,UCQHX6ViZmPsWiYSFAyS0a3Q,ABSOLUTELY UNBELIEVABLE. HE ACTUALLY WON AGAIN!!!!!!!!!!!!!,2026-04-09T18:22:01Z,11429,1039,234
2026-04-09T18:33:18+00:00,MnNF5wdXWQw,UCQHX6ViZmPsWiYSFAyS0a3Q,ABSOLUTELY UNBELIEVABLE. HE ACTUALLY WON AGAIN!!!!!!!!!!!!!,2026-04-09T18:22:01Z,12224,1073,237
2026-04-09T18:33:49+00:00,MnNF5wdXWQw,UCQHX6ViZmPsWiYSFAyS0a3Q,ABSOLUTELY UNBELIEVABLE. HE ACTUALLY WON AGAIN!!!!!!!!!!!!!,2026-04-09T18:22:01Z,13026,1098,239
2026-04-09T18:34:19+00:00,MnNF5wdXWQw,UCQHX6ViZmPsWiYSFAyS0a3Q,ABSOLUTELY UNBELIEVABLE. HE ACTUALLY WON AGAIN!!!!!!!!!!!!!,2026-04-09T18:22:01Z,13807,1140,243
2026-04-09T18:34:50+00:00,MnNF5wdXWQw,UCQHX6ViZmPsWiYSFAyS0a3Q,ABSOLUTELY UNBELIEVABLE. HE ACTUALLY WON AGAIN!!!!!!!!!!!!!,2026-04-09T18:22:01Z,14475,1175,246
2026-04-09T18:35:21+00:00,MnNF5wdXWQw,UCQHX6ViZmPsWiYSFAyS0a3Q,ABSOLUTELY UNBELIEVABLE. HE ACTUALLY WON AGAIN!!!!!!!!!!!!!,2026-04-09T18:22:01Z,15525,1198,253
2026-04-09T18:35:52+00:00,MnNF5wdXWQw,UCQHX6ViZmPsWiYSFAyS0a3Q,ABSOLUTELY UNBELIEVABLE. HE ACTUALLY WON AGAIN!!!!!!!!!!!!!,2026-04-09T18:22:01Z,15731,1233,258
2026-04-09T18:36:22+00:00,MnNF5wdXWQw,UCQHX6ViZmPsWiYSFAyS0a3Q,ABSOLUTELY UNBELIEVABLE. HE ACTUALLY WON AGAIN!!!!!!!!!!!!!,2026-04-09T18:22:01Z,16757,1261,266
2026-04-09T18:36:53+00:00,MnNF5wdXWQw,UCQHX6ViZmPsWiYSFAyS0a3Q,ABSOLUTELY UNBELIEVABLE. HE ACTUALLY WON AGAIN!!!!!!!!!!!!!,2026-04-09T18:22:01Z,17087,1294,269
2026-04-09T18:37:23+00:00,MnNF5wdXWQw,UCQHX6ViZmPsWiYSFAyS0a3Q,ABSOLUTELY UNBELIEVABLE. HE ACTUALLY WON AGAIN!!!!!!!!!!!!!,2026-04-09T18:22:01Z,17797,1337,273
2026-04-09T18:37:54+00:00,MnNF5wdXWQw,UCQHX6ViZmPsWiYSFAyS0a3Q,ABSOLUTELY UNBELIEVABLE. HE ACTUALLY WON AGAIN!!!!!!!!!!!!!,2026-04-09T18:22:01Z,18138,1371,277
2026-04-09T18:38:25+00:00,MnNF5wdXWQw,UCQHX6ViZmPsWiYSFAyS0a3Q,ABSOLUTELY UNBELIEVABLE. HE ACTUALLY WON AGAIN!!!!!!!!!!!!!,2026-04-09T18:22:01Z,18838,1411,281
2026-04-09T18:38:55+00:00,MnNF5wdXWQw,UCQHX6ViZmPsWiYSFAyS0a3Q,ABSOLUTELY UNBELIEVABLE. HE ACTUALLY WON AGAIN!!!!!!!!!!!!!,2026-04-09T18:22:01Z,19654,1439,285
2026-04-09T18:39:26+00:00,MnNF5wdXWQw,UCQHX6ViZmPsWiYSFAyS0a3Q,ABSOLUTELY UNBELIEVABLE. HE ACTUALLY WON AGAIN!!!!!!!!!!!!!,2026-04-09T18:22:01Z,20228,1469,289
2026-04-09T18:39:57+00:00,MnNF5wdXWQw,UCQHX6ViZmPsWiYSFAyS0a3Q,ABSOLUTELY UNBELIEVABLE. HE ACTUALLY WON AGAIN!!!!!!!!!!!!!,2026-04-09T18:22:01Z,20485,1505,292
2026-04-09T18:40:27+00:00,MnNF5wdXWQw,UCQHX6ViZmPsWiYSFAyS0a3Q,ABSOLUTELY UNBELIEVABLE. HE ACTUALLY WON AGAIN!!!!!!!!!!!!!,2026-04-09T18:22:01Z,20993,1538,295
2026-04-09T18:40:58+00:00,MnNF5wdXWQw,UCQHX6ViZmPsWiYSFAyS0a3Q,ABSOLUTELY UNBELIEVABLE. HE ACTUALLY WON AGAIN!!!!!!!!!!!!!,2026-04-09T18:22:01Z,21900,1578,299
2026-04-09T18:41:28+00:00,MnNF5wdXWQw,UCQHX6ViZmPsWiYSFAyS0a3Q,ABSOLUTELY UNBELIEVABLE. HE ACTUALLY WON AGAIN!!!!!!!!!!!!!,2026-04-09T18:22:01Z,21900,1612,301
2026-04-09T18:41:59+00:00,MnNF5wdXWQw,UCQHX6ViZmPsWiYSFAyS0a3Q,ABSOLUTELY UNBELIEVABLE. HE ACTUALLY WON AGAIN!!!!!!!!!!!!!,2026-04-09T18:22:01Z,22805,1641,305
2026-04-09T18:42:29+00:00,MnNF5wdXWQw,UCQHX6ViZmPsWiYSFAyS0a3Q,ABSOLUTELY UNBELIEVABLE. HE ACTUALLY WON AGAIN!!!!!!!!!!!!!,2026-04-09T18:22:01Z,23303,1673,308
2026-04-09T18:43:00+00:00,MnNF5wdXWQw,UCQHX6ViZmPsWiYSFAyS0a3Q,ABSOLUTELY UNBELIEVABLE. HE ACTUALLY WON AGAIN!!!!!!!!!!!!!,2026-04-09T18:22:01Z,24300,1712,310
2026-04-09T18:43:31+00:00,MnNF5wdXWQw,UCQHX6ViZmPsWiYSFAyS0a3Q,ABSOLUTELY UNBELIEVABLE. HE ACTUALLY WON AGAIN!!!!!!!!!!!!!,2026-04-09T18:22:01Z,24393,1749,316
2026-04-09T18:44:01+00:00,MnNF5wdXWQw,UCQHX6ViZmPsWiYSFAyS0a3Q,ABSOLUTELY UNBELIEVABLE. HE ACTUALLY WON AGAIN!!!!!!!!!!!!!,2026-04-09T18:22:01Z,25682,1783,318
2026-04-09T18:44:32+00:00,MnNF5wdXWQw,UCQHX6ViZmPsWiYSFAyS0a3Q,ABSOLUTELY UNBELIEVABLE. HE ACTUALLY WON AGAIN!!!!!!!!!!!!!,2026-04-09T18:22:01Z,25902,1821,322
2026-04-09T18:45:02+00:00,MnNF5wdXWQw,UCQHX6ViZmPsWiYSFAyS0a3Q,ABSOLUTELY UNBELIEVABLE. HE ACTUALLY WON AGAIN!!!!!!!!!!!!!,2026-04-09T18:22:01Z,26414,1863,326
2026-04-09T18:45:33+00:00,MnNF5wdXWQw,UCQHX6ViZmPsWiYSFAyS0a3Q,ABSOLUTELY UNBELIEVABLE. HE ACTUALLY WON AGAIN!!!!!!!!!!!!!,2026-04-09T18:22:01Z,27351,1892,330
2026-04-09T18:46:03+00:00,MnNF5wdXWQw,UCQHX6ViZmPsWiYSFAyS0a3Q,ABSOLUTELY UNBELIEVABLE. HE ACTUALLY WON AGAIN!!!!!!!!!!!!!,2026-04-09T18:22:01Z,27532,1922,332
2026-04-09T18:46:34+00:00,MnNF5wdXWQw,UCQHX6ViZmPsWiYSFAyS0a3Q,ABSOLUTELY UNBELIEVABLE. HE ACTUALLY WON AGAIN!!!!!!!!!!!!!,2026-04-09T18:22:01Z,28022,1985,334
2026-04-09T18:47:04+00:00,MnNF5wdXWQw,UCQHX6ViZmPsWiYSFAyS0a3Q,ABSOLUTELY UNBELIEVABLE. HE ACTUALLY WON AGAIN!!!!!!!!!!!!!,2026-04-09T18:22:01Z,28822,2006,336
2026-04-09T18:47:35+00:00,MnNF5wdXWQw,UCQHX6ViZmPsWiYSFAyS0a3Q,ABSOLUTELY UNBELIEVABLE. HE ACTUALLY WON AGAIN!!!!!!!!!!!!!,2026-04-09T18:22:01Z,28977,2038,341
2026-04-09T18:48:06+00:00,MnNF5wdXWQw,UCQHX6ViZmPsWiYSFAyS0a3Q,ABSOLUTELY UNBELIEVABLE. HE ACTUALLY WON AGAIN!!!!!!!!!!!!!,2026-04-09T18:22:01Z,29484,2072,349
2026-04-09T18:48:37+00:00,MnNF5wdXWQw,UCQHX6ViZmPsWiYSFAyS0a3Q,ABSOLUTELY UNBELIEVABLE. HE ACTUALLY WON AGAIN!!!!!!!!!!!!!,2026-04-09T18:22:01Z,30316,2095,359
2026-04-09T18:49:07+00:00,MnNF5wdXWQw,UCQHX6ViZmPsWiYSFAyS0a3Q,ABSOLUTELY UNBELIEVABLE. HE ACTUALLY WON AGAIN!!!!!!!!!!!!!,2026-04-09T18:22:01Z,30412,2134,361
2026-04-09T18:49:38+00:00,MnNF5wdXWQw,UCQHX6ViZmPsWiYSFAyS0a3Q,ABSOLUTELY UNBELIEVABLE. HE ACTUALLY WON AGAIN!!!!!!!!!!!!!,2026-04-09T18:22:01Z,31083,2170,363
2026-04-09T18:50:09+00:00,MnNF5wdXWQw,UCQHX6ViZmPsWiYSFAyS0a3Q,ABSOLUTELY UNBELIEVABLE. HE ACTUALLY WON AGAIN!!!!!!!!!!!!!,2026-04-09T18:22:01Z,31892,2191,370
2026-04-09T18:50:39+00:00,MnNF5wdXWQw,UCQHX6ViZmPsWiYSFAyS0a3Q,ABSOLUTELY UNBELIEVABLE. HE ACTUALLY WON AGAIN!!!!!!!!!!!!!,2026-04-09T18:22:01Z,32043,2210,370
2026-04-09T18:51:10+00:00,MnNF5wdXWQw,UCQHX6ViZmPsWiYSFAyS0a3Q,ABSOLUTELY UNBELIEVABLE. HE ACTUALLY WON AGAIN!!!!!!!!!!!!!,2026-04-09T18:22:01Z,32402,2252,378
2026-04-09T18:51:40+00:00,MnNF5wdXWQw,UCQHX6ViZmPsWiYSFAyS0a3Q,ABSOLUTELY UNBELIEVABLE. HE ACTUALLY WON AGAIN!!!!!!!!!!!!!,2026-04-09T18:22:01Z,33280,2282,382
2026-04-09T18:52:11+00:00,MnNF5wdXWQw,UCQHX6ViZmPsWiYSFAyS0a3Q,ABSOLUTELY UNBELIEVABLE. HE ACTUALLY WON AGAIN!!!!!!!!!!!!!,2026-04-09T18:22:01Z,33326,2321,383
2026-04-09T18:52:41+00:00,MnNF5wdXWQw,UCQHX6ViZmPsWiYSFAyS0a3Q,ABSOLUTELY UNBELIEVABLE. HE ACTUALLY WON AGAIN!!!!!!!!!!!!!,2026-04-09T18:22:01Z,34243,2346,389
2026-04-09T18:53:12+00:00,MnNF5wdXWQw,UCQHX6ViZmPsWiYSFAyS0a3Q,ABSOLUTELY UNBELIEVABLE. HE ACTUALLY WON AGAIN!!!!!!!!!!!!!,2026-04-09T18:22:01Z,34569,2372,391
2026-04-09T18:53:42+00:00,MnNF5wdXWQw,UCQHX6ViZmPsWiYSFAyS0a3Q,ABSOLUTELY UNBELIEVABLE. HE ACTUALLY WON AGAIN!!!!!!!!!!!!!,2026-04-09T18:22:01Z,35021,2406,393
2026-04-09T18:54:13+00:00,MnNF5wdXWQw,UCQHX6ViZmPsWiYSFAyS0a3Q,ABSOLUTELY UNBELIEVABLE. HE ACTUALLY WON AGAIN!!!!!!!!!!!!!,2026-04-09T18:22:01Z,35793,2433,398
2026-04-09T18:54:44+00:00,MnNF5wdXWQw,UCQHX6ViZmPsWiYSFAyS0a3Q,ABSOLUTELY UNBELIEVABLE. HE ACTUALLY WON AGAIN!!!!!!!!!!!!!,2026-04-09T18:22:01Z,35886,2460,399
2026-04-09T18:55:14+00:00,MnNF5wdXWQw,UCQHX6ViZmPsWiYSFAyS0a3Q,ABSOLUTELY UNBELIEVABLE. HE ACTUALLY WON AGAIN!!!!!!!!!!!!!,2026-04-09T18:22:01Z,35946,2507,405
2026-04-09T18:55:45+00:00,MnNF5wdXWQw,UCQHX6ViZmPsWiYSFAyS0a3Q,ABSOLUTELY UNBELIEVABLE. HE ACTUALLY WON AGAIN!!!!!!!!!!!!!,2026-04-09T18:22:01Z,37151,2537,410
2026-04-09T18:56:16+00:00,MnNF5wdXWQw,UCQHX6ViZmPsWiYSFAyS0a3Q,ABSOLUTELY UNBELIEVABLE. HE ACTUALLY WON AGAIN!!!!!!!!!!!!!,2026-04-09T18:22:01Z,37667,2564,412
2026-04-09T18:56:46+00:00,MnNF5wdXWQw,UCQHX6ViZmPsWiYSFAyS0a3Q,ABSOLUTELY UNBELIEVABLE. HE ACTUALLY WON AGAIN!!!!!!!!!!!!!,2026-04-09T18:22:01Z,38375,2600,413
2026-04-09T18:57:17+00:00,MnNF5wdXWQw,UCQHX6ViZmPsWiYSFAyS0a3Q,ABSOLUTELY UNBELIEVABLE. HE ACTUALLY WON AGAIN!!!!!!!!!!!!!,2026-04-09T18:22:01Z,38375,2635,414
2026-04-09T18:57:48+00:00,MnNF5wdXWQw,UCQHX6ViZmPsWiYSFAyS0a3Q,ABSOLUTELY UNBELIEVABLE. HE ACTUALLY WON AGAIN!!!!!!!!!!!!!,2026-04-09T18:22:01Z,38934,2669,417
2026-04-09T18:58:18+00:00,MnNF5wdXWQw,UCQHX6ViZmPsWiYSFAyS0a3Q,ABSOLUTELY UNBELIEVABLE. HE ACTUALLY WON AGAIN!!!!!!!!!!!!!,2026-04-09T18:22:01Z,39706,2703,421
2026-04-09T18:58:49+00:00,MnNF5wdXWQw,UCQHX6ViZmPsWiYSFAyS0a3Q,ABSOLUTELY UNBELIEVABLE. HE ACTUALLY WON AGAIN!!!!!!!!!!!!!,2026-04-09T18:22:01Z,39773,2735,425
2026-04-09T18:59:19+00:00,MnNF5wdXWQw,UCQHX6ViZmPsWiYSFAyS0a3Q,ABSOLUTELY UNBELIEVABLE. HE ACTUALLY WON AGAIN!!!!!!!!!!!!!,2026-04-09T18:22:01Z,40161,2777,427
2026-04-09T18:59:50+00:00,MnNF5wdXWQw,UCQHX6ViZmPsWiYSFAyS0a3Q,ABSOLUTELY UNBELIEVABLE. HE ACTUALLY WON AGAIN!!!!!!!!!!!!!,2026-04-09T18:22:01Z,41100,2807,430
2026-04-09T19:00:21+00:00,MnNF5wdXWQw,UCQHX6ViZmPsWiYSFAyS0a3Q,ABSOLUTELY UNBELIEVABLE. HE ACTUALLY WON AGAIN!!!!!!!!!!!!!,2026-04-09T18:22:01Z,41590,2847,434
2026-04-09T19:00:51+00:00,MnNF5wdXWQw,UCQHX6ViZmPsWiYSFAyS0a3Q,ABSOLUTELY UNBELIEVABLE. HE ACTUALLY WON AGAIN!!!!!!!!!!!!!,2026-04-09T18:22:01Z,41590,2872,437
2026-04-09T19:01:22+00:00,MnNF5wdXWQw,UCQHX6ViZmPsWiYSFAyS0a3Q,ABSOLUTELY UNBELIEVABLE. HE ACTUALLY WON AGAIN!!!!!!!!!!!!!,2026-04-09T18:22:01Z,42284,2904,437
2026-04-09T19:01:53+00:00,MnNF5wdXWQw,UCQHX6ViZmPsWiYSFAyS0a3Q,ABSOLUTELY UNBELIEVABLE. HE ACTUALLY WON AGAIN!!!!!!!!!!!!!,2026-04-09T18:22:01Z,42387,2928,441
2026-04-09T19:02:23+00:00,MnNF5wdXWQw,UCQHX6ViZmPsWiYSFAyS0a3Q,ABSOLUTELY UNBELIEVABLE. HE ACTUALLY WON AGAIN!!!!!!!!!!!!!,2026-04-09T18:22:01Z,43659,2964,442
2026-04-09T19:02:54+00:00,MnNF5wdXWQw,UCQHX6ViZmPsWiYSFAyS0a3Q,ABSOLUTELY UNBELIEVABLE. HE ACTUALLY WON AGAIN!!!!!!!!!!!!!,2026-04-09T18:22:01Z,43769,2991,445
2026-04-09T19:03:25+00:00,MnNF5wdXWQw,UCQHX6ViZmPsWiYSFAyS0a3Q,ABSOLUTELY UNBELIEVABLE. HE ACTUALLY WON AGAIN!!!!!!!!!!!!!,2026-04-09T18:22:01Z,44313,3020,451
2026-04-09T19:03:55+00:00,MnNF5wdXWQw,UCQHX6ViZmPsWiYSFAyS0a3Q,ABSOLUTELY UNBELIEVABLE. HE ACTUALLY WON AGAIN!!!!!!!!!!!!!,2026-04-09T18:22:01Z,45066,3068,455
2026-04-09T19:04:26+00:00,MnNF5wdXWQw,UCQHX6ViZmPsWiYSFAyS0a3Q,ABSOLUTELY UNBELIEVABLE. HE ACTUALLY WON AGAIN!!!!!!!!!!!!!,2026-04-09T18:22:01Z,45513,3100,455
2026-04-09T19:04:57+00:00,MnNF5wdXWQw,UCQHX6ViZmPsWiYSFAyS0a3Q,ABSOLUTELY UNBELIEVABLE. HE ACTUALLY WON AGAIN!!!!!!!!!!!!!,2026-04-09T18:22:01Z,45513,3126,456
2026-04-09T19:05:28+00:00,MnNF5wdXWQw,UCQHX6ViZmPsWiYSFAyS0a3Q,ABSOLUTELY UNBELIEVABLE. HE ACTUALLY WON AGAIN!!!!!!!!!!!!!,2026-04-09T18:22:01Z,46360,3151,456
2026-04-09T19:05:58+00:00,MnNF5wdXWQw,UCQHX6ViZmPsWiYSFAyS0a3Q,ABSOLUTELY UNBELIEVABLE. HE ACTUALLY WON AGAIN!!!!!!!!!!!!!,2026-04-09T18:22:01Z,46820,3178,460
2026-04-09T19:06:29+00:00,MnNF5wdXWQw,UCQHX6ViZmPsWiYSFAyS0a3Q,ABSOLUTELY UNBELIEVABLE. HE ACTUALLY WON AGAIN!!!!!!!!!!!!!,2026-04-09T18:22:01Z,47511,3207,461
2026-04-09T19:07:00+00:00,MnNF5wdXWQw,UCQHX6ViZmPsWiYSFAyS0a3Q,ABSOLUTELY UNBELIEVABLE. HE ACTUALLY WON AGAIN!!!!!!!!!!!!!,2026-04-09T18:22:01Z,47650,3233,464
2026-04-09T19:07:30+00:00,MnNF5wdXWQw,UCQHX6ViZmPsWiYSFAyS0a3Q,ABSOLUTELY UNBELIEVABLE. HE ACTUALLY WON AGAIN!!!!!!!!!!!!!,2026-04-09T18:22:01Z,48682,3264,466
2026-04-09T19:08:01+00:00,MnNF5wdXWQw,UCQHX6ViZmPsWiYSFAyS0a3Q,ABSOLUTELY UNBELIEVABLE. HE ACTUALLY WON AGAIN!!!!!!!!!!!!!,2026-04-09T18:22:01Z,48682,3296,467
2026-04-09T19:08:31+00:00,MnNF5wdXWQw,UCQHX6ViZmPsWiYSFAyS0a3Q,ABSOLUTELY UNBELIEVABLE. HE ACTUALLY WON AGAIN!!!!!!!!!!!!!,2026-04-09T18:22:01Z,48824,3329,468
2026-04-09T19:09:02+00:00,MnNF5wdXWQw,UCQHX6ViZmPsWiYSFAyS0a3Q,ABSOLUTELY UNBELIEVABLE. HE ACTUALLY WON AGAIN!!!!!!!!!!!!!,2026-04-09T18:22:01Z,49892,3354,476
2026-04-09T19:09:33+00:00,MnNF5wdXWQw,UCQHX6ViZmPsWiYSFAyS0a3Q,ABSOLUTELY UNBELIEVABLE. HE ACTUALLY WON AGAIN!!!!!!!!!!!!!,2026-04-09T18:22:01Z,49991,3377,480
2026-04-09T19:10:03+00:00,MnNF5wdXWQw,UCQHX6ViZmPsWiYSFAyS0a3Q,ABSOLUTELY UNBELIEVABLE. HE ACTUALLY WON AGAIN!!!!!!!!!!!!!,2026-04-09T18:22:01Z,50457,3410,482
2026-04-09T19:10:34+00:00,MnNF5wdXWQw,UCQHX6ViZmPsWiYSFAyS0a3Q,ABSOLUTELY UNBELIEVABLE. HE ACTUALLY WON AGAIN!!!!!!!!!!!!!,2026-04-09T18:22:01Z,50844,3434,484
2026-04-09T19:11:05+00:00,MnNF5wdXWQw,UCQHX6ViZmPsWiYSFAyS0a3Q,ABSOLUTELY UNBELIEVABLE. HE ACTUALLY WON AGAIN!!!!!!!!!!!!!,2026-04-09T18:22:01Z,51233,3468,484
2026-04-09T19:11:35+00:00,MnNF5wdXWQw,UCQHX6ViZmPsWiYSFAyS0a3Q,ABSOLUTELY UNBELIEVABLE. HE ACTUALLY WON AGAIN!!!!!!!!!!!!!,2026-04-09T18:22:01Z,51824,3507,484
2026-04-09T19:12:06+00:00,MnNF5wdXWQw,UCQHX6ViZmPsWiYSFAyS0a3Q,ABSOLUTELY UNBELIEVABLE. HE ACTUALLY WON AGAIN!!!!!!!!!!!!!,2026-04-09T18:22:01Z,52314,3534,484
2026-04-09T19:12:37+00:00,MnNF5wdXWQw,UCQHX6ViZmPsWiYSFAyS0a3Q,ABSOLUTELY UNBELIEVABLE. HE ACTUALLY WON AGAIN!!!!!!!!!!!!!,2026-04-09T18:22:01Z,52494,3555,484
2026-04-09T19:13:08+00:00,MnNF5wdXWQw,UCQHX6ViZmPsWiYSFAyS0a3Q,ABSOLUTELY UNBELIEVABLE. HE ACTUALLY WON AGAIN!!!!!!!!!!!!!,2026-04-09T18:22:01Z,52999,3580,484
2026-04-09T19:13:38+00:00,MnNF5wdXWQw,UCQHX6ViZmPsWiYSFAyS0a3Q,ABSOLUTELY UNBELIEVABLE. HE ACTUALLY WON AGAIN!!!!!!!!!!!!!,2026-04-09T18:22:01Z,53696,3607,484
2026-04-09T19:14:09+00:00,MnNF5wdXWQw,UCQHX6ViZmPsWiYSFAyS0a3Q,ABSOLUTELY UNBELIEVABLE. HE ACTUALLY WON AGAIN!!!!!!!!!!!!!,2026-04-09T18:22:01Z,54120,3640,484
2026-04-09T19:14:39+00:00,MnNF5wdXWQw,UCQHX6ViZmPsWiYSFAyS0a3Q,ABSOLUTELY UNBELIEVABLE. HE ACTUALLY WON AGAIN!!!!!!!!!!!!!,2026-04-09T18:22:01Z,54682,3663,484
2026-04-09T19:15:10+00:00,MnNF5wdXWQw,UCQHX6ViZmPsWiYSFAyS0a3Q,ABSOLUTELY UNBELIEVABLE. HE ACTUALLY WON AGAIN!!!!!!!!!!!!!,2026-04-09T18:22:01Z,54783,3679,484
2026-04-09T19:15:41+00:00,MnNF5wdXWQw,UCQHX6ViZmPsWiYSFAyS0a3Q,ABSOLUTELY UNBELIEVABLE. HE ACTUALLY WON AGAIN!!!!!!!!!!!!!,2026-04-09T18:22:01Z,55280,3703,484
2026-04-09T19:16:11+00:00,MnNF5wdXWQw,UCQHX6ViZmPsWiYSFAyS0a3Q,ABSOLUTELY UNBELIEVABLE. HE ACTUALLY WON AGAIN!!!!!!!!!!!!!,2026-04-09T18:22:01Z,55774,3737,484
2026-04-09T19:16:42+00:00,MnNF5wdXWQw,UCQHX6ViZmPsWiYSFAyS0a3Q,ABSOLUTELY UNBELIEVABLE. HE ACTUALLY WON AGAIN!!!!!!!!!!!!!,2026-04-09T18:22:01Z,55917,3764,484
2026-04-09T19:17:13+00:00,MnNF5wdXWQw,UCQHX6ViZmPsWiYSFAyS0a3Q,ABSOLUTELY UNBELIEVABLE. HE ACTUALLY WON AGAIN!!!!!!!!!!!!!,2026-04-09T18:22:01Z,56835,3792,484
2026-04-09T19:17:43+00:00,MnNF5wdXWQw,UCQHX6ViZmPsWiYSFAyS0a3Q,ABSOLUTELY UNBELIEVABLE. HE ACTUALLY WON AGAIN!!!!!!!!!!!!!,2026-04-09T18:22:01Z,56947,3819,484
2026-04-09T19:18:14+00:00,MnNF5wdXWQw,UCQHX6ViZmPsWiYSFAyS0a3Q,ABSOLUTELY UNBELIEVABLE. HE ACTUALLY WON AGAIN!!!!!!!!!!!!!,2026-04-09T18:22:01Z,57360,3843,484
2026-04-09T19:18:44+00:00,MnNF5wdXWQw,UCQHX6ViZmPsWiYSFAyS0a3Q,ABSOLUTELY UNBELIEVABLE. HE ACTUALLY WON AGAIN!!!!!!!!!!!!!,2026-04-09T18:22:01Z,57901,3863,542
2026-04-09T19:19:15+00:00,MnNF5wdXWQw,UCQHX6ViZmPsWiYSFAyS0a3Q,ABSOLUTELY UNBELIEVABLE. HE ACTUALLY WON AGAIN!!!!!!!!!!!!!,2026-04-09T18:22:01Z,58043,3887,549
2026-04-09T19:19:46+00:00,MnNF5wdXWQw,UCQHX6ViZmPsWiYSFAyS0a3Q,ABSOLUTELY UNBELIEVABLE. HE ACTUALLY WON AGAIN!!!!!!!!!!!!!,2026-04-09T18:22:01Z,58043,3925,556
2026-04-09T19:20:17+00:00,MnNF5wdXWQw,UCQHX6ViZmPsWiYSFAyS0a3Q,ABSOLUTELY UNBELIEVABLE. HE ACTUALLY WON AGAIN!!!!!!!!!!!!!,2026-04-09T18:22:01Z,58973,3948,562
2026-04-09T19:20:47+00:00,MnNF5wdXWQw,UCQHX6ViZmPsWiYSFAyS0a3Q,ABSOLUTELY UNBELIEVABLE. HE ACTUALLY WON AGAIN!!!!!!!!!!!!!,2026-04-09T18:22:01Z,59545,3973,566
2026-04-09T19:21:18+00:00,MnNF5wdXWQw,UCQHX6ViZmPsWiYSFAyS0a3Q,ABSOLUTELY UNBELIEVABLE. HE ACTUALLY WON AGAIN!!!!!!!!!!!!!,2026-04-09T18:22:01Z,60021,3994,567
2026-04-09T19:21:48+00:00,MnNF5wdXWQw,UCQHX6ViZmPsWiYSFAyS0a3Q,ABSOLUTELY UNBELIEVABLE. HE ACTUALLY WON AGAIN!!!!!!!!!!!!!,2026-04-09T18:22:01Z,60126,4026,569
2026-04-09T19:22:19+00:00,MnNF5wdXWQw,UCQHX6ViZmPsWiYSFAyS0a3Q,ABSOLUTELY UNBELIEVABLE. HE ACTUALLY WON AGAIN!!!!!!!!!!!!!,2026-04-09T18:22:01Z,60559,4053,573
2026-04-09T19:22:50+00:00,MnNF5wdXWQw,UCQHX6ViZmPsWiYSFAyS0a3Q,ABSOLUTELY UNBELIEVABLE. HE ACTUALLY WON AGAIN!!!!!!!!!!!!!,2026-04-09T18:22:01Z,61007,4073,576
2026-04-09T19:23:20+00:00,MnNF5wdXWQw,UCQHX6ViZmPsWiYSFAyS0a3Q,ABSOLUTELY UNBELIEVABLE. HE ACTUALLY WON AGAIN!!!!!!!!!!!!!,2026-04-09T18:22:01Z,61159,4094,580
2026-04-09T19:23:51+00:00,MnNF5wdXWQw,UCQHX6ViZmPsWiYSFAyS0a3Q,ABSOLUTELY UNBELIEVABLE. HE ACTUALLY WON AGAIN!!!!!!!!!!!!!,2026-04-09T18:22:01Z,61542,4122,583
2026-04-09T19:24:22+00:00,MnNF5wdXWQw,UCQHX6ViZmPsWiYSFAyS0a3Q,ABSOLUTELY UNBELIEVABLE. HE ACTUALLY WON AGAIN!!!!!!!!!!!!!,2026-04-09T18:22:01Z,62012,4151,585
2026-04-09T19:24:52+00:00,MnNF5wdXWQw,UCQHX6ViZmPsWiYSFAyS0a3Q,ABSOLUTELY UNBELIEVABLE. HE ACTUALLY WON AGAIN!!!!!!!!!!!!!,2026-04-09T18:22:01Z,62484,4183,587
2026-04-09T19:25:23+00:00,MnNF5wdXWQw,UCQHX6ViZmPsWiYSFAyS0a3Q,ABSOLUTELY UNBELIEVABLE. HE ACTUALLY WON AGAIN!!!!!!!!!!!!!,2026-04-09T18:22:01Z,62484,4215,587
2026-04-09T19:25:53+00:00,MnNF5wdXWQw,UCQHX6ViZmPsWiYSFAyS0a3Q,ABSOLUTELY UNBELIEVABLE. HE ACTUALLY WON AGAIN!!!!!!!!!!!!!,2026-04-09T18:22:01Z,63065,4231,590
2026-04-09T19:26:24+00:00,MnNF5wdXWQw,UCQHX6ViZmPsWiYSFAyS0a3Q,ABSOLUTELY UNBELIEVABLE. HE ACTUALLY WON AGAIN!!!!!!!!!!!!!,2026-04-09T18:22:01Z,63457,4264,594
2026-04-09T19:26:55+00:00,MnNF5wdXWQw,UCQHX6ViZmPsWiYSFAyS0a3Q,ABSOLUTELY UNBELIEVABLE. HE ACTUALLY WON AGAIN!!!!!!!!!!!!!,2026-04-09T18:22:01Z,63898,4291,596
2026-04-09T19:27:25+00:00,MnNF5wdXWQw,UCQHX6ViZmPsWiYSFAyS0a3Q,ABSOLUTELY UNBELIEVABLE. HE ACTUALLY WON AGAIN!!!!!!!!!!!!!,2026-04-09T18:22:01Z,64116,4315,598
2026-04-09T19:27:56+00:00,MnNF5wdXWQw,UCQHX6ViZmPsWiYSFAyS0a3Q,ABSOLUTELY UNBELIEVABLE. HE ACTUALLY WON AGAIN!!!!!!!!!!!!!,2026-04-09T18:22:01Z,64874,4356,603
2026-04-09T19:28:27+00:00,MnNF5wdXWQw,UCQHX6ViZmPsWiYSFAyS0a3Q,ABSOLUTELY UNBELIEVABLE. HE ACTUALLY WON AGAIN!!!!!!!!!!!!!,2026-04-09T18:22:01Z,64874,4382,606
2026-04-09T19:28:57+00:00,MnNF5wdXWQw,UCQHX6ViZmPsWiYSFAyS0a3Q,ABSOLUTELY UNBELIEVABLE. HE ACTUALLY WON AGAIN!!!!!!!!!!!!!,2026-04-09T18:22:01Z,65409,4412,608
2026-04-09T19:29:28+00:00,MnNF5wdXWQw,UCQHX6ViZmPsWiYSFAyS0a3Q,ABSOLUTELY UNBELIEVABLE. HE ACTUALLY WON AGAIN!!!!!!!!!!!!!,2026-04-09T18:22:01Z,65816,4438,610
2026-04-09T19:29:59+00:00,MnNF5wdXWQw,UCQHX6ViZmPsWiYSFAyS0a3Q,ABSOLUTELY UNBELIEVABLE. HE ACTUALLY WON AGAIN!!!!!!!!!!!!!,2026-04-09T18:22:01Z,65936,4461,613
2026-04-09T19:30:30+00:00,MnNF5wdXWQw,UCQHX6ViZmPsWiYSFAyS0a3Q,ABSOLUTELY UNBELIEVABLE. HE ACTUALLY WON AGAIN!!!!!!!!!!!!!,2026-04-09T18:22:01Z,66748,4487,616
2026-04-09T19:31:00+00:00,MnNF5wdXWQw,UCQHX6ViZmPsWiYSFAyS0a3Q,ABSOLUTELY UNBELIEVABLE. HE ACTUALLY WON AGAIN!!!!!!!!!!!!!,2026-04-09T18:22:01Z,66748,4504,621
2026-04-09T19:31:31+00:00,MnNF5wdXWQw,UCQHX6ViZmPsWiYSFAyS0a3Q,ABSOLUTELY UNBELIEVABLE. HE ACTUALLY WON AGAIN!!!!!!!!!!!!!,2026-04-09T18:22:01Z,66821,4533,625
2026-04-09T19:32:02+00:00,MnNF5wdXWQw,UCQHX6ViZmPsWiYSFAyS0a3Q,ABSOLUTELY UNBELIEVABLE. HE ACTUALLY WON AGAIN!!!!!!!!!!!!!,2026-04-09T18:22:01Z,67607,4561,627
2026-04-09T19:32:32+00:00,MnNF5wdXWQw,UCQHX6ViZmPsWiYSFAyS0a3Q,ABSOLUTELY UNBELIEVABLE. HE ACTUALLY WON AGAIN!!!!!!!!!!!!!,2026-04-09T18:22:01Z,67709,4590,628
2026-04-09T19:33:03+00:00,MnNF5wdXWQw,UCQHX6ViZmPsWiYSFAyS0a3Q,ABSOLUTELY UNBELIEVABLE. HE ACTUALLY WON AGAIN!!!!!!!!!!!!!,2026-04-09T18:22:01Z,68044,4613,629
2026-04-09T19:33:34+00:00,MnNF5wdXWQw,UCQHX6ViZmPsWiYSFAyS0a3Q,ABSOLUTELY UNBELIEVABLE. HE ACTUALLY WON AGAIN!!!!!!!!!!!!!,2026-04-09T18:22:01Z,68432,4634,630
2026-04-09T19:34:04+00:00,MnNF5wdXWQw,UCQHX6ViZmPsWiYSFAyS0a3Q,ABSOLUTELY UNBELIEVABLE. HE ACTUALLY WON AGAIN!!!!!!!!!!!!!,2026-04-09T18:22:01Z,68538,4668,635
2026-04-09T19:34:35+00:00,MnNF5wdXWQw,UCQHX6ViZmPsWiYSFAyS0a3Q,ABSOLUTELY UNBELIEVABLE. HE ACTUALLY WON AGAIN!!!!!!!!!!!!!,2026-04-09T18:22:01Z,68912,4684,635
2026-04-09T19:35:05+00:00,MnNF5wdXWQw,UCQHX6ViZmPsWiYSFAyS0a3Q,ABSOLUTELY UNBELIEVABLE. HE ACTUALLY WON AGAIN!!!!!!!!!!!!!,2026-04-09T18:22:01Z,69413,4711,639
2026-04-09T19:35:36+00:00,MnNF5wdXWQw,UCQHX6ViZmPsWiYSFAyS0a3Q,ABSOLUTELY UNBELIEVABLE. HE ACTUALLY WON AGAIN!!!!!!!!!!!!!,2026-04-09T18:22:01Z,69810,4740,642
2026-04-09T19:36:07+00:00,MnNF5wdXWQw,UCQHX6ViZmPsWiYSFAyS0a3Q,ABSOLUTELY UNBELIEVABLE. HE ACTUALLY WON AGAIN!!!!!!!!!!!!!,2026-04-09T18:22:01Z,70234,4768,646
2026-04-09T19:36:37+00:00,MnNF5wdXWQw,UCQHX6ViZmPsWiYSFAyS0a3Q,ABSOLUTELY UNBELIEVABLE. HE ACTUALLY WON AGAIN!!!!!!!!!!!!!,2026-04-09T18:22:01Z,70349,4787,647
2026-04-09T19:37:08+00:00,MnNF5wdXWQw,UCQHX6ViZmPsWiYSFAyS0a3Q,ABSOLUTELY UNBELIEVABLE. HE ACTUALLY WON AGAIN!!!!!!!!!!!!!,2026-04-09T18:22:01Z,70726,4812,648
2026-04-09T19:37:39+00:00,MnNF5wdXWQw,UCQHX6ViZmPsWiYSFAyS0a3Q,ABSOLUTELY UNBELIEVABLE. HE ACTUALLY WON AGAIN!!!!!!!!!!!!!,2026-04-09T18:22:01Z,71380,4829,650
2026-04-09T19:38:09+00:00,MnNF5wdXWQw,UCQHX6ViZmPsWiYSFAyS0a3Q,ABSOLUTELY UNBELIEVABLE. HE ACTUALLY WON AGAIN!!!!!!!!!!!!!,2026-04-09T18:22:01Z,71509,4853,651
2026-04-09T19:38:40+00:00,MnNF5wdXWQw,UCQHX6ViZmPsWiYSFAyS0a3Q,ABSOLUTELY UNBELIEVABLE. HE ACTUALLY WON AGAIN!!!!!!!!!!!!!,2026-04-09T18:22:01Z,71920,4872,655
2026-04-09T19:39:11+00:00,MnNF5wdXWQw,UCQHX6ViZmPsWiYSFAyS0a3Q,ABSOLUTELY UNBELIEVABLE. HE ACTUALLY WON AGAIN!!!!!!!!!!!!!,2026-04-09T18:22:01Z,72269,4893,655
2026-04-09T19:39:41+00:00,MnNF5wdXWQw,UCQHX6ViZmPsWiYSFAyS0a3Q,ABSOLUTELY UNBELIEVABLE. HE ACTUALLY WON AGAIN!!!!!!!!!!!!!,2026-04-09T18:22:01Z,72269,4918,657
2026-04-09T19:40:12+00:00,MnNF5wdXWQw,UCQHX6ViZmPsWiYSFAyS0a3Q,ABSOLUTELY UNBELIEVABLE. HE ACTUALLY WON AGAIN!!!!!!!!!!!!!,2026-04-09T18:22:01Z,72961,4946,658
2026-04-09T19:40:43+00:00,MnNF5wdXWQw,UCQHX6ViZmPsWiYSFAyS0a3Q,ABSOLUTELY UNBELIEVABLE. HE ACTUALLY WON AGAIN!!!!!!!!!!!!!,2026-04-09T18:22:01Z,72961,4967,660
2026-04-09T19:41:13+00:00,MnNF5wdXWQw,UCQHX6ViZmPsWiYSFAyS0a3Q,ABSOLUTELY UNBELIEVABLE. HE ACTUALLY WON AGAIN!!!!!!!!!!!!!,2026-04-09T18:22:01Z,73348,4982,663
2026-04-09T19:41:44+00:00,MnNF5wdXWQw,UCQHX6ViZmPsWiYSFAyS0a3Q,ABSOLUTELY UNBELIEVABLE. HE ACTUALLY WON AGAIN!!!!!!!!!!!!!,2026-04-09T18:22:01Z,73705,5005,663
2026-04-09T19:42:15+00:00,MnNF5wdXWQw,UCQHX6ViZmPsWiYSFAyS0a3Q,ABSOLUTELY UNBELIEVABLE. HE ACTUALLY WON AGAIN!!!!!!!!!!!!!,2026-04-09T18:22:01Z,73959,5028,664
2026-04-09T19:42:46+00:00,MnNF5wdXWQw,UCQHX6ViZmPsWiYSFAyS0a3Q,ABSOLUTELY UNBELIEVABLE. HE ACTUALLY WON AGAIN!!!!!!!!!!!!!,2026-04-09T18:22:01Z,74086,5046,664
2026-04-09T19:43:16+00:00,MnNF5wdXWQw,UCQHX6ViZmPsWiYSFAyS0a3Q,ABSOLUTELY UNBELIEVABLE. HE ACTUALLY WON AGAIN!!!!!!!!!!!!!,2026-04-09T18:22:01Z,74410,5070,664
2026-04-09T19:43:47+00:00,MnNF5wdXWQw,UCQHX6ViZmPsWiYSFAyS0a3Q,ABSOLUTELY UNBELIEVABLE. HE ACTUALLY WON AGAIN!!!!!!!!!!!!!,2026-04-09T18:22:01Z,74439,5099,665
2026-04-09T19:44:17+00:00,MnNF5wdXWQw,UCQHX6ViZmPsWiYSFAyS0a3Q,ABSOLUTELY UNBELIEVABLE. HE ACTUALLY WON AGAIN!!!!!!!!!!!!!,2026-04-09T18:22:01Z,74816,5125,665
2026-04-09T19:44:48+00:00,MnNF5wdXWQw,UCQHX6ViZmPsWiYSFAyS0a3Q,ABSOLUTELY UNBELIEVABLE. HE ACTUALLY WON AGAIN!!!!!!!!!!!!!,2026-04-09T18:22:01Z,75194,5157,667
2026-04-09T19:45:19+00:00,MnNF5wdXWQw,UCQHX6ViZmPsWiYSFAyS0a3Q,ABSOLUTELY UNBELIEVABLE. HE ACTUALLY WON AGAIN!!!!!!!!!!!!!,2026-04-09T18:22:01Z,75812,5183,669
2026-04-09T19:45:50+00:00,MnNF5wdXWQw,UCQHX6ViZmPsWiYSFAyS0a3Q,ABSOLUTELY UNBELIEVABLE. HE ACTUALLY WON AGAIN!!!!!!!!!!!!!,2026-04-09T18:22:01Z,75883,5211,670
2026-04-09T19:46:20+00:00,MnNF5wdXWQw,UCQHX6ViZmPsWiYSFAyS0a3Q,ABSOLUTELY UNBELIEVABLE. HE ACTUALLY WON AGAIN!!!!!!!!!!!!!,2026-04-09T18:22:01Z,76210,5229,670
2026-04-09T19:46:51+00:00,MnNF5wdXWQw,UCQHX6ViZmPsWiYSFAyS0a3Q,ABSOLUTELY UNBELIEVABLE. HE ACTUALLY WON AGAIN!!!!!!!!!!!!!,2026-04-09T18:22:01Z,76624,5249,672
2026-04-09T19:47:21+00:00,MnNF5wdXWQw,UCQHX6ViZmPsWiYSFAyS0a3Q,ABSOLUTELY UNBELIEVABLE. HE ACTUALLY WON AGAIN!!!!!!!!!!!!!,2026-04-09T18:22:01Z,76624,5272,674
2026-04-09T19:47:52+00:00,MnNF5wdXWQw,UCQHX6ViZmPsWiYSFAyS0a3Q,ABSOLUTELY UNBELIEVABLE. HE ACTUALLY WON AGAIN!!!!!!!!!!!!!,2026-04-09T18:22:01Z,77275,5296,675
2026-04-09T19:48:23+00:00,MnNF5wdXWQw,UCQHX6ViZmPsWiYSFAyS0a3Q,ABSOLUTELY UNBELIEVABLE. HE ACTUALLY WON AGAIN!!!!!!!!!!!!!,2026-04-09T18:22:01Z,77312,5316,676
2026-04-09T19:48:53+00:00,MnNF5wdXWQw,UCQHX6ViZmPsWiYSFAyS0a3Q,ABSOLUTELY UNBELIEVABLE. HE ACTUALLY WON AGAIN!!!!!!!!!!!!!,2026-04-09T18:22:01Z,77651,5347,677
2026-04-09T19:49:24+00:00,MnNF5wdXWQw,UCQHX6ViZmPsWiYSFAyS0a3Q,ABSOLUTELY UNBELIEVABLE. HE ACTUALLY WON AGAIN!!!!!!!!!!!!!,2026-04-09T18:22:01Z,77954,5367,679
2026-04-09T19:49:55+00:00,MnNF5wdXWQw,UCQHX6ViZmPsWiYSFAyS0a3Q,ABSOLUTELY UNBELIEVABLE. HE ACTUALLY WON AGAIN!!!!!!!!!!!!!,2026-04-09T18:22:01Z,78290,5387,680
2026-04-09T19:50:25+00:00,MnNF5wdXWQw,UCQHX6ViZmPsWiYSFAyS0a3Q,ABSOLUTELY UNBELIEVABLE. HE ACTUALLY WON AGAIN!!!!!!!!!!!!!,2026-04-09T18:22:01Z,78584,5406,681
2026-04-09T19:50:56+00:00,MnNF5wdXWQw,UCQHX6ViZmPsWiYSFAyS0a3Q,ABSOLUTELY UNBELIEVABLE. HE ACTUALLY WON AGAIN!!!!!!!!!!!!!,2026-04-09T18:22:01Z,78590,5435,684
2026-04-09T19:51:27+00:00,MnNF5wdXWQw,UCQHX6ViZmPsWiYSFAyS0a3Q,ABSOLUTELY UNBELIEVABLE. HE ACTUALLY WON AGAIN!!!!!!!!!!!!!,2026-04-09T18:22:01Z,78917,5445,685
2026-04-09T19:51:57+00:00,MnNF5wdXWQw,UCQHX6ViZmPsWiYSFAyS0a3Q,ABSOLUTELY UNBELIEVABLE. HE ACTUALLY WON AGAIN!!!!!!!!!!!!!,2026-04-09T18:22:01Z,78917,5482,686
2026-04-09T19:52:28+00:00,MnNF5wdXWQw,UCQHX6ViZmPsWiYSFAyS0a3Q,ABSOLUTELY UNBELIEVABLE. HE ACTUALLY WON AGAIN!!!!!!!!!!!!!,2026-04-09T18:22:01Z,79222,5503,688
2026-04-09T19:52:59+00:00,MnNF5wdXWQw,UCQHX6ViZmPsWiYSFAyS0a3Q,ABSOLUTELY UNBELIEVABLE. HE ACTUALLY WON AGAIN!!!!!!!!!!!!!,2026-04-09T18:22:01Z,79839,5533,691
2026-04-09T19:53:30+00:00,MnNF5wdXWQw,UCQHX6ViZmPsWiYSFAyS0a3Q,ABSOLUTELY UNBELIEVABLE. HE ACTUALLY WON AGAIN!!!!!!!!!!!!!,2026-04-09T18:22:01Z,79894,5548,692
2026-04-09T19:54:00+00:00,MnNF5wdXWQw,UCQHX6ViZmPsWiYSFAyS0a3Q,ABSOLUTELY UNBELIEVABLE. HE ACTUALLY WON AGAIN!!!!!!!!!!!!!,2026-04-09T18:22:01Z,80195,5569,694
2026-04-09T19:54:31+00:00,MnNF5wdXWQw,UCQHX6ViZmPsWiYSFAyS0a3Q,ABSOLUTELY UNBELIEVABLE. HE ACTUALLY WON AGAIN!!!!!!!!!!!!!,2026-04-09T18:22:01Z,80494,5595,695
2026-04-09T19:55:02+00:00,MnNF5wdXWQw,UCQHX6ViZmPsWiYSFAyS0a3Q,ABSOLUTELY UNBELIEVABLE. HE ACTUALLY WON AGAIN!!!!!!!!!!!!!,2026-04-09T18:22:01Z,80787,5611,697
2026-04-09T19:55:32+00:00,MnNF5wdXWQw,UCQHX6ViZmPsWiYSFAyS0a3Q,ABSOLUTELY UNBELIEVABLE. HE ACTUALLY WON AGAIN!!!!!!!!!!!!!,2026-04-09T18:22:01Z,81096,5638,697
2026-04-09T19:56:03+00:00,MnNF5wdXWQw,UCQHX6ViZmPsWiYSFAyS0a3Q,ABSOLUTELY UNBELIEVABLE. HE ACTUALLY WON AGAIN!!!!!!!!!!!!!,2026-04-09T18:22:01Z,81300,5661,697
2026-04-09T19:56:33+00:00,MnNF5wdXWQw,UCQHX6ViZmPsWiYSFAyS0a3Q,ABSOLUTELY UNBELIEVABLE. HE ACTUALLY WON AGAIN!!!!!!!!!!!!!,2026-04-09T18:22:01Z,81619,5681,697
2026-04-09T19:57:04+00:00,MnNF5wdXWQw,UCQHX6ViZmPsWiYSFAyS0a3Q,ABSOLUTELY UNBELIEVABLE. HE ACTUALLY WON AGAIN!!!!!!!!!!!!!,2026-04-09T18:22:01Z,81872,5694,699
2026-04-09T19:57:35+00:00,MnNF5wdXWQw,UCQHX6ViZmPsWiYSFAyS0a3Q,ABSOLUTELY UNBELIEVABLE. HE ACTUALLY WON AGAIN!!!!!!!!!!!!!,2026-04-09T18:22:01Z,82208,5714,702
2026-04-09T19:58:05+00:00,MnNF5wdXWQw,UCQHX6ViZmPsWiYSFAyS0a3Q,ABSOLUTELY UNBELIEVABLE. HE ACTUALLY WON AGAIN!!!!!!!!!!!!!,2026-04-09T18:22:01Z,82485,5730,702
2026-04-09T19:58:36+00:00,MnNF5wdXWQw,UCQHX6ViZmPsWiYSFAyS0a3Q,ABSOLUTELY UNBELIEVABLE. HE ACTUALLY WON AGAIN!!!!!!!!!!!!!,2026-04-09T18:22:01Z,82485,5753,703
2026-04-09T19:59:06+00:00,MnNF5wdXWQw,UCQHX6ViZmPsWiYSFAyS0a3Q,ABSOLUTELY UNBELIEVABLE. HE ACTUALLY WON AGAIN!!!!!!!!!!!!!,2026-04-09T18:22:01Z,82748,5778,705
2026-04-09T19:59:37+00:00,MnNF5wdXWQw,UCQHX6ViZmPsWiYSFAyS0a3Q,ABSOLUTELY UNBELIEVABLE. HE ACTUALLY WON AGAIN!!!!!!!!!!!!!,2026-04-09T18:22:01Z,83081,5803,705
2026-04-09T20:00:08+00:00,MnNF5wdXWQw,UCQHX6ViZmPsWiYSFAyS0a3Q,ABSOLUTELY UNBELIEVABLE. HE ACTUALLY WON AGAIN!!!!!!!!!!!!!,2026-04-09T18:22:01Z,83081,5833,705
2026-04-09T20:00:38+00:00,MnNF5wdXWQw,UCQHX6ViZmPsWiYSFAyS0a3Q,ABSOLUTELY UNBELIEVABLE. HE ACTUALLY WON AGAIN!!!!!!!!!!!!!,2026-04-09T18:22:01Z,83649,5855,705
2026-04-09T20:01:09+00:00,MnNF5wdXWQw,UCQHX6ViZmPsWiYSFAyS0a3Q,ABSOLUTELY UNBELIEVABLE. HE ACTUALLY WON AGAIN!!!!!!!!!!!!!,2026-04-09T18:22:01Z,84132,5872,705
2026-04-09T20:01:40+00:00,MnNF5wdXWQw,UCQHX6ViZmPsWiYSFAyS0a3Q,ABSOLUTELY UNBELIEVABLE. HE ACTUALLY WON AGAIN!!!!!!!!!!!!!,2026-04-09T18:22:01Z,84176,5890,706
2026-04-09T20:02:13+00:00,MnNF5wdXWQw,UCQHX6ViZmPsWiYSFAyS0a3Q,ABSOLUTELY UNBELIEVABLE. HE ACTUALLY WON AGAIN!!!!!!!!!!!!!,2026-04-09T18:22:01Z,84444,5917,706
2026-04-09T20:02:41+00:00,MnNF5wdXWQw,UCQHX6ViZmPsWiYSFAyS0a3Q,ABSOLUTELY UNBELIEVABLE. HE ACTUALLY WON AGAIN!!!!!!!!!!!!!,2026-04-09T18:22:01Z,84680,5943,706
2026-04-09T20:03:12+00:00,MnNF5wdXWQw,UCQHX6ViZmPsWiYSFAyS0a3Q,ABSOLUTELY UNBELIEVABLE. HE ACTUALLY WON AGAIN!!!!!!!!!!!!!,2026-04-09T18:22:01Z,84972,5964,707
2026-04-09T20:03:43+00:00,MnNF5wdXWQw,UCQHX6ViZmPsWiYSFAyS0a3Q,ABSOLUTELY UNBELIEVABLE. HE ACTUALLY WON AGAIN!!!!!!!!!!!!!,2026-04-09T18:22:01Z,85214,5981,708
2026-04-09T20:04:13+00:00,MnNF5wdXWQw,UCQHX6ViZmPsWiYSFAyS0a3Q,ABSOLUTELY UNBELIEVABLE. HE ACTUALLY WON AGAIN!!!!!!!!!!!!!,2026-04-09T18:22:01Z,85312,5994,712
2026-04-09T20:04:44+00:00,MnNF5wdXWQw,UCQHX6ViZmPsWiYSFAyS0a3Q,ABSOLUTELY UNBELIEVABLE. HE ACTUALLY WON AGAIN!!!!!!!!!!!!!,2026-04-09T18:22:01Z,85550,6011,711
2026-04-09T20:05:15+00:00,MnNF5wdXWQw,UCQHX6ViZmPsWiYSFAyS0a3Q,ABSOLUTELY UNBELIEVABLE. HE ACTUALLY WON AGAIN!!!!!!!!!!!!!,2026-04-09T18:22:01Z,85799,6031,712
2026-04-09T20:05:45+00:00,MnNF5wdXWQw,UCQHX6ViZmPsWiYSFAyS0a3Q,ABSOLUTELY UNBELIEVABLE. HE ACTUALLY WON AGAIN!!!!!!!!!!!!!,2026-04-09T18:22:01Z,86002,6049,713
2026-04-09T20:06:16+00:00,MnNF5wdXWQw,UCQHX6ViZmPsWiYSFAyS0a3Q,ABSOLUTELY UNBELIEVABLE. HE ACTUALLY WON AGAIN!!!!!!!!!!!!!,2026-04-09T18:22:01Z,87743,6074,713
2026-04-09T20:06:47+00:00,MnNF5wdXWQw,UCQHX6ViZmPsWiYSFAyS0a3Q,ABSOLUTELY UNBELIEVABLE. HE ACTUALLY WON AGAIN!!!!!!!!!!!!!,2026-04-09T18:22:01Z,88047,6087,714
2026-04-09T20:07:17+00:00,MnNF5wdXWQw,UCQHX6ViZmPsWiYSFAyS0a3Q,ABSOLUTELY UNBELIEVABLE. HE ACTUALLY WON AGAIN!!!!!!!!!!!!!,2026-04-09T18:22:01Z,88327,6099,715
2026-04-09T20:07:48+00:00,MnNF5wdXWQw,UCQHX6ViZmPsWiYSFAyS0a3Q,ABSOLUTELY UNBELIEVABLE. HE ACTUALLY WON AGAIN!!!!!!!!!!!!!,2026-04-09T18:22:01Z,88526,6126,716
2026-04-09T20:08:19+00:00,MnNF5wdXWQw,UCQHX6ViZmPsWiYSFAyS0a3Q,ABSOLUTELY UNBELIEVABLE. HE ACTUALLY WON AGAIN!!!!!!!!!!!!!,2026-04-09T18:22:01Z,88595,6143,716
2026-04-09T20:08:50+00:00,MnNF5wdXWQw,UCQHX6ViZmPsWiYSFAyS0a3Q,ABSOLUTELY UNBELIEVABLE. HE ACTUALLY WON AGAIN!!!!!!!!!!!!!,2026-04-09T18:22:01Z,88835,6160,717
2026-04-09T20:09:20+00:00,MnNF5wdXWQw,UCQHX6ViZmPsWiYSFAyS0a3Q,ABSOLUTELY UNBELIEVABLE. HE ACTUALLY WON AGAIN!!!!!!!!!!!!!,2026-04-09T18:22:01Z,89104,6185,717
2026-04-09T20:09:51+00:00,MnNF5wdXWQw,UCQHX6ViZmPsWiYSFAyS0a3Q,ABSOLUTELY UNBELIEVABLE. HE ACTUALLY WON AGAIN!!!!!!!!!!!!!,2026-04-09T18:22:01Z,89119,6213,718
2026-04-09T20:10:22+00:00,MnNF5wdXWQw,UCQHX6ViZmPsWiYSFAyS0a3Q,ABSOLUTELY UNBELIEVABLE. HE ACTUALLY WON AGAIN!!!!!!!!!!!!!,2026-04-09T18:22:01Z,89346,6226,721
2026-04-09T20:10:52+00:00,MnNF5wdXWQw,UCQHX6ViZmPsWiYSFAyS0a3Q,ABSOLUTELY UNBELIEVABLE. HE ACTUALLY WON AGAIN!!!!!!!!!!!!!,2026-04-09T18:22:01Z,89635,6247,722
2026-04-09T20:11:23+00:00,MnNF5wdXWQw,UCQHX6ViZmPsWiYSFAyS0a3Q,ABSOLUTELY UNBELIEVABLE. HE ACTUALLY WON AGAIN!!!!!!!!!!!!!,2026-04-09T18:22:01Z,91022,6263,723
2026-04-09T20:11:53+00:00,MnNF5wdXWQw,UCQHX6ViZmPsWiYSFAyS0a3Q,ABSOLUTELY UNBELIEVABLE. HE ACTUALLY WON AGAIN!!!!!!!!!!!!!,2026-04-09T18:22:01Z,91274,6278,724
2026-04-09T20:12:24+00:00,MnNF5wdXWQw,UCQHX6ViZmPsWiYSFAyS0a3Q,ABSOLUTELY UNBELIEVABLE. HE ACTUALLY WON AGAIN!!!!!!!!!!!!!,2026-04-09T18:22:01Z,91274,6298,728
2026-04-09T20:12:55+00:00,MnNF5wdXWQw,UCQHX6ViZmPsWiYSFAyS0a3Q,ABSOLUTELY UNBELIEVABLE. HE ACTUALLY WON AGAIN!!!!!!!!!!!!!,2026-04-09T18:22:01Z,91467,6317,729
2026-04-09T20:13:25+00:00,MnNF5wdXWQw,UCQHX6ViZmPsWiYSFAyS0a3Q,ABSOLUTELY UNBELIEVABLE. HE ACTUALLY WON AGAIN!!!!!!!!!!!!!,2026-04-09T18:22:01Z,91750,6340,732
2026-04-09T20:13:56+00:00,MnNF5wdXWQw,UCQHX6ViZmPsWiYSFAyS0a3Q,ABSOLUTELY UNBELIEVABLE. HE ACTUALLY WON AGAIN!!!!!!!!!!!!!,2026-04-09T18:22:01Z,91750,6360,732
2026-04-09T20:14:27+00:00,MnNF5wdXWQw,UCQHX6ViZmPsWiYSFAyS0a3Q,ABSOLUTELY UNBELIEVABLE. HE ACTUALLY WON AGAIN!!!!!!!!!!!!!,2026-04-09T18:22:01Z,92228,6385,734
2026-04-09T20:14:57+00:00,MnNF5wdXWQw,UCQHX6ViZmPsWiYSFAyS0a3Q,ABSOLUTELY UNBELIEVABLE. HE ACTUALLY WON AGAIN!!!!!!!!!!!!!,2026-04-09T18:22:01Z,92228,6411,736
2026-04-09T20:15:28+00:00,MnNF5wdXWQw,UCQHX6ViZmPsWiYSFAyS0a3Q,ABSOLUTELY UNBELIEVABLE. HE ACTUALLY WON AGAIN!!!!!!!!!!!!!,2026-04-09T18:22:01Z,92454,6437,736
2026-04-09T20:15:59+00:00,MnNF5wdXWQw,UCQHX6ViZmPsWiYSFAyS0a3Q,ABSOLUTELY UNBELIEVABLE. HE ACTUALLY WON AGAIN!!!!!!!!!!!!!,2026-04-09T18:22:01Z,93990,6457,737
2026-04-09T20:16:30+00:00,MnNF5wdXWQw,UCQHX6ViZmPsWiYSFAyS0a3Q,ABSOLUTELY UNBELIEVABLE. HE ACTUALLY WON AGAIN!!!!!!!!!!!!!,2026-04-09T18:22:01Z,94237,6471,738
2026-04-09T20:17:00+00:00,MnNF5wdXWQw,UCQHX6ViZmPsWiYSFAyS0a3Q,ABSOLUTELY UNBELIEVABLE. HE ACTUALLY WON AGAIN!!!!!!!!!!!!!,2026-04-09T18:22:01Z,94622,6490,740
2026-04-09T20:17:31+00:00,MnNF5wdXWQw,UCQHX6ViZmPsWiYSFAyS0a3Q,ABSOLUTELY UNBELIEVABLE. HE ACTUALLY WON AGAIN!!!!!!!!!!!!!,2026-04-09T18:22:01Z,94716,6508,744
2026-04-09T20:18:01+00:00,MnNF5wdXWQw,UCQHX6ViZmPsWiYSFAyS0a3Q,ABSOLUTELY UNBELIEVABLE. HE ACTUALLY WON AGAIN!!!!!!!!!!!!!,2026-04-09T18:22:01Z,94944,6527,745
2026-04-09T20:18:32+00:00,MnNF5wdXWQw,UCQHX6ViZmPsWiYSFAyS0a3Q,ABSOLUTELY UNBELIEVABLE. HE ACTUALLY WON AGAIN!!!!!!!!!!!!!,2026-04-09T18:22:01Z,95209,6539,747
2026-04-09T20:19:03+00:00,MnNF5wdXWQw,UCQHX6ViZmPsWiYSFAyS0a3Q,ABSOLUTELY UNBELIEVABLE. HE ACTUALLY WON AGAIN!!!!!!!!!!!!!,2026-04-09T18:22:01Z,95422,6554,749
2026-04-09T20:19:33+00:00,MnNF5wdXWQw,UCQHX6ViZmPsWiYSFAyS0a3Q,ABSOLUTELY UNBELIEVABLE. HE ACTUALLY WON AGAIN!!!!!!!!!!!!!,2026-04-09T18:22:01Z,95675,6577,750
2026-04-09T20:20:04+00:00,MnNF5wdXWQw,UCQHX6ViZmPsWiYSFAyS0a3Q,ABSOLUTELY UNBELIEVABLE. HE ACTUALLY WON AGAIN!!!!!!!!!!!!!,2026-04-09T18:22:01Z,95709,6596,750
2026-04-09T20:20:35+00:00,MnNF5wdXWQw,UCQHX6ViZmPsWiYSFAyS0a3Q,ABSOLUTELY UNBELIEVABLE. HE ACTUALLY WON AGAIN!!!!!!!!!!!!!,2026-04-09T18:22:01Z,95877,6617,750
2026-04-09T20:21:05+00:00,MnNF5wdXWQw,UCQHX6ViZmPsWiYSFAyS0a3Q,ABSOLUTELY UNBELIEVABLE. HE ACTUALLY WON AGAIN!!!!!!!!!!!!!,2026-04-09T18:22:01Z,97043,6641,753
2026-04-09T20:21:36+00:00,MnNF5wdXWQw,UCQHX6ViZmPsWiYSFAyS0a3Q,ABSOLUTELY UNBELIEVABLE. HE ACTUALLY WON AGAIN!!!!!!!!!!!!!,2026-04-09T18:22:01Z,97043,6657,757
2026-04-09T20:22:07+00:00,MnNF5wdXWQw,UCQHX6ViZmPsWiYSFAyS0a3Q,ABSOLUTELY UNBELIEVABLE. HE ACTUALLY WON AGAIN!!!!!!!!!!!!!,2026-04-09T18:22:01Z,97433,6673,757
2026-04-09T20:22:37+00:00,MnNF5wdXWQw,UCQHX6ViZmPsWiYSFAyS0a3Q,ABSOLUTELY UNBELIEVABLE. HE ACTUALLY WON AGAIN!!!!!!!!!!!!!,2026-04-09T18:22:01Z,97459,6697,759
2026-04-09T20:23:08+00:00,MnNF5wdXWQw,UCQHX6ViZmPsWiYSFAyS0a3Q,ABSOLUTELY UNBELIEVABLE. HE ACTUALLY WON AGAIN!!!!!!!!!!!!!,2026-04-09T18:22:01Z,97695,6709,760
2026-04-09T20:23:38+00:00,MnNF5wdXWQw,UCQHX6ViZmPsWiYSFAyS0a3Q,ABSOLUTELY UNBELIEVABLE. HE ACTUALLY WON AGAIN!!!!!!!!!!!!!,2026-04-09T18:22:01Z,97945,6733,761
2026-04-09T20:24:09+00:00,MnNF5wdXWQw,UCQHX6ViZmPsWiYSFAyS0a3Q,ABSOLUTELY UNBELIEVABLE. HE ACTUALLY WON AGAIN!!!!!!!!!!!!!,2026-04-09T18:22:01Z,97947,6753,761
2026-04-09T20:24:39+00:00,MnNF5wdXWQw,UCQHX6ViZmPsWiYSFAyS0a3Q,ABSOLUTELY UNBELIEVABLE. HE ACTUALLY WON AGAIN!!!!!!!!!!!!!,2026-04-09T18:22:01Z,98373,6767,762
2026-04-09T20:25:10+00:00,MnNF5wdXWQw,UCQHX6ViZmPsWiYSFAyS0a3Q,ABSOLUTELY UNBELIEVABLE. HE ACTUALLY WON AGAIN!!!!!!!!!!!!!,2026-04-09T18:22:01Z,98373,6791,762
2026-04-09T20:25:41+00:00,MnNF5wdXWQw,UCQHX6ViZmPsWiYSFAyS0a3Q,ABSOLUTELY UNBELIEVABLE. HE ACTUALLY WON AGAIN!!!!!!!!!!!!!,2026-04-09T18:22:01Z,98556,6803,764
2026-04-09T20:26:11+00:00,MnNF5wdXWQw,UCQHX6ViZmPsWiYSFAyS0a3Q,ABSOLUTELY UNBELIEVABLE. HE ACTUALLY WON AGAIN!!!!!!!!!!!!!,2026-04-09T18:22:01Z,99559,6816,764
2026-04-09T20:26:42+00:00,MnNF5wdXWQw,UCQHX6ViZmPsWiYSFAyS0a3Q,ABSOLUTELY UNBELIEVABLE. HE ACTUALLY WON AGAIN!!!!!!!!!!!!!,2026-04-09T18:22:01Z,99559,6837,767
2026-04-09T20:27:13+00:00,MnNF5wdXWQw,UCQHX6ViZmPsWiYSFAyS0a3Q,ABSOLUTELY UNBELIEVABLE. HE ACTUALLY WON AGAIN!!!!!!!!!!!!!,2026-04-09T18:22:01Z,99745,6846,768
2026-04-09T20:27:43+00:00,MnNF5wdXWQw,UCQHX6ViZmPsWiYSFAyS0a3Q,ABSOLUTELY UNBELIEVABLE. HE ACTUALLY WON AGAIN!!!!!!!!!!!!!,2026-04-09T18:22:01Z,100020,6862,768
2026-04-09T20:28:14+00:00,MnNF5wdXWQw,UCQHX6ViZmPsWiYSFAyS0a3Q,ABSOLUTELY UNBELIEVABLE. HE ACTUALLY WON AGAIN!!!!!!!!!!!!!,2026-04-09T18:22:01Z,100177,6882,769
2026-04-09T20:28:45+00:00,MnNF5wdXWQw,UCQHX6ViZmPsWiYSFAyS0a3Q,ABSOLUTELY UNBELIEVABLE. HE ACTUALLY WON AGAIN!!!!!!!!!!!!!,2026-04-09T18:22:01Z,100374,6898,771
2026-04-09T20:29:16+00:00,MnNF5wdXWQw,UCQHX6ViZmPsWiYSFAyS0a3Q,ABSOLUTELY UNBELIEVABLE. HE ACTUALLY WON AGAIN!!!!!!!!!!!!!,2026-04-09T18:22:01Z,100396,6917,772
2026-04-09T20:29:46+00:00,MnNF5wdXWQw,UCQHX6ViZmPsWiYSFAyS0a3Q,ABSOLUTELY UNBELIEVABLE. HE ACTUALLY WON AGAIN!!!!!!!!!!!!!,2026-04-09T18:22:01Z,100549,6930,774
2026-04-09T20:30:17+00:00,MnNF5wdXWQw,UCQHX6ViZmPsWiYSFAyS0a3Q,ABSOLUTELY UNBELIEVABLE. HE ACTUALLY WON AGAIN!!!!!!!!!!!!!,2026-04-09T18:22:01Z,100756,6950,776
2026-04-09T20:30:47+00:00,MnNF5wdXWQw,UCQHX6ViZmPsWiYSFAyS0a3Q,ABSOLUTELY UNBELIEVABLE. HE ACTUALLY WON AGAIN!!!!!!!!!!!!!,2026-04-09T18:22:01Z,102774,6969,779
2026-04-09T20:31:18+00:00,MnNF5wdXWQw,UCQHX6ViZmPsWiYSFAyS0a3Q,ABSOLUTELY UNBELIEVABLE. HE ACTUALLY WON AGAIN!!!!!!!!!!!!!,2026-04-09T18:22:01Z,104081,6989,780
2026-04-09T20:31:49+00:00,MnNF5wdXWQw,UCQHX6ViZmPsWiYSFAyS0a3Q,ABSOLUTELY UNBELIEVABLE. HE ACTUALLY WON AGAIN!!!!!!!!!!!!!,2026-04-09T18:22:01Z,104099,7012,782
2026-04-09T20:32:20+00:00,MnNF5wdXWQw,UCQHX6ViZmPsWiYSFAyS0a3Q,ABSOLUTELY UNBELIEVABLE. HE ACTUALLY WON AGAIN!!!!!!!!!!!!!,2026-04-09T18:22:01Z,104296,7030,783
2026-04-09T20:32:50+00:00,MnNF5wdXWQw,UCQHX6ViZmPsWiYSFAyS0a3Q,ABSOLUTELY UNBELIEVABLE. HE ACTUALLY WON AGAIN!!!!!!!!!!!!!,2026-04-09T18:22:01Z,104542,7050,785
2026-04-09T20:33:21+00:00,MnNF5wdXWQw,UCQHX6ViZmPsWiYSFAyS0a3Q,ABSOLUTELY UNBELIEVABLE. HE ACTUALLY WON AGAIN!!!!!!!!!!!!!,2026-04-09T18:22:01Z,104716,7057,786
2026-04-09T20:33:51+00:00,MnNF5wdXWQw,UCQHX6ViZmPsWiYSFAyS0a3Q,ABSOLUTELY UNBELIEVABLE. HE ACTUALLY WON AGAIN!!!!!!!!!!!!!,2026-04-09T18:22:01Z,104933,7069,788
2026-04-09T20:34:22+00:00,MnNF5wdXWQw,UCQHX6ViZmPsWiYSFAyS0a3Q,ABSOLUTELY UNBELIEVABLE. HE ACTUALLY WON AGAIN!!!!!!!!!!!!!,2026-04-09T18:22:01Z,104983,7082,790
2026-04-09T20:34:53+00:00,MnNF5wdXWQw,UCQHX6ViZmPsWiYSFAyS0a3Q,ABSOLUTELY UNBELIEVABLE. HE ACTUALLY WON AGAIN!!!!!!!!!!!!!,2026-04-09T18:22:01Z,105160,7097,792
2026-04-09T20:35:23+00:00,MnNF5wdXWQw,UCQHX6ViZmPsWiYSFAyS0a3Q,ABSOLUTELY UNBELIEVABLE. HE ACTUALLY WON AGAIN!!!!!!!!!!!!!,2026-04-09T18:22:01Z,105383,7116,793
2026-04-09T20:35:54+00:00,MnNF5wdXWQw,UCQHX6ViZmPsWiYSFAyS0a3Q,ABSOLUTELY UNBELIEVABLE. HE ACTUALLY WON AGAIN!!!!!!!!!!!!!,2026-04-09T18:22:01Z,107785,7130,795
2026-04-09T20:36:24+00:00,MnNF5wdXWQw,UCQHX6ViZmPsWiYSFAyS0a3Q,ABSOLUTELY UNBELIEVABLE. HE ACTUALLY WON AGAIN!!!!!!!!!!!!!,2026-04-09T18:22:01Z,107812,7149,796
2026-04-09T20:36:55+00:00,MnNF5wdXWQw,UCQHX6ViZmPsWiYSFAyS0a3Q,ABSOLUTELY UNBELIEVABLE. HE ACTUALLY WON AGAIN!!!!!!!!!!!!!,2026-04-09T18:22:01Z,108038,7164,796
2026-04-09T20:37:26+00:00,MnNF5wdXWQw,UCQHX6ViZmPsWiYSFAyS0a3Q,ABSOLUTELY UNBELIEVABLE. HE ACTUALLY WON AGAIN!!!!!!!!!!!!!,2026-04-09T18:22:01Z,108227,7177,798
2026-04-09T20:37:56+00:00,MnNF5wdXWQw,UCQHX6ViZmPsWiYSFAyS0a3Q,ABSOLUTELY UNBELIEVABLE. HE ACTUALLY WON AGAIN!!!!!!!!!!!!!,2026-04-09T18:22:01Z,108227,7192,798
2026-04-09T20:38:27+00:00,MnNF5wdXWQw,UCQHX6ViZmPsWiYSFAyS0a3Q,ABSOLUTELY UNBELIEVABLE. HE ACTUALLY WON AGAIN!!!!!!!!!!!!!,2026-04-09T18:22:01Z,108447,7207,798
2026-04-09T20:38:58+00:00,MnNF5wdXWQw,UCQHX6ViZmPsWiYSFAyS0a3Q,ABSOLUTELY UNBELIEVABLE. HE ACTUALLY WON AGAIN!!!!!!!!!!!!!,2026-04-09T18:22:01Z,108609,7220,798
2026-04-09T20:39:28+00:00,MnNF5wdXWQw,UCQHX6ViZmPsWiYSFAyS0a3Q,ABSOLUTELY UNBELIEVABLE. HE ACTUALLY WON AGAIN!!!!!!!!!!!!!,2026-04-09T18:22:01Z,108842,7237,799
2026-04-09T20:39:59+00:00,MnNF5wdXWQw,UCQHX6ViZmPsWiYSFAyS0a3Q,ABSOLUTELY UNBELIEVABLE. HE ACTUALLY WON AGAIN!!!!!!!!!!!!!,2026-04-09T18:22:01Z,109023,7246,799
2026-04-09T20:40:30+00:00,MnNF5wdXWQw,UCQHX6ViZmPsWiYSFAyS0a3Q,ABSOLUTELY UNBELIEVABLE. HE ACTUALLY WON AGAIN!!!!!!!!!!!!!,2026-04-09T18:22:01Z,109201,7264,800
2026-04-09T20:41:01+00:00,MnNF5wdXWQw,UCQHX6ViZmPsWiYSFAyS0a3Q,ABSOLUTELY UNBELIEVABLE. HE ACTUALLY WON AGAIN!!!!!!!!!!!!!,2026-04-09T18:22:01Z,111275,7277,801
2026-04-09T20:41:31+00:00,MnNF5wdXWQw,UCQHX6ViZmPsWiYSFAyS0a3Q,ABSOLUTELY UNBELIEVABLE. HE ACTUALLY WON AGAIN!!!!!!!!!!!!!,2026-04-09T18:22:01Z,111434,7288,803
2026-04-09T20:42:02+00:00,MnNF5wdXWQw,UCQHX6ViZmPsWiYSFAyS0a3Q,ABSOLUTELY UNBELIEVABLE. HE ACTUALLY WON AGAIN!!!!!!!!!!!!!,2026-04-09T18:22:01Z,111655,7300,803
2026-04-09T20:42:33+00:00,MnNF5wdXWQw,UCQHX6ViZmPsWiYSFAyS0a3Q,ABSOLUTELY UNBELIEVABLE. HE ACTUALLY WON AGAIN!!!!!!!!!!!!!,2026-04-09T18:22:01Z,111669,7311,803
2026-04-09T20:43:03+00:00,MnNF5wdXWQw,UCQHX6ViZmPsWiYSFAyS0a3Q,ABSOLUTELY UNBELIEVABLE. HE ACTUALLY WON AGAIN!!!!!!!!!!!!!,2026-04-09T18:22:01Z,111833,7320,806
2026-04-09T20:43:34+00:00,MnNF5wdXWQw,UCQHX6ViZmPsWiYSFAyS0a3Q,ABSOLUTELY UNBELIEVABLE. HE ACTUALLY WON AGAIN!!!!!!!!!!!!!,2026-04-09T18:22:01Z,112037,7334,807
2026-04-09T20:44:05+00:00,MnNF5wdXWQw,UCQHX6ViZmPsWiYSFAyS0a3Q,ABSOLUTELY UNBELIEVABLE. HE ACTUALLY WON AGAIN!!!!!!!!!!!!!,2026-04-09T18:22:01Z,112200,7353,808
2026-04-09T20:44:35+00:00,MnNF5wdXWQw,UCQHX6ViZmPsWiYSFAyS0a3Q,ABSOLUTELY UNBELIEVABLE. HE ACTUALLY WON AGAIN!!!!!!!!!!!!!,2026-04-09T18:22:01Z,112397,7364,809
2026-04-09T20:45:06+00:00,MnNF5wdXWQw,UCQHX6ViZmPsWiYSFAyS0a3Q,ABSOLUTELY UNBELIEVABLE. HE ACTUALLY WON AGAIN!!!!!!!!!!!!!,2026-04-09T18:22:01Z,112416,7377,810
2026-04-09T20:45:37+00:00,MnNF5wdXWQw,UCQHX6ViZmPsWiYSFAyS0a3Q,ABSOLUTELY UNBELIEVABLE. HE ACTUALLY WON AGAIN!!!!!!!!!!!!!,2026-04-09T18:22:01Z,112530,7385,810
2026-04-09T20:46:07+00:00,MnNF5wdXWQw,UCQHX6ViZmPsWiYSFAyS0a3Q,ABSOLUTELY UNBELIEVABLE. HE ACTUALLY WON AGAIN!!!!!!!!!!!!!,2026-04-09T18:22:01Z,115479,7401,813
2026-04-09T20:46:38+00:00,MnNF5wdXWQw,UCQHX6ViZmPsWiYSFAyS0a3Q,ABSOLUTELY UNBELIEVABLE. HE ACTUALLY WON AGAIN!!!!!!!!!!!!!,2026-04-09T18:22:01Z,115697,7425,814
2026-04-09T20:47:09+00:00,MnNF5wdXWQw,UCQHX6ViZmPsWiYSFAyS0a3Q,ABSOLUTELY UNBELIEVABLE. HE ACTUALLY WON AGAIN!!!!!!!!!!!!!,2026-04-09T18:22:01Z,115889,7434,817
2026-04-09T20:47:39+00:00,MnNF5wdXWQw,UCQHX6ViZmPsWiYSFAyS0a3Q,ABSOLUTELY UNBELIEVABLE. HE ACTUALLY WON AGAIN!!!!!!!!!!!!!,2026-04-09T18:22:01Z,115898,7448,819
2026-04-09T20:48:10+00:00,MnNF5wdXWQw,UCQHX6ViZmPsWiYSFAyS0a3Q,ABSOLUTELY UNBELIEVABLE. HE ACTUALLY WON AGAIN!!!!!!!!!!!!!,2026-04-09T18:22:01Z,116087,7464,821
2026-04-09T20:48:41+00:00,MnNF5wdXWQw,UCQHX6ViZmPsWiYSFAyS0a3Q,ABSOLUTELY UNBELIEVABLE. HE ACTUALLY WON AGAIN!!!!!!!!!!!!!,2026-04-09T18:22:01Z,116297,7479,823
2026-04-09T20:49:11+00:00,MnNF5wdXWQw,UCQHX6ViZmPsWiYSFAyS0a3Q,ABSOLUTELY UNBELIEVABLE. HE ACTUALLY WON AGAIN!!!!!!!!!!!!!,2026-04-09T18:22:01Z,116313,7492,826
2026-04-09T20:49:42+00:00,MnNF5wdXWQw,UCQHX6ViZmPsWiYSFAyS0a3Q,ABSOLUTELY UNBELIEVABLE. HE ACTUALLY WON AGAIN!!!!!!!!!!!!!,2026-04-09T18:22:01Z,116678,7517,827
2026-04-09T20:50:13+00:00,MnNF5wdXWQw,UCQHX6ViZmPsWiYSFAyS0a3Q,ABSOLUTELY UNBELIEVABLE. HE ACTUALLY WON AGAIN!!!!!!!!!!!!!,2026-04-09T18:22:01Z,116678,7537,829
2026-04-09T20:50:43+00:00,MnNF5wdXWQw,UCQHX6ViZmPsWiYSFAyS0a3Q,ABSOLUTELY UNBELIEVABLE. HE ACTUALLY WON AGAIN!!!!!!!!!!!!!,2026-04-09T18:22:01Z,116682,7544,830
2026-04-09T20:51:13+00:00,MnNF5wdXWQw,UCQHX6ViZmPsWiYSFAyS0a3Q,ABSOLUTELY UNBELIEVABLE. HE ACTUALLY WON AGAIN!!!!!!!!!!!!!,2026-04-09T18:22:01Z,119284,7560,831
2026-04-09T20:51:44+00:00,MnNF5wdXWQw,UCQHX6ViZmPsWiYSFAyS0a3Q,ABSOLUTELY UNBELIEVABLE. HE ACTUALLY WON AGAIN!!!!!!!!!!!!!,2026-04-09T18:22:01Z,119305,7578,831
2026-04-09T20:52:15+00:00,MnNF5wdXWQw,UCQHX6ViZmPsWiYSFAyS0a3Q,ABSOLUTELY UNBELIEVABLE. HE ACTUALLY WON AGAIN!!!!!!!!!!!!!,2026-04-09T18:22:01Z,119475,7583,831
2026-04-09T20:52:45+00:00,MnNF5wdXWQw,UCQHX6ViZmPsWiYSFAyS0a3Q,ABSOLUTELY UNBELIEVABLE. HE ACTUALLY WON AGAIN!!!!!!!!!!!!!,2026-04-09T18:22:01Z,119475,7600,831
2026-04-09T20:53:16+00:00,MnNF5wdXWQw,UCQHX6ViZmPsWiYSFAyS0a3Q,ABSOLUTELY UNBELIEVABLE. HE ACTUALLY WON AGAIN!!!!!!!!!!!!!,2026-04-09T18:22:01Z,119684,7609,834
2026-04-09T20:53:47+00:00,MnNF5wdXWQw,UCQHX6ViZmPsWiYSFAyS0a3Q,ABSOLUTELY UNBELIEVABLE. HE ACTUALLY WON AGAIN!!!!!!!!!!!!!,2026-04-09T18:22:01Z,119835,7623,834
2026-04-09T20:54:18+00:00,MnNF5wdXWQw,UCQHX6ViZmPsWiYSFAyS0a3Q,ABSOLUTELY UNBELIEVABLE. HE ACTUALLY WON AGAIN!!!!!!!!!!!!!,2026-04-09T18:22:01Z,120036,7640,836
2026-04-09T20:54:48+00:00,MnNF5wdXWQw,UCQHX6ViZmPsWiYSFAyS0a3Q,ABSOLUTELY UNBELIEVABLE. HE ACTUALLY WON AGAIN!!!!!!!!!!!!!,2026-04-09T18:22:01Z,120175,7652,837
2026-04-09T20:55:19+00:00,MnNF5wdXWQw,UCQHX6ViZmPsWiYSFAyS0a3Q,ABSOLUTELY UNBELIEVABLE. HE ACTUALLY WON AGAIN!!!!!!!!!!!!!,2026-04-09T18:22:01Z,120374,7665,837
2026-04-09T20:55:50+00:00,MnNF5wdXWQw,UCQHX6ViZmPsWiYSFAyS0a3Q,ABSOLUTELY UNBELIEVABLE. HE ACTUALLY WON AGAIN!!!!!!!!!!!!!,2026-04-09T18:22:01Z,122446,7672,837
2026-04-09T20:56:21+00:00,MnNF5wdXWQw,UCQHX6ViZmPsWiYSFAyS0a3Q,ABSOLUTELY UNBELIEVABLE. HE ACTUALLY WON AGAIN!!!!!!!!!!!!!,2026-04-09T18:22:01Z,122591,7689,839
2026-04-09T20:56:51+00:00,MnNF5wdXWQw,UCQHX6ViZmPsWiYSFAyS0a3Q,ABSOLUTELY UNBELIEVABLE. HE ACTUALLY WON AGAIN!!!!!!!!!!!!!,2026-04-09T18:22:01Z,122772,7706,839
2026-04-09T20:57:22+00:00,MnNF5wdXWQw,UCQHX6ViZmPsWiYSFAyS0a3Q,ABSOLUTELY UNBELIEVABLE. HE ACTUALLY WON AGAIN!!!!!!!!!!!!!,2026-04-09T18:22:01Z,122925,7714,841
2026-04-09T20:57:53+00:00,MnNF5wdXWQw,UCQHX6ViZmPsWiYSFAyS0a3Q,ABSOLUTELY UNBELIEVABLE. HE ACTUALLY WON AGAIN!!!!!!!!!!!!!,2026-04-09T18:22:01Z,123115,7727,842
2026-04-09T20:58:23+00:00,MnNF5wdXWQw,UCQHX6ViZmPsWiYSFAyS0a3Q,ABSOLUTELY UNBELIEVABLE. HE ACTUALLY WON AGAIN!!!!!!!!!!!!!,2026-04-09T18:22:01Z,123129,7739,843
2026-04-09T20:58:54+00:00,MnNF5wdXWQw,UCQHX6ViZmPsWiYSFAyS0a3Q,ABSOLUTELY UNBELIEVABLE. HE ACTUALLY WON AGAIN!!!!!!!!!!!!!,2026-04-09T18:22:01Z,123308,7751,843
2026-04-09T20:59:24+00:00,MnNF5wdXWQw,UCQHX6ViZmPsWiYSFAyS0a3Q,ABSOLUTELY UNBELIEVABLE. HE ACTUALLY WON AGAIN!!!!!!!!!!!!!,2026-04-09T18:22:01Z,123527,7767,843
2026-04-09T20:59:55+00:00,MnNF5wdXWQw,UCQHX6ViZmPsWiYSFAyS0a3Q,ABSOLUTELY UNBELIEVABLE. HE ACTUALLY WON AGAIN!!!!!!!!!!!!!,2026-04-09T18:22:01Z,123692,7785,845
2026-04-09T21:00:26+00:00,MnNF5wdXWQw,UCQHX6ViZmPsWiYSFAyS0a3Q,ABSOLUTELY UNBELIEVABLE. HE ACTUALLY WON AGAIN!!!!!!!!!!!!!,2026-04-09T18:22:01Z,123880,7799,845
2026-04-09T21:00:56+00:00,MnNF5wdXWQw,UCQHX6ViZmPsWiYSFAyS0a3Q,ABSOLUTELY UNBELIEVABLE. HE ACTUALLY WON AGAIN!!!!!!!!!!!!!,2026-04-09T18:22:01Z,127512,7819,846
2026-04-09T21:01:27+00:00,MnNF5wdXWQw,UCQHX6ViZmPsWiYSFAyS0a3Q,ABSOLUTELY UNBELIEVABLE. HE ACTUALLY WON AGAIN!!!!!!!!!!!!!,2026-04-09T18:22:01Z,127512,7829,848
2026-04-09T21:01:58+00:00,MnNF5wdXWQw,UCQHX6ViZmPsWiYSFAyS0a3Q,ABSOLUTELY UNBELIEVABLE. HE ACTUALLY WON AGAIN!!!!!!!!!!!!!,2026-04-09T18:22:01Z,127890,7846,848
2026-04-09T21:02:29+00:00,MnNF5wdXWQw,UCQHX6ViZmPsWiYSFAyS0a3Q,ABSOLUTELY UNBELIEVABLE. HE ACTUALLY WON AGAIN!!!!!!!!!!!!!,2026-04-09T18:22:01Z,127974,7860,848
2026-04-09T21:02:59+00:00,MnNF5wdXWQw,UCQHX6ViZmPsWiYSFAyS0a3Q,ABSOLUTELY UNBELIEVABLE. HE ACTUALLY WON AGAIN!!!!!!!!!!!!!,2026-04-09T18:22:01Z,128264,7880,851
2026-04-09T21:03:30+00:00,MnNF5wdXWQw,UCQHX6ViZmPsWiYSFAyS0a3Q,ABSOLUTELY UNBELIEVABLE. HE ACTUALLY WON AGAIN!!!!!!!!!!!!!,2026-04-09T18:22:01Z,128278,7902,851
2026-04-09T21:04:01+00:00,MnNF5wdXWQw,UCQHX6ViZmPsWiYSFAyS0a3Q,ABSOLUTELY UNBELIEVABLE. HE ACTUALLY WON AGAIN!!!!!!!!!!!!!,2026-04-09T18:22:01Z,128429,7915,854
2026-04-09T21:04:31+00:00,MnNF5wdXWQw,UCQHX6ViZmPsWiYSFAyS0a3Q,ABSOLUTELY UNBELIEVABLE. HE ACTUALLY WON AGAIN!!!!!!!!!!!!!,2026-04-09T18:22:01Z,128620,7936,855
2026-04-09T21:05:02+00:00,MnNF5wdXWQw,UCQHX6ViZmPsWiYSFAyS0a3Q,ABSOLUTELY UNBELIEVABLE. HE ACTUALLY WON AGAIN!!!!!!!!!!!!!,2026-04-09T18:22:01Z,128795,7951,856
2026-04-09T21:05:32+00:00,MnNF5wdXWQw,UCQHX6ViZmPsWiYSFAyS0a3Q,ABSOLUTELY UNBELIEVABLE. HE ACTUALLY WON AGAIN!!!!!!!!!!!!!,2026-04-09T18:22:01Z,128972,7961,858
2026-04-09T21:06:03+00:00,MnNF5wdXWQw,UCQHX6ViZmPsWiYSFAyS0a3Q,ABSOLUTELY UNBELIEVABLE. HE ACTUALLY WON AGAIN!!!!!!!!!!!!!,2026-04-09T18:22:01Z,130569,7977,858
2026-04-09T21:06:34+00:00,MnNF5wdXWQw,UCQHX6ViZmPsWiYSFAyS0a3Q,ABSOLUTELY UNBELIEVABLE. HE ACTUALLY WON AGAIN!!!!!!!!!!!!!,2026-04-09T18:22:01Z,131624,7993,858
2026-04-09T21:07:04+00:00,MnNF5wdXWQw,UCQHX6ViZmPsWiYSFAyS0a3Q,ABSOLUTELY UNBELIEVABLE. HE ACTUALLY WON AGAIN!!!!!!!!!!!!!,2026-04-09T18:22:01Z,131827,8008,860
2026-04-09T21:07:35+00:00,MnNF5wdXWQw,UCQHX6ViZmPsWiYSFAyS0a3Q,ABSOLUTELY UNBELIEVABLE. HE ACTUALLY WON AGAIN!!!!!!!!!!!!!,2026-04-09T18:22:01Z,131832,8026,862
2026-04-09T21:08:06+00:00,MnNF5wdXWQw,UCQHX6ViZmPsWiYSFAyS0a3Q,ABSOLUTELY UNBELIEVABLE. HE ACTUALLY WON AGAIN!!!!!!!!!!!!!,2026-04-09T18:22:01Z,131980,8043,863
2026-04-09T21:08:36+00:00,MnNF5wdXWQw,UCQHX6ViZmPsWiYSFAyS0a3Q,ABSOLUTELY UNBELIEVABLE. HE ACTUALLY WON AGAIN!!!!!!!!!!!!!,2026-04-09T18:22:01Z,132157,8054,864
2026-04-09T21:09:07+00:00,MnNF5wdXWQw,UCQHX6ViZmPsWiYSFAyS0a3Q,ABSOLUTELY UNBELIEVABLE. HE ACTUALLY WON AGAIN!!!!!!!!!!!!!,2026-04-09T18:22:01Z,132316,8068,865
2026-04-09T21:09:38+00:00,MnNF5wdXWQw,UCQHX6ViZmPsWiYSFAyS0a3Q,ABSOLUTELY UNBELIEVABLE. HE ACTUALLY WON AGAIN!!!!!!!!!!!!!,2026-04-09T18:22:01Z,132508,8083,866
2026-04-09T21:10:08+00:00,MnNF5wdXWQw,UCQHX6ViZmPsWiYSFAyS0a3Q,ABSOLUTELY UNBELIEVABLE. HE ACTUALLY WON AGAIN!!!!!!!!!!!!!,2026-04-09T18:22:01Z,132531,8100,866
2026-04-09T21:10:40+00:00,MnNF5wdXWQw,UCQHX6ViZmPsWiYSFAyS0a3Q,ABSOLUTELY UNBELIEVABLE. HE ACTUALLY WON AGAIN!!!!!!!!!!!!!,2026-04-09T18:22:01Z,132677,8111,867
2026-04-09T21:11:09+00:00,MnNF5wdXWQw,UCQHX6ViZmPsWiYSFAyS0a3Q,ABSOLUTELY UNBELIEVABLE. HE ACTUALLY WON AGAIN!!!!!!!!!!!!!,2026-04-09T18:22:01Z,135276,8130,867
2026-04-09T21:11:40+00:00,MnNF5wdXWQw,UCQHX6ViZmPsWiYSFAyS0a3Q,ABSOLUTELY UNBELIEVABLE. HE ACTUALLY WON AGAIN!!!!!!!!!!!!!,2026-04-09T18:22:01Z,135414,8143,868
2026-04-09T21:12:10+00:00,MnNF5wdXWQw,UCQHX6ViZmPsWiYSFAyS0a3Q,ABSOLUTELY UNBELIEVABLE. HE ACTUALLY WON AGAIN!!!!!!!!!!!!!,2026-04-09T18:22:01Z,135576,8159,868
2026-04-09T21:12:41+00:00,MnNF5wdXWQw,UCQHX6ViZmPsWiYSFAyS0a3Q,ABSOLUTELY UNBELIEVABLE. HE ACTUALLY WON AGAIN!!!!!!!!!!!!!,2026-04-09T18:22:01Z,135604,8173,870
2026-04-09T21:13:12+00:00,MnNF5wdXWQw,UCQHX6ViZmPsWiYSFAyS0a3Q,ABSOLUTELY UNBELIEVABLE. HE ACTUALLY WON AGAIN!!!!!!!!!!!!!,2026-04-09T18:22:01Z,135716,8192,870
2026-04-09T21:13:43+00:00,MnNF5wdXWQw,UCQHX6ViZmPsWiYSFAyS0a3Q,ABSOLUTELY UNBELIEVABLE. HE ACTUALLY WON AGAIN!!!!!!!!!!!!!,2026-04-09T18:22:01Z,135871,8202,871
2026-04-09T21:14:13+00:00,MnNF5wdXWQw,UCQHX6ViZmPsWiYSFAyS0a3Q,ABSOLUTELY UNBELIEVABLE. HE ACTUALLY WON AGAIN!!!!!!!!!!!!!,2026-04-09T18:22:01Z,135905,8219,871
2026-04-09T21:14:44+00:00,MnNF5wdXWQw,UCQHX6ViZmPsWiYSFAyS0a3Q,ABSOLUTELY UNBELIEVABLE. HE ACTUALLY WON AGAIN!!!!!!!!!!!!!,2026-04-09T18:22:01Z,136034,8231,871
2026-04-09T21:15:14+00:00,MnNF5wdXWQw,UCQHX6ViZmPsWiYSFAyS0a3Q,ABSOLUTELY UNBELIEVABLE. HE ACTUALLY WON AGAIN!!!!!!!!!!!!!,2026-04-09T18:22:01Z,136241,8249,873
2026-04-09T21:15:45+00:00,MnNF5wdXWQw,UCQHX6ViZmPsWiYSFAyS0a3Q,ABSOLUTELY UNBELIEVABLE. HE ACTUALLY WON AGAIN!!!!!!!!!!!!!,2026-04-09T18:22:01Z,136383,8266,876
2026-04-09T21:16:16+00:00,MnNF5wdXWQw,UCQHX6ViZmPsWiYSFAyS0a3Q,ABSOLUTELY UNBELIEVABLE. HE ACTUALLY WON AGAIN!!!!!!!!!!!!!,2026-04-09T18:22:01Z,139301,8283,876
2026-04-09T21:16:46+00:00,MnNF5wdXWQw,UCQHX6ViZmPsWiYSFAyS0a3Q,ABSOLUTELY UNBELIEVABLE. HE ACTUALLY WON AGAIN!!!!!!!!!!!!!,2026-04-09T18:22:01Z,139454,8291,875
2026-04-09T21:17:17+00:00,MnNF5wdXWQw,UCQHX6ViZmPsWiYSFAyS0a3Q,ABSOLUTELY UNBELIEVABLE. HE ACTUALLY WON AGAIN!!!!!!!!!!!!!,2026-04-09T18:22:01Z,139562,8303,875
2026-04-09T21:17:48+00:00,MnNF5wdXWQw,UCQHX6ViZmPsWiYSFAyS0a3Q,ABSOLUTELY UNBELIEVABLE. HE ACTUALLY WON AGAIN!!!!!!!!!!!!!,2026-04-09T18:22:01Z,139750,8319,877
2026-04-09T21:18:18+00:00,MnNF5wdXWQw,UCQHX6ViZmPsWiYSFAyS0a3Q,ABSOLUTELY UNBELIEVABLE. HE ACTUALLY WON AGAIN!!!!!!!!!!!!!,2026-04-09T18:22:01Z,139868,8339,877
2026-04-09T21:18:49+00:00,MnNF5wdXWQw,UCQHX6ViZmPsWiYSFAyS0a3Q,ABSOLUTELY UNBELIEVABLE. HE ACTUALLY WON AGAIN!!!!!!!!!!!!!,2026-04-09T18:22:01Z,140023,8350,876
2026-04-09T21:19:20+00:00,MnNF5wdXWQw,UCQHX6ViZmPsWiYSFAyS0a3Q,ABSOLUTELY UNBELIEVABLE. HE ACTUALLY WON AGAIN!!!!!!!!!!!!!,2026-04-09T18:22:01Z,140045,8362,877
2026-04-09T21:19:50+00:00,MnNF5wdXWQw,UCQHX6ViZmPsWiYSFAyS0a3Q,ABSOLUTELY UNBELIEVABLE. HE ACTUALLY WON AGAIN!!!!!!!!!!!!!,2026-04-09T18:22:01Z,140045,8372,878
2026-04-09T21:20:21+00:00,MnNF5wdXWQw,UCQHX6ViZmPsWiYSFAyS0a3Q,ABSOLUTELY UNBELIEVABLE. HE ACTUALLY WON AGAIN!!!!!!!!!!!!!,2026-04-09T18:22:01Z,140344,8383,878
2026-04-09T21:20:52+00:00,MnNF5wdXWQw,UCQHX6ViZmPsWiYSFAyS0a3Q,ABSOLUTELY UNBELIEVABLE. HE ACTUALLY WON AGAIN!!!!!!!!!!!!!,2026-04-09T18:22:01Z,142159,8403,878
2026-04-09T21:21:22+00:00,MnNF5wdXWQw,UCQHX6ViZmPsWiYSFAyS0a3Q,ABSOLUTELY UNBELIEVABLE. HE ACTUALLY WON AGAIN!!!!!!!!!!!!!,2026-04-09T18:22:01Z,142805,8415,881
2026-04-09T21:21:53+00:00,MnNF5wdXWQw,UCQHX6ViZmPsWiYSFAyS0a3Q,ABSOLUTELY UNBELIEVABLE. HE ACTUALLY WON AGAIN!!!!!!!!!!!!!,2026-04-09T18:22:01Z,143029,8423,883
2026-04-09T21:22:23+00:00,MnNF5wdXWQw,UCQHX6ViZmPsWiYSFAyS0a3Q,ABSOLUTELY UNBELIEVABLE. HE ACTUALLY WON AGAIN!!!!!!!!!!!!!,2026-04-09T18:22:01Z,143147,8431,884
2026-04-09T21:22:54+00:00,MnNF5wdXWQw,UCQHX6ViZmPsWiYSFAyS0a3Q,ABSOLUTELY UNBELIEVABLE. HE ACTUALLY WON AGAIN!!!!!!!!!!!!!,2026-04-09T18:22:01Z,143278,8450,885
2026-04-09T21:23:25+00:00,MnNF5wdXWQw,UCQHX6ViZmPsWiYSFAyS0a3Q,ABSOLUTELY UNBELIEVABLE. HE ACTUALLY WON AGAIN!!!!!!!!!!!!!,2026-04-09T18:22:01Z,143324,8464,889
2026-04-09T21:23:55+00:00,MnNF5wdXWQw,UCQHX6ViZmPsWiYSFAyS0a3Q,ABSOLUTELY UNBELIEVABLE. HE ACTUALLY WON AGAIN!!!!!!!!!!!!!,2026-04-09T18:22:01Z,143584,8475,889
2026-04-09T21:24:26+00:00,MnNF5wdXWQw,UCQHX6ViZmPsWiYSFAyS0a3Q,ABSOLUTELY UNBELIEVABLE. HE ACTUALLY WON AGAIN!!!!!!!!!!!!!,2026-04-09T18:22:01Z,143605,8487,889
2026-04-09T21:24:57+00:00,MnNF5wdXWQw,UCQHX6ViZmPsWiYSFAyS0a3Q,ABSOLUTELY UNBELIEVABLE. HE ACTUALLY WON AGAIN!!!!!!!!!!!!!,2026-04-09T18:22:01Z,143708,8494,890
2026-04-09T21:25:28+00:00,MnNF5wdXWQw,UCQHX6ViZmPsWiYSFAyS0a3Q,ABSOLUTELY UNBELIEVABLE. HE ACTUALLY WON AGAIN!!!!!!!!!!!!!,2026-04-09T18:22:01Z,143855,8506,890
2026-04-09T21:25:58+00:00,MnNF5wdXWQw,UCQHX6ViZmPsWiYSFAyS0a3Q,ABSOLUTELY UNBELIEVABLE. HE ACTUALLY WON AGAIN!!!!!!!!!!!!!,2026-04-09T18:22:01Z,146461,8518,893
2026-04-09T21:26:29+00:00,MnNF5wdXWQw,UCQHX6ViZmPsWiYSFAyS0a3Q,ABSOLUTELY UNBELIEVABLE. HE ACTUALLY WON AGAIN!!!!!!!!!!!!!,2026-04-09T18:22:01Z,146483,8537,894
2026-04-09T21:26:59+00:00,MnNF5wdXWQw,UCQHX6ViZmPsWiYSFAyS0a3Q,ABSOLUTELY UNBELIEVABLE. HE ACTUALLY WON AGAIN!!!!!!!!!!!!!,2026-04-09T18:22:01Z,146693,8555,895
2026-04-09T21:27:30+00:00,MnNF5wdXWQw,UCQHX6ViZmPsWiYSFAyS0a3Q,ABSOLUTELY UNBELIEVABLE. HE ACTUALLY WON AGAIN!!!!!!!!!!!!!,2026-04-09T18:22:01Z,146817,8570,896
2026-04-09T21:28:01+00:00,MnNF5wdXWQw,UCQHX6ViZmPsWiYSFAyS0a3Q,ABSOLUTELY UNBELIEVABLE. HE ACTUALLY WON AGAIN!!!!!!!!!!!!!,2026-04-09T18:22:01Z,146971,8577,897
2026-04-09T21:28:31+00:00,MnNF5wdXWQw,UCQHX6ViZmPsWiYSFAyS0a3Q,ABSOLUTELY UNBELIEVABLE. HE ACTUALLY WON AGAIN!!!!!!!!!!!!!,2026-04-09T18:22:01Z,147013,8587,897
2026-04-09T21:29:02+00:00,MnNF5wdXWQw,UCQHX6ViZmPsWiYSFAyS0a3Q,ABSOLUTELY UNBELIEVABLE. HE ACTUALLY WON AGAIN!!!!!!!!!!!!!,2026-04-09T18:22:01Z,147143,8603,901
2026-04-09T21:29:33+00:00,MnNF5wdXWQw,UCQHX6ViZmPsWiYSFAyS0a3Q,ABSOLUTELY UNBELIEVABLE. HE ACTUALLY WON AGAIN!!!!!!!!!!!!!,2026-04-09T18:22:01Z,147312,8615,903
2026-04-09T21:30:03+00:00,MnNF5wdXWQw,UCQHX6ViZmPsWiYSFAyS0a3Q,ABSOLUTELY UNBELIEVABLE. HE ACTUALLY WON AGAIN!!!!!!!!!!!!!,2026-04-09T18:22:01Z,147312,8628,904
2026-04-09T21:30:34+00:00,MnNF5wdXWQw,UCQHX6ViZmPsWiYSFAyS0a3Q,ABSOLUTELY UNBELIEVABLE. HE ACTUALLY WON AGAIN!!!!!!!!!!!!!,2026-04-09T18:22:01Z,147551,8637,905
2026-04-09T21:31:05+00:00,MnNF5wdXWQw,UCQHX6ViZmPsWiYSFAyS0a3Q,ABSOLUTELY UNBELIEVABLE. HE ACTUALLY WON AGAIN!!!!!!!!!!!!!,2026-04-09T18:22:01Z,148657,8645,907
2026-04-09T21:31:35+00:00,MnNF5wdXWQw,UCQHX6ViZmPsWiYSFAyS0a3Q,ABSOLUTELY UNBELIEVABLE. HE ACTUALLY WON AGAIN!!!!!!!!!!!!!,2026-04-09T18:22:01Z,149690,8655,907
2026-04-09T21:32:06+00:00,MnNF5wdXWQw,UCQHX6ViZmPsWiYSFAyS0a3Q,ABSOLUTELY UNBELIEVABLE. HE ACTUALLY WON AGAIN!!!!!!!!!!!!!,2026-04-09T18:22:01Z,149877,8666,907
2026-04-09T21:32:37+00:00,MnNF5wdXWQw,UCQHX6ViZmPsWiYSFAyS0a3Q,ABSOLUTELY UNBELIEVABLE. HE ACTUALLY WON AGAIN!!!!!!!!!!!!!,2026-04-09T18:22:01Z,149982,8676,907
2026-04-09T21:33:07+00:00,MnNF5wdXWQw,UCQHX6ViZmPsWiYSFAyS0a3Q,ABSOLUTELY UNBELIEVABLE. HE ACTUALLY WON AGAIN!!!!!!!!!!!!!,2026-04-09T18:22:01Z,150127,8688,907
2026-04-09T21:33:38+00:00,MnNF5wdXWQw,UCQHX6ViZmPsWiYSFAyS0a3Q,ABSOLUTELY UNBELIEVABLE. HE ACTUALLY WON AGAIN!!!!!!!!!!!!!,2026-04-09T18:22:01Z,150141,8705,907
2026-04-09T21:34:08+00:00,MnNF5wdXWQw,UCQHX6ViZmPsWiYSFAyS0a3Q,ABSOLUTELY UNBELIEVABLE. HE ACTUALLY WON AGAIN!!!!!!!!!!!!!,2026-04-09T18:22:01Z,150243,8719,907
2026-04-09T21:34:39+00:00,MnNF5wdXWQw,UCQHX6ViZmPsWiYSFAyS0a3Q,ABSOLUTELY UNBELIEVABLE. HE ACTUALLY WON AGAIN!!!!!!!!!!!!!,2026-04-09T18:22:01Z,150422,8738,907
2026-04-09T21:35:10+00:00,MnNF5wdXWQw,UCQHX6ViZmPsWiYSFAyS0a3Q,ABSOLUTELY UNBELIEVABLE. HE ACTUALLY WON AGAIN!!!!!!!!!!!!!,2026-04-09T18:22:01Z,150506,8746,907
2026-04-09T21:35:40+00:00,MnNF5wdXWQw,UCQHX6ViZmPsWiYSFAyS0a3Q,ABSOLUTELY UNBELIEVABLE. HE ACTUALLY WON AGAIN!!!!!!!!!!!!!,2026-04-09T18:22:01Z,150668,8768,907
2026-04-09T21:36:11+00:00,MnNF5wdXWQw,UCQHX6ViZmPsWiYSFAyS0a3Q,ABSOLUTELY UNBELIEVABLE. HE ACTUALLY WON AGAIN!!!!!!!!!!!!!,2026-04-09T18:22:01Z,154120,8781,907
2026-04-09T21:36:42+00:00,MnNF5wdXWQw,UCQHX6ViZmPsWiYSFAyS0a3Q,ABSOLUTELY UNBELIEVABLE. HE ACTUALLY WON AGAIN!!!!!!!!!!!!!,2026-04-09T18:22:01Z,154359,8794,908
2026-04-09T21:37:12+00:00,MnNF5wdXWQw,UCQHX6ViZmPsWiYSFAyS0a3Q,ABSOLUTELY UNBELIEVABLE. HE ACTUALLY WON AGAIN!!!!!!!!!!!!!,2026-04-09T18:22:01Z,154381,8808,909
2026-04-09T21:37:43+00:00,MnNF5wdXWQw,UCQHX6ViZmPsWiYSFAyS0a3Q,ABSOLUTELY UNBELIEVABLE. HE ACTUALLY WON AGAIN!!!!!!!!!!!!!,2026-04-09T18:22:01Z,154484,8818,909
2026-04-09T21:38:14+00:00,MnNF5wdXWQw,UCQHX6ViZmPsWiYSFAyS0a3Q,ABSOLUTELY UNBELIEVABLE. HE ACTUALLY WON AGAIN!!!!!!!!!!!!!,2026-04-09T18:22:01Z,154637,8828,909
2026-04-09T21:38:44+00:00,MnNF5wdXWQw,UCQHX6ViZmPsWiYSFAyS0a3Q,ABSOLUTELY UNBELIEVABLE. HE ACTUALLY WON AGAIN!!!!!!!!!!!!!,2026-04-09T18:22:01Z,154675,8835,910
2026-04-09T21:39:15+00:00,MnNF5wdXWQw,UCQHX6ViZmPsWiYSFAyS0a3Q,ABSOLUTELY UNBELIEVABLE. HE ACTUALLY WON AGAIN!!!!!!!!!!!!!,2026-04-09T18:22:01Z,154919,8845,910
2026-04-09T21:39:46+00:00,MnNF5wdXWQw,UCQHX6ViZmPsWiYSFAyS0a3Q,ABSOLUTELY UNBELIEVABLE. HE ACTUALLY WON AGAIN!!!!!!!!!!!!!,2026-04-09T18:22:01Z,154949,8852,912
2026-04-09T21:40:16+00:00,MnNF5wdXWQw,UCQHX6ViZmPsWiYSFAyS0a3Q,ABSOLUTELY UNBELIEVABLE. HE ACTUALLY WON AGAIN!!!!!!!!!!!!!,2026-04-09T18:22:01Z,154949,8860,913
2026-04-09T21:40:47+00:00,MnNF5wdXWQw,UCQHX6ViZmPsWiYSFAyS0a3Q,ABSOLUTELY UNBELIEVABLE. HE ACTUALLY WON AGAIN!!!!!!!!!!!!!,2026-04-09T18:22:01Z,159217,8876,914
2026-04-09T21:41:18+00:00,MnNF5wdXWQw,UCQHX6ViZmPsWiYSFAyS0a3Q,ABSOLUTELY UNBELIEVABLE. HE ACTUALLY WON AGAIN!!!!!!!!!!!!!,2026-04-09T18:22:01Z,159217,8891,917
2026-04-09T21:41:48+00:00,MnNF5wdXWQw,UCQHX6ViZmPsWiYSFAyS0a3Q,ABSOLUTELY UNBELIEVABLE. HE ACTUALLY WON AGAIN!!!!!!!!!!!!!,2026-04-09T18:22:01Z,159300,8906,917
2026-04-09T21:42:19+00:00,MnNF5wdXWQw,UCQHX6ViZmPsWiYSFAyS0a3Q,ABSOLUTELY UNBELIEVABLE. HE ACTUALLY WON AGAIN!!!!!!!!!!!!!,2026-04-09T18:22:01Z,159497,8918,918
2026-04-09T21:42:49+00:00,MnNF5wdXWQw,UCQHX6ViZmPsWiYSFAyS0a3Q,ABSOLUTELY UNBELIEVABLE. HE ACTUALLY WON AGAIN!!!!!!!!!!!!!,2026-04-09T18:22:01Z,159597,8926,920
2026-04-09T21:43:20+00:00,MnNF5wdXWQw,UCQHX6ViZmPsWiYSFAyS0a3Q,ABSOLUTELY UNBELIEVABLE. HE ACTUALLY WON AGAIN!!!!!!!!!!!!!,2026-04-09T18:22:01Z,159759,8937,922
2026-04-09T21:43:51+00:00,MnNF5wdXWQw,UCQHX6ViZmPsWiYSFAyS0a3Q,ABSOLUTELY UNBELIEVABLE. HE ACTUALLY WON AGAIN!!!!!!!!!!!!!,2026-04-09T18:22:01Z,159782,8948,922
2026-04-09T21:44:21+00:00,MnNF5wdXWQw,UCQHX6ViZmPsWiYSFAyS0a3Q,ABSOLUTELY UNBELIEVABLE. HE ACTUALLY WON AGAIN!!!!!!!!!!!!!,2026-04-09T18:22:01Z,159870,8962,923
2026-04-09T21:44:52+00:00,MnNF5wdXWQw,UCQHX6ViZmPsWiYSFAyS0a3Q,ABSOLUTELY UNBELIEVABLE. HE ACTUALLY WON AGAIN!!!!!!!!!!!!!,2026-04-09T18:22:01Z,160062,8973,926
2026-04-09T21:45:23+00:00,MnNF5wdXWQw,UCQHX6ViZmPsWiYSFAyS0a3Q,ABSOLUTELY UNBELIEVABLE. HE ACTUALLY WON AGAIN!!!!!!!!!!!!!,2026-04-09T18:22:01Z,160135,8984,926
2026-04-09T21:45:53+00:00,MnNF5wdXWQw,UCQHX6ViZmPsWiYSFAyS0a3Q,ABSOLUTELY UNBELIEVABLE. HE ACTUALLY WON AGAIN!!!!!!!!!!!!!,2026-04-09T18:22:01Z,161762,8995,927
2026-04-09T21:46:24+00:00,MnNF5wdXWQw,UCQHX6ViZmPsWiYSFAyS0a3Q,ABSOLUTELY UNBELIEVABLE. HE ACTUALLY WON AGAIN!!!!!!!!!!!!!,2026-04-09T18:22:01Z,162223,9005,928
2026-04-09T21:46:55+00:00,MnNF5wdXWQw,UCQHX6ViZmPsWiYSFAyS0a3Q,ABSOLUTELY UNBELIEVABLE. HE ACTUALLY WON AGAIN!!!!!!!!!!!!!,2026-04-09T18:22:01Z,162298,9022,928
2026-04-09T21:47:25+00:00,MnNF5wdXWQw,UCQHX6ViZmPsWiYSFAyS0a3Q,ABSOLUTELY UNBELIEVABLE. HE ACTUALLY WON AGAIN!!!!!!!!!!!!!,2026-04-09T18:22:01Z,162482,9034,930
2026-04-09T21:47:56+00:00,MnNF5wdXWQw,UCQHX6ViZmPsWiYSFAyS0a3Q,ABSOLUTELY UNBELIEVABLE. HE ACTUALLY WON AGAIN!!!!!!!!!!!!!,2026-04-09T18:22:01Z,162482,9049,930
2026-04-09T21:48:26+00:00,MnNF5wdXWQw,UCQHX6ViZmPsWiYSFAyS0a3Q,ABSOLUTELY UNBELIEVABLE. HE ACTUALLY WON AGAIN!!!!!!!!!!!!!,2026-04-09T18:22:01Z,162564,9063,931
2026-04-09T21:48:57+00:00,MnNF5wdXWQw,UCQHX6ViZmPsWiYSFAyS0a3Q,ABSOLUTELY UNBELIEVABLE. HE ACTUALLY WON AGAIN!!!!!!!!!!!!!,2026-04-09T18:22:01Z,162731,9074,931
2026-04-09T21:49:27+00:00,MnNF5wdXWQw,UCQHX6ViZmPsWiYSFAyS0a3Q,ABSOLUTELY UNBELIEVABLE. HE ACTUALLY WON AGAIN!!!!!!!!!!!!!,2026-04-09T18:22:01Z,162731,9092,931
2026-04-09T21:49:58+00:00,MnNF5wdXWQw,UCQHX6ViZmPsWiYSFAyS0a3Q,ABSOLUTELY UNBELIEVABLE. HE ACTUALLY WON AGAIN!!!!!!!!!!!!!,2026-04-09T18:22:01Z,162959,9098,932
2026-04-09T21:50:29+00:00,MnNF5wdXWQw,UCQHX6ViZmPsWiYSFAyS0a3Q,ABSOLUTELY UNBELIEVABLE. HE ACTUALLY WON AGAIN!!!!!!!!!!!!!,2026-04-09T18:22:01Z,163056,9110,933
2026-04-09T21:51:00+00:00,MnNF5wdXWQw,UCQHX6ViZmPsWiYSFAyS0a3Q,ABSOLUTELY UNBELIEVABLE. HE ACTUALLY WON AGAIN!!!!!!!!!!!!!,2026-04-09T18:22:01Z,165478,9120,938
2026-04-09T21:51:30+00:00,MnNF5wdXWQw,UCQHX6ViZmPsWiYSFAyS0a3Q,ABSOLUTELY UNBELIEVABLE. HE ACTUALLY WON AGAIN!!!!!!!!!!!!!,2026-04-09T18:22:01Z,165478,9134,939
2026-04-09T21:52:01+00:00,MnNF5wdXWQw,UCQHX6ViZmPsWiYSFAyS0a3Q,ABSOLUTELY UNBELIEVABLE. HE ACTUALLY WON AGAIN!!!!!!!!!!!!!,2026-04-09T18:22:01Z,165547,9149,941
2026-04-09T21:52:32+00:00,MnNF5wdXWQw,UCQHX6ViZmPsWiYSFAyS0a3Q,ABSOLUTELY UNBELIEVABLE. HE ACTUALLY WON AGAIN!!!!!!!!!!!!!,2026-04-09T18:22:01Z,165728,9161,941
2026-04-09T21:53:02+00:00,MnNF5wdXWQw,UCQHX6ViZmPsWiYSFAyS0a3Q,ABSOLUTELY UNBELIEVABLE. HE ACTUALLY WON AGAIN!!!!!!!!!!!!!,2026-04-09T18:22:01Z,165831,9168,941
2026-04-09T21:53:33+00:00,MnNF5wdXWQw,UCQHX6ViZmPsWiYSFAyS0a3Q,ABSOLUTELY UNBELIEVABLE. HE ACTUALLY WON AGAIN!!!!!!!!!!!!!,2026-04-09T18:22:01Z,165952,9177,941
2026-04-09T21:54:03+00:00,MnNF5wdXWQw,UCQHX6ViZmPsWiYSFAyS0a3Q,ABSOLUTELY UNBELIEVABLE. HE ACTUALLY WON AGAIN!!!!!!!!!!!!!,2026-04-09T18:22:01Z,165984,9188,943
2026-04-09T21:54:34+00:00,MnNF5wdXWQw,UCQHX6ViZmPsWiYSFAyS0a3Q,ABSOLUTELY UNBELIEVABLE. HE ACTUALLY WON AGAIN!!!!!!!!!!!!!,2026-04-09T18:22:01Z,166056,9197,945
2026-04-09T21:55:05+00:00,MnNF5wdXWQw,UCQHX6ViZmPsWiYSFAyS0a3Q,ABSOLUTELY UNBELIEVABLE. HE ACTUALLY WON AGAIN!!!!!!!!!!!!!,2026-04-09T18:22:01Z,166191,9207,946
2026-04-09T21:55:35+00:00,MnNF5wdXWQw,UCQHX6ViZmPsWiYSFAyS0a3Q,ABSOLUTELY UNBELIEVABLE. HE ACTUALLY WON AGAIN!!!!!!!!!!!!!,2026-04-09T18:22:01Z,166296,9220,946
2026-04-09T21:56:06+00:00,MnNF5wdXWQw,UCQHX6ViZmPsWiYSFAyS0a3Q,ABSOLUTELY UNBELIEVABLE. HE ACTUALLY WON AGAIN!!!!!!!!!!!!!,2026-04-09T18:22:01Z,169025,9234,946
2026-04-09T21:56:36+00:00,MnNF5wdXWQw,UCQHX6ViZmPsWiYSFAyS0a3Q,ABSOLUTELY UNBELIEVABLE. HE ACTUALLY WON AGAIN!!!!!!!!!!!!!,2026-04-09T18:22:01Z,169050,9245,947
2026-04-09T21:57:07+00:00,MnNF5wdXWQw,UCQHX6ViZmPsWiYSFAyS0a3Q,ABSOLUTELY UNBELIEVABLE. HE ACTUALLY WON AGAIN!!!!!!!!!!!!!,2026-04-09T18:22:01Z,169241,9257,948
2026-04-09T21:57:38+00:00,MnNF5wdXWQw,UCQHX6ViZmPsWiYSFAyS0a3Q,ABSOLUTELY UNBELIEVABLE. HE ACTUALLY WON AGAIN!!!!!!!!!!!!!,2026-04-09T18:22:01Z,169241,9264,949
2026-04-09T21:58:08+00:00,MnNF5wdXWQw,UCQHX6ViZmPsWiYSFAyS0a3Q,ABSOLUTELY UNBELIEVABLE. HE ACTUALLY WON AGAIN!!!!!!!!!!!!!,2026-04-09T18:22:01Z,169366,9273,950
2026-04-09T21:58:39+00:00,MnNF5wdXWQw,UCQHX6ViZmPsWiYSFAyS0a3Q,ABSOLUTELY UNBELIEVABLE. HE ACTUALLY WON AGAIN!!!!!!!!!!!!!,2026-04-09T18:22:01Z,169465,9285,951
2026-04-09T21:59:10+00:00,MnNF5wdXWQw,UCQHX6ViZmPsWiYSFAyS0a3Q,ABSOLUTELY UNBELIEVABLE. HE ACTUALLY WON AGAIN!!!!!!!!!!!!!,2026-04-09T18:22:01Z,169465,9292,952
2026-04-09T21:59:40+00:00,MnNF5wdXWQw,UCQHX6ViZmPsWiYSFAyS0a3Q,ABSOLUTELY UNBELIEVABLE. HE ACTUALLY WON AGAIN!!!!!!!!!!!!!,2026-04-09T18:22:01Z,169596,9304,954
2026-04-09T22:00:11+00:00,MnNF5wdXWQw,UCQHX6ViZmPsWiYSFAyS0a3Q,ABSOLUTELY UNBELIEVABLE. HE ACTUALLY WON AGAIN!!!!!!!!!!!!!,2026-04-09T18:22:01Z,169742,9318,954
2026-04-09T22:00:42+00:00,MnNF5wdXWQw,UCQHX6ViZmPsWiYSFAyS0a3Q,ABSOLUTELY UNBELIEVABLE. HE ACTUALLY WON AGAIN!!!!!!!!!!!!!,2026-04-09T18:22:01Z,169810,9328,956
2026-04-09T22:01:12+00:00,MnNF5wdXWQw,UCQHX6ViZmPsWiYSFAyS0a3Q,ABSOLUTELY UNBELIEVABLE. HE ACTUALLY WON AGAIN!!!!!!!!!!!!!,2026-04-09T18:22:01Z,171935,9346,957
2026-04-09T22:01:43+00:00,MnNF5wdXWQw,UCQHX6ViZmPsWiYSFAyS0a3Q,ABSOLUTELY UNBELIEVABLE. HE ACTUALLY WON AGAIN!!!!!!!!!!!!!,2026-04-09T18:22:01Z,171935,9355,959
2026-04-09T22:02:14+00:00,MnNF5wdXWQw,UCQHX6ViZmPsWiYSFAyS0a3Q,ABSOLUTELY UNBELIEVABLE. HE ACTUALLY WON AGAIN!!!!!!!!!!!!!,2026-04-09T18:22:01Z,171954,9366,959
2026-04-09T22:02:45+00:00,MnNF5wdXWQw,UCQHX6ViZmPsWiYSFAyS0a3Q,ABSOLUTELY UNBELIEVABLE. HE ACTUALLY WON AGAIN!!!!!!!!!!!!!,2026-04-09T18:22:01Z,172205,9380,960
2026-04-09T22:03:15+00:00,MnNF5wdXWQw,UCQHX6ViZmPsWiYSFAyS0a3Q,ABSOLUTELY UNBELIEVABLE. HE ACTUALLY WON AGAIN!!!!!!!!!!!!!,2026-04-09T18:22:01Z,172294,9394,963
2026-04-09T22:03:46+00:00,MnNF5wdXWQw,UCQHX6ViZmPsWiYSFAyS0a3Q,ABSOLUTELY UNBELIEVABLE. HE ACTUALLY WON AGAIN!!!!!!!!!!!!!,2026-04-09T18:22:01Z,172422,9402,965
2026-04-09T22:04:17+00:00,MnNF5wdXWQw,UCQHX6ViZmPsWiYSFAyS0a3Q,ABSOLUTELY UNBELIEVABLE. HE ACTUALLY WON AGAIN!!!!!!!!!!!!!,2026-04-09T18:22:01Z,172460,9419,965
2026-04-09T22:04:48+00:00,MnNF5wdXWQw,UCQHX6ViZmPsWiYSFAyS0a3Q,ABSOLUTELY UNBELIEVABLE. HE ACTUALLY WON AGAIN!!!!!!!!!!!!!,2026-04-09T18:22:01Z,172642,9431,966
2026-04-09T22:05:18+00:00,MnNF5wdXWQw,UCQHX6ViZmPsWiYSFAyS0a3Q,ABSOLUTELY UNBELIEVABLE. HE ACTUALLY WON AGAIN!!!!!!!!!!!!!,2026-04-09T18:22:01Z,172674,9438,967
2026-04-09T22:05:49+00:00,MnNF5wdXWQw,UCQHX6ViZmPsWiYSFAyS0a3Q,ABSOLUTELY UNBELIEVABLE. HE ACTUALLY WON AGAIN!!!!!!!!!!!!!,2026-04-09T18:22:01Z,175115,9449,968
2026-04-09T22:06:20+00:00,MnNF5wdXWQw,UCQHX6ViZmPsWiYSFAyS0a3Q,ABSOLUTELY UNBELIEVABLE. HE ACTUALLY WON AGAIN!!!!!!!!!!!!!,2026-04-09T18:22:01Z,176077,9461,968
2026-04-09T22:06:50+00:00,MnNF5wdXWQw,UCQHX6ViZmPsWiYSFAyS0a3Q,ABSOLUTELY UNBELIEVABLE. HE ACTUALLY WON AGAIN!!!!!!!!!!!!!,2026-04-09T18:22:01Z,176115,9477,968
2026-04-09T22:07:21+00:00,MnNF5wdXWQw,UCQHX6ViZmPsWiYSFAyS0a3Q,ABSOLUTELY UNBELIEVABLE. HE ACTUALLY WON AGAIN!!!!!!!!!!!!!,2026-04-09T18:22:01Z,176318,9487,970
2026-04-09T22:07:51+00:00,MnNF5wdXWQw,UCQHX6ViZmPsWiYSFAyS0a3Q,ABSOLUTELY UNBELIEVABLE. HE ACTUALLY WON AGAIN!!!!!!!!!!!!!,2026-04-09T18:22:01Z,176356,9504,971
2026-04-09T22:08:22+00:00,MnNF5wdXWQw,UCQHX6ViZmPsWiYSFAyS0a3Q,ABSOLUTELY UNBELIEVABLE. HE ACTUALLY WON AGAIN!!!!!!!!!!!!!,2026-04-09T18:22:01Z,176356,9519,971
2026-04-09T22:08:53+00:00,MnNF5wdXWQw,UCQHX6ViZmPsWiYSFAyS0a3Q,ABSOLUTELY UNBELIEVABLE. HE ACTUALLY WON AGAIN!!!!!!!!!!!!!,2026-04-09T18:22:01Z,176579,9527,972
2026-04-09T22:09:24+00:00,MnNF5wdXWQw,UCQHX6ViZmPsWiYSFAyS0a3Q,ABSOLUTELY UNBELIEVABLE. HE ACTUALLY WON AGAIN!!!!!!!!!!!!!,2026-04-09T18:22:01Z,176696,9541,972
2026-04-09T22:09:54+00:00,MnNF5wdXWQw,UCQHX6ViZmPsWiYSFAyS0a3Q,ABSOLUTELY UNBELIEVABLE. HE ACTUALLY WON AGAIN!!!!!!!!!!!!!,2026-04-09T18:22:01Z,176814,9551,972
2026-04-09T22:10:25+00:00,MnNF5wdXWQw,UCQHX6ViZmPsWiYSFAyS0a3Q,ABSOLUTELY UNBELIEVABLE. HE ACTUALLY WON AGAIN!!!!!!!!!!!!!,2026-04-09T18:22:01Z,176837,9564,973
2026-04-09T22:10:56+00:00,MnNF5wdXWQw,UCQHX6ViZmPsWiYSFAyS0a3Q,ABSOLUTELY UNBELIEVABLE. HE ACTUALLY WON AGAIN!!!!!!!!!!!!!,2026-04-09T18:22:01Z,177930,9579,974
2026-04-09T22:11:26+00:00,MnNF5wdXWQw,UCQHX6ViZmPsWiYSFAyS0a3Q,ABSOLUTELY UNBELIEVABLE. HE ACTUALLY WON AGAIN!!!!!!!!!!!!!,2026-04-09T18:22:01Z,179804,9584,975
2026-04-09T22:11:57+00:00,MnNF5wdXWQw,UCQHX6ViZmPsWiYSFAyS0a3Q,ABSOLUTELY UNBELIEVABLE. HE ACTUALLY WON AGAIN!!!!!!!!!!!!!,2026-04-09T18:22:01Z,179936,9597,976
2026-04-09T22:12:28+00:00,MnNF5wdXWQw,UCQHX6ViZmPsWiYSFAyS0a3Q,ABSOLUTELY UNBELIEVABLE. HE ACTUALLY WON AGAIN!!!!!!!!!!!!!,2026-04-09T18:22:01Z,180064,9604,976
2026-04-09T22:12:58+00:00,MnNF5wdXWQw,UCQHX6ViZmPsWiYSFAyS0a3Q,ABSOLUTELY UNBELIEVABLE. HE ACTUALLY WON AGAIN!!!!!!!!!!!!!,2026-04-09T18:22:01Z,180095,9619,977
2026-04-09T22:13:29+00:00,MnNF5wdXWQw,UCQHX6ViZmPsWiYSFAyS0a3Q,ABSOLUTELY UNBELIEVABLE. HE ACTUALLY WON AGAIN!!!!!!!!!!!!!,2026-04-09T18:22:01Z,180286,9634,977
2026-04-09T22:14:00+00:00,MnNF5wdXWQw,UCQHX6ViZmPsWiYSFAyS0a3Q,ABSOLUTELY UNBELIEVABLE. HE ACTUALLY WON AGAIN!!!!!!!!!!!!!,2026-04-09T18:22:01Z,180286,9647,977
2026-04-09T22:14:30+00:00,MnNF5wdXWQw,UCQHX6ViZmPsWiYSFAyS0a3Q,ABSOLUTELY UNBELIEVABLE. HE ACTUALLY WON AGAIN!!!!!!!!!!!!!,2026-04-09T18:22:01Z,180397,9663,978
2026-04-09T22:15:01+00:00,MnNF5wdXWQw,UCQHX6ViZmPsWiYSFAyS0a3Q,ABSOLUTELY UNBELIEVABLE. HE ACTUALLY WON AGAIN!!!!!!!!!!!!!,2026-04-09T18:22:01Z,180495,9671,978
2026-04-09T22:15:32+00:00,MnNF5wdXWQw,UCQHX6ViZmPsWiYSFAyS0a3Q,ABSOLUTELY UNBELIEVABLE. HE ACTUALLY WON AGAIN!!!!!!!!!!!!!,2026-04-09T18:22:01Z,180525,9682,979
2026-04-09T22:16:02+00:00,MnNF5wdXWQw,UCQHX6ViZmPsWiYSFAyS0a3Q,ABSOLUTELY UNBELIEVABLE. HE ACTUALLY WON AGAIN!!!!!!!!!!!!!,2026-04-09T18:22:01Z,185445,9693,979
2026-04-09T22:16:33+00:00,MnNF5wdXWQw,UCQHX6ViZmPsWiYSFAyS0a3Q,ABSOLUTELY UNBELIEVABLE. HE ACTUALLY WON AGAIN!!!!!!!!!!!!!,2026-04-09T18:22:01Z,185596,9707,979
2026-04-09T22:17:03+00:00,MnNF5wdXWQw,UCQHX6ViZmPsWiYSFAyS0a3Q,ABSOLUTELY UNBELIEVABLE. HE ACTUALLY WON AGAIN!!!!!!!!!!!!!,2026-04-09T18:22:01Z,185684,9722,979
2026-04-09T22:17:34+00:00,MnNF5wdXWQw,UCQHX6ViZmPsWiYSFAyS0a3Q,ABSOLUTELY UNBELIEVABLE. HE ACTUALLY WON AGAIN!!!!!!!!!!!!!,2026-04-09T18:22:01Z,185802,9730,980
2026-04-09T22:18:05+00:00,MnNF5wdXWQw,UCQHX6ViZmPsWiYSFAyS0a3Q,ABSOLUTELY UNBELIEVABLE. HE ACTUALLY WON AGAIN!!!!!!!!!!!!!,2026-04-09T18:22:01Z,185839,9746,980
2026-04-09T22:18:35+00:00,MnNF5wdXWQw,UCQHX6ViZmPsWiYSFAyS0a3Q,ABSOLUTELY UNBELIEVABLE. HE ACTUALLY WON AGAIN!!!!!!!!!!!!!,2026-04-09T18:22:01Z,186024,9757,980
2026-04-09T22:19:06+00:00,MnNF5wdXWQw,UCQHX6ViZmPsWiYSFAyS0a3Q,ABSOLUTELY UNBELIEVABLE. HE ACTUALLY WON AGAIN!!!!!!!!!!!!!,2026-04-09T18:22:01Z,186052,9768,980
2026-04-09T22:19:37+00:00,MnNF5wdXWQw,UCQHX6ViZmPsWiYSFAyS0a3Q,ABSOLUTELY UNBELIEVABLE. HE ACTUALLY WON AGAIN!!!!!!!!!!!!!,2026-04-09T18:22:01Z,186122,9779,984
2026-04-09T22:20:07+00:00,MnNF5wdXWQw,UCQHX6ViZmPsWiYSFAyS0a3Q,ABSOLUTELY UNBELIEVABLE. HE ACTUALLY WON AGAIN!!!!!!!!!!!!!,2026-04-09T18:22:01Z,186122,9784,986
2026-04-09T22:20:38+00:00,MnNF5wdXWQw,UCQHX6ViZmPsWiYSFAyS0a3Q,ABSOLUTELY UNBELIEVABLE. HE ACTUALLY WON AGAIN!!!!!!!!!!!!!,2026-04-09T18:22:01Z,186245,9796,986
2026-04-09T22:21:09+00:00,MnNF5wdXWQw,UCQHX6ViZmPsWiYSFAyS0a3Q,ABSOLUTELY UNBELIEVABLE. HE ACTUALLY WON AGAIN!!!!!!!!!!!!!,2026-04-09T18:22:01Z,188317,9807,986
2026-04-09T22:21:39+00:00,MnNF5wdXWQw,UCQHX6ViZmPsWiYSFAyS0a3Q,ABSOLUTELY UNBELIEVABLE. HE ACTUALLY WON AGAIN!!!!!!!!!!!!!,2026-04-09T18:22:01Z,188485,9816,986
2026-04-09T22:22:10+00:00,MnNF5wdXWQw,UCQHX6ViZmPsWiYSFAyS0a3Q,ABSOLUTELY UNBELIEVABLE. HE ACTUALLY WON AGAIN!!!!!!!!!!!!!,2026-04-09T18:22:01Z,188570,9821,986
2026-04-09T22:22:41+00:00,MnNF5wdXWQw,UCQHX6ViZmPsWiYSFAyS0a3Q,ABSOLUTELY UNBELIEVABLE. HE ACTUALLY WON AGAIN!!!!!!!!!!!!!,2026-04-09T18:22:01Z,188693,9833,987
2026-04-09T22:23:11+00:00,MnNF5wdXWQw,UCQHX6ViZmPsWiYSFAyS0a3Q,ABSOLUTELY UNBELIEVABLE. HE ACTUALLY WON AGAIN!!!!!!!!!!!!!,2026-04-09T18:22:01Z,188693,9849,988
2026-04-09T22:23:42+00:00,MnNF5wdXWQw,UCQHX6ViZmPsWiYSFAyS0a3Q,ABSOLUTELY UNBELIEVABLE. HE ACTUALLY WON AGAIN!!!!!!!!!!!!!,2026-04-09T18:22:01Z,188766,9862,988
2026-04-09T22:24:13+00:00,MnNF5wdXWQw,UCQHX6ViZmPsWiYSFAyS0a3Q,ABSOLUTELY UNBELIEVABLE. HE ACTUALLY WON AGAIN!!!!!!!!!!!!!,2026-04-09T18:22:01Z,188898,9866,989
2026-04-09T22:24:44+00:00,MnNF5wdXWQw,UCQHX6ViZmPsWiYSFAyS0a3Q,ABSOLUTELY UNBELIEVABLE. HE ACTUALLY WON AGAIN!!!!!!!!!!!!!,2026-04-09T18:22:01Z,188988,9875,989
2026-04-09T22:25:14+00:00,MnNF5wdXWQw,UCQHX6ViZmPsWiYSFAyS0a3Q,ABSOLUTELY UNBELIEVABLE. HE ACTUALLY WON AGAIN!!!!!!!!!!!!!,2026-04-09T18:22:01Z,189078,9879,990
2026-04-09T22:25:45+00:00,MnNF5wdXWQw,UCQHX6ViZmPsWiYSFAyS0a3Q,ABSOLUTELY UNBELIEVABLE. HE ACTUALLY WON AGAIN!!!!!!!!!!!!!,2026-04-09T18:22:01Z,189164,9890,990
2026-04-09T22:26:16+00:00,MnNF5wdXWQw,UCQHX6ViZmPsWiYSFAyS0a3Q,ABSOLUTELY UNBELIEVABLE. HE ACTUALLY WON AGAIN!!!!!!!!!!!!!,2026-04-09T18:22:01Z,190899,9905,993
2026-04-09T22:26:47+00:00,MnNF5wdXWQw,UCQHX6ViZmPsWiYSFAyS0a3Q,ABSOLUTELY UNBELIEVABLE. HE ACTUALLY WON AGAIN!!!!!!!!!!!!!,2026-04-09T18:22:01Z,190980,9916,993
2026-04-09T22:27:17+00:00,MnNF5wdXWQw,UCQHX6ViZmPsWiYSFAyS0a3Q,ABSOLUTELY UNBELIEVABLE. HE ACTUALLY WON AGAIN!!!!!!!!!!!!!,2026-04-09T18:22:01Z,191051,9922,993
2026-04-09T22:27:48+00:00,MnNF5wdXWQw,UCQHX6ViZmPsWiYSFAyS0a3Q,ABSOLUTELY UNBELIEVABLE. HE ACTUALLY WON AGAIN!!!!!!!!!!!!!,2026-04-09T18:22:01Z,191149,9929,993
2026-04-09T22:28:19+00:00,MnNF5wdXWQw,UCQHX6ViZmPsWiYSFAyS0a3Q,ABSOLUTELY UNBELIEVABLE. HE ACTUALLY WON AGAIN!!!!!!!!!!!!!,2026-04-09T18:22:01Z,191186,9935,994
2026-04-09T22:28:49+00:00,MnNF5wdXWQw,UCQHX6ViZmPsWiYSFAyS0a3Q,ABSOLUTELY UNBELIEVABLE. HE ACTUALLY WON AGAIN!!!!!!!!!!!!!,2026-04-09T18:22:01Z,191353,9951,994
2026-04-09T22:29:20+00:00,MnNF5wdXWQw,UCQHX6ViZmPsWiYSFAyS0a3Q,ABSOLUTELY UNBELIEVABLE. HE ACTUALLY WON AGAIN!!!!!!!!!!!!!,2026-04-09T18:22:01Z,191462,9958,995
2026-04-09T22:29:51+00:00,MnNF5wdXWQw,UCQHX6ViZmPsWiYSFAyS0a3Q,ABSOLUTELY UNBELIEVABLE. HE ACTUALLY WON AGAIN!!!!!!!!!!!!!,2026-04-09T18:22:01Z,191557,9967,995
2026-04-09T22:30:21+00:00,MnNF5wdXWQw,UCQHX6ViZmPsWiYSFAyS0a3Q,ABSOLUTELY UNBELIEVABLE. HE ACTUALLY WON AGAIN!!!!!!!!!!!!!,2026-04-09T18:22:01Z,191557,9980,995
2026-04-09T22:30:52+00:00,MnNF5wdXWQw,UCQHX6ViZmPsWiYSFAyS0a3Q,ABSOLUTELY UNBELIEVABLE. HE ACTUALLY WON AGAIN!!!!!!!!!!!!!,2026-04-09T18:22:01Z,193230,9987,995
2026-04-09T22:31:23+00:00,MnNF5wdXWQw,UCQHX6ViZmPsWiYSFAyS0a3Q,ABSOLUTELY UNBELIEVABLE. HE ACTUALLY WON AGAIN!!!!!!!!!!!!!,2026-04-09T18:22:01Z,194428,9995,996
2026-04-09T22:31:53+00:00,MnNF5wdXWQw,UCQHX6ViZmPsWiYSFAyS0a3Q,ABSOLUTELY UNBELIEVABLE. HE ACTUALLY WON AGAIN!!!!!!!!!!!!!,2026-04-09T18:22:01Z,194462,10016,997
2026-04-09T22:32:24+00:00,MnNF5wdXWQw,UCQHX6ViZmPsWiYSFAyS0a3Q,ABSOLUTELY UNBELIEVABLE. HE ACTUALLY WON AGAIN!!!!!!!!!!!!!,2026-04-09T18:22:01Z,194627,10026,997
2026-04-09T22:32:55+00:00,MnNF5wdXWQw,UCQHX6ViZmPsWiYSFAyS0a3Q,ABSOLUTELY UNBELIEVABLE. HE ACTUALLY WON AGAIN!!!!!!!!!!!!!,2026-04-09T18:22:01Z,194650,10038,997
2026-04-09T22:33:25+00:00,MnNF5wdXWQw,UCQHX6ViZmPsWiYSFAyS0a3Q,ABSOLUTELY UNBELIEVABLE. HE ACTUALLY WON AGAIN!!!!!!!!!!!!!,2026-04-09T18:22:01Z,194717,10048,998
2026-04-09T22:33:56+00:00,MnNF5wdXWQw,UCQHX6ViZmPsWiYSFAyS0a3Q,ABSOLUTELY UNBELIEVABLE. HE ACTUALLY WON AGAIN!!!!!!!!!!!!!,2026-04-09T18:22:01Z,194792,10061,1000
2026-04-09T22:34:27+00:00,MnNF5wdXWQw,UCQHX6ViZmPsWiYSFAyS0a3Q,ABSOLUTELY UNBELIEVABLE. HE ACTUALLY WON AGAIN!!!!!!!!!!!!!,2026-04-09T18:22:01Z,194907,10078,1000
2026-04-09T22:34:57+00:00,MnNF5wdXWQw,UCQHX6ViZmPsWiYSFAyS0a3Q,ABSOLUTELY UNBELIEVABLE. HE ACTUALLY WON AGAIN!!!!!!!!!!!!!,2026-04-09T18:22:01Z,194907,10090,1001
2026-04-09T22:35:28+00:00,MnNF5wdXWQw,UCQHX6ViZmPsWiYSFAyS0a3Q,ABSOLUTELY UNBELIEVABLE. HE ACTUALLY WON AGAIN!!!!!!!!!!!!!,2026-04-09T18:22:01Z,194989,10098,1001
2026-04-09T22:35:58+00:00,MnNF5wdXWQw,UCQHX6ViZmPsWiYSFAyS0a3Q,ABSOLUTELY UNBELIEVABLE. HE ACTUALLY WON AGAIN!!!!!!!!!!!!!,2026-04-09T18:22:01Z,197415,10106,1002
2026-04-09T22:36:29+00:00,MnNF5wdXWQw,UCQHX6ViZmPsWiYSFAyS0a3Q,ABSOLUTELY UNBELIEVABLE. HE ACTUALLY WON AGAIN!!!!!!!!!!!!!,2026-04-09T18:22:01Z,197518,10121,1002
2026-04-09T22:37:00+00:00,MnNF5wdXWQw,UCQHX6ViZmPsWiYSFAyS0a3Q,ABSOLUTELY UNBELIEVABLE. HE ACTUALLY WON AGAIN!!!!!!!!!!!!!,2026-04-09T18:22:01Z,197567,10129,1002
2026-04-09T22:37:30+00:00,MnNF5wdXWQw,UCQHX6ViZmPsWiYSFAyS0a3Q,ABSOLUTELY UNBELIEVABLE. HE ACTUALLY WON AGAIN!!!!!!!!!!!!!,2026-04-09T18:22:01Z,197651,10141,1003
2026-04-09T22:38:01+00:00,MnNF5wdXWQw,UCQHX6ViZmPsWiYSFAyS0a3Q,ABSOLUTELY UNBELIEVABLE. HE ACTUALLY WON AGAIN!!!!!!!!!!!!!,2026-04-09T18:22:01Z,197749,10150,1004
2026-04-09T22:38:32+00:00,MnNF5wdXWQw,UCQHX6ViZmPsWiYSFAyS0a3Q,ABSOLUTELY UNBELIEVABLE. HE ACTUALLY WON AGAIN!!!!!!!!!!!!!,2026-04-09T18:22:01Z,197863,10162,1004
2026-04-09T22:39:02+00:00,MnNF5wdXWQw,UCQHX6ViZmPsWiYSFAyS0a3Q,ABSOLUTELY UNBELIEVABLE. HE ACTUALLY WON AGAIN!!!!!!!!!!!!!,2026-04-09T18:22:01Z,197863,10175,1006
2026-04-09T22:39:33+00:00,MnNF5wdXWQw,UCQHX6ViZmPsWiYSFAyS0a3Q,ABSOLUTELY UNBELIEVABLE. HE ACTUALLY WON AGAIN!!!!!!!!!!!!!,2026-04-09T18:22:01Z,197966,10180,1007
2026-04-09T22:40:03+00:00,MnNF5wdXWQw,UCQHX6ViZmPsWiYSFAyS0a3Q,ABSOLUTELY UNBELIEVABLE. HE ACTUALLY WON AGAIN!!!!!!!!!!!!!,2026-04-09T18:22:01Z,198079,10189,1007
2026-04-09T22:40:34+00:00,MnNF5wdXWQw,UCQHX6ViZmPsWiYSFAyS0a3Q,ABSOLUTELY UNBELIEVABLE. HE ACTUALLY WON AGAIN!!!!!!!!!!!!!,2026-04-09T18:22:01Z,198172,10196,1007
2026-04-09T22:41:04+00:00,MnNF5wdXWQw,UCQHX6ViZmPsWiYSFAyS0a3Q,ABSOLUTELY UNBELIEVABLE. HE ACTUALLY WON AGAIN!!!!!!!!!!!!!,2026-04-09T18:22:01Z,199649,10204,1007
2026-04-09T22:41:35+00:00,MnNF5wdXWQw,UCQHX6ViZmPsWiYSFAyS0a3Q,ABSOLUTELY UNBELIEVABLE. HE ACTUALLY WON AGAIN!!!!!!!!!!!!!,2026-04-09T18:22:01Z,200188,10214,1008
2026-04-09T22:42:06+00:00,MnNF5wdXWQw,UCQHX6ViZmPsWiYSFAyS0a3Q,ABSOLUTELY UNBELIEVABLE. HE ACTUALLY WON AGAIN!!!!!!!!!!!!!,2026-04-09T18:22:01Z,200318,10218,1009
2026-04-09T22:42:36+00:00,MnNF5wdXWQw,UCQHX6ViZmPsWiYSFAyS0a3Q,ABSOLUTELY UNBELIEVABLE. HE ACTUALLY WON AGAIN!!!!!!!!!!!!!,2026-04-09T18:22:01Z,200370,10228,1009
2026-04-09T22:43:07+00:00,MnNF5wdXWQw,UCQHX6ViZmPsWiYSFAyS0a3Q,ABSOLUTELY UNBELIEVABLE. HE ACTUALLY WON AGAIN!!!!!!!!!!!!!,2026-04-09T18:22:01Z,200494,10239,1009
2026-04-09T22:43:38+00:00,MnNF5wdXWQw,UCQHX6ViZmPsWiYSFAyS0a3Q,ABSOLUTELY UNBELIEVABLE. HE ACTUALLY WON AGAIN!!!!!!!!!!!!!,2026-04-09T18:22:01Z,200494,10250,1009
2026-04-09T22:44:08+00:00,MnNF5wdXWQw,UCQHX6ViZmPsWiYSFAyS0a3Q,ABSOLUTELY UNBELIEVABLE. HE ACTUALLY WON AGAIN!!!!!!!!!!!!!,2026-04-09T18:22:01Z,200603,10255,1010
2026-04-09T22:44:39+00:00,MnNF5wdXWQw,UCQHX6ViZmPsWiYSFAyS0a3Q,ABSOLUTELY UNBELIEVABLE. HE ACTUALLY WON AGAIN!!!!!!!!!!!!!,2026-04-09T18:22:01Z,200703,10266,1011
2026-04-09T22:45:10+00:00,MnNF5wdXWQw,UCQHX6ViZmPsWiYSFAyS0a3Q,ABSOLUTELY UNBELIEVABLE. HE ACTUALLY WON AGAIN!!!!!!!!!!!!!,2026-04-09T18:22:01Z,200718,10277,1011
2026-04-09T22:45:40+00:00,MnNF5wdXWQw,UCQHX6ViZmPsWiYSFAyS0a3Q,ABSOLUTELY UNBELIEVABLE. HE ACTUALLY WON AGAIN!!!!!!!!!!!!!,2026-04-09T18:22:01Z,200892,10286,1012
2026-04-09T22:46:11+00:00,MnNF5wdXWQw,UCQHX6ViZmPsWiYSFAyS0a3Q,ABSOLUTELY UNBELIEVABLE. HE ACTUALLY WON AGAIN!!!!!!!!!!!!!,2026-04-09T18:22:01Z,203858,10292,1013
2026-04-09T22:46:42+00:00,MnNF5wdXWQw,UCQHX6ViZmPsWiYSFAyS0a3Q,ABSOLUTELY UNBELIEVABLE. HE ACTUALLY WON AGAIN!!!!!!!!!!!!!,2026-04-09T18:22:01Z,203949,10299,1014
2026-04-09T22:47:12+00:00,MnNF5wdXWQw,UCQHX6ViZmPsWiYSFAyS0a3Q,ABSOLUTELY UNBELIEVABLE. HE ACTUALLY WON AGAIN!!!!!!!!!!!!!,2026-04-09T18:22:01Z,204029,10311,1015
2026-04-09T22:47:43+00:00,MnNF5wdXWQw,UCQHX6ViZmPsWiYSFAyS0a3Q,ABSOLUTELY UNBELIEVABLE. HE ACTUALLY WON AGAIN!!!!!!!!!!!!!,2026-04-09T18:22:01Z,204106,10326,1015
2026-04-09T22:48:13+00:00,MnNF5wdXWQw,UCQHX6ViZmPsWiYSFAyS0a3Q,ABSOLUTELY UNBELIEVABLE. HE ACTUALLY WON AGAIN!!!!!!!!!!!!!,2026-04-09T18:22:01Z,204210,10335,1015
2026-04-09T22:48:44+00:00,MnNF5wdXWQw,UCQHX6ViZmPsWiYSFAyS0a3Q,ABSOLUTELY UNBELIEVABLE. HE ACTUALLY WON AGAIN!!!!!!!!!!!!!,2026-04-09T18:22:01Z,204296,10338,1016
2026-04-09T22:49:15+00:00,MnNF5wdXWQw,UCQHX6ViZmPsWiYSFAyS0a3Q,ABSOLUTELY UNBELIEVABLE. HE ACTUALLY WON AGAIN!!!!!!!!!!!!!,2026-04-09T18:22:01Z,204361,10342,1016
2026-04-09T22:49:46+00:00,MnNF5wdXWQw,UCQHX6ViZmPsWiYSFAyS0a3Q,ABSOLUTELY UNBELIEVABLE. HE ACTUALLY WON AGAIN!!!!!!!!!!!!!,2026-04-09T18:22:01Z,204372,10355,1016
2026-04-09T22:50:17+00:00,MnNF5wdXWQw,UCQHX6ViZmPsWiYSFAyS0a3Q,ABSOLUTELY UNBELIEVABLE. HE ACTUALLY WON AGAIN!!!!!!!!!!!!!,2026-04-09T18:22:01Z,204445,10364,1016
2026-04-09T22:50:47+00:00,MnNF5wdXWQw,UCQHX6ViZmPsWiYSFAyS0a3Q,ABSOLUTELY UNBELIEVABLE. HE ACTUALLY WON AGAIN!!!!!!!!!!!!!,2026-04-09T18:22:01Z,207126,10370,1017
2026-04-09T22:51:18+00:00,MnNF5wdXWQw,UCQHX6ViZmPsWiYSFAyS0a3Q,ABSOLUTELY UNBELIEVABLE. HE ACTUALLY WON AGAIN!!!!!!!!!!!!!,2026-04-09T18:22:01Z,207202,10380,1017
2026-04-09T22:51:49+00:00,MnNF5wdXWQw,UCQHX6ViZmPsWiYSFAyS0a3Q,ABSOLUTELY UNBELIEVABLE. HE ACTUALLY WON AGAIN!!!!!!!!!!!!!,2026-04-09T18:22:01Z,207292,10391,1018
2026-04-09T22:52:19+00:00,MnNF5wdXWQw,UCQHX6ViZmPsWiYSFAyS0a3Q,ABSOLUTELY UNBELIEVABLE. HE ACTUALLY WON AGAIN!!!!!!!!!!!!!,2026-04-09T18:22:01Z,207328,10398,1019
2026-04-09T22:52:50+00:00,MnNF5wdXWQw,UCQHX6ViZmPsWiYSFAyS0a3Q,ABSOLUTELY UNBELIEVABLE. HE ACTUALLY WON AGAIN!!!!!!!!!!!!!,2026-04-09T18:22:01Z,207483,10411,1020
2026-04-09T22:53:21+00:00,MnNF5wdXWQw,UCQHX6ViZmPsWiYSFAyS0a3Q,ABSOLUTELY UNBELIEVABLE. HE ACTUALLY WON AGAIN!!!!!!!!!!!!!,2026-04-09T18:22:01Z,207507,10419,1020
2026-04-09T22:53:51+00:00,MnNF5wdXWQw,UCQHX6ViZmPsWiYSFAyS0a3Q,ABSOLUTELY UNBELIEVABLE. HE ACTUALLY WON AGAIN!!!!!!!!!!!!!,2026-04-09T18:22:01Z,207569,10424,1020
2026-04-09T22:54:22+00:00,MnNF5wdXWQw,UCQHX6ViZmPsWiYSFAyS0a3Q,ABSOLUTELY UNBELIEVABLE. HE ACTUALLY WON AGAIN!!!!!!!!!!!!!,2026-04-09T18:22:01Z,207667,10433,1022
2026-04-09T22:54:53+00:00,MnNF5wdXWQw,UCQHX6ViZmPsWiYSFAyS0a3Q,ABSOLUTELY UNBELIEVABLE. HE ACTUALLY WON AGAIN!!!!!!!!!!!!!,2026-04-09T18:22:01Z,207739,10441,1023
2026-04-09T22:55:23+00:00,MnNF5wdXWQw,UCQHX6ViZmPsWiYSFAyS0a3Q,ABSOLUTELY UNBELIEVABLE. HE ACTUALLY WON AGAIN!!!!!!!!!!!!!,2026-04-09T18:22:01Z,207825,10449,1025
2026-04-09T22:55:54+00:00,MnNF5wdXWQw,UCQHX6ViZmPsWiYSFAyS0a3Q,ABSOLUTELY UNBELIEVABLE. HE ACTUALLY WON AGAIN!!!!!!!!!!!!!,2026-04-09T18:22:01Z,210461,10460,1026
2026-04-09T22:56:25+00:00,MnNF5wdXWQw,UCQHX6ViZmPsWiYSFAyS0a3Q,ABSOLUTELY UNBELIEVABLE. HE ACTUALLY WON AGAIN!!!!!!!!!!!!!,2026-04-09T18:22:01Z,210547,10465,1028
2026-04-09T22:56:55+00:00,MnNF5wdXWQw,UCQHX6ViZmPsWiYSFAyS0a3Q,ABSOLUTELY UNBELIEVABLE. HE ACTUALLY WON AGAIN!!!!!!!!!!!!!,2026-04-09T18:22:01Z,210623,10470,1032
2026-04-09T22:57:26+00:00,MnNF5wdXWQw,UCQHX6ViZmPsWiYSFAyS0a3Q,ABSOLUTELY UNBELIEVABLE. HE ACTUALLY WON AGAIN!!!!!!!!!!!!!,2026-04-09T18:22:01Z,210737,10476,1033
2026-04-09T22:57:57+00:00,MnNF5wdXWQw,UCQHX6ViZmPsWiYSFAyS0a3Q,ABSOLUTELY UNBELIEVABLE. HE ACTUALLY WON AGAIN!!!!!!!!!!!!!,2026-04-09T18:22:01Z,210737,10485,1033
2026-04-09T22:58:27+00:00,MnNF5wdXWQw,UCQHX6ViZmPsWiYSFAyS0a3Q,ABSOLUTELY UNBELIEVABLE. HE ACTUALLY WON AGAIN!!!!!!!!!!!!!,2026-04-09T18:22:01Z,210825,10495,1033
2026-04-09T22:58:58+00:00,MnNF5wdXWQw,UCQHX6ViZmPsWiYSFAyS0a3Q,ABSOLUTELY UNBELIEVABLE. HE ACTUALLY WON AGAIN!!!!!!!!!!!!!,2026-04-09T18:22:01Z,210918,10501,1033
2026-04-09T22:59:28+00:00,MnNF5wdXWQw,UCQHX6ViZmPsWiYSFAyS0a3Q,ABSOLUTELY UNBELIEVABLE. HE ACTUALLY WON AGAIN!!!!!!!!!!!!!,2026-04-09T18:22:01Z,210940,10513,1035
2026-04-09T22:59:59+00:00,MnNF5wdXWQw,UCQHX6ViZmPsWiYSFAyS0a3Q,ABSOLUTELY UNBELIEVABLE. HE ACTUALLY WON AGAIN!!!!!!!!!!!!!,2026-04-09T18:22:01Z,211018,10518,1036
2026-04-09T23:00:30+00:00,MnNF5wdXWQw,UCQHX6ViZmPsWiYSFAyS0a3Q,ABSOLUTELY UNBELIEVABLE. HE ACTUALLY WON AGAIN!!!!!!!!!!!!!,2026-04-09T18:22:01Z,211099,10526,1036
2026-04-09T23:01:00+00:00,MnNF5wdXWQw,UCQHX6ViZmPsWiYSFAyS0a3Q,ABSOLUTELY UNBELIEVABLE. HE ACTUALLY WON AGAIN!!!!!!!!!!!!!,2026-04-09T18:22:01Z,211734,10535,1037
2026-04-09T23:01:31+00:00,MnNF5wdXWQw,UCQHX6ViZmPsWiYSFAyS0a3Q,ABSOLUTELY UNBELIEVABLE. HE ACTUALLY WON AGAIN!!!!!!!!!!!!!,2026-04-09T18:22:01Z,211773,10541,1038
2026-04-09T23:02:02+00:00,MnNF5wdXWQw,UCQHX6ViZmPsWiYSFAyS0a3Q,ABSOLUTELY UNBELIEVABLE. HE ACTUALLY WON AGAIN!!!!!!!!!!!!!,2026-04-09T18:22:01Z,211862,10551,1038
2026-04-09T23:02:32+00:00,MnNF5wdXWQw,UCQHX6ViZmPsWiYSFAyS0a3Q,ABSOLUTELY UNBELIEVABLE. HE ACTUALLY WON AGAIN!!!!!!!!!!!!!,2026-04-09T18:22:01Z,211862,10556,1038
2026-04-09T23:03:03+00:00,MnNF5wdXWQw,UCQHX6ViZmPsWiYSFAyS0a3Q,ABSOLUTELY UNBELIEVABLE. HE ACTUALLY WON AGAIN!!!!!!!!!!!!!,2026-04-09T18:22:01Z,212021,10561,1039
2026-04-09T23:03:34+00:00,MnNF5wdXWQw,UCQHX6ViZmPsWiYSFAyS0a3Q,ABSOLUTELY UNBELIEVABLE. HE ACTUALLY WON AGAIN!!!!!!!!!!!!!,2026-04-09T18:22:01Z,212057,10567,1039
2026-04-09T23:04:05+00:00,MnNF5wdXWQw,UCQHX6ViZmPsWiYSFAyS0a3Q,ABSOLUTELY UNBELIEVABLE. HE ACTUALLY WON AGAIN!!!!!!!!!!!!!,2026-04-09T18:22:01Z,212171,10579,1039
2026-04-09T23:04:35+00:00,MnNF5wdXWQw,UCQHX6ViZmPsWiYSFAyS0a3Q,ABSOLUTELY UNBELIEVABLE. HE ACTUALLY WON AGAIN!!!!!!!!!!!!!,2026-04-09T18:22:01Z,212171,10589,1042
2026-04-09T23:05:06+00:00,MnNF5wdXWQw,UCQHX6ViZmPsWiYSFAyS0a3Q,ABSOLUTELY UNBELIEVABLE. HE ACTUALLY WON AGAIN!!!!!!!!!!!!!,2026-04-09T18:22:01Z,212205,10600,1043
2026-04-09T23:05:36+00:00,MnNF5wdXWQw,UCQHX6ViZmPsWiYSFAyS0a3Q,ABSOLUTELY UNBELIEVABLE. HE ACTUALLY WON AGAIN!!!!!!!!!!!!!,2026-04-09T18:22:01Z,212333,10609,1044
2026-04-09T23:06:07+00:00,MnNF5wdXWQw,UCQHX6ViZmPsWiYSFAyS0a3Q,ABSOLUTELY UNBELIEVABLE. HE ACTUALLY WON AGAIN!!!!!!!!!!!!!,2026-04-09T18:22:01Z,214982,10616,1044
2026-04-09T23:06:38+00:00,MnNF5wdXWQw,UCQHX6ViZmPsWiYSFAyS0a3Q,ABSOLUTELY UNBELIEVABLE. HE ACTUALLY WON AGAIN!!!!!!!!!!!!!,2026-04-09T18:22:01Z,215404,10623,1044
2026-04-09T23:07:09+00:00,MnNF5wdXWQw,UCQHX6ViZmPsWiYSFAyS0a3Q,ABSOLUTELY UNBELIEVABLE. HE ACTUALLY WON AGAIN!!!!!!!!!!!!!,2026-04-09T18:22:01Z,215415,10635,1044
2026-04-09T23:07:39+00:00,MnNF5wdXWQw,UCQHX6ViZmPsWiYSFAyS0a3Q,ABSOLUTELY UNBELIEVABLE. HE ACTUALLY WON AGAIN!!!!!!!!!!!!!,2026-04-09T18:22:01Z,215448,10644,1045
2026-04-09T23:08:10+00:00,MnNF5wdXWQw,UCQHX6ViZmPsWiYSFAyS0a3Q,ABSOLUTELY UNBELIEVABLE. HE ACTUALLY WON AGAIN!!!!!!!!!!!!!,2026-04-09T18:22:01Z,215578,10651,1045
2026-04-09T23:08:40+00:00,MnNF5wdXWQw,UCQHX6ViZmPsWiYSFAyS0a3Q,ABSOLUTELY UNBELIEVABLE. HE ACTUALLY WON AGAIN!!!!!!!!!!!!!,2026-04-09T18:22:01Z,215588,10660,1045
2026-04-09T23:09:11+00:00,MnNF5wdXWQw,UCQHX6ViZmPsWiYSFAyS0a3Q,ABSOLUTELY UNBELIEVABLE. HE ACTUALLY WON AGAIN!!!!!!!!!!!!!,2026-04-09T18:22:01Z,215617,10671,1046
2026-04-09T23:09:42+00:00,MnNF5wdXWQw,UCQHX6ViZmPsWiYSFAyS0a3Q,ABSOLUTELY UNBELIEVABLE. HE ACTUALLY WON AGAIN!!!!!!!!!!!!!,2026-04-09T18:22:01Z,215735,10677,1046
2026-04-09T23:10:12+00:00,MnNF5wdXWQw,UCQHX6ViZmPsWiYSFAyS0a3Q,ABSOLUTELY UNBELIEVABLE. HE ACTUALLY WON AGAIN!!!!!!!!!!!!!,2026-04-09T18:22:01Z,215764,10679,1046
2026-04-09T23:10:43+00:00,MnNF5wdXWQw,UCQHX6ViZmPsWiYSFAyS0a3Q,ABSOLUTELY UNBELIEVABLE. HE ACTUALLY WON AGAIN!!!!!!!!!!!!!,2026-04-09T18:22:01Z,217562,10687,1046
2026-04-09T23:11:14+00:00,MnNF5wdXWQw,UCQHX6ViZmPsWiYSFAyS0a3Q,ABSOLUTELY UNBELIEVABLE. HE ACTUALLY WON AGAIN!!!!!!!!!!!!!,2026-04-09T18:22:01Z,219179,10693,1048
2026-04-09T23:11:44+00:00,MnNF5wdXWQw,UCQHX6ViZmPsWiYSFAyS0a3Q,ABSOLUTELY UNBELIEVABLE. HE ACTUALLY WON AGAIN!!!!!!!!!!!!!,2026-04-09T18:22:01Z,219207,10704,1048
2026-04-09T23:12:15+00:00,MnNF5wdXWQw,UCQHX6ViZmPsWiYSFAyS0a3Q,ABSOLUTELY UNBELIEVABLE. HE ACTUALLY WON AGAIN!!!!!!!!!!!!!,2026-04-09T18:22:01Z,219326,10711,1048
2026-04-09T23:12:45+00:00,MnNF5wdXWQw,UCQHX6ViZmPsWiYSFAyS0a3Q,ABSOLUTELY UNBELIEVABLE. HE ACTUALLY WON AGAIN!!!!!!!!!!!!!,2026-04-09T18:22:01Z,219331,10716,1048
2026-04-09T23:13:16+00:00,MnNF5wdXWQw,UCQHX6ViZmPsWiYSFAyS0a3Q,ABSOLUTELY UNBELIEVABLE. HE ACTUALLY WON AGAIN!!!!!!!!!!!!!,2026-04-09T18:22:01Z,219499,10727,1048
2026-04-09T23:13:47+00:00,MnNF5wdXWQw,UCQHX6ViZmPsWiYSFAyS0a3Q,ABSOLUTELY UNBELIEVABLE. HE ACTUALLY WON AGAIN!!!!!!!!!!!!!,2026-04-09T18:22:01Z,219509,10735,1048
2026-04-09T23:14:17+00:00,MnNF5wdXWQw,UCQHX6ViZmPsWiYSFAyS0a3Q,ABSOLUTELY UNBELIEVABLE. HE ACTUALLY WON AGAIN!!!!!!!!!!!!!,2026-04-09T18:22:01Z,219509,10750,1048
2026-04-09T23:14:48+00:00,MnNF5wdXWQw,UCQHX6ViZmPsWiYSFAyS0a3Q,ABSOLUTELY UNBELIEVABLE. HE ACTUALLY WON AGAIN!!!!!!!!!!!!!,2026-04-09T18:22:01Z,219596,10756,1048
2026-04-09T23:15:19+00:00,MnNF5wdXWQw,UCQHX6ViZmPsWiYSFAyS0a3Q,ABSOLUTELY UNBELIEVABLE. HE ACTUALLY WON AGAIN!!!!!!!!!!!!!,2026-04-09T18:22:01Z,219672,10766,1048
2026-04-09T23:15:49+00:00,MnNF5wdXWQw,UCQHX6ViZmPsWiYSFAyS0a3Q,ABSOLUTELY UNBELIEVABLE. HE ACTUALLY WON AGAIN!!!!!!!!!!!!!,2026-04-09T18:22:01Z,219672,10771,1048
2026-04-09T23:16:20+00:00,MnNF5wdXWQw,UCQHX6ViZmPsWiYSFAyS0a3Q,ABSOLUTELY UNBELIEVABLE. HE ACTUALLY WON AGAIN!!!!!!!!!!!!!,2026-04-09T18:22:01Z,222286,10777,1049
2026-04-09T23:16:50+00:00,MnNF5wdXWQw,UCQHX6ViZmPsWiYSFAyS0a3Q,ABSOLUTELY UNBELIEVABLE. HE ACTUALLY WON AGAIN!!!!!!!!!!!!!,2026-04-09T18:22:01Z,222403,10789,1050
2026-04-09T23:17:21+00:00,MnNF5wdXWQw,UCQHX6ViZmPsWiYSFAyS0a3Q,ABSOLUTELY UNBELIEVABLE. HE ACTUALLY WON AGAIN!!!!!!!!!!!!!,2026-04-09T18:22:01Z,222440,10795,1050
2026-04-09T23:17:52+00:00,MnNF5wdXWQw,UCQHX6ViZmPsWiYSFAyS0a3Q,ABSOLUTELY UNBELIEVABLE. HE ACTUALLY WON AGAIN!!!!!!!!!!!!!,2026-04-09T18:22:01Z,222542,10803,1052
2026-04-09T23:18:22+00:00,MnNF5wdXWQw,UCQHX6ViZmPsWiYSFAyS0a3Q,ABSOLUTELY UNBELIEVABLE. HE ACTUALLY WON AGAIN!!!!!!!!!!!!!,2026-04-09T18:22:01Z,222589,10817,1052
2026-04-09T23:18:53+00:00,MnNF5wdXWQw,UCQHX6ViZmPsWiYSFAyS0a3Q,ABSOLUTELY UNBELIEVABLE. HE ACTUALLY WON AGAIN!!!!!!!!!!!!!,2026-04-09T18:22:01Z,222627,10821,1053
2026-04-09T23:19:24+00:00,MnNF5wdXWQw,UCQHX6ViZmPsWiYSFAyS0a3Q,ABSOLUTELY UNBELIEVABLE. HE ACTUALLY WON AGAIN!!!!!!!!!!!!!,2026-04-09T18:22:01Z,222692,10829,1053
2026-04-09T23:19:54+00:00,MnNF5wdXWQw,UCQHX6ViZmPsWiYSFAyS0a3Q,ABSOLUTELY UNBELIEVABLE. HE ACTUALLY WON AGAIN!!!!!!!!!!!!!,2026-04-09T18:22:01Z,222727,10837,1053
2026-04-09T23:20:25+00:00,MnNF5wdXWQw,UCQHX6ViZmPsWiYSFAyS0a3Q,ABSOLUTELY UNBELIEVABLE. HE ACTUALLY WON AGAIN!!!!!!!!!!!!!,2026-04-09T18:22:01Z,222829,10846,1053
2026-04-09T23:20:56+00:00,MnNF5wdXWQw,UCQHX6ViZmPsWiYSFAyS0a3Q,ABSOLUTELY UNBELIEVABLE. HE ACTUALLY WON AGAIN!!!!!!!!!!!!!,2026-04-09T18:22:01Z,224651,10853,1053
2026-04-09T23:21:26+00:00,MnNF5wdXWQw,UCQHX6ViZmPsWiYSFAyS0a3Q,ABSOLUTELY UNBELIEVABLE. HE ACTUALLY WON AGAIN!!!!!!!!!!!!!,2026-04-09T18:22:01Z,225430,10859,1054
2026-04-09T23:21:57+00:00,MnNF5wdXWQw,UCQHX6ViZmPsWiYSFAyS0a3Q,ABSOLUTELY UNBELIEVABLE. HE ACTUALLY WON AGAIN!!!!!!!!!!!!!,2026-04-09T18:22:01Z,225536,10862,1054
2026-04-09T23:22:27+00:00,MnNF5wdXWQw,UCQHX6ViZmPsWiYSFAyS0a3Q,ABSOLUTELY UNBELIEVABLE. HE ACTUALLY WON AGAIN!!!!!!!!!!!!!,2026-04-09T18:22:01Z,225599,10873,1056
2026-04-09T23:22:58+00:00,MnNF5wdXWQw,UCQHX6ViZmPsWiYSFAyS0a3Q,ABSOLUTELY UNBELIEVABLE. HE ACTUALLY WON AGAIN!!!!!!!!!!!!!,2026-04-09T18:22:01Z,225697,10884,1056
2026-04-09T23:23:29+00:00,MnNF5wdXWQw,UCQHX6ViZmPsWiYSFAyS0a3Q,ABSOLUTELY UNBELIEVABLE. HE ACTUALLY WON AGAIN!!!!!!!!!!!!!,2026-04-09T18:22:01Z,225710,10890,1056
2026-04-09T23:23:59+00:00,MnNF5wdXWQw,UCQHX6ViZmPsWiYSFAyS0a3Q,ABSOLUTELY UNBELIEVABLE. HE ACTUALLY WON AGAIN!!!!!!!!!!!!!,2026-04-09T18:22:01Z,225853,10894,1056
2026-04-09T23:24:30+00:00,MnNF5wdXWQw,UCQHX6ViZmPsWiYSFAyS0a3Q,ABSOLUTELY UNBELIEVABLE. HE ACTUALLY WON AGAIN!!!!!!!!!!!!!,2026-04-09T18:22:01Z,225883,10904,1057
2026-04-09T23:25:01+00:00,MnNF5wdXWQw,UCQHX6ViZmPsWiYSFAyS0a3Q,ABSOLUTELY UNBELIEVABLE. HE ACTUALLY WON AGAIN!!!!!!!!!!!!!,2026-04-09T18:22:01Z,225923,10914,1057
2026-04-09T23:25:31+00:00,MnNF5wdXWQw,UCQHX6ViZmPsWiYSFAyS0a3Q,ABSOLUTELY UNBELIEVABLE. HE ACTUALLY WON AGAIN!!!!!!!!!!!!!,2026-04-09T18:22:01Z,226034,10922,1058
2026-04-09T23:26:02+00:00,MnNF5wdXWQw,UCQHX6ViZmPsWiYSFAyS0a3Q,ABSOLUTELY UNBELIEVABLE. HE ACTUALLY WON AGAIN!!!!!!!!!!!!!,2026-04-09T18:22:01Z,227879,10928,1058
2026-04-09T23:26:33+00:00,MnNF5wdXWQw,UCQHX6ViZmPsWiYSFAyS0a3Q,ABSOLUTELY UNBELIEVABLE. HE ACTUALLY WON AGAIN!!!!!!!!!!!!!,2026-04-09T18:22:01Z,228836,10935,1058
2026-04-09T23:27:03+00:00,MnNF5wdXWQw,UCQHX6ViZmPsWiYSFAyS0a3Q,ABSOLUTELY UNBELIEVABLE. HE ACTUALLY WON AGAIN!!!!!!!!!!!!!,2026-04-09T18:22:01Z,228938,10943,1059
2026-04-09T23:27:34+00:00,MnNF5wdXWQw,UCQHX6ViZmPsWiYSFAyS0a3Q,ABSOLUTELY UNBELIEVABLE. HE ACTUALLY WON AGAIN!!!!!!!!!!!!!,2026-04-09T18:22:01Z,228969,10950,1059
2026-04-09T23:28:04+00:00,MnNF5wdXWQw,UCQHX6ViZmPsWiYSFAyS0a3Q,ABSOLUTELY UNBELIEVABLE. HE ACTUALLY WON AGAIN!!!!!!!!!!!!!,2026-04-09T18:22:01Z,228969,10957,1059
2026-04-09T23:28:35+00:00,MnNF5wdXWQw,UCQHX6ViZmPsWiYSFAyS0a3Q,ABSOLUTELY UNBELIEVABLE. HE ACTUALLY WON AGAIN!!!!!!!!!!!!!,2026-04-09T18:22:01Z,229078,10965,1059
2026-04-09T23:29:06+00:00,MnNF5wdXWQw,UCQHX6ViZmPsWiYSFAyS0a3Q,ABSOLUTELY UNBELIEVABLE. HE ACTUALLY WON AGAIN!!!!!!!!!!!!!,2026-04-09T18:22:01Z,229114,10975,1059
2026-04-09T23:29:36+00:00,MnNF5wdXWQw,UCQHX6ViZmPsWiYSFAyS0a3Q,ABSOLUTELY UNBELIEVABLE. HE ACTUALLY WON AGAIN!!!!!!!!!!!!!,2026-04-09T18:22:01Z,229214,10983,1059
2026-04-09T23:30:07+00:00,MnNF5wdXWQw,UCQHX6ViZmPsWiYSFAyS0a3Q,ABSOLUTELY UNBELIEVABLE. HE ACTUALLY WON AGAIN!!!!!!!!!!!!!,2026-04-09T18:22:01Z,229225,10987,1060
2026-04-09T23:30:38+00:00,MnNF5wdXWQw,UCQHX6ViZmPsWiYSFAyS0a3Q,ABSOLUTELY UNBELIEVABLE. HE ACTUALLY WON AGAIN!!!!!!!!!!!!!,2026-04-09T18:22:01Z,229355,10991,1061
2026-04-09T23:31:08+00:00,MnNF5wdXWQw,UCQHX6ViZmPsWiYSFAyS0a3Q,ABSOLUTELY UNBELIEVABLE. HE ACTUALLY WON AGAIN!!!!!!!!!!!!!,2026-04-09T18:22:01Z,231657,11000,1061
2026-04-09T23:31:39+00:00,MnNF5wdXWQw,UCQHX6ViZmPsWiYSFAyS0a3Q,ABSOLUTELY UNBELIEVABLE. HE ACTUALLY WON AGAIN!!!!!!!!!!!!!,2026-04-09T18:22:01Z,231690,11006,1061
2026-04-09T23:32:10+00:00,MnNF5wdXWQw,UCQHX6ViZmPsWiYSFAyS0a3Q,ABSOLUTELY UNBELIEVABLE. HE ACTUALLY WON AGAIN!!!!!!!!!!!!!,2026-04-09T18:22:01Z,231771,11015,1062
2026-04-09T23:32:40+00:00,MnNF5wdXWQw,UCQHX6ViZmPsWiYSFAyS0a3Q,ABSOLUTELY UNBELIEVABLE. HE ACTUALLY WON AGAIN!!!!!!!!!!!!!,2026-04-09T18:22:01Z,231787,11028,1063
2026-04-09T23:33:11+00:00,MnNF5wdXWQw,UCQHX6ViZmPsWiYSFAyS0a3Q,ABSOLUTELY UNBELIEVABLE. HE ACTUALLY WON AGAIN!!!!!!!!!!!!!,2026-04-09T18:22:01Z,231819,11029,1064
2026-04-09T23:33:42+00:00,MnNF5wdXWQw,UCQHX6ViZmPsWiYSFAyS0a3Q,ABSOLUTELY UNBELIEVABLE. HE ACTUALLY WON AGAIN!!!!!!!!!!!!!,2026-04-09T18:22:01Z,231919,11031,1064
2026-04-09T23:34:12+00:00,MnNF5wdXWQw,UCQHX6ViZmPsWiYSFAyS0a3Q,ABSOLUTELY UNBELIEVABLE. HE ACTUALLY WON AGAIN!!!!!!!!!!!!!,2026-04-09T18:22:01Z,231954,11038,1065
2026-04-09T23:34:43+00:00,MnNF5wdXWQw,UCQHX6ViZmPsWiYSFAyS0a3Q,ABSOLUTELY UNBELIEVABLE. HE ACTUALLY WON AGAIN!!!!!!!!!!!!!,2026-04-09T18:22:01Z,232051,11039,1065
2026-04-09T23:35:13+00:00,MnNF5wdXWQw,UCQHX6ViZmPsWiYSFAyS0a3Q,ABSOLUTELY UNBELIEVABLE. HE ACTUALLY WON AGAIN!!!!!!!!!!!!!,2026-04-09T18:22:01Z,232103,11048,1067
2026-04-09T23:35:44+00:00,MnNF5wdXWQw,UCQHX6ViZmPsWiYSFAyS0a3Q,ABSOLUTELY UNBELIEVABLE. HE ACTUALLY WON AGAIN!!!!!!!!!!!!!,2026-04-09T18:22:01Z,232103,11054,1067
2026-04-09T23:36:15+00:00,MnNF5wdXWQw,UCQHX6ViZmPsWiYSFAyS0a3Q,ABSOLUTELY UNBELIEVABLE. HE ACTUALLY WON AGAIN!!!!!!!!!!!!!,2026-04-09T18:22:01Z,235440,11057,1067
2026-04-09T23:36:45+00:00,MnNF5wdXWQw,UCQHX6ViZmPsWiYSFAyS0a3Q,ABSOLUTELY UNBELIEVABLE. HE ACTUALLY WON AGAIN!!!!!!!!!!!!!,2026-04-09T18:22:01Z,235559,11064,1067
2026-04-09T23:37:16+00:00,MnNF5wdXWQw,UCQHX6ViZmPsWiYSFAyS0a3Q,ABSOLUTELY UNBELIEVABLE. HE ACTUALLY WON AGAIN!!!!!!!!!!!!!,2026-04-09T18:22:01Z,235572,11072,1069
2026-04-09T23:37:46+00:00,MnNF5wdXWQw,UCQHX6ViZmPsWiYSFAyS0a3Q,ABSOLUTELY UNBELIEVABLE. HE ACTUALLY WON AGAIN!!!!!!!!!!!!!,2026-04-09T18:22:01Z,235607,11076,1069
2026-04-09T23:38:17+00:00,MnNF5wdXWQw,UCQHX6ViZmPsWiYSFAyS0a3Q,ABSOLUTELY UNBELIEVABLE. HE ACTUALLY WON AGAIN!!!!!!!!!!!!!,2026-04-09T18:22:01Z,235607,11083,1069
2026-04-09T23:38:48+00:00,MnNF5wdXWQw,UCQHX6ViZmPsWiYSFAyS0a3Q,ABSOLUTELY UNBELIEVABLE. HE ACTUALLY WON AGAIN!!!!!!!!!!!!!,2026-04-09T18:22:01Z,235707,11087,1070
2026-04-09T23:39:18+00:00,MnNF5wdXWQw,UCQHX6ViZmPsWiYSFAyS0a3Q,ABSOLUTELY UNBELIEVABLE. HE ACTUALLY WON AGAIN!!!!!!!!!!!!!,2026-04-09T18:22:01Z,235740,11095,1071
2026-04-09T23:39:49+00:00,MnNF5wdXWQw,UCQHX6ViZmPsWiYSFAyS0a3Q,ABSOLUTELY UNBELIEVABLE. HE ACTUALLY WON AGAIN!!!!!!!!!!!!!,2026-04-09T18:22:01Z,235832,11102,1071
2026-04-09T23:40:20+00:00,MnNF5wdXWQw,UCQHX6ViZmPsWiYSFAyS0a3Q,ABSOLUTELY UNBELIEVABLE. HE ACTUALLY WON AGAIN!!!!!!!!!!!!!,2026-04-09T18:22:01Z,235856,11111,1072
2026-04-09T23:40:50+00:00,MnNF5wdXWQw,UCQHX6ViZmPsWiYSFAyS0a3Q,ABSOLUTELY UNBELIEVABLE. HE ACTUALLY WON AGAIN!!!!!!!!!!!!!,2026-04-09T18:22:01Z,239723,11118,1072
2026-04-09T23:41:21+00:00,MnNF5wdXWQw,UCQHX6ViZmPsWiYSFAyS0a3Q,ABSOLUTELY UNBELIEVABLE. HE ACTUALLY WON AGAIN!!!!!!!!!!!!!,2026-04-09T18:22:01Z,240255,11130,1073
2026-04-09T23:41:52+00:00,MnNF5wdXWQw,UCQHX6ViZmPsWiYSFAyS0a3Q,ABSOLUTELY UNBELIEVABLE. HE ACTUALLY WON AGAIN!!!!!!!!!!!!!,2026-04-09T18:22:01Z,240255,11135,1073
2026-04-09T23:42:22+00:00,MnNF5wdXWQw,UCQHX6ViZmPsWiYSFAyS0a3Q,ABSOLUTELY UNBELIEVABLE. HE ACTUALLY WON AGAIN!!!!!!!!!!!!!,2026-04-09T18:22:01Z,240312,11143,1073
2026-04-09T23:42:53+00:00,MnNF5wdXWQw,UCQHX6ViZmPsWiYSFAyS0a3Q,ABSOLUTELY UNBELIEVABLE. HE ACTUALLY WON AGAIN!!!!!!!!!!!!!,2026-04-09T18:22:01Z,240331,11149,1075
2026-04-09T23:43:24+00:00,MnNF5wdXWQw,UCQHX6ViZmPsWiYSFAyS0a3Q,ABSOLUTELY UNBELIEVABLE. HE ACTUALLY WON AGAIN!!!!!!!!!!!!!,2026-04-09T18:22:01Z,240368,11156,1075
2026-04-09T23:43:54+00:00,MnNF5wdXWQw,UCQHX6ViZmPsWiYSFAyS0a3Q,ABSOLUTELY UNBELIEVABLE. HE ACTUALLY WON AGAIN!!!!!!!!!!!!!,2026-04-09T18:22:01Z,240461,11159,1076
2026-04-09T23:44:25+00:00,MnNF5wdXWQw,UCQHX6ViZmPsWiYSFAyS0a3Q,ABSOLUTELY UNBELIEVABLE. HE ACTUALLY WON AGAIN!!!!!!!!!!!!!,2026-04-09T18:22:01Z,240549,11169,1077
2026-04-09T23:44:56+00:00,MnNF5wdXWQw,UCQHX6ViZmPsWiYSFAyS0a3Q,ABSOLUTELY UNBELIEVABLE. HE ACTUALLY WON AGAIN!!!!!!!!!!!!!,2026-04-09T18:22:01Z,240585,11171,1077
2026-04-09T23:45:26+00:00,MnNF5wdXWQw,UCQHX6ViZmPsWiYSFAyS0a3Q,ABSOLUTELY UNBELIEVABLE. HE ACTUALLY WON AGAIN!!!!!!!!!!!!!,2026-04-09T18:22:01Z,240604,11180,1077
2026-04-09T23:45:57+00:00,MnNF5wdXWQw,UCQHX6ViZmPsWiYSFAyS0a3Q,ABSOLUTELY UNBELIEVABLE. HE ACTUALLY WON AGAIN!!!!!!!!!!!!!,2026-04-09T18:22:01Z,244483,11183,1077
2026-04-09T23:46:28+00:00,MnNF5wdXWQw,UCQHX6ViZmPsWiYSFAyS0a3Q,ABSOLUTELY UNBELIEVABLE. HE ACTUALLY WON AGAIN!!!!!!!!!!!!!,2026-04-09T18:22:01Z,245115,11194,1077
2026-04-09T23:46:58+00:00,MnNF5wdXWQw,UCQHX6ViZmPsWiYSFAyS0a3Q,ABSOLUTELY UNBELIEVABLE. HE ACTUALLY WON AGAIN!!!!!!!!!!!!!,2026-04-09T18:22:01Z,245115,11199,1077
2026-04-09T23:47:29+00:00,MnNF5wdXWQw,UCQHX6ViZmPsWiYSFAyS0a3Q,ABSOLUTELY UNBELIEVABLE. HE ACTUALLY WON AGAIN!!!!!!!!!!!!!,2026-04-09T18:22:01Z,245115,11203,1077
2026-04-09T23:47:59+00:00,MnNF5wdXWQw,UCQHX6ViZmPsWiYSFAyS0a3Q,ABSOLUTELY UNBELIEVABLE. HE ACTUALLY WON AGAIN!!!!!!!!!!!!!,2026-04-09T18:22:01Z,245115,11207,1078
2026-04-09T23:48:30+00:00,MnNF5wdXWQw,UCQHX6ViZmPsWiYSFAyS0a3Q,ABSOLUTELY UNBELIEVABLE. HE ACTUALLY WON AGAIN!!!!!!!!!!!!!,2026-04-09T18:22:01Z,245115,11216,1079
2026-04-09T23:49:01+00:00,MnNF5wdXWQw,UCQHX6ViZmPsWiYSFAyS0a3Q,ABSOLUTELY UNBELIEVABLE. HE ACTUALLY WON AGAIN!!!!!!!!!!!!!,2026-04-09T18:22:01Z,245115,11222,1080
2026-04-09T23:49:31+00:00,MnNF5wdXWQw,UCQHX6ViZmPsWiYSFAyS0a3Q,ABSOLUTELY UNBELIEVABLE. HE ACTUALLY WON AGAIN!!!!!!!!!!!!!,2026-04-09T18:22:01Z,245115,11225,1080
2026-04-09T23:50:02+00:00,MnNF5wdXWQw,UCQHX6ViZmPsWiYSFAyS0a3Q,ABSOLUTELY UNBELIEVABLE. HE ACTUALLY WON AGAIN!!!!!!!!!!!!!,2026-04-09T18:22:01Z,245115,11230,1081
2026-04-09T23:50:33+00:00,MnNF5wdXWQw,UCQHX6ViZmPsWiYSFAyS0a3Q,ABSOLUTELY UNBELIEVABLE. HE ACTUALLY WON AGAIN!!!!!!!!!!!!!,2026-04-09T18:22:01Z,245115,11232,1082
2026-04-09T23:51:03+00:00,MnNF5wdXWQw,UCQHX6ViZmPsWiYSFAyS0a3Q,ABSOLUTELY UNBELIEVABLE. HE ACTUALLY WON AGAIN!!!!!!!!!!!!!,2026-04-09T18:22:01Z,245115,11234,1082
2026-04-09T23:51:34+00:00,MnNF5wdXWQw,UCQHX6ViZmPsWiYSFAyS0a3Q,ABSOLUTELY UNBELIEVABLE. HE ACTUALLY WON AGAIN!!!!!!!!!!!!!,2026-04-09T18:22:01Z,245752,11239,1082
2026-04-09T23:52:05+00:00,MnNF5wdXWQw,UCQHX6ViZmPsWiYSFAyS0a3Q,ABSOLUTELY UNBELIEVABLE. HE ACTUALLY WON AGAIN!!!!!!!!!!!!!,2026-04-09T18:22:01Z,245752,11243,1083
2026-04-09T23:52:35+00:00,MnNF5wdXWQw,UCQHX6ViZmPsWiYSFAyS0a3Q,ABSOLUTELY UNBELIEVABLE. HE ACTUALLY WON AGAIN!!!!!!!!!!!!!,2026-04-09T18:22:01Z,245752,11247,1083
2026-04-09T23:53:06+00:00,MnNF5wdXWQw,UCQHX6ViZmPsWiYSFAyS0a3Q,ABSOLUTELY UNBELIEVABLE. HE ACTUALLY WON AGAIN!!!!!!!!!!!!!,2026-04-09T18:22:01Z,245752,11253,1085
2026-04-09T23:53:37+00:00,MnNF5wdXWQw,UCQHX6ViZmPsWiYSFAyS0a3Q,ABSOLUTELY UNBELIEVABLE. HE ACTUALLY WON AGAIN!!!!!!!!!!!!!,2026-04-09T18:22:01Z,245752,11265,1085
2026-04-09T23:54:07+00:00,MnNF5wdXWQw,UCQHX6ViZmPsWiYSFAyS0a3Q,ABSOLUTELY UNBELIEVABLE. HE ACTUALLY WON AGAIN!!!!!!!!!!!!!,2026-04-09T18:22:01Z,245752,11273,1085
2026-04-09T23:54:38+00:00,MnNF5wdXWQw,UCQHX6ViZmPsWiYSFAyS0a3Q,ABSOLUTELY UNBELIEVABLE. HE ACTUALLY WON AGAIN!!!!!!!!!!!!!,2026-04-09T18:22:01Z,245752,11281,1086
2026-04-09T23:55:09+00:00,MnNF5wdXWQw,UCQHX6ViZmPsWiYSFAyS0a3Q,ABSOLUTELY UNBELIEVABLE. HE ACTUALLY WON AGAIN!!!!!!!!!!!!!,2026-04-09T18:22:01Z,245752,11288,1086
2026-04-09T23:55:39+00:00,MnNF5wdXWQw,UCQHX6ViZmPsWiYSFAyS0a3Q,ABSOLUTELY UNBELIEVABLE. HE ACTUALLY WON AGAIN!!!!!!!!!!!!!,2026-04-09T18:22:01Z,245752,11295,1088
2026-04-09T23:56:10+00:00,MnNF5wdXWQw,UCQHX6ViZmPsWiYSFAyS0a3Q,ABSOLUTELY UNBELIEVABLE. HE ACTUALLY WON AGAIN!!!!!!!!!!!!!,2026-04-09T18:22:01Z,249566,11301,1089
2026-04-09T23:56:40+00:00,MnNF5wdXWQw,UCQHX6ViZmPsWiYSFAyS0a3Q,ABSOLUTELY UNBELIEVABLE. HE ACTUALLY WON AGAIN!!!!!!!!!!!!!,2026-04-09T18:22:01Z,249566,11307,1089
2026-04-09T23:57:11+00:00,MnNF5wdXWQw,UCQHX6ViZmPsWiYSFAyS0a3Q,ABSOLUTELY UNBELIEVABLE. HE ACTUALLY WON AGAIN!!!!!!!!!!!!!,2026-04-09T18:22:01Z,249566,11311,1089
2026-04-09T23:57:42+00:00,MnNF5wdXWQw,UCQHX6ViZmPsWiYSFAyS0a3Q,ABSOLUTELY UNBELIEVABLE. HE ACTUALLY WON AGAIN!!!!!!!!!!!!!,2026-04-09T18:22:01Z,249566,11314,1089
2026-04-09T23:58:13+00:00,MnNF5wdXWQw,UCQHX6ViZmPsWiYSFAyS0a3Q,ABSOLUTELY UNBELIEVABLE. HE ACTUALLY WON AGAIN!!!!!!!!!!!!!,2026-04-09T18:22:01Z,249566,11317,1089
2026-04-09T23:58:43+00:00,MnNF5wdXWQw,UCQHX6ViZmPsWiYSFAyS0a3Q,ABSOLUTELY UNBELIEVABLE. HE ACTUALLY WON AGAIN!!!!!!!!!!!!!,2026-04-09T18:22:01Z,249566,11321,1089
2026-04-09T23:59:14+00:00,MnNF5wdXWQw,UCQHX6ViZmPsWiYSFAyS0a3Q,ABSOLUTELY UNBELIEVABLE. HE ACTUALLY WON AGAIN!!!!!!!!!!!!!,2026-04-09T18:22:01Z,249566,11325,1089
2026-04-09T23:59:44+00:00,MnNF5wdXWQw,UCQHX6ViZmPsWiYSFAyS0a3Q,ABSOLUTELY UNBELIEVABLE. HE ACTUALLY WON AGAIN!!!!!!!!!!!!!,2026-04-09T18:22:01Z,249566,11332,1090
2026-04-10T00:00:15+00:00,MnNF5wdXWQw,UCQHX6ViZmPsWiYSFAyS0a3Q,ABSOLUTELY UNBELIEVABLE. HE ACTUALLY WON AGAIN!!!!!!!!!!!!!,2026-04-09T18:22:01Z,249566,11334,1091
2026-04-10T00:00:46+00:00,MnNF5wdXWQw,UCQHX6ViZmPsWiYSFAyS0a3Q,ABSOLUTELY UNBELIEVABLE. HE ACTUALLY WON AGAIN!!!!!!!!!!!!!,2026-04-09T18:22:01Z,250962,11340,1092
2026-04-10T00:01:16+00:00,MnNF5wdXWQw,UCQHX6ViZmPsWiYSFAyS0a3Q,ABSOLUTELY UNBELIEVABLE. HE ACTUALLY WON AGAIN!!!!!!!!!!!!!,2026-04-09T18:22:01Z,252764,11344,1093
2026-04-10T00:01:47+00:00,MnNF5wdXWQw,UCQHX6ViZmPsWiYSFAyS0a3Q,ABSOLUTELY UNBELIEVABLE. HE ACTUALLY WON AGAIN!!!!!!!!!!!!!,2026-04-09T18:22:01Z,252764,11352,1094
2026-04-10T00:02:18+00:00,MnNF5wdXWQw,UCQHX6ViZmPsWiYSFAyS0a3Q,ABSOLUTELY UNBELIEVABLE. HE ACTUALLY WON AGAIN!!!!!!!!!!!!!,2026-04-09T18:22:01Z,252764,11359,1094
2026-04-10T00:02:48+00:00,MnNF5wdXWQw,UCQHX6ViZmPsWiYSFAyS0a3Q,ABSOLUTELY UNBELIEVABLE. HE ACTUALLY WON AGAIN!!!!!!!!!!!!!,2026-04-09T18:22:01Z,252764,11362,1094
2026-04-10T00:03:19+00:00,MnNF5wdXWQw,UCQHX6ViZmPsWiYSFAyS0a3Q,ABSOLUTELY UNBELIEVABLE. HE ACTUALLY WON AGAIN!!!!!!!!!!!!!,2026-04-09T18:22:01Z,252764,11364,1095
2026-04-10T00:03:50+00:00,MnNF5wdXWQw,UCQHX6ViZmPsWiYSFAyS0a3Q,ABSOLUTELY UNBELIEVABLE. HE ACTUALLY WON AGAIN!!!!!!!!!!!!!,2026-04-09T18:22:01Z,252764,11371,1095
2026-04-10T00:04:20+00:00,MnNF5wdXWQw,UCQHX6ViZmPsWiYSFAyS0a3Q,ABSOLUTELY UNBELIEVABLE. HE ACTUALLY WON AGAIN!!!!!!!!!!!!!,2026-04-09T18:22:01Z,252764,11383,1095
2026-04-10T00:04:51+00:00,MnNF5wdXWQw,UCQHX6ViZmPsWiYSFAyS0a3Q,ABSOLUTELY UNBELIEVABLE. HE ACTUALLY WON AGAIN!!!!!!!!!!!!!,2026-04-09T18:22:01Z,252764,11386,1096
2026-04-10T00:05:21+00:00,MnNF5wdXWQw,UCQHX6ViZmPsWiYSFAyS0a3Q,ABSOLUTELY UNBELIEVABLE. HE ACTUALLY WON AGAIN!!!!!!!!!!!!!,2026-04-09T18:22:01Z,252764,11395,1097
2026-04-10T00:05:52+00:00,MnNF5wdXWQw,UCQHX6ViZmPsWiYSFAyS0a3Q,ABSOLUTELY UNBELIEVABLE. HE ACTUALLY WON AGAIN!!!!!!!!!!!!!,2026-04-09T18:22:01Z,253048,11402,1097
2026-04-10T00:06:23+00:00,MnNF5wdXWQw,UCQHX6ViZmPsWiYSFAyS0a3Q,ABSOLUTELY UNBELIEVABLE. HE ACTUALLY WON AGAIN!!!!!!!!!!!!!,2026-04-09T18:22:01Z,255408,11405,1097
2026-04-10T00:06:53+00:00,MnNF5wdXWQw,UCQHX6ViZmPsWiYSFAyS0a3Q,ABSOLUTELY UNBELIEVABLE. HE ACTUALLY WON AGAIN!!!!!!!!!!!!!,2026-04-09T18:22:01Z,255408,11410,1097
2026-04-10T00:07:24+00:00,MnNF5wdXWQw,UCQHX6ViZmPsWiYSFAyS0a3Q,ABSOLUTELY UNBELIEVABLE. HE ACTUALLY WON AGAIN!!!!!!!!!!!!!,2026-04-09T18:22:01Z,255408,11422,1097
2026-04-10T00:07:55+00:00,MnNF5wdXWQw,UCQHX6ViZmPsWiYSFAyS0a3Q,ABSOLUTELY UNBELIEVABLE. HE ACTUALLY WON AGAIN!!!!!!!!!!!!!,2026-04-09T18:22:01Z,255408,11428,1097
2026-04-10T00:08:25+00:00,MnNF5wdXWQw,UCQHX6ViZmPsWiYSFAyS0a3Q,ABSOLUTELY UNBELIEVABLE. HE ACTUALLY WON AGAIN!!!!!!!!!!!!!,2026-04-09T18:22:01Z,255408,11433,1097
2026-04-10T00:08:56+00:00,MnNF5wdXWQw,UCQHX6ViZmPsWiYSFAyS0a3Q,ABSOLUTELY UNBELIEVABLE. HE ACTUALLY WON AGAIN!!!!!!!!!!!!!,2026-04-09T18:22:01Z,255408,11440,1098
2026-04-10T00:09:26+00:00,MnNF5wdXWQw,UCQHX6ViZmPsWiYSFAyS0a3Q,ABSOLUTELY UNBELIEVABLE. HE ACTUALLY WON AGAIN!!!!!!!!!!!!!,2026-04-09T18:22:01Z,255408,11449,1099
2026-04-10T00:09:57+00:00,MnNF5wdXWQw,UCQHX6ViZmPsWiYSFAyS0a3Q,ABSOLUTELY UNBELIEVABLE. HE ACTUALLY WON AGAIN!!!!!!!!!!!!!,2026-04-09T18:22:01Z,255408,11452,1099
2026-04-10T00:10:28+00:00,MnNF5wdXWQw,UCQHX6ViZmPsWiYSFAyS0a3Q,ABSOLUTELY UNBELIEVABLE. HE ACTUALLY WON AGAIN!!!!!!!!!!!!!,2026-04-09T18:22:01Z,255408,11460,1099
2026-04-10T00:10:58+00:00,MnNF5wdXWQw,UCQHX6ViZmPsWiYSFAyS0a3Q,ABSOLUTELY UNBELIEVABLE. HE ACTUALLY WON AGAIN!!!!!!!!!!!!!,2026-04-09T18:22:01Z,258388,11466,1099
2026-04-10T00:11:29+00:00,MnNF5wdXWQw,UCQHX6ViZmPsWiYSFAyS0a3Q,ABSOLUTELY UNBELIEVABLE. HE ACTUALLY WON AGAIN!!!!!!!!!!!!!,2026-04-09T18:22:01Z,258527,11469,1099
2026-04-10T00:11:59+00:00,MnNF5wdXWQw,UCQHX6ViZmPsWiYSFAyS0a3Q,ABSOLUTELY UNBELIEVABLE. HE ACTUALLY WON AGAIN!!!!!!!!!!!!!,2026-04-09T18:22:01Z,258527,11476,1099
2026-04-10T00:12:30+00:00,MnNF5wdXWQw,UCQHX6ViZmPsWiYSFAyS0a3Q,ABSOLUTELY UNBELIEVABLE. HE ACTUALLY WON AGAIN!!!!!!!!!!!!!,2026-04-09T18:22:01Z,258527,11481,1099
2026-04-10T00:13:01+00:00,MnNF5wdXWQw,UCQHX6ViZmPsWiYSFAyS0a3Q,ABSOLUTELY UNBELIEVABLE. HE ACTUALLY WON AGAIN!!!!!!!!!!!!!,2026-04-09T18:22:01Z,258527,11488,1099
2026-04-10T00:13:31+00:00,MnNF5wdXWQw,UCQHX6ViZmPsWiYSFAyS0a3Q,ABSOLUTELY UNBELIEVABLE. HE ACTUALLY WON AGAIN!!!!!!!!!!!!!,2026-04-09T18:22:01Z,258527,11497,1100
2026-04-10T00:14:02+00:00,MnNF5wdXWQw,UCQHX6ViZmPsWiYSFAyS0a3Q,ABSOLUTELY UNBELIEVABLE. HE ACTUALLY WON AGAIN!!!!!!!!!!!!!,2026-04-09T18:22:01Z,258527,11501,1100
2026-04-10T00:14:33+00:00,MnNF5wdXWQw,UCQHX6ViZmPsWiYSFAyS0a3Q,ABSOLUTELY UNBELIEVABLE. HE ACTUALLY WON AGAIN!!!!!!!!!!!!!,2026-04-09T18:22:01Z,258527,11510,1100
2026-04-10T00:15:03+00:00,MnNF5wdXWQw,UCQHX6ViZmPsWiYSFAyS0a3Q,ABSOLUTELY UNBELIEVABLE. HE ACTUALLY WON AGAIN!!!!!!!!!!!!!,2026-04-09T18:22:01Z,258527,11516,1101
2026-04-10T00:15:34+00:00,MnNF5wdXWQw,UCQHX6ViZmPsWiYSFAyS0a3Q,ABSOLUTELY UNBELIEVABLE. HE ACTUALLY WON AGAIN!!!!!!!!!!!!!,2026-04-09T18:22:01Z,258527,11522,1101
2026-04-10T00:16:05+00:00,MnNF5wdXWQw,UCQHX6ViZmPsWiYSFAyS0a3Q,ABSOLUTELY UNBELIEVABLE. HE ACTUALLY WON AGAIN!!!!!!!!!!!!!,2026-04-09T18:22:01Z,262235,11533,1103
2026-04-10T00:16:35+00:00,MnNF5wdXWQw,UCQHX6ViZmPsWiYSFAyS0a3Q,ABSOLUTELY UNBELIEVABLE. HE ACTUALLY WON AGAIN!!!!!!!!!!!!!,2026-04-09T18:22:01Z,262250,11535,1103
2026-04-10T00:17:06+00:00,MnNF5wdXWQw,UCQHX6ViZmPsWiYSFAyS0a3Q,ABSOLUTELY UNBELIEVABLE. HE ACTUALLY WON AGAIN!!!!!!!!!!!!!,2026-04-09T18:22:01Z,262250,11540,1103
2026-04-10T00:17:37+00:00,MnNF5wdXWQw,UCQHX6ViZmPsWiYSFAyS0a3Q,ABSOLUTELY UNBELIEVABLE. HE ACTUALLY WON AGAIN!!!!!!!!!!!!!,2026-04-09T18:22:01Z,262250,11547,1104
2026-04-10T00:18:07+00:00,MnNF5wdXWQw,UCQHX6ViZmPsWiYSFAyS0a3Q,ABSOLUTELY UNBELIEVABLE. HE ACTUALLY WON AGAIN!!!!!!!!!!!!!,2026-04-09T18:22:01Z,262250,11550,1104
2026-04-10T00:18:38+00:00,MnNF5wdXWQw,UCQHX6ViZmPsWiYSFAyS0a3Q,ABSOLUTELY UNBELIEVABLE. HE ACTUALLY WON AGAIN!!!!!!!!!!!!!,2026-04-09T18:22:01Z,262250,11558,1104
2026-04-10T00:19:08+00:00,MnNF5wdXWQw,UCQHX6ViZmPsWiYSFAyS0a3Q,ABSOLUTELY UNBELIEVABLE. HE ACTUALLY WON AGAIN!!!!!!!!!!!!!,2026-04-09T18:22:01Z,262250,11566,1104
2026-04-10T00:19:39+00:00,MnNF5wdXWQw,UCQHX6ViZmPsWiYSFAyS0a3Q,ABSOLUTELY UNBELIEVABLE. HE ACTUALLY WON AGAIN!!!!!!!!!!!!!,2026-04-09T18:22:01Z,262250,11573,1105
2026-04-10T00:20:10+00:00,MnNF5wdXWQw,UCQHX6ViZmPsWiYSFAyS0a3Q,ABSOLUTELY UNBELIEVABLE. HE ACTUALLY WON AGAIN!!!!!!!!!!!!!,2026-04-09T18:22:01Z,262250,11580,1105
2026-04-10T00:20:40+00:00,MnNF5wdXWQw,UCQHX6ViZmPsWiYSFAyS0a3Q,ABSOLUTELY UNBELIEVABLE. HE ACTUALLY WON AGAIN!!!!!!!!!!!!!,2026-04-09T18:22:01Z,262250,11581,1105
2026-04-10T00:21:11+00:00,MnNF5wdXWQw,UCQHX6ViZmPsWiYSFAyS0a3Q,ABSOLUTELY UNBELIEVABLE. HE ACTUALLY WON AGAIN!!!!!!!!!!!!!,2026-04-09T18:22:01Z,265496,11584,1106
2026-04-10T00:21:42+00:00,MnNF5wdXWQw,UCQHX6ViZmPsWiYSFAyS0a3Q,ABSOLUTELY UNBELIEVABLE. HE ACTUALLY WON AGAIN!!!!!!!!!!!!!,2026-04-09T18:22:01Z,265496,11590,1107
2026-04-10T00:22:12+00:00,MnNF5wdXWQw,UCQHX6ViZmPsWiYSFAyS0a3Q,ABSOLUTELY UNBELIEVABLE. HE ACTUALLY WON AGAIN!!!!!!!!!!!!!,2026-04-09T18:22:01Z,265496,11595,1108
2026-04-10T00:22:43+00:00,MnNF5wdXWQw,UCQHX6ViZmPsWiYSFAyS0a3Q,ABSOLUTELY UNBELIEVABLE. HE ACTUALLY WON AGAIN!!!!!!!!!!!!!,2026-04-09T18:22:01Z,265496,11603,1108
2026-04-10T00:23:14+00:00,MnNF5wdXWQw,UCQHX6ViZmPsWiYSFAyS0a3Q,ABSOLUTELY UNBELIEVABLE. HE ACTUALLY WON AGAIN!!!!!!!!!!!!!,2026-04-09T18:22:01Z,265496,11607,1109
2026-04-10T00:23:44+00:00,MnNF5wdXWQw,UCQHX6ViZmPsWiYSFAyS0a3Q,ABSOLUTELY UNBELIEVABLE. HE ACTUALLY WON AGAIN!!!!!!!!!!!!!,2026-04-09T18:22:01Z,265496,11616,1110
2026-04-10T00:24:15+00:00,MnNF5wdXWQw,UCQHX6ViZmPsWiYSFAyS0a3Q,ABSOLUTELY UNBELIEVABLE. HE ACTUALLY WON AGAIN!!!!!!!!!!!!!,2026-04-09T18:22:01Z,265496,11623,1110
2026-04-10T00:24:46+00:00,MnNF5wdXWQw,UCQHX6ViZmPsWiYSFAyS0a3Q,ABSOLUTELY UNBELIEVABLE. HE ACTUALLY WON AGAIN!!!!!!!!!!!!!,2026-04-09T18:22:01Z,265496,11629,1110
2026-04-10T00:25:16+00:00,MnNF5wdXWQw,UCQHX6ViZmPsWiYSFAyS0a3Q,ABSOLUTELY UNBELIEVABLE. HE ACTUALLY WON AGAIN!!!!!!!!!!!!!,2026-04-09T18:22:01Z,265496,11635,1110
2026-04-10T00:25:47+00:00,MnNF5wdXWQw,UCQHX6ViZmPsWiYSFAyS0a3Q,ABSOLUTELY UNBELIEVABLE. HE ACTUALLY WON AGAIN!!!!!!!!!!!!!,2026-04-09T18:22:01Z,265496,11641,1110
2026-04-10T00:26:18+00:00,MnNF5wdXWQw,UCQHX6ViZmPsWiYSFAyS0a3Q,ABSOLUTELY UNBELIEVABLE. HE ACTUALLY WON AGAIN!!!!!!!!!!!!!,2026-04-09T18:22:01Z,267144,11647,1110
2026-04-10T00:26:48+00:00,MnNF5wdXWQw,UCQHX6ViZmPsWiYSFAyS0a3Q,ABSOLUTELY UNBELIEVABLE. HE ACTUALLY WON AGAIN!!!!!!!!!!!!!,2026-04-09T18:22:01Z,267144,11654,1110
2026-04-10T00:27:19+00:00,MnNF5wdXWQw,UCQHX6ViZmPsWiYSFAyS0a3Q,ABSOLUTELY UNBELIEVABLE. HE ACTUALLY WON AGAIN!!!!!!!!!!!!!,2026-04-09T18:22:01Z,267144,11660,1110
2026-04-10T00:27:50+00:00,MnNF5wdXWQw,UCQHX6ViZmPsWiYSFAyS0a3Q,ABSOLUTELY UNBELIEVABLE. HE ACTUALLY WON AGAIN!!!!!!!!!!!!!,2026-04-09T18:22:01Z,267144,11662,1112
2026-04-10T00:28:20+00:00,MnNF5wdXWQw,UCQHX6ViZmPsWiYSFAyS0a3Q,ABSOLUTELY UNBELIEVABLE. HE ACTUALLY WON AGAIN!!!!!!!!!!!!!,2026-04-09T18:22:01Z,267144,11663,1112
2026-04-10T00:28:51+00:00,MnNF5wdXWQw,UCQHX6ViZmPsWiYSFAyS0a3Q,ABSOLUTELY UNBELIEVABLE. HE ACTUALLY WON AGAIN!!!!!!!!!!!!!,2026-04-09T18:22:01Z,267144,11670,1112
2026-04-10T00:29:21+00:00,MnNF5wdXWQw,UCQHX6ViZmPsWiYSFAyS0a3Q,ABSOLUTELY UNBELIEVABLE. HE ACTUALLY WON AGAIN!!!!!!!!!!!!!,2026-04-09T18:22:01Z,267144,11677,1114
2026-04-10T00:29:52+00:00,MnNF5wdXWQw,UCQHX6ViZmPsWiYSFAyS0a3Q,ABSOLUTELY UNBELIEVABLE. HE ACTUALLY WON AGAIN!!!!!!!!!!!!!,2026-04-09T18:22:01Z,267144,11687,1113
2026-04-10T00:30:22+00:00,MnNF5wdXWQw,UCQHX6ViZmPsWiYSFAyS0a3Q,ABSOLUTELY UNBELIEVABLE. HE ACTUALLY WON AGAIN!!!!!!!!!!!!!,2026-04-09T18:22:01Z,267144,11692,1113
2026-04-10T00:30:53+00:00,MnNF5wdXWQw,UCQHX6ViZmPsWiYSFAyS0a3Q,ABSOLUTELY UNBELIEVABLE. HE ACTUALLY WON AGAIN!!!!!!!!!!!!!,2026-04-09T18:22:01Z,270800,11704,1113
2026-04-10T00:31:24+00:00,MnNF5wdXWQw,UCQHX6ViZmPsWiYSFAyS0a3Q,ABSOLUTELY UNBELIEVABLE. HE ACTUALLY WON AGAIN!!!!!!!!!!!!!,2026-04-09T18:22:01Z,270802,11708,1116
2026-04-10T00:31:54+00:00,MnNF5wdXWQw,UCQHX6ViZmPsWiYSFAyS0a3Q,ABSOLUTELY UNBELIEVABLE. HE ACTUALLY WON AGAIN!!!!!!!!!!!!!,2026-04-09T18:22:01Z,270802,11715,1116
2026-04-10T00:32:25+00:00,MnNF5wdXWQw,UCQHX6ViZmPsWiYSFAyS0a3Q,ABSOLUTELY UNBELIEVABLE. HE ACTUALLY WON AGAIN!!!!!!!!!!!!!,2026-04-09T18:22:01Z,270802,11721,1116
2026-04-10T00:32:56+00:00,MnNF5wdXWQw,UCQHX6ViZmPsWiYSFAyS0a3Q,ABSOLUTELY UNBELIEVABLE. HE ACTUALLY WON AGAIN!!!!!!!!!!!!!,2026-04-09T18:22:01Z,270802,11725,1117
2026-04-10T00:33:26+00:00,MnNF5wdXWQw,UCQHX6ViZmPsWiYSFAyS0a3Q,ABSOLUTELY UNBELIEVABLE. HE ACTUALLY WON AGAIN!!!!!!!!!!!!!,2026-04-09T18:22:01Z,270802,11733,1117
2026-04-10T00:33:57+00:00,MnNF5wdXWQw,UCQHX6ViZmPsWiYSFAyS0a3Q,ABSOLUTELY UNBELIEVABLE. HE ACTUALLY WON AGAIN!!!!!!!!!!!!!,2026-04-09T18:22:01Z,270802,11738,1117
2026-04-10T00:34:27+00:00,MnNF5wdXWQw,UCQHX6ViZmPsWiYSFAyS0a3Q,ABSOLUTELY UNBELIEVABLE. HE ACTUALLY WON AGAIN!!!!!!!!!!!!!,2026-04-09T18:22:01Z,270802,11744,1118
2026-04-10T00:34:58+00:00,MnNF5wdXWQw,UCQHX6ViZmPsWiYSFAyS0a3Q,ABSOLUTELY UNBELIEVABLE. HE ACTUALLY WON AGAIN!!!!!!!!!!!!!,2026-04-09T18:22:01Z,270802,11750,1117
2026-04-10T00:35:29+00:00,MnNF5wdXWQw,UCQHX6ViZmPsWiYSFAyS0a3Q,ABSOLUTELY UNBELIEVABLE. HE ACTUALLY WON AGAIN!!!!!!!!!!!!!,2026-04-09T18:22:01Z,270802,11759,1117
2026-04-10T00:35:59+00:00,MnNF5wdXWQw,UCQHX6ViZmPsWiYSFAyS0a3Q,ABSOLUTELY UNBELIEVABLE. HE ACTUALLY WON AGAIN!!!!!!!!!!!!!,2026-04-09T18:22:01Z,273367,11767,1117
2026-04-10T00:36:30+00:00,MnNF5wdXWQw,UCQHX6ViZmPsWiYSFAyS0a3Q,ABSOLUTELY UNBELIEVABLE. HE ACTUALLY WON AGAIN!!!!!!!!!!!!!,2026-04-09T18:22:01Z,274177,11779,1118
2026-04-10T00:37:01+00:00,MnNF5wdXWQw,UCQHX6ViZmPsWiYSFAyS0a3Q,ABSOLUTELY UNBELIEVABLE. HE ACTUALLY WON AGAIN!!!!!!!!!!!!!,2026-04-09T18:22:01Z,274177,11784,1118
2026-04-10T00:37:31+00:00,MnNF5wdXWQw,UCQHX6ViZmPsWiYSFAyS0a3Q,ABSOLUTELY UNBELIEVABLE. HE ACTUALLY WON AGAIN!!!!!!!!!!!!!,2026-04-09T18:22:01Z,274177,11788,1118
2026-04-10T00:38:02+00:00,MnNF5wdXWQw,UCQHX6ViZmPsWiYSFAyS0a3Q,ABSOLUTELY UNBELIEVABLE. HE ACTUALLY WON AGAIN!!!!!!!!!!!!!,2026-04-09T18:22:01Z,274177,11797,1118
2026-04-10T00:38:32+00:00,MnNF5wdXWQw,UCQHX6ViZmPsWiYSFAyS0a3Q,ABSOLUTELY UNBELIEVABLE. HE ACTUALLY WON AGAIN!!!!!!!!!!!!!,2026-04-09T18:22:01Z,274177,11802,1119
2026-04-10T00:39:03+00:00,MnNF5wdXWQw,UCQHX6ViZmPsWiYSFAyS0a3Q,ABSOLUTELY UNBELIEVABLE. HE ACTUALLY WON AGAIN!!!!!!!!!!!!!,2026-04-09T18:22:01Z,274177,11809,1119
2026-04-10T00:39:34+00:00,MnNF5wdXWQw,UCQHX6ViZmPsWiYSFAyS0a3Q,ABSOLUTELY UNBELIEVABLE. HE ACTUALLY WON AGAIN!!!!!!!!!!!!!,2026-04-09T18:22:01Z,274177,11815,1119
2026-04-10T00:40:04+00:00,MnNF5wdXWQw,UCQHX6ViZmPsWiYSFAyS0a3Q,ABSOLUTELY UNBELIEVABLE. HE ACTUALLY WON AGAIN!!!!!!!!!!!!!,2026-04-09T18:22:01Z,274177,11823,1121
2026-04-10T00:40:35+00:00,MnNF5wdXWQw,UCQHX6ViZmPsWiYSFAyS0a3Q,ABSOLUTELY UNBELIEVABLE. HE ACTUALLY WON AGAIN!!!!!!!!!!!!!,2026-04-09T18:22:01Z,274177,11829,1121
2026-04-10T00:41:06+00:00,MnNF5wdXWQw,UCQHX6ViZmPsWiYSFAyS0a3Q,ABSOLUTELY UNBELIEVABLE. HE ACTUALLY WON AGAIN!!!!!!!!!!!!!,2026-04-09T18:22:01Z,279073,11831,1121
2026-04-10T00:41:36+00:00,MnNF5wdXWQw,UCQHX6ViZmPsWiYSFAyS0a3Q,ABSOLUTELY UNBELIEVABLE. HE ACTUALLY WON AGAIN!!!!!!!!!!!!!,2026-04-09T18:22:01Z,279126,11835,1121
2026-04-10T00:42:07+00:00,MnNF5wdXWQw,UCQHX6ViZmPsWiYSFAyS0a3Q,ABSOLUTELY UNBELIEVABLE. HE ACTUALLY WON AGAIN!!!!!!!!!!!!!,2026-04-09T18:22:01Z,279126,11840,1121
2026-04-10T00:42:38+00:00,MnNF5wdXWQw,UCQHX6ViZmPsWiYSFAyS0a3Q,ABSOLUTELY UNBELIEVABLE. HE ACTUALLY WON AGAIN!!!!!!!!!!!!!,2026-04-09T18:22:01Z,279126,11846,1121
2026-04-10T00:43:08+00:00,MnNF5wdXWQw,UCQHX6ViZmPsWiYSFAyS0a3Q,ABSOLUTELY UNBELIEVABLE. HE ACTUALLY WON AGAIN!!!!!!!!!!!!!,2026-04-09T18:22:01Z,279126,11849,1121
2026-04-10T00:43:39+00:00,MnNF5wdXWQw,UCQHX6ViZmPsWiYSFAyS0a3Q,ABSOLUTELY UNBELIEVABLE. HE ACTUALLY WON AGAIN!!!!!!!!!!!!!,2026-04-09T18:22:01Z,279126,11852,1121
2026-04-10T00:44:09+00:00,MnNF5wdXWQw,UCQHX6ViZmPsWiYSFAyS0a3Q,ABSOLUTELY UNBELIEVABLE. HE ACTUALLY WON AGAIN!!!!!!!!!!!!!,2026-04-09T18:22:01Z,279126,11857,1121
2026-04-10T00:44:40+00:00,MnNF5wdXWQw,UCQHX6ViZmPsWiYSFAyS0a3Q,ABSOLUTELY UNBELIEVABLE. HE ACTUALLY WON AGAIN!!!!!!!!!!!!!,2026-04-09T18:22:01Z,279126,11865,1121
2026-04-10T00:45:11+00:00,MnNF5wdXWQw,UCQHX6ViZmPsWiYSFAyS0a3Q,ABSOLUTELY UNBELIEVABLE. HE ACTUALLY WON AGAIN!!!!!!!!!!!!!,2026-04-09T18:22:01Z,279126,11870,1121
2026-04-10T00:45:41+00:00,MnNF5wdXWQw,UCQHX6ViZmPsWiYSFAyS0a3Q,ABSOLUTELY UNBELIEVABLE. HE ACTUALLY WON AGAIN!!!!!!!!!!!!!,2026-04-09T18:22:01Z,279126,11874,1121
2026-04-10T00:46:12+00:00,MnNF5wdXWQw,UCQHX6ViZmPsWiYSFAyS0a3Q,ABSOLUTELY UNBELIEVABLE. HE ACTUALLY WON AGAIN!!!!!!!!!!!!!,2026-04-09T18:22:01Z,281945,11878,1121
2026-04-10T00:46:43+00:00,MnNF5wdXWQw,UCQHX6ViZmPsWiYSFAyS0a3Q,ABSOLUTELY UNBELIEVABLE. HE ACTUALLY WON AGAIN!!!!!!!!!!!!!,2026-04-09T18:22:01Z,281945,11884,1121
2026-04-10T00:50:00+00:00,MnNF5wdXWQw,UCQHX6ViZmPsWiYSFAyS0a3Q,ABSOLUTELY UNBELIEVABLE. HE ACTUALLY WON AGAIN!!!!!!!!!!!!!,2026-04-09T18:22:01Z,281945,11909,1122
2026-04-10T00:50:31+00:00,MnNF5wdXWQw,UCQHX6ViZmPsWiYSFAyS0a3Q,ABSOLUTELY UNBELIEVABLE. HE ACTUALLY WON AGAIN!!!!!!!!!!!!!,2026-04-09T18:22:01Z,281945,11916,1122
2026-04-10T00:51:01+00:00,MnNF5wdXWQw,UCQHX6ViZmPsWiYSFAyS0a3Q,ABSOLUTELY UNBELIEVABLE. HE ACTUALLY WON AGAIN!!!!!!!!!!!!!,2026-04-09T18:22:01Z,284473,11923,1123
2026-04-10T00:51:32+00:00,MnNF5wdXWQw,UCQHX6ViZmPsWiYSFAyS0a3Q,ABSOLUTELY UNBELIEVABLE. HE ACTUALLY WON AGAIN!!!!!!!!!!!!!,2026-04-09T18:22:01Z,284473,11928,1124
2026-04-10T00:52:03+00:00,MnNF5wdXWQw,UCQHX6ViZmPsWiYSFAyS0a3Q,ABSOLUTELY UNBELIEVABLE. HE ACTUALLY WON AGAIN!!!!!!!!!!!!!,2026-04-09T18:22:01Z,284473,11933,1125
2026-04-10T00:52:33+00:00,MnNF5wdXWQw,UCQHX6ViZmPsWiYSFAyS0a3Q,ABSOLUTELY UNBELIEVABLE. HE ACTUALLY WON AGAIN!!!!!!!!!!!!!,2026-04-09T18:22:01Z,284473,11935,1125
2026-04-10T00:53:04+00:00,MnNF5wdXWQw,UCQHX6ViZmPsWiYSFAyS0a3Q,ABSOLUTELY UNBELIEVABLE. HE ACTUALLY WON AGAIN!!!!!!!!!!!!!,2026-04-09T18:22:01Z,284473,11943,1125
2026-04-10T00:53:34+00:00,MnNF5wdXWQw,UCQHX6ViZmPsWiYSFAyS0a3Q,ABSOLUTELY UNBELIEVABLE. HE ACTUALLY WON AGAIN!!!!!!!!!!!!!,2026-04-09T18:22:01Z,284473,11945,1125
2026-04-10T00:54:05+00:00,MnNF5wdXWQw,UCQHX6ViZmPsWiYSFAyS0a3Q,ABSOLUTELY UNBELIEVABLE. HE ACTUALLY WON AGAIN!!!!!!!!!!!!!,2026-04-09T18:22:01Z,284473,11947,1126
2026-04-10T00:54:35+00:00,MnNF5wdXWQw,UCQHX6ViZmPsWiYSFAyS0a3Q,ABSOLUTELY UNBELIEVABLE. HE ACTUALLY WON AGAIN!!!!!!!!!!!!!,2026-04-09T18:22:01Z,284473,11948,1127
2026-04-10T00:55:06+00:00,MnNF5wdXWQw,UCQHX6ViZmPsWiYSFAyS0a3Q,ABSOLUTELY UNBELIEVABLE. HE ACTUALLY WON AGAIN!!!!!!!!!!!!!,2026-04-09T18:22:01Z,284473,11953,1127
2026-04-10T00:55:37+00:00,MnNF5wdXWQw,UCQHX6ViZmPsWiYSFAyS0a3Q,ABSOLUTELY UNBELIEVABLE. HE ACTUALLY WON AGAIN!!!!!!!!!!!!!,2026-04-09T18:22:01Z,284473,11957,1127
2026-04-10T00:56:07+00:00,MnNF5wdXWQw,UCQHX6ViZmPsWiYSFAyS0a3Q,ABSOLUTELY UNBELIEVABLE. HE ACTUALLY WON AGAIN!!!!!!!!!!!!!,2026-04-09T18:22:01Z,287319,11961,1127
2026-04-10T00:56:38+00:00,MnNF5wdXWQw,UCQHX6ViZmPsWiYSFAyS0a3Q,ABSOLUTELY UNBELIEVABLE. HE ACTUALLY WON AGAIN!!!!!!!!!!!!!,2026-04-09T18:22:01Z,287321,11967,1127
2026-04-10T00:57:08+00:00,MnNF5wdXWQw,UCQHX6ViZmPsWiYSFAyS0a3Q,ABSOLUTELY UNBELIEVABLE. HE ACTUALLY WON AGAIN!!!!!!!!!!!!!,2026-04-09T18:22:01Z,287321,11979,1127
2026-04-10T00:57:39+00:00,MnNF5wdXWQw,UCQHX6ViZmPsWiYSFAyS0a3Q,ABSOLUTELY UNBELIEVABLE. HE ACTUALLY WON AGAIN!!!!!!!!!!!!!,2026-04-09T18:22:01Z,287321,11979,1128
2026-04-10T00:58:10+00:00,MnNF5wdXWQw,UCQHX6ViZmPsWiYSFAyS0a3Q,ABSOLUTELY UNBELIEVABLE. HE ACTUALLY WON AGAIN!!!!!!!!!!!!!,2026-04-09T18:22:01Z,287321,11983,1129
2026-04-10T00:58:40+00:00,MnNF5wdXWQw,UCQHX6ViZmPsWiYSFAyS0a3Q,ABSOLUTELY UNBELIEVABLE. HE ACTUALLY WON AGAIN!!!!!!!!!!!!!,2026-04-09T18:22:01Z,287321,11990,1129
2026-04-10T00:59:11+00:00,MnNF5wdXWQw,UCQHX6ViZmPsWiYSFAyS0a3Q,ABSOLUTELY UNBELIEVABLE. HE ACTUALLY WON AGAIN!!!!!!!!!!!!!,2026-04-09T18:22:01Z,287321,11992,1129
2026-04-10T00:59:42+00:00,MnNF5wdXWQw,UCQHX6ViZmPsWiYSFAyS0a3Q,ABSOLUTELY UNBELIEVABLE. HE ACTUALLY WON AGAIN!!!!!!!!!!!!!,2026-04-09T18:22:01Z,287321,11997,1129
2026-04-10T01:00:12+00:00,MnNF5wdXWQw,UCQHX6ViZmPsWiYSFAyS0a3Q,ABSOLUTELY UNBELIEVABLE. HE ACTUALLY WON AGAIN!!!!!!!!!!!!!,2026-04-09T18:22:01Z,287321,11999,1129
2026-04-10T01:00:43+00:00,MnNF5wdXWQw,UCQHX6ViZmPsWiYSFAyS0a3Q,ABSOLUTELY UNBELIEVABLE. HE ACTUALLY WON AGAIN!!!!!!!!!!!!!,2026-04-09T18:22:01Z,287322,12001,1129
2026-04-10T01:01:14+00:00,MnNF5wdXWQw,UCQHX6ViZmPsWiYSFAyS0a3Q,ABSOLUTELY UNBELIEVABLE. HE ACTUALLY WON AGAIN!!!!!!!!!!!!!,2026-04-09T18:22:01Z,289236,12004,1129
2026-04-10T01:01:45+00:00,MnNF5wdXWQw,UCQHX6ViZmPsWiYSFAyS0a3Q,ABSOLUTELY UNBELIEVABLE. HE ACTUALLY WON AGAIN!!!!!!!!!!!!!,2026-04-09T18:22:01Z,289308,12006,1130
2026-04-10T01:02:15+00:00,MnNF5wdXWQw,UCQHX6ViZmPsWiYSFAyS0a3Q,ABSOLUTELY UNBELIEVABLE. HE ACTUALLY WON AGAIN!!!!!!!!!!!!!,2026-04-09T18:22:01Z,289308,12012,1130
2026-04-10T01:02:46+00:00,MnNF5wdXWQw,UCQHX6ViZmPsWiYSFAyS0a3Q,ABSOLUTELY UNBELIEVABLE. HE ACTUALLY WON AGAIN!!!!!!!!!!!!!,2026-04-09T18:22:01Z,289308,12017,1130
2026-04-10T01:03:17+00:00,MnNF5wdXWQw,UCQHX6ViZmPsWiYSFAyS0a3Q,ABSOLUTELY UNBELIEVABLE. HE ACTUALLY WON AGAIN!!!!!!!!!!!!!,2026-04-09T18:22:01Z,289308,12023,1131
2026-04-10T01:03:47+00:00,MnNF5wdXWQw,UCQHX6ViZmPsWiYSFAyS0a3Q,ABSOLUTELY UNBELIEVABLE. HE ACTUALLY WON AGAIN!!!!!!!!!!!!!,2026-04-09T18:22:01Z,289308,12034,1131
2026-04-10T01:04:18+00:00,MnNF5wdXWQw,UCQHX6ViZmPsWiYSFAyS0a3Q,ABSOLUTELY UNBELIEVABLE. HE ACTUALLY WON AGAIN!!!!!!!!!!!!!,2026-04-09T18:22:01Z,289308,12037,1131
2026-04-10T01:04:49+00:00,MnNF5wdXWQw,UCQHX6ViZmPsWiYSFAyS0a3Q,ABSOLUTELY UNBELIEVABLE. HE ACTUALLY WON AGAIN!!!!!!!!!!!!!,2026-04-09T18:22:01Z,289308,12044,1132
2026-04-10T01:05:19+00:00,MnNF5wdXWQw,UCQHX6ViZmPsWiYSFAyS0a3Q,ABSOLUTELY UNBELIEVABLE. HE ACTUALLY WON AGAIN!!!!!!!!!!!!!,2026-04-09T18:22:01Z,289308,12046,1133
2026-04-10T01:05:50+00:00,MnNF5wdXWQw,UCQHX6ViZmPsWiYSFAyS0a3Q,ABSOLUTELY UNBELIEVABLE. HE ACTUALLY WON AGAIN!!!!!!!!!!!!!,2026-04-09T18:22:01Z,290534,12061,1133
2026-04-10T01:06:21+00:00,MnNF5wdXWQw,UCQHX6ViZmPsWiYSFAyS0a3Q,ABSOLUTELY UNBELIEVABLE. HE ACTUALLY WON AGAIN!!!!!!!!!!!!!,2026-04-09T18:22:01Z,291114,12063,1133
2026-04-10T01:06:51+00:00,MnNF5wdXWQw,UCQHX6ViZmPsWiYSFAyS0a3Q,ABSOLUTELY UNBELIEVABLE. HE ACTUALLY WON AGAIN!!!!!!!!!!!!!,2026-04-09T18:22:01Z,291114,12067,1133
2026-04-10T01:07:22+00:00,MnNF5wdXWQw,UCQHX6ViZmPsWiYSFAyS0a3Q,ABSOLUTELY UNBELIEVABLE. HE ACTUALLY WON AGAIN!!!!!!!!!!!!!,2026-04-09T18:22:01Z,291114,12073,1133
2026-04-10T01:07:53+00:00,MnNF5wdXWQw,UCQHX6ViZmPsWiYSFAyS0a3Q,ABSOLUTELY UNBELIEVABLE. HE ACTUALLY WON AGAIN!!!!!!!!!!!!!,2026-04-09T18:22:01Z,291114,12075,1134
2026-04-10T01:08:23+00:00,MnNF5wdXWQw,UCQHX6ViZmPsWiYSFAyS0a3Q,ABSOLUTELY UNBELIEVABLE. HE ACTUALLY WON AGAIN!!!!!!!!!!!!!,2026-04-09T18:22:01Z,291114,12078,1135
2026-04-10T01:08:54+00:00,MnNF5wdXWQw,UCQHX6ViZmPsWiYSFAyS0a3Q,ABSOLUTELY UNBELIEVABLE. HE ACTUALLY WON AGAIN!!!!!!!!!!!!!,2026-04-09T18:22:01Z,291114,12085,1135
2026-04-10T01:09:25+00:00,MnNF5wdXWQw,UCQHX6ViZmPsWiYSFAyS0a3Q,ABSOLUTELY UNBELIEVABLE. HE ACTUALLY WON AGAIN!!!!!!!!!!!!!,2026-04-09T18:22:01Z,291114,12092,1135
2026-04-10T01:09:56+00:00,MnNF5wdXWQw,UCQHX6ViZmPsWiYSFAyS0a3Q,ABSOLUTELY UNBELIEVABLE. HE ACTUALLY WON AGAIN!!!!!!!!!!!!!,2026-04-09T18:22:01Z,291114,12094,1135
2026-04-10T01:10:26+00:00,MnNF5wdXWQw,UCQHX6ViZmPsWiYSFAyS0a3Q,ABSOLUTELY UNBELIEVABLE. HE ACTUALLY WON AGAIN!!!!!!!!!!!!!,2026-04-09T18:22:01Z,291114,12101,1135
2026-04-10T01:10:57+00:00,MnNF5wdXWQw,UCQHX6ViZmPsWiYSFAyS0a3Q,ABSOLUTELY UNBELIEVABLE. HE ACTUALLY WON AGAIN!!!!!!!!!!!!!,2026-04-09T18:22:01Z,294324,12104,1135
2026-04-10T01:11:28+00:00,MnNF5wdXWQw,UCQHX6ViZmPsWiYSFAyS0a3Q,ABSOLUTELY UNBELIEVABLE. HE ACTUALLY WON AGAIN!!!!!!!!!!!!!,2026-04-09T18:22:01Z,294404,12108,1136
2026-04-10T01:11:58+00:00,MnNF5wdXWQw,UCQHX6ViZmPsWiYSFAyS0a3Q,ABSOLUTELY UNBELIEVABLE. HE ACTUALLY WON AGAIN!!!!!!!!!!!!!,2026-04-09T18:22:01Z,294404,12111,1137
2026-04-10T01:12:29+00:00,MnNF5wdXWQw,UCQHX6ViZmPsWiYSFAyS0a3Q,ABSOLUTELY UNBELIEVABLE. HE ACTUALLY WON AGAIN!!!!!!!!!!!!!,2026-04-09T18:22:01Z,294404,12116,1138
2026-04-10T01:12:59+00:00,MnNF5wdXWQw,UCQHX6ViZmPsWiYSFAyS0a3Q,ABSOLUTELY UNBELIEVABLE. HE ACTUALLY WON AGAIN!!!!!!!!!!!!!,2026-04-09T18:22:01Z,294404,12119,1138
2026-04-10T01:13:30+00:00,MnNF5wdXWQw,UCQHX6ViZmPsWiYSFAyS0a3Q,ABSOLUTELY UNBELIEVABLE. HE ACTUALLY WON AGAIN!!!!!!!!!!!!!,2026-04-09T18:22:01Z,294404,12120,1139
2026-04-10T01:14:01+00:00,MnNF5wdXWQw,UCQHX6ViZmPsWiYSFAyS0a3Q,ABSOLUTELY UNBELIEVABLE. HE ACTUALLY WON AGAIN!!!!!!!!!!!!!,2026-04-09T18:22:01Z,294404,12128,1141
2026-04-10T01:14:31+00:00,MnNF5wdXWQw,UCQHX6ViZmPsWiYSFAyS0a3Q,ABSOLUTELY UNBELIEVABLE. HE ACTUALLY WON AGAIN!!!!!!!!!!!!!,2026-04-09T18:22:01Z,294404,12135,1142
2026-04-10T01:15:02+00:00,MnNF5wdXWQw,UCQHX6ViZmPsWiYSFAyS0a3Q,ABSOLUTELY UNBELIEVABLE. HE ACTUALLY WON AGAIN!!!!!!!!!!!!!,2026-04-09T18:22:01Z,294404,12140,1142
2026-04-10T01:15:33+00:00,MnNF5wdXWQw,UCQHX6ViZmPsWiYSFAyS0a3Q,ABSOLUTELY UNBELIEVABLE. HE ACTUALLY WON AGAIN!!!!!!!!!!!!!,2026-04-09T18:22:01Z,294404,12145,1142
2026-04-10T01:16:04+00:00,MnNF5wdXWQw,UCQHX6ViZmPsWiYSFAyS0a3Q,ABSOLUTELY UNBELIEVABLE. HE ACTUALLY WON AGAIN!!!!!!!!!!!!!,2026-04-09T18:22:01Z,297779,12148,1142
2026-04-10T01:16:34+00:00,MnNF5wdXWQw,UCQHX6ViZmPsWiYSFAyS0a3Q,ABSOLUTELY UNBELIEVABLE. HE ACTUALLY WON AGAIN!!!!!!!!!!!!!,2026-04-09T18:22:01Z,297779,12155,1142
2026-04-10T01:17:05+00:00,MnNF5wdXWQw,UCQHX6ViZmPsWiYSFAyS0a3Q,ABSOLUTELY UNBELIEVABLE. HE ACTUALLY WON AGAIN!!!!!!!!!!!!!,2026-04-09T18:22:01Z,297779,12158,1144
2026-04-10T01:17:35+00:00,MnNF5wdXWQw,UCQHX6ViZmPsWiYSFAyS0a3Q,ABSOLUTELY UNBELIEVABLE. HE ACTUALLY WON AGAIN!!!!!!!!!!!!!,2026-04-09T18:22:01Z,297779,12161,1144
2026-04-10T01:18:06+00:00,MnNF5wdXWQw,UCQHX6ViZmPsWiYSFAyS0a3Q,ABSOLUTELY UNBELIEVABLE. HE ACTUALLY WON AGAIN!!!!!!!!!!!!!,2026-04-09T18:22:01Z,297779,12168,1144
2026-04-10T01:18:37+00:00,MnNF5wdXWQw,UCQHX6ViZmPsWiYSFAyS0a3Q,ABSOLUTELY UNBELIEVABLE. HE ACTUALLY WON AGAIN!!!!!!!!!!!!!,2026-04-09T18:22:01Z,297779,12174,1144
2026-04-10T01:19:07+00:00,MnNF5wdXWQw,UCQHX6ViZmPsWiYSFAyS0a3Q,ABSOLUTELY UNBELIEVABLE. HE ACTUALLY WON AGAIN!!!!!!!!!!!!!,2026-04-09T18:22:01Z,297779,12180,1144
2026-04-10T01:19:38+00:00,MnNF5wdXWQw,UCQHX6ViZmPsWiYSFAyS0a3Q,ABSOLUTELY UNBELIEVABLE. HE ACTUALLY WON AGAIN!!!!!!!!!!!!!,2026-04-09T18:22:01Z,297779,12183,1145
2026-04-10T01:20:08+00:00,MnNF5wdXWQw,UCQHX6ViZmPsWiYSFAyS0a3Q,ABSOLUTELY UNBELIEVABLE. HE ACTUALLY WON AGAIN!!!!!!!!!!!!!,2026-04-09T18:22:01Z,297779,12184,1146
2026-04-10T01:20:39+00:00,MnNF5wdXWQw,UCQHX6ViZmPsWiYSFAyS0a3Q,ABSOLUTELY UNBELIEVABLE. HE ACTUALLY WON AGAIN!!!!!!!!!!!!!,2026-04-09T18:22:01Z,297779,12190,1146
2026-04-10T01:21:10+00:00,MnNF5wdXWQw,UCQHX6ViZmPsWiYSFAyS0a3Q,ABSOLUTELY UNBELIEVABLE. HE ACTUALLY WON AGAIN!!!!!!!!!!!!!,2026-04-09T18:22:01Z,301625,12196,1146
2026-04-10T01:21:40+00:00,MnNF5wdXWQw,UCQHX6ViZmPsWiYSFAyS0a3Q,ABSOLUTELY UNBELIEVABLE. HE ACTUALLY WON AGAIN!!!!!!!!!!!!!,2026-04-09T18:22:01Z,301625,12201,1146
2026-04-10T01:22:11+00:00,MnNF5wdXWQw,UCQHX6ViZmPsWiYSFAyS0a3Q,ABSOLUTELY UNBELIEVABLE. HE ACTUALLY WON AGAIN!!!!!!!!!!!!!,2026-04-09T18:22:01Z,301625,12204,1146
2026-04-10T01:22:42+00:00,MnNF5wdXWQw,UCQHX6ViZmPsWiYSFAyS0a3Q,ABSOLUTELY UNBELIEVABLE. HE ACTUALLY WON AGAIN!!!!!!!!!!!!!,2026-04-09T18:22:01Z,301625,12211,1146
2026-04-10T01:23:12+00:00,MnNF5wdXWQw,UCQHX6ViZmPsWiYSFAyS0a3Q,ABSOLUTELY UNBELIEVABLE. HE ACTUALLY WON AGAIN!!!!!!!!!!!!!,2026-04-09T18:22:01Z,301625,12216,1146
2026-04-10T01:23:43+00:00,MnNF5wdXWQw,UCQHX6ViZmPsWiYSFAyS0a3Q,ABSOLUTELY UNBELIEVABLE. HE ACTUALLY WON AGAIN!!!!!!!!!!!!!,2026-04-09T18:22:01Z,301625,12219,1146
2026-04-10T01:24:14+00:00,MnNF5wdXWQw,UCQHX6ViZmPsWiYSFAyS0a3Q,ABSOLUTELY UNBELIEVABLE. HE ACTUALLY WON AGAIN!!!!!!!!!!!!!,2026-04-09T18:22:01Z,301625,12222,1146
2026-04-10T01:24:44+00:00,MnNF5wdXWQw,UCQHX6ViZmPsWiYSFAyS0a3Q,ABSOLUTELY UNBELIEVABLE. HE ACTUALLY WON AGAIN!!!!!!!!!!!!!,2026-04-09T18:22:01Z,301625,12229,1147
2026-04-10T01:25:15+00:00,MnNF5wdXWQw,UCQHX6ViZmPsWiYSFAyS0a3Q,ABSOLUTELY UNBELIEVABLE. HE ACTUALLY WON AGAIN!!!!!!!!!!!!!,2026-04-09T18:22:01Z,301625,12229,1147
2026-04-10T01:25:45+00:00,MnNF5wdXWQw,UCQHX6ViZmPsWiYSFAyS0a3Q,ABSOLUTELY UNBELIEVABLE. HE ACTUALLY WON AGAIN!!!!!!!!!!!!!,2026-04-09T18:22:01Z,301625,12232,1149
2026-04-10T01:26:16+00:00,MnNF5wdXWQw,UCQHX6ViZmPsWiYSFAyS0a3Q,ABSOLUTELY UNBELIEVABLE. HE ACTUALLY WON AGAIN!!!!!!!!!!!!!,2026-04-09T18:22:01Z,303083,12236,1149
2026-04-10T01:26:46+00:00,MnNF5wdXWQw,UCQHX6ViZmPsWiYSFAyS0a3Q,ABSOLUTELY UNBELIEVABLE. HE ACTUALLY WON AGAIN!!!!!!!!!!!!!,2026-04-09T18:22:01Z,303107,12241,1149
2026-04-10T01:27:17+00:00,MnNF5wdXWQw,UCQHX6ViZmPsWiYSFAyS0a3Q,ABSOLUTELY UNBELIEVABLE. HE ACTUALLY WON AGAIN!!!!!!!!!!!!!,2026-04-09T18:22:01Z,303107,12251,1149
2026-04-10T01:27:48+00:00,MnNF5wdXWQw,UCQHX6ViZmPsWiYSFAyS0a3Q,ABSOLUTELY UNBELIEVABLE. HE ACTUALLY WON AGAIN!!!!!!!!!!!!!,2026-04-09T18:22:01Z,303107,12257,1149
2026-04-10T01:28:18+00:00,MnNF5wdXWQw,UCQHX6ViZmPsWiYSFAyS0a3Q,ABSOLUTELY UNBELIEVABLE. HE ACTUALLY WON AGAIN!!!!!!!!!!!!!,2026-04-09T18:22:01Z,303107,12259,1150
2026-04-10T01:28:49+00:00,MnNF5wdXWQw,UCQHX6ViZmPsWiYSFAyS0a3Q,ABSOLUTELY UNBELIEVABLE. HE ACTUALLY WON AGAIN!!!!!!!!!!!!!,2026-04-09T18:22:01Z,303107,12266,1150
2026-04-10T01:29:20+00:00,MnNF5wdXWQw,UCQHX6ViZmPsWiYSFAyS0a3Q,ABSOLUTELY UNBELIEVABLE. HE ACTUALLY WON AGAIN!!!!!!!!!!!!!,2026-04-09T18:22:01Z,303107,12272,1150
2026-04-10T01:29:50+00:00,MnNF5wdXWQw,UCQHX6ViZmPsWiYSFAyS0a3Q,ABSOLUTELY UNBELIEVABLE. HE ACTUALLY WON AGAIN!!!!!!!!!!!!!,2026-04-09T18:22:01Z,303107,12277,1152
2026-04-10T01:30:21+00:00,MnNF5wdXWQw,UCQHX6ViZmPsWiYSFAyS0a3Q,ABSOLUTELY UNBELIEVABLE. HE ACTUALLY WON AGAIN!!!!!!!!!!!!!,2026-04-09T18:22:01Z,303107,12282,1152
