captured_at,video_id,channel_id,title,published_at,view_count,like_count,comment_count
2026-03-23T08:54:09+00:00,q7oYm4P9UKc,UCKjEtnnXEHsXE9IvCb92V7g,100 gorillas vs. Florida Final Boss? 🦍🐊 #shorts,2026-03-23T03:39:28Z,16811,139,13
2026-03-23T08:54:09+00:00,gRNQkeddOeo,UCKjEtnnXEHsXE9IvCb92V7g,“I would light this thing on fire” 🔥🤣,2026-03-23T02:03:26Z,3874,119,5
2026-03-23T08:54:09+00:00,a8PrkqVWt_s,UCKjEtnnXEHsXE9IvCb92V7g,Tony Delk breaks down the difference in the 2025 and 2026 Florida guards. #MarchMadness,2026-03-23T01:13:03Z,1936,7,1
2026-03-23T08:54:39+00:00,q7oYm4P9UKc,UCKjEtnnXEHsXE9IvCb92V7g,100 gorillas vs. Florida Final Boss? 🦍🐊 #shorts,2026-03-23T03:39:28Z,16811,139,13
2026-03-23T08:54:39+00:00,gRNQkeddOeo,UCKjEtnnXEHsXE9IvCb92V7g,“I would light this thing on fire” 🔥🤣,2026-03-23T02:03:26Z,3874,119,5
2026-03-23T08:54:39+00:00,a8PrkqVWt_s,UCKjEtnnXEHsXE9IvCb92V7g,Tony Delk breaks down the difference in the 2025 and 2026 Florida guards. #MarchMadness,2026-03-23T01:13:03Z,1936,7,1
2026-03-23T08:55:10+00:00,q7oYm4P9UKc,UCKjEtnnXEHsXE9IvCb92V7g,100 gorillas vs. Florida Final Boss? 🦍🐊 #shorts,2026-03-23T03:39:28Z,16811,139,13
2026-03-23T08:55:10+00:00,gRNQkeddOeo,UCKjEtnnXEHsXE9IvCb92V7g,“I would light this thing on fire” 🔥🤣,2026-03-23T02:03:26Z,3874,119,5
2026-03-23T08:55:10+00:00,a8PrkqVWt_s,UCKjEtnnXEHsXE9IvCb92V7g,Tony Delk breaks down the difference in the 2025 and 2026 Florida guards. #MarchMadness,2026-03-23T01:13:03Z,1936,7,1
2026-03-23T08:55:41+00:00,q7oYm4P9UKc,UCKjEtnnXEHsXE9IvCb92V7g,100 gorillas vs. Florida Final Boss? 🦍🐊 #shorts,2026-03-23T03:39:28Z,16811,139,13
2026-03-23T08:55:41+00:00,gRNQkeddOeo,UCKjEtnnXEHsXE9IvCb92V7g,“I would light this thing on fire” 🔥🤣,2026-03-23T02:03:26Z,3874,119,5
2026-03-23T08:55:41+00:00,a8PrkqVWt_s,UCKjEtnnXEHsXE9IvCb92V7g,Tony Delk breaks down the difference in the 2025 and 2026 Florida guards. #MarchMadness,2026-03-23T01:13:03Z,1936,7,1
2026-03-23T08:56:12+00:00,q7oYm4P9UKc,UCKjEtnnXEHsXE9IvCb92V7g,100 gorillas vs. Florida Final Boss? 🦍🐊 #shorts,2026-03-23T03:39:28Z,16919,139,13
2026-03-23T08:56:12+00:00,gRNQkeddOeo,UCKjEtnnXEHsXE9IvCb92V7g,“I would light this thing on fire” 🔥🤣,2026-03-23T02:03:26Z,3874,119,5
2026-03-23T08:56:12+00:00,a8PrkqVWt_s,UCKjEtnnXEHsXE9IvCb92V7g,Tony Delk breaks down the difference in the 2025 and 2026 Florida guards. #MarchMadness,2026-03-23T01:13:03Z,1936,7,1
2026-03-23T08:56:43+00:00,q7oYm4P9UKc,UCKjEtnnXEHsXE9IvCb92V7g,100 gorillas vs. Florida Final Boss? 🦍🐊 #shorts,2026-03-23T03:39:28Z,16919,139,13
2026-03-23T08:56:43+00:00,gRNQkeddOeo,UCKjEtnnXEHsXE9IvCb92V7g,“I would light this thing on fire” 🔥🤣,2026-03-23T02:03:26Z,3874,119,5
2026-03-23T08:56:43+00:00,a8PrkqVWt_s,UCKjEtnnXEHsXE9IvCb92V7g,Tony Delk breaks down the difference in the 2025 and 2026 Florida guards. #MarchMadness,2026-03-23T01:13:03Z,1936,7,1
2026-03-23T08:57:14+00:00,q7oYm4P9UKc,UCKjEtnnXEHsXE9IvCb92V7g,100 gorillas vs. Florida Final Boss? 🦍🐊 #shorts,2026-03-23T03:39:28Z,16919,139,13
2026-03-23T08:57:14+00:00,gRNQkeddOeo,UCKjEtnnXEHsXE9IvCb92V7g,“I would light this thing on fire” 🔥🤣,2026-03-23T02:03:26Z,3874,119,5
2026-03-23T08:57:14+00:00,a8PrkqVWt_s,UCKjEtnnXEHsXE9IvCb92V7g,Tony Delk breaks down the difference in the 2025 and 2026 Florida guards. #MarchMadness,2026-03-23T01:13:03Z,1936,7,1
2026-03-23T08:57:44+00:00,q7oYm4P9UKc,UCKjEtnnXEHsXE9IvCb92V7g,100 gorillas vs. Florida Final Boss? 🦍🐊 #shorts,2026-03-23T03:39:28Z,16919,139,13
2026-03-23T08:57:44+00:00,gRNQkeddOeo,UCKjEtnnXEHsXE9IvCb92V7g,“I would light this thing on fire” 🔥🤣,2026-03-23T02:03:26Z,3874,119,5
2026-03-23T08:57:44+00:00,a8PrkqVWt_s,UCKjEtnnXEHsXE9IvCb92V7g,Tony Delk breaks down the difference in the 2025 and 2026 Florida guards. #MarchMadness,2026-03-23T01:13:03Z,1936,7,1
2026-03-23T08:58:15+00:00,q7oYm4P9UKc,UCKjEtnnXEHsXE9IvCb92V7g,100 gorillas vs. Florida Final Boss? 🦍🐊 #shorts,2026-03-23T03:39:28Z,16919,139,13
2026-03-23T08:58:15+00:00,gRNQkeddOeo,UCKjEtnnXEHsXE9IvCb92V7g,“I would light this thing on fire” 🔥🤣,2026-03-23T02:03:26Z,3874,119,5
2026-03-23T08:58:15+00:00,a8PrkqVWt_s,UCKjEtnnXEHsXE9IvCb92V7g,Tony Delk breaks down the difference in the 2025 and 2026 Florida guards. #MarchMadness,2026-03-23T01:13:03Z,1936,7,1
2026-03-23T08:58:45+00:00,q7oYm4P9UKc,UCKjEtnnXEHsXE9IvCb92V7g,100 gorillas vs. Florida Final Boss? 🦍🐊 #shorts,2026-03-23T03:39:28Z,16919,139,13
2026-03-23T08:58:45+00:00,gRNQkeddOeo,UCKjEtnnXEHsXE9IvCb92V7g,“I would light this thing on fire” 🔥🤣,2026-03-23T02:03:26Z,3874,119,5
2026-03-23T08:58:45+00:00,a8PrkqVWt_s,UCKjEtnnXEHsXE9IvCb92V7g,Tony Delk breaks down the difference in the 2025 and 2026 Florida guards. #MarchMadness,2026-03-23T01:13:03Z,1936,7,1
2026-03-23T08:59:16+00:00,q7oYm4P9UKc,UCKjEtnnXEHsXE9IvCb92V7g,100 gorillas vs. Florida Final Boss? 🦍🐊 #shorts,2026-03-23T03:39:28Z,16919,139,13
2026-03-23T08:59:16+00:00,gRNQkeddOeo,UCKjEtnnXEHsXE9IvCb92V7g,“I would light this thing on fire” 🔥🤣,2026-03-23T02:03:26Z,3910,119,5
2026-03-23T08:59:16+00:00,a8PrkqVWt_s,UCKjEtnnXEHsXE9IvCb92V7g,Tony Delk breaks down the difference in the 2025 and 2026 Florida guards. #MarchMadness,2026-03-23T01:13:03Z,1936,7,1
2026-03-23T08:59:47+00:00,q7oYm4P9UKc,UCKjEtnnXEHsXE9IvCb92V7g,100 gorillas vs. Florida Final Boss? 🦍🐊 #shorts,2026-03-23T03:39:28Z,16919,139,13
2026-03-23T08:59:47+00:00,gRNQkeddOeo,UCKjEtnnXEHsXE9IvCb92V7g,“I would light this thing on fire” 🔥🤣,2026-03-23T02:03:26Z,3910,120,5
2026-03-23T08:59:47+00:00,a8PrkqVWt_s,UCKjEtnnXEHsXE9IvCb92V7g,Tony Delk breaks down the difference in the 2025 and 2026 Florida guards. #MarchMadness,2026-03-23T01:13:03Z,1936,7,1
2026-03-23T09:00:18+00:00,q7oYm4P9UKc,UCKjEtnnXEHsXE9IvCb92V7g,100 gorillas vs. Florida Final Boss? 🦍🐊 #shorts,2026-03-23T03:39:28Z,16919,139,13
2026-03-23T09:00:18+00:00,gRNQkeddOeo,UCKjEtnnXEHsXE9IvCb92V7g,“I would light this thing on fire” 🔥🤣,2026-03-23T02:03:26Z,3910,120,5
2026-03-23T09:00:18+00:00,a8PrkqVWt_s,UCKjEtnnXEHsXE9IvCb92V7g,Tony Delk breaks down the difference in the 2025 and 2026 Florida guards. #MarchMadness,2026-03-23T01:13:03Z,1936,7,1
2026-03-23T09:00:49+00:00,q7oYm4P9UKc,UCKjEtnnXEHsXE9IvCb92V7g,100 gorillas vs. Florida Final Boss? 🦍🐊 #shorts,2026-03-23T03:39:28Z,16919,139,13
2026-03-23T09:00:49+00:00,gRNQkeddOeo,UCKjEtnnXEHsXE9IvCb92V7g,“I would light this thing on fire” 🔥🤣,2026-03-23T02:03:26Z,3910,120,5
2026-03-23T09:00:49+00:00,a8PrkqVWt_s,UCKjEtnnXEHsXE9IvCb92V7g,Tony Delk breaks down the difference in the 2025 and 2026 Florida guards. #MarchMadness,2026-03-23T01:13:03Z,1936,7,1
2026-03-23T09:01:19+00:00,q7oYm4P9UKc,UCKjEtnnXEHsXE9IvCb92V7g,100 gorillas vs. Florida Final Boss? 🦍🐊 #shorts,2026-03-23T03:39:28Z,16919,139,13
2026-03-23T09:01:19+00:00,gRNQkeddOeo,UCKjEtnnXEHsXE9IvCb92V7g,“I would light this thing on fire” 🔥🤣,2026-03-23T02:03:26Z,3910,120,5
2026-03-23T09:01:19+00:00,a8PrkqVWt_s,UCKjEtnnXEHsXE9IvCb92V7g,Tony Delk breaks down the difference in the 2025 and 2026 Florida guards. #MarchMadness,2026-03-23T01:13:03Z,1936,7,1
2026-03-23T09:01:50+00:00,q7oYm4P9UKc,UCKjEtnnXEHsXE9IvCb92V7g,100 gorillas vs. Florida Final Boss? 🦍🐊 #shorts,2026-03-23T03:39:28Z,17023,139,13
2026-03-23T09:01:50+00:00,gRNQkeddOeo,UCKjEtnnXEHsXE9IvCb92V7g,“I would light this thing on fire” 🔥🤣,2026-03-23T02:03:26Z,3910,120,5
2026-03-23T09:01:50+00:00,a8PrkqVWt_s,UCKjEtnnXEHsXE9IvCb92V7g,Tony Delk breaks down the difference in the 2025 and 2026 Florida guards. #MarchMadness,2026-03-23T01:13:03Z,1936,7,1
2026-03-23T09:02:21+00:00,q7oYm4P9UKc,UCKjEtnnXEHsXE9IvCb92V7g,100 gorillas vs. Florida Final Boss? 🦍🐊 #shorts,2026-03-23T03:39:28Z,17023,139,13
2026-03-23T09:02:21+00:00,gRNQkeddOeo,UCKjEtnnXEHsXE9IvCb92V7g,“I would light this thing on fire” 🔥🤣,2026-03-23T02:03:26Z,3910,120,5
2026-03-23T09:02:21+00:00,a8PrkqVWt_s,UCKjEtnnXEHsXE9IvCb92V7g,Tony Delk breaks down the difference in the 2025 and 2026 Florida guards. #MarchMadness,2026-03-23T01:13:03Z,1936,7,1
2026-03-23T09:02:51+00:00,q7oYm4P9UKc,UCKjEtnnXEHsXE9IvCb92V7g,100 gorillas vs. Florida Final Boss? 🦍🐊 #shorts,2026-03-23T03:39:28Z,17023,139,13
2026-03-23T09:02:51+00:00,gRNQkeddOeo,UCKjEtnnXEHsXE9IvCb92V7g,“I would light this thing on fire” 🔥🤣,2026-03-23T02:03:26Z,3910,120,5
2026-03-23T09:02:51+00:00,a8PrkqVWt_s,UCKjEtnnXEHsXE9IvCb92V7g,Tony Delk breaks down the difference in the 2025 and 2026 Florida guards. #MarchMadness,2026-03-23T01:13:03Z,1936,7,1
2026-03-23T09:03:22+00:00,q7oYm4P9UKc,UCKjEtnnXEHsXE9IvCb92V7g,100 gorillas vs. Florida Final Boss? 🦍🐊 #shorts,2026-03-23T03:39:28Z,17023,139,13
2026-03-23T09:03:22+00:00,gRNQkeddOeo,UCKjEtnnXEHsXE9IvCb92V7g,“I would light this thing on fire” 🔥🤣,2026-03-23T02:03:26Z,3910,120,5
2026-03-23T09:03:22+00:00,a8PrkqVWt_s,UCKjEtnnXEHsXE9IvCb92V7g,Tony Delk breaks down the difference in the 2025 and 2026 Florida guards. #MarchMadness,2026-03-23T01:13:03Z,1936,7,1
2026-03-23T09:03:53+00:00,q7oYm4P9UKc,UCKjEtnnXEHsXE9IvCb92V7g,100 gorillas vs. Florida Final Boss? 🦍🐊 #shorts,2026-03-23T03:39:28Z,17023,139,13
2026-03-23T09:03:53+00:00,gRNQkeddOeo,UCKjEtnnXEHsXE9IvCb92V7g,“I would light this thing on fire” 🔥🤣,2026-03-23T02:03:26Z,3910,120,5
2026-03-23T09:03:53+00:00,a8PrkqVWt_s,UCKjEtnnXEHsXE9IvCb92V7g,Tony Delk breaks down the difference in the 2025 and 2026 Florida guards. #MarchMadness,2026-03-23T01:13:03Z,1936,7,1
2026-03-23T09:04:24+00:00,q7oYm4P9UKc,UCKjEtnnXEHsXE9IvCb92V7g,100 gorillas vs. Florida Final Boss? 🦍🐊 #shorts,2026-03-23T03:39:28Z,17023,139,13
2026-03-23T09:04:24+00:00,gRNQkeddOeo,UCKjEtnnXEHsXE9IvCb92V7g,“I would light this thing on fire” 🔥🤣,2026-03-23T02:03:26Z,3937,120,5
2026-03-23T09:04:24+00:00,a8PrkqVWt_s,UCKjEtnnXEHsXE9IvCb92V7g,Tony Delk breaks down the difference in the 2025 and 2026 Florida guards. #MarchMadness,2026-03-23T01:13:03Z,1936,7,1
2026-03-23T09:04:55+00:00,q7oYm4P9UKc,UCKjEtnnXEHsXE9IvCb92V7g,100 gorillas vs. Florida Final Boss? 🦍🐊 #shorts,2026-03-23T03:39:28Z,17023,139,13
2026-03-23T09:04:55+00:00,gRNQkeddOeo,UCKjEtnnXEHsXE9IvCb92V7g,“I would light this thing on fire” 🔥🤣,2026-03-23T02:03:26Z,3937,120,5
2026-03-23T09:04:55+00:00,a8PrkqVWt_s,UCKjEtnnXEHsXE9IvCb92V7g,Tony Delk breaks down the difference in the 2025 and 2026 Florida guards. #MarchMadness,2026-03-23T01:13:03Z,1936,7,1
2026-03-23T09:05:26+00:00,q7oYm4P9UKc,UCKjEtnnXEHsXE9IvCb92V7g,100 gorillas vs. Florida Final Boss? 🦍🐊 #shorts,2026-03-23T03:39:28Z,17023,138,13
2026-03-23T09:05:26+00:00,gRNQkeddOeo,UCKjEtnnXEHsXE9IvCb92V7g,“I would light this thing on fire” 🔥🤣,2026-03-23T02:03:26Z,3937,120,5
2026-03-23T09:05:26+00:00,a8PrkqVWt_s,UCKjEtnnXEHsXE9IvCb92V7g,Tony Delk breaks down the difference in the 2025 and 2026 Florida guards. #MarchMadness,2026-03-23T01:13:03Z,1936,7,1
2026-03-23T09:05:57+00:00,q7oYm4P9UKc,UCKjEtnnXEHsXE9IvCb92V7g,100 gorillas vs. Florida Final Boss? 🦍🐊 #shorts,2026-03-23T03:39:28Z,17023,138,13
2026-03-23T09:05:57+00:00,gRNQkeddOeo,UCKjEtnnXEHsXE9IvCb92V7g,“I would light this thing on fire” 🔥🤣,2026-03-23T02:03:26Z,3937,120,5
2026-03-23T09:05:57+00:00,a8PrkqVWt_s,UCKjEtnnXEHsXE9IvCb92V7g,Tony Delk breaks down the difference in the 2025 and 2026 Florida guards. #MarchMadness,2026-03-23T01:13:03Z,1936,7,1
2026-03-23T09:06:28+00:00,q7oYm4P9UKc,UCKjEtnnXEHsXE9IvCb92V7g,100 gorillas vs. Florida Final Boss? 🦍🐊 #shorts,2026-03-23T03:39:28Z,17152,138,13
2026-03-23T09:06:28+00:00,gRNQkeddOeo,UCKjEtnnXEHsXE9IvCb92V7g,“I would light this thing on fire” 🔥🤣,2026-03-23T02:03:26Z,3937,120,5
2026-03-23T09:06:28+00:00,a8PrkqVWt_s,UCKjEtnnXEHsXE9IvCb92V7g,Tony Delk breaks down the difference in the 2025 and 2026 Florida guards. #MarchMadness,2026-03-23T01:13:03Z,1936,7,1
2026-03-23T09:06:58+00:00,q7oYm4P9UKc,UCKjEtnnXEHsXE9IvCb92V7g,100 gorillas vs. Florida Final Boss? 🦍🐊 #shorts,2026-03-23T03:39:28Z,17152,138,13
2026-03-23T09:06:58+00:00,gRNQkeddOeo,UCKjEtnnXEHsXE9IvCb92V7g,“I would light this thing on fire” 🔥🤣,2026-03-23T02:03:26Z,3937,120,5
2026-03-23T09:06:58+00:00,a8PrkqVWt_s,UCKjEtnnXEHsXE9IvCb92V7g,Tony Delk breaks down the difference in the 2025 and 2026 Florida guards. #MarchMadness,2026-03-23T01:13:03Z,1936,7,1
2026-03-23T09:07:29+00:00,q7oYm4P9UKc,UCKjEtnnXEHsXE9IvCb92V7g,100 gorillas vs. Florida Final Boss? 🦍🐊 #shorts,2026-03-23T03:39:28Z,17152,138,13
2026-03-23T09:07:29+00:00,gRNQkeddOeo,UCKjEtnnXEHsXE9IvCb92V7g,“I would light this thing on fire” 🔥🤣,2026-03-23T02:03:26Z,3937,120,5
2026-03-23T09:07:29+00:00,a8PrkqVWt_s,UCKjEtnnXEHsXE9IvCb92V7g,Tony Delk breaks down the difference in the 2025 and 2026 Florida guards. #MarchMadness,2026-03-23T01:13:03Z,1936,7,1
2026-03-23T09:08:00+00:00,q7oYm4P9UKc,UCKjEtnnXEHsXE9IvCb92V7g,100 gorillas vs. Florida Final Boss? 🦍🐊 #shorts,2026-03-23T03:39:28Z,17152,138,13
2026-03-23T09:08:00+00:00,gRNQkeddOeo,UCKjEtnnXEHsXE9IvCb92V7g,“I would light this thing on fire” 🔥🤣,2026-03-23T02:03:26Z,3937,120,5
2026-03-23T09:08:00+00:00,a8PrkqVWt_s,UCKjEtnnXEHsXE9IvCb92V7g,Tony Delk breaks down the difference in the 2025 and 2026 Florida guards. #MarchMadness,2026-03-23T01:13:03Z,1936,7,1
2026-03-23T09:08:30+00:00,q7oYm4P9UKc,UCKjEtnnXEHsXE9IvCb92V7g,100 gorillas vs. Florida Final Boss? 🦍🐊 #shorts,2026-03-23T03:39:28Z,17155,138,13
2026-03-23T09:08:30+00:00,gRNQkeddOeo,UCKjEtnnXEHsXE9IvCb92V7g,“I would light this thing on fire” 🔥🤣,2026-03-23T02:03:26Z,3937,120,5
2026-03-23T09:08:30+00:00,a8PrkqVWt_s,UCKjEtnnXEHsXE9IvCb92V7g,Tony Delk breaks down the difference in the 2025 and 2026 Florida guards. #MarchMadness,2026-03-23T01:13:03Z,1936,7,1
2026-03-23T09:09:01+00:00,q7oYm4P9UKc,UCKjEtnnXEHsXE9IvCb92V7g,100 gorillas vs. Florida Final Boss? 🦍🐊 #shorts,2026-03-23T03:39:28Z,17155,138,13
2026-03-23T09:09:01+00:00,gRNQkeddOeo,UCKjEtnnXEHsXE9IvCb92V7g,“I would light this thing on fire” 🔥🤣,2026-03-23T02:03:26Z,3976,120,5
2026-03-23T09:09:01+00:00,a8PrkqVWt_s,UCKjEtnnXEHsXE9IvCb92V7g,Tony Delk breaks down the difference in the 2025 and 2026 Florida guards. #MarchMadness,2026-03-23T01:13:03Z,1936,7,1
2026-03-23T09:09:32+00:00,q7oYm4P9UKc,UCKjEtnnXEHsXE9IvCb92V7g,100 gorillas vs. Florida Final Boss? 🦍🐊 #shorts,2026-03-23T03:39:28Z,17155,138,13
2026-03-23T09:09:32+00:00,gRNQkeddOeo,UCKjEtnnXEHsXE9IvCb92V7g,“I would light this thing on fire” 🔥🤣,2026-03-23T02:03:26Z,3976,120,5
2026-03-23T09:09:32+00:00,a8PrkqVWt_s,UCKjEtnnXEHsXE9IvCb92V7g,Tony Delk breaks down the difference in the 2025 and 2026 Florida guards. #MarchMadness,2026-03-23T01:13:03Z,1936,7,1
2026-03-23T09:10:03+00:00,q7oYm4P9UKc,UCKjEtnnXEHsXE9IvCb92V7g,100 gorillas vs. Florida Final Boss? 🦍🐊 #shorts,2026-03-23T03:39:28Z,17155,138,13
2026-03-23T09:10:03+00:00,gRNQkeddOeo,UCKjEtnnXEHsXE9IvCb92V7g,“I would light this thing on fire” 🔥🤣,2026-03-23T02:03:26Z,3976,120,5
2026-03-23T09:10:03+00:00,a8PrkqVWt_s,UCKjEtnnXEHsXE9IvCb92V7g,Tony Delk breaks down the difference in the 2025 and 2026 Florida guards. #MarchMadness,2026-03-23T01:13:03Z,1936,7,1
2026-03-23T09:10:34+00:00,q7oYm4P9UKc,UCKjEtnnXEHsXE9IvCb92V7g,100 gorillas vs. Florida Final Boss? 🦍🐊 #shorts,2026-03-23T03:39:28Z,17155,138,13
2026-03-23T09:10:34+00:00,gRNQkeddOeo,UCKjEtnnXEHsXE9IvCb92V7g,“I would light this thing on fire” 🔥🤣,2026-03-23T02:03:26Z,3976,121,5
2026-03-23T09:10:34+00:00,a8PrkqVWt_s,UCKjEtnnXEHsXE9IvCb92V7g,Tony Delk breaks down the difference in the 2025 and 2026 Florida guards. #MarchMadness,2026-03-23T01:13:03Z,1936,7,1
2026-03-23T09:11:04+00:00,q7oYm4P9UKc,UCKjEtnnXEHsXE9IvCb92V7g,100 gorillas vs. Florida Final Boss? 🦍🐊 #shorts,2026-03-23T03:39:28Z,17155,138,13
2026-03-23T09:11:04+00:00,gRNQkeddOeo,UCKjEtnnXEHsXE9IvCb92V7g,“I would light this thing on fire” 🔥🤣,2026-03-23T02:03:26Z,3976,121,5
2026-03-23T09:11:04+00:00,a8PrkqVWt_s,UCKjEtnnXEHsXE9IvCb92V7g,Tony Delk breaks down the difference in the 2025 and 2026 Florida guards. #MarchMadness,2026-03-23T01:13:03Z,1936,7,1
2026-03-23T09:11:35+00:00,q7oYm4P9UKc,UCKjEtnnXEHsXE9IvCb92V7g,100 gorillas vs. Florida Final Boss? 🦍🐊 #shorts,2026-03-23T03:39:28Z,17275,138,13
2026-03-23T09:11:35+00:00,gRNQkeddOeo,UCKjEtnnXEHsXE9IvCb92V7g,“I would light this thing on fire” 🔥🤣,2026-03-23T02:03:26Z,3976,121,5
2026-03-23T09:11:35+00:00,a8PrkqVWt_s,UCKjEtnnXEHsXE9IvCb92V7g,Tony Delk breaks down the difference in the 2025 and 2026 Florida guards. #MarchMadness,2026-03-23T01:13:03Z,1936,7,1
2026-03-23T09:12:06+00:00,q7oYm4P9UKc,UCKjEtnnXEHsXE9IvCb92V7g,100 gorillas vs. Florida Final Boss? 🦍🐊 #shorts,2026-03-23T03:39:28Z,17275,138,13
2026-03-23T09:12:06+00:00,gRNQkeddOeo,UCKjEtnnXEHsXE9IvCb92V7g,“I would light this thing on fire” 🔥🤣,2026-03-23T02:03:26Z,3976,121,5
2026-03-23T09:12:06+00:00,a8PrkqVWt_s,UCKjEtnnXEHsXE9IvCb92V7g,Tony Delk breaks down the difference in the 2025 and 2026 Florida guards. #MarchMadness,2026-03-23T01:13:03Z,1936,7,1
2026-03-23T09:12:37+00:00,q7oYm4P9UKc,UCKjEtnnXEHsXE9IvCb92V7g,100 gorillas vs. Florida Final Boss? 🦍🐊 #shorts,2026-03-23T03:39:28Z,17275,138,13
2026-03-23T09:12:37+00:00,gRNQkeddOeo,UCKjEtnnXEHsXE9IvCb92V7g,“I would light this thing on fire” 🔥🤣,2026-03-23T02:03:26Z,3976,121,5
2026-03-23T09:12:37+00:00,a8PrkqVWt_s,UCKjEtnnXEHsXE9IvCb92V7g,Tony Delk breaks down the difference in the 2025 and 2026 Florida guards. #MarchMadness,2026-03-23T01:13:03Z,1936,7,1
2026-03-23T09:13:08+00:00,q7oYm4P9UKc,UCKjEtnnXEHsXE9IvCb92V7g,100 gorillas vs. Florida Final Boss? 🦍🐊 #shorts,2026-03-23T03:39:28Z,17275,138,13
2026-03-23T09:13:08+00:00,gRNQkeddOeo,UCKjEtnnXEHsXE9IvCb92V7g,“I would light this thing on fire” 🔥🤣,2026-03-23T02:03:26Z,3976,121,5
2026-03-23T09:13:08+00:00,a8PrkqVWt_s,UCKjEtnnXEHsXE9IvCb92V7g,Tony Delk breaks down the difference in the 2025 and 2026 Florida guards. #MarchMadness,2026-03-23T01:13:03Z,1936,7,1
2026-03-23T09:13:39+00:00,q7oYm4P9UKc,UCKjEtnnXEHsXE9IvCb92V7g,100 gorillas vs. Florida Final Boss? 🦍🐊 #shorts,2026-03-23T03:39:28Z,17275,138,13
2026-03-23T09:13:39+00:00,gRNQkeddOeo,UCKjEtnnXEHsXE9IvCb92V7g,“I would light this thing on fire” 🔥🤣,2026-03-23T02:03:26Z,3976,121,5
2026-03-23T09:13:39+00:00,a8PrkqVWt_s,UCKjEtnnXEHsXE9IvCb92V7g,Tony Delk breaks down the difference in the 2025 and 2026 Florida guards. #MarchMadness,2026-03-23T01:13:03Z,1936,7,1
2026-03-23T09:14:10+00:00,q7oYm4P9UKc,UCKjEtnnXEHsXE9IvCb92V7g,100 gorillas vs. Florida Final Boss? 🦍🐊 #shorts,2026-03-23T03:39:28Z,17275,138,13
2026-03-23T09:14:10+00:00,gRNQkeddOeo,UCKjEtnnXEHsXE9IvCb92V7g,“I would light this thing on fire” 🔥🤣,2026-03-23T02:03:26Z,3976,121,5
2026-03-23T09:14:10+00:00,a8PrkqVWt_s,UCKjEtnnXEHsXE9IvCb92V7g,Tony Delk breaks down the difference in the 2025 and 2026 Florida guards. #MarchMadness,2026-03-23T01:13:03Z,1936,7,1
2026-03-23T09:14:41+00:00,q7oYm4P9UKc,UCKjEtnnXEHsXE9IvCb92V7g,100 gorillas vs. Florida Final Boss? 🦍🐊 #shorts,2026-03-23T03:39:28Z,17275,138,13
2026-03-23T09:14:41+00:00,gRNQkeddOeo,UCKjEtnnXEHsXE9IvCb92V7g,“I would light this thing on fire” 🔥🤣,2026-03-23T02:03:26Z,3989,121,5
2026-03-23T09:14:41+00:00,a8PrkqVWt_s,UCKjEtnnXEHsXE9IvCb92V7g,Tony Delk breaks down the difference in the 2025 and 2026 Florida guards. #MarchMadness,2026-03-23T01:13:03Z,1936,7,1
2026-03-23T09:15:11+00:00,q7oYm4P9UKc,UCKjEtnnXEHsXE9IvCb92V7g,100 gorillas vs. Florida Final Boss? 🦍🐊 #shorts,2026-03-23T03:39:28Z,17275,138,13
2026-03-23T09:15:11+00:00,gRNQkeddOeo,UCKjEtnnXEHsXE9IvCb92V7g,“I would light this thing on fire” 🔥🤣,2026-03-23T02:03:26Z,3989,121,5
2026-03-23T09:15:11+00:00,a8PrkqVWt_s,UCKjEtnnXEHsXE9IvCb92V7g,Tony Delk breaks down the difference in the 2025 and 2026 Florida guards. #MarchMadness,2026-03-23T01:13:03Z,1936,7,1
2026-03-23T09:15:42+00:00,q7oYm4P9UKc,UCKjEtnnXEHsXE9IvCb92V7g,100 gorillas vs. Florida Final Boss? 🦍🐊 #shorts,2026-03-23T03:39:28Z,17275,138,13
2026-03-23T09:15:42+00:00,gRNQkeddOeo,UCKjEtnnXEHsXE9IvCb92V7g,“I would light this thing on fire” 🔥🤣,2026-03-23T02:03:26Z,3989,121,5
2026-03-23T09:15:42+00:00,a8PrkqVWt_s,UCKjEtnnXEHsXE9IvCb92V7g,Tony Delk breaks down the difference in the 2025 and 2026 Florida guards. #MarchMadness,2026-03-23T01:13:03Z,1936,7,1
2026-03-23T09:16:13+00:00,q7oYm4P9UKc,UCKjEtnnXEHsXE9IvCb92V7g,100 gorillas vs. Florida Final Boss? 🦍🐊 #shorts,2026-03-23T03:39:28Z,17342,138,13
2026-03-23T09:16:13+00:00,gRNQkeddOeo,UCKjEtnnXEHsXE9IvCb92V7g,“I would light this thing on fire” 🔥🤣,2026-03-23T02:03:26Z,3989,121,5
2026-03-23T09:16:13+00:00,a8PrkqVWt_s,UCKjEtnnXEHsXE9IvCb92V7g,Tony Delk breaks down the difference in the 2025 and 2026 Florida guards. #MarchMadness,2026-03-23T01:13:03Z,1936,7,1
2026-03-23T09:16:44+00:00,q7oYm4P9UKc,UCKjEtnnXEHsXE9IvCb92V7g,100 gorillas vs. Florida Final Boss? 🦍🐊 #shorts,2026-03-23T03:39:28Z,17342,138,13
2026-03-23T09:16:44+00:00,gRNQkeddOeo,UCKjEtnnXEHsXE9IvCb92V7g,“I would light this thing on fire” 🔥🤣,2026-03-23T02:03:26Z,3989,121,5
2026-03-23T09:16:44+00:00,a8PrkqVWt_s,UCKjEtnnXEHsXE9IvCb92V7g,Tony Delk breaks down the difference in the 2025 and 2026 Florida guards. #MarchMadness,2026-03-23T01:13:03Z,1936,7,1
2026-03-23T09:17:15+00:00,q7oYm4P9UKc,UCKjEtnnXEHsXE9IvCb92V7g,100 gorillas vs. Florida Final Boss? 🦍🐊 #shorts,2026-03-23T03:39:28Z,17342,138,13
2026-03-23T09:17:15+00:00,gRNQkeddOeo,UCKjEtnnXEHsXE9IvCb92V7g,“I would light this thing on fire” 🔥🤣,2026-03-23T02:03:26Z,3989,121,5
2026-03-23T09:17:15+00:00,a8PrkqVWt_s,UCKjEtnnXEHsXE9IvCb92V7g,Tony Delk breaks down the difference in the 2025 and 2026 Florida guards. #MarchMadness,2026-03-23T01:13:03Z,1936,7,1
2026-03-23T09:17:46+00:00,q7oYm4P9UKc,UCKjEtnnXEHsXE9IvCb92V7g,100 gorillas vs. Florida Final Boss? 🦍🐊 #shorts,2026-03-23T03:39:28Z,17342,138,13
2026-03-23T09:17:46+00:00,gRNQkeddOeo,UCKjEtnnXEHsXE9IvCb92V7g,“I would light this thing on fire” 🔥🤣,2026-03-23T02:03:26Z,3989,121,5
2026-03-23T09:17:46+00:00,a8PrkqVWt_s,UCKjEtnnXEHsXE9IvCb92V7g,Tony Delk breaks down the difference in the 2025 and 2026 Florida guards. #MarchMadness,2026-03-23T01:13:03Z,1936,7,1
2026-03-23T09:18:17+00:00,q7oYm4P9UKc,UCKjEtnnXEHsXE9IvCb92V7g,100 gorillas vs. Florida Final Boss? 🦍🐊 #shorts,2026-03-23T03:39:28Z,17342,138,13
2026-03-23T09:18:17+00:00,gRNQkeddOeo,UCKjEtnnXEHsXE9IvCb92V7g,“I would light this thing on fire” 🔥🤣,2026-03-23T02:03:26Z,3989,121,5
2026-03-23T09:18:17+00:00,a8PrkqVWt_s,UCKjEtnnXEHsXE9IvCb92V7g,Tony Delk breaks down the difference in the 2025 and 2026 Florida guards. #MarchMadness,2026-03-23T01:13:03Z,1936,7,1
2026-03-23T09:18:47+00:00,q7oYm4P9UKc,UCKjEtnnXEHsXE9IvCb92V7g,100 gorillas vs. Florida Final Boss? 🦍🐊 #shorts,2026-03-23T03:39:28Z,17342,138,13
2026-03-23T09:18:47+00:00,gRNQkeddOeo,UCKjEtnnXEHsXE9IvCb92V7g,“I would light this thing on fire” 🔥🤣,2026-03-23T02:03:26Z,3989,121,5
2026-03-23T09:18:47+00:00,a8PrkqVWt_s,UCKjEtnnXEHsXE9IvCb92V7g,Tony Delk breaks down the difference in the 2025 and 2026 Florida guards. #MarchMadness,2026-03-23T01:13:03Z,1936,7,1
2026-03-23T09:19:18+00:00,q7oYm4P9UKc,UCKjEtnnXEHsXE9IvCb92V7g,100 gorillas vs. Florida Final Boss? 🦍🐊 #shorts,2026-03-23T03:39:28Z,17342,138,13
2026-03-23T09:19:18+00:00,gRNQkeddOeo,UCKjEtnnXEHsXE9IvCb92V7g,“I would light this thing on fire” 🔥🤣,2026-03-23T02:03:26Z,4011,121,5
2026-03-23T09:19:18+00:00,a8PrkqVWt_s,UCKjEtnnXEHsXE9IvCb92V7g,Tony Delk breaks down the difference in the 2025 and 2026 Florida guards. #MarchMadness,2026-03-23T01:13:03Z,1936,7,1
2026-03-23T09:19:49+00:00,q7oYm4P9UKc,UCKjEtnnXEHsXE9IvCb92V7g,100 gorillas vs. Florida Final Boss? 🦍🐊 #shorts,2026-03-23T03:39:28Z,17342,138,13
2026-03-23T09:19:49+00:00,gRNQkeddOeo,UCKjEtnnXEHsXE9IvCb92V7g,“I would light this thing on fire” 🔥🤣,2026-03-23T02:03:26Z,4011,121,5
2026-03-23T09:19:49+00:00,a8PrkqVWt_s,UCKjEtnnXEHsXE9IvCb92V7g,Tony Delk breaks down the difference in the 2025 and 2026 Florida guards. #MarchMadness,2026-03-23T01:13:03Z,1936,7,1
2026-03-23T09:20:20+00:00,q7oYm4P9UKc,UCKjEtnnXEHsXE9IvCb92V7g,100 gorillas vs. Florida Final Boss? 🦍🐊 #shorts,2026-03-23T03:39:28Z,17342,138,13
2026-03-23T09:20:20+00:00,gRNQkeddOeo,UCKjEtnnXEHsXE9IvCb92V7g,“I would light this thing on fire” 🔥🤣,2026-03-23T02:03:26Z,4011,121,5
2026-03-23T09:20:20+00:00,a8PrkqVWt_s,UCKjEtnnXEHsXE9IvCb92V7g,Tony Delk breaks down the difference in the 2025 and 2026 Florida guards. #MarchMadness,2026-03-23T01:13:03Z,1936,7,1
2026-03-23T09:20:51+00:00,q7oYm4P9UKc,UCKjEtnnXEHsXE9IvCb92V7g,100 gorillas vs. Florida Final Boss? 🦍🐊 #shorts,2026-03-23T03:39:28Z,17342,138,13
2026-03-23T09:20:51+00:00,gRNQkeddOeo,UCKjEtnnXEHsXE9IvCb92V7g,“I would light this thing on fire” 🔥🤣,2026-03-23T02:03:26Z,4011,122,5
2026-03-23T09:20:51+00:00,a8PrkqVWt_s,UCKjEtnnXEHsXE9IvCb92V7g,Tony Delk breaks down the difference in the 2025 and 2026 Florida guards. #MarchMadness,2026-03-23T01:13:03Z,1936,7,1
2026-03-23T09:21:22+00:00,q7oYm4P9UKc,UCKjEtnnXEHsXE9IvCb92V7g,100 gorillas vs. Florida Final Boss? 🦍🐊 #shorts,2026-03-23T03:39:28Z,17453,138,13
2026-03-23T09:21:22+00:00,gRNQkeddOeo,UCKjEtnnXEHsXE9IvCb92V7g,“I would light this thing on fire” 🔥🤣,2026-03-23T02:03:26Z,4011,122,5
2026-03-23T09:21:22+00:00,a8PrkqVWt_s,UCKjEtnnXEHsXE9IvCb92V7g,Tony Delk breaks down the difference in the 2025 and 2026 Florida guards. #MarchMadness,2026-03-23T01:13:03Z,1936,7,1
2026-03-23T09:21:52+00:00,q7oYm4P9UKc,UCKjEtnnXEHsXE9IvCb92V7g,100 gorillas vs. Florida Final Boss? 🦍🐊 #shorts,2026-03-23T03:39:28Z,17453,138,13
2026-03-23T09:21:52+00:00,gRNQkeddOeo,UCKjEtnnXEHsXE9IvCb92V7g,“I would light this thing on fire” 🔥🤣,2026-03-23T02:03:26Z,4011,122,5
2026-03-23T09:21:52+00:00,a8PrkqVWt_s,UCKjEtnnXEHsXE9IvCb92V7g,Tony Delk breaks down the difference in the 2025 and 2026 Florida guards. #MarchMadness,2026-03-23T01:13:03Z,1936,7,1
2026-03-23T09:22:23+00:00,q7oYm4P9UKc,UCKjEtnnXEHsXE9IvCb92V7g,100 gorillas vs. Florida Final Boss? 🦍🐊 #shorts,2026-03-23T03:39:28Z,17453,138,13
2026-03-23T09:22:23+00:00,gRNQkeddOeo,UCKjEtnnXEHsXE9IvCb92V7g,“I would light this thing on fire” 🔥🤣,2026-03-23T02:03:26Z,4011,122,5
2026-03-23T09:22:23+00:00,a8PrkqVWt_s,UCKjEtnnXEHsXE9IvCb92V7g,Tony Delk breaks down the difference in the 2025 and 2026 Florida guards. #MarchMadness,2026-03-23T01:13:03Z,1936,7,1
2026-03-23T09:22:54+00:00,q7oYm4P9UKc,UCKjEtnnXEHsXE9IvCb92V7g,100 gorillas vs. Florida Final Boss? 🦍🐊 #shorts,2026-03-23T03:39:28Z,17453,138,13
2026-03-23T09:22:54+00:00,gRNQkeddOeo,UCKjEtnnXEHsXE9IvCb92V7g,“I would light this thing on fire” 🔥🤣,2026-03-23T02:03:26Z,4011,122,5
2026-03-23T09:22:54+00:00,a8PrkqVWt_s,UCKjEtnnXEHsXE9IvCb92V7g,Tony Delk breaks down the difference in the 2025 and 2026 Florida guards. #MarchMadness,2026-03-23T01:13:03Z,1936,7,1
2026-03-23T09:23:25+00:00,q7oYm4P9UKc,UCKjEtnnXEHsXE9IvCb92V7g,100 gorillas vs. Florida Final Boss? 🦍🐊 #shorts,2026-03-23T03:39:28Z,17453,139,13
2026-03-23T09:23:25+00:00,gRNQkeddOeo,UCKjEtnnXEHsXE9IvCb92V7g,“I would light this thing on fire” 🔥🤣,2026-03-23T02:03:26Z,4011,122,5
2026-03-23T09:23:25+00:00,a8PrkqVWt_s,UCKjEtnnXEHsXE9IvCb92V7g,Tony Delk breaks down the difference in the 2025 and 2026 Florida guards. #MarchMadness,2026-03-23T01:13:03Z,1936,7,1
2026-03-23T09:23:55+00:00,q7oYm4P9UKc,UCKjEtnnXEHsXE9IvCb92V7g,100 gorillas vs. Florida Final Boss? 🦍🐊 #shorts,2026-03-23T03:39:28Z,17453,139,13
2026-03-23T09:23:55+00:00,gRNQkeddOeo,UCKjEtnnXEHsXE9IvCb92V7g,“I would light this thing on fire” 🔥🤣,2026-03-23T02:03:26Z,4011,122,5
2026-03-23T09:23:55+00:00,a8PrkqVWt_s,UCKjEtnnXEHsXE9IvCb92V7g,Tony Delk breaks down the difference in the 2025 and 2026 Florida guards. #MarchMadness,2026-03-23T01:13:03Z,1936,7,1
2026-03-23T09:24:26+00:00,q7oYm4P9UKc,UCKjEtnnXEHsXE9IvCb92V7g,100 gorillas vs. Florida Final Boss? 🦍🐊 #shorts,2026-03-23T03:39:28Z,17453,139,13
2026-03-23T09:24:26+00:00,gRNQkeddOeo,UCKjEtnnXEHsXE9IvCb92V7g,“I would light this thing on fire” 🔥🤣,2026-03-23T02:03:26Z,4018,122,5
2026-03-23T09:24:26+00:00,a8PrkqVWt_s,UCKjEtnnXEHsXE9IvCb92V7g,Tony Delk breaks down the difference in the 2025 and 2026 Florida guards. #MarchMadness,2026-03-23T01:13:03Z,1936,7,1
2026-03-23T09:24:57+00:00,q7oYm4P9UKc,UCKjEtnnXEHsXE9IvCb92V7g,100 gorillas vs. Florida Final Boss? 🦍🐊 #shorts,2026-03-23T03:39:28Z,17453,140,13
2026-03-23T09:24:57+00:00,gRNQkeddOeo,UCKjEtnnXEHsXE9IvCb92V7g,“I would light this thing on fire” 🔥🤣,2026-03-23T02:03:26Z,4018,123,5
2026-03-23T09:24:57+00:00,a8PrkqVWt_s,UCKjEtnnXEHsXE9IvCb92V7g,Tony Delk breaks down the difference in the 2025 and 2026 Florida guards. #MarchMadness,2026-03-23T01:13:03Z,1936,7,1
2026-03-23T09:25:27+00:00,q7oYm4P9UKc,UCKjEtnnXEHsXE9IvCb92V7g,100 gorillas vs. Florida Final Boss? 🦍🐊 #shorts,2026-03-23T03:39:28Z,17453,141,13
2026-03-23T09:25:27+00:00,gRNQkeddOeo,UCKjEtnnXEHsXE9IvCb92V7g,“I would light this thing on fire” 🔥🤣,2026-03-23T02:03:26Z,4018,123,5
2026-03-23T09:25:27+00:00,a8PrkqVWt_s,UCKjEtnnXEHsXE9IvCb92V7g,Tony Delk breaks down the difference in the 2025 and 2026 Florida guards. #MarchMadness,2026-03-23T01:13:03Z,1936,7,1
2026-03-23T09:25:57+00:00,q7oYm4P9UKc,UCKjEtnnXEHsXE9IvCb92V7g,100 gorillas vs. Florida Final Boss? 🦍🐊 #shorts,2026-03-23T03:39:28Z,17453,141,13
2026-03-23T09:25:57+00:00,gRNQkeddOeo,UCKjEtnnXEHsXE9IvCb92V7g,“I would light this thing on fire” 🔥🤣,2026-03-23T02:03:26Z,4018,123,5
2026-03-23T09:25:57+00:00,a8PrkqVWt_s,UCKjEtnnXEHsXE9IvCb92V7g,Tony Delk breaks down the difference in the 2025 and 2026 Florida guards. #MarchMadness,2026-03-23T01:13:03Z,1936,7,1
2026-03-23T09:26:28+00:00,q7oYm4P9UKc,UCKjEtnnXEHsXE9IvCb92V7g,100 gorillas vs. Florida Final Boss? 🦍🐊 #shorts,2026-03-23T03:39:28Z,17492,141,13
2026-03-23T09:26:28+00:00,gRNQkeddOeo,UCKjEtnnXEHsXE9IvCb92V7g,“I would light this thing on fire” 🔥🤣,2026-03-23T02:03:26Z,4018,123,5
2026-03-23T09:26:28+00:00,a8PrkqVWt_s,UCKjEtnnXEHsXE9IvCb92V7g,Tony Delk breaks down the difference in the 2025 and 2026 Florida guards. #MarchMadness,2026-03-23T01:13:03Z,1936,7,1
2026-03-23T09:26:58+00:00,q7oYm4P9UKc,UCKjEtnnXEHsXE9IvCb92V7g,100 gorillas vs. Florida Final Boss? 🦍🐊 #shorts,2026-03-23T03:39:28Z,17492,141,13
2026-03-23T09:26:58+00:00,gRNQkeddOeo,UCKjEtnnXEHsXE9IvCb92V7g,“I would light this thing on fire” 🔥🤣,2026-03-23T02:03:26Z,4018,123,5
2026-03-23T09:26:58+00:00,a8PrkqVWt_s,UCKjEtnnXEHsXE9IvCb92V7g,Tony Delk breaks down the difference in the 2025 and 2026 Florida guards. #MarchMadness,2026-03-23T01:13:03Z,1936,7,1
2026-03-23T09:27:29+00:00,q7oYm4P9UKc,UCKjEtnnXEHsXE9IvCb92V7g,100 gorillas vs. Florida Final Boss? 🦍🐊 #shorts,2026-03-23T03:39:28Z,17492,141,13
2026-03-23T09:27:29+00:00,gRNQkeddOeo,UCKjEtnnXEHsXE9IvCb92V7g,“I would light this thing on fire” 🔥🤣,2026-03-23T02:03:26Z,4018,123,5
2026-03-23T09:27:29+00:00,a8PrkqVWt_s,UCKjEtnnXEHsXE9IvCb92V7g,Tony Delk breaks down the difference in the 2025 and 2026 Florida guards. #MarchMadness,2026-03-23T01:13:03Z,1936,7,1
2026-03-23T09:28:00+00:00,q7oYm4P9UKc,UCKjEtnnXEHsXE9IvCb92V7g,100 gorillas vs. Florida Final Boss? 🦍🐊 #shorts,2026-03-23T03:39:28Z,17492,141,13
2026-03-23T09:28:00+00:00,gRNQkeddOeo,UCKjEtnnXEHsXE9IvCb92V7g,“I would light this thing on fire” 🔥🤣,2026-03-23T02:03:26Z,4018,123,5
2026-03-23T09:28:00+00:00,a8PrkqVWt_s,UCKjEtnnXEHsXE9IvCb92V7g,Tony Delk breaks down the difference in the 2025 and 2026 Florida guards. #MarchMadness,2026-03-23T01:13:03Z,1936,7,1
2026-03-23T09:28:31+00:00,q7oYm4P9UKc,UCKjEtnnXEHsXE9IvCb92V7g,100 gorillas vs. Florida Final Boss? 🦍🐊 #shorts,2026-03-23T03:39:28Z,17492,141,13
2026-03-23T09:28:31+00:00,gRNQkeddOeo,UCKjEtnnXEHsXE9IvCb92V7g,“I would light this thing on fire” 🔥🤣,2026-03-23T02:03:26Z,4018,124,5
2026-03-23T09:28:31+00:00,a8PrkqVWt_s,UCKjEtnnXEHsXE9IvCb92V7g,Tony Delk breaks down the difference in the 2025 and 2026 Florida guards. #MarchMadness,2026-03-23T01:13:03Z,1936,7,1
2026-03-23T09:29:02+00:00,q7oYm4P9UKc,UCKjEtnnXEHsXE9IvCb92V7g,100 gorillas vs. Florida Final Boss? 🦍🐊 #shorts,2026-03-23T03:39:28Z,17492,141,13
2026-03-23T09:29:02+00:00,gRNQkeddOeo,UCKjEtnnXEHsXE9IvCb92V7g,“I would light this thing on fire” 🔥🤣,2026-03-23T02:03:26Z,4023,124,5
2026-03-23T09:29:02+00:00,a8PrkqVWt_s,UCKjEtnnXEHsXE9IvCb92V7g,Tony Delk breaks down the difference in the 2025 and 2026 Florida guards. #MarchMadness,2026-03-23T01:13:03Z,1936,7,1
2026-03-23T09:29:33+00:00,q7oYm4P9UKc,UCKjEtnnXEHsXE9IvCb92V7g,100 gorillas vs. Florida Final Boss? 🦍🐊 #shorts,2026-03-23T03:39:28Z,17492,141,13
2026-03-23T09:29:33+00:00,gRNQkeddOeo,UCKjEtnnXEHsXE9IvCb92V7g,“I would light this thing on fire” 🔥🤣,2026-03-23T02:03:26Z,4023,124,5
2026-03-23T09:29:33+00:00,a8PrkqVWt_s,UCKjEtnnXEHsXE9IvCb92V7g,Tony Delk breaks down the difference in the 2025 and 2026 Florida guards. #MarchMadness,2026-03-23T01:13:03Z,1936,7,1
2026-03-23T09:30:04+00:00,q7oYm4P9UKc,UCKjEtnnXEHsXE9IvCb92V7g,100 gorillas vs. Florida Final Boss? 🦍🐊 #shorts,2026-03-23T03:39:28Z,17492,141,13
2026-03-23T09:30:04+00:00,gRNQkeddOeo,UCKjEtnnXEHsXE9IvCb92V7g,“I would light this thing on fire” 🔥🤣,2026-03-23T02:03:26Z,4023,124,5
2026-03-23T09:30:04+00:00,a8PrkqVWt_s,UCKjEtnnXEHsXE9IvCb92V7g,Tony Delk breaks down the difference in the 2025 and 2026 Florida guards. #MarchMadness,2026-03-23T01:13:03Z,1936,7,1
2026-03-23T09:30:34+00:00,q7oYm4P9UKc,UCKjEtnnXEHsXE9IvCb92V7g,100 gorillas vs. Florida Final Boss? 🦍🐊 #shorts,2026-03-23T03:39:28Z,17492,141,13
2026-03-23T09:30:34+00:00,gRNQkeddOeo,UCKjEtnnXEHsXE9IvCb92V7g,“I would light this thing on fire” 🔥🤣,2026-03-23T02:03:26Z,4023,124,5
2026-03-23T09:30:34+00:00,a8PrkqVWt_s,UCKjEtnnXEHsXE9IvCb92V7g,Tony Delk breaks down the difference in the 2025 and 2026 Florida guards. #MarchMadness,2026-03-23T01:13:03Z,1936,7,1
2026-03-23T09:31:04+00:00,q7oYm4P9UKc,UCKjEtnnXEHsXE9IvCb92V7g,100 gorillas vs. Florida Final Boss? 🦍🐊 #shorts,2026-03-23T03:39:28Z,17492,141,13
2026-03-23T09:31:04+00:00,gRNQkeddOeo,UCKjEtnnXEHsXE9IvCb92V7g,“I would light this thing on fire” 🔥🤣,2026-03-23T02:03:26Z,4023,124,5
2026-03-23T09:31:04+00:00,a8PrkqVWt_s,UCKjEtnnXEHsXE9IvCb92V7g,Tony Delk breaks down the difference in the 2025 and 2026 Florida guards. #MarchMadness,2026-03-23T01:13:03Z,1936,7,1
2026-03-23T09:31:35+00:00,q7oYm4P9UKc,UCKjEtnnXEHsXE9IvCb92V7g,100 gorillas vs. Florida Final Boss? 🦍🐊 #shorts,2026-03-23T03:39:28Z,17523,141,13
2026-03-23T09:31:35+00:00,gRNQkeddOeo,UCKjEtnnXEHsXE9IvCb92V7g,“I would light this thing on fire” 🔥🤣,2026-03-23T02:03:26Z,4023,124,5
2026-03-23T09:31:35+00:00,a8PrkqVWt_s,UCKjEtnnXEHsXE9IvCb92V7g,Tony Delk breaks down the difference in the 2025 and 2026 Florida guards. #MarchMadness,2026-03-23T01:13:03Z,1936,7,1
2026-03-23T09:32:06+00:00,q7oYm4P9UKc,UCKjEtnnXEHsXE9IvCb92V7g,100 gorillas vs. Florida Final Boss? 🦍🐊 #shorts,2026-03-23T03:39:28Z,17523,141,13
2026-03-23T09:32:06+00:00,gRNQkeddOeo,UCKjEtnnXEHsXE9IvCb92V7g,“I would light this thing on fire” 🔥🤣,2026-03-23T02:03:26Z,4023,124,5
2026-03-23T09:32:06+00:00,a8PrkqVWt_s,UCKjEtnnXEHsXE9IvCb92V7g,Tony Delk breaks down the difference in the 2025 and 2026 Florida guards. #MarchMadness,2026-03-23T01:13:03Z,1936,7,1
2026-03-23T09:32:37+00:00,q7oYm4P9UKc,UCKjEtnnXEHsXE9IvCb92V7g,100 gorillas vs. Florida Final Boss? 🦍🐊 #shorts,2026-03-23T03:39:28Z,17523,141,13
2026-03-23T09:32:37+00:00,gRNQkeddOeo,UCKjEtnnXEHsXE9IvCb92V7g,“I would light this thing on fire” 🔥🤣,2026-03-23T02:03:26Z,4023,124,5
2026-03-23T09:32:37+00:00,a8PrkqVWt_s,UCKjEtnnXEHsXE9IvCb92V7g,Tony Delk breaks down the difference in the 2025 and 2026 Florida guards. #MarchMadness,2026-03-23T01:13:03Z,1936,7,1
2026-03-23T09:33:08+00:00,q7oYm4P9UKc,UCKjEtnnXEHsXE9IvCb92V7g,100 gorillas vs. Florida Final Boss? 🦍🐊 #shorts,2026-03-23T03:39:28Z,17523,141,13
2026-03-23T09:33:08+00:00,gRNQkeddOeo,UCKjEtnnXEHsXE9IvCb92V7g,“I would light this thing on fire” 🔥🤣,2026-03-23T02:03:26Z,4023,124,5
2026-03-23T09:33:08+00:00,a8PrkqVWt_s,UCKjEtnnXEHsXE9IvCb92V7g,Tony Delk breaks down the difference in the 2025 and 2026 Florida guards. #MarchMadness,2026-03-23T01:13:03Z,1936,7,1
2026-03-23T09:33:38+00:00,q7oYm4P9UKc,UCKjEtnnXEHsXE9IvCb92V7g,100 gorillas vs. Florida Final Boss? 🦍🐊 #shorts,2026-03-23T03:39:28Z,17523,141,13
2026-03-23T09:33:38+00:00,gRNQkeddOeo,UCKjEtnnXEHsXE9IvCb92V7g,“I would light this thing on fire” 🔥🤣,2026-03-23T02:03:26Z,4023,124,5
2026-03-23T09:33:38+00:00,a8PrkqVWt_s,UCKjEtnnXEHsXE9IvCb92V7g,Tony Delk breaks down the difference in the 2025 and 2026 Florida guards. #MarchMadness,2026-03-23T01:13:03Z,1936,7,1
2026-03-23T09:34:09+00:00,q7oYm4P9UKc,UCKjEtnnXEHsXE9IvCb92V7g,100 gorillas vs. Florida Final Boss? 🦍🐊 #shorts,2026-03-23T03:39:28Z,17523,142,13
2026-03-23T09:34:09+00:00,gRNQkeddOeo,UCKjEtnnXEHsXE9IvCb92V7g,“I would light this thing on fire” 🔥🤣,2026-03-23T02:03:26Z,4023,124,5
2026-03-23T09:34:09+00:00,a8PrkqVWt_s,UCKjEtnnXEHsXE9IvCb92V7g,Tony Delk breaks down the difference in the 2025 and 2026 Florida guards. #MarchMadness,2026-03-23T01:13:03Z,1936,7,1
2026-03-23T09:34:40+00:00,q7oYm4P9UKc,UCKjEtnnXEHsXE9IvCb92V7g,100 gorillas vs. Florida Final Boss? 🦍🐊 #shorts,2026-03-23T03:39:28Z,17523,142,13
2026-03-23T09:34:40+00:00,gRNQkeddOeo,UCKjEtnnXEHsXE9IvCb92V7g,“I would light this thing on fire” 🔥🤣,2026-03-23T02:03:26Z,4025,125,5
2026-03-23T09:34:40+00:00,a8PrkqVWt_s,UCKjEtnnXEHsXE9IvCb92V7g,Tony Delk breaks down the difference in the 2025 and 2026 Florida guards. #MarchMadness,2026-03-23T01:13:03Z,1936,7,1
2026-03-23T09:35:11+00:00,q7oYm4P9UKc,UCKjEtnnXEHsXE9IvCb92V7g,100 gorillas vs. Florida Final Boss? 🦍🐊 #shorts,2026-03-23T03:39:28Z,17523,142,13
2026-03-23T09:35:11+00:00,gRNQkeddOeo,UCKjEtnnXEHsXE9IvCb92V7g,“I would light this thing on fire” 🔥🤣,2026-03-23T02:03:26Z,4025,125,5
2026-03-23T09:35:11+00:00,a8PrkqVWt_s,UCKjEtnnXEHsXE9IvCb92V7g,Tony Delk breaks down the difference in the 2025 and 2026 Florida guards. #MarchMadness,2026-03-23T01:13:03Z,1936,7,1
2026-03-23T09:35:42+00:00,q7oYm4P9UKc,UCKjEtnnXEHsXE9IvCb92V7g,100 gorillas vs. Florida Final Boss? 🦍🐊 #shorts,2026-03-23T03:39:28Z,17523,142,13
2026-03-23T09:35:42+00:00,gRNQkeddOeo,UCKjEtnnXEHsXE9IvCb92V7g,“I would light this thing on fire” 🔥🤣,2026-03-23T02:03:26Z,4025,125,5
2026-03-23T09:35:42+00:00,a8PrkqVWt_s,UCKjEtnnXEHsXE9IvCb92V7g,Tony Delk breaks down the difference in the 2025 and 2026 Florida guards. #MarchMadness,2026-03-23T01:13:03Z,1936,7,1
2026-03-23T09:36:12+00:00,q7oYm4P9UKc,UCKjEtnnXEHsXE9IvCb92V7g,100 gorillas vs. Florida Final Boss? 🦍🐊 #shorts,2026-03-23T03:39:28Z,17523,142,13
2026-03-23T09:36:12+00:00,gRNQkeddOeo,UCKjEtnnXEHsXE9IvCb92V7g,“I would light this thing on fire” 🔥🤣,2026-03-23T02:03:26Z,4025,125,5
2026-03-23T09:36:12+00:00,a8PrkqVWt_s,UCKjEtnnXEHsXE9IvCb92V7g,Tony Delk breaks down the difference in the 2025 and 2026 Florida guards. #MarchMadness,2026-03-23T01:13:03Z,1936,7,1
2026-03-23T09:36:43+00:00,q7oYm4P9UKc,UCKjEtnnXEHsXE9IvCb92V7g,100 gorillas vs. Florida Final Boss? 🦍🐊 #shorts,2026-03-23T03:39:28Z,17535,142,13
2026-03-23T09:36:43+00:00,gRNQkeddOeo,UCKjEtnnXEHsXE9IvCb92V7g,“I would light this thing on fire” 🔥🤣,2026-03-23T02:03:26Z,4025,125,5
2026-03-23T09:36:43+00:00,a8PrkqVWt_s,UCKjEtnnXEHsXE9IvCb92V7g,Tony Delk breaks down the difference in the 2025 and 2026 Florida guards. #MarchMadness,2026-03-23T01:13:03Z,1936,7,1
2026-03-23T09:37:14+00:00,q7oYm4P9UKc,UCKjEtnnXEHsXE9IvCb92V7g,100 gorillas vs. Florida Final Boss? 🦍🐊 #shorts,2026-03-23T03:39:28Z,17535,142,13
2026-03-23T09:37:14+00:00,gRNQkeddOeo,UCKjEtnnXEHsXE9IvCb92V7g,“I would light this thing on fire” 🔥🤣,2026-03-23T02:03:26Z,4025,125,5
2026-03-23T09:37:14+00:00,a8PrkqVWt_s,UCKjEtnnXEHsXE9IvCb92V7g,Tony Delk breaks down the difference in the 2025 and 2026 Florida guards. #MarchMadness,2026-03-23T01:13:03Z,1936,7,1
2026-03-23T09:37:45+00:00,q7oYm4P9UKc,UCKjEtnnXEHsXE9IvCb92V7g,100 gorillas vs. Florida Final Boss? 🦍🐊 #shorts,2026-03-23T03:39:28Z,17535,142,14
2026-03-23T09:37:45+00:00,gRNQkeddOeo,UCKjEtnnXEHsXE9IvCb92V7g,“I would light this thing on fire” 🔥🤣,2026-03-23T02:03:26Z,4025,125,5
2026-03-23T09:37:45+00:00,a8PrkqVWt_s,UCKjEtnnXEHsXE9IvCb92V7g,Tony Delk breaks down the difference in the 2025 and 2026 Florida guards. #MarchMadness,2026-03-23T01:13:03Z,1936,7,1
2026-03-23T09:38:16+00:00,q7oYm4P9UKc,UCKjEtnnXEHsXE9IvCb92V7g,100 gorillas vs. Florida Final Boss? 🦍🐊 #shorts,2026-03-23T03:39:28Z,17535,142,14
2026-03-23T09:38:16+00:00,gRNQkeddOeo,UCKjEtnnXEHsXE9IvCb92V7g,“I would light this thing on fire” 🔥🤣,2026-03-23T02:03:26Z,4025,125,5
2026-03-23T09:38:16+00:00,a8PrkqVWt_s,UCKjEtnnXEHsXE9IvCb92V7g,Tony Delk breaks down the difference in the 2025 and 2026 Florida guards. #MarchMadness,2026-03-23T01:13:03Z,1936,7,1
2026-03-23T09:38:47+00:00,q7oYm4P9UKc,UCKjEtnnXEHsXE9IvCb92V7g,100 gorillas vs. Florida Final Boss? 🦍🐊 #shorts,2026-03-23T03:39:28Z,17535,142,14
2026-03-23T09:38:47+00:00,gRNQkeddOeo,UCKjEtnnXEHsXE9IvCb92V7g,“I would light this thing on fire” 🔥🤣,2026-03-23T02:03:26Z,4025,125,5
2026-03-23T09:38:47+00:00,a8PrkqVWt_s,UCKjEtnnXEHsXE9IvCb92V7g,Tony Delk breaks down the difference in the 2025 and 2026 Florida guards. #MarchMadness,2026-03-23T01:13:03Z,1936,7,1
2026-03-23T09:39:17+00:00,q7oYm4P9UKc,UCKjEtnnXEHsXE9IvCb92V7g,100 gorillas vs. Florida Final Boss? 🦍🐊 #shorts,2026-03-23T03:39:28Z,17535,143,14
2026-03-23T09:39:17+00:00,gRNQkeddOeo,UCKjEtnnXEHsXE9IvCb92V7g,“I would light this thing on fire” 🔥🤣,2026-03-23T02:03:26Z,4028,125,5
2026-03-23T09:39:17+00:00,a8PrkqVWt_s,UCKjEtnnXEHsXE9IvCb92V7g,Tony Delk breaks down the difference in the 2025 and 2026 Florida guards. #MarchMadness,2026-03-23T01:13:03Z,1936,7,1
2026-03-23T09:39:48+00:00,q7oYm4P9UKc,UCKjEtnnXEHsXE9IvCb92V7g,100 gorillas vs. Florida Final Boss? 🦍🐊 #shorts,2026-03-23T03:39:28Z,17535,143,14
2026-03-23T09:39:48+00:00,gRNQkeddOeo,UCKjEtnnXEHsXE9IvCb92V7g,“I would light this thing on fire” 🔥🤣,2026-03-23T02:03:26Z,4028,126,5
2026-03-23T09:39:48+00:00,a8PrkqVWt_s,UCKjEtnnXEHsXE9IvCb92V7g,Tony Delk breaks down the difference in the 2025 and 2026 Florida guards. #MarchMadness,2026-03-23T01:13:03Z,1936,7,1
2026-03-23T09:40:18+00:00,q7oYm4P9UKc,UCKjEtnnXEHsXE9IvCb92V7g,100 gorillas vs. Florida Final Boss? 🦍🐊 #shorts,2026-03-23T03:39:28Z,17535,143,14
2026-03-23T09:40:18+00:00,gRNQkeddOeo,UCKjEtnnXEHsXE9IvCb92V7g,“I would light this thing on fire” 🔥🤣,2026-03-23T02:03:26Z,4028,126,5
2026-03-23T09:40:18+00:00,a8PrkqVWt_s,UCKjEtnnXEHsXE9IvCb92V7g,Tony Delk breaks down the difference in the 2025 and 2026 Florida guards. #MarchMadness,2026-03-23T01:13:03Z,1936,7,1
2026-03-23T09:40:49+00:00,q7oYm4P9UKc,UCKjEtnnXEHsXE9IvCb92V7g,100 gorillas vs. Florida Final Boss? 🦍🐊 #shorts,2026-03-23T03:39:28Z,17535,143,14
2026-03-23T09:40:49+00:00,gRNQkeddOeo,UCKjEtnnXEHsXE9IvCb92V7g,“I would light this thing on fire” 🔥🤣,2026-03-23T02:03:26Z,4028,126,5
2026-03-23T09:40:49+00:00,a8PrkqVWt_s,UCKjEtnnXEHsXE9IvCb92V7g,Tony Delk breaks down the difference in the 2025 and 2026 Florida guards. #MarchMadness,2026-03-23T01:13:03Z,1936,7,1
2026-03-23T09:41:20+00:00,q7oYm4P9UKc,UCKjEtnnXEHsXE9IvCb92V7g,100 gorillas vs. Florida Final Boss? 🦍🐊 #shorts,2026-03-23T03:39:28Z,17598,143,14
2026-03-23T09:41:20+00:00,gRNQkeddOeo,UCKjEtnnXEHsXE9IvCb92V7g,“I would light this thing on fire” 🔥🤣,2026-03-23T02:03:26Z,4028,126,5
2026-03-23T09:41:20+00:00,a8PrkqVWt_s,UCKjEtnnXEHsXE9IvCb92V7g,Tony Delk breaks down the difference in the 2025 and 2026 Florida guards. #MarchMadness,2026-03-23T01:13:03Z,1936,7,1
2026-03-23T09:41:51+00:00,q7oYm4P9UKc,UCKjEtnnXEHsXE9IvCb92V7g,100 gorillas vs. Florida Final Boss? 🦍🐊 #shorts,2026-03-23T03:39:28Z,17600,143,14
2026-03-23T09:41:51+00:00,gRNQkeddOeo,UCKjEtnnXEHsXE9IvCb92V7g,“I would light this thing on fire” 🔥🤣,2026-03-23T02:03:26Z,4028,126,5
2026-03-23T09:41:51+00:00,a8PrkqVWt_s,UCKjEtnnXEHsXE9IvCb92V7g,Tony Delk breaks down the difference in the 2025 and 2026 Florida guards. #MarchMadness,2026-03-23T01:13:03Z,1936,7,1
2026-03-23T09:42:21+00:00,q7oYm4P9UKc,UCKjEtnnXEHsXE9IvCb92V7g,100 gorillas vs. Florida Final Boss? 🦍🐊 #shorts,2026-03-23T03:39:28Z,17600,144,14
2026-03-23T09:42:21+00:00,gRNQkeddOeo,UCKjEtnnXEHsXE9IvCb92V7g,“I would light this thing on fire” 🔥🤣,2026-03-23T02:03:26Z,4028,126,5
2026-03-23T09:42:21+00:00,a8PrkqVWt_s,UCKjEtnnXEHsXE9IvCb92V7g,Tony Delk breaks down the difference in the 2025 and 2026 Florida guards. #MarchMadness,2026-03-23T01:13:03Z,1936,7,1
2026-03-23T09:42:52+00:00,q7oYm4P9UKc,UCKjEtnnXEHsXE9IvCb92V7g,100 gorillas vs. Florida Final Boss? 🦍🐊 #shorts,2026-03-23T03:39:28Z,17600,144,14
2026-03-23T09:42:52+00:00,gRNQkeddOeo,UCKjEtnnXEHsXE9IvCb92V7g,“I would light this thing on fire” 🔥🤣,2026-03-23T02:03:26Z,4028,126,5
2026-03-23T09:42:52+00:00,a8PrkqVWt_s,UCKjEtnnXEHsXE9IvCb92V7g,Tony Delk breaks down the difference in the 2025 and 2026 Florida guards. #MarchMadness,2026-03-23T01:13:03Z,1936,7,1
2026-03-23T09:43:23+00:00,q7oYm4P9UKc,UCKjEtnnXEHsXE9IvCb92V7g,100 gorillas vs. Florida Final Boss? 🦍🐊 #shorts,2026-03-23T03:39:28Z,17600,144,14
2026-03-23T09:43:23+00:00,gRNQkeddOeo,UCKjEtnnXEHsXE9IvCb92V7g,“I would light this thing on fire” 🔥🤣,2026-03-23T02:03:26Z,4028,127,5
2026-03-23T09:43:23+00:00,a8PrkqVWt_s,UCKjEtnnXEHsXE9IvCb92V7g,Tony Delk breaks down the difference in the 2025 and 2026 Florida guards. #MarchMadness,2026-03-23T01:13:03Z,1936,7,1
2026-03-23T09:43:54+00:00,q7oYm4P9UKc,UCKjEtnnXEHsXE9IvCb92V7g,100 gorillas vs. Florida Final Boss? 🦍🐊 #shorts,2026-03-23T03:39:28Z,17600,144,14
2026-03-23T09:43:54+00:00,gRNQkeddOeo,UCKjEtnnXEHsXE9IvCb92V7g,“I would light this thing on fire” 🔥🤣,2026-03-23T02:03:26Z,4043,127,5
2026-03-23T09:43:54+00:00,a8PrkqVWt_s,UCKjEtnnXEHsXE9IvCb92V7g,Tony Delk breaks down the difference in the 2025 and 2026 Florida guards. #MarchMadness,2026-03-23T01:13:03Z,1936,7,1
2026-03-23T09:44:25+00:00,q7oYm4P9UKc,UCKjEtnnXEHsXE9IvCb92V7g,100 gorillas vs. Florida Final Boss? 🦍🐊 #shorts,2026-03-23T03:39:28Z,17600,144,14
2026-03-23T09:44:25+00:00,gRNQkeddOeo,UCKjEtnnXEHsXE9IvCb92V7g,“I would light this thing on fire” 🔥🤣,2026-03-23T02:03:26Z,4043,127,5
2026-03-23T09:44:25+00:00,a8PrkqVWt_s,UCKjEtnnXEHsXE9IvCb92V7g,Tony Delk breaks down the difference in the 2025 and 2026 Florida guards. #MarchMadness,2026-03-23T01:13:03Z,1936,7,1
2026-03-23T09:44:56+00:00,q7oYm4P9UKc,UCKjEtnnXEHsXE9IvCb92V7g,100 gorillas vs. Florida Final Boss? 🦍🐊 #shorts,2026-03-23T03:39:28Z,17600,144,14
2026-03-23T09:44:56+00:00,gRNQkeddOeo,UCKjEtnnXEHsXE9IvCb92V7g,“I would light this thing on fire” 🔥🤣,2026-03-23T02:03:26Z,4043,127,5
2026-03-23T09:44:56+00:00,a8PrkqVWt_s,UCKjEtnnXEHsXE9IvCb92V7g,Tony Delk breaks down the difference in the 2025 and 2026 Florida guards. #MarchMadness,2026-03-23T01:13:03Z,1936,7,1
2026-03-23T09:45:26+00:00,q7oYm4P9UKc,UCKjEtnnXEHsXE9IvCb92V7g,100 gorillas vs. Florida Final Boss? 🦍🐊 #shorts,2026-03-23T03:39:28Z,17600,144,14
2026-03-23T09:45:26+00:00,gRNQkeddOeo,UCKjEtnnXEHsXE9IvCb92V7g,“I would light this thing on fire” 🔥🤣,2026-03-23T02:03:26Z,4043,127,5
2026-03-23T09:45:26+00:00,a8PrkqVWt_s,UCKjEtnnXEHsXE9IvCb92V7g,Tony Delk breaks down the difference in the 2025 and 2026 Florida guards. #MarchMadness,2026-03-23T01:13:03Z,1936,7,1
2026-03-23T09:45:57+00:00,q7oYm4P9UKc,UCKjEtnnXEHsXE9IvCb92V7g,100 gorillas vs. Florida Final Boss? 🦍🐊 #shorts,2026-03-23T03:39:28Z,17600,144,14
2026-03-23T09:45:57+00:00,gRNQkeddOeo,UCKjEtnnXEHsXE9IvCb92V7g,“I would light this thing on fire” 🔥🤣,2026-03-23T02:03:26Z,4043,127,5
2026-03-23T09:45:57+00:00,a8PrkqVWt_s,UCKjEtnnXEHsXE9IvCb92V7g,Tony Delk breaks down the difference in the 2025 and 2026 Florida guards. #MarchMadness,2026-03-23T01:13:03Z,1936,7,1
2026-03-23T09:46:28+00:00,q7oYm4P9UKc,UCKjEtnnXEHsXE9IvCb92V7g,100 gorillas vs. Florida Final Boss? 🦍🐊 #shorts,2026-03-23T03:39:28Z,17700,144,14
2026-03-23T09:46:28+00:00,gRNQkeddOeo,UCKjEtnnXEHsXE9IvCb92V7g,“I would light this thing on fire” 🔥🤣,2026-03-23T02:03:26Z,4043,127,5
2026-03-23T09:46:28+00:00,a8PrkqVWt_s,UCKjEtnnXEHsXE9IvCb92V7g,Tony Delk breaks down the difference in the 2025 and 2026 Florida guards. #MarchMadness,2026-03-23T01:13:03Z,1936,7,1
2026-03-23T09:46:59+00:00,q7oYm4P9UKc,UCKjEtnnXEHsXE9IvCb92V7g,100 gorillas vs. Florida Final Boss? 🦍🐊 #shorts,2026-03-23T03:39:28Z,17700,144,14
2026-03-23T09:46:59+00:00,gRNQkeddOeo,UCKjEtnnXEHsXE9IvCb92V7g,“I would light this thing on fire” 🔥🤣,2026-03-23T02:03:26Z,4043,127,5
2026-03-23T09:46:59+00:00,a8PrkqVWt_s,UCKjEtnnXEHsXE9IvCb92V7g,Tony Delk breaks down the difference in the 2025 and 2026 Florida guards. #MarchMadness,2026-03-23T01:13:03Z,1936,7,1
2026-03-23T09:47:30+00:00,q7oYm4P9UKc,UCKjEtnnXEHsXE9IvCb92V7g,100 gorillas vs. Florida Final Boss? 🦍🐊 #shorts,2026-03-23T03:39:28Z,17700,144,14
2026-03-23T09:47:30+00:00,gRNQkeddOeo,UCKjEtnnXEHsXE9IvCb92V7g,“I would light this thing on fire” 🔥🤣,2026-03-23T02:03:26Z,4043,127,5
2026-03-23T09:47:30+00:00,a8PrkqVWt_s,UCKjEtnnXEHsXE9IvCb92V7g,Tony Delk breaks down the difference in the 2025 and 2026 Florida guards. #MarchMadness,2026-03-23T01:13:03Z,1936,7,1
2026-03-23T09:48:01+00:00,q7oYm4P9UKc,UCKjEtnnXEHsXE9IvCb92V7g,100 gorillas vs. Florida Final Boss? 🦍🐊 #shorts,2026-03-23T03:39:28Z,17700,145,14
2026-03-23T09:48:01+00:00,gRNQkeddOeo,UCKjEtnnXEHsXE9IvCb92V7g,“I would light this thing on fire” 🔥🤣,2026-03-23T02:03:26Z,4043,127,5
2026-03-23T09:48:01+00:00,a8PrkqVWt_s,UCKjEtnnXEHsXE9IvCb92V7g,Tony Delk breaks down the difference in the 2025 and 2026 Florida guards. #MarchMadness,2026-03-23T01:13:03Z,1936,7,1
2026-03-23T09:48:32+00:00,q7oYm4P9UKc,UCKjEtnnXEHsXE9IvCb92V7g,100 gorillas vs. Florida Final Boss? 🦍🐊 #shorts,2026-03-23T03:39:28Z,17700,145,14
2026-03-23T09:48:32+00:00,gRNQkeddOeo,UCKjEtnnXEHsXE9IvCb92V7g,“I would light this thing on fire” 🔥🤣,2026-03-23T02:03:26Z,4043,128,5
2026-03-23T09:48:32+00:00,a8PrkqVWt_s,UCKjEtnnXEHsXE9IvCb92V7g,Tony Delk breaks down the difference in the 2025 and 2026 Florida guards. #MarchMadness,2026-03-23T01:13:03Z,1936,7,1
2026-03-23T09:49:02+00:00,q7oYm4P9UKc,UCKjEtnnXEHsXE9IvCb92V7g,100 gorillas vs. Florida Final Boss? 🦍🐊 #shorts,2026-03-23T03:39:28Z,17700,145,14
2026-03-23T09:49:02+00:00,gRNQkeddOeo,UCKjEtnnXEHsXE9IvCb92V7g,“I would light this thing on fire” 🔥🤣,2026-03-23T02:03:26Z,4043,128,5
2026-03-23T09:49:02+00:00,a8PrkqVWt_s,UCKjEtnnXEHsXE9IvCb92V7g,Tony Delk breaks down the difference in the 2025 and 2026 Florida guards. #MarchMadness,2026-03-23T01:13:03Z,1936,7,1
2026-03-23T09:49:33+00:00,q7oYm4P9UKc,UCKjEtnnXEHsXE9IvCb92V7g,100 gorillas vs. Florida Final Boss? 🦍🐊 #shorts,2026-03-23T03:39:28Z,17700,145,14
2026-03-23T09:49:33+00:00,gRNQkeddOeo,UCKjEtnnXEHsXE9IvCb92V7g,“I would light this thing on fire” 🔥🤣,2026-03-23T02:03:26Z,4058,128,5
2026-03-23T09:49:33+00:00,a8PrkqVWt_s,UCKjEtnnXEHsXE9IvCb92V7g,Tony Delk breaks down the difference in the 2025 and 2026 Florida guards. #MarchMadness,2026-03-23T01:13:03Z,1936,7,1
2026-03-23T09:50:04+00:00,q7oYm4P9UKc,UCKjEtnnXEHsXE9IvCb92V7g,100 gorillas vs. Florida Final Boss? 🦍🐊 #shorts,2026-03-23T03:39:28Z,17700,145,14
2026-03-23T09:50:04+00:00,gRNQkeddOeo,UCKjEtnnXEHsXE9IvCb92V7g,“I would light this thing on fire” 🔥🤣,2026-03-23T02:03:26Z,4058,128,5
2026-03-23T09:50:04+00:00,a8PrkqVWt_s,UCKjEtnnXEHsXE9IvCb92V7g,Tony Delk breaks down the difference in the 2025 and 2026 Florida guards. #MarchMadness,2026-03-23T01:13:03Z,1936,7,1
2026-03-23T09:50:35+00:00,q7oYm4P9UKc,UCKjEtnnXEHsXE9IvCb92V7g,100 gorillas vs. Florida Final Boss? 🦍🐊 #shorts,2026-03-23T03:39:28Z,17700,145,14
2026-03-23T09:50:35+00:00,gRNQkeddOeo,UCKjEtnnXEHsXE9IvCb92V7g,“I would light this thing on fire” 🔥🤣,2026-03-23T02:03:26Z,4058,128,5
2026-03-23T09:50:35+00:00,a8PrkqVWt_s,UCKjEtnnXEHsXE9IvCb92V7g,Tony Delk breaks down the difference in the 2025 and 2026 Florida guards. #MarchMadness,2026-03-23T01:13:03Z,1936,7,1
2026-03-23T09:51:06+00:00,q7oYm4P9UKc,UCKjEtnnXEHsXE9IvCb92V7g,100 gorillas vs. Florida Final Boss? 🦍🐊 #shorts,2026-03-23T03:39:28Z,17700,145,14
2026-03-23T09:51:06+00:00,gRNQkeddOeo,UCKjEtnnXEHsXE9IvCb92V7g,“I would light this thing on fire” 🔥🤣,2026-03-23T02:03:26Z,4058,128,5
2026-03-23T09:51:06+00:00,a8PrkqVWt_s,UCKjEtnnXEHsXE9IvCb92V7g,Tony Delk breaks down the difference in the 2025 and 2026 Florida guards. #MarchMadness,2026-03-23T01:13:03Z,1936,7,1
2026-03-23T09:51:36+00:00,q7oYm4P9UKc,UCKjEtnnXEHsXE9IvCb92V7g,100 gorillas vs. Florida Final Boss? 🦍🐊 #shorts,2026-03-23T03:39:28Z,17791,145,14
2026-03-23T09:51:36+00:00,gRNQkeddOeo,UCKjEtnnXEHsXE9IvCb92V7g,“I would light this thing on fire” 🔥🤣,2026-03-23T02:03:26Z,4058,128,5
2026-03-23T09:51:36+00:00,a8PrkqVWt_s,UCKjEtnnXEHsXE9IvCb92V7g,Tony Delk breaks down the difference in the 2025 and 2026 Florida guards. #MarchMadness,2026-03-23T01:13:03Z,1936,7,1
2026-03-23T09:52:07+00:00,q7oYm4P9UKc,UCKjEtnnXEHsXE9IvCb92V7g,100 gorillas vs. Florida Final Boss? 🦍🐊 #shorts,2026-03-23T03:39:28Z,17791,145,14
2026-03-23T09:52:07+00:00,gRNQkeddOeo,UCKjEtnnXEHsXE9IvCb92V7g,“I would light this thing on fire” 🔥🤣,2026-03-23T02:03:26Z,4058,128,5
2026-03-23T09:52:07+00:00,a8PrkqVWt_s,UCKjEtnnXEHsXE9IvCb92V7g,Tony Delk breaks down the difference in the 2025 and 2026 Florida guards. #MarchMadness,2026-03-23T01:13:03Z,1936,7,1
2026-03-23T09:52:38+00:00,q7oYm4P9UKc,UCKjEtnnXEHsXE9IvCb92V7g,100 gorillas vs. Florida Final Boss? 🦍🐊 #shorts,2026-03-23T03:39:28Z,17791,145,14
2026-03-23T09:52:38+00:00,gRNQkeddOeo,UCKjEtnnXEHsXE9IvCb92V7g,“I would light this thing on fire” 🔥🤣,2026-03-23T02:03:26Z,4058,128,5
2026-03-23T09:52:38+00:00,a8PrkqVWt_s,UCKjEtnnXEHsXE9IvCb92V7g,Tony Delk breaks down the difference in the 2025 and 2026 Florida guards. #MarchMadness,2026-03-23T01:13:03Z,1936,7,1
2026-03-23T09:53:08+00:00,q7oYm4P9UKc,UCKjEtnnXEHsXE9IvCb92V7g,100 gorillas vs. Florida Final Boss? 🦍🐊 #shorts,2026-03-23T03:39:28Z,17791,146,14
2026-03-23T09:53:08+00:00,gRNQkeddOeo,UCKjEtnnXEHsXE9IvCb92V7g,“I would light this thing on fire” 🔥🤣,2026-03-23T02:03:26Z,4058,128,5
2026-03-23T09:53:08+00:00,a8PrkqVWt_s,UCKjEtnnXEHsXE9IvCb92V7g,Tony Delk breaks down the difference in the 2025 and 2026 Florida guards. #MarchMadness,2026-03-23T01:13:03Z,1936,7,1
2026-03-23T09:53:38+00:00,q7oYm4P9UKc,UCKjEtnnXEHsXE9IvCb92V7g,100 gorillas vs. Florida Final Boss? 🦍🐊 #shorts,2026-03-23T03:39:28Z,17791,146,14
2026-03-23T09:53:38+00:00,gRNQkeddOeo,UCKjEtnnXEHsXE9IvCb92V7g,“I would light this thing on fire” 🔥🤣,2026-03-23T02:03:26Z,4058,128,5
2026-03-23T09:53:38+00:00,a8PrkqVWt_s,UCKjEtnnXEHsXE9IvCb92V7g,Tony Delk breaks down the difference in the 2025 and 2026 Florida guards. #MarchMadness,2026-03-23T01:13:03Z,1936,7,1
2026-03-23T09:54:09+00:00,q7oYm4P9UKc,UCKjEtnnXEHsXE9IvCb92V7g,100 gorillas vs. Florida Final Boss? 🦍🐊 #shorts,2026-03-23T03:39:28Z,17791,146,14
2026-03-23T09:54:09+00:00,gRNQkeddOeo,UCKjEtnnXEHsXE9IvCb92V7g,“I would light this thing on fire” 🔥🤣,2026-03-23T02:03:26Z,4083,128,5
2026-03-23T09:54:09+00:00,a8PrkqVWt_s,UCKjEtnnXEHsXE9IvCb92V7g,Tony Delk breaks down the difference in the 2025 and 2026 Florida guards. #MarchMadness,2026-03-23T01:13:03Z,1936,7,1
2026-03-23T09:54:40+00:00,q7oYm4P9UKc,UCKjEtnnXEHsXE9IvCb92V7g,100 gorillas vs. Florida Final Boss? 🦍🐊 #shorts,2026-03-23T03:39:28Z,17791,146,14
2026-03-23T09:54:40+00:00,gRNQkeddOeo,UCKjEtnnXEHsXE9IvCb92V7g,“I would light this thing on fire” 🔥🤣,2026-03-23T02:03:26Z,4083,128,5
2026-03-23T09:54:40+00:00,a8PrkqVWt_s,UCKjEtnnXEHsXE9IvCb92V7g,Tony Delk breaks down the difference in the 2025 and 2026 Florida guards. #MarchMadness,2026-03-23T01:13:03Z,1936,7,1
2026-03-23T09:55:11+00:00,q7oYm4P9UKc,UCKjEtnnXEHsXE9IvCb92V7g,100 gorillas vs. Florida Final Boss? 🦍🐊 #shorts,2026-03-23T03:39:28Z,17791,146,14
2026-03-23T09:55:11+00:00,gRNQkeddOeo,UCKjEtnnXEHsXE9IvCb92V7g,“I would light this thing on fire” 🔥🤣,2026-03-23T02:03:26Z,4083,128,5
2026-03-23T09:55:11+00:00,a8PrkqVWt_s,UCKjEtnnXEHsXE9IvCb92V7g,Tony Delk breaks down the difference in the 2025 and 2026 Florida guards. #MarchMadness,2026-03-23T01:13:03Z,1936,7,1
2026-03-23T09:55:41+00:00,q7oYm4P9UKc,UCKjEtnnXEHsXE9IvCb92V7g,100 gorillas vs. Florida Final Boss? 🦍🐊 #shorts,2026-03-23T03:39:28Z,17791,146,14
2026-03-23T09:55:41+00:00,gRNQkeddOeo,UCKjEtnnXEHsXE9IvCb92V7g,“I would light this thing on fire” 🔥🤣,2026-03-23T02:03:26Z,4083,128,5
2026-03-23T09:55:41+00:00,a8PrkqVWt_s,UCKjEtnnXEHsXE9IvCb92V7g,Tony Delk breaks down the difference in the 2025 and 2026 Florida guards. #MarchMadness,2026-03-23T01:13:03Z,1936,7,1
2026-03-23T09:56:12+00:00,q7oYm4P9UKc,UCKjEtnnXEHsXE9IvCb92V7g,100 gorillas vs. Florida Final Boss? 🦍🐊 #shorts,2026-03-23T03:39:28Z,17884,146,14
2026-03-23T09:56:12+00:00,gRNQkeddOeo,UCKjEtnnXEHsXE9IvCb92V7g,“I would light this thing on fire” 🔥🤣,2026-03-23T02:03:26Z,4083,128,5
2026-03-23T09:56:12+00:00,a8PrkqVWt_s,UCKjEtnnXEHsXE9IvCb92V7g,Tony Delk breaks down the difference in the 2025 and 2026 Florida guards. #MarchMadness,2026-03-23T01:13:03Z,1936,7,1
2026-03-23T09:56:43+00:00,q7oYm4P9UKc,UCKjEtnnXEHsXE9IvCb92V7g,100 gorillas vs. Florida Final Boss? 🦍🐊 #shorts,2026-03-23T03:39:28Z,17884,146,14
2026-03-23T09:56:43+00:00,gRNQkeddOeo,UCKjEtnnXEHsXE9IvCb92V7g,“I would light this thing on fire” 🔥🤣,2026-03-23T02:03:26Z,4083,128,5
2026-03-23T09:56:43+00:00,a8PrkqVWt_s,UCKjEtnnXEHsXE9IvCb92V7g,Tony Delk breaks down the difference in the 2025 and 2026 Florida guards. #MarchMadness,2026-03-23T01:13:03Z,1936,7,1
2026-03-23T09:57:14+00:00,q7oYm4P9UKc,UCKjEtnnXEHsXE9IvCb92V7g,100 gorillas vs. Florida Final Boss? 🦍🐊 #shorts,2026-03-23T03:39:28Z,17884,146,14
2026-03-23T09:57:14+00:00,gRNQkeddOeo,UCKjEtnnXEHsXE9IvCb92V7g,“I would light this thing on fire” 🔥🤣,2026-03-23T02:03:26Z,4083,128,5
2026-03-23T09:57:14+00:00,a8PrkqVWt_s,UCKjEtnnXEHsXE9IvCb92V7g,Tony Delk breaks down the difference in the 2025 and 2026 Florida guards. #MarchMadness,2026-03-23T01:13:03Z,1936,7,1
2026-03-23T09:57:45+00:00,q7oYm4P9UKc,UCKjEtnnXEHsXE9IvCb92V7g,100 gorillas vs. Florida Final Boss? 🦍🐊 #shorts,2026-03-23T03:39:28Z,17884,146,14
2026-03-23T09:57:45+00:00,gRNQkeddOeo,UCKjEtnnXEHsXE9IvCb92V7g,“I would light this thing on fire” 🔥🤣,2026-03-23T02:03:26Z,4083,128,5
2026-03-23T09:57:45+00:00,a8PrkqVWt_s,UCKjEtnnXEHsXE9IvCb92V7g,Tony Delk breaks down the difference in the 2025 and 2026 Florida guards. #MarchMadness,2026-03-23T01:13:03Z,1936,7,1
2026-03-23T09:58:16+00:00,q7oYm4P9UKc,UCKjEtnnXEHsXE9IvCb92V7g,100 gorillas vs. Florida Final Boss? 🦍🐊 #shorts,2026-03-23T03:39:28Z,17884,146,14
2026-03-23T09:58:16+00:00,gRNQkeddOeo,UCKjEtnnXEHsXE9IvCb92V7g,“I would light this thing on fire” 🔥🤣,2026-03-23T02:03:26Z,4083,128,5
2026-03-23T09:58:16+00:00,a8PrkqVWt_s,UCKjEtnnXEHsXE9IvCb92V7g,Tony Delk breaks down the difference in the 2025 and 2026 Florida guards. #MarchMadness,2026-03-23T01:13:03Z,1936,7,1
2026-03-23T09:58:46+00:00,q7oYm4P9UKc,UCKjEtnnXEHsXE9IvCb92V7g,100 gorillas vs. Florida Final Boss? 🦍🐊 #shorts,2026-03-23T03:39:28Z,17884,146,14
2026-03-23T09:58:46+00:00,gRNQkeddOeo,UCKjEtnnXEHsXE9IvCb92V7g,“I would light this thing on fire” 🔥🤣,2026-03-23T02:03:26Z,4083,128,5
2026-03-23T09:58:46+00:00,a8PrkqVWt_s,UCKjEtnnXEHsXE9IvCb92V7g,Tony Delk breaks down the difference in the 2025 and 2026 Florida guards. #MarchMadness,2026-03-23T01:13:03Z,1936,7,1
2026-03-23T09:59:17+00:00,q7oYm4P9UKc,UCKjEtnnXEHsXE9IvCb92V7g,100 gorillas vs. Florida Final Boss? 🦍🐊 #shorts,2026-03-23T03:39:28Z,17884,148,14
2026-03-23T09:59:17+00:00,gRNQkeddOeo,UCKjEtnnXEHsXE9IvCb92V7g,“I would light this thing on fire” 🔥🤣,2026-03-23T02:03:26Z,4089,128,5
2026-03-23T09:59:17+00:00,a8PrkqVWt_s,UCKjEtnnXEHsXE9IvCb92V7g,Tony Delk breaks down the difference in the 2025 and 2026 Florida guards. #MarchMadness,2026-03-23T01:13:03Z,1936,7,1
2026-03-23T09:59:48+00:00,q7oYm4P9UKc,UCKjEtnnXEHsXE9IvCb92V7g,100 gorillas vs. Florida Final Boss? 🦍🐊 #shorts,2026-03-23T03:39:28Z,17884,148,14
2026-03-23T09:59:48+00:00,gRNQkeddOeo,UCKjEtnnXEHsXE9IvCb92V7g,“I would light this thing on fire” 🔥🤣,2026-03-23T02:03:26Z,4089,128,5
2026-03-23T09:59:48+00:00,a8PrkqVWt_s,UCKjEtnnXEHsXE9IvCb92V7g,Tony Delk breaks down the difference in the 2025 and 2026 Florida guards. #MarchMadness,2026-03-23T01:13:03Z,1936,7,1
2026-03-23T10:00:19+00:00,q7oYm4P9UKc,UCKjEtnnXEHsXE9IvCb92V7g,100 gorillas vs. Florida Final Boss? 🦍🐊 #shorts,2026-03-23T03:39:28Z,17884,148,14
2026-03-23T10:00:19+00:00,gRNQkeddOeo,UCKjEtnnXEHsXE9IvCb92V7g,“I would light this thing on fire” 🔥🤣,2026-03-23T02:03:26Z,4089,128,5
2026-03-23T10:00:19+00:00,a8PrkqVWt_s,UCKjEtnnXEHsXE9IvCb92V7g,Tony Delk breaks down the difference in the 2025 and 2026 Florida guards. #MarchMadness,2026-03-23T01:13:03Z,1936,7,1
2026-03-23T10:00:50+00:00,q7oYm4P9UKc,UCKjEtnnXEHsXE9IvCb92V7g,100 gorillas vs. Florida Final Boss? 🦍🐊 #shorts,2026-03-23T03:39:28Z,17884,148,14
2026-03-23T10:00:50+00:00,gRNQkeddOeo,UCKjEtnnXEHsXE9IvCb92V7g,“I would light this thing on fire” 🔥🤣,2026-03-23T02:03:26Z,4089,129,5
2026-03-23T10:00:50+00:00,a8PrkqVWt_s,UCKjEtnnXEHsXE9IvCb92V7g,Tony Delk breaks down the difference in the 2025 and 2026 Florida guards. #MarchMadness,2026-03-23T01:13:03Z,1936,7,1
2026-03-23T10:01:21+00:00,q7oYm4P9UKc,UCKjEtnnXEHsXE9IvCb92V7g,100 gorillas vs. Florida Final Boss? 🦍🐊 #shorts,2026-03-23T03:39:28Z,17884,148,14
2026-03-23T10:01:21+00:00,gRNQkeddOeo,UCKjEtnnXEHsXE9IvCb92V7g,“I would light this thing on fire” 🔥🤣,2026-03-23T02:03:26Z,4089,129,5
2026-03-23T10:01:21+00:00,a8PrkqVWt_s,UCKjEtnnXEHsXE9IvCb92V7g,Tony Delk breaks down the difference in the 2025 and 2026 Florida guards. #MarchMadness,2026-03-23T01:13:03Z,1936,7,1
2026-03-23T10:01:52+00:00,q7oYm4P9UKc,UCKjEtnnXEHsXE9IvCb92V7g,100 gorillas vs. Florida Final Boss? 🦍🐊 #shorts,2026-03-23T03:39:28Z,17903,148,14
2026-03-23T10:01:52+00:00,gRNQkeddOeo,UCKjEtnnXEHsXE9IvCb92V7g,“I would light this thing on fire” 🔥🤣,2026-03-23T02:03:26Z,4089,129,5
2026-03-23T10:01:52+00:00,a8PrkqVWt_s,UCKjEtnnXEHsXE9IvCb92V7g,Tony Delk breaks down the difference in the 2025 and 2026 Florida guards. #MarchMadness,2026-03-23T01:13:03Z,1936,7,1
2026-03-23T10:02:23+00:00,q7oYm4P9UKc,UCKjEtnnXEHsXE9IvCb92V7g,100 gorillas vs. Florida Final Boss? 🦍🐊 #shorts,2026-03-23T03:39:28Z,17903,148,14
2026-03-23T10:02:23+00:00,gRNQkeddOeo,UCKjEtnnXEHsXE9IvCb92V7g,“I would light this thing on fire” 🔥🤣,2026-03-23T02:03:26Z,4089,129,5
2026-03-23T10:02:23+00:00,a8PrkqVWt_s,UCKjEtnnXEHsXE9IvCb92V7g,Tony Delk breaks down the difference in the 2025 and 2026 Florida guards. #MarchMadness,2026-03-23T01:13:03Z,1936,7,1
2026-03-23T10:02:54+00:00,q7oYm4P9UKc,UCKjEtnnXEHsXE9IvCb92V7g,100 gorillas vs. Florida Final Boss? 🦍🐊 #shorts,2026-03-23T03:39:28Z,17903,148,14
2026-03-23T10:02:54+00:00,gRNQkeddOeo,UCKjEtnnXEHsXE9IvCb92V7g,“I would light this thing on fire” 🔥🤣,2026-03-23T02:03:26Z,4089,129,5
2026-03-23T10:02:54+00:00,a8PrkqVWt_s,UCKjEtnnXEHsXE9IvCb92V7g,Tony Delk breaks down the difference in the 2025 and 2026 Florida guards. #MarchMadness,2026-03-23T01:13:03Z,1936,7,1
2026-03-23T10:03:24+00:00,q7oYm4P9UKc,UCKjEtnnXEHsXE9IvCb92V7g,100 gorillas vs. Florida Final Boss? 🦍🐊 #shorts,2026-03-23T03:39:28Z,17903,148,14
2026-03-23T10:03:24+00:00,gRNQkeddOeo,UCKjEtnnXEHsXE9IvCb92V7g,“I would light this thing on fire” 🔥🤣,2026-03-23T02:03:26Z,4089,129,5
2026-03-23T10:03:24+00:00,a8PrkqVWt_s,UCKjEtnnXEHsXE9IvCb92V7g,Tony Delk breaks down the difference in the 2025 and 2026 Florida guards. #MarchMadness,2026-03-23T01:13:03Z,1936,7,1
2026-03-23T10:03:55+00:00,q7oYm4P9UKc,UCKjEtnnXEHsXE9IvCb92V7g,100 gorillas vs. Florida Final Boss? 🦍🐊 #shorts,2026-03-23T03:39:28Z,17903,148,14
2026-03-23T10:03:55+00:00,gRNQkeddOeo,UCKjEtnnXEHsXE9IvCb92V7g,“I would light this thing on fire” 🔥🤣,2026-03-23T02:03:26Z,4089,129,5
2026-03-23T10:03:55+00:00,a8PrkqVWt_s,UCKjEtnnXEHsXE9IvCb92V7g,Tony Delk breaks down the difference in the 2025 and 2026 Florida guards. #MarchMadness,2026-03-23T01:13:03Z,1936,7,1
2026-03-23T10:04:26+00:00,q7oYm4P9UKc,UCKjEtnnXEHsXE9IvCb92V7g,100 gorillas vs. Florida Final Boss? 🦍🐊 #shorts,2026-03-23T03:39:28Z,17903,148,14
2026-03-23T10:04:26+00:00,gRNQkeddOeo,UCKjEtnnXEHsXE9IvCb92V7g,“I would light this thing on fire” 🔥🤣,2026-03-23T02:03:26Z,4110,129,5
2026-03-23T10:04:26+00:00,a8PrkqVWt_s,UCKjEtnnXEHsXE9IvCb92V7g,Tony Delk breaks down the difference in the 2025 and 2026 Florida guards. #MarchMadness,2026-03-23T01:13:03Z,1936,7,1
2026-03-23T10:04:57+00:00,q7oYm4P9UKc,UCKjEtnnXEHsXE9IvCb92V7g,100 gorillas vs. Florida Final Boss? 🦍🐊 #shorts,2026-03-23T03:39:28Z,17903,148,14
2026-03-23T10:04:57+00:00,gRNQkeddOeo,UCKjEtnnXEHsXE9IvCb92V7g,“I would light this thing on fire” 🔥🤣,2026-03-23T02:03:26Z,4110,129,5
2026-03-23T10:04:57+00:00,a8PrkqVWt_s,UCKjEtnnXEHsXE9IvCb92V7g,Tony Delk breaks down the difference in the 2025 and 2026 Florida guards. #MarchMadness,2026-03-23T01:13:03Z,1936,7,1
2026-03-23T10:05:28+00:00,q7oYm4P9UKc,UCKjEtnnXEHsXE9IvCb92V7g,100 gorillas vs. Florida Final Boss? 🦍🐊 #shorts,2026-03-23T03:39:28Z,17903,148,14
2026-03-23T10:05:28+00:00,gRNQkeddOeo,UCKjEtnnXEHsXE9IvCb92V7g,“I would light this thing on fire” 🔥🤣,2026-03-23T02:03:26Z,4110,129,5
2026-03-23T10:05:28+00:00,a8PrkqVWt_s,UCKjEtnnXEHsXE9IvCb92V7g,Tony Delk breaks down the difference in the 2025 and 2026 Florida guards. #MarchMadness,2026-03-23T01:13:03Z,1936,7,1
2026-03-23T10:05:59+00:00,q7oYm4P9UKc,UCKjEtnnXEHsXE9IvCb92V7g,100 gorillas vs. Florida Final Boss? 🦍🐊 #shorts,2026-03-23T03:39:28Z,17903,148,14
2026-03-23T10:05:59+00:00,gRNQkeddOeo,UCKjEtnnXEHsXE9IvCb92V7g,“I would light this thing on fire” 🔥🤣,2026-03-23T02:03:26Z,4110,129,5
2026-03-23T10:05:59+00:00,a8PrkqVWt_s,UCKjEtnnXEHsXE9IvCb92V7g,Tony Delk breaks down the difference in the 2025 and 2026 Florida guards. #MarchMadness,2026-03-23T01:13:03Z,1936,7,1
2026-03-23T10:06:29+00:00,q7oYm4P9UKc,UCKjEtnnXEHsXE9IvCb92V7g,100 gorillas vs. Florida Final Boss? 🦍🐊 #shorts,2026-03-23T03:39:28Z,17983,148,14
2026-03-23T10:06:29+00:00,gRNQkeddOeo,UCKjEtnnXEHsXE9IvCb92V7g,“I would light this thing on fire” 🔥🤣,2026-03-23T02:03:26Z,4110,129,5
2026-03-23T10:06:29+00:00,a8PrkqVWt_s,UCKjEtnnXEHsXE9IvCb92V7g,Tony Delk breaks down the difference in the 2025 and 2026 Florida guards. #MarchMadness,2026-03-23T01:13:03Z,1936,7,1
2026-03-23T10:07:00+00:00,q7oYm4P9UKc,UCKjEtnnXEHsXE9IvCb92V7g,100 gorillas vs. Florida Final Boss? 🦍🐊 #shorts,2026-03-23T03:39:28Z,17983,148,14
2026-03-23T10:07:00+00:00,gRNQkeddOeo,UCKjEtnnXEHsXE9IvCb92V7g,“I would light this thing on fire” 🔥🤣,2026-03-23T02:03:26Z,4110,129,5
2026-03-23T10:07:00+00:00,a8PrkqVWt_s,UCKjEtnnXEHsXE9IvCb92V7g,Tony Delk breaks down the difference in the 2025 and 2026 Florida guards. #MarchMadness,2026-03-23T01:13:03Z,1936,7,1
2026-03-23T10:07:31+00:00,q7oYm4P9UKc,UCKjEtnnXEHsXE9IvCb92V7g,100 gorillas vs. Florida Final Boss? 🦍🐊 #shorts,2026-03-23T03:39:28Z,17983,148,14
2026-03-23T10:07:31+00:00,gRNQkeddOeo,UCKjEtnnXEHsXE9IvCb92V7g,“I would light this thing on fire” 🔥🤣,2026-03-23T02:03:26Z,4110,129,5
2026-03-23T10:07:31+00:00,a8PrkqVWt_s,UCKjEtnnXEHsXE9IvCb92V7g,Tony Delk breaks down the difference in the 2025 and 2026 Florida guards. #MarchMadness,2026-03-23T01:13:03Z,1936,7,1
2026-03-23T10:08:02+00:00,q7oYm4P9UKc,UCKjEtnnXEHsXE9IvCb92V7g,100 gorillas vs. Florida Final Boss? 🦍🐊 #shorts,2026-03-23T03:39:28Z,17983,148,14
2026-03-23T10:08:02+00:00,gRNQkeddOeo,UCKjEtnnXEHsXE9IvCb92V7g,“I would light this thing on fire” 🔥🤣,2026-03-23T02:03:26Z,4110,129,5
2026-03-23T10:08:02+00:00,a8PrkqVWt_s,UCKjEtnnXEHsXE9IvCb92V7g,Tony Delk breaks down the difference in the 2025 and 2026 Florida guards. #MarchMadness,2026-03-23T01:13:03Z,1936,7,1
2026-03-23T10:08:33+00:00,q7oYm4P9UKc,UCKjEtnnXEHsXE9IvCb92V7g,100 gorillas vs. Florida Final Boss? 🦍🐊 #shorts,2026-03-23T03:39:28Z,17983,148,14
2026-03-23T10:08:33+00:00,gRNQkeddOeo,UCKjEtnnXEHsXE9IvCb92V7g,“I would light this thing on fire” 🔥🤣,2026-03-23T02:03:26Z,4110,129,5
2026-03-23T10:08:33+00:00,a8PrkqVWt_s,UCKjEtnnXEHsXE9IvCb92V7g,Tony Delk breaks down the difference in the 2025 and 2026 Florida guards. #MarchMadness,2026-03-23T01:13:03Z,1936,7,1
2026-03-23T10:09:04+00:00,q7oYm4P9UKc,UCKjEtnnXEHsXE9IvCb92V7g,100 gorillas vs. Florida Final Boss? 🦍🐊 #shorts,2026-03-23T03:39:28Z,17983,148,14
2026-03-23T10:09:04+00:00,gRNQkeddOeo,UCKjEtnnXEHsXE9IvCb92V7g,“I would light this thing on fire” 🔥🤣,2026-03-23T02:03:26Z,4110,129,5
2026-03-23T10:09:04+00:00,a8PrkqVWt_s,UCKjEtnnXEHsXE9IvCb92V7g,Tony Delk breaks down the difference in the 2025 and 2026 Florida guards. #MarchMadness,2026-03-23T01:13:03Z,1936,7,1
2026-03-23T10:09:35+00:00,q7oYm4P9UKc,UCKjEtnnXEHsXE9IvCb92V7g,100 gorillas vs. Florida Final Boss? 🦍🐊 #shorts,2026-03-23T03:39:28Z,17983,148,14
2026-03-23T10:09:35+00:00,gRNQkeddOeo,UCKjEtnnXEHsXE9IvCb92V7g,“I would light this thing on fire” 🔥🤣,2026-03-23T02:03:26Z,4119,129,5
2026-03-23T10:09:35+00:00,a8PrkqVWt_s,UCKjEtnnXEHsXE9IvCb92V7g,Tony Delk breaks down the difference in the 2025 and 2026 Florida guards. #MarchMadness,2026-03-23T01:13:03Z,1936,7,1
2026-03-23T10:10:05+00:00,q7oYm4P9UKc,UCKjEtnnXEHsXE9IvCb92V7g,100 gorillas vs. Florida Final Boss? 🦍🐊 #shorts,2026-03-23T03:39:28Z,17983,148,14
2026-03-23T10:10:05+00:00,gRNQkeddOeo,UCKjEtnnXEHsXE9IvCb92V7g,“I would light this thing on fire” 🔥🤣,2026-03-23T02:03:26Z,4119,129,5
2026-03-23T10:10:05+00:00,a8PrkqVWt_s,UCKjEtnnXEHsXE9IvCb92V7g,Tony Delk breaks down the difference in the 2025 and 2026 Florida guards. #MarchMadness,2026-03-23T01:13:03Z,1936,7,1
2026-03-23T10:10:36+00:00,q7oYm4P9UKc,UCKjEtnnXEHsXE9IvCb92V7g,100 gorillas vs. Florida Final Boss? 🦍🐊 #shorts,2026-03-23T03:39:28Z,17983,148,14
2026-03-23T10:10:36+00:00,gRNQkeddOeo,UCKjEtnnXEHsXE9IvCb92V7g,“I would light this thing on fire” 🔥🤣,2026-03-23T02:03:26Z,4119,129,5
2026-03-23T10:10:36+00:00,a8PrkqVWt_s,UCKjEtnnXEHsXE9IvCb92V7g,Tony Delk breaks down the difference in the 2025 and 2026 Florida guards. #MarchMadness,2026-03-23T01:13:03Z,1936,7,1
2026-03-23T10:11:06+00:00,q7oYm4P9UKc,UCKjEtnnXEHsXE9IvCb92V7g,100 gorillas vs. Florida Final Boss? 🦍🐊 #shorts,2026-03-23T03:39:28Z,17983,148,14
2026-03-23T10:11:06+00:00,gRNQkeddOeo,UCKjEtnnXEHsXE9IvCb92V7g,“I would light this thing on fire” 🔥🤣,2026-03-23T02:03:26Z,4119,129,5
2026-03-23T10:11:06+00:00,a8PrkqVWt_s,UCKjEtnnXEHsXE9IvCb92V7g,Tony Delk breaks down the difference in the 2025 and 2026 Florida guards. #MarchMadness,2026-03-23T01:13:03Z,1936,7,1
2026-03-23T10:11:37+00:00,q7oYm4P9UKc,UCKjEtnnXEHsXE9IvCb92V7g,100 gorillas vs. Florida Final Boss? 🦍🐊 #shorts,2026-03-23T03:39:28Z,18051,148,14
2026-03-23T10:11:37+00:00,gRNQkeddOeo,UCKjEtnnXEHsXE9IvCb92V7g,“I would light this thing on fire” 🔥🤣,2026-03-23T02:03:26Z,4119,129,5
2026-03-23T10:11:37+00:00,a8PrkqVWt_s,UCKjEtnnXEHsXE9IvCb92V7g,Tony Delk breaks down the difference in the 2025 and 2026 Florida guards. #MarchMadness,2026-03-23T01:13:03Z,1936,7,1
2026-03-23T10:12:08+00:00,q7oYm4P9UKc,UCKjEtnnXEHsXE9IvCb92V7g,100 gorillas vs. Florida Final Boss? 🦍🐊 #shorts,2026-03-23T03:39:28Z,18051,148,14
2026-03-23T10:12:08+00:00,gRNQkeddOeo,UCKjEtnnXEHsXE9IvCb92V7g,“I would light this thing on fire” 🔥🤣,2026-03-23T02:03:26Z,4119,129,5
2026-03-23T10:12:08+00:00,a8PrkqVWt_s,UCKjEtnnXEHsXE9IvCb92V7g,Tony Delk breaks down the difference in the 2025 and 2026 Florida guards. #MarchMadness,2026-03-23T01:13:03Z,1985,7,1
2026-03-23T10:12:38+00:00,q7oYm4P9UKc,UCKjEtnnXEHsXE9IvCb92V7g,100 gorillas vs. Florida Final Boss? 🦍🐊 #shorts,2026-03-23T03:39:28Z,18051,148,14
2026-03-23T10:12:38+00:00,gRNQkeddOeo,UCKjEtnnXEHsXE9IvCb92V7g,“I would light this thing on fire” 🔥🤣,2026-03-23T02:03:26Z,4119,129,5
2026-03-23T10:12:38+00:00,a8PrkqVWt_s,UCKjEtnnXEHsXE9IvCb92V7g,Tony Delk breaks down the difference in the 2025 and 2026 Florida guards. #MarchMadness,2026-03-23T01:13:03Z,1985,7,1
2026-03-23T10:13:09+00:00,q7oYm4P9UKc,UCKjEtnnXEHsXE9IvCb92V7g,100 gorillas vs. Florida Final Boss? 🦍🐊 #shorts,2026-03-23T03:39:28Z,18051,148,14
2026-03-23T10:13:09+00:00,gRNQkeddOeo,UCKjEtnnXEHsXE9IvCb92V7g,“I would light this thing on fire” 🔥🤣,2026-03-23T02:03:26Z,4119,129,5
2026-03-23T10:13:09+00:00,a8PrkqVWt_s,UCKjEtnnXEHsXE9IvCb92V7g,Tony Delk breaks down the difference in the 2025 and 2026 Florida guards. #MarchMadness,2026-03-23T01:13:03Z,1985,7,1
2026-03-23T10:13:40+00:00,q7oYm4P9UKc,UCKjEtnnXEHsXE9IvCb92V7g,100 gorillas vs. Florida Final Boss? 🦍🐊 #shorts,2026-03-23T03:39:28Z,18051,148,14
2026-03-23T10:13:40+00:00,gRNQkeddOeo,UCKjEtnnXEHsXE9IvCb92V7g,“I would light this thing on fire” 🔥🤣,2026-03-23T02:03:26Z,4119,129,5
2026-03-23T10:13:40+00:00,a8PrkqVWt_s,UCKjEtnnXEHsXE9IvCb92V7g,Tony Delk breaks down the difference in the 2025 and 2026 Florida guards. #MarchMadness,2026-03-23T01:13:03Z,1985,7,1
2026-03-23T10:14:11+00:00,q7oYm4P9UKc,UCKjEtnnXEHsXE9IvCb92V7g,100 gorillas vs. Florida Final Boss? 🦍🐊 #shorts,2026-03-23T03:39:28Z,18051,148,14
2026-03-23T10:14:11+00:00,gRNQkeddOeo,UCKjEtnnXEHsXE9IvCb92V7g,“I would light this thing on fire” 🔥🤣,2026-03-23T02:03:26Z,4119,129,5
2026-03-23T10:14:11+00:00,a8PrkqVWt_s,UCKjEtnnXEHsXE9IvCb92V7g,Tony Delk breaks down the difference in the 2025 and 2026 Florida guards. #MarchMadness,2026-03-23T01:13:03Z,1985,7,1
2026-03-23T10:14:42+00:00,q7oYm4P9UKc,UCKjEtnnXEHsXE9IvCb92V7g,100 gorillas vs. Florida Final Boss? 🦍🐊 #shorts,2026-03-23T03:39:28Z,18051,148,14
2026-03-23T10:14:42+00:00,gRNQkeddOeo,UCKjEtnnXEHsXE9IvCb92V7g,“I would light this thing on fire” 🔥🤣,2026-03-23T02:03:26Z,4127,129,5
2026-03-23T10:14:42+00:00,a8PrkqVWt_s,UCKjEtnnXEHsXE9IvCb92V7g,Tony Delk breaks down the difference in the 2025 and 2026 Florida guards. #MarchMadness,2026-03-23T01:13:03Z,1985,7,1
2026-03-23T10:15:12+00:00,q7oYm4P9UKc,UCKjEtnnXEHsXE9IvCb92V7g,100 gorillas vs. Florida Final Boss? 🦍🐊 #shorts,2026-03-23T03:39:28Z,18051,148,14
2026-03-23T10:15:12+00:00,gRNQkeddOeo,UCKjEtnnXEHsXE9IvCb92V7g,“I would light this thing on fire” 🔥🤣,2026-03-23T02:03:26Z,4127,130,5
2026-03-23T10:15:12+00:00,a8PrkqVWt_s,UCKjEtnnXEHsXE9IvCb92V7g,Tony Delk breaks down the difference in the 2025 and 2026 Florida guards. #MarchMadness,2026-03-23T01:13:03Z,1985,7,1
2026-03-23T10:15:43+00:00,q7oYm4P9UKc,UCKjEtnnXEHsXE9IvCb92V7g,100 gorillas vs. Florida Final Boss? 🦍🐊 #shorts,2026-03-23T03:39:28Z,18051,148,14
2026-03-23T10:15:43+00:00,gRNQkeddOeo,UCKjEtnnXEHsXE9IvCb92V7g,“I would light this thing on fire” 🔥🤣,2026-03-23T02:03:26Z,4127,130,5
2026-03-23T10:15:43+00:00,a8PrkqVWt_s,UCKjEtnnXEHsXE9IvCb92V7g,Tony Delk breaks down the difference in the 2025 and 2026 Florida guards. #MarchMadness,2026-03-23T01:13:03Z,1985,7,1
2026-03-23T10:16:14+00:00,q7oYm4P9UKc,UCKjEtnnXEHsXE9IvCb92V7g,100 gorillas vs. Florida Final Boss? 🦍🐊 #shorts,2026-03-23T03:39:28Z,18051,148,14
2026-03-23T10:16:14+00:00,gRNQkeddOeo,UCKjEtnnXEHsXE9IvCb92V7g,“I would light this thing on fire” 🔥🤣,2026-03-23T02:03:26Z,4127,130,5
2026-03-23T10:16:14+00:00,a8PrkqVWt_s,UCKjEtnnXEHsXE9IvCb92V7g,Tony Delk breaks down the difference in the 2025 and 2026 Florida guards. #MarchMadness,2026-03-23T01:13:03Z,1985,7,1
2026-03-23T10:16:45+00:00,q7oYm4P9UKc,UCKjEtnnXEHsXE9IvCb92V7g,100 gorillas vs. Florida Final Boss? 🦍🐊 #shorts,2026-03-23T03:39:28Z,18123,148,14
2026-03-23T10:16:45+00:00,gRNQkeddOeo,UCKjEtnnXEHsXE9IvCb92V7g,“I would light this thing on fire” 🔥🤣,2026-03-23T02:03:26Z,4127,130,5
2026-03-23T10:16:45+00:00,a8PrkqVWt_s,UCKjEtnnXEHsXE9IvCb92V7g,Tony Delk breaks down the difference in the 2025 and 2026 Florida guards. #MarchMadness,2026-03-23T01:13:03Z,1985,7,1
2026-03-23T10:17:16+00:00,q7oYm4P9UKc,UCKjEtnnXEHsXE9IvCb92V7g,100 gorillas vs. Florida Final Boss? 🦍🐊 #shorts,2026-03-23T03:39:28Z,18123,148,14
2026-03-23T10:17:16+00:00,gRNQkeddOeo,UCKjEtnnXEHsXE9IvCb92V7g,“I would light this thing on fire” 🔥🤣,2026-03-23T02:03:26Z,4127,130,5
2026-03-23T10:17:16+00:00,a8PrkqVWt_s,UCKjEtnnXEHsXE9IvCb92V7g,Tony Delk breaks down the difference in the 2025 and 2026 Florida guards. #MarchMadness,2026-03-23T01:13:03Z,1985,7,1
2026-03-23T10:17:46+00:00,q7oYm4P9UKc,UCKjEtnnXEHsXE9IvCb92V7g,100 gorillas vs. Florida Final Boss? 🦍🐊 #shorts,2026-03-23T03:39:28Z,18123,148,14
2026-03-23T10:17:46+00:00,gRNQkeddOeo,UCKjEtnnXEHsXE9IvCb92V7g,“I would light this thing on fire” 🔥🤣,2026-03-23T02:03:26Z,4127,130,5
2026-03-23T10:17:46+00:00,a8PrkqVWt_s,UCKjEtnnXEHsXE9IvCb92V7g,Tony Delk breaks down the difference in the 2025 and 2026 Florida guards. #MarchMadness,2026-03-23T01:13:03Z,1985,7,1
2026-03-23T10:18:17+00:00,q7oYm4P9UKc,UCKjEtnnXEHsXE9IvCb92V7g,100 gorillas vs. Florida Final Boss? 🦍🐊 #shorts,2026-03-23T03:39:28Z,18123,148,14
2026-03-23T10:18:17+00:00,gRNQkeddOeo,UCKjEtnnXEHsXE9IvCb92V7g,“I would light this thing on fire” 🔥🤣,2026-03-23T02:03:26Z,4127,130,5
2026-03-23T10:18:17+00:00,a8PrkqVWt_s,UCKjEtnnXEHsXE9IvCb92V7g,Tony Delk breaks down the difference in the 2025 and 2026 Florida guards. #MarchMadness,2026-03-23T01:13:03Z,1985,7,1
2026-03-23T10:18:48+00:00,q7oYm4P9UKc,UCKjEtnnXEHsXE9IvCb92V7g,100 gorillas vs. Florida Final Boss? 🦍🐊 #shorts,2026-03-23T03:39:28Z,18123,148,14
2026-03-23T10:18:48+00:00,gRNQkeddOeo,UCKjEtnnXEHsXE9IvCb92V7g,“I would light this thing on fire” 🔥🤣,2026-03-23T02:03:26Z,4127,130,5
2026-03-23T10:18:48+00:00,a8PrkqVWt_s,UCKjEtnnXEHsXE9IvCb92V7g,Tony Delk breaks down the difference in the 2025 and 2026 Florida guards. #MarchMadness,2026-03-23T01:13:03Z,1985,7,1
2026-03-23T10:19:19+00:00,q7oYm4P9UKc,UCKjEtnnXEHsXE9IvCb92V7g,100 gorillas vs. Florida Final Boss? 🦍🐊 #shorts,2026-03-23T03:39:28Z,18123,148,14
2026-03-23T10:19:19+00:00,gRNQkeddOeo,UCKjEtnnXEHsXE9IvCb92V7g,“I would light this thing on fire” 🔥🤣,2026-03-23T02:03:26Z,4141,130,5
2026-03-23T10:19:19+00:00,a8PrkqVWt_s,UCKjEtnnXEHsXE9IvCb92V7g,Tony Delk breaks down the difference in the 2025 and 2026 Florida guards. #MarchMadness,2026-03-23T01:13:03Z,1985,7,1
2026-03-23T10:19:50+00:00,q7oYm4P9UKc,UCKjEtnnXEHsXE9IvCb92V7g,100 gorillas vs. Florida Final Boss? 🦍🐊 #shorts,2026-03-23T03:39:28Z,18123,149,14
2026-03-23T10:19:50+00:00,gRNQkeddOeo,UCKjEtnnXEHsXE9IvCb92V7g,“I would light this thing on fire” 🔥🤣,2026-03-23T02:03:26Z,4141,130,5
2026-03-23T10:19:50+00:00,a8PrkqVWt_s,UCKjEtnnXEHsXE9IvCb92V7g,Tony Delk breaks down the difference in the 2025 and 2026 Florida guards. #MarchMadness,2026-03-23T01:13:03Z,1985,7,1
2026-03-23T10:20:21+00:00,q7oYm4P9UKc,UCKjEtnnXEHsXE9IvCb92V7g,100 gorillas vs. Florida Final Boss? 🦍🐊 #shorts,2026-03-23T03:39:28Z,18123,149,14
2026-03-23T10:20:21+00:00,gRNQkeddOeo,UCKjEtnnXEHsXE9IvCb92V7g,“I would light this thing on fire” 🔥🤣,2026-03-23T02:03:26Z,4141,130,5
2026-03-23T10:20:21+00:00,a8PrkqVWt_s,UCKjEtnnXEHsXE9IvCb92V7g,Tony Delk breaks down the difference in the 2025 and 2026 Florida guards. #MarchMadness,2026-03-23T01:13:03Z,1985,7,1
2026-03-23T10:20:52+00:00,q7oYm4P9UKc,UCKjEtnnXEHsXE9IvCb92V7g,100 gorillas vs. Florida Final Boss? 🦍🐊 #shorts,2026-03-23T03:39:28Z,18123,149,14
2026-03-23T10:20:52+00:00,gRNQkeddOeo,UCKjEtnnXEHsXE9IvCb92V7g,“I would light this thing on fire” 🔥🤣,2026-03-23T02:03:26Z,4141,130,5
2026-03-23T10:20:52+00:00,a8PrkqVWt_s,UCKjEtnnXEHsXE9IvCb92V7g,Tony Delk breaks down the difference in the 2025 and 2026 Florida guards. #MarchMadness,2026-03-23T01:13:03Z,1985,7,1
2026-03-23T10:21:22+00:00,q7oYm4P9UKc,UCKjEtnnXEHsXE9IvCb92V7g,100 gorillas vs. Florida Final Boss? 🦍🐊 #shorts,2026-03-23T03:39:28Z,18169,149,14
2026-03-23T10:21:22+00:00,gRNQkeddOeo,UCKjEtnnXEHsXE9IvCb92V7g,“I would light this thing on fire” 🔥🤣,2026-03-23T02:03:26Z,4141,130,5
2026-03-23T10:21:22+00:00,a8PrkqVWt_s,UCKjEtnnXEHsXE9IvCb92V7g,Tony Delk breaks down the difference in the 2025 and 2026 Florida guards. #MarchMadness,2026-03-23T01:13:03Z,1986,7,1
2026-03-23T10:21:53+00:00,q7oYm4P9UKc,UCKjEtnnXEHsXE9IvCb92V7g,100 gorillas vs. Florida Final Boss? 🦍🐊 #shorts,2026-03-23T03:39:28Z,18169,149,14
2026-03-23T10:21:53+00:00,gRNQkeddOeo,UCKjEtnnXEHsXE9IvCb92V7g,“I would light this thing on fire” 🔥🤣,2026-03-23T02:03:26Z,4141,130,5
2026-03-23T10:21:53+00:00,a8PrkqVWt_s,UCKjEtnnXEHsXE9IvCb92V7g,Tony Delk breaks down the difference in the 2025 and 2026 Florida guards. #MarchMadness,2026-03-23T01:13:03Z,1986,7,1
2026-03-23T10:22:24+00:00,q7oYm4P9UKc,UCKjEtnnXEHsXE9IvCb92V7g,100 gorillas vs. Florida Final Boss? 🦍🐊 #shorts,2026-03-23T03:39:28Z,18169,149,14
2026-03-23T10:22:24+00:00,gRNQkeddOeo,UCKjEtnnXEHsXE9IvCb92V7g,“I would light this thing on fire” 🔥🤣,2026-03-23T02:03:26Z,4141,130,5
2026-03-23T10:22:24+00:00,a8PrkqVWt_s,UCKjEtnnXEHsXE9IvCb92V7g,Tony Delk breaks down the difference in the 2025 and 2026 Florida guards. #MarchMadness,2026-03-23T01:13:03Z,1986,7,1
2026-03-23T10:22:55+00:00,q7oYm4P9UKc,UCKjEtnnXEHsXE9IvCb92V7g,100 gorillas vs. Florida Final Boss? 🦍🐊 #shorts,2026-03-23T03:39:28Z,18169,149,14
2026-03-23T10:22:55+00:00,gRNQkeddOeo,UCKjEtnnXEHsXE9IvCb92V7g,“I would light this thing on fire” 🔥🤣,2026-03-23T02:03:26Z,4141,130,5
2026-03-23T10:22:55+00:00,a8PrkqVWt_s,UCKjEtnnXEHsXE9IvCb92V7g,Tony Delk breaks down the difference in the 2025 and 2026 Florida guards. #MarchMadness,2026-03-23T01:13:03Z,1986,7,1
2026-03-23T10:23:26+00:00,q7oYm4P9UKc,UCKjEtnnXEHsXE9IvCb92V7g,100 gorillas vs. Florida Final Boss? 🦍🐊 #shorts,2026-03-23T03:39:28Z,18169,149,14
2026-03-23T10:23:26+00:00,gRNQkeddOeo,UCKjEtnnXEHsXE9IvCb92V7g,“I would light this thing on fire” 🔥🤣,2026-03-23T02:03:26Z,4141,130,5
2026-03-23T10:23:26+00:00,a8PrkqVWt_s,UCKjEtnnXEHsXE9IvCb92V7g,Tony Delk breaks down the difference in the 2025 and 2026 Florida guards. #MarchMadness,2026-03-23T01:13:03Z,1986,7,1
2026-03-23T10:23:57+00:00,q7oYm4P9UKc,UCKjEtnnXEHsXE9IvCb92V7g,100 gorillas vs. Florida Final Boss? 🦍🐊 #shorts,2026-03-23T03:39:28Z,18169,149,14
2026-03-23T10:23:57+00:00,gRNQkeddOeo,UCKjEtnnXEHsXE9IvCb92V7g,“I would light this thing on fire” 🔥🤣,2026-03-23T02:03:26Z,4141,130,5
2026-03-23T10:23:57+00:00,a8PrkqVWt_s,UCKjEtnnXEHsXE9IvCb92V7g,Tony Delk breaks down the difference in the 2025 and 2026 Florida guards. #MarchMadness,2026-03-23T01:13:03Z,1986,7,1
2026-03-23T10:24:27+00:00,q7oYm4P9UKc,UCKjEtnnXEHsXE9IvCb92V7g,100 gorillas vs. Florida Final Boss? 🦍🐊 #shorts,2026-03-23T03:39:28Z,18169,149,14
2026-03-23T10:24:27+00:00,gRNQkeddOeo,UCKjEtnnXEHsXE9IvCb92V7g,“I would light this thing on fire” 🔥🤣,2026-03-23T02:03:26Z,4152,130,5
2026-03-23T10:24:27+00:00,a8PrkqVWt_s,UCKjEtnnXEHsXE9IvCb92V7g,Tony Delk breaks down the difference in the 2025 and 2026 Florida guards. #MarchMadness,2026-03-23T01:13:03Z,1986,7,1
2026-03-23T10:24:58+00:00,q7oYm4P9UKc,UCKjEtnnXEHsXE9IvCb92V7g,100 gorillas vs. Florida Final Boss? 🦍🐊 #shorts,2026-03-23T03:39:28Z,18169,149,14
2026-03-23T10:24:58+00:00,gRNQkeddOeo,UCKjEtnnXEHsXE9IvCb92V7g,“I would light this thing on fire” 🔥🤣,2026-03-23T02:03:26Z,4152,130,5
2026-03-23T10:24:58+00:00,a8PrkqVWt_s,UCKjEtnnXEHsXE9IvCb92V7g,Tony Delk breaks down the difference in the 2025 and 2026 Florida guards. #MarchMadness,2026-03-23T01:13:03Z,1986,7,1
2026-03-23T10:25:29+00:00,q7oYm4P9UKc,UCKjEtnnXEHsXE9IvCb92V7g,100 gorillas vs. Florida Final Boss? 🦍🐊 #shorts,2026-03-23T03:39:28Z,18169,149,14
2026-03-23T10:25:29+00:00,gRNQkeddOeo,UCKjEtnnXEHsXE9IvCb92V7g,“I would light this thing on fire” 🔥🤣,2026-03-23T02:03:26Z,4152,130,5
2026-03-23T10:25:29+00:00,a8PrkqVWt_s,UCKjEtnnXEHsXE9IvCb92V7g,Tony Delk breaks down the difference in the 2025 and 2026 Florida guards. #MarchMadness,2026-03-23T01:13:03Z,1986,7,1
2026-03-23T10:26:00+00:00,q7oYm4P9UKc,UCKjEtnnXEHsXE9IvCb92V7g,100 gorillas vs. Florida Final Boss? 🦍🐊 #shorts,2026-03-23T03:39:28Z,18169,149,14
2026-03-23T10:26:00+00:00,gRNQkeddOeo,UCKjEtnnXEHsXE9IvCb92V7g,“I would light this thing on fire” 🔥🤣,2026-03-23T02:03:26Z,4152,130,5
2026-03-23T10:26:00+00:00,a8PrkqVWt_s,UCKjEtnnXEHsXE9IvCb92V7g,Tony Delk breaks down the difference in the 2025 and 2026 Florida guards. #MarchMadness,2026-03-23T01:13:03Z,1986,7,1
2026-03-23T10:26:31+00:00,q7oYm4P9UKc,UCKjEtnnXEHsXE9IvCb92V7g,100 gorillas vs. Florida Final Boss? 🦍🐊 #shorts,2026-03-23T03:39:28Z,18217,149,14
2026-03-23T10:26:31+00:00,gRNQkeddOeo,UCKjEtnnXEHsXE9IvCb92V7g,“I would light this thing on fire” 🔥🤣,2026-03-23T02:03:26Z,4152,130,5
2026-03-23T10:26:31+00:00,a8PrkqVWt_s,UCKjEtnnXEHsXE9IvCb92V7g,Tony Delk breaks down the difference in the 2025 and 2026 Florida guards. #MarchMadness,2026-03-23T01:13:03Z,1987,7,1
2026-03-23T10:27:02+00:00,q7oYm4P9UKc,UCKjEtnnXEHsXE9IvCb92V7g,100 gorillas vs. Florida Final Boss? 🦍🐊 #shorts,2026-03-23T03:39:28Z,18217,149,14
2026-03-23T10:27:02+00:00,gRNQkeddOeo,UCKjEtnnXEHsXE9IvCb92V7g,“I would light this thing on fire” 🔥🤣,2026-03-23T02:03:26Z,4152,130,5
2026-03-23T10:27:02+00:00,a8PrkqVWt_s,UCKjEtnnXEHsXE9IvCb92V7g,Tony Delk breaks down the difference in the 2025 and 2026 Florida guards. #MarchMadness,2026-03-23T01:13:03Z,1987,7,1
2026-03-23T10:27:33+00:00,q7oYm4P9UKc,UCKjEtnnXEHsXE9IvCb92V7g,100 gorillas vs. Florida Final Boss? 🦍🐊 #shorts,2026-03-23T03:39:28Z,18217,149,14
2026-03-23T10:27:33+00:00,gRNQkeddOeo,UCKjEtnnXEHsXE9IvCb92V7g,“I would light this thing on fire” 🔥🤣,2026-03-23T02:03:26Z,4152,130,5
2026-03-23T10:27:33+00:00,a8PrkqVWt_s,UCKjEtnnXEHsXE9IvCb92V7g,Tony Delk breaks down the difference in the 2025 and 2026 Florida guards. #MarchMadness,2026-03-23T01:13:03Z,1987,7,1
2026-03-23T10:28:04+00:00,q7oYm4P9UKc,UCKjEtnnXEHsXE9IvCb92V7g,100 gorillas vs. Florida Final Boss? 🦍🐊 #shorts,2026-03-23T03:39:28Z,18217,149,14
2026-03-23T10:28:04+00:00,gRNQkeddOeo,UCKjEtnnXEHsXE9IvCb92V7g,“I would light this thing on fire” 🔥🤣,2026-03-23T02:03:26Z,4152,130,5
2026-03-23T10:28:04+00:00,a8PrkqVWt_s,UCKjEtnnXEHsXE9IvCb92V7g,Tony Delk breaks down the difference in the 2025 and 2026 Florida guards. #MarchMadness,2026-03-23T01:13:03Z,1987,7,1
2026-03-23T10:28:35+00:00,q7oYm4P9UKc,UCKjEtnnXEHsXE9IvCb92V7g,100 gorillas vs. Florida Final Boss? 🦍🐊 #shorts,2026-03-23T03:39:28Z,18217,150,14
2026-03-23T10:28:35+00:00,gRNQkeddOeo,UCKjEtnnXEHsXE9IvCb92V7g,“I would light this thing on fire” 🔥🤣,2026-03-23T02:03:26Z,4152,130,5
2026-03-23T10:28:35+00:00,a8PrkqVWt_s,UCKjEtnnXEHsXE9IvCb92V7g,Tony Delk breaks down the difference in the 2025 and 2026 Florida guards. #MarchMadness,2026-03-23T01:13:03Z,1987,7,1
2026-03-23T10:29:05+00:00,q7oYm4P9UKc,UCKjEtnnXEHsXE9IvCb92V7g,100 gorillas vs. Florida Final Boss? 🦍🐊 #shorts,2026-03-23T03:39:28Z,18217,150,14
2026-03-23T10:29:05+00:00,gRNQkeddOeo,UCKjEtnnXEHsXE9IvCb92V7g,“I would light this thing on fire” 🔥🤣,2026-03-23T02:03:26Z,4152,131,5
2026-03-23T10:29:05+00:00,a8PrkqVWt_s,UCKjEtnnXEHsXE9IvCb92V7g,Tony Delk breaks down the difference in the 2025 and 2026 Florida guards. #MarchMadness,2026-03-23T01:13:03Z,1987,7,1
2026-03-23T10:29:36+00:00,q7oYm4P9UKc,UCKjEtnnXEHsXE9IvCb92V7g,100 gorillas vs. Florida Final Boss? 🦍🐊 #shorts,2026-03-23T03:39:28Z,18217,150,14
2026-03-23T10:29:36+00:00,gRNQkeddOeo,UCKjEtnnXEHsXE9IvCb92V7g,“I would light this thing on fire” 🔥🤣,2026-03-23T02:03:26Z,4177,131,5
2026-03-23T10:29:36+00:00,a8PrkqVWt_s,UCKjEtnnXEHsXE9IvCb92V7g,Tony Delk breaks down the difference in the 2025 and 2026 Florida guards. #MarchMadness,2026-03-23T01:13:03Z,1987,7,1
2026-03-23T10:30:07+00:00,q7oYm4P9UKc,UCKjEtnnXEHsXE9IvCb92V7g,100 gorillas vs. Florida Final Boss? 🦍🐊 #shorts,2026-03-23T03:39:28Z,18217,151,14
2026-03-23T10:30:07+00:00,gRNQkeddOeo,UCKjEtnnXEHsXE9IvCb92V7g,“I would light this thing on fire” 🔥🤣,2026-03-23T02:03:26Z,4177,131,5
2026-03-23T10:30:07+00:00,a8PrkqVWt_s,UCKjEtnnXEHsXE9IvCb92V7g,Tony Delk breaks down the difference in the 2025 and 2026 Florida guards. #MarchMadness,2026-03-23T01:13:03Z,1987,7,1
2026-03-23T10:30:38+00:00,q7oYm4P9UKc,UCKjEtnnXEHsXE9IvCb92V7g,100 gorillas vs. Florida Final Boss? 🦍🐊 #shorts,2026-03-23T03:39:28Z,18217,151,14
2026-03-23T10:30:38+00:00,gRNQkeddOeo,UCKjEtnnXEHsXE9IvCb92V7g,“I would light this thing on fire” 🔥🤣,2026-03-23T02:03:26Z,4177,131,5
2026-03-23T10:30:38+00:00,a8PrkqVWt_s,UCKjEtnnXEHsXE9IvCb92V7g,Tony Delk breaks down the difference in the 2025 and 2026 Florida guards. #MarchMadness,2026-03-23T01:13:03Z,1987,7,1
2026-03-23T10:31:09+00:00,q7oYm4P9UKc,UCKjEtnnXEHsXE9IvCb92V7g,100 gorillas vs. Florida Final Boss? 🦍🐊 #shorts,2026-03-23T03:39:28Z,18217,151,14
2026-03-23T10:31:09+00:00,gRNQkeddOeo,UCKjEtnnXEHsXE9IvCb92V7g,“I would light this thing on fire” 🔥🤣,2026-03-23T02:03:26Z,4177,131,5
2026-03-23T10:31:09+00:00,a8PrkqVWt_s,UCKjEtnnXEHsXE9IvCb92V7g,Tony Delk breaks down the difference in the 2025 and 2026 Florida guards. #MarchMadness,2026-03-23T01:13:03Z,1987,7,1
2026-03-23T10:31:40+00:00,q7oYm4P9UKc,UCKjEtnnXEHsXE9IvCb92V7g,100 gorillas vs. Florida Final Boss? 🦍🐊 #shorts,2026-03-23T03:39:28Z,18309,152,14
2026-03-23T10:31:40+00:00,gRNQkeddOeo,UCKjEtnnXEHsXE9IvCb92V7g,“I would light this thing on fire” 🔥🤣,2026-03-23T02:03:26Z,4177,131,5
2026-03-23T10:31:40+00:00,a8PrkqVWt_s,UCKjEtnnXEHsXE9IvCb92V7g,Tony Delk breaks down the difference in the 2025 and 2026 Florida guards. #MarchMadness,2026-03-23T01:13:03Z,1989,7,1
2026-03-23T10:32:11+00:00,q7oYm4P9UKc,UCKjEtnnXEHsXE9IvCb92V7g,100 gorillas vs. Florida Final Boss? 🦍🐊 #shorts,2026-03-23T03:39:28Z,18309,151,14
2026-03-23T10:32:11+00:00,gRNQkeddOeo,UCKjEtnnXEHsXE9IvCb92V7g,“I would light this thing on fire” 🔥🤣,2026-03-23T02:03:26Z,4177,131,5
2026-03-23T10:32:11+00:00,a8PrkqVWt_s,UCKjEtnnXEHsXE9IvCb92V7g,Tony Delk breaks down the difference in the 2025 and 2026 Florida guards. #MarchMadness,2026-03-23T01:13:03Z,1989,7,1
2026-03-23T10:32:41+00:00,q7oYm4P9UKc,UCKjEtnnXEHsXE9IvCb92V7g,100 gorillas vs. Florida Final Boss? 🦍🐊 #shorts,2026-03-23T03:39:28Z,18309,151,14
2026-03-23T10:32:41+00:00,gRNQkeddOeo,UCKjEtnnXEHsXE9IvCb92V7g,“I would light this thing on fire” 🔥🤣,2026-03-23T02:03:26Z,4177,131,5
2026-03-23T10:32:41+00:00,a8PrkqVWt_s,UCKjEtnnXEHsXE9IvCb92V7g,Tony Delk breaks down the difference in the 2025 and 2026 Florida guards. #MarchMadness,2026-03-23T01:13:03Z,1989,7,1
2026-03-23T10:33:12+00:00,q7oYm4P9UKc,UCKjEtnnXEHsXE9IvCb92V7g,100 gorillas vs. Florida Final Boss? 🦍🐊 #shorts,2026-03-23T03:39:28Z,18309,152,14
2026-03-23T10:33:12+00:00,gRNQkeddOeo,UCKjEtnnXEHsXE9IvCb92V7g,“I would light this thing on fire” 🔥🤣,2026-03-23T02:03:26Z,4177,131,5
2026-03-23T10:33:12+00:00,a8PrkqVWt_s,UCKjEtnnXEHsXE9IvCb92V7g,Tony Delk breaks down the difference in the 2025 and 2026 Florida guards. #MarchMadness,2026-03-23T01:13:03Z,1989,7,1
2026-03-23T10:33:43+00:00,q7oYm4P9UKc,UCKjEtnnXEHsXE9IvCb92V7g,100 gorillas vs. Florida Final Boss? 🦍🐊 #shorts,2026-03-23T03:39:28Z,18309,152,14
2026-03-23T10:33:43+00:00,gRNQkeddOeo,UCKjEtnnXEHsXE9IvCb92V7g,“I would light this thing on fire” 🔥🤣,2026-03-23T02:03:26Z,4177,131,5
2026-03-23T10:33:43+00:00,a8PrkqVWt_s,UCKjEtnnXEHsXE9IvCb92V7g,Tony Delk breaks down the difference in the 2025 and 2026 Florida guards. #MarchMadness,2026-03-23T01:13:03Z,1989,7,1
2026-03-23T10:34:14+00:00,q7oYm4P9UKc,UCKjEtnnXEHsXE9IvCb92V7g,100 gorillas vs. Florida Final Boss? 🦍🐊 #shorts,2026-03-23T03:39:28Z,18309,152,14
2026-03-23T10:34:14+00:00,gRNQkeddOeo,UCKjEtnnXEHsXE9IvCb92V7g,“I would light this thing on fire” 🔥🤣,2026-03-23T02:03:26Z,4188,131,5
2026-03-23T10:34:14+00:00,a8PrkqVWt_s,UCKjEtnnXEHsXE9IvCb92V7g,Tony Delk breaks down the difference in the 2025 and 2026 Florida guards. #MarchMadness,2026-03-23T01:13:03Z,1989,7,1
2026-03-23T10:34:45+00:00,q7oYm4P9UKc,UCKjEtnnXEHsXE9IvCb92V7g,100 gorillas vs. Florida Final Boss? 🦍🐊 #shorts,2026-03-23T03:39:28Z,18309,153,14
2026-03-23T10:34:45+00:00,gRNQkeddOeo,UCKjEtnnXEHsXE9IvCb92V7g,“I would light this thing on fire” 🔥🤣,2026-03-23T02:03:26Z,4188,131,5
2026-03-23T10:34:45+00:00,a8PrkqVWt_s,UCKjEtnnXEHsXE9IvCb92V7g,Tony Delk breaks down the difference in the 2025 and 2026 Florida guards. #MarchMadness,2026-03-23T01:13:03Z,1989,7,1
2026-03-23T10:35:16+00:00,q7oYm4P9UKc,UCKjEtnnXEHsXE9IvCb92V7g,100 gorillas vs. Florida Final Boss? 🦍🐊 #shorts,2026-03-23T03:39:28Z,18309,153,14
2026-03-23T10:35:16+00:00,gRNQkeddOeo,UCKjEtnnXEHsXE9IvCb92V7g,“I would light this thing on fire” 🔥🤣,2026-03-23T02:03:26Z,4188,131,5
2026-03-23T10:35:16+00:00,a8PrkqVWt_s,UCKjEtnnXEHsXE9IvCb92V7g,Tony Delk breaks down the difference in the 2025 and 2026 Florida guards. #MarchMadness,2026-03-23T01:13:03Z,1989,7,1
2026-03-23T10:35:47+00:00,q7oYm4P9UKc,UCKjEtnnXEHsXE9IvCb92V7g,100 gorillas vs. Florida Final Boss? 🦍🐊 #shorts,2026-03-23T03:39:28Z,18309,153,14
2026-03-23T10:35:47+00:00,gRNQkeddOeo,UCKjEtnnXEHsXE9IvCb92V7g,“I would light this thing on fire” 🔥🤣,2026-03-23T02:03:26Z,4188,131,5
2026-03-23T10:35:47+00:00,a8PrkqVWt_s,UCKjEtnnXEHsXE9IvCb92V7g,Tony Delk breaks down the difference in the 2025 and 2026 Florida guards. #MarchMadness,2026-03-23T01:13:03Z,1989,7,1
2026-03-23T10:36:18+00:00,q7oYm4P9UKc,UCKjEtnnXEHsXE9IvCb92V7g,100 gorillas vs. Florida Final Boss? 🦍🐊 #shorts,2026-03-23T03:39:28Z,18369,154,14
2026-03-23T10:36:18+00:00,gRNQkeddOeo,UCKjEtnnXEHsXE9IvCb92V7g,“I would light this thing on fire” 🔥🤣,2026-03-23T02:03:26Z,4188,131,5
2026-03-23T10:36:18+00:00,a8PrkqVWt_s,UCKjEtnnXEHsXE9IvCb92V7g,Tony Delk breaks down the difference in the 2025 and 2026 Florida guards. #MarchMadness,2026-03-23T01:13:03Z,1992,7,1
2026-03-23T10:36:48+00:00,q7oYm4P9UKc,UCKjEtnnXEHsXE9IvCb92V7g,100 gorillas vs. Florida Final Boss? 🦍🐊 #shorts,2026-03-23T03:39:28Z,18369,154,14
2026-03-23T10:36:48+00:00,gRNQkeddOeo,UCKjEtnnXEHsXE9IvCb92V7g,“I would light this thing on fire” 🔥🤣,2026-03-23T02:03:26Z,4188,131,5
2026-03-23T10:36:48+00:00,a8PrkqVWt_s,UCKjEtnnXEHsXE9IvCb92V7g,Tony Delk breaks down the difference in the 2025 and 2026 Florida guards. #MarchMadness,2026-03-23T01:13:03Z,1992,7,1
2026-03-23T10:37:19+00:00,q7oYm4P9UKc,UCKjEtnnXEHsXE9IvCb92V7g,100 gorillas vs. Florida Final Boss? 🦍🐊 #shorts,2026-03-23T03:39:28Z,18369,154,14
2026-03-23T10:37:19+00:00,gRNQkeddOeo,UCKjEtnnXEHsXE9IvCb92V7g,“I would light this thing on fire” 🔥🤣,2026-03-23T02:03:26Z,4188,131,5
2026-03-23T10:37:19+00:00,a8PrkqVWt_s,UCKjEtnnXEHsXE9IvCb92V7g,Tony Delk breaks down the difference in the 2025 and 2026 Florida guards. #MarchMadness,2026-03-23T01:13:03Z,1992,7,1
2026-03-23T10:37:50+00:00,q7oYm4P9UKc,UCKjEtnnXEHsXE9IvCb92V7g,100 gorillas vs. Florida Final Boss? 🦍🐊 #shorts,2026-03-23T03:39:28Z,18369,154,14
2026-03-23T10:37:50+00:00,gRNQkeddOeo,UCKjEtnnXEHsXE9IvCb92V7g,“I would light this thing on fire” 🔥🤣,2026-03-23T02:03:26Z,4188,131,5
2026-03-23T10:37:50+00:00,a8PrkqVWt_s,UCKjEtnnXEHsXE9IvCb92V7g,Tony Delk breaks down the difference in the 2025 and 2026 Florida guards. #MarchMadness,2026-03-23T01:13:03Z,1992,7,1
2026-03-23T10:38:21+00:00,q7oYm4P9UKc,UCKjEtnnXEHsXE9IvCb92V7g,100 gorillas vs. Florida Final Boss? 🦍🐊 #shorts,2026-03-23T03:39:28Z,18369,154,14
2026-03-23T10:38:21+00:00,gRNQkeddOeo,UCKjEtnnXEHsXE9IvCb92V7g,“I would light this thing on fire” 🔥🤣,2026-03-23T02:03:26Z,4188,131,5
2026-03-23T10:38:21+00:00,a8PrkqVWt_s,UCKjEtnnXEHsXE9IvCb92V7g,Tony Delk breaks down the difference in the 2025 and 2026 Florida guards. #MarchMadness,2026-03-23T01:13:03Z,1992,7,1
2026-03-23T10:38:52+00:00,q7oYm4P9UKc,UCKjEtnnXEHsXE9IvCb92V7g,100 gorillas vs. Florida Final Boss? 🦍🐊 #shorts,2026-03-23T03:39:28Z,18369,154,14
2026-03-23T10:38:52+00:00,gRNQkeddOeo,UCKjEtnnXEHsXE9IvCb92V7g,“I would light this thing on fire” 🔥🤣,2026-03-23T02:03:26Z,4188,131,5
2026-03-23T10:38:52+00:00,a8PrkqVWt_s,UCKjEtnnXEHsXE9IvCb92V7g,Tony Delk breaks down the difference in the 2025 and 2026 Florida guards. #MarchMadness,2026-03-23T01:13:03Z,1992,7,1
2026-03-23T10:39:23+00:00,q7oYm4P9UKc,UCKjEtnnXEHsXE9IvCb92V7g,100 gorillas vs. Florida Final Boss? 🦍🐊 #shorts,2026-03-23T03:39:28Z,18369,154,14
2026-03-23T10:39:23+00:00,gRNQkeddOeo,UCKjEtnnXEHsXE9IvCb92V7g,“I would light this thing on fire” 🔥🤣,2026-03-23T02:03:26Z,4197,131,5
2026-03-23T10:39:23+00:00,a8PrkqVWt_s,UCKjEtnnXEHsXE9IvCb92V7g,Tony Delk breaks down the difference in the 2025 and 2026 Florida guards. #MarchMadness,2026-03-23T01:13:03Z,1992,7,1
2026-03-23T10:39:53+00:00,q7oYm4P9UKc,UCKjEtnnXEHsXE9IvCb92V7g,100 gorillas vs. Florida Final Boss? 🦍🐊 #shorts,2026-03-23T03:39:28Z,18369,154,14
2026-03-23T10:39:53+00:00,gRNQkeddOeo,UCKjEtnnXEHsXE9IvCb92V7g,“I would light this thing on fire” 🔥🤣,2026-03-23T02:03:26Z,4197,131,5
2026-03-23T10:39:53+00:00,a8PrkqVWt_s,UCKjEtnnXEHsXE9IvCb92V7g,Tony Delk breaks down the difference in the 2025 and 2026 Florida guards. #MarchMadness,2026-03-23T01:13:03Z,1992,7,1
2026-03-23T10:40:24+00:00,q7oYm4P9UKc,UCKjEtnnXEHsXE9IvCb92V7g,100 gorillas vs. Florida Final Boss? 🦍🐊 #shorts,2026-03-23T03:39:28Z,18369,154,14
2026-03-23T10:40:24+00:00,gRNQkeddOeo,UCKjEtnnXEHsXE9IvCb92V7g,“I would light this thing on fire” 🔥🤣,2026-03-23T02:03:26Z,4197,131,5
2026-03-23T10:40:24+00:00,a8PrkqVWt_s,UCKjEtnnXEHsXE9IvCb92V7g,Tony Delk breaks down the difference in the 2025 and 2026 Florida guards. #MarchMadness,2026-03-23T01:13:03Z,1992,7,1
2026-03-23T10:40:55+00:00,q7oYm4P9UKc,UCKjEtnnXEHsXE9IvCb92V7g,100 gorillas vs. Florida Final Boss? 🦍🐊 #shorts,2026-03-23T03:39:28Z,18369,155,14
2026-03-23T10:40:55+00:00,gRNQkeddOeo,UCKjEtnnXEHsXE9IvCb92V7g,“I would light this thing on fire” 🔥🤣,2026-03-23T02:03:26Z,4197,131,5
2026-03-23T10:40:55+00:00,a8PrkqVWt_s,UCKjEtnnXEHsXE9IvCb92V7g,Tony Delk breaks down the difference in the 2025 and 2026 Florida guards. #MarchMadness,2026-03-23T01:13:03Z,1992,7,1
2026-03-23T10:41:26+00:00,q7oYm4P9UKc,UCKjEtnnXEHsXE9IvCb92V7g,100 gorillas vs. Florida Final Boss? 🦍🐊 #shorts,2026-03-23T03:39:28Z,18420,155,14
2026-03-23T10:41:26+00:00,gRNQkeddOeo,UCKjEtnnXEHsXE9IvCb92V7g,“I would light this thing on fire” 🔥🤣,2026-03-23T02:03:26Z,4197,131,5
2026-03-23T10:41:26+00:00,a8PrkqVWt_s,UCKjEtnnXEHsXE9IvCb92V7g,Tony Delk breaks down the difference in the 2025 and 2026 Florida guards. #MarchMadness,2026-03-23T01:13:03Z,1995,7,1
2026-03-23T10:41:57+00:00,q7oYm4P9UKc,UCKjEtnnXEHsXE9IvCb92V7g,100 gorillas vs. Florida Final Boss? 🦍🐊 #shorts,2026-03-23T03:39:28Z,18420,155,14
2026-03-23T10:41:57+00:00,gRNQkeddOeo,UCKjEtnnXEHsXE9IvCb92V7g,“I would light this thing on fire” 🔥🤣,2026-03-23T02:03:26Z,4197,131,5
2026-03-23T10:41:57+00:00,a8PrkqVWt_s,UCKjEtnnXEHsXE9IvCb92V7g,Tony Delk breaks down the difference in the 2025 and 2026 Florida guards. #MarchMadness,2026-03-23T01:13:03Z,1995,7,1
2026-03-23T10:42:28+00:00,q7oYm4P9UKc,UCKjEtnnXEHsXE9IvCb92V7g,100 gorillas vs. Florida Final Boss? 🦍🐊 #shorts,2026-03-23T03:39:28Z,18420,156,14
2026-03-23T10:42:28+00:00,gRNQkeddOeo,UCKjEtnnXEHsXE9IvCb92V7g,“I would light this thing on fire” 🔥🤣,2026-03-23T02:03:26Z,4197,131,5
2026-03-23T10:42:28+00:00,a8PrkqVWt_s,UCKjEtnnXEHsXE9IvCb92V7g,Tony Delk breaks down the difference in the 2025 and 2026 Florida guards. #MarchMadness,2026-03-23T01:13:03Z,1995,7,1
2026-03-23T10:42:59+00:00,q7oYm4P9UKc,UCKjEtnnXEHsXE9IvCb92V7g,100 gorillas vs. Florida Final Boss? 🦍🐊 #shorts,2026-03-23T03:39:28Z,18420,156,14
2026-03-23T10:42:59+00:00,gRNQkeddOeo,UCKjEtnnXEHsXE9IvCb92V7g,“I would light this thing on fire” 🔥🤣,2026-03-23T02:03:26Z,4197,131,5
2026-03-23T10:42:59+00:00,a8PrkqVWt_s,UCKjEtnnXEHsXE9IvCb92V7g,Tony Delk breaks down the difference in the 2025 and 2026 Florida guards. #MarchMadness,2026-03-23T01:13:03Z,1995,7,1
2026-03-23T10:43:30+00:00,q7oYm4P9UKc,UCKjEtnnXEHsXE9IvCb92V7g,100 gorillas vs. Florida Final Boss? 🦍🐊 #shorts,2026-03-23T03:39:28Z,18420,156,14
2026-03-23T10:43:30+00:00,gRNQkeddOeo,UCKjEtnnXEHsXE9IvCb92V7g,“I would light this thing on fire” 🔥🤣,2026-03-23T02:03:26Z,4197,131,5
2026-03-23T10:43:30+00:00,a8PrkqVWt_s,UCKjEtnnXEHsXE9IvCb92V7g,Tony Delk breaks down the difference in the 2025 and 2026 Florida guards. #MarchMadness,2026-03-23T01:13:03Z,1995,7,1
2026-03-23T10:44:00+00:00,q7oYm4P9UKc,UCKjEtnnXEHsXE9IvCb92V7g,100 gorillas vs. Florida Final Boss? 🦍🐊 #shorts,2026-03-23T03:39:28Z,18420,156,14
2026-03-23T10:44:00+00:00,gRNQkeddOeo,UCKjEtnnXEHsXE9IvCb92V7g,“I would light this thing on fire” 🔥🤣,2026-03-23T02:03:26Z,4197,131,5
2026-03-23T10:44:00+00:00,a8PrkqVWt_s,UCKjEtnnXEHsXE9IvCb92V7g,Tony Delk breaks down the difference in the 2025 and 2026 Florida guards. #MarchMadness,2026-03-23T01:13:03Z,1995,7,1
2026-03-23T10:44:31+00:00,q7oYm4P9UKc,UCKjEtnnXEHsXE9IvCb92V7g,100 gorillas vs. Florida Final Boss? 🦍🐊 #shorts,2026-03-23T03:39:28Z,18420,156,14
2026-03-23T10:44:31+00:00,gRNQkeddOeo,UCKjEtnnXEHsXE9IvCb92V7g,“I would light this thing on fire” 🔥🤣,2026-03-23T02:03:26Z,4211,131,5
2026-03-23T10:44:31+00:00,a8PrkqVWt_s,UCKjEtnnXEHsXE9IvCb92V7g,Tony Delk breaks down the difference in the 2025 and 2026 Florida guards. #MarchMadness,2026-03-23T01:13:03Z,1995,7,1
2026-03-23T10:45:02+00:00,q7oYm4P9UKc,UCKjEtnnXEHsXE9IvCb92V7g,100 gorillas vs. Florida Final Boss? 🦍🐊 #shorts,2026-03-23T03:39:28Z,18420,156,14
2026-03-23T10:45:02+00:00,gRNQkeddOeo,UCKjEtnnXEHsXE9IvCb92V7g,“I would light this thing on fire” 🔥🤣,2026-03-23T02:03:26Z,4211,131,5
2026-03-23T10:45:02+00:00,a8PrkqVWt_s,UCKjEtnnXEHsXE9IvCb92V7g,Tony Delk breaks down the difference in the 2025 and 2026 Florida guards. #MarchMadness,2026-03-23T01:13:03Z,1995,7,1
2026-03-23T10:45:33+00:00,q7oYm4P9UKc,UCKjEtnnXEHsXE9IvCb92V7g,100 gorillas vs. Florida Final Boss? 🦍🐊 #shorts,2026-03-23T03:39:28Z,18420,156,14
2026-03-23T10:45:33+00:00,gRNQkeddOeo,UCKjEtnnXEHsXE9IvCb92V7g,“I would light this thing on fire” 🔥🤣,2026-03-23T02:03:26Z,4211,131,5
2026-03-23T10:45:33+00:00,a8PrkqVWt_s,UCKjEtnnXEHsXE9IvCb92V7g,Tony Delk breaks down the difference in the 2025 and 2026 Florida guards. #MarchMadness,2026-03-23T01:13:03Z,1995,7,1
2026-03-23T10:46:04+00:00,q7oYm4P9UKc,UCKjEtnnXEHsXE9IvCb92V7g,100 gorillas vs. Florida Final Boss? 🦍🐊 #shorts,2026-03-23T03:39:28Z,18420,156,14
2026-03-23T10:46:04+00:00,gRNQkeddOeo,UCKjEtnnXEHsXE9IvCb92V7g,“I would light this thing on fire” 🔥🤣,2026-03-23T02:03:26Z,4211,131,5
2026-03-23T10:46:04+00:00,a8PrkqVWt_s,UCKjEtnnXEHsXE9IvCb92V7g,Tony Delk breaks down the difference in the 2025 and 2026 Florida guards. #MarchMadness,2026-03-23T01:13:03Z,1995,7,1
2026-03-23T10:46:35+00:00,q7oYm4P9UKc,UCKjEtnnXEHsXE9IvCb92V7g,100 gorillas vs. Florida Final Boss? 🦍🐊 #shorts,2026-03-23T03:39:28Z,18471,157,14
2026-03-23T10:46:35+00:00,gRNQkeddOeo,UCKjEtnnXEHsXE9IvCb92V7g,“I would light this thing on fire” 🔥🤣,2026-03-23T02:03:26Z,4211,131,5
2026-03-23T10:46:35+00:00,a8PrkqVWt_s,UCKjEtnnXEHsXE9IvCb92V7g,Tony Delk breaks down the difference in the 2025 and 2026 Florida guards. #MarchMadness,2026-03-23T01:13:03Z,2001,7,1
2026-03-23T10:47:05+00:00,q7oYm4P9UKc,UCKjEtnnXEHsXE9IvCb92V7g,100 gorillas vs. Florida Final Boss? 🦍🐊 #shorts,2026-03-23T03:39:28Z,18471,157,14
2026-03-23T10:47:05+00:00,gRNQkeddOeo,UCKjEtnnXEHsXE9IvCb92V7g,“I would light this thing on fire” 🔥🤣,2026-03-23T02:03:26Z,4211,131,5
2026-03-23T10:47:05+00:00,a8PrkqVWt_s,UCKjEtnnXEHsXE9IvCb92V7g,Tony Delk breaks down the difference in the 2025 and 2026 Florida guards. #MarchMadness,2026-03-23T01:13:03Z,2001,7,1
2026-03-23T10:47:36+00:00,q7oYm4P9UKc,UCKjEtnnXEHsXE9IvCb92V7g,100 gorillas vs. Florida Final Boss? 🦍🐊 #shorts,2026-03-23T03:39:28Z,18471,157,14
2026-03-23T10:47:36+00:00,gRNQkeddOeo,UCKjEtnnXEHsXE9IvCb92V7g,“I would light this thing on fire” 🔥🤣,2026-03-23T02:03:26Z,4211,131,5
2026-03-23T10:47:36+00:00,a8PrkqVWt_s,UCKjEtnnXEHsXE9IvCb92V7g,Tony Delk breaks down the difference in the 2025 and 2026 Florida guards. #MarchMadness,2026-03-23T01:13:03Z,2001,7,1
2026-03-23T10:48:07+00:00,q7oYm4P9UKc,UCKjEtnnXEHsXE9IvCb92V7g,100 gorillas vs. Florida Final Boss? 🦍🐊 #shorts,2026-03-23T03:39:28Z,18471,157,14
2026-03-23T10:48:07+00:00,gRNQkeddOeo,UCKjEtnnXEHsXE9IvCb92V7g,“I would light this thing on fire” 🔥🤣,2026-03-23T02:03:26Z,4211,131,5
2026-03-23T10:48:07+00:00,a8PrkqVWt_s,UCKjEtnnXEHsXE9IvCb92V7g,Tony Delk breaks down the difference in the 2025 and 2026 Florida guards. #MarchMadness,2026-03-23T01:13:03Z,2001,7,1
2026-03-23T10:48:37+00:00,q7oYm4P9UKc,UCKjEtnnXEHsXE9IvCb92V7g,100 gorillas vs. Florida Final Boss? 🦍🐊 #shorts,2026-03-23T03:39:28Z,18471,157,14
2026-03-23T10:48:37+00:00,gRNQkeddOeo,UCKjEtnnXEHsXE9IvCb92V7g,“I would light this thing on fire” 🔥🤣,2026-03-23T02:03:26Z,4211,132,5
2026-03-23T10:48:37+00:00,a8PrkqVWt_s,UCKjEtnnXEHsXE9IvCb92V7g,Tony Delk breaks down the difference in the 2025 and 2026 Florida guards. #MarchMadness,2026-03-23T01:13:03Z,2001,7,1
2026-03-23T10:49:08+00:00,q7oYm4P9UKc,UCKjEtnnXEHsXE9IvCb92V7g,100 gorillas vs. Florida Final Boss? 🦍🐊 #shorts,2026-03-23T03:39:28Z,18471,158,14
2026-03-23T10:49:08+00:00,gRNQkeddOeo,UCKjEtnnXEHsXE9IvCb92V7g,“I would light this thing on fire” 🔥🤣,2026-03-23T02:03:26Z,4222,132,5
2026-03-23T10:49:08+00:00,a8PrkqVWt_s,UCKjEtnnXEHsXE9IvCb92V7g,Tony Delk breaks down the difference in the 2025 and 2026 Florida guards. #MarchMadness,2026-03-23T01:13:03Z,2001,7,1
2026-03-23T10:49:39+00:00,q7oYm4P9UKc,UCKjEtnnXEHsXE9IvCb92V7g,100 gorillas vs. Florida Final Boss? 🦍🐊 #shorts,2026-03-23T03:39:28Z,18471,158,14
2026-03-23T10:49:39+00:00,gRNQkeddOeo,UCKjEtnnXEHsXE9IvCb92V7g,“I would light this thing on fire” 🔥🤣,2026-03-23T02:03:26Z,4222,132,5
2026-03-23T10:49:39+00:00,a8PrkqVWt_s,UCKjEtnnXEHsXE9IvCb92V7g,Tony Delk breaks down the difference in the 2025 and 2026 Florida guards. #MarchMadness,2026-03-23T01:13:03Z,2001,7,1
2026-03-23T10:50:10+00:00,q7oYm4P9UKc,UCKjEtnnXEHsXE9IvCb92V7g,100 gorillas vs. Florida Final Boss? 🦍🐊 #shorts,2026-03-23T03:39:28Z,18471,159,14
2026-03-23T10:50:10+00:00,gRNQkeddOeo,UCKjEtnnXEHsXE9IvCb92V7g,“I would light this thing on fire” 🔥🤣,2026-03-23T02:03:26Z,4222,132,5
2026-03-23T10:50:10+00:00,a8PrkqVWt_s,UCKjEtnnXEHsXE9IvCb92V7g,Tony Delk breaks down the difference in the 2025 and 2026 Florida guards. #MarchMadness,2026-03-23T01:13:03Z,2001,7,1
2026-03-23T10:50:41+00:00,q7oYm4P9UKc,UCKjEtnnXEHsXE9IvCb92V7g,100 gorillas vs. Florida Final Boss? 🦍🐊 #shorts,2026-03-23T03:39:28Z,18471,159,14
2026-03-23T10:50:41+00:00,gRNQkeddOeo,UCKjEtnnXEHsXE9IvCb92V7g,“I would light this thing on fire” 🔥🤣,2026-03-23T02:03:26Z,4222,132,5
2026-03-23T10:50:41+00:00,a8PrkqVWt_s,UCKjEtnnXEHsXE9IvCb92V7g,Tony Delk breaks down the difference in the 2025 and 2026 Florida guards. #MarchMadness,2026-03-23T01:13:03Z,2001,7,1
2026-03-23T10:51:12+00:00,q7oYm4P9UKc,UCKjEtnnXEHsXE9IvCb92V7g,100 gorillas vs. Florida Final Boss? 🦍🐊 #shorts,2026-03-23T03:39:28Z,18471,159,14
2026-03-23T10:51:12+00:00,gRNQkeddOeo,UCKjEtnnXEHsXE9IvCb92V7g,“I would light this thing on fire” 🔥🤣,2026-03-23T02:03:26Z,4222,132,5
2026-03-23T10:51:12+00:00,a8PrkqVWt_s,UCKjEtnnXEHsXE9IvCb92V7g,Tony Delk breaks down the difference in the 2025 and 2026 Florida guards. #MarchMadness,2026-03-23T01:13:03Z,2002,7,1
2026-03-23T10:51:43+00:00,q7oYm4P9UKc,UCKjEtnnXEHsXE9IvCb92V7g,100 gorillas vs. Florida Final Boss? 🦍🐊 #shorts,2026-03-23T03:39:28Z,18525,159,14
2026-03-23T10:51:43+00:00,gRNQkeddOeo,UCKjEtnnXEHsXE9IvCb92V7g,“I would light this thing on fire” 🔥🤣,2026-03-23T02:03:26Z,4222,132,5
2026-03-23T10:51:43+00:00,a8PrkqVWt_s,UCKjEtnnXEHsXE9IvCb92V7g,Tony Delk breaks down the difference in the 2025 and 2026 Florida guards. #MarchMadness,2026-03-23T01:13:03Z,2002,7,1
2026-03-23T10:52:13+00:00,q7oYm4P9UKc,UCKjEtnnXEHsXE9IvCb92V7g,100 gorillas vs. Florida Final Boss? 🦍🐊 #shorts,2026-03-23T03:39:28Z,18525,159,14
2026-03-23T10:52:13+00:00,gRNQkeddOeo,UCKjEtnnXEHsXE9IvCb92V7g,“I would light this thing on fire” 🔥🤣,2026-03-23T02:03:26Z,4222,132,5
2026-03-23T10:52:13+00:00,a8PrkqVWt_s,UCKjEtnnXEHsXE9IvCb92V7g,Tony Delk breaks down the difference in the 2025 and 2026 Florida guards. #MarchMadness,2026-03-23T01:13:03Z,2002,7,1
2026-03-23T10:52:44+00:00,q7oYm4P9UKc,UCKjEtnnXEHsXE9IvCb92V7g,100 gorillas vs. Florida Final Boss? 🦍🐊 #shorts,2026-03-23T03:39:28Z,18525,159,14
2026-03-23T10:52:44+00:00,gRNQkeddOeo,UCKjEtnnXEHsXE9IvCb92V7g,“I would light this thing on fire” 🔥🤣,2026-03-23T02:03:26Z,4222,132,5
2026-03-23T10:52:44+00:00,a8PrkqVWt_s,UCKjEtnnXEHsXE9IvCb92V7g,Tony Delk breaks down the difference in the 2025 and 2026 Florida guards. #MarchMadness,2026-03-23T01:13:03Z,2002,7,1
2026-03-23T10:53:15+00:00,q7oYm4P9UKc,UCKjEtnnXEHsXE9IvCb92V7g,100 gorillas vs. Florida Final Boss? 🦍🐊 #shorts,2026-03-23T03:39:28Z,18525,159,14
2026-03-23T10:53:15+00:00,gRNQkeddOeo,UCKjEtnnXEHsXE9IvCb92V7g,“I would light this thing on fire” 🔥🤣,2026-03-23T02:03:26Z,4222,132,5
2026-03-23T10:53:15+00:00,a8PrkqVWt_s,UCKjEtnnXEHsXE9IvCb92V7g,Tony Delk breaks down the difference in the 2025 and 2026 Florida guards. #MarchMadness,2026-03-23T01:13:03Z,2002,7,1
2026-03-23T10:53:46+00:00,q7oYm4P9UKc,UCKjEtnnXEHsXE9IvCb92V7g,100 gorillas vs. Florida Final Boss? 🦍🐊 #shorts,2026-03-23T03:39:28Z,18525,159,14
2026-03-23T10:53:46+00:00,gRNQkeddOeo,UCKjEtnnXEHsXE9IvCb92V7g,“I would light this thing on fire” 🔥🤣,2026-03-23T02:03:26Z,4222,132,5
2026-03-23T10:53:46+00:00,a8PrkqVWt_s,UCKjEtnnXEHsXE9IvCb92V7g,Tony Delk breaks down the difference in the 2025 and 2026 Florida guards. #MarchMadness,2026-03-23T01:13:03Z,2002,7,1
2026-03-23T10:54:17+00:00,q7oYm4P9UKc,UCKjEtnnXEHsXE9IvCb92V7g,100 gorillas vs. Florida Final Boss? 🦍🐊 #shorts,2026-03-23T03:39:28Z,18525,160,14
2026-03-23T10:54:17+00:00,gRNQkeddOeo,UCKjEtnnXEHsXE9IvCb92V7g,“I would light this thing on fire” 🔥🤣,2026-03-23T02:03:26Z,4229,132,5
2026-03-23T10:54:17+00:00,a8PrkqVWt_s,UCKjEtnnXEHsXE9IvCb92V7g,Tony Delk breaks down the difference in the 2025 and 2026 Florida guards. #MarchMadness,2026-03-23T01:13:03Z,2002,7,1
2026-03-23T10:54:48+00:00,q7oYm4P9UKc,UCKjEtnnXEHsXE9IvCb92V7g,100 gorillas vs. Florida Final Boss? 🦍🐊 #shorts,2026-03-23T03:39:28Z,18525,161,14
2026-03-23T10:54:48+00:00,gRNQkeddOeo,UCKjEtnnXEHsXE9IvCb92V7g,“I would light this thing on fire” 🔥🤣,2026-03-23T02:03:26Z,4229,132,5
2026-03-23T10:54:48+00:00,a8PrkqVWt_s,UCKjEtnnXEHsXE9IvCb92V7g,Tony Delk breaks down the difference in the 2025 and 2026 Florida guards. #MarchMadness,2026-03-23T01:13:03Z,2002,7,1
2026-03-23T10:55:18+00:00,q7oYm4P9UKc,UCKjEtnnXEHsXE9IvCb92V7g,100 gorillas vs. Florida Final Boss? 🦍🐊 #shorts,2026-03-23T03:39:28Z,18525,161,14
2026-03-23T10:55:18+00:00,gRNQkeddOeo,UCKjEtnnXEHsXE9IvCb92V7g,“I would light this thing on fire” 🔥🤣,2026-03-23T02:03:26Z,4229,133,5
2026-03-23T10:55:18+00:00,a8PrkqVWt_s,UCKjEtnnXEHsXE9IvCb92V7g,Tony Delk breaks down the difference in the 2025 and 2026 Florida guards. #MarchMadness,2026-03-23T01:13:03Z,2002,7,1
2026-03-23T10:55:49+00:00,q7oYm4P9UKc,UCKjEtnnXEHsXE9IvCb92V7g,100 gorillas vs. Florida Final Boss? 🦍🐊 #shorts,2026-03-23T03:39:28Z,18525,161,14
2026-03-23T10:55:49+00:00,gRNQkeddOeo,UCKjEtnnXEHsXE9IvCb92V7g,“I would light this thing on fire” 🔥🤣,2026-03-23T02:03:26Z,4229,134,5
2026-03-23T10:55:49+00:00,a8PrkqVWt_s,UCKjEtnnXEHsXE9IvCb92V7g,Tony Delk breaks down the difference in the 2025 and 2026 Florida guards. #MarchMadness,2026-03-23T01:13:03Z,2002,7,1
2026-03-23T10:56:20+00:00,q7oYm4P9UKc,UCKjEtnnXEHsXE9IvCb92V7g,100 gorillas vs. Florida Final Boss? 🦍🐊 #shorts,2026-03-23T03:39:28Z,18525,163,14
2026-03-23T10:56:20+00:00,gRNQkeddOeo,UCKjEtnnXEHsXE9IvCb92V7g,“I would light this thing on fire” 🔥🤣,2026-03-23T02:03:26Z,4229,134,5
2026-03-23T10:56:20+00:00,a8PrkqVWt_s,UCKjEtnnXEHsXE9IvCb92V7g,Tony Delk breaks down the difference in the 2025 and 2026 Florida guards. #MarchMadness,2026-03-23T01:13:03Z,2002,7,1
2026-03-23T10:56:51+00:00,q7oYm4P9UKc,UCKjEtnnXEHsXE9IvCb92V7g,100 gorillas vs. Florida Final Boss? 🦍🐊 #shorts,2026-03-23T03:39:28Z,18532,163,14
2026-03-23T10:56:51+00:00,gRNQkeddOeo,UCKjEtnnXEHsXE9IvCb92V7g,“I would light this thing on fire” 🔥🤣,2026-03-23T02:03:26Z,4229,134,5
2026-03-23T10:56:51+00:00,a8PrkqVWt_s,UCKjEtnnXEHsXE9IvCb92V7g,Tony Delk breaks down the difference in the 2025 and 2026 Florida guards. #MarchMadness,2026-03-23T01:13:03Z,2002,7,1
2026-03-23T10:57:22+00:00,q7oYm4P9UKc,UCKjEtnnXEHsXE9IvCb92V7g,100 gorillas vs. Florida Final Boss? 🦍🐊 #shorts,2026-03-23T03:39:28Z,18532,164,14
2026-03-23T10:57:22+00:00,gRNQkeddOeo,UCKjEtnnXEHsXE9IvCb92V7g,“I would light this thing on fire” 🔥🤣,2026-03-23T02:03:26Z,4229,134,5
2026-03-23T10:57:22+00:00,a8PrkqVWt_s,UCKjEtnnXEHsXE9IvCb92V7g,Tony Delk breaks down the difference in the 2025 and 2026 Florida guards. #MarchMadness,2026-03-23T01:13:03Z,2002,7,1
2026-03-23T10:57:53+00:00,q7oYm4P9UKc,UCKjEtnnXEHsXE9IvCb92V7g,100 gorillas vs. Florida Final Boss? 🦍🐊 #shorts,2026-03-23T03:39:28Z,18532,165,14
2026-03-23T10:57:53+00:00,gRNQkeddOeo,UCKjEtnnXEHsXE9IvCb92V7g,“I would light this thing on fire” 🔥🤣,2026-03-23T02:03:26Z,4229,134,5
2026-03-23T10:57:53+00:00,a8PrkqVWt_s,UCKjEtnnXEHsXE9IvCb92V7g,Tony Delk breaks down the difference in the 2025 and 2026 Florida guards. #MarchMadness,2026-03-23T01:13:03Z,2002,7,1
2026-03-23T10:58:23+00:00,q7oYm4P9UKc,UCKjEtnnXEHsXE9IvCb92V7g,100 gorillas vs. Florida Final Boss? 🦍🐊 #shorts,2026-03-23T03:39:28Z,18532,165,14
2026-03-23T10:58:23+00:00,gRNQkeddOeo,UCKjEtnnXEHsXE9IvCb92V7g,“I would light this thing on fire” 🔥🤣,2026-03-23T02:03:26Z,4229,135,5
2026-03-23T10:58:23+00:00,a8PrkqVWt_s,UCKjEtnnXEHsXE9IvCb92V7g,Tony Delk breaks down the difference in the 2025 and 2026 Florida guards. #MarchMadness,2026-03-23T01:13:03Z,2002,7,1
2026-03-23T10:58:54+00:00,q7oYm4P9UKc,UCKjEtnnXEHsXE9IvCb92V7g,100 gorillas vs. Florida Final Boss? 🦍🐊 #shorts,2026-03-23T03:39:28Z,18532,165,14
2026-03-23T10:58:54+00:00,gRNQkeddOeo,UCKjEtnnXEHsXE9IvCb92V7g,“I would light this thing on fire” 🔥🤣,2026-03-23T02:03:26Z,4229,135,5
2026-03-23T10:58:54+00:00,a8PrkqVWt_s,UCKjEtnnXEHsXE9IvCb92V7g,Tony Delk breaks down the difference in the 2025 and 2026 Florida guards. #MarchMadness,2026-03-23T01:13:03Z,2002,7,1
2026-03-23T10:59:25+00:00,q7oYm4P9UKc,UCKjEtnnXEHsXE9IvCb92V7g,100 gorillas vs. Florida Final Boss? 🦍🐊 #shorts,2026-03-23T03:39:28Z,18532,165,14
2026-03-23T10:59:25+00:00,gRNQkeddOeo,UCKjEtnnXEHsXE9IvCb92V7g,“I would light this thing on fire” 🔥🤣,2026-03-23T02:03:26Z,4231,135,5
2026-03-23T10:59:25+00:00,a8PrkqVWt_s,UCKjEtnnXEHsXE9IvCb92V7g,Tony Delk breaks down the difference in the 2025 and 2026 Florida guards. #MarchMadness,2026-03-23T01:13:03Z,2002,7,1
2026-03-23T10:59:56+00:00,q7oYm4P9UKc,UCKjEtnnXEHsXE9IvCb92V7g,100 gorillas vs. Florida Final Boss? 🦍🐊 #shorts,2026-03-23T03:39:28Z,18532,166,14
2026-03-23T10:59:56+00:00,gRNQkeddOeo,UCKjEtnnXEHsXE9IvCb92V7g,“I would light this thing on fire” 🔥🤣,2026-03-23T02:03:26Z,4231,135,5
2026-03-23T10:59:56+00:00,a8PrkqVWt_s,UCKjEtnnXEHsXE9IvCb92V7g,Tony Delk breaks down the difference in the 2025 and 2026 Florida guards. #MarchMadness,2026-03-23T01:13:03Z,2002,7,1
2026-03-23T11:00:27+00:00,q7oYm4P9UKc,UCKjEtnnXEHsXE9IvCb92V7g,100 gorillas vs. Florida Final Boss? 🦍🐊 #shorts,2026-03-23T03:39:28Z,18532,166,14
2026-03-23T11:00:27+00:00,gRNQkeddOeo,UCKjEtnnXEHsXE9IvCb92V7g,“I would light this thing on fire” 🔥🤣,2026-03-23T02:03:26Z,4231,135,5
2026-03-23T11:00:27+00:00,a8PrkqVWt_s,UCKjEtnnXEHsXE9IvCb92V7g,Tony Delk breaks down the difference in the 2025 and 2026 Florida guards. #MarchMadness,2026-03-23T01:13:03Z,2002,7,1
2026-03-23T11:00:58+00:00,q7oYm4P9UKc,UCKjEtnnXEHsXE9IvCb92V7g,100 gorillas vs. Florida Final Boss? 🦍🐊 #shorts,2026-03-23T03:39:28Z,18532,166,14
2026-03-23T11:00:58+00:00,gRNQkeddOeo,UCKjEtnnXEHsXE9IvCb92V7g,“I would light this thing on fire” 🔥🤣,2026-03-23T02:03:26Z,4231,134,5
2026-03-23T11:00:58+00:00,a8PrkqVWt_s,UCKjEtnnXEHsXE9IvCb92V7g,Tony Delk breaks down the difference in the 2025 and 2026 Florida guards. #MarchMadness,2026-03-23T01:13:03Z,2002,7,1
2026-03-23T11:01:28+00:00,q7oYm4P9UKc,UCKjEtnnXEHsXE9IvCb92V7g,100 gorillas vs. Florida Final Boss? 🦍🐊 #shorts,2026-03-23T03:39:28Z,18549,166,14
2026-03-23T11:01:28+00:00,gRNQkeddOeo,UCKjEtnnXEHsXE9IvCb92V7g,“I would light this thing on fire” 🔥🤣,2026-03-23T02:03:26Z,4231,134,5
2026-03-23T11:01:28+00:00,a8PrkqVWt_s,UCKjEtnnXEHsXE9IvCb92V7g,Tony Delk breaks down the difference in the 2025 and 2026 Florida guards. #MarchMadness,2026-03-23T01:13:03Z,2002,7,1
2026-03-23T11:01:59+00:00,q7oYm4P9UKc,UCKjEtnnXEHsXE9IvCb92V7g,100 gorillas vs. Florida Final Boss? 🦍🐊 #shorts,2026-03-23T03:39:28Z,18549,166,14
2026-03-23T11:01:59+00:00,gRNQkeddOeo,UCKjEtnnXEHsXE9IvCb92V7g,“I would light this thing on fire” 🔥🤣,2026-03-23T02:03:26Z,4231,134,5
2026-03-23T11:01:59+00:00,a8PrkqVWt_s,UCKjEtnnXEHsXE9IvCb92V7g,Tony Delk breaks down the difference in the 2025 and 2026 Florida guards. #MarchMadness,2026-03-23T01:13:03Z,2002,7,1
2026-03-23T11:02:30+00:00,q7oYm4P9UKc,UCKjEtnnXEHsXE9IvCb92V7g,100 gorillas vs. Florida Final Boss? 🦍🐊 #shorts,2026-03-23T03:39:28Z,18549,167,14
2026-03-23T11:02:30+00:00,gRNQkeddOeo,UCKjEtnnXEHsXE9IvCb92V7g,“I would light this thing on fire” 🔥🤣,2026-03-23T02:03:26Z,4231,134,5
2026-03-23T11:02:30+00:00,a8PrkqVWt_s,UCKjEtnnXEHsXE9IvCb92V7g,Tony Delk breaks down the difference in the 2025 and 2026 Florida guards. #MarchMadness,2026-03-23T01:13:03Z,2002,7,1
2026-03-23T11:03:01+00:00,q7oYm4P9UKc,UCKjEtnnXEHsXE9IvCb92V7g,100 gorillas vs. Florida Final Boss? 🦍🐊 #shorts,2026-03-23T03:39:28Z,18549,167,14
2026-03-23T11:03:01+00:00,gRNQkeddOeo,UCKjEtnnXEHsXE9IvCb92V7g,“I would light this thing on fire” 🔥🤣,2026-03-23T02:03:26Z,4231,134,5
2026-03-23T11:03:01+00:00,a8PrkqVWt_s,UCKjEtnnXEHsXE9IvCb92V7g,Tony Delk breaks down the difference in the 2025 and 2026 Florida guards. #MarchMadness,2026-03-23T01:13:03Z,2002,7,1
2026-03-23T11:03:32+00:00,q7oYm4P9UKc,UCKjEtnnXEHsXE9IvCb92V7g,100 gorillas vs. Florida Final Boss? 🦍🐊 #shorts,2026-03-23T03:39:28Z,18549,167,14
2026-03-23T11:03:32+00:00,gRNQkeddOeo,UCKjEtnnXEHsXE9IvCb92V7g,“I would light this thing on fire” 🔥🤣,2026-03-23T02:03:26Z,4231,134,5
2026-03-23T11:03:32+00:00,a8PrkqVWt_s,UCKjEtnnXEHsXE9IvCb92V7g,Tony Delk breaks down the difference in the 2025 and 2026 Florida guards. #MarchMadness,2026-03-23T01:13:03Z,2002,7,1
2026-03-23T11:04:03+00:00,q7oYm4P9UKc,UCKjEtnnXEHsXE9IvCb92V7g,100 gorillas vs. Florida Final Boss? 🦍🐊 #shorts,2026-03-23T03:39:28Z,18549,167,14
2026-03-23T11:04:03+00:00,gRNQkeddOeo,UCKjEtnnXEHsXE9IvCb92V7g,“I would light this thing on fire” 🔥🤣,2026-03-23T02:03:26Z,4239,134,5
2026-03-23T11:04:03+00:00,a8PrkqVWt_s,UCKjEtnnXEHsXE9IvCb92V7g,Tony Delk breaks down the difference in the 2025 and 2026 Florida guards. #MarchMadness,2026-03-23T01:13:03Z,2002,7,1
2026-03-23T11:04:34+00:00,q7oYm4P9UKc,UCKjEtnnXEHsXE9IvCb92V7g,100 gorillas vs. Florida Final Boss? 🦍🐊 #shorts,2026-03-23T03:39:28Z,18549,167,14
2026-03-23T11:04:34+00:00,gRNQkeddOeo,UCKjEtnnXEHsXE9IvCb92V7g,“I would light this thing on fire” 🔥🤣,2026-03-23T02:03:26Z,4239,134,5
2026-03-23T11:04:34+00:00,a8PrkqVWt_s,UCKjEtnnXEHsXE9IvCb92V7g,Tony Delk breaks down the difference in the 2025 and 2026 Florida guards. #MarchMadness,2026-03-23T01:13:03Z,2002,7,1
2026-03-23T11:05:05+00:00,q7oYm4P9UKc,UCKjEtnnXEHsXE9IvCb92V7g,100 gorillas vs. Florida Final Boss? 🦍🐊 #shorts,2026-03-23T03:39:28Z,18549,169,14
2026-03-23T11:05:05+00:00,gRNQkeddOeo,UCKjEtnnXEHsXE9IvCb92V7g,“I would light this thing on fire” 🔥🤣,2026-03-23T02:03:26Z,4239,134,5
2026-03-23T11:05:05+00:00,a8PrkqVWt_s,UCKjEtnnXEHsXE9IvCb92V7g,Tony Delk breaks down the difference in the 2025 and 2026 Florida guards. #MarchMadness,2026-03-23T01:13:03Z,2002,7,1
2026-03-23T11:05:35+00:00,q7oYm4P9UKc,UCKjEtnnXEHsXE9IvCb92V7g,100 gorillas vs. Florida Final Boss? 🦍🐊 #shorts,2026-03-23T03:39:28Z,18549,169,14
2026-03-23T11:05:35+00:00,gRNQkeddOeo,UCKjEtnnXEHsXE9IvCb92V7g,“I would light this thing on fire” 🔥🤣,2026-03-23T02:03:26Z,4239,134,5
2026-03-23T11:05:35+00:00,a8PrkqVWt_s,UCKjEtnnXEHsXE9IvCb92V7g,Tony Delk breaks down the difference in the 2025 and 2026 Florida guards. #MarchMadness,2026-03-23T01:13:03Z,2002,7,1
2026-03-23T11:06:06+00:00,q7oYm4P9UKc,UCKjEtnnXEHsXE9IvCb92V7g,100 gorillas vs. Florida Final Boss? 🦍🐊 #shorts,2026-03-23T03:39:28Z,18549,169,14
2026-03-23T11:06:06+00:00,gRNQkeddOeo,UCKjEtnnXEHsXE9IvCb92V7g,“I would light this thing on fire” 🔥🤣,2026-03-23T02:03:26Z,4239,134,5
2026-03-23T11:06:06+00:00,a8PrkqVWt_s,UCKjEtnnXEHsXE9IvCb92V7g,Tony Delk breaks down the difference in the 2025 and 2026 Florida guards. #MarchMadness,2026-03-23T01:13:03Z,2002,7,1
2026-03-23T11:06:37+00:00,q7oYm4P9UKc,UCKjEtnnXEHsXE9IvCb92V7g,100 gorillas vs. Florida Final Boss? 🦍🐊 #shorts,2026-03-23T03:39:28Z,18601,170,14
2026-03-23T11:06:37+00:00,gRNQkeddOeo,UCKjEtnnXEHsXE9IvCb92V7g,“I would light this thing on fire” 🔥🤣,2026-03-23T02:03:26Z,4239,134,5
2026-03-23T11:06:37+00:00,a8PrkqVWt_s,UCKjEtnnXEHsXE9IvCb92V7g,Tony Delk breaks down the difference in the 2025 and 2026 Florida guards. #MarchMadness,2026-03-23T01:13:03Z,2002,7,1
2026-03-23T11:07:08+00:00,q7oYm4P9UKc,UCKjEtnnXEHsXE9IvCb92V7g,100 gorillas vs. Florida Final Boss? 🦍🐊 #shorts,2026-03-23T03:39:28Z,18601,170,14
2026-03-23T11:07:08+00:00,gRNQkeddOeo,UCKjEtnnXEHsXE9IvCb92V7g,“I would light this thing on fire” 🔥🤣,2026-03-23T02:03:26Z,4239,134,5
2026-03-23T11:07:08+00:00,a8PrkqVWt_s,UCKjEtnnXEHsXE9IvCb92V7g,Tony Delk breaks down the difference in the 2025 and 2026 Florida guards. #MarchMadness,2026-03-23T01:13:03Z,2002,7,1
2026-03-23T11:07:39+00:00,q7oYm4P9UKc,UCKjEtnnXEHsXE9IvCb92V7g,100 gorillas vs. Florida Final Boss? 🦍🐊 #shorts,2026-03-23T03:39:28Z,18601,170,14
2026-03-23T11:07:39+00:00,gRNQkeddOeo,UCKjEtnnXEHsXE9IvCb92V7g,“I would light this thing on fire” 🔥🤣,2026-03-23T02:03:26Z,4239,134,5
2026-03-23T11:07:39+00:00,a8PrkqVWt_s,UCKjEtnnXEHsXE9IvCb92V7g,Tony Delk breaks down the difference in the 2025 and 2026 Florida guards. #MarchMadness,2026-03-23T01:13:03Z,2002,7,1
2026-03-23T11:08:10+00:00,q7oYm4P9UKc,UCKjEtnnXEHsXE9IvCb92V7g,100 gorillas vs. Florida Final Boss? 🦍🐊 #shorts,2026-03-23T03:39:28Z,18601,170,14
2026-03-23T11:08:10+00:00,gRNQkeddOeo,UCKjEtnnXEHsXE9IvCb92V7g,“I would light this thing on fire” 🔥🤣,2026-03-23T02:03:26Z,4239,134,5
2026-03-23T11:08:10+00:00,a8PrkqVWt_s,UCKjEtnnXEHsXE9IvCb92V7g,Tony Delk breaks down the difference in the 2025 and 2026 Florida guards. #MarchMadness,2026-03-23T01:13:03Z,2002,7,1
2026-03-23T11:08:40+00:00,q7oYm4P9UKc,UCKjEtnnXEHsXE9IvCb92V7g,100 gorillas vs. Florida Final Boss? 🦍🐊 #shorts,2026-03-23T03:39:28Z,18601,170,14
2026-03-23T11:08:40+00:00,gRNQkeddOeo,UCKjEtnnXEHsXE9IvCb92V7g,“I would light this thing on fire” 🔥🤣,2026-03-23T02:03:26Z,4239,135,5
2026-03-23T11:08:40+00:00,a8PrkqVWt_s,UCKjEtnnXEHsXE9IvCb92V7g,Tony Delk breaks down the difference in the 2025 and 2026 Florida guards. #MarchMadness,2026-03-23T01:13:03Z,2002,7,1
2026-03-23T11:09:11+00:00,q7oYm4P9UKc,UCKjEtnnXEHsXE9IvCb92V7g,100 gorillas vs. Florida Final Boss? 🦍🐊 #shorts,2026-03-23T03:39:28Z,18601,170,14
2026-03-23T11:09:11+00:00,gRNQkeddOeo,UCKjEtnnXEHsXE9IvCb92V7g,“I would light this thing on fire” 🔥🤣,2026-03-23T02:03:26Z,4251,135,5
2026-03-23T11:09:11+00:00,a8PrkqVWt_s,UCKjEtnnXEHsXE9IvCb92V7g,Tony Delk breaks down the difference in the 2025 and 2026 Florida guards. #MarchMadness,2026-03-23T01:13:03Z,2002,7,1
2026-03-23T11:09:42+00:00,q7oYm4P9UKc,UCKjEtnnXEHsXE9IvCb92V7g,100 gorillas vs. Florida Final Boss? 🦍🐊 #shorts,2026-03-23T03:39:28Z,18601,170,14
2026-03-23T11:09:42+00:00,gRNQkeddOeo,UCKjEtnnXEHsXE9IvCb92V7g,“I would light this thing on fire” 🔥🤣,2026-03-23T02:03:26Z,4251,135,5
2026-03-23T11:09:42+00:00,a8PrkqVWt_s,UCKjEtnnXEHsXE9IvCb92V7g,Tony Delk breaks down the difference in the 2025 and 2026 Florida guards. #MarchMadness,2026-03-23T01:13:03Z,2002,7,1
2026-03-23T11:10:13+00:00,q7oYm4P9UKc,UCKjEtnnXEHsXE9IvCb92V7g,100 gorillas vs. Florida Final Boss? 🦍🐊 #shorts,2026-03-23T03:39:28Z,18601,170,14
2026-03-23T11:10:13+00:00,gRNQkeddOeo,UCKjEtnnXEHsXE9IvCb92V7g,“I would light this thing on fire” 🔥🤣,2026-03-23T02:03:26Z,4251,135,5
2026-03-23T11:10:13+00:00,a8PrkqVWt_s,UCKjEtnnXEHsXE9IvCb92V7g,Tony Delk breaks down the difference in the 2025 and 2026 Florida guards. #MarchMadness,2026-03-23T01:13:03Z,2002,7,1
2026-03-23T11:10:43+00:00,q7oYm4P9UKc,UCKjEtnnXEHsXE9IvCb92V7g,100 gorillas vs. Florida Final Boss? 🦍🐊 #shorts,2026-03-23T03:39:28Z,18601,171,14
2026-03-23T11:10:43+00:00,gRNQkeddOeo,UCKjEtnnXEHsXE9IvCb92V7g,“I would light this thing on fire” 🔥🤣,2026-03-23T02:03:26Z,4251,135,5
2026-03-23T11:10:43+00:00,a8PrkqVWt_s,UCKjEtnnXEHsXE9IvCb92V7g,Tony Delk breaks down the difference in the 2025 and 2026 Florida guards. #MarchMadness,2026-03-23T01:13:03Z,2002,7,1
2026-03-23T11:11:14+00:00,q7oYm4P9UKc,UCKjEtnnXEHsXE9IvCb92V7g,100 gorillas vs. Florida Final Boss? 🦍🐊 #shorts,2026-03-23T03:39:28Z,18601,170,14
2026-03-23T11:11:14+00:00,gRNQkeddOeo,UCKjEtnnXEHsXE9IvCb92V7g,“I would light this thing on fire” 🔥🤣,2026-03-23T02:03:26Z,4251,135,5
2026-03-23T11:11:14+00:00,a8PrkqVWt_s,UCKjEtnnXEHsXE9IvCb92V7g,Tony Delk breaks down the difference in the 2025 and 2026 Florida guards. #MarchMadness,2026-03-23T01:13:03Z,2002,7,1
2026-03-23T11:11:45+00:00,q7oYm4P9UKc,UCKjEtnnXEHsXE9IvCb92V7g,100 gorillas vs. Florida Final Boss? 🦍🐊 #shorts,2026-03-23T03:39:28Z,18628,173,15
2026-03-23T11:11:45+00:00,gRNQkeddOeo,UCKjEtnnXEHsXE9IvCb92V7g,“I would light this thing on fire” 🔥🤣,2026-03-23T02:03:26Z,4251,135,5
2026-03-23T11:11:45+00:00,a8PrkqVWt_s,UCKjEtnnXEHsXE9IvCb92V7g,Tony Delk breaks down the difference in the 2025 and 2026 Florida guards. #MarchMadness,2026-03-23T01:13:03Z,2002,7,1
2026-03-23T11:12:16+00:00,q7oYm4P9UKc,UCKjEtnnXEHsXE9IvCb92V7g,100 gorillas vs. Florida Final Boss? 🦍🐊 #shorts,2026-03-23T03:39:28Z,18628,173,15
2026-03-23T11:12:16+00:00,gRNQkeddOeo,UCKjEtnnXEHsXE9IvCb92V7g,“I would light this thing on fire” 🔥🤣,2026-03-23T02:03:26Z,4251,135,5
2026-03-23T11:12:16+00:00,a8PrkqVWt_s,UCKjEtnnXEHsXE9IvCb92V7g,Tony Delk breaks down the difference in the 2025 and 2026 Florida guards. #MarchMadness,2026-03-23T01:13:03Z,2002,7,1
2026-03-23T11:12:47+00:00,q7oYm4P9UKc,UCKjEtnnXEHsXE9IvCb92V7g,100 gorillas vs. Florida Final Boss? 🦍🐊 #shorts,2026-03-23T03:39:28Z,18628,173,15
2026-03-23T11:12:47+00:00,gRNQkeddOeo,UCKjEtnnXEHsXE9IvCb92V7g,“I would light this thing on fire” 🔥🤣,2026-03-23T02:03:26Z,4251,136,5
2026-03-23T11:12:47+00:00,a8PrkqVWt_s,UCKjEtnnXEHsXE9IvCb92V7g,Tony Delk breaks down the difference in the 2025 and 2026 Florida guards. #MarchMadness,2026-03-23T01:13:03Z,2002,7,1
2026-03-23T11:13:18+00:00,q7oYm4P9UKc,UCKjEtnnXEHsXE9IvCb92V7g,100 gorillas vs. Florida Final Boss? 🦍🐊 #shorts,2026-03-23T03:39:28Z,18628,173,15
2026-03-23T11:13:18+00:00,gRNQkeddOeo,UCKjEtnnXEHsXE9IvCb92V7g,“I would light this thing on fire” 🔥🤣,2026-03-23T02:03:26Z,4251,136,5
2026-03-23T11:13:18+00:00,a8PrkqVWt_s,UCKjEtnnXEHsXE9IvCb92V7g,Tony Delk breaks down the difference in the 2025 and 2026 Florida guards. #MarchMadness,2026-03-23T01:13:03Z,2002,7,1
2026-03-23T11:13:49+00:00,q7oYm4P9UKc,UCKjEtnnXEHsXE9IvCb92V7g,100 gorillas vs. Florida Final Boss? 🦍🐊 #shorts,2026-03-23T03:39:28Z,18628,173,15
2026-03-23T11:13:49+00:00,gRNQkeddOeo,UCKjEtnnXEHsXE9IvCb92V7g,“I would light this thing on fire” 🔥🤣,2026-03-23T02:03:26Z,4251,136,5
2026-03-23T11:13:49+00:00,a8PrkqVWt_s,UCKjEtnnXEHsXE9IvCb92V7g,Tony Delk breaks down the difference in the 2025 and 2026 Florida guards. #MarchMadness,2026-03-23T01:13:03Z,2002,7,1
2026-03-23T11:14:20+00:00,q7oYm4P9UKc,UCKjEtnnXEHsXE9IvCb92V7g,100 gorillas vs. Florida Final Boss? 🦍🐊 #shorts,2026-03-23T03:39:28Z,18628,173,15
2026-03-23T11:14:20+00:00,gRNQkeddOeo,UCKjEtnnXEHsXE9IvCb92V7g,“I would light this thing on fire” 🔥🤣,2026-03-23T02:03:26Z,4276,136,5
2026-03-23T11:14:20+00:00,a8PrkqVWt_s,UCKjEtnnXEHsXE9IvCb92V7g,Tony Delk breaks down the difference in the 2025 and 2026 Florida guards. #MarchMadness,2026-03-23T01:13:03Z,2002,7,1
2026-03-23T11:14:51+00:00,q7oYm4P9UKc,UCKjEtnnXEHsXE9IvCb92V7g,100 gorillas vs. Florida Final Boss? 🦍🐊 #shorts,2026-03-23T03:39:28Z,18628,173,15
2026-03-23T11:14:51+00:00,gRNQkeddOeo,UCKjEtnnXEHsXE9IvCb92V7g,“I would light this thing on fire” 🔥🤣,2026-03-23T02:03:26Z,4276,136,5
2026-03-23T11:14:51+00:00,a8PrkqVWt_s,UCKjEtnnXEHsXE9IvCb92V7g,Tony Delk breaks down the difference in the 2025 and 2026 Florida guards. #MarchMadness,2026-03-23T01:13:03Z,2002,7,1
2026-03-23T11:15:21+00:00,q7oYm4P9UKc,UCKjEtnnXEHsXE9IvCb92V7g,100 gorillas vs. Florida Final Boss? 🦍🐊 #shorts,2026-03-23T03:39:28Z,18628,173,15
2026-03-23T11:15:21+00:00,gRNQkeddOeo,UCKjEtnnXEHsXE9IvCb92V7g,“I would light this thing on fire” 🔥🤣,2026-03-23T02:03:26Z,4276,136,5
2026-03-23T11:15:21+00:00,a8PrkqVWt_s,UCKjEtnnXEHsXE9IvCb92V7g,Tony Delk breaks down the difference in the 2025 and 2026 Florida guards. #MarchMadness,2026-03-23T01:13:03Z,2002,7,1
2026-03-23T11:15:52+00:00,q7oYm4P9UKc,UCKjEtnnXEHsXE9IvCb92V7g,100 gorillas vs. Florida Final Boss? 🦍🐊 #shorts,2026-03-23T03:39:28Z,18628,173,15
2026-03-23T11:15:52+00:00,gRNQkeddOeo,UCKjEtnnXEHsXE9IvCb92V7g,“I would light this thing on fire” 🔥🤣,2026-03-23T02:03:26Z,4276,136,5
2026-03-23T11:15:52+00:00,a8PrkqVWt_s,UCKjEtnnXEHsXE9IvCb92V7g,Tony Delk breaks down the difference in the 2025 and 2026 Florida guards. #MarchMadness,2026-03-23T01:13:03Z,2002,7,1
2026-03-23T11:16:23+00:00,q7oYm4P9UKc,UCKjEtnnXEHsXE9IvCb92V7g,100 gorillas vs. Florida Final Boss? 🦍🐊 #shorts,2026-03-23T03:39:28Z,18699,175,15
2026-03-23T11:16:23+00:00,gRNQkeddOeo,UCKjEtnnXEHsXE9IvCb92V7g,“I would light this thing on fire” 🔥🤣,2026-03-23T02:03:26Z,4276,136,5
2026-03-23T11:16:23+00:00,a8PrkqVWt_s,UCKjEtnnXEHsXE9IvCb92V7g,Tony Delk breaks down the difference in the 2025 and 2026 Florida guards. #MarchMadness,2026-03-23T01:13:03Z,2002,7,1
2026-03-23T11:16:54+00:00,q7oYm4P9UKc,UCKjEtnnXEHsXE9IvCb92V7g,100 gorillas vs. Florida Final Boss? 🦍🐊 #shorts,2026-03-23T03:39:28Z,18699,176,15
2026-03-23T11:16:54+00:00,gRNQkeddOeo,UCKjEtnnXEHsXE9IvCb92V7g,“I would light this thing on fire” 🔥🤣,2026-03-23T02:03:26Z,4276,136,5
2026-03-23T11:16:54+00:00,a8PrkqVWt_s,UCKjEtnnXEHsXE9IvCb92V7g,Tony Delk breaks down the difference in the 2025 and 2026 Florida guards. #MarchMadness,2026-03-23T01:13:03Z,2002,7,1
2026-03-23T11:17:25+00:00,q7oYm4P9UKc,UCKjEtnnXEHsXE9IvCb92V7g,100 gorillas vs. Florida Final Boss? 🦍🐊 #shorts,2026-03-23T03:39:28Z,18699,176,15
2026-03-23T11:17:25+00:00,gRNQkeddOeo,UCKjEtnnXEHsXE9IvCb92V7g,“I would light this thing on fire” 🔥🤣,2026-03-23T02:03:26Z,4276,136,5
2026-03-23T11:17:25+00:00,a8PrkqVWt_s,UCKjEtnnXEHsXE9IvCb92V7g,Tony Delk breaks down the difference in the 2025 and 2026 Florida guards. #MarchMadness,2026-03-23T01:13:03Z,2002,7,1
2026-03-23T11:17:56+00:00,q7oYm4P9UKc,UCKjEtnnXEHsXE9IvCb92V7g,100 gorillas vs. Florida Final Boss? 🦍🐊 #shorts,2026-03-23T03:39:28Z,18699,176,15
2026-03-23T11:17:56+00:00,gRNQkeddOeo,UCKjEtnnXEHsXE9IvCb92V7g,“I would light this thing on fire” 🔥🤣,2026-03-23T02:03:26Z,4276,136,5
2026-03-23T11:17:56+00:00,a8PrkqVWt_s,UCKjEtnnXEHsXE9IvCb92V7g,Tony Delk breaks down the difference in the 2025 and 2026 Florida guards. #MarchMadness,2026-03-23T01:13:03Z,2002,7,1
2026-03-23T11:18:26+00:00,q7oYm4P9UKc,UCKjEtnnXEHsXE9IvCb92V7g,100 gorillas vs. Florida Final Boss? 🦍🐊 #shorts,2026-03-23T03:39:28Z,18699,176,15
2026-03-23T11:18:26+00:00,gRNQkeddOeo,UCKjEtnnXEHsXE9IvCb92V7g,“I would light this thing on fire” 🔥🤣,2026-03-23T02:03:26Z,4276,136,5
2026-03-23T11:18:26+00:00,a8PrkqVWt_s,UCKjEtnnXEHsXE9IvCb92V7g,Tony Delk breaks down the difference in the 2025 and 2026 Florida guards. #MarchMadness,2026-03-23T01:13:03Z,2002,7,1
2026-03-23T11:18:57+00:00,q7oYm4P9UKc,UCKjEtnnXEHsXE9IvCb92V7g,100 gorillas vs. Florida Final Boss? 🦍🐊 #shorts,2026-03-23T03:39:28Z,18699,176,15
2026-03-23T11:18:57+00:00,gRNQkeddOeo,UCKjEtnnXEHsXE9IvCb92V7g,“I would light this thing on fire” 🔥🤣,2026-03-23T02:03:26Z,4316,136,5
2026-03-23T11:18:57+00:00,a8PrkqVWt_s,UCKjEtnnXEHsXE9IvCb92V7g,Tony Delk breaks down the difference in the 2025 and 2026 Florida guards. #MarchMadness,2026-03-23T01:13:03Z,2002,7,1
2026-03-23T11:19:28+00:00,q7oYm4P9UKc,UCKjEtnnXEHsXE9IvCb92V7g,100 gorillas vs. Florida Final Boss? 🦍🐊 #shorts,2026-03-23T03:39:28Z,18699,176,15
2026-03-23T11:19:28+00:00,gRNQkeddOeo,UCKjEtnnXEHsXE9IvCb92V7g,“I would light this thing on fire” 🔥🤣,2026-03-23T02:03:26Z,4316,136,5
2026-03-23T11:19:28+00:00,a8PrkqVWt_s,UCKjEtnnXEHsXE9IvCb92V7g,Tony Delk breaks down the difference in the 2025 and 2026 Florida guards. #MarchMadness,2026-03-23T01:13:03Z,2002,7,1
2026-03-23T11:19:59+00:00,q7oYm4P9UKc,UCKjEtnnXEHsXE9IvCb92V7g,100 gorillas vs. Florida Final Boss? 🦍🐊 #shorts,2026-03-23T03:39:28Z,18699,177,15
2026-03-23T11:19:59+00:00,gRNQkeddOeo,UCKjEtnnXEHsXE9IvCb92V7g,“I would light this thing on fire” 🔥🤣,2026-03-23T02:03:26Z,4316,136,5
2026-03-23T11:19:59+00:00,a8PrkqVWt_s,UCKjEtnnXEHsXE9IvCb92V7g,Tony Delk breaks down the difference in the 2025 and 2026 Florida guards. #MarchMadness,2026-03-23T01:13:03Z,2002,7,1
2026-03-23T11:20:30+00:00,q7oYm4P9UKc,UCKjEtnnXEHsXE9IvCb92V7g,100 gorillas vs. Florida Final Boss? 🦍🐊 #shorts,2026-03-23T03:39:28Z,18699,177,15
2026-03-23T11:20:30+00:00,gRNQkeddOeo,UCKjEtnnXEHsXE9IvCb92V7g,“I would light this thing on fire” 🔥🤣,2026-03-23T02:03:26Z,4316,136,5
2026-03-23T11:20:30+00:00,a8PrkqVWt_s,UCKjEtnnXEHsXE9IvCb92V7g,Tony Delk breaks down the difference in the 2025 and 2026 Florida guards. #MarchMadness,2026-03-23T01:13:03Z,2002,7,1
2026-03-23T11:21:00+00:00,q7oYm4P9UKc,UCKjEtnnXEHsXE9IvCb92V7g,100 gorillas vs. Florida Final Boss? 🦍🐊 #shorts,2026-03-23T03:39:28Z,18699,177,15
2026-03-23T11:21:00+00:00,gRNQkeddOeo,UCKjEtnnXEHsXE9IvCb92V7g,“I would light this thing on fire” 🔥🤣,2026-03-23T02:03:26Z,4316,136,5
2026-03-23T11:21:00+00:00,a8PrkqVWt_s,UCKjEtnnXEHsXE9IvCb92V7g,Tony Delk breaks down the difference in the 2025 and 2026 Florida guards. #MarchMadness,2026-03-23T01:13:03Z,2002,7,1
2026-03-23T11:21:31+00:00,q7oYm4P9UKc,UCKjEtnnXEHsXE9IvCb92V7g,100 gorillas vs. Florida Final Boss? 🦍🐊 #shorts,2026-03-23T03:39:28Z,18817,177,15
2026-03-23T11:21:31+00:00,gRNQkeddOeo,UCKjEtnnXEHsXE9IvCb92V7g,“I would light this thing on fire” 🔥🤣,2026-03-23T02:03:26Z,4316,136,5
2026-03-23T11:21:31+00:00,a8PrkqVWt_s,UCKjEtnnXEHsXE9IvCb92V7g,Tony Delk breaks down the difference in the 2025 and 2026 Florida guards. #MarchMadness,2026-03-23T01:13:03Z,2002,7,1
2026-03-23T11:22:02+00:00,q7oYm4P9UKc,UCKjEtnnXEHsXE9IvCb92V7g,100 gorillas vs. Florida Final Boss? 🦍🐊 #shorts,2026-03-23T03:39:28Z,18817,178,15
2026-03-23T11:22:02+00:00,gRNQkeddOeo,UCKjEtnnXEHsXE9IvCb92V7g,“I would light this thing on fire” 🔥🤣,2026-03-23T02:03:26Z,4316,137,5
2026-03-23T11:22:02+00:00,a8PrkqVWt_s,UCKjEtnnXEHsXE9IvCb92V7g,Tony Delk breaks down the difference in the 2025 and 2026 Florida guards. #MarchMadness,2026-03-23T01:13:03Z,2002,7,1
2026-03-23T11:22:32+00:00,q7oYm4P9UKc,UCKjEtnnXEHsXE9IvCb92V7g,100 gorillas vs. Florida Final Boss? 🦍🐊 #shorts,2026-03-23T03:39:28Z,18817,177,15
2026-03-23T11:22:32+00:00,gRNQkeddOeo,UCKjEtnnXEHsXE9IvCb92V7g,“I would light this thing on fire” 🔥🤣,2026-03-23T02:03:26Z,4316,137,5
2026-03-23T11:22:32+00:00,a8PrkqVWt_s,UCKjEtnnXEHsXE9IvCb92V7g,Tony Delk breaks down the difference in the 2025 and 2026 Florida guards. #MarchMadness,2026-03-23T01:13:03Z,2002,7,1
2026-03-23T11:23:03+00:00,q7oYm4P9UKc,UCKjEtnnXEHsXE9IvCb92V7g,100 gorillas vs. Florida Final Boss? 🦍🐊 #shorts,2026-03-23T03:39:28Z,18817,177,15
2026-03-23T11:23:03+00:00,gRNQkeddOeo,UCKjEtnnXEHsXE9IvCb92V7g,“I would light this thing on fire” 🔥🤣,2026-03-23T02:03:26Z,4316,137,5
2026-03-23T11:23:03+00:00,a8PrkqVWt_s,UCKjEtnnXEHsXE9IvCb92V7g,Tony Delk breaks down the difference in the 2025 and 2026 Florida guards. #MarchMadness,2026-03-23T01:13:03Z,2002,7,1
2026-03-23T11:23:34+00:00,q7oYm4P9UKc,UCKjEtnnXEHsXE9IvCb92V7g,100 gorillas vs. Florida Final Boss? 🦍🐊 #shorts,2026-03-23T03:39:28Z,18817,178,15
2026-03-23T11:23:34+00:00,gRNQkeddOeo,UCKjEtnnXEHsXE9IvCb92V7g,“I would light this thing on fire” 🔥🤣,2026-03-23T02:03:26Z,4316,137,5
2026-03-23T11:23:34+00:00,a8PrkqVWt_s,UCKjEtnnXEHsXE9IvCb92V7g,Tony Delk breaks down the difference in the 2025 and 2026 Florida guards. #MarchMadness,2026-03-23T01:13:03Z,2002,7,1
2026-03-23T11:24:05+00:00,q7oYm4P9UKc,UCKjEtnnXEHsXE9IvCb92V7g,100 gorillas vs. Florida Final Boss? 🦍🐊 #shorts,2026-03-23T03:39:28Z,18817,178,15
2026-03-23T11:24:05+00:00,gRNQkeddOeo,UCKjEtnnXEHsXE9IvCb92V7g,“I would light this thing on fire” 🔥🤣,2026-03-23T02:03:26Z,4328,137,5
2026-03-23T11:24:05+00:00,a8PrkqVWt_s,UCKjEtnnXEHsXE9IvCb92V7g,Tony Delk breaks down the difference in the 2025 and 2026 Florida guards. #MarchMadness,2026-03-23T01:13:03Z,2002,7,1
2026-03-23T11:24:35+00:00,q7oYm4P9UKc,UCKjEtnnXEHsXE9IvCb92V7g,100 gorillas vs. Florida Final Boss? 🦍🐊 #shorts,2026-03-23T03:39:28Z,18817,179,15
2026-03-23T11:24:35+00:00,gRNQkeddOeo,UCKjEtnnXEHsXE9IvCb92V7g,“I would light this thing on fire” 🔥🤣,2026-03-23T02:03:26Z,4328,137,5
2026-03-23T11:24:35+00:00,a8PrkqVWt_s,UCKjEtnnXEHsXE9IvCb92V7g,Tony Delk breaks down the difference in the 2025 and 2026 Florida guards. #MarchMadness,2026-03-23T01:13:03Z,2002,7,1
2026-03-23T11:25:06+00:00,q7oYm4P9UKc,UCKjEtnnXEHsXE9IvCb92V7g,100 gorillas vs. Florida Final Boss? 🦍🐊 #shorts,2026-03-23T03:39:28Z,18817,179,15
2026-03-23T11:25:06+00:00,gRNQkeddOeo,UCKjEtnnXEHsXE9IvCb92V7g,“I would light this thing on fire” 🔥🤣,2026-03-23T02:03:26Z,4328,137,5
2026-03-23T11:25:06+00:00,a8PrkqVWt_s,UCKjEtnnXEHsXE9IvCb92V7g,Tony Delk breaks down the difference in the 2025 and 2026 Florida guards. #MarchMadness,2026-03-23T01:13:03Z,2002,7,1
2026-03-23T11:25:36+00:00,q7oYm4P9UKc,UCKjEtnnXEHsXE9IvCb92V7g,100 gorillas vs. Florida Final Boss? 🦍🐊 #shorts,2026-03-23T03:39:28Z,18817,180,15
2026-03-23T11:25:36+00:00,gRNQkeddOeo,UCKjEtnnXEHsXE9IvCb92V7g,“I would light this thing on fire” 🔥🤣,2026-03-23T02:03:26Z,4328,137,5
2026-03-23T11:25:36+00:00,a8PrkqVWt_s,UCKjEtnnXEHsXE9IvCb92V7g,Tony Delk breaks down the difference in the 2025 and 2026 Florida guards. #MarchMadness,2026-03-23T01:13:03Z,2002,7,1
2026-03-23T11:26:07+00:00,q7oYm4P9UKc,UCKjEtnnXEHsXE9IvCb92V7g,100 gorillas vs. Florida Final Boss? 🦍🐊 #shorts,2026-03-23T03:39:28Z,18817,180,15
2026-03-23T11:26:07+00:00,gRNQkeddOeo,UCKjEtnnXEHsXE9IvCb92V7g,“I would light this thing on fire” 🔥🤣,2026-03-23T02:03:26Z,4328,137,5
2026-03-23T11:26:07+00:00,a8PrkqVWt_s,UCKjEtnnXEHsXE9IvCb92V7g,Tony Delk breaks down the difference in the 2025 and 2026 Florida guards. #MarchMadness,2026-03-23T01:13:03Z,2002,7,1
2026-03-23T11:26:38+00:00,q7oYm4P9UKc,UCKjEtnnXEHsXE9IvCb92V7g,100 gorillas vs. Florida Final Boss? 🦍🐊 #shorts,2026-03-23T03:39:28Z,18860,180,15
2026-03-23T11:26:38+00:00,gRNQkeddOeo,UCKjEtnnXEHsXE9IvCb92V7g,“I would light this thing on fire” 🔥🤣,2026-03-23T02:03:26Z,4328,138,5
2026-03-23T11:26:38+00:00,a8PrkqVWt_s,UCKjEtnnXEHsXE9IvCb92V7g,Tony Delk breaks down the difference in the 2025 and 2026 Florida guards. #MarchMadness,2026-03-23T01:13:03Z,2002,7,1
2026-03-23T11:27:09+00:00,q7oYm4P9UKc,UCKjEtnnXEHsXE9IvCb92V7g,100 gorillas vs. Florida Final Boss? 🦍🐊 #shorts,2026-03-23T03:39:28Z,18860,181,15
2026-03-23T11:27:09+00:00,gRNQkeddOeo,UCKjEtnnXEHsXE9IvCb92V7g,“I would light this thing on fire” 🔥🤣,2026-03-23T02:03:26Z,4328,138,5
2026-03-23T11:27:09+00:00,a8PrkqVWt_s,UCKjEtnnXEHsXE9IvCb92V7g,Tony Delk breaks down the difference in the 2025 and 2026 Florida guards. #MarchMadness,2026-03-23T01:13:03Z,2002,7,1
2026-03-23T11:27:39+00:00,q7oYm4P9UKc,UCKjEtnnXEHsXE9IvCb92V7g,100 gorillas vs. Florida Final Boss? 🦍🐊 #shorts,2026-03-23T03:39:28Z,18860,182,15
2026-03-23T11:27:39+00:00,gRNQkeddOeo,UCKjEtnnXEHsXE9IvCb92V7g,“I would light this thing on fire” 🔥🤣,2026-03-23T02:03:26Z,4328,138,5
2026-03-23T11:27:39+00:00,a8PrkqVWt_s,UCKjEtnnXEHsXE9IvCb92V7g,Tony Delk breaks down the difference in the 2025 and 2026 Florida guards. #MarchMadness,2026-03-23T01:13:03Z,2002,7,1
2026-03-23T11:28:10+00:00,q7oYm4P9UKc,UCKjEtnnXEHsXE9IvCb92V7g,100 gorillas vs. Florida Final Boss? 🦍🐊 #shorts,2026-03-23T03:39:28Z,18860,184,15
2026-03-23T11:28:10+00:00,gRNQkeddOeo,UCKjEtnnXEHsXE9IvCb92V7g,“I would light this thing on fire” 🔥🤣,2026-03-23T02:03:26Z,4328,138,5
2026-03-23T11:28:10+00:00,a8PrkqVWt_s,UCKjEtnnXEHsXE9IvCb92V7g,Tony Delk breaks down the difference in the 2025 and 2026 Florida guards. #MarchMadness,2026-03-23T01:13:03Z,2002,7,1
2026-03-23T11:28:41+00:00,q7oYm4P9UKc,UCKjEtnnXEHsXE9IvCb92V7g,100 gorillas vs. Florida Final Boss? 🦍🐊 #shorts,2026-03-23T03:39:28Z,18860,184,15
2026-03-23T11:28:41+00:00,gRNQkeddOeo,UCKjEtnnXEHsXE9IvCb92V7g,“I would light this thing on fire” 🔥🤣,2026-03-23T02:03:26Z,4328,138,5
2026-03-23T11:28:41+00:00,a8PrkqVWt_s,UCKjEtnnXEHsXE9IvCb92V7g,Tony Delk breaks down the difference in the 2025 and 2026 Florida guards. #MarchMadness,2026-03-23T01:13:03Z,2002,7,1
2026-03-23T11:29:12+00:00,q7oYm4P9UKc,UCKjEtnnXEHsXE9IvCb92V7g,100 gorillas vs. Florida Final Boss? 🦍🐊 #shorts,2026-03-23T03:39:28Z,18860,184,15
2026-03-23T11:29:12+00:00,gRNQkeddOeo,UCKjEtnnXEHsXE9IvCb92V7g,“I would light this thing on fire” 🔥🤣,2026-03-23T02:03:26Z,4336,138,5
2026-03-23T11:29:12+00:00,a8PrkqVWt_s,UCKjEtnnXEHsXE9IvCb92V7g,Tony Delk breaks down the difference in the 2025 and 2026 Florida guards. #MarchMadness,2026-03-23T01:13:03Z,2002,7,1
2026-03-23T11:29:43+00:00,q7oYm4P9UKc,UCKjEtnnXEHsXE9IvCb92V7g,100 gorillas vs. Florida Final Boss? 🦍🐊 #shorts,2026-03-23T03:39:28Z,18860,184,15
2026-03-23T11:29:43+00:00,gRNQkeddOeo,UCKjEtnnXEHsXE9IvCb92V7g,“I would light this thing on fire” 🔥🤣,2026-03-23T02:03:26Z,4336,138,5
2026-03-23T11:29:43+00:00,a8PrkqVWt_s,UCKjEtnnXEHsXE9IvCb92V7g,Tony Delk breaks down the difference in the 2025 and 2026 Florida guards. #MarchMadness,2026-03-23T01:13:03Z,2002,7,1
2026-03-23T11:30:14+00:00,q7oYm4P9UKc,UCKjEtnnXEHsXE9IvCb92V7g,100 gorillas vs. Florida Final Boss? 🦍🐊 #shorts,2026-03-23T03:39:28Z,18860,184,15
2026-03-23T11:30:14+00:00,gRNQkeddOeo,UCKjEtnnXEHsXE9IvCb92V7g,“I would light this thing on fire” 🔥🤣,2026-03-23T02:03:26Z,4336,138,5
2026-03-23T11:30:14+00:00,a8PrkqVWt_s,UCKjEtnnXEHsXE9IvCb92V7g,Tony Delk breaks down the difference in the 2025 and 2026 Florida guards. #MarchMadness,2026-03-23T01:13:03Z,2002,7,1
2026-03-23T11:30:45+00:00,q7oYm4P9UKc,UCKjEtnnXEHsXE9IvCb92V7g,100 gorillas vs. Florida Final Boss? 🦍🐊 #shorts,2026-03-23T03:39:28Z,18860,184,15
2026-03-23T11:30:45+00:00,gRNQkeddOeo,UCKjEtnnXEHsXE9IvCb92V7g,“I would light this thing on fire” 🔥🤣,2026-03-23T02:03:26Z,4336,139,5
2026-03-23T11:30:45+00:00,a8PrkqVWt_s,UCKjEtnnXEHsXE9IvCb92V7g,Tony Delk breaks down the difference in the 2025 and 2026 Florida guards. #MarchMadness,2026-03-23T01:13:03Z,2002,7,1
2026-03-23T11:31:15+00:00,q7oYm4P9UKc,UCKjEtnnXEHsXE9IvCb92V7g,100 gorillas vs. Florida Final Boss? 🦍🐊 #shorts,2026-03-23T03:39:28Z,18860,184,15
2026-03-23T11:31:15+00:00,gRNQkeddOeo,UCKjEtnnXEHsXE9IvCb92V7g,“I would light this thing on fire” 🔥🤣,2026-03-23T02:03:26Z,4336,139,5
2026-03-23T11:31:15+00:00,a8PrkqVWt_s,UCKjEtnnXEHsXE9IvCb92V7g,Tony Delk breaks down the difference in the 2025 and 2026 Florida guards. #MarchMadness,2026-03-23T01:13:03Z,2002,7,1
2026-03-23T11:31:45+00:00,q7oYm4P9UKc,UCKjEtnnXEHsXE9IvCb92V7g,100 gorillas vs. Florida Final Boss? 🦍🐊 #shorts,2026-03-23T03:39:28Z,18981,184,15
2026-03-23T11:31:45+00:00,gRNQkeddOeo,UCKjEtnnXEHsXE9IvCb92V7g,“I would light this thing on fire” 🔥🤣,2026-03-23T02:03:26Z,4336,139,5
2026-03-23T11:31:45+00:00,a8PrkqVWt_s,UCKjEtnnXEHsXE9IvCb92V7g,Tony Delk breaks down the difference in the 2025 and 2026 Florida guards. #MarchMadness,2026-03-23T01:13:03Z,2002,7,1
2026-03-23T11:32:15+00:00,q7oYm4P9UKc,UCKjEtnnXEHsXE9IvCb92V7g,100 gorillas vs. Florida Final Boss? 🦍🐊 #shorts,2026-03-23T03:39:28Z,18981,184,15
2026-03-23T11:32:15+00:00,gRNQkeddOeo,UCKjEtnnXEHsXE9IvCb92V7g,“I would light this thing on fire” 🔥🤣,2026-03-23T02:03:26Z,4336,139,5
2026-03-23T11:32:15+00:00,a8PrkqVWt_s,UCKjEtnnXEHsXE9IvCb92V7g,Tony Delk breaks down the difference in the 2025 and 2026 Florida guards. #MarchMadness,2026-03-23T01:13:03Z,2002,7,1
2026-03-23T11:32:46+00:00,q7oYm4P9UKc,UCKjEtnnXEHsXE9IvCb92V7g,100 gorillas vs. Florida Final Boss? 🦍🐊 #shorts,2026-03-23T03:39:28Z,18981,184,15
2026-03-23T11:32:46+00:00,gRNQkeddOeo,UCKjEtnnXEHsXE9IvCb92V7g,“I would light this thing on fire” 🔥🤣,2026-03-23T02:03:26Z,4336,139,5
2026-03-23T11:32:46+00:00,a8PrkqVWt_s,UCKjEtnnXEHsXE9IvCb92V7g,Tony Delk breaks down the difference in the 2025 and 2026 Florida guards. #MarchMadness,2026-03-23T01:13:03Z,2002,7,1
2026-03-23T11:33:17+00:00,q7oYm4P9UKc,UCKjEtnnXEHsXE9IvCb92V7g,100 gorillas vs. Florida Final Boss? 🦍🐊 #shorts,2026-03-23T03:39:28Z,18981,184,15
2026-03-23T11:33:17+00:00,gRNQkeddOeo,UCKjEtnnXEHsXE9IvCb92V7g,“I would light this thing on fire” 🔥🤣,2026-03-23T02:03:26Z,4336,139,5
2026-03-23T11:33:17+00:00,a8PrkqVWt_s,UCKjEtnnXEHsXE9IvCb92V7g,Tony Delk breaks down the difference in the 2025 and 2026 Florida guards. #MarchMadness,2026-03-23T01:13:03Z,2002,7,1
2026-03-23T11:33:48+00:00,q7oYm4P9UKc,UCKjEtnnXEHsXE9IvCb92V7g,100 gorillas vs. Florida Final Boss? 🦍🐊 #shorts,2026-03-23T03:39:28Z,18981,184,15
2026-03-23T11:33:48+00:00,gRNQkeddOeo,UCKjEtnnXEHsXE9IvCb92V7g,“I would light this thing on fire” 🔥🤣,2026-03-23T02:03:26Z,4336,139,5
2026-03-23T11:33:48+00:00,a8PrkqVWt_s,UCKjEtnnXEHsXE9IvCb92V7g,Tony Delk breaks down the difference in the 2025 and 2026 Florida guards. #MarchMadness,2026-03-23T01:13:03Z,2002,7,1
2026-03-23T11:34:19+00:00,q7oYm4P9UKc,UCKjEtnnXEHsXE9IvCb92V7g,100 gorillas vs. Florida Final Boss? 🦍🐊 #shorts,2026-03-23T03:39:28Z,18981,184,15
2026-03-23T11:34:19+00:00,gRNQkeddOeo,UCKjEtnnXEHsXE9IvCb92V7g,“I would light this thing on fire” 🔥🤣,2026-03-23T02:03:26Z,4349,139,5
2026-03-23T11:34:19+00:00,a8PrkqVWt_s,UCKjEtnnXEHsXE9IvCb92V7g,Tony Delk breaks down the difference in the 2025 and 2026 Florida guards. #MarchMadness,2026-03-23T01:13:03Z,2002,7,1
2026-03-23T11:34:50+00:00,q7oYm4P9UKc,UCKjEtnnXEHsXE9IvCb92V7g,100 gorillas vs. Florida Final Boss? 🦍🐊 #shorts,2026-03-23T03:39:28Z,18981,184,15
2026-03-23T11:34:50+00:00,gRNQkeddOeo,UCKjEtnnXEHsXE9IvCb92V7g,“I would light this thing on fire” 🔥🤣,2026-03-23T02:03:26Z,4349,139,5
2026-03-23T11:34:50+00:00,a8PrkqVWt_s,UCKjEtnnXEHsXE9IvCb92V7g,Tony Delk breaks down the difference in the 2025 and 2026 Florida guards. #MarchMadness,2026-03-23T01:13:03Z,2002,7,1
2026-03-23T11:35:21+00:00,q7oYm4P9UKc,UCKjEtnnXEHsXE9IvCb92V7g,100 gorillas vs. Florida Final Boss? 🦍🐊 #shorts,2026-03-23T03:39:28Z,18981,184,15
2026-03-23T11:35:21+00:00,gRNQkeddOeo,UCKjEtnnXEHsXE9IvCb92V7g,“I would light this thing on fire” 🔥🤣,2026-03-23T02:03:26Z,4349,139,5
2026-03-23T11:35:21+00:00,a8PrkqVWt_s,UCKjEtnnXEHsXE9IvCb92V7g,Tony Delk breaks down the difference in the 2025 and 2026 Florida guards. #MarchMadness,2026-03-23T01:13:03Z,2002,7,1
2026-03-23T11:35:51+00:00,q7oYm4P9UKc,UCKjEtnnXEHsXE9IvCb92V7g,100 gorillas vs. Florida Final Boss? 🦍🐊 #shorts,2026-03-23T03:39:28Z,18981,184,15
2026-03-23T11:35:51+00:00,gRNQkeddOeo,UCKjEtnnXEHsXE9IvCb92V7g,“I would light this thing on fire” 🔥🤣,2026-03-23T02:03:26Z,4349,139,5
2026-03-23T11:35:51+00:00,a8PrkqVWt_s,UCKjEtnnXEHsXE9IvCb92V7g,Tony Delk breaks down the difference in the 2025 and 2026 Florida guards. #MarchMadness,2026-03-23T01:13:03Z,2002,7,1
2026-03-23T11:36:22+00:00,q7oYm4P9UKc,UCKjEtnnXEHsXE9IvCb92V7g,100 gorillas vs. Florida Final Boss? 🦍🐊 #shorts,2026-03-23T03:39:28Z,19068,184,15
2026-03-23T11:36:22+00:00,gRNQkeddOeo,UCKjEtnnXEHsXE9IvCb92V7g,“I would light this thing on fire” 🔥🤣,2026-03-23T02:03:26Z,4349,139,5
2026-03-23T11:36:22+00:00,a8PrkqVWt_s,UCKjEtnnXEHsXE9IvCb92V7g,Tony Delk breaks down the difference in the 2025 and 2026 Florida guards. #MarchMadness,2026-03-23T01:13:03Z,2002,7,1
2026-03-23T11:36:53+00:00,q7oYm4P9UKc,UCKjEtnnXEHsXE9IvCb92V7g,100 gorillas vs. Florida Final Boss? 🦍🐊 #shorts,2026-03-23T03:39:28Z,19068,184,15
2026-03-23T11:36:53+00:00,gRNQkeddOeo,UCKjEtnnXEHsXE9IvCb92V7g,“I would light this thing on fire” 🔥🤣,2026-03-23T02:03:26Z,4349,139,5
2026-03-23T11:36:53+00:00,a8PrkqVWt_s,UCKjEtnnXEHsXE9IvCb92V7g,Tony Delk breaks down the difference in the 2025 and 2026 Florida guards. #MarchMadness,2026-03-23T01:13:03Z,2002,7,1
2026-03-23T11:37:23+00:00,q7oYm4P9UKc,UCKjEtnnXEHsXE9IvCb92V7g,100 gorillas vs. Florida Final Boss? 🦍🐊 #shorts,2026-03-23T03:39:28Z,19068,184,15
2026-03-23T11:37:23+00:00,gRNQkeddOeo,UCKjEtnnXEHsXE9IvCb92V7g,“I would light this thing on fire” 🔥🤣,2026-03-23T02:03:26Z,4349,139,5
2026-03-23T11:37:23+00:00,a8PrkqVWt_s,UCKjEtnnXEHsXE9IvCb92V7g,Tony Delk breaks down the difference in the 2025 and 2026 Florida guards. #MarchMadness,2026-03-23T01:13:03Z,2002,7,1
2026-03-23T11:37:54+00:00,q7oYm4P9UKc,UCKjEtnnXEHsXE9IvCb92V7g,100 gorillas vs. Florida Final Boss? 🦍🐊 #shorts,2026-03-23T03:39:28Z,19068,184,15
2026-03-23T11:37:54+00:00,gRNQkeddOeo,UCKjEtnnXEHsXE9IvCb92V7g,“I would light this thing on fire” 🔥🤣,2026-03-23T02:03:26Z,4349,139,5
2026-03-23T11:37:54+00:00,a8PrkqVWt_s,UCKjEtnnXEHsXE9IvCb92V7g,Tony Delk breaks down the difference in the 2025 and 2026 Florida guards. #MarchMadness,2026-03-23T01:13:03Z,2002,7,1
2026-03-23T11:38:25+00:00,q7oYm4P9UKc,UCKjEtnnXEHsXE9IvCb92V7g,100 gorillas vs. Florida Final Boss? 🦍🐊 #shorts,2026-03-23T03:39:28Z,19068,184,15
2026-03-23T11:38:25+00:00,gRNQkeddOeo,UCKjEtnnXEHsXE9IvCb92V7g,“I would light this thing on fire” 🔥🤣,2026-03-23T02:03:26Z,4349,139,5
2026-03-23T11:38:25+00:00,a8PrkqVWt_s,UCKjEtnnXEHsXE9IvCb92V7g,Tony Delk breaks down the difference in the 2025 and 2026 Florida guards. #MarchMadness,2026-03-23T01:13:03Z,2002,7,1
2026-03-23T11:38:56+00:00,q7oYm4P9UKc,UCKjEtnnXEHsXE9IvCb92V7g,100 gorillas vs. Florida Final Boss? 🦍🐊 #shorts,2026-03-23T03:39:28Z,19068,185,15
2026-03-23T11:38:56+00:00,gRNQkeddOeo,UCKjEtnnXEHsXE9IvCb92V7g,“I would light this thing on fire” 🔥🤣,2026-03-23T02:03:26Z,4360,139,5
2026-03-23T11:38:56+00:00,a8PrkqVWt_s,UCKjEtnnXEHsXE9IvCb92V7g,Tony Delk breaks down the difference in the 2025 and 2026 Florida guards. #MarchMadness,2026-03-23T01:13:03Z,2002,7,1
2026-03-23T11:39:27+00:00,q7oYm4P9UKc,UCKjEtnnXEHsXE9IvCb92V7g,100 gorillas vs. Florida Final Boss? 🦍🐊 #shorts,2026-03-23T03:39:28Z,19068,186,15
2026-03-23T11:39:27+00:00,gRNQkeddOeo,UCKjEtnnXEHsXE9IvCb92V7g,“I would light this thing on fire” 🔥🤣,2026-03-23T02:03:26Z,4360,139,5
2026-03-23T11:39:27+00:00,a8PrkqVWt_s,UCKjEtnnXEHsXE9IvCb92V7g,Tony Delk breaks down the difference in the 2025 and 2026 Florida guards. #MarchMadness,2026-03-23T01:13:03Z,2002,7,1
2026-03-23T11:39:57+00:00,q7oYm4P9UKc,UCKjEtnnXEHsXE9IvCb92V7g,100 gorillas vs. Florida Final Boss? 🦍🐊 #shorts,2026-03-23T03:39:28Z,19068,186,15
2026-03-23T11:39:57+00:00,gRNQkeddOeo,UCKjEtnnXEHsXE9IvCb92V7g,“I would light this thing on fire” 🔥🤣,2026-03-23T02:03:26Z,4360,139,5
2026-03-23T11:39:57+00:00,a8PrkqVWt_s,UCKjEtnnXEHsXE9IvCb92V7g,Tony Delk breaks down the difference in the 2025 and 2026 Florida guards. #MarchMadness,2026-03-23T01:13:03Z,2002,7,1
2026-03-23T11:40:27+00:00,q7oYm4P9UKc,UCKjEtnnXEHsXE9IvCb92V7g,100 gorillas vs. Florida Final Boss? 🦍🐊 #shorts,2026-03-23T03:39:28Z,19068,186,15
2026-03-23T11:40:27+00:00,gRNQkeddOeo,UCKjEtnnXEHsXE9IvCb92V7g,“I would light this thing on fire” 🔥🤣,2026-03-23T02:03:26Z,4360,139,5
2026-03-23T11:40:27+00:00,a8PrkqVWt_s,UCKjEtnnXEHsXE9IvCb92V7g,Tony Delk breaks down the difference in the 2025 and 2026 Florida guards. #MarchMadness,2026-03-23T01:13:03Z,2002,7,1
2026-03-23T11:40:58+00:00,q7oYm4P9UKc,UCKjEtnnXEHsXE9IvCb92V7g,100 gorillas vs. Florida Final Boss? 🦍🐊 #shorts,2026-03-23T03:39:28Z,19068,187,15
2026-03-23T11:40:58+00:00,gRNQkeddOeo,UCKjEtnnXEHsXE9IvCb92V7g,“I would light this thing on fire” 🔥🤣,2026-03-23T02:03:26Z,4360,139,5
2026-03-23T11:40:58+00:00,a8PrkqVWt_s,UCKjEtnnXEHsXE9IvCb92V7g,Tony Delk breaks down the difference in the 2025 and 2026 Florida guards. #MarchMadness,2026-03-23T01:13:03Z,2002,7,1
2026-03-23T11:41:29+00:00,q7oYm4P9UKc,UCKjEtnnXEHsXE9IvCb92V7g,100 gorillas vs. Florida Final Boss? 🦍🐊 #shorts,2026-03-23T03:39:28Z,19165,187,15
2026-03-23T11:41:29+00:00,gRNQkeddOeo,UCKjEtnnXEHsXE9IvCb92V7g,“I would light this thing on fire” 🔥🤣,2026-03-23T02:03:26Z,4360,139,5
2026-03-23T11:41:29+00:00,a8PrkqVWt_s,UCKjEtnnXEHsXE9IvCb92V7g,Tony Delk breaks down the difference in the 2025 and 2026 Florida guards. #MarchMadness,2026-03-23T01:13:03Z,2002,7,1
2026-03-23T11:42:00+00:00,q7oYm4P9UKc,UCKjEtnnXEHsXE9IvCb92V7g,100 gorillas vs. Florida Final Boss? 🦍🐊 #shorts,2026-03-23T03:39:28Z,19165,187,15
2026-03-23T11:42:00+00:00,gRNQkeddOeo,UCKjEtnnXEHsXE9IvCb92V7g,“I would light this thing on fire” 🔥🤣,2026-03-23T02:03:26Z,4360,139,5
2026-03-23T11:42:00+00:00,a8PrkqVWt_s,UCKjEtnnXEHsXE9IvCb92V7g,Tony Delk breaks down the difference in the 2025 and 2026 Florida guards. #MarchMadness,2026-03-23T01:13:03Z,2002,7,1
2026-03-23T11:42:31+00:00,q7oYm4P9UKc,UCKjEtnnXEHsXE9IvCb92V7g,100 gorillas vs. Florida Final Boss? 🦍🐊 #shorts,2026-03-23T03:39:28Z,19165,187,15
2026-03-23T11:42:31+00:00,gRNQkeddOeo,UCKjEtnnXEHsXE9IvCb92V7g,“I would light this thing on fire” 🔥🤣,2026-03-23T02:03:26Z,4360,139,5
2026-03-23T11:42:31+00:00,a8PrkqVWt_s,UCKjEtnnXEHsXE9IvCb92V7g,Tony Delk breaks down the difference in the 2025 and 2026 Florida guards. #MarchMadness,2026-03-23T01:13:03Z,2002,7,1
2026-03-23T11:43:02+00:00,q7oYm4P9UKc,UCKjEtnnXEHsXE9IvCb92V7g,100 gorillas vs. Florida Final Boss? 🦍🐊 #shorts,2026-03-23T03:39:28Z,19165,188,15
2026-03-23T11:43:02+00:00,gRNQkeddOeo,UCKjEtnnXEHsXE9IvCb92V7g,“I would light this thing on fire” 🔥🤣,2026-03-23T02:03:26Z,4360,139,5
2026-03-23T11:43:02+00:00,a8PrkqVWt_s,UCKjEtnnXEHsXE9IvCb92V7g,Tony Delk breaks down the difference in the 2025 and 2026 Florida guards. #MarchMadness,2026-03-23T01:13:03Z,2002,7,1
2026-03-23T11:43:33+00:00,q7oYm4P9UKc,UCKjEtnnXEHsXE9IvCb92V7g,100 gorillas vs. Florida Final Boss? 🦍🐊 #shorts,2026-03-23T03:39:28Z,19165,188,15
2026-03-23T11:43:33+00:00,gRNQkeddOeo,UCKjEtnnXEHsXE9IvCb92V7g,“I would light this thing on fire” 🔥🤣,2026-03-23T02:03:26Z,4360,139,5
2026-03-23T11:43:33+00:00,a8PrkqVWt_s,UCKjEtnnXEHsXE9IvCb92V7g,Tony Delk breaks down the difference in the 2025 and 2026 Florida guards. #MarchMadness,2026-03-23T01:13:03Z,2002,7,1
2026-03-23T11:44:04+00:00,q7oYm4P9UKc,UCKjEtnnXEHsXE9IvCb92V7g,100 gorillas vs. Florida Final Boss? 🦍🐊 #shorts,2026-03-23T03:39:28Z,19165,188,15
2026-03-23T11:44:04+00:00,gRNQkeddOeo,UCKjEtnnXEHsXE9IvCb92V7g,“I would light this thing on fire” 🔥🤣,2026-03-23T02:03:26Z,4360,139,5
2026-03-23T11:44:04+00:00,a8PrkqVWt_s,UCKjEtnnXEHsXE9IvCb92V7g,Tony Delk breaks down the difference in the 2025 and 2026 Florida guards. #MarchMadness,2026-03-23T01:13:03Z,2002,7,1
2026-03-23T11:44:34+00:00,q7oYm4P9UKc,UCKjEtnnXEHsXE9IvCb92V7g,100 gorillas vs. Florida Final Boss? 🦍🐊 #shorts,2026-03-23T03:39:28Z,19165,189,15
2026-03-23T11:44:34+00:00,gRNQkeddOeo,UCKjEtnnXEHsXE9IvCb92V7g,“I would light this thing on fire” 🔥🤣,2026-03-23T02:03:26Z,4391,139,5
2026-03-23T11:44:34+00:00,a8PrkqVWt_s,UCKjEtnnXEHsXE9IvCb92V7g,Tony Delk breaks down the difference in the 2025 and 2026 Florida guards. #MarchMadness,2026-03-23T01:13:03Z,2002,7,1
2026-03-23T11:45:05+00:00,q7oYm4P9UKc,UCKjEtnnXEHsXE9IvCb92V7g,100 gorillas vs. Florida Final Boss? 🦍🐊 #shorts,2026-03-23T03:39:28Z,19165,190,15
2026-03-23T11:45:05+00:00,gRNQkeddOeo,UCKjEtnnXEHsXE9IvCb92V7g,“I would light this thing on fire” 🔥🤣,2026-03-23T02:03:26Z,4391,139,5
2026-03-23T11:45:05+00:00,a8PrkqVWt_s,UCKjEtnnXEHsXE9IvCb92V7g,Tony Delk breaks down the difference in the 2025 and 2026 Florida guards. #MarchMadness,2026-03-23T01:13:03Z,2002,7,1
2026-03-23T11:45:36+00:00,q7oYm4P9UKc,UCKjEtnnXEHsXE9IvCb92V7g,100 gorillas vs. Florida Final Boss? 🦍🐊 #shorts,2026-03-23T03:39:28Z,19165,190,15
2026-03-23T11:45:36+00:00,gRNQkeddOeo,UCKjEtnnXEHsXE9IvCb92V7g,“I would light this thing on fire” 🔥🤣,2026-03-23T02:03:26Z,4391,139,5
2026-03-23T11:45:36+00:00,a8PrkqVWt_s,UCKjEtnnXEHsXE9IvCb92V7g,Tony Delk breaks down the difference in the 2025 and 2026 Florida guards. #MarchMadness,2026-03-23T01:13:03Z,2002,7,1
2026-03-23T11:46:07+00:00,q7oYm4P9UKc,UCKjEtnnXEHsXE9IvCb92V7g,100 gorillas vs. Florida Final Boss? 🦍🐊 #shorts,2026-03-23T03:39:28Z,19165,190,15
2026-03-23T11:46:07+00:00,gRNQkeddOeo,UCKjEtnnXEHsXE9IvCb92V7g,“I would light this thing on fire” 🔥🤣,2026-03-23T02:03:26Z,4391,139,5
2026-03-23T11:46:07+00:00,a8PrkqVWt_s,UCKjEtnnXEHsXE9IvCb92V7g,Tony Delk breaks down the difference in the 2025 and 2026 Florida guards. #MarchMadness,2026-03-23T01:13:03Z,2002,7,1
2026-03-23T11:46:37+00:00,q7oYm4P9UKc,UCKjEtnnXEHsXE9IvCb92V7g,100 gorillas vs. Florida Final Boss? 🦍🐊 #shorts,2026-03-23T03:39:28Z,19273,190,15
2026-03-23T11:46:37+00:00,gRNQkeddOeo,UCKjEtnnXEHsXE9IvCb92V7g,“I would light this thing on fire” 🔥🤣,2026-03-23T02:03:26Z,4391,139,5
2026-03-23T11:46:37+00:00,a8PrkqVWt_s,UCKjEtnnXEHsXE9IvCb92V7g,Tony Delk breaks down the difference in the 2025 and 2026 Florida guards. #MarchMadness,2026-03-23T01:13:03Z,2002,7,1
2026-03-23T11:47:08+00:00,q7oYm4P9UKc,UCKjEtnnXEHsXE9IvCb92V7g,100 gorillas vs. Florida Final Boss? 🦍🐊 #shorts,2026-03-23T03:39:28Z,19273,191,15
2026-03-23T11:47:08+00:00,gRNQkeddOeo,UCKjEtnnXEHsXE9IvCb92V7g,“I would light this thing on fire” 🔥🤣,2026-03-23T02:03:26Z,4391,139,5
2026-03-23T11:47:08+00:00,a8PrkqVWt_s,UCKjEtnnXEHsXE9IvCb92V7g,Tony Delk breaks down the difference in the 2025 and 2026 Florida guards. #MarchMadness,2026-03-23T01:13:03Z,2002,7,1
2026-03-23T11:47:39+00:00,q7oYm4P9UKc,UCKjEtnnXEHsXE9IvCb92V7g,100 gorillas vs. Florida Final Boss? 🦍🐊 #shorts,2026-03-23T03:39:28Z,19273,191,15
2026-03-23T11:47:39+00:00,gRNQkeddOeo,UCKjEtnnXEHsXE9IvCb92V7g,“I would light this thing on fire” 🔥🤣,2026-03-23T02:03:26Z,4391,139,5
2026-03-23T11:47:39+00:00,a8PrkqVWt_s,UCKjEtnnXEHsXE9IvCb92V7g,Tony Delk breaks down the difference in the 2025 and 2026 Florida guards. #MarchMadness,2026-03-23T01:13:03Z,2002,7,1
2026-03-23T11:48:10+00:00,q7oYm4P9UKc,UCKjEtnnXEHsXE9IvCb92V7g,100 gorillas vs. Florida Final Boss? 🦍🐊 #shorts,2026-03-23T03:39:28Z,19273,191,15
2026-03-23T11:48:10+00:00,gRNQkeddOeo,UCKjEtnnXEHsXE9IvCb92V7g,“I would light this thing on fire” 🔥🤣,2026-03-23T02:03:26Z,4391,140,5
2026-03-23T11:48:10+00:00,a8PrkqVWt_s,UCKjEtnnXEHsXE9IvCb92V7g,Tony Delk breaks down the difference in the 2025 and 2026 Florida guards. #MarchMadness,2026-03-23T01:13:03Z,2002,7,1
2026-03-23T11:48:41+00:00,q7oYm4P9UKc,UCKjEtnnXEHsXE9IvCb92V7g,100 gorillas vs. Florida Final Boss? 🦍🐊 #shorts,2026-03-23T03:39:28Z,19273,191,15
2026-03-23T11:48:41+00:00,gRNQkeddOeo,UCKjEtnnXEHsXE9IvCb92V7g,“I would light this thing on fire” 🔥🤣,2026-03-23T02:03:26Z,4391,140,5
2026-03-23T11:48:41+00:00,a8PrkqVWt_s,UCKjEtnnXEHsXE9IvCb92V7g,Tony Delk breaks down the difference in the 2025 and 2026 Florida guards. #MarchMadness,2026-03-23T01:13:03Z,2002,7,1
2026-03-23T11:49:11+00:00,q7oYm4P9UKc,UCKjEtnnXEHsXE9IvCb92V7g,100 gorillas vs. Florida Final Boss? 🦍🐊 #shorts,2026-03-23T03:39:28Z,19273,191,15
2026-03-23T11:49:11+00:00,gRNQkeddOeo,UCKjEtnnXEHsXE9IvCb92V7g,“I would light this thing on fire” 🔥🤣,2026-03-23T02:03:26Z,4409,140,5
2026-03-23T11:49:11+00:00,a8PrkqVWt_s,UCKjEtnnXEHsXE9IvCb92V7g,Tony Delk breaks down the difference in the 2025 and 2026 Florida guards. #MarchMadness,2026-03-23T01:13:03Z,2002,7,1
2026-03-23T11:49:42+00:00,q7oYm4P9UKc,UCKjEtnnXEHsXE9IvCb92V7g,100 gorillas vs. Florida Final Boss? 🦍🐊 #shorts,2026-03-23T03:39:28Z,19273,191,15
2026-03-23T11:49:42+00:00,gRNQkeddOeo,UCKjEtnnXEHsXE9IvCb92V7g,“I would light this thing on fire” 🔥🤣,2026-03-23T02:03:26Z,4409,140,5
2026-03-23T11:49:42+00:00,a8PrkqVWt_s,UCKjEtnnXEHsXE9IvCb92V7g,Tony Delk breaks down the difference in the 2025 and 2026 Florida guards. #MarchMadness,2026-03-23T01:13:03Z,2002,7,1
2026-03-23T11:50:13+00:00,q7oYm4P9UKc,UCKjEtnnXEHsXE9IvCb92V7g,100 gorillas vs. Florida Final Boss? 🦍🐊 #shorts,2026-03-23T03:39:28Z,19273,191,15
2026-03-23T11:50:13+00:00,gRNQkeddOeo,UCKjEtnnXEHsXE9IvCb92V7g,“I would light this thing on fire” 🔥🤣,2026-03-23T02:03:26Z,4409,140,5
2026-03-23T11:50:13+00:00,a8PrkqVWt_s,UCKjEtnnXEHsXE9IvCb92V7g,Tony Delk breaks down the difference in the 2025 and 2026 Florida guards. #MarchMadness,2026-03-23T01:13:03Z,2002,7,1
2026-03-23T11:50:44+00:00,q7oYm4P9UKc,UCKjEtnnXEHsXE9IvCb92V7g,100 gorillas vs. Florida Final Boss? 🦍🐊 #shorts,2026-03-23T03:39:28Z,19273,191,15
2026-03-23T11:50:44+00:00,gRNQkeddOeo,UCKjEtnnXEHsXE9IvCb92V7g,“I would light this thing on fire” 🔥🤣,2026-03-23T02:03:26Z,4409,140,5
2026-03-23T11:50:44+00:00,a8PrkqVWt_s,UCKjEtnnXEHsXE9IvCb92V7g,Tony Delk breaks down the difference in the 2025 and 2026 Florida guards. #MarchMadness,2026-03-23T01:13:03Z,2002,7,1
2026-03-23T11:51:14+00:00,q7oYm4P9UKc,UCKjEtnnXEHsXE9IvCb92V7g,100 gorillas vs. Florida Final Boss? 🦍🐊 #shorts,2026-03-23T03:39:28Z,19414,191,15
2026-03-23T11:51:14+00:00,gRNQkeddOeo,UCKjEtnnXEHsXE9IvCb92V7g,“I would light this thing on fire” 🔥🤣,2026-03-23T02:03:26Z,4409,140,5
2026-03-23T11:51:14+00:00,a8PrkqVWt_s,UCKjEtnnXEHsXE9IvCb92V7g,Tony Delk breaks down the difference in the 2025 and 2026 Florida guards. #MarchMadness,2026-03-23T01:13:03Z,2002,7,1
2026-03-23T11:51:45+00:00,q7oYm4P9UKc,UCKjEtnnXEHsXE9IvCb92V7g,100 gorillas vs. Florida Final Boss? 🦍🐊 #shorts,2026-03-23T03:39:28Z,19414,191,15
2026-03-23T11:51:45+00:00,gRNQkeddOeo,UCKjEtnnXEHsXE9IvCb92V7g,“I would light this thing on fire” 🔥🤣,2026-03-23T02:03:26Z,4409,140,5
2026-03-23T11:51:45+00:00,a8PrkqVWt_s,UCKjEtnnXEHsXE9IvCb92V7g,Tony Delk breaks down the difference in the 2025 and 2026 Florida guards. #MarchMadness,2026-03-23T01:13:03Z,2002,7,1
2026-03-23T11:52:16+00:00,q7oYm4P9UKc,UCKjEtnnXEHsXE9IvCb92V7g,100 gorillas vs. Florida Final Boss? 🦍🐊 #shorts,2026-03-23T03:39:28Z,19414,191,15
2026-03-23T11:52:16+00:00,gRNQkeddOeo,UCKjEtnnXEHsXE9IvCb92V7g,“I would light this thing on fire” 🔥🤣,2026-03-23T02:03:26Z,4409,140,5
2026-03-23T11:52:16+00:00,a8PrkqVWt_s,UCKjEtnnXEHsXE9IvCb92V7g,Tony Delk breaks down the difference in the 2025 and 2026 Florida guards. #MarchMadness,2026-03-23T01:13:03Z,2002,7,1
2026-03-23T11:52:46+00:00,q7oYm4P9UKc,UCKjEtnnXEHsXE9IvCb92V7g,100 gorillas vs. Florida Final Boss? 🦍🐊 #shorts,2026-03-23T03:39:28Z,19414,191,15
2026-03-23T11:52:46+00:00,gRNQkeddOeo,UCKjEtnnXEHsXE9IvCb92V7g,“I would light this thing on fire” 🔥🤣,2026-03-23T02:03:26Z,4409,140,5
2026-03-23T11:52:46+00:00,a8PrkqVWt_s,UCKjEtnnXEHsXE9IvCb92V7g,Tony Delk breaks down the difference in the 2025 and 2026 Florida guards. #MarchMadness,2026-03-23T01:13:03Z,2002,7,1
2026-03-23T11:53:17+00:00,q7oYm4P9UKc,UCKjEtnnXEHsXE9IvCb92V7g,100 gorillas vs. Florida Final Boss? 🦍🐊 #shorts,2026-03-23T03:39:28Z,19414,192,15
2026-03-23T11:53:17+00:00,gRNQkeddOeo,UCKjEtnnXEHsXE9IvCb92V7g,“I would light this thing on fire” 🔥🤣,2026-03-23T02:03:26Z,4409,140,5
2026-03-23T11:53:17+00:00,a8PrkqVWt_s,UCKjEtnnXEHsXE9IvCb92V7g,Tony Delk breaks down the difference in the 2025 and 2026 Florida guards. #MarchMadness,2026-03-23T01:13:03Z,2002,7,1
2026-03-23T11:53:47+00:00,q7oYm4P9UKc,UCKjEtnnXEHsXE9IvCb92V7g,100 gorillas vs. Florida Final Boss? 🦍🐊 #shorts,2026-03-23T03:39:28Z,19414,192,15
2026-03-23T11:53:47+00:00,gRNQkeddOeo,UCKjEtnnXEHsXE9IvCb92V7g,“I would light this thing on fire” 🔥🤣,2026-03-23T02:03:26Z,4409,140,5
2026-03-23T11:53:47+00:00,a8PrkqVWt_s,UCKjEtnnXEHsXE9IvCb92V7g,Tony Delk breaks down the difference in the 2025 and 2026 Florida guards. #MarchMadness,2026-03-23T01:13:03Z,2002,7,1
2026-03-23T11:54:18+00:00,q7oYm4P9UKc,UCKjEtnnXEHsXE9IvCb92V7g,100 gorillas vs. Florida Final Boss? 🦍🐊 #shorts,2026-03-23T03:39:28Z,19414,191,15
2026-03-23T11:54:18+00:00,gRNQkeddOeo,UCKjEtnnXEHsXE9IvCb92V7g,“I would light this thing on fire” 🔥🤣,2026-03-23T02:03:26Z,4434,140,5
2026-03-23T11:54:18+00:00,a8PrkqVWt_s,UCKjEtnnXEHsXE9IvCb92V7g,Tony Delk breaks down the difference in the 2025 and 2026 Florida guards. #MarchMadness,2026-03-23T01:13:03Z,2002,7,1
2026-03-23T11:54:48+00:00,q7oYm4P9UKc,UCKjEtnnXEHsXE9IvCb92V7g,100 gorillas vs. Florida Final Boss? 🦍🐊 #shorts,2026-03-23T03:39:28Z,19414,192,15
2026-03-23T11:54:48+00:00,gRNQkeddOeo,UCKjEtnnXEHsXE9IvCb92V7g,“I would light this thing on fire” 🔥🤣,2026-03-23T02:03:26Z,4434,140,5
2026-03-23T11:54:48+00:00,a8PrkqVWt_s,UCKjEtnnXEHsXE9IvCb92V7g,Tony Delk breaks down the difference in the 2025 and 2026 Florida guards. #MarchMadness,2026-03-23T01:13:03Z,2002,7,1
2026-03-23T11:55:19+00:00,q7oYm4P9UKc,UCKjEtnnXEHsXE9IvCb92V7g,100 gorillas vs. Florida Final Boss? 🦍🐊 #shorts,2026-03-23T03:39:28Z,19414,193,15
2026-03-23T11:55:19+00:00,gRNQkeddOeo,UCKjEtnnXEHsXE9IvCb92V7g,“I would light this thing on fire” 🔥🤣,2026-03-23T02:03:26Z,4434,140,5
2026-03-23T11:55:19+00:00,a8PrkqVWt_s,UCKjEtnnXEHsXE9IvCb92V7g,Tony Delk breaks down the difference in the 2025 and 2026 Florida guards. #MarchMadness,2026-03-23T01:13:03Z,2002,7,1
2026-03-23T11:55:49+00:00,q7oYm4P9UKc,UCKjEtnnXEHsXE9IvCb92V7g,100 gorillas vs. Florida Final Boss? 🦍🐊 #shorts,2026-03-23T03:39:28Z,19414,193,15
2026-03-23T11:55:49+00:00,gRNQkeddOeo,UCKjEtnnXEHsXE9IvCb92V7g,“I would light this thing on fire” 🔥🤣,2026-03-23T02:03:26Z,4434,140,5
2026-03-23T11:55:49+00:00,a8PrkqVWt_s,UCKjEtnnXEHsXE9IvCb92V7g,Tony Delk breaks down the difference in the 2025 and 2026 Florida guards. #MarchMadness,2026-03-23T01:13:03Z,2002,7,1
2026-03-23T11:56:20+00:00,q7oYm4P9UKc,UCKjEtnnXEHsXE9IvCb92V7g,100 gorillas vs. Florida Final Boss? 🦍🐊 #shorts,2026-03-23T03:39:28Z,19589,193,15
2026-03-23T11:56:20+00:00,gRNQkeddOeo,UCKjEtnnXEHsXE9IvCb92V7g,“I would light this thing on fire” 🔥🤣,2026-03-23T02:03:26Z,4434,140,5
2026-03-23T11:56:20+00:00,a8PrkqVWt_s,UCKjEtnnXEHsXE9IvCb92V7g,Tony Delk breaks down the difference in the 2025 and 2026 Florida guards. #MarchMadness,2026-03-23T01:13:03Z,2002,7,1
2026-03-23T11:56:51+00:00,q7oYm4P9UKc,UCKjEtnnXEHsXE9IvCb92V7g,100 gorillas vs. Florida Final Boss? 🦍🐊 #shorts,2026-03-23T03:39:28Z,19590,193,15
2026-03-23T11:56:51+00:00,gRNQkeddOeo,UCKjEtnnXEHsXE9IvCb92V7g,“I would light this thing on fire” 🔥🤣,2026-03-23T02:03:26Z,4434,140,5
2026-03-23T11:56:51+00:00,a8PrkqVWt_s,UCKjEtnnXEHsXE9IvCb92V7g,Tony Delk breaks down the difference in the 2025 and 2026 Florida guards. #MarchMadness,2026-03-23T01:13:03Z,2002,7,1
2026-03-23T11:57:22+00:00,q7oYm4P9UKc,UCKjEtnnXEHsXE9IvCb92V7g,100 gorillas vs. Florida Final Boss? 🦍🐊 #shorts,2026-03-23T03:39:28Z,19590,193,15
2026-03-23T11:57:22+00:00,gRNQkeddOeo,UCKjEtnnXEHsXE9IvCb92V7g,“I would light this thing on fire” 🔥🤣,2026-03-23T02:03:26Z,4434,140,5
2026-03-23T11:57:22+00:00,a8PrkqVWt_s,UCKjEtnnXEHsXE9IvCb92V7g,Tony Delk breaks down the difference in the 2025 and 2026 Florida guards. #MarchMadness,2026-03-23T01:13:03Z,2002,7,1
2026-03-23T11:57:53+00:00,q7oYm4P9UKc,UCKjEtnnXEHsXE9IvCb92V7g,100 gorillas vs. Florida Final Boss? 🦍🐊 #shorts,2026-03-23T03:39:28Z,19590,194,15
2026-03-23T11:57:53+00:00,gRNQkeddOeo,UCKjEtnnXEHsXE9IvCb92V7g,“I would light this thing on fire” 🔥🤣,2026-03-23T02:03:26Z,4434,141,5
2026-03-23T11:57:53+00:00,a8PrkqVWt_s,UCKjEtnnXEHsXE9IvCb92V7g,Tony Delk breaks down the difference in the 2025 and 2026 Florida guards. #MarchMadness,2026-03-23T01:13:03Z,2002,7,1
2026-03-23T11:58:24+00:00,q7oYm4P9UKc,UCKjEtnnXEHsXE9IvCb92V7g,100 gorillas vs. Florida Final Boss? 🦍🐊 #shorts,2026-03-23T03:39:28Z,19590,194,15
2026-03-23T11:58:24+00:00,gRNQkeddOeo,UCKjEtnnXEHsXE9IvCb92V7g,“I would light this thing on fire” 🔥🤣,2026-03-23T02:03:26Z,4434,141,5
2026-03-23T11:58:24+00:00,a8PrkqVWt_s,UCKjEtnnXEHsXE9IvCb92V7g,Tony Delk breaks down the difference in the 2025 and 2026 Florida guards. #MarchMadness,2026-03-23T01:13:03Z,2002,7,1
2026-03-23T11:58:55+00:00,q7oYm4P9UKc,UCKjEtnnXEHsXE9IvCb92V7g,100 gorillas vs. Florida Final Boss? 🦍🐊 #shorts,2026-03-23T03:39:28Z,19590,194,15
2026-03-23T11:58:55+00:00,gRNQkeddOeo,UCKjEtnnXEHsXE9IvCb92V7g,“I would light this thing on fire” 🔥🤣,2026-03-23T02:03:26Z,4434,141,5
2026-03-23T11:58:55+00:00,a8PrkqVWt_s,UCKjEtnnXEHsXE9IvCb92V7g,Tony Delk breaks down the difference in the 2025 and 2026 Florida guards. #MarchMadness,2026-03-23T01:13:03Z,2002,7,1
2026-03-23T11:59:26+00:00,q7oYm4P9UKc,UCKjEtnnXEHsXE9IvCb92V7g,100 gorillas vs. Florida Final Boss? 🦍🐊 #shorts,2026-03-23T03:39:28Z,19590,194,15
2026-03-23T11:59:26+00:00,gRNQkeddOeo,UCKjEtnnXEHsXE9IvCb92V7g,“I would light this thing on fire” 🔥🤣,2026-03-23T02:03:26Z,4449,141,5
2026-03-23T11:59:26+00:00,a8PrkqVWt_s,UCKjEtnnXEHsXE9IvCb92V7g,Tony Delk breaks down the difference in the 2025 and 2026 Florida guards. #MarchMadness,2026-03-23T01:13:03Z,2002,7,1
2026-03-23T11:59:56+00:00,q7oYm4P9UKc,UCKjEtnnXEHsXE9IvCb92V7g,100 gorillas vs. Florida Final Boss? 🦍🐊 #shorts,2026-03-23T03:39:28Z,19590,194,15
2026-03-23T11:59:56+00:00,gRNQkeddOeo,UCKjEtnnXEHsXE9IvCb92V7g,“I would light this thing on fire” 🔥🤣,2026-03-23T02:03:26Z,4449,141,5
2026-03-23T11:59:56+00:00,a8PrkqVWt_s,UCKjEtnnXEHsXE9IvCb92V7g,Tony Delk breaks down the difference in the 2025 and 2026 Florida guards. #MarchMadness,2026-03-23T01:13:03Z,2002,7,1
2026-03-23T12:00:27+00:00,q7oYm4P9UKc,UCKjEtnnXEHsXE9IvCb92V7g,100 gorillas vs. Florida Final Boss? 🦍🐊 #shorts,2026-03-23T03:39:28Z,19590,194,15
2026-03-23T12:00:27+00:00,gRNQkeddOeo,UCKjEtnnXEHsXE9IvCb92V7g,“I would light this thing on fire” 🔥🤣,2026-03-23T02:03:26Z,4449,141,5
2026-03-23T12:00:27+00:00,a8PrkqVWt_s,UCKjEtnnXEHsXE9IvCb92V7g,Tony Delk breaks down the difference in the 2025 and 2026 Florida guards. #MarchMadness,2026-03-23T01:13:03Z,2002,7,1
2026-03-23T12:00:58+00:00,q7oYm4P9UKc,UCKjEtnnXEHsXE9IvCb92V7g,100 gorillas vs. Florida Final Boss? 🦍🐊 #shorts,2026-03-23T03:39:28Z,19590,195,15
2026-03-23T12:00:58+00:00,gRNQkeddOeo,UCKjEtnnXEHsXE9IvCb92V7g,“I would light this thing on fire” 🔥🤣,2026-03-23T02:03:26Z,4449,141,5
2026-03-23T12:00:58+00:00,a8PrkqVWt_s,UCKjEtnnXEHsXE9IvCb92V7g,Tony Delk breaks down the difference in the 2025 and 2026 Florida guards. #MarchMadness,2026-03-23T01:13:03Z,2002,7,1
2026-03-23T12:01:29+00:00,q7oYm4P9UKc,UCKjEtnnXEHsXE9IvCb92V7g,100 gorillas vs. Florida Final Boss? 🦍🐊 #shorts,2026-03-23T03:39:28Z,19678,196,15
2026-03-23T12:01:29+00:00,gRNQkeddOeo,UCKjEtnnXEHsXE9IvCb92V7g,“I would light this thing on fire” 🔥🤣,2026-03-23T02:03:26Z,4449,141,5
2026-03-23T12:01:29+00:00,a8PrkqVWt_s,UCKjEtnnXEHsXE9IvCb92V7g,Tony Delk breaks down the difference in the 2025 and 2026 Florida guards. #MarchMadness,2026-03-23T01:13:03Z,2002,7,1
2026-03-23T12:02:00+00:00,q7oYm4P9UKc,UCKjEtnnXEHsXE9IvCb92V7g,100 gorillas vs. Florida Final Boss? 🦍🐊 #shorts,2026-03-23T03:39:28Z,19678,196,15
2026-03-23T12:02:00+00:00,gRNQkeddOeo,UCKjEtnnXEHsXE9IvCb92V7g,“I would light this thing on fire” 🔥🤣,2026-03-23T02:03:26Z,4449,141,5
2026-03-23T12:02:00+00:00,a8PrkqVWt_s,UCKjEtnnXEHsXE9IvCb92V7g,Tony Delk breaks down the difference in the 2025 and 2026 Florida guards. #MarchMadness,2026-03-23T01:13:03Z,2002,7,1
2026-03-23T12:02:31+00:00,q7oYm4P9UKc,UCKjEtnnXEHsXE9IvCb92V7g,100 gorillas vs. Florida Final Boss? 🦍🐊 #shorts,2026-03-23T03:39:28Z,19678,196,15
2026-03-23T12:02:31+00:00,gRNQkeddOeo,UCKjEtnnXEHsXE9IvCb92V7g,“I would light this thing on fire” 🔥🤣,2026-03-23T02:03:26Z,4449,142,5
2026-03-23T12:02:31+00:00,a8PrkqVWt_s,UCKjEtnnXEHsXE9IvCb92V7g,Tony Delk breaks down the difference in the 2025 and 2026 Florida guards. #MarchMadness,2026-03-23T01:13:03Z,2002,7,1
2026-03-23T12:03:02+00:00,q7oYm4P9UKc,UCKjEtnnXEHsXE9IvCb92V7g,100 gorillas vs. Florida Final Boss? 🦍🐊 #shorts,2026-03-23T03:39:28Z,19678,196,15
2026-03-23T12:03:02+00:00,gRNQkeddOeo,UCKjEtnnXEHsXE9IvCb92V7g,“I would light this thing on fire” 🔥🤣,2026-03-23T02:03:26Z,4449,142,5
2026-03-23T12:03:02+00:00,a8PrkqVWt_s,UCKjEtnnXEHsXE9IvCb92V7g,Tony Delk breaks down the difference in the 2025 and 2026 Florida guards. #MarchMadness,2026-03-23T01:13:03Z,2002,7,1
2026-03-23T12:03:33+00:00,q7oYm4P9UKc,UCKjEtnnXEHsXE9IvCb92V7g,100 gorillas vs. Florida Final Boss? 🦍🐊 #shorts,2026-03-23T03:39:28Z,19678,197,15
2026-03-23T12:03:33+00:00,gRNQkeddOeo,UCKjEtnnXEHsXE9IvCb92V7g,“I would light this thing on fire” 🔥🤣,2026-03-23T02:03:26Z,4449,142,5
2026-03-23T12:03:33+00:00,a8PrkqVWt_s,UCKjEtnnXEHsXE9IvCb92V7g,Tony Delk breaks down the difference in the 2025 and 2026 Florida guards. #MarchMadness,2026-03-23T01:13:03Z,2002,7,1
2026-03-23T12:04:04+00:00,q7oYm4P9UKc,UCKjEtnnXEHsXE9IvCb92V7g,100 gorillas vs. Florida Final Boss? 🦍🐊 #shorts,2026-03-23T03:39:28Z,19678,197,15
2026-03-23T12:04:04+00:00,gRNQkeddOeo,UCKjEtnnXEHsXE9IvCb92V7g,“I would light this thing on fire” 🔥🤣,2026-03-23T02:03:26Z,4449,142,5
2026-03-23T12:04:04+00:00,a8PrkqVWt_s,UCKjEtnnXEHsXE9IvCb92V7g,Tony Delk breaks down the difference in the 2025 and 2026 Florida guards. #MarchMadness,2026-03-23T01:13:03Z,2002,7,1
2026-03-23T12:04:34+00:00,q7oYm4P9UKc,UCKjEtnnXEHsXE9IvCb92V7g,100 gorillas vs. Florida Final Boss? 🦍🐊 #shorts,2026-03-23T03:39:28Z,19678,197,15
2026-03-23T12:04:34+00:00,gRNQkeddOeo,UCKjEtnnXEHsXE9IvCb92V7g,“I would light this thing on fire” 🔥🤣,2026-03-23T02:03:26Z,4462,142,5
2026-03-23T12:04:34+00:00,a8PrkqVWt_s,UCKjEtnnXEHsXE9IvCb92V7g,Tony Delk breaks down the difference in the 2025 and 2026 Florida guards. #MarchMadness,2026-03-23T01:13:03Z,2002,7,1
2026-03-23T12:05:05+00:00,q7oYm4P9UKc,UCKjEtnnXEHsXE9IvCb92V7g,100 gorillas vs. Florida Final Boss? 🦍🐊 #shorts,2026-03-23T03:39:28Z,19678,197,15
2026-03-23T12:05:05+00:00,gRNQkeddOeo,UCKjEtnnXEHsXE9IvCb92V7g,“I would light this thing on fire” 🔥🤣,2026-03-23T02:03:26Z,4462,142,5
2026-03-23T12:05:05+00:00,a8PrkqVWt_s,UCKjEtnnXEHsXE9IvCb92V7g,Tony Delk breaks down the difference in the 2025 and 2026 Florida guards. #MarchMadness,2026-03-23T01:13:03Z,2002,7,1
2026-03-23T12:05:36+00:00,q7oYm4P9UKc,UCKjEtnnXEHsXE9IvCb92V7g,100 gorillas vs. Florida Final Boss? 🦍🐊 #shorts,2026-03-23T03:39:28Z,19678,197,15
2026-03-23T12:05:36+00:00,gRNQkeddOeo,UCKjEtnnXEHsXE9IvCb92V7g,“I would light this thing on fire” 🔥🤣,2026-03-23T02:03:26Z,4462,142,5
2026-03-23T12:05:36+00:00,a8PrkqVWt_s,UCKjEtnnXEHsXE9IvCb92V7g,Tony Delk breaks down the difference in the 2025 and 2026 Florida guards. #MarchMadness,2026-03-23T01:13:03Z,2002,7,1
2026-03-23T12:06:07+00:00,q7oYm4P9UKc,UCKjEtnnXEHsXE9IvCb92V7g,100 gorillas vs. Florida Final Boss? 🦍🐊 #shorts,2026-03-23T03:39:28Z,19678,197,15
2026-03-23T12:06:07+00:00,gRNQkeddOeo,UCKjEtnnXEHsXE9IvCb92V7g,“I would light this thing on fire” 🔥🤣,2026-03-23T02:03:26Z,4462,142,5
2026-03-23T12:06:07+00:00,a8PrkqVWt_s,UCKjEtnnXEHsXE9IvCb92V7g,Tony Delk breaks down the difference in the 2025 and 2026 Florida guards. #MarchMadness,2026-03-23T01:13:03Z,2002,7,1
2026-03-23T12:06:38+00:00,q7oYm4P9UKc,UCKjEtnnXEHsXE9IvCb92V7g,100 gorillas vs. Florida Final Boss? 🦍🐊 #shorts,2026-03-23T03:39:28Z,19800,198,15
2026-03-23T12:06:38+00:00,gRNQkeddOeo,UCKjEtnnXEHsXE9IvCb92V7g,“I would light this thing on fire” 🔥🤣,2026-03-23T02:03:26Z,4462,142,5
2026-03-23T12:06:38+00:00,a8PrkqVWt_s,UCKjEtnnXEHsXE9IvCb92V7g,Tony Delk breaks down the difference in the 2025 and 2026 Florida guards. #MarchMadness,2026-03-23T01:13:03Z,2002,7,1
2026-03-23T12:07:09+00:00,q7oYm4P9UKc,UCKjEtnnXEHsXE9IvCb92V7g,100 gorillas vs. Florida Final Boss? 🦍🐊 #shorts,2026-03-23T03:39:28Z,19802,198,15
2026-03-23T12:07:09+00:00,gRNQkeddOeo,UCKjEtnnXEHsXE9IvCb92V7g,“I would light this thing on fire” 🔥🤣,2026-03-23T02:03:26Z,4462,142,5
2026-03-23T12:07:09+00:00,a8PrkqVWt_s,UCKjEtnnXEHsXE9IvCb92V7g,Tony Delk breaks down the difference in the 2025 and 2026 Florida guards. #MarchMadness,2026-03-23T01:13:03Z,2002,7,1
2026-03-23T12:07:40+00:00,q7oYm4P9UKc,UCKjEtnnXEHsXE9IvCb92V7g,100 gorillas vs. Florida Final Boss? 🦍🐊 #shorts,2026-03-23T03:39:28Z,19804,198,15
2026-03-23T12:07:40+00:00,gRNQkeddOeo,UCKjEtnnXEHsXE9IvCb92V7g,“I would light this thing on fire” 🔥🤣,2026-03-23T02:03:26Z,4462,142,5
2026-03-23T12:07:40+00:00,a8PrkqVWt_s,UCKjEtnnXEHsXE9IvCb92V7g,Tony Delk breaks down the difference in the 2025 and 2026 Florida guards. #MarchMadness,2026-03-23T01:13:03Z,2002,7,1
2026-03-23T12:08:10+00:00,q7oYm4P9UKc,UCKjEtnnXEHsXE9IvCb92V7g,100 gorillas vs. Florida Final Boss? 🦍🐊 #shorts,2026-03-23T03:39:28Z,19804,198,15
2026-03-23T12:08:10+00:00,gRNQkeddOeo,UCKjEtnnXEHsXE9IvCb92V7g,“I would light this thing on fire” 🔥🤣,2026-03-23T02:03:26Z,4462,142,5
2026-03-23T12:08:10+00:00,a8PrkqVWt_s,UCKjEtnnXEHsXE9IvCb92V7g,Tony Delk breaks down the difference in the 2025 and 2026 Florida guards. #MarchMadness,2026-03-23T01:13:03Z,2002,7,1
2026-03-23T12:08:41+00:00,q7oYm4P9UKc,UCKjEtnnXEHsXE9IvCb92V7g,100 gorillas vs. Florida Final Boss? 🦍🐊 #shorts,2026-03-23T03:39:28Z,19804,199,15
2026-03-23T12:08:41+00:00,gRNQkeddOeo,UCKjEtnnXEHsXE9IvCb92V7g,“I would light this thing on fire” 🔥🤣,2026-03-23T02:03:26Z,4462,142,5
2026-03-23T12:08:41+00:00,a8PrkqVWt_s,UCKjEtnnXEHsXE9IvCb92V7g,Tony Delk breaks down the difference in the 2025 and 2026 Florida guards. #MarchMadness,2026-03-23T01:13:03Z,2002,7,1
2026-03-23T12:09:12+00:00,q7oYm4P9UKc,UCKjEtnnXEHsXE9IvCb92V7g,100 gorillas vs. Florida Final Boss? 🦍🐊 #shorts,2026-03-23T03:39:28Z,19804,199,15
2026-03-23T12:09:12+00:00,gRNQkeddOeo,UCKjEtnnXEHsXE9IvCb92V7g,“I would light this thing on fire” 🔥🤣,2026-03-23T02:03:26Z,4492,142,5
2026-03-23T12:09:12+00:00,a8PrkqVWt_s,UCKjEtnnXEHsXE9IvCb92V7g,Tony Delk breaks down the difference in the 2025 and 2026 Florida guards. #MarchMadness,2026-03-23T01:13:03Z,2002,7,1
2026-03-23T12:09:43+00:00,q7oYm4P9UKc,UCKjEtnnXEHsXE9IvCb92V7g,100 gorillas vs. Florida Final Boss? 🦍🐊 #shorts,2026-03-23T03:39:28Z,19804,200,15
2026-03-23T12:09:43+00:00,gRNQkeddOeo,UCKjEtnnXEHsXE9IvCb92V7g,“I would light this thing on fire” 🔥🤣,2026-03-23T02:03:26Z,4492,142,5
2026-03-23T12:09:43+00:00,a8PrkqVWt_s,UCKjEtnnXEHsXE9IvCb92V7g,Tony Delk breaks down the difference in the 2025 and 2026 Florida guards. #MarchMadness,2026-03-23T01:13:03Z,2002,7,1
2026-03-23T12:10:14+00:00,q7oYm4P9UKc,UCKjEtnnXEHsXE9IvCb92V7g,100 gorillas vs. Florida Final Boss? 🦍🐊 #shorts,2026-03-23T03:39:28Z,19804,202,15
2026-03-23T12:10:14+00:00,gRNQkeddOeo,UCKjEtnnXEHsXE9IvCb92V7g,“I would light this thing on fire” 🔥🤣,2026-03-23T02:03:26Z,4492,142,5
2026-03-23T12:10:14+00:00,a8PrkqVWt_s,UCKjEtnnXEHsXE9IvCb92V7g,Tony Delk breaks down the difference in the 2025 and 2026 Florida guards. #MarchMadness,2026-03-23T01:13:03Z,2002,7,1
2026-03-23T12:10:44+00:00,q7oYm4P9UKc,UCKjEtnnXEHsXE9IvCb92V7g,100 gorillas vs. Florida Final Boss? 🦍🐊 #shorts,2026-03-23T03:39:28Z,19804,202,15
2026-03-23T12:10:44+00:00,gRNQkeddOeo,UCKjEtnnXEHsXE9IvCb92V7g,“I would light this thing on fire” 🔥🤣,2026-03-23T02:03:26Z,4492,142,5
2026-03-23T12:10:44+00:00,a8PrkqVWt_s,UCKjEtnnXEHsXE9IvCb92V7g,Tony Delk breaks down the difference in the 2025 and 2026 Florida guards. #MarchMadness,2026-03-23T01:13:03Z,2002,7,1
2026-03-23T12:11:15+00:00,q7oYm4P9UKc,UCKjEtnnXEHsXE9IvCb92V7g,100 gorillas vs. Florida Final Boss? 🦍🐊 #shorts,2026-03-23T03:39:28Z,19987,202,15
2026-03-23T12:11:15+00:00,gRNQkeddOeo,UCKjEtnnXEHsXE9IvCb92V7g,“I would light this thing on fire” 🔥🤣,2026-03-23T02:03:26Z,4492,142,5
2026-03-23T12:11:15+00:00,a8PrkqVWt_s,UCKjEtnnXEHsXE9IvCb92V7g,Tony Delk breaks down the difference in the 2025 and 2026 Florida guards. #MarchMadness,2026-03-23T01:13:03Z,2002,7,1
2026-03-23T12:11:46+00:00,q7oYm4P9UKc,UCKjEtnnXEHsXE9IvCb92V7g,100 gorillas vs. Florida Final Boss? 🦍🐊 #shorts,2026-03-23T03:39:28Z,19987,202,15
2026-03-23T12:11:46+00:00,gRNQkeddOeo,UCKjEtnnXEHsXE9IvCb92V7g,“I would light this thing on fire” 🔥🤣,2026-03-23T02:03:26Z,4492,142,5
2026-03-23T12:11:46+00:00,a8PrkqVWt_s,UCKjEtnnXEHsXE9IvCb92V7g,Tony Delk breaks down the difference in the 2025 and 2026 Florida guards. #MarchMadness,2026-03-23T01:13:03Z,2002,7,1
2026-03-23T12:12:17+00:00,q7oYm4P9UKc,UCKjEtnnXEHsXE9IvCb92V7g,100 gorillas vs. Florida Final Boss? 🦍🐊 #shorts,2026-03-23T03:39:28Z,19987,202,15
2026-03-23T12:12:17+00:00,gRNQkeddOeo,UCKjEtnnXEHsXE9IvCb92V7g,“I would light this thing on fire” 🔥🤣,2026-03-23T02:03:26Z,4492,142,5
2026-03-23T12:12:17+00:00,a8PrkqVWt_s,UCKjEtnnXEHsXE9IvCb92V7g,Tony Delk breaks down the difference in the 2025 and 2026 Florida guards. #MarchMadness,2026-03-23T01:13:03Z,2002,7,1
2026-03-23T12:12:48+00:00,q7oYm4P9UKc,UCKjEtnnXEHsXE9IvCb92V7g,100 gorillas vs. Florida Final Boss? 🦍🐊 #shorts,2026-03-23T03:39:28Z,19987,203,15
2026-03-23T12:12:48+00:00,gRNQkeddOeo,UCKjEtnnXEHsXE9IvCb92V7g,“I would light this thing on fire” 🔥🤣,2026-03-23T02:03:26Z,4492,142,5
2026-03-23T12:12:48+00:00,a8PrkqVWt_s,UCKjEtnnXEHsXE9IvCb92V7g,Tony Delk breaks down the difference in the 2025 and 2026 Florida guards. #MarchMadness,2026-03-23T01:13:03Z,2002,7,1
2026-03-23T12:13:19+00:00,q7oYm4P9UKc,UCKjEtnnXEHsXE9IvCb92V7g,100 gorillas vs. Florida Final Boss? 🦍🐊 #shorts,2026-03-23T03:39:28Z,19987,203,15
2026-03-23T12:13:19+00:00,gRNQkeddOeo,UCKjEtnnXEHsXE9IvCb92V7g,“I would light this thing on fire” 🔥🤣,2026-03-23T02:03:26Z,4492,142,5
2026-03-23T12:13:19+00:00,a8PrkqVWt_s,UCKjEtnnXEHsXE9IvCb92V7g,Tony Delk breaks down the difference in the 2025 and 2026 Florida guards. #MarchMadness,2026-03-23T01:13:03Z,2002,7,1
2026-03-23T12:13:50+00:00,q7oYm4P9UKc,UCKjEtnnXEHsXE9IvCb92V7g,100 gorillas vs. Florida Final Boss? 🦍🐊 #shorts,2026-03-23T03:39:28Z,19987,204,15
2026-03-23T12:13:50+00:00,gRNQkeddOeo,UCKjEtnnXEHsXE9IvCb92V7g,“I would light this thing on fire” 🔥🤣,2026-03-23T02:03:26Z,4492,142,5
2026-03-23T12:13:50+00:00,a8PrkqVWt_s,UCKjEtnnXEHsXE9IvCb92V7g,Tony Delk breaks down the difference in the 2025 and 2026 Florida guards. #MarchMadness,2026-03-23T01:13:03Z,2002,7,1
2026-03-23T12:14:21+00:00,q7oYm4P9UKc,UCKjEtnnXEHsXE9IvCb92V7g,100 gorillas vs. Florida Final Boss? 🦍🐊 #shorts,2026-03-23T03:39:28Z,19987,204,15
2026-03-23T12:14:21+00:00,gRNQkeddOeo,UCKjEtnnXEHsXE9IvCb92V7g,“I would light this thing on fire” 🔥🤣,2026-03-23T02:03:26Z,4519,142,5
2026-03-23T12:14:21+00:00,a8PrkqVWt_s,UCKjEtnnXEHsXE9IvCb92V7g,Tony Delk breaks down the difference in the 2025 and 2026 Florida guards. #MarchMadness,2026-03-23T01:13:03Z,2002,7,1
2026-03-23T12:14:51+00:00,q7oYm4P9UKc,UCKjEtnnXEHsXE9IvCb92V7g,100 gorillas vs. Florida Final Boss? 🦍🐊 #shorts,2026-03-23T03:39:28Z,19987,204,15
2026-03-23T12:14:51+00:00,gRNQkeddOeo,UCKjEtnnXEHsXE9IvCb92V7g,“I would light this thing on fire” 🔥🤣,2026-03-23T02:03:26Z,4519,142,5
2026-03-23T12:14:51+00:00,a8PrkqVWt_s,UCKjEtnnXEHsXE9IvCb92V7g,Tony Delk breaks down the difference in the 2025 and 2026 Florida guards. #MarchMadness,2026-03-23T01:13:03Z,2002,7,1
2026-03-23T12:15:22+00:00,q7oYm4P9UKc,UCKjEtnnXEHsXE9IvCb92V7g,100 gorillas vs. Florida Final Boss? 🦍🐊 #shorts,2026-03-23T03:39:28Z,19987,204,15
2026-03-23T12:15:22+00:00,gRNQkeddOeo,UCKjEtnnXEHsXE9IvCb92V7g,“I would light this thing on fire” 🔥🤣,2026-03-23T02:03:26Z,4519,142,5
2026-03-23T12:15:22+00:00,a8PrkqVWt_s,UCKjEtnnXEHsXE9IvCb92V7g,Tony Delk breaks down the difference in the 2025 and 2026 Florida guards. #MarchMadness,2026-03-23T01:13:03Z,2002,7,1
2026-03-23T12:15:53+00:00,q7oYm4P9UKc,UCKjEtnnXEHsXE9IvCb92V7g,100 gorillas vs. Florida Final Boss? 🦍🐊 #shorts,2026-03-23T03:39:28Z,19987,205,15
2026-03-23T12:15:53+00:00,gRNQkeddOeo,UCKjEtnnXEHsXE9IvCb92V7g,“I would light this thing on fire” 🔥🤣,2026-03-23T02:03:26Z,4519,142,5
2026-03-23T12:15:53+00:00,a8PrkqVWt_s,UCKjEtnnXEHsXE9IvCb92V7g,Tony Delk breaks down the difference in the 2025 and 2026 Florida guards. #MarchMadness,2026-03-23T01:13:03Z,2002,7,1
2026-03-23T12:16:24+00:00,q7oYm4P9UKc,UCKjEtnnXEHsXE9IvCb92V7g,100 gorillas vs. Florida Final Boss? 🦍🐊 #shorts,2026-03-23T03:39:28Z,20135,205,15
2026-03-23T12:16:24+00:00,gRNQkeddOeo,UCKjEtnnXEHsXE9IvCb92V7g,“I would light this thing on fire” 🔥🤣,2026-03-23T02:03:26Z,4519,143,5
2026-03-23T12:16:24+00:00,a8PrkqVWt_s,UCKjEtnnXEHsXE9IvCb92V7g,Tony Delk breaks down the difference in the 2025 and 2026 Florida guards. #MarchMadness,2026-03-23T01:13:03Z,2002,7,1
2026-03-23T12:16:55+00:00,q7oYm4P9UKc,UCKjEtnnXEHsXE9IvCb92V7g,100 gorillas vs. Florida Final Boss? 🦍🐊 #shorts,2026-03-23T03:39:28Z,20135,205,15
2026-03-23T12:16:55+00:00,gRNQkeddOeo,UCKjEtnnXEHsXE9IvCb92V7g,“I would light this thing on fire” 🔥🤣,2026-03-23T02:03:26Z,4519,143,5
2026-03-23T12:16:55+00:00,a8PrkqVWt_s,UCKjEtnnXEHsXE9IvCb92V7g,Tony Delk breaks down the difference in the 2025 and 2026 Florida guards. #MarchMadness,2026-03-23T01:13:03Z,2002,7,1
2026-03-23T12:17:26+00:00,q7oYm4P9UKc,UCKjEtnnXEHsXE9IvCb92V7g,100 gorillas vs. Florida Final Boss? 🦍🐊 #shorts,2026-03-23T03:39:28Z,20135,205,15
2026-03-23T12:17:26+00:00,gRNQkeddOeo,UCKjEtnnXEHsXE9IvCb92V7g,“I would light this thing on fire” 🔥🤣,2026-03-23T02:03:26Z,4519,143,5
2026-03-23T12:17:26+00:00,a8PrkqVWt_s,UCKjEtnnXEHsXE9IvCb92V7g,Tony Delk breaks down the difference in the 2025 and 2026 Florida guards. #MarchMadness,2026-03-23T01:13:03Z,2002,7,1
2026-03-23T12:17:56+00:00,q7oYm4P9UKc,UCKjEtnnXEHsXE9IvCb92V7g,100 gorillas vs. Florida Final Boss? 🦍🐊 #shorts,2026-03-23T03:39:28Z,20135,206,15
2026-03-23T12:17:56+00:00,gRNQkeddOeo,UCKjEtnnXEHsXE9IvCb92V7g,“I would light this thing on fire” 🔥🤣,2026-03-23T02:03:26Z,4519,143,5
2026-03-23T12:17:56+00:00,a8PrkqVWt_s,UCKjEtnnXEHsXE9IvCb92V7g,Tony Delk breaks down the difference in the 2025 and 2026 Florida guards. #MarchMadness,2026-03-23T01:13:03Z,2002,7,1
2026-03-23T12:18:27+00:00,q7oYm4P9UKc,UCKjEtnnXEHsXE9IvCb92V7g,100 gorillas vs. Florida Final Boss? 🦍🐊 #shorts,2026-03-23T03:39:28Z,20135,206,15
2026-03-23T12:18:27+00:00,gRNQkeddOeo,UCKjEtnnXEHsXE9IvCb92V7g,“I would light this thing on fire” 🔥🤣,2026-03-23T02:03:26Z,4519,143,5
2026-03-23T12:18:27+00:00,a8PrkqVWt_s,UCKjEtnnXEHsXE9IvCb92V7g,Tony Delk breaks down the difference in the 2025 and 2026 Florida guards. #MarchMadness,2026-03-23T01:13:03Z,2002,7,1
2026-03-23T12:18:58+00:00,q7oYm4P9UKc,UCKjEtnnXEHsXE9IvCb92V7g,100 gorillas vs. Florida Final Boss? 🦍🐊 #shorts,2026-03-23T03:39:28Z,20135,207,15
2026-03-23T12:18:58+00:00,gRNQkeddOeo,UCKjEtnnXEHsXE9IvCb92V7g,“I would light this thing on fire” 🔥🤣,2026-03-23T02:03:26Z,4519,143,5
2026-03-23T12:18:58+00:00,a8PrkqVWt_s,UCKjEtnnXEHsXE9IvCb92V7g,Tony Delk breaks down the difference in the 2025 and 2026 Florida guards. #MarchMadness,2026-03-23T01:13:03Z,2002,7,1
2026-03-23T12:19:28+00:00,q7oYm4P9UKc,UCKjEtnnXEHsXE9IvCb92V7g,100 gorillas vs. Florida Final Boss? 🦍🐊 #shorts,2026-03-23T03:39:28Z,20135,208,15
2026-03-23T12:19:28+00:00,gRNQkeddOeo,UCKjEtnnXEHsXE9IvCb92V7g,“I would light this thing on fire” 🔥🤣,2026-03-23T02:03:26Z,4560,143,5
2026-03-23T12:19:28+00:00,a8PrkqVWt_s,UCKjEtnnXEHsXE9IvCb92V7g,Tony Delk breaks down the difference in the 2025 and 2026 Florida guards. #MarchMadness,2026-03-23T01:13:03Z,2002,7,1
2026-03-23T12:19:59+00:00,q7oYm4P9UKc,UCKjEtnnXEHsXE9IvCb92V7g,100 gorillas vs. Florida Final Boss? 🦍🐊 #shorts,2026-03-23T03:39:28Z,20135,209,15
2026-03-23T12:19:59+00:00,gRNQkeddOeo,UCKjEtnnXEHsXE9IvCb92V7g,“I would light this thing on fire” 🔥🤣,2026-03-23T02:03:26Z,4560,143,5
2026-03-23T12:19:59+00:00,a8PrkqVWt_s,UCKjEtnnXEHsXE9IvCb92V7g,Tony Delk breaks down the difference in the 2025 and 2026 Florida guards. #MarchMadness,2026-03-23T01:13:03Z,2002,7,1
2026-03-23T12:20:30+00:00,q7oYm4P9UKc,UCKjEtnnXEHsXE9IvCb92V7g,100 gorillas vs. Florida Final Boss? 🦍🐊 #shorts,2026-03-23T03:39:28Z,20135,209,15
2026-03-23T12:20:30+00:00,gRNQkeddOeo,UCKjEtnnXEHsXE9IvCb92V7g,“I would light this thing on fire” 🔥🤣,2026-03-23T02:03:26Z,4560,144,5
2026-03-23T12:20:30+00:00,a8PrkqVWt_s,UCKjEtnnXEHsXE9IvCb92V7g,Tony Delk breaks down the difference in the 2025 and 2026 Florida guards. #MarchMadness,2026-03-23T01:13:03Z,2002,7,1
2026-03-23T12:21:01+00:00,q7oYm4P9UKc,UCKjEtnnXEHsXE9IvCb92V7g,100 gorillas vs. Florida Final Boss? 🦍🐊 #shorts,2026-03-23T03:39:28Z,20135,210,15
2026-03-23T12:21:01+00:00,gRNQkeddOeo,UCKjEtnnXEHsXE9IvCb92V7g,“I would light this thing on fire” 🔥🤣,2026-03-23T02:03:26Z,4560,144,5
2026-03-23T12:21:01+00:00,a8PrkqVWt_s,UCKjEtnnXEHsXE9IvCb92V7g,Tony Delk breaks down the difference in the 2025 and 2026 Florida guards. #MarchMadness,2026-03-23T01:13:03Z,2002,7,1
2026-03-23T12:21:32+00:00,q7oYm4P9UKc,UCKjEtnnXEHsXE9IvCb92V7g,100 gorillas vs. Florida Final Boss? 🦍🐊 #shorts,2026-03-23T03:39:28Z,20290,210,15
2026-03-23T12:21:32+00:00,gRNQkeddOeo,UCKjEtnnXEHsXE9IvCb92V7g,“I would light this thing on fire” 🔥🤣,2026-03-23T02:03:26Z,4560,144,5
2026-03-23T12:21:32+00:00,a8PrkqVWt_s,UCKjEtnnXEHsXE9IvCb92V7g,Tony Delk breaks down the difference in the 2025 and 2026 Florida guards. #MarchMadness,2026-03-23T01:13:03Z,2002,7,1
2026-03-23T12:22:03+00:00,q7oYm4P9UKc,UCKjEtnnXEHsXE9IvCb92V7g,100 gorillas vs. Florida Final Boss? 🦍🐊 #shorts,2026-03-23T03:39:28Z,20290,210,15
2026-03-23T12:22:03+00:00,gRNQkeddOeo,UCKjEtnnXEHsXE9IvCb92V7g,“I would light this thing on fire” 🔥🤣,2026-03-23T02:03:26Z,4560,144,5
2026-03-23T12:22:03+00:00,a8PrkqVWt_s,UCKjEtnnXEHsXE9IvCb92V7g,Tony Delk breaks down the difference in the 2025 and 2026 Florida guards. #MarchMadness,2026-03-23T01:13:03Z,2002,7,1
2026-03-23T12:22:34+00:00,q7oYm4P9UKc,UCKjEtnnXEHsXE9IvCb92V7g,100 gorillas vs. Florida Final Boss? 🦍🐊 #shorts,2026-03-23T03:39:28Z,20290,211,15
2026-03-23T12:22:34+00:00,gRNQkeddOeo,UCKjEtnnXEHsXE9IvCb92V7g,“I would light this thing on fire” 🔥🤣,2026-03-23T02:03:26Z,4560,144,5
2026-03-23T12:22:34+00:00,a8PrkqVWt_s,UCKjEtnnXEHsXE9IvCb92V7g,Tony Delk breaks down the difference in the 2025 and 2026 Florida guards. #MarchMadness,2026-03-23T01:13:03Z,2002,7,1
2026-03-23T12:23:04+00:00,q7oYm4P9UKc,UCKjEtnnXEHsXE9IvCb92V7g,100 gorillas vs. Florida Final Boss? 🦍🐊 #shorts,2026-03-23T03:39:28Z,20290,212,15
2026-03-23T12:23:04+00:00,gRNQkeddOeo,UCKjEtnnXEHsXE9IvCb92V7g,“I would light this thing on fire” 🔥🤣,2026-03-23T02:03:26Z,4560,144,5
2026-03-23T12:23:04+00:00,a8PrkqVWt_s,UCKjEtnnXEHsXE9IvCb92V7g,Tony Delk breaks down the difference in the 2025 and 2026 Florida guards. #MarchMadness,2026-03-23T01:13:03Z,2002,7,1
2026-03-23T12:23:35+00:00,q7oYm4P9UKc,UCKjEtnnXEHsXE9IvCb92V7g,100 gorillas vs. Florida Final Boss? 🦍🐊 #shorts,2026-03-23T03:39:28Z,20290,212,15
2026-03-23T12:23:35+00:00,gRNQkeddOeo,UCKjEtnnXEHsXE9IvCb92V7g,“I would light this thing on fire” 🔥🤣,2026-03-23T02:03:26Z,4560,144,5
2026-03-23T12:23:35+00:00,a8PrkqVWt_s,UCKjEtnnXEHsXE9IvCb92V7g,Tony Delk breaks down the difference in the 2025 and 2026 Florida guards. #MarchMadness,2026-03-23T01:13:03Z,2002,7,1
2026-03-23T12:24:06+00:00,q7oYm4P9UKc,UCKjEtnnXEHsXE9IvCb92V7g,100 gorillas vs. Florida Final Boss? 🦍🐊 #shorts,2026-03-23T03:39:28Z,20290,212,15
2026-03-23T12:24:06+00:00,gRNQkeddOeo,UCKjEtnnXEHsXE9IvCb92V7g,“I would light this thing on fire” 🔥🤣,2026-03-23T02:03:26Z,4570,144,5
2026-03-23T12:24:06+00:00,a8PrkqVWt_s,UCKjEtnnXEHsXE9IvCb92V7g,Tony Delk breaks down the difference in the 2025 and 2026 Florida guards. #MarchMadness,2026-03-23T01:13:03Z,2002,7,1
2026-03-23T12:24:37+00:00,q7oYm4P9UKc,UCKjEtnnXEHsXE9IvCb92V7g,100 gorillas vs. Florida Final Boss? 🦍🐊 #shorts,2026-03-23T03:39:28Z,20290,213,15
2026-03-23T12:24:37+00:00,gRNQkeddOeo,UCKjEtnnXEHsXE9IvCb92V7g,“I would light this thing on fire” 🔥🤣,2026-03-23T02:03:26Z,4570,144,5
2026-03-23T12:24:37+00:00,a8PrkqVWt_s,UCKjEtnnXEHsXE9IvCb92V7g,Tony Delk breaks down the difference in the 2025 and 2026 Florida guards. #MarchMadness,2026-03-23T01:13:03Z,2002,7,1
2026-03-23T12:25:08+00:00,q7oYm4P9UKc,UCKjEtnnXEHsXE9IvCb92V7g,100 gorillas vs. Florida Final Boss? 🦍🐊 #shorts,2026-03-23T03:39:28Z,20290,213,15
2026-03-23T12:25:08+00:00,gRNQkeddOeo,UCKjEtnnXEHsXE9IvCb92V7g,“I would light this thing on fire” 🔥🤣,2026-03-23T02:03:26Z,4570,144,5
2026-03-23T12:25:08+00:00,a8PrkqVWt_s,UCKjEtnnXEHsXE9IvCb92V7g,Tony Delk breaks down the difference in the 2025 and 2026 Florida guards. #MarchMadness,2026-03-23T01:13:03Z,2002,7,1
2026-03-23T12:25:39+00:00,q7oYm4P9UKc,UCKjEtnnXEHsXE9IvCb92V7g,100 gorillas vs. Florida Final Boss? 🦍🐊 #shorts,2026-03-23T03:39:28Z,20290,213,15
2026-03-23T12:25:39+00:00,gRNQkeddOeo,UCKjEtnnXEHsXE9IvCb92V7g,“I would light this thing on fire” 🔥🤣,2026-03-23T02:03:26Z,4570,144,5
2026-03-23T12:25:39+00:00,a8PrkqVWt_s,UCKjEtnnXEHsXE9IvCb92V7g,Tony Delk breaks down the difference in the 2025 and 2026 Florida guards. #MarchMadness,2026-03-23T01:13:03Z,2002,7,1
2026-03-23T12:26:10+00:00,q7oYm4P9UKc,UCKjEtnnXEHsXE9IvCb92V7g,100 gorillas vs. Florida Final Boss? 🦍🐊 #shorts,2026-03-23T03:39:28Z,20290,213,15
2026-03-23T12:26:10+00:00,gRNQkeddOeo,UCKjEtnnXEHsXE9IvCb92V7g,“I would light this thing on fire” 🔥🤣,2026-03-23T02:03:26Z,4570,145,5
2026-03-23T12:26:10+00:00,a8PrkqVWt_s,UCKjEtnnXEHsXE9IvCb92V7g,Tony Delk breaks down the difference in the 2025 and 2026 Florida guards. #MarchMadness,2026-03-23T01:13:03Z,2002,7,1
2026-03-23T12:26:41+00:00,q7oYm4P9UKc,UCKjEtnnXEHsXE9IvCb92V7g,100 gorillas vs. Florida Final Boss? 🦍🐊 #shorts,2026-03-23T03:39:28Z,20318,213,15
2026-03-23T12:26:41+00:00,gRNQkeddOeo,UCKjEtnnXEHsXE9IvCb92V7g,“I would light this thing on fire” 🔥🤣,2026-03-23T02:03:26Z,4570,145,5
2026-03-23T12:26:41+00:00,a8PrkqVWt_s,UCKjEtnnXEHsXE9IvCb92V7g,Tony Delk breaks down the difference in the 2025 and 2026 Florida guards. #MarchMadness,2026-03-23T01:13:03Z,2002,7,1
2026-03-23T12:27:12+00:00,q7oYm4P9UKc,UCKjEtnnXEHsXE9IvCb92V7g,100 gorillas vs. Florida Final Boss? 🦍🐊 #shorts,2026-03-23T03:39:28Z,20318,213,15
2026-03-23T12:27:12+00:00,gRNQkeddOeo,UCKjEtnnXEHsXE9IvCb92V7g,“I would light this thing on fire” 🔥🤣,2026-03-23T02:03:26Z,4570,145,5
2026-03-23T12:27:12+00:00,a8PrkqVWt_s,UCKjEtnnXEHsXE9IvCb92V7g,Tony Delk breaks down the difference in the 2025 and 2026 Florida guards. #MarchMadness,2026-03-23T01:13:03Z,2002,7,1
2026-03-23T12:27:42+00:00,q7oYm4P9UKc,UCKjEtnnXEHsXE9IvCb92V7g,100 gorillas vs. Florida Final Boss? 🦍🐊 #shorts,2026-03-23T03:39:28Z,20318,214,15
2026-03-23T12:27:42+00:00,gRNQkeddOeo,UCKjEtnnXEHsXE9IvCb92V7g,“I would light this thing on fire” 🔥🤣,2026-03-23T02:03:26Z,4570,145,5
2026-03-23T12:27:42+00:00,a8PrkqVWt_s,UCKjEtnnXEHsXE9IvCb92V7g,Tony Delk breaks down the difference in the 2025 and 2026 Florida guards. #MarchMadness,2026-03-23T01:13:03Z,2002,7,1
2026-03-23T12:28:13+00:00,q7oYm4P9UKc,UCKjEtnnXEHsXE9IvCb92V7g,100 gorillas vs. Florida Final Boss? 🦍🐊 #shorts,2026-03-23T03:39:28Z,20318,214,15
2026-03-23T12:28:13+00:00,gRNQkeddOeo,UCKjEtnnXEHsXE9IvCb92V7g,“I would light this thing on fire” 🔥🤣,2026-03-23T02:03:26Z,4570,145,5
2026-03-23T12:28:13+00:00,a8PrkqVWt_s,UCKjEtnnXEHsXE9IvCb92V7g,Tony Delk breaks down the difference in the 2025 and 2026 Florida guards. #MarchMadness,2026-03-23T01:13:03Z,2002,7,1
2026-03-23T12:28:44+00:00,q7oYm4P9UKc,UCKjEtnnXEHsXE9IvCb92V7g,100 gorillas vs. Florida Final Boss? 🦍🐊 #shorts,2026-03-23T03:39:28Z,20318,215,15
2026-03-23T12:28:44+00:00,gRNQkeddOeo,UCKjEtnnXEHsXE9IvCb92V7g,“I would light this thing on fire” 🔥🤣,2026-03-23T02:03:26Z,4570,145,5
2026-03-23T12:28:44+00:00,a8PrkqVWt_s,UCKjEtnnXEHsXE9IvCb92V7g,Tony Delk breaks down the difference in the 2025 and 2026 Florida guards. #MarchMadness,2026-03-23T01:13:03Z,2002,7,1
2026-03-23T12:29:15+00:00,q7oYm4P9UKc,UCKjEtnnXEHsXE9IvCb92V7g,100 gorillas vs. Florida Final Boss? 🦍🐊 #shorts,2026-03-23T03:39:28Z,20318,215,15
2026-03-23T12:29:15+00:00,gRNQkeddOeo,UCKjEtnnXEHsXE9IvCb92V7g,“I would light this thing on fire” 🔥🤣,2026-03-23T02:03:26Z,4575,145,5
2026-03-23T12:29:15+00:00,a8PrkqVWt_s,UCKjEtnnXEHsXE9IvCb92V7g,Tony Delk breaks down the difference in the 2025 and 2026 Florida guards. #MarchMadness,2026-03-23T01:13:03Z,2002,7,1
2026-03-23T12:29:46+00:00,q7oYm4P9UKc,UCKjEtnnXEHsXE9IvCb92V7g,100 gorillas vs. Florida Final Boss? 🦍🐊 #shorts,2026-03-23T03:39:28Z,20318,215,15
2026-03-23T12:29:46+00:00,gRNQkeddOeo,UCKjEtnnXEHsXE9IvCb92V7g,“I would light this thing on fire” 🔥🤣,2026-03-23T02:03:26Z,4575,145,5
2026-03-23T12:29:46+00:00,a8PrkqVWt_s,UCKjEtnnXEHsXE9IvCb92V7g,Tony Delk breaks down the difference in the 2025 and 2026 Florida guards. #MarchMadness,2026-03-23T01:13:03Z,2002,7,1
2026-03-23T12:30:17+00:00,q7oYm4P9UKc,UCKjEtnnXEHsXE9IvCb92V7g,100 gorillas vs. Florida Final Boss? 🦍🐊 #shorts,2026-03-23T03:39:28Z,20318,216,15
2026-03-23T12:30:17+00:00,gRNQkeddOeo,UCKjEtnnXEHsXE9IvCb92V7g,“I would light this thing on fire” 🔥🤣,2026-03-23T02:03:26Z,4575,145,5
2026-03-23T12:30:17+00:00,a8PrkqVWt_s,UCKjEtnnXEHsXE9IvCb92V7g,Tony Delk breaks down the difference in the 2025 and 2026 Florida guards. #MarchMadness,2026-03-23T01:13:03Z,2002,7,1
2026-03-23T12:30:48+00:00,q7oYm4P9UKc,UCKjEtnnXEHsXE9IvCb92V7g,100 gorillas vs. Florida Final Boss? 🦍🐊 #shorts,2026-03-23T03:39:28Z,20318,216,15
2026-03-23T12:30:48+00:00,gRNQkeddOeo,UCKjEtnnXEHsXE9IvCb92V7g,“I would light this thing on fire” 🔥🤣,2026-03-23T02:03:26Z,4575,145,5
2026-03-23T12:30:48+00:00,a8PrkqVWt_s,UCKjEtnnXEHsXE9IvCb92V7g,Tony Delk breaks down the difference in the 2025 and 2026 Florida guards. #MarchMadness,2026-03-23T01:13:03Z,2002,7,1
2026-03-23T12:31:19+00:00,q7oYm4P9UKc,UCKjEtnnXEHsXE9IvCb92V7g,100 gorillas vs. Florida Final Boss? 🦍🐊 #shorts,2026-03-23T03:39:28Z,20435,217,15
2026-03-23T12:31:19+00:00,gRNQkeddOeo,UCKjEtnnXEHsXE9IvCb92V7g,“I would light this thing on fire” 🔥🤣,2026-03-23T02:03:26Z,4575,145,5
2026-03-23T12:31:19+00:00,a8PrkqVWt_s,UCKjEtnnXEHsXE9IvCb92V7g,Tony Delk breaks down the difference in the 2025 and 2026 Florida guards. #MarchMadness,2026-03-23T01:13:03Z,2002,7,1
2026-03-23T12:31:50+00:00,q7oYm4P9UKc,UCKjEtnnXEHsXE9IvCb92V7g,100 gorillas vs. Florida Final Boss? 🦍🐊 #shorts,2026-03-23T03:39:28Z,20435,217,15
2026-03-23T12:31:50+00:00,gRNQkeddOeo,UCKjEtnnXEHsXE9IvCb92V7g,“I would light this thing on fire” 🔥🤣,2026-03-23T02:03:26Z,4575,145,5
2026-03-23T12:31:50+00:00,a8PrkqVWt_s,UCKjEtnnXEHsXE9IvCb92V7g,Tony Delk breaks down the difference in the 2025 and 2026 Florida guards. #MarchMadness,2026-03-23T01:13:03Z,2002,7,1
2026-03-23T12:32:20+00:00,q7oYm4P9UKc,UCKjEtnnXEHsXE9IvCb92V7g,100 gorillas vs. Florida Final Boss? 🦍🐊 #shorts,2026-03-23T03:39:28Z,20435,217,15
2026-03-23T12:32:20+00:00,gRNQkeddOeo,UCKjEtnnXEHsXE9IvCb92V7g,“I would light this thing on fire” 🔥🤣,2026-03-23T02:03:26Z,4575,145,5
2026-03-23T12:32:20+00:00,a8PrkqVWt_s,UCKjEtnnXEHsXE9IvCb92V7g,Tony Delk breaks down the difference in the 2025 and 2026 Florida guards. #MarchMadness,2026-03-23T01:13:03Z,2002,7,1
2026-03-23T12:32:51+00:00,q7oYm4P9UKc,UCKjEtnnXEHsXE9IvCb92V7g,100 gorillas vs. Florida Final Boss? 🦍🐊 #shorts,2026-03-23T03:39:28Z,20435,217,15
2026-03-23T12:32:51+00:00,gRNQkeddOeo,UCKjEtnnXEHsXE9IvCb92V7g,“I would light this thing on fire” 🔥🤣,2026-03-23T02:03:26Z,4575,145,5
2026-03-23T12:32:51+00:00,a8PrkqVWt_s,UCKjEtnnXEHsXE9IvCb92V7g,Tony Delk breaks down the difference in the 2025 and 2026 Florida guards. #MarchMadness,2026-03-23T01:13:03Z,2002,7,1
2026-03-23T12:33:22+00:00,q7oYm4P9UKc,UCKjEtnnXEHsXE9IvCb92V7g,100 gorillas vs. Florida Final Boss? 🦍🐊 #shorts,2026-03-23T03:39:28Z,20435,217,15
2026-03-23T12:33:22+00:00,gRNQkeddOeo,UCKjEtnnXEHsXE9IvCb92V7g,“I would light this thing on fire” 🔥🤣,2026-03-23T02:03:26Z,4575,145,5
2026-03-23T12:33:22+00:00,a8PrkqVWt_s,UCKjEtnnXEHsXE9IvCb92V7g,Tony Delk breaks down the difference in the 2025 and 2026 Florida guards. #MarchMadness,2026-03-23T01:13:03Z,2002,7,1
2026-03-23T12:33:53+00:00,q7oYm4P9UKc,UCKjEtnnXEHsXE9IvCb92V7g,100 gorillas vs. Florida Final Boss? 🦍🐊 #shorts,2026-03-23T03:39:28Z,20435,217,15
2026-03-23T12:33:53+00:00,gRNQkeddOeo,UCKjEtnnXEHsXE9IvCb92V7g,“I would light this thing on fire” 🔥🤣,2026-03-23T02:03:26Z,4575,145,5
2026-03-23T12:33:53+00:00,a8PrkqVWt_s,UCKjEtnnXEHsXE9IvCb92V7g,Tony Delk breaks down the difference in the 2025 and 2026 Florida guards. #MarchMadness,2026-03-23T01:13:03Z,2002,7,1
2026-03-23T12:34:23+00:00,q7oYm4P9UKc,UCKjEtnnXEHsXE9IvCb92V7g,100 gorillas vs. Florida Final Boss? 🦍🐊 #shorts,2026-03-23T03:39:28Z,20435,217,15
2026-03-23T12:34:23+00:00,gRNQkeddOeo,UCKjEtnnXEHsXE9IvCb92V7g,“I would light this thing on fire” 🔥🤣,2026-03-23T02:03:26Z,4588,145,5
2026-03-23T12:34:23+00:00,a8PrkqVWt_s,UCKjEtnnXEHsXE9IvCb92V7g,Tony Delk breaks down the difference in the 2025 and 2026 Florida guards. #MarchMadness,2026-03-23T01:13:03Z,2002,7,1
2026-03-23T12:34:54+00:00,q7oYm4P9UKc,UCKjEtnnXEHsXE9IvCb92V7g,100 gorillas vs. Florida Final Boss? 🦍🐊 #shorts,2026-03-23T03:39:28Z,20435,217,15
2026-03-23T12:34:54+00:00,gRNQkeddOeo,UCKjEtnnXEHsXE9IvCb92V7g,“I would light this thing on fire” 🔥🤣,2026-03-23T02:03:26Z,4588,145,5
2026-03-23T12:34:54+00:00,a8PrkqVWt_s,UCKjEtnnXEHsXE9IvCb92V7g,Tony Delk breaks down the difference in the 2025 and 2026 Florida guards. #MarchMadness,2026-03-23T01:13:03Z,2002,7,1
2026-03-23T12:35:25+00:00,q7oYm4P9UKc,UCKjEtnnXEHsXE9IvCb92V7g,100 gorillas vs. Florida Final Boss? 🦍🐊 #shorts,2026-03-23T03:39:28Z,20435,218,15
2026-03-23T12:35:25+00:00,gRNQkeddOeo,UCKjEtnnXEHsXE9IvCb92V7g,“I would light this thing on fire” 🔥🤣,2026-03-23T02:03:26Z,4588,146,5
2026-03-23T12:35:25+00:00,a8PrkqVWt_s,UCKjEtnnXEHsXE9IvCb92V7g,Tony Delk breaks down the difference in the 2025 and 2026 Florida guards. #MarchMadness,2026-03-23T01:13:03Z,2002,7,1
2026-03-23T12:35:56+00:00,q7oYm4P9UKc,UCKjEtnnXEHsXE9IvCb92V7g,100 gorillas vs. Florida Final Boss? 🦍🐊 #shorts,2026-03-23T03:39:28Z,20435,219,15
2026-03-23T12:35:56+00:00,gRNQkeddOeo,UCKjEtnnXEHsXE9IvCb92V7g,“I would light this thing on fire” 🔥🤣,2026-03-23T02:03:26Z,4588,146,5
2026-03-23T12:35:56+00:00,a8PrkqVWt_s,UCKjEtnnXEHsXE9IvCb92V7g,Tony Delk breaks down the difference in the 2025 and 2026 Florida guards. #MarchMadness,2026-03-23T01:13:03Z,2002,7,1
2026-03-23T12:36:26+00:00,q7oYm4P9UKc,UCKjEtnnXEHsXE9IvCb92V7g,100 gorillas vs. Florida Final Boss? 🦍🐊 #shorts,2026-03-23T03:39:28Z,20534,219,15
2026-03-23T12:36:26+00:00,gRNQkeddOeo,UCKjEtnnXEHsXE9IvCb92V7g,“I would light this thing on fire” 🔥🤣,2026-03-23T02:03:26Z,4588,146,5
2026-03-23T12:36:26+00:00,a8PrkqVWt_s,UCKjEtnnXEHsXE9IvCb92V7g,Tony Delk breaks down the difference in the 2025 and 2026 Florida guards. #MarchMadness,2026-03-23T01:13:03Z,2002,7,1
2026-03-23T12:36:57+00:00,q7oYm4P9UKc,UCKjEtnnXEHsXE9IvCb92V7g,100 gorillas vs. Florida Final Boss? 🦍🐊 #shorts,2026-03-23T03:39:28Z,20534,219,15
2026-03-23T12:36:57+00:00,gRNQkeddOeo,UCKjEtnnXEHsXE9IvCb92V7g,“I would light this thing on fire” 🔥🤣,2026-03-23T02:03:26Z,4588,146,5
2026-03-23T12:36:57+00:00,a8PrkqVWt_s,UCKjEtnnXEHsXE9IvCb92V7g,Tony Delk breaks down the difference in the 2025 and 2026 Florida guards. #MarchMadness,2026-03-23T01:13:03Z,2002,7,1
2026-03-23T12:37:28+00:00,q7oYm4P9UKc,UCKjEtnnXEHsXE9IvCb92V7g,100 gorillas vs. Florida Final Boss? 🦍🐊 #shorts,2026-03-23T03:39:28Z,20534,220,15
2026-03-23T12:37:28+00:00,gRNQkeddOeo,UCKjEtnnXEHsXE9IvCb92V7g,“I would light this thing on fire” 🔥🤣,2026-03-23T02:03:26Z,4588,146,5
2026-03-23T12:37:28+00:00,a8PrkqVWt_s,UCKjEtnnXEHsXE9IvCb92V7g,Tony Delk breaks down the difference in the 2025 and 2026 Florida guards. #MarchMadness,2026-03-23T01:13:03Z,2002,7,1
2026-03-23T12:37:58+00:00,q7oYm4P9UKc,UCKjEtnnXEHsXE9IvCb92V7g,100 gorillas vs. Florida Final Boss? 🦍🐊 #shorts,2026-03-23T03:39:28Z,20534,220,15
2026-03-23T12:37:58+00:00,gRNQkeddOeo,UCKjEtnnXEHsXE9IvCb92V7g,“I would light this thing on fire” 🔥🤣,2026-03-23T02:03:26Z,4588,146,5
2026-03-23T12:37:58+00:00,a8PrkqVWt_s,UCKjEtnnXEHsXE9IvCb92V7g,Tony Delk breaks down the difference in the 2025 and 2026 Florida guards. #MarchMadness,2026-03-23T01:13:03Z,2002,7,1
2026-03-23T12:38:29+00:00,q7oYm4P9UKc,UCKjEtnnXEHsXE9IvCb92V7g,100 gorillas vs. Florida Final Boss? 🦍🐊 #shorts,2026-03-23T03:39:28Z,20534,221,15
2026-03-23T12:38:29+00:00,gRNQkeddOeo,UCKjEtnnXEHsXE9IvCb92V7g,“I would light this thing on fire” 🔥🤣,2026-03-23T02:03:26Z,4588,146,5
2026-03-23T12:38:29+00:00,a8PrkqVWt_s,UCKjEtnnXEHsXE9IvCb92V7g,Tony Delk breaks down the difference in the 2025 and 2026 Florida guards. #MarchMadness,2026-03-23T01:13:03Z,2002,7,1
2026-03-23T12:39:00+00:00,q7oYm4P9UKc,UCKjEtnnXEHsXE9IvCb92V7g,100 gorillas vs. Florida Final Boss? 🦍🐊 #shorts,2026-03-23T03:39:28Z,20534,221,15
2026-03-23T12:39:00+00:00,gRNQkeddOeo,UCKjEtnnXEHsXE9IvCb92V7g,“I would light this thing on fire” 🔥🤣,2026-03-23T02:03:26Z,4600,146,5
2026-03-23T12:39:00+00:00,a8PrkqVWt_s,UCKjEtnnXEHsXE9IvCb92V7g,Tony Delk breaks down the difference in the 2025 and 2026 Florida guards. #MarchMadness,2026-03-23T01:13:03Z,2002,7,1
2026-03-23T12:39:30+00:00,q7oYm4P9UKc,UCKjEtnnXEHsXE9IvCb92V7g,100 gorillas vs. Florida Final Boss? 🦍🐊 #shorts,2026-03-23T03:39:28Z,20534,221,15
2026-03-23T12:39:30+00:00,gRNQkeddOeo,UCKjEtnnXEHsXE9IvCb92V7g,“I would light this thing on fire” 🔥🤣,2026-03-23T02:03:26Z,4600,146,5
2026-03-23T12:39:30+00:00,a8PrkqVWt_s,UCKjEtnnXEHsXE9IvCb92V7g,Tony Delk breaks down the difference in the 2025 and 2026 Florida guards. #MarchMadness,2026-03-23T01:13:03Z,2002,7,1
2026-03-23T12:40:01+00:00,q7oYm4P9UKc,UCKjEtnnXEHsXE9IvCb92V7g,100 gorillas vs. Florida Final Boss? 🦍🐊 #shorts,2026-03-23T03:39:28Z,20534,221,15
2026-03-23T12:40:01+00:00,gRNQkeddOeo,UCKjEtnnXEHsXE9IvCb92V7g,“I would light this thing on fire” 🔥🤣,2026-03-23T02:03:26Z,4600,146,5
2026-03-23T12:40:01+00:00,a8PrkqVWt_s,UCKjEtnnXEHsXE9IvCb92V7g,Tony Delk breaks down the difference in the 2025 and 2026 Florida guards. #MarchMadness,2026-03-23T01:13:03Z,2002,7,1
2026-03-23T12:40:32+00:00,q7oYm4P9UKc,UCKjEtnnXEHsXE9IvCb92V7g,100 gorillas vs. Florida Final Boss? 🦍🐊 #shorts,2026-03-23T03:39:28Z,20534,221,15
2026-03-23T12:40:32+00:00,gRNQkeddOeo,UCKjEtnnXEHsXE9IvCb92V7g,“I would light this thing on fire” 🔥🤣,2026-03-23T02:03:26Z,4600,146,5
2026-03-23T12:40:32+00:00,a8PrkqVWt_s,UCKjEtnnXEHsXE9IvCb92V7g,Tony Delk breaks down the difference in the 2025 and 2026 Florida guards. #MarchMadness,2026-03-23T01:13:03Z,2002,7,1
2026-03-23T12:41:03+00:00,q7oYm4P9UKc,UCKjEtnnXEHsXE9IvCb92V7g,100 gorillas vs. Florida Final Boss? 🦍🐊 #shorts,2026-03-23T03:39:28Z,20534,221,15
2026-03-23T12:41:03+00:00,gRNQkeddOeo,UCKjEtnnXEHsXE9IvCb92V7g,“I would light this thing on fire” 🔥🤣,2026-03-23T02:03:26Z,4600,146,5
2026-03-23T12:41:03+00:00,a8PrkqVWt_s,UCKjEtnnXEHsXE9IvCb92V7g,Tony Delk breaks down the difference in the 2025 and 2026 Florida guards. #MarchMadness,2026-03-23T01:13:03Z,2002,7,1
2026-03-23T12:41:34+00:00,q7oYm4P9UKc,UCKjEtnnXEHsXE9IvCb92V7g,100 gorillas vs. Florida Final Boss? 🦍🐊 #shorts,2026-03-23T03:39:28Z,20607,221,15
2026-03-23T12:41:34+00:00,gRNQkeddOeo,UCKjEtnnXEHsXE9IvCb92V7g,“I would light this thing on fire” 🔥🤣,2026-03-23T02:03:26Z,4600,146,5
2026-03-23T12:41:34+00:00,a8PrkqVWt_s,UCKjEtnnXEHsXE9IvCb92V7g,Tony Delk breaks down the difference in the 2025 and 2026 Florida guards. #MarchMadness,2026-03-23T01:13:03Z,2002,7,1
2026-03-23T12:42:05+00:00,q7oYm4P9UKc,UCKjEtnnXEHsXE9IvCb92V7g,100 gorillas vs. Florida Final Boss? 🦍🐊 #shorts,2026-03-23T03:39:28Z,20607,221,15
2026-03-23T12:42:05+00:00,gRNQkeddOeo,UCKjEtnnXEHsXE9IvCb92V7g,“I would light this thing on fire” 🔥🤣,2026-03-23T02:03:26Z,4600,146,5
2026-03-23T12:42:05+00:00,a8PrkqVWt_s,UCKjEtnnXEHsXE9IvCb92V7g,Tony Delk breaks down the difference in the 2025 and 2026 Florida guards. #MarchMadness,2026-03-23T01:13:03Z,2002,7,1
2026-03-23T12:42:36+00:00,q7oYm4P9UKc,UCKjEtnnXEHsXE9IvCb92V7g,100 gorillas vs. Florida Final Boss? 🦍🐊 #shorts,2026-03-23T03:39:28Z,20607,221,15
2026-03-23T12:42:36+00:00,gRNQkeddOeo,UCKjEtnnXEHsXE9IvCb92V7g,“I would light this thing on fire” 🔥🤣,2026-03-23T02:03:26Z,4600,146,5
2026-03-23T12:42:36+00:00,a8PrkqVWt_s,UCKjEtnnXEHsXE9IvCb92V7g,Tony Delk breaks down the difference in the 2025 and 2026 Florida guards. #MarchMadness,2026-03-23T01:13:03Z,2002,7,1
2026-03-23T12:43:06+00:00,q7oYm4P9UKc,UCKjEtnnXEHsXE9IvCb92V7g,100 gorillas vs. Florida Final Boss? 🦍🐊 #shorts,2026-03-23T03:39:28Z,20607,221,15
2026-03-23T12:43:06+00:00,gRNQkeddOeo,UCKjEtnnXEHsXE9IvCb92V7g,“I would light this thing on fire” 🔥🤣,2026-03-23T02:03:26Z,4600,147,5
2026-03-23T12:43:06+00:00,a8PrkqVWt_s,UCKjEtnnXEHsXE9IvCb92V7g,Tony Delk breaks down the difference in the 2025 and 2026 Florida guards. #MarchMadness,2026-03-23T01:13:03Z,2002,7,1
2026-03-23T12:43:37+00:00,q7oYm4P9UKc,UCKjEtnnXEHsXE9IvCb92V7g,100 gorillas vs. Florida Final Boss? 🦍🐊 #shorts,2026-03-23T03:39:28Z,20607,221,15
2026-03-23T12:43:37+00:00,gRNQkeddOeo,UCKjEtnnXEHsXE9IvCb92V7g,“I would light this thing on fire” 🔥🤣,2026-03-23T02:03:26Z,4600,147,5
2026-03-23T12:43:37+00:00,a8PrkqVWt_s,UCKjEtnnXEHsXE9IvCb92V7g,Tony Delk breaks down the difference in the 2025 and 2026 Florida guards. #MarchMadness,2026-03-23T01:13:03Z,2002,7,1
2026-03-23T12:44:07+00:00,q7oYm4P9UKc,UCKjEtnnXEHsXE9IvCb92V7g,100 gorillas vs. Florida Final Boss? 🦍🐊 #shorts,2026-03-23T03:39:28Z,20607,222,15
2026-03-23T12:44:07+00:00,gRNQkeddOeo,UCKjEtnnXEHsXE9IvCb92V7g,“I would light this thing on fire” 🔥🤣,2026-03-23T02:03:26Z,4624,147,5
2026-03-23T12:44:07+00:00,a8PrkqVWt_s,UCKjEtnnXEHsXE9IvCb92V7g,Tony Delk breaks down the difference in the 2025 and 2026 Florida guards. #MarchMadness,2026-03-23T01:13:03Z,2002,7,1
2026-03-23T12:44:38+00:00,q7oYm4P9UKc,UCKjEtnnXEHsXE9IvCb92V7g,100 gorillas vs. Florida Final Boss? 🦍🐊 #shorts,2026-03-23T03:39:28Z,20607,223,15
2026-03-23T12:44:38+00:00,gRNQkeddOeo,UCKjEtnnXEHsXE9IvCb92V7g,“I would light this thing on fire” 🔥🤣,2026-03-23T02:03:26Z,4624,147,5
2026-03-23T12:44:38+00:00,a8PrkqVWt_s,UCKjEtnnXEHsXE9IvCb92V7g,Tony Delk breaks down the difference in the 2025 and 2026 Florida guards. #MarchMadness,2026-03-23T01:13:03Z,2002,7,1
2026-03-23T12:45:09+00:00,q7oYm4P9UKc,UCKjEtnnXEHsXE9IvCb92V7g,100 gorillas vs. Florida Final Boss? 🦍🐊 #shorts,2026-03-23T03:39:28Z,20607,223,15
2026-03-23T12:45:09+00:00,gRNQkeddOeo,UCKjEtnnXEHsXE9IvCb92V7g,“I would light this thing on fire” 🔥🤣,2026-03-23T02:03:26Z,4626,147,5
2026-03-23T12:45:09+00:00,a8PrkqVWt_s,UCKjEtnnXEHsXE9IvCb92V7g,Tony Delk breaks down the difference in the 2025 and 2026 Florida guards. #MarchMadness,2026-03-23T01:13:03Z,2002,7,1
2026-03-23T12:45:39+00:00,q7oYm4P9UKc,UCKjEtnnXEHsXE9IvCb92V7g,100 gorillas vs. Florida Final Boss? 🦍🐊 #shorts,2026-03-23T03:39:28Z,20607,223,15
2026-03-23T12:45:39+00:00,gRNQkeddOeo,UCKjEtnnXEHsXE9IvCb92V7g,“I would light this thing on fire” 🔥🤣,2026-03-23T02:03:26Z,4626,147,5
2026-03-23T12:45:39+00:00,a8PrkqVWt_s,UCKjEtnnXEHsXE9IvCb92V7g,Tony Delk breaks down the difference in the 2025 and 2026 Florida guards. #MarchMadness,2026-03-23T01:13:03Z,2002,7,1
2026-03-23T12:46:10+00:00,q7oYm4P9UKc,UCKjEtnnXEHsXE9IvCb92V7g,100 gorillas vs. Florida Final Boss? 🦍🐊 #shorts,2026-03-23T03:39:28Z,20607,223,15
2026-03-23T12:46:10+00:00,gRNQkeddOeo,UCKjEtnnXEHsXE9IvCb92V7g,“I would light this thing on fire” 🔥🤣,2026-03-23T02:03:26Z,4626,147,5
2026-03-23T12:46:10+00:00,a8PrkqVWt_s,UCKjEtnnXEHsXE9IvCb92V7g,Tony Delk breaks down the difference in the 2025 and 2026 Florida guards. #MarchMadness,2026-03-23T01:13:03Z,2002,7,1
2026-03-23T12:46:41+00:00,q7oYm4P9UKc,UCKjEtnnXEHsXE9IvCb92V7g,100 gorillas vs. Florida Final Boss? 🦍🐊 #shorts,2026-03-23T03:39:28Z,20837,223,15
2026-03-23T12:46:41+00:00,gRNQkeddOeo,UCKjEtnnXEHsXE9IvCb92V7g,“I would light this thing on fire” 🔥🤣,2026-03-23T02:03:26Z,4626,147,5
2026-03-23T12:46:41+00:00,a8PrkqVWt_s,UCKjEtnnXEHsXE9IvCb92V7g,Tony Delk breaks down the difference in the 2025 and 2026 Florida guards. #MarchMadness,2026-03-23T01:13:03Z,2002,7,1
2026-03-23T12:47:12+00:00,q7oYm4P9UKc,UCKjEtnnXEHsXE9IvCb92V7g,100 gorillas vs. Florida Final Boss? 🦍🐊 #shorts,2026-03-23T03:39:28Z,20848,224,15
2026-03-23T12:47:12+00:00,gRNQkeddOeo,UCKjEtnnXEHsXE9IvCb92V7g,“I would light this thing on fire” 🔥🤣,2026-03-23T02:03:26Z,4626,147,5
2026-03-23T12:47:12+00:00,a8PrkqVWt_s,UCKjEtnnXEHsXE9IvCb92V7g,Tony Delk breaks down the difference in the 2025 and 2026 Florida guards. #MarchMadness,2026-03-23T01:13:03Z,2002,7,1
2026-03-23T12:47:43+00:00,q7oYm4P9UKc,UCKjEtnnXEHsXE9IvCb92V7g,100 gorillas vs. Florida Final Boss? 🦍🐊 #shorts,2026-03-23T03:39:28Z,20848,224,15
2026-03-23T12:47:43+00:00,gRNQkeddOeo,UCKjEtnnXEHsXE9IvCb92V7g,“I would light this thing on fire” 🔥🤣,2026-03-23T02:03:26Z,4626,147,5
2026-03-23T12:47:43+00:00,a8PrkqVWt_s,UCKjEtnnXEHsXE9IvCb92V7g,Tony Delk breaks down the difference in the 2025 and 2026 Florida guards. #MarchMadness,2026-03-23T01:13:03Z,2002,7,1
2026-03-23T12:48:14+00:00,q7oYm4P9UKc,UCKjEtnnXEHsXE9IvCb92V7g,100 gorillas vs. Florida Final Boss? 🦍🐊 #shorts,2026-03-23T03:39:28Z,20848,224,15
2026-03-23T12:48:14+00:00,gRNQkeddOeo,UCKjEtnnXEHsXE9IvCb92V7g,“I would light this thing on fire” 🔥🤣,2026-03-23T02:03:26Z,4626,147,5
2026-03-23T12:48:14+00:00,a8PrkqVWt_s,UCKjEtnnXEHsXE9IvCb92V7g,Tony Delk breaks down the difference in the 2025 and 2026 Florida guards. #MarchMadness,2026-03-23T01:13:03Z,2002,7,1
2026-03-23T12:48:44+00:00,q7oYm4P9UKc,UCKjEtnnXEHsXE9IvCb92V7g,100 gorillas vs. Florida Final Boss? 🦍🐊 #shorts,2026-03-23T03:39:28Z,20848,224,15
2026-03-23T12:48:44+00:00,gRNQkeddOeo,UCKjEtnnXEHsXE9IvCb92V7g,“I would light this thing on fire” 🔥🤣,2026-03-23T02:03:26Z,4626,147,5
2026-03-23T12:48:44+00:00,a8PrkqVWt_s,UCKjEtnnXEHsXE9IvCb92V7g,Tony Delk breaks down the difference in the 2025 and 2026 Florida guards. #MarchMadness,2026-03-23T01:13:03Z,2002,7,1
2026-03-23T12:49:14+00:00,q7oYm4P9UKc,UCKjEtnnXEHsXE9IvCb92V7g,100 gorillas vs. Florida Final Boss? 🦍🐊 #shorts,2026-03-23T03:39:28Z,20848,224,15
2026-03-23T12:49:14+00:00,gRNQkeddOeo,UCKjEtnnXEHsXE9IvCb92V7g,“I would light this thing on fire” 🔥🤣,2026-03-23T02:03:26Z,4662,148,5
2026-03-23T12:49:14+00:00,a8PrkqVWt_s,UCKjEtnnXEHsXE9IvCb92V7g,Tony Delk breaks down the difference in the 2025 and 2026 Florida guards. #MarchMadness,2026-03-23T01:13:03Z,2002,7,1
2026-03-23T12:49:45+00:00,q7oYm4P9UKc,UCKjEtnnXEHsXE9IvCb92V7g,100 gorillas vs. Florida Final Boss? 🦍🐊 #shorts,2026-03-23T03:39:28Z,20848,224,15
2026-03-23T12:49:45+00:00,gRNQkeddOeo,UCKjEtnnXEHsXE9IvCb92V7g,“I would light this thing on fire” 🔥🤣,2026-03-23T02:03:26Z,4662,148,5
2026-03-23T12:49:45+00:00,a8PrkqVWt_s,UCKjEtnnXEHsXE9IvCb92V7g,Tony Delk breaks down the difference in the 2025 and 2026 Florida guards. #MarchMadness,2026-03-23T01:13:03Z,2002,7,1
2026-03-23T12:50:16+00:00,q7oYm4P9UKc,UCKjEtnnXEHsXE9IvCb92V7g,100 gorillas vs. Florida Final Boss? 🦍🐊 #shorts,2026-03-23T03:39:28Z,20848,224,15
2026-03-23T12:50:16+00:00,gRNQkeddOeo,UCKjEtnnXEHsXE9IvCb92V7g,“I would light this thing on fire” 🔥🤣,2026-03-23T02:03:26Z,4662,148,5
2026-03-23T12:50:16+00:00,a8PrkqVWt_s,UCKjEtnnXEHsXE9IvCb92V7g,Tony Delk breaks down the difference in the 2025 and 2026 Florida guards. #MarchMadness,2026-03-23T01:13:03Z,2002,7,1
2026-03-23T12:50:46+00:00,q7oYm4P9UKc,UCKjEtnnXEHsXE9IvCb92V7g,100 gorillas vs. Florida Final Boss? 🦍🐊 #shorts,2026-03-23T03:39:28Z,20848,224,16
2026-03-23T12:50:46+00:00,gRNQkeddOeo,UCKjEtnnXEHsXE9IvCb92V7g,“I would light this thing on fire” 🔥🤣,2026-03-23T02:03:26Z,4664,148,5
2026-03-23T12:50:46+00:00,a8PrkqVWt_s,UCKjEtnnXEHsXE9IvCb92V7g,Tony Delk breaks down the difference in the 2025 and 2026 Florida guards. #MarchMadness,2026-03-23T01:13:03Z,2002,7,1
2026-03-23T12:51:17+00:00,q7oYm4P9UKc,UCKjEtnnXEHsXE9IvCb92V7g,100 gorillas vs. Florida Final Boss? 🦍🐊 #shorts,2026-03-23T03:39:28Z,21075,224,16
2026-03-23T12:51:17+00:00,gRNQkeddOeo,UCKjEtnnXEHsXE9IvCb92V7g,“I would light this thing on fire” 🔥🤣,2026-03-23T02:03:26Z,4664,148,5
2026-03-23T12:51:17+00:00,a8PrkqVWt_s,UCKjEtnnXEHsXE9IvCb92V7g,Tony Delk breaks down the difference in the 2025 and 2026 Florida guards. #MarchMadness,2026-03-23T01:13:03Z,2002,7,1
2026-03-23T12:51:48+00:00,q7oYm4P9UKc,UCKjEtnnXEHsXE9IvCb92V7g,100 gorillas vs. Florida Final Boss? 🦍🐊 #shorts,2026-03-23T03:39:28Z,21082,224,16
2026-03-23T12:51:48+00:00,gRNQkeddOeo,UCKjEtnnXEHsXE9IvCb92V7g,“I would light this thing on fire” 🔥🤣,2026-03-23T02:03:26Z,4664,148,5
2026-03-23T12:51:48+00:00,a8PrkqVWt_s,UCKjEtnnXEHsXE9IvCb92V7g,Tony Delk breaks down the difference in the 2025 and 2026 Florida guards. #MarchMadness,2026-03-23T01:13:03Z,2002,7,1
2026-03-23T12:52:18+00:00,q7oYm4P9UKc,UCKjEtnnXEHsXE9IvCb92V7g,100 gorillas vs. Florida Final Boss? 🦍🐊 #shorts,2026-03-23T03:39:28Z,21082,224,16
2026-03-23T12:52:18+00:00,gRNQkeddOeo,UCKjEtnnXEHsXE9IvCb92V7g,“I would light this thing on fire” 🔥🤣,2026-03-23T02:03:26Z,4664,148,5
2026-03-23T12:52:18+00:00,a8PrkqVWt_s,UCKjEtnnXEHsXE9IvCb92V7g,Tony Delk breaks down the difference in the 2025 and 2026 Florida guards. #MarchMadness,2026-03-23T01:13:03Z,2002,7,1
2026-03-23T12:52:49+00:00,q7oYm4P9UKc,UCKjEtnnXEHsXE9IvCb92V7g,100 gorillas vs. Florida Final Boss? 🦍🐊 #shorts,2026-03-23T03:39:28Z,21082,224,16
2026-03-23T12:52:49+00:00,gRNQkeddOeo,UCKjEtnnXEHsXE9IvCb92V7g,“I would light this thing on fire” 🔥🤣,2026-03-23T02:03:26Z,4664,149,5
2026-03-23T12:52:49+00:00,a8PrkqVWt_s,UCKjEtnnXEHsXE9IvCb92V7g,Tony Delk breaks down the difference in the 2025 and 2026 Florida guards. #MarchMadness,2026-03-23T01:13:03Z,2002,7,1
2026-03-23T12:53:20+00:00,q7oYm4P9UKc,UCKjEtnnXEHsXE9IvCb92V7g,100 gorillas vs. Florida Final Boss? 🦍🐊 #shorts,2026-03-23T03:39:28Z,21082,225,16
2026-03-23T12:53:20+00:00,gRNQkeddOeo,UCKjEtnnXEHsXE9IvCb92V7g,“I would light this thing on fire” 🔥🤣,2026-03-23T02:03:26Z,4664,149,5
2026-03-23T12:53:20+00:00,a8PrkqVWt_s,UCKjEtnnXEHsXE9IvCb92V7g,Tony Delk breaks down the difference in the 2025 and 2026 Florida guards. #MarchMadness,2026-03-23T01:13:03Z,2002,7,1
2026-03-23T12:53:51+00:00,q7oYm4P9UKc,UCKjEtnnXEHsXE9IvCb92V7g,100 gorillas vs. Florida Final Boss? 🦍🐊 #shorts,2026-03-23T03:39:28Z,21082,225,16
2026-03-23T12:53:51+00:00,gRNQkeddOeo,UCKjEtnnXEHsXE9IvCb92V7g,“I would light this thing on fire” 🔥🤣,2026-03-23T02:03:26Z,4664,149,5
2026-03-23T12:53:51+00:00,a8PrkqVWt_s,UCKjEtnnXEHsXE9IvCb92V7g,Tony Delk breaks down the difference in the 2025 and 2026 Florida guards. #MarchMadness,2026-03-23T01:13:03Z,2002,7,1
2026-03-23T12:54:22+00:00,q7oYm4P9UKc,UCKjEtnnXEHsXE9IvCb92V7g,100 gorillas vs. Florida Final Boss? 🦍🐊 #shorts,2026-03-23T03:39:28Z,21082,225,16
2026-03-23T12:54:22+00:00,gRNQkeddOeo,UCKjEtnnXEHsXE9IvCb92V7g,“I would light this thing on fire” 🔥🤣,2026-03-23T02:03:26Z,4688,149,5
2026-03-23T12:54:22+00:00,a8PrkqVWt_s,UCKjEtnnXEHsXE9IvCb92V7g,Tony Delk breaks down the difference in the 2025 and 2026 Florida guards. #MarchMadness,2026-03-23T01:13:03Z,2002,7,1
2026-03-23T12:54:52+00:00,q7oYm4P9UKc,UCKjEtnnXEHsXE9IvCb92V7g,100 gorillas vs. Florida Final Boss? 🦍🐊 #shorts,2026-03-23T03:39:28Z,21082,225,16
2026-03-23T12:54:52+00:00,gRNQkeddOeo,UCKjEtnnXEHsXE9IvCb92V7g,“I would light this thing on fire” 🔥🤣,2026-03-23T02:03:26Z,4689,149,5
2026-03-23T12:54:52+00:00,a8PrkqVWt_s,UCKjEtnnXEHsXE9IvCb92V7g,Tony Delk breaks down the difference in the 2025 and 2026 Florida guards. #MarchMadness,2026-03-23T01:13:03Z,2002,7,1
2026-03-23T12:55:23+00:00,q7oYm4P9UKc,UCKjEtnnXEHsXE9IvCb92V7g,100 gorillas vs. Florida Final Boss? 🦍🐊 #shorts,2026-03-23T03:39:28Z,21082,225,16
2026-03-23T12:55:23+00:00,gRNQkeddOeo,UCKjEtnnXEHsXE9IvCb92V7g,“I would light this thing on fire” 🔥🤣,2026-03-23T02:03:26Z,4689,149,5
2026-03-23T12:55:23+00:00,a8PrkqVWt_s,UCKjEtnnXEHsXE9IvCb92V7g,Tony Delk breaks down the difference in the 2025 and 2026 Florida guards. #MarchMadness,2026-03-23T01:13:03Z,2002,7,1
2026-03-23T12:55:54+00:00,q7oYm4P9UKc,UCKjEtnnXEHsXE9IvCb92V7g,100 gorillas vs. Florida Final Boss? 🦍🐊 #shorts,2026-03-23T03:39:28Z,21082,226,16
2026-03-23T12:55:54+00:00,gRNQkeddOeo,UCKjEtnnXEHsXE9IvCb92V7g,“I would light this thing on fire” 🔥🤣,2026-03-23T02:03:26Z,4689,149,5
2026-03-23T12:55:54+00:00,a8PrkqVWt_s,UCKjEtnnXEHsXE9IvCb92V7g,Tony Delk breaks down the difference in the 2025 and 2026 Florida guards. #MarchMadness,2026-03-23T01:13:03Z,2002,7,1
2026-03-23T12:56:25+00:00,q7oYm4P9UKc,UCKjEtnnXEHsXE9IvCb92V7g,100 gorillas vs. Florida Final Boss? 🦍🐊 #shorts,2026-03-23T03:39:28Z,21401,226,16
2026-03-23T12:56:25+00:00,gRNQkeddOeo,UCKjEtnnXEHsXE9IvCb92V7g,“I would light this thing on fire” 🔥🤣,2026-03-23T02:03:26Z,4689,149,5
2026-03-23T12:56:25+00:00,a8PrkqVWt_s,UCKjEtnnXEHsXE9IvCb92V7g,Tony Delk breaks down the difference in the 2025 and 2026 Florida guards. #MarchMadness,2026-03-23T01:13:03Z,2002,7,1
2026-03-23T12:56:56+00:00,q7oYm4P9UKc,UCKjEtnnXEHsXE9IvCb92V7g,100 gorillas vs. Florida Final Boss? 🦍🐊 #shorts,2026-03-23T03:39:28Z,21408,227,16
2026-03-23T12:56:56+00:00,gRNQkeddOeo,UCKjEtnnXEHsXE9IvCb92V7g,“I would light this thing on fire” 🔥🤣,2026-03-23T02:03:26Z,4689,149,5
2026-03-23T12:56:56+00:00,a8PrkqVWt_s,UCKjEtnnXEHsXE9IvCb92V7g,Tony Delk breaks down the difference in the 2025 and 2026 Florida guards. #MarchMadness,2026-03-23T01:13:03Z,2002,7,1
2026-03-23T12:57:27+00:00,q7oYm4P9UKc,UCKjEtnnXEHsXE9IvCb92V7g,100 gorillas vs. Florida Final Boss? 🦍🐊 #shorts,2026-03-23T03:39:28Z,21408,227,16
2026-03-23T12:57:27+00:00,gRNQkeddOeo,UCKjEtnnXEHsXE9IvCb92V7g,“I would light this thing on fire” 🔥🤣,2026-03-23T02:03:26Z,4689,150,5
2026-03-23T12:57:27+00:00,a8PrkqVWt_s,UCKjEtnnXEHsXE9IvCb92V7g,Tony Delk breaks down the difference in the 2025 and 2026 Florida guards. #MarchMadness,2026-03-23T01:13:03Z,2002,7,1
2026-03-23T12:57:57+00:00,q7oYm4P9UKc,UCKjEtnnXEHsXE9IvCb92V7g,100 gorillas vs. Florida Final Boss? 🦍🐊 #shorts,2026-03-23T03:39:28Z,21408,227,16
2026-03-23T12:57:57+00:00,gRNQkeddOeo,UCKjEtnnXEHsXE9IvCb92V7g,“I would light this thing on fire” 🔥🤣,2026-03-23T02:03:26Z,4689,150,5
2026-03-23T12:57:57+00:00,a8PrkqVWt_s,UCKjEtnnXEHsXE9IvCb92V7g,Tony Delk breaks down the difference in the 2025 and 2026 Florida guards. #MarchMadness,2026-03-23T01:13:03Z,2002,7,1
2026-03-23T12:58:28+00:00,q7oYm4P9UKc,UCKjEtnnXEHsXE9IvCb92V7g,100 gorillas vs. Florida Final Boss? 🦍🐊 #shorts,2026-03-23T03:39:28Z,21408,227,16
2026-03-23T12:58:28+00:00,gRNQkeddOeo,UCKjEtnnXEHsXE9IvCb92V7g,“I would light this thing on fire” 🔥🤣,2026-03-23T02:03:26Z,4689,150,5
2026-03-23T12:58:28+00:00,a8PrkqVWt_s,UCKjEtnnXEHsXE9IvCb92V7g,Tony Delk breaks down the difference in the 2025 and 2026 Florida guards. #MarchMadness,2026-03-23T01:13:03Z,2002,7,1
2026-03-23T12:58:59+00:00,q7oYm4P9UKc,UCKjEtnnXEHsXE9IvCb92V7g,100 gorillas vs. Florida Final Boss? 🦍🐊 #shorts,2026-03-23T03:39:28Z,21408,227,16
2026-03-23T12:58:59+00:00,gRNQkeddOeo,UCKjEtnnXEHsXE9IvCb92V7g,“I would light this thing on fire” 🔥🤣,2026-03-23T02:03:26Z,4689,150,5
2026-03-23T12:58:59+00:00,a8PrkqVWt_s,UCKjEtnnXEHsXE9IvCb92V7g,Tony Delk breaks down the difference in the 2025 and 2026 Florida guards. #MarchMadness,2026-03-23T01:13:03Z,2002,7,1
2026-03-23T12:59:30+00:00,q7oYm4P9UKc,UCKjEtnnXEHsXE9IvCb92V7g,100 gorillas vs. Florida Final Boss? 🦍🐊 #shorts,2026-03-23T03:39:28Z,21408,227,16
2026-03-23T12:59:30+00:00,gRNQkeddOeo,UCKjEtnnXEHsXE9IvCb92V7g,“I would light this thing on fire” 🔥🤣,2026-03-23T02:03:26Z,4722,150,5
2026-03-23T12:59:30+00:00,a8PrkqVWt_s,UCKjEtnnXEHsXE9IvCb92V7g,Tony Delk breaks down the difference in the 2025 and 2026 Florida guards. #MarchMadness,2026-03-23T01:13:03Z,2002,7,1
2026-03-23T13:00:01+00:00,q7oYm4P9UKc,UCKjEtnnXEHsXE9IvCb92V7g,100 gorillas vs. Florida Final Boss? 🦍🐊 #shorts,2026-03-23T03:39:28Z,21408,228,16
2026-03-23T13:00:01+00:00,gRNQkeddOeo,UCKjEtnnXEHsXE9IvCb92V7g,“I would light this thing on fire” 🔥🤣,2026-03-23T02:03:26Z,4722,150,5
2026-03-23T13:00:01+00:00,a8PrkqVWt_s,UCKjEtnnXEHsXE9IvCb92V7g,Tony Delk breaks down the difference in the 2025 and 2026 Florida guards. #MarchMadness,2026-03-23T01:13:03Z,2002,7,1
2026-03-23T13:00:32+00:00,q7oYm4P9UKc,UCKjEtnnXEHsXE9IvCb92V7g,100 gorillas vs. Florida Final Boss? 🦍🐊 #shorts,2026-03-23T03:39:28Z,21408,228,16
2026-03-23T13:00:32+00:00,gRNQkeddOeo,UCKjEtnnXEHsXE9IvCb92V7g,“I would light this thing on fire” 🔥🤣,2026-03-23T02:03:26Z,4722,150,5
2026-03-23T13:00:32+00:00,a8PrkqVWt_s,UCKjEtnnXEHsXE9IvCb92V7g,Tony Delk breaks down the difference in the 2025 and 2026 Florida guards. #MarchMadness,2026-03-23T01:13:03Z,2002,7,1
2026-03-23T13:01:03+00:00,q7oYm4P9UKc,UCKjEtnnXEHsXE9IvCb92V7g,100 gorillas vs. Florida Final Boss? 🦍🐊 #shorts,2026-03-23T03:39:28Z,21408,229,16
2026-03-23T13:01:03+00:00,gRNQkeddOeo,UCKjEtnnXEHsXE9IvCb92V7g,“I would light this thing on fire” 🔥🤣,2026-03-23T02:03:26Z,4722,150,5
2026-03-23T13:01:03+00:00,a8PrkqVWt_s,UCKjEtnnXEHsXE9IvCb92V7g,Tony Delk breaks down the difference in the 2025 and 2026 Florida guards. #MarchMadness,2026-03-23T01:13:03Z,2002,7,1
2026-03-23T13:01:34+00:00,q7oYm4P9UKc,UCKjEtnnXEHsXE9IvCb92V7g,100 gorillas vs. Florida Final Boss? 🦍🐊 #shorts,2026-03-23T03:39:28Z,21503,229,16
2026-03-23T13:01:34+00:00,gRNQkeddOeo,UCKjEtnnXEHsXE9IvCb92V7g,“I would light this thing on fire” 🔥🤣,2026-03-23T02:03:26Z,4722,150,5
2026-03-23T13:01:34+00:00,a8PrkqVWt_s,UCKjEtnnXEHsXE9IvCb92V7g,Tony Delk breaks down the difference in the 2025 and 2026 Florida guards. #MarchMadness,2026-03-23T01:13:03Z,2040,7,1
2026-03-23T13:02:04+00:00,q7oYm4P9UKc,UCKjEtnnXEHsXE9IvCb92V7g,100 gorillas vs. Florida Final Boss? 🦍🐊 #shorts,2026-03-23T03:39:28Z,21503,229,16
2026-03-23T13:02:04+00:00,gRNQkeddOeo,UCKjEtnnXEHsXE9IvCb92V7g,“I would light this thing on fire” 🔥🤣,2026-03-23T02:03:26Z,4722,150,5
2026-03-23T13:02:04+00:00,a8PrkqVWt_s,UCKjEtnnXEHsXE9IvCb92V7g,Tony Delk breaks down the difference in the 2025 and 2026 Florida guards. #MarchMadness,2026-03-23T01:13:03Z,2002,7,1
2026-03-23T13:02:35+00:00,q7oYm4P9UKc,UCKjEtnnXEHsXE9IvCb92V7g,100 gorillas vs. Florida Final Boss? 🦍🐊 #shorts,2026-03-23T03:39:28Z,21503,230,16
2026-03-23T13:02:35+00:00,gRNQkeddOeo,UCKjEtnnXEHsXE9IvCb92V7g,“I would light this thing on fire” 🔥🤣,2026-03-23T02:03:26Z,4722,150,5
2026-03-23T13:02:35+00:00,a8PrkqVWt_s,UCKjEtnnXEHsXE9IvCb92V7g,Tony Delk breaks down the difference in the 2025 and 2026 Florida guards. #MarchMadness,2026-03-23T01:13:03Z,2002,7,1
2026-03-23T13:03:06+00:00,q7oYm4P9UKc,UCKjEtnnXEHsXE9IvCb92V7g,100 gorillas vs. Florida Final Boss? 🦍🐊 #shorts,2026-03-23T03:39:28Z,21503,231,16
2026-03-23T13:03:06+00:00,gRNQkeddOeo,UCKjEtnnXEHsXE9IvCb92V7g,“I would light this thing on fire” 🔥🤣,2026-03-23T02:03:26Z,4722,150,5
2026-03-23T13:03:06+00:00,a8PrkqVWt_s,UCKjEtnnXEHsXE9IvCb92V7g,Tony Delk breaks down the difference in the 2025 and 2026 Florida guards. #MarchMadness,2026-03-23T01:13:03Z,2002,7,1
2026-03-23T13:03:36+00:00,q7oYm4P9UKc,UCKjEtnnXEHsXE9IvCb92V7g,100 gorillas vs. Florida Final Boss? 🦍🐊 #shorts,2026-03-23T03:39:28Z,21503,231,16
2026-03-23T13:03:36+00:00,gRNQkeddOeo,UCKjEtnnXEHsXE9IvCb92V7g,“I would light this thing on fire” 🔥🤣,2026-03-23T02:03:26Z,4722,150,5
2026-03-23T13:03:36+00:00,a8PrkqVWt_s,UCKjEtnnXEHsXE9IvCb92V7g,Tony Delk breaks down the difference in the 2025 and 2026 Florida guards. #MarchMadness,2026-03-23T01:13:03Z,2002,7,1
2026-03-23T13:04:07+00:00,q7oYm4P9UKc,UCKjEtnnXEHsXE9IvCb92V7g,100 gorillas vs. Florida Final Boss? 🦍🐊 #shorts,2026-03-23T03:39:28Z,21503,231,16
2026-03-23T13:04:07+00:00,gRNQkeddOeo,UCKjEtnnXEHsXE9IvCb92V7g,“I would light this thing on fire” 🔥🤣,2026-03-23T02:03:26Z,4722,150,5
2026-03-23T13:04:07+00:00,a8PrkqVWt_s,UCKjEtnnXEHsXE9IvCb92V7g,Tony Delk breaks down the difference in the 2025 and 2026 Florida guards. #MarchMadness,2026-03-23T01:13:03Z,2002,7,1
2026-03-23T13:04:38+00:00,q7oYm4P9UKc,UCKjEtnnXEHsXE9IvCb92V7g,100 gorillas vs. Florida Final Boss? 🦍🐊 #shorts,2026-03-23T03:39:28Z,21503,231,16
2026-03-23T13:04:38+00:00,gRNQkeddOeo,UCKjEtnnXEHsXE9IvCb92V7g,“I would light this thing on fire” 🔥🤣,2026-03-23T02:03:26Z,4755,150,5
2026-03-23T13:04:38+00:00,a8PrkqVWt_s,UCKjEtnnXEHsXE9IvCb92V7g,Tony Delk breaks down the difference in the 2025 and 2026 Florida guards. #MarchMadness,2026-03-23T01:13:03Z,2002,7,1
2026-03-23T13:05:09+00:00,q7oYm4P9UKc,UCKjEtnnXEHsXE9IvCb92V7g,100 gorillas vs. Florida Final Boss? 🦍🐊 #shorts,2026-03-23T03:39:28Z,21503,231,16
2026-03-23T13:05:09+00:00,gRNQkeddOeo,UCKjEtnnXEHsXE9IvCb92V7g,“I would light this thing on fire” 🔥🤣,2026-03-23T02:03:26Z,4755,151,5
2026-03-23T13:05:09+00:00,a8PrkqVWt_s,UCKjEtnnXEHsXE9IvCb92V7g,Tony Delk breaks down the difference in the 2025 and 2026 Florida guards. #MarchMadness,2026-03-23T01:13:03Z,2002,7,1
2026-03-23T13:05:40+00:00,q7oYm4P9UKc,UCKjEtnnXEHsXE9IvCb92V7g,100 gorillas vs. Florida Final Boss? 🦍🐊 #shorts,2026-03-23T03:39:28Z,21503,231,16
2026-03-23T13:05:40+00:00,gRNQkeddOeo,UCKjEtnnXEHsXE9IvCb92V7g,“I would light this thing on fire” 🔥🤣,2026-03-23T02:03:26Z,4755,151,5
2026-03-23T13:05:40+00:00,a8PrkqVWt_s,UCKjEtnnXEHsXE9IvCb92V7g,Tony Delk breaks down the difference in the 2025 and 2026 Florida guards. #MarchMadness,2026-03-23T01:13:03Z,2002,7,1
2026-03-23T13:06:11+00:00,q7oYm4P9UKc,UCKjEtnnXEHsXE9IvCb92V7g,100 gorillas vs. Florida Final Boss? 🦍🐊 #shorts,2026-03-23T03:39:28Z,21503,231,17
2026-03-23T13:06:11+00:00,gRNQkeddOeo,UCKjEtnnXEHsXE9IvCb92V7g,“I would light this thing on fire” 🔥🤣,2026-03-23T02:03:26Z,4755,151,5
2026-03-23T13:06:11+00:00,a8PrkqVWt_s,UCKjEtnnXEHsXE9IvCb92V7g,Tony Delk breaks down the difference in the 2025 and 2026 Florida guards. #MarchMadness,2026-03-23T01:13:03Z,2002,7,1
2026-03-23T13:06:42+00:00,q7oYm4P9UKc,UCKjEtnnXEHsXE9IvCb92V7g,100 gorillas vs. Florida Final Boss? 🦍🐊 #shorts,2026-03-23T03:39:28Z,21656,231,17
2026-03-23T13:06:42+00:00,gRNQkeddOeo,UCKjEtnnXEHsXE9IvCb92V7g,“I would light this thing on fire” 🔥🤣,2026-03-23T02:03:26Z,4755,151,5
2026-03-23T13:06:42+00:00,a8PrkqVWt_s,UCKjEtnnXEHsXE9IvCb92V7g,Tony Delk breaks down the difference in the 2025 and 2026 Florida guards. #MarchMadness,2026-03-23T01:13:03Z,2002,7,1
2026-03-23T13:07:13+00:00,q7oYm4P9UKc,UCKjEtnnXEHsXE9IvCb92V7g,100 gorillas vs. Florida Final Boss? 🦍🐊 #shorts,2026-03-23T03:39:28Z,21656,231,17
2026-03-23T13:07:13+00:00,gRNQkeddOeo,UCKjEtnnXEHsXE9IvCb92V7g,“I would light this thing on fire” 🔥🤣,2026-03-23T02:03:26Z,4755,151,5
2026-03-23T13:07:13+00:00,a8PrkqVWt_s,UCKjEtnnXEHsXE9IvCb92V7g,Tony Delk breaks down the difference in the 2025 and 2026 Florida guards. #MarchMadness,2026-03-23T01:13:03Z,2002,7,1
2026-03-23T13:07:44+00:00,q7oYm4P9UKc,UCKjEtnnXEHsXE9IvCb92V7g,100 gorillas vs. Florida Final Boss? 🦍🐊 #shorts,2026-03-23T03:39:28Z,21656,231,17
2026-03-23T13:07:44+00:00,gRNQkeddOeo,UCKjEtnnXEHsXE9IvCb92V7g,“I would light this thing on fire” 🔥🤣,2026-03-23T02:03:26Z,4755,151,5
2026-03-23T13:07:44+00:00,a8PrkqVWt_s,UCKjEtnnXEHsXE9IvCb92V7g,Tony Delk breaks down the difference in the 2025 and 2026 Florida guards. #MarchMadness,2026-03-23T01:13:03Z,2002,7,1
2026-03-23T13:08:14+00:00,q7oYm4P9UKc,UCKjEtnnXEHsXE9IvCb92V7g,100 gorillas vs. Florida Final Boss? 🦍🐊 #shorts,2026-03-23T03:39:28Z,21656,231,17
2026-03-23T13:08:14+00:00,gRNQkeddOeo,UCKjEtnnXEHsXE9IvCb92V7g,“I would light this thing on fire” 🔥🤣,2026-03-23T02:03:26Z,4755,151,5
2026-03-23T13:08:14+00:00,a8PrkqVWt_s,UCKjEtnnXEHsXE9IvCb92V7g,Tony Delk breaks down the difference in the 2025 and 2026 Florida guards. #MarchMadness,2026-03-23T01:13:03Z,2002,7,1
2026-03-23T13:08:45+00:00,q7oYm4P9UKc,UCKjEtnnXEHsXE9IvCb92V7g,100 gorillas vs. Florida Final Boss? 🦍🐊 #shorts,2026-03-23T03:39:28Z,21656,231,17
2026-03-23T13:08:45+00:00,gRNQkeddOeo,UCKjEtnnXEHsXE9IvCb92V7g,“I would light this thing on fire” 🔥🤣,2026-03-23T02:03:26Z,4755,151,5
2026-03-23T13:08:45+00:00,a8PrkqVWt_s,UCKjEtnnXEHsXE9IvCb92V7g,Tony Delk breaks down the difference in the 2025 and 2026 Florida guards. #MarchMadness,2026-03-23T01:13:03Z,2002,7,1
2026-03-23T13:09:16+00:00,q7oYm4P9UKc,UCKjEtnnXEHsXE9IvCb92V7g,100 gorillas vs. Florida Final Boss? 🦍🐊 #shorts,2026-03-23T03:39:28Z,21656,231,17
2026-03-23T13:09:16+00:00,gRNQkeddOeo,UCKjEtnnXEHsXE9IvCb92V7g,“I would light this thing on fire” 🔥🤣,2026-03-23T02:03:26Z,4793,151,5
2026-03-23T13:09:16+00:00,a8PrkqVWt_s,UCKjEtnnXEHsXE9IvCb92V7g,Tony Delk breaks down the difference in the 2025 and 2026 Florida guards. #MarchMadness,2026-03-23T01:13:03Z,2002,7,1
2026-03-23T13:09:47+00:00,q7oYm4P9UKc,UCKjEtnnXEHsXE9IvCb92V7g,100 gorillas vs. Florida Final Boss? 🦍🐊 #shorts,2026-03-23T03:39:28Z,21656,231,17
2026-03-23T13:09:47+00:00,gRNQkeddOeo,UCKjEtnnXEHsXE9IvCb92V7g,“I would light this thing on fire” 🔥🤣,2026-03-23T02:03:26Z,4793,151,5
2026-03-23T13:09:47+00:00,a8PrkqVWt_s,UCKjEtnnXEHsXE9IvCb92V7g,Tony Delk breaks down the difference in the 2025 and 2026 Florida guards. #MarchMadness,2026-03-23T01:13:03Z,2002,7,1
2026-03-23T13:10:18+00:00,q7oYm4P9UKc,UCKjEtnnXEHsXE9IvCb92V7g,100 gorillas vs. Florida Final Boss? 🦍🐊 #shorts,2026-03-23T03:39:28Z,21656,230,17
2026-03-23T13:10:18+00:00,gRNQkeddOeo,UCKjEtnnXEHsXE9IvCb92V7g,“I would light this thing on fire” 🔥🤣,2026-03-23T02:03:26Z,4793,151,5
2026-03-23T13:10:18+00:00,a8PrkqVWt_s,UCKjEtnnXEHsXE9IvCb92V7g,Tony Delk breaks down the difference in the 2025 and 2026 Florida guards. #MarchMadness,2026-03-23T01:13:03Z,2002,7,1
2026-03-23T13:10:49+00:00,q7oYm4P9UKc,UCKjEtnnXEHsXE9IvCb92V7g,100 gorillas vs. Florida Final Boss? 🦍🐊 #shorts,2026-03-23T03:39:28Z,21656,230,17
2026-03-23T13:10:49+00:00,gRNQkeddOeo,UCKjEtnnXEHsXE9IvCb92V7g,“I would light this thing on fire” 🔥🤣,2026-03-23T02:03:26Z,4793,151,5
2026-03-23T13:10:49+00:00,a8PrkqVWt_s,UCKjEtnnXEHsXE9IvCb92V7g,Tony Delk breaks down the difference in the 2025 and 2026 Florida guards. #MarchMadness,2026-03-23T01:13:03Z,2002,7,1
2026-03-23T13:11:19+00:00,q7oYm4P9UKc,UCKjEtnnXEHsXE9IvCb92V7g,100 gorillas vs. Florida Final Boss? 🦍🐊 #shorts,2026-03-23T03:39:28Z,21904,230,17
2026-03-23T13:11:19+00:00,gRNQkeddOeo,UCKjEtnnXEHsXE9IvCb92V7g,“I would light this thing on fire” 🔥🤣,2026-03-23T02:03:26Z,4793,151,5
2026-03-23T13:11:19+00:00,a8PrkqVWt_s,UCKjEtnnXEHsXE9IvCb92V7g,Tony Delk breaks down the difference in the 2025 and 2026 Florida guards. #MarchMadness,2026-03-23T01:13:03Z,2002,7,1
2026-03-23T13:11:50+00:00,q7oYm4P9UKc,UCKjEtnnXEHsXE9IvCb92V7g,100 gorillas vs. Florida Final Boss? 🦍🐊 #shorts,2026-03-23T03:39:28Z,21915,230,17
2026-03-23T13:11:50+00:00,gRNQkeddOeo,UCKjEtnnXEHsXE9IvCb92V7g,“I would light this thing on fire” 🔥🤣,2026-03-23T02:03:26Z,4793,152,5
2026-03-23T13:11:50+00:00,a8PrkqVWt_s,UCKjEtnnXEHsXE9IvCb92V7g,Tony Delk breaks down the difference in the 2025 and 2026 Florida guards. #MarchMadness,2026-03-23T01:13:03Z,2002,7,1
2026-03-23T13:12:20+00:00,q7oYm4P9UKc,UCKjEtnnXEHsXE9IvCb92V7g,100 gorillas vs. Florida Final Boss? 🦍🐊 #shorts,2026-03-23T03:39:28Z,21915,230,17
2026-03-23T13:12:20+00:00,gRNQkeddOeo,UCKjEtnnXEHsXE9IvCb92V7g,“I would light this thing on fire” 🔥🤣,2026-03-23T02:03:26Z,4793,152,5
2026-03-23T13:12:20+00:00,a8PrkqVWt_s,UCKjEtnnXEHsXE9IvCb92V7g,Tony Delk breaks down the difference in the 2025 and 2026 Florida guards. #MarchMadness,2026-03-23T01:13:03Z,2002,7,1
2026-03-23T13:12:51+00:00,q7oYm4P9UKc,UCKjEtnnXEHsXE9IvCb92V7g,100 gorillas vs. Florida Final Boss? 🦍🐊 #shorts,2026-03-23T03:39:28Z,21915,230,17
2026-03-23T13:12:51+00:00,gRNQkeddOeo,UCKjEtnnXEHsXE9IvCb92V7g,“I would light this thing on fire” 🔥🤣,2026-03-23T02:03:26Z,4793,152,5
2026-03-23T13:12:51+00:00,a8PrkqVWt_s,UCKjEtnnXEHsXE9IvCb92V7g,Tony Delk breaks down the difference in the 2025 and 2026 Florida guards. #MarchMadness,2026-03-23T01:13:03Z,2002,7,1
2026-03-23T13:13:22+00:00,q7oYm4P9UKc,UCKjEtnnXEHsXE9IvCb92V7g,100 gorillas vs. Florida Final Boss? 🦍🐊 #shorts,2026-03-23T03:39:28Z,21915,230,17
2026-03-23T13:13:22+00:00,gRNQkeddOeo,UCKjEtnnXEHsXE9IvCb92V7g,“I would light this thing on fire” 🔥🤣,2026-03-23T02:03:26Z,4793,152,5
2026-03-23T13:13:22+00:00,a8PrkqVWt_s,UCKjEtnnXEHsXE9IvCb92V7g,Tony Delk breaks down the difference in the 2025 and 2026 Florida guards. #MarchMadness,2026-03-23T01:13:03Z,2002,7,1
2026-03-23T13:13:53+00:00,q7oYm4P9UKc,UCKjEtnnXEHsXE9IvCb92V7g,100 gorillas vs. Florida Final Boss? 🦍🐊 #shorts,2026-03-23T03:39:28Z,21915,231,17
2026-03-23T13:13:53+00:00,gRNQkeddOeo,UCKjEtnnXEHsXE9IvCb92V7g,“I would light this thing on fire” 🔥🤣,2026-03-23T02:03:26Z,4793,152,5
2026-03-23T13:13:53+00:00,a8PrkqVWt_s,UCKjEtnnXEHsXE9IvCb92V7g,Tony Delk breaks down the difference in the 2025 and 2026 Florida guards. #MarchMadness,2026-03-23T01:13:03Z,2002,7,1
2026-03-23T13:14:24+00:00,q7oYm4P9UKc,UCKjEtnnXEHsXE9IvCb92V7g,100 gorillas vs. Florida Final Boss? 🦍🐊 #shorts,2026-03-23T03:39:28Z,21915,231,17
2026-03-23T13:14:24+00:00,gRNQkeddOeo,UCKjEtnnXEHsXE9IvCb92V7g,“I would light this thing on fire” 🔥🤣,2026-03-23T02:03:26Z,4818,152,5
2026-03-23T13:14:24+00:00,a8PrkqVWt_s,UCKjEtnnXEHsXE9IvCb92V7g,Tony Delk breaks down the difference in the 2025 and 2026 Florida guards. #MarchMadness,2026-03-23T01:13:03Z,2002,7,1
2026-03-23T13:14:55+00:00,q7oYm4P9UKc,UCKjEtnnXEHsXE9IvCb92V7g,100 gorillas vs. Florida Final Boss? 🦍🐊 #shorts,2026-03-23T03:39:28Z,21915,231,17
2026-03-23T13:14:55+00:00,gRNQkeddOeo,UCKjEtnnXEHsXE9IvCb92V7g,“I would light this thing on fire” 🔥🤣,2026-03-23T02:03:26Z,4818,152,5
2026-03-23T13:14:55+00:00,a8PrkqVWt_s,UCKjEtnnXEHsXE9IvCb92V7g,Tony Delk breaks down the difference in the 2025 and 2026 Florida guards. #MarchMadness,2026-03-23T01:13:03Z,2002,7,1
2026-03-23T13:15:26+00:00,q7oYm4P9UKc,UCKjEtnnXEHsXE9IvCb92V7g,100 gorillas vs. Florida Final Boss? 🦍🐊 #shorts,2026-03-23T03:39:28Z,21915,231,17
2026-03-23T13:15:26+00:00,gRNQkeddOeo,UCKjEtnnXEHsXE9IvCb92V7g,“I would light this thing on fire” 🔥🤣,2026-03-23T02:03:26Z,4818,153,5
2026-03-23T13:15:26+00:00,a8PrkqVWt_s,UCKjEtnnXEHsXE9IvCb92V7g,Tony Delk breaks down the difference in the 2025 and 2026 Florida guards. #MarchMadness,2026-03-23T01:13:03Z,2002,7,1
2026-03-23T13:15:57+00:00,q7oYm4P9UKc,UCKjEtnnXEHsXE9IvCb92V7g,100 gorillas vs. Florida Final Boss? 🦍🐊 #shorts,2026-03-23T03:39:28Z,21915,231,17
2026-03-23T13:15:57+00:00,gRNQkeddOeo,UCKjEtnnXEHsXE9IvCb92V7g,“I would light this thing on fire” 🔥🤣,2026-03-23T02:03:26Z,4818,153,5
2026-03-23T13:15:57+00:00,a8PrkqVWt_s,UCKjEtnnXEHsXE9IvCb92V7g,Tony Delk breaks down the difference in the 2025 and 2026 Florida guards. #MarchMadness,2026-03-23T01:13:03Z,2002,7,1
2026-03-23T13:16:27+00:00,q7oYm4P9UKc,UCKjEtnnXEHsXE9IvCb92V7g,100 gorillas vs. Florida Final Boss? 🦍🐊 #shorts,2026-03-23T03:39:28Z,22129,231,17
2026-03-23T13:16:27+00:00,gRNQkeddOeo,UCKjEtnnXEHsXE9IvCb92V7g,“I would light this thing on fire” 🔥🤣,2026-03-23T02:03:26Z,4818,153,5
2026-03-23T13:16:27+00:00,a8PrkqVWt_s,UCKjEtnnXEHsXE9IvCb92V7g,Tony Delk breaks down the difference in the 2025 and 2026 Florida guards. #MarchMadness,2026-03-23T01:13:03Z,2002,7,1
2026-03-23T13:16:58+00:00,q7oYm4P9UKc,UCKjEtnnXEHsXE9IvCb92V7g,100 gorillas vs. Florida Final Boss? 🦍🐊 #shorts,2026-03-23T03:39:28Z,22129,231,17
2026-03-23T13:16:58+00:00,gRNQkeddOeo,UCKjEtnnXEHsXE9IvCb92V7g,“I would light this thing on fire” 🔥🤣,2026-03-23T02:03:26Z,4818,154,5
2026-03-23T13:16:58+00:00,a8PrkqVWt_s,UCKjEtnnXEHsXE9IvCb92V7g,Tony Delk breaks down the difference in the 2025 and 2026 Florida guards. #MarchMadness,2026-03-23T01:13:03Z,2002,7,1
2026-03-23T13:17:28+00:00,q7oYm4P9UKc,UCKjEtnnXEHsXE9IvCb92V7g,100 gorillas vs. Florida Final Boss? 🦍🐊 #shorts,2026-03-23T03:39:28Z,22129,231,17
2026-03-23T13:17:28+00:00,gRNQkeddOeo,UCKjEtnnXEHsXE9IvCb92V7g,“I would light this thing on fire” 🔥🤣,2026-03-23T02:03:26Z,4818,155,5
2026-03-23T13:17:28+00:00,a8PrkqVWt_s,UCKjEtnnXEHsXE9IvCb92V7g,Tony Delk breaks down the difference in the 2025 and 2026 Florida guards. #MarchMadness,2026-03-23T01:13:03Z,2002,7,1
2026-03-23T13:17:59+00:00,q7oYm4P9UKc,UCKjEtnnXEHsXE9IvCb92V7g,100 gorillas vs. Florida Final Boss? 🦍🐊 #shorts,2026-03-23T03:39:28Z,22129,231,17
2026-03-23T13:17:59+00:00,gRNQkeddOeo,UCKjEtnnXEHsXE9IvCb92V7g,“I would light this thing on fire” 🔥🤣,2026-03-23T02:03:26Z,4818,155,5
2026-03-23T13:17:59+00:00,a8PrkqVWt_s,UCKjEtnnXEHsXE9IvCb92V7g,Tony Delk breaks down the difference in the 2025 and 2026 Florida guards. #MarchMadness,2026-03-23T01:13:03Z,2002,7,1
2026-03-23T13:18:30+00:00,q7oYm4P9UKc,UCKjEtnnXEHsXE9IvCb92V7g,100 gorillas vs. Florida Final Boss? 🦍🐊 #shorts,2026-03-23T03:39:28Z,22129,231,17
2026-03-23T13:18:30+00:00,gRNQkeddOeo,UCKjEtnnXEHsXE9IvCb92V7g,“I would light this thing on fire” 🔥🤣,2026-03-23T02:03:26Z,4818,155,5
2026-03-23T13:18:30+00:00,a8PrkqVWt_s,UCKjEtnnXEHsXE9IvCb92V7g,Tony Delk breaks down the difference in the 2025 and 2026 Florida guards. #MarchMadness,2026-03-23T01:13:03Z,2002,7,1
2026-03-23T13:19:01+00:00,q7oYm4P9UKc,UCKjEtnnXEHsXE9IvCb92V7g,100 gorillas vs. Florida Final Boss? 🦍🐊 #shorts,2026-03-23T03:39:28Z,22129,231,17
2026-03-23T13:19:01+00:00,gRNQkeddOeo,UCKjEtnnXEHsXE9IvCb92V7g,“I would light this thing on fire” 🔥🤣,2026-03-23T02:03:26Z,4856,155,5
2026-03-23T13:19:01+00:00,a8PrkqVWt_s,UCKjEtnnXEHsXE9IvCb92V7g,Tony Delk breaks down the difference in the 2025 and 2026 Florida guards. #MarchMadness,2026-03-23T01:13:03Z,2002,7,1
2026-03-23T13:19:32+00:00,q7oYm4P9UKc,UCKjEtnnXEHsXE9IvCb92V7g,100 gorillas vs. Florida Final Boss? 🦍🐊 #shorts,2026-03-23T03:39:28Z,22129,231,17
2026-03-23T13:19:32+00:00,gRNQkeddOeo,UCKjEtnnXEHsXE9IvCb92V7g,“I would light this thing on fire” 🔥🤣,2026-03-23T02:03:26Z,4856,155,5
2026-03-23T13:19:32+00:00,a8PrkqVWt_s,UCKjEtnnXEHsXE9IvCb92V7g,Tony Delk breaks down the difference in the 2025 and 2026 Florida guards. #MarchMadness,2026-03-23T01:13:03Z,2002,7,1
2026-03-23T13:20:02+00:00,q7oYm4P9UKc,UCKjEtnnXEHsXE9IvCb92V7g,100 gorillas vs. Florida Final Boss? 🦍🐊 #shorts,2026-03-23T03:39:28Z,22129,231,17
2026-03-23T13:20:02+00:00,gRNQkeddOeo,UCKjEtnnXEHsXE9IvCb92V7g,“I would light this thing on fire” 🔥🤣,2026-03-23T02:03:26Z,4856,155,5
2026-03-23T13:20:02+00:00,a8PrkqVWt_s,UCKjEtnnXEHsXE9IvCb92V7g,Tony Delk breaks down the difference in the 2025 and 2026 Florida guards. #MarchMadness,2026-03-23T01:13:03Z,2002,7,1
2026-03-23T13:20:33+00:00,q7oYm4P9UKc,UCKjEtnnXEHsXE9IvCb92V7g,100 gorillas vs. Florida Final Boss? 🦍🐊 #shorts,2026-03-23T03:39:28Z,22129,232,17
2026-03-23T13:20:33+00:00,gRNQkeddOeo,UCKjEtnnXEHsXE9IvCb92V7g,“I would light this thing on fire” 🔥🤣,2026-03-23T02:03:26Z,4856,155,5
2026-03-23T13:20:33+00:00,a8PrkqVWt_s,UCKjEtnnXEHsXE9IvCb92V7g,Tony Delk breaks down the difference in the 2025 and 2026 Florida guards. #MarchMadness,2026-03-23T01:13:03Z,2002,7,1
2026-03-23T13:21:04+00:00,q7oYm4P9UKc,UCKjEtnnXEHsXE9IvCb92V7g,100 gorillas vs. Florida Final Boss? 🦍🐊 #shorts,2026-03-23T03:39:28Z,22129,232,17
2026-03-23T13:21:04+00:00,gRNQkeddOeo,UCKjEtnnXEHsXE9IvCb92V7g,“I would light this thing on fire” 🔥🤣,2026-03-23T02:03:26Z,4856,156,5
2026-03-23T13:21:04+00:00,a8PrkqVWt_s,UCKjEtnnXEHsXE9IvCb92V7g,Tony Delk breaks down the difference in the 2025 and 2026 Florida guards. #MarchMadness,2026-03-23T01:13:03Z,2002,7,1
2026-03-23T13:21:35+00:00,q7oYm4P9UKc,UCKjEtnnXEHsXE9IvCb92V7g,100 gorillas vs. Florida Final Boss? 🦍🐊 #shorts,2026-03-23T03:39:28Z,22356,232,17
2026-03-23T13:21:35+00:00,gRNQkeddOeo,UCKjEtnnXEHsXE9IvCb92V7g,“I would light this thing on fire” 🔥🤣,2026-03-23T02:03:26Z,4856,156,5
2026-03-23T13:21:35+00:00,a8PrkqVWt_s,UCKjEtnnXEHsXE9IvCb92V7g,Tony Delk breaks down the difference in the 2025 and 2026 Florida guards. #MarchMadness,2026-03-23T01:13:03Z,2002,7,1
2026-03-23T13:22:06+00:00,q7oYm4P9UKc,UCKjEtnnXEHsXE9IvCb92V7g,100 gorillas vs. Florida Final Boss? 🦍🐊 #shorts,2026-03-23T03:39:28Z,22356,233,17
2026-03-23T13:22:06+00:00,gRNQkeddOeo,UCKjEtnnXEHsXE9IvCb92V7g,“I would light this thing on fire” 🔥🤣,2026-03-23T02:03:26Z,4856,156,5
2026-03-23T13:22:06+00:00,a8PrkqVWt_s,UCKjEtnnXEHsXE9IvCb92V7g,Tony Delk breaks down the difference in the 2025 and 2026 Florida guards. #MarchMadness,2026-03-23T01:13:03Z,2002,7,1
2026-03-23T13:22:36+00:00,q7oYm4P9UKc,UCKjEtnnXEHsXE9IvCb92V7g,100 gorillas vs. Florida Final Boss? 🦍🐊 #shorts,2026-03-23T03:39:28Z,22356,233,17
2026-03-23T13:22:36+00:00,gRNQkeddOeo,UCKjEtnnXEHsXE9IvCb92V7g,“I would light this thing on fire” 🔥🤣,2026-03-23T02:03:26Z,4856,156,5
2026-03-23T13:22:36+00:00,a8PrkqVWt_s,UCKjEtnnXEHsXE9IvCb92V7g,Tony Delk breaks down the difference in the 2025 and 2026 Florida guards. #MarchMadness,2026-03-23T01:13:03Z,2002,7,1
2026-03-23T13:23:07+00:00,q7oYm4P9UKc,UCKjEtnnXEHsXE9IvCb92V7g,100 gorillas vs. Florida Final Boss? 🦍🐊 #shorts,2026-03-23T03:39:28Z,22356,233,17
2026-03-23T13:23:07+00:00,gRNQkeddOeo,UCKjEtnnXEHsXE9IvCb92V7g,“I would light this thing on fire” 🔥🤣,2026-03-23T02:03:26Z,4856,156,5
2026-03-23T13:23:07+00:00,a8PrkqVWt_s,UCKjEtnnXEHsXE9IvCb92V7g,Tony Delk breaks down the difference in the 2025 and 2026 Florida guards. #MarchMadness,2026-03-23T01:13:03Z,2002,7,1
2026-03-23T13:23:38+00:00,q7oYm4P9UKc,UCKjEtnnXEHsXE9IvCb92V7g,100 gorillas vs. Florida Final Boss? 🦍🐊 #shorts,2026-03-23T03:39:28Z,22356,233,17
2026-03-23T13:23:38+00:00,gRNQkeddOeo,UCKjEtnnXEHsXE9IvCb92V7g,“I would light this thing on fire” 🔥🤣,2026-03-23T02:03:26Z,4856,156,5
2026-03-23T13:23:38+00:00,a8PrkqVWt_s,UCKjEtnnXEHsXE9IvCb92V7g,Tony Delk breaks down the difference in the 2025 and 2026 Florida guards. #MarchMadness,2026-03-23T01:13:03Z,2002,7,1
2026-03-23T13:24:09+00:00,q7oYm4P9UKc,UCKjEtnnXEHsXE9IvCb92V7g,100 gorillas vs. Florida Final Boss? 🦍🐊 #shorts,2026-03-23T03:39:28Z,22356,233,17
2026-03-23T13:24:09+00:00,gRNQkeddOeo,UCKjEtnnXEHsXE9IvCb92V7g,“I would light this thing on fire” 🔥🤣,2026-03-23T02:03:26Z,4856,156,5
2026-03-23T13:24:09+00:00,a8PrkqVWt_s,UCKjEtnnXEHsXE9IvCb92V7g,Tony Delk breaks down the difference in the 2025 and 2026 Florida guards. #MarchMadness,2026-03-23T01:13:03Z,2002,7,1
2026-03-23T13:24:40+00:00,q7oYm4P9UKc,UCKjEtnnXEHsXE9IvCb92V7g,100 gorillas vs. Florida Final Boss? 🦍🐊 #shorts,2026-03-23T03:39:28Z,22356,233,17
2026-03-23T13:24:40+00:00,gRNQkeddOeo,UCKjEtnnXEHsXE9IvCb92V7g,“I would light this thing on fire” 🔥🤣,2026-03-23T02:03:26Z,4879,156,5
2026-03-23T13:24:40+00:00,a8PrkqVWt_s,UCKjEtnnXEHsXE9IvCb92V7g,Tony Delk breaks down the difference in the 2025 and 2026 Florida guards. #MarchMadness,2026-03-23T01:13:03Z,2002,7,1
2026-03-23T13:25:11+00:00,q7oYm4P9UKc,UCKjEtnnXEHsXE9IvCb92V7g,100 gorillas vs. Florida Final Boss? 🦍🐊 #shorts,2026-03-23T03:39:28Z,22356,235,17
2026-03-23T13:25:11+00:00,gRNQkeddOeo,UCKjEtnnXEHsXE9IvCb92V7g,“I would light this thing on fire” 🔥🤣,2026-03-23T02:03:26Z,4879,156,5
2026-03-23T13:25:11+00:00,a8PrkqVWt_s,UCKjEtnnXEHsXE9IvCb92V7g,Tony Delk breaks down the difference in the 2025 and 2026 Florida guards. #MarchMadness,2026-03-23T01:13:03Z,2002,7,1
2026-03-23T13:25:42+00:00,q7oYm4P9UKc,UCKjEtnnXEHsXE9IvCb92V7g,100 gorillas vs. Florida Final Boss? 🦍🐊 #shorts,2026-03-23T03:39:28Z,22356,235,17
2026-03-23T13:25:42+00:00,gRNQkeddOeo,UCKjEtnnXEHsXE9IvCb92V7g,“I would light this thing on fire” 🔥🤣,2026-03-23T02:03:26Z,4879,156,5
2026-03-23T13:25:42+00:00,a8PrkqVWt_s,UCKjEtnnXEHsXE9IvCb92V7g,Tony Delk breaks down the difference in the 2025 and 2026 Florida guards. #MarchMadness,2026-03-23T01:13:03Z,2002,7,1
2026-03-23T13:26:13+00:00,q7oYm4P9UKc,UCKjEtnnXEHsXE9IvCb92V7g,100 gorillas vs. Florida Final Boss? 🦍🐊 #shorts,2026-03-23T03:39:28Z,22434,235,17
2026-03-23T13:26:13+00:00,gRNQkeddOeo,UCKjEtnnXEHsXE9IvCb92V7g,“I would light this thing on fire” 🔥🤣,2026-03-23T02:03:26Z,4879,156,5
2026-03-23T13:26:13+00:00,a8PrkqVWt_s,UCKjEtnnXEHsXE9IvCb92V7g,Tony Delk breaks down the difference in the 2025 and 2026 Florida guards. #MarchMadness,2026-03-23T01:13:03Z,2059,8,1
2026-03-23T13:26:44+00:00,q7oYm4P9UKc,UCKjEtnnXEHsXE9IvCb92V7g,100 gorillas vs. Florida Final Boss? 🦍🐊 #shorts,2026-03-23T03:39:28Z,22434,235,17
2026-03-23T13:26:44+00:00,gRNQkeddOeo,UCKjEtnnXEHsXE9IvCb92V7g,“I would light this thing on fire” 🔥🤣,2026-03-23T02:03:26Z,4879,156,5
2026-03-23T13:26:44+00:00,a8PrkqVWt_s,UCKjEtnnXEHsXE9IvCb92V7g,Tony Delk breaks down the difference in the 2025 and 2026 Florida guards. #MarchMadness,2026-03-23T01:13:03Z,2059,8,1
2026-03-23T13:27:14+00:00,q7oYm4P9UKc,UCKjEtnnXEHsXE9IvCb92V7g,100 gorillas vs. Florida Final Boss? 🦍🐊 #shorts,2026-03-23T03:39:28Z,22434,235,17
2026-03-23T13:27:14+00:00,gRNQkeddOeo,UCKjEtnnXEHsXE9IvCb92V7g,“I would light this thing on fire” 🔥🤣,2026-03-23T02:03:26Z,4879,156,5
2026-03-23T13:27:14+00:00,a8PrkqVWt_s,UCKjEtnnXEHsXE9IvCb92V7g,Tony Delk breaks down the difference in the 2025 and 2026 Florida guards. #MarchMadness,2026-03-23T01:13:03Z,2059,8,1
2026-03-23T13:27:45+00:00,q7oYm4P9UKc,UCKjEtnnXEHsXE9IvCb92V7g,100 gorillas vs. Florida Final Boss? 🦍🐊 #shorts,2026-03-23T03:39:28Z,22434,235,17
2026-03-23T13:27:45+00:00,gRNQkeddOeo,UCKjEtnnXEHsXE9IvCb92V7g,“I would light this thing on fire” 🔥🤣,2026-03-23T02:03:26Z,4879,156,5
2026-03-23T13:27:45+00:00,a8PrkqVWt_s,UCKjEtnnXEHsXE9IvCb92V7g,Tony Delk breaks down the difference in the 2025 and 2026 Florida guards. #MarchMadness,2026-03-23T01:13:03Z,2059,8,1
2026-03-23T13:28:16+00:00,q7oYm4P9UKc,UCKjEtnnXEHsXE9IvCb92V7g,100 gorillas vs. Florida Final Boss? 🦍🐊 #shorts,2026-03-23T03:39:28Z,22434,235,17
2026-03-23T13:28:16+00:00,gRNQkeddOeo,UCKjEtnnXEHsXE9IvCb92V7g,“I would light this thing on fire” 🔥🤣,2026-03-23T02:03:26Z,4879,156,5
2026-03-23T13:28:16+00:00,a8PrkqVWt_s,UCKjEtnnXEHsXE9IvCb92V7g,Tony Delk breaks down the difference in the 2025 and 2026 Florida guards. #MarchMadness,2026-03-23T01:13:03Z,2059,8,1
2026-03-23T13:28:46+00:00,q7oYm4P9UKc,UCKjEtnnXEHsXE9IvCb92V7g,100 gorillas vs. Florida Final Boss? 🦍🐊 #shorts,2026-03-23T03:39:28Z,22434,235,17
2026-03-23T13:28:46+00:00,gRNQkeddOeo,UCKjEtnnXEHsXE9IvCb92V7g,“I would light this thing on fire” 🔥🤣,2026-03-23T02:03:26Z,4879,156,5
2026-03-23T13:28:46+00:00,a8PrkqVWt_s,UCKjEtnnXEHsXE9IvCb92V7g,Tony Delk breaks down the difference in the 2025 and 2026 Florida guards. #MarchMadness,2026-03-23T01:13:03Z,2059,8,1
2026-03-23T13:29:17+00:00,q7oYm4P9UKc,UCKjEtnnXEHsXE9IvCb92V7g,100 gorillas vs. Florida Final Boss? 🦍🐊 #shorts,2026-03-23T03:39:28Z,22434,235,17
2026-03-23T13:29:17+00:00,gRNQkeddOeo,UCKjEtnnXEHsXE9IvCb92V7g,“I would light this thing on fire” 🔥🤣,2026-03-23T02:03:26Z,4890,156,5
2026-03-23T13:29:17+00:00,a8PrkqVWt_s,UCKjEtnnXEHsXE9IvCb92V7g,Tony Delk breaks down the difference in the 2025 and 2026 Florida guards. #MarchMadness,2026-03-23T01:13:03Z,2059,8,1
2026-03-23T13:29:47+00:00,q7oYm4P9UKc,UCKjEtnnXEHsXE9IvCb92V7g,100 gorillas vs. Florida Final Boss? 🦍🐊 #shorts,2026-03-23T03:39:28Z,22434,235,17
2026-03-23T13:29:47+00:00,gRNQkeddOeo,UCKjEtnnXEHsXE9IvCb92V7g,“I would light this thing on fire” 🔥🤣,2026-03-23T02:03:26Z,4890,156,5
2026-03-23T13:29:47+00:00,a8PrkqVWt_s,UCKjEtnnXEHsXE9IvCb92V7g,Tony Delk breaks down the difference in the 2025 and 2026 Florida guards. #MarchMadness,2026-03-23T01:13:03Z,2059,8,1
2026-03-23T13:30:17+00:00,q7oYm4P9UKc,UCKjEtnnXEHsXE9IvCb92V7g,100 gorillas vs. Florida Final Boss? 🦍🐊 #shorts,2026-03-23T03:39:28Z,22434,235,17
2026-03-23T13:30:17+00:00,gRNQkeddOeo,UCKjEtnnXEHsXE9IvCb92V7g,“I would light this thing on fire” 🔥🤣,2026-03-23T02:03:26Z,4890,156,5
2026-03-23T13:30:17+00:00,a8PrkqVWt_s,UCKjEtnnXEHsXE9IvCb92V7g,Tony Delk breaks down the difference in the 2025 and 2026 Florida guards. #MarchMadness,2026-03-23T01:13:03Z,2059,8,1
2026-03-23T13:30:48+00:00,q7oYm4P9UKc,UCKjEtnnXEHsXE9IvCb92V7g,100 gorillas vs. Florida Final Boss? 🦍🐊 #shorts,2026-03-23T03:39:28Z,22434,236,17
2026-03-23T13:30:48+00:00,gRNQkeddOeo,UCKjEtnnXEHsXE9IvCb92V7g,“I would light this thing on fire” 🔥🤣,2026-03-23T02:03:26Z,4890,156,5
2026-03-23T13:30:48+00:00,a8PrkqVWt_s,UCKjEtnnXEHsXE9IvCb92V7g,Tony Delk breaks down the difference in the 2025 and 2026 Florida guards. #MarchMadness,2026-03-23T01:13:03Z,2059,8,1
2026-03-23T13:31:19+00:00,q7oYm4P9UKc,UCKjEtnnXEHsXE9IvCb92V7g,100 gorillas vs. Florida Final Boss? 🦍🐊 #shorts,2026-03-23T03:39:28Z,22434,235,17
2026-03-23T13:31:19+00:00,gRNQkeddOeo,UCKjEtnnXEHsXE9IvCb92V7g,“I would light this thing on fire” 🔥🤣,2026-03-23T02:03:26Z,4890,157,5
2026-03-23T13:31:19+00:00,a8PrkqVWt_s,UCKjEtnnXEHsXE9IvCb92V7g,Tony Delk breaks down the difference in the 2025 and 2026 Florida guards. #MarchMadness,2026-03-23T01:13:03Z,2064,8,1
2026-03-23T13:31:50+00:00,25nXjfAtOvc,UCKjEtnnXEHsXE9IvCb92V7g,Press Conference: Louisville vs. Alabama Postgame (2026 Women's Second Round),2026-03-23T13:30:19Z,0,0,
2026-03-23T13:31:50+00:00,q7oYm4P9UKc,UCKjEtnnXEHsXE9IvCb92V7g,100 gorillas vs. Florida Final Boss? 🦍🐊 #shorts,2026-03-23T03:39:28Z,22545,235,17
2026-03-23T13:31:50+00:00,gRNQkeddOeo,UCKjEtnnXEHsXE9IvCb92V7g,“I would light this thing on fire” 🔥🤣,2026-03-23T02:03:26Z,4890,157,5
2026-03-23T13:31:50+00:00,a8PrkqVWt_s,UCKjEtnnXEHsXE9IvCb92V7g,Tony Delk breaks down the difference in the 2025 and 2026 Florida guards. #MarchMadness,2026-03-23T01:13:03Z,2064,8,1
2026-03-23T13:32:20+00:00,25nXjfAtOvc,UCKjEtnnXEHsXE9IvCb92V7g,Press Conference: Louisville vs. Alabama Postgame (2026 Women's Second Round),2026-03-23T13:30:19Z,0,0,
2026-03-23T13:32:20+00:00,q7oYm4P9UKc,UCKjEtnnXEHsXE9IvCb92V7g,100 gorillas vs. Florida Final Boss? 🦍🐊 #shorts,2026-03-23T03:39:28Z,22545,235,17
2026-03-23T13:32:20+00:00,gRNQkeddOeo,UCKjEtnnXEHsXE9IvCb92V7g,“I would light this thing on fire” 🔥🤣,2026-03-23T02:03:26Z,4890,157,5
2026-03-23T13:32:20+00:00,a8PrkqVWt_s,UCKjEtnnXEHsXE9IvCb92V7g,Tony Delk breaks down the difference in the 2025 and 2026 Florida guards. #MarchMadness,2026-03-23T01:13:03Z,2064,8,1
2026-03-23T13:32:51+00:00,25nXjfAtOvc,UCKjEtnnXEHsXE9IvCb92V7g,Press Conference: Louisville vs. Alabama Postgame (2026 Women's Second Round),2026-03-23T13:30:19Z,0,0,
2026-03-23T13:32:51+00:00,q7oYm4P9UKc,UCKjEtnnXEHsXE9IvCb92V7g,100 gorillas vs. Florida Final Boss? 🦍🐊 #shorts,2026-03-23T03:39:28Z,22545,235,17
2026-03-23T13:32:51+00:00,gRNQkeddOeo,UCKjEtnnXEHsXE9IvCb92V7g,“I would light this thing on fire” 🔥🤣,2026-03-23T02:03:26Z,4890,157,5
2026-03-23T13:32:51+00:00,a8PrkqVWt_s,UCKjEtnnXEHsXE9IvCb92V7g,Tony Delk breaks down the difference in the 2025 and 2026 Florida guards. #MarchMadness,2026-03-23T01:13:03Z,2064,8,1
2026-03-23T13:33:20+00:00,25nXjfAtOvc,UCKjEtnnXEHsXE9IvCb92V7g,Press Conference: Louisville vs. Alabama Postgame (2026 Women's Second Round),2026-03-23T13:30:19Z,0,0,
2026-03-23T13:33:20+00:00,q7oYm4P9UKc,UCKjEtnnXEHsXE9IvCb92V7g,100 gorillas vs. Florida Final Boss? 🦍🐊 #shorts,2026-03-23T03:39:28Z,22545,235,17
2026-03-23T13:33:20+00:00,gRNQkeddOeo,UCKjEtnnXEHsXE9IvCb92V7g,“I would light this thing on fire” 🔥🤣,2026-03-23T02:03:26Z,4890,157,5
2026-03-23T13:33:20+00:00,a8PrkqVWt_s,UCKjEtnnXEHsXE9IvCb92V7g,Tony Delk breaks down the difference in the 2025 and 2026 Florida guards. #MarchMadness,2026-03-23T01:13:03Z,2064,8,1
2026-03-23T13:33:51+00:00,25nXjfAtOvc,UCKjEtnnXEHsXE9IvCb92V7g,Press Conference: Louisville vs. Alabama Postgame (2026 Women's Second Round),2026-03-23T13:30:19Z,0,0,
2026-03-23T13:33:51+00:00,q7oYm4P9UKc,UCKjEtnnXEHsXE9IvCb92V7g,100 gorillas vs. Florida Final Boss? 🦍🐊 #shorts,2026-03-23T03:39:28Z,22545,236,17
2026-03-23T13:33:51+00:00,gRNQkeddOeo,UCKjEtnnXEHsXE9IvCb92V7g,“I would light this thing on fire” 🔥🤣,2026-03-23T02:03:26Z,4890,157,5
2026-03-23T13:33:51+00:00,a8PrkqVWt_s,UCKjEtnnXEHsXE9IvCb92V7g,Tony Delk breaks down the difference in the 2025 and 2026 Florida guards. #MarchMadness,2026-03-23T01:13:03Z,2064,8,1
2026-03-23T13:34:22+00:00,25nXjfAtOvc,UCKjEtnnXEHsXE9IvCb92V7g,Press Conference: Louisville vs. Alabama Postgame (2026 Women's Second Round),2026-03-23T13:30:19Z,0,0,
2026-03-23T13:34:22+00:00,q7oYm4P9UKc,UCKjEtnnXEHsXE9IvCb92V7g,100 gorillas vs. Florida Final Boss? 🦍🐊 #shorts,2026-03-23T03:39:28Z,22545,236,17
2026-03-23T13:34:22+00:00,gRNQkeddOeo,UCKjEtnnXEHsXE9IvCb92V7g,“I would light this thing on fire” 🔥🤣,2026-03-23T02:03:26Z,4910,157,5
2026-03-23T13:34:22+00:00,a8PrkqVWt_s,UCKjEtnnXEHsXE9IvCb92V7g,Tony Delk breaks down the difference in the 2025 and 2026 Florida guards. #MarchMadness,2026-03-23T01:13:03Z,2064,8,1
2026-03-23T13:34:53+00:00,25nXjfAtOvc,UCKjEtnnXEHsXE9IvCb92V7g,Press Conference: Louisville vs. Alabama Postgame (2026 Women's Second Round),2026-03-23T13:30:19Z,0,0,
2026-03-23T13:34:53+00:00,q7oYm4P9UKc,UCKjEtnnXEHsXE9IvCb92V7g,100 gorillas vs. Florida Final Boss? 🦍🐊 #shorts,2026-03-23T03:39:28Z,22545,236,17
2026-03-23T13:34:53+00:00,gRNQkeddOeo,UCKjEtnnXEHsXE9IvCb92V7g,“I would light this thing on fire” 🔥🤣,2026-03-23T02:03:26Z,4911,157,5
2026-03-23T13:34:53+00:00,a8PrkqVWt_s,UCKjEtnnXEHsXE9IvCb92V7g,Tony Delk breaks down the difference in the 2025 and 2026 Florida guards. #MarchMadness,2026-03-23T01:13:03Z,2064,8,1
2026-03-23T13:35:24+00:00,25nXjfAtOvc,UCKjEtnnXEHsXE9IvCb92V7g,Press Conference: Louisville vs. Alabama Postgame (2026 Women's Second Round),2026-03-23T13:30:19Z,0,0,
2026-03-23T13:35:24+00:00,q7oYm4P9UKc,UCKjEtnnXEHsXE9IvCb92V7g,100 gorillas vs. Florida Final Boss? 🦍🐊 #shorts,2026-03-23T03:39:28Z,22545,237,17
2026-03-23T13:35:24+00:00,gRNQkeddOeo,UCKjEtnnXEHsXE9IvCb92V7g,“I would light this thing on fire” 🔥🤣,2026-03-23T02:03:26Z,4911,157,5
2026-03-23T13:35:24+00:00,a8PrkqVWt_s,UCKjEtnnXEHsXE9IvCb92V7g,Tony Delk breaks down the difference in the 2025 and 2026 Florida guards. #MarchMadness,2026-03-23T01:13:03Z,2064,8,1
2026-03-23T13:35:54+00:00,25nXjfAtOvc,UCKjEtnnXEHsXE9IvCb92V7g,Press Conference: Louisville vs. Alabama Postgame (2026 Women's Second Round),2026-03-23T13:30:19Z,0,0,
2026-03-23T13:35:54+00:00,q7oYm4P9UKc,UCKjEtnnXEHsXE9IvCb92V7g,100 gorillas vs. Florida Final Boss? 🦍🐊 #shorts,2026-03-23T03:39:28Z,22545,238,17
2026-03-23T13:35:54+00:00,gRNQkeddOeo,UCKjEtnnXEHsXE9IvCb92V7g,“I would light this thing on fire” 🔥🤣,2026-03-23T02:03:26Z,4911,157,5
2026-03-23T13:35:54+00:00,a8PrkqVWt_s,UCKjEtnnXEHsXE9IvCb92V7g,Tony Delk breaks down the difference in the 2025 and 2026 Florida guards. #MarchMadness,2026-03-23T01:13:03Z,2064,8,1
2026-03-23T13:36:24+00:00,25nXjfAtOvc,UCKjEtnnXEHsXE9IvCb92V7g,Press Conference: Louisville vs. Alabama Postgame (2026 Women's Second Round),2026-03-23T13:30:19Z,0,0,
2026-03-23T13:36:24+00:00,q7oYm4P9UKc,UCKjEtnnXEHsXE9IvCb92V7g,100 gorillas vs. Florida Final Boss? 🦍🐊 #shorts,2026-03-23T03:39:28Z,22749,239,17
2026-03-23T13:36:24+00:00,gRNQkeddOeo,UCKjEtnnXEHsXE9IvCb92V7g,“I would light this thing on fire” 🔥🤣,2026-03-23T02:03:26Z,4911,157,5
2026-03-23T13:36:24+00:00,a8PrkqVWt_s,UCKjEtnnXEHsXE9IvCb92V7g,Tony Delk breaks down the difference in the 2025 and 2026 Florida guards. #MarchMadness,2026-03-23T01:13:03Z,2068,8,1
2026-03-23T13:36:54+00:00,25nXjfAtOvc,UCKjEtnnXEHsXE9IvCb92V7g,Press Conference: Louisville vs. Alabama Postgame (2026 Women's Second Round),2026-03-23T13:30:19Z,0,0,
2026-03-23T13:36:54+00:00,q7oYm4P9UKc,UCKjEtnnXEHsXE9IvCb92V7g,100 gorillas vs. Florida Final Boss? 🦍🐊 #shorts,2026-03-23T03:39:28Z,22749,239,17
2026-03-23T13:36:54+00:00,gRNQkeddOeo,UCKjEtnnXEHsXE9IvCb92V7g,“I would light this thing on fire” 🔥🤣,2026-03-23T02:03:26Z,4911,158,5
2026-03-23T13:36:54+00:00,a8PrkqVWt_s,UCKjEtnnXEHsXE9IvCb92V7g,Tony Delk breaks down the difference in the 2025 and 2026 Florida guards. #MarchMadness,2026-03-23T01:13:03Z,2068,8,1
2026-03-23T13:37:25+00:00,25nXjfAtOvc,UCKjEtnnXEHsXE9IvCb92V7g,Press Conference: Louisville vs. Alabama Postgame (2026 Women's Second Round),2026-03-23T13:30:19Z,0,0,
2026-03-23T13:37:25+00:00,q7oYm4P9UKc,UCKjEtnnXEHsXE9IvCb92V7g,100 gorillas vs. Florida Final Boss? 🦍🐊 #shorts,2026-03-23T03:39:28Z,22749,239,17
2026-03-23T13:37:25+00:00,gRNQkeddOeo,UCKjEtnnXEHsXE9IvCb92V7g,“I would light this thing on fire” 🔥🤣,2026-03-23T02:03:26Z,4911,158,5
2026-03-23T13:37:25+00:00,a8PrkqVWt_s,UCKjEtnnXEHsXE9IvCb92V7g,Tony Delk breaks down the difference in the 2025 and 2026 Florida guards. #MarchMadness,2026-03-23T01:13:03Z,2068,8,1
2026-03-23T13:37:56+00:00,25nXjfAtOvc,UCKjEtnnXEHsXE9IvCb92V7g,Press Conference: Louisville vs. Alabama Postgame (2026 Women's Second Round),2026-03-23T13:30:19Z,0,0,
2026-03-23T13:37:56+00:00,q7oYm4P9UKc,UCKjEtnnXEHsXE9IvCb92V7g,100 gorillas vs. Florida Final Boss? 🦍🐊 #shorts,2026-03-23T03:39:28Z,22749,240,17
2026-03-23T13:37:56+00:00,gRNQkeddOeo,UCKjEtnnXEHsXE9IvCb92V7g,“I would light this thing on fire” 🔥🤣,2026-03-23T02:03:26Z,4911,158,5
2026-03-23T13:37:56+00:00,a8PrkqVWt_s,UCKjEtnnXEHsXE9IvCb92V7g,Tony Delk breaks down the difference in the 2025 and 2026 Florida guards. #MarchMadness,2026-03-23T01:13:03Z,2068,8,1
2026-03-23T13:38:27+00:00,25nXjfAtOvc,UCKjEtnnXEHsXE9IvCb92V7g,Press Conference: Louisville vs. Alabama Postgame (2026 Women's Second Round),2026-03-23T13:30:19Z,0,0,
2026-03-23T13:38:27+00:00,q7oYm4P9UKc,UCKjEtnnXEHsXE9IvCb92V7g,100 gorillas vs. Florida Final Boss? 🦍🐊 #shorts,2026-03-23T03:39:28Z,22749,240,17
2026-03-23T13:38:27+00:00,gRNQkeddOeo,UCKjEtnnXEHsXE9IvCb92V7g,“I would light this thing on fire” 🔥🤣,2026-03-23T02:03:26Z,4911,158,5
2026-03-23T13:38:27+00:00,a8PrkqVWt_s,UCKjEtnnXEHsXE9IvCb92V7g,Tony Delk breaks down the difference in the 2025 and 2026 Florida guards. #MarchMadness,2026-03-23T01:13:03Z,2068,8,1
2026-03-23T13:38:58+00:00,25nXjfAtOvc,UCKjEtnnXEHsXE9IvCb92V7g,Press Conference: Louisville vs. Alabama Postgame (2026 Women's Second Round),2026-03-23T13:30:19Z,0,0,
2026-03-23T13:38:58+00:00,q7oYm4P9UKc,UCKjEtnnXEHsXE9IvCb92V7g,100 gorillas vs. Florida Final Boss? 🦍🐊 #shorts,2026-03-23T03:39:28Z,22749,240,17
2026-03-23T13:38:58+00:00,gRNQkeddOeo,UCKjEtnnXEHsXE9IvCb92V7g,“I would light this thing on fire” 🔥🤣,2026-03-23T02:03:26Z,4944,158,5
2026-03-23T13:38:58+00:00,a8PrkqVWt_s,UCKjEtnnXEHsXE9IvCb92V7g,Tony Delk breaks down the difference in the 2025 and 2026 Florida guards. #MarchMadness,2026-03-23T01:13:03Z,2068,8,1
2026-03-23T13:39:28+00:00,25nXjfAtOvc,UCKjEtnnXEHsXE9IvCb92V7g,Press Conference: Louisville vs. Alabama Postgame (2026 Women's Second Round),2026-03-23T13:30:19Z,0,0,
2026-03-23T13:39:28+00:00,q7oYm4P9UKc,UCKjEtnnXEHsXE9IvCb92V7g,100 gorillas vs. Florida Final Boss? 🦍🐊 #shorts,2026-03-23T03:39:28Z,22749,240,17
2026-03-23T13:39:28+00:00,gRNQkeddOeo,UCKjEtnnXEHsXE9IvCb92V7g,“I would light this thing on fire” 🔥🤣,2026-03-23T02:03:26Z,4944,159,5
2026-03-23T13:39:28+00:00,a8PrkqVWt_s,UCKjEtnnXEHsXE9IvCb92V7g,Tony Delk breaks down the difference in the 2025 and 2026 Florida guards. #MarchMadness,2026-03-23T01:13:03Z,2068,8,1
2026-03-23T13:39:59+00:00,25nXjfAtOvc,UCKjEtnnXEHsXE9IvCb92V7g,Press Conference: Louisville vs. Alabama Postgame (2026 Women's Second Round),2026-03-23T13:30:19Z,0,0,
2026-03-23T13:39:59+00:00,q7oYm4P9UKc,UCKjEtnnXEHsXE9IvCb92V7g,100 gorillas vs. Florida Final Boss? 🦍🐊 #shorts,2026-03-23T03:39:28Z,22749,241,17
2026-03-23T13:39:59+00:00,gRNQkeddOeo,UCKjEtnnXEHsXE9IvCb92V7g,“I would light this thing on fire” 🔥🤣,2026-03-23T02:03:26Z,4944,160,5
2026-03-23T13:39:59+00:00,a8PrkqVWt_s,UCKjEtnnXEHsXE9IvCb92V7g,Tony Delk breaks down the difference in the 2025 and 2026 Florida guards. #MarchMadness,2026-03-23T01:13:03Z,2068,8,1
2026-03-23T13:40:30+00:00,25nXjfAtOvc,UCKjEtnnXEHsXE9IvCb92V7g,Press Conference: Louisville vs. Alabama Postgame (2026 Women's Second Round),2026-03-23T13:30:19Z,0,0,
2026-03-23T13:40:30+00:00,q7oYm4P9UKc,UCKjEtnnXEHsXE9IvCb92V7g,100 gorillas vs. Florida Final Boss? 🦍🐊 #shorts,2026-03-23T03:39:28Z,22749,241,17
2026-03-23T13:40:30+00:00,gRNQkeddOeo,UCKjEtnnXEHsXE9IvCb92V7g,“I would light this thing on fire” 🔥🤣,2026-03-23T02:03:26Z,4945,160,5
2026-03-23T13:40:30+00:00,a8PrkqVWt_s,UCKjEtnnXEHsXE9IvCb92V7g,Tony Delk breaks down the difference in the 2025 and 2026 Florida guards. #MarchMadness,2026-03-23T01:13:03Z,2068,8,1
2026-03-23T13:41:01+00:00,25nXjfAtOvc,UCKjEtnnXEHsXE9IvCb92V7g,Press Conference: Louisville vs. Alabama Postgame (2026 Women's Second Round),2026-03-23T13:30:19Z,0,0,
2026-03-23T13:41:01+00:00,q7oYm4P9UKc,UCKjEtnnXEHsXE9IvCb92V7g,100 gorillas vs. Florida Final Boss? 🦍🐊 #shorts,2026-03-23T03:39:28Z,22749,241,17
2026-03-23T13:41:01+00:00,gRNQkeddOeo,UCKjEtnnXEHsXE9IvCb92V7g,“I would light this thing on fire” 🔥🤣,2026-03-23T02:03:26Z,4945,160,5
2026-03-23T13:41:01+00:00,a8PrkqVWt_s,UCKjEtnnXEHsXE9IvCb92V7g,Tony Delk breaks down the difference in the 2025 and 2026 Florida guards. #MarchMadness,2026-03-23T01:13:03Z,2068,8,1
2026-03-23T13:41:31+00:00,25nXjfAtOvc,UCKjEtnnXEHsXE9IvCb92V7g,Press Conference: Louisville vs. Alabama Postgame (2026 Women's Second Round),2026-03-23T13:30:19Z,0,0,
2026-03-23T13:41:31+00:00,q7oYm4P9UKc,UCKjEtnnXEHsXE9IvCb92V7g,100 gorillas vs. Florida Final Boss? 🦍🐊 #shorts,2026-03-23T03:39:28Z,23006,241,17
2026-03-23T13:41:31+00:00,gRNQkeddOeo,UCKjEtnnXEHsXE9IvCb92V7g,“I would light this thing on fire” 🔥🤣,2026-03-23T02:03:26Z,4945,160,5
2026-03-23T13:41:31+00:00,a8PrkqVWt_s,UCKjEtnnXEHsXE9IvCb92V7g,Tony Delk breaks down the difference in the 2025 and 2026 Florida guards. #MarchMadness,2026-03-23T01:13:03Z,2070,8,1
2026-03-23T13:42:02+00:00,25nXjfAtOvc,UCKjEtnnXEHsXE9IvCb92V7g,Press Conference: Louisville vs. Alabama Postgame (2026 Women's Second Round),2026-03-23T13:30:19Z,0,0,
2026-03-23T13:42:02+00:00,q7oYm4P9UKc,UCKjEtnnXEHsXE9IvCb92V7g,100 gorillas vs. Florida Final Boss? 🦍🐊 #shorts,2026-03-23T03:39:28Z,23015,241,17
2026-03-23T13:42:02+00:00,gRNQkeddOeo,UCKjEtnnXEHsXE9IvCb92V7g,“I would light this thing on fire” 🔥🤣,2026-03-23T02:03:26Z,4945,160,5
2026-03-23T13:42:02+00:00,a8PrkqVWt_s,UCKjEtnnXEHsXE9IvCb92V7g,Tony Delk breaks down the difference in the 2025 and 2026 Florida guards. #MarchMadness,2026-03-23T01:13:03Z,2070,8,1
2026-03-23T13:42:32+00:00,25nXjfAtOvc,UCKjEtnnXEHsXE9IvCb92V7g,Press Conference: Louisville vs. Alabama Postgame (2026 Women's Second Round),2026-03-23T13:30:19Z,0,0,
2026-03-23T13:42:32+00:00,q7oYm4P9UKc,UCKjEtnnXEHsXE9IvCb92V7g,100 gorillas vs. Florida Final Boss? 🦍🐊 #shorts,2026-03-23T03:39:28Z,23015,241,17
2026-03-23T13:42:32+00:00,gRNQkeddOeo,UCKjEtnnXEHsXE9IvCb92V7g,“I would light this thing on fire” 🔥🤣,2026-03-23T02:03:26Z,4945,160,5
2026-03-23T13:42:32+00:00,a8PrkqVWt_s,UCKjEtnnXEHsXE9IvCb92V7g,Tony Delk breaks down the difference in the 2025 and 2026 Florida guards. #MarchMadness,2026-03-23T01:13:03Z,2070,8,1
2026-03-23T13:43:03+00:00,25nXjfAtOvc,UCKjEtnnXEHsXE9IvCb92V7g,Press Conference: Louisville vs. Alabama Postgame (2026 Women's Second Round),2026-03-23T13:30:19Z,0,0,
2026-03-23T13:43:03+00:00,q7oYm4P9UKc,UCKjEtnnXEHsXE9IvCb92V7g,100 gorillas vs. Florida Final Boss? 🦍🐊 #shorts,2026-03-23T03:39:28Z,23015,241,17
2026-03-23T13:43:03+00:00,gRNQkeddOeo,UCKjEtnnXEHsXE9IvCb92V7g,“I would light this thing on fire” 🔥🤣,2026-03-23T02:03:26Z,4945,160,5
2026-03-23T13:43:03+00:00,a8PrkqVWt_s,UCKjEtnnXEHsXE9IvCb92V7g,Tony Delk breaks down the difference in the 2025 and 2026 Florida guards. #MarchMadness,2026-03-23T01:13:03Z,2070,8,1
2026-03-23T13:43:34+00:00,25nXjfAtOvc,UCKjEtnnXEHsXE9IvCb92V7g,Press Conference: Louisville vs. Alabama Postgame (2026 Women's Second Round),2026-03-23T13:30:19Z,0,0,
2026-03-23T13:43:34+00:00,q7oYm4P9UKc,UCKjEtnnXEHsXE9IvCb92V7g,100 gorillas vs. Florida Final Boss? 🦍🐊 #shorts,2026-03-23T03:39:28Z,23015,241,17
2026-03-23T13:43:34+00:00,gRNQkeddOeo,UCKjEtnnXEHsXE9IvCb92V7g,“I would light this thing on fire” 🔥🤣,2026-03-23T02:03:26Z,4945,160,5
2026-03-23T13:43:34+00:00,a8PrkqVWt_s,UCKjEtnnXEHsXE9IvCb92V7g,Tony Delk breaks down the difference in the 2025 and 2026 Florida guards. #MarchMadness,2026-03-23T01:13:03Z,2070,8,1
2026-03-23T13:44:05+00:00,25nXjfAtOvc,UCKjEtnnXEHsXE9IvCb92V7g,Press Conference: Louisville vs. Alabama Postgame (2026 Women's Second Round),2026-03-23T13:30:19Z,0,0,
2026-03-23T13:44:05+00:00,q7oYm4P9UKc,UCKjEtnnXEHsXE9IvCb92V7g,100 gorillas vs. Florida Final Boss? 🦍🐊 #shorts,2026-03-23T03:39:28Z,23015,242,17
2026-03-23T13:44:05+00:00,gRNQkeddOeo,UCKjEtnnXEHsXE9IvCb92V7g,“I would light this thing on fire” 🔥🤣,2026-03-23T02:03:26Z,4981,160,5
2026-03-23T13:44:05+00:00,a8PrkqVWt_s,UCKjEtnnXEHsXE9IvCb92V7g,Tony Delk breaks down the difference in the 2025 and 2026 Florida guards. #MarchMadness,2026-03-23T01:13:03Z,2070,8,1
2026-03-23T13:44:35+00:00,25nXjfAtOvc,UCKjEtnnXEHsXE9IvCb92V7g,Press Conference: Louisville vs. Alabama Postgame (2026 Women's Second Round),2026-03-23T13:30:19Z,0,0,
2026-03-23T13:44:35+00:00,q7oYm4P9UKc,UCKjEtnnXEHsXE9IvCb92V7g,100 gorillas vs. Florida Final Boss? 🦍🐊 #shorts,2026-03-23T03:39:28Z,23015,242,18
2026-03-23T13:44:35+00:00,gRNQkeddOeo,UCKjEtnnXEHsXE9IvCb92V7g,“I would light this thing on fire” 🔥🤣,2026-03-23T02:03:26Z,4981,160,5
2026-03-23T13:44:35+00:00,a8PrkqVWt_s,UCKjEtnnXEHsXE9IvCb92V7g,Tony Delk breaks down the difference in the 2025 and 2026 Florida guards. #MarchMadness,2026-03-23T01:13:03Z,2070,8,1
2026-03-23T13:45:06+00:00,25nXjfAtOvc,UCKjEtnnXEHsXE9IvCb92V7g,Press Conference: Louisville vs. Alabama Postgame (2026 Women's Second Round),2026-03-23T13:30:19Z,0,0,
2026-03-23T13:45:06+00:00,q7oYm4P9UKc,UCKjEtnnXEHsXE9IvCb92V7g,100 gorillas vs. Florida Final Boss? 🦍🐊 #shorts,2026-03-23T03:39:28Z,23015,242,18
2026-03-23T13:45:06+00:00,gRNQkeddOeo,UCKjEtnnXEHsXE9IvCb92V7g,“I would light this thing on fire” 🔥🤣,2026-03-23T02:03:26Z,4981,161,5
2026-03-23T13:45:06+00:00,a8PrkqVWt_s,UCKjEtnnXEHsXE9IvCb92V7g,Tony Delk breaks down the difference in the 2025 and 2026 Florida guards. #MarchMadness,2026-03-23T01:13:03Z,2070,8,1
2026-03-23T13:45:37+00:00,25nXjfAtOvc,UCKjEtnnXEHsXE9IvCb92V7g,Press Conference: Louisville vs. Alabama Postgame (2026 Women's Second Round),2026-03-23T13:30:19Z,0,0,
2026-03-23T13:45:37+00:00,q7oYm4P9UKc,UCKjEtnnXEHsXE9IvCb92V7g,100 gorillas vs. Florida Final Boss? 🦍🐊 #shorts,2026-03-23T03:39:28Z,23015,242,18
2026-03-23T13:45:37+00:00,gRNQkeddOeo,UCKjEtnnXEHsXE9IvCb92V7g,“I would light this thing on fire” 🔥🤣,2026-03-23T02:03:26Z,4981,161,5
2026-03-23T13:45:37+00:00,a8PrkqVWt_s,UCKjEtnnXEHsXE9IvCb92V7g,Tony Delk breaks down the difference in the 2025 and 2026 Florida guards. #MarchMadness,2026-03-23T01:13:03Z,2070,8,1
2026-03-23T13:46:08+00:00,25nXjfAtOvc,UCKjEtnnXEHsXE9IvCb92V7g,Press Conference: Louisville vs. Alabama Postgame (2026 Women's Second Round),2026-03-23T13:30:19Z,0,0,
2026-03-23T13:46:08+00:00,q7oYm4P9UKc,UCKjEtnnXEHsXE9IvCb92V7g,100 gorillas vs. Florida Final Boss? 🦍🐊 #shorts,2026-03-23T03:39:28Z,23015,243,18
2026-03-23T13:46:08+00:00,gRNQkeddOeo,UCKjEtnnXEHsXE9IvCb92V7g,“I would light this thing on fire” 🔥🤣,2026-03-23T02:03:26Z,4981,161,5
2026-03-23T13:46:08+00:00,a8PrkqVWt_s,UCKjEtnnXEHsXE9IvCb92V7g,Tony Delk breaks down the difference in the 2025 and 2026 Florida guards. #MarchMadness,2026-03-23T01:13:03Z,2070,8,1
2026-03-23T13:46:38+00:00,25nXjfAtOvc,UCKjEtnnXEHsXE9IvCb92V7g,Press Conference: Louisville vs. Alabama Postgame (2026 Women's Second Round),2026-03-23T13:30:19Z,0,0,
2026-03-23T13:46:38+00:00,q7oYm4P9UKc,UCKjEtnnXEHsXE9IvCb92V7g,100 gorillas vs. Florida Final Boss? 🦍🐊 #shorts,2026-03-23T03:39:28Z,23301,243,18
2026-03-23T13:46:38+00:00,gRNQkeddOeo,UCKjEtnnXEHsXE9IvCb92V7g,“I would light this thing on fire” 🔥🤣,2026-03-23T02:03:26Z,4981,161,5
2026-03-23T13:46:38+00:00,a8PrkqVWt_s,UCKjEtnnXEHsXE9IvCb92V7g,Tony Delk breaks down the difference in the 2025 and 2026 Florida guards. #MarchMadness,2026-03-23T01:13:03Z,2073,8,1
2026-03-23T13:47:09+00:00,25nXjfAtOvc,UCKjEtnnXEHsXE9IvCb92V7g,Press Conference: Louisville vs. Alabama Postgame (2026 Women's Second Round),2026-03-23T13:30:19Z,0,0,
2026-03-23T13:47:09+00:00,q7oYm4P9UKc,UCKjEtnnXEHsXE9IvCb92V7g,100 gorillas vs. Florida Final Boss? 🦍🐊 #shorts,2026-03-23T03:39:28Z,23301,243,18
2026-03-23T13:47:09+00:00,gRNQkeddOeo,UCKjEtnnXEHsXE9IvCb92V7g,“I would light this thing on fire” 🔥🤣,2026-03-23T02:03:26Z,4981,161,5
2026-03-23T13:47:09+00:00,a8PrkqVWt_s,UCKjEtnnXEHsXE9IvCb92V7g,Tony Delk breaks down the difference in the 2025 and 2026 Florida guards. #MarchMadness,2026-03-23T01:13:03Z,2073,8,1
2026-03-23T13:47:40+00:00,25nXjfAtOvc,UCKjEtnnXEHsXE9IvCb92V7g,Press Conference: Louisville vs. Alabama Postgame (2026 Women's Second Round),2026-03-23T13:30:19Z,0,0,
2026-03-23T13:47:40+00:00,q7oYm4P9UKc,UCKjEtnnXEHsXE9IvCb92V7g,100 gorillas vs. Florida Final Boss? 🦍🐊 #shorts,2026-03-23T03:39:28Z,23301,244,18
2026-03-23T13:47:40+00:00,gRNQkeddOeo,UCKjEtnnXEHsXE9IvCb92V7g,“I would light this thing on fire” 🔥🤣,2026-03-23T02:03:26Z,4981,161,5
2026-03-23T13:47:40+00:00,a8PrkqVWt_s,UCKjEtnnXEHsXE9IvCb92V7g,Tony Delk breaks down the difference in the 2025 and 2026 Florida guards. #MarchMadness,2026-03-23T01:13:03Z,2073,8,1
2026-03-23T13:48:11+00:00,25nXjfAtOvc,UCKjEtnnXEHsXE9IvCb92V7g,Press Conference: Louisville vs. Alabama Postgame (2026 Women's Second Round),2026-03-23T13:30:19Z,0,0,
2026-03-23T13:48:11+00:00,q7oYm4P9UKc,UCKjEtnnXEHsXE9IvCb92V7g,100 gorillas vs. Florida Final Boss? 🦍🐊 #shorts,2026-03-23T03:39:28Z,23301,246,18
2026-03-23T13:48:11+00:00,gRNQkeddOeo,UCKjEtnnXEHsXE9IvCb92V7g,“I would light this thing on fire” 🔥🤣,2026-03-23T02:03:26Z,4981,161,5
2026-03-23T13:48:11+00:00,a8PrkqVWt_s,UCKjEtnnXEHsXE9IvCb92V7g,Tony Delk breaks down the difference in the 2025 and 2026 Florida guards. #MarchMadness,2026-03-23T01:13:03Z,2073,8,1
2026-03-23T13:48:42+00:00,25nXjfAtOvc,UCKjEtnnXEHsXE9IvCb92V7g,Press Conference: Louisville vs. Alabama Postgame (2026 Women's Second Round),2026-03-23T13:30:19Z,0,0,
2026-03-23T13:48:42+00:00,q7oYm4P9UKc,UCKjEtnnXEHsXE9IvCb92V7g,100 gorillas vs. Florida Final Boss? 🦍🐊 #shorts,2026-03-23T03:39:28Z,23301,246,18
2026-03-23T13:48:42+00:00,gRNQkeddOeo,UCKjEtnnXEHsXE9IvCb92V7g,“I would light this thing on fire” 🔥🤣,2026-03-23T02:03:26Z,4981,161,5
2026-03-23T13:48:42+00:00,a8PrkqVWt_s,UCKjEtnnXEHsXE9IvCb92V7g,Tony Delk breaks down the difference in the 2025 and 2026 Florida guards. #MarchMadness,2026-03-23T01:13:03Z,2073,8,1
2026-03-23T13:49:13+00:00,25nXjfAtOvc,UCKjEtnnXEHsXE9IvCb92V7g,Press Conference: Louisville vs. Alabama Postgame (2026 Women's Second Round),2026-03-23T13:30:19Z,0,0,
2026-03-23T13:49:13+00:00,q7oYm4P9UKc,UCKjEtnnXEHsXE9IvCb92V7g,100 gorillas vs. Florida Final Boss? 🦍🐊 #shorts,2026-03-23T03:39:28Z,23301,246,18
2026-03-23T13:49:13+00:00,gRNQkeddOeo,UCKjEtnnXEHsXE9IvCb92V7g,“I would light this thing on fire” 🔥🤣,2026-03-23T02:03:26Z,5016,162,5
2026-03-23T13:49:13+00:00,a8PrkqVWt_s,UCKjEtnnXEHsXE9IvCb92V7g,Tony Delk breaks down the difference in the 2025 and 2026 Florida guards. #MarchMadness,2026-03-23T01:13:03Z,2073,8,1
2026-03-23T13:49:44+00:00,25nXjfAtOvc,UCKjEtnnXEHsXE9IvCb92V7g,Press Conference: Louisville vs. Alabama Postgame (2026 Women's Second Round),2026-03-23T13:30:19Z,0,0,
2026-03-23T13:49:44+00:00,q7oYm4P9UKc,UCKjEtnnXEHsXE9IvCb92V7g,100 gorillas vs. Florida Final Boss? 🦍🐊 #shorts,2026-03-23T03:39:28Z,23301,247,19
2026-03-23T13:49:44+00:00,gRNQkeddOeo,UCKjEtnnXEHsXE9IvCb92V7g,“I would light this thing on fire” 🔥🤣,2026-03-23T02:03:26Z,5016,162,5
2026-03-23T13:49:44+00:00,a8PrkqVWt_s,UCKjEtnnXEHsXE9IvCb92V7g,Tony Delk breaks down the difference in the 2025 and 2026 Florida guards. #MarchMadness,2026-03-23T01:13:03Z,2073,8,1
2026-03-23T13:50:15+00:00,25nXjfAtOvc,UCKjEtnnXEHsXE9IvCb92V7g,Press Conference: Louisville vs. Alabama Postgame (2026 Women's Second Round),2026-03-23T13:30:19Z,0,0,
2026-03-23T13:50:15+00:00,q7oYm4P9UKc,UCKjEtnnXEHsXE9IvCb92V7g,100 gorillas vs. Florida Final Boss? 🦍🐊 #shorts,2026-03-23T03:39:28Z,23301,247,19
2026-03-23T13:50:15+00:00,gRNQkeddOeo,UCKjEtnnXEHsXE9IvCb92V7g,“I would light this thing on fire” 🔥🤣,2026-03-23T02:03:26Z,5016,162,5
2026-03-23T13:50:15+00:00,a8PrkqVWt_s,UCKjEtnnXEHsXE9IvCb92V7g,Tony Delk breaks down the difference in the 2025 and 2026 Florida guards. #MarchMadness,2026-03-23T01:13:03Z,2073,8,1
2026-03-23T13:50:46+00:00,25nXjfAtOvc,UCKjEtnnXEHsXE9IvCb92V7g,Press Conference: Louisville vs. Alabama Postgame (2026 Women's Second Round),2026-03-23T13:30:19Z,0,0,
2026-03-23T13:50:46+00:00,q7oYm4P9UKc,UCKjEtnnXEHsXE9IvCb92V7g,100 gorillas vs. Florida Final Boss? 🦍🐊 #shorts,2026-03-23T03:39:28Z,23301,247,19
2026-03-23T13:50:46+00:00,gRNQkeddOeo,UCKjEtnnXEHsXE9IvCb92V7g,“I would light this thing on fire” 🔥🤣,2026-03-23T02:03:26Z,5016,162,5
2026-03-23T13:50:46+00:00,a8PrkqVWt_s,UCKjEtnnXEHsXE9IvCb92V7g,Tony Delk breaks down the difference in the 2025 and 2026 Florida guards. #MarchMadness,2026-03-23T01:13:03Z,2073,8,1
2026-03-23T13:51:16+00:00,25nXjfAtOvc,UCKjEtnnXEHsXE9IvCb92V7g,Press Conference: Louisville vs. Alabama Postgame (2026 Women's Second Round),2026-03-23T13:30:19Z,0,0,
2026-03-23T13:51:16+00:00,q7oYm4P9UKc,UCKjEtnnXEHsXE9IvCb92V7g,100 gorillas vs. Florida Final Boss? 🦍🐊 #shorts,2026-03-23T03:39:28Z,23407,248,20
2026-03-23T13:51:16+00:00,gRNQkeddOeo,UCKjEtnnXEHsXE9IvCb92V7g,“I would light this thing on fire” 🔥🤣,2026-03-23T02:03:26Z,5016,162,5
2026-03-23T13:51:16+00:00,a8PrkqVWt_s,UCKjEtnnXEHsXE9IvCb92V7g,Tony Delk breaks down the difference in the 2025 and 2026 Florida guards. #MarchMadness,2026-03-23T01:13:03Z,2074,8,1
2026-03-23T13:51:47+00:00,25nXjfAtOvc,UCKjEtnnXEHsXE9IvCb92V7g,Press Conference: Louisville vs. Alabama Postgame (2026 Women's Second Round),2026-03-23T13:30:19Z,0,0,
2026-03-23T13:51:47+00:00,q7oYm4P9UKc,UCKjEtnnXEHsXE9IvCb92V7g,100 gorillas vs. Florida Final Boss? 🦍🐊 #shorts,2026-03-23T03:39:28Z,23407,248,20
2026-03-23T13:51:47+00:00,gRNQkeddOeo,UCKjEtnnXEHsXE9IvCb92V7g,“I would light this thing on fire” 🔥🤣,2026-03-23T02:03:26Z,5016,162,5
2026-03-23T13:51:47+00:00,a8PrkqVWt_s,UCKjEtnnXEHsXE9IvCb92V7g,Tony Delk breaks down the difference in the 2025 and 2026 Florida guards. #MarchMadness,2026-03-23T01:13:03Z,2074,8,1
2026-03-23T13:52:18+00:00,25nXjfAtOvc,UCKjEtnnXEHsXE9IvCb92V7g,Press Conference: Louisville vs. Alabama Postgame (2026 Women's Second Round),2026-03-23T13:30:19Z,0,0,
2026-03-23T13:52:18+00:00,q7oYm4P9UKc,UCKjEtnnXEHsXE9IvCb92V7g,100 gorillas vs. Florida Final Boss? 🦍🐊 #shorts,2026-03-23T03:39:28Z,23407,248,20
2026-03-23T13:52:18+00:00,gRNQkeddOeo,UCKjEtnnXEHsXE9IvCb92V7g,“I would light this thing on fire” 🔥🤣,2026-03-23T02:03:26Z,5016,162,5
2026-03-23T13:52:18+00:00,a8PrkqVWt_s,UCKjEtnnXEHsXE9IvCb92V7g,Tony Delk breaks down the difference in the 2025 and 2026 Florida guards. #MarchMadness,2026-03-23T01:13:03Z,2074,8,1
2026-03-23T13:52:49+00:00,25nXjfAtOvc,UCKjEtnnXEHsXE9IvCb92V7g,Press Conference: Louisville vs. Alabama Postgame (2026 Women's Second Round),2026-03-23T13:30:19Z,0,0,
2026-03-23T13:52:49+00:00,q7oYm4P9UKc,UCKjEtnnXEHsXE9IvCb92V7g,100 gorillas vs. Florida Final Boss? 🦍🐊 #shorts,2026-03-23T03:39:28Z,23407,248,20
2026-03-23T13:52:49+00:00,gRNQkeddOeo,UCKjEtnnXEHsXE9IvCb92V7g,“I would light this thing on fire” 🔥🤣,2026-03-23T02:03:26Z,5016,162,5
2026-03-23T13:52:49+00:00,a8PrkqVWt_s,UCKjEtnnXEHsXE9IvCb92V7g,Tony Delk breaks down the difference in the 2025 and 2026 Florida guards. #MarchMadness,2026-03-23T01:13:03Z,2074,8,1
2026-03-23T13:53:20+00:00,25nXjfAtOvc,UCKjEtnnXEHsXE9IvCb92V7g,Press Conference: Louisville vs. Alabama Postgame (2026 Women's Second Round),2026-03-23T13:30:19Z,0,0,
2026-03-23T13:53:20+00:00,q7oYm4P9UKc,UCKjEtnnXEHsXE9IvCb92V7g,100 gorillas vs. Florida Final Boss? 🦍🐊 #shorts,2026-03-23T03:39:28Z,23407,248,20
2026-03-23T13:53:20+00:00,gRNQkeddOeo,UCKjEtnnXEHsXE9IvCb92V7g,“I would light this thing on fire” 🔥🤣,2026-03-23T02:03:26Z,5016,162,5
2026-03-23T13:53:20+00:00,a8PrkqVWt_s,UCKjEtnnXEHsXE9IvCb92V7g,Tony Delk breaks down the difference in the 2025 and 2026 Florida guards. #MarchMadness,2026-03-23T01:13:03Z,2074,8,1
2026-03-23T13:53:51+00:00,25nXjfAtOvc,UCKjEtnnXEHsXE9IvCb92V7g,Press Conference: Louisville vs. Alabama Postgame (2026 Women's Second Round),2026-03-23T13:30:19Z,0,0,
2026-03-23T13:53:51+00:00,q7oYm4P9UKc,UCKjEtnnXEHsXE9IvCb92V7g,100 gorillas vs. Florida Final Boss? 🦍🐊 #shorts,2026-03-23T03:39:28Z,23407,249,20
2026-03-23T13:53:51+00:00,gRNQkeddOeo,UCKjEtnnXEHsXE9IvCb92V7g,“I would light this thing on fire” 🔥🤣,2026-03-23T02:03:26Z,5016,162,5
2026-03-23T13:53:51+00:00,a8PrkqVWt_s,UCKjEtnnXEHsXE9IvCb92V7g,Tony Delk breaks down the difference in the 2025 and 2026 Florida guards. #MarchMadness,2026-03-23T01:13:03Z,2074,8,1
2026-03-23T13:54:21+00:00,25nXjfAtOvc,UCKjEtnnXEHsXE9IvCb92V7g,Press Conference: Louisville vs. Alabama Postgame (2026 Women's Second Round),2026-03-23T13:30:19Z,0,0,
2026-03-23T13:54:21+00:00,q7oYm4P9UKc,UCKjEtnnXEHsXE9IvCb92V7g,100 gorillas vs. Florida Final Boss? 🦍🐊 #shorts,2026-03-23T03:39:28Z,23407,249,20
2026-03-23T13:54:21+00:00,gRNQkeddOeo,UCKjEtnnXEHsXE9IvCb92V7g,“I would light this thing on fire” 🔥🤣,2026-03-23T02:03:26Z,5054,163,5
2026-03-23T13:54:21+00:00,a8PrkqVWt_s,UCKjEtnnXEHsXE9IvCb92V7g,Tony Delk breaks down the difference in the 2025 and 2026 Florida guards. #MarchMadness,2026-03-23T01:13:03Z,2074,8,1
2026-03-23T13:54:51+00:00,25nXjfAtOvc,UCKjEtnnXEHsXE9IvCb92V7g,Press Conference: Louisville vs. Alabama Postgame (2026 Women's Second Round),2026-03-23T13:30:19Z,0,0,
2026-03-23T13:54:51+00:00,q7oYm4P9UKc,UCKjEtnnXEHsXE9IvCb92V7g,100 gorillas vs. Florida Final Boss? 🦍🐊 #shorts,2026-03-23T03:39:28Z,23407,250,21
2026-03-23T13:54:51+00:00,gRNQkeddOeo,UCKjEtnnXEHsXE9IvCb92V7g,“I would light this thing on fire” 🔥🤣,2026-03-23T02:03:26Z,5054,163,5
2026-03-23T13:54:51+00:00,a8PrkqVWt_s,UCKjEtnnXEHsXE9IvCb92V7g,Tony Delk breaks down the difference in the 2025 and 2026 Florida guards. #MarchMadness,2026-03-23T01:13:03Z,2074,8,1
2026-03-23T13:55:22+00:00,25nXjfAtOvc,UCKjEtnnXEHsXE9IvCb92V7g,Press Conference: Louisville vs. Alabama Postgame (2026 Women's Second Round),2026-03-23T13:30:19Z,0,0,
2026-03-23T13:55:22+00:00,q7oYm4P9UKc,UCKjEtnnXEHsXE9IvCb92V7g,100 gorillas vs. Florida Final Boss? 🦍🐊 #shorts,2026-03-23T03:39:28Z,23407,250,21
2026-03-23T13:55:22+00:00,gRNQkeddOeo,UCKjEtnnXEHsXE9IvCb92V7g,“I would light this thing on fire” 🔥🤣,2026-03-23T02:03:26Z,5054,163,5
2026-03-23T13:55:22+00:00,a8PrkqVWt_s,UCKjEtnnXEHsXE9IvCb92V7g,Tony Delk breaks down the difference in the 2025 and 2026 Florida guards. #MarchMadness,2026-03-23T01:13:03Z,2074,8,1
2026-03-23T13:55:53+00:00,25nXjfAtOvc,UCKjEtnnXEHsXE9IvCb92V7g,Press Conference: Louisville vs. Alabama Postgame (2026 Women's Second Round),2026-03-23T13:30:19Z,0,0,
2026-03-23T13:55:53+00:00,q7oYm4P9UKc,UCKjEtnnXEHsXE9IvCb92V7g,100 gorillas vs. Florida Final Boss? 🦍🐊 #shorts,2026-03-23T03:39:28Z,23407,251,21
2026-03-23T13:55:53+00:00,gRNQkeddOeo,UCKjEtnnXEHsXE9IvCb92V7g,“I would light this thing on fire” 🔥🤣,2026-03-23T02:03:26Z,5054,164,5
2026-03-23T13:55:53+00:00,a8PrkqVWt_s,UCKjEtnnXEHsXE9IvCb92V7g,Tony Delk breaks down the difference in the 2025 and 2026 Florida guards. #MarchMadness,2026-03-23T01:13:03Z,2074,8,1
2026-03-23T13:56:24+00:00,25nXjfAtOvc,UCKjEtnnXEHsXE9IvCb92V7g,Press Conference: Louisville vs. Alabama Postgame (2026 Women's Second Round),2026-03-23T13:30:19Z,0,0,
2026-03-23T13:56:24+00:00,q7oYm4P9UKc,UCKjEtnnXEHsXE9IvCb92V7g,100 gorillas vs. Florida Final Boss? 🦍🐊 #shorts,2026-03-23T03:39:28Z,23578,251,21
2026-03-23T13:56:24+00:00,gRNQkeddOeo,UCKjEtnnXEHsXE9IvCb92V7g,“I would light this thing on fire” 🔥🤣,2026-03-23T02:03:26Z,5054,165,5
2026-03-23T13:56:24+00:00,a8PrkqVWt_s,UCKjEtnnXEHsXE9IvCb92V7g,Tony Delk breaks down the difference in the 2025 and 2026 Florida guards. #MarchMadness,2026-03-23T01:13:03Z,2078,8,1
2026-03-23T13:56:55+00:00,25nXjfAtOvc,UCKjEtnnXEHsXE9IvCb92V7g,Press Conference: Louisville vs. Alabama Postgame (2026 Women's Second Round),2026-03-23T13:30:19Z,0,0,
2026-03-23T13:56:55+00:00,q7oYm4P9UKc,UCKjEtnnXEHsXE9IvCb92V7g,100 gorillas vs. Florida Final Boss? 🦍🐊 #shorts,2026-03-23T03:39:28Z,23583,250,21
2026-03-23T13:56:55+00:00,gRNQkeddOeo,UCKjEtnnXEHsXE9IvCb92V7g,“I would light this thing on fire” 🔥🤣,2026-03-23T02:03:26Z,5054,165,5
2026-03-23T13:56:55+00:00,a8PrkqVWt_s,UCKjEtnnXEHsXE9IvCb92V7g,Tony Delk breaks down the difference in the 2025 and 2026 Florida guards. #MarchMadness,2026-03-23T01:13:03Z,2078,8,1
2026-03-23T13:57:26+00:00,25nXjfAtOvc,UCKjEtnnXEHsXE9IvCb92V7g,Press Conference: Louisville vs. Alabama Postgame (2026 Women's Second Round),2026-03-23T13:30:19Z,0,0,
2026-03-23T13:57:26+00:00,q7oYm4P9UKc,UCKjEtnnXEHsXE9IvCb92V7g,100 gorillas vs. Florida Final Boss? 🦍🐊 #shorts,2026-03-23T03:39:28Z,23583,250,21
2026-03-23T13:57:26+00:00,gRNQkeddOeo,UCKjEtnnXEHsXE9IvCb92V7g,“I would light this thing on fire” 🔥🤣,2026-03-23T02:03:26Z,5054,165,5
2026-03-23T13:57:26+00:00,a8PrkqVWt_s,UCKjEtnnXEHsXE9IvCb92V7g,Tony Delk breaks down the difference in the 2025 and 2026 Florida guards. #MarchMadness,2026-03-23T01:13:03Z,2078,8,1
2026-03-23T13:57:56+00:00,25nXjfAtOvc,UCKjEtnnXEHsXE9IvCb92V7g,Press Conference: Louisville vs. Alabama Postgame (2026 Women's Second Round),2026-03-23T13:30:19Z,0,0,
2026-03-23T13:57:56+00:00,q7oYm4P9UKc,UCKjEtnnXEHsXE9IvCb92V7g,100 gorillas vs. Florida Final Boss? 🦍🐊 #shorts,2026-03-23T03:39:28Z,23583,250,21
2026-03-23T13:57:56+00:00,gRNQkeddOeo,UCKjEtnnXEHsXE9IvCb92V7g,“I would light this thing on fire” 🔥🤣,2026-03-23T02:03:26Z,5054,165,5
2026-03-23T13:57:56+00:00,a8PrkqVWt_s,UCKjEtnnXEHsXE9IvCb92V7g,Tony Delk breaks down the difference in the 2025 and 2026 Florida guards. #MarchMadness,2026-03-23T01:13:03Z,2078,8,1
2026-03-23T13:58:27+00:00,25nXjfAtOvc,UCKjEtnnXEHsXE9IvCb92V7g,Press Conference: Louisville vs. Alabama Postgame (2026 Women's Second Round),2026-03-23T13:30:19Z,0,0,
2026-03-23T13:58:27+00:00,q7oYm4P9UKc,UCKjEtnnXEHsXE9IvCb92V7g,100 gorillas vs. Florida Final Boss? 🦍🐊 #shorts,2026-03-23T03:39:28Z,23583,250,21
2026-03-23T13:58:27+00:00,gRNQkeddOeo,UCKjEtnnXEHsXE9IvCb92V7g,“I would light this thing on fire” 🔥🤣,2026-03-23T02:03:26Z,5054,165,5
2026-03-23T13:58:27+00:00,a8PrkqVWt_s,UCKjEtnnXEHsXE9IvCb92V7g,Tony Delk breaks down the difference in the 2025 and 2026 Florida guards. #MarchMadness,2026-03-23T01:13:03Z,2078,8,1
2026-03-23T13:58:57+00:00,25nXjfAtOvc,UCKjEtnnXEHsXE9IvCb92V7g,Press Conference: Louisville vs. Alabama Postgame (2026 Women's Second Round),2026-03-23T13:30:19Z,0,0,
2026-03-23T13:58:57+00:00,q7oYm4P9UKc,UCKjEtnnXEHsXE9IvCb92V7g,100 gorillas vs. Florida Final Boss? 🦍🐊 #shorts,2026-03-23T03:39:28Z,23583,248,21
2026-03-23T13:58:57+00:00,gRNQkeddOeo,UCKjEtnnXEHsXE9IvCb92V7g,“I would light this thing on fire” 🔥🤣,2026-03-23T02:03:26Z,5054,165,5
2026-03-23T13:58:57+00:00,a8PrkqVWt_s,UCKjEtnnXEHsXE9IvCb92V7g,Tony Delk breaks down the difference in the 2025 and 2026 Florida guards. #MarchMadness,2026-03-23T01:13:03Z,2078,8,1
2026-03-23T13:59:28+00:00,25nXjfAtOvc,UCKjEtnnXEHsXE9IvCb92V7g,Press Conference: Louisville vs. Alabama Postgame (2026 Women's Second Round),2026-03-23T13:30:19Z,0,0,
2026-03-23T13:59:28+00:00,q7oYm4P9UKc,UCKjEtnnXEHsXE9IvCb92V7g,100 gorillas vs. Florida Final Boss? 🦍🐊 #shorts,2026-03-23T03:39:28Z,23583,248,21
2026-03-23T13:59:28+00:00,gRNQkeddOeo,UCKjEtnnXEHsXE9IvCb92V7g,“I would light this thing on fire” 🔥🤣,2026-03-23T02:03:26Z,5080,165,5
2026-03-23T13:59:28+00:00,a8PrkqVWt_s,UCKjEtnnXEHsXE9IvCb92V7g,Tony Delk breaks down the difference in the 2025 and 2026 Florida guards. #MarchMadness,2026-03-23T01:13:03Z,2078,8,1
2026-03-23T13:59:59+00:00,25nXjfAtOvc,UCKjEtnnXEHsXE9IvCb92V7g,Press Conference: Louisville vs. Alabama Postgame (2026 Women's Second Round),2026-03-23T13:30:19Z,0,0,
2026-03-23T13:59:59+00:00,q7oYm4P9UKc,UCKjEtnnXEHsXE9IvCb92V7g,100 gorillas vs. Florida Final Boss? 🦍🐊 #shorts,2026-03-23T03:39:28Z,23583,248,21
2026-03-23T13:59:59+00:00,gRNQkeddOeo,UCKjEtnnXEHsXE9IvCb92V7g,“I would light this thing on fire” 🔥🤣,2026-03-23T02:03:26Z,5080,164,5
2026-03-23T13:59:59+00:00,a8PrkqVWt_s,UCKjEtnnXEHsXE9IvCb92V7g,Tony Delk breaks down the difference in the 2025 and 2026 Florida guards. #MarchMadness,2026-03-23T01:13:03Z,2078,8,1
2026-03-23T14:00:30+00:00,25nXjfAtOvc,UCKjEtnnXEHsXE9IvCb92V7g,Press Conference: Louisville vs. Alabama Postgame (2026 Women's Second Round),2026-03-23T13:30:19Z,0,0,
2026-03-23T14:00:30+00:00,q7oYm4P9UKc,UCKjEtnnXEHsXE9IvCb92V7g,100 gorillas vs. Florida Final Boss? 🦍🐊 #shorts,2026-03-23T03:39:28Z,23583,248,21
2026-03-23T14:00:30+00:00,gRNQkeddOeo,UCKjEtnnXEHsXE9IvCb92V7g,“I would light this thing on fire” 🔥🤣,2026-03-23T02:03:26Z,5080,164,5
2026-03-23T14:00:30+00:00,a8PrkqVWt_s,UCKjEtnnXEHsXE9IvCb92V7g,Tony Delk breaks down the difference in the 2025 and 2026 Florida guards. #MarchMadness,2026-03-23T01:13:03Z,2078,8,1
2026-03-23T14:01:01+00:00,25nXjfAtOvc,UCKjEtnnXEHsXE9IvCb92V7g,Press Conference: Louisville vs. Alabama Postgame (2026 Women's Second Round),2026-03-23T13:30:19Z,0,0,
2026-03-23T14:01:01+00:00,q7oYm4P9UKc,UCKjEtnnXEHsXE9IvCb92V7g,100 gorillas vs. Florida Final Boss? 🦍🐊 #shorts,2026-03-23T03:39:28Z,23583,248,21
2026-03-23T14:01:01+00:00,gRNQkeddOeo,UCKjEtnnXEHsXE9IvCb92V7g,“I would light this thing on fire” 🔥🤣,2026-03-23T02:03:26Z,5080,164,5
2026-03-23T14:01:01+00:00,a8PrkqVWt_s,UCKjEtnnXEHsXE9IvCb92V7g,Tony Delk breaks down the difference in the 2025 and 2026 Florida guards. #MarchMadness,2026-03-23T01:13:03Z,2078,8,1
2026-03-23T14:01:32+00:00,25nXjfAtOvc,UCKjEtnnXEHsXE9IvCb92V7g,Press Conference: Louisville vs. Alabama Postgame (2026 Women's Second Round),2026-03-23T13:30:19Z,0,0,
2026-03-23T14:01:32+00:00,q7oYm4P9UKc,UCKjEtnnXEHsXE9IvCb92V7g,100 gorillas vs. Florida Final Boss? 🦍🐊 #shorts,2026-03-23T03:39:28Z,23770,248,21
2026-03-23T14:01:32+00:00,gRNQkeddOeo,UCKjEtnnXEHsXE9IvCb92V7g,“I would light this thing on fire” 🔥🤣,2026-03-23T02:03:26Z,5080,164,5
2026-03-23T14:01:32+00:00,a8PrkqVWt_s,UCKjEtnnXEHsXE9IvCb92V7g,Tony Delk breaks down the difference in the 2025 and 2026 Florida guards. #MarchMadness,2026-03-23T01:13:03Z,2079,8,1
2026-03-23T14:02:03+00:00,25nXjfAtOvc,UCKjEtnnXEHsXE9IvCb92V7g,Press Conference: Louisville vs. Alabama Postgame (2026 Women's Second Round),2026-03-23T13:30:19Z,0,0,
2026-03-23T14:02:03+00:00,q7oYm4P9UKc,UCKjEtnnXEHsXE9IvCb92V7g,100 gorillas vs. Florida Final Boss? 🦍🐊 #shorts,2026-03-23T03:39:28Z,23784,248,21
2026-03-23T14:02:03+00:00,gRNQkeddOeo,UCKjEtnnXEHsXE9IvCb92V7g,“I would light this thing on fire” 🔥🤣,2026-03-23T02:03:26Z,5080,164,5
2026-03-23T14:02:03+00:00,a8PrkqVWt_s,UCKjEtnnXEHsXE9IvCb92V7g,Tony Delk breaks down the difference in the 2025 and 2026 Florida guards. #MarchMadness,2026-03-23T01:13:03Z,2079,9,1
2026-03-23T14:02:34+00:00,25nXjfAtOvc,UCKjEtnnXEHsXE9IvCb92V7g,Press Conference: Louisville vs. Alabama Postgame (2026 Women's Second Round),2026-03-23T13:30:19Z,0,0,
2026-03-23T14:02:34+00:00,q7oYm4P9UKc,UCKjEtnnXEHsXE9IvCb92V7g,100 gorillas vs. Florida Final Boss? 🦍🐊 #shorts,2026-03-23T03:39:28Z,23784,248,21
2026-03-23T14:02:34+00:00,gRNQkeddOeo,UCKjEtnnXEHsXE9IvCb92V7g,“I would light this thing on fire” 🔥🤣,2026-03-23T02:03:26Z,5080,164,5
2026-03-23T14:02:34+00:00,a8PrkqVWt_s,UCKjEtnnXEHsXE9IvCb92V7g,Tony Delk breaks down the difference in the 2025 and 2026 Florida guards. #MarchMadness,2026-03-23T01:13:03Z,2079,9,1
2026-03-23T14:03:04+00:00,25nXjfAtOvc,UCKjEtnnXEHsXE9IvCb92V7g,Press Conference: Louisville vs. Alabama Postgame (2026 Women's Second Round),2026-03-23T13:30:19Z,0,0,
2026-03-23T14:03:04+00:00,q7oYm4P9UKc,UCKjEtnnXEHsXE9IvCb92V7g,100 gorillas vs. Florida Final Boss? 🦍🐊 #shorts,2026-03-23T03:39:28Z,23784,248,21
2026-03-23T14:03:04+00:00,gRNQkeddOeo,UCKjEtnnXEHsXE9IvCb92V7g,“I would light this thing on fire” 🔥🤣,2026-03-23T02:03:26Z,5080,164,5
2026-03-23T14:03:04+00:00,a8PrkqVWt_s,UCKjEtnnXEHsXE9IvCb92V7g,Tony Delk breaks down the difference in the 2025 and 2026 Florida guards. #MarchMadness,2026-03-23T01:13:03Z,2079,9,1
2026-03-23T14:03:34+00:00,25nXjfAtOvc,UCKjEtnnXEHsXE9IvCb92V7g,Press Conference: Louisville vs. Alabama Postgame (2026 Women's Second Round),2026-03-23T13:30:19Z,0,0,
2026-03-23T14:03:34+00:00,q7oYm4P9UKc,UCKjEtnnXEHsXE9IvCb92V7g,100 gorillas vs. Florida Final Boss? 🦍🐊 #shorts,2026-03-23T03:39:28Z,23784,248,21
2026-03-23T14:03:34+00:00,gRNQkeddOeo,UCKjEtnnXEHsXE9IvCb92V7g,“I would light this thing on fire” 🔥🤣,2026-03-23T02:03:26Z,5080,164,5
2026-03-23T14:03:34+00:00,a8PrkqVWt_s,UCKjEtnnXEHsXE9IvCb92V7g,Tony Delk breaks down the difference in the 2025 and 2026 Florida guards. #MarchMadness,2026-03-23T01:13:03Z,2079,9,1
2026-03-23T14:04:05+00:00,25nXjfAtOvc,UCKjEtnnXEHsXE9IvCb92V7g,Press Conference: Louisville vs. Alabama Postgame (2026 Women's Second Round),2026-03-23T13:30:19Z,0,0,
2026-03-23T14:04:05+00:00,q7oYm4P9UKc,UCKjEtnnXEHsXE9IvCb92V7g,100 gorillas vs. Florida Final Boss? 🦍🐊 #shorts,2026-03-23T03:39:28Z,23784,248,21
2026-03-23T14:04:05+00:00,gRNQkeddOeo,UCKjEtnnXEHsXE9IvCb92V7g,“I would light this thing on fire” 🔥🤣,2026-03-23T02:03:26Z,5080,164,5
2026-03-23T14:04:05+00:00,a8PrkqVWt_s,UCKjEtnnXEHsXE9IvCb92V7g,Tony Delk breaks down the difference in the 2025 and 2026 Florida guards. #MarchMadness,2026-03-23T01:13:03Z,2079,9,1
2026-03-23T14:04:36+00:00,25nXjfAtOvc,UCKjEtnnXEHsXE9IvCb92V7g,Press Conference: Louisville vs. Alabama Postgame (2026 Women's Second Round),2026-03-23T13:30:19Z,0,0,
2026-03-23T14:04:36+00:00,q7oYm4P9UKc,UCKjEtnnXEHsXE9IvCb92V7g,100 gorillas vs. Florida Final Boss? 🦍🐊 #shorts,2026-03-23T03:39:28Z,23784,248,21
2026-03-23T14:04:36+00:00,gRNQkeddOeo,UCKjEtnnXEHsXE9IvCb92V7g,“I would light this thing on fire” 🔥🤣,2026-03-23T02:03:26Z,5109,164,5
2026-03-23T14:04:36+00:00,a8PrkqVWt_s,UCKjEtnnXEHsXE9IvCb92V7g,Tony Delk breaks down the difference in the 2025 and 2026 Florida guards. #MarchMadness,2026-03-23T01:13:03Z,2079,9,1
2026-03-23T14:05:07+00:00,25nXjfAtOvc,UCKjEtnnXEHsXE9IvCb92V7g,Press Conference: Louisville vs. Alabama Postgame (2026 Women's Second Round),2026-03-23T13:30:19Z,0,0,
2026-03-23T14:05:07+00:00,q7oYm4P9UKc,UCKjEtnnXEHsXE9IvCb92V7g,100 gorillas vs. Florida Final Boss? 🦍🐊 #shorts,2026-03-23T03:39:28Z,23784,248,21
2026-03-23T14:05:07+00:00,gRNQkeddOeo,UCKjEtnnXEHsXE9IvCb92V7g,“I would light this thing on fire” 🔥🤣,2026-03-23T02:03:26Z,5109,164,5
2026-03-23T14:05:07+00:00,a8PrkqVWt_s,UCKjEtnnXEHsXE9IvCb92V7g,Tony Delk breaks down the difference in the 2025 and 2026 Florida guards. #MarchMadness,2026-03-23T01:13:03Z,2079,9,1
2026-03-23T14:05:38+00:00,25nXjfAtOvc,UCKjEtnnXEHsXE9IvCb92V7g,Press Conference: Louisville vs. Alabama Postgame (2026 Women's Second Round),2026-03-23T13:30:19Z,0,0,
2026-03-23T14:05:38+00:00,q7oYm4P9UKc,UCKjEtnnXEHsXE9IvCb92V7g,100 gorillas vs. Florida Final Boss? 🦍🐊 #shorts,2026-03-23T03:39:28Z,23784,248,21
2026-03-23T14:05:38+00:00,gRNQkeddOeo,UCKjEtnnXEHsXE9IvCb92V7g,“I would light this thing on fire” 🔥🤣,2026-03-23T02:03:26Z,5109,164,5
2026-03-23T14:05:38+00:00,a8PrkqVWt_s,UCKjEtnnXEHsXE9IvCb92V7g,Tony Delk breaks down the difference in the 2025 and 2026 Florida guards. #MarchMadness,2026-03-23T01:13:03Z,2079,9,1
2026-03-23T14:06:09+00:00,25nXjfAtOvc,UCKjEtnnXEHsXE9IvCb92V7g,Press Conference: Louisville vs. Alabama Postgame (2026 Women's Second Round),2026-03-23T13:30:19Z,0,0,
2026-03-23T14:06:09+00:00,q7oYm4P9UKc,UCKjEtnnXEHsXE9IvCb92V7g,100 gorillas vs. Florida Final Boss? 🦍🐊 #shorts,2026-03-23T03:39:28Z,23784,248,21
2026-03-23T14:06:09+00:00,gRNQkeddOeo,UCKjEtnnXEHsXE9IvCb92V7g,“I would light this thing on fire” 🔥🤣,2026-03-23T02:03:26Z,5110,164,5
2026-03-23T14:06:09+00:00,a8PrkqVWt_s,UCKjEtnnXEHsXE9IvCb92V7g,Tony Delk breaks down the difference in the 2025 and 2026 Florida guards. #MarchMadness,2026-03-23T01:13:03Z,2079,9,1
2026-03-23T14:06:40+00:00,25nXjfAtOvc,UCKjEtnnXEHsXE9IvCb92V7g,Press Conference: Louisville vs. Alabama Postgame (2026 Women's Second Round),2026-03-23T13:30:19Z,0,0,
2026-03-23T14:06:40+00:00,q7oYm4P9UKc,UCKjEtnnXEHsXE9IvCb92V7g,100 gorillas vs. Florida Final Boss? 🦍🐊 #shorts,2026-03-23T03:39:28Z,24040,248,21
2026-03-23T14:06:40+00:00,gRNQkeddOeo,UCKjEtnnXEHsXE9IvCb92V7g,“I would light this thing on fire” 🔥🤣,2026-03-23T02:03:26Z,5110,165,5
2026-03-23T14:06:40+00:00,a8PrkqVWt_s,UCKjEtnnXEHsXE9IvCb92V7g,Tony Delk breaks down the difference in the 2025 and 2026 Florida guards. #MarchMadness,2026-03-23T01:13:03Z,2082,9,1
2026-03-23T14:07:11+00:00,25nXjfAtOvc,UCKjEtnnXEHsXE9IvCb92V7g,Press Conference: Louisville vs. Alabama Postgame (2026 Women's Second Round),2026-03-23T13:30:19Z,0,0,
2026-03-23T14:07:11+00:00,q7oYm4P9UKc,UCKjEtnnXEHsXE9IvCb92V7g,100 gorillas vs. Florida Final Boss? 🦍🐊 #shorts,2026-03-23T03:39:28Z,24072,248,21
2026-03-23T14:07:11+00:00,gRNQkeddOeo,UCKjEtnnXEHsXE9IvCb92V7g,“I would light this thing on fire” 🔥🤣,2026-03-23T02:03:26Z,5110,165,5
2026-03-23T14:07:11+00:00,a8PrkqVWt_s,UCKjEtnnXEHsXE9IvCb92V7g,Tony Delk breaks down the difference in the 2025 and 2026 Florida guards. #MarchMadness,2026-03-23T01:13:03Z,2082,9,1
2026-03-23T14:07:41+00:00,25nXjfAtOvc,UCKjEtnnXEHsXE9IvCb92V7g,Press Conference: Louisville vs. Alabama Postgame (2026 Women's Second Round),2026-03-23T13:30:19Z,0,0,
2026-03-23T14:07:41+00:00,q7oYm4P9UKc,UCKjEtnnXEHsXE9IvCb92V7g,100 gorillas vs. Florida Final Boss? 🦍🐊 #shorts,2026-03-23T03:39:28Z,24072,248,21
2026-03-23T14:07:41+00:00,gRNQkeddOeo,UCKjEtnnXEHsXE9IvCb92V7g,“I would light this thing on fire” 🔥🤣,2026-03-23T02:03:26Z,5110,165,5
2026-03-23T14:07:41+00:00,a8PrkqVWt_s,UCKjEtnnXEHsXE9IvCb92V7g,Tony Delk breaks down the difference in the 2025 and 2026 Florida guards. #MarchMadness,2026-03-23T01:13:03Z,2082,9,1
2026-03-23T14:08:11+00:00,25nXjfAtOvc,UCKjEtnnXEHsXE9IvCb92V7g,Press Conference: Louisville vs. Alabama Postgame (2026 Women's Second Round),2026-03-23T13:30:19Z,0,0,
2026-03-23T14:08:11+00:00,q7oYm4P9UKc,UCKjEtnnXEHsXE9IvCb92V7g,100 gorillas vs. Florida Final Boss? 🦍🐊 #shorts,2026-03-23T03:39:28Z,24077,248,21
2026-03-23T14:08:11+00:00,gRNQkeddOeo,UCKjEtnnXEHsXE9IvCb92V7g,“I would light this thing on fire” 🔥🤣,2026-03-23T02:03:26Z,5110,165,5
2026-03-23T14:08:11+00:00,a8PrkqVWt_s,UCKjEtnnXEHsXE9IvCb92V7g,Tony Delk breaks down the difference in the 2025 and 2026 Florida guards. #MarchMadness,2026-03-23T01:13:03Z,2082,9,1
2026-03-23T14:08:42+00:00,25nXjfAtOvc,UCKjEtnnXEHsXE9IvCb92V7g,Press Conference: Louisville vs. Alabama Postgame (2026 Women's Second Round),2026-03-23T13:30:19Z,0,0,
2026-03-23T14:08:42+00:00,q7oYm4P9UKc,UCKjEtnnXEHsXE9IvCb92V7g,100 gorillas vs. Florida Final Boss? 🦍🐊 #shorts,2026-03-23T03:39:28Z,24077,248,21
2026-03-23T14:08:42+00:00,gRNQkeddOeo,UCKjEtnnXEHsXE9IvCb92V7g,“I would light this thing on fire” 🔥🤣,2026-03-23T02:03:26Z,5110,165,5
2026-03-23T14:08:42+00:00,a8PrkqVWt_s,UCKjEtnnXEHsXE9IvCb92V7g,Tony Delk breaks down the difference in the 2025 and 2026 Florida guards. #MarchMadness,2026-03-23T01:13:03Z,2082,9,1
2026-03-23T14:09:12+00:00,25nXjfAtOvc,UCKjEtnnXEHsXE9IvCb92V7g,Press Conference: Louisville vs. Alabama Postgame (2026 Women's Second Round),2026-03-23T13:30:19Z,0,0,
2026-03-23T14:09:12+00:00,q7oYm4P9UKc,UCKjEtnnXEHsXE9IvCb92V7g,100 gorillas vs. Florida Final Boss? 🦍🐊 #shorts,2026-03-23T03:39:28Z,24077,248,21
2026-03-23T14:09:12+00:00,gRNQkeddOeo,UCKjEtnnXEHsXE9IvCb92V7g,“I would light this thing on fire” 🔥🤣,2026-03-23T02:03:26Z,5123,165,5
2026-03-23T14:09:12+00:00,a8PrkqVWt_s,UCKjEtnnXEHsXE9IvCb92V7g,Tony Delk breaks down the difference in the 2025 and 2026 Florida guards. #MarchMadness,2026-03-23T01:13:03Z,2082,9,1
2026-03-23T14:09:42+00:00,25nXjfAtOvc,UCKjEtnnXEHsXE9IvCb92V7g,Press Conference: Louisville vs. Alabama Postgame (2026 Women's Second Round),2026-03-23T13:30:19Z,0,0,
2026-03-23T14:09:42+00:00,q7oYm4P9UKc,UCKjEtnnXEHsXE9IvCb92V7g,100 gorillas vs. Florida Final Boss? 🦍🐊 #shorts,2026-03-23T03:39:28Z,24077,248,21
2026-03-23T14:09:42+00:00,gRNQkeddOeo,UCKjEtnnXEHsXE9IvCb92V7g,“I would light this thing on fire” 🔥🤣,2026-03-23T02:03:26Z,5123,165,5
2026-03-23T14:09:42+00:00,a8PrkqVWt_s,UCKjEtnnXEHsXE9IvCb92V7g,Tony Delk breaks down the difference in the 2025 and 2026 Florida guards. #MarchMadness,2026-03-23T01:13:03Z,2082,9,1
2026-03-23T14:10:13+00:00,25nXjfAtOvc,UCKjEtnnXEHsXE9IvCb92V7g,Press Conference: Louisville vs. Alabama Postgame (2026 Women's Second Round),2026-03-23T13:30:19Z,0,0,
2026-03-23T14:10:13+00:00,q7oYm4P9UKc,UCKjEtnnXEHsXE9IvCb92V7g,100 gorillas vs. Florida Final Boss? 🦍🐊 #shorts,2026-03-23T03:39:28Z,24077,248,21
2026-03-23T14:10:13+00:00,gRNQkeddOeo,UCKjEtnnXEHsXE9IvCb92V7g,“I would light this thing on fire” 🔥🤣,2026-03-23T02:03:26Z,5123,165,5
2026-03-23T14:10:13+00:00,a8PrkqVWt_s,UCKjEtnnXEHsXE9IvCb92V7g,Tony Delk breaks down the difference in the 2025 and 2026 Florida guards. #MarchMadness,2026-03-23T01:13:03Z,2082,9,1
2026-03-23T14:10:44+00:00,25nXjfAtOvc,UCKjEtnnXEHsXE9IvCb92V7g,Press Conference: Louisville vs. Alabama Postgame (2026 Women's Second Round),2026-03-23T13:30:19Z,0,0,
2026-03-23T14:10:44+00:00,q7oYm4P9UKc,UCKjEtnnXEHsXE9IvCb92V7g,100 gorillas vs. Florida Final Boss? 🦍🐊 #shorts,2026-03-23T03:39:28Z,24077,248,21
2026-03-23T14:10:44+00:00,gRNQkeddOeo,UCKjEtnnXEHsXE9IvCb92V7g,“I would light this thing on fire” 🔥🤣,2026-03-23T02:03:26Z,5123,165,5
2026-03-23T14:10:44+00:00,a8PrkqVWt_s,UCKjEtnnXEHsXE9IvCb92V7g,Tony Delk breaks down the difference in the 2025 and 2026 Florida guards. #MarchMadness,2026-03-23T01:13:03Z,2082,9,1
2026-03-23T14:11:15+00:00,25nXjfAtOvc,UCKjEtnnXEHsXE9IvCb92V7g,Press Conference: Louisville vs. Alabama Postgame (2026 Women's Second Round),2026-03-23T13:30:19Z,0,0,
2026-03-23T14:11:15+00:00,q7oYm4P9UKc,UCKjEtnnXEHsXE9IvCb92V7g,100 gorillas vs. Florida Final Boss? 🦍🐊 #shorts,2026-03-23T03:39:28Z,24259,248,21
2026-03-23T14:11:15+00:00,gRNQkeddOeo,UCKjEtnnXEHsXE9IvCb92V7g,“I would light this thing on fire” 🔥🤣,2026-03-23T02:03:26Z,5123,165,5
2026-03-23T14:11:15+00:00,a8PrkqVWt_s,UCKjEtnnXEHsXE9IvCb92V7g,Tony Delk breaks down the difference in the 2025 and 2026 Florida guards. #MarchMadness,2026-03-23T01:13:03Z,2087,9,1
2026-03-23T14:11:45+00:00,25nXjfAtOvc,UCKjEtnnXEHsXE9IvCb92V7g,Press Conference: Louisville vs. Alabama Postgame (2026 Women's Second Round),2026-03-23T13:30:19Z,0,0,
2026-03-23T14:11:45+00:00,q7oYm4P9UKc,UCKjEtnnXEHsXE9IvCb92V7g,100 gorillas vs. Florida Final Boss? 🦍🐊 #shorts,2026-03-23T03:39:28Z,24259,248,21
2026-03-23T14:11:45+00:00,gRNQkeddOeo,UCKjEtnnXEHsXE9IvCb92V7g,“I would light this thing on fire” 🔥🤣,2026-03-23T02:03:26Z,5123,165,5
2026-03-23T14:11:45+00:00,a8PrkqVWt_s,UCKjEtnnXEHsXE9IvCb92V7g,Tony Delk breaks down the difference in the 2025 and 2026 Florida guards. #MarchMadness,2026-03-23T01:13:03Z,2087,9,1
2026-03-23T14:12:16+00:00,25nXjfAtOvc,UCKjEtnnXEHsXE9IvCb92V7g,Press Conference: Louisville vs. Alabama Postgame (2026 Women's Second Round),2026-03-23T13:30:19Z,0,0,
2026-03-23T14:12:16+00:00,q7oYm4P9UKc,UCKjEtnnXEHsXE9IvCb92V7g,100 gorillas vs. Florida Final Boss? 🦍🐊 #shorts,2026-03-23T03:39:28Z,24261,248,21
2026-03-23T14:12:16+00:00,gRNQkeddOeo,UCKjEtnnXEHsXE9IvCb92V7g,“I would light this thing on fire” 🔥🤣,2026-03-23T02:03:26Z,5123,165,5
2026-03-23T14:12:16+00:00,a8PrkqVWt_s,UCKjEtnnXEHsXE9IvCb92V7g,Tony Delk breaks down the difference in the 2025 and 2026 Florida guards. #MarchMadness,2026-03-23T01:13:03Z,2087,9,1
2026-03-23T14:12:46+00:00,25nXjfAtOvc,UCKjEtnnXEHsXE9IvCb92V7g,Press Conference: Louisville vs. Alabama Postgame (2026 Women's Second Round),2026-03-23T13:30:19Z,0,0,
2026-03-23T14:12:46+00:00,q7oYm4P9UKc,UCKjEtnnXEHsXE9IvCb92V7g,100 gorillas vs. Florida Final Boss? 🦍🐊 #shorts,2026-03-23T03:39:28Z,24261,248,21
2026-03-23T14:12:46+00:00,gRNQkeddOeo,UCKjEtnnXEHsXE9IvCb92V7g,“I would light this thing on fire” 🔥🤣,2026-03-23T02:03:26Z,5123,165,5
2026-03-23T14:12:46+00:00,a8PrkqVWt_s,UCKjEtnnXEHsXE9IvCb92V7g,Tony Delk breaks down the difference in the 2025 and 2026 Florida guards. #MarchMadness,2026-03-23T01:13:03Z,2087,9,1
2026-03-23T14:13:17+00:00,25nXjfAtOvc,UCKjEtnnXEHsXE9IvCb92V7g,Press Conference: Louisville vs. Alabama Postgame (2026 Women's Second Round),2026-03-23T13:30:19Z,0,0,
2026-03-23T14:13:17+00:00,q7oYm4P9UKc,UCKjEtnnXEHsXE9IvCb92V7g,100 gorillas vs. Florida Final Boss? 🦍🐊 #shorts,2026-03-23T03:39:28Z,24261,248,21
2026-03-23T14:13:17+00:00,gRNQkeddOeo,UCKjEtnnXEHsXE9IvCb92V7g,“I would light this thing on fire” 🔥🤣,2026-03-23T02:03:26Z,5123,165,5
2026-03-23T14:13:17+00:00,a8PrkqVWt_s,UCKjEtnnXEHsXE9IvCb92V7g,Tony Delk breaks down the difference in the 2025 and 2026 Florida guards. #MarchMadness,2026-03-23T01:13:03Z,2087,9,1
2026-03-23T14:13:48+00:00,25nXjfAtOvc,UCKjEtnnXEHsXE9IvCb92V7g,Press Conference: Louisville vs. Alabama Postgame (2026 Women's Second Round),2026-03-23T13:30:19Z,0,0,
2026-03-23T14:13:48+00:00,q7oYm4P9UKc,UCKjEtnnXEHsXE9IvCb92V7g,100 gorillas vs. Florida Final Boss? 🦍🐊 #shorts,2026-03-23T03:39:28Z,24261,248,21
2026-03-23T14:13:48+00:00,gRNQkeddOeo,UCKjEtnnXEHsXE9IvCb92V7g,“I would light this thing on fire” 🔥🤣,2026-03-23T02:03:26Z,5123,165,5
2026-03-23T14:13:48+00:00,a8PrkqVWt_s,UCKjEtnnXEHsXE9IvCb92V7g,Tony Delk breaks down the difference in the 2025 and 2026 Florida guards. #MarchMadness,2026-03-23T01:13:03Z,2087,9,1
2026-03-23T14:14:18+00:00,25nXjfAtOvc,UCKjEtnnXEHsXE9IvCb92V7g,Press Conference: Louisville vs. Alabama Postgame (2026 Women's Second Round),2026-03-23T13:30:19Z,0,0,
2026-03-23T14:14:18+00:00,q7oYm4P9UKc,UCKjEtnnXEHsXE9IvCb92V7g,100 gorillas vs. Florida Final Boss? 🦍🐊 #shorts,2026-03-23T03:39:28Z,24261,248,21
2026-03-23T14:14:18+00:00,gRNQkeddOeo,UCKjEtnnXEHsXE9IvCb92V7g,“I would light this thing on fire” 🔥🤣,2026-03-23T02:03:26Z,5156,165,5
2026-03-23T14:14:18+00:00,a8PrkqVWt_s,UCKjEtnnXEHsXE9IvCb92V7g,Tony Delk breaks down the difference in the 2025 and 2026 Florida guards. #MarchMadness,2026-03-23T01:13:03Z,2087,9,1
2026-03-23T14:14:49+00:00,25nXjfAtOvc,UCKjEtnnXEHsXE9IvCb92V7g,Press Conference: Louisville vs. Alabama Postgame (2026 Women's Second Round),2026-03-23T13:30:19Z,0,0,
2026-03-23T14:14:49+00:00,q7oYm4P9UKc,UCKjEtnnXEHsXE9IvCb92V7g,100 gorillas vs. Florida Final Boss? 🦍🐊 #shorts,2026-03-23T03:39:28Z,24261,248,21
2026-03-23T14:14:49+00:00,gRNQkeddOeo,UCKjEtnnXEHsXE9IvCb92V7g,“I would light this thing on fire” 🔥🤣,2026-03-23T02:03:26Z,5156,165,5
2026-03-23T14:14:49+00:00,a8PrkqVWt_s,UCKjEtnnXEHsXE9IvCb92V7g,Tony Delk breaks down the difference in the 2025 and 2026 Florida guards. #MarchMadness,2026-03-23T01:13:03Z,2087,9,1
2026-03-23T14:15:20+00:00,25nXjfAtOvc,UCKjEtnnXEHsXE9IvCb92V7g,Press Conference: Louisville vs. Alabama Postgame (2026 Women's Second Round),2026-03-23T13:30:19Z,0,0,
2026-03-23T14:15:20+00:00,q7oYm4P9UKc,UCKjEtnnXEHsXE9IvCb92V7g,100 gorillas vs. Florida Final Boss? 🦍🐊 #shorts,2026-03-23T03:39:28Z,24261,248,21
2026-03-23T14:15:20+00:00,gRNQkeddOeo,UCKjEtnnXEHsXE9IvCb92V7g,“I would light this thing on fire” 🔥🤣,2026-03-23T02:03:26Z,5156,165,5
2026-03-23T14:15:20+00:00,a8PrkqVWt_s,UCKjEtnnXEHsXE9IvCb92V7g,Tony Delk breaks down the difference in the 2025 and 2026 Florida guards. #MarchMadness,2026-03-23T01:13:03Z,2087,9,1
2026-03-23T14:15:51+00:00,25nXjfAtOvc,UCKjEtnnXEHsXE9IvCb92V7g,Press Conference: Louisville vs. Alabama Postgame (2026 Women's Second Round),2026-03-23T13:30:19Z,0,0,
2026-03-23T14:15:51+00:00,q7oYm4P9UKc,UCKjEtnnXEHsXE9IvCb92V7g,100 gorillas vs. Florida Final Boss? 🦍🐊 #shorts,2026-03-23T03:39:28Z,24261,248,21
2026-03-23T14:15:51+00:00,gRNQkeddOeo,UCKjEtnnXEHsXE9IvCb92V7g,“I would light this thing on fire” 🔥🤣,2026-03-23T02:03:26Z,5156,165,5
2026-03-23T14:15:51+00:00,a8PrkqVWt_s,UCKjEtnnXEHsXE9IvCb92V7g,Tony Delk breaks down the difference in the 2025 and 2026 Florida guards. #MarchMadness,2026-03-23T01:13:03Z,2087,9,1
2026-03-23T14:16:22+00:00,25nXjfAtOvc,UCKjEtnnXEHsXE9IvCb92V7g,Press Conference: Louisville vs. Alabama Postgame (2026 Women's Second Round),2026-03-23T13:30:19Z,0,0,
2026-03-23T14:16:22+00:00,q7oYm4P9UKc,UCKjEtnnXEHsXE9IvCb92V7g,100 gorillas vs. Florida Final Boss? 🦍🐊 #shorts,2026-03-23T03:39:28Z,24468,248,21
2026-03-23T14:16:22+00:00,gRNQkeddOeo,UCKjEtnnXEHsXE9IvCb92V7g,“I would light this thing on fire” 🔥🤣,2026-03-23T02:03:26Z,5156,165,5
2026-03-23T14:16:22+00:00,a8PrkqVWt_s,UCKjEtnnXEHsXE9IvCb92V7g,Tony Delk breaks down the difference in the 2025 and 2026 Florida guards. #MarchMadness,2026-03-23T01:13:03Z,2088,9,1
2026-03-23T14:16:53+00:00,25nXjfAtOvc,UCKjEtnnXEHsXE9IvCb92V7g,Press Conference: Louisville vs. Alabama Postgame (2026 Women's Second Round),2026-03-23T13:30:19Z,0,0,
2026-03-23T14:16:53+00:00,q7oYm4P9UKc,UCKjEtnnXEHsXE9IvCb92V7g,100 gorillas vs. Florida Final Boss? 🦍🐊 #shorts,2026-03-23T03:39:28Z,24468,248,21
2026-03-23T14:16:53+00:00,gRNQkeddOeo,UCKjEtnnXEHsXE9IvCb92V7g,“I would light this thing on fire” 🔥🤣,2026-03-23T02:03:26Z,5156,165,5
2026-03-23T14:16:53+00:00,a8PrkqVWt_s,UCKjEtnnXEHsXE9IvCb92V7g,Tony Delk breaks down the difference in the 2025 and 2026 Florida guards. #MarchMadness,2026-03-23T01:13:03Z,2088,9,1
2026-03-23T14:17:24+00:00,25nXjfAtOvc,UCKjEtnnXEHsXE9IvCb92V7g,Press Conference: Louisville vs. Alabama Postgame (2026 Women's Second Round),2026-03-23T13:30:19Z,0,0,
2026-03-23T14:17:24+00:00,q7oYm4P9UKc,UCKjEtnnXEHsXE9IvCb92V7g,100 gorillas vs. Florida Final Boss? 🦍🐊 #shorts,2026-03-23T03:39:28Z,24473,248,21
2026-03-23T14:17:24+00:00,gRNQkeddOeo,UCKjEtnnXEHsXE9IvCb92V7g,“I would light this thing on fire” 🔥🤣,2026-03-23T02:03:26Z,5156,165,5
2026-03-23T14:17:24+00:00,a8PrkqVWt_s,UCKjEtnnXEHsXE9IvCb92V7g,Tony Delk breaks down the difference in the 2025 and 2026 Florida guards. #MarchMadness,2026-03-23T01:13:03Z,2088,9,1
2026-03-23T14:17:55+00:00,25nXjfAtOvc,UCKjEtnnXEHsXE9IvCb92V7g,Press Conference: Louisville vs. Alabama Postgame (2026 Women's Second Round),2026-03-23T13:30:19Z,0,0,
2026-03-23T14:17:55+00:00,q7oYm4P9UKc,UCKjEtnnXEHsXE9IvCb92V7g,100 gorillas vs. Florida Final Boss? 🦍🐊 #shorts,2026-03-23T03:39:28Z,24473,248,21
2026-03-23T14:17:55+00:00,gRNQkeddOeo,UCKjEtnnXEHsXE9IvCb92V7g,“I would light this thing on fire” 🔥🤣,2026-03-23T02:03:26Z,5156,165,5
2026-03-23T14:17:55+00:00,a8PrkqVWt_s,UCKjEtnnXEHsXE9IvCb92V7g,Tony Delk breaks down the difference in the 2025 and 2026 Florida guards. #MarchMadness,2026-03-23T01:13:03Z,2088,9,1
2026-03-23T14:18:25+00:00,25nXjfAtOvc,UCKjEtnnXEHsXE9IvCb92V7g,Press Conference: Louisville vs. Alabama Postgame (2026 Women's Second Round),2026-03-23T13:30:19Z,0,0,
2026-03-23T14:18:25+00:00,q7oYm4P9UKc,UCKjEtnnXEHsXE9IvCb92V7g,100 gorillas vs. Florida Final Boss? 🦍🐊 #shorts,2026-03-23T03:39:28Z,24473,249,21
2026-03-23T14:18:25+00:00,gRNQkeddOeo,UCKjEtnnXEHsXE9IvCb92V7g,“I would light this thing on fire” 🔥🤣,2026-03-23T02:03:26Z,5156,165,5
2026-03-23T14:18:25+00:00,a8PrkqVWt_s,UCKjEtnnXEHsXE9IvCb92V7g,Tony Delk breaks down the difference in the 2025 and 2026 Florida guards. #MarchMadness,2026-03-23T01:13:03Z,2088,9,1
2026-03-23T14:18:56+00:00,25nXjfAtOvc,UCKjEtnnXEHsXE9IvCb92V7g,Press Conference: Louisville vs. Alabama Postgame (2026 Women's Second Round),2026-03-23T13:30:19Z,0,0,
2026-03-23T14:18:56+00:00,q7oYm4P9UKc,UCKjEtnnXEHsXE9IvCb92V7g,100 gorillas vs. Florida Final Boss? 🦍🐊 #shorts,2026-03-23T03:39:28Z,24473,250,21
2026-03-23T14:18:56+00:00,gRNQkeddOeo,UCKjEtnnXEHsXE9IvCb92V7g,“I would light this thing on fire” 🔥🤣,2026-03-23T02:03:26Z,5156,165,5
2026-03-23T14:18:56+00:00,a8PrkqVWt_s,UCKjEtnnXEHsXE9IvCb92V7g,Tony Delk breaks down the difference in the 2025 and 2026 Florida guards. #MarchMadness,2026-03-23T01:13:03Z,2088,9,1
2026-03-23T14:19:27+00:00,25nXjfAtOvc,UCKjEtnnXEHsXE9IvCb92V7g,Press Conference: Louisville vs. Alabama Postgame (2026 Women's Second Round),2026-03-23T13:30:19Z,0,0,
2026-03-23T14:19:27+00:00,q7oYm4P9UKc,UCKjEtnnXEHsXE9IvCb92V7g,100 gorillas vs. Florida Final Boss? 🦍🐊 #shorts,2026-03-23T03:39:28Z,24473,250,21
2026-03-23T14:19:27+00:00,gRNQkeddOeo,UCKjEtnnXEHsXE9IvCb92V7g,“I would light this thing on fire” 🔥🤣,2026-03-23T02:03:26Z,5179,165,5
2026-03-23T14:19:27+00:00,a8PrkqVWt_s,UCKjEtnnXEHsXE9IvCb92V7g,Tony Delk breaks down the difference in the 2025 and 2026 Florida guards. #MarchMadness,2026-03-23T01:13:03Z,2088,9,1
2026-03-23T14:19:58+00:00,25nXjfAtOvc,UCKjEtnnXEHsXE9IvCb92V7g,Press Conference: Louisville vs. Alabama Postgame (2026 Women's Second Round),2026-03-23T13:30:19Z,0,0,
2026-03-23T14:19:58+00:00,q7oYm4P9UKc,UCKjEtnnXEHsXE9IvCb92V7g,100 gorillas vs. Florida Final Boss? 🦍🐊 #shorts,2026-03-23T03:39:28Z,24473,250,22
2026-03-23T14:19:58+00:00,gRNQkeddOeo,UCKjEtnnXEHsXE9IvCb92V7g,“I would light this thing on fire” 🔥🤣,2026-03-23T02:03:26Z,5179,165,5
2026-03-23T14:19:58+00:00,a8PrkqVWt_s,UCKjEtnnXEHsXE9IvCb92V7g,Tony Delk breaks down the difference in the 2025 and 2026 Florida guards. #MarchMadness,2026-03-23T01:13:03Z,2088,9,1
2026-03-23T14:20:29+00:00,25nXjfAtOvc,UCKjEtnnXEHsXE9IvCb92V7g,Press Conference: Louisville vs. Alabama Postgame (2026 Women's Second Round),2026-03-23T13:30:19Z,0,0,
2026-03-23T14:20:29+00:00,q7oYm4P9UKc,UCKjEtnnXEHsXE9IvCb92V7g,100 gorillas vs. Florida Final Boss? 🦍🐊 #shorts,2026-03-23T03:39:28Z,24473,252,23
2026-03-23T14:20:29+00:00,gRNQkeddOeo,UCKjEtnnXEHsXE9IvCb92V7g,“I would light this thing on fire” 🔥🤣,2026-03-23T02:03:26Z,5179,165,5
2026-03-23T14:20:29+00:00,a8PrkqVWt_s,UCKjEtnnXEHsXE9IvCb92V7g,Tony Delk breaks down the difference in the 2025 and 2026 Florida guards. #MarchMadness,2026-03-23T01:13:03Z,2088,9,1
2026-03-23T14:21:00+00:00,25nXjfAtOvc,UCKjEtnnXEHsXE9IvCb92V7g,Press Conference: Louisville vs. Alabama Postgame (2026 Women's Second Round),2026-03-23T13:30:19Z,0,0,
2026-03-23T14:21:00+00:00,q7oYm4P9UKc,UCKjEtnnXEHsXE9IvCb92V7g,100 gorillas vs. Florida Final Boss? 🦍🐊 #shorts,2026-03-23T03:39:28Z,24473,252,24
2026-03-23T14:21:00+00:00,gRNQkeddOeo,UCKjEtnnXEHsXE9IvCb92V7g,“I would light this thing on fire” 🔥🤣,2026-03-23T02:03:26Z,5179,165,5
2026-03-23T14:21:00+00:00,a8PrkqVWt_s,UCKjEtnnXEHsXE9IvCb92V7g,Tony Delk breaks down the difference in the 2025 and 2026 Florida guards. #MarchMadness,2026-03-23T01:13:03Z,2088,9,1
2026-03-23T14:21:31+00:00,25nXjfAtOvc,UCKjEtnnXEHsXE9IvCb92V7g,Press Conference: Louisville vs. Alabama Postgame (2026 Women's Second Round),2026-03-23T13:30:19Z,0,0,
2026-03-23T14:21:31+00:00,q7oYm4P9UKc,UCKjEtnnXEHsXE9IvCb92V7g,100 gorillas vs. Florida Final Boss? 🦍🐊 #shorts,2026-03-23T03:39:28Z,24473,253,24
2026-03-23T14:21:31+00:00,gRNQkeddOeo,UCKjEtnnXEHsXE9IvCb92V7g,“I would light this thing on fire” 🔥🤣,2026-03-23T02:03:26Z,5179,165,5
2026-03-23T14:21:31+00:00,a8PrkqVWt_s,UCKjEtnnXEHsXE9IvCb92V7g,Tony Delk breaks down the difference in the 2025 and 2026 Florida guards. #MarchMadness,2026-03-23T01:13:03Z,2093,9,1
2026-03-23T14:22:02+00:00,25nXjfAtOvc,UCKjEtnnXEHsXE9IvCb92V7g,Press Conference: Louisville vs. Alabama Postgame (2026 Women's Second Round),2026-03-23T13:30:19Z,0,0,
2026-03-23T14:22:02+00:00,q7oYm4P9UKc,UCKjEtnnXEHsXE9IvCb92V7g,100 gorillas vs. Florida Final Boss? 🦍🐊 #shorts,2026-03-23T03:39:28Z,24752,254,24
2026-03-23T14:22:02+00:00,gRNQkeddOeo,UCKjEtnnXEHsXE9IvCb92V7g,“I would light this thing on fire” 🔥🤣,2026-03-23T02:03:26Z,5179,165,5
2026-03-23T14:22:02+00:00,a8PrkqVWt_s,UCKjEtnnXEHsXE9IvCb92V7g,Tony Delk breaks down the difference in the 2025 and 2026 Florida guards. #MarchMadness,2026-03-23T01:13:03Z,2093,9,1
2026-03-23T14:22:33+00:00,25nXjfAtOvc,UCKjEtnnXEHsXE9IvCb92V7g,Press Conference: Louisville vs. Alabama Postgame (2026 Women's Second Round),2026-03-23T13:30:19Z,0,0,
2026-03-23T14:22:33+00:00,q7oYm4P9UKc,UCKjEtnnXEHsXE9IvCb92V7g,100 gorillas vs. Florida Final Boss? 🦍🐊 #shorts,2026-03-23T03:39:28Z,24752,254,24
2026-03-23T14:22:33+00:00,gRNQkeddOeo,UCKjEtnnXEHsXE9IvCb92V7g,“I would light this thing on fire” 🔥🤣,2026-03-23T02:03:26Z,5179,165,5
2026-03-23T14:22:33+00:00,a8PrkqVWt_s,UCKjEtnnXEHsXE9IvCb92V7g,Tony Delk breaks down the difference in the 2025 and 2026 Florida guards. #MarchMadness,2026-03-23T01:13:03Z,2093,9,1
2026-03-23T14:23:04+00:00,25nXjfAtOvc,UCKjEtnnXEHsXE9IvCb92V7g,Press Conference: Louisville vs. Alabama Postgame (2026 Women's Second Round),2026-03-23T13:30:19Z,0,0,
2026-03-23T14:23:04+00:00,q7oYm4P9UKc,UCKjEtnnXEHsXE9IvCb92V7g,100 gorillas vs. Florida Final Boss? 🦍🐊 #shorts,2026-03-23T03:39:28Z,24752,254,24
2026-03-23T14:23:04+00:00,gRNQkeddOeo,UCKjEtnnXEHsXE9IvCb92V7g,“I would light this thing on fire” 🔥🤣,2026-03-23T02:03:26Z,5179,165,5
2026-03-23T14:23:04+00:00,a8PrkqVWt_s,UCKjEtnnXEHsXE9IvCb92V7g,Tony Delk breaks down the difference in the 2025 and 2026 Florida guards. #MarchMadness,2026-03-23T01:13:03Z,2093,9,1
2026-03-23T14:23:35+00:00,25nXjfAtOvc,UCKjEtnnXEHsXE9IvCb92V7g,Press Conference: Louisville vs. Alabama Postgame (2026 Women's Second Round),2026-03-23T13:30:19Z,0,0,
2026-03-23T14:23:35+00:00,q7oYm4P9UKc,UCKjEtnnXEHsXE9IvCb92V7g,100 gorillas vs. Florida Final Boss? 🦍🐊 #shorts,2026-03-23T03:39:28Z,24752,255,24
2026-03-23T14:23:35+00:00,gRNQkeddOeo,UCKjEtnnXEHsXE9IvCb92V7g,“I would light this thing on fire” 🔥🤣,2026-03-23T02:03:26Z,5179,166,5
2026-03-23T14:23:35+00:00,a8PrkqVWt_s,UCKjEtnnXEHsXE9IvCb92V7g,Tony Delk breaks down the difference in the 2025 and 2026 Florida guards. #MarchMadness,2026-03-23T01:13:03Z,2093,9,1
2026-03-23T14:24:06+00:00,25nXjfAtOvc,UCKjEtnnXEHsXE9IvCb92V7g,Press Conference: Louisville vs. Alabama Postgame (2026 Women's Second Round),2026-03-23T13:30:19Z,0,0,
2026-03-23T14:24:06+00:00,q7oYm4P9UKc,UCKjEtnnXEHsXE9IvCb92V7g,100 gorillas vs. Florida Final Boss? 🦍🐊 #shorts,2026-03-23T03:39:28Z,24764,255,24
2026-03-23T14:24:06+00:00,gRNQkeddOeo,UCKjEtnnXEHsXE9IvCb92V7g,“I would light this thing on fire” 🔥🤣,2026-03-23T02:03:26Z,5230,166,5
2026-03-23T14:24:06+00:00,a8PrkqVWt_s,UCKjEtnnXEHsXE9IvCb92V7g,Tony Delk breaks down the difference in the 2025 and 2026 Florida guards. #MarchMadness,2026-03-23T01:13:03Z,2093,9,1
2026-03-23T14:24:36+00:00,25nXjfAtOvc,UCKjEtnnXEHsXE9IvCb92V7g,Press Conference: Louisville vs. Alabama Postgame (2026 Women's Second Round),2026-03-23T13:30:19Z,0,0,
2026-03-23T14:24:36+00:00,q7oYm4P9UKc,UCKjEtnnXEHsXE9IvCb92V7g,100 gorillas vs. Florida Final Boss? 🦍🐊 #shorts,2026-03-23T03:39:28Z,24764,255,24
2026-03-23T14:24:36+00:00,gRNQkeddOeo,UCKjEtnnXEHsXE9IvCb92V7g,“I would light this thing on fire” 🔥🤣,2026-03-23T02:03:26Z,5230,166,5
2026-03-23T14:24:36+00:00,a8PrkqVWt_s,UCKjEtnnXEHsXE9IvCb92V7g,Tony Delk breaks down the difference in the 2025 and 2026 Florida guards. #MarchMadness,2026-03-23T01:13:03Z,2093,9,1
2026-03-23T14:25:07+00:00,25nXjfAtOvc,UCKjEtnnXEHsXE9IvCb92V7g,Press Conference: Louisville vs. Alabama Postgame (2026 Women's Second Round),2026-03-23T13:30:19Z,0,0,
2026-03-23T14:25:07+00:00,q7oYm4P9UKc,UCKjEtnnXEHsXE9IvCb92V7g,100 gorillas vs. Florida Final Boss? 🦍🐊 #shorts,2026-03-23T03:39:28Z,24764,255,24
2026-03-23T14:25:07+00:00,gRNQkeddOeo,UCKjEtnnXEHsXE9IvCb92V7g,“I would light this thing on fire” 🔥🤣,2026-03-23T02:03:26Z,5230,166,5
2026-03-23T14:25:07+00:00,a8PrkqVWt_s,UCKjEtnnXEHsXE9IvCb92V7g,Tony Delk breaks down the difference in the 2025 and 2026 Florida guards. #MarchMadness,2026-03-23T01:13:03Z,2093,9,1
2026-03-23T14:25:38+00:00,25nXjfAtOvc,UCKjEtnnXEHsXE9IvCb92V7g,Press Conference: Louisville vs. Alabama Postgame (2026 Women's Second Round),2026-03-23T13:30:19Z,0,0,
2026-03-23T14:25:38+00:00,q7oYm4P9UKc,UCKjEtnnXEHsXE9IvCb92V7g,100 gorillas vs. Florida Final Boss? 🦍🐊 #shorts,2026-03-23T03:39:28Z,24764,255,24
2026-03-23T14:25:38+00:00,gRNQkeddOeo,UCKjEtnnXEHsXE9IvCb92V7g,“I would light this thing on fire” 🔥🤣,2026-03-23T02:03:26Z,5230,166,5
2026-03-23T14:25:38+00:00,a8PrkqVWt_s,UCKjEtnnXEHsXE9IvCb92V7g,Tony Delk breaks down the difference in the 2025 and 2026 Florida guards. #MarchMadness,2026-03-23T01:13:03Z,2093,9,1
2026-03-23T14:26:09+00:00,25nXjfAtOvc,UCKjEtnnXEHsXE9IvCb92V7g,Press Conference: Louisville vs. Alabama Postgame (2026 Women's Second Round),2026-03-23T13:30:19Z,0,0,
2026-03-23T14:26:09+00:00,q7oYm4P9UKc,UCKjEtnnXEHsXE9IvCb92V7g,100 gorillas vs. Florida Final Boss? 🦍🐊 #shorts,2026-03-23T03:39:28Z,24764,255,24
2026-03-23T14:26:09+00:00,gRNQkeddOeo,UCKjEtnnXEHsXE9IvCb92V7g,“I would light this thing on fire” 🔥🤣,2026-03-23T02:03:26Z,5230,166,5
2026-03-23T14:26:09+00:00,a8PrkqVWt_s,UCKjEtnnXEHsXE9IvCb92V7g,Tony Delk breaks down the difference in the 2025 and 2026 Florida guards. #MarchMadness,2026-03-23T01:13:03Z,2093,9,1
2026-03-23T14:26:39+00:00,25nXjfAtOvc,UCKjEtnnXEHsXE9IvCb92V7g,Press Conference: Louisville vs. Alabama Postgame (2026 Women's Second Round),2026-03-23T13:30:19Z,0,0,
2026-03-23T14:26:39+00:00,q7oYm4P9UKc,UCKjEtnnXEHsXE9IvCb92V7g,100 gorillas vs. Florida Final Boss? 🦍🐊 #shorts,2026-03-23T03:39:28Z,25025,255,24
2026-03-23T14:26:39+00:00,gRNQkeddOeo,UCKjEtnnXEHsXE9IvCb92V7g,“I would light this thing on fire” 🔥🤣,2026-03-23T02:03:26Z,5230,166,5
2026-03-23T14:26:39+00:00,a8PrkqVWt_s,UCKjEtnnXEHsXE9IvCb92V7g,Tony Delk breaks down the difference in the 2025 and 2026 Florida guards. #MarchMadness,2026-03-23T01:13:03Z,2097,9,1
2026-03-23T14:27:09+00:00,25nXjfAtOvc,UCKjEtnnXEHsXE9IvCb92V7g,Press Conference: Louisville vs. Alabama Postgame (2026 Women's Second Round),2026-03-23T13:30:19Z,0,0,
2026-03-23T14:27:09+00:00,q7oYm4P9UKc,UCKjEtnnXEHsXE9IvCb92V7g,100 gorillas vs. Florida Final Boss? 🦍🐊 #shorts,2026-03-23T03:39:28Z,25025,255,24
2026-03-23T14:27:09+00:00,gRNQkeddOeo,UCKjEtnnXEHsXE9IvCb92V7g,“I would light this thing on fire” 🔥🤣,2026-03-23T02:03:26Z,5230,166,5
2026-03-23T14:27:09+00:00,a8PrkqVWt_s,UCKjEtnnXEHsXE9IvCb92V7g,Tony Delk breaks down the difference in the 2025 and 2026 Florida guards. #MarchMadness,2026-03-23T01:13:03Z,2097,9,1
2026-03-23T14:27:39+00:00,25nXjfAtOvc,UCKjEtnnXEHsXE9IvCb92V7g,Press Conference: Louisville vs. Alabama Postgame (2026 Women's Second Round),2026-03-23T13:30:19Z,0,0,
2026-03-23T14:27:39+00:00,q7oYm4P9UKc,UCKjEtnnXEHsXE9IvCb92V7g,100 gorillas vs. Florida Final Boss? 🦍🐊 #shorts,2026-03-23T03:39:28Z,25032,256,24
2026-03-23T14:27:39+00:00,gRNQkeddOeo,UCKjEtnnXEHsXE9IvCb92V7g,“I would light this thing on fire” 🔥🤣,2026-03-23T02:03:26Z,5230,166,5
2026-03-23T14:27:39+00:00,a8PrkqVWt_s,UCKjEtnnXEHsXE9IvCb92V7g,Tony Delk breaks down the difference in the 2025 and 2026 Florida guards. #MarchMadness,2026-03-23T01:13:03Z,2097,9,1
2026-03-23T14:28:10+00:00,25nXjfAtOvc,UCKjEtnnXEHsXE9IvCb92V7g,Press Conference: Louisville vs. Alabama Postgame (2026 Women's Second Round),2026-03-23T13:30:19Z,0,0,
2026-03-23T14:28:10+00:00,q7oYm4P9UKc,UCKjEtnnXEHsXE9IvCb92V7g,100 gorillas vs. Florida Final Boss? 🦍🐊 #shorts,2026-03-23T03:39:28Z,25032,256,24
2026-03-23T14:28:10+00:00,gRNQkeddOeo,UCKjEtnnXEHsXE9IvCb92V7g,“I would light this thing on fire” 🔥🤣,2026-03-23T02:03:26Z,5230,166,5
2026-03-23T14:28:10+00:00,a8PrkqVWt_s,UCKjEtnnXEHsXE9IvCb92V7g,Tony Delk breaks down the difference in the 2025 and 2026 Florida guards. #MarchMadness,2026-03-23T01:13:03Z,2097,9,1
2026-03-23T14:28:41+00:00,25nXjfAtOvc,UCKjEtnnXEHsXE9IvCb92V7g,Press Conference: Louisville vs. Alabama Postgame (2026 Women's Second Round),2026-03-23T13:30:19Z,0,0,
2026-03-23T14:28:41+00:00,q7oYm4P9UKc,UCKjEtnnXEHsXE9IvCb92V7g,100 gorillas vs. Florida Final Boss? 🦍🐊 #shorts,2026-03-23T03:39:28Z,25032,256,25
2026-03-23T14:28:41+00:00,gRNQkeddOeo,UCKjEtnnXEHsXE9IvCb92V7g,“I would light this thing on fire” 🔥🤣,2026-03-23T02:03:26Z,5230,166,5
2026-03-23T14:28:41+00:00,a8PrkqVWt_s,UCKjEtnnXEHsXE9IvCb92V7g,Tony Delk breaks down the difference in the 2025 and 2026 Florida guards. #MarchMadness,2026-03-23T01:13:03Z,2097,9,1
2026-03-23T14:29:12+00:00,25nXjfAtOvc,UCKjEtnnXEHsXE9IvCb92V7g,Press Conference: Louisville vs. Alabama Postgame (2026 Women's Second Round),2026-03-23T13:30:19Z,0,0,
2026-03-23T14:29:12+00:00,q7oYm4P9UKc,UCKjEtnnXEHsXE9IvCb92V7g,100 gorillas vs. Florida Final Boss? 🦍🐊 #shorts,2026-03-23T03:39:28Z,25032,256,25
2026-03-23T14:29:12+00:00,gRNQkeddOeo,UCKjEtnnXEHsXE9IvCb92V7g,“I would light this thing on fire” 🔥🤣,2026-03-23T02:03:26Z,5230,166,5
2026-03-23T14:29:12+00:00,a8PrkqVWt_s,UCKjEtnnXEHsXE9IvCb92V7g,Tony Delk breaks down the difference in the 2025 and 2026 Florida guards. #MarchMadness,2026-03-23T01:13:03Z,2097,9,1
2026-03-23T14:29:42+00:00,25nXjfAtOvc,UCKjEtnnXEHsXE9IvCb92V7g,Press Conference: Louisville vs. Alabama Postgame (2026 Women's Second Round),2026-03-23T13:30:19Z,0,0,
2026-03-23T14:29:42+00:00,q7oYm4P9UKc,UCKjEtnnXEHsXE9IvCb92V7g,100 gorillas vs. Florida Final Boss? 🦍🐊 #shorts,2026-03-23T03:39:28Z,25032,257,25
2026-03-23T14:29:42+00:00,gRNQkeddOeo,UCKjEtnnXEHsXE9IvCb92V7g,“I would light this thing on fire” 🔥🤣,2026-03-23T02:03:26Z,5230,166,5
2026-03-23T14:29:42+00:00,a8PrkqVWt_s,UCKjEtnnXEHsXE9IvCb92V7g,Tony Delk breaks down the difference in the 2025 and 2026 Florida guards. #MarchMadness,2026-03-23T01:13:03Z,2097,9,1
2026-03-23T14:30:12+00:00,25nXjfAtOvc,UCKjEtnnXEHsXE9IvCb92V7g,Press Conference: Louisville vs. Alabama Postgame (2026 Women's Second Round),2026-03-23T13:30:19Z,0,0,
2026-03-23T14:30:12+00:00,q7oYm4P9UKc,UCKjEtnnXEHsXE9IvCb92V7g,100 gorillas vs. Florida Final Boss? 🦍🐊 #shorts,2026-03-23T03:39:28Z,25032,257,25
2026-03-23T14:30:12+00:00,gRNQkeddOeo,UCKjEtnnXEHsXE9IvCb92V7g,“I would light this thing on fire” 🔥🤣,2026-03-23T02:03:26Z,5270,166,5
2026-03-23T14:30:12+00:00,a8PrkqVWt_s,UCKjEtnnXEHsXE9IvCb92V7g,Tony Delk breaks down the difference in the 2025 and 2026 Florida guards. #MarchMadness,2026-03-23T01:13:03Z,2097,9,1
2026-03-23T14:30:42+00:00,25nXjfAtOvc,UCKjEtnnXEHsXE9IvCb92V7g,Press Conference: Louisville vs. Alabama Postgame (2026 Women's Second Round),2026-03-23T13:30:19Z,0,0,
2026-03-23T14:30:42+00:00,q7oYm4P9UKc,UCKjEtnnXEHsXE9IvCb92V7g,100 gorillas vs. Florida Final Boss? 🦍🐊 #shorts,2026-03-23T03:39:28Z,25032,257,25
2026-03-23T14:30:42+00:00,gRNQkeddOeo,UCKjEtnnXEHsXE9IvCb92V7g,“I would light this thing on fire” 🔥🤣,2026-03-23T02:03:26Z,5270,167,5
2026-03-23T14:30:42+00:00,a8PrkqVWt_s,UCKjEtnnXEHsXE9IvCb92V7g,Tony Delk breaks down the difference in the 2025 and 2026 Florida guards. #MarchMadness,2026-03-23T01:13:03Z,2097,9,1
2026-03-23T14:31:13+00:00,25nXjfAtOvc,UCKjEtnnXEHsXE9IvCb92V7g,Press Conference: Louisville vs. Alabama Postgame (2026 Women's Second Round),2026-03-23T13:30:19Z,0,0,
2026-03-23T14:31:13+00:00,q7oYm4P9UKc,UCKjEtnnXEHsXE9IvCb92V7g,100 gorillas vs. Florida Final Boss? 🦍🐊 #shorts,2026-03-23T03:39:28Z,25032,258,25
2026-03-23T14:31:13+00:00,gRNQkeddOeo,UCKjEtnnXEHsXE9IvCb92V7g,“I would light this thing on fire” 🔥🤣,2026-03-23T02:03:26Z,5270,167,5
2026-03-23T14:31:13+00:00,a8PrkqVWt_s,UCKjEtnnXEHsXE9IvCb92V7g,Tony Delk breaks down the difference in the 2025 and 2026 Florida guards. #MarchMadness,2026-03-23T01:13:03Z,2097,9,1
2026-03-23T14:31:44+00:00,25nXjfAtOvc,UCKjEtnnXEHsXE9IvCb92V7g,Press Conference: Louisville vs. Alabama Postgame (2026 Women's Second Round),2026-03-23T13:30:19Z,0,0,
2026-03-23T14:31:44+00:00,q7oYm4P9UKc,UCKjEtnnXEHsXE9IvCb92V7g,100 gorillas vs. Florida Final Boss? 🦍🐊 #shorts,2026-03-23T03:39:28Z,25032,258,25
2026-03-23T14:31:44+00:00,gRNQkeddOeo,UCKjEtnnXEHsXE9IvCb92V7g,“I would light this thing on fire” 🔥🤣,2026-03-23T02:03:26Z,5270,167,5
2026-03-23T14:31:44+00:00,a8PrkqVWt_s,UCKjEtnnXEHsXE9IvCb92V7g,Tony Delk breaks down the difference in the 2025 and 2026 Florida guards. #MarchMadness,2026-03-23T01:13:03Z,2098,9,1
2026-03-23T14:32:14+00:00,25nXjfAtOvc,UCKjEtnnXEHsXE9IvCb92V7g,Press Conference: Louisville vs. Alabama Postgame (2026 Women's Second Round),2026-03-23T13:30:19Z,0,0,
2026-03-23T14:32:14+00:00,q7oYm4P9UKc,UCKjEtnnXEHsXE9IvCb92V7g,100 gorillas vs. Florida Final Boss? 🦍🐊 #shorts,2026-03-23T03:39:28Z,25274,258,25
2026-03-23T14:32:14+00:00,gRNQkeddOeo,UCKjEtnnXEHsXE9IvCb92V7g,“I would light this thing on fire” 🔥🤣,2026-03-23T02:03:26Z,5270,167,5
2026-03-23T14:32:14+00:00,a8PrkqVWt_s,UCKjEtnnXEHsXE9IvCb92V7g,Tony Delk breaks down the difference in the 2025 and 2026 Florida guards. #MarchMadness,2026-03-23T01:13:03Z,2101,9,1
2026-03-23T14:32:45+00:00,25nXjfAtOvc,UCKjEtnnXEHsXE9IvCb92V7g,Press Conference: Louisville vs. Alabama Postgame (2026 Women's Second Round),2026-03-23T13:30:19Z,0,0,
2026-03-23T14:32:45+00:00,q7oYm4P9UKc,UCKjEtnnXEHsXE9IvCb92V7g,100 gorillas vs. Florida Final Boss? 🦍🐊 #shorts,2026-03-23T03:39:28Z,25274,258,25
2026-03-23T14:32:45+00:00,gRNQkeddOeo,UCKjEtnnXEHsXE9IvCb92V7g,“I would light this thing on fire” 🔥🤣,2026-03-23T02:03:26Z,5270,167,5
2026-03-23T14:32:45+00:00,a8PrkqVWt_s,UCKjEtnnXEHsXE9IvCb92V7g,Tony Delk breaks down the difference in the 2025 and 2026 Florida guards. #MarchMadness,2026-03-23T01:13:03Z,2101,9,1
2026-03-23T14:33:16+00:00,25nXjfAtOvc,UCKjEtnnXEHsXE9IvCb92V7g,Press Conference: Louisville vs. Alabama Postgame (2026 Women's Second Round),2026-03-23T13:30:19Z,0,0,
2026-03-23T14:33:16+00:00,q7oYm4P9UKc,UCKjEtnnXEHsXE9IvCb92V7g,100 gorillas vs. Florida Final Boss? 🦍🐊 #shorts,2026-03-23T03:39:28Z,25274,258,25
2026-03-23T14:33:16+00:00,gRNQkeddOeo,UCKjEtnnXEHsXE9IvCb92V7g,“I would light this thing on fire” 🔥🤣,2026-03-23T02:03:26Z,5270,167,5
2026-03-23T14:33:16+00:00,a8PrkqVWt_s,UCKjEtnnXEHsXE9IvCb92V7g,Tony Delk breaks down the difference in the 2025 and 2026 Florida guards. #MarchMadness,2026-03-23T01:13:03Z,2101,9,1
2026-03-23T14:33:47+00:00,25nXjfAtOvc,UCKjEtnnXEHsXE9IvCb92V7g,Press Conference: Louisville vs. Alabama Postgame (2026 Women's Second Round),2026-03-23T13:30:19Z,0,0,
2026-03-23T14:33:47+00:00,q7oYm4P9UKc,UCKjEtnnXEHsXE9IvCb92V7g,100 gorillas vs. Florida Final Boss? 🦍🐊 #shorts,2026-03-23T03:39:28Z,25274,258,25
2026-03-23T14:33:47+00:00,gRNQkeddOeo,UCKjEtnnXEHsXE9IvCb92V7g,“I would light this thing on fire” 🔥🤣,2026-03-23T02:03:26Z,5270,167,5
2026-03-23T14:33:47+00:00,a8PrkqVWt_s,UCKjEtnnXEHsXE9IvCb92V7g,Tony Delk breaks down the difference in the 2025 and 2026 Florida guards. #MarchMadness,2026-03-23T01:13:03Z,2101,9,1
2026-03-23T14:34:18+00:00,25nXjfAtOvc,UCKjEtnnXEHsXE9IvCb92V7g,Press Conference: Louisville vs. Alabama Postgame (2026 Women's Second Round),2026-03-23T13:30:19Z,0,0,
2026-03-23T14:34:18+00:00,q7oYm4P9UKc,UCKjEtnnXEHsXE9IvCb92V7g,100 gorillas vs. Florida Final Boss? 🦍🐊 #shorts,2026-03-23T03:39:28Z,25274,258,25
2026-03-23T14:34:18+00:00,gRNQkeddOeo,UCKjEtnnXEHsXE9IvCb92V7g,“I would light this thing on fire” 🔥🤣,2026-03-23T02:03:26Z,5270,167,5
2026-03-23T14:34:18+00:00,a8PrkqVWt_s,UCKjEtnnXEHsXE9IvCb92V7g,Tony Delk breaks down the difference in the 2025 and 2026 Florida guards. #MarchMadness,2026-03-23T01:13:03Z,2101,9,1
2026-03-23T14:34:48+00:00,25nXjfAtOvc,UCKjEtnnXEHsXE9IvCb92V7g,Press Conference: Louisville vs. Alabama Postgame (2026 Women's Second Round),2026-03-23T13:30:19Z,0,0,
2026-03-23T14:34:48+00:00,q7oYm4P9UKc,UCKjEtnnXEHsXE9IvCb92V7g,100 gorillas vs. Florida Final Boss? 🦍🐊 #shorts,2026-03-23T03:39:28Z,25274,258,25
2026-03-23T14:34:48+00:00,gRNQkeddOeo,UCKjEtnnXEHsXE9IvCb92V7g,“I would light this thing on fire” 🔥🤣,2026-03-23T02:03:26Z,5270,167,5
2026-03-23T14:34:48+00:00,a8PrkqVWt_s,UCKjEtnnXEHsXE9IvCb92V7g,Tony Delk breaks down the difference in the 2025 and 2026 Florida guards. #MarchMadness,2026-03-23T01:13:03Z,2101,9,1
2026-03-23T14:35:19+00:00,25nXjfAtOvc,UCKjEtnnXEHsXE9IvCb92V7g,Press Conference: Louisville vs. Alabama Postgame (2026 Women's Second Round),2026-03-23T13:30:19Z,0,0,
2026-03-23T14:35:19+00:00,q7oYm4P9UKc,UCKjEtnnXEHsXE9IvCb92V7g,100 gorillas vs. Florida Final Boss? 🦍🐊 #shorts,2026-03-23T03:39:28Z,25274,259,25
2026-03-23T14:35:19+00:00,gRNQkeddOeo,UCKjEtnnXEHsXE9IvCb92V7g,“I would light this thing on fire” 🔥🤣,2026-03-23T02:03:26Z,5270,167,5
2026-03-23T14:35:19+00:00,a8PrkqVWt_s,UCKjEtnnXEHsXE9IvCb92V7g,Tony Delk breaks down the difference in the 2025 and 2026 Florida guards. #MarchMadness,2026-03-23T01:13:03Z,2101,9,1
2026-03-23T14:35:50+00:00,25nXjfAtOvc,UCKjEtnnXEHsXE9IvCb92V7g,Press Conference: Louisville vs. Alabama Postgame (2026 Women's Second Round),2026-03-23T13:30:19Z,0,0,
2026-03-23T14:35:50+00:00,q7oYm4P9UKc,UCKjEtnnXEHsXE9IvCb92V7g,100 gorillas vs. Florida Final Boss? 🦍🐊 #shorts,2026-03-23T03:39:28Z,25274,262,25
2026-03-23T14:35:50+00:00,gRNQkeddOeo,UCKjEtnnXEHsXE9IvCb92V7g,“I would light this thing on fire” 🔥🤣,2026-03-23T02:03:26Z,5296,167,5
2026-03-23T14:35:50+00:00,a8PrkqVWt_s,UCKjEtnnXEHsXE9IvCb92V7g,Tony Delk breaks down the difference in the 2025 and 2026 Florida guards. #MarchMadness,2026-03-23T01:13:03Z,2101,9,1
2026-03-23T14:36:21+00:00,25nXjfAtOvc,UCKjEtnnXEHsXE9IvCb92V7g,Press Conference: Louisville vs. Alabama Postgame (2026 Women's Second Round),2026-03-23T13:30:19Z,0,0,
2026-03-23T14:36:21+00:00,q7oYm4P9UKc,UCKjEtnnXEHsXE9IvCb92V7g,100 gorillas vs. Florida Final Boss? 🦍🐊 #shorts,2026-03-23T03:39:28Z,25274,263,25
2026-03-23T14:36:21+00:00,gRNQkeddOeo,UCKjEtnnXEHsXE9IvCb92V7g,“I would light this thing on fire” 🔥🤣,2026-03-23T02:03:26Z,5296,167,5
2026-03-23T14:36:21+00:00,a8PrkqVWt_s,UCKjEtnnXEHsXE9IvCb92V7g,Tony Delk breaks down the difference in the 2025 and 2026 Florida guards. #MarchMadness,2026-03-23T01:13:03Z,2102,9,1
2026-03-23T14:36:51+00:00,25nXjfAtOvc,UCKjEtnnXEHsXE9IvCb92V7g,Press Conference: Louisville vs. Alabama Postgame (2026 Women's Second Round),2026-03-23T13:30:19Z,0,0,
2026-03-23T14:36:51+00:00,q7oYm4P9UKc,UCKjEtnnXEHsXE9IvCb92V7g,100 gorillas vs. Florida Final Boss? 🦍🐊 #shorts,2026-03-23T03:39:28Z,25393,263,25
2026-03-23T14:36:51+00:00,gRNQkeddOeo,UCKjEtnnXEHsXE9IvCb92V7g,“I would light this thing on fire” 🔥🤣,2026-03-23T02:03:26Z,5301,168,5
2026-03-23T14:36:51+00:00,a8PrkqVWt_s,UCKjEtnnXEHsXE9IvCb92V7g,Tony Delk breaks down the difference in the 2025 and 2026 Florida guards. #MarchMadness,2026-03-23T01:13:03Z,2102,9,1
2026-03-23T14:37:22+00:00,25nXjfAtOvc,UCKjEtnnXEHsXE9IvCb92V7g,Press Conference: Louisville vs. Alabama Postgame (2026 Women's Second Round),2026-03-23T13:30:19Z,0,0,
2026-03-23T14:37:22+00:00,q7oYm4P9UKc,UCKjEtnnXEHsXE9IvCb92V7g,100 gorillas vs. Florida Final Boss? 🦍🐊 #shorts,2026-03-23T03:39:28Z,25393,264,25
2026-03-23T14:37:22+00:00,gRNQkeddOeo,UCKjEtnnXEHsXE9IvCb92V7g,“I would light this thing on fire” 🔥🤣,2026-03-23T02:03:26Z,5301,168,5
2026-03-23T14:37:22+00:00,a8PrkqVWt_s,UCKjEtnnXEHsXE9IvCb92V7g,Tony Delk breaks down the difference in the 2025 and 2026 Florida guards. #MarchMadness,2026-03-23T01:13:03Z,2103,9,1
2026-03-23T14:37:53+00:00,25nXjfAtOvc,UCKjEtnnXEHsXE9IvCb92V7g,Press Conference: Louisville vs. Alabama Postgame (2026 Women's Second Round),2026-03-23T13:30:19Z,0,0,
2026-03-23T14:37:53+00:00,q7oYm4P9UKc,UCKjEtnnXEHsXE9IvCb92V7g,100 gorillas vs. Florida Final Boss? 🦍🐊 #shorts,2026-03-23T03:39:28Z,25393,265,25
2026-03-23T14:37:53+00:00,gRNQkeddOeo,UCKjEtnnXEHsXE9IvCb92V7g,“I would light this thing on fire” 🔥🤣,2026-03-23T02:03:26Z,5301,168,5
2026-03-23T14:37:53+00:00,a8PrkqVWt_s,UCKjEtnnXEHsXE9IvCb92V7g,Tony Delk breaks down the difference in the 2025 and 2026 Florida guards. #MarchMadness,2026-03-23T01:13:03Z,2103,9,1
2026-03-23T14:38:24+00:00,25nXjfAtOvc,UCKjEtnnXEHsXE9IvCb92V7g,Press Conference: Louisville vs. Alabama Postgame (2026 Women's Second Round),2026-03-23T13:30:19Z,0,0,
2026-03-23T14:38:24+00:00,q7oYm4P9UKc,UCKjEtnnXEHsXE9IvCb92V7g,100 gorillas vs. Florida Final Boss? 🦍🐊 #shorts,2026-03-23T03:39:28Z,25393,266,25
2026-03-23T14:38:24+00:00,gRNQkeddOeo,UCKjEtnnXEHsXE9IvCb92V7g,“I would light this thing on fire” 🔥🤣,2026-03-23T02:03:26Z,5301,168,5
2026-03-23T14:38:24+00:00,a8PrkqVWt_s,UCKjEtnnXEHsXE9IvCb92V7g,Tony Delk breaks down the difference in the 2025 and 2026 Florida guards. #MarchMadness,2026-03-23T01:13:03Z,2103,9,1
2026-03-23T14:38:54+00:00,25nXjfAtOvc,UCKjEtnnXEHsXE9IvCb92V7g,Press Conference: Louisville vs. Alabama Postgame (2026 Women's Second Round),2026-03-23T13:30:19Z,0,0,
2026-03-23T14:38:54+00:00,q7oYm4P9UKc,UCKjEtnnXEHsXE9IvCb92V7g,100 gorillas vs. Florida Final Boss? 🦍🐊 #shorts,2026-03-23T03:39:28Z,25393,266,25
2026-03-23T14:38:54+00:00,gRNQkeddOeo,UCKjEtnnXEHsXE9IvCb92V7g,“I would light this thing on fire” 🔥🤣,2026-03-23T02:03:26Z,5301,168,5
2026-03-23T14:38:54+00:00,a8PrkqVWt_s,UCKjEtnnXEHsXE9IvCb92V7g,Tony Delk breaks down the difference in the 2025 and 2026 Florida guards. #MarchMadness,2026-03-23T01:13:03Z,2103,9,1
2026-03-23T14:39:25+00:00,25nXjfAtOvc,UCKjEtnnXEHsXE9IvCb92V7g,Press Conference: Louisville vs. Alabama Postgame (2026 Women's Second Round),2026-03-23T13:30:19Z,0,0,
2026-03-23T14:39:25+00:00,q7oYm4P9UKc,UCKjEtnnXEHsXE9IvCb92V7g,100 gorillas vs. Florida Final Boss? 🦍🐊 #shorts,2026-03-23T03:39:28Z,25393,266,25
2026-03-23T14:39:25+00:00,gRNQkeddOeo,UCKjEtnnXEHsXE9IvCb92V7g,“I would light this thing on fire” 🔥🤣,2026-03-23T02:03:26Z,5316,168,5
2026-03-23T14:39:25+00:00,a8PrkqVWt_s,UCKjEtnnXEHsXE9IvCb92V7g,Tony Delk breaks down the difference in the 2025 and 2026 Florida guards. #MarchMadness,2026-03-23T01:13:03Z,2103,9,1
2026-03-23T14:39:55+00:00,25nXjfAtOvc,UCKjEtnnXEHsXE9IvCb92V7g,Press Conference: Louisville vs. Alabama Postgame (2026 Women's Second Round),2026-03-23T13:30:19Z,0,0,
2026-03-23T14:39:55+00:00,q7oYm4P9UKc,UCKjEtnnXEHsXE9IvCb92V7g,100 gorillas vs. Florida Final Boss? 🦍🐊 #shorts,2026-03-23T03:39:28Z,25393,266,25
2026-03-23T14:39:55+00:00,gRNQkeddOeo,UCKjEtnnXEHsXE9IvCb92V7g,“I would light this thing on fire” 🔥🤣,2026-03-23T02:03:26Z,5316,168,5
2026-03-23T14:39:55+00:00,a8PrkqVWt_s,UCKjEtnnXEHsXE9IvCb92V7g,Tony Delk breaks down the difference in the 2025 and 2026 Florida guards. #MarchMadness,2026-03-23T01:13:03Z,2103,9,1
2026-03-23T14:40:26+00:00,25nXjfAtOvc,UCKjEtnnXEHsXE9IvCb92V7g,Press Conference: Louisville vs. Alabama Postgame (2026 Women's Second Round),2026-03-23T13:30:19Z,0,0,
2026-03-23T14:40:26+00:00,q7oYm4P9UKc,UCKjEtnnXEHsXE9IvCb92V7g,100 gorillas vs. Florida Final Boss? 🦍🐊 #shorts,2026-03-23T03:39:28Z,25393,266,25
2026-03-23T14:40:26+00:00,gRNQkeddOeo,UCKjEtnnXEHsXE9IvCb92V7g,“I would light this thing on fire” 🔥🤣,2026-03-23T02:03:26Z,5316,168,5
2026-03-23T14:40:26+00:00,a8PrkqVWt_s,UCKjEtnnXEHsXE9IvCb92V7g,Tony Delk breaks down the difference in the 2025 and 2026 Florida guards. #MarchMadness,2026-03-23T01:13:03Z,2103,9,1
2026-03-23T14:40:57+00:00,25nXjfAtOvc,UCKjEtnnXEHsXE9IvCb92V7g,Press Conference: Louisville vs. Alabama Postgame (2026 Women's Second Round),2026-03-23T13:30:19Z,0,0,
2026-03-23T14:40:57+00:00,q7oYm4P9UKc,UCKjEtnnXEHsXE9IvCb92V7g,100 gorillas vs. Florida Final Boss? 🦍🐊 #shorts,2026-03-23T03:39:28Z,25393,266,25
2026-03-23T14:40:57+00:00,gRNQkeddOeo,UCKjEtnnXEHsXE9IvCb92V7g,“I would light this thing on fire” 🔥🤣,2026-03-23T02:03:26Z,5316,168,5
2026-03-23T14:40:57+00:00,a8PrkqVWt_s,UCKjEtnnXEHsXE9IvCb92V7g,Tony Delk breaks down the difference in the 2025 and 2026 Florida guards. #MarchMadness,2026-03-23T01:13:03Z,2103,9,1
2026-03-23T14:41:28+00:00,25nXjfAtOvc,UCKjEtnnXEHsXE9IvCb92V7g,Press Conference: Louisville vs. Alabama Postgame (2026 Women's Second Round),2026-03-23T13:30:19Z,0,0,
2026-03-23T14:41:28+00:00,q7oYm4P9UKc,UCKjEtnnXEHsXE9IvCb92V7g,100 gorillas vs. Florida Final Boss? 🦍🐊 #shorts,2026-03-23T03:39:28Z,25517,266,25
2026-03-23T14:41:28+00:00,gRNQkeddOeo,UCKjEtnnXEHsXE9IvCb92V7g,“I would light this thing on fire” 🔥🤣,2026-03-23T02:03:26Z,5316,168,5
2026-03-23T14:41:28+00:00,a8PrkqVWt_s,UCKjEtnnXEHsXE9IvCb92V7g,Tony Delk breaks down the difference in the 2025 and 2026 Florida guards. #MarchMadness,2026-03-23T01:13:03Z,2103,9,1
2026-03-23T14:41:58+00:00,25nXjfAtOvc,UCKjEtnnXEHsXE9IvCb92V7g,Press Conference: Louisville vs. Alabama Postgame (2026 Women's Second Round),2026-03-23T13:30:19Z,0,0,
2026-03-23T14:41:58+00:00,q7oYm4P9UKc,UCKjEtnnXEHsXE9IvCb92V7g,100 gorillas vs. Florida Final Boss? 🦍🐊 #shorts,2026-03-23T03:39:28Z,25529,266,25
2026-03-23T14:41:58+00:00,gRNQkeddOeo,UCKjEtnnXEHsXE9IvCb92V7g,“I would light this thing on fire” 🔥🤣,2026-03-23T02:03:26Z,5316,168,5
2026-03-23T14:41:58+00:00,a8PrkqVWt_s,UCKjEtnnXEHsXE9IvCb92V7g,Tony Delk breaks down the difference in the 2025 and 2026 Florida guards. #MarchMadness,2026-03-23T01:13:03Z,2103,9,1
2026-03-23T14:42:29+00:00,25nXjfAtOvc,UCKjEtnnXEHsXE9IvCb92V7g,Press Conference: Louisville vs. Alabama Postgame (2026 Women's Second Round),2026-03-23T13:30:19Z,0,0,
2026-03-23T14:42:29+00:00,q7oYm4P9UKc,UCKjEtnnXEHsXE9IvCb92V7g,100 gorillas vs. Florida Final Boss? 🦍🐊 #shorts,2026-03-23T03:39:28Z,25529,266,25
2026-03-23T14:42:29+00:00,gRNQkeddOeo,UCKjEtnnXEHsXE9IvCb92V7g,“I would light this thing on fire” 🔥🤣,2026-03-23T02:03:26Z,5316,168,5
2026-03-23T14:42:29+00:00,a8PrkqVWt_s,UCKjEtnnXEHsXE9IvCb92V7g,Tony Delk breaks down the difference in the 2025 and 2026 Florida guards. #MarchMadness,2026-03-23T01:13:03Z,2103,9,1
2026-03-23T14:43:00+00:00,25nXjfAtOvc,UCKjEtnnXEHsXE9IvCb92V7g,Press Conference: Louisville vs. Alabama Postgame (2026 Women's Second Round),2026-03-23T13:30:19Z,0,0,
2026-03-23T14:43:00+00:00,q7oYm4P9UKc,UCKjEtnnXEHsXE9IvCb92V7g,100 gorillas vs. Florida Final Boss? 🦍🐊 #shorts,2026-03-23T03:39:28Z,25529,266,25
2026-03-23T14:43:00+00:00,gRNQkeddOeo,UCKjEtnnXEHsXE9IvCb92V7g,“I would light this thing on fire” 🔥🤣,2026-03-23T02:03:26Z,5316,168,5
2026-03-23T14:43:00+00:00,a8PrkqVWt_s,UCKjEtnnXEHsXE9IvCb92V7g,Tony Delk breaks down the difference in the 2025 and 2026 Florida guards. #MarchMadness,2026-03-23T01:13:03Z,2103,9,1
2026-03-23T14:43:31+00:00,25nXjfAtOvc,UCKjEtnnXEHsXE9IvCb92V7g,Press Conference: Louisville vs. Alabama Postgame (2026 Women's Second Round),2026-03-23T13:30:19Z,0,0,
2026-03-23T14:43:31+00:00,q7oYm4P9UKc,UCKjEtnnXEHsXE9IvCb92V7g,100 gorillas vs. Florida Final Boss? 🦍🐊 #shorts,2026-03-23T03:39:28Z,25529,266,25
2026-03-23T14:43:31+00:00,gRNQkeddOeo,UCKjEtnnXEHsXE9IvCb92V7g,“I would light this thing on fire” 🔥🤣,2026-03-23T02:03:26Z,5316,168,5
2026-03-23T14:43:31+00:00,a8PrkqVWt_s,UCKjEtnnXEHsXE9IvCb92V7g,Tony Delk breaks down the difference in the 2025 and 2026 Florida guards. #MarchMadness,2026-03-23T01:13:03Z,2103,9,1
2026-03-23T14:44:01+00:00,25nXjfAtOvc,UCKjEtnnXEHsXE9IvCb92V7g,Press Conference: Louisville vs. Alabama Postgame (2026 Women's Second Round),2026-03-23T13:30:19Z,0,0,
2026-03-23T14:44:01+00:00,q7oYm4P9UKc,UCKjEtnnXEHsXE9IvCb92V7g,100 gorillas vs. Florida Final Boss? 🦍🐊 #shorts,2026-03-23T03:39:28Z,25529,266,25
2026-03-23T14:44:01+00:00,gRNQkeddOeo,UCKjEtnnXEHsXE9IvCb92V7g,“I would light this thing on fire” 🔥🤣,2026-03-23T02:03:26Z,5316,169,5
2026-03-23T14:44:01+00:00,a8PrkqVWt_s,UCKjEtnnXEHsXE9IvCb92V7g,Tony Delk breaks down the difference in the 2025 and 2026 Florida guards. #MarchMadness,2026-03-23T01:13:03Z,2103,9,1
2026-03-23T14:44:31+00:00,25nXjfAtOvc,UCKjEtnnXEHsXE9IvCb92V7g,Press Conference: Louisville vs. Alabama Postgame (2026 Women's Second Round),2026-03-23T13:30:19Z,0,0,
2026-03-23T14:44:31+00:00,q7oYm4P9UKc,UCKjEtnnXEHsXE9IvCb92V7g,100 gorillas vs. Florida Final Boss? 🦍🐊 #shorts,2026-03-23T03:39:28Z,25529,266,25
2026-03-23T14:44:31+00:00,gRNQkeddOeo,UCKjEtnnXEHsXE9IvCb92V7g,“I would light this thing on fire” 🔥🤣,2026-03-23T02:03:26Z,5334,170,5
2026-03-23T14:44:31+00:00,a8PrkqVWt_s,UCKjEtnnXEHsXE9IvCb92V7g,Tony Delk breaks down the difference in the 2025 and 2026 Florida guards. #MarchMadness,2026-03-23T01:13:03Z,2103,9,1
2026-03-23T14:45:02+00:00,25nXjfAtOvc,UCKjEtnnXEHsXE9IvCb92V7g,Press Conference: Louisville vs. Alabama Postgame (2026 Women's Second Round),2026-03-23T13:30:19Z,0,0,
2026-03-23T14:45:02+00:00,q7oYm4P9UKc,UCKjEtnnXEHsXE9IvCb92V7g,100 gorillas vs. Florida Final Boss? 🦍🐊 #shorts,2026-03-23T03:39:28Z,25529,266,25
2026-03-23T14:45:02+00:00,gRNQkeddOeo,UCKjEtnnXEHsXE9IvCb92V7g,“I would light this thing on fire” 🔥🤣,2026-03-23T02:03:26Z,5334,170,5
2026-03-23T14:45:02+00:00,a8PrkqVWt_s,UCKjEtnnXEHsXE9IvCb92V7g,Tony Delk breaks down the difference in the 2025 and 2026 Florida guards. #MarchMadness,2026-03-23T01:13:03Z,2103,9,1
2026-03-23T14:45:33+00:00,25nXjfAtOvc,UCKjEtnnXEHsXE9IvCb92V7g,Press Conference: Louisville vs. Alabama Postgame (2026 Women's Second Round),2026-03-23T13:30:19Z,0,0,
2026-03-23T14:45:33+00:00,q7oYm4P9UKc,UCKjEtnnXEHsXE9IvCb92V7g,100 gorillas vs. Florida Final Boss? 🦍🐊 #shorts,2026-03-23T03:39:28Z,25529,266,25
2026-03-23T14:45:33+00:00,gRNQkeddOeo,UCKjEtnnXEHsXE9IvCb92V7g,“I would light this thing on fire” 🔥🤣,2026-03-23T02:03:26Z,5334,171,5
2026-03-23T14:45:33+00:00,a8PrkqVWt_s,UCKjEtnnXEHsXE9IvCb92V7g,Tony Delk breaks down the difference in the 2025 and 2026 Florida guards. #MarchMadness,2026-03-23T01:13:03Z,2103,9,1
2026-03-23T14:46:04+00:00,25nXjfAtOvc,UCKjEtnnXEHsXE9IvCb92V7g,Press Conference: Louisville vs. Alabama Postgame (2026 Women's Second Round),2026-03-23T13:30:19Z,0,0,
2026-03-23T14:46:04+00:00,q7oYm4P9UKc,UCKjEtnnXEHsXE9IvCb92V7g,100 gorillas vs. Florida Final Boss? 🦍🐊 #shorts,2026-03-23T03:39:28Z,25529,266,25
2026-03-23T14:46:04+00:00,gRNQkeddOeo,UCKjEtnnXEHsXE9IvCb92V7g,“I would light this thing on fire” 🔥🤣,2026-03-23T02:03:26Z,5334,171,5
2026-03-23T14:46:04+00:00,a8PrkqVWt_s,UCKjEtnnXEHsXE9IvCb92V7g,Tony Delk breaks down the difference in the 2025 and 2026 Florida guards. #MarchMadness,2026-03-23T01:13:03Z,2103,9,1
2026-03-23T14:46:34+00:00,25nXjfAtOvc,UCKjEtnnXEHsXE9IvCb92V7g,Press Conference: Louisville vs. Alabama Postgame (2026 Women's Second Round),2026-03-23T13:30:19Z,0,0,
2026-03-23T14:46:34+00:00,q7oYm4P9UKc,UCKjEtnnXEHsXE9IvCb92V7g,100 gorillas vs. Florida Final Boss? 🦍🐊 #shorts,2026-03-23T03:39:28Z,25687,266,25
2026-03-23T14:46:34+00:00,gRNQkeddOeo,UCKjEtnnXEHsXE9IvCb92V7g,“I would light this thing on fire” 🔥🤣,2026-03-23T02:03:26Z,5334,171,5
2026-03-23T14:46:34+00:00,a8PrkqVWt_s,UCKjEtnnXEHsXE9IvCb92V7g,Tony Delk breaks down the difference in the 2025 and 2026 Florida guards. #MarchMadness,2026-03-23T01:13:03Z,2104,9,1
2026-03-23T14:47:05+00:00,25nXjfAtOvc,UCKjEtnnXEHsXE9IvCb92V7g,Press Conference: Louisville vs. Alabama Postgame (2026 Women's Second Round),2026-03-23T13:30:19Z,0,0,
2026-03-23T14:47:05+00:00,q7oYm4P9UKc,UCKjEtnnXEHsXE9IvCb92V7g,100 gorillas vs. Florida Final Boss? 🦍🐊 #shorts,2026-03-23T03:39:28Z,25687,266,25
2026-03-23T14:47:05+00:00,gRNQkeddOeo,UCKjEtnnXEHsXE9IvCb92V7g,“I would light this thing on fire” 🔥🤣,2026-03-23T02:03:26Z,5334,171,5
2026-03-23T14:47:05+00:00,a8PrkqVWt_s,UCKjEtnnXEHsXE9IvCb92V7g,Tony Delk breaks down the difference in the 2025 and 2026 Florida guards. #MarchMadness,2026-03-23T01:13:03Z,2104,9,1
2026-03-23T14:47:36+00:00,25nXjfAtOvc,UCKjEtnnXEHsXE9IvCb92V7g,Press Conference: Louisville vs. Alabama Postgame (2026 Women's Second Round),2026-03-23T13:30:19Z,0,0,
2026-03-23T14:47:36+00:00,q7oYm4P9UKc,UCKjEtnnXEHsXE9IvCb92V7g,100 gorillas vs. Florida Final Boss? 🦍🐊 #shorts,2026-03-23T03:39:28Z,25689,266,25
2026-03-23T14:47:36+00:00,gRNQkeddOeo,UCKjEtnnXEHsXE9IvCb92V7g,“I would light this thing on fire” 🔥🤣,2026-03-23T02:03:26Z,5334,171,5
2026-03-23T14:47:36+00:00,a8PrkqVWt_s,UCKjEtnnXEHsXE9IvCb92V7g,Tony Delk breaks down the difference in the 2025 and 2026 Florida guards. #MarchMadness,2026-03-23T01:13:03Z,2104,9,1
2026-03-23T14:48:07+00:00,25nXjfAtOvc,UCKjEtnnXEHsXE9IvCb92V7g,Press Conference: Louisville vs. Alabama Postgame (2026 Women's Second Round),2026-03-23T13:30:19Z,0,0,
2026-03-23T14:48:07+00:00,q7oYm4P9UKc,UCKjEtnnXEHsXE9IvCb92V7g,100 gorillas vs. Florida Final Boss? 🦍🐊 #shorts,2026-03-23T03:39:28Z,25689,266,25
2026-03-23T14:48:07+00:00,gRNQkeddOeo,UCKjEtnnXEHsXE9IvCb92V7g,“I would light this thing on fire” 🔥🤣,2026-03-23T02:03:26Z,5334,171,5
2026-03-23T14:48:07+00:00,a8PrkqVWt_s,UCKjEtnnXEHsXE9IvCb92V7g,Tony Delk breaks down the difference in the 2025 and 2026 Florida guards. #MarchMadness,2026-03-23T01:13:03Z,2104,9,1
2026-03-23T14:48:38+00:00,25nXjfAtOvc,UCKjEtnnXEHsXE9IvCb92V7g,Press Conference: Louisville vs. Alabama Postgame (2026 Women's Second Round),2026-03-23T13:30:19Z,0,0,
2026-03-23T14:48:38+00:00,q7oYm4P9UKc,UCKjEtnnXEHsXE9IvCb92V7g,100 gorillas vs. Florida Final Boss? 🦍🐊 #shorts,2026-03-23T03:39:28Z,25689,266,25
2026-03-23T14:48:38+00:00,gRNQkeddOeo,UCKjEtnnXEHsXE9IvCb92V7g,“I would light this thing on fire” 🔥🤣,2026-03-23T02:03:26Z,5334,171,5
2026-03-23T14:48:38+00:00,a8PrkqVWt_s,UCKjEtnnXEHsXE9IvCb92V7g,Tony Delk breaks down the difference in the 2025 and 2026 Florida guards. #MarchMadness,2026-03-23T01:13:03Z,2104,9,1
2026-03-23T14:49:08+00:00,25nXjfAtOvc,UCKjEtnnXEHsXE9IvCb92V7g,Press Conference: Louisville vs. Alabama Postgame (2026 Women's Second Round),2026-03-23T13:30:19Z,0,0,
2026-03-23T14:49:08+00:00,q7oYm4P9UKc,UCKjEtnnXEHsXE9IvCb92V7g,100 gorillas vs. Florida Final Boss? 🦍🐊 #shorts,2026-03-23T03:39:28Z,25689,266,25
2026-03-23T14:49:08+00:00,gRNQkeddOeo,UCKjEtnnXEHsXE9IvCb92V7g,“I would light this thing on fire” 🔥🤣,2026-03-23T02:03:26Z,5344,171,5
2026-03-23T14:49:08+00:00,a8PrkqVWt_s,UCKjEtnnXEHsXE9IvCb92V7g,Tony Delk breaks down the difference in the 2025 and 2026 Florida guards. #MarchMadness,2026-03-23T01:13:03Z,2104,9,1
2026-03-23T14:49:38+00:00,25nXjfAtOvc,UCKjEtnnXEHsXE9IvCb92V7g,Press Conference: Louisville vs. Alabama Postgame (2026 Women's Second Round),2026-03-23T13:30:19Z,0,0,
2026-03-23T14:49:38+00:00,q7oYm4P9UKc,UCKjEtnnXEHsXE9IvCb92V7g,100 gorillas vs. Florida Final Boss? 🦍🐊 #shorts,2026-03-23T03:39:28Z,25689,266,25
2026-03-23T14:49:38+00:00,gRNQkeddOeo,UCKjEtnnXEHsXE9IvCb92V7g,“I would light this thing on fire” 🔥🤣,2026-03-23T02:03:26Z,5344,171,5
2026-03-23T14:49:38+00:00,a8PrkqVWt_s,UCKjEtnnXEHsXE9IvCb92V7g,Tony Delk breaks down the difference in the 2025 and 2026 Florida guards. #MarchMadness,2026-03-23T01:13:03Z,2104,9,1
2026-03-23T14:50:08+00:00,25nXjfAtOvc,UCKjEtnnXEHsXE9IvCb92V7g,Press Conference: Louisville vs. Alabama Postgame (2026 Women's Second Round),2026-03-23T13:30:19Z,0,0,
2026-03-23T14:50:08+00:00,q7oYm4P9UKc,UCKjEtnnXEHsXE9IvCb92V7g,100 gorillas vs. Florida Final Boss? 🦍🐊 #shorts,2026-03-23T03:39:28Z,25689,266,25
2026-03-23T14:50:08+00:00,gRNQkeddOeo,UCKjEtnnXEHsXE9IvCb92V7g,“I would light this thing on fire” 🔥🤣,2026-03-23T02:03:26Z,5344,171,5
2026-03-23T14:50:08+00:00,a8PrkqVWt_s,UCKjEtnnXEHsXE9IvCb92V7g,Tony Delk breaks down the difference in the 2025 and 2026 Florida guards. #MarchMadness,2026-03-23T01:13:03Z,2104,9,1
2026-03-23T14:50:39+00:00,25nXjfAtOvc,UCKjEtnnXEHsXE9IvCb92V7g,Press Conference: Louisville vs. Alabama Postgame (2026 Women's Second Round),2026-03-23T13:30:19Z,0,0,
2026-03-23T14:50:39+00:00,q7oYm4P9UKc,UCKjEtnnXEHsXE9IvCb92V7g,100 gorillas vs. Florida Final Boss? 🦍🐊 #shorts,2026-03-23T03:39:28Z,25689,266,25
2026-03-23T14:50:39+00:00,gRNQkeddOeo,UCKjEtnnXEHsXE9IvCb92V7g,“I would light this thing on fire” 🔥🤣,2026-03-23T02:03:26Z,5344,171,5
2026-03-23T14:50:39+00:00,a8PrkqVWt_s,UCKjEtnnXEHsXE9IvCb92V7g,Tony Delk breaks down the difference in the 2025 and 2026 Florida guards. #MarchMadness,2026-03-23T01:13:03Z,2104,9,1
2026-03-23T14:51:10+00:00,25nXjfAtOvc,UCKjEtnnXEHsXE9IvCb92V7g,Press Conference: Louisville vs. Alabama Postgame (2026 Women's Second Round),2026-03-23T13:30:19Z,0,0,
2026-03-23T14:51:10+00:00,q7oYm4P9UKc,UCKjEtnnXEHsXE9IvCb92V7g,100 gorillas vs. Florida Final Boss? 🦍🐊 #shorts,2026-03-23T03:39:28Z,25822,266,25
2026-03-23T14:51:10+00:00,gRNQkeddOeo,UCKjEtnnXEHsXE9IvCb92V7g,“I would light this thing on fire” 🔥🤣,2026-03-23T02:03:26Z,5344,171,5
2026-03-23T14:51:10+00:00,a8PrkqVWt_s,UCKjEtnnXEHsXE9IvCb92V7g,Tony Delk breaks down the difference in the 2025 and 2026 Florida guards. #MarchMadness,2026-03-23T01:13:03Z,2104,9,1
2026-03-23T14:51:41+00:00,25nXjfAtOvc,UCKjEtnnXEHsXE9IvCb92V7g,Press Conference: Louisville vs. Alabama Postgame (2026 Women's Second Round),2026-03-23T13:30:19Z,0,0,
2026-03-23T14:51:41+00:00,q7oYm4P9UKc,UCKjEtnnXEHsXE9IvCb92V7g,100 gorillas vs. Florida Final Boss? 🦍🐊 #shorts,2026-03-23T03:39:28Z,25822,266,25
2026-03-23T14:51:41+00:00,gRNQkeddOeo,UCKjEtnnXEHsXE9IvCb92V7g,“I would light this thing on fire” 🔥🤣,2026-03-23T02:03:26Z,5345,171,5
2026-03-23T14:51:41+00:00,a8PrkqVWt_s,UCKjEtnnXEHsXE9IvCb92V7g,Tony Delk breaks down the difference in the 2025 and 2026 Florida guards. #MarchMadness,2026-03-23T01:13:03Z,2096,9,1
2026-03-23T14:52:11+00:00,25nXjfAtOvc,UCKjEtnnXEHsXE9IvCb92V7g,Press Conference: Louisville vs. Alabama Postgame (2026 Women's Second Round),2026-03-23T13:30:19Z,0,0,
2026-03-23T14:52:11+00:00,q7oYm4P9UKc,UCKjEtnnXEHsXE9IvCb92V7g,100 gorillas vs. Florida Final Boss? 🦍🐊 #shorts,2026-03-23T03:39:28Z,25829,266,25
2026-03-23T14:52:11+00:00,gRNQkeddOeo,UCKjEtnnXEHsXE9IvCb92V7g,“I would light this thing on fire” 🔥🤣,2026-03-23T02:03:26Z,5345,172,5
2026-03-23T14:52:11+00:00,a8PrkqVWt_s,UCKjEtnnXEHsXE9IvCb92V7g,Tony Delk breaks down the difference in the 2025 and 2026 Florida guards. #MarchMadness,2026-03-23T01:13:03Z,2096,9,1
2026-03-23T14:52:42+00:00,25nXjfAtOvc,UCKjEtnnXEHsXE9IvCb92V7g,Press Conference: Louisville vs. Alabama Postgame (2026 Women's Second Round),2026-03-23T13:30:19Z,0,0,
2026-03-23T14:52:42+00:00,q7oYm4P9UKc,UCKjEtnnXEHsXE9IvCb92V7g,100 gorillas vs. Florida Final Boss? 🦍🐊 #shorts,2026-03-23T03:39:28Z,25829,266,25
2026-03-23T14:52:42+00:00,gRNQkeddOeo,UCKjEtnnXEHsXE9IvCb92V7g,“I would light this thing on fire” 🔥🤣,2026-03-23T02:03:26Z,5345,172,5
2026-03-23T14:52:42+00:00,a8PrkqVWt_s,UCKjEtnnXEHsXE9IvCb92V7g,Tony Delk breaks down the difference in the 2025 and 2026 Florida guards. #MarchMadness,2026-03-23T01:13:03Z,2096,9,1
2026-03-23T14:53:13+00:00,25nXjfAtOvc,UCKjEtnnXEHsXE9IvCb92V7g,Press Conference: Louisville vs. Alabama Postgame (2026 Women's Second Round),2026-03-23T13:30:19Z,0,0,
2026-03-23T14:53:13+00:00,q7oYm4P9UKc,UCKjEtnnXEHsXE9IvCb92V7g,100 gorillas vs. Florida Final Boss? 🦍🐊 #shorts,2026-03-23T03:39:28Z,25829,266,25
2026-03-23T14:53:13+00:00,gRNQkeddOeo,UCKjEtnnXEHsXE9IvCb92V7g,“I would light this thing on fire” 🔥🤣,2026-03-23T02:03:26Z,5345,172,5
2026-03-23T14:53:13+00:00,a8PrkqVWt_s,UCKjEtnnXEHsXE9IvCb92V7g,Tony Delk breaks down the difference in the 2025 and 2026 Florida guards. #MarchMadness,2026-03-23T01:13:03Z,2096,9,1
2026-03-23T14:53:44+00:00,25nXjfAtOvc,UCKjEtnnXEHsXE9IvCb92V7g,Press Conference: Louisville vs. Alabama Postgame (2026 Women's Second Round),2026-03-23T13:30:19Z,0,0,
2026-03-23T14:53:44+00:00,q7oYm4P9UKc,UCKjEtnnXEHsXE9IvCb92V7g,100 gorillas vs. Florida Final Boss? 🦍🐊 #shorts,2026-03-23T03:39:28Z,25829,266,25
2026-03-23T14:53:44+00:00,gRNQkeddOeo,UCKjEtnnXEHsXE9IvCb92V7g,“I would light this thing on fire” 🔥🤣,2026-03-23T02:03:26Z,5345,172,5
2026-03-23T14:53:44+00:00,a8PrkqVWt_s,UCKjEtnnXEHsXE9IvCb92V7g,Tony Delk breaks down the difference in the 2025 and 2026 Florida guards. #MarchMadness,2026-03-23T01:13:03Z,2096,9,1
2026-03-23T14:54:15+00:00,25nXjfAtOvc,UCKjEtnnXEHsXE9IvCb92V7g,Press Conference: Louisville vs. Alabama Postgame (2026 Women's Second Round),2026-03-23T13:30:19Z,0,0,
2026-03-23T14:54:15+00:00,q7oYm4P9UKc,UCKjEtnnXEHsXE9IvCb92V7g,100 gorillas vs. Florida Final Boss? 🦍🐊 #shorts,2026-03-23T03:39:28Z,25829,267,25
2026-03-23T14:54:15+00:00,gRNQkeddOeo,UCKjEtnnXEHsXE9IvCb92V7g,“I would light this thing on fire” 🔥🤣,2026-03-23T02:03:26Z,5375,172,5
2026-03-23T14:54:15+00:00,a8PrkqVWt_s,UCKjEtnnXEHsXE9IvCb92V7g,Tony Delk breaks down the difference in the 2025 and 2026 Florida guards. #MarchMadness,2026-03-23T01:13:03Z,2096,9,1
2026-03-23T14:54:45+00:00,25nXjfAtOvc,UCKjEtnnXEHsXE9IvCb92V7g,Press Conference: Louisville vs. Alabama Postgame (2026 Women's Second Round),2026-03-23T13:30:19Z,0,0,
2026-03-23T14:54:45+00:00,q7oYm4P9UKc,UCKjEtnnXEHsXE9IvCb92V7g,100 gorillas vs. Florida Final Boss? 🦍🐊 #shorts,2026-03-23T03:39:28Z,25829,267,25
2026-03-23T14:54:45+00:00,gRNQkeddOeo,UCKjEtnnXEHsXE9IvCb92V7g,“I would light this thing on fire” 🔥🤣,2026-03-23T02:03:26Z,5375,172,5
2026-03-23T14:54:45+00:00,a8PrkqVWt_s,UCKjEtnnXEHsXE9IvCb92V7g,Tony Delk breaks down the difference in the 2025 and 2026 Florida guards. #MarchMadness,2026-03-23T01:13:03Z,2096,9,1
2026-03-23T14:55:16+00:00,25nXjfAtOvc,UCKjEtnnXEHsXE9IvCb92V7g,Press Conference: Louisville vs. Alabama Postgame (2026 Women's Second Round),2026-03-23T13:30:19Z,0,0,
2026-03-23T14:55:16+00:00,q7oYm4P9UKc,UCKjEtnnXEHsXE9IvCb92V7g,100 gorillas vs. Florida Final Boss? 🦍🐊 #shorts,2026-03-23T03:39:28Z,25829,267,25
2026-03-23T14:55:16+00:00,gRNQkeddOeo,UCKjEtnnXEHsXE9IvCb92V7g,“I would light this thing on fire” 🔥🤣,2026-03-23T02:03:26Z,5375,172,5
2026-03-23T14:55:16+00:00,a8PrkqVWt_s,UCKjEtnnXEHsXE9IvCb92V7g,Tony Delk breaks down the difference in the 2025 and 2026 Florida guards. #MarchMadness,2026-03-23T01:13:03Z,2096,9,1
2026-03-23T14:55:47+00:00,25nXjfAtOvc,UCKjEtnnXEHsXE9IvCb92V7g,Press Conference: Louisville vs. Alabama Postgame (2026 Women's Second Round),2026-03-23T13:30:19Z,0,0,
2026-03-23T14:55:47+00:00,q7oYm4P9UKc,UCKjEtnnXEHsXE9IvCb92V7g,100 gorillas vs. Florida Final Boss? 🦍🐊 #shorts,2026-03-23T03:39:28Z,25829,268,26
2026-03-23T14:55:47+00:00,gRNQkeddOeo,UCKjEtnnXEHsXE9IvCb92V7g,“I would light this thing on fire” 🔥🤣,2026-03-23T02:03:26Z,5375,172,5
2026-03-23T14:55:47+00:00,a8PrkqVWt_s,UCKjEtnnXEHsXE9IvCb92V7g,Tony Delk breaks down the difference in the 2025 and 2026 Florida guards. #MarchMadness,2026-03-23T01:13:03Z,2096,9,1
2026-03-23T14:56:17+00:00,25nXjfAtOvc,UCKjEtnnXEHsXE9IvCb92V7g,Press Conference: Louisville vs. Alabama Postgame (2026 Women's Second Round),2026-03-23T13:30:19Z,0,0,
2026-03-23T14:56:17+00:00,q7oYm4P9UKc,UCKjEtnnXEHsXE9IvCb92V7g,100 gorillas vs. Florida Final Boss? 🦍🐊 #shorts,2026-03-23T03:39:28Z,26092,269,27
2026-03-23T14:56:17+00:00,gRNQkeddOeo,UCKjEtnnXEHsXE9IvCb92V7g,“I would light this thing on fire” 🔥🤣,2026-03-23T02:03:26Z,5375,173,5
2026-03-23T14:56:17+00:00,a8PrkqVWt_s,UCKjEtnnXEHsXE9IvCb92V7g,Tony Delk breaks down the difference in the 2025 and 2026 Florida guards. #MarchMadness,2026-03-23T01:13:03Z,2099,9,1
2026-03-23T14:56:47+00:00,25nXjfAtOvc,UCKjEtnnXEHsXE9IvCb92V7g,Press Conference: Louisville vs. Alabama Postgame (2026 Women's Second Round),2026-03-23T13:30:19Z,0,0,
2026-03-23T14:56:47+00:00,q7oYm4P9UKc,UCKjEtnnXEHsXE9IvCb92V7g,100 gorillas vs. Florida Final Boss? 🦍🐊 #shorts,2026-03-23T03:39:28Z,26106,269,28
2026-03-23T14:56:47+00:00,gRNQkeddOeo,UCKjEtnnXEHsXE9IvCb92V7g,“I would light this thing on fire” 🔥🤣,2026-03-23T02:03:26Z,5375,173,5
2026-03-23T14:56:47+00:00,a8PrkqVWt_s,UCKjEtnnXEHsXE9IvCb92V7g,Tony Delk breaks down the difference in the 2025 and 2026 Florida guards. #MarchMadness,2026-03-23T01:13:03Z,2099,9,1
2026-03-23T14:57:18+00:00,25nXjfAtOvc,UCKjEtnnXEHsXE9IvCb92V7g,Press Conference: Louisville vs. Alabama Postgame (2026 Women's Second Round),2026-03-23T13:30:19Z,0,0,
2026-03-23T14:57:18+00:00,q7oYm4P9UKc,UCKjEtnnXEHsXE9IvCb92V7g,100 gorillas vs. Florida Final Boss? 🦍🐊 #shorts,2026-03-23T03:39:28Z,26106,269,28
2026-03-23T14:57:18+00:00,gRNQkeddOeo,UCKjEtnnXEHsXE9IvCb92V7g,“I would light this thing on fire” 🔥🤣,2026-03-23T02:03:26Z,5375,173,5
2026-03-23T14:57:18+00:00,a8PrkqVWt_s,UCKjEtnnXEHsXE9IvCb92V7g,Tony Delk breaks down the difference in the 2025 and 2026 Florida guards. #MarchMadness,2026-03-23T01:13:03Z,2099,9,1
2026-03-23T14:57:49+00:00,25nXjfAtOvc,UCKjEtnnXEHsXE9IvCb92V7g,Press Conference: Louisville vs. Alabama Postgame (2026 Women's Second Round),2026-03-23T13:30:19Z,0,0,
2026-03-23T14:57:49+00:00,q7oYm4P9UKc,UCKjEtnnXEHsXE9IvCb92V7g,100 gorillas vs. Florida Final Boss? 🦍🐊 #shorts,2026-03-23T03:39:28Z,26106,270,28
2026-03-23T14:57:49+00:00,gRNQkeddOeo,UCKjEtnnXEHsXE9IvCb92V7g,“I would light this thing on fire” 🔥🤣,2026-03-23T02:03:26Z,5375,174,5
2026-03-23T14:57:49+00:00,a8PrkqVWt_s,UCKjEtnnXEHsXE9IvCb92V7g,Tony Delk breaks down the difference in the 2025 and 2026 Florida guards. #MarchMadness,2026-03-23T01:13:03Z,2099,9,1
2026-03-23T14:58:20+00:00,25nXjfAtOvc,UCKjEtnnXEHsXE9IvCb92V7g,Press Conference: Louisville vs. Alabama Postgame (2026 Women's Second Round),2026-03-23T13:30:19Z,0,0,
2026-03-23T14:58:20+00:00,q7oYm4P9UKc,UCKjEtnnXEHsXE9IvCb92V7g,100 gorillas vs. Florida Final Boss? 🦍🐊 #shorts,2026-03-23T03:39:28Z,26106,270,28
2026-03-23T14:58:20+00:00,gRNQkeddOeo,UCKjEtnnXEHsXE9IvCb92V7g,“I would light this thing on fire” 🔥🤣,2026-03-23T02:03:26Z,5375,174,5
2026-03-23T14:58:20+00:00,a8PrkqVWt_s,UCKjEtnnXEHsXE9IvCb92V7g,Tony Delk breaks down the difference in the 2025 and 2026 Florida guards. #MarchMadness,2026-03-23T01:13:03Z,2099,9,1
2026-03-23T14:58:51+00:00,25nXjfAtOvc,UCKjEtnnXEHsXE9IvCb92V7g,Press Conference: Louisville vs. Alabama Postgame (2026 Women's Second Round),2026-03-23T13:30:19Z,0,0,
2026-03-23T14:58:51+00:00,q7oYm4P9UKc,UCKjEtnnXEHsXE9IvCb92V7g,100 gorillas vs. Florida Final Boss? 🦍🐊 #shorts,2026-03-23T03:39:28Z,26106,270,28
2026-03-23T14:58:51+00:00,gRNQkeddOeo,UCKjEtnnXEHsXE9IvCb92V7g,“I would light this thing on fire” 🔥🤣,2026-03-23T02:03:26Z,5375,174,5
2026-03-23T14:58:51+00:00,a8PrkqVWt_s,UCKjEtnnXEHsXE9IvCb92V7g,Tony Delk breaks down the difference in the 2025 and 2026 Florida guards. #MarchMadness,2026-03-23T01:13:03Z,2099,9,1
2026-03-23T14:59:22+00:00,25nXjfAtOvc,UCKjEtnnXEHsXE9IvCb92V7g,Press Conference: Louisville vs. Alabama Postgame (2026 Women's Second Round),2026-03-23T13:30:19Z,0,0,
2026-03-23T14:59:22+00:00,q7oYm4P9UKc,UCKjEtnnXEHsXE9IvCb92V7g,100 gorillas vs. Florida Final Boss? 🦍🐊 #shorts,2026-03-23T03:39:28Z,26106,270,28
2026-03-23T14:59:22+00:00,gRNQkeddOeo,UCKjEtnnXEHsXE9IvCb92V7g,“I would light this thing on fire” 🔥🤣,2026-03-23T02:03:26Z,5417,174,5
2026-03-23T14:59:22+00:00,a8PrkqVWt_s,UCKjEtnnXEHsXE9IvCb92V7g,Tony Delk breaks down the difference in the 2025 and 2026 Florida guards. #MarchMadness,2026-03-23T01:13:03Z,2099,9,1
2026-03-23T14:59:53+00:00,25nXjfAtOvc,UCKjEtnnXEHsXE9IvCb92V7g,Press Conference: Louisville vs. Alabama Postgame (2026 Women's Second Round),2026-03-23T13:30:19Z,0,0,
2026-03-23T14:59:53+00:00,q7oYm4P9UKc,UCKjEtnnXEHsXE9IvCb92V7g,100 gorillas vs. Florida Final Boss? 🦍🐊 #shorts,2026-03-23T03:39:28Z,26106,270,28
2026-03-23T14:59:53+00:00,gRNQkeddOeo,UCKjEtnnXEHsXE9IvCb92V7g,“I would light this thing on fire” 🔥🤣,2026-03-23T02:03:26Z,5417,174,5
2026-03-23T14:59:53+00:00,a8PrkqVWt_s,UCKjEtnnXEHsXE9IvCb92V7g,Tony Delk breaks down the difference in the 2025 and 2026 Florida guards. #MarchMadness,2026-03-23T01:13:03Z,2099,9,1
2026-03-23T15:00:24+00:00,25nXjfAtOvc,UCKjEtnnXEHsXE9IvCb92V7g,Press Conference: Louisville vs. Alabama Postgame (2026 Women's Second Round),2026-03-23T13:30:19Z,0,0,
2026-03-23T15:00:24+00:00,q7oYm4P9UKc,UCKjEtnnXEHsXE9IvCb92V7g,100 gorillas vs. Florida Final Boss? 🦍🐊 #shorts,2026-03-23T03:39:28Z,26106,270,28
2026-03-23T15:00:24+00:00,gRNQkeddOeo,UCKjEtnnXEHsXE9IvCb92V7g,“I would light this thing on fire” 🔥🤣,2026-03-23T02:03:26Z,5417,174,5
2026-03-23T15:00:24+00:00,a8PrkqVWt_s,UCKjEtnnXEHsXE9IvCb92V7g,Tony Delk breaks down the difference in the 2025 and 2026 Florida guards. #MarchMadness,2026-03-23T01:13:03Z,2099,9,1
2026-03-23T15:00:55+00:00,25nXjfAtOvc,UCKjEtnnXEHsXE9IvCb92V7g,Press Conference: Louisville vs. Alabama Postgame (2026 Women's Second Round),2026-03-23T13:30:19Z,0,0,
2026-03-23T15:00:55+00:00,q7oYm4P9UKc,UCKjEtnnXEHsXE9IvCb92V7g,100 gorillas vs. Florida Final Boss? 🦍🐊 #shorts,2026-03-23T03:39:28Z,26106,270,28
2026-03-23T15:00:55+00:00,gRNQkeddOeo,UCKjEtnnXEHsXE9IvCb92V7g,“I would light this thing on fire” 🔥🤣,2026-03-23T02:03:26Z,5417,174,5
2026-03-23T15:00:55+00:00,a8PrkqVWt_s,UCKjEtnnXEHsXE9IvCb92V7g,Tony Delk breaks down the difference in the 2025 and 2026 Florida guards. #MarchMadness,2026-03-23T01:13:03Z,2099,9,1
2026-03-23T15:01:25+00:00,25nXjfAtOvc,UCKjEtnnXEHsXE9IvCb92V7g,Press Conference: Louisville vs. Alabama Postgame (2026 Women's Second Round),2026-03-23T13:30:19Z,0,0,
2026-03-23T15:01:25+00:00,q7oYm4P9UKc,UCKjEtnnXEHsXE9IvCb92V7g,100 gorillas vs. Florida Final Boss? 🦍🐊 #shorts,2026-03-23T03:39:28Z,26413,270,28
2026-03-23T15:01:25+00:00,gRNQkeddOeo,UCKjEtnnXEHsXE9IvCb92V7g,“I would light this thing on fire” 🔥🤣,2026-03-23T02:03:26Z,5417,174,5
2026-03-23T15:01:25+00:00,a8PrkqVWt_s,UCKjEtnnXEHsXE9IvCb92V7g,Tony Delk breaks down the difference in the 2025 and 2026 Florida guards. #MarchMadness,2026-03-23T01:13:03Z,2101,9,1
2026-03-23T15:01:55+00:00,25nXjfAtOvc,UCKjEtnnXEHsXE9IvCb92V7g,Press Conference: Louisville vs. Alabama Postgame (2026 Women's Second Round),2026-03-23T13:30:19Z,0,0,
2026-03-23T15:01:55+00:00,q7oYm4P9UKc,UCKjEtnnXEHsXE9IvCb92V7g,100 gorillas vs. Florida Final Boss? 🦍🐊 #shorts,2026-03-23T03:39:28Z,26413,270,28
2026-03-23T15:01:55+00:00,gRNQkeddOeo,UCKjEtnnXEHsXE9IvCb92V7g,“I would light this thing on fire” 🔥🤣,2026-03-23T02:03:26Z,5417,173,5
2026-03-23T15:01:55+00:00,a8PrkqVWt_s,UCKjEtnnXEHsXE9IvCb92V7g,Tony Delk breaks down the difference in the 2025 and 2026 Florida guards. #MarchMadness,2026-03-23T01:13:03Z,2101,9,1
2026-03-23T15:02:26+00:00,25nXjfAtOvc,UCKjEtnnXEHsXE9IvCb92V7g,Press Conference: Louisville vs. Alabama Postgame (2026 Women's Second Round),2026-03-23T13:30:19Z,0,0,
2026-03-23T15:02:26+00:00,q7oYm4P9UKc,UCKjEtnnXEHsXE9IvCb92V7g,100 gorillas vs. Florida Final Boss? 🦍🐊 #shorts,2026-03-23T03:39:28Z,26425,270,28
2026-03-23T15:02:26+00:00,gRNQkeddOeo,UCKjEtnnXEHsXE9IvCb92V7g,“I would light this thing on fire” 🔥🤣,2026-03-23T02:03:26Z,5417,173,5
2026-03-23T15:02:26+00:00,a8PrkqVWt_s,UCKjEtnnXEHsXE9IvCb92V7g,Tony Delk breaks down the difference in the 2025 and 2026 Florida guards. #MarchMadness,2026-03-23T01:13:03Z,2101,9,1
2026-03-23T15:02:56+00:00,25nXjfAtOvc,UCKjEtnnXEHsXE9IvCb92V7g,Press Conference: Louisville vs. Alabama Postgame (2026 Women's Second Round),2026-03-23T13:30:19Z,0,0,
2026-03-23T15:02:56+00:00,q7oYm4P9UKc,UCKjEtnnXEHsXE9IvCb92V7g,100 gorillas vs. Florida Final Boss? 🦍🐊 #shorts,2026-03-23T03:39:28Z,26425,270,28
2026-03-23T15:02:56+00:00,gRNQkeddOeo,UCKjEtnnXEHsXE9IvCb92V7g,“I would light this thing on fire” 🔥🤣,2026-03-23T02:03:26Z,5417,173,5
2026-03-23T15:02:56+00:00,a8PrkqVWt_s,UCKjEtnnXEHsXE9IvCb92V7g,Tony Delk breaks down the difference in the 2025 and 2026 Florida guards. #MarchMadness,2026-03-23T01:13:03Z,2101,9,1
2026-03-23T15:03:26+00:00,25nXjfAtOvc,UCKjEtnnXEHsXE9IvCb92V7g,Press Conference: Louisville vs. Alabama Postgame (2026 Women's Second Round),2026-03-23T13:30:19Z,0,0,
2026-03-23T15:03:26+00:00,q7oYm4P9UKc,UCKjEtnnXEHsXE9IvCb92V7g,100 gorillas vs. Florida Final Boss? 🦍🐊 #shorts,2026-03-23T03:39:28Z,26425,270,28
2026-03-23T15:03:26+00:00,gRNQkeddOeo,UCKjEtnnXEHsXE9IvCb92V7g,“I would light this thing on fire” 🔥🤣,2026-03-23T02:03:26Z,5417,173,5
2026-03-23T15:03:26+00:00,a8PrkqVWt_s,UCKjEtnnXEHsXE9IvCb92V7g,Tony Delk breaks down the difference in the 2025 and 2026 Florida guards. #MarchMadness,2026-03-23T01:13:03Z,2101,9,1
2026-03-23T15:03:57+00:00,25nXjfAtOvc,UCKjEtnnXEHsXE9IvCb92V7g,Press Conference: Louisville vs. Alabama Postgame (2026 Women's Second Round),2026-03-23T13:30:19Z,0,0,
2026-03-23T15:03:57+00:00,q7oYm4P9UKc,UCKjEtnnXEHsXE9IvCb92V7g,100 gorillas vs. Florida Final Boss? 🦍🐊 #shorts,2026-03-23T03:39:28Z,26425,270,28
2026-03-23T15:03:57+00:00,gRNQkeddOeo,UCKjEtnnXEHsXE9IvCb92V7g,“I would light this thing on fire” 🔥🤣,2026-03-23T02:03:26Z,5417,173,5
2026-03-23T15:03:57+00:00,a8PrkqVWt_s,UCKjEtnnXEHsXE9IvCb92V7g,Tony Delk breaks down the difference in the 2025 and 2026 Florida guards. #MarchMadness,2026-03-23T01:13:03Z,2101,9,1
2026-03-23T15:04:28+00:00,25nXjfAtOvc,UCKjEtnnXEHsXE9IvCb92V7g,Press Conference: Louisville vs. Alabama Postgame (2026 Women's Second Round),2026-03-23T13:30:19Z,0,0,
2026-03-23T15:04:28+00:00,q7oYm4P9UKc,UCKjEtnnXEHsXE9IvCb92V7g,100 gorillas vs. Florida Final Boss? 🦍🐊 #shorts,2026-03-23T03:39:28Z,26425,270,28
2026-03-23T15:04:28+00:00,gRNQkeddOeo,UCKjEtnnXEHsXE9IvCb92V7g,“I would light this thing on fire” 🔥🤣,2026-03-23T02:03:26Z,5438,174,5
2026-03-23T15:04:28+00:00,a8PrkqVWt_s,UCKjEtnnXEHsXE9IvCb92V7g,Tony Delk breaks down the difference in the 2025 and 2026 Florida guards. #MarchMadness,2026-03-23T01:13:03Z,2101,9,1
2026-03-23T15:04:59+00:00,25nXjfAtOvc,UCKjEtnnXEHsXE9IvCb92V7g,Press Conference: Louisville vs. Alabama Postgame (2026 Women's Second Round),2026-03-23T13:30:19Z,0,0,
2026-03-23T15:04:59+00:00,q7oYm4P9UKc,UCKjEtnnXEHsXE9IvCb92V7g,100 gorillas vs. Florida Final Boss? 🦍🐊 #shorts,2026-03-23T03:39:28Z,26425,271,28
2026-03-23T15:04:59+00:00,gRNQkeddOeo,UCKjEtnnXEHsXE9IvCb92V7g,“I would light this thing on fire” 🔥🤣,2026-03-23T02:03:26Z,5438,174,5
2026-03-23T15:04:59+00:00,a8PrkqVWt_s,UCKjEtnnXEHsXE9IvCb92V7g,Tony Delk breaks down the difference in the 2025 and 2026 Florida guards. #MarchMadness,2026-03-23T01:13:03Z,2101,9,1
2026-03-23T15:05:30+00:00,25nXjfAtOvc,UCKjEtnnXEHsXE9IvCb92V7g,Press Conference: Louisville vs. Alabama Postgame (2026 Women's Second Round),2026-03-23T13:30:19Z,0,0,
2026-03-23T15:05:30+00:00,q7oYm4P9UKc,UCKjEtnnXEHsXE9IvCb92V7g,100 gorillas vs. Florida Final Boss? 🦍🐊 #shorts,2026-03-23T03:39:28Z,26425,272,29
2026-03-23T15:05:30+00:00,gRNQkeddOeo,UCKjEtnnXEHsXE9IvCb92V7g,“I would light this thing on fire” 🔥🤣,2026-03-23T02:03:26Z,5438,174,5
2026-03-23T15:05:30+00:00,a8PrkqVWt_s,UCKjEtnnXEHsXE9IvCb92V7g,Tony Delk breaks down the difference in the 2025 and 2026 Florida guards. #MarchMadness,2026-03-23T01:13:03Z,2101,9,1
2026-03-23T15:06:00+00:00,25nXjfAtOvc,UCKjEtnnXEHsXE9IvCb92V7g,Press Conference: Louisville vs. Alabama Postgame (2026 Women's Second Round),2026-03-23T13:30:19Z,0,0,
2026-03-23T15:06:00+00:00,q7oYm4P9UKc,UCKjEtnnXEHsXE9IvCb92V7g,100 gorillas vs. Florida Final Boss? 🦍🐊 #shorts,2026-03-23T03:39:28Z,26425,272,29
2026-03-23T15:06:00+00:00,gRNQkeddOeo,UCKjEtnnXEHsXE9IvCb92V7g,“I would light this thing on fire” 🔥🤣,2026-03-23T02:03:26Z,5438,174,5
2026-03-23T15:06:00+00:00,a8PrkqVWt_s,UCKjEtnnXEHsXE9IvCb92V7g,Tony Delk breaks down the difference in the 2025 and 2026 Florida guards. #MarchMadness,2026-03-23T01:13:03Z,2101,9,1
2026-03-23T15:06:31+00:00,25nXjfAtOvc,UCKjEtnnXEHsXE9IvCb92V7g,Press Conference: Louisville vs. Alabama Postgame (2026 Women's Second Round),2026-03-23T13:30:19Z,0,0,
2026-03-23T15:06:31+00:00,q7oYm4P9UKc,UCKjEtnnXEHsXE9IvCb92V7g,100 gorillas vs. Florida Final Boss? 🦍🐊 #shorts,2026-03-23T03:39:28Z,26425,272,29
2026-03-23T15:06:31+00:00,gRNQkeddOeo,UCKjEtnnXEHsXE9IvCb92V7g,“I would light this thing on fire” 🔥🤣,2026-03-23T02:03:26Z,5438,174,5
2026-03-23T15:06:31+00:00,a8PrkqVWt_s,UCKjEtnnXEHsXE9IvCb92V7g,Tony Delk breaks down the difference in the 2025 and 2026 Florida guards. #MarchMadness,2026-03-23T01:13:03Z,2101,9,1
2026-03-23T15:07:02+00:00,25nXjfAtOvc,UCKjEtnnXEHsXE9IvCb92V7g,Press Conference: Louisville vs. Alabama Postgame (2026 Women's Second Round),2026-03-23T13:30:19Z,0,0,
2026-03-23T15:07:02+00:00,q7oYm4P9UKc,UCKjEtnnXEHsXE9IvCb92V7g,100 gorillas vs. Florida Final Boss? 🦍🐊 #shorts,2026-03-23T03:39:28Z,26607,272,29
2026-03-23T15:07:02+00:00,gRNQkeddOeo,UCKjEtnnXEHsXE9IvCb92V7g,“I would light this thing on fire” 🔥🤣,2026-03-23T02:03:26Z,5438,174,5
2026-03-23T15:07:02+00:00,a8PrkqVWt_s,UCKjEtnnXEHsXE9IvCb92V7g,Tony Delk breaks down the difference in the 2025 and 2026 Florida guards. #MarchMadness,2026-03-23T01:13:03Z,2103,9,1
2026-03-23T15:07:33+00:00,25nXjfAtOvc,UCKjEtnnXEHsXE9IvCb92V7g,Press Conference: Louisville vs. Alabama Postgame (2026 Women's Second Round),2026-03-23T13:30:19Z,0,0,
2026-03-23T15:07:33+00:00,q7oYm4P9UKc,UCKjEtnnXEHsXE9IvCb92V7g,100 gorillas vs. Florida Final Boss? 🦍🐊 #shorts,2026-03-23T03:39:28Z,26608,273,29
2026-03-23T15:07:33+00:00,gRNQkeddOeo,UCKjEtnnXEHsXE9IvCb92V7g,“I would light this thing on fire” 🔥🤣,2026-03-23T02:03:26Z,5438,174,5
2026-03-23T15:07:33+00:00,a8PrkqVWt_s,UCKjEtnnXEHsXE9IvCb92V7g,Tony Delk breaks down the difference in the 2025 and 2026 Florida guards. #MarchMadness,2026-03-23T01:13:03Z,2103,9,1
2026-03-23T15:08:04+00:00,25nXjfAtOvc,UCKjEtnnXEHsXE9IvCb92V7g,Press Conference: Louisville vs. Alabama Postgame (2026 Women's Second Round),2026-03-23T13:30:19Z,0,0,
2026-03-23T15:08:04+00:00,q7oYm4P9UKc,UCKjEtnnXEHsXE9IvCb92V7g,100 gorillas vs. Florida Final Boss? 🦍🐊 #shorts,2026-03-23T03:39:28Z,26608,274,29
2026-03-23T15:08:04+00:00,gRNQkeddOeo,UCKjEtnnXEHsXE9IvCb92V7g,“I would light this thing on fire” 🔥🤣,2026-03-23T02:03:26Z,5438,174,5
2026-03-23T15:08:04+00:00,a8PrkqVWt_s,UCKjEtnnXEHsXE9IvCb92V7g,Tony Delk breaks down the difference in the 2025 and 2026 Florida guards. #MarchMadness,2026-03-23T01:13:03Z,2103,9,1
2026-03-23T15:08:35+00:00,25nXjfAtOvc,UCKjEtnnXEHsXE9IvCb92V7g,Press Conference: Louisville vs. Alabama Postgame (2026 Women's Second Round),2026-03-23T13:30:19Z,0,0,
2026-03-23T15:08:35+00:00,q7oYm4P9UKc,UCKjEtnnXEHsXE9IvCb92V7g,100 gorillas vs. Florida Final Boss? 🦍🐊 #shorts,2026-03-23T03:39:28Z,26608,274,29
2026-03-23T15:08:35+00:00,gRNQkeddOeo,UCKjEtnnXEHsXE9IvCb92V7g,“I would light this thing on fire” 🔥🤣,2026-03-23T02:03:26Z,5439,174,5
2026-03-23T15:08:35+00:00,a8PrkqVWt_s,UCKjEtnnXEHsXE9IvCb92V7g,Tony Delk breaks down the difference in the 2025 and 2026 Florida guards. #MarchMadness,2026-03-23T01:13:03Z,2103,9,1
2026-03-23T15:09:06+00:00,25nXjfAtOvc,UCKjEtnnXEHsXE9IvCb92V7g,Press Conference: Louisville vs. Alabama Postgame (2026 Women's Second Round),2026-03-23T13:30:19Z,0,0,
2026-03-23T15:09:06+00:00,q7oYm4P9UKc,UCKjEtnnXEHsXE9IvCb92V7g,100 gorillas vs. Florida Final Boss? 🦍🐊 #shorts,2026-03-23T03:39:28Z,26608,274,29
2026-03-23T15:09:06+00:00,gRNQkeddOeo,UCKjEtnnXEHsXE9IvCb92V7g,“I would light this thing on fire” 🔥🤣,2026-03-23T02:03:26Z,5439,174,5
2026-03-23T15:09:06+00:00,a8PrkqVWt_s,UCKjEtnnXEHsXE9IvCb92V7g,Tony Delk breaks down the difference in the 2025 and 2026 Florida guards. #MarchMadness,2026-03-23T01:13:03Z,2103,9,1
2026-03-23T15:09:37+00:00,25nXjfAtOvc,UCKjEtnnXEHsXE9IvCb92V7g,Press Conference: Louisville vs. Alabama Postgame (2026 Women's Second Round),2026-03-23T13:30:19Z,0,0,
2026-03-23T15:09:37+00:00,q7oYm4P9UKc,UCKjEtnnXEHsXE9IvCb92V7g,100 gorillas vs. Florida Final Boss? 🦍🐊 #shorts,2026-03-23T03:39:28Z,26608,274,29
2026-03-23T15:09:37+00:00,gRNQkeddOeo,UCKjEtnnXEHsXE9IvCb92V7g,“I would light this thing on fire” 🔥🤣,2026-03-23T02:03:26Z,5458,174,5
2026-03-23T15:09:37+00:00,a8PrkqVWt_s,UCKjEtnnXEHsXE9IvCb92V7g,Tony Delk breaks down the difference in the 2025 and 2026 Florida guards. #MarchMadness,2026-03-23T01:13:03Z,2103,9,1
2026-03-23T15:10:07+00:00,25nXjfAtOvc,UCKjEtnnXEHsXE9IvCb92V7g,Press Conference: Louisville vs. Alabama Postgame (2026 Women's Second Round),2026-03-23T13:30:19Z,0,0,
2026-03-23T15:10:07+00:00,q7oYm4P9UKc,UCKjEtnnXEHsXE9IvCb92V7g,100 gorillas vs. Florida Final Boss? 🦍🐊 #shorts,2026-03-23T03:39:28Z,26608,274,29
2026-03-23T15:10:07+00:00,gRNQkeddOeo,UCKjEtnnXEHsXE9IvCb92V7g,“I would light this thing on fire” 🔥🤣,2026-03-23T02:03:26Z,5458,174,5
2026-03-23T15:10:07+00:00,a8PrkqVWt_s,UCKjEtnnXEHsXE9IvCb92V7g,Tony Delk breaks down the difference in the 2025 and 2026 Florida guards. #MarchMadness,2026-03-23T01:13:03Z,2103,9,1
2026-03-23T15:10:38+00:00,25nXjfAtOvc,UCKjEtnnXEHsXE9IvCb92V7g,Press Conference: Louisville vs. Alabama Postgame (2026 Women's Second Round),2026-03-23T13:30:19Z,0,0,
2026-03-23T15:10:38+00:00,q7oYm4P9UKc,UCKjEtnnXEHsXE9IvCb92V7g,100 gorillas vs. Florida Final Boss? 🦍🐊 #shorts,2026-03-23T03:39:28Z,26608,274,29
2026-03-23T15:10:38+00:00,gRNQkeddOeo,UCKjEtnnXEHsXE9IvCb92V7g,“I would light this thing on fire” 🔥🤣,2026-03-23T02:03:26Z,5458,174,5
2026-03-23T15:10:38+00:00,a8PrkqVWt_s,UCKjEtnnXEHsXE9IvCb92V7g,Tony Delk breaks down the difference in the 2025 and 2026 Florida guards. #MarchMadness,2026-03-23T01:13:03Z,2103,9,1
2026-03-23T15:11:09+00:00,25nXjfAtOvc,UCKjEtnnXEHsXE9IvCb92V7g,Press Conference: Louisville vs. Alabama Postgame (2026 Women's Second Round),2026-03-23T13:30:19Z,0,0,
2026-03-23T15:11:09+00:00,q7oYm4P9UKc,UCKjEtnnXEHsXE9IvCb92V7g,100 gorillas vs. Florida Final Boss? 🦍🐊 #shorts,2026-03-23T03:39:28Z,26608,274,29
2026-03-23T15:11:09+00:00,gRNQkeddOeo,UCKjEtnnXEHsXE9IvCb92V7g,“I would light this thing on fire” 🔥🤣,2026-03-23T02:03:26Z,5458,174,5
2026-03-23T15:11:09+00:00,a8PrkqVWt_s,UCKjEtnnXEHsXE9IvCb92V7g,Tony Delk breaks down the difference in the 2025 and 2026 Florida guards. #MarchMadness,2026-03-23T01:13:03Z,2103,9,1
2026-03-23T15:11:39+00:00,25nXjfAtOvc,UCKjEtnnXEHsXE9IvCb92V7g,Press Conference: Louisville vs. Alabama Postgame (2026 Women's Second Round),2026-03-23T13:30:19Z,0,0,
2026-03-23T15:11:39+00:00,q7oYm4P9UKc,UCKjEtnnXEHsXE9IvCb92V7g,100 gorillas vs. Florida Final Boss? 🦍🐊 #shorts,2026-03-23T03:39:28Z,26809,274,29
2026-03-23T15:11:39+00:00,gRNQkeddOeo,UCKjEtnnXEHsXE9IvCb92V7g,“I would light this thing on fire” 🔥🤣,2026-03-23T02:03:26Z,5458,174,5
2026-03-23T15:11:39+00:00,a8PrkqVWt_s,UCKjEtnnXEHsXE9IvCb92V7g,Tony Delk breaks down the difference in the 2025 and 2026 Florida guards. #MarchMadness,2026-03-23T01:13:03Z,2104,9,1
2026-03-23T15:12:10+00:00,25nXjfAtOvc,UCKjEtnnXEHsXE9IvCb92V7g,Press Conference: Louisville vs. Alabama Postgame (2026 Women's Second Round),2026-03-23T13:30:19Z,0,0,
2026-03-23T15:12:10+00:00,q7oYm4P9UKc,UCKjEtnnXEHsXE9IvCb92V7g,100 gorillas vs. Florida Final Boss? 🦍🐊 #shorts,2026-03-23T03:39:28Z,26809,274,29
2026-03-23T15:12:10+00:00,gRNQkeddOeo,UCKjEtnnXEHsXE9IvCb92V7g,“I would light this thing on fire” 🔥🤣,2026-03-23T02:03:26Z,5458,174,5
2026-03-23T15:12:10+00:00,a8PrkqVWt_s,UCKjEtnnXEHsXE9IvCb92V7g,Tony Delk breaks down the difference in the 2025 and 2026 Florida guards. #MarchMadness,2026-03-23T01:13:03Z,2104,9,1
2026-03-23T15:12:41+00:00,25nXjfAtOvc,UCKjEtnnXEHsXE9IvCb92V7g,Press Conference: Louisville vs. Alabama Postgame (2026 Women's Second Round),2026-03-23T13:30:19Z,0,0,
2026-03-23T15:12:41+00:00,q7oYm4P9UKc,UCKjEtnnXEHsXE9IvCb92V7g,100 gorillas vs. Florida Final Boss? 🦍🐊 #shorts,2026-03-23T03:39:28Z,26809,275,29
2026-03-23T15:12:41+00:00,gRNQkeddOeo,UCKjEtnnXEHsXE9IvCb92V7g,“I would light this thing on fire” 🔥🤣,2026-03-23T02:03:26Z,5458,174,5
2026-03-23T15:12:41+00:00,a8PrkqVWt_s,UCKjEtnnXEHsXE9IvCb92V7g,Tony Delk breaks down the difference in the 2025 and 2026 Florida guards. #MarchMadness,2026-03-23T01:13:03Z,2104,9,1
2026-03-23T15:13:12+00:00,25nXjfAtOvc,UCKjEtnnXEHsXE9IvCb92V7g,Press Conference: Louisville vs. Alabama Postgame (2026 Women's Second Round),2026-03-23T13:30:19Z,0,0,
2026-03-23T15:13:12+00:00,q7oYm4P9UKc,UCKjEtnnXEHsXE9IvCb92V7g,100 gorillas vs. Florida Final Boss? 🦍🐊 #shorts,2026-03-23T03:39:28Z,26818,275,29
2026-03-23T15:13:12+00:00,gRNQkeddOeo,UCKjEtnnXEHsXE9IvCb92V7g,“I would light this thing on fire” 🔥🤣,2026-03-23T02:03:26Z,5458,174,5
2026-03-23T15:13:12+00:00,a8PrkqVWt_s,UCKjEtnnXEHsXE9IvCb92V7g,Tony Delk breaks down the difference in the 2025 and 2026 Florida guards. #MarchMadness,2026-03-23T01:13:03Z,2104,9,1
2026-03-23T15:13:43+00:00,25nXjfAtOvc,UCKjEtnnXEHsXE9IvCb92V7g,Press Conference: Louisville vs. Alabama Postgame (2026 Women's Second Round),2026-03-23T13:30:19Z,0,0,
2026-03-23T15:13:43+00:00,q7oYm4P9UKc,UCKjEtnnXEHsXE9IvCb92V7g,100 gorillas vs. Florida Final Boss? 🦍🐊 #shorts,2026-03-23T03:39:28Z,26818,275,29
2026-03-23T15:13:43+00:00,gRNQkeddOeo,UCKjEtnnXEHsXE9IvCb92V7g,“I would light this thing on fire” 🔥🤣,2026-03-23T02:03:26Z,5458,175,5
2026-03-23T15:13:43+00:00,a8PrkqVWt_s,UCKjEtnnXEHsXE9IvCb92V7g,Tony Delk breaks down the difference in the 2025 and 2026 Florida guards. #MarchMadness,2026-03-23T01:13:03Z,2104,9,1
2026-03-23T15:14:13+00:00,25nXjfAtOvc,UCKjEtnnXEHsXE9IvCb92V7g,Press Conference: Louisville vs. Alabama Postgame (2026 Women's Second Round),2026-03-23T13:30:19Z,0,0,
2026-03-23T15:14:13+00:00,q7oYm4P9UKc,UCKjEtnnXEHsXE9IvCb92V7g,100 gorillas vs. Florida Final Boss? 🦍🐊 #shorts,2026-03-23T03:39:28Z,26818,275,29
2026-03-23T15:14:13+00:00,gRNQkeddOeo,UCKjEtnnXEHsXE9IvCb92V7g,“I would light this thing on fire” 🔥🤣,2026-03-23T02:03:26Z,5491,175,5
2026-03-23T15:14:13+00:00,a8PrkqVWt_s,UCKjEtnnXEHsXE9IvCb92V7g,Tony Delk breaks down the difference in the 2025 and 2026 Florida guards. #MarchMadness,2026-03-23T01:13:03Z,2104,9,1
2026-03-23T15:14:44+00:00,25nXjfAtOvc,UCKjEtnnXEHsXE9IvCb92V7g,Press Conference: Louisville vs. Alabama Postgame (2026 Women's Second Round),2026-03-23T13:30:19Z,0,0,
2026-03-23T15:14:44+00:00,q7oYm4P9UKc,UCKjEtnnXEHsXE9IvCb92V7g,100 gorillas vs. Florida Final Boss? 🦍🐊 #shorts,2026-03-23T03:39:28Z,26818,275,29
2026-03-23T15:14:44+00:00,gRNQkeddOeo,UCKjEtnnXEHsXE9IvCb92V7g,“I would light this thing on fire” 🔥🤣,2026-03-23T02:03:26Z,5491,175,5
2026-03-23T15:14:44+00:00,a8PrkqVWt_s,UCKjEtnnXEHsXE9IvCb92V7g,Tony Delk breaks down the difference in the 2025 and 2026 Florida guards. #MarchMadness,2026-03-23T01:13:03Z,2104,9,1
2026-03-23T15:15:15+00:00,25nXjfAtOvc,UCKjEtnnXEHsXE9IvCb92V7g,Press Conference: Louisville vs. Alabama Postgame (2026 Women's Second Round),2026-03-23T13:30:19Z,0,0,
2026-03-23T15:15:15+00:00,q7oYm4P9UKc,UCKjEtnnXEHsXE9IvCb92V7g,100 gorillas vs. Florida Final Boss? 🦍🐊 #shorts,2026-03-23T03:39:28Z,26818,275,29
2026-03-23T15:15:15+00:00,gRNQkeddOeo,UCKjEtnnXEHsXE9IvCb92V7g,“I would light this thing on fire” 🔥🤣,2026-03-23T02:03:26Z,5491,175,5
2026-03-23T15:15:15+00:00,a8PrkqVWt_s,UCKjEtnnXEHsXE9IvCb92V7g,Tony Delk breaks down the difference in the 2025 and 2026 Florida guards. #MarchMadness,2026-03-23T01:13:03Z,2104,9,1
2026-03-23T15:15:46+00:00,25nXjfAtOvc,UCKjEtnnXEHsXE9IvCb92V7g,Press Conference: Louisville vs. Alabama Postgame (2026 Women's Second Round),2026-03-23T13:30:19Z,0,0,
2026-03-23T15:15:46+00:00,q7oYm4P9UKc,UCKjEtnnXEHsXE9IvCb92V7g,100 gorillas vs. Florida Final Boss? 🦍🐊 #shorts,2026-03-23T03:39:28Z,26818,275,29
2026-03-23T15:15:46+00:00,gRNQkeddOeo,UCKjEtnnXEHsXE9IvCb92V7g,“I would light this thing on fire” 🔥🤣,2026-03-23T02:03:26Z,5491,175,5
2026-03-23T15:15:46+00:00,a8PrkqVWt_s,UCKjEtnnXEHsXE9IvCb92V7g,Tony Delk breaks down the difference in the 2025 and 2026 Florida guards. #MarchMadness,2026-03-23T01:13:03Z,2104,9,1
2026-03-23T15:16:16+00:00,25nXjfAtOvc,UCKjEtnnXEHsXE9IvCb92V7g,Press Conference: Louisville vs. Alabama Postgame (2026 Women's Second Round),2026-03-23T13:30:19Z,0,0,
2026-03-23T15:16:16+00:00,q7oYm4P9UKc,UCKjEtnnXEHsXE9IvCb92V7g,100 gorillas vs. Florida Final Boss? 🦍🐊 #shorts,2026-03-23T03:39:28Z,27031,276,29
2026-03-23T15:16:16+00:00,gRNQkeddOeo,UCKjEtnnXEHsXE9IvCb92V7g,“I would light this thing on fire” 🔥🤣,2026-03-23T02:03:26Z,5491,175,5
2026-03-23T15:16:16+00:00,a8PrkqVWt_s,UCKjEtnnXEHsXE9IvCb92V7g,Tony Delk breaks down the difference in the 2025 and 2026 Florida guards. #MarchMadness,2026-03-23T01:13:03Z,2104,9,1
2026-03-23T15:16:47+00:00,25nXjfAtOvc,UCKjEtnnXEHsXE9IvCb92V7g,Press Conference: Louisville vs. Alabama Postgame (2026 Women's Second Round),2026-03-23T13:30:19Z,0,0,
2026-03-23T15:16:47+00:00,q7oYm4P9UKc,UCKjEtnnXEHsXE9IvCb92V7g,100 gorillas vs. Florida Final Boss? 🦍🐊 #shorts,2026-03-23T03:39:28Z,27049,276,29
2026-03-23T15:16:47+00:00,gRNQkeddOeo,UCKjEtnnXEHsXE9IvCb92V7g,“I would light this thing on fire” 🔥🤣,2026-03-23T02:03:26Z,5491,175,5
2026-03-23T15:16:47+00:00,a8PrkqVWt_s,UCKjEtnnXEHsXE9IvCb92V7g,Tony Delk breaks down the difference in the 2025 and 2026 Florida guards. #MarchMadness,2026-03-23T01:13:03Z,2107,9,1
2026-03-23T15:17:18+00:00,25nXjfAtOvc,UCKjEtnnXEHsXE9IvCb92V7g,Press Conference: Louisville vs. Alabama Postgame (2026 Women's Second Round),2026-03-23T13:30:19Z,0,0,
2026-03-23T15:17:18+00:00,q7oYm4P9UKc,UCKjEtnnXEHsXE9IvCb92V7g,100 gorillas vs. Florida Final Boss? 🦍🐊 #shorts,2026-03-23T03:39:28Z,27053,276,29
2026-03-23T15:17:18+00:00,gRNQkeddOeo,UCKjEtnnXEHsXE9IvCb92V7g,“I would light this thing on fire” 🔥🤣,2026-03-23T02:03:26Z,5491,175,5
2026-03-23T15:17:18+00:00,a8PrkqVWt_s,UCKjEtnnXEHsXE9IvCb92V7g,Tony Delk breaks down the difference in the 2025 and 2026 Florida guards. #MarchMadness,2026-03-23T01:13:03Z,2107,9,1
2026-03-23T15:17:48+00:00,25nXjfAtOvc,UCKjEtnnXEHsXE9IvCb92V7g,Press Conference: Louisville vs. Alabama Postgame (2026 Women's Second Round),2026-03-23T13:30:19Z,0,0,
2026-03-23T15:17:48+00:00,q7oYm4P9UKc,UCKjEtnnXEHsXE9IvCb92V7g,100 gorillas vs. Florida Final Boss? 🦍🐊 #shorts,2026-03-23T03:39:28Z,27053,277,29
2026-03-23T15:17:48+00:00,gRNQkeddOeo,UCKjEtnnXEHsXE9IvCb92V7g,“I would light this thing on fire” 🔥🤣,2026-03-23T02:03:26Z,5491,175,5
2026-03-23T15:17:48+00:00,a8PrkqVWt_s,UCKjEtnnXEHsXE9IvCb92V7g,Tony Delk breaks down the difference in the 2025 and 2026 Florida guards. #MarchMadness,2026-03-23T01:13:03Z,2107,9,1
2026-03-23T15:18:18+00:00,25nXjfAtOvc,UCKjEtnnXEHsXE9IvCb92V7g,Press Conference: Louisville vs. Alabama Postgame (2026 Women's Second Round),2026-03-23T13:30:19Z,0,0,
2026-03-23T15:18:18+00:00,q7oYm4P9UKc,UCKjEtnnXEHsXE9IvCb92V7g,100 gorillas vs. Florida Final Boss? 🦍🐊 #shorts,2026-03-23T03:39:28Z,27053,278,29
2026-03-23T15:18:18+00:00,gRNQkeddOeo,UCKjEtnnXEHsXE9IvCb92V7g,“I would light this thing on fire” 🔥🤣,2026-03-23T02:03:26Z,5491,175,5
2026-03-23T15:18:18+00:00,a8PrkqVWt_s,UCKjEtnnXEHsXE9IvCb92V7g,Tony Delk breaks down the difference in the 2025 and 2026 Florida guards. #MarchMadness,2026-03-23T01:13:03Z,2107,9,1
2026-03-23T15:18:49+00:00,25nXjfAtOvc,UCKjEtnnXEHsXE9IvCb92V7g,Press Conference: Louisville vs. Alabama Postgame (2026 Women's Second Round),2026-03-23T13:30:19Z,0,0,
2026-03-23T15:18:49+00:00,q7oYm4P9UKc,UCKjEtnnXEHsXE9IvCb92V7g,100 gorillas vs. Florida Final Boss? 🦍🐊 #shorts,2026-03-23T03:39:28Z,27053,278,29
2026-03-23T15:18:49+00:00,gRNQkeddOeo,UCKjEtnnXEHsXE9IvCb92V7g,“I would light this thing on fire” 🔥🤣,2026-03-23T02:03:26Z,5491,175,5
2026-03-23T15:18:49+00:00,a8PrkqVWt_s,UCKjEtnnXEHsXE9IvCb92V7g,Tony Delk breaks down the difference in the 2025 and 2026 Florida guards. #MarchMadness,2026-03-23T01:13:03Z,2107,9,1
2026-03-23T15:19:20+00:00,25nXjfAtOvc,UCKjEtnnXEHsXE9IvCb92V7g,Press Conference: Louisville vs. Alabama Postgame (2026 Women's Second Round),2026-03-23T13:30:19Z,0,0,
2026-03-23T15:19:20+00:00,q7oYm4P9UKc,UCKjEtnnXEHsXE9IvCb92V7g,100 gorillas vs. Florida Final Boss? 🦍🐊 #shorts,2026-03-23T03:39:28Z,27053,278,29
2026-03-23T15:19:20+00:00,gRNQkeddOeo,UCKjEtnnXEHsXE9IvCb92V7g,“I would light this thing on fire” 🔥🤣,2026-03-23T02:03:26Z,5508,175,5
2026-03-23T15:19:20+00:00,a8PrkqVWt_s,UCKjEtnnXEHsXE9IvCb92V7g,Tony Delk breaks down the difference in the 2025 and 2026 Florida guards. #MarchMadness,2026-03-23T01:13:03Z,2107,9,1
2026-03-23T15:19:51+00:00,25nXjfAtOvc,UCKjEtnnXEHsXE9IvCb92V7g,Press Conference: Louisville vs. Alabama Postgame (2026 Women's Second Round),2026-03-23T13:30:19Z,0,0,
2026-03-23T15:19:51+00:00,q7oYm4P9UKc,UCKjEtnnXEHsXE9IvCb92V7g,100 gorillas vs. Florida Final Boss? 🦍🐊 #shorts,2026-03-23T03:39:28Z,27053,278,29
2026-03-23T15:19:51+00:00,gRNQkeddOeo,UCKjEtnnXEHsXE9IvCb92V7g,“I would light this thing on fire” 🔥🤣,2026-03-23T02:03:26Z,5510,175,5
2026-03-23T15:19:51+00:00,a8PrkqVWt_s,UCKjEtnnXEHsXE9IvCb92V7g,Tony Delk breaks down the difference in the 2025 and 2026 Florida guards. #MarchMadness,2026-03-23T01:13:03Z,2107,9,1
2026-03-23T15:20:22+00:00,25nXjfAtOvc,UCKjEtnnXEHsXE9IvCb92V7g,Press Conference: Louisville vs. Alabama Postgame (2026 Women's Second Round),2026-03-23T13:30:19Z,0,0,
2026-03-23T15:20:22+00:00,q7oYm4P9UKc,UCKjEtnnXEHsXE9IvCb92V7g,100 gorillas vs. Florida Final Boss? 🦍🐊 #shorts,2026-03-23T03:39:28Z,27053,278,29
2026-03-23T15:20:22+00:00,gRNQkeddOeo,UCKjEtnnXEHsXE9IvCb92V7g,“I would light this thing on fire” 🔥🤣,2026-03-23T02:03:26Z,5510,175,5
2026-03-23T15:20:22+00:00,a8PrkqVWt_s,UCKjEtnnXEHsXE9IvCb92V7g,Tony Delk breaks down the difference in the 2025 and 2026 Florida guards. #MarchMadness,2026-03-23T01:13:03Z,2107,9,1
2026-03-23T15:20:53+00:00,25nXjfAtOvc,UCKjEtnnXEHsXE9IvCb92V7g,Press Conference: Louisville vs. Alabama Postgame (2026 Women's Second Round),2026-03-23T13:30:19Z,0,0,
2026-03-23T15:20:53+00:00,q7oYm4P9UKc,UCKjEtnnXEHsXE9IvCb92V7g,100 gorillas vs. Florida Final Boss? 🦍🐊 #shorts,2026-03-23T03:39:28Z,27053,278,29
2026-03-23T15:20:53+00:00,gRNQkeddOeo,UCKjEtnnXEHsXE9IvCb92V7g,“I would light this thing on fire” 🔥🤣,2026-03-23T02:03:26Z,5510,175,5
2026-03-23T15:20:53+00:00,a8PrkqVWt_s,UCKjEtnnXEHsXE9IvCb92V7g,Tony Delk breaks down the difference in the 2025 and 2026 Florida guards. #MarchMadness,2026-03-23T01:13:03Z,2107,9,1
2026-03-23T15:21:24+00:00,25nXjfAtOvc,UCKjEtnnXEHsXE9IvCb92V7g,Press Conference: Louisville vs. Alabama Postgame (2026 Women's Second Round),2026-03-23T13:30:19Z,0,0,
2026-03-23T15:21:24+00:00,q7oYm4P9UKc,UCKjEtnnXEHsXE9IvCb92V7g,100 gorillas vs. Florida Final Boss? 🦍🐊 #shorts,2026-03-23T03:39:28Z,27199,278,29
2026-03-23T15:21:24+00:00,gRNQkeddOeo,UCKjEtnnXEHsXE9IvCb92V7g,“I would light this thing on fire” 🔥🤣,2026-03-23T02:03:26Z,5510,175,5
2026-03-23T15:21:24+00:00,a8PrkqVWt_s,UCKjEtnnXEHsXE9IvCb92V7g,Tony Delk breaks down the difference in the 2025 and 2026 Florida guards. #MarchMadness,2026-03-23T01:13:03Z,2110,9,1
2026-03-23T15:21:55+00:00,25nXjfAtOvc,UCKjEtnnXEHsXE9IvCb92V7g,Press Conference: Louisville vs. Alabama Postgame (2026 Women's Second Round),2026-03-23T13:30:19Z,0,0,
2026-03-23T15:21:55+00:00,q7oYm4P9UKc,UCKjEtnnXEHsXE9IvCb92V7g,100 gorillas vs. Florida Final Boss? 🦍🐊 #shorts,2026-03-23T03:39:28Z,27203,278,29
2026-03-23T15:21:55+00:00,gRNQkeddOeo,UCKjEtnnXEHsXE9IvCb92V7g,“I would light this thing on fire” 🔥🤣,2026-03-23T02:03:26Z,5510,175,5
2026-03-23T15:21:55+00:00,a8PrkqVWt_s,UCKjEtnnXEHsXE9IvCb92V7g,Tony Delk breaks down the difference in the 2025 and 2026 Florida guards. #MarchMadness,2026-03-23T01:13:03Z,2110,9,1
2026-03-23T15:22:26+00:00,25nXjfAtOvc,UCKjEtnnXEHsXE9IvCb92V7g,Press Conference: Louisville vs. Alabama Postgame (2026 Women's Second Round),2026-03-23T13:30:19Z,0,0,
2026-03-23T15:22:26+00:00,q7oYm4P9UKc,UCKjEtnnXEHsXE9IvCb92V7g,100 gorillas vs. Florida Final Boss? 🦍🐊 #shorts,2026-03-23T03:39:28Z,27203,278,29
2026-03-23T15:22:26+00:00,gRNQkeddOeo,UCKjEtnnXEHsXE9IvCb92V7g,“I would light this thing on fire” 🔥🤣,2026-03-23T02:03:26Z,5510,175,5
2026-03-23T15:22:26+00:00,a8PrkqVWt_s,UCKjEtnnXEHsXE9IvCb92V7g,Tony Delk breaks down the difference in the 2025 and 2026 Florida guards. #MarchMadness,2026-03-23T01:13:03Z,2110,9,1
2026-03-23T15:22:57+00:00,25nXjfAtOvc,UCKjEtnnXEHsXE9IvCb92V7g,Press Conference: Louisville vs. Alabama Postgame (2026 Women's Second Round),2026-03-23T13:30:19Z,0,0,
2026-03-23T15:22:57+00:00,q7oYm4P9UKc,UCKjEtnnXEHsXE9IvCb92V7g,100 gorillas vs. Florida Final Boss? 🦍🐊 #shorts,2026-03-23T03:39:28Z,27203,278,29
2026-03-23T15:22:57+00:00,gRNQkeddOeo,UCKjEtnnXEHsXE9IvCb92V7g,“I would light this thing on fire” 🔥🤣,2026-03-23T02:03:26Z,5510,175,5
2026-03-23T15:22:57+00:00,a8PrkqVWt_s,UCKjEtnnXEHsXE9IvCb92V7g,Tony Delk breaks down the difference in the 2025 and 2026 Florida guards. #MarchMadness,2026-03-23T01:13:03Z,2110,9,1
2026-03-23T15:23:28+00:00,25nXjfAtOvc,UCKjEtnnXEHsXE9IvCb92V7g,Press Conference: Louisville vs. Alabama Postgame (2026 Women's Second Round),2026-03-23T13:30:19Z,0,0,
2026-03-23T15:23:28+00:00,q7oYm4P9UKc,UCKjEtnnXEHsXE9IvCb92V7g,100 gorillas vs. Florida Final Boss? 🦍🐊 #shorts,2026-03-23T03:39:28Z,27203,278,29
2026-03-23T15:23:28+00:00,gRNQkeddOeo,UCKjEtnnXEHsXE9IvCb92V7g,“I would light this thing on fire” 🔥🤣,2026-03-23T02:03:26Z,5510,175,5
2026-03-23T15:23:28+00:00,a8PrkqVWt_s,UCKjEtnnXEHsXE9IvCb92V7g,Tony Delk breaks down the difference in the 2025 and 2026 Florida guards. #MarchMadness,2026-03-23T01:13:03Z,2110,9,1
2026-03-23T15:23:59+00:00,25nXjfAtOvc,UCKjEtnnXEHsXE9IvCb92V7g,Press Conference: Louisville vs. Alabama Postgame (2026 Women's Second Round),2026-03-23T13:30:19Z,0,0,
2026-03-23T15:23:59+00:00,q7oYm4P9UKc,UCKjEtnnXEHsXE9IvCb92V7g,100 gorillas vs. Florida Final Boss? 🦍🐊 #shorts,2026-03-23T03:39:28Z,27203,278,29
2026-03-23T15:23:59+00:00,gRNQkeddOeo,UCKjEtnnXEHsXE9IvCb92V7g,“I would light this thing on fire” 🔥🤣,2026-03-23T02:03:26Z,5510,175,5
2026-03-23T15:23:59+00:00,a8PrkqVWt_s,UCKjEtnnXEHsXE9IvCb92V7g,Tony Delk breaks down the difference in the 2025 and 2026 Florida guards. #MarchMadness,2026-03-23T01:13:03Z,2110,9,1
2026-03-23T15:24:29+00:00,25nXjfAtOvc,UCKjEtnnXEHsXE9IvCb92V7g,Press Conference: Louisville vs. Alabama Postgame (2026 Women's Second Round),2026-03-23T13:30:19Z,0,0,
2026-03-23T15:24:29+00:00,q7oYm4P9UKc,UCKjEtnnXEHsXE9IvCb92V7g,100 gorillas vs. Florida Final Boss? 🦍🐊 #shorts,2026-03-23T03:39:28Z,27203,279,29
2026-03-23T15:24:29+00:00,gRNQkeddOeo,UCKjEtnnXEHsXE9IvCb92V7g,“I would light this thing on fire” 🔥🤣,2026-03-23T02:03:26Z,5519,176,5
2026-03-23T15:24:29+00:00,a8PrkqVWt_s,UCKjEtnnXEHsXE9IvCb92V7g,Tony Delk breaks down the difference in the 2025 and 2026 Florida guards. #MarchMadness,2026-03-23T01:13:03Z,2110,9,1
2026-03-23T15:25:00+00:00,25nXjfAtOvc,UCKjEtnnXEHsXE9IvCb92V7g,Press Conference: Louisville vs. Alabama Postgame (2026 Women's Second Round),2026-03-23T13:30:19Z,0,0,
2026-03-23T15:25:00+00:00,q7oYm4P9UKc,UCKjEtnnXEHsXE9IvCb92V7g,100 gorillas vs. Florida Final Boss? 🦍🐊 #shorts,2026-03-23T03:39:28Z,27203,279,29
2026-03-23T15:25:00+00:00,gRNQkeddOeo,UCKjEtnnXEHsXE9IvCb92V7g,“I would light this thing on fire” 🔥🤣,2026-03-23T02:03:26Z,5520,176,5
2026-03-23T15:25:00+00:00,a8PrkqVWt_s,UCKjEtnnXEHsXE9IvCb92V7g,Tony Delk breaks down the difference in the 2025 and 2026 Florida guards. #MarchMadness,2026-03-23T01:13:03Z,2110,9,1
2026-03-23T15:25:31+00:00,25nXjfAtOvc,UCKjEtnnXEHsXE9IvCb92V7g,Press Conference: Louisville vs. Alabama Postgame (2026 Women's Second Round),2026-03-23T13:30:19Z,0,0,
2026-03-23T15:25:31+00:00,q7oYm4P9UKc,UCKjEtnnXEHsXE9IvCb92V7g,100 gorillas vs. Florida Final Boss? 🦍🐊 #shorts,2026-03-23T03:39:28Z,27203,279,29
2026-03-23T15:25:31+00:00,gRNQkeddOeo,UCKjEtnnXEHsXE9IvCb92V7g,“I would light this thing on fire” 🔥🤣,2026-03-23T02:03:26Z,5520,176,5
2026-03-23T15:25:31+00:00,a8PrkqVWt_s,UCKjEtnnXEHsXE9IvCb92V7g,Tony Delk breaks down the difference in the 2025 and 2026 Florida guards. #MarchMadness,2026-03-23T01:13:03Z,2110,9,1
2026-03-23T15:26:02+00:00,25nXjfAtOvc,UCKjEtnnXEHsXE9IvCb92V7g,Press Conference: Louisville vs. Alabama Postgame (2026 Women's Second Round),2026-03-23T13:30:19Z,0,0,
2026-03-23T15:26:02+00:00,q7oYm4P9UKc,UCKjEtnnXEHsXE9IvCb92V7g,100 gorillas vs. Florida Final Boss? 🦍🐊 #shorts,2026-03-23T03:39:28Z,27203,280,29
2026-03-23T15:26:02+00:00,gRNQkeddOeo,UCKjEtnnXEHsXE9IvCb92V7g,“I would light this thing on fire” 🔥🤣,2026-03-23T02:03:26Z,5520,177,5
2026-03-23T15:26:02+00:00,a8PrkqVWt_s,UCKjEtnnXEHsXE9IvCb92V7g,Tony Delk breaks down the difference in the 2025 and 2026 Florida guards. #MarchMadness,2026-03-23T01:13:03Z,2110,9,1
2026-03-23T15:26:33+00:00,25nXjfAtOvc,UCKjEtnnXEHsXE9IvCb92V7g,Press Conference: Louisville vs. Alabama Postgame (2026 Women's Second Round),2026-03-23T13:30:19Z,0,0,
2026-03-23T15:26:33+00:00,q7oYm4P9UKc,UCKjEtnnXEHsXE9IvCb92V7g,100 gorillas vs. Florida Final Boss? 🦍🐊 #shorts,2026-03-23T03:39:28Z,27410,280,29
2026-03-23T15:26:33+00:00,gRNQkeddOeo,UCKjEtnnXEHsXE9IvCb92V7g,“I would light this thing on fire” 🔥🤣,2026-03-23T02:03:26Z,5520,177,5
2026-03-23T15:26:33+00:00,a8PrkqVWt_s,UCKjEtnnXEHsXE9IvCb92V7g,Tony Delk breaks down the difference in the 2025 and 2026 Florida guards. #MarchMadness,2026-03-23T01:13:03Z,2112,9,1
2026-03-23T15:27:03+00:00,25nXjfAtOvc,UCKjEtnnXEHsXE9IvCb92V7g,Press Conference: Louisville vs. Alabama Postgame (2026 Women's Second Round),2026-03-23T13:30:19Z,0,0,
2026-03-23T15:27:03+00:00,q7oYm4P9UKc,UCKjEtnnXEHsXE9IvCb92V7g,100 gorillas vs. Florida Final Boss? 🦍🐊 #shorts,2026-03-23T03:39:28Z,27415,280,29
2026-03-23T15:27:03+00:00,gRNQkeddOeo,UCKjEtnnXEHsXE9IvCb92V7g,“I would light this thing on fire” 🔥🤣,2026-03-23T02:03:26Z,5520,177,5
2026-03-23T15:27:03+00:00,a8PrkqVWt_s,UCKjEtnnXEHsXE9IvCb92V7g,Tony Delk breaks down the difference in the 2025 and 2026 Florida guards. #MarchMadness,2026-03-23T01:13:03Z,2112,9,1
2026-03-23T15:27:34+00:00,25nXjfAtOvc,UCKjEtnnXEHsXE9IvCb92V7g,Press Conference: Louisville vs. Alabama Postgame (2026 Women's Second Round),2026-03-23T13:30:19Z,0,0,
2026-03-23T15:27:34+00:00,q7oYm4P9UKc,UCKjEtnnXEHsXE9IvCb92V7g,100 gorillas vs. Florida Final Boss? 🦍🐊 #shorts,2026-03-23T03:39:28Z,27415,280,29
2026-03-23T15:27:34+00:00,gRNQkeddOeo,UCKjEtnnXEHsXE9IvCb92V7g,“I would light this thing on fire” 🔥🤣,2026-03-23T02:03:26Z,5520,178,5
2026-03-23T15:27:34+00:00,a8PrkqVWt_s,UCKjEtnnXEHsXE9IvCb92V7g,Tony Delk breaks down the difference in the 2025 and 2026 Florida guards. #MarchMadness,2026-03-23T01:13:03Z,2112,9,1
2026-03-23T15:28:05+00:00,25nXjfAtOvc,UCKjEtnnXEHsXE9IvCb92V7g,Press Conference: Louisville vs. Alabama Postgame (2026 Women's Second Round),2026-03-23T13:30:19Z,0,0,
2026-03-23T15:28:05+00:00,q7oYm4P9UKc,UCKjEtnnXEHsXE9IvCb92V7g,100 gorillas vs. Florida Final Boss? 🦍🐊 #shorts,2026-03-23T03:39:28Z,27415,280,29
2026-03-23T15:28:05+00:00,gRNQkeddOeo,UCKjEtnnXEHsXE9IvCb92V7g,“I would light this thing on fire” 🔥🤣,2026-03-23T02:03:26Z,5520,178,5
2026-03-23T15:28:05+00:00,a8PrkqVWt_s,UCKjEtnnXEHsXE9IvCb92V7g,Tony Delk breaks down the difference in the 2025 and 2026 Florida guards. #MarchMadness,2026-03-23T01:13:03Z,2112,9,1
2026-03-23T15:28:36+00:00,25nXjfAtOvc,UCKjEtnnXEHsXE9IvCb92V7g,Press Conference: Louisville vs. Alabama Postgame (2026 Women's Second Round),2026-03-23T13:30:19Z,0,0,
2026-03-23T15:28:36+00:00,q7oYm4P9UKc,UCKjEtnnXEHsXE9IvCb92V7g,100 gorillas vs. Florida Final Boss? 🦍🐊 #shorts,2026-03-23T03:39:28Z,27415,281,29
2026-03-23T15:28:36+00:00,gRNQkeddOeo,UCKjEtnnXEHsXE9IvCb92V7g,“I would light this thing on fire” 🔥🤣,2026-03-23T02:03:26Z,5520,178,5
2026-03-23T15:28:36+00:00,a8PrkqVWt_s,UCKjEtnnXEHsXE9IvCb92V7g,Tony Delk breaks down the difference in the 2025 and 2026 Florida guards. #MarchMadness,2026-03-23T01:13:03Z,2112,9,1
2026-03-23T15:29:06+00:00,25nXjfAtOvc,UCKjEtnnXEHsXE9IvCb92V7g,Press Conference: Louisville vs. Alabama Postgame (2026 Women's Second Round),2026-03-23T13:30:19Z,0,0,
2026-03-23T15:29:06+00:00,q7oYm4P9UKc,UCKjEtnnXEHsXE9IvCb92V7g,100 gorillas vs. Florida Final Boss? 🦍🐊 #shorts,2026-03-23T03:39:28Z,27415,281,29
2026-03-23T15:29:06+00:00,gRNQkeddOeo,UCKjEtnnXEHsXE9IvCb92V7g,“I would light this thing on fire” 🔥🤣,2026-03-23T02:03:26Z,5520,178,5
2026-03-23T15:29:06+00:00,a8PrkqVWt_s,UCKjEtnnXEHsXE9IvCb92V7g,Tony Delk breaks down the difference in the 2025 and 2026 Florida guards. #MarchMadness,2026-03-23T01:13:03Z,2112,9,1
2026-03-23T15:29:37+00:00,25nXjfAtOvc,UCKjEtnnXEHsXE9IvCb92V7g,Press Conference: Louisville vs. Alabama Postgame (2026 Women's Second Round),2026-03-23T13:30:19Z,0,0,
2026-03-23T15:29:37+00:00,q7oYm4P9UKc,UCKjEtnnXEHsXE9IvCb92V7g,100 gorillas vs. Florida Final Boss? 🦍🐊 #shorts,2026-03-23T03:39:28Z,27415,283,29
2026-03-23T15:29:37+00:00,gRNQkeddOeo,UCKjEtnnXEHsXE9IvCb92V7g,“I would light this thing on fire” 🔥🤣,2026-03-23T02:03:26Z,5543,178,5
2026-03-23T15:29:37+00:00,a8PrkqVWt_s,UCKjEtnnXEHsXE9IvCb92V7g,Tony Delk breaks down the difference in the 2025 and 2026 Florida guards. #MarchMadness,2026-03-23T01:13:03Z,2112,9,1
2026-03-23T15:30:08+00:00,25nXjfAtOvc,UCKjEtnnXEHsXE9IvCb92V7g,Press Conference: Louisville vs. Alabama Postgame (2026 Women's Second Round),2026-03-23T13:30:19Z,0,0,
2026-03-23T15:30:08+00:00,q7oYm4P9UKc,UCKjEtnnXEHsXE9IvCb92V7g,100 gorillas vs. Florida Final Boss? 🦍🐊 #shorts,2026-03-23T03:39:28Z,27415,284,29
2026-03-23T15:30:08+00:00,gRNQkeddOeo,UCKjEtnnXEHsXE9IvCb92V7g,“I would light this thing on fire” 🔥🤣,2026-03-23T02:03:26Z,5546,178,5
2026-03-23T15:30:08+00:00,a8PrkqVWt_s,UCKjEtnnXEHsXE9IvCb92V7g,Tony Delk breaks down the difference in the 2025 and 2026 Florida guards. #MarchMadness,2026-03-23T01:13:03Z,2112,9,1
2026-03-23T15:30:39+00:00,25nXjfAtOvc,UCKjEtnnXEHsXE9IvCb92V7g,Press Conference: Louisville vs. Alabama Postgame (2026 Women's Second Round),2026-03-23T13:30:19Z,0,0,
2026-03-23T15:30:39+00:00,q7oYm4P9UKc,UCKjEtnnXEHsXE9IvCb92V7g,100 gorillas vs. Florida Final Boss? 🦍🐊 #shorts,2026-03-23T03:39:28Z,27415,284,29
2026-03-23T15:30:39+00:00,gRNQkeddOeo,UCKjEtnnXEHsXE9IvCb92V7g,“I would light this thing on fire” 🔥🤣,2026-03-23T02:03:26Z,5546,178,5
2026-03-23T15:30:39+00:00,a8PrkqVWt_s,UCKjEtnnXEHsXE9IvCb92V7g,Tony Delk breaks down the difference in the 2025 and 2026 Florida guards. #MarchMadness,2026-03-23T01:13:03Z,2112,9,1
2026-03-23T15:31:10+00:00,25nXjfAtOvc,UCKjEtnnXEHsXE9IvCb92V7g,Press Conference: Louisville vs. Alabama Postgame (2026 Women's Second Round),2026-03-23T13:30:19Z,0,0,
2026-03-23T15:31:10+00:00,q7oYm4P9UKc,UCKjEtnnXEHsXE9IvCb92V7g,100 gorillas vs. Florida Final Boss? 🦍🐊 #shorts,2026-03-23T03:39:28Z,27415,284,29
2026-03-23T15:31:10+00:00,gRNQkeddOeo,UCKjEtnnXEHsXE9IvCb92V7g,“I would light this thing on fire” 🔥🤣,2026-03-23T02:03:26Z,5546,179,5
2026-03-23T15:31:10+00:00,a8PrkqVWt_s,UCKjEtnnXEHsXE9IvCb92V7g,Tony Delk breaks down the difference in the 2025 and 2026 Florida guards. #MarchMadness,2026-03-23T01:13:03Z,2112,9,1
2026-03-23T15:31:41+00:00,25nXjfAtOvc,UCKjEtnnXEHsXE9IvCb92V7g,Press Conference: Louisville vs. Alabama Postgame (2026 Women's Second Round),2026-03-23T13:30:19Z,0,0,
2026-03-23T15:31:41+00:00,q7oYm4P9UKc,UCKjEtnnXEHsXE9IvCb92V7g,100 gorillas vs. Florida Final Boss? 🦍🐊 #shorts,2026-03-23T03:39:28Z,27562,284,29
2026-03-23T15:31:41+00:00,gRNQkeddOeo,UCKjEtnnXEHsXE9IvCb92V7g,“I would light this thing on fire” 🔥🤣,2026-03-23T02:03:26Z,5546,179,5
2026-03-23T15:31:41+00:00,a8PrkqVWt_s,UCKjEtnnXEHsXE9IvCb92V7g,Tony Delk breaks down the difference in the 2025 and 2026 Florida guards. #MarchMadness,2026-03-23T01:13:03Z,2114,9,1
2026-03-23T15:32:11+00:00,25nXjfAtOvc,UCKjEtnnXEHsXE9IvCb92V7g,Press Conference: Louisville vs. Alabama Postgame (2026 Women's Second Round),2026-03-23T13:30:19Z,0,0,
2026-03-23T15:32:11+00:00,q7oYm4P9UKc,UCKjEtnnXEHsXE9IvCb92V7g,100 gorillas vs. Florida Final Boss? 🦍🐊 #shorts,2026-03-23T03:39:28Z,27562,284,29
2026-03-23T15:32:11+00:00,gRNQkeddOeo,UCKjEtnnXEHsXE9IvCb92V7g,“I would light this thing on fire” 🔥🤣,2026-03-23T02:03:26Z,5546,179,5
2026-03-23T15:32:11+00:00,a8PrkqVWt_s,UCKjEtnnXEHsXE9IvCb92V7g,Tony Delk breaks down the difference in the 2025 and 2026 Florida guards. #MarchMadness,2026-03-23T01:13:03Z,2114,9,1
2026-03-23T15:32:42+00:00,25nXjfAtOvc,UCKjEtnnXEHsXE9IvCb92V7g,Press Conference: Louisville vs. Alabama Postgame (2026 Women's Second Round),2026-03-23T13:30:19Z,0,0,
2026-03-23T15:32:42+00:00,q7oYm4P9UKc,UCKjEtnnXEHsXE9IvCb92V7g,100 gorillas vs. Florida Final Boss? 🦍🐊 #shorts,2026-03-23T03:39:28Z,27562,284,29
2026-03-23T15:32:42+00:00,gRNQkeddOeo,UCKjEtnnXEHsXE9IvCb92V7g,“I would light this thing on fire” 🔥🤣,2026-03-23T02:03:26Z,5546,179,5
2026-03-23T15:32:42+00:00,a8PrkqVWt_s,UCKjEtnnXEHsXE9IvCb92V7g,Tony Delk breaks down the difference in the 2025 and 2026 Florida guards. #MarchMadness,2026-03-23T01:13:03Z,2114,9,1
2026-03-23T15:33:12+00:00,25nXjfAtOvc,UCKjEtnnXEHsXE9IvCb92V7g,Press Conference: Louisville vs. Alabama Postgame (2026 Women's Second Round),2026-03-23T13:30:19Z,0,0,
2026-03-23T15:33:12+00:00,q7oYm4P9UKc,UCKjEtnnXEHsXE9IvCb92V7g,100 gorillas vs. Florida Final Boss? 🦍🐊 #shorts,2026-03-23T03:39:28Z,27562,284,29
2026-03-23T15:33:12+00:00,gRNQkeddOeo,UCKjEtnnXEHsXE9IvCb92V7g,“I would light this thing on fire” 🔥🤣,2026-03-23T02:03:26Z,5546,179,5
2026-03-23T15:33:12+00:00,a8PrkqVWt_s,UCKjEtnnXEHsXE9IvCb92V7g,Tony Delk breaks down the difference in the 2025 and 2026 Florida guards. #MarchMadness,2026-03-23T01:13:03Z,2114,9,1
2026-03-23T15:33:43+00:00,25nXjfAtOvc,UCKjEtnnXEHsXE9IvCb92V7g,Press Conference: Louisville vs. Alabama Postgame (2026 Women's Second Round),2026-03-23T13:30:19Z,0,0,
2026-03-23T15:33:43+00:00,q7oYm4P9UKc,UCKjEtnnXEHsXE9IvCb92V7g,100 gorillas vs. Florida Final Boss? 🦍🐊 #shorts,2026-03-23T03:39:28Z,27474,285,29
2026-03-23T15:33:43+00:00,gRNQkeddOeo,UCKjEtnnXEHsXE9IvCb92V7g,“I would light this thing on fire” 🔥🤣,2026-03-23T02:03:26Z,5546,179,5
2026-03-23T15:33:43+00:00,a8PrkqVWt_s,UCKjEtnnXEHsXE9IvCb92V7g,Tony Delk breaks down the difference in the 2025 and 2026 Florida guards. #MarchMadness,2026-03-23T01:13:03Z,2114,9,1
2026-03-23T15:34:14+00:00,25nXjfAtOvc,UCKjEtnnXEHsXE9IvCb92V7g,Press Conference: Louisville vs. Alabama Postgame (2026 Women's Second Round),2026-03-23T13:30:19Z,0,0,
2026-03-23T15:34:14+00:00,q7oYm4P9UKc,UCKjEtnnXEHsXE9IvCb92V7g,100 gorillas vs. Florida Final Boss? 🦍🐊 #shorts,2026-03-23T03:39:28Z,27474,285,29
2026-03-23T15:34:14+00:00,gRNQkeddOeo,UCKjEtnnXEHsXE9IvCb92V7g,“I would light this thing on fire” 🔥🤣,2026-03-23T02:03:26Z,5546,179,5
2026-03-23T15:34:14+00:00,a8PrkqVWt_s,UCKjEtnnXEHsXE9IvCb92V7g,Tony Delk breaks down the difference in the 2025 and 2026 Florida guards. #MarchMadness,2026-03-23T01:13:03Z,2114,9,1
2026-03-23T15:34:45+00:00,25nXjfAtOvc,UCKjEtnnXEHsXE9IvCb92V7g,Press Conference: Louisville vs. Alabama Postgame (2026 Women's Second Round),2026-03-23T13:30:19Z,0,0,
2026-03-23T15:34:45+00:00,q7oYm4P9UKc,UCKjEtnnXEHsXE9IvCb92V7g,100 gorillas vs. Florida Final Boss? 🦍🐊 #shorts,2026-03-23T03:39:28Z,27474,285,29
2026-03-23T15:34:45+00:00,gRNQkeddOeo,UCKjEtnnXEHsXE9IvCb92V7g,“I would light this thing on fire” 🔥🤣,2026-03-23T02:03:26Z,5566,179,5
2026-03-23T15:34:45+00:00,a8PrkqVWt_s,UCKjEtnnXEHsXE9IvCb92V7g,Tony Delk breaks down the difference in the 2025 and 2026 Florida guards. #MarchMadness,2026-03-23T01:13:03Z,2114,9,1
2026-03-23T15:35:16+00:00,25nXjfAtOvc,UCKjEtnnXEHsXE9IvCb92V7g,Press Conference: Louisville vs. Alabama Postgame (2026 Women's Second Round),2026-03-23T13:30:19Z,0,0,
2026-03-23T15:35:16+00:00,q7oYm4P9UKc,UCKjEtnnXEHsXE9IvCb92V7g,100 gorillas vs. Florida Final Boss? 🦍🐊 #shorts,2026-03-23T03:39:28Z,27474,285,29
2026-03-23T15:35:16+00:00,gRNQkeddOeo,UCKjEtnnXEHsXE9IvCb92V7g,“I would light this thing on fire” 🔥🤣,2026-03-23T02:03:26Z,5566,179,5
2026-03-23T15:35:16+00:00,a8PrkqVWt_s,UCKjEtnnXEHsXE9IvCb92V7g,Tony Delk breaks down the difference in the 2025 and 2026 Florida guards. #MarchMadness,2026-03-23T01:13:03Z,2114,9,1
2026-03-23T15:35:47+00:00,25nXjfAtOvc,UCKjEtnnXEHsXE9IvCb92V7g,Press Conference: Louisville vs. Alabama Postgame (2026 Women's Second Round),2026-03-23T13:30:19Z,0,0,
2026-03-23T15:35:47+00:00,q7oYm4P9UKc,UCKjEtnnXEHsXE9IvCb92V7g,100 gorillas vs. Florida Final Boss? 🦍🐊 #shorts,2026-03-23T03:39:28Z,27474,285,29
2026-03-23T15:35:47+00:00,gRNQkeddOeo,UCKjEtnnXEHsXE9IvCb92V7g,“I would light this thing on fire” 🔥🤣,2026-03-23T02:03:26Z,5566,180,5
2026-03-23T15:35:47+00:00,a8PrkqVWt_s,UCKjEtnnXEHsXE9IvCb92V7g,Tony Delk breaks down the difference in the 2025 and 2026 Florida guards. #MarchMadness,2026-03-23T01:13:03Z,2114,9,1
2026-03-23T15:36:18+00:00,25nXjfAtOvc,UCKjEtnnXEHsXE9IvCb92V7g,Press Conference: Louisville vs. Alabama Postgame (2026 Women's Second Round),2026-03-23T13:30:19Z,0,0,
2026-03-23T15:36:18+00:00,q7oYm4P9UKc,UCKjEtnnXEHsXE9IvCb92V7g,100 gorillas vs. Florida Final Boss? 🦍🐊 #shorts,2026-03-23T03:39:28Z,27633,285,29
2026-03-23T15:36:18+00:00,gRNQkeddOeo,UCKjEtnnXEHsXE9IvCb92V7g,“I would light this thing on fire” 🔥🤣,2026-03-23T02:03:26Z,5566,180,5
2026-03-23T15:36:18+00:00,a8PrkqVWt_s,UCKjEtnnXEHsXE9IvCb92V7g,Tony Delk breaks down the difference in the 2025 and 2026 Florida guards. #MarchMadness,2026-03-23T01:13:03Z,2114,9,1
2026-03-23T15:36:49+00:00,25nXjfAtOvc,UCKjEtnnXEHsXE9IvCb92V7g,Press Conference: Louisville vs. Alabama Postgame (2026 Women's Second Round),2026-03-23T13:30:19Z,0,0,
2026-03-23T15:36:49+00:00,q7oYm4P9UKc,UCKjEtnnXEHsXE9IvCb92V7g,100 gorillas vs. Florida Final Boss? 🦍🐊 #shorts,2026-03-23T03:39:28Z,27660,285,29
2026-03-23T15:36:49+00:00,gRNQkeddOeo,UCKjEtnnXEHsXE9IvCb92V7g,“I would light this thing on fire” 🔥🤣,2026-03-23T02:03:26Z,5568,180,5
2026-03-23T15:36:49+00:00,a8PrkqVWt_s,UCKjEtnnXEHsXE9IvCb92V7g,Tony Delk breaks down the difference in the 2025 and 2026 Florida guards. #MarchMadness,2026-03-23T01:13:03Z,2115,9,1
2026-03-23T15:37:20+00:00,25nXjfAtOvc,UCKjEtnnXEHsXE9IvCb92V7g,Press Conference: Louisville vs. Alabama Postgame (2026 Women's Second Round),2026-03-23T13:30:19Z,0,0,
2026-03-23T15:37:20+00:00,q7oYm4P9UKc,UCKjEtnnXEHsXE9IvCb92V7g,100 gorillas vs. Florida Final Boss? 🦍🐊 #shorts,2026-03-23T03:39:28Z,27660,285,29
2026-03-23T15:37:20+00:00,gRNQkeddOeo,UCKjEtnnXEHsXE9IvCb92V7g,“I would light this thing on fire” 🔥🤣,2026-03-23T02:03:26Z,5568,180,5
2026-03-23T15:37:20+00:00,a8PrkqVWt_s,UCKjEtnnXEHsXE9IvCb92V7g,Tony Delk breaks down the difference in the 2025 and 2026 Florida guards. #MarchMadness,2026-03-23T01:13:03Z,2115,9,1
2026-03-23T15:37:51+00:00,25nXjfAtOvc,UCKjEtnnXEHsXE9IvCb92V7g,Press Conference: Louisville vs. Alabama Postgame (2026 Women's Second Round),2026-03-23T13:30:19Z,0,0,
2026-03-23T15:37:51+00:00,q7oYm4P9UKc,UCKjEtnnXEHsXE9IvCb92V7g,100 gorillas vs. Florida Final Boss? 🦍🐊 #shorts,2026-03-23T03:39:28Z,27660,285,29
2026-03-23T15:37:51+00:00,gRNQkeddOeo,UCKjEtnnXEHsXE9IvCb92V7g,“I would light this thing on fire” 🔥🤣,2026-03-23T02:03:26Z,5568,180,5
2026-03-23T15:37:51+00:00,a8PrkqVWt_s,UCKjEtnnXEHsXE9IvCb92V7g,Tony Delk breaks down the difference in the 2025 and 2026 Florida guards. #MarchMadness,2026-03-23T01:13:03Z,2115,9,1
2026-03-23T15:38:21+00:00,25nXjfAtOvc,UCKjEtnnXEHsXE9IvCb92V7g,Press Conference: Louisville vs. Alabama Postgame (2026 Women's Second Round),2026-03-23T13:30:19Z,0,0,
2026-03-23T15:38:21+00:00,q7oYm4P9UKc,UCKjEtnnXEHsXE9IvCb92V7g,100 gorillas vs. Florida Final Boss? 🦍🐊 #shorts,2026-03-23T03:39:28Z,27660,287,29
2026-03-23T15:38:21+00:00,gRNQkeddOeo,UCKjEtnnXEHsXE9IvCb92V7g,“I would light this thing on fire” 🔥🤣,2026-03-23T02:03:26Z,5568,180,5
2026-03-23T15:38:21+00:00,a8PrkqVWt_s,UCKjEtnnXEHsXE9IvCb92V7g,Tony Delk breaks down the difference in the 2025 and 2026 Florida guards. #MarchMadness,2026-03-23T01:13:03Z,2115,9,1
2026-03-23T15:38:52+00:00,25nXjfAtOvc,UCKjEtnnXEHsXE9IvCb92V7g,Press Conference: Louisville vs. Alabama Postgame (2026 Women's Second Round),2026-03-23T13:30:19Z,0,0,
2026-03-23T15:38:52+00:00,q7oYm4P9UKc,UCKjEtnnXEHsXE9IvCb92V7g,100 gorillas vs. Florida Final Boss? 🦍🐊 #shorts,2026-03-23T03:39:28Z,27660,287,29
2026-03-23T15:38:52+00:00,gRNQkeddOeo,UCKjEtnnXEHsXE9IvCb92V7g,“I would light this thing on fire” 🔥🤣,2026-03-23T02:03:26Z,5568,180,5
2026-03-23T15:38:52+00:00,a8PrkqVWt_s,UCKjEtnnXEHsXE9IvCb92V7g,Tony Delk breaks down the difference in the 2025 and 2026 Florida guards. #MarchMadness,2026-03-23T01:13:03Z,2115,9,1
2026-03-23T15:39:23+00:00,25nXjfAtOvc,UCKjEtnnXEHsXE9IvCb92V7g,Press Conference: Louisville vs. Alabama Postgame (2026 Women's Second Round),2026-03-23T13:30:19Z,0,0,
2026-03-23T15:39:23+00:00,q7oYm4P9UKc,UCKjEtnnXEHsXE9IvCb92V7g,100 gorillas vs. Florida Final Boss? 🦍🐊 #shorts,2026-03-23T03:39:28Z,27660,287,29
2026-03-23T15:39:23+00:00,gRNQkeddOeo,UCKjEtnnXEHsXE9IvCb92V7g,“I would light this thing on fire” 🔥🤣,2026-03-23T02:03:26Z,5568,180,5
2026-03-23T15:39:23+00:00,a8PrkqVWt_s,UCKjEtnnXEHsXE9IvCb92V7g,Tony Delk breaks down the difference in the 2025 and 2026 Florida guards. #MarchMadness,2026-03-23T01:13:03Z,2115,9,1
2026-03-23T15:39:53+00:00,25nXjfAtOvc,UCKjEtnnXEHsXE9IvCb92V7g,Press Conference: Louisville vs. Alabama Postgame (2026 Women's Second Round),2026-03-23T13:30:19Z,0,0,
2026-03-23T15:39:53+00:00,q7oYm4P9UKc,UCKjEtnnXEHsXE9IvCb92V7g,100 gorillas vs. Florida Final Boss? 🦍🐊 #shorts,2026-03-23T03:39:28Z,27660,287,29
2026-03-23T15:39:53+00:00,gRNQkeddOeo,UCKjEtnnXEHsXE9IvCb92V7g,“I would light this thing on fire” 🔥🤣,2026-03-23T02:03:26Z,5568,180,5
2026-03-23T15:39:53+00:00,a8PrkqVWt_s,UCKjEtnnXEHsXE9IvCb92V7g,Tony Delk breaks down the difference in the 2025 and 2026 Florida guards. #MarchMadness,2026-03-23T01:13:03Z,2115,9,1
2026-03-23T15:40:24+00:00,25nXjfAtOvc,UCKjEtnnXEHsXE9IvCb92V7g,Press Conference: Louisville vs. Alabama Postgame (2026 Women's Second Round),2026-03-23T13:30:19Z,0,0,
2026-03-23T15:40:24+00:00,q7oYm4P9UKc,UCKjEtnnXEHsXE9IvCb92V7g,100 gorillas vs. Florida Final Boss? 🦍🐊 #shorts,2026-03-23T03:39:28Z,27660,287,29
2026-03-23T15:40:24+00:00,gRNQkeddOeo,UCKjEtnnXEHsXE9IvCb92V7g,“I would light this thing on fire” 🔥🤣,2026-03-23T02:03:26Z,5601,180,5
2026-03-23T15:40:24+00:00,a8PrkqVWt_s,UCKjEtnnXEHsXE9IvCb92V7g,Tony Delk breaks down the difference in the 2025 and 2026 Florida guards. #MarchMadness,2026-03-23T01:13:03Z,2115,9,1
2026-03-23T15:40:55+00:00,25nXjfAtOvc,UCKjEtnnXEHsXE9IvCb92V7g,Press Conference: Louisville vs. Alabama Postgame (2026 Women's Second Round),2026-03-23T13:30:19Z,0,0,
2026-03-23T15:40:55+00:00,q7oYm4P9UKc,UCKjEtnnXEHsXE9IvCb92V7g,100 gorillas vs. Florida Final Boss? 🦍🐊 #shorts,2026-03-23T03:39:28Z,27660,287,29
2026-03-23T15:40:55+00:00,gRNQkeddOeo,UCKjEtnnXEHsXE9IvCb92V7g,“I would light this thing on fire” 🔥🤣,2026-03-23T02:03:26Z,5601,180,5
2026-03-23T15:40:55+00:00,a8PrkqVWt_s,UCKjEtnnXEHsXE9IvCb92V7g,Tony Delk breaks down the difference in the 2025 and 2026 Florida guards. #MarchMadness,2026-03-23T01:13:03Z,2115,9,1
2026-03-23T15:41:26+00:00,25nXjfAtOvc,UCKjEtnnXEHsXE9IvCb92V7g,Press Conference: Louisville vs. Alabama Postgame (2026 Women's Second Round),2026-03-23T13:30:19Z,0,0,
2026-03-23T15:41:26+00:00,q7oYm4P9UKc,UCKjEtnnXEHsXE9IvCb92V7g,100 gorillas vs. Florida Final Boss? 🦍🐊 #shorts,2026-03-23T03:39:28Z,27660,287,29
2026-03-23T15:41:26+00:00,gRNQkeddOeo,UCKjEtnnXEHsXE9IvCb92V7g,“I would light this thing on fire” 🔥🤣,2026-03-23T02:03:26Z,5601,180,5
2026-03-23T15:41:26+00:00,a8PrkqVWt_s,UCKjEtnnXEHsXE9IvCb92V7g,Tony Delk breaks down the difference in the 2025 and 2026 Florida guards. #MarchMadness,2026-03-23T01:13:03Z,2115,9,1
2026-03-23T15:41:57+00:00,25nXjfAtOvc,UCKjEtnnXEHsXE9IvCb92V7g,Press Conference: Louisville vs. Alabama Postgame (2026 Women's Second Round),2026-03-23T13:30:19Z,0,0,
2026-03-23T15:41:57+00:00,q7oYm4P9UKc,UCKjEtnnXEHsXE9IvCb92V7g,100 gorillas vs. Florida Final Boss? 🦍🐊 #shorts,2026-03-23T03:39:28Z,27977,288,29
2026-03-23T15:41:57+00:00,gRNQkeddOeo,UCKjEtnnXEHsXE9IvCb92V7g,“I would light this thing on fire” 🔥🤣,2026-03-23T02:03:26Z,5601,180,5
2026-03-23T15:41:57+00:00,a8PrkqVWt_s,UCKjEtnnXEHsXE9IvCb92V7g,Tony Delk breaks down the difference in the 2025 and 2026 Florida guards. #MarchMadness,2026-03-23T01:13:03Z,2123,9,1
2026-03-23T15:42:28+00:00,25nXjfAtOvc,UCKjEtnnXEHsXE9IvCb92V7g,Press Conference: Louisville vs. Alabama Postgame (2026 Women's Second Round),2026-03-23T13:30:19Z,0,0,
2026-03-23T15:42:28+00:00,q7oYm4P9UKc,UCKjEtnnXEHsXE9IvCb92V7g,100 gorillas vs. Florida Final Boss? 🦍🐊 #shorts,2026-03-23T03:39:28Z,27977,288,29
2026-03-23T15:42:28+00:00,gRNQkeddOeo,UCKjEtnnXEHsXE9IvCb92V7g,“I would light this thing on fire” 🔥🤣,2026-03-23T02:03:26Z,5601,180,5
2026-03-23T15:42:28+00:00,a8PrkqVWt_s,UCKjEtnnXEHsXE9IvCb92V7g,Tony Delk breaks down the difference in the 2025 and 2026 Florida guards. #MarchMadness,2026-03-23T01:13:03Z,2123,9,1
2026-03-23T15:42:59+00:00,25nXjfAtOvc,UCKjEtnnXEHsXE9IvCb92V7g,Press Conference: Louisville vs. Alabama Postgame (2026 Women's Second Round),2026-03-23T13:30:19Z,0,0,
2026-03-23T15:42:59+00:00,q7oYm4P9UKc,UCKjEtnnXEHsXE9IvCb92V7g,100 gorillas vs. Florida Final Boss? 🦍🐊 #shorts,2026-03-23T03:39:28Z,27977,289,29
2026-03-23T15:42:59+00:00,gRNQkeddOeo,UCKjEtnnXEHsXE9IvCb92V7g,“I would light this thing on fire” 🔥🤣,2026-03-23T02:03:26Z,5601,180,5
2026-03-23T15:42:59+00:00,a8PrkqVWt_s,UCKjEtnnXEHsXE9IvCb92V7g,Tony Delk breaks down the difference in the 2025 and 2026 Florida guards. #MarchMadness,2026-03-23T01:13:03Z,2123,9,1
2026-03-23T15:43:29+00:00,25nXjfAtOvc,UCKjEtnnXEHsXE9IvCb92V7g,Press Conference: Louisville vs. Alabama Postgame (2026 Women's Second Round),2026-03-23T13:30:19Z,0,0,
2026-03-23T15:43:29+00:00,q7oYm4P9UKc,UCKjEtnnXEHsXE9IvCb92V7g,100 gorillas vs. Florida Final Boss? 🦍🐊 #shorts,2026-03-23T03:39:28Z,27977,290,29
2026-03-23T15:43:29+00:00,gRNQkeddOeo,UCKjEtnnXEHsXE9IvCb92V7g,“I would light this thing on fire” 🔥🤣,2026-03-23T02:03:26Z,5601,180,5
2026-03-23T15:43:29+00:00,a8PrkqVWt_s,UCKjEtnnXEHsXE9IvCb92V7g,Tony Delk breaks down the difference in the 2025 and 2026 Florida guards. #MarchMadness,2026-03-23T01:13:03Z,2123,9,1
2026-03-23T15:44:00+00:00,25nXjfAtOvc,UCKjEtnnXEHsXE9IvCb92V7g,Press Conference: Louisville vs. Alabama Postgame (2026 Women's Second Round),2026-03-23T13:30:19Z,0,0,
2026-03-23T15:44:00+00:00,q7oYm4P9UKc,UCKjEtnnXEHsXE9IvCb92V7g,100 gorillas vs. Florida Final Boss? 🦍🐊 #shorts,2026-03-23T03:39:28Z,27977,290,29
2026-03-23T15:44:00+00:00,gRNQkeddOeo,UCKjEtnnXEHsXE9IvCb92V7g,“I would light this thing on fire” 🔥🤣,2026-03-23T02:03:26Z,5601,180,5
2026-03-23T15:44:00+00:00,a8PrkqVWt_s,UCKjEtnnXEHsXE9IvCb92V7g,Tony Delk breaks down the difference in the 2025 and 2026 Florida guards. #MarchMadness,2026-03-23T01:13:03Z,2123,9,1
2026-03-23T15:44:31+00:00,25nXjfAtOvc,UCKjEtnnXEHsXE9IvCb92V7g,Press Conference: Louisville vs. Alabama Postgame (2026 Women's Second Round),2026-03-23T13:30:19Z,0,0,
2026-03-23T15:44:31+00:00,q7oYm4P9UKc,UCKjEtnnXEHsXE9IvCb92V7g,100 gorillas vs. Florida Final Boss? 🦍🐊 #shorts,2026-03-23T03:39:28Z,27977,290,29
2026-03-23T15:44:31+00:00,gRNQkeddOeo,UCKjEtnnXEHsXE9IvCb92V7g,“I would light this thing on fire” 🔥🤣,2026-03-23T02:03:26Z,5654,181,5
2026-03-23T15:44:31+00:00,a8PrkqVWt_s,UCKjEtnnXEHsXE9IvCb92V7g,Tony Delk breaks down the difference in the 2025 and 2026 Florida guards. #MarchMadness,2026-03-23T01:13:03Z,2123,9,1
2026-03-23T15:45:02+00:00,25nXjfAtOvc,UCKjEtnnXEHsXE9IvCb92V7g,Press Conference: Louisville vs. Alabama Postgame (2026 Women's Second Round),2026-03-23T13:30:19Z,0,0,
2026-03-23T15:45:02+00:00,q7oYm4P9UKc,UCKjEtnnXEHsXE9IvCb92V7g,100 gorillas vs. Florida Final Boss? 🦍🐊 #shorts,2026-03-23T03:39:28Z,27977,290,29
2026-03-23T15:45:02+00:00,gRNQkeddOeo,UCKjEtnnXEHsXE9IvCb92V7g,“I would light this thing on fire” 🔥🤣,2026-03-23T02:03:26Z,5654,181,5
2026-03-23T15:45:02+00:00,a8PrkqVWt_s,UCKjEtnnXEHsXE9IvCb92V7g,Tony Delk breaks down the difference in the 2025 and 2026 Florida guards. #MarchMadness,2026-03-23T01:13:03Z,2123,9,1
2026-03-23T15:45:33+00:00,25nXjfAtOvc,UCKjEtnnXEHsXE9IvCb92V7g,Press Conference: Louisville vs. Alabama Postgame (2026 Women's Second Round),2026-03-23T13:30:19Z,0,0,
2026-03-23T15:45:33+00:00,q7oYm4P9UKc,UCKjEtnnXEHsXE9IvCb92V7g,100 gorillas vs. Florida Final Boss? 🦍🐊 #shorts,2026-03-23T03:39:28Z,27977,291,29
2026-03-23T15:45:33+00:00,gRNQkeddOeo,UCKjEtnnXEHsXE9IvCb92V7g,“I would light this thing on fire” 🔥🤣,2026-03-23T02:03:26Z,5654,181,5
2026-03-23T15:45:33+00:00,a8PrkqVWt_s,UCKjEtnnXEHsXE9IvCb92V7g,Tony Delk breaks down the difference in the 2025 and 2026 Florida guards. #MarchMadness,2026-03-23T01:13:03Z,2123,9,1
2026-03-23T15:46:04+00:00,25nXjfAtOvc,UCKjEtnnXEHsXE9IvCb92V7g,Press Conference: Louisville vs. Alabama Postgame (2026 Women's Second Round),2026-03-23T13:30:19Z,0,0,
2026-03-23T15:46:04+00:00,q7oYm4P9UKc,UCKjEtnnXEHsXE9IvCb92V7g,100 gorillas vs. Florida Final Boss? 🦍🐊 #shorts,2026-03-23T03:39:28Z,27977,291,29
2026-03-23T15:46:04+00:00,gRNQkeddOeo,UCKjEtnnXEHsXE9IvCb92V7g,“I would light this thing on fire” 🔥🤣,2026-03-23T02:03:26Z,5656,181,5
2026-03-23T15:46:04+00:00,a8PrkqVWt_s,UCKjEtnnXEHsXE9IvCb92V7g,Tony Delk breaks down the difference in the 2025 and 2026 Florida guards. #MarchMadness,2026-03-23T01:13:03Z,2123,9,1
2026-03-23T15:46:35+00:00,25nXjfAtOvc,UCKjEtnnXEHsXE9IvCb92V7g,Press Conference: Louisville vs. Alabama Postgame (2026 Women's Second Round),2026-03-23T13:30:19Z,0,0,
2026-03-23T15:46:35+00:00,q7oYm4P9UKc,UCKjEtnnXEHsXE9IvCb92V7g,100 gorillas vs. Florida Final Boss? 🦍🐊 #shorts,2026-03-23T03:39:28Z,28215,291,29
2026-03-23T15:46:35+00:00,gRNQkeddOeo,UCKjEtnnXEHsXE9IvCb92V7g,“I would light this thing on fire” 🔥🤣,2026-03-23T02:03:26Z,5656,181,5
2026-03-23T15:46:35+00:00,a8PrkqVWt_s,UCKjEtnnXEHsXE9IvCb92V7g,Tony Delk breaks down the difference in the 2025 and 2026 Florida guards. #MarchMadness,2026-03-23T01:13:03Z,2127,9,1
2026-03-23T15:47:06+00:00,25nXjfAtOvc,UCKjEtnnXEHsXE9IvCb92V7g,Press Conference: Louisville vs. Alabama Postgame (2026 Women's Second Round),2026-03-23T13:30:19Z,0,0,
2026-03-23T15:47:06+00:00,q7oYm4P9UKc,UCKjEtnnXEHsXE9IvCb92V7g,100 gorillas vs. Florida Final Boss? 🦍🐊 #shorts,2026-03-23T03:39:28Z,28215,291,29
2026-03-23T15:47:06+00:00,gRNQkeddOeo,UCKjEtnnXEHsXE9IvCb92V7g,“I would light this thing on fire” 🔥🤣,2026-03-23T02:03:26Z,5656,182,5
2026-03-23T15:47:06+00:00,a8PrkqVWt_s,UCKjEtnnXEHsXE9IvCb92V7g,Tony Delk breaks down the difference in the 2025 and 2026 Florida guards. #MarchMadness,2026-03-23T01:13:03Z,2127,9,1
2026-03-23T15:47:37+00:00,25nXjfAtOvc,UCKjEtnnXEHsXE9IvCb92V7g,Press Conference: Louisville vs. Alabama Postgame (2026 Women's Second Round),2026-03-23T13:30:19Z,0,0,
2026-03-23T15:47:37+00:00,q7oYm4P9UKc,UCKjEtnnXEHsXE9IvCb92V7g,100 gorillas vs. Florida Final Boss? 🦍🐊 #shorts,2026-03-23T03:39:28Z,28215,292,29
2026-03-23T15:47:37+00:00,gRNQkeddOeo,UCKjEtnnXEHsXE9IvCb92V7g,“I would light this thing on fire” 🔥🤣,2026-03-23T02:03:26Z,5656,182,5
2026-03-23T15:47:37+00:00,a8PrkqVWt_s,UCKjEtnnXEHsXE9IvCb92V7g,Tony Delk breaks down the difference in the 2025 and 2026 Florida guards. #MarchMadness,2026-03-23T01:13:03Z,2127,9,1
2026-03-23T15:48:08+00:00,25nXjfAtOvc,UCKjEtnnXEHsXE9IvCb92V7g,Press Conference: Louisville vs. Alabama Postgame (2026 Women's Second Round),2026-03-23T13:30:19Z,0,0,
2026-03-23T15:48:08+00:00,q7oYm4P9UKc,UCKjEtnnXEHsXE9IvCb92V7g,100 gorillas vs. Florida Final Boss? 🦍🐊 #shorts,2026-03-23T03:39:28Z,28215,293,29
2026-03-23T15:48:08+00:00,gRNQkeddOeo,UCKjEtnnXEHsXE9IvCb92V7g,“I would light this thing on fire” 🔥🤣,2026-03-23T02:03:26Z,5656,182,5
2026-03-23T15:48:08+00:00,a8PrkqVWt_s,UCKjEtnnXEHsXE9IvCb92V7g,Tony Delk breaks down the difference in the 2025 and 2026 Florida guards. #MarchMadness,2026-03-23T01:13:03Z,2127,9,1
2026-03-23T15:48:38+00:00,25nXjfAtOvc,UCKjEtnnXEHsXE9IvCb92V7g,Press Conference: Louisville vs. Alabama Postgame (2026 Women's Second Round),2026-03-23T13:30:19Z,0,0,
2026-03-23T15:48:38+00:00,q7oYm4P9UKc,UCKjEtnnXEHsXE9IvCb92V7g,100 gorillas vs. Florida Final Boss? 🦍🐊 #shorts,2026-03-23T03:39:28Z,28215,293,29
2026-03-23T15:48:38+00:00,gRNQkeddOeo,UCKjEtnnXEHsXE9IvCb92V7g,“I would light this thing on fire” 🔥🤣,2026-03-23T02:03:26Z,5656,182,5
2026-03-23T15:48:38+00:00,a8PrkqVWt_s,UCKjEtnnXEHsXE9IvCb92V7g,Tony Delk breaks down the difference in the 2025 and 2026 Florida guards. #MarchMadness,2026-03-23T01:13:03Z,2127,9,1
2026-03-23T15:49:09+00:00,25nXjfAtOvc,UCKjEtnnXEHsXE9IvCb92V7g,Press Conference: Louisville vs. Alabama Postgame (2026 Women's Second Round),2026-03-23T13:30:19Z,0,0,
2026-03-23T15:49:09+00:00,q7oYm4P9UKc,UCKjEtnnXEHsXE9IvCb92V7g,100 gorillas vs. Florida Final Boss? 🦍🐊 #shorts,2026-03-23T03:39:28Z,28215,293,29
2026-03-23T15:49:09+00:00,gRNQkeddOeo,UCKjEtnnXEHsXE9IvCb92V7g,“I would light this thing on fire” 🔥🤣,2026-03-23T02:03:26Z,5682,182,5
2026-03-23T15:49:09+00:00,a8PrkqVWt_s,UCKjEtnnXEHsXE9IvCb92V7g,Tony Delk breaks down the difference in the 2025 and 2026 Florida guards. #MarchMadness,2026-03-23T01:13:03Z,2127,9,1
2026-03-23T15:49:40+00:00,25nXjfAtOvc,UCKjEtnnXEHsXE9IvCb92V7g,Press Conference: Louisville vs. Alabama Postgame (2026 Women's Second Round),2026-03-23T13:30:19Z,0,0,
2026-03-23T15:49:40+00:00,q7oYm4P9UKc,UCKjEtnnXEHsXE9IvCb92V7g,100 gorillas vs. Florida Final Boss? 🦍🐊 #shorts,2026-03-23T03:39:28Z,28217,294,29
2026-03-23T15:49:40+00:00,gRNQkeddOeo,UCKjEtnnXEHsXE9IvCb92V7g,“I would light this thing on fire” 🔥🤣,2026-03-23T02:03:26Z,5682,183,5
2026-03-23T15:49:40+00:00,a8PrkqVWt_s,UCKjEtnnXEHsXE9IvCb92V7g,Tony Delk breaks down the difference in the 2025 and 2026 Florida guards. #MarchMadness,2026-03-23T01:13:03Z,2127,9,1
2026-03-23T15:50:10+00:00,25nXjfAtOvc,UCKjEtnnXEHsXE9IvCb92V7g,Press Conference: Louisville vs. Alabama Postgame (2026 Women's Second Round),2026-03-23T13:30:19Z,0,0,
2026-03-23T15:50:10+00:00,q7oYm4P9UKc,UCKjEtnnXEHsXE9IvCb92V7g,100 gorillas vs. Florida Final Boss? 🦍🐊 #shorts,2026-03-23T03:39:28Z,28217,295,29
2026-03-23T15:50:10+00:00,gRNQkeddOeo,UCKjEtnnXEHsXE9IvCb92V7g,“I would light this thing on fire” 🔥🤣,2026-03-23T02:03:26Z,5682,183,5
2026-03-23T15:50:10+00:00,a8PrkqVWt_s,UCKjEtnnXEHsXE9IvCb92V7g,Tony Delk breaks down the difference in the 2025 and 2026 Florida guards. #MarchMadness,2026-03-23T01:13:03Z,2127,9,1
2026-03-23T15:50:41+00:00,25nXjfAtOvc,UCKjEtnnXEHsXE9IvCb92V7g,Press Conference: Louisville vs. Alabama Postgame (2026 Women's Second Round),2026-03-23T13:30:19Z,0,0,
2026-03-23T15:50:41+00:00,q7oYm4P9UKc,UCKjEtnnXEHsXE9IvCb92V7g,100 gorillas vs. Florida Final Boss? 🦍🐊 #shorts,2026-03-23T03:39:28Z,28217,295,29
2026-03-23T15:50:41+00:00,gRNQkeddOeo,UCKjEtnnXEHsXE9IvCb92V7g,“I would light this thing on fire” 🔥🤣,2026-03-23T02:03:26Z,5682,183,5
2026-03-23T15:50:41+00:00,a8PrkqVWt_s,UCKjEtnnXEHsXE9IvCb92V7g,Tony Delk breaks down the difference in the 2025 and 2026 Florida guards. #MarchMadness,2026-03-23T01:13:03Z,2127,9,1
2026-03-23T15:51:11+00:00,25nXjfAtOvc,UCKjEtnnXEHsXE9IvCb92V7g,Press Conference: Louisville vs. Alabama Postgame (2026 Women's Second Round),2026-03-23T13:30:19Z,0,0,
2026-03-23T15:51:11+00:00,q7oYm4P9UKc,UCKjEtnnXEHsXE9IvCb92V7g,100 gorillas vs. Florida Final Boss? 🦍🐊 #shorts,2026-03-23T03:39:28Z,28217,295,29
2026-03-23T15:51:11+00:00,gRNQkeddOeo,UCKjEtnnXEHsXE9IvCb92V7g,“I would light this thing on fire” 🔥🤣,2026-03-23T02:03:26Z,5682,183,5
2026-03-23T15:51:11+00:00,a8PrkqVWt_s,UCKjEtnnXEHsXE9IvCb92V7g,Tony Delk breaks down the difference in the 2025 and 2026 Florida guards. #MarchMadness,2026-03-23T01:13:03Z,2127,9,1
2026-03-23T15:51:41+00:00,25nXjfAtOvc,UCKjEtnnXEHsXE9IvCb92V7g,Press Conference: Louisville vs. Alabama Postgame (2026 Women's Second Round),2026-03-23T13:30:19Z,0,0,
2026-03-23T15:51:41+00:00,q7oYm4P9UKc,UCKjEtnnXEHsXE9IvCb92V7g,100 gorillas vs. Florida Final Boss? 🦍🐊 #shorts,2026-03-23T03:39:28Z,28507,295,29
2026-03-23T15:51:41+00:00,gRNQkeddOeo,UCKjEtnnXEHsXE9IvCb92V7g,“I would light this thing on fire” 🔥🤣,2026-03-23T02:03:26Z,5682,183,5
2026-03-23T15:51:41+00:00,a8PrkqVWt_s,UCKjEtnnXEHsXE9IvCb92V7g,Tony Delk breaks down the difference in the 2025 and 2026 Florida guards. #MarchMadness,2026-03-23T01:13:03Z,2129,9,1
2026-03-23T15:52:12+00:00,25nXjfAtOvc,UCKjEtnnXEHsXE9IvCb92V7g,Press Conference: Louisville vs. Alabama Postgame (2026 Women's Second Round),2026-03-23T13:30:19Z,0,0,
2026-03-23T15:52:12+00:00,q7oYm4P9UKc,UCKjEtnnXEHsXE9IvCb92V7g,100 gorillas vs. Florida Final Boss? 🦍🐊 #shorts,2026-03-23T03:39:28Z,28527,295,29
2026-03-23T15:52:12+00:00,gRNQkeddOeo,UCKjEtnnXEHsXE9IvCb92V7g,“I would light this thing on fire” 🔥🤣,2026-03-23T02:03:26Z,5682,183,5
2026-03-23T15:52:12+00:00,a8PrkqVWt_s,UCKjEtnnXEHsXE9IvCb92V7g,Tony Delk breaks down the difference in the 2025 and 2026 Florida guards. #MarchMadness,2026-03-23T01:13:03Z,2129,9,1
2026-03-23T15:52:43+00:00,25nXjfAtOvc,UCKjEtnnXEHsXE9IvCb92V7g,Press Conference: Louisville vs. Alabama Postgame (2026 Women's Second Round),2026-03-23T13:30:19Z,0,0,
2026-03-23T15:52:43+00:00,q7oYm4P9UKc,UCKjEtnnXEHsXE9IvCb92V7g,100 gorillas vs. Florida Final Boss? 🦍🐊 #shorts,2026-03-23T03:39:28Z,28527,295,29
2026-03-23T15:52:43+00:00,gRNQkeddOeo,UCKjEtnnXEHsXE9IvCb92V7g,“I would light this thing on fire” 🔥🤣,2026-03-23T02:03:26Z,5682,183,5
2026-03-23T15:52:43+00:00,a8PrkqVWt_s,UCKjEtnnXEHsXE9IvCb92V7g,Tony Delk breaks down the difference in the 2025 and 2026 Florida guards. #MarchMadness,2026-03-23T01:13:03Z,2129,9,1
2026-03-23T15:53:14+00:00,25nXjfAtOvc,UCKjEtnnXEHsXE9IvCb92V7g,Press Conference: Louisville vs. Alabama Postgame (2026 Women's Second Round),2026-03-23T13:30:19Z,0,0,
2026-03-23T15:53:14+00:00,q7oYm4P9UKc,UCKjEtnnXEHsXE9IvCb92V7g,100 gorillas vs. Florida Final Boss? 🦍🐊 #shorts,2026-03-23T03:39:28Z,28527,295,29
2026-03-23T15:53:14+00:00,gRNQkeddOeo,UCKjEtnnXEHsXE9IvCb92V7g,“I would light this thing on fire” 🔥🤣,2026-03-23T02:03:26Z,5682,183,5
2026-03-23T15:53:14+00:00,a8PrkqVWt_s,UCKjEtnnXEHsXE9IvCb92V7g,Tony Delk breaks down the difference in the 2025 and 2026 Florida guards. #MarchMadness,2026-03-23T01:13:03Z,2129,9,1
2026-03-23T15:53:45+00:00,25nXjfAtOvc,UCKjEtnnXEHsXE9IvCb92V7g,Press Conference: Louisville vs. Alabama Postgame (2026 Women's Second Round),2026-03-23T13:30:19Z,0,0,
2026-03-23T15:53:45+00:00,q7oYm4P9UKc,UCKjEtnnXEHsXE9IvCb92V7g,100 gorillas vs. Florida Final Boss? 🦍🐊 #shorts,2026-03-23T03:39:28Z,28527,295,29
2026-03-23T15:53:45+00:00,gRNQkeddOeo,UCKjEtnnXEHsXE9IvCb92V7g,“I would light this thing on fire” 🔥🤣,2026-03-23T02:03:26Z,5682,183,5
2026-03-23T15:53:45+00:00,a8PrkqVWt_s,UCKjEtnnXEHsXE9IvCb92V7g,Tony Delk breaks down the difference in the 2025 and 2026 Florida guards. #MarchMadness,2026-03-23T01:13:03Z,2129,9,1
2026-03-23T15:54:16+00:00,25nXjfAtOvc,UCKjEtnnXEHsXE9IvCb92V7g,Press Conference: Louisville vs. Alabama Postgame (2026 Women's Second Round),2026-03-23T13:30:19Z,0,0,
2026-03-23T15:54:16+00:00,q7oYm4P9UKc,UCKjEtnnXEHsXE9IvCb92V7g,100 gorillas vs. Florida Final Boss? 🦍🐊 #shorts,2026-03-23T03:39:28Z,28527,295,29
2026-03-23T15:54:16+00:00,gRNQkeddOeo,UCKjEtnnXEHsXE9IvCb92V7g,“I would light this thing on fire” 🔥🤣,2026-03-23T02:03:26Z,5702,183,5
2026-03-23T15:54:16+00:00,a8PrkqVWt_s,UCKjEtnnXEHsXE9IvCb92V7g,Tony Delk breaks down the difference in the 2025 and 2026 Florida guards. #MarchMadness,2026-03-23T01:13:03Z,2129,9,1
2026-03-23T15:54:47+00:00,25nXjfAtOvc,UCKjEtnnXEHsXE9IvCb92V7g,Press Conference: Louisville vs. Alabama Postgame (2026 Women's Second Round),2026-03-23T13:30:19Z,0,0,
2026-03-23T15:54:47+00:00,q7oYm4P9UKc,UCKjEtnnXEHsXE9IvCb92V7g,100 gorillas vs. Florida Final Boss? 🦍🐊 #shorts,2026-03-23T03:39:28Z,28527,295,29
2026-03-23T15:54:47+00:00,gRNQkeddOeo,UCKjEtnnXEHsXE9IvCb92V7g,“I would light this thing on fire” 🔥🤣,2026-03-23T02:03:26Z,5702,183,5
2026-03-23T15:54:47+00:00,a8PrkqVWt_s,UCKjEtnnXEHsXE9IvCb92V7g,Tony Delk breaks down the difference in the 2025 and 2026 Florida guards. #MarchMadness,2026-03-23T01:13:03Z,2129,9,1
2026-03-23T15:55:18+00:00,25nXjfAtOvc,UCKjEtnnXEHsXE9IvCb92V7g,Press Conference: Louisville vs. Alabama Postgame (2026 Women's Second Round),2026-03-23T13:30:19Z,0,0,
2026-03-23T15:55:18+00:00,q7oYm4P9UKc,UCKjEtnnXEHsXE9IvCb92V7g,100 gorillas vs. Florida Final Boss? 🦍🐊 #shorts,2026-03-23T03:39:28Z,28527,295,29
2026-03-23T15:55:18+00:00,gRNQkeddOeo,UCKjEtnnXEHsXE9IvCb92V7g,“I would light this thing on fire” 🔥🤣,2026-03-23T02:03:26Z,5702,184,5
2026-03-23T15:55:18+00:00,a8PrkqVWt_s,UCKjEtnnXEHsXE9IvCb92V7g,Tony Delk breaks down the difference in the 2025 and 2026 Florida guards. #MarchMadness,2026-03-23T01:13:03Z,2129,9,1
2026-03-23T15:55:49+00:00,25nXjfAtOvc,UCKjEtnnXEHsXE9IvCb92V7g,Press Conference: Louisville vs. Alabama Postgame (2026 Women's Second Round),2026-03-23T13:30:19Z,0,0,
2026-03-23T15:55:49+00:00,q7oYm4P9UKc,UCKjEtnnXEHsXE9IvCb92V7g,100 gorillas vs. Florida Final Boss? 🦍🐊 #shorts,2026-03-23T03:39:28Z,28527,295,29
2026-03-23T15:55:49+00:00,gRNQkeddOeo,UCKjEtnnXEHsXE9IvCb92V7g,“I would light this thing on fire” 🔥🤣,2026-03-23T02:03:26Z,5702,184,5
2026-03-23T15:55:49+00:00,a8PrkqVWt_s,UCKjEtnnXEHsXE9IvCb92V7g,Tony Delk breaks down the difference in the 2025 and 2026 Florida guards. #MarchMadness,2026-03-23T01:13:03Z,2129,9,1
2026-03-23T15:56:20+00:00,25nXjfAtOvc,UCKjEtnnXEHsXE9IvCb92V7g,Press Conference: Louisville vs. Alabama Postgame (2026 Women's Second Round),2026-03-23T13:30:19Z,0,0,
2026-03-23T15:56:20+00:00,q7oYm4P9UKc,UCKjEtnnXEHsXE9IvCb92V7g,100 gorillas vs. Florida Final Boss? 🦍🐊 #shorts,2026-03-23T03:39:28Z,28723,295,29
2026-03-23T15:56:20+00:00,gRNQkeddOeo,UCKjEtnnXEHsXE9IvCb92V7g,“I would light this thing on fire” 🔥🤣,2026-03-23T02:03:26Z,5702,185,5
2026-03-23T15:56:20+00:00,a8PrkqVWt_s,UCKjEtnnXEHsXE9IvCb92V7g,Tony Delk breaks down the difference in the 2025 and 2026 Florida guards. #MarchMadness,2026-03-23T01:13:03Z,2129,9,1
2026-03-23T15:56:50+00:00,25nXjfAtOvc,UCKjEtnnXEHsXE9IvCb92V7g,Press Conference: Louisville vs. Alabama Postgame (2026 Women's Second Round),2026-03-23T13:30:19Z,0,0,
2026-03-23T15:56:50+00:00,q7oYm4P9UKc,UCKjEtnnXEHsXE9IvCb92V7g,100 gorillas vs. Florida Final Boss? 🦍🐊 #shorts,2026-03-23T03:39:28Z,28723,295,29
2026-03-23T15:56:50+00:00,gRNQkeddOeo,UCKjEtnnXEHsXE9IvCb92V7g,“I would light this thing on fire” 🔥🤣,2026-03-23T02:03:26Z,5702,186,5
2026-03-23T15:56:50+00:00,a8PrkqVWt_s,UCKjEtnnXEHsXE9IvCb92V7g,Tony Delk breaks down the difference in the 2025 and 2026 Florida guards. #MarchMadness,2026-03-23T01:13:03Z,2134,9,1
2026-03-23T15:57:21+00:00,25nXjfAtOvc,UCKjEtnnXEHsXE9IvCb92V7g,Press Conference: Louisville vs. Alabama Postgame (2026 Women's Second Round),2026-03-23T13:30:19Z,0,0,
2026-03-23T15:57:21+00:00,q7oYm4P9UKc,UCKjEtnnXEHsXE9IvCb92V7g,100 gorillas vs. Florida Final Boss? 🦍🐊 #shorts,2026-03-23T03:39:28Z,28723,294,29
2026-03-23T15:57:21+00:00,gRNQkeddOeo,UCKjEtnnXEHsXE9IvCb92V7g,“I would light this thing on fire” 🔥🤣,2026-03-23T02:03:26Z,5702,186,5
2026-03-23T15:57:21+00:00,a8PrkqVWt_s,UCKjEtnnXEHsXE9IvCb92V7g,Tony Delk breaks down the difference in the 2025 and 2026 Florida guards. #MarchMadness,2026-03-23T01:13:03Z,2134,9,1
2026-03-23T15:57:52+00:00,25nXjfAtOvc,UCKjEtnnXEHsXE9IvCb92V7g,Press Conference: Louisville vs. Alabama Postgame (2026 Women's Second Round),2026-03-23T13:30:19Z,0,0,
2026-03-23T15:57:52+00:00,q7oYm4P9UKc,UCKjEtnnXEHsXE9IvCb92V7g,100 gorillas vs. Florida Final Boss? 🦍🐊 #shorts,2026-03-23T03:39:28Z,28723,294,29
2026-03-23T15:57:52+00:00,gRNQkeddOeo,UCKjEtnnXEHsXE9IvCb92V7g,“I would light this thing on fire” 🔥🤣,2026-03-23T02:03:26Z,5702,186,5
2026-03-23T15:57:52+00:00,a8PrkqVWt_s,UCKjEtnnXEHsXE9IvCb92V7g,Tony Delk breaks down the difference in the 2025 and 2026 Florida guards. #MarchMadness,2026-03-23T01:13:03Z,2134,9,1
2026-03-23T15:58:22+00:00,25nXjfAtOvc,UCKjEtnnXEHsXE9IvCb92V7g,Press Conference: Louisville vs. Alabama Postgame (2026 Women's Second Round),2026-03-23T13:30:19Z,0,0,
2026-03-23T15:58:22+00:00,q7oYm4P9UKc,UCKjEtnnXEHsXE9IvCb92V7g,100 gorillas vs. Florida Final Boss? 🦍🐊 #shorts,2026-03-23T03:39:28Z,28723,293,29
2026-03-23T15:58:22+00:00,gRNQkeddOeo,UCKjEtnnXEHsXE9IvCb92V7g,“I would light this thing on fire” 🔥🤣,2026-03-23T02:03:26Z,5702,187,5
2026-03-23T15:58:22+00:00,a8PrkqVWt_s,UCKjEtnnXEHsXE9IvCb92V7g,Tony Delk breaks down the difference in the 2025 and 2026 Florida guards. #MarchMadness,2026-03-23T01:13:03Z,2134,9,1
2026-03-23T15:58:53+00:00,25nXjfAtOvc,UCKjEtnnXEHsXE9IvCb92V7g,Press Conference: Louisville vs. Alabama Postgame (2026 Women's Second Round),2026-03-23T13:30:19Z,0,0,
2026-03-23T15:58:53+00:00,q7oYm4P9UKc,UCKjEtnnXEHsXE9IvCb92V7g,100 gorillas vs. Florida Final Boss? 🦍🐊 #shorts,2026-03-23T03:39:28Z,28723,293,29
2026-03-23T15:58:53+00:00,gRNQkeddOeo,UCKjEtnnXEHsXE9IvCb92V7g,“I would light this thing on fire” 🔥🤣,2026-03-23T02:03:26Z,5702,188,5
2026-03-23T15:58:53+00:00,a8PrkqVWt_s,UCKjEtnnXEHsXE9IvCb92V7g,Tony Delk breaks down the difference in the 2025 and 2026 Florida guards. #MarchMadness,2026-03-23T01:13:03Z,2134,9,1
2026-03-23T15:59:24+00:00,25nXjfAtOvc,UCKjEtnnXEHsXE9IvCb92V7g,Press Conference: Louisville vs. Alabama Postgame (2026 Women's Second Round),2026-03-23T13:30:19Z,0,0,
2026-03-23T15:59:24+00:00,q7oYm4P9UKc,UCKjEtnnXEHsXE9IvCb92V7g,100 gorillas vs. Florida Final Boss? 🦍🐊 #shorts,2026-03-23T03:39:28Z,28723,294,29
2026-03-23T15:59:24+00:00,gRNQkeddOeo,UCKjEtnnXEHsXE9IvCb92V7g,“I would light this thing on fire” 🔥🤣,2026-03-23T02:03:26Z,5729,188,5
2026-03-23T15:59:24+00:00,a8PrkqVWt_s,UCKjEtnnXEHsXE9IvCb92V7g,Tony Delk breaks down the difference in the 2025 and 2026 Florida guards. #MarchMadness,2026-03-23T01:13:03Z,2134,9,1
2026-03-23T15:59:55+00:00,25nXjfAtOvc,UCKjEtnnXEHsXE9IvCb92V7g,Press Conference: Louisville vs. Alabama Postgame (2026 Women's Second Round),2026-03-23T13:30:19Z,0,0,
2026-03-23T15:59:55+00:00,q7oYm4P9UKc,UCKjEtnnXEHsXE9IvCb92V7g,100 gorillas vs. Florida Final Boss? 🦍🐊 #shorts,2026-03-23T03:39:28Z,28723,294,29
2026-03-23T15:59:55+00:00,gRNQkeddOeo,UCKjEtnnXEHsXE9IvCb92V7g,“I would light this thing on fire” 🔥🤣,2026-03-23T02:03:26Z,5729,188,5
2026-03-23T15:59:55+00:00,a8PrkqVWt_s,UCKjEtnnXEHsXE9IvCb92V7g,Tony Delk breaks down the difference in the 2025 and 2026 Florida guards. #MarchMadness,2026-03-23T01:13:03Z,2134,9,1
2026-03-23T16:00:26+00:00,25nXjfAtOvc,UCKjEtnnXEHsXE9IvCb92V7g,Press Conference: Louisville vs. Alabama Postgame (2026 Women's Second Round),2026-03-23T13:30:19Z,0,0,
2026-03-23T16:00:26+00:00,q7oYm4P9UKc,UCKjEtnnXEHsXE9IvCb92V7g,100 gorillas vs. Florida Final Boss? 🦍🐊 #shorts,2026-03-23T03:39:28Z,28723,294,29
2026-03-23T16:00:26+00:00,gRNQkeddOeo,UCKjEtnnXEHsXE9IvCb92V7g,“I would light this thing on fire” 🔥🤣,2026-03-23T02:03:26Z,5729,188,5
2026-03-23T16:00:26+00:00,a8PrkqVWt_s,UCKjEtnnXEHsXE9IvCb92V7g,Tony Delk breaks down the difference in the 2025 and 2026 Florida guards. #MarchMadness,2026-03-23T01:13:03Z,2134,9,1
2026-03-23T16:00:57+00:00,25nXjfAtOvc,UCKjEtnnXEHsXE9IvCb92V7g,Press Conference: Louisville vs. Alabama Postgame (2026 Women's Second Round),2026-03-23T13:30:19Z,0,0,
2026-03-23T16:00:57+00:00,q7oYm4P9UKc,UCKjEtnnXEHsXE9IvCb92V7g,100 gorillas vs. Florida Final Boss? 🦍🐊 #shorts,2026-03-23T03:39:28Z,28723,294,29
2026-03-23T16:00:57+00:00,gRNQkeddOeo,UCKjEtnnXEHsXE9IvCb92V7g,“I would light this thing on fire” 🔥🤣,2026-03-23T02:03:26Z,5729,188,5
2026-03-23T16:00:57+00:00,a8PrkqVWt_s,UCKjEtnnXEHsXE9IvCb92V7g,Tony Delk breaks down the difference in the 2025 and 2026 Florida guards. #MarchMadness,2026-03-23T01:13:03Z,2134,9,1
2026-03-23T16:01:28+00:00,25nXjfAtOvc,UCKjEtnnXEHsXE9IvCb92V7g,Press Conference: Louisville vs. Alabama Postgame (2026 Women's Second Round),2026-03-23T13:30:19Z,0,0,
2026-03-23T16:01:28+00:00,q7oYm4P9UKc,UCKjEtnnXEHsXE9IvCb92V7g,100 gorillas vs. Florida Final Boss? 🦍🐊 #shorts,2026-03-23T03:39:28Z,28810,295,29
2026-03-23T16:01:28+00:00,gRNQkeddOeo,UCKjEtnnXEHsXE9IvCb92V7g,“I would light this thing on fire” 🔥🤣,2026-03-23T02:03:26Z,5729,188,5
2026-03-23T16:01:28+00:00,a8PrkqVWt_s,UCKjEtnnXEHsXE9IvCb92V7g,Tony Delk breaks down the difference in the 2025 and 2026 Florida guards. #MarchMadness,2026-03-23T01:13:03Z,2139,9,1
2026-03-23T16:01:59+00:00,25nXjfAtOvc,UCKjEtnnXEHsXE9IvCb92V7g,Press Conference: Louisville vs. Alabama Postgame (2026 Women's Second Round),2026-03-23T13:30:19Z,0,0,
2026-03-23T16:01:59+00:00,q7oYm4P9UKc,UCKjEtnnXEHsXE9IvCb92V7g,100 gorillas vs. Florida Final Boss? 🦍🐊 #shorts,2026-03-23T03:39:28Z,28844,296,29
2026-03-23T16:01:59+00:00,gRNQkeddOeo,UCKjEtnnXEHsXE9IvCb92V7g,“I would light this thing on fire” 🔥🤣,2026-03-23T02:03:26Z,5729,188,5
2026-03-23T16:01:59+00:00,a8PrkqVWt_s,UCKjEtnnXEHsXE9IvCb92V7g,Tony Delk breaks down the difference in the 2025 and 2026 Florida guards. #MarchMadness,2026-03-23T01:13:03Z,2139,9,1
2026-03-23T16:02:29+00:00,25nXjfAtOvc,UCKjEtnnXEHsXE9IvCb92V7g,Press Conference: Louisville vs. Alabama Postgame (2026 Women's Second Round),2026-03-23T13:30:19Z,0,0,
2026-03-23T16:02:29+00:00,q7oYm4P9UKc,UCKjEtnnXEHsXE9IvCb92V7g,100 gorillas vs. Florida Final Boss? 🦍🐊 #shorts,2026-03-23T03:39:28Z,28844,296,29
2026-03-23T16:02:29+00:00,gRNQkeddOeo,UCKjEtnnXEHsXE9IvCb92V7g,“I would light this thing on fire” 🔥🤣,2026-03-23T02:03:26Z,5729,188,5
2026-03-23T16:02:29+00:00,a8PrkqVWt_s,UCKjEtnnXEHsXE9IvCb92V7g,Tony Delk breaks down the difference in the 2025 and 2026 Florida guards. #MarchMadness,2026-03-23T01:13:03Z,2139,9,1
2026-03-23T16:02:59+00:00,25nXjfAtOvc,UCKjEtnnXEHsXE9IvCb92V7g,Press Conference: Louisville vs. Alabama Postgame (2026 Women's Second Round),2026-03-23T13:30:19Z,0,0,
2026-03-23T16:02:59+00:00,q7oYm4P9UKc,UCKjEtnnXEHsXE9IvCb92V7g,100 gorillas vs. Florida Final Boss? 🦍🐊 #shorts,2026-03-23T03:39:28Z,28844,296,29
2026-03-23T16:02:59+00:00,gRNQkeddOeo,UCKjEtnnXEHsXE9IvCb92V7g,“I would light this thing on fire” 🔥🤣,2026-03-23T02:03:26Z,5729,188,5
2026-03-23T16:02:59+00:00,a8PrkqVWt_s,UCKjEtnnXEHsXE9IvCb92V7g,Tony Delk breaks down the difference in the 2025 and 2026 Florida guards. #MarchMadness,2026-03-23T01:13:03Z,2139,9,1
2026-03-23T16:03:30+00:00,25nXjfAtOvc,UCKjEtnnXEHsXE9IvCb92V7g,Press Conference: Louisville vs. Alabama Postgame (2026 Women's Second Round),2026-03-23T13:30:19Z,0,0,
2026-03-23T16:03:30+00:00,q7oYm4P9UKc,UCKjEtnnXEHsXE9IvCb92V7g,100 gorillas vs. Florida Final Boss? 🦍🐊 #shorts,2026-03-23T03:39:28Z,28844,296,29
2026-03-23T16:03:30+00:00,gRNQkeddOeo,UCKjEtnnXEHsXE9IvCb92V7g,“I would light this thing on fire” 🔥🤣,2026-03-23T02:03:26Z,5729,188,5
2026-03-23T16:03:30+00:00,a8PrkqVWt_s,UCKjEtnnXEHsXE9IvCb92V7g,Tony Delk breaks down the difference in the 2025 and 2026 Florida guards. #MarchMadness,2026-03-23T01:13:03Z,2139,9,1
2026-03-23T16:04:01+00:00,25nXjfAtOvc,UCKjEtnnXEHsXE9IvCb92V7g,Press Conference: Louisville vs. Alabama Postgame (2026 Women's Second Round),2026-03-23T13:30:19Z,0,0,
2026-03-23T16:04:01+00:00,q7oYm4P9UKc,UCKjEtnnXEHsXE9IvCb92V7g,100 gorillas vs. Florida Final Boss? 🦍🐊 #shorts,2026-03-23T03:39:28Z,28844,296,29
2026-03-23T16:04:01+00:00,gRNQkeddOeo,UCKjEtnnXEHsXE9IvCb92V7g,“I would light this thing on fire” 🔥🤣,2026-03-23T02:03:26Z,5729,188,5
2026-03-23T16:04:01+00:00,a8PrkqVWt_s,UCKjEtnnXEHsXE9IvCb92V7g,Tony Delk breaks down the difference in the 2025 and 2026 Florida guards. #MarchMadness,2026-03-23T01:13:03Z,2139,9,1
2026-03-23T16:04:32+00:00,25nXjfAtOvc,UCKjEtnnXEHsXE9IvCb92V7g,Press Conference: Louisville vs. Alabama Postgame (2026 Women's Second Round),2026-03-23T13:30:19Z,0,0,
2026-03-23T16:04:32+00:00,q7oYm4P9UKc,UCKjEtnnXEHsXE9IvCb92V7g,100 gorillas vs. Florida Final Boss? 🦍🐊 #shorts,2026-03-23T03:39:28Z,28844,296,29
2026-03-23T16:04:32+00:00,gRNQkeddOeo,UCKjEtnnXEHsXE9IvCb92V7g,“I would light this thing on fire” 🔥🤣,2026-03-23T02:03:26Z,5746,188,5
2026-03-23T16:04:32+00:00,a8PrkqVWt_s,UCKjEtnnXEHsXE9IvCb92V7g,Tony Delk breaks down the difference in the 2025 and 2026 Florida guards. #MarchMadness,2026-03-23T01:13:03Z,2139,9,1
2026-03-23T16:05:03+00:00,25nXjfAtOvc,UCKjEtnnXEHsXE9IvCb92V7g,Press Conference: Louisville vs. Alabama Postgame (2026 Women's Second Round),2026-03-23T13:30:19Z,0,0,
2026-03-23T16:05:03+00:00,q7oYm4P9UKc,UCKjEtnnXEHsXE9IvCb92V7g,100 gorillas vs. Florida Final Boss? 🦍🐊 #shorts,2026-03-23T03:39:28Z,28844,297,29
2026-03-23T16:05:03+00:00,gRNQkeddOeo,UCKjEtnnXEHsXE9IvCb92V7g,“I would light this thing on fire” 🔥🤣,2026-03-23T02:03:26Z,5746,188,5
2026-03-23T16:05:03+00:00,a8PrkqVWt_s,UCKjEtnnXEHsXE9IvCb92V7g,Tony Delk breaks down the difference in the 2025 and 2026 Florida guards. #MarchMadness,2026-03-23T01:13:03Z,2139,9,1
2026-03-23T16:05:34+00:00,25nXjfAtOvc,UCKjEtnnXEHsXE9IvCb92V7g,Press Conference: Louisville vs. Alabama Postgame (2026 Women's Second Round),2026-03-23T13:30:19Z,0,0,
2026-03-23T16:05:34+00:00,q7oYm4P9UKc,UCKjEtnnXEHsXE9IvCb92V7g,100 gorillas vs. Florida Final Boss? 🦍🐊 #shorts,2026-03-23T03:39:28Z,28844,298,29
2026-03-23T16:05:34+00:00,gRNQkeddOeo,UCKjEtnnXEHsXE9IvCb92V7g,“I would light this thing on fire” 🔥🤣,2026-03-23T02:03:26Z,5746,188,5
2026-03-23T16:05:34+00:00,a8PrkqVWt_s,UCKjEtnnXEHsXE9IvCb92V7g,Tony Delk breaks down the difference in the 2025 and 2026 Florida guards. #MarchMadness,2026-03-23T01:13:03Z,2139,9,1
2026-03-23T16:06:04+00:00,25nXjfAtOvc,UCKjEtnnXEHsXE9IvCb92V7g,Press Conference: Louisville vs. Alabama Postgame (2026 Women's Second Round),2026-03-23T13:30:19Z,0,0,
2026-03-23T16:06:04+00:00,q7oYm4P9UKc,UCKjEtnnXEHsXE9IvCb92V7g,100 gorillas vs. Florida Final Boss? 🦍🐊 #shorts,2026-03-23T03:39:28Z,28844,298,29
2026-03-23T16:06:04+00:00,gRNQkeddOeo,UCKjEtnnXEHsXE9IvCb92V7g,“I would light this thing on fire” 🔥🤣,2026-03-23T02:03:26Z,5746,188,5
2026-03-23T16:06:04+00:00,a8PrkqVWt_s,UCKjEtnnXEHsXE9IvCb92V7g,Tony Delk breaks down the difference in the 2025 and 2026 Florida guards. #MarchMadness,2026-03-23T01:13:03Z,2139,9,1
2026-03-23T16:06:35+00:00,25nXjfAtOvc,UCKjEtnnXEHsXE9IvCb92V7g,Press Conference: Louisville vs. Alabama Postgame (2026 Women's Second Round),2026-03-23T13:30:19Z,0,0,
2026-03-23T16:06:35+00:00,q7oYm4P9UKc,UCKjEtnnXEHsXE9IvCb92V7g,100 gorillas vs. Florida Final Boss? 🦍🐊 #shorts,2026-03-23T03:39:28Z,29054,298,29
2026-03-23T16:06:35+00:00,gRNQkeddOeo,UCKjEtnnXEHsXE9IvCb92V7g,“I would light this thing on fire” 🔥🤣,2026-03-23T02:03:26Z,5746,188,5
2026-03-23T16:06:35+00:00,a8PrkqVWt_s,UCKjEtnnXEHsXE9IvCb92V7g,Tony Delk breaks down the difference in the 2025 and 2026 Florida guards. #MarchMadness,2026-03-23T01:13:03Z,2141,9,1
2026-03-23T16:07:06+00:00,25nXjfAtOvc,UCKjEtnnXEHsXE9IvCb92V7g,Press Conference: Louisville vs. Alabama Postgame (2026 Women's Second Round),2026-03-23T13:30:19Z,0,0,
2026-03-23T16:07:06+00:00,q7oYm4P9UKc,UCKjEtnnXEHsXE9IvCb92V7g,100 gorillas vs. Florida Final Boss? 🦍🐊 #shorts,2026-03-23T03:39:28Z,29066,299,29
2026-03-23T16:07:06+00:00,gRNQkeddOeo,UCKjEtnnXEHsXE9IvCb92V7g,“I would light this thing on fire” 🔥🤣,2026-03-23T02:03:26Z,5746,188,5
2026-03-23T16:07:06+00:00,a8PrkqVWt_s,UCKjEtnnXEHsXE9IvCb92V7g,Tony Delk breaks down the difference in the 2025 and 2026 Florida guards. #MarchMadness,2026-03-23T01:13:03Z,2141,9,1
2026-03-23T16:07:37+00:00,25nXjfAtOvc,UCKjEtnnXEHsXE9IvCb92V7g,Press Conference: Louisville vs. Alabama Postgame (2026 Women's Second Round),2026-03-23T13:30:19Z,0,0,
2026-03-23T16:07:37+00:00,q7oYm4P9UKc,UCKjEtnnXEHsXE9IvCb92V7g,100 gorillas vs. Florida Final Boss? 🦍🐊 #shorts,2026-03-23T03:39:28Z,29066,299,29
2026-03-23T16:07:37+00:00,gRNQkeddOeo,UCKjEtnnXEHsXE9IvCb92V7g,“I would light this thing on fire” 🔥🤣,2026-03-23T02:03:26Z,5719,188,5
2026-03-23T16:07:37+00:00,a8PrkqVWt_s,UCKjEtnnXEHsXE9IvCb92V7g,Tony Delk breaks down the difference in the 2025 and 2026 Florida guards. #MarchMadness,2026-03-23T01:13:03Z,2141,9,1
2026-03-23T16:08:08+00:00,25nXjfAtOvc,UCKjEtnnXEHsXE9IvCb92V7g,Press Conference: Louisville vs. Alabama Postgame (2026 Women's Second Round),2026-03-23T13:30:19Z,0,0,
2026-03-23T16:08:08+00:00,q7oYm4P9UKc,UCKjEtnnXEHsXE9IvCb92V7g,100 gorillas vs. Florida Final Boss? 🦍🐊 #shorts,2026-03-23T03:39:28Z,29066,299,29
2026-03-23T16:08:08+00:00,gRNQkeddOeo,UCKjEtnnXEHsXE9IvCb92V7g,“I would light this thing on fire” 🔥🤣,2026-03-23T02:03:26Z,5719,189,5
2026-03-23T16:08:08+00:00,a8PrkqVWt_s,UCKjEtnnXEHsXE9IvCb92V7g,Tony Delk breaks down the difference in the 2025 and 2026 Florida guards. #MarchMadness,2026-03-23T01:13:03Z,2141,9,1
2026-03-23T16:08:39+00:00,25nXjfAtOvc,UCKjEtnnXEHsXE9IvCb92V7g,Press Conference: Louisville vs. Alabama Postgame (2026 Women's Second Round),2026-03-23T13:30:19Z,0,0,
2026-03-23T16:08:39+00:00,q7oYm4P9UKc,UCKjEtnnXEHsXE9IvCb92V7g,100 gorillas vs. Florida Final Boss? 🦍🐊 #shorts,2026-03-23T03:39:28Z,29066,299,29
2026-03-23T16:08:39+00:00,gRNQkeddOeo,UCKjEtnnXEHsXE9IvCb92V7g,“I would light this thing on fire” 🔥🤣,2026-03-23T02:03:26Z,5719,189,5
2026-03-23T16:08:39+00:00,a8PrkqVWt_s,UCKjEtnnXEHsXE9IvCb92V7g,Tony Delk breaks down the difference in the 2025 and 2026 Florida guards. #MarchMadness,2026-03-23T01:13:03Z,2141,9,1
2026-03-23T16:09:09+00:00,25nXjfAtOvc,UCKjEtnnXEHsXE9IvCb92V7g,Press Conference: Louisville vs. Alabama Postgame (2026 Women's Second Round),2026-03-23T13:30:19Z,0,0,
2026-03-23T16:09:09+00:00,q7oYm4P9UKc,UCKjEtnnXEHsXE9IvCb92V7g,100 gorillas vs. Florida Final Boss? 🦍🐊 #shorts,2026-03-23T03:39:28Z,29066,299,29
2026-03-23T16:09:09+00:00,gRNQkeddOeo,UCKjEtnnXEHsXE9IvCb92V7g,“I would light this thing on fire” 🔥🤣,2026-03-23T02:03:26Z,5737,189,5
2026-03-23T16:09:09+00:00,a8PrkqVWt_s,UCKjEtnnXEHsXE9IvCb92V7g,Tony Delk breaks down the difference in the 2025 and 2026 Florida guards. #MarchMadness,2026-03-23T01:13:03Z,2141,9,1
2026-03-23T16:09:39+00:00,25nXjfAtOvc,UCKjEtnnXEHsXE9IvCb92V7g,Press Conference: Louisville vs. Alabama Postgame (2026 Women's Second Round),2026-03-23T13:30:19Z,0,0,
2026-03-23T16:09:39+00:00,q7oYm4P9UKc,UCKjEtnnXEHsXE9IvCb92V7g,100 gorillas vs. Florida Final Boss? 🦍🐊 #shorts,2026-03-23T03:39:28Z,29066,299,29
2026-03-23T16:09:39+00:00,gRNQkeddOeo,UCKjEtnnXEHsXE9IvCb92V7g,“I would light this thing on fire” 🔥🤣,2026-03-23T02:03:26Z,5737,189,5
2026-03-23T16:09:39+00:00,a8PrkqVWt_s,UCKjEtnnXEHsXE9IvCb92V7g,Tony Delk breaks down the difference in the 2025 and 2026 Florida guards. #MarchMadness,2026-03-23T01:13:03Z,2141,9,1
2026-03-23T16:10:10+00:00,25nXjfAtOvc,UCKjEtnnXEHsXE9IvCb92V7g,Press Conference: Louisville vs. Alabama Postgame (2026 Women's Second Round),2026-03-23T13:30:19Z,0,0,
2026-03-23T16:10:10+00:00,q7oYm4P9UKc,UCKjEtnnXEHsXE9IvCb92V7g,100 gorillas vs. Florida Final Boss? 🦍🐊 #shorts,2026-03-23T03:39:28Z,29066,300,29
2026-03-23T16:10:10+00:00,gRNQkeddOeo,UCKjEtnnXEHsXE9IvCb92V7g,“I would light this thing on fire” 🔥🤣,2026-03-23T02:03:26Z,5741,189,5
2026-03-23T16:10:10+00:00,a8PrkqVWt_s,UCKjEtnnXEHsXE9IvCb92V7g,Tony Delk breaks down the difference in the 2025 and 2026 Florida guards. #MarchMadness,2026-03-23T01:13:03Z,2141,9,1
2026-03-23T16:10:40+00:00,25nXjfAtOvc,UCKjEtnnXEHsXE9IvCb92V7g,Press Conference: Louisville vs. Alabama Postgame (2026 Women's Second Round),2026-03-23T13:30:19Z,0,0,
2026-03-23T16:10:40+00:00,q7oYm4P9UKc,UCKjEtnnXEHsXE9IvCb92V7g,100 gorillas vs. Florida Final Boss? 🦍🐊 #shorts,2026-03-23T03:39:28Z,29066,300,29
2026-03-23T16:10:40+00:00,gRNQkeddOeo,UCKjEtnnXEHsXE9IvCb92V7g,“I would light this thing on fire” 🔥🤣,2026-03-23T02:03:26Z,5741,189,5
2026-03-23T16:10:40+00:00,a8PrkqVWt_s,UCKjEtnnXEHsXE9IvCb92V7g,Tony Delk breaks down the difference in the 2025 and 2026 Florida guards. #MarchMadness,2026-03-23T01:13:03Z,2141,9,1
2026-03-23T16:11:11+00:00,25nXjfAtOvc,UCKjEtnnXEHsXE9IvCb92V7g,Press Conference: Louisville vs. Alabama Postgame (2026 Women's Second Round),2026-03-23T13:30:19Z,0,0,
2026-03-23T16:11:11+00:00,q7oYm4P9UKc,UCKjEtnnXEHsXE9IvCb92V7g,100 gorillas vs. Florida Final Boss? 🦍🐊 #shorts,2026-03-23T03:39:28Z,29207,300,29
2026-03-23T16:11:11+00:00,gRNQkeddOeo,UCKjEtnnXEHsXE9IvCb92V7g,“I would light this thing on fire” 🔥🤣,2026-03-23T02:03:26Z,5741,189,5
2026-03-23T16:11:11+00:00,a8PrkqVWt_s,UCKjEtnnXEHsXE9IvCb92V7g,Tony Delk breaks down the difference in the 2025 and 2026 Florida guards. #MarchMadness,2026-03-23T01:13:03Z,2141,9,1
2026-03-23T16:11:42+00:00,25nXjfAtOvc,UCKjEtnnXEHsXE9IvCb92V7g,Press Conference: Louisville vs. Alabama Postgame (2026 Women's Second Round),2026-03-23T13:30:19Z,0,0,
2026-03-23T16:11:42+00:00,q7oYm4P9UKc,UCKjEtnnXEHsXE9IvCb92V7g,100 gorillas vs. Florida Final Boss? 🦍🐊 #shorts,2026-03-23T03:39:28Z,29210,300,29
2026-03-23T16:11:42+00:00,gRNQkeddOeo,UCKjEtnnXEHsXE9IvCb92V7g,“I would light this thing on fire” 🔥🤣,2026-03-23T02:03:26Z,5741,189,5
2026-03-23T16:11:42+00:00,a8PrkqVWt_s,UCKjEtnnXEHsXE9IvCb92V7g,Tony Delk breaks down the difference in the 2025 and 2026 Florida guards. #MarchMadness,2026-03-23T01:13:03Z,2141,9,1
2026-03-23T16:12:12+00:00,25nXjfAtOvc,UCKjEtnnXEHsXE9IvCb92V7g,Press Conference: Louisville vs. Alabama Postgame (2026 Women's Second Round),2026-03-23T13:30:19Z,0,0,
2026-03-23T16:12:12+00:00,q7oYm4P9UKc,UCKjEtnnXEHsXE9IvCb92V7g,100 gorillas vs. Florida Final Boss? 🦍🐊 #shorts,2026-03-23T03:39:28Z,29213,300,29
2026-03-23T16:12:12+00:00,gRNQkeddOeo,UCKjEtnnXEHsXE9IvCb92V7g,“I would light this thing on fire” 🔥🤣,2026-03-23T02:03:26Z,5741,189,5
2026-03-23T16:12:12+00:00,a8PrkqVWt_s,UCKjEtnnXEHsXE9IvCb92V7g,Tony Delk breaks down the difference in the 2025 and 2026 Florida guards. #MarchMadness,2026-03-23T01:13:03Z,2141,9,1
2026-03-23T16:12:42+00:00,25nXjfAtOvc,UCKjEtnnXEHsXE9IvCb92V7g,Press Conference: Louisville vs. Alabama Postgame (2026 Women's Second Round),2026-03-23T13:30:19Z,0,0,
2026-03-23T16:12:42+00:00,q7oYm4P9UKc,UCKjEtnnXEHsXE9IvCb92V7g,100 gorillas vs. Florida Final Boss? 🦍🐊 #shorts,2026-03-23T03:39:28Z,29213,300,29
2026-03-23T16:12:42+00:00,gRNQkeddOeo,UCKjEtnnXEHsXE9IvCb92V7g,“I would light this thing on fire” 🔥🤣,2026-03-23T02:03:26Z,5741,189,5
2026-03-23T16:12:42+00:00,a8PrkqVWt_s,UCKjEtnnXEHsXE9IvCb92V7g,Tony Delk breaks down the difference in the 2025 and 2026 Florida guards. #MarchMadness,2026-03-23T01:13:03Z,2141,9,1
2026-03-23T16:13:12+00:00,25nXjfAtOvc,UCKjEtnnXEHsXE9IvCb92V7g,Press Conference: Louisville vs. Alabama Postgame (2026 Women's Second Round),2026-03-23T13:30:19Z,0,0,
2026-03-23T16:13:12+00:00,q7oYm4P9UKc,UCKjEtnnXEHsXE9IvCb92V7g,100 gorillas vs. Florida Final Boss? 🦍🐊 #shorts,2026-03-23T03:39:28Z,29213,300,29
2026-03-23T16:13:12+00:00,gRNQkeddOeo,UCKjEtnnXEHsXE9IvCb92V7g,“I would light this thing on fire” 🔥🤣,2026-03-23T02:03:26Z,5741,189,5
2026-03-23T16:13:12+00:00,a8PrkqVWt_s,UCKjEtnnXEHsXE9IvCb92V7g,Tony Delk breaks down the difference in the 2025 and 2026 Florida guards. #MarchMadness,2026-03-23T01:13:03Z,2141,9,1
2026-03-23T16:13:43+00:00,25nXjfAtOvc,UCKjEtnnXEHsXE9IvCb92V7g,Press Conference: Louisville vs. Alabama Postgame (2026 Women's Second Round),2026-03-23T13:30:19Z,0,0,
2026-03-23T16:13:43+00:00,q7oYm4P9UKc,UCKjEtnnXEHsXE9IvCb92V7g,100 gorillas vs. Florida Final Boss? 🦍🐊 #shorts,2026-03-23T03:39:28Z,29213,300,29
2026-03-23T16:13:43+00:00,gRNQkeddOeo,UCKjEtnnXEHsXE9IvCb92V7g,“I would light this thing on fire” 🔥🤣,2026-03-23T02:03:26Z,5741,189,5
2026-03-23T16:13:43+00:00,a8PrkqVWt_s,UCKjEtnnXEHsXE9IvCb92V7g,Tony Delk breaks down the difference in the 2025 and 2026 Florida guards. #MarchMadness,2026-03-23T01:13:03Z,2141,9,1
2026-03-23T16:14:13+00:00,25nXjfAtOvc,UCKjEtnnXEHsXE9IvCb92V7g,Press Conference: Louisville vs. Alabama Postgame (2026 Women's Second Round),2026-03-23T13:30:19Z,0,0,
2026-03-23T16:14:13+00:00,q7oYm4P9UKc,UCKjEtnnXEHsXE9IvCb92V7g,100 gorillas vs. Florida Final Boss? 🦍🐊 #shorts,2026-03-23T03:39:28Z,29213,300,29
2026-03-23T16:14:13+00:00,gRNQkeddOeo,UCKjEtnnXEHsXE9IvCb92V7g,“I would light this thing on fire” 🔥🤣,2026-03-23T02:03:26Z,5768,190,5
2026-03-23T16:14:13+00:00,a8PrkqVWt_s,UCKjEtnnXEHsXE9IvCb92V7g,Tony Delk breaks down the difference in the 2025 and 2026 Florida guards. #MarchMadness,2026-03-23T01:13:03Z,2141,9,1
2026-03-23T16:14:43+00:00,25nXjfAtOvc,UCKjEtnnXEHsXE9IvCb92V7g,Press Conference: Louisville vs. Alabama Postgame (2026 Women's Second Round),2026-03-23T13:30:19Z,0,0,
2026-03-23T16:14:43+00:00,q7oYm4P9UKc,UCKjEtnnXEHsXE9IvCb92V7g,100 gorillas vs. Florida Final Boss? 🦍🐊 #shorts,2026-03-23T03:39:28Z,29213,301,29
2026-03-23T16:14:43+00:00,gRNQkeddOeo,UCKjEtnnXEHsXE9IvCb92V7g,“I would light this thing on fire” 🔥🤣,2026-03-23T02:03:26Z,5768,190,5
2026-03-23T16:14:43+00:00,a8PrkqVWt_s,UCKjEtnnXEHsXE9IvCb92V7g,Tony Delk breaks down the difference in the 2025 and 2026 Florida guards. #MarchMadness,2026-03-23T01:13:03Z,2141,9,1
2026-03-23T16:15:14+00:00,25nXjfAtOvc,UCKjEtnnXEHsXE9IvCb92V7g,Press Conference: Louisville vs. Alabama Postgame (2026 Women's Second Round),2026-03-23T13:30:19Z,0,0,
2026-03-23T16:15:14+00:00,q7oYm4P9UKc,UCKjEtnnXEHsXE9IvCb92V7g,100 gorillas vs. Florida Final Boss? 🦍🐊 #shorts,2026-03-23T03:39:28Z,29213,301,29
2026-03-23T16:15:14+00:00,gRNQkeddOeo,UCKjEtnnXEHsXE9IvCb92V7g,“I would light this thing on fire” 🔥🤣,2026-03-23T02:03:26Z,5768,191,5
2026-03-23T16:15:14+00:00,a8PrkqVWt_s,UCKjEtnnXEHsXE9IvCb92V7g,Tony Delk breaks down the difference in the 2025 and 2026 Florida guards. #MarchMadness,2026-03-23T01:13:03Z,2141,9,1
2026-03-23T16:15:44+00:00,25nXjfAtOvc,UCKjEtnnXEHsXE9IvCb92V7g,Press Conference: Louisville vs. Alabama Postgame (2026 Women's Second Round),2026-03-23T13:30:19Z,0,0,
2026-03-23T16:15:44+00:00,q7oYm4P9UKc,UCKjEtnnXEHsXE9IvCb92V7g,100 gorillas vs. Florida Final Boss? 🦍🐊 #shorts,2026-03-23T03:39:28Z,29213,301,29
2026-03-23T16:15:44+00:00,gRNQkeddOeo,UCKjEtnnXEHsXE9IvCb92V7g,“I would light this thing on fire” 🔥🤣,2026-03-23T02:03:26Z,5768,191,5
2026-03-23T16:15:44+00:00,a8PrkqVWt_s,UCKjEtnnXEHsXE9IvCb92V7g,Tony Delk breaks down the difference in the 2025 and 2026 Florida guards. #MarchMadness,2026-03-23T01:13:03Z,2141,9,1
2026-03-23T16:16:14+00:00,25nXjfAtOvc,UCKjEtnnXEHsXE9IvCb92V7g,Press Conference: Louisville vs. Alabama Postgame (2026 Women's Second Round),2026-03-23T13:30:19Z,0,0,
2026-03-23T16:16:14+00:00,q7oYm4P9UKc,UCKjEtnnXEHsXE9IvCb92V7g,100 gorillas vs. Florida Final Boss? 🦍🐊 #shorts,2026-03-23T03:39:28Z,29343,301,29
2026-03-23T16:16:14+00:00,gRNQkeddOeo,UCKjEtnnXEHsXE9IvCb92V7g,“I would light this thing on fire” 🔥🤣,2026-03-23T02:03:26Z,5768,191,5
2026-03-23T16:16:14+00:00,a8PrkqVWt_s,UCKjEtnnXEHsXE9IvCb92V7g,Tony Delk breaks down the difference in the 2025 and 2026 Florida guards. #MarchMadness,2026-03-23T01:13:03Z,2143,9,1
2026-03-23T16:16:45+00:00,25nXjfAtOvc,UCKjEtnnXEHsXE9IvCb92V7g,Press Conference: Louisville vs. Alabama Postgame (2026 Women's Second Round),2026-03-23T13:30:19Z,0,0,
2026-03-23T16:16:45+00:00,q7oYm4P9UKc,UCKjEtnnXEHsXE9IvCb92V7g,100 gorillas vs. Florida Final Boss? 🦍🐊 #shorts,2026-03-23T03:39:28Z,29343,301,29
2026-03-23T16:16:45+00:00,gRNQkeddOeo,UCKjEtnnXEHsXE9IvCb92V7g,“I would light this thing on fire” 🔥🤣,2026-03-23T02:03:26Z,5768,191,5
2026-03-23T16:16:45+00:00,a8PrkqVWt_s,UCKjEtnnXEHsXE9IvCb92V7g,Tony Delk breaks down the difference in the 2025 and 2026 Florida guards. #MarchMadness,2026-03-23T01:13:03Z,2143,9,1
2026-03-23T16:17:15+00:00,25nXjfAtOvc,UCKjEtnnXEHsXE9IvCb92V7g,Press Conference: Louisville vs. Alabama Postgame (2026 Women's Second Round),2026-03-23T13:30:19Z,0,0,
2026-03-23T16:17:15+00:00,q7oYm4P9UKc,UCKjEtnnXEHsXE9IvCb92V7g,100 gorillas vs. Florida Final Boss? 🦍🐊 #shorts,2026-03-23T03:39:28Z,29343,301,29
2026-03-23T16:17:15+00:00,gRNQkeddOeo,UCKjEtnnXEHsXE9IvCb92V7g,“I would light this thing on fire” 🔥🤣,2026-03-23T02:03:26Z,5768,191,5
2026-03-23T16:17:15+00:00,a8PrkqVWt_s,UCKjEtnnXEHsXE9IvCb92V7g,Tony Delk breaks down the difference in the 2025 and 2026 Florida guards. #MarchMadness,2026-03-23T01:13:03Z,2143,9,1
2026-03-23T16:17:46+00:00,25nXjfAtOvc,UCKjEtnnXEHsXE9IvCb92V7g,Press Conference: Louisville vs. Alabama Postgame (2026 Women's Second Round),2026-03-23T13:30:19Z,0,0,
2026-03-23T16:17:46+00:00,q7oYm4P9UKc,UCKjEtnnXEHsXE9IvCb92V7g,100 gorillas vs. Florida Final Boss? 🦍🐊 #shorts,2026-03-23T03:39:28Z,29343,301,29
2026-03-23T16:17:46+00:00,gRNQkeddOeo,UCKjEtnnXEHsXE9IvCb92V7g,“I would light this thing on fire” 🔥🤣,2026-03-23T02:03:26Z,5768,192,5
2026-03-23T16:17:46+00:00,a8PrkqVWt_s,UCKjEtnnXEHsXE9IvCb92V7g,Tony Delk breaks down the difference in the 2025 and 2026 Florida guards. #MarchMadness,2026-03-23T01:13:03Z,2143,9,1
2026-03-23T16:18:17+00:00,25nXjfAtOvc,UCKjEtnnXEHsXE9IvCb92V7g,Press Conference: Louisville vs. Alabama Postgame (2026 Women's Second Round),2026-03-23T13:30:19Z,0,0,
2026-03-23T16:18:17+00:00,q7oYm4P9UKc,UCKjEtnnXEHsXE9IvCb92V7g,100 gorillas vs. Florida Final Boss? 🦍🐊 #shorts,2026-03-23T03:39:28Z,29343,301,29
2026-03-23T16:18:17+00:00,gRNQkeddOeo,UCKjEtnnXEHsXE9IvCb92V7g,“I would light this thing on fire” 🔥🤣,2026-03-23T02:03:26Z,5768,192,5
2026-03-23T16:18:17+00:00,a8PrkqVWt_s,UCKjEtnnXEHsXE9IvCb92V7g,Tony Delk breaks down the difference in the 2025 and 2026 Florida guards. #MarchMadness,2026-03-23T01:13:03Z,2143,9,1
2026-03-23T16:18:48+00:00,25nXjfAtOvc,UCKjEtnnXEHsXE9IvCb92V7g,Press Conference: Louisville vs. Alabama Postgame (2026 Women's Second Round),2026-03-23T13:30:19Z,0,0,
2026-03-23T16:18:48+00:00,q7oYm4P9UKc,UCKjEtnnXEHsXE9IvCb92V7g,100 gorillas vs. Florida Final Boss? 🦍🐊 #shorts,2026-03-23T03:39:28Z,29343,301,29
2026-03-23T16:18:48+00:00,gRNQkeddOeo,UCKjEtnnXEHsXE9IvCb92V7g,“I would light this thing on fire” 🔥🤣,2026-03-23T02:03:26Z,5768,192,5
2026-03-23T16:18:48+00:00,a8PrkqVWt_s,UCKjEtnnXEHsXE9IvCb92V7g,Tony Delk breaks down the difference in the 2025 and 2026 Florida guards. #MarchMadness,2026-03-23T01:13:03Z,2143,9,1
2026-03-23T16:19:18+00:00,25nXjfAtOvc,UCKjEtnnXEHsXE9IvCb92V7g,Press Conference: Louisville vs. Alabama Postgame (2026 Women's Second Round),2026-03-23T13:30:19Z,0,0,
2026-03-23T16:19:18+00:00,q7oYm4P9UKc,UCKjEtnnXEHsXE9IvCb92V7g,100 gorillas vs. Florida Final Boss? 🦍🐊 #shorts,2026-03-23T03:39:28Z,29343,301,29
2026-03-23T16:19:18+00:00,gRNQkeddOeo,UCKjEtnnXEHsXE9IvCb92V7g,“I would light this thing on fire” 🔥🤣,2026-03-23T02:03:26Z,5789,192,5
2026-03-23T16:19:18+00:00,a8PrkqVWt_s,UCKjEtnnXEHsXE9IvCb92V7g,Tony Delk breaks down the difference in the 2025 and 2026 Florida guards. #MarchMadness,2026-03-23T01:13:03Z,2143,9,1
2026-03-23T16:19:48+00:00,25nXjfAtOvc,UCKjEtnnXEHsXE9IvCb92V7g,Press Conference: Louisville vs. Alabama Postgame (2026 Women's Second Round),2026-03-23T13:30:19Z,0,0,
2026-03-23T16:19:48+00:00,q7oYm4P9UKc,UCKjEtnnXEHsXE9IvCb92V7g,100 gorillas vs. Florida Final Boss? 🦍🐊 #shorts,2026-03-23T03:39:28Z,29343,301,29
2026-03-23T16:19:48+00:00,gRNQkeddOeo,UCKjEtnnXEHsXE9IvCb92V7g,“I would light this thing on fire” 🔥🤣,2026-03-23T02:03:26Z,5789,192,5
2026-03-23T16:19:48+00:00,a8PrkqVWt_s,UCKjEtnnXEHsXE9IvCb92V7g,Tony Delk breaks down the difference in the 2025 and 2026 Florida guards. #MarchMadness,2026-03-23T01:13:03Z,2143,9,1
2026-03-23T16:20:19+00:00,25nXjfAtOvc,UCKjEtnnXEHsXE9IvCb92V7g,Press Conference: Louisville vs. Alabama Postgame (2026 Women's Second Round),2026-03-23T13:30:19Z,0,0,
2026-03-23T16:20:19+00:00,q7oYm4P9UKc,UCKjEtnnXEHsXE9IvCb92V7g,100 gorillas vs. Florida Final Boss? 🦍🐊 #shorts,2026-03-23T03:39:28Z,29343,303,29
2026-03-23T16:20:19+00:00,gRNQkeddOeo,UCKjEtnnXEHsXE9IvCb92V7g,“I would light this thing on fire” 🔥🤣,2026-03-23T02:03:26Z,5789,192,5
2026-03-23T16:20:19+00:00,a8PrkqVWt_s,UCKjEtnnXEHsXE9IvCb92V7g,Tony Delk breaks down the difference in the 2025 and 2026 Florida guards. #MarchMadness,2026-03-23T01:13:03Z,2143,9,1
2026-03-23T16:20:50+00:00,25nXjfAtOvc,UCKjEtnnXEHsXE9IvCb92V7g,Press Conference: Louisville vs. Alabama Postgame (2026 Women's Second Round),2026-03-23T13:30:19Z,0,0,
2026-03-23T16:20:50+00:00,q7oYm4P9UKc,UCKjEtnnXEHsXE9IvCb92V7g,100 gorillas vs. Florida Final Boss? 🦍🐊 #shorts,2026-03-23T03:39:28Z,29343,304,29
2026-03-23T16:20:50+00:00,gRNQkeddOeo,UCKjEtnnXEHsXE9IvCb92V7g,“I would light this thing on fire” 🔥🤣,2026-03-23T02:03:26Z,5789,192,5
2026-03-23T16:20:50+00:00,a8PrkqVWt_s,UCKjEtnnXEHsXE9IvCb92V7g,Tony Delk breaks down the difference in the 2025 and 2026 Florida guards. #MarchMadness,2026-03-23T01:13:03Z,2143,9,1
2026-03-23T16:21:21+00:00,25nXjfAtOvc,UCKjEtnnXEHsXE9IvCb92V7g,Press Conference: Louisville vs. Alabama Postgame (2026 Women's Second Round),2026-03-23T13:30:19Z,0,0,
2026-03-23T16:21:21+00:00,q7oYm4P9UKc,UCKjEtnnXEHsXE9IvCb92V7g,100 gorillas vs. Florida Final Boss? 🦍🐊 #shorts,2026-03-23T03:39:28Z,29343,305,29
2026-03-23T16:21:21+00:00,gRNQkeddOeo,UCKjEtnnXEHsXE9IvCb92V7g,“I would light this thing on fire” 🔥🤣,2026-03-23T02:03:26Z,5789,192,5
2026-03-23T16:21:21+00:00,a8PrkqVWt_s,UCKjEtnnXEHsXE9IvCb92V7g,Tony Delk breaks down the difference in the 2025 and 2026 Florida guards. #MarchMadness,2026-03-23T01:13:03Z,2143,9,1
2026-03-23T16:21:52+00:00,25nXjfAtOvc,UCKjEtnnXEHsXE9IvCb92V7g,Press Conference: Louisville vs. Alabama Postgame (2026 Women's Second Round),2026-03-23T13:30:19Z,0,0,
2026-03-23T16:21:52+00:00,q7oYm4P9UKc,UCKjEtnnXEHsXE9IvCb92V7g,100 gorillas vs. Florida Final Boss? 🦍🐊 #shorts,2026-03-23T03:39:28Z,29542,305,29
2026-03-23T16:21:52+00:00,gRNQkeddOeo,UCKjEtnnXEHsXE9IvCb92V7g,“I would light this thing on fire” 🔥🤣,2026-03-23T02:03:26Z,5789,192,5
2026-03-23T16:21:52+00:00,a8PrkqVWt_s,UCKjEtnnXEHsXE9IvCb92V7g,Tony Delk breaks down the difference in the 2025 and 2026 Florida guards. #MarchMadness,2026-03-23T01:13:03Z,2146,9,1
2026-03-23T16:22:23+00:00,25nXjfAtOvc,UCKjEtnnXEHsXE9IvCb92V7g,Press Conference: Louisville vs. Alabama Postgame (2026 Women's Second Round),2026-03-23T13:30:19Z,0,0,
2026-03-23T16:22:23+00:00,q7oYm4P9UKc,UCKjEtnnXEHsXE9IvCb92V7g,100 gorillas vs. Florida Final Boss? 🦍🐊 #shorts,2026-03-23T03:39:28Z,29542,305,29
2026-03-23T16:22:23+00:00,gRNQkeddOeo,UCKjEtnnXEHsXE9IvCb92V7g,“I would light this thing on fire” 🔥🤣,2026-03-23T02:03:26Z,5789,192,5
2026-03-23T16:22:23+00:00,a8PrkqVWt_s,UCKjEtnnXEHsXE9IvCb92V7g,Tony Delk breaks down the difference in the 2025 and 2026 Florida guards. #MarchMadness,2026-03-23T01:13:03Z,2146,9,1
2026-03-23T16:22:53+00:00,25nXjfAtOvc,UCKjEtnnXEHsXE9IvCb92V7g,Press Conference: Louisville vs. Alabama Postgame (2026 Women's Second Round),2026-03-23T13:30:19Z,0,0,
2026-03-23T16:22:53+00:00,q7oYm4P9UKc,UCKjEtnnXEHsXE9IvCb92V7g,100 gorillas vs. Florida Final Boss? 🦍🐊 #shorts,2026-03-23T03:39:28Z,29542,305,29
2026-03-23T16:22:53+00:00,gRNQkeddOeo,UCKjEtnnXEHsXE9IvCb92V7g,“I would light this thing on fire” 🔥🤣,2026-03-23T02:03:26Z,5789,193,5
2026-03-23T16:22:53+00:00,a8PrkqVWt_s,UCKjEtnnXEHsXE9IvCb92V7g,Tony Delk breaks down the difference in the 2025 and 2026 Florida guards. #MarchMadness,2026-03-23T01:13:03Z,2146,9,1
2026-03-23T16:23:24+00:00,25nXjfAtOvc,UCKjEtnnXEHsXE9IvCb92V7g,Press Conference: Louisville vs. Alabama Postgame (2026 Women's Second Round),2026-03-23T13:30:19Z,0,0,
2026-03-23T16:23:24+00:00,q7oYm4P9UKc,UCKjEtnnXEHsXE9IvCb92V7g,100 gorillas vs. Florida Final Boss? 🦍🐊 #shorts,2026-03-23T03:39:28Z,29542,306,29
2026-03-23T16:23:24+00:00,gRNQkeddOeo,UCKjEtnnXEHsXE9IvCb92V7g,“I would light this thing on fire” 🔥🤣,2026-03-23T02:03:26Z,5789,193,5
2026-03-23T16:23:24+00:00,a8PrkqVWt_s,UCKjEtnnXEHsXE9IvCb92V7g,Tony Delk breaks down the difference in the 2025 and 2026 Florida guards. #MarchMadness,2026-03-23T01:13:03Z,2146,9,1
2026-03-23T16:23:54+00:00,25nXjfAtOvc,UCKjEtnnXEHsXE9IvCb92V7g,Press Conference: Louisville vs. Alabama Postgame (2026 Women's Second Round),2026-03-23T13:30:19Z,0,0,
2026-03-23T16:23:54+00:00,q7oYm4P9UKc,UCKjEtnnXEHsXE9IvCb92V7g,100 gorillas vs. Florida Final Boss? 🦍🐊 #shorts,2026-03-23T03:39:28Z,29542,306,29
2026-03-23T16:23:54+00:00,gRNQkeddOeo,UCKjEtnnXEHsXE9IvCb92V7g,“I would light this thing on fire” 🔥🤣,2026-03-23T02:03:26Z,5789,193,5
2026-03-23T16:23:54+00:00,a8PrkqVWt_s,UCKjEtnnXEHsXE9IvCb92V7g,Tony Delk breaks down the difference in the 2025 and 2026 Florida guards. #MarchMadness,2026-03-23T01:13:03Z,2146,9,1
2026-03-23T16:24:24+00:00,25nXjfAtOvc,UCKjEtnnXEHsXE9IvCb92V7g,Press Conference: Louisville vs. Alabama Postgame (2026 Women's Second Round),2026-03-23T13:30:19Z,0,0,
2026-03-23T16:24:24+00:00,q7oYm4P9UKc,UCKjEtnnXEHsXE9IvCb92V7g,100 gorillas vs. Florida Final Boss? 🦍🐊 #shorts,2026-03-23T03:39:28Z,29542,306,29
2026-03-23T16:24:24+00:00,gRNQkeddOeo,UCKjEtnnXEHsXE9IvCb92V7g,“I would light this thing on fire” 🔥🤣,2026-03-23T02:03:26Z,5816,193,5
2026-03-23T16:24:24+00:00,a8PrkqVWt_s,UCKjEtnnXEHsXE9IvCb92V7g,Tony Delk breaks down the difference in the 2025 and 2026 Florida guards. #MarchMadness,2026-03-23T01:13:03Z,2146,9,1
2026-03-23T16:24:55+00:00,25nXjfAtOvc,UCKjEtnnXEHsXE9IvCb92V7g,Press Conference: Louisville vs. Alabama Postgame (2026 Women's Second Round),2026-03-23T13:30:19Z,0,0,
2026-03-23T16:24:55+00:00,q7oYm4P9UKc,UCKjEtnnXEHsXE9IvCb92V7g,100 gorillas vs. Florida Final Boss? 🦍🐊 #shorts,2026-03-23T03:39:28Z,29542,306,29
2026-03-23T16:24:55+00:00,gRNQkeddOeo,UCKjEtnnXEHsXE9IvCb92V7g,“I would light this thing on fire” 🔥🤣,2026-03-23T02:03:26Z,5818,193,5
2026-03-23T16:24:55+00:00,a8PrkqVWt_s,UCKjEtnnXEHsXE9IvCb92V7g,Tony Delk breaks down the difference in the 2025 and 2026 Florida guards. #MarchMadness,2026-03-23T01:13:03Z,2146,9,1
2026-03-23T16:25:26+00:00,25nXjfAtOvc,UCKjEtnnXEHsXE9IvCb92V7g,Press Conference: Louisville vs. Alabama Postgame (2026 Women's Second Round),2026-03-23T13:30:19Z,0,0,
2026-03-23T16:25:26+00:00,q7oYm4P9UKc,UCKjEtnnXEHsXE9IvCb92V7g,100 gorillas vs. Florida Final Boss? 🦍🐊 #shorts,2026-03-23T03:39:28Z,29542,306,29
2026-03-23T16:25:26+00:00,gRNQkeddOeo,UCKjEtnnXEHsXE9IvCb92V7g,“I would light this thing on fire” 🔥🤣,2026-03-23T02:03:26Z,5818,193,5
2026-03-23T16:25:26+00:00,a8PrkqVWt_s,UCKjEtnnXEHsXE9IvCb92V7g,Tony Delk breaks down the difference in the 2025 and 2026 Florida guards. #MarchMadness,2026-03-23T01:13:03Z,2146,9,1
2026-03-23T16:25:56+00:00,25nXjfAtOvc,UCKjEtnnXEHsXE9IvCb92V7g,Press Conference: Louisville vs. Alabama Postgame (2026 Women's Second Round),2026-03-23T13:30:19Z,0,0,
2026-03-23T16:25:56+00:00,q7oYm4P9UKc,UCKjEtnnXEHsXE9IvCb92V7g,100 gorillas vs. Florida Final Boss? 🦍🐊 #shorts,2026-03-23T03:39:28Z,29542,306,29
2026-03-23T16:25:56+00:00,gRNQkeddOeo,UCKjEtnnXEHsXE9IvCb92V7g,“I would light this thing on fire” 🔥🤣,2026-03-23T02:03:26Z,5818,193,5
2026-03-23T16:25:56+00:00,a8PrkqVWt_s,UCKjEtnnXEHsXE9IvCb92V7g,Tony Delk breaks down the difference in the 2025 and 2026 Florida guards. #MarchMadness,2026-03-23T01:13:03Z,2146,9,1
2026-03-23T16:26:27+00:00,25nXjfAtOvc,UCKjEtnnXEHsXE9IvCb92V7g,Press Conference: Louisville vs. Alabama Postgame (2026 Women's Second Round),2026-03-23T13:30:19Z,0,0,
2026-03-23T16:26:27+00:00,q7oYm4P9UKc,UCKjEtnnXEHsXE9IvCb92V7g,100 gorillas vs. Florida Final Boss? 🦍🐊 #shorts,2026-03-23T03:39:28Z,29592,306,29
2026-03-23T16:26:27+00:00,gRNQkeddOeo,UCKjEtnnXEHsXE9IvCb92V7g,“I would light this thing on fire” 🔥🤣,2026-03-23T02:03:26Z,5818,193,5
2026-03-23T16:26:27+00:00,a8PrkqVWt_s,UCKjEtnnXEHsXE9IvCb92V7g,Tony Delk breaks down the difference in the 2025 and 2026 Florida guards. #MarchMadness,2026-03-23T01:13:03Z,2149,9,1
2026-03-23T16:26:57+00:00,25nXjfAtOvc,UCKjEtnnXEHsXE9IvCb92V7g,Press Conference: Louisville vs. Alabama Postgame (2026 Women's Second Round),2026-03-23T13:30:19Z,0,0,
2026-03-23T16:26:57+00:00,q7oYm4P9UKc,UCKjEtnnXEHsXE9IvCb92V7g,100 gorillas vs. Florida Final Boss? 🦍🐊 #shorts,2026-03-23T03:39:28Z,29592,307,29
2026-03-23T16:26:57+00:00,gRNQkeddOeo,UCKjEtnnXEHsXE9IvCb92V7g,“I would light this thing on fire” 🔥🤣,2026-03-23T02:03:26Z,5818,193,5
2026-03-23T16:26:57+00:00,a8PrkqVWt_s,UCKjEtnnXEHsXE9IvCb92V7g,Tony Delk breaks down the difference in the 2025 and 2026 Florida guards. #MarchMadness,2026-03-23T01:13:03Z,2149,9,1
2026-03-23T16:27:28+00:00,25nXjfAtOvc,UCKjEtnnXEHsXE9IvCb92V7g,Press Conference: Louisville vs. Alabama Postgame (2026 Women's Second Round),2026-03-23T13:30:19Z,0,0,
2026-03-23T16:27:28+00:00,q7oYm4P9UKc,UCKjEtnnXEHsXE9IvCb92V7g,100 gorillas vs. Florida Final Boss? 🦍🐊 #shorts,2026-03-23T03:39:28Z,29754,307,29
2026-03-23T16:27:28+00:00,gRNQkeddOeo,UCKjEtnnXEHsXE9IvCb92V7g,“I would light this thing on fire” 🔥🤣,2026-03-23T02:03:26Z,5818,193,5
2026-03-23T16:27:28+00:00,a8PrkqVWt_s,UCKjEtnnXEHsXE9IvCb92V7g,Tony Delk breaks down the difference in the 2025 and 2026 Florida guards. #MarchMadness,2026-03-23T01:13:03Z,2149,9,1
2026-03-23T16:27:59+00:00,25nXjfAtOvc,UCKjEtnnXEHsXE9IvCb92V7g,Press Conference: Louisville vs. Alabama Postgame (2026 Women's Second Round),2026-03-23T13:30:19Z,0,0,
2026-03-23T16:27:59+00:00,q7oYm4P9UKc,UCKjEtnnXEHsXE9IvCb92V7g,100 gorillas vs. Florida Final Boss? 🦍🐊 #shorts,2026-03-23T03:39:28Z,29772,307,29
2026-03-23T16:27:59+00:00,gRNQkeddOeo,UCKjEtnnXEHsXE9IvCb92V7g,“I would light this thing on fire” 🔥🤣,2026-03-23T02:03:26Z,5818,193,5
2026-03-23T16:27:59+00:00,a8PrkqVWt_s,UCKjEtnnXEHsXE9IvCb92V7g,Tony Delk breaks down the difference in the 2025 and 2026 Florida guards. #MarchMadness,2026-03-23T01:13:03Z,2149,9,1
2026-03-23T16:28:29+00:00,25nXjfAtOvc,UCKjEtnnXEHsXE9IvCb92V7g,Press Conference: Louisville vs. Alabama Postgame (2026 Women's Second Round),2026-03-23T13:30:19Z,0,0,
2026-03-23T16:28:29+00:00,q7oYm4P9UKc,UCKjEtnnXEHsXE9IvCb92V7g,100 gorillas vs. Florida Final Boss? 🦍🐊 #shorts,2026-03-23T03:39:28Z,29780,307,29
2026-03-23T16:28:29+00:00,gRNQkeddOeo,UCKjEtnnXEHsXE9IvCb92V7g,“I would light this thing on fire” 🔥🤣,2026-03-23T02:03:26Z,5818,193,5
2026-03-23T16:28:29+00:00,a8PrkqVWt_s,UCKjEtnnXEHsXE9IvCb92V7g,Tony Delk breaks down the difference in the 2025 and 2026 Florida guards. #MarchMadness,2026-03-23T01:13:03Z,2149,9,1
2026-03-23T16:29:00+00:00,25nXjfAtOvc,UCKjEtnnXEHsXE9IvCb92V7g,Press Conference: Louisville vs. Alabama Postgame (2026 Women's Second Round),2026-03-23T13:30:19Z,0,0,
2026-03-23T16:29:00+00:00,q7oYm4P9UKc,UCKjEtnnXEHsXE9IvCb92V7g,100 gorillas vs. Florida Final Boss? 🦍🐊 #shorts,2026-03-23T03:39:28Z,29780,309,29
2026-03-23T16:29:00+00:00,gRNQkeddOeo,UCKjEtnnXEHsXE9IvCb92V7g,“I would light this thing on fire” 🔥🤣,2026-03-23T02:03:26Z,5818,194,5
2026-03-23T16:29:00+00:00,a8PrkqVWt_s,UCKjEtnnXEHsXE9IvCb92V7g,Tony Delk breaks down the difference in the 2025 and 2026 Florida guards. #MarchMadness,2026-03-23T01:13:03Z,2149,9,1
2026-03-23T16:29:31+00:00,25nXjfAtOvc,UCKjEtnnXEHsXE9IvCb92V7g,Press Conference: Louisville vs. Alabama Postgame (2026 Women's Second Round),2026-03-23T13:30:19Z,0,1,
2026-03-23T16:29:31+00:00,q7oYm4P9UKc,UCKjEtnnXEHsXE9IvCb92V7g,100 gorillas vs. Florida Final Boss? 🦍🐊 #shorts,2026-03-23T03:39:28Z,29780,308,29
2026-03-23T16:29:31+00:00,gRNQkeddOeo,UCKjEtnnXEHsXE9IvCb92V7g,“I would light this thing on fire” 🔥🤣,2026-03-23T02:03:26Z,5862,194,5
2026-03-23T16:29:31+00:00,a8PrkqVWt_s,UCKjEtnnXEHsXE9IvCb92V7g,Tony Delk breaks down the difference in the 2025 and 2026 Florida guards. #MarchMadness,2026-03-23T01:13:03Z,2149,9,1
2026-03-23T16:30:02+00:00,25nXjfAtOvc,UCKjEtnnXEHsXE9IvCb92V7g,Press Conference: Louisville vs. Alabama Postgame (2026 Women's Second Round),2026-03-23T13:30:19Z,0,1,
2026-03-23T16:30:02+00:00,q7oYm4P9UKc,UCKjEtnnXEHsXE9IvCb92V7g,100 gorillas vs. Florida Final Boss? 🦍🐊 #shorts,2026-03-23T03:39:28Z,29780,308,29
2026-03-23T16:30:02+00:00,gRNQkeddOeo,UCKjEtnnXEHsXE9IvCb92V7g,“I would light this thing on fire” 🔥🤣,2026-03-23T02:03:26Z,5862,195,5
2026-03-23T16:30:02+00:00,a8PrkqVWt_s,UCKjEtnnXEHsXE9IvCb92V7g,Tony Delk breaks down the difference in the 2025 and 2026 Florida guards. #MarchMadness,2026-03-23T01:13:03Z,2149,9,1
2026-03-23T16:30:33+00:00,25nXjfAtOvc,UCKjEtnnXEHsXE9IvCb92V7g,Press Conference: Louisville vs. Alabama Postgame (2026 Women's Second Round),2026-03-23T13:30:19Z,0,1,
2026-03-23T16:30:33+00:00,q7oYm4P9UKc,UCKjEtnnXEHsXE9IvCb92V7g,100 gorillas vs. Florida Final Boss? 🦍🐊 #shorts,2026-03-23T03:39:28Z,29780,308,29
2026-03-23T16:30:33+00:00,gRNQkeddOeo,UCKjEtnnXEHsXE9IvCb92V7g,“I would light this thing on fire” 🔥🤣,2026-03-23T02:03:26Z,5862,195,5
2026-03-23T16:30:33+00:00,a8PrkqVWt_s,UCKjEtnnXEHsXE9IvCb92V7g,Tony Delk breaks down the difference in the 2025 and 2026 Florida guards. #MarchMadness,2026-03-23T01:13:03Z,2149,9,1
2026-03-23T16:31:04+00:00,25nXjfAtOvc,UCKjEtnnXEHsXE9IvCb92V7g,Press Conference: Louisville vs. Alabama Postgame (2026 Women's Second Round),2026-03-23T13:30:19Z,0,1,
2026-03-23T16:31:04+00:00,q7oYm4P9UKc,UCKjEtnnXEHsXE9IvCb92V7g,100 gorillas vs. Florida Final Boss? 🦍🐊 #shorts,2026-03-23T03:39:28Z,29780,308,29
2026-03-23T16:31:04+00:00,gRNQkeddOeo,UCKjEtnnXEHsXE9IvCb92V7g,“I would light this thing on fire” 🔥🤣,2026-03-23T02:03:26Z,5862,195,5
2026-03-23T16:31:04+00:00,a8PrkqVWt_s,UCKjEtnnXEHsXE9IvCb92V7g,Tony Delk breaks down the difference in the 2025 and 2026 Florida guards. #MarchMadness,2026-03-23T01:13:03Z,2149,9,1
2026-03-23T16:31:34+00:00,25nXjfAtOvc,UCKjEtnnXEHsXE9IvCb92V7g,Press Conference: Louisville vs. Alabama Postgame (2026 Women's Second Round),2026-03-23T13:30:19Z,0,1,
2026-03-23T16:31:34+00:00,q7oYm4P9UKc,UCKjEtnnXEHsXE9IvCb92V7g,100 gorillas vs. Florida Final Boss? 🦍🐊 #shorts,2026-03-23T03:39:28Z,29780,308,29
2026-03-23T16:31:34+00:00,gRNQkeddOeo,UCKjEtnnXEHsXE9IvCb92V7g,“I would light this thing on fire” 🔥🤣,2026-03-23T02:03:26Z,5862,195,5
2026-03-23T16:31:34+00:00,a8PrkqVWt_s,UCKjEtnnXEHsXE9IvCb92V7g,Tony Delk breaks down the difference in the 2025 and 2026 Florida guards. #MarchMadness,2026-03-23T01:13:03Z,2149,9,1
2026-03-23T16:32:05+00:00,25nXjfAtOvc,UCKjEtnnXEHsXE9IvCb92V7g,Press Conference: Louisville vs. Alabama Postgame (2026 Women's Second Round),2026-03-23T13:30:19Z,0,1,
2026-03-23T16:32:05+00:00,q7oYm4P9UKc,UCKjEtnnXEHsXE9IvCb92V7g,100 gorillas vs. Florida Final Boss? 🦍🐊 #shorts,2026-03-23T03:39:28Z,29959,308,29
2026-03-23T16:32:05+00:00,gRNQkeddOeo,UCKjEtnnXEHsXE9IvCb92V7g,“I would light this thing on fire” 🔥🤣,2026-03-23T02:03:26Z,5862,195,5
2026-03-23T16:32:05+00:00,a8PrkqVWt_s,UCKjEtnnXEHsXE9IvCb92V7g,Tony Delk breaks down the difference in the 2025 and 2026 Florida guards. #MarchMadness,2026-03-23T01:13:03Z,2151,9,1
2026-03-23T16:32:36+00:00,25nXjfAtOvc,UCKjEtnnXEHsXE9IvCb92V7g,Press Conference: Louisville vs. Alabama Postgame (2026 Women's Second Round),2026-03-23T13:30:19Z,0,1,
2026-03-23T16:32:36+00:00,q7oYm4P9UKc,UCKjEtnnXEHsXE9IvCb92V7g,100 gorillas vs. Florida Final Boss? 🦍🐊 #shorts,2026-03-23T03:39:28Z,29959,308,29
2026-03-23T16:32:36+00:00,gRNQkeddOeo,UCKjEtnnXEHsXE9IvCb92V7g,“I would light this thing on fire” 🔥🤣,2026-03-23T02:03:26Z,5862,195,5
2026-03-23T16:32:36+00:00,a8PrkqVWt_s,UCKjEtnnXEHsXE9IvCb92V7g,Tony Delk breaks down the difference in the 2025 and 2026 Florida guards. #MarchMadness,2026-03-23T01:13:03Z,2151,9,1
2026-03-23T16:33:07+00:00,25nXjfAtOvc,UCKjEtnnXEHsXE9IvCb92V7g,Press Conference: Louisville vs. Alabama Postgame (2026 Women's Second Round),2026-03-23T13:30:19Z,0,1,
2026-03-23T16:33:07+00:00,q7oYm4P9UKc,UCKjEtnnXEHsXE9IvCb92V7g,100 gorillas vs. Florida Final Boss? 🦍🐊 #shorts,2026-03-23T03:39:28Z,29959,308,29
2026-03-23T16:33:07+00:00,gRNQkeddOeo,UCKjEtnnXEHsXE9IvCb92V7g,“I would light this thing on fire” 🔥🤣,2026-03-23T02:03:26Z,5862,195,5
2026-03-23T16:33:07+00:00,a8PrkqVWt_s,UCKjEtnnXEHsXE9IvCb92V7g,Tony Delk breaks down the difference in the 2025 and 2026 Florida guards. #MarchMadness,2026-03-23T01:13:03Z,2151,9,1
2026-03-23T16:33:38+00:00,25nXjfAtOvc,UCKjEtnnXEHsXE9IvCb92V7g,Press Conference: Louisville vs. Alabama Postgame (2026 Women's Second Round),2026-03-23T13:30:19Z,0,1,
2026-03-23T16:33:38+00:00,q7oYm4P9UKc,UCKjEtnnXEHsXE9IvCb92V7g,100 gorillas vs. Florida Final Boss? 🦍🐊 #shorts,2026-03-23T03:39:28Z,29959,308,29
2026-03-23T16:33:38+00:00,gRNQkeddOeo,UCKjEtnnXEHsXE9IvCb92V7g,“I would light this thing on fire” 🔥🤣,2026-03-23T02:03:26Z,5862,195,5
2026-03-23T16:33:38+00:00,a8PrkqVWt_s,UCKjEtnnXEHsXE9IvCb92V7g,Tony Delk breaks down the difference in the 2025 and 2026 Florida guards. #MarchMadness,2026-03-23T01:13:03Z,2151,9,1
2026-03-23T16:34:08+00:00,25nXjfAtOvc,UCKjEtnnXEHsXE9IvCb92V7g,Press Conference: Louisville vs. Alabama Postgame (2026 Women's Second Round),2026-03-23T13:30:19Z,0,1,
2026-03-23T16:34:08+00:00,q7oYm4P9UKc,UCKjEtnnXEHsXE9IvCb92V7g,100 gorillas vs. Florida Final Boss? 🦍🐊 #shorts,2026-03-23T03:39:28Z,29959,308,29
2026-03-23T16:34:08+00:00,gRNQkeddOeo,UCKjEtnnXEHsXE9IvCb92V7g,“I would light this thing on fire” 🔥🤣,2026-03-23T02:03:26Z,5904,195,5
2026-03-23T16:34:08+00:00,a8PrkqVWt_s,UCKjEtnnXEHsXE9IvCb92V7g,Tony Delk breaks down the difference in the 2025 and 2026 Florida guards. #MarchMadness,2026-03-23T01:13:03Z,2151,9,1
2026-03-23T16:34:39+00:00,25nXjfAtOvc,UCKjEtnnXEHsXE9IvCb92V7g,Press Conference: Louisville vs. Alabama Postgame (2026 Women's Second Round),2026-03-23T13:30:19Z,0,1,
2026-03-23T16:34:39+00:00,q7oYm4P9UKc,UCKjEtnnXEHsXE9IvCb92V7g,100 gorillas vs. Florida Final Boss? 🦍🐊 #shorts,2026-03-23T03:39:28Z,29959,308,29
2026-03-23T16:34:39+00:00,gRNQkeddOeo,UCKjEtnnXEHsXE9IvCb92V7g,“I would light this thing on fire” 🔥🤣,2026-03-23T02:03:26Z,5904,196,5
2026-03-23T16:34:39+00:00,a8PrkqVWt_s,UCKjEtnnXEHsXE9IvCb92V7g,Tony Delk breaks down the difference in the 2025 and 2026 Florida guards. #MarchMadness,2026-03-23T01:13:03Z,2151,9,1
2026-03-23T16:35:10+00:00,25nXjfAtOvc,UCKjEtnnXEHsXE9IvCb92V7g,Press Conference: Louisville vs. Alabama Postgame (2026 Women's Second Round),2026-03-23T13:30:19Z,0,1,
2026-03-23T16:35:10+00:00,q7oYm4P9UKc,UCKjEtnnXEHsXE9IvCb92V7g,100 gorillas vs. Florida Final Boss? 🦍🐊 #shorts,2026-03-23T03:39:28Z,29959,308,29
2026-03-23T16:35:10+00:00,gRNQkeddOeo,UCKjEtnnXEHsXE9IvCb92V7g,“I would light this thing on fire” 🔥🤣,2026-03-23T02:03:26Z,5904,196,5
2026-03-23T16:35:10+00:00,a8PrkqVWt_s,UCKjEtnnXEHsXE9IvCb92V7g,Tony Delk breaks down the difference in the 2025 and 2026 Florida guards. #MarchMadness,2026-03-23T01:13:03Z,2151,9,1
2026-03-23T16:35:41+00:00,25nXjfAtOvc,UCKjEtnnXEHsXE9IvCb92V7g,Press Conference: Louisville vs. Alabama Postgame (2026 Women's Second Round),2026-03-23T13:30:19Z,0,1,
2026-03-23T16:35:41+00:00,q7oYm4P9UKc,UCKjEtnnXEHsXE9IvCb92V7g,100 gorillas vs. Florida Final Boss? 🦍🐊 #shorts,2026-03-23T03:39:28Z,29959,308,29
2026-03-23T16:35:41+00:00,gRNQkeddOeo,UCKjEtnnXEHsXE9IvCb92V7g,“I would light this thing on fire” 🔥🤣,2026-03-23T02:03:26Z,5904,196,5
2026-03-23T16:35:41+00:00,a8PrkqVWt_s,UCKjEtnnXEHsXE9IvCb92V7g,Tony Delk breaks down the difference in the 2025 and 2026 Florida guards. #MarchMadness,2026-03-23T01:13:03Z,2151,9,1
2026-03-23T16:36:12+00:00,25nXjfAtOvc,UCKjEtnnXEHsXE9IvCb92V7g,Press Conference: Louisville vs. Alabama Postgame (2026 Women's Second Round),2026-03-23T13:30:19Z,0,1,
2026-03-23T16:36:12+00:00,q7oYm4P9UKc,UCKjEtnnXEHsXE9IvCb92V7g,100 gorillas vs. Florida Final Boss? 🦍🐊 #shorts,2026-03-23T03:39:28Z,29959,308,29
2026-03-23T16:36:12+00:00,gRNQkeddOeo,UCKjEtnnXEHsXE9IvCb92V7g,“I would light this thing on fire” 🔥🤣,2026-03-23T02:03:26Z,5904,196,5
2026-03-23T16:36:12+00:00,a8PrkqVWt_s,UCKjEtnnXEHsXE9IvCb92V7g,Tony Delk breaks down the difference in the 2025 and 2026 Florida guards. #MarchMadness,2026-03-23T01:13:03Z,2151,9,1
2026-03-23T16:36:43+00:00,25nXjfAtOvc,UCKjEtnnXEHsXE9IvCb92V7g,Press Conference: Louisville vs. Alabama Postgame (2026 Women's Second Round),2026-03-23T13:30:19Z,0,1,
2026-03-23T16:36:43+00:00,q7oYm4P9UKc,UCKjEtnnXEHsXE9IvCb92V7g,100 gorillas vs. Florida Final Boss? 🦍🐊 #shorts,2026-03-23T03:39:28Z,30186,308,29
2026-03-23T16:36:43+00:00,gRNQkeddOeo,UCKjEtnnXEHsXE9IvCb92V7g,“I would light this thing on fire” 🔥🤣,2026-03-23T02:03:26Z,5904,197,5
2026-03-23T16:36:43+00:00,a8PrkqVWt_s,UCKjEtnnXEHsXE9IvCb92V7g,Tony Delk breaks down the difference in the 2025 and 2026 Florida guards. #MarchMadness,2026-03-23T01:13:03Z,2153,9,1
2026-03-23T16:37:13+00:00,25nXjfAtOvc,UCKjEtnnXEHsXE9IvCb92V7g,Press Conference: Louisville vs. Alabama Postgame (2026 Women's Second Round),2026-03-23T13:30:19Z,0,1,
2026-03-23T16:37:13+00:00,q7oYm4P9UKc,UCKjEtnnXEHsXE9IvCb92V7g,100 gorillas vs. Florida Final Boss? 🦍🐊 #shorts,2026-03-23T03:39:28Z,30203,308,29
2026-03-23T16:37:13+00:00,gRNQkeddOeo,UCKjEtnnXEHsXE9IvCb92V7g,“I would light this thing on fire” 🔥🤣,2026-03-23T02:03:26Z,5904,197,5
2026-03-23T16:37:13+00:00,a8PrkqVWt_s,UCKjEtnnXEHsXE9IvCb92V7g,Tony Delk breaks down the difference in the 2025 and 2026 Florida guards. #MarchMadness,2026-03-23T01:13:03Z,2153,9,1
2026-03-23T16:37:44+00:00,25nXjfAtOvc,UCKjEtnnXEHsXE9IvCb92V7g,Press Conference: Louisville vs. Alabama Postgame (2026 Women's Second Round),2026-03-23T13:30:19Z,0,1,
2026-03-23T16:37:44+00:00,q7oYm4P9UKc,UCKjEtnnXEHsXE9IvCb92V7g,100 gorillas vs. Florida Final Boss? 🦍🐊 #shorts,2026-03-23T03:39:28Z,30203,308,29
2026-03-23T16:37:44+00:00,gRNQkeddOeo,UCKjEtnnXEHsXE9IvCb92V7g,“I would light this thing on fire” 🔥🤣,2026-03-23T02:03:26Z,5904,197,5
2026-03-23T16:37:44+00:00,a8PrkqVWt_s,UCKjEtnnXEHsXE9IvCb92V7g,Tony Delk breaks down the difference in the 2025 and 2026 Florida guards. #MarchMadness,2026-03-23T01:13:03Z,2153,9,1
2026-03-23T16:38:14+00:00,25nXjfAtOvc,UCKjEtnnXEHsXE9IvCb92V7g,Press Conference: Louisville vs. Alabama Postgame (2026 Women's Second Round),2026-03-23T13:30:19Z,0,1,
2026-03-23T16:38:14+00:00,q7oYm4P9UKc,UCKjEtnnXEHsXE9IvCb92V7g,100 gorillas vs. Florida Final Boss? 🦍🐊 #shorts,2026-03-23T03:39:28Z,30203,308,29
2026-03-23T16:38:14+00:00,gRNQkeddOeo,UCKjEtnnXEHsXE9IvCb92V7g,“I would light this thing on fire” 🔥🤣,2026-03-23T02:03:26Z,5904,197,5
2026-03-23T16:38:14+00:00,a8PrkqVWt_s,UCKjEtnnXEHsXE9IvCb92V7g,Tony Delk breaks down the difference in the 2025 and 2026 Florida guards. #MarchMadness,2026-03-23T01:13:03Z,2153,9,1
2026-03-23T16:38:45+00:00,25nXjfAtOvc,UCKjEtnnXEHsXE9IvCb92V7g,Press Conference: Louisville vs. Alabama Postgame (2026 Women's Second Round),2026-03-23T13:30:19Z,0,1,
2026-03-23T16:38:45+00:00,q7oYm4P9UKc,UCKjEtnnXEHsXE9IvCb92V7g,100 gorillas vs. Florida Final Boss? 🦍🐊 #shorts,2026-03-23T03:39:28Z,30211,309,29
2026-03-23T16:38:45+00:00,gRNQkeddOeo,UCKjEtnnXEHsXE9IvCb92V7g,“I would light this thing on fire” 🔥🤣,2026-03-23T02:03:26Z,5904,197,5
2026-03-23T16:38:45+00:00,a8PrkqVWt_s,UCKjEtnnXEHsXE9IvCb92V7g,Tony Delk breaks down the difference in the 2025 and 2026 Florida guards. #MarchMadness,2026-03-23T01:13:03Z,2153,9,1
2026-03-23T16:39:15+00:00,25nXjfAtOvc,UCKjEtnnXEHsXE9IvCb92V7g,Press Conference: Louisville vs. Alabama Postgame (2026 Women's Second Round),2026-03-23T13:30:19Z,0,1,
2026-03-23T16:39:15+00:00,q7oYm4P9UKc,UCKjEtnnXEHsXE9IvCb92V7g,100 gorillas vs. Florida Final Boss? 🦍🐊 #shorts,2026-03-23T03:39:28Z,30211,309,29
2026-03-23T16:39:15+00:00,gRNQkeddOeo,UCKjEtnnXEHsXE9IvCb92V7g,“I would light this thing on fire” 🔥🤣,2026-03-23T02:03:26Z,5904,197,5
2026-03-23T16:39:15+00:00,a8PrkqVWt_s,UCKjEtnnXEHsXE9IvCb92V7g,Tony Delk breaks down the difference in the 2025 and 2026 Florida guards. #MarchMadness,2026-03-23T01:13:03Z,2153,9,1
2026-03-23T16:39:46+00:00,25nXjfAtOvc,UCKjEtnnXEHsXE9IvCb92V7g,Press Conference: Louisville vs. Alabama Postgame (2026 Women's Second Round),2026-03-23T13:30:19Z,0,1,
2026-03-23T16:39:46+00:00,q7oYm4P9UKc,UCKjEtnnXEHsXE9IvCb92V7g,100 gorillas vs. Florida Final Boss? 🦍🐊 #shorts,2026-03-23T03:39:28Z,30211,309,29
2026-03-23T16:39:46+00:00,gRNQkeddOeo,UCKjEtnnXEHsXE9IvCb92V7g,“I would light this thing on fire” 🔥🤣,2026-03-23T02:03:26Z,5904,197,5
2026-03-23T16:39:46+00:00,a8PrkqVWt_s,UCKjEtnnXEHsXE9IvCb92V7g,Tony Delk breaks down the difference in the 2025 and 2026 Florida guards. #MarchMadness,2026-03-23T01:13:03Z,2153,9,1
2026-03-23T16:40:17+00:00,25nXjfAtOvc,UCKjEtnnXEHsXE9IvCb92V7g,Press Conference: Louisville vs. Alabama Postgame (2026 Women's Second Round),2026-03-23T13:30:19Z,0,1,
2026-03-23T16:40:17+00:00,q7oYm4P9UKc,UCKjEtnnXEHsXE9IvCb92V7g,100 gorillas vs. Florida Final Boss? 🦍🐊 #shorts,2026-03-23T03:39:28Z,30211,309,29
2026-03-23T16:40:17+00:00,gRNQkeddOeo,UCKjEtnnXEHsXE9IvCb92V7g,“I would light this thing on fire” 🔥🤣,2026-03-23T02:03:26Z,5904,197,5
2026-03-23T16:40:17+00:00,a8PrkqVWt_s,UCKjEtnnXEHsXE9IvCb92V7g,Tony Delk breaks down the difference in the 2025 and 2026 Florida guards. #MarchMadness,2026-03-23T01:13:03Z,2153,9,1
2026-03-23T16:40:48+00:00,25nXjfAtOvc,UCKjEtnnXEHsXE9IvCb92V7g,Press Conference: Louisville vs. Alabama Postgame (2026 Women's Second Round),2026-03-23T13:30:19Z,0,1,
2026-03-23T16:40:48+00:00,q7oYm4P9UKc,UCKjEtnnXEHsXE9IvCb92V7g,100 gorillas vs. Florida Final Boss? 🦍🐊 #shorts,2026-03-23T03:39:28Z,30211,309,29
2026-03-23T16:40:48+00:00,gRNQkeddOeo,UCKjEtnnXEHsXE9IvCb92V7g,“I would light this thing on fire” 🔥🤣,2026-03-23T02:03:26Z,5930,197,5
2026-03-23T16:40:48+00:00,a8PrkqVWt_s,UCKjEtnnXEHsXE9IvCb92V7g,Tony Delk breaks down the difference in the 2025 and 2026 Florida guards. #MarchMadness,2026-03-23T01:13:03Z,2153,9,1
2026-03-23T16:41:19+00:00,25nXjfAtOvc,UCKjEtnnXEHsXE9IvCb92V7g,Press Conference: Louisville vs. Alabama Postgame (2026 Women's Second Round),2026-03-23T13:30:19Z,0,1,
2026-03-23T16:41:19+00:00,q7oYm4P9UKc,UCKjEtnnXEHsXE9IvCb92V7g,100 gorillas vs. Florida Final Boss? 🦍🐊 #shorts,2026-03-23T03:39:28Z,30211,309,29
2026-03-23T16:41:19+00:00,gRNQkeddOeo,UCKjEtnnXEHsXE9IvCb92V7g,“I would light this thing on fire” 🔥🤣,2026-03-23T02:03:26Z,5930,197,5
2026-03-23T16:41:19+00:00,a8PrkqVWt_s,UCKjEtnnXEHsXE9IvCb92V7g,Tony Delk breaks down the difference in the 2025 and 2026 Florida guards. #MarchMadness,2026-03-23T01:13:03Z,2153,9,1
2026-03-23T16:41:49+00:00,25nXjfAtOvc,UCKjEtnnXEHsXE9IvCb92V7g,Press Conference: Louisville vs. Alabama Postgame (2026 Women's Second Round),2026-03-23T13:30:19Z,0,1,
2026-03-23T16:41:49+00:00,q7oYm4P9UKc,UCKjEtnnXEHsXE9IvCb92V7g,100 gorillas vs. Florida Final Boss? 🦍🐊 #shorts,2026-03-23T03:39:28Z,30414,309,29
2026-03-23T16:41:49+00:00,gRNQkeddOeo,UCKjEtnnXEHsXE9IvCb92V7g,“I would light this thing on fire” 🔥🤣,2026-03-23T02:03:26Z,5930,197,5
2026-03-23T16:41:49+00:00,a8PrkqVWt_s,UCKjEtnnXEHsXE9IvCb92V7g,Tony Delk breaks down the difference in the 2025 and 2026 Florida guards. #MarchMadness,2026-03-23T01:13:03Z,2154,9,1
2026-03-23T16:42:19+00:00,25nXjfAtOvc,UCKjEtnnXEHsXE9IvCb92V7g,Press Conference: Louisville vs. Alabama Postgame (2026 Women's Second Round),2026-03-23T13:30:19Z,0,1,
2026-03-23T16:42:19+00:00,q7oYm4P9UKc,UCKjEtnnXEHsXE9IvCb92V7g,100 gorillas vs. Florida Final Boss? 🦍🐊 #shorts,2026-03-23T03:39:28Z,30417,309,29
2026-03-23T16:42:19+00:00,gRNQkeddOeo,UCKjEtnnXEHsXE9IvCb92V7g,“I would light this thing on fire” 🔥🤣,2026-03-23T02:03:26Z,5930,197,5
2026-03-23T16:42:19+00:00,a8PrkqVWt_s,UCKjEtnnXEHsXE9IvCb92V7g,Tony Delk breaks down the difference in the 2025 and 2026 Florida guards. #MarchMadness,2026-03-23T01:13:03Z,2154,9,1
2026-03-23T16:42:50+00:00,25nXjfAtOvc,UCKjEtnnXEHsXE9IvCb92V7g,Press Conference: Louisville vs. Alabama Postgame (2026 Women's Second Round),2026-03-23T13:30:19Z,0,1,
2026-03-23T16:42:50+00:00,q7oYm4P9UKc,UCKjEtnnXEHsXE9IvCb92V7g,100 gorillas vs. Florida Final Boss? 🦍🐊 #shorts,2026-03-23T03:39:28Z,30432,309,29
2026-03-23T16:42:50+00:00,gRNQkeddOeo,UCKjEtnnXEHsXE9IvCb92V7g,“I would light this thing on fire” 🔥🤣,2026-03-23T02:03:26Z,5930,197,5
2026-03-23T16:42:50+00:00,a8PrkqVWt_s,UCKjEtnnXEHsXE9IvCb92V7g,Tony Delk breaks down the difference in the 2025 and 2026 Florida guards. #MarchMadness,2026-03-23T01:13:03Z,2154,9,1
2026-03-23T16:43:21+00:00,25nXjfAtOvc,UCKjEtnnXEHsXE9IvCb92V7g,Press Conference: Louisville vs. Alabama Postgame (2026 Women's Second Round),2026-03-23T13:30:19Z,0,1,
2026-03-23T16:43:21+00:00,q7oYm4P9UKc,UCKjEtnnXEHsXE9IvCb92V7g,100 gorillas vs. Florida Final Boss? 🦍🐊 #shorts,2026-03-23T03:39:28Z,30432,309,29
2026-03-23T16:43:21+00:00,gRNQkeddOeo,UCKjEtnnXEHsXE9IvCb92V7g,“I would light this thing on fire” 🔥🤣,2026-03-23T02:03:26Z,5930,197,5
2026-03-23T16:43:21+00:00,a8PrkqVWt_s,UCKjEtnnXEHsXE9IvCb92V7g,Tony Delk breaks down the difference in the 2025 and 2026 Florida guards. #MarchMadness,2026-03-23T01:13:03Z,2154,9,1
2026-03-23T16:43:51+00:00,25nXjfAtOvc,UCKjEtnnXEHsXE9IvCb92V7g,Press Conference: Louisville vs. Alabama Postgame (2026 Women's Second Round),2026-03-23T13:30:19Z,0,1,
2026-03-23T16:43:51+00:00,q7oYm4P9UKc,UCKjEtnnXEHsXE9IvCb92V7g,100 gorillas vs. Florida Final Boss? 🦍🐊 #shorts,2026-03-23T03:39:28Z,30432,309,29
2026-03-23T16:43:51+00:00,gRNQkeddOeo,UCKjEtnnXEHsXE9IvCb92V7g,“I would light this thing on fire” 🔥🤣,2026-03-23T02:03:26Z,5930,197,5
2026-03-23T16:43:51+00:00,a8PrkqVWt_s,UCKjEtnnXEHsXE9IvCb92V7g,Tony Delk breaks down the difference in the 2025 and 2026 Florida guards. #MarchMadness,2026-03-23T01:13:03Z,2154,9,1
2026-03-23T16:44:22+00:00,25nXjfAtOvc,UCKjEtnnXEHsXE9IvCb92V7g,Press Conference: Louisville vs. Alabama Postgame (2026 Women's Second Round),2026-03-23T13:30:19Z,0,1,
2026-03-23T16:44:22+00:00,q7oYm4P9UKc,UCKjEtnnXEHsXE9IvCb92V7g,100 gorillas vs. Florida Final Boss? 🦍🐊 #shorts,2026-03-23T03:39:28Z,30432,310,29
2026-03-23T16:44:22+00:00,gRNQkeddOeo,UCKjEtnnXEHsXE9IvCb92V7g,“I would light this thing on fire” 🔥🤣,2026-03-23T02:03:26Z,5972,197,5
2026-03-23T16:44:22+00:00,a8PrkqVWt_s,UCKjEtnnXEHsXE9IvCb92V7g,Tony Delk breaks down the difference in the 2025 and 2026 Florida guards. #MarchMadness,2026-03-23T01:13:03Z,2154,9,1
2026-03-23T16:44:53+00:00,25nXjfAtOvc,UCKjEtnnXEHsXE9IvCb92V7g,Press Conference: Louisville vs. Alabama Postgame (2026 Women's Second Round),2026-03-23T13:30:19Z,0,1,
2026-03-23T16:44:53+00:00,q7oYm4P9UKc,UCKjEtnnXEHsXE9IvCb92V7g,100 gorillas vs. Florida Final Boss? 🦍🐊 #shorts,2026-03-23T03:39:28Z,30432,310,29
2026-03-23T16:44:53+00:00,gRNQkeddOeo,UCKjEtnnXEHsXE9IvCb92V7g,“I would light this thing on fire” 🔥🤣,2026-03-23T02:03:26Z,5972,197,5
2026-03-23T16:44:53+00:00,a8PrkqVWt_s,UCKjEtnnXEHsXE9IvCb92V7g,Tony Delk breaks down the difference in the 2025 and 2026 Florida guards. #MarchMadness,2026-03-23T01:13:03Z,2154,9,1
2026-03-23T16:45:24+00:00,25nXjfAtOvc,UCKjEtnnXEHsXE9IvCb92V7g,Press Conference: Louisville vs. Alabama Postgame (2026 Women's Second Round),2026-03-23T13:30:19Z,0,1,
2026-03-23T16:45:24+00:00,q7oYm4P9UKc,UCKjEtnnXEHsXE9IvCb92V7g,100 gorillas vs. Florida Final Boss? 🦍🐊 #shorts,2026-03-23T03:39:28Z,30432,310,29
2026-03-23T16:45:24+00:00,gRNQkeddOeo,UCKjEtnnXEHsXE9IvCb92V7g,“I would light this thing on fire” 🔥🤣,2026-03-23T02:03:26Z,5972,198,5
2026-03-23T16:45:24+00:00,a8PrkqVWt_s,UCKjEtnnXEHsXE9IvCb92V7g,Tony Delk breaks down the difference in the 2025 and 2026 Florida guards. #MarchMadness,2026-03-23T01:13:03Z,2154,9,1
2026-03-23T16:45:55+00:00,25nXjfAtOvc,UCKjEtnnXEHsXE9IvCb92V7g,Press Conference: Louisville vs. Alabama Postgame (2026 Women's Second Round),2026-03-23T13:30:19Z,0,1,
2026-03-23T16:45:55+00:00,q7oYm4P9UKc,UCKjEtnnXEHsXE9IvCb92V7g,100 gorillas vs. Florida Final Boss? 🦍🐊 #shorts,2026-03-23T03:39:28Z,30432,310,29
2026-03-23T16:45:55+00:00,gRNQkeddOeo,UCKjEtnnXEHsXE9IvCb92V7g,“I would light this thing on fire” 🔥🤣,2026-03-23T02:03:26Z,5972,198,5
2026-03-23T16:45:55+00:00,a8PrkqVWt_s,UCKjEtnnXEHsXE9IvCb92V7g,Tony Delk breaks down the difference in the 2025 and 2026 Florida guards. #MarchMadness,2026-03-23T01:13:03Z,2154,9,1
2026-03-23T16:46:26+00:00,25nXjfAtOvc,UCKjEtnnXEHsXE9IvCb92V7g,Press Conference: Louisville vs. Alabama Postgame (2026 Women's Second Round),2026-03-23T13:30:19Z,0,1,
2026-03-23T16:46:26+00:00,q7oYm4P9UKc,UCKjEtnnXEHsXE9IvCb92V7g,100 gorillas vs. Florida Final Boss? 🦍🐊 #shorts,2026-03-23T03:39:28Z,30694,310,29
2026-03-23T16:46:26+00:00,gRNQkeddOeo,UCKjEtnnXEHsXE9IvCb92V7g,“I would light this thing on fire” 🔥🤣,2026-03-23T02:03:26Z,5972,198,5
2026-03-23T16:46:26+00:00,a8PrkqVWt_s,UCKjEtnnXEHsXE9IvCb92V7g,Tony Delk breaks down the difference in the 2025 and 2026 Florida guards. #MarchMadness,2026-03-23T01:13:03Z,2158,9,1
2026-03-23T16:46:56+00:00,25nXjfAtOvc,UCKjEtnnXEHsXE9IvCb92V7g,Press Conference: Louisville vs. Alabama Postgame (2026 Women's Second Round),2026-03-23T13:30:19Z,0,1,
2026-03-23T16:46:56+00:00,q7oYm4P9UKc,UCKjEtnnXEHsXE9IvCb92V7g,100 gorillas vs. Florida Final Boss? 🦍🐊 #shorts,2026-03-23T03:39:28Z,30694,310,29
2026-03-23T16:46:56+00:00,gRNQkeddOeo,UCKjEtnnXEHsXE9IvCb92V7g,“I would light this thing on fire” 🔥🤣,2026-03-23T02:03:26Z,5972,198,5
2026-03-23T16:46:56+00:00,a8PrkqVWt_s,UCKjEtnnXEHsXE9IvCb92V7g,Tony Delk breaks down the difference in the 2025 and 2026 Florida guards. #MarchMadness,2026-03-23T01:13:03Z,2158,9,1
2026-03-23T16:47:27+00:00,25nXjfAtOvc,UCKjEtnnXEHsXE9IvCb92V7g,Press Conference: Louisville vs. Alabama Postgame (2026 Women's Second Round),2026-03-23T13:30:19Z,0,1,
2026-03-23T16:47:27+00:00,q7oYm4P9UKc,UCKjEtnnXEHsXE9IvCb92V7g,100 gorillas vs. Florida Final Boss? 🦍🐊 #shorts,2026-03-23T03:39:28Z,30694,310,29
2026-03-23T16:47:27+00:00,gRNQkeddOeo,UCKjEtnnXEHsXE9IvCb92V7g,“I would light this thing on fire” 🔥🤣,2026-03-23T02:03:26Z,5972,198,5
2026-03-23T16:47:27+00:00,a8PrkqVWt_s,UCKjEtnnXEHsXE9IvCb92V7g,Tony Delk breaks down the difference in the 2025 and 2026 Florida guards. #MarchMadness,2026-03-23T01:13:03Z,2158,9,1
2026-03-23T16:47:58+00:00,25nXjfAtOvc,UCKjEtnnXEHsXE9IvCb92V7g,Press Conference: Louisville vs. Alabama Postgame (2026 Women's Second Round),2026-03-23T13:30:19Z,0,1,
2026-03-23T16:47:58+00:00,q7oYm4P9UKc,UCKjEtnnXEHsXE9IvCb92V7g,100 gorillas vs. Florida Final Boss? 🦍🐊 #shorts,2026-03-23T03:39:28Z,30694,311,29
2026-03-23T16:47:58+00:00,gRNQkeddOeo,UCKjEtnnXEHsXE9IvCb92V7g,“I would light this thing on fire” 🔥🤣,2026-03-23T02:03:26Z,5972,198,5
2026-03-23T16:47:58+00:00,a8PrkqVWt_s,UCKjEtnnXEHsXE9IvCb92V7g,Tony Delk breaks down the difference in the 2025 and 2026 Florida guards. #MarchMadness,2026-03-23T01:13:03Z,2158,9,1
2026-03-23T16:48:29+00:00,25nXjfAtOvc,UCKjEtnnXEHsXE9IvCb92V7g,Press Conference: Louisville vs. Alabama Postgame (2026 Women's Second Round),2026-03-23T13:30:19Z,0,1,
2026-03-23T16:48:29+00:00,q7oYm4P9UKc,UCKjEtnnXEHsXE9IvCb92V7g,100 gorillas vs. Florida Final Boss? 🦍🐊 #shorts,2026-03-23T03:39:28Z,30694,311,29
2026-03-23T16:48:29+00:00,gRNQkeddOeo,UCKjEtnnXEHsXE9IvCb92V7g,“I would light this thing on fire” 🔥🤣,2026-03-23T02:03:26Z,5972,198,5
2026-03-23T16:48:29+00:00,a8PrkqVWt_s,UCKjEtnnXEHsXE9IvCb92V7g,Tony Delk breaks down the difference in the 2025 and 2026 Florida guards. #MarchMadness,2026-03-23T01:13:03Z,2158,9,1
2026-03-23T16:49:00+00:00,25nXjfAtOvc,UCKjEtnnXEHsXE9IvCb92V7g,Press Conference: Louisville vs. Alabama Postgame (2026 Women's Second Round),2026-03-23T13:30:19Z,0,1,
2026-03-23T16:49:00+00:00,q7oYm4P9UKc,UCKjEtnnXEHsXE9IvCb92V7g,100 gorillas vs. Florida Final Boss? 🦍🐊 #shorts,2026-03-23T03:39:28Z,30694,311,29
2026-03-23T16:49:00+00:00,gRNQkeddOeo,UCKjEtnnXEHsXE9IvCb92V7g,“I would light this thing on fire” 🔥🤣,2026-03-23T02:03:26Z,6008,198,5
2026-03-23T16:49:00+00:00,a8PrkqVWt_s,UCKjEtnnXEHsXE9IvCb92V7g,Tony Delk breaks down the difference in the 2025 and 2026 Florida guards. #MarchMadness,2026-03-23T01:13:03Z,2158,9,1
2026-03-23T16:49:31+00:00,25nXjfAtOvc,UCKjEtnnXEHsXE9IvCb92V7g,Press Conference: Louisville vs. Alabama Postgame (2026 Women's Second Round),2026-03-23T13:30:19Z,0,1,
2026-03-23T16:49:31+00:00,q7oYm4P9UKc,UCKjEtnnXEHsXE9IvCb92V7g,100 gorillas vs. Florida Final Boss? 🦍🐊 #shorts,2026-03-23T03:39:28Z,30694,311,29
2026-03-23T16:49:31+00:00,gRNQkeddOeo,UCKjEtnnXEHsXE9IvCb92V7g,“I would light this thing on fire” 🔥🤣,2026-03-23T02:03:26Z,6008,198,5
2026-03-23T16:49:31+00:00,a8PrkqVWt_s,UCKjEtnnXEHsXE9IvCb92V7g,Tony Delk breaks down the difference in the 2025 and 2026 Florida guards. #MarchMadness,2026-03-23T01:13:03Z,2158,9,1
2026-03-23T16:50:02+00:00,25nXjfAtOvc,UCKjEtnnXEHsXE9IvCb92V7g,Press Conference: Louisville vs. Alabama Postgame (2026 Women's Second Round),2026-03-23T13:30:19Z,0,1,
2026-03-23T16:50:02+00:00,q7oYm4P9UKc,UCKjEtnnXEHsXE9IvCb92V7g,100 gorillas vs. Florida Final Boss? 🦍🐊 #shorts,2026-03-23T03:39:28Z,30694,311,29
2026-03-23T16:50:02+00:00,gRNQkeddOeo,UCKjEtnnXEHsXE9IvCb92V7g,“I would light this thing on fire” 🔥🤣,2026-03-23T02:03:26Z,6008,198,5
2026-03-23T16:50:02+00:00,a8PrkqVWt_s,UCKjEtnnXEHsXE9IvCb92V7g,Tony Delk breaks down the difference in the 2025 and 2026 Florida guards. #MarchMadness,2026-03-23T01:13:03Z,2158,9,1
2026-03-23T16:50:32+00:00,25nXjfAtOvc,UCKjEtnnXEHsXE9IvCb92V7g,Press Conference: Louisville vs. Alabama Postgame (2026 Women's Second Round),2026-03-23T13:30:19Z,0,1,
2026-03-23T16:50:32+00:00,q7oYm4P9UKc,UCKjEtnnXEHsXE9IvCb92V7g,100 gorillas vs. Florida Final Boss? 🦍🐊 #shorts,2026-03-23T03:39:28Z,30694,311,29
2026-03-23T16:50:32+00:00,gRNQkeddOeo,UCKjEtnnXEHsXE9IvCb92V7g,“I would light this thing on fire” 🔥🤣,2026-03-23T02:03:26Z,6008,198,5
2026-03-23T16:50:32+00:00,a8PrkqVWt_s,UCKjEtnnXEHsXE9IvCb92V7g,Tony Delk breaks down the difference in the 2025 and 2026 Florida guards. #MarchMadness,2026-03-23T01:13:03Z,2158,9,1
2026-03-23T16:51:03+00:00,25nXjfAtOvc,UCKjEtnnXEHsXE9IvCb92V7g,Press Conference: Louisville vs. Alabama Postgame (2026 Women's Second Round),2026-03-23T13:30:19Z,0,1,
2026-03-23T16:51:03+00:00,q7oYm4P9UKc,UCKjEtnnXEHsXE9IvCb92V7g,100 gorillas vs. Florida Final Boss? 🦍🐊 #shorts,2026-03-23T03:39:28Z,30694,311,29
2026-03-23T16:51:03+00:00,gRNQkeddOeo,UCKjEtnnXEHsXE9IvCb92V7g,“I would light this thing on fire” 🔥🤣,2026-03-23T02:03:26Z,6008,198,5
2026-03-23T16:51:03+00:00,a8PrkqVWt_s,UCKjEtnnXEHsXE9IvCb92V7g,Tony Delk breaks down the difference in the 2025 and 2026 Florida guards. #MarchMadness,2026-03-23T01:13:03Z,2158,9,1
2026-03-23T16:51:34+00:00,25nXjfAtOvc,UCKjEtnnXEHsXE9IvCb92V7g,Press Conference: Louisville vs. Alabama Postgame (2026 Women's Second Round),2026-03-23T13:30:19Z,0,1,
2026-03-23T16:51:34+00:00,q7oYm4P9UKc,UCKjEtnnXEHsXE9IvCb92V7g,100 gorillas vs. Florida Final Boss? 🦍🐊 #shorts,2026-03-23T03:39:28Z,30906,311,29
2026-03-23T16:51:34+00:00,gRNQkeddOeo,UCKjEtnnXEHsXE9IvCb92V7g,“I would light this thing on fire” 🔥🤣,2026-03-23T02:03:26Z,6008,198,5
2026-03-23T16:51:34+00:00,a8PrkqVWt_s,UCKjEtnnXEHsXE9IvCb92V7g,Tony Delk breaks down the difference in the 2025 and 2026 Florida guards. #MarchMadness,2026-03-23T01:13:03Z,2161,9,1
2026-03-23T16:52:04+00:00,25nXjfAtOvc,UCKjEtnnXEHsXE9IvCb92V7g,Press Conference: Louisville vs. Alabama Postgame (2026 Women's Second Round),2026-03-23T13:30:19Z,0,1,
2026-03-23T16:52:04+00:00,q7oYm4P9UKc,UCKjEtnnXEHsXE9IvCb92V7g,100 gorillas vs. Florida Final Boss? 🦍🐊 #shorts,2026-03-23T03:39:28Z,30906,311,29
2026-03-23T16:52:04+00:00,gRNQkeddOeo,UCKjEtnnXEHsXE9IvCb92V7g,“I would light this thing on fire” 🔥🤣,2026-03-23T02:03:26Z,6008,198,5
2026-03-23T16:52:04+00:00,a8PrkqVWt_s,UCKjEtnnXEHsXE9IvCb92V7g,Tony Delk breaks down the difference in the 2025 and 2026 Florida guards. #MarchMadness,2026-03-23T01:13:03Z,2161,9,1
2026-03-23T16:52:35+00:00,25nXjfAtOvc,UCKjEtnnXEHsXE9IvCb92V7g,Press Conference: Louisville vs. Alabama Postgame (2026 Women's Second Round),2026-03-23T13:30:19Z,0,1,
2026-03-23T16:52:35+00:00,q7oYm4P9UKc,UCKjEtnnXEHsXE9IvCb92V7g,100 gorillas vs. Florida Final Boss? 🦍🐊 #shorts,2026-03-23T03:39:28Z,30906,311,29
2026-03-23T16:52:35+00:00,gRNQkeddOeo,UCKjEtnnXEHsXE9IvCb92V7g,“I would light this thing on fire” 🔥🤣,2026-03-23T02:03:26Z,6008,198,5
2026-03-23T16:52:35+00:00,a8PrkqVWt_s,UCKjEtnnXEHsXE9IvCb92V7g,Tony Delk breaks down the difference in the 2025 and 2026 Florida guards. #MarchMadness,2026-03-23T01:13:03Z,2161,9,1
2026-03-23T16:53:05+00:00,25nXjfAtOvc,UCKjEtnnXEHsXE9IvCb92V7g,Press Conference: Louisville vs. Alabama Postgame (2026 Women's Second Round),2026-03-23T13:30:19Z,0,1,
2026-03-23T16:53:05+00:00,q7oYm4P9UKc,UCKjEtnnXEHsXE9IvCb92V7g,100 gorillas vs. Florida Final Boss? 🦍🐊 #shorts,2026-03-23T03:39:28Z,30906,311,29
2026-03-23T16:53:05+00:00,gRNQkeddOeo,UCKjEtnnXEHsXE9IvCb92V7g,“I would light this thing on fire” 🔥🤣,2026-03-23T02:03:26Z,6008,199,5
2026-03-23T16:53:05+00:00,a8PrkqVWt_s,UCKjEtnnXEHsXE9IvCb92V7g,Tony Delk breaks down the difference in the 2025 and 2026 Florida guards. #MarchMadness,2026-03-23T01:13:03Z,2161,9,1
2026-03-23T16:53:36+00:00,25nXjfAtOvc,UCKjEtnnXEHsXE9IvCb92V7g,Press Conference: Louisville vs. Alabama Postgame (2026 Women's Second Round),2026-03-23T13:30:19Z,0,1,
2026-03-23T16:53:36+00:00,q7oYm4P9UKc,UCKjEtnnXEHsXE9IvCb92V7g,100 gorillas vs. Florida Final Boss? 🦍🐊 #shorts,2026-03-23T03:39:28Z,30906,311,29
2026-03-23T16:53:36+00:00,gRNQkeddOeo,UCKjEtnnXEHsXE9IvCb92V7g,“I would light this thing on fire” 🔥🤣,2026-03-23T02:03:26Z,6008,199,5
2026-03-23T16:53:36+00:00,a8PrkqVWt_s,UCKjEtnnXEHsXE9IvCb92V7g,Tony Delk breaks down the difference in the 2025 and 2026 Florida guards. #MarchMadness,2026-03-23T01:13:03Z,2161,9,1
2026-03-23T16:54:06+00:00,25nXjfAtOvc,UCKjEtnnXEHsXE9IvCb92V7g,Press Conference: Louisville vs. Alabama Postgame (2026 Women's Second Round),2026-03-23T13:30:19Z,0,1,
2026-03-23T16:54:06+00:00,q7oYm4P9UKc,UCKjEtnnXEHsXE9IvCb92V7g,100 gorillas vs. Florida Final Boss? 🦍🐊 #shorts,2026-03-23T03:39:28Z,30906,311,29
2026-03-23T16:54:06+00:00,gRNQkeddOeo,UCKjEtnnXEHsXE9IvCb92V7g,“I would light this thing on fire” 🔥🤣,2026-03-23T02:03:26Z,6008,200,5
2026-03-23T16:54:06+00:00,a8PrkqVWt_s,UCKjEtnnXEHsXE9IvCb92V7g,Tony Delk breaks down the difference in the 2025 and 2026 Florida guards. #MarchMadness,2026-03-23T01:13:03Z,2161,9,1
2026-03-23T16:54:37+00:00,25nXjfAtOvc,UCKjEtnnXEHsXE9IvCb92V7g,Press Conference: Louisville vs. Alabama Postgame (2026 Women's Second Round),2026-03-23T13:30:19Z,0,1,
2026-03-23T16:54:37+00:00,q7oYm4P9UKc,UCKjEtnnXEHsXE9IvCb92V7g,100 gorillas vs. Florida Final Boss? 🦍🐊 #shorts,2026-03-23T03:39:28Z,30906,311,29
2026-03-23T16:54:37+00:00,gRNQkeddOeo,UCKjEtnnXEHsXE9IvCb92V7g,“I would light this thing on fire” 🔥🤣,2026-03-23T02:03:26Z,6044,200,5
2026-03-23T16:54:37+00:00,a8PrkqVWt_s,UCKjEtnnXEHsXE9IvCb92V7g,Tony Delk breaks down the difference in the 2025 and 2026 Florida guards. #MarchMadness,2026-03-23T01:13:03Z,2161,9,1
2026-03-23T16:55:07+00:00,25nXjfAtOvc,UCKjEtnnXEHsXE9IvCb92V7g,Press Conference: Louisville vs. Alabama Postgame (2026 Women's Second Round),2026-03-23T13:30:19Z,0,1,
2026-03-23T16:55:07+00:00,q7oYm4P9UKc,UCKjEtnnXEHsXE9IvCb92V7g,100 gorillas vs. Florida Final Boss? 🦍🐊 #shorts,2026-03-23T03:39:28Z,30906,311,29
2026-03-23T16:55:07+00:00,gRNQkeddOeo,UCKjEtnnXEHsXE9IvCb92V7g,“I would light this thing on fire” 🔥🤣,2026-03-23T02:03:26Z,6044,200,5
2026-03-23T16:55:07+00:00,a8PrkqVWt_s,UCKjEtnnXEHsXE9IvCb92V7g,Tony Delk breaks down the difference in the 2025 and 2026 Florida guards. #MarchMadness,2026-03-23T01:13:03Z,2161,9,1
2026-03-23T16:55:37+00:00,25nXjfAtOvc,UCKjEtnnXEHsXE9IvCb92V7g,Press Conference: Louisville vs. Alabama Postgame (2026 Women's Second Round),2026-03-23T13:30:19Z,0,1,
2026-03-23T16:55:37+00:00,q7oYm4P9UKc,UCKjEtnnXEHsXE9IvCb92V7g,100 gorillas vs. Florida Final Boss? 🦍🐊 #shorts,2026-03-23T03:39:28Z,30906,313,29
2026-03-23T16:55:37+00:00,gRNQkeddOeo,UCKjEtnnXEHsXE9IvCb92V7g,“I would light this thing on fire” 🔥🤣,2026-03-23T02:03:26Z,6044,200,5
2026-03-23T16:55:37+00:00,a8PrkqVWt_s,UCKjEtnnXEHsXE9IvCb92V7g,Tony Delk breaks down the difference in the 2025 and 2026 Florida guards. #MarchMadness,2026-03-23T01:13:03Z,2161,9,1
2026-03-23T16:56:08+00:00,25nXjfAtOvc,UCKjEtnnXEHsXE9IvCb92V7g,Press Conference: Louisville vs. Alabama Postgame (2026 Women's Second Round),2026-03-23T13:30:19Z,0,1,
2026-03-23T16:56:08+00:00,q7oYm4P9UKc,UCKjEtnnXEHsXE9IvCb92V7g,100 gorillas vs. Florida Final Boss? 🦍🐊 #shorts,2026-03-23T03:39:28Z,30906,313,29
2026-03-23T16:56:08+00:00,gRNQkeddOeo,UCKjEtnnXEHsXE9IvCb92V7g,“I would light this thing on fire” 🔥🤣,2026-03-23T02:03:26Z,6044,200,5
2026-03-23T16:56:08+00:00,a8PrkqVWt_s,UCKjEtnnXEHsXE9IvCb92V7g,Tony Delk breaks down the difference in the 2025 and 2026 Florida guards. #MarchMadness,2026-03-23T01:13:03Z,2161,9,1
2026-03-23T16:56:39+00:00,25nXjfAtOvc,UCKjEtnnXEHsXE9IvCb92V7g,Press Conference: Louisville vs. Alabama Postgame (2026 Women's Second Round),2026-03-23T13:30:19Z,0,1,
2026-03-23T16:56:39+00:00,q7oYm4P9UKc,UCKjEtnnXEHsXE9IvCb92V7g,100 gorillas vs. Florida Final Boss? 🦍🐊 #shorts,2026-03-23T03:39:28Z,30947,313,29
2026-03-23T16:56:39+00:00,gRNQkeddOeo,UCKjEtnnXEHsXE9IvCb92V7g,“I would light this thing on fire” 🔥🤣,2026-03-23T02:03:26Z,6044,200,5
2026-03-23T16:56:39+00:00,a8PrkqVWt_s,UCKjEtnnXEHsXE9IvCb92V7g,Tony Delk breaks down the difference in the 2025 and 2026 Florida guards. #MarchMadness,2026-03-23T01:13:03Z,2163,9,1
2026-03-23T16:57:10+00:00,25nXjfAtOvc,UCKjEtnnXEHsXE9IvCb92V7g,Press Conference: Louisville vs. Alabama Postgame (2026 Women's Second Round),2026-03-23T13:30:19Z,0,1,
2026-03-23T16:57:10+00:00,q7oYm4P9UKc,UCKjEtnnXEHsXE9IvCb92V7g,100 gorillas vs. Florida Final Boss? 🦍🐊 #shorts,2026-03-23T03:39:28Z,31081,313,29
2026-03-23T16:57:10+00:00,gRNQkeddOeo,UCKjEtnnXEHsXE9IvCb92V7g,“I would light this thing on fire” 🔥🤣,2026-03-23T02:03:26Z,6044,200,5
2026-03-23T16:57:10+00:00,a8PrkqVWt_s,UCKjEtnnXEHsXE9IvCb92V7g,Tony Delk breaks down the difference in the 2025 and 2026 Florida guards. #MarchMadness,2026-03-23T01:13:03Z,2163,9,1
2026-03-23T16:57:41+00:00,25nXjfAtOvc,UCKjEtnnXEHsXE9IvCb92V7g,Press Conference: Louisville vs. Alabama Postgame (2026 Women's Second Round),2026-03-23T13:30:19Z,0,1,
2026-03-23T16:57:41+00:00,q7oYm4P9UKc,UCKjEtnnXEHsXE9IvCb92V7g,100 gorillas vs. Florida Final Boss? 🦍🐊 #shorts,2026-03-23T03:39:28Z,31081,313,29
2026-03-23T16:57:41+00:00,gRNQkeddOeo,UCKjEtnnXEHsXE9IvCb92V7g,“I would light this thing on fire” 🔥🤣,2026-03-23T02:03:26Z,6044,200,6
2026-03-23T16:57:41+00:00,a8PrkqVWt_s,UCKjEtnnXEHsXE9IvCb92V7g,Tony Delk breaks down the difference in the 2025 and 2026 Florida guards. #MarchMadness,2026-03-23T01:13:03Z,2164,9,1
2026-03-23T16:58:12+00:00,25nXjfAtOvc,UCKjEtnnXEHsXE9IvCb92V7g,Press Conference: Louisville vs. Alabama Postgame (2026 Women's Second Round),2026-03-23T13:30:19Z,0,1,
2026-03-23T16:58:12+00:00,q7oYm4P9UKc,UCKjEtnnXEHsXE9IvCb92V7g,100 gorillas vs. Florida Final Boss? 🦍🐊 #shorts,2026-03-23T03:39:28Z,31081,314,29
2026-03-23T16:58:12+00:00,gRNQkeddOeo,UCKjEtnnXEHsXE9IvCb92V7g,“I would light this thing on fire” 🔥🤣,2026-03-23T02:03:26Z,6044,200,6
2026-03-23T16:58:12+00:00,a8PrkqVWt_s,UCKjEtnnXEHsXE9IvCb92V7g,Tony Delk breaks down the difference in the 2025 and 2026 Florida guards. #MarchMadness,2026-03-23T01:13:03Z,2164,9,1
2026-03-23T16:58:42+00:00,25nXjfAtOvc,UCKjEtnnXEHsXE9IvCb92V7g,Press Conference: Louisville vs. Alabama Postgame (2026 Women's Second Round),2026-03-23T13:30:19Z,0,1,
2026-03-23T16:58:42+00:00,q7oYm4P9UKc,UCKjEtnnXEHsXE9IvCb92V7g,100 gorillas vs. Florida Final Boss? 🦍🐊 #shorts,2026-03-23T03:39:28Z,31081,314,29
2026-03-23T16:58:42+00:00,gRNQkeddOeo,UCKjEtnnXEHsXE9IvCb92V7g,“I would light this thing on fire” 🔥🤣,2026-03-23T02:03:26Z,6044,200,6
2026-03-23T16:58:42+00:00,a8PrkqVWt_s,UCKjEtnnXEHsXE9IvCb92V7g,Tony Delk breaks down the difference in the 2025 and 2026 Florida guards. #MarchMadness,2026-03-23T01:13:03Z,2164,9,1
2026-03-23T16:59:13+00:00,25nXjfAtOvc,UCKjEtnnXEHsXE9IvCb92V7g,Press Conference: Louisville vs. Alabama Postgame (2026 Women's Second Round),2026-03-23T13:30:19Z,0,1,
2026-03-23T16:59:13+00:00,q7oYm4P9UKc,UCKjEtnnXEHsXE9IvCb92V7g,100 gorillas vs. Florida Final Boss? 🦍🐊 #shorts,2026-03-23T03:39:28Z,31081,314,29
2026-03-23T16:59:13+00:00,gRNQkeddOeo,UCKjEtnnXEHsXE9IvCb92V7g,“I would light this thing on fire” 🔥🤣,2026-03-23T02:03:26Z,6091,200,6
2026-03-23T16:59:13+00:00,a8PrkqVWt_s,UCKjEtnnXEHsXE9IvCb92V7g,Tony Delk breaks down the difference in the 2025 and 2026 Florida guards. #MarchMadness,2026-03-23T01:13:03Z,2164,9,1
2026-03-23T16:59:44+00:00,25nXjfAtOvc,UCKjEtnnXEHsXE9IvCb92V7g,Press Conference: Louisville vs. Alabama Postgame (2026 Women's Second Round),2026-03-23T13:30:19Z,0,1,
2026-03-23T16:59:44+00:00,q7oYm4P9UKc,UCKjEtnnXEHsXE9IvCb92V7g,100 gorillas vs. Florida Final Boss? 🦍🐊 #shorts,2026-03-23T03:39:28Z,31081,314,29
2026-03-23T16:59:44+00:00,gRNQkeddOeo,UCKjEtnnXEHsXE9IvCb92V7g,“I would light this thing on fire” 🔥🤣,2026-03-23T02:03:26Z,6091,200,6
2026-03-23T16:59:44+00:00,a8PrkqVWt_s,UCKjEtnnXEHsXE9IvCb92V7g,Tony Delk breaks down the difference in the 2025 and 2026 Florida guards. #MarchMadness,2026-03-23T01:13:03Z,2164,9,1
2026-03-23T17:00:15+00:00,25nXjfAtOvc,UCKjEtnnXEHsXE9IvCb92V7g,Press Conference: Louisville vs. Alabama Postgame (2026 Women's Second Round),2026-03-23T13:30:19Z,0,1,
2026-03-23T17:00:15+00:00,q7oYm4P9UKc,UCKjEtnnXEHsXE9IvCb92V7g,100 gorillas vs. Florida Final Boss? 🦍🐊 #shorts,2026-03-23T03:39:28Z,31081,315,29
2026-03-23T17:00:15+00:00,gRNQkeddOeo,UCKjEtnnXEHsXE9IvCb92V7g,“I would light this thing on fire” 🔥🤣,2026-03-23T02:03:26Z,6091,200,6
2026-03-23T17:00:15+00:00,a8PrkqVWt_s,UCKjEtnnXEHsXE9IvCb92V7g,Tony Delk breaks down the difference in the 2025 and 2026 Florida guards. #MarchMadness,2026-03-23T01:13:03Z,2164,9,1
2026-03-23T17:00:46+00:00,25nXjfAtOvc,UCKjEtnnXEHsXE9IvCb92V7g,Press Conference: Louisville vs. Alabama Postgame (2026 Women's Second Round),2026-03-23T13:30:19Z,0,1,
2026-03-23T17:00:46+00:00,q7oYm4P9UKc,UCKjEtnnXEHsXE9IvCb92V7g,100 gorillas vs. Florida Final Boss? 🦍🐊 #shorts,2026-03-23T03:39:28Z,31081,316,29
2026-03-23T17:00:46+00:00,gRNQkeddOeo,UCKjEtnnXEHsXE9IvCb92V7g,“I would light this thing on fire” 🔥🤣,2026-03-23T02:03:26Z,6091,201,6
2026-03-23T17:00:46+00:00,a8PrkqVWt_s,UCKjEtnnXEHsXE9IvCb92V7g,Tony Delk breaks down the difference in the 2025 and 2026 Florida guards. #MarchMadness,2026-03-23T01:13:03Z,2164,9,1
2026-03-23T17:01:16+00:00,25nXjfAtOvc,UCKjEtnnXEHsXE9IvCb92V7g,Press Conference: Louisville vs. Alabama Postgame (2026 Women's Second Round),2026-03-23T13:30:19Z,0,1,
2026-03-23T17:01:16+00:00,q7oYm4P9UKc,UCKjEtnnXEHsXE9IvCb92V7g,100 gorillas vs. Florida Final Boss? 🦍🐊 #shorts,2026-03-23T03:39:28Z,31081,316,29
2026-03-23T17:01:16+00:00,gRNQkeddOeo,UCKjEtnnXEHsXE9IvCb92V7g,“I would light this thing on fire” 🔥🤣,2026-03-23T02:03:26Z,6091,201,6
2026-03-23T17:01:16+00:00,a8PrkqVWt_s,UCKjEtnnXEHsXE9IvCb92V7g,Tony Delk breaks down the difference in the 2025 and 2026 Florida guards. #MarchMadness,2026-03-23T01:13:03Z,2164,9,1
2026-03-23T17:01:47+00:00,25nXjfAtOvc,UCKjEtnnXEHsXE9IvCb92V7g,Press Conference: Louisville vs. Alabama Postgame (2026 Women's Second Round),2026-03-23T13:30:19Z,0,1,
2026-03-23T17:01:47+00:00,q7oYm4P9UKc,UCKjEtnnXEHsXE9IvCb92V7g,100 gorillas vs. Florida Final Boss? 🦍🐊 #shorts,2026-03-23T03:39:28Z,31338,316,29
2026-03-23T17:01:47+00:00,gRNQkeddOeo,UCKjEtnnXEHsXE9IvCb92V7g,“I would light this thing on fire” 🔥🤣,2026-03-23T02:03:26Z,6091,201,6
2026-03-23T17:01:47+00:00,a8PrkqVWt_s,UCKjEtnnXEHsXE9IvCb92V7g,Tony Delk breaks down the difference in the 2025 and 2026 Florida guards. #MarchMadness,2026-03-23T01:13:03Z,2166,9,1
2026-03-23T17:02:18+00:00,25nXjfAtOvc,UCKjEtnnXEHsXE9IvCb92V7g,Press Conference: Louisville vs. Alabama Postgame (2026 Women's Second Round),2026-03-23T13:30:19Z,0,1,
2026-03-23T17:02:18+00:00,q7oYm4P9UKc,UCKjEtnnXEHsXE9IvCb92V7g,100 gorillas vs. Florida Final Boss? 🦍🐊 #shorts,2026-03-23T03:39:28Z,31349,316,29
2026-03-23T17:02:18+00:00,gRNQkeddOeo,UCKjEtnnXEHsXE9IvCb92V7g,“I would light this thing on fire” 🔥🤣,2026-03-23T02:03:26Z,6091,201,6
2026-03-23T17:02:18+00:00,a8PrkqVWt_s,UCKjEtnnXEHsXE9IvCb92V7g,Tony Delk breaks down the difference in the 2025 and 2026 Florida guards. #MarchMadness,2026-03-23T01:13:03Z,2166,9,1
2026-03-23T17:02:49+00:00,25nXjfAtOvc,UCKjEtnnXEHsXE9IvCb92V7g,Press Conference: Louisville vs. Alabama Postgame (2026 Women's Second Round),2026-03-23T13:30:19Z,0,1,
2026-03-23T17:02:49+00:00,q7oYm4P9UKc,UCKjEtnnXEHsXE9IvCb92V7g,100 gorillas vs. Florida Final Boss? 🦍🐊 #shorts,2026-03-23T03:39:28Z,31349,316,29
2026-03-23T17:02:49+00:00,gRNQkeddOeo,UCKjEtnnXEHsXE9IvCb92V7g,“I would light this thing on fire” 🔥🤣,2026-03-23T02:03:26Z,6091,202,6
2026-03-23T17:02:49+00:00,a8PrkqVWt_s,UCKjEtnnXEHsXE9IvCb92V7g,Tony Delk breaks down the difference in the 2025 and 2026 Florida guards. #MarchMadness,2026-03-23T01:13:03Z,2166,9,1
2026-03-23T17:03:20+00:00,25nXjfAtOvc,UCKjEtnnXEHsXE9IvCb92V7g,Press Conference: Louisville vs. Alabama Postgame (2026 Women's Second Round),2026-03-23T13:30:19Z,0,1,
2026-03-23T17:03:20+00:00,q7oYm4P9UKc,UCKjEtnnXEHsXE9IvCb92V7g,100 gorillas vs. Florida Final Boss? 🦍🐊 #shorts,2026-03-23T03:39:28Z,31349,316,29
2026-03-23T17:03:20+00:00,gRNQkeddOeo,UCKjEtnnXEHsXE9IvCb92V7g,“I would light this thing on fire” 🔥🤣,2026-03-23T02:03:26Z,6091,203,6
2026-03-23T17:03:20+00:00,a8PrkqVWt_s,UCKjEtnnXEHsXE9IvCb92V7g,Tony Delk breaks down the difference in the 2025 and 2026 Florida guards. #MarchMadness,2026-03-23T01:13:03Z,2166,9,1
2026-03-23T17:03:51+00:00,25nXjfAtOvc,UCKjEtnnXEHsXE9IvCb92V7g,Press Conference: Louisville vs. Alabama Postgame (2026 Women's Second Round),2026-03-23T13:30:19Z,0,1,
2026-03-23T17:03:51+00:00,q7oYm4P9UKc,UCKjEtnnXEHsXE9IvCb92V7g,100 gorillas vs. Florida Final Boss? 🦍🐊 #shorts,2026-03-23T03:39:28Z,31349,316,29
2026-03-23T17:03:51+00:00,gRNQkeddOeo,UCKjEtnnXEHsXE9IvCb92V7g,“I would light this thing on fire” 🔥🤣,2026-03-23T02:03:26Z,6091,203,6
2026-03-23T17:03:51+00:00,a8PrkqVWt_s,UCKjEtnnXEHsXE9IvCb92V7g,Tony Delk breaks down the difference in the 2025 and 2026 Florida guards. #MarchMadness,2026-03-23T01:13:03Z,2166,9,1
2026-03-23T17:04:22+00:00,25nXjfAtOvc,UCKjEtnnXEHsXE9IvCb92V7g,Press Conference: Louisville vs. Alabama Postgame (2026 Women's Second Round),2026-03-23T13:30:19Z,0,1,
2026-03-23T17:04:22+00:00,q7oYm4P9UKc,UCKjEtnnXEHsXE9IvCb92V7g,100 gorillas vs. Florida Final Boss? 🦍🐊 #shorts,2026-03-23T03:39:28Z,31349,316,29
2026-03-23T17:04:22+00:00,gRNQkeddOeo,UCKjEtnnXEHsXE9IvCb92V7g,“I would light this thing on fire” 🔥🤣,2026-03-23T02:03:26Z,6145,203,6
2026-03-23T17:04:22+00:00,a8PrkqVWt_s,UCKjEtnnXEHsXE9IvCb92V7g,Tony Delk breaks down the difference in the 2025 and 2026 Florida guards. #MarchMadness,2026-03-23T01:13:03Z,2166,9,1
2026-03-23T17:04:52+00:00,25nXjfAtOvc,UCKjEtnnXEHsXE9IvCb92V7g,Press Conference: Louisville vs. Alabama Postgame (2026 Women's Second Round),2026-03-23T13:30:19Z,0,1,
2026-03-23T17:04:52+00:00,q7oYm4P9UKc,UCKjEtnnXEHsXE9IvCb92V7g,100 gorillas vs. Florida Final Boss? 🦍🐊 #shorts,2026-03-23T03:39:28Z,31349,316,29
2026-03-23T17:04:52+00:00,gRNQkeddOeo,UCKjEtnnXEHsXE9IvCb92V7g,“I would light this thing on fire” 🔥🤣,2026-03-23T02:03:26Z,6145,203,6
2026-03-23T17:04:52+00:00,a8PrkqVWt_s,UCKjEtnnXEHsXE9IvCb92V7g,Tony Delk breaks down the difference in the 2025 and 2026 Florida guards. #MarchMadness,2026-03-23T01:13:03Z,2166,9,1
2026-03-23T17:05:23+00:00,25nXjfAtOvc,UCKjEtnnXEHsXE9IvCb92V7g,Press Conference: Louisville vs. Alabama Postgame (2026 Women's Second Round),2026-03-23T13:30:19Z,0,1,
2026-03-23T17:05:23+00:00,q7oYm4P9UKc,UCKjEtnnXEHsXE9IvCb92V7g,100 gorillas vs. Florida Final Boss? 🦍🐊 #shorts,2026-03-23T03:39:28Z,31349,316,29
2026-03-23T17:05:23+00:00,gRNQkeddOeo,UCKjEtnnXEHsXE9IvCb92V7g,“I would light this thing on fire” 🔥🤣,2026-03-23T02:03:26Z,6147,203,6
2026-03-23T17:05:23+00:00,a8PrkqVWt_s,UCKjEtnnXEHsXE9IvCb92V7g,Tony Delk breaks down the difference in the 2025 and 2026 Florida guards. #MarchMadness,2026-03-23T01:13:03Z,2166,9,1
2026-03-23T17:05:53+00:00,25nXjfAtOvc,UCKjEtnnXEHsXE9IvCb92V7g,Press Conference: Louisville vs. Alabama Postgame (2026 Women's Second Round),2026-03-23T13:30:19Z,0,1,
2026-03-23T17:05:53+00:00,q7oYm4P9UKc,UCKjEtnnXEHsXE9IvCb92V7g,100 gorillas vs. Florida Final Boss? 🦍🐊 #shorts,2026-03-23T03:39:28Z,31349,316,29
2026-03-23T17:05:53+00:00,gRNQkeddOeo,UCKjEtnnXEHsXE9IvCb92V7g,“I would light this thing on fire” 🔥🤣,2026-03-23T02:03:26Z,6147,203,6
2026-03-23T17:05:53+00:00,a8PrkqVWt_s,UCKjEtnnXEHsXE9IvCb92V7g,Tony Delk breaks down the difference in the 2025 and 2026 Florida guards. #MarchMadness,2026-03-23T01:13:03Z,2166,9,1
2026-03-23T17:06:24+00:00,25nXjfAtOvc,UCKjEtnnXEHsXE9IvCb92V7g,Press Conference: Louisville vs. Alabama Postgame (2026 Women's Second Round),2026-03-23T13:30:19Z,0,1,
2026-03-23T17:06:24+00:00,q7oYm4P9UKc,UCKjEtnnXEHsXE9IvCb92V7g,100 gorillas vs. Florida Final Boss? 🦍🐊 #shorts,2026-03-23T03:39:28Z,31555,316,29
2026-03-23T17:06:24+00:00,gRNQkeddOeo,UCKjEtnnXEHsXE9IvCb92V7g,“I would light this thing on fire” 🔥🤣,2026-03-23T02:03:26Z,6147,204,6
2026-03-23T17:06:24+00:00,a8PrkqVWt_s,UCKjEtnnXEHsXE9IvCb92V7g,Tony Delk breaks down the difference in the 2025 and 2026 Florida guards. #MarchMadness,2026-03-23T01:13:03Z,2171,9,1
2026-03-23T17:06:55+00:00,25nXjfAtOvc,UCKjEtnnXEHsXE9IvCb92V7g,Press Conference: Louisville vs. Alabama Postgame (2026 Women's Second Round),2026-03-23T13:30:19Z,0,1,
2026-03-23T17:06:55+00:00,q7oYm4P9UKc,UCKjEtnnXEHsXE9IvCb92V7g,100 gorillas vs. Florida Final Boss? 🦍🐊 #shorts,2026-03-23T03:39:28Z,31555,316,29
2026-03-23T17:06:55+00:00,gRNQkeddOeo,UCKjEtnnXEHsXE9IvCb92V7g,“I would light this thing on fire” 🔥🤣,2026-03-23T02:03:26Z,6147,204,6
2026-03-23T17:06:55+00:00,a8PrkqVWt_s,UCKjEtnnXEHsXE9IvCb92V7g,Tony Delk breaks down the difference in the 2025 and 2026 Florida guards. #MarchMadness,2026-03-23T01:13:03Z,2171,9,1
2026-03-23T17:07:25+00:00,25nXjfAtOvc,UCKjEtnnXEHsXE9IvCb92V7g,Press Conference: Louisville vs. Alabama Postgame (2026 Women's Second Round),2026-03-23T13:30:19Z,0,1,
2026-03-23T17:07:25+00:00,q7oYm4P9UKc,UCKjEtnnXEHsXE9IvCb92V7g,100 gorillas vs. Florida Final Boss? 🦍🐊 #shorts,2026-03-23T03:39:28Z,31555,316,29
2026-03-23T17:07:25+00:00,gRNQkeddOeo,UCKjEtnnXEHsXE9IvCb92V7g,“I would light this thing on fire” 🔥🤣,2026-03-23T02:03:26Z,6147,204,6
2026-03-23T17:07:25+00:00,a8PrkqVWt_s,UCKjEtnnXEHsXE9IvCb92V7g,Tony Delk breaks down the difference in the 2025 and 2026 Florida guards. #MarchMadness,2026-03-23T01:13:03Z,2171,9,1
2026-03-23T17:07:55+00:00,25nXjfAtOvc,UCKjEtnnXEHsXE9IvCb92V7g,Press Conference: Louisville vs. Alabama Postgame (2026 Women's Second Round),2026-03-23T13:30:19Z,0,1,
2026-03-23T17:07:55+00:00,q7oYm4P9UKc,UCKjEtnnXEHsXE9IvCb92V7g,100 gorillas vs. Florida Final Boss? 🦍🐊 #shorts,2026-03-23T03:39:28Z,31555,317,29
2026-03-23T17:07:55+00:00,gRNQkeddOeo,UCKjEtnnXEHsXE9IvCb92V7g,“I would light this thing on fire” 🔥🤣,2026-03-23T02:03:26Z,6147,204,6
2026-03-23T17:07:55+00:00,a8PrkqVWt_s,UCKjEtnnXEHsXE9IvCb92V7g,Tony Delk breaks down the difference in the 2025 and 2026 Florida guards. #MarchMadness,2026-03-23T01:13:03Z,2171,9,1
2026-03-23T17:08:26+00:00,25nXjfAtOvc,UCKjEtnnXEHsXE9IvCb92V7g,Press Conference: Louisville vs. Alabama Postgame (2026 Women's Second Round),2026-03-23T13:30:19Z,0,1,
2026-03-23T17:08:26+00:00,q7oYm4P9UKc,UCKjEtnnXEHsXE9IvCb92V7g,100 gorillas vs. Florida Final Boss? 🦍🐊 #shorts,2026-03-23T03:39:28Z,31555,317,29
2026-03-23T17:08:26+00:00,gRNQkeddOeo,UCKjEtnnXEHsXE9IvCb92V7g,“I would light this thing on fire” 🔥🤣,2026-03-23T02:03:26Z,6147,204,6
2026-03-23T17:08:26+00:00,a8PrkqVWt_s,UCKjEtnnXEHsXE9IvCb92V7g,Tony Delk breaks down the difference in the 2025 and 2026 Florida guards. #MarchMadness,2026-03-23T01:13:03Z,2171,9,1
2026-03-23T17:08:57+00:00,25nXjfAtOvc,UCKjEtnnXEHsXE9IvCb92V7g,Press Conference: Louisville vs. Alabama Postgame (2026 Women's Second Round),2026-03-23T13:30:19Z,0,1,
2026-03-23T17:08:57+00:00,q7oYm4P9UKc,UCKjEtnnXEHsXE9IvCb92V7g,100 gorillas vs. Florida Final Boss? 🦍🐊 #shorts,2026-03-23T03:39:28Z,31555,317,29
2026-03-23T17:08:57+00:00,gRNQkeddOeo,UCKjEtnnXEHsXE9IvCb92V7g,“I would light this thing on fire” 🔥🤣,2026-03-23T02:03:26Z,6147,204,6
2026-03-23T17:08:57+00:00,a8PrkqVWt_s,UCKjEtnnXEHsXE9IvCb92V7g,Tony Delk breaks down the difference in the 2025 and 2026 Florida guards. #MarchMadness,2026-03-23T01:13:03Z,2171,9,1
2026-03-23T17:09:28+00:00,25nXjfAtOvc,UCKjEtnnXEHsXE9IvCb92V7g,Press Conference: Louisville vs. Alabama Postgame (2026 Women's Second Round),2026-03-23T13:30:19Z,0,1,
2026-03-23T17:09:28+00:00,q7oYm4P9UKc,UCKjEtnnXEHsXE9IvCb92V7g,100 gorillas vs. Florida Final Boss? 🦍🐊 #shorts,2026-03-23T03:39:28Z,31555,318,29
2026-03-23T17:09:28+00:00,gRNQkeddOeo,UCKjEtnnXEHsXE9IvCb92V7g,“I would light this thing on fire” 🔥🤣,2026-03-23T02:03:26Z,6147,204,6
2026-03-23T17:09:28+00:00,a8PrkqVWt_s,UCKjEtnnXEHsXE9IvCb92V7g,Tony Delk breaks down the difference in the 2025 and 2026 Florida guards. #MarchMadness,2026-03-23T01:13:03Z,2171,9,1
2026-03-23T17:09:59+00:00,25nXjfAtOvc,UCKjEtnnXEHsXE9IvCb92V7g,Press Conference: Louisville vs. Alabama Postgame (2026 Women's Second Round),2026-03-23T13:30:19Z,0,1,
2026-03-23T17:09:59+00:00,q7oYm4P9UKc,UCKjEtnnXEHsXE9IvCb92V7g,100 gorillas vs. Florida Final Boss? 🦍🐊 #shorts,2026-03-23T03:39:28Z,31555,318,29
2026-03-23T17:09:59+00:00,gRNQkeddOeo,UCKjEtnnXEHsXE9IvCb92V7g,“I would light this thing on fire” 🔥🤣,2026-03-23T02:03:26Z,6198,204,6
2026-03-23T17:09:59+00:00,a8PrkqVWt_s,UCKjEtnnXEHsXE9IvCb92V7g,Tony Delk breaks down the difference in the 2025 and 2026 Florida guards. #MarchMadness,2026-03-23T01:13:03Z,2171,9,1
2026-03-23T17:10:30+00:00,25nXjfAtOvc,UCKjEtnnXEHsXE9IvCb92V7g,Press Conference: Louisville vs. Alabama Postgame (2026 Women's Second Round),2026-03-23T13:30:19Z,0,1,
2026-03-23T17:10:30+00:00,q7oYm4P9UKc,UCKjEtnnXEHsXE9IvCb92V7g,100 gorillas vs. Florida Final Boss? 🦍🐊 #shorts,2026-03-23T03:39:28Z,31555,318,29
2026-03-23T17:10:30+00:00,gRNQkeddOeo,UCKjEtnnXEHsXE9IvCb92V7g,“I would light this thing on fire” 🔥🤣,2026-03-23T02:03:26Z,6198,204,6
2026-03-23T17:10:30+00:00,a8PrkqVWt_s,UCKjEtnnXEHsXE9IvCb92V7g,Tony Delk breaks down the difference in the 2025 and 2026 Florida guards. #MarchMadness,2026-03-23T01:13:03Z,2171,9,1
2026-03-23T17:11:01+00:00,25nXjfAtOvc,UCKjEtnnXEHsXE9IvCb92V7g,Press Conference: Louisville vs. Alabama Postgame (2026 Women's Second Round),2026-03-23T13:30:19Z,0,1,
2026-03-23T17:11:01+00:00,q7oYm4P9UKc,UCKjEtnnXEHsXE9IvCb92V7g,100 gorillas vs. Florida Final Boss? 🦍🐊 #shorts,2026-03-23T03:39:28Z,31555,318,29
2026-03-23T17:11:01+00:00,gRNQkeddOeo,UCKjEtnnXEHsXE9IvCb92V7g,“I would light this thing on fire” 🔥🤣,2026-03-23T02:03:26Z,6198,205,6
2026-03-23T17:11:01+00:00,a8PrkqVWt_s,UCKjEtnnXEHsXE9IvCb92V7g,Tony Delk breaks down the difference in the 2025 and 2026 Florida guards. #MarchMadness,2026-03-23T01:13:03Z,2171,9,1
2026-03-23T17:11:32+00:00,25nXjfAtOvc,UCKjEtnnXEHsXE9IvCb92V7g,Press Conference: Louisville vs. Alabama Postgame (2026 Women's Second Round),2026-03-23T13:30:19Z,0,1,
2026-03-23T17:11:32+00:00,q7oYm4P9UKc,UCKjEtnnXEHsXE9IvCb92V7g,100 gorillas vs. Florida Final Boss? 🦍🐊 #shorts,2026-03-23T03:39:28Z,31739,318,29
2026-03-23T17:11:32+00:00,gRNQkeddOeo,UCKjEtnnXEHsXE9IvCb92V7g,“I would light this thing on fire” 🔥🤣,2026-03-23T02:03:26Z,6198,205,6
2026-03-23T17:11:32+00:00,a8PrkqVWt_s,UCKjEtnnXEHsXE9IvCb92V7g,Tony Delk breaks down the difference in the 2025 and 2026 Florida guards. #MarchMadness,2026-03-23T01:13:03Z,2173,9,1
2026-03-23T17:12:03+00:00,25nXjfAtOvc,UCKjEtnnXEHsXE9IvCb92V7g,Press Conference: Louisville vs. Alabama Postgame (2026 Women's Second Round),2026-03-23T13:30:19Z,0,1,
2026-03-23T17:12:03+00:00,q7oYm4P9UKc,UCKjEtnnXEHsXE9IvCb92V7g,100 gorillas vs. Florida Final Boss? 🦍🐊 #shorts,2026-03-23T03:39:28Z,31787,318,29
2026-03-23T17:12:03+00:00,gRNQkeddOeo,UCKjEtnnXEHsXE9IvCb92V7g,“I would light this thing on fire” 🔥🤣,2026-03-23T02:03:26Z,6198,205,6
2026-03-23T17:12:03+00:00,a8PrkqVWt_s,UCKjEtnnXEHsXE9IvCb92V7g,Tony Delk breaks down the difference in the 2025 and 2026 Florida guards. #MarchMadness,2026-03-23T01:13:03Z,2173,9,1
2026-03-23T17:12:33+00:00,25nXjfAtOvc,UCKjEtnnXEHsXE9IvCb92V7g,Press Conference: Louisville vs. Alabama Postgame (2026 Women's Second Round),2026-03-23T13:30:19Z,0,1,
2026-03-23T17:12:33+00:00,q7oYm4P9UKc,UCKjEtnnXEHsXE9IvCb92V7g,100 gorillas vs. Florida Final Boss? 🦍🐊 #shorts,2026-03-23T03:39:28Z,31787,318,29
2026-03-23T17:12:33+00:00,gRNQkeddOeo,UCKjEtnnXEHsXE9IvCb92V7g,“I would light this thing on fire” 🔥🤣,2026-03-23T02:03:26Z,6198,205,6
2026-03-23T17:12:33+00:00,a8PrkqVWt_s,UCKjEtnnXEHsXE9IvCb92V7g,Tony Delk breaks down the difference in the 2025 and 2026 Florida guards. #MarchMadness,2026-03-23T01:13:03Z,2173,9,1
2026-03-23T17:13:03+00:00,25nXjfAtOvc,UCKjEtnnXEHsXE9IvCb92V7g,Press Conference: Louisville vs. Alabama Postgame (2026 Women's Second Round),2026-03-23T13:30:19Z,0,1,
2026-03-23T17:13:03+00:00,q7oYm4P9UKc,UCKjEtnnXEHsXE9IvCb92V7g,100 gorillas vs. Florida Final Boss? 🦍🐊 #shorts,2026-03-23T03:39:28Z,31787,318,29
2026-03-23T17:13:03+00:00,gRNQkeddOeo,UCKjEtnnXEHsXE9IvCb92V7g,“I would light this thing on fire” 🔥🤣,2026-03-23T02:03:26Z,6198,205,6
2026-03-23T17:13:03+00:00,a8PrkqVWt_s,UCKjEtnnXEHsXE9IvCb92V7g,Tony Delk breaks down the difference in the 2025 and 2026 Florida guards. #MarchMadness,2026-03-23T01:13:03Z,2173,9,1
2026-03-23T17:13:34+00:00,25nXjfAtOvc,UCKjEtnnXEHsXE9IvCb92V7g,Press Conference: Louisville vs. Alabama Postgame (2026 Women's Second Round),2026-03-23T13:30:19Z,0,1,
2026-03-23T17:13:34+00:00,q7oYm4P9UKc,UCKjEtnnXEHsXE9IvCb92V7g,100 gorillas vs. Florida Final Boss? 🦍🐊 #shorts,2026-03-23T03:39:28Z,31787,319,29
2026-03-23T17:13:34+00:00,gRNQkeddOeo,UCKjEtnnXEHsXE9IvCb92V7g,“I would light this thing on fire” 🔥🤣,2026-03-23T02:03:26Z,6198,205,6
2026-03-23T17:13:34+00:00,a8PrkqVWt_s,UCKjEtnnXEHsXE9IvCb92V7g,Tony Delk breaks down the difference in the 2025 and 2026 Florida guards. #MarchMadness,2026-03-23T01:13:03Z,2173,9,1
2026-03-23T17:14:05+00:00,25nXjfAtOvc,UCKjEtnnXEHsXE9IvCb92V7g,Press Conference: Louisville vs. Alabama Postgame (2026 Women's Second Round),2026-03-23T13:30:19Z,0,1,
2026-03-23T17:14:05+00:00,q7oYm4P9UKc,UCKjEtnnXEHsXE9IvCb92V7g,100 gorillas vs. Florida Final Boss? 🦍🐊 #shorts,2026-03-23T03:39:28Z,31787,319,29
2026-03-23T17:14:05+00:00,gRNQkeddOeo,UCKjEtnnXEHsXE9IvCb92V7g,“I would light this thing on fire” 🔥🤣,2026-03-23T02:03:26Z,6227,205,6
2026-03-23T17:14:05+00:00,a8PrkqVWt_s,UCKjEtnnXEHsXE9IvCb92V7g,Tony Delk breaks down the difference in the 2025 and 2026 Florida guards. #MarchMadness,2026-03-23T01:13:03Z,2173,9,1
2026-03-23T17:14:36+00:00,25nXjfAtOvc,UCKjEtnnXEHsXE9IvCb92V7g,Press Conference: Louisville vs. Alabama Postgame (2026 Women's Second Round),2026-03-23T13:30:19Z,0,1,
2026-03-23T17:14:36+00:00,q7oYm4P9UKc,UCKjEtnnXEHsXE9IvCb92V7g,100 gorillas vs. Florida Final Boss? 🦍🐊 #shorts,2026-03-23T03:39:28Z,31787,319,29
2026-03-23T17:14:36+00:00,gRNQkeddOeo,UCKjEtnnXEHsXE9IvCb92V7g,“I would light this thing on fire” 🔥🤣,2026-03-23T02:03:26Z,6227,205,6
2026-03-23T17:14:36+00:00,a8PrkqVWt_s,UCKjEtnnXEHsXE9IvCb92V7g,Tony Delk breaks down the difference in the 2025 and 2026 Florida guards. #MarchMadness,2026-03-23T01:13:03Z,2173,9,1
2026-03-23T17:15:07+00:00,25nXjfAtOvc,UCKjEtnnXEHsXE9IvCb92V7g,Press Conference: Louisville vs. Alabama Postgame (2026 Women's Second Round),2026-03-23T13:30:19Z,0,1,
2026-03-23T17:15:07+00:00,q7oYm4P9UKc,UCKjEtnnXEHsXE9IvCb92V7g,100 gorillas vs. Florida Final Boss? 🦍🐊 #shorts,2026-03-23T03:39:28Z,31787,319,29
2026-03-23T17:15:07+00:00,gRNQkeddOeo,UCKjEtnnXEHsXE9IvCb92V7g,“I would light this thing on fire” 🔥🤣,2026-03-23T02:03:26Z,6227,205,6
2026-03-23T17:15:07+00:00,a8PrkqVWt_s,UCKjEtnnXEHsXE9IvCb92V7g,Tony Delk breaks down the difference in the 2025 and 2026 Florida guards. #MarchMadness,2026-03-23T01:13:03Z,2173,9,1
2026-03-23T17:15:37+00:00,25nXjfAtOvc,UCKjEtnnXEHsXE9IvCb92V7g,Press Conference: Louisville vs. Alabama Postgame (2026 Women's Second Round),2026-03-23T13:30:19Z,0,1,
2026-03-23T17:15:37+00:00,q7oYm4P9UKc,UCKjEtnnXEHsXE9IvCb92V7g,100 gorillas vs. Florida Final Boss? 🦍🐊 #shorts,2026-03-23T03:39:28Z,31787,319,29
2026-03-23T17:15:37+00:00,gRNQkeddOeo,UCKjEtnnXEHsXE9IvCb92V7g,“I would light this thing on fire” 🔥🤣,2026-03-23T02:03:26Z,6227,205,6
2026-03-23T17:15:37+00:00,a8PrkqVWt_s,UCKjEtnnXEHsXE9IvCb92V7g,Tony Delk breaks down the difference in the 2025 and 2026 Florida guards. #MarchMadness,2026-03-23T01:13:03Z,2173,9,1
2026-03-23T17:16:08+00:00,25nXjfAtOvc,UCKjEtnnXEHsXE9IvCb92V7g,Press Conference: Louisville vs. Alabama Postgame (2026 Women's Second Round),2026-03-23T13:30:19Z,0,1,
2026-03-23T17:16:08+00:00,q7oYm4P9UKc,UCKjEtnnXEHsXE9IvCb92V7g,100 gorillas vs. Florida Final Boss? 🦍🐊 #shorts,2026-03-23T03:39:28Z,32113,319,29
2026-03-23T17:16:08+00:00,gRNQkeddOeo,UCKjEtnnXEHsXE9IvCb92V7g,“I would light this thing on fire” 🔥🤣,2026-03-23T02:03:26Z,6227,206,6
2026-03-23T17:16:08+00:00,a8PrkqVWt_s,UCKjEtnnXEHsXE9IvCb92V7g,Tony Delk breaks down the difference in the 2025 and 2026 Florida guards. #MarchMadness,2026-03-23T01:13:03Z,2173,9,1
2026-03-23T17:16:39+00:00,25nXjfAtOvc,UCKjEtnnXEHsXE9IvCb92V7g,Press Conference: Louisville vs. Alabama Postgame (2026 Women's Second Round),2026-03-23T13:30:19Z,0,1,
2026-03-23T17:16:39+00:00,q7oYm4P9UKc,UCKjEtnnXEHsXE9IvCb92V7g,100 gorillas vs. Florida Final Boss? 🦍🐊 #shorts,2026-03-23T03:39:28Z,32113,321,29
2026-03-23T17:16:39+00:00,gRNQkeddOeo,UCKjEtnnXEHsXE9IvCb92V7g,“I would light this thing on fire” 🔥🤣,2026-03-23T02:03:26Z,6227,206,6
2026-03-23T17:16:39+00:00,a8PrkqVWt_s,UCKjEtnnXEHsXE9IvCb92V7g,Tony Delk breaks down the difference in the 2025 and 2026 Florida guards. #MarchMadness,2026-03-23T01:13:03Z,2177,9,1
2026-03-23T17:17:10+00:00,25nXjfAtOvc,UCKjEtnnXEHsXE9IvCb92V7g,Press Conference: Louisville vs. Alabama Postgame (2026 Women's Second Round),2026-03-23T13:30:19Z,0,1,
2026-03-23T17:17:10+00:00,q7oYm4P9UKc,UCKjEtnnXEHsXE9IvCb92V7g,100 gorillas vs. Florida Final Boss? 🦍🐊 #shorts,2026-03-23T03:39:28Z,32117,322,29
2026-03-23T17:17:10+00:00,gRNQkeddOeo,UCKjEtnnXEHsXE9IvCb92V7g,“I would light this thing on fire” 🔥🤣,2026-03-23T02:03:26Z,6227,206,6
2026-03-23T17:17:10+00:00,a8PrkqVWt_s,UCKjEtnnXEHsXE9IvCb92V7g,Tony Delk breaks down the difference in the 2025 and 2026 Florida guards. #MarchMadness,2026-03-23T01:13:03Z,2177,9,1
2026-03-23T17:17:40+00:00,25nXjfAtOvc,UCKjEtnnXEHsXE9IvCb92V7g,Press Conference: Louisville vs. Alabama Postgame (2026 Women's Second Round),2026-03-23T13:30:19Z,0,1,
2026-03-23T17:17:40+00:00,q7oYm4P9UKc,UCKjEtnnXEHsXE9IvCb92V7g,100 gorillas vs. Florida Final Boss? 🦍🐊 #shorts,2026-03-23T03:39:28Z,32117,322,29
2026-03-23T17:17:40+00:00,gRNQkeddOeo,UCKjEtnnXEHsXE9IvCb92V7g,“I would light this thing on fire” 🔥🤣,2026-03-23T02:03:26Z,6227,206,6
2026-03-23T17:17:40+00:00,a8PrkqVWt_s,UCKjEtnnXEHsXE9IvCb92V7g,Tony Delk breaks down the difference in the 2025 and 2026 Florida guards. #MarchMadness,2026-03-23T01:13:03Z,2177,9,1
2026-03-23T17:18:11+00:00,25nXjfAtOvc,UCKjEtnnXEHsXE9IvCb92V7g,Press Conference: Louisville vs. Alabama Postgame (2026 Women's Second Round),2026-03-23T13:30:19Z,0,1,
2026-03-23T17:18:11+00:00,q7oYm4P9UKc,UCKjEtnnXEHsXE9IvCb92V7g,100 gorillas vs. Florida Final Boss? 🦍🐊 #shorts,2026-03-23T03:39:28Z,32117,322,29
2026-03-23T17:18:11+00:00,gRNQkeddOeo,UCKjEtnnXEHsXE9IvCb92V7g,“I would light this thing on fire” 🔥🤣,2026-03-23T02:03:26Z,6227,208,6
2026-03-23T17:18:11+00:00,a8PrkqVWt_s,UCKjEtnnXEHsXE9IvCb92V7g,Tony Delk breaks down the difference in the 2025 and 2026 Florida guards. #MarchMadness,2026-03-23T01:13:03Z,2177,9,1
2026-03-23T17:18:42+00:00,25nXjfAtOvc,UCKjEtnnXEHsXE9IvCb92V7g,Press Conference: Louisville vs. Alabama Postgame (2026 Women's Second Round),2026-03-23T13:30:19Z,0,1,
2026-03-23T17:18:42+00:00,q7oYm4P9UKc,UCKjEtnnXEHsXE9IvCb92V7g,100 gorillas vs. Florida Final Boss? 🦍🐊 #shorts,2026-03-23T03:39:28Z,32117,322,29
2026-03-23T17:18:42+00:00,gRNQkeddOeo,UCKjEtnnXEHsXE9IvCb92V7g,“I would light this thing on fire” 🔥🤣,2026-03-23T02:03:26Z,6227,209,6
2026-03-23T17:18:42+00:00,a8PrkqVWt_s,UCKjEtnnXEHsXE9IvCb92V7g,Tony Delk breaks down the difference in the 2025 and 2026 Florida guards. #MarchMadness,2026-03-23T01:13:03Z,2177,9,1
2026-03-23T17:19:13+00:00,25nXjfAtOvc,UCKjEtnnXEHsXE9IvCb92V7g,Press Conference: Louisville vs. Alabama Postgame (2026 Women's Second Round),2026-03-23T13:30:19Z,0,1,
2026-03-23T17:19:13+00:00,q7oYm4P9UKc,UCKjEtnnXEHsXE9IvCb92V7g,100 gorillas vs. Florida Final Boss? 🦍🐊 #shorts,2026-03-23T03:39:28Z,32117,322,29
2026-03-23T17:19:13+00:00,gRNQkeddOeo,UCKjEtnnXEHsXE9IvCb92V7g,“I would light this thing on fire” 🔥🤣,2026-03-23T02:03:26Z,6251,209,6
2026-03-23T17:19:13+00:00,a8PrkqVWt_s,UCKjEtnnXEHsXE9IvCb92V7g,Tony Delk breaks down the difference in the 2025 and 2026 Florida guards. #MarchMadness,2026-03-23T01:13:03Z,2177,9,1
2026-03-23T17:19:44+00:00,25nXjfAtOvc,UCKjEtnnXEHsXE9IvCb92V7g,Press Conference: Louisville vs. Alabama Postgame (2026 Women's Second Round),2026-03-23T13:30:19Z,0,1,
2026-03-23T17:19:44+00:00,q7oYm4P9UKc,UCKjEtnnXEHsXE9IvCb92V7g,100 gorillas vs. Florida Final Boss? 🦍🐊 #shorts,2026-03-23T03:39:28Z,32117,322,29
2026-03-23T17:19:44+00:00,gRNQkeddOeo,UCKjEtnnXEHsXE9IvCb92V7g,“I would light this thing on fire” 🔥🤣,2026-03-23T02:03:26Z,6251,208,6
2026-03-23T17:19:44+00:00,a8PrkqVWt_s,UCKjEtnnXEHsXE9IvCb92V7g,Tony Delk breaks down the difference in the 2025 and 2026 Florida guards. #MarchMadness,2026-03-23T01:13:03Z,2177,9,1
2026-03-23T17:20:15+00:00,25nXjfAtOvc,UCKjEtnnXEHsXE9IvCb92V7g,Press Conference: Louisville vs. Alabama Postgame (2026 Women's Second Round),2026-03-23T13:30:19Z,0,1,
2026-03-23T17:20:15+00:00,q7oYm4P9UKc,UCKjEtnnXEHsXE9IvCb92V7g,100 gorillas vs. Florida Final Boss? 🦍🐊 #shorts,2026-03-23T03:39:28Z,32117,322,29
2026-03-23T17:20:15+00:00,gRNQkeddOeo,UCKjEtnnXEHsXE9IvCb92V7g,“I would light this thing on fire” 🔥🤣,2026-03-23T02:03:26Z,6251,208,6
2026-03-23T17:20:15+00:00,a8PrkqVWt_s,UCKjEtnnXEHsXE9IvCb92V7g,Tony Delk breaks down the difference in the 2025 and 2026 Florida guards. #MarchMadness,2026-03-23T01:13:03Z,2177,9,1
2026-03-23T17:20:45+00:00,25nXjfAtOvc,UCKjEtnnXEHsXE9IvCb92V7g,Press Conference: Louisville vs. Alabama Postgame (2026 Women's Second Round),2026-03-23T13:30:19Z,0,1,
2026-03-23T17:20:45+00:00,q7oYm4P9UKc,UCKjEtnnXEHsXE9IvCb92V7g,100 gorillas vs. Florida Final Boss? 🦍🐊 #shorts,2026-03-23T03:39:28Z,32117,322,29
2026-03-23T17:20:45+00:00,gRNQkeddOeo,UCKjEtnnXEHsXE9IvCb92V7g,“I would light this thing on fire” 🔥🤣,2026-03-23T02:03:26Z,6251,208,6
2026-03-23T17:20:45+00:00,a8PrkqVWt_s,UCKjEtnnXEHsXE9IvCb92V7g,Tony Delk breaks down the difference in the 2025 and 2026 Florida guards. #MarchMadness,2026-03-23T01:13:03Z,2177,9,1
2026-03-23T17:21:16+00:00,25nXjfAtOvc,UCKjEtnnXEHsXE9IvCb92V7g,Press Conference: Louisville vs. Alabama Postgame (2026 Women's Second Round),2026-03-23T13:30:19Z,0,1,
2026-03-23T17:21:16+00:00,q7oYm4P9UKc,UCKjEtnnXEHsXE9IvCb92V7g,100 gorillas vs. Florida Final Boss? 🦍🐊 #shorts,2026-03-23T03:39:28Z,32381,323,29
2026-03-23T17:21:16+00:00,gRNQkeddOeo,UCKjEtnnXEHsXE9IvCb92V7g,“I would light this thing on fire” 🔥🤣,2026-03-23T02:03:26Z,6251,209,6
2026-03-23T17:21:16+00:00,a8PrkqVWt_s,UCKjEtnnXEHsXE9IvCb92V7g,Tony Delk breaks down the difference in the 2025 and 2026 Florida guards. #MarchMadness,2026-03-23T01:13:03Z,2177,9,1
2026-03-23T17:21:47+00:00,25nXjfAtOvc,UCKjEtnnXEHsXE9IvCb92V7g,Press Conference: Louisville vs. Alabama Postgame (2026 Women's Second Round),2026-03-23T13:30:19Z,0,1,
2026-03-23T17:21:47+00:00,q7oYm4P9UKc,UCKjEtnnXEHsXE9IvCb92V7g,100 gorillas vs. Florida Final Boss? 🦍🐊 #shorts,2026-03-23T03:39:28Z,32391,323,29
2026-03-23T17:21:47+00:00,gRNQkeddOeo,UCKjEtnnXEHsXE9IvCb92V7g,“I would light this thing on fire” 🔥🤣,2026-03-23T02:03:26Z,6251,209,6
2026-03-23T17:21:47+00:00,a8PrkqVWt_s,UCKjEtnnXEHsXE9IvCb92V7g,Tony Delk breaks down the difference in the 2025 and 2026 Florida guards. #MarchMadness,2026-03-23T01:13:03Z,2178,9,1
2026-03-23T17:22:18+00:00,25nXjfAtOvc,UCKjEtnnXEHsXE9IvCb92V7g,Press Conference: Louisville vs. Alabama Postgame (2026 Women's Second Round),2026-03-23T13:30:19Z,0,1,
2026-03-23T17:22:18+00:00,q7oYm4P9UKc,UCKjEtnnXEHsXE9IvCb92V7g,100 gorillas vs. Florida Final Boss? 🦍🐊 #shorts,2026-03-23T03:39:28Z,32391,323,29
2026-03-23T17:22:18+00:00,gRNQkeddOeo,UCKjEtnnXEHsXE9IvCb92V7g,“I would light this thing on fire” 🔥🤣,2026-03-23T02:03:26Z,6251,209,6
2026-03-23T17:22:18+00:00,a8PrkqVWt_s,UCKjEtnnXEHsXE9IvCb92V7g,Tony Delk breaks down the difference in the 2025 and 2026 Florida guards. #MarchMadness,2026-03-23T01:13:03Z,2178,9,1
2026-03-23T17:22:49+00:00,25nXjfAtOvc,UCKjEtnnXEHsXE9IvCb92V7g,Press Conference: Louisville vs. Alabama Postgame (2026 Women's Second Round),2026-03-23T13:30:19Z,0,1,
2026-03-23T17:22:49+00:00,q7oYm4P9UKc,UCKjEtnnXEHsXE9IvCb92V7g,100 gorillas vs. Florida Final Boss? 🦍🐊 #shorts,2026-03-23T03:39:28Z,32391,324,29
2026-03-23T17:22:49+00:00,gRNQkeddOeo,UCKjEtnnXEHsXE9IvCb92V7g,“I would light this thing on fire” 🔥🤣,2026-03-23T02:03:26Z,6251,210,6
2026-03-23T17:22:49+00:00,a8PrkqVWt_s,UCKjEtnnXEHsXE9IvCb92V7g,Tony Delk breaks down the difference in the 2025 and 2026 Florida guards. #MarchMadness,2026-03-23T01:13:03Z,2178,9,1
2026-03-23T17:23:19+00:00,25nXjfAtOvc,UCKjEtnnXEHsXE9IvCb92V7g,Press Conference: Louisville vs. Alabama Postgame (2026 Women's Second Round),2026-03-23T13:30:19Z,0,1,
2026-03-23T17:23:19+00:00,q7oYm4P9UKc,UCKjEtnnXEHsXE9IvCb92V7g,100 gorillas vs. Florida Final Boss? 🦍🐊 #shorts,2026-03-23T03:39:28Z,32391,324,29
2026-03-23T17:23:19+00:00,gRNQkeddOeo,UCKjEtnnXEHsXE9IvCb92V7g,“I would light this thing on fire” 🔥🤣,2026-03-23T02:03:26Z,6251,210,6
2026-03-23T17:23:19+00:00,a8PrkqVWt_s,UCKjEtnnXEHsXE9IvCb92V7g,Tony Delk breaks down the difference in the 2025 and 2026 Florida guards. #MarchMadness,2026-03-23T01:13:03Z,2178,9,1
2026-03-23T17:23:50+00:00,25nXjfAtOvc,UCKjEtnnXEHsXE9IvCb92V7g,Press Conference: Louisville vs. Alabama Postgame (2026 Women's Second Round),2026-03-23T13:30:19Z,0,1,
2026-03-23T17:23:50+00:00,q7oYm4P9UKc,UCKjEtnnXEHsXE9IvCb92V7g,100 gorillas vs. Florida Final Boss? 🦍🐊 #shorts,2026-03-23T03:39:28Z,32391,324,29
2026-03-23T17:23:50+00:00,gRNQkeddOeo,UCKjEtnnXEHsXE9IvCb92V7g,“I would light this thing on fire” 🔥🤣,2026-03-23T02:03:26Z,6251,211,6
2026-03-23T17:23:50+00:00,a8PrkqVWt_s,UCKjEtnnXEHsXE9IvCb92V7g,Tony Delk breaks down the difference in the 2025 and 2026 Florida guards. #MarchMadness,2026-03-23T01:13:03Z,2178,9,1
2026-03-23T17:24:21+00:00,25nXjfAtOvc,UCKjEtnnXEHsXE9IvCb92V7g,Press Conference: Louisville vs. Alabama Postgame (2026 Women's Second Round),2026-03-23T13:30:19Z,0,1,
2026-03-23T17:24:21+00:00,q7oYm4P9UKc,UCKjEtnnXEHsXE9IvCb92V7g,100 gorillas vs. Florida Final Boss? 🦍🐊 #shorts,2026-03-23T03:39:28Z,32391,324,29
2026-03-23T17:24:21+00:00,gRNQkeddOeo,UCKjEtnnXEHsXE9IvCb92V7g,“I would light this thing on fire” 🔥🤣,2026-03-23T02:03:26Z,6272,212,6
2026-03-23T17:24:21+00:00,a8PrkqVWt_s,UCKjEtnnXEHsXE9IvCb92V7g,Tony Delk breaks down the difference in the 2025 and 2026 Florida guards. #MarchMadness,2026-03-23T01:13:03Z,2178,9,1
2026-03-23T17:24:52+00:00,25nXjfAtOvc,UCKjEtnnXEHsXE9IvCb92V7g,Press Conference: Louisville vs. Alabama Postgame (2026 Women's Second Round),2026-03-23T13:30:19Z,0,1,
2026-03-23T17:24:52+00:00,q7oYm4P9UKc,UCKjEtnnXEHsXE9IvCb92V7g,100 gorillas vs. Florida Final Boss? 🦍🐊 #shorts,2026-03-23T03:39:28Z,32391,324,29
2026-03-23T17:24:52+00:00,gRNQkeddOeo,UCKjEtnnXEHsXE9IvCb92V7g,“I would light this thing on fire” 🔥🤣,2026-03-23T02:03:26Z,6272,212,6
2026-03-23T17:24:52+00:00,a8PrkqVWt_s,UCKjEtnnXEHsXE9IvCb92V7g,Tony Delk breaks down the difference in the 2025 and 2026 Florida guards. #MarchMadness,2026-03-23T01:13:03Z,2178,9,1
2026-03-23T17:25:22+00:00,25nXjfAtOvc,UCKjEtnnXEHsXE9IvCb92V7g,Press Conference: Louisville vs. Alabama Postgame (2026 Women's Second Round),2026-03-23T13:30:19Z,0,1,
2026-03-23T17:25:22+00:00,q7oYm4P9UKc,UCKjEtnnXEHsXE9IvCb92V7g,100 gorillas vs. Florida Final Boss? 🦍🐊 #shorts,2026-03-23T03:39:28Z,32391,325,29
2026-03-23T17:25:22+00:00,gRNQkeddOeo,UCKjEtnnXEHsXE9IvCb92V7g,“I would light this thing on fire” 🔥🤣,2026-03-23T02:03:26Z,6272,212,6
2026-03-23T17:25:22+00:00,a8PrkqVWt_s,UCKjEtnnXEHsXE9IvCb92V7g,Tony Delk breaks down the difference in the 2025 and 2026 Florida guards. #MarchMadness,2026-03-23T01:13:03Z,2178,9,1
2026-03-23T17:25:53+00:00,25nXjfAtOvc,UCKjEtnnXEHsXE9IvCb92V7g,Press Conference: Louisville vs. Alabama Postgame (2026 Women's Second Round),2026-03-23T13:30:19Z,0,1,
2026-03-23T17:25:53+00:00,q7oYm4P9UKc,UCKjEtnnXEHsXE9IvCb92V7g,100 gorillas vs. Florida Final Boss? 🦍🐊 #shorts,2026-03-23T03:39:28Z,32391,325,29
2026-03-23T17:25:53+00:00,gRNQkeddOeo,UCKjEtnnXEHsXE9IvCb92V7g,“I would light this thing on fire” 🔥🤣,2026-03-23T02:03:26Z,6272,212,6
2026-03-23T17:25:53+00:00,a8PrkqVWt_s,UCKjEtnnXEHsXE9IvCb92V7g,Tony Delk breaks down the difference in the 2025 and 2026 Florida guards. #MarchMadness,2026-03-23T01:13:03Z,2178,10,1
2026-03-23T17:26:24+00:00,25nXjfAtOvc,UCKjEtnnXEHsXE9IvCb92V7g,Press Conference: Louisville vs. Alabama Postgame (2026 Women's Second Round),2026-03-23T13:30:19Z,0,1,
2026-03-23T17:26:24+00:00,q7oYm4P9UKc,UCKjEtnnXEHsXE9IvCb92V7g,100 gorillas vs. Florida Final Boss? 🦍🐊 #shorts,2026-03-23T03:39:28Z,32391,325,29
2026-03-23T17:26:24+00:00,gRNQkeddOeo,UCKjEtnnXEHsXE9IvCb92V7g,“I would light this thing on fire” 🔥🤣,2026-03-23T02:03:26Z,6272,212,6
2026-03-23T17:26:24+00:00,a8PrkqVWt_s,UCKjEtnnXEHsXE9IvCb92V7g,Tony Delk breaks down the difference in the 2025 and 2026 Florida guards. #MarchMadness,2026-03-23T01:13:03Z,2179,10,1
2026-03-23T17:26:55+00:00,25nXjfAtOvc,UCKjEtnnXEHsXE9IvCb92V7g,Press Conference: Louisville vs. Alabama Postgame (2026 Women's Second Round),2026-03-23T13:30:19Z,0,1,
2026-03-23T17:26:55+00:00,q7oYm4P9UKc,UCKjEtnnXEHsXE9IvCb92V7g,100 gorillas vs. Florida Final Boss? 🦍🐊 #shorts,2026-03-23T03:39:28Z,32472,325,29
2026-03-23T17:26:55+00:00,gRNQkeddOeo,UCKjEtnnXEHsXE9IvCb92V7g,“I would light this thing on fire” 🔥🤣,2026-03-23T02:03:26Z,6272,212,6
2026-03-23T17:26:55+00:00,a8PrkqVWt_s,UCKjEtnnXEHsXE9IvCb92V7g,Tony Delk breaks down the difference in the 2025 and 2026 Florida guards. #MarchMadness,2026-03-23T01:13:03Z,2179,10,1
2026-03-23T17:27:26+00:00,25nXjfAtOvc,UCKjEtnnXEHsXE9IvCb92V7g,Press Conference: Louisville vs. Alabama Postgame (2026 Women's Second Round),2026-03-23T13:30:19Z,0,1,
2026-03-23T17:27:26+00:00,q7oYm4P9UKc,UCKjEtnnXEHsXE9IvCb92V7g,100 gorillas vs. Florida Final Boss? 🦍🐊 #shorts,2026-03-23T03:39:28Z,32472,325,29
2026-03-23T17:27:26+00:00,gRNQkeddOeo,UCKjEtnnXEHsXE9IvCb92V7g,“I would light this thing on fire” 🔥🤣,2026-03-23T02:03:26Z,6272,212,6
2026-03-23T17:27:26+00:00,a8PrkqVWt_s,UCKjEtnnXEHsXE9IvCb92V7g,Tony Delk breaks down the difference in the 2025 and 2026 Florida guards. #MarchMadness,2026-03-23T01:13:03Z,2179,10,1
2026-03-23T17:27:56+00:00,25nXjfAtOvc,UCKjEtnnXEHsXE9IvCb92V7g,Press Conference: Louisville vs. Alabama Postgame (2026 Women's Second Round),2026-03-23T13:30:19Z,0,1,
2026-03-23T17:27:56+00:00,q7oYm4P9UKc,UCKjEtnnXEHsXE9IvCb92V7g,100 gorillas vs. Florida Final Boss? 🦍🐊 #shorts,2026-03-23T03:39:28Z,32472,326,29
2026-03-23T17:27:56+00:00,gRNQkeddOeo,UCKjEtnnXEHsXE9IvCb92V7g,“I would light this thing on fire” 🔥🤣,2026-03-23T02:03:26Z,6272,212,6
2026-03-23T17:27:56+00:00,a8PrkqVWt_s,UCKjEtnnXEHsXE9IvCb92V7g,Tony Delk breaks down the difference in the 2025 and 2026 Florida guards. #MarchMadness,2026-03-23T01:13:03Z,2179,10,1
2026-03-23T17:28:27+00:00,25nXjfAtOvc,UCKjEtnnXEHsXE9IvCb92V7g,Press Conference: Louisville vs. Alabama Postgame (2026 Women's Second Round),2026-03-23T13:30:19Z,0,1,
2026-03-23T17:28:27+00:00,q7oYm4P9UKc,UCKjEtnnXEHsXE9IvCb92V7g,100 gorillas vs. Florida Final Boss? 🦍🐊 #shorts,2026-03-23T03:39:28Z,32472,328,29
2026-03-23T17:28:27+00:00,gRNQkeddOeo,UCKjEtnnXEHsXE9IvCb92V7g,“I would light this thing on fire” 🔥🤣,2026-03-23T02:03:26Z,6272,212,6
2026-03-23T17:28:27+00:00,a8PrkqVWt_s,UCKjEtnnXEHsXE9IvCb92V7g,Tony Delk breaks down the difference in the 2025 and 2026 Florida guards. #MarchMadness,2026-03-23T01:13:03Z,2179,10,1
2026-03-23T17:28:57+00:00,25nXjfAtOvc,UCKjEtnnXEHsXE9IvCb92V7g,Press Conference: Louisville vs. Alabama Postgame (2026 Women's Second Round),2026-03-23T13:30:19Z,0,1,
2026-03-23T17:28:57+00:00,q7oYm4P9UKc,UCKjEtnnXEHsXE9IvCb92V7g,100 gorillas vs. Florida Final Boss? 🦍🐊 #shorts,2026-03-23T03:39:28Z,32472,328,29
2026-03-23T17:28:57+00:00,gRNQkeddOeo,UCKjEtnnXEHsXE9IvCb92V7g,“I would light this thing on fire” 🔥🤣,2026-03-23T02:03:26Z,6272,214,6
2026-03-23T17:28:57+00:00,a8PrkqVWt_s,UCKjEtnnXEHsXE9IvCb92V7g,Tony Delk breaks down the difference in the 2025 and 2026 Florida guards. #MarchMadness,2026-03-23T01:13:03Z,2179,10,1
2026-03-23T17:29:28+00:00,25nXjfAtOvc,UCKjEtnnXEHsXE9IvCb92V7g,Press Conference: Louisville vs. Alabama Postgame (2026 Women's Second Round),2026-03-23T13:30:19Z,0,1,
2026-03-23T17:29:28+00:00,q7oYm4P9UKc,UCKjEtnnXEHsXE9IvCb92V7g,100 gorillas vs. Florida Final Boss? 🦍🐊 #shorts,2026-03-23T03:39:28Z,32472,328,29
2026-03-23T17:29:28+00:00,gRNQkeddOeo,UCKjEtnnXEHsXE9IvCb92V7g,“I would light this thing on fire” 🔥🤣,2026-03-23T02:03:26Z,6297,214,6
2026-03-23T17:29:28+00:00,a8PrkqVWt_s,UCKjEtnnXEHsXE9IvCb92V7g,Tony Delk breaks down the difference in the 2025 and 2026 Florida guards. #MarchMadness,2026-03-23T01:13:03Z,2179,10,1
2026-03-23T17:29:58+00:00,25nXjfAtOvc,UCKjEtnnXEHsXE9IvCb92V7g,Press Conference: Louisville vs. Alabama Postgame (2026 Women's Second Round),2026-03-23T13:30:19Z,0,1,
2026-03-23T17:29:58+00:00,q7oYm4P9UKc,UCKjEtnnXEHsXE9IvCb92V7g,100 gorillas vs. Florida Final Boss? 🦍🐊 #shorts,2026-03-23T03:39:28Z,32472,328,29
2026-03-23T17:29:58+00:00,gRNQkeddOeo,UCKjEtnnXEHsXE9IvCb92V7g,“I would light this thing on fire” 🔥🤣,2026-03-23T02:03:26Z,6297,214,6
2026-03-23T17:29:58+00:00,a8PrkqVWt_s,UCKjEtnnXEHsXE9IvCb92V7g,Tony Delk breaks down the difference in the 2025 and 2026 Florida guards. #MarchMadness,2026-03-23T01:13:03Z,2179,10,1
2026-03-23T17:30:29+00:00,25nXjfAtOvc,UCKjEtnnXEHsXE9IvCb92V7g,Press Conference: Louisville vs. Alabama Postgame (2026 Women's Second Round),2026-03-23T13:30:19Z,0,1,
2026-03-23T17:30:29+00:00,q7oYm4P9UKc,UCKjEtnnXEHsXE9IvCb92V7g,100 gorillas vs. Florida Final Boss? 🦍🐊 #shorts,2026-03-23T03:39:28Z,32472,329,29
2026-03-23T17:30:29+00:00,gRNQkeddOeo,UCKjEtnnXEHsXE9IvCb92V7g,“I would light this thing on fire” 🔥🤣,2026-03-23T02:03:26Z,6297,214,6
2026-03-23T17:30:29+00:00,a8PrkqVWt_s,UCKjEtnnXEHsXE9IvCb92V7g,Tony Delk breaks down the difference in the 2025 and 2026 Florida guards. #MarchMadness,2026-03-23T01:13:03Z,2179,10,1
2026-03-23T17:31:00+00:00,25nXjfAtOvc,UCKjEtnnXEHsXE9IvCb92V7g,Press Conference: Louisville vs. Alabama Postgame (2026 Women's Second Round),2026-03-23T13:30:19Z,0,2,
2026-03-23T17:31:00+00:00,q7oYm4P9UKc,UCKjEtnnXEHsXE9IvCb92V7g,100 gorillas vs. Florida Final Boss? 🦍🐊 #shorts,2026-03-23T03:39:28Z,32472,329,29
2026-03-23T17:31:00+00:00,gRNQkeddOeo,UCKjEtnnXEHsXE9IvCb92V7g,“I would light this thing on fire” 🔥🤣,2026-03-23T02:03:26Z,6297,214,6
2026-03-23T17:31:00+00:00,a8PrkqVWt_s,UCKjEtnnXEHsXE9IvCb92V7g,Tony Delk breaks down the difference in the 2025 and 2026 Florida guards. #MarchMadness,2026-03-23T01:13:03Z,2179,10,1
2026-03-23T17:31:31+00:00,25nXjfAtOvc,UCKjEtnnXEHsXE9IvCb92V7g,Press Conference: Louisville vs. Alabama Postgame (2026 Women's Second Round),2026-03-23T13:30:19Z,0,2,
2026-03-23T17:31:31+00:00,q7oYm4P9UKc,UCKjEtnnXEHsXE9IvCb92V7g,100 gorillas vs. Florida Final Boss? 🦍🐊 #shorts,2026-03-23T03:39:28Z,32611,329,29
2026-03-23T17:31:31+00:00,gRNQkeddOeo,UCKjEtnnXEHsXE9IvCb92V7g,“I would light this thing on fire” 🔥🤣,2026-03-23T02:03:26Z,6297,214,6
2026-03-23T17:31:31+00:00,a8PrkqVWt_s,UCKjEtnnXEHsXE9IvCb92V7g,Tony Delk breaks down the difference in the 2025 and 2026 Florida guards. #MarchMadness,2026-03-23T01:13:03Z,2187,10,1
2026-03-23T17:32:02+00:00,25nXjfAtOvc,UCKjEtnnXEHsXE9IvCb92V7g,Press Conference: Louisville vs. Alabama Postgame (2026 Women's Second Round),2026-03-23T13:30:19Z,0,2,
2026-03-23T17:32:02+00:00,q7oYm4P9UKc,UCKjEtnnXEHsXE9IvCb92V7g,100 gorillas vs. Florida Final Boss? 🦍🐊 #shorts,2026-03-23T03:39:28Z,32611,329,29
2026-03-23T17:32:02+00:00,gRNQkeddOeo,UCKjEtnnXEHsXE9IvCb92V7g,“I would light this thing on fire” 🔥🤣,2026-03-23T02:03:26Z,6297,215,6
2026-03-23T17:32:02+00:00,a8PrkqVWt_s,UCKjEtnnXEHsXE9IvCb92V7g,Tony Delk breaks down the difference in the 2025 and 2026 Florida guards. #MarchMadness,2026-03-23T01:13:03Z,2187,10,1
2026-03-23T17:32:33+00:00,25nXjfAtOvc,UCKjEtnnXEHsXE9IvCb92V7g,Press Conference: Louisville vs. Alabama Postgame (2026 Women's Second Round),2026-03-23T13:30:19Z,0,2,
2026-03-23T17:32:33+00:00,q7oYm4P9UKc,UCKjEtnnXEHsXE9IvCb92V7g,100 gorillas vs. Florida Final Boss? 🦍🐊 #shorts,2026-03-23T03:39:28Z,32611,329,29
2026-03-23T17:32:33+00:00,gRNQkeddOeo,UCKjEtnnXEHsXE9IvCb92V7g,“I would light this thing on fire” 🔥🤣,2026-03-23T02:03:26Z,6297,215,6
2026-03-23T17:32:33+00:00,a8PrkqVWt_s,UCKjEtnnXEHsXE9IvCb92V7g,Tony Delk breaks down the difference in the 2025 and 2026 Florida guards. #MarchMadness,2026-03-23T01:13:03Z,2187,10,1
2026-03-23T17:33:04+00:00,25nXjfAtOvc,UCKjEtnnXEHsXE9IvCb92V7g,Press Conference: Louisville vs. Alabama Postgame (2026 Women's Second Round),2026-03-23T13:30:19Z,0,2,
2026-03-23T17:33:04+00:00,q7oYm4P9UKc,UCKjEtnnXEHsXE9IvCb92V7g,100 gorillas vs. Florida Final Boss? 🦍🐊 #shorts,2026-03-23T03:39:28Z,32611,329,29
2026-03-23T17:33:04+00:00,gRNQkeddOeo,UCKjEtnnXEHsXE9IvCb92V7g,“I would light this thing on fire” 🔥🤣,2026-03-23T02:03:26Z,6297,215,6
2026-03-23T17:33:04+00:00,a8PrkqVWt_s,UCKjEtnnXEHsXE9IvCb92V7g,Tony Delk breaks down the difference in the 2025 and 2026 Florida guards. #MarchMadness,2026-03-23T01:13:03Z,2187,10,1
2026-03-23T17:33:35+00:00,25nXjfAtOvc,UCKjEtnnXEHsXE9IvCb92V7g,Press Conference: Louisville vs. Alabama Postgame (2026 Women's Second Round),2026-03-23T13:30:19Z,0,2,
2026-03-23T17:33:35+00:00,q7oYm4P9UKc,UCKjEtnnXEHsXE9IvCb92V7g,100 gorillas vs. Florida Final Boss? 🦍🐊 #shorts,2026-03-23T03:39:28Z,32611,330,29
2026-03-23T17:33:35+00:00,gRNQkeddOeo,UCKjEtnnXEHsXE9IvCb92V7g,“I would light this thing on fire” 🔥🤣,2026-03-23T02:03:26Z,6297,215,6
2026-03-23T17:33:35+00:00,a8PrkqVWt_s,UCKjEtnnXEHsXE9IvCb92V7g,Tony Delk breaks down the difference in the 2025 and 2026 Florida guards. #MarchMadness,2026-03-23T01:13:03Z,2187,10,1
2026-03-23T17:34:06+00:00,25nXjfAtOvc,UCKjEtnnXEHsXE9IvCb92V7g,Press Conference: Louisville vs. Alabama Postgame (2026 Women's Second Round),2026-03-23T13:30:19Z,0,2,
2026-03-23T17:34:06+00:00,q7oYm4P9UKc,UCKjEtnnXEHsXE9IvCb92V7g,100 gorillas vs. Florida Final Boss? 🦍🐊 #shorts,2026-03-23T03:39:28Z,32611,331,29
2026-03-23T17:34:06+00:00,gRNQkeddOeo,UCKjEtnnXEHsXE9IvCb92V7g,“I would light this thing on fire” 🔥🤣,2026-03-23T02:03:26Z,6325,215,6
2026-03-23T17:34:06+00:00,a8PrkqVWt_s,UCKjEtnnXEHsXE9IvCb92V7g,Tony Delk breaks down the difference in the 2025 and 2026 Florida guards. #MarchMadness,2026-03-23T01:13:03Z,2187,10,1
2026-03-23T17:34:37+00:00,25nXjfAtOvc,UCKjEtnnXEHsXE9IvCb92V7g,Press Conference: Louisville vs. Alabama Postgame (2026 Women's Second Round),2026-03-23T13:30:19Z,0,2,
2026-03-23T17:34:37+00:00,q7oYm4P9UKc,UCKjEtnnXEHsXE9IvCb92V7g,100 gorillas vs. Florida Final Boss? 🦍🐊 #shorts,2026-03-23T03:39:28Z,32611,332,29
2026-03-23T17:34:37+00:00,gRNQkeddOeo,UCKjEtnnXEHsXE9IvCb92V7g,“I would light this thing on fire” 🔥🤣,2026-03-23T02:03:26Z,6325,215,6
2026-03-23T17:34:37+00:00,a8PrkqVWt_s,UCKjEtnnXEHsXE9IvCb92V7g,Tony Delk breaks down the difference in the 2025 and 2026 Florida guards. #MarchMadness,2026-03-23T01:13:03Z,2187,10,1
2026-03-23T17:35:07+00:00,25nXjfAtOvc,UCKjEtnnXEHsXE9IvCb92V7g,Press Conference: Louisville vs. Alabama Postgame (2026 Women's Second Round),2026-03-23T13:30:19Z,0,2,
2026-03-23T17:35:07+00:00,q7oYm4P9UKc,UCKjEtnnXEHsXE9IvCb92V7g,100 gorillas vs. Florida Final Boss? 🦍🐊 #shorts,2026-03-23T03:39:28Z,32611,333,29
2026-03-23T17:35:07+00:00,gRNQkeddOeo,UCKjEtnnXEHsXE9IvCb92V7g,“I would light this thing on fire” 🔥🤣,2026-03-23T02:03:26Z,6325,215,6
2026-03-23T17:35:07+00:00,a8PrkqVWt_s,UCKjEtnnXEHsXE9IvCb92V7g,Tony Delk breaks down the difference in the 2025 and 2026 Florida guards. #MarchMadness,2026-03-23T01:13:03Z,2187,10,1
2026-03-23T17:35:38+00:00,25nXjfAtOvc,UCKjEtnnXEHsXE9IvCb92V7g,Press Conference: Louisville vs. Alabama Postgame (2026 Women's Second Round),2026-03-23T13:30:19Z,0,2,
2026-03-23T17:35:38+00:00,q7oYm4P9UKc,UCKjEtnnXEHsXE9IvCb92V7g,100 gorillas vs. Florida Final Boss? 🦍🐊 #shorts,2026-03-23T03:39:28Z,32611,333,29
2026-03-23T17:35:38+00:00,gRNQkeddOeo,UCKjEtnnXEHsXE9IvCb92V7g,“I would light this thing on fire” 🔥🤣,2026-03-23T02:03:26Z,6325,215,6
2026-03-23T17:35:38+00:00,a8PrkqVWt_s,UCKjEtnnXEHsXE9IvCb92V7g,Tony Delk breaks down the difference in the 2025 and 2026 Florida guards. #MarchMadness,2026-03-23T01:13:03Z,2187,10,1
2026-03-23T17:36:09+00:00,25nXjfAtOvc,UCKjEtnnXEHsXE9IvCb92V7g,Press Conference: Louisville vs. Alabama Postgame (2026 Women's Second Round),2026-03-23T13:30:19Z,0,2,
2026-03-23T17:36:09+00:00,q7oYm4P9UKc,UCKjEtnnXEHsXE9IvCb92V7g,100 gorillas vs. Florida Final Boss? 🦍🐊 #shorts,2026-03-23T03:39:28Z,32775,335,29
2026-03-23T17:36:09+00:00,gRNQkeddOeo,UCKjEtnnXEHsXE9IvCb92V7g,“I would light this thing on fire” 🔥🤣,2026-03-23T02:03:26Z,6325,217,6
2026-03-23T17:36:09+00:00,a8PrkqVWt_s,UCKjEtnnXEHsXE9IvCb92V7g,Tony Delk breaks down the difference in the 2025 and 2026 Florida guards. #MarchMadness,2026-03-23T01:13:03Z,2187,10,1
2026-03-23T17:36:40+00:00,25nXjfAtOvc,UCKjEtnnXEHsXE9IvCb92V7g,Press Conference: Louisville vs. Alabama Postgame (2026 Women's Second Round),2026-03-23T13:30:19Z,0,2,
2026-03-23T17:36:40+00:00,q7oYm4P9UKc,UCKjEtnnXEHsXE9IvCb92V7g,100 gorillas vs. Florida Final Boss? 🦍🐊 #shorts,2026-03-23T03:39:28Z,32775,336,29
2026-03-23T17:36:40+00:00,gRNQkeddOeo,UCKjEtnnXEHsXE9IvCb92V7g,“I would light this thing on fire” 🔥🤣,2026-03-23T02:03:26Z,6325,217,6
2026-03-23T17:36:40+00:00,a8PrkqVWt_s,UCKjEtnnXEHsXE9IvCb92V7g,Tony Delk breaks down the difference in the 2025 and 2026 Florida guards. #MarchMadness,2026-03-23T01:13:03Z,2187,10,1
2026-03-23T17:37:11+00:00,25nXjfAtOvc,UCKjEtnnXEHsXE9IvCb92V7g,Press Conference: Louisville vs. Alabama Postgame (2026 Women's Second Round),2026-03-23T13:30:19Z,0,2,
2026-03-23T17:37:11+00:00,q7oYm4P9UKc,UCKjEtnnXEHsXE9IvCb92V7g,100 gorillas vs. Florida Final Boss? 🦍🐊 #shorts,2026-03-23T03:39:28Z,32775,336,29
2026-03-23T17:37:11+00:00,gRNQkeddOeo,UCKjEtnnXEHsXE9IvCb92V7g,“I would light this thing on fire” 🔥🤣,2026-03-23T02:03:26Z,6325,217,6
2026-03-23T17:37:11+00:00,a8PrkqVWt_s,UCKjEtnnXEHsXE9IvCb92V7g,Tony Delk breaks down the difference in the 2025 and 2026 Florida guards. #MarchMadness,2026-03-23T01:13:03Z,2187,10,1
2026-03-23T17:37:42+00:00,25nXjfAtOvc,UCKjEtnnXEHsXE9IvCb92V7g,Press Conference: Louisville vs. Alabama Postgame (2026 Women's Second Round),2026-03-23T13:30:19Z,0,2,
2026-03-23T17:37:42+00:00,q7oYm4P9UKc,UCKjEtnnXEHsXE9IvCb92V7g,100 gorillas vs. Florida Final Boss? 🦍🐊 #shorts,2026-03-23T03:39:28Z,32775,337,29
2026-03-23T17:37:42+00:00,gRNQkeddOeo,UCKjEtnnXEHsXE9IvCb92V7g,“I would light this thing on fire” 🔥🤣,2026-03-23T02:03:26Z,6325,218,6
2026-03-23T17:37:42+00:00,a8PrkqVWt_s,UCKjEtnnXEHsXE9IvCb92V7g,Tony Delk breaks down the difference in the 2025 and 2026 Florida guards. #MarchMadness,2026-03-23T01:13:03Z,2187,10,1
2026-03-23T17:38:13+00:00,25nXjfAtOvc,UCKjEtnnXEHsXE9IvCb92V7g,Press Conference: Louisville vs. Alabama Postgame (2026 Women's Second Round),2026-03-23T13:30:19Z,0,2,
2026-03-23T17:38:13+00:00,q7oYm4P9UKc,UCKjEtnnXEHsXE9IvCb92V7g,100 gorillas vs. Florida Final Boss? 🦍🐊 #shorts,2026-03-23T03:39:28Z,32775,337,29
2026-03-23T17:38:13+00:00,gRNQkeddOeo,UCKjEtnnXEHsXE9IvCb92V7g,“I would light this thing on fire” 🔥🤣,2026-03-23T02:03:26Z,6325,218,6
2026-03-23T17:38:13+00:00,a8PrkqVWt_s,UCKjEtnnXEHsXE9IvCb92V7g,Tony Delk breaks down the difference in the 2025 and 2026 Florida guards. #MarchMadness,2026-03-23T01:13:03Z,2187,10,1
2026-03-23T17:38:44+00:00,25nXjfAtOvc,UCKjEtnnXEHsXE9IvCb92V7g,Press Conference: Louisville vs. Alabama Postgame (2026 Women's Second Round),2026-03-23T13:30:19Z,0,2,
2026-03-23T17:38:44+00:00,q7oYm4P9UKc,UCKjEtnnXEHsXE9IvCb92V7g,100 gorillas vs. Florida Final Boss? 🦍🐊 #shorts,2026-03-23T03:39:28Z,32775,337,29
2026-03-23T17:38:44+00:00,gRNQkeddOeo,UCKjEtnnXEHsXE9IvCb92V7g,“I would light this thing on fire” 🔥🤣,2026-03-23T02:03:26Z,6325,218,6
2026-03-23T17:38:44+00:00,a8PrkqVWt_s,UCKjEtnnXEHsXE9IvCb92V7g,Tony Delk breaks down the difference in the 2025 and 2026 Florida guards. #MarchMadness,2026-03-23T01:13:03Z,2187,10,1
2026-03-23T17:39:15+00:00,25nXjfAtOvc,UCKjEtnnXEHsXE9IvCb92V7g,Press Conference: Louisville vs. Alabama Postgame (2026 Women's Second Round),2026-03-23T13:30:19Z,0,2,
2026-03-23T17:39:15+00:00,q7oYm4P9UKc,UCKjEtnnXEHsXE9IvCb92V7g,100 gorillas vs. Florida Final Boss? 🦍🐊 #shorts,2026-03-23T03:39:28Z,32775,337,29
2026-03-23T17:39:15+00:00,gRNQkeddOeo,UCKjEtnnXEHsXE9IvCb92V7g,“I would light this thing on fire” 🔥🤣,2026-03-23T02:03:26Z,6350,218,6
2026-03-23T17:39:15+00:00,a8PrkqVWt_s,UCKjEtnnXEHsXE9IvCb92V7g,Tony Delk breaks down the difference in the 2025 and 2026 Florida guards. #MarchMadness,2026-03-23T01:13:03Z,2187,10,1
2026-03-23T17:39:46+00:00,25nXjfAtOvc,UCKjEtnnXEHsXE9IvCb92V7g,Press Conference: Louisville vs. Alabama Postgame (2026 Women's Second Round),2026-03-23T13:30:19Z,0,2,
2026-03-23T17:39:46+00:00,q7oYm4P9UKc,UCKjEtnnXEHsXE9IvCb92V7g,100 gorillas vs. Florida Final Boss? 🦍🐊 #shorts,2026-03-23T03:39:28Z,32775,337,29
2026-03-23T17:39:46+00:00,gRNQkeddOeo,UCKjEtnnXEHsXE9IvCb92V7g,“I would light this thing on fire” 🔥🤣,2026-03-23T02:03:26Z,6350,218,6
2026-03-23T17:39:46+00:00,a8PrkqVWt_s,UCKjEtnnXEHsXE9IvCb92V7g,Tony Delk breaks down the difference in the 2025 and 2026 Florida guards. #MarchMadness,2026-03-23T01:13:03Z,2187,10,1
2026-03-23T17:40:17+00:00,25nXjfAtOvc,UCKjEtnnXEHsXE9IvCb92V7g,Press Conference: Louisville vs. Alabama Postgame (2026 Women's Second Round),2026-03-23T13:30:19Z,0,2,
2026-03-23T17:40:17+00:00,q7oYm4P9UKc,UCKjEtnnXEHsXE9IvCb92V7g,100 gorillas vs. Florida Final Boss? 🦍🐊 #shorts,2026-03-23T03:39:28Z,32775,337,29
2026-03-23T17:40:17+00:00,gRNQkeddOeo,UCKjEtnnXEHsXE9IvCb92V7g,“I would light this thing on fire” 🔥🤣,2026-03-23T02:03:26Z,6350,219,6
2026-03-23T17:40:17+00:00,a8PrkqVWt_s,UCKjEtnnXEHsXE9IvCb92V7g,Tony Delk breaks down the difference in the 2025 and 2026 Florida guards. #MarchMadness,2026-03-23T01:13:03Z,2187,10,1
2026-03-23T17:40:48+00:00,25nXjfAtOvc,UCKjEtnnXEHsXE9IvCb92V7g,Press Conference: Louisville vs. Alabama Postgame (2026 Women's Second Round),2026-03-23T13:30:19Z,0,2,
2026-03-23T17:40:48+00:00,q7oYm4P9UKc,UCKjEtnnXEHsXE9IvCb92V7g,100 gorillas vs. Florida Final Boss? 🦍🐊 #shorts,2026-03-23T03:39:28Z,32775,337,29
2026-03-23T17:40:48+00:00,gRNQkeddOeo,UCKjEtnnXEHsXE9IvCb92V7g,“I would light this thing on fire” 🔥🤣,2026-03-23T02:03:26Z,6350,219,6
2026-03-23T17:40:48+00:00,a8PrkqVWt_s,UCKjEtnnXEHsXE9IvCb92V7g,Tony Delk breaks down the difference in the 2025 and 2026 Florida guards. #MarchMadness,2026-03-23T01:13:03Z,2187,10,1
2026-03-23T17:41:19+00:00,25nXjfAtOvc,UCKjEtnnXEHsXE9IvCb92V7g,Press Conference: Louisville vs. Alabama Postgame (2026 Women's Second Round),2026-03-23T13:30:19Z,0,2,
2026-03-23T17:41:19+00:00,q7oYm4P9UKc,UCKjEtnnXEHsXE9IvCb92V7g,100 gorillas vs. Florida Final Boss? 🦍🐊 #shorts,2026-03-23T03:39:28Z,32889,338,29
2026-03-23T17:41:19+00:00,gRNQkeddOeo,UCKjEtnnXEHsXE9IvCb92V7g,“I would light this thing on fire” 🔥🤣,2026-03-23T02:03:26Z,6350,220,6
2026-03-23T17:41:19+00:00,a8PrkqVWt_s,UCKjEtnnXEHsXE9IvCb92V7g,Tony Delk breaks down the difference in the 2025 and 2026 Florida guards. #MarchMadness,2026-03-23T01:13:03Z,2189,10,1
2026-03-23T17:41:49+00:00,25nXjfAtOvc,UCKjEtnnXEHsXE9IvCb92V7g,Press Conference: Louisville vs. Alabama Postgame (2026 Women's Second Round),2026-03-23T13:30:19Z,0,2,
2026-03-23T17:41:49+00:00,q7oYm4P9UKc,UCKjEtnnXEHsXE9IvCb92V7g,100 gorillas vs. Florida Final Boss? 🦍🐊 #shorts,2026-03-23T03:39:28Z,32889,338,29
2026-03-23T17:41:49+00:00,gRNQkeddOeo,UCKjEtnnXEHsXE9IvCb92V7g,“I would light this thing on fire” 🔥🤣,2026-03-23T02:03:26Z,6350,220,6
2026-03-23T17:41:49+00:00,a8PrkqVWt_s,UCKjEtnnXEHsXE9IvCb92V7g,Tony Delk breaks down the difference in the 2025 and 2026 Florida guards. #MarchMadness,2026-03-23T01:13:03Z,2189,10,1
2026-03-23T17:42:19+00:00,25nXjfAtOvc,UCKjEtnnXEHsXE9IvCb92V7g,Press Conference: Louisville vs. Alabama Postgame (2026 Women's Second Round),2026-03-23T13:30:19Z,0,2,
2026-03-23T17:42:19+00:00,q7oYm4P9UKc,UCKjEtnnXEHsXE9IvCb92V7g,100 gorillas vs. Florida Final Boss? 🦍🐊 #shorts,2026-03-23T03:39:28Z,32889,339,29
2026-03-23T17:42:19+00:00,gRNQkeddOeo,UCKjEtnnXEHsXE9IvCb92V7g,“I would light this thing on fire” 🔥🤣,2026-03-23T02:03:26Z,6350,220,6
2026-03-23T17:42:19+00:00,a8PrkqVWt_s,UCKjEtnnXEHsXE9IvCb92V7g,Tony Delk breaks down the difference in the 2025 and 2026 Florida guards. #MarchMadness,2026-03-23T01:13:03Z,2189,10,1
2026-03-23T17:42:50+00:00,25nXjfAtOvc,UCKjEtnnXEHsXE9IvCb92V7g,Press Conference: Louisville vs. Alabama Postgame (2026 Women's Second Round),2026-03-23T13:30:19Z,0,2,
2026-03-23T17:42:50+00:00,q7oYm4P9UKc,UCKjEtnnXEHsXE9IvCb92V7g,100 gorillas vs. Florida Final Boss? 🦍🐊 #shorts,2026-03-23T03:39:28Z,32889,339,29
2026-03-23T17:42:50+00:00,gRNQkeddOeo,UCKjEtnnXEHsXE9IvCb92V7g,“I would light this thing on fire” 🔥🤣,2026-03-23T02:03:26Z,6350,220,6
2026-03-23T17:42:50+00:00,a8PrkqVWt_s,UCKjEtnnXEHsXE9IvCb92V7g,Tony Delk breaks down the difference in the 2025 and 2026 Florida guards. #MarchMadness,2026-03-23T01:13:03Z,2189,10,1
2026-03-23T17:43:21+00:00,25nXjfAtOvc,UCKjEtnnXEHsXE9IvCb92V7g,Press Conference: Louisville vs. Alabama Postgame (2026 Women's Second Round),2026-03-23T13:30:19Z,0,2,
2026-03-23T17:43:21+00:00,q7oYm4P9UKc,UCKjEtnnXEHsXE9IvCb92V7g,100 gorillas vs. Florida Final Boss? 🦍🐊 #shorts,2026-03-23T03:39:28Z,32889,339,29
2026-03-23T17:43:21+00:00,gRNQkeddOeo,UCKjEtnnXEHsXE9IvCb92V7g,“I would light this thing on fire” 🔥🤣,2026-03-23T02:03:26Z,6350,220,6
2026-03-23T17:43:21+00:00,a8PrkqVWt_s,UCKjEtnnXEHsXE9IvCb92V7g,Tony Delk breaks down the difference in the 2025 and 2026 Florida guards. #MarchMadness,2026-03-23T01:13:03Z,2189,10,1
2026-03-23T17:43:52+00:00,25nXjfAtOvc,UCKjEtnnXEHsXE9IvCb92V7g,Press Conference: Louisville vs. Alabama Postgame (2026 Women's Second Round),2026-03-23T13:30:19Z,0,2,
2026-03-23T17:43:52+00:00,q7oYm4P9UKc,UCKjEtnnXEHsXE9IvCb92V7g,100 gorillas vs. Florida Final Boss? 🦍🐊 #shorts,2026-03-23T03:39:28Z,32889,339,29
2026-03-23T17:43:52+00:00,gRNQkeddOeo,UCKjEtnnXEHsXE9IvCb92V7g,“I would light this thing on fire” 🔥🤣,2026-03-23T02:03:26Z,6350,220,6
2026-03-23T17:43:52+00:00,a8PrkqVWt_s,UCKjEtnnXEHsXE9IvCb92V7g,Tony Delk breaks down the difference in the 2025 and 2026 Florida guards. #MarchMadness,2026-03-23T01:13:03Z,2189,10,1
2026-03-23T17:44:22+00:00,25nXjfAtOvc,UCKjEtnnXEHsXE9IvCb92V7g,Press Conference: Louisville vs. Alabama Postgame (2026 Women's Second Round),2026-03-23T13:30:19Z,0,2,
2026-03-23T17:44:22+00:00,q7oYm4P9UKc,UCKjEtnnXEHsXE9IvCb92V7g,100 gorillas vs. Florida Final Boss? 🦍🐊 #shorts,2026-03-23T03:39:28Z,32889,340,29
2026-03-23T17:44:22+00:00,gRNQkeddOeo,UCKjEtnnXEHsXE9IvCb92V7g,“I would light this thing on fire” 🔥🤣,2026-03-23T02:03:26Z,6380,222,6
2026-03-23T17:44:22+00:00,a8PrkqVWt_s,UCKjEtnnXEHsXE9IvCb92V7g,Tony Delk breaks down the difference in the 2025 and 2026 Florida guards. #MarchMadness,2026-03-23T01:13:03Z,2189,10,1
2026-03-23T17:44:53+00:00,25nXjfAtOvc,UCKjEtnnXEHsXE9IvCb92V7g,Press Conference: Louisville vs. Alabama Postgame (2026 Women's Second Round),2026-03-23T13:30:19Z,0,2,
2026-03-23T17:44:53+00:00,q7oYm4P9UKc,UCKjEtnnXEHsXE9IvCb92V7g,100 gorillas vs. Florida Final Boss? 🦍🐊 #shorts,2026-03-23T03:39:28Z,32889,340,29
2026-03-23T17:44:53+00:00,gRNQkeddOeo,UCKjEtnnXEHsXE9IvCb92V7g,“I would light this thing on fire” 🔥🤣,2026-03-23T02:03:26Z,6380,222,6
2026-03-23T17:44:53+00:00,a8PrkqVWt_s,UCKjEtnnXEHsXE9IvCb92V7g,Tony Delk breaks down the difference in the 2025 and 2026 Florida guards. #MarchMadness,2026-03-23T01:13:03Z,2189,10,1
2026-03-23T17:45:24+00:00,25nXjfAtOvc,UCKjEtnnXEHsXE9IvCb92V7g,Press Conference: Louisville vs. Alabama Postgame (2026 Women's Second Round),2026-03-23T13:30:19Z,0,2,
2026-03-23T17:45:24+00:00,q7oYm4P9UKc,UCKjEtnnXEHsXE9IvCb92V7g,100 gorillas vs. Florida Final Boss? 🦍🐊 #shorts,2026-03-23T03:39:28Z,32889,340,29
2026-03-23T17:45:24+00:00,gRNQkeddOeo,UCKjEtnnXEHsXE9IvCb92V7g,“I would light this thing on fire” 🔥🤣,2026-03-23T02:03:26Z,6380,222,6
2026-03-23T17:45:24+00:00,a8PrkqVWt_s,UCKjEtnnXEHsXE9IvCb92V7g,Tony Delk breaks down the difference in the 2025 and 2026 Florida guards. #MarchMadness,2026-03-23T01:13:03Z,2189,10,1
2026-03-23T17:45:54+00:00,25nXjfAtOvc,UCKjEtnnXEHsXE9IvCb92V7g,Press Conference: Louisville vs. Alabama Postgame (2026 Women's Second Round),2026-03-23T13:30:19Z,0,2,
2026-03-23T17:45:54+00:00,q7oYm4P9UKc,UCKjEtnnXEHsXE9IvCb92V7g,100 gorillas vs. Florida Final Boss? 🦍🐊 #shorts,2026-03-23T03:39:28Z,32889,340,29
2026-03-23T17:45:54+00:00,gRNQkeddOeo,UCKjEtnnXEHsXE9IvCb92V7g,“I would light this thing on fire” 🔥🤣,2026-03-23T02:03:26Z,6380,222,6
2026-03-23T17:45:54+00:00,a8PrkqVWt_s,UCKjEtnnXEHsXE9IvCb92V7g,Tony Delk breaks down the difference in the 2025 and 2026 Florida guards. #MarchMadness,2026-03-23T01:13:03Z,2189,10,1
2026-03-23T17:46:24+00:00,25nXjfAtOvc,UCKjEtnnXEHsXE9IvCb92V7g,Press Conference: Louisville vs. Alabama Postgame (2026 Women's Second Round),2026-03-23T13:30:19Z,0,2,
2026-03-23T17:46:24+00:00,q7oYm4P9UKc,UCKjEtnnXEHsXE9IvCb92V7g,100 gorillas vs. Florida Final Boss? 🦍🐊 #shorts,2026-03-23T03:39:28Z,33071,340,29
2026-03-23T17:46:24+00:00,gRNQkeddOeo,UCKjEtnnXEHsXE9IvCb92V7g,“I would light this thing on fire” 🔥🤣,2026-03-23T02:03:26Z,6380,222,6
2026-03-23T17:46:24+00:00,a8PrkqVWt_s,UCKjEtnnXEHsXE9IvCb92V7g,Tony Delk breaks down the difference in the 2025 and 2026 Florida guards. #MarchMadness,2026-03-23T01:13:03Z,2191,10,1
2026-03-23T17:46:55+00:00,25nXjfAtOvc,UCKjEtnnXEHsXE9IvCb92V7g,Press Conference: Louisville vs. Alabama Postgame (2026 Women's Second Round),2026-03-23T13:30:19Z,0,2,
2026-03-23T17:46:55+00:00,q7oYm4P9UKc,UCKjEtnnXEHsXE9IvCb92V7g,100 gorillas vs. Florida Final Boss? 🦍🐊 #shorts,2026-03-23T03:39:28Z,33071,340,29
2026-03-23T17:46:55+00:00,gRNQkeddOeo,UCKjEtnnXEHsXE9IvCb92V7g,“I would light this thing on fire” 🔥🤣,2026-03-23T02:03:26Z,6380,222,6
2026-03-23T17:46:55+00:00,a8PrkqVWt_s,UCKjEtnnXEHsXE9IvCb92V7g,Tony Delk breaks down the difference in the 2025 and 2026 Florida guards. #MarchMadness,2026-03-23T01:13:03Z,2191,10,1
2026-03-23T17:47:26+00:00,25nXjfAtOvc,UCKjEtnnXEHsXE9IvCb92V7g,Press Conference: Louisville vs. Alabama Postgame (2026 Women's Second Round),2026-03-23T13:30:19Z,0,2,
2026-03-23T17:47:26+00:00,q7oYm4P9UKc,UCKjEtnnXEHsXE9IvCb92V7g,100 gorillas vs. Florida Final Boss? 🦍🐊 #shorts,2026-03-23T03:39:28Z,33071,340,29
2026-03-23T17:47:26+00:00,gRNQkeddOeo,UCKjEtnnXEHsXE9IvCb92V7g,“I would light this thing on fire” 🔥🤣,2026-03-23T02:03:26Z,6380,222,6
2026-03-23T17:47:26+00:00,a8PrkqVWt_s,UCKjEtnnXEHsXE9IvCb92V7g,Tony Delk breaks down the difference in the 2025 and 2026 Florida guards. #MarchMadness,2026-03-23T01:13:03Z,2191,10,1
2026-03-23T17:47:56+00:00,25nXjfAtOvc,UCKjEtnnXEHsXE9IvCb92V7g,Press Conference: Louisville vs. Alabama Postgame (2026 Women's Second Round),2026-03-23T13:30:19Z,0,2,
2026-03-23T17:47:56+00:00,q7oYm4P9UKc,UCKjEtnnXEHsXE9IvCb92V7g,100 gorillas vs. Florida Final Boss? 🦍🐊 #shorts,2026-03-23T03:39:28Z,33071,340,29
2026-03-23T17:47:56+00:00,gRNQkeddOeo,UCKjEtnnXEHsXE9IvCb92V7g,“I would light this thing on fire” 🔥🤣,2026-03-23T02:03:26Z,6380,222,6
2026-03-23T17:47:56+00:00,a8PrkqVWt_s,UCKjEtnnXEHsXE9IvCb92V7g,Tony Delk breaks down the difference in the 2025 and 2026 Florida guards. #MarchMadness,2026-03-23T01:13:03Z,2191,10,1
2026-03-23T17:48:27+00:00,25nXjfAtOvc,UCKjEtnnXEHsXE9IvCb92V7g,Press Conference: Louisville vs. Alabama Postgame (2026 Women's Second Round),2026-03-23T13:30:19Z,0,2,
2026-03-23T17:48:27+00:00,q7oYm4P9UKc,UCKjEtnnXEHsXE9IvCb92V7g,100 gorillas vs. Florida Final Boss? 🦍🐊 #shorts,2026-03-23T03:39:28Z,33071,341,29
2026-03-23T17:48:27+00:00,gRNQkeddOeo,UCKjEtnnXEHsXE9IvCb92V7g,“I would light this thing on fire” 🔥🤣,2026-03-23T02:03:26Z,6380,222,6
2026-03-23T17:48:27+00:00,a8PrkqVWt_s,UCKjEtnnXEHsXE9IvCb92V7g,Tony Delk breaks down the difference in the 2025 and 2026 Florida guards. #MarchMadness,2026-03-23T01:13:03Z,2191,10,1
2026-03-23T17:48:58+00:00,25nXjfAtOvc,UCKjEtnnXEHsXE9IvCb92V7g,Press Conference: Louisville vs. Alabama Postgame (2026 Women's Second Round),2026-03-23T13:30:19Z,0,2,
2026-03-23T17:48:58+00:00,q7oYm4P9UKc,UCKjEtnnXEHsXE9IvCb92V7g,100 gorillas vs. Florida Final Boss? 🦍🐊 #shorts,2026-03-23T03:39:28Z,33071,341,29
2026-03-23T17:48:58+00:00,gRNQkeddOeo,UCKjEtnnXEHsXE9IvCb92V7g,“I would light this thing on fire” 🔥🤣,2026-03-23T02:03:26Z,6380,223,6
2026-03-23T17:48:58+00:00,a8PrkqVWt_s,UCKjEtnnXEHsXE9IvCb92V7g,Tony Delk breaks down the difference in the 2025 and 2026 Florida guards. #MarchMadness,2026-03-23T01:13:03Z,2191,10,1
2026-03-23T17:49:29+00:00,25nXjfAtOvc,UCKjEtnnXEHsXE9IvCb92V7g,Press Conference: Louisville vs. Alabama Postgame (2026 Women's Second Round),2026-03-23T13:30:19Z,0,2,
2026-03-23T17:49:29+00:00,q7oYm4P9UKc,UCKjEtnnXEHsXE9IvCb92V7g,100 gorillas vs. Florida Final Boss? 🦍🐊 #shorts,2026-03-23T03:39:28Z,33071,341,29
2026-03-23T17:49:29+00:00,gRNQkeddOeo,UCKjEtnnXEHsXE9IvCb92V7g,“I would light this thing on fire” 🔥🤣,2026-03-23T02:03:26Z,6404,223,6
2026-03-23T17:49:29+00:00,a8PrkqVWt_s,UCKjEtnnXEHsXE9IvCb92V7g,Tony Delk breaks down the difference in the 2025 and 2026 Florida guards. #MarchMadness,2026-03-23T01:13:03Z,2191,10,1
2026-03-23T17:49:59+00:00,25nXjfAtOvc,UCKjEtnnXEHsXE9IvCb92V7g,Press Conference: Louisville vs. Alabama Postgame (2026 Women's Second Round),2026-03-23T13:30:19Z,0,2,
2026-03-23T17:49:59+00:00,q7oYm4P9UKc,UCKjEtnnXEHsXE9IvCb92V7g,100 gorillas vs. Florida Final Boss? 🦍🐊 #shorts,2026-03-23T03:39:28Z,33071,342,29
2026-03-23T17:49:59+00:00,gRNQkeddOeo,UCKjEtnnXEHsXE9IvCb92V7g,“I would light this thing on fire” 🔥🤣,2026-03-23T02:03:26Z,6404,223,6
2026-03-23T17:49:59+00:00,a8PrkqVWt_s,UCKjEtnnXEHsXE9IvCb92V7g,Tony Delk breaks down the difference in the 2025 and 2026 Florida guards. #MarchMadness,2026-03-23T01:13:03Z,2191,10,1
2026-03-23T17:50:30+00:00,25nXjfAtOvc,UCKjEtnnXEHsXE9IvCb92V7g,Press Conference: Louisville vs. Alabama Postgame (2026 Women's Second Round),2026-03-23T13:30:19Z,0,2,
2026-03-23T17:50:30+00:00,q7oYm4P9UKc,UCKjEtnnXEHsXE9IvCb92V7g,100 gorillas vs. Florida Final Boss? 🦍🐊 #shorts,2026-03-23T03:39:28Z,33071,343,29
2026-03-23T17:50:30+00:00,gRNQkeddOeo,UCKjEtnnXEHsXE9IvCb92V7g,“I would light this thing on fire” 🔥🤣,2026-03-23T02:03:26Z,6404,223,6
2026-03-23T17:50:30+00:00,a8PrkqVWt_s,UCKjEtnnXEHsXE9IvCb92V7g,Tony Delk breaks down the difference in the 2025 and 2026 Florida guards. #MarchMadness,2026-03-23T01:13:03Z,2191,10,1
2026-03-23T17:51:00+00:00,25nXjfAtOvc,UCKjEtnnXEHsXE9IvCb92V7g,Press Conference: Louisville vs. Alabama Postgame (2026 Women's Second Round),2026-03-23T13:30:19Z,0,2,
2026-03-23T17:51:00+00:00,q7oYm4P9UKc,UCKjEtnnXEHsXE9IvCb92V7g,100 gorillas vs. Florida Final Boss? 🦍🐊 #shorts,2026-03-23T03:39:28Z,33071,343,29
2026-03-23T17:51:00+00:00,gRNQkeddOeo,UCKjEtnnXEHsXE9IvCb92V7g,“I would light this thing on fire” 🔥🤣,2026-03-23T02:03:26Z,6404,223,6
2026-03-23T17:51:00+00:00,a8PrkqVWt_s,UCKjEtnnXEHsXE9IvCb92V7g,Tony Delk breaks down the difference in the 2025 and 2026 Florida guards. #MarchMadness,2026-03-23T01:13:03Z,2191,10,1
2026-03-23T17:51:31+00:00,25nXjfAtOvc,UCKjEtnnXEHsXE9IvCb92V7g,Press Conference: Louisville vs. Alabama Postgame (2026 Women's Second Round),2026-03-23T13:30:19Z,0,2,
2026-03-23T17:51:31+00:00,q7oYm4P9UKc,UCKjEtnnXEHsXE9IvCb92V7g,100 gorillas vs. Florida Final Boss? 🦍🐊 #shorts,2026-03-23T03:39:28Z,33270,344,29
2026-03-23T17:51:31+00:00,gRNQkeddOeo,UCKjEtnnXEHsXE9IvCb92V7g,“I would light this thing on fire” 🔥🤣,2026-03-23T02:03:26Z,6404,223,6
2026-03-23T17:51:31+00:00,a8PrkqVWt_s,UCKjEtnnXEHsXE9IvCb92V7g,Tony Delk breaks down the difference in the 2025 and 2026 Florida guards. #MarchMadness,2026-03-23T01:13:03Z,2192,10,1
2026-03-23T17:52:02+00:00,25nXjfAtOvc,UCKjEtnnXEHsXE9IvCb92V7g,Press Conference: Louisville vs. Alabama Postgame (2026 Women's Second Round),2026-03-23T13:30:19Z,0,2,
2026-03-23T17:52:02+00:00,q7oYm4P9UKc,UCKjEtnnXEHsXE9IvCb92V7g,100 gorillas vs. Florida Final Boss? 🦍🐊 #shorts,2026-03-23T03:39:28Z,33283,344,29
2026-03-23T17:52:02+00:00,gRNQkeddOeo,UCKjEtnnXEHsXE9IvCb92V7g,“I would light this thing on fire” 🔥🤣,2026-03-23T02:03:26Z,6404,223,6
2026-03-23T17:52:02+00:00,a8PrkqVWt_s,UCKjEtnnXEHsXE9IvCb92V7g,Tony Delk breaks down the difference in the 2025 and 2026 Florida guards. #MarchMadness,2026-03-23T01:13:03Z,2192,10,1
2026-03-23T17:52:33+00:00,25nXjfAtOvc,UCKjEtnnXEHsXE9IvCb92V7g,Press Conference: Louisville vs. Alabama Postgame (2026 Women's Second Round),2026-03-23T13:30:19Z,0,2,
2026-03-23T17:52:33+00:00,q7oYm4P9UKc,UCKjEtnnXEHsXE9IvCb92V7g,100 gorillas vs. Florida Final Boss? 🦍🐊 #shorts,2026-03-23T03:39:28Z,33283,344,29
2026-03-23T17:52:33+00:00,gRNQkeddOeo,UCKjEtnnXEHsXE9IvCb92V7g,“I would light this thing on fire” 🔥🤣,2026-03-23T02:03:26Z,6404,224,6
2026-03-23T17:52:33+00:00,a8PrkqVWt_s,UCKjEtnnXEHsXE9IvCb92V7g,Tony Delk breaks down the difference in the 2025 and 2026 Florida guards. #MarchMadness,2026-03-23T01:13:03Z,2192,10,1
2026-03-23T17:53:04+00:00,25nXjfAtOvc,UCKjEtnnXEHsXE9IvCb92V7g,Press Conference: Louisville vs. Alabama Postgame (2026 Women's Second Round),2026-03-23T13:30:19Z,0,2,
2026-03-23T17:53:04+00:00,q7oYm4P9UKc,UCKjEtnnXEHsXE9IvCb92V7g,100 gorillas vs. Florida Final Boss? 🦍🐊 #shorts,2026-03-23T03:39:28Z,33283,344,29
2026-03-23T17:53:04+00:00,gRNQkeddOeo,UCKjEtnnXEHsXE9IvCb92V7g,“I would light this thing on fire” 🔥🤣,2026-03-23T02:03:26Z,6404,224,6
2026-03-23T17:53:04+00:00,a8PrkqVWt_s,UCKjEtnnXEHsXE9IvCb92V7g,Tony Delk breaks down the difference in the 2025 and 2026 Florida guards. #MarchMadness,2026-03-23T01:13:03Z,2192,10,1
2026-03-23T17:53:35+00:00,25nXjfAtOvc,UCKjEtnnXEHsXE9IvCb92V7g,Press Conference: Louisville vs. Alabama Postgame (2026 Women's Second Round),2026-03-23T13:30:19Z,0,2,
2026-03-23T17:53:35+00:00,q7oYm4P9UKc,UCKjEtnnXEHsXE9IvCb92V7g,100 gorillas vs. Florida Final Boss? 🦍🐊 #shorts,2026-03-23T03:39:28Z,33283,344,29
2026-03-23T17:53:35+00:00,gRNQkeddOeo,UCKjEtnnXEHsXE9IvCb92V7g,“I would light this thing on fire” 🔥🤣,2026-03-23T02:03:26Z,6404,224,6
2026-03-23T17:53:35+00:00,a8PrkqVWt_s,UCKjEtnnXEHsXE9IvCb92V7g,Tony Delk breaks down the difference in the 2025 and 2026 Florida guards. #MarchMadness,2026-03-23T01:13:03Z,2192,10,1
2026-03-23T17:54:05+00:00,25nXjfAtOvc,UCKjEtnnXEHsXE9IvCb92V7g,Press Conference: Louisville vs. Alabama Postgame (2026 Women's Second Round),2026-03-23T13:30:19Z,0,2,
2026-03-23T17:54:05+00:00,q7oYm4P9UKc,UCKjEtnnXEHsXE9IvCb92V7g,100 gorillas vs. Florida Final Boss? 🦍🐊 #shorts,2026-03-23T03:39:28Z,33283,344,29
2026-03-23T17:54:05+00:00,gRNQkeddOeo,UCKjEtnnXEHsXE9IvCb92V7g,“I would light this thing on fire” 🔥🤣,2026-03-23T02:03:26Z,6436,224,6
2026-03-23T17:54:05+00:00,a8PrkqVWt_s,UCKjEtnnXEHsXE9IvCb92V7g,Tony Delk breaks down the difference in the 2025 and 2026 Florida guards. #MarchMadness,2026-03-23T01:13:03Z,2192,10,1
2026-03-23T17:54:36+00:00,25nXjfAtOvc,UCKjEtnnXEHsXE9IvCb92V7g,Press Conference: Louisville vs. Alabama Postgame (2026 Women's Second Round),2026-03-23T13:30:19Z,0,2,
2026-03-23T17:54:36+00:00,q7oYm4P9UKc,UCKjEtnnXEHsXE9IvCb92V7g,100 gorillas vs. Florida Final Boss? 🦍🐊 #shorts,2026-03-23T03:39:28Z,33283,344,29
2026-03-23T17:54:36+00:00,gRNQkeddOeo,UCKjEtnnXEHsXE9IvCb92V7g,“I would light this thing on fire” 🔥🤣,2026-03-23T02:03:26Z,6437,224,6
2026-03-23T17:54:36+00:00,a8PrkqVWt_s,UCKjEtnnXEHsXE9IvCb92V7g,Tony Delk breaks down the difference in the 2025 and 2026 Florida guards. #MarchMadness,2026-03-23T01:13:03Z,2192,10,1
2026-03-23T17:55:06+00:00,25nXjfAtOvc,UCKjEtnnXEHsXE9IvCb92V7g,Press Conference: Louisville vs. Alabama Postgame (2026 Women's Second Round),2026-03-23T13:30:19Z,0,2,
2026-03-23T17:55:06+00:00,q7oYm4P9UKc,UCKjEtnnXEHsXE9IvCb92V7g,100 gorillas vs. Florida Final Boss? 🦍🐊 #shorts,2026-03-23T03:39:28Z,33283,344,29
2026-03-23T17:55:06+00:00,gRNQkeddOeo,UCKjEtnnXEHsXE9IvCb92V7g,“I would light this thing on fire” 🔥🤣,2026-03-23T02:03:26Z,6437,224,6
2026-03-23T17:55:06+00:00,a8PrkqVWt_s,UCKjEtnnXEHsXE9IvCb92V7g,Tony Delk breaks down the difference in the 2025 and 2026 Florida guards. #MarchMadness,2026-03-23T01:13:03Z,2192,10,1
2026-03-23T17:55:37+00:00,25nXjfAtOvc,UCKjEtnnXEHsXE9IvCb92V7g,Press Conference: Louisville vs. Alabama Postgame (2026 Women's Second Round),2026-03-23T13:30:19Z,0,2,
2026-03-23T17:55:37+00:00,q7oYm4P9UKc,UCKjEtnnXEHsXE9IvCb92V7g,100 gorillas vs. Florida Final Boss? 🦍🐊 #shorts,2026-03-23T03:39:28Z,33283,344,29
2026-03-23T17:55:37+00:00,gRNQkeddOeo,UCKjEtnnXEHsXE9IvCb92V7g,“I would light this thing on fire” 🔥🤣,2026-03-23T02:03:26Z,6437,224,6
2026-03-23T17:55:37+00:00,a8PrkqVWt_s,UCKjEtnnXEHsXE9IvCb92V7g,Tony Delk breaks down the difference in the 2025 and 2026 Florida guards. #MarchMadness,2026-03-23T01:13:03Z,2192,10,1
2026-03-23T17:56:08+00:00,25nXjfAtOvc,UCKjEtnnXEHsXE9IvCb92V7g,Press Conference: Louisville vs. Alabama Postgame (2026 Women's Second Round),2026-03-23T13:30:19Z,0,2,
2026-03-23T17:56:08+00:00,q7oYm4P9UKc,UCKjEtnnXEHsXE9IvCb92V7g,100 gorillas vs. Florida Final Boss? 🦍🐊 #shorts,2026-03-23T03:39:28Z,33412,344,29
2026-03-23T17:56:08+00:00,gRNQkeddOeo,UCKjEtnnXEHsXE9IvCb92V7g,“I would light this thing on fire” 🔥🤣,2026-03-23T02:03:26Z,6437,224,6
2026-03-23T17:56:08+00:00,a8PrkqVWt_s,UCKjEtnnXEHsXE9IvCb92V7g,Tony Delk breaks down the difference in the 2025 and 2026 Florida guards. #MarchMadness,2026-03-23T01:13:03Z,2194,10,1
2026-03-23T17:56:38+00:00,25nXjfAtOvc,UCKjEtnnXEHsXE9IvCb92V7g,Press Conference: Louisville vs. Alabama Postgame (2026 Women's Second Round),2026-03-23T13:30:19Z,0,2,
2026-03-23T17:56:38+00:00,q7oYm4P9UKc,UCKjEtnnXEHsXE9IvCb92V7g,100 gorillas vs. Florida Final Boss? 🦍🐊 #shorts,2026-03-23T03:39:28Z,33412,344,29
2026-03-23T17:56:38+00:00,gRNQkeddOeo,UCKjEtnnXEHsXE9IvCb92V7g,“I would light this thing on fire” 🔥🤣,2026-03-23T02:03:26Z,6437,224,6
2026-03-23T17:56:38+00:00,a8PrkqVWt_s,UCKjEtnnXEHsXE9IvCb92V7g,Tony Delk breaks down the difference in the 2025 and 2026 Florida guards. #MarchMadness,2026-03-23T01:13:03Z,2194,10,1
2026-03-23T17:57:09+00:00,25nXjfAtOvc,UCKjEtnnXEHsXE9IvCb92V7g,Press Conference: Louisville vs. Alabama Postgame (2026 Women's Second Round),2026-03-23T13:30:19Z,0,2,
2026-03-23T17:57:09+00:00,q7oYm4P9UKc,UCKjEtnnXEHsXE9IvCb92V7g,100 gorillas vs. Florida Final Boss? 🦍🐊 #shorts,2026-03-23T03:39:28Z,33412,345,29
2026-03-23T17:57:09+00:00,gRNQkeddOeo,UCKjEtnnXEHsXE9IvCb92V7g,“I would light this thing on fire” 🔥🤣,2026-03-23T02:03:26Z,6437,224,6
2026-03-23T17:57:09+00:00,a8PrkqVWt_s,UCKjEtnnXEHsXE9IvCb92V7g,Tony Delk breaks down the difference in the 2025 and 2026 Florida guards. #MarchMadness,2026-03-23T01:13:03Z,2195,10,1
2026-03-23T17:57:40+00:00,25nXjfAtOvc,UCKjEtnnXEHsXE9IvCb92V7g,Press Conference: Louisville vs. Alabama Postgame (2026 Women's Second Round),2026-03-23T13:30:19Z,0,2,
2026-03-23T17:57:40+00:00,q7oYm4P9UKc,UCKjEtnnXEHsXE9IvCb92V7g,100 gorillas vs. Florida Final Boss? 🦍🐊 #shorts,2026-03-23T03:39:28Z,33412,344,29
2026-03-23T17:57:40+00:00,gRNQkeddOeo,UCKjEtnnXEHsXE9IvCb92V7g,“I would light this thing on fire” 🔥🤣,2026-03-23T02:03:26Z,6437,224,6
2026-03-23T17:57:40+00:00,a8PrkqVWt_s,UCKjEtnnXEHsXE9IvCb92V7g,Tony Delk breaks down the difference in the 2025 and 2026 Florida guards. #MarchMadness,2026-03-23T01:13:03Z,2195,10,1
2026-03-23T17:58:11+00:00,25nXjfAtOvc,UCKjEtnnXEHsXE9IvCb92V7g,Press Conference: Louisville vs. Alabama Postgame (2026 Women's Second Round),2026-03-23T13:30:19Z,0,2,
2026-03-23T17:58:11+00:00,q7oYm4P9UKc,UCKjEtnnXEHsXE9IvCb92V7g,100 gorillas vs. Florida Final Boss? 🦍🐊 #shorts,2026-03-23T03:39:28Z,33412,344,29
2026-03-23T17:58:11+00:00,gRNQkeddOeo,UCKjEtnnXEHsXE9IvCb92V7g,“I would light this thing on fire” 🔥🤣,2026-03-23T02:03:26Z,6437,224,6
2026-03-23T17:58:11+00:00,a8PrkqVWt_s,UCKjEtnnXEHsXE9IvCb92V7g,Tony Delk breaks down the difference in the 2025 and 2026 Florida guards. #MarchMadness,2026-03-23T01:13:03Z,2195,10,1
2026-03-23T17:58:42+00:00,25nXjfAtOvc,UCKjEtnnXEHsXE9IvCb92V7g,Press Conference: Louisville vs. Alabama Postgame (2026 Women's Second Round),2026-03-23T13:30:19Z,0,2,
2026-03-23T17:58:42+00:00,q7oYm4P9UKc,UCKjEtnnXEHsXE9IvCb92V7g,100 gorillas vs. Florida Final Boss? 🦍🐊 #shorts,2026-03-23T03:39:28Z,33412,344,29
2026-03-23T17:58:42+00:00,gRNQkeddOeo,UCKjEtnnXEHsXE9IvCb92V7g,“I would light this thing on fire” 🔥🤣,2026-03-23T02:03:26Z,6437,224,6
2026-03-23T17:58:42+00:00,a8PrkqVWt_s,UCKjEtnnXEHsXE9IvCb92V7g,Tony Delk breaks down the difference in the 2025 and 2026 Florida guards. #MarchMadness,2026-03-23T01:13:03Z,2195,10,1
2026-03-23T17:59:13+00:00,25nXjfAtOvc,UCKjEtnnXEHsXE9IvCb92V7g,Press Conference: Louisville vs. Alabama Postgame (2026 Women's Second Round),2026-03-23T13:30:19Z,0,2,
2026-03-23T17:59:13+00:00,q7oYm4P9UKc,UCKjEtnnXEHsXE9IvCb92V7g,100 gorillas vs. Florida Final Boss? 🦍🐊 #shorts,2026-03-23T03:39:28Z,33412,343,29
2026-03-23T17:59:13+00:00,gRNQkeddOeo,UCKjEtnnXEHsXE9IvCb92V7g,“I would light this thing on fire” 🔥🤣,2026-03-23T02:03:26Z,6437,224,6
2026-03-23T17:59:13+00:00,a8PrkqVWt_s,UCKjEtnnXEHsXE9IvCb92V7g,Tony Delk breaks down the difference in the 2025 and 2026 Florida guards. #MarchMadness,2026-03-23T01:13:03Z,2195,10,1
2026-03-23T17:59:44+00:00,25nXjfAtOvc,UCKjEtnnXEHsXE9IvCb92V7g,Press Conference: Louisville vs. Alabama Postgame (2026 Women's Second Round),2026-03-23T13:30:19Z,0,2,
2026-03-23T17:59:44+00:00,q7oYm4P9UKc,UCKjEtnnXEHsXE9IvCb92V7g,100 gorillas vs. Florida Final Boss? 🦍🐊 #shorts,2026-03-23T03:39:28Z,33412,343,29
2026-03-23T17:59:44+00:00,gRNQkeddOeo,UCKjEtnnXEHsXE9IvCb92V7g,“I would light this thing on fire” 🔥🤣,2026-03-23T02:03:26Z,6462,224,6
2026-03-23T17:59:44+00:00,a8PrkqVWt_s,UCKjEtnnXEHsXE9IvCb92V7g,Tony Delk breaks down the difference in the 2025 and 2026 Florida guards. #MarchMadness,2026-03-23T01:13:03Z,2195,10,1
2026-03-23T18:00:15+00:00,25nXjfAtOvc,UCKjEtnnXEHsXE9IvCb92V7g,Press Conference: Louisville vs. Alabama Postgame (2026 Women's Second Round),2026-03-23T13:30:19Z,0,2,
2026-03-23T18:00:15+00:00,q7oYm4P9UKc,UCKjEtnnXEHsXE9IvCb92V7g,100 gorillas vs. Florida Final Boss? 🦍🐊 #shorts,2026-03-23T03:39:28Z,33412,343,29
2026-03-23T18:00:15+00:00,gRNQkeddOeo,UCKjEtnnXEHsXE9IvCb92V7g,“I would light this thing on fire” 🔥🤣,2026-03-23T02:03:26Z,6463,224,6
2026-03-23T18:00:15+00:00,a8PrkqVWt_s,UCKjEtnnXEHsXE9IvCb92V7g,Tony Delk breaks down the difference in the 2025 and 2026 Florida guards. #MarchMadness,2026-03-23T01:13:03Z,2195,10,1
2026-03-23T18:00:45+00:00,25nXjfAtOvc,UCKjEtnnXEHsXE9IvCb92V7g,Press Conference: Louisville vs. Alabama Postgame (2026 Women's Second Round),2026-03-23T13:30:19Z,0,2,
2026-03-23T18:00:45+00:00,q7oYm4P9UKc,UCKjEtnnXEHsXE9IvCb92V7g,100 gorillas vs. Florida Final Boss? 🦍🐊 #shorts,2026-03-23T03:39:28Z,33412,343,29
2026-03-23T18:00:45+00:00,gRNQkeddOeo,UCKjEtnnXEHsXE9IvCb92V7g,“I would light this thing on fire” 🔥🤣,2026-03-23T02:03:26Z,6463,224,6
2026-03-23T18:00:45+00:00,a8PrkqVWt_s,UCKjEtnnXEHsXE9IvCb92V7g,Tony Delk breaks down the difference in the 2025 and 2026 Florida guards. #MarchMadness,2026-03-23T01:13:03Z,2195,10,1
2026-03-23T18:01:15+00:00,25nXjfAtOvc,UCKjEtnnXEHsXE9IvCb92V7g,Press Conference: Louisville vs. Alabama Postgame (2026 Women's Second Round),2026-03-23T13:30:19Z,0,2,
2026-03-23T18:01:15+00:00,q7oYm4P9UKc,UCKjEtnnXEHsXE9IvCb92V7g,100 gorillas vs. Florida Final Boss? 🦍🐊 #shorts,2026-03-23T03:39:28Z,33620,342,29
2026-03-23T18:01:15+00:00,gRNQkeddOeo,UCKjEtnnXEHsXE9IvCb92V7g,“I would light this thing on fire” 🔥🤣,2026-03-23T02:03:26Z,6463,224,6
2026-03-23T18:01:15+00:00,a8PrkqVWt_s,UCKjEtnnXEHsXE9IvCb92V7g,Tony Delk breaks down the difference in the 2025 and 2026 Florida guards. #MarchMadness,2026-03-23T01:13:03Z,2195,10,1
2026-03-23T18:01:46+00:00,25nXjfAtOvc,UCKjEtnnXEHsXE9IvCb92V7g,Press Conference: Louisville vs. Alabama Postgame (2026 Women's Second Round),2026-03-23T13:30:19Z,0,2,
2026-03-23T18:01:46+00:00,q7oYm4P9UKc,UCKjEtnnXEHsXE9IvCb92V7g,100 gorillas vs. Florida Final Boss? 🦍🐊 #shorts,2026-03-23T03:39:28Z,33620,342,29
2026-03-23T18:01:46+00:00,gRNQkeddOeo,UCKjEtnnXEHsXE9IvCb92V7g,“I would light this thing on fire” 🔥🤣,2026-03-23T02:03:26Z,6463,224,6
2026-03-23T18:01:46+00:00,a8PrkqVWt_s,UCKjEtnnXEHsXE9IvCb92V7g,Tony Delk breaks down the difference in the 2025 and 2026 Florida guards. #MarchMadness,2026-03-23T01:13:03Z,2196,10,1
2026-03-23T18:02:16+00:00,25nXjfAtOvc,UCKjEtnnXEHsXE9IvCb92V7g,Press Conference: Louisville vs. Alabama Postgame (2026 Women's Second Round),2026-03-23T13:30:19Z,0,2,
2026-03-23T18:02:16+00:00,q7oYm4P9UKc,UCKjEtnnXEHsXE9IvCb92V7g,100 gorillas vs. Florida Final Boss? 🦍🐊 #shorts,2026-03-23T03:39:28Z,33622,342,29
2026-03-23T18:02:16+00:00,gRNQkeddOeo,UCKjEtnnXEHsXE9IvCb92V7g,“I would light this thing on fire” 🔥🤣,2026-03-23T02:03:26Z,6463,224,6
2026-03-23T18:02:16+00:00,a8PrkqVWt_s,UCKjEtnnXEHsXE9IvCb92V7g,Tony Delk breaks down the difference in the 2025 and 2026 Florida guards. #MarchMadness,2026-03-23T01:13:03Z,2196,10,1
2026-03-23T18:02:47+00:00,25nXjfAtOvc,UCKjEtnnXEHsXE9IvCb92V7g,Press Conference: Louisville vs. Alabama Postgame (2026 Women's Second Round),2026-03-23T13:30:19Z,0,2,
2026-03-23T18:02:47+00:00,q7oYm4P9UKc,UCKjEtnnXEHsXE9IvCb92V7g,100 gorillas vs. Florida Final Boss? 🦍🐊 #shorts,2026-03-23T03:39:28Z,33622,342,29
2026-03-23T18:02:47+00:00,gRNQkeddOeo,UCKjEtnnXEHsXE9IvCb92V7g,“I would light this thing on fire” 🔥🤣,2026-03-23T02:03:26Z,6463,224,6
2026-03-23T18:02:47+00:00,a8PrkqVWt_s,UCKjEtnnXEHsXE9IvCb92V7g,Tony Delk breaks down the difference in the 2025 and 2026 Florida guards. #MarchMadness,2026-03-23T01:13:03Z,2196,10,1
2026-03-23T18:03:17+00:00,25nXjfAtOvc,UCKjEtnnXEHsXE9IvCb92V7g,Press Conference: Louisville vs. Alabama Postgame (2026 Women's Second Round),2026-03-23T13:30:19Z,0,2,
2026-03-23T18:03:17+00:00,q7oYm4P9UKc,UCKjEtnnXEHsXE9IvCb92V7g,100 gorillas vs. Florida Final Boss? 🦍🐊 #shorts,2026-03-23T03:39:28Z,33622,342,29
2026-03-23T18:03:17+00:00,gRNQkeddOeo,UCKjEtnnXEHsXE9IvCb92V7g,“I would light this thing on fire” 🔥🤣,2026-03-23T02:03:26Z,6463,224,6
2026-03-23T18:03:17+00:00,a8PrkqVWt_s,UCKjEtnnXEHsXE9IvCb92V7g,Tony Delk breaks down the difference in the 2025 and 2026 Florida guards. #MarchMadness,2026-03-23T01:13:03Z,2196,10,1
2026-03-23T18:03:48+00:00,25nXjfAtOvc,UCKjEtnnXEHsXE9IvCb92V7g,Press Conference: Louisville vs. Alabama Postgame (2026 Women's Second Round),2026-03-23T13:30:19Z,0,2,
2026-03-23T18:03:48+00:00,q7oYm4P9UKc,UCKjEtnnXEHsXE9IvCb92V7g,100 gorillas vs. Florida Final Boss? 🦍🐊 #shorts,2026-03-23T03:39:28Z,33622,343,29
2026-03-23T18:03:48+00:00,gRNQkeddOeo,UCKjEtnnXEHsXE9IvCb92V7g,“I would light this thing on fire” 🔥🤣,2026-03-23T02:03:26Z,6463,224,6
2026-03-23T18:03:48+00:00,a8PrkqVWt_s,UCKjEtnnXEHsXE9IvCb92V7g,Tony Delk breaks down the difference in the 2025 and 2026 Florida guards. #MarchMadness,2026-03-23T01:13:03Z,2196,10,1
2026-03-23T18:04:18+00:00,25nXjfAtOvc,UCKjEtnnXEHsXE9IvCb92V7g,Press Conference: Louisville vs. Alabama Postgame (2026 Women's Second Round),2026-03-23T13:30:19Z,0,2,
2026-03-23T18:04:18+00:00,q7oYm4P9UKc,UCKjEtnnXEHsXE9IvCb92V7g,100 gorillas vs. Florida Final Boss? 🦍🐊 #shorts,2026-03-23T03:39:28Z,33622,343,29
2026-03-23T18:04:18+00:00,gRNQkeddOeo,UCKjEtnnXEHsXE9IvCb92V7g,“I would light this thing on fire” 🔥🤣,2026-03-23T02:03:26Z,6502,224,6
2026-03-23T18:04:18+00:00,a8PrkqVWt_s,UCKjEtnnXEHsXE9IvCb92V7g,Tony Delk breaks down the difference in the 2025 and 2026 Florida guards. #MarchMadness,2026-03-23T01:13:03Z,2196,10,1
2026-03-23T18:04:49+00:00,25nXjfAtOvc,UCKjEtnnXEHsXE9IvCb92V7g,Press Conference: Louisville vs. Alabama Postgame (2026 Women's Second Round),2026-03-23T13:30:19Z,0,2,
2026-03-23T18:04:49+00:00,q7oYm4P9UKc,UCKjEtnnXEHsXE9IvCb92V7g,100 gorillas vs. Florida Final Boss? 🦍🐊 #shorts,2026-03-23T03:39:28Z,33622,343,29
2026-03-23T18:04:49+00:00,gRNQkeddOeo,UCKjEtnnXEHsXE9IvCb92V7g,“I would light this thing on fire” 🔥🤣,2026-03-23T02:03:26Z,6502,224,6
2026-03-23T18:04:49+00:00,a8PrkqVWt_s,UCKjEtnnXEHsXE9IvCb92V7g,Tony Delk breaks down the difference in the 2025 and 2026 Florida guards. #MarchMadness,2026-03-23T01:13:03Z,2196,10,1
2026-03-23T18:05:20+00:00,25nXjfAtOvc,UCKjEtnnXEHsXE9IvCb92V7g,Press Conference: Louisville vs. Alabama Postgame (2026 Women's Second Round),2026-03-23T13:30:19Z,0,2,
2026-03-23T18:05:20+00:00,q7oYm4P9UKc,UCKjEtnnXEHsXE9IvCb92V7g,100 gorillas vs. Florida Final Boss? 🦍🐊 #shorts,2026-03-23T03:39:28Z,33622,343,29
2026-03-23T18:05:20+00:00,gRNQkeddOeo,UCKjEtnnXEHsXE9IvCb92V7g,“I would light this thing on fire” 🔥🤣,2026-03-23T02:03:26Z,6502,224,6
2026-03-23T18:05:20+00:00,a8PrkqVWt_s,UCKjEtnnXEHsXE9IvCb92V7g,Tony Delk breaks down the difference in the 2025 and 2026 Florida guards. #MarchMadness,2026-03-23T01:13:03Z,2196,10,1
2026-03-23T18:05:50+00:00,25nXjfAtOvc,UCKjEtnnXEHsXE9IvCb92V7g,Press Conference: Louisville vs. Alabama Postgame (2026 Women's Second Round),2026-03-23T13:30:19Z,0,2,
2026-03-23T18:05:50+00:00,q7oYm4P9UKc,UCKjEtnnXEHsXE9IvCb92V7g,100 gorillas vs. Florida Final Boss? 🦍🐊 #shorts,2026-03-23T03:39:28Z,33622,343,29
2026-03-23T18:05:50+00:00,gRNQkeddOeo,UCKjEtnnXEHsXE9IvCb92V7g,“I would light this thing on fire” 🔥🤣,2026-03-23T02:03:26Z,6502,224,6
2026-03-23T18:05:50+00:00,a8PrkqVWt_s,UCKjEtnnXEHsXE9IvCb92V7g,Tony Delk breaks down the difference in the 2025 and 2026 Florida guards. #MarchMadness,2026-03-23T01:13:03Z,2196,10,1
2026-03-23T18:06:21+00:00,25nXjfAtOvc,UCKjEtnnXEHsXE9IvCb92V7g,Press Conference: Louisville vs. Alabama Postgame (2026 Women's Second Round),2026-03-23T13:30:19Z,0,2,
2026-03-23T18:06:21+00:00,q7oYm4P9UKc,UCKjEtnnXEHsXE9IvCb92V7g,100 gorillas vs. Florida Final Boss? 🦍🐊 #shorts,2026-03-23T03:39:28Z,33622,343,29
2026-03-23T18:06:21+00:00,gRNQkeddOeo,UCKjEtnnXEHsXE9IvCb92V7g,“I would light this thing on fire” 🔥🤣,2026-03-23T02:03:26Z,6502,224,6
2026-03-23T18:06:21+00:00,a8PrkqVWt_s,UCKjEtnnXEHsXE9IvCb92V7g,Tony Delk breaks down the difference in the 2025 and 2026 Florida guards. #MarchMadness,2026-03-23T01:13:03Z,2198,10,1
2026-03-23T18:06:51+00:00,25nXjfAtOvc,UCKjEtnnXEHsXE9IvCb92V7g,Press Conference: Louisville vs. Alabama Postgame (2026 Women's Second Round),2026-03-23T13:30:19Z,0,2,
2026-03-23T18:06:51+00:00,q7oYm4P9UKc,UCKjEtnnXEHsXE9IvCb92V7g,100 gorillas vs. Florida Final Boss? 🦍🐊 #shorts,2026-03-23T03:39:28Z,33758,343,29
2026-03-23T18:06:51+00:00,gRNQkeddOeo,UCKjEtnnXEHsXE9IvCb92V7g,“I would light this thing on fire” 🔥🤣,2026-03-23T02:03:26Z,6502,224,6
2026-03-23T18:06:51+00:00,a8PrkqVWt_s,UCKjEtnnXEHsXE9IvCb92V7g,Tony Delk breaks down the difference in the 2025 and 2026 Florida guards. #MarchMadness,2026-03-23T01:13:03Z,2198,10,1
2026-03-23T18:07:22+00:00,25nXjfAtOvc,UCKjEtnnXEHsXE9IvCb92V7g,Press Conference: Louisville vs. Alabama Postgame (2026 Women's Second Round),2026-03-23T13:30:19Z,0,2,
2026-03-23T18:07:22+00:00,q7oYm4P9UKc,UCKjEtnnXEHsXE9IvCb92V7g,100 gorillas vs. Florida Final Boss? 🦍🐊 #shorts,2026-03-23T03:39:28Z,33758,343,29
2026-03-23T18:07:22+00:00,gRNQkeddOeo,UCKjEtnnXEHsXE9IvCb92V7g,“I would light this thing on fire” 🔥🤣,2026-03-23T02:03:26Z,6502,224,6
2026-03-23T18:07:22+00:00,a8PrkqVWt_s,UCKjEtnnXEHsXE9IvCb92V7g,Tony Delk breaks down the difference in the 2025 and 2026 Florida guards. #MarchMadness,2026-03-23T01:13:03Z,2199,10,1
2026-03-23T18:07:53+00:00,25nXjfAtOvc,UCKjEtnnXEHsXE9IvCb92V7g,Press Conference: Louisville vs. Alabama Postgame (2026 Women's Second Round),2026-03-23T13:30:19Z,0,2,
2026-03-23T18:07:53+00:00,q7oYm4P9UKc,UCKjEtnnXEHsXE9IvCb92V7g,100 gorillas vs. Florida Final Boss? 🦍🐊 #shorts,2026-03-23T03:39:28Z,33758,343,30
2026-03-23T18:07:53+00:00,gRNQkeddOeo,UCKjEtnnXEHsXE9IvCb92V7g,“I would light this thing on fire” 🔥🤣,2026-03-23T02:03:26Z,6502,224,6
2026-03-23T18:07:53+00:00,a8PrkqVWt_s,UCKjEtnnXEHsXE9IvCb92V7g,Tony Delk breaks down the difference in the 2025 and 2026 Florida guards. #MarchMadness,2026-03-23T01:13:03Z,2199,10,1
2026-03-23T18:08:24+00:00,25nXjfAtOvc,UCKjEtnnXEHsXE9IvCb92V7g,Press Conference: Louisville vs. Alabama Postgame (2026 Women's Second Round),2026-03-23T13:30:19Z,0,2,
2026-03-23T18:08:24+00:00,q7oYm4P9UKc,UCKjEtnnXEHsXE9IvCb92V7g,100 gorillas vs. Florida Final Boss? 🦍🐊 #shorts,2026-03-23T03:39:28Z,33758,344,30
2026-03-23T18:08:24+00:00,gRNQkeddOeo,UCKjEtnnXEHsXE9IvCb92V7g,“I would light this thing on fire” 🔥🤣,2026-03-23T02:03:26Z,6502,224,6
2026-03-23T18:08:24+00:00,a8PrkqVWt_s,UCKjEtnnXEHsXE9IvCb92V7g,Tony Delk breaks down the difference in the 2025 and 2026 Florida guards. #MarchMadness,2026-03-23T01:13:03Z,2199,10,1
2026-03-23T18:08:55+00:00,25nXjfAtOvc,UCKjEtnnXEHsXE9IvCb92V7g,Press Conference: Louisville vs. Alabama Postgame (2026 Women's Second Round),2026-03-23T13:30:19Z,0,2,
2026-03-23T18:08:55+00:00,q7oYm4P9UKc,UCKjEtnnXEHsXE9IvCb92V7g,100 gorillas vs. Florida Final Boss? 🦍🐊 #shorts,2026-03-23T03:39:28Z,33758,345,30
2026-03-23T18:08:55+00:00,gRNQkeddOeo,UCKjEtnnXEHsXE9IvCb92V7g,“I would light this thing on fire” 🔥🤣,2026-03-23T02:03:26Z,6502,224,6
2026-03-23T18:08:55+00:00,a8PrkqVWt_s,UCKjEtnnXEHsXE9IvCb92V7g,Tony Delk breaks down the difference in the 2025 and 2026 Florida guards. #MarchMadness,2026-03-23T01:13:03Z,2199,10,1
2026-03-23T18:09:25+00:00,25nXjfAtOvc,UCKjEtnnXEHsXE9IvCb92V7g,Press Conference: Louisville vs. Alabama Postgame (2026 Women's Second Round),2026-03-23T13:30:19Z,0,2,
2026-03-23T18:09:25+00:00,q7oYm4P9UKc,UCKjEtnnXEHsXE9IvCb92V7g,100 gorillas vs. Florida Final Boss? 🦍🐊 #shorts,2026-03-23T03:39:28Z,33758,345,30
2026-03-23T18:09:25+00:00,gRNQkeddOeo,UCKjEtnnXEHsXE9IvCb92V7g,“I would light this thing on fire” 🔥🤣,2026-03-23T02:03:26Z,6529,224,6
2026-03-23T18:09:25+00:00,a8PrkqVWt_s,UCKjEtnnXEHsXE9IvCb92V7g,Tony Delk breaks down the difference in the 2025 and 2026 Florida guards. #MarchMadness,2026-03-23T01:13:03Z,2199,10,1
2026-03-23T18:09:56+00:00,25nXjfAtOvc,UCKjEtnnXEHsXE9IvCb92V7g,Press Conference: Louisville vs. Alabama Postgame (2026 Women's Second Round),2026-03-23T13:30:19Z,0,2,
2026-03-23T18:09:56+00:00,q7oYm4P9UKc,UCKjEtnnXEHsXE9IvCb92V7g,100 gorillas vs. Florida Final Boss? 🦍🐊 #shorts,2026-03-23T03:39:28Z,33758,345,30
2026-03-23T18:09:56+00:00,gRNQkeddOeo,UCKjEtnnXEHsXE9IvCb92V7g,“I would light this thing on fire” 🔥🤣,2026-03-23T02:03:26Z,6531,224,6
2026-03-23T18:09:56+00:00,a8PrkqVWt_s,UCKjEtnnXEHsXE9IvCb92V7g,Tony Delk breaks down the difference in the 2025 and 2026 Florida guards. #MarchMadness,2026-03-23T01:13:03Z,2199,10,1
2026-03-23T18:10:27+00:00,25nXjfAtOvc,UCKjEtnnXEHsXE9IvCb92V7g,Press Conference: Louisville vs. Alabama Postgame (2026 Women's Second Round),2026-03-23T13:30:19Z,0,2,
2026-03-23T18:10:27+00:00,q7oYm4P9UKc,UCKjEtnnXEHsXE9IvCb92V7g,100 gorillas vs. Florida Final Boss? 🦍🐊 #shorts,2026-03-23T03:39:28Z,33758,345,30
2026-03-23T18:10:27+00:00,gRNQkeddOeo,UCKjEtnnXEHsXE9IvCb92V7g,“I would light this thing on fire” 🔥🤣,2026-03-23T02:03:26Z,6531,224,6
2026-03-23T18:10:27+00:00,a8PrkqVWt_s,UCKjEtnnXEHsXE9IvCb92V7g,Tony Delk breaks down the difference in the 2025 and 2026 Florida guards. #MarchMadness,2026-03-23T01:13:03Z,2199,10,1
2026-03-23T18:10:58+00:00,25nXjfAtOvc,UCKjEtnnXEHsXE9IvCb92V7g,Press Conference: Louisville vs. Alabama Postgame (2026 Women's Second Round),2026-03-23T13:30:19Z,0,2,
2026-03-23T18:10:58+00:00,q7oYm4P9UKc,UCKjEtnnXEHsXE9IvCb92V7g,100 gorillas vs. Florida Final Boss? 🦍🐊 #shorts,2026-03-23T03:39:28Z,33758,346,30
2026-03-23T18:10:58+00:00,gRNQkeddOeo,UCKjEtnnXEHsXE9IvCb92V7g,“I would light this thing on fire” 🔥🤣,2026-03-23T02:03:26Z,6531,224,6
2026-03-23T18:10:58+00:00,a8PrkqVWt_s,UCKjEtnnXEHsXE9IvCb92V7g,Tony Delk breaks down the difference in the 2025 and 2026 Florida guards. #MarchMadness,2026-03-23T01:13:03Z,2199,10,1
2026-03-23T18:11:29+00:00,25nXjfAtOvc,UCKjEtnnXEHsXE9IvCb92V7g,Press Conference: Louisville vs. Alabama Postgame (2026 Women's Second Round),2026-03-23T13:30:19Z,0,2,
2026-03-23T18:11:29+00:00,q7oYm4P9UKc,UCKjEtnnXEHsXE9IvCb92V7g,100 gorillas vs. Florida Final Boss? 🦍🐊 #shorts,2026-03-23T03:39:28Z,33938,346,30
2026-03-23T18:11:29+00:00,gRNQkeddOeo,UCKjEtnnXEHsXE9IvCb92V7g,“I would light this thing on fire” 🔥🤣,2026-03-23T02:03:26Z,6531,224,6
2026-03-23T18:11:29+00:00,a8PrkqVWt_s,UCKjEtnnXEHsXE9IvCb92V7g,Tony Delk breaks down the difference in the 2025 and 2026 Florida guards. #MarchMadness,2026-03-23T01:13:03Z,2200,10,1
2026-03-23T18:12:00+00:00,25nXjfAtOvc,UCKjEtnnXEHsXE9IvCb92V7g,Press Conference: Louisville vs. Alabama Postgame (2026 Women's Second Round),2026-03-23T13:30:19Z,0,2,
2026-03-23T18:12:00+00:00,q7oYm4P9UKc,UCKjEtnnXEHsXE9IvCb92V7g,100 gorillas vs. Florida Final Boss? 🦍🐊 #shorts,2026-03-23T03:39:28Z,33938,346,30
2026-03-23T18:12:00+00:00,gRNQkeddOeo,UCKjEtnnXEHsXE9IvCb92V7g,“I would light this thing on fire” 🔥🤣,2026-03-23T02:03:26Z,6531,224,6
2026-03-23T18:12:00+00:00,a8PrkqVWt_s,UCKjEtnnXEHsXE9IvCb92V7g,Tony Delk breaks down the difference in the 2025 and 2026 Florida guards. #MarchMadness,2026-03-23T01:13:03Z,2200,10,1
2026-03-23T18:12:31+00:00,25nXjfAtOvc,UCKjEtnnXEHsXE9IvCb92V7g,Press Conference: Louisville vs. Alabama Postgame (2026 Women's Second Round),2026-03-23T13:30:19Z,0,2,
2026-03-23T18:12:31+00:00,q7oYm4P9UKc,UCKjEtnnXEHsXE9IvCb92V7g,100 gorillas vs. Florida Final Boss? 🦍🐊 #shorts,2026-03-23T03:39:28Z,33938,346,30
2026-03-23T18:12:31+00:00,gRNQkeddOeo,UCKjEtnnXEHsXE9IvCb92V7g,“I would light this thing on fire” 🔥🤣,2026-03-23T02:03:26Z,6531,224,6
2026-03-23T18:12:31+00:00,a8PrkqVWt_s,UCKjEtnnXEHsXE9IvCb92V7g,Tony Delk breaks down the difference in the 2025 and 2026 Florida guards. #MarchMadness,2026-03-23T01:13:03Z,2200,10,1
2026-03-23T18:13:02+00:00,25nXjfAtOvc,UCKjEtnnXEHsXE9IvCb92V7g,Press Conference: Louisville vs. Alabama Postgame (2026 Women's Second Round),2026-03-23T13:30:19Z,0,2,
2026-03-23T18:13:02+00:00,q7oYm4P9UKc,UCKjEtnnXEHsXE9IvCb92V7g,100 gorillas vs. Florida Final Boss? 🦍🐊 #shorts,2026-03-23T03:39:28Z,33938,346,30
2026-03-23T18:13:02+00:00,gRNQkeddOeo,UCKjEtnnXEHsXE9IvCb92V7g,“I would light this thing on fire” 🔥🤣,2026-03-23T02:03:26Z,6531,224,6
2026-03-23T18:13:02+00:00,a8PrkqVWt_s,UCKjEtnnXEHsXE9IvCb92V7g,Tony Delk breaks down the difference in the 2025 and 2026 Florida guards. #MarchMadness,2026-03-23T01:13:03Z,2200,10,1
2026-03-23T18:13:33+00:00,25nXjfAtOvc,UCKjEtnnXEHsXE9IvCb92V7g,Press Conference: Louisville vs. Alabama Postgame (2026 Women's Second Round),2026-03-23T13:30:19Z,0,2,
2026-03-23T18:13:33+00:00,q7oYm4P9UKc,UCKjEtnnXEHsXE9IvCb92V7g,100 gorillas vs. Florida Final Boss? 🦍🐊 #shorts,2026-03-23T03:39:28Z,33938,346,30
2026-03-23T18:13:33+00:00,gRNQkeddOeo,UCKjEtnnXEHsXE9IvCb92V7g,“I would light this thing on fire” 🔥🤣,2026-03-23T02:03:26Z,6531,224,6
2026-03-23T18:13:33+00:00,a8PrkqVWt_s,UCKjEtnnXEHsXE9IvCb92V7g,Tony Delk breaks down the difference in the 2025 and 2026 Florida guards. #MarchMadness,2026-03-23T01:13:03Z,2200,10,1
2026-03-23T18:14:03+00:00,25nXjfAtOvc,UCKjEtnnXEHsXE9IvCb92V7g,Press Conference: Louisville vs. Alabama Postgame (2026 Women's Second Round),2026-03-23T13:30:19Z,0,2,
2026-03-23T18:14:03+00:00,q7oYm4P9UKc,UCKjEtnnXEHsXE9IvCb92V7g,100 gorillas vs. Florida Final Boss? 🦍🐊 #shorts,2026-03-23T03:39:28Z,33938,346,30
2026-03-23T18:14:03+00:00,gRNQkeddOeo,UCKjEtnnXEHsXE9IvCb92V7g,“I would light this thing on fire” 🔥🤣,2026-03-23T02:03:26Z,6554,224,6
2026-03-23T18:14:03+00:00,a8PrkqVWt_s,UCKjEtnnXEHsXE9IvCb92V7g,Tony Delk breaks down the difference in the 2025 and 2026 Florida guards. #MarchMadness,2026-03-23T01:13:03Z,2200,10,1
2026-03-23T18:14:34+00:00,25nXjfAtOvc,UCKjEtnnXEHsXE9IvCb92V7g,Press Conference: Louisville vs. Alabama Postgame (2026 Women's Second Round),2026-03-23T13:30:19Z,0,2,
2026-03-23T18:14:34+00:00,q7oYm4P9UKc,UCKjEtnnXEHsXE9IvCb92V7g,100 gorillas vs. Florida Final Boss? 🦍🐊 #shorts,2026-03-23T03:39:28Z,33938,346,30
2026-03-23T18:14:34+00:00,gRNQkeddOeo,UCKjEtnnXEHsXE9IvCb92V7g,“I would light this thing on fire” 🔥🤣,2026-03-23T02:03:26Z,6573,224,6
2026-03-23T18:14:34+00:00,a8PrkqVWt_s,UCKjEtnnXEHsXE9IvCb92V7g,Tony Delk breaks down the difference in the 2025 and 2026 Florida guards. #MarchMadness,2026-03-23T01:13:03Z,2200,10,1
2026-03-23T18:15:05+00:00,25nXjfAtOvc,UCKjEtnnXEHsXE9IvCb92V7g,Press Conference: Louisville vs. Alabama Postgame (2026 Women's Second Round),2026-03-23T13:30:19Z,0,2,
2026-03-23T18:15:05+00:00,q7oYm4P9UKc,UCKjEtnnXEHsXE9IvCb92V7g,100 gorillas vs. Florida Final Boss? 🦍🐊 #shorts,2026-03-23T03:39:28Z,33938,346,30
2026-03-23T18:15:05+00:00,gRNQkeddOeo,UCKjEtnnXEHsXE9IvCb92V7g,“I would light this thing on fire” 🔥🤣,2026-03-23T02:03:26Z,6573,224,6
2026-03-23T18:15:05+00:00,a8PrkqVWt_s,UCKjEtnnXEHsXE9IvCb92V7g,Tony Delk breaks down the difference in the 2025 and 2026 Florida guards. #MarchMadness,2026-03-23T01:13:03Z,2200,10,1
2026-03-23T18:15:35+00:00,25nXjfAtOvc,UCKjEtnnXEHsXE9IvCb92V7g,Press Conference: Louisville vs. Alabama Postgame (2026 Women's Second Round),2026-03-23T13:30:19Z,0,2,
2026-03-23T18:15:35+00:00,q7oYm4P9UKc,UCKjEtnnXEHsXE9IvCb92V7g,100 gorillas vs. Florida Final Boss? 🦍🐊 #shorts,2026-03-23T03:39:28Z,33938,346,30
2026-03-23T18:15:35+00:00,gRNQkeddOeo,UCKjEtnnXEHsXE9IvCb92V7g,“I would light this thing on fire” 🔥🤣,2026-03-23T02:03:26Z,6573,224,6
2026-03-23T18:15:35+00:00,a8PrkqVWt_s,UCKjEtnnXEHsXE9IvCb92V7g,Tony Delk breaks down the difference in the 2025 and 2026 Florida guards. #MarchMadness,2026-03-23T01:13:03Z,2200,10,1
2026-03-23T18:16:06+00:00,25nXjfAtOvc,UCKjEtnnXEHsXE9IvCb92V7g,Press Conference: Louisville vs. Alabama Postgame (2026 Women's Second Round),2026-03-23T13:30:19Z,0,2,
2026-03-23T18:16:06+00:00,q7oYm4P9UKc,UCKjEtnnXEHsXE9IvCb92V7g,100 gorillas vs. Florida Final Boss? 🦍🐊 #shorts,2026-03-23T03:39:28Z,33938,346,30
2026-03-23T18:16:06+00:00,gRNQkeddOeo,UCKjEtnnXEHsXE9IvCb92V7g,“I would light this thing on fire” 🔥🤣,2026-03-23T02:03:26Z,6573,224,6
2026-03-23T18:16:06+00:00,a8PrkqVWt_s,UCKjEtnnXEHsXE9IvCb92V7g,Tony Delk breaks down the difference in the 2025 and 2026 Florida guards. #MarchMadness,2026-03-23T01:13:03Z,2200,10,1
2026-03-23T18:16:36+00:00,25nXjfAtOvc,UCKjEtnnXEHsXE9IvCb92V7g,Press Conference: Louisville vs. Alabama Postgame (2026 Women's Second Round),2026-03-23T13:30:19Z,0,2,
2026-03-23T18:16:36+00:00,q7oYm4P9UKc,UCKjEtnnXEHsXE9IvCb92V7g,100 gorillas vs. Florida Final Boss? 🦍🐊 #shorts,2026-03-23T03:39:28Z,34162,346,30
2026-03-23T18:16:36+00:00,gRNQkeddOeo,UCKjEtnnXEHsXE9IvCb92V7g,“I would light this thing on fire” 🔥🤣,2026-03-23T02:03:26Z,6573,224,6
2026-03-23T18:16:36+00:00,a8PrkqVWt_s,UCKjEtnnXEHsXE9IvCb92V7g,Tony Delk breaks down the difference in the 2025 and 2026 Florida guards. #MarchMadness,2026-03-23T01:13:03Z,2201,10,1
2026-03-23T18:17:06+00:00,25nXjfAtOvc,UCKjEtnnXEHsXE9IvCb92V7g,Press Conference: Louisville vs. Alabama Postgame (2026 Women's Second Round),2026-03-23T13:30:19Z,0,2,
2026-03-23T18:17:06+00:00,q7oYm4P9UKc,UCKjEtnnXEHsXE9IvCb92V7g,100 gorillas vs. Florida Final Boss? 🦍🐊 #shorts,2026-03-23T03:39:28Z,34162,346,30
2026-03-23T18:17:06+00:00,gRNQkeddOeo,UCKjEtnnXEHsXE9IvCb92V7g,“I would light this thing on fire” 🔥🤣,2026-03-23T02:03:26Z,6573,224,6
2026-03-23T18:17:06+00:00,a8PrkqVWt_s,UCKjEtnnXEHsXE9IvCb92V7g,Tony Delk breaks down the difference in the 2025 and 2026 Florida guards. #MarchMadness,2026-03-23T01:13:03Z,2201,10,1
2026-03-23T18:17:37+00:00,25nXjfAtOvc,UCKjEtnnXEHsXE9IvCb92V7g,Press Conference: Louisville vs. Alabama Postgame (2026 Women's Second Round),2026-03-23T13:30:19Z,0,2,
2026-03-23T18:17:37+00:00,q7oYm4P9UKc,UCKjEtnnXEHsXE9IvCb92V7g,100 gorillas vs. Florida Final Boss? 🦍🐊 #shorts,2026-03-23T03:39:28Z,34162,346,30
2026-03-23T18:17:37+00:00,gRNQkeddOeo,UCKjEtnnXEHsXE9IvCb92V7g,“I would light this thing on fire” 🔥🤣,2026-03-23T02:03:26Z,6573,224,6
2026-03-23T18:17:37+00:00,a8PrkqVWt_s,UCKjEtnnXEHsXE9IvCb92V7g,Tony Delk breaks down the difference in the 2025 and 2026 Florida guards. #MarchMadness,2026-03-23T01:13:03Z,2201,10,1
2026-03-23T18:18:08+00:00,25nXjfAtOvc,UCKjEtnnXEHsXE9IvCb92V7g,Press Conference: Louisville vs. Alabama Postgame (2026 Women's Second Round),2026-03-23T13:30:19Z,0,2,
2026-03-23T18:18:08+00:00,q7oYm4P9UKc,UCKjEtnnXEHsXE9IvCb92V7g,100 gorillas vs. Florida Final Boss? 🦍🐊 #shorts,2026-03-23T03:39:28Z,34162,347,30
2026-03-23T18:18:08+00:00,gRNQkeddOeo,UCKjEtnnXEHsXE9IvCb92V7g,“I would light this thing on fire” 🔥🤣,2026-03-23T02:03:26Z,6573,224,6
2026-03-23T18:18:08+00:00,a8PrkqVWt_s,UCKjEtnnXEHsXE9IvCb92V7g,Tony Delk breaks down the difference in the 2025 and 2026 Florida guards. #MarchMadness,2026-03-23T01:13:03Z,2201,10,1
2026-03-23T18:18:39+00:00,25nXjfAtOvc,UCKjEtnnXEHsXE9IvCb92V7g,Press Conference: Louisville vs. Alabama Postgame (2026 Women's Second Round),2026-03-23T13:30:19Z,0,2,
2026-03-23T18:18:39+00:00,q7oYm4P9UKc,UCKjEtnnXEHsXE9IvCb92V7g,100 gorillas vs. Florida Final Boss? 🦍🐊 #shorts,2026-03-23T03:39:28Z,34162,347,30
2026-03-23T18:18:39+00:00,gRNQkeddOeo,UCKjEtnnXEHsXE9IvCb92V7g,“I would light this thing on fire” 🔥🤣,2026-03-23T02:03:26Z,6573,224,6
2026-03-23T18:18:39+00:00,a8PrkqVWt_s,UCKjEtnnXEHsXE9IvCb92V7g,Tony Delk breaks down the difference in the 2025 and 2026 Florida guards. #MarchMadness,2026-03-23T01:13:03Z,2201,10,1
2026-03-23T18:19:09+00:00,25nXjfAtOvc,UCKjEtnnXEHsXE9IvCb92V7g,Press Conference: Louisville vs. Alabama Postgame (2026 Women's Second Round),2026-03-23T13:30:19Z,0,2,
2026-03-23T18:19:09+00:00,q7oYm4P9UKc,UCKjEtnnXEHsXE9IvCb92V7g,100 gorillas vs. Florida Final Boss? 🦍🐊 #shorts,2026-03-23T03:39:28Z,34162,348,30
2026-03-23T18:19:09+00:00,gRNQkeddOeo,UCKjEtnnXEHsXE9IvCb92V7g,“I would light this thing on fire” 🔥🤣,2026-03-23T02:03:26Z,6605,224,6
2026-03-23T18:19:09+00:00,a8PrkqVWt_s,UCKjEtnnXEHsXE9IvCb92V7g,Tony Delk breaks down the difference in the 2025 and 2026 Florida guards. #MarchMadness,2026-03-23T01:13:03Z,2201,10,1
2026-03-23T18:19:40+00:00,25nXjfAtOvc,UCKjEtnnXEHsXE9IvCb92V7g,Press Conference: Louisville vs. Alabama Postgame (2026 Women's Second Round),2026-03-23T13:30:19Z,0,2,
2026-03-23T18:19:40+00:00,q7oYm4P9UKc,UCKjEtnnXEHsXE9IvCb92V7g,100 gorillas vs. Florida Final Boss? 🦍🐊 #shorts,2026-03-23T03:39:28Z,34162,348,30
2026-03-23T18:19:40+00:00,gRNQkeddOeo,UCKjEtnnXEHsXE9IvCb92V7g,“I would light this thing on fire” 🔥🤣,2026-03-23T02:03:26Z,6605,224,6
2026-03-23T18:19:40+00:00,a8PrkqVWt_s,UCKjEtnnXEHsXE9IvCb92V7g,Tony Delk breaks down the difference in the 2025 and 2026 Florida guards. #MarchMadness,2026-03-23T01:13:03Z,2203,10,1
2026-03-23T18:20:11+00:00,25nXjfAtOvc,UCKjEtnnXEHsXE9IvCb92V7g,Press Conference: Louisville vs. Alabama Postgame (2026 Women's Second Round),2026-03-23T13:30:19Z,0,2,
2026-03-23T18:20:11+00:00,q7oYm4P9UKc,UCKjEtnnXEHsXE9IvCb92V7g,100 gorillas vs. Florida Final Boss? 🦍🐊 #shorts,2026-03-23T03:39:28Z,34162,348,30
2026-03-23T18:20:11+00:00,gRNQkeddOeo,UCKjEtnnXEHsXE9IvCb92V7g,“I would light this thing on fire” 🔥🤣,2026-03-23T02:03:26Z,6605,224,6
2026-03-23T18:20:11+00:00,a8PrkqVWt_s,UCKjEtnnXEHsXE9IvCb92V7g,Tony Delk breaks down the difference in the 2025 and 2026 Florida guards. #MarchMadness,2026-03-23T01:13:03Z,2203,10,1
2026-03-23T18:20:42+00:00,25nXjfAtOvc,UCKjEtnnXEHsXE9IvCb92V7g,Press Conference: Louisville vs. Alabama Postgame (2026 Women's Second Round),2026-03-23T13:30:19Z,0,2,
2026-03-23T18:20:42+00:00,q7oYm4P9UKc,UCKjEtnnXEHsXE9IvCb92V7g,100 gorillas vs. Florida Final Boss? 🦍🐊 #shorts,2026-03-23T03:39:28Z,34162,348,30
2026-03-23T18:20:42+00:00,gRNQkeddOeo,UCKjEtnnXEHsXE9IvCb92V7g,“I would light this thing on fire” 🔥🤣,2026-03-23T02:03:26Z,6605,224,6
2026-03-23T18:20:42+00:00,a8PrkqVWt_s,UCKjEtnnXEHsXE9IvCb92V7g,Tony Delk breaks down the difference in the 2025 and 2026 Florida guards. #MarchMadness,2026-03-23T01:13:03Z,2203,10,1
2026-03-23T18:21:13+00:00,25nXjfAtOvc,UCKjEtnnXEHsXE9IvCb92V7g,Press Conference: Louisville vs. Alabama Postgame (2026 Women's Second Round),2026-03-23T13:30:19Z,0,2,
2026-03-23T18:21:13+00:00,q7oYm4P9UKc,UCKjEtnnXEHsXE9IvCb92V7g,100 gorillas vs. Florida Final Boss? 🦍🐊 #shorts,2026-03-23T03:39:28Z,34373,348,30
2026-03-23T18:21:13+00:00,gRNQkeddOeo,UCKjEtnnXEHsXE9IvCb92V7g,“I would light this thing on fire” 🔥🤣,2026-03-23T02:03:26Z,6605,225,6
2026-03-23T18:21:13+00:00,a8PrkqVWt_s,UCKjEtnnXEHsXE9IvCb92V7g,Tony Delk breaks down the difference in the 2025 and 2026 Florida guards. #MarchMadness,2026-03-23T01:13:03Z,2203,10,1
2026-03-23T18:21:44+00:00,25nXjfAtOvc,UCKjEtnnXEHsXE9IvCb92V7g,Press Conference: Louisville vs. Alabama Postgame (2026 Women's Second Round),2026-03-23T13:30:19Z,0,2,
2026-03-23T18:21:44+00:00,q7oYm4P9UKc,UCKjEtnnXEHsXE9IvCb92V7g,100 gorillas vs. Florida Final Boss? 🦍🐊 #shorts,2026-03-23T03:39:28Z,34373,348,30
2026-03-23T18:21:44+00:00,gRNQkeddOeo,UCKjEtnnXEHsXE9IvCb92V7g,“I would light this thing on fire” 🔥🤣,2026-03-23T02:03:26Z,6605,225,6
2026-03-23T18:21:44+00:00,a8PrkqVWt_s,UCKjEtnnXEHsXE9IvCb92V7g,Tony Delk breaks down the difference in the 2025 and 2026 Florida guards. #MarchMadness,2026-03-23T01:13:03Z,2203,10,1
2026-03-23T18:22:15+00:00,25nXjfAtOvc,UCKjEtnnXEHsXE9IvCb92V7g,Press Conference: Louisville vs. Alabama Postgame (2026 Women's Second Round),2026-03-23T13:30:19Z,0,2,
2026-03-23T18:22:15+00:00,q7oYm4P9UKc,UCKjEtnnXEHsXE9IvCb92V7g,100 gorillas vs. Florida Final Boss? 🦍🐊 #shorts,2026-03-23T03:39:28Z,34373,348,30
2026-03-23T18:22:15+00:00,gRNQkeddOeo,UCKjEtnnXEHsXE9IvCb92V7g,“I would light this thing on fire” 🔥🤣,2026-03-23T02:03:26Z,6605,225,6
2026-03-23T18:22:15+00:00,a8PrkqVWt_s,UCKjEtnnXEHsXE9IvCb92V7g,Tony Delk breaks down the difference in the 2025 and 2026 Florida guards. #MarchMadness,2026-03-23T01:13:03Z,2203,10,1
2026-03-23T18:22:46+00:00,25nXjfAtOvc,UCKjEtnnXEHsXE9IvCb92V7g,Press Conference: Louisville vs. Alabama Postgame (2026 Women's Second Round),2026-03-23T13:30:19Z,0,2,
2026-03-23T18:22:46+00:00,q7oYm4P9UKc,UCKjEtnnXEHsXE9IvCb92V7g,100 gorillas vs. Florida Final Boss? 🦍🐊 #shorts,2026-03-23T03:39:28Z,34373,348,30
2026-03-23T18:22:46+00:00,gRNQkeddOeo,UCKjEtnnXEHsXE9IvCb92V7g,“I would light this thing on fire” 🔥🤣,2026-03-23T02:03:26Z,6605,225,6
2026-03-23T18:22:46+00:00,a8PrkqVWt_s,UCKjEtnnXEHsXE9IvCb92V7g,Tony Delk breaks down the difference in the 2025 and 2026 Florida guards. #MarchMadness,2026-03-23T01:13:03Z,2203,10,1
2026-03-23T18:23:17+00:00,25nXjfAtOvc,UCKjEtnnXEHsXE9IvCb92V7g,Press Conference: Louisville vs. Alabama Postgame (2026 Women's Second Round),2026-03-23T13:30:19Z,0,2,
2026-03-23T18:23:17+00:00,q7oYm4P9UKc,UCKjEtnnXEHsXE9IvCb92V7g,100 gorillas vs. Florida Final Boss? 🦍🐊 #shorts,2026-03-23T03:39:28Z,34373,348,30
2026-03-23T18:23:17+00:00,gRNQkeddOeo,UCKjEtnnXEHsXE9IvCb92V7g,“I would light this thing on fire” 🔥🤣,2026-03-23T02:03:26Z,6605,225,6
2026-03-23T18:23:17+00:00,a8PrkqVWt_s,UCKjEtnnXEHsXE9IvCb92V7g,Tony Delk breaks down the difference in the 2025 and 2026 Florida guards. #MarchMadness,2026-03-23T01:13:03Z,2203,10,1
2026-03-23T18:23:47+00:00,25nXjfAtOvc,UCKjEtnnXEHsXE9IvCb92V7g,Press Conference: Louisville vs. Alabama Postgame (2026 Women's Second Round),2026-03-23T13:30:19Z,0,2,
2026-03-23T18:23:47+00:00,q7oYm4P9UKc,UCKjEtnnXEHsXE9IvCb92V7g,100 gorillas vs. Florida Final Boss? 🦍🐊 #shorts,2026-03-23T03:39:28Z,34373,348,30
2026-03-23T18:23:47+00:00,gRNQkeddOeo,UCKjEtnnXEHsXE9IvCb92V7g,“I would light this thing on fire” 🔥🤣,2026-03-23T02:03:26Z,6605,225,6
2026-03-23T18:23:47+00:00,a8PrkqVWt_s,UCKjEtnnXEHsXE9IvCb92V7g,Tony Delk breaks down the difference in the 2025 and 2026 Florida guards. #MarchMadness,2026-03-23T01:13:03Z,2208,10,1
2026-03-23T18:24:17+00:00,25nXjfAtOvc,UCKjEtnnXEHsXE9IvCb92V7g,Press Conference: Louisville vs. Alabama Postgame (2026 Women's Second Round),2026-03-23T13:30:19Z,0,2,
2026-03-23T18:24:17+00:00,q7oYm4P9UKc,UCKjEtnnXEHsXE9IvCb92V7g,100 gorillas vs. Florida Final Boss? 🦍🐊 #shorts,2026-03-23T03:39:28Z,34373,348,30
2026-03-23T18:24:17+00:00,gRNQkeddOeo,UCKjEtnnXEHsXE9IvCb92V7g,“I would light this thing on fire” 🔥🤣,2026-03-23T02:03:26Z,6660,225,6
2026-03-23T18:24:17+00:00,a8PrkqVWt_s,UCKjEtnnXEHsXE9IvCb92V7g,Tony Delk breaks down the difference in the 2025 and 2026 Florida guards. #MarchMadness,2026-03-23T01:13:03Z,2208,10,1
2026-03-23T18:24:48+00:00,25nXjfAtOvc,UCKjEtnnXEHsXE9IvCb92V7g,Press Conference: Louisville vs. Alabama Postgame (2026 Women's Second Round),2026-03-23T13:30:19Z,0,2,
2026-03-23T18:24:48+00:00,q7oYm4P9UKc,UCKjEtnnXEHsXE9IvCb92V7g,100 gorillas vs. Florida Final Boss? 🦍🐊 #shorts,2026-03-23T03:39:28Z,34373,348,30
2026-03-23T18:24:48+00:00,gRNQkeddOeo,UCKjEtnnXEHsXE9IvCb92V7g,“I would light this thing on fire” 🔥🤣,2026-03-23T02:03:26Z,6660,225,6
2026-03-23T18:24:48+00:00,a8PrkqVWt_s,UCKjEtnnXEHsXE9IvCb92V7g,Tony Delk breaks down the difference in the 2025 and 2026 Florida guards. #MarchMadness,2026-03-23T01:13:03Z,2208,10,1
2026-03-23T18:25:19+00:00,25nXjfAtOvc,UCKjEtnnXEHsXE9IvCb92V7g,Press Conference: Louisville vs. Alabama Postgame (2026 Women's Second Round),2026-03-23T13:30:19Z,0,2,
2026-03-23T18:25:19+00:00,q7oYm4P9UKc,UCKjEtnnXEHsXE9IvCb92V7g,100 gorillas vs. Florida Final Boss? 🦍🐊 #shorts,2026-03-23T03:39:28Z,34373,348,30
2026-03-23T18:25:19+00:00,gRNQkeddOeo,UCKjEtnnXEHsXE9IvCb92V7g,“I would light this thing on fire” 🔥🤣,2026-03-23T02:03:26Z,6661,225,6
2026-03-23T18:25:19+00:00,a8PrkqVWt_s,UCKjEtnnXEHsXE9IvCb92V7g,Tony Delk breaks down the difference in the 2025 and 2026 Florida guards. #MarchMadness,2026-03-23T01:13:03Z,2208,10,1
2026-03-23T18:25:50+00:00,25nXjfAtOvc,UCKjEtnnXEHsXE9IvCb92V7g,Press Conference: Louisville vs. Alabama Postgame (2026 Women's Second Round),2026-03-23T13:30:19Z,0,2,
2026-03-23T18:25:50+00:00,q7oYm4P9UKc,UCKjEtnnXEHsXE9IvCb92V7g,100 gorillas vs. Florida Final Boss? 🦍🐊 #shorts,2026-03-23T03:39:28Z,34373,348,30
2026-03-23T18:25:50+00:00,gRNQkeddOeo,UCKjEtnnXEHsXE9IvCb92V7g,“I would light this thing on fire” 🔥🤣,2026-03-23T02:03:26Z,6661,225,6
2026-03-23T18:25:50+00:00,a8PrkqVWt_s,UCKjEtnnXEHsXE9IvCb92V7g,Tony Delk breaks down the difference in the 2025 and 2026 Florida guards. #MarchMadness,2026-03-23T01:13:03Z,2208,10,1
2026-03-23T18:26:21+00:00,25nXjfAtOvc,UCKjEtnnXEHsXE9IvCb92V7g,Press Conference: Louisville vs. Alabama Postgame (2026 Women's Second Round),2026-03-23T13:30:19Z,0,2,
2026-03-23T18:26:21+00:00,q7oYm4P9UKc,UCKjEtnnXEHsXE9IvCb92V7g,100 gorillas vs. Florida Final Boss? 🦍🐊 #shorts,2026-03-23T03:39:28Z,34561,348,30
2026-03-23T18:26:21+00:00,gRNQkeddOeo,UCKjEtnnXEHsXE9IvCb92V7g,“I would light this thing on fire” 🔥🤣,2026-03-23T02:03:26Z,6661,225,6
2026-03-23T18:26:21+00:00,a8PrkqVWt_s,UCKjEtnnXEHsXE9IvCb92V7g,Tony Delk breaks down the difference in the 2025 and 2026 Florida guards. #MarchMadness,2026-03-23T01:13:03Z,2208,10,1
2026-03-23T18:26:52+00:00,25nXjfAtOvc,UCKjEtnnXEHsXE9IvCb92V7g,Press Conference: Louisville vs. Alabama Postgame (2026 Women's Second Round),2026-03-23T13:30:19Z,0,2,
2026-03-23T18:26:52+00:00,q7oYm4P9UKc,UCKjEtnnXEHsXE9IvCb92V7g,100 gorillas vs. Florida Final Boss? 🦍🐊 #shorts,2026-03-23T03:39:28Z,34568,348,30
2026-03-23T18:26:52+00:00,gRNQkeddOeo,UCKjEtnnXEHsXE9IvCb92V7g,“I would light this thing on fire” 🔥🤣,2026-03-23T02:03:26Z,6661,225,6
2026-03-23T18:26:52+00:00,a8PrkqVWt_s,UCKjEtnnXEHsXE9IvCb92V7g,Tony Delk breaks down the difference in the 2025 and 2026 Florida guards. #MarchMadness,2026-03-23T01:13:03Z,2210,10,1
2026-03-23T18:27:23+00:00,25nXjfAtOvc,UCKjEtnnXEHsXE9IvCb92V7g,Press Conference: Louisville vs. Alabama Postgame (2026 Women's Second Round),2026-03-23T13:30:19Z,0,2,
2026-03-23T18:27:23+00:00,q7oYm4P9UKc,UCKjEtnnXEHsXE9IvCb92V7g,100 gorillas vs. Florida Final Boss? 🦍🐊 #shorts,2026-03-23T03:39:28Z,34568,349,30
2026-03-23T18:27:23+00:00,gRNQkeddOeo,UCKjEtnnXEHsXE9IvCb92V7g,“I would light this thing on fire” 🔥🤣,2026-03-23T02:03:26Z,6661,225,6
2026-03-23T18:27:23+00:00,a8PrkqVWt_s,UCKjEtnnXEHsXE9IvCb92V7g,Tony Delk breaks down the difference in the 2025 and 2026 Florida guards. #MarchMadness,2026-03-23T01:13:03Z,2211,10,1
2026-03-23T18:27:54+00:00,25nXjfAtOvc,UCKjEtnnXEHsXE9IvCb92V7g,Press Conference: Louisville vs. Alabama Postgame (2026 Women's Second Round),2026-03-23T13:30:19Z,0,2,
2026-03-23T18:27:54+00:00,q7oYm4P9UKc,UCKjEtnnXEHsXE9IvCb92V7g,100 gorillas vs. Florida Final Boss? 🦍🐊 #shorts,2026-03-23T03:39:28Z,34568,349,30
2026-03-23T18:27:54+00:00,gRNQkeddOeo,UCKjEtnnXEHsXE9IvCb92V7g,“I would light this thing on fire” 🔥🤣,2026-03-23T02:03:26Z,6661,225,6
2026-03-23T18:27:54+00:00,a8PrkqVWt_s,UCKjEtnnXEHsXE9IvCb92V7g,Tony Delk breaks down the difference in the 2025 and 2026 Florida guards. #MarchMadness,2026-03-23T01:13:03Z,2211,10,1
2026-03-23T18:28:25+00:00,25nXjfAtOvc,UCKjEtnnXEHsXE9IvCb92V7g,Press Conference: Louisville vs. Alabama Postgame (2026 Women's Second Round),2026-03-23T13:30:19Z,0,2,
2026-03-23T18:28:25+00:00,q7oYm4P9UKc,UCKjEtnnXEHsXE9IvCb92V7g,100 gorillas vs. Florida Final Boss? 🦍🐊 #shorts,2026-03-23T03:39:28Z,34568,349,30
2026-03-23T18:28:25+00:00,gRNQkeddOeo,UCKjEtnnXEHsXE9IvCb92V7g,“I would light this thing on fire” 🔥🤣,2026-03-23T02:03:26Z,6661,226,6
2026-03-23T18:28:25+00:00,a8PrkqVWt_s,UCKjEtnnXEHsXE9IvCb92V7g,Tony Delk breaks down the difference in the 2025 and 2026 Florida guards. #MarchMadness,2026-03-23T01:13:03Z,2211,11,1
2026-03-23T18:28:56+00:00,25nXjfAtOvc,UCKjEtnnXEHsXE9IvCb92V7g,Press Conference: Louisville vs. Alabama Postgame (2026 Women's Second Round),2026-03-23T13:30:19Z,0,2,
2026-03-23T18:28:56+00:00,q7oYm4P9UKc,UCKjEtnnXEHsXE9IvCb92V7g,100 gorillas vs. Florida Final Boss? 🦍🐊 #shorts,2026-03-23T03:39:28Z,34568,349,30
2026-03-23T18:28:56+00:00,gRNQkeddOeo,UCKjEtnnXEHsXE9IvCb92V7g,“I would light this thing on fire” 🔥🤣,2026-03-23T02:03:26Z,6661,226,6
2026-03-23T18:28:56+00:00,a8PrkqVWt_s,UCKjEtnnXEHsXE9IvCb92V7g,Tony Delk breaks down the difference in the 2025 and 2026 Florida guards. #MarchMadness,2026-03-23T01:13:03Z,2211,11,1
2026-03-23T18:29:27+00:00,25nXjfAtOvc,UCKjEtnnXEHsXE9IvCb92V7g,Press Conference: Louisville vs. Alabama Postgame (2026 Women's Second Round),2026-03-23T13:30:19Z,0,2,
2026-03-23T18:29:27+00:00,q7oYm4P9UKc,UCKjEtnnXEHsXE9IvCb92V7g,100 gorillas vs. Florida Final Boss? 🦍🐊 #shorts,2026-03-23T03:39:28Z,34568,349,30
2026-03-23T18:29:27+00:00,gRNQkeddOeo,UCKjEtnnXEHsXE9IvCb92V7g,“I would light this thing on fire” 🔥🤣,2026-03-23T02:03:26Z,6661,226,6
2026-03-23T18:29:27+00:00,a8PrkqVWt_s,UCKjEtnnXEHsXE9IvCb92V7g,Tony Delk breaks down the difference in the 2025 and 2026 Florida guards. #MarchMadness,2026-03-23T01:13:03Z,2211,11,1
2026-03-23T18:29:58+00:00,25nXjfAtOvc,UCKjEtnnXEHsXE9IvCb92V7g,Press Conference: Louisville vs. Alabama Postgame (2026 Women's Second Round),2026-03-23T13:30:19Z,0,2,
2026-03-23T18:29:58+00:00,q7oYm4P9UKc,UCKjEtnnXEHsXE9IvCb92V7g,100 gorillas vs. Florida Final Boss? 🦍🐊 #shorts,2026-03-23T03:39:28Z,34568,350,30
2026-03-23T18:29:58+00:00,gRNQkeddOeo,UCKjEtnnXEHsXE9IvCb92V7g,“I would light this thing on fire” 🔥🤣,2026-03-23T02:03:26Z,6699,226,6
2026-03-23T18:29:58+00:00,a8PrkqVWt_s,UCKjEtnnXEHsXE9IvCb92V7g,Tony Delk breaks down the difference in the 2025 and 2026 Florida guards. #MarchMadness,2026-03-23T01:13:03Z,2211,11,1
2026-03-23T18:30:28+00:00,25nXjfAtOvc,UCKjEtnnXEHsXE9IvCb92V7g,Press Conference: Louisville vs. Alabama Postgame (2026 Women's Second Round),2026-03-23T13:30:19Z,0,2,
2026-03-23T18:30:28+00:00,q7oYm4P9UKc,UCKjEtnnXEHsXE9IvCb92V7g,100 gorillas vs. Florida Final Boss? 🦍🐊 #shorts,2026-03-23T03:39:28Z,34568,351,30
2026-03-23T18:30:28+00:00,gRNQkeddOeo,UCKjEtnnXEHsXE9IvCb92V7g,“I would light this thing on fire” 🔥🤣,2026-03-23T02:03:26Z,6699,226,6
2026-03-23T18:30:28+00:00,a8PrkqVWt_s,UCKjEtnnXEHsXE9IvCb92V7g,Tony Delk breaks down the difference in the 2025 and 2026 Florida guards. #MarchMadness,2026-03-23T01:13:03Z,2211,11,1
2026-03-23T18:30:59+00:00,25nXjfAtOvc,UCKjEtnnXEHsXE9IvCb92V7g,Press Conference: Louisville vs. Alabama Postgame (2026 Women's Second Round),2026-03-23T13:30:19Z,0,2,
2026-03-23T18:30:59+00:00,q7oYm4P9UKc,UCKjEtnnXEHsXE9IvCb92V7g,100 gorillas vs. Florida Final Boss? 🦍🐊 #shorts,2026-03-23T03:39:28Z,34568,351,30
2026-03-23T18:30:59+00:00,gRNQkeddOeo,UCKjEtnnXEHsXE9IvCb92V7g,“I would light this thing on fire” 🔥🤣,2026-03-23T02:03:26Z,6699,226,6
2026-03-23T18:30:59+00:00,a8PrkqVWt_s,UCKjEtnnXEHsXE9IvCb92V7g,Tony Delk breaks down the difference in the 2025 and 2026 Florida guards. #MarchMadness,2026-03-23T01:13:03Z,2211,11,1
2026-03-23T18:31:29+00:00,25nXjfAtOvc,UCKjEtnnXEHsXE9IvCb92V7g,Press Conference: Louisville vs. Alabama Postgame (2026 Women's Second Round),2026-03-23T13:30:19Z,4,2,
2026-03-23T18:31:29+00:00,q7oYm4P9UKc,UCKjEtnnXEHsXE9IvCb92V7g,100 gorillas vs. Florida Final Boss? 🦍🐊 #shorts,2026-03-23T03:39:28Z,34670,351,30
2026-03-23T18:31:29+00:00,gRNQkeddOeo,UCKjEtnnXEHsXE9IvCb92V7g,“I would light this thing on fire” 🔥🤣,2026-03-23T02:03:26Z,6699,226,6
2026-03-23T18:31:29+00:00,a8PrkqVWt_s,UCKjEtnnXEHsXE9IvCb92V7g,Tony Delk breaks down the difference in the 2025 and 2026 Florida guards. #MarchMadness,2026-03-23T01:13:03Z,2213,11,1
2026-03-23T18:32:00+00:00,25nXjfAtOvc,UCKjEtnnXEHsXE9IvCb92V7g,Press Conference: Louisville vs. Alabama Postgame (2026 Women's Second Round),2026-03-23T13:30:19Z,5,2,
2026-03-23T18:32:00+00:00,q7oYm4P9UKc,UCKjEtnnXEHsXE9IvCb92V7g,100 gorillas vs. Florida Final Boss? 🦍🐊 #shorts,2026-03-23T03:39:28Z,34670,351,30
2026-03-23T18:32:00+00:00,gRNQkeddOeo,UCKjEtnnXEHsXE9IvCb92V7g,“I would light this thing on fire” 🔥🤣,2026-03-23T02:03:26Z,6699,226,6
2026-03-23T18:32:00+00:00,a8PrkqVWt_s,UCKjEtnnXEHsXE9IvCb92V7g,Tony Delk breaks down the difference in the 2025 and 2026 Florida guards. #MarchMadness,2026-03-23T01:13:03Z,2215,11,1
2026-03-23T18:32:31+00:00,25nXjfAtOvc,UCKjEtnnXEHsXE9IvCb92V7g,Press Conference: Louisville vs. Alabama Postgame (2026 Women's Second Round),2026-03-23T13:30:19Z,5,2,
2026-03-23T18:32:31+00:00,q7oYm4P9UKc,UCKjEtnnXEHsXE9IvCb92V7g,100 gorillas vs. Florida Final Boss? 🦍🐊 #shorts,2026-03-23T03:39:28Z,34670,351,30
2026-03-23T18:32:31+00:00,gRNQkeddOeo,UCKjEtnnXEHsXE9IvCb92V7g,“I would light this thing on fire” 🔥🤣,2026-03-23T02:03:26Z,6699,226,6
2026-03-23T18:32:31+00:00,a8PrkqVWt_s,UCKjEtnnXEHsXE9IvCb92V7g,Tony Delk breaks down the difference in the 2025 and 2026 Florida guards. #MarchMadness,2026-03-23T01:13:03Z,2215,11,1
2026-03-23T18:33:01+00:00,25nXjfAtOvc,UCKjEtnnXEHsXE9IvCb92V7g,Press Conference: Louisville vs. Alabama Postgame (2026 Women's Second Round),2026-03-23T13:30:19Z,8,2,
2026-03-23T18:33:01+00:00,q7oYm4P9UKc,UCKjEtnnXEHsXE9IvCb92V7g,100 gorillas vs. Florida Final Boss? 🦍🐊 #shorts,2026-03-23T03:39:28Z,34670,351,30
2026-03-23T18:33:01+00:00,gRNQkeddOeo,UCKjEtnnXEHsXE9IvCb92V7g,“I would light this thing on fire” 🔥🤣,2026-03-23T02:03:26Z,6699,226,6
2026-03-23T18:33:01+00:00,a8PrkqVWt_s,UCKjEtnnXEHsXE9IvCb92V7g,Tony Delk breaks down the difference in the 2025 and 2026 Florida guards. #MarchMadness,2026-03-23T01:13:03Z,2215,11,1
2026-03-23T18:33:31+00:00,25nXjfAtOvc,UCKjEtnnXEHsXE9IvCb92V7g,Press Conference: Louisville vs. Alabama Postgame (2026 Women's Second Round),2026-03-23T13:30:19Z,8,2,
2026-03-23T18:33:31+00:00,q7oYm4P9UKc,UCKjEtnnXEHsXE9IvCb92V7g,100 gorillas vs. Florida Final Boss? 🦍🐊 #shorts,2026-03-23T03:39:28Z,34670,351,30
2026-03-23T18:33:31+00:00,gRNQkeddOeo,UCKjEtnnXEHsXE9IvCb92V7g,“I would light this thing on fire” 🔥🤣,2026-03-23T02:03:26Z,6699,226,6
2026-03-23T18:33:31+00:00,a8PrkqVWt_s,UCKjEtnnXEHsXE9IvCb92V7g,Tony Delk breaks down the difference in the 2025 and 2026 Florida guards. #MarchMadness,2026-03-23T01:13:03Z,2215,11,1
2026-03-23T18:34:02+00:00,25nXjfAtOvc,UCKjEtnnXEHsXE9IvCb92V7g,Press Conference: Louisville vs. Alabama Postgame (2026 Women's Second Round),2026-03-23T13:30:19Z,8,2,
2026-03-23T18:34:02+00:00,q7oYm4P9UKc,UCKjEtnnXEHsXE9IvCb92V7g,100 gorillas vs. Florida Final Boss? 🦍🐊 #shorts,2026-03-23T03:39:28Z,34670,351,30
2026-03-23T18:34:02+00:00,gRNQkeddOeo,UCKjEtnnXEHsXE9IvCb92V7g,“I would light this thing on fire” 🔥🤣,2026-03-23T02:03:26Z,6699,226,6
2026-03-23T18:34:02+00:00,a8PrkqVWt_s,UCKjEtnnXEHsXE9IvCb92V7g,Tony Delk breaks down the difference in the 2025 and 2026 Florida guards. #MarchMadness,2026-03-23T01:13:03Z,2215,11,1
2026-03-23T18:34:33+00:00,25nXjfAtOvc,UCKjEtnnXEHsXE9IvCb92V7g,Press Conference: Louisville vs. Alabama Postgame (2026 Women's Second Round),2026-03-23T13:30:19Z,12,2,
2026-03-23T18:34:33+00:00,q7oYm4P9UKc,UCKjEtnnXEHsXE9IvCb92V7g,100 gorillas vs. Florida Final Boss? 🦍🐊 #shorts,2026-03-23T03:39:28Z,34670,351,30
2026-03-23T18:34:33+00:00,gRNQkeddOeo,UCKjEtnnXEHsXE9IvCb92V7g,“I would light this thing on fire” 🔥🤣,2026-03-23T02:03:26Z,6713,226,6
2026-03-23T18:34:33+00:00,a8PrkqVWt_s,UCKjEtnnXEHsXE9IvCb92V7g,Tony Delk breaks down the difference in the 2025 and 2026 Florida guards. #MarchMadness,2026-03-23T01:13:03Z,2215,11,1
2026-03-23T18:35:04+00:00,25nXjfAtOvc,UCKjEtnnXEHsXE9IvCb92V7g,Press Conference: Louisville vs. Alabama Postgame (2026 Women's Second Round),2026-03-23T13:30:19Z,12,2,
2026-03-23T18:35:04+00:00,q7oYm4P9UKc,UCKjEtnnXEHsXE9IvCb92V7g,100 gorillas vs. Florida Final Boss? 🦍🐊 #shorts,2026-03-23T03:39:28Z,34670,351,30
2026-03-23T18:35:04+00:00,gRNQkeddOeo,UCKjEtnnXEHsXE9IvCb92V7g,“I would light this thing on fire” 🔥🤣,2026-03-23T02:03:26Z,6713,226,6
2026-03-23T18:35:04+00:00,a8PrkqVWt_s,UCKjEtnnXEHsXE9IvCb92V7g,Tony Delk breaks down the difference in the 2025 and 2026 Florida guards. #MarchMadness,2026-03-23T01:13:03Z,2215,11,1
2026-03-23T18:35:34+00:00,25nXjfAtOvc,UCKjEtnnXEHsXE9IvCb92V7g,Press Conference: Louisville vs. Alabama Postgame (2026 Women's Second Round),2026-03-23T13:30:19Z,19,2,
2026-03-23T18:35:34+00:00,q7oYm4P9UKc,UCKjEtnnXEHsXE9IvCb92V7g,100 gorillas vs. Florida Final Boss? 🦍🐊 #shorts,2026-03-23T03:39:28Z,34670,351,30
2026-03-23T18:35:34+00:00,gRNQkeddOeo,UCKjEtnnXEHsXE9IvCb92V7g,“I would light this thing on fire” 🔥🤣,2026-03-23T02:03:26Z,6713,226,6
2026-03-23T18:35:34+00:00,a8PrkqVWt_s,UCKjEtnnXEHsXE9IvCb92V7g,Tony Delk breaks down the difference in the 2025 and 2026 Florida guards. #MarchMadness,2026-03-23T01:13:03Z,2215,11,1
2026-03-23T18:36:05+00:00,25nXjfAtOvc,UCKjEtnnXEHsXE9IvCb92V7g,Press Conference: Louisville vs. Alabama Postgame (2026 Women's Second Round),2026-03-23T13:30:19Z,19,2,
2026-03-23T18:36:05+00:00,q7oYm4P9UKc,UCKjEtnnXEHsXE9IvCb92V7g,100 gorillas vs. Florida Final Boss? 🦍🐊 #shorts,2026-03-23T03:39:28Z,34746,352,30
2026-03-23T18:36:05+00:00,gRNQkeddOeo,UCKjEtnnXEHsXE9IvCb92V7g,“I would light this thing on fire” 🔥🤣,2026-03-23T02:03:26Z,6713,227,6
2026-03-23T18:36:05+00:00,a8PrkqVWt_s,UCKjEtnnXEHsXE9IvCb92V7g,Tony Delk breaks down the difference in the 2025 and 2026 Florida guards. #MarchMadness,2026-03-23T01:13:03Z,2215,11,1
2026-03-23T18:36:36+00:00,25nXjfAtOvc,UCKjEtnnXEHsXE9IvCb92V7g,Press Conference: Louisville vs. Alabama Postgame (2026 Women's Second Round),2026-03-23T13:30:19Z,20,2,
2026-03-23T18:36:36+00:00,q7oYm4P9UKc,UCKjEtnnXEHsXE9IvCb92V7g,100 gorillas vs. Florida Final Boss? 🦍🐊 #shorts,2026-03-23T03:39:28Z,34746,352,30
2026-03-23T18:36:36+00:00,gRNQkeddOeo,UCKjEtnnXEHsXE9IvCb92V7g,“I would light this thing on fire” 🔥🤣,2026-03-23T02:03:26Z,6713,227,6
2026-03-23T18:36:36+00:00,a8PrkqVWt_s,UCKjEtnnXEHsXE9IvCb92V7g,Tony Delk breaks down the difference in the 2025 and 2026 Florida guards. #MarchMadness,2026-03-23T01:13:03Z,2217,11,1
2026-03-23T18:37:06+00:00,25nXjfAtOvc,UCKjEtnnXEHsXE9IvCb92V7g,Press Conference: Louisville vs. Alabama Postgame (2026 Women's Second Round),2026-03-23T13:30:19Z,20,2,
2026-03-23T18:37:06+00:00,q7oYm4P9UKc,UCKjEtnnXEHsXE9IvCb92V7g,100 gorillas vs. Florida Final Boss? 🦍🐊 #shorts,2026-03-23T03:39:28Z,34746,352,30
2026-03-23T18:37:06+00:00,gRNQkeddOeo,UCKjEtnnXEHsXE9IvCb92V7g,“I would light this thing on fire” 🔥🤣,2026-03-23T02:03:26Z,6713,228,6
2026-03-23T18:37:06+00:00,a8PrkqVWt_s,UCKjEtnnXEHsXE9IvCb92V7g,Tony Delk breaks down the difference in the 2025 and 2026 Florida guards. #MarchMadness,2026-03-23T01:13:03Z,2217,11,1
2026-03-23T18:37:37+00:00,25nXjfAtOvc,UCKjEtnnXEHsXE9IvCb92V7g,Press Conference: Louisville vs. Alabama Postgame (2026 Women's Second Round),2026-03-23T13:30:19Z,22,2,
2026-03-23T18:37:37+00:00,q7oYm4P9UKc,UCKjEtnnXEHsXE9IvCb92V7g,100 gorillas vs. Florida Final Boss? 🦍🐊 #shorts,2026-03-23T03:39:28Z,34746,352,30
2026-03-23T18:37:37+00:00,gRNQkeddOeo,UCKjEtnnXEHsXE9IvCb92V7g,“I would light this thing on fire” 🔥🤣,2026-03-23T02:03:26Z,6713,228,6
2026-03-23T18:37:37+00:00,a8PrkqVWt_s,UCKjEtnnXEHsXE9IvCb92V7g,Tony Delk breaks down the difference in the 2025 and 2026 Florida guards. #MarchMadness,2026-03-23T01:13:03Z,2217,11,1
2026-03-23T18:38:08+00:00,25nXjfAtOvc,UCKjEtnnXEHsXE9IvCb92V7g,Press Conference: Louisville vs. Alabama Postgame (2026 Women's Second Round),2026-03-23T13:30:19Z,23,2,
2026-03-23T18:38:08+00:00,q7oYm4P9UKc,UCKjEtnnXEHsXE9IvCb92V7g,100 gorillas vs. Florida Final Boss? 🦍🐊 #shorts,2026-03-23T03:39:28Z,34746,352,30
2026-03-23T18:38:08+00:00,gRNQkeddOeo,UCKjEtnnXEHsXE9IvCb92V7g,“I would light this thing on fire” 🔥🤣,2026-03-23T02:03:26Z,6713,229,6
2026-03-23T18:38:08+00:00,a8PrkqVWt_s,UCKjEtnnXEHsXE9IvCb92V7g,Tony Delk breaks down the difference in the 2025 and 2026 Florida guards. #MarchMadness,2026-03-23T01:13:03Z,2217,11,1
2026-03-23T18:38:39+00:00,25nXjfAtOvc,UCKjEtnnXEHsXE9IvCb92V7g,Press Conference: Louisville vs. Alabama Postgame (2026 Women's Second Round),2026-03-23T13:30:19Z,29,2,
2026-03-23T18:38:39+00:00,q7oYm4P9UKc,UCKjEtnnXEHsXE9IvCb92V7g,100 gorillas vs. Florida Final Boss? 🦍🐊 #shorts,2026-03-23T03:39:28Z,34746,352,30
2026-03-23T18:38:39+00:00,gRNQkeddOeo,UCKjEtnnXEHsXE9IvCb92V7g,“I would light this thing on fire” 🔥🤣,2026-03-23T02:03:26Z,6713,229,6
2026-03-23T18:38:39+00:00,a8PrkqVWt_s,UCKjEtnnXEHsXE9IvCb92V7g,Tony Delk breaks down the difference in the 2025 and 2026 Florida guards. #MarchMadness,2026-03-23T01:13:03Z,2217,11,1
2026-03-23T18:39:10+00:00,25nXjfAtOvc,UCKjEtnnXEHsXE9IvCb92V7g,Press Conference: Louisville vs. Alabama Postgame (2026 Women's Second Round),2026-03-23T13:30:19Z,30,2,
2026-03-23T18:39:10+00:00,q7oYm4P9UKc,UCKjEtnnXEHsXE9IvCb92V7g,100 gorillas vs. Florida Final Boss? 🦍🐊 #shorts,2026-03-23T03:39:28Z,34746,352,30
2026-03-23T18:39:10+00:00,gRNQkeddOeo,UCKjEtnnXEHsXE9IvCb92V7g,“I would light this thing on fire” 🔥🤣,2026-03-23T02:03:26Z,6751,229,6
2026-03-23T18:39:10+00:00,a8PrkqVWt_s,UCKjEtnnXEHsXE9IvCb92V7g,Tony Delk breaks down the difference in the 2025 and 2026 Florida guards. #MarchMadness,2026-03-23T01:13:03Z,2217,11,1
2026-03-23T18:39:40+00:00,25nXjfAtOvc,UCKjEtnnXEHsXE9IvCb92V7g,Press Conference: Louisville vs. Alabama Postgame (2026 Women's Second Round),2026-03-23T13:30:19Z,33,2,
2026-03-23T18:39:40+00:00,q7oYm4P9UKc,UCKjEtnnXEHsXE9IvCb92V7g,100 gorillas vs. Florida Final Boss? 🦍🐊 #shorts,2026-03-23T03:39:28Z,34746,353,30
2026-03-23T18:39:40+00:00,gRNQkeddOeo,UCKjEtnnXEHsXE9IvCb92V7g,“I would light this thing on fire” 🔥🤣,2026-03-23T02:03:26Z,6751,229,6
2026-03-23T18:39:40+00:00,a8PrkqVWt_s,UCKjEtnnXEHsXE9IvCb92V7g,Tony Delk breaks down the difference in the 2025 and 2026 Florida guards. #MarchMadness,2026-03-23T01:13:03Z,2217,11,1
2026-03-23T18:40:11+00:00,25nXjfAtOvc,UCKjEtnnXEHsXE9IvCb92V7g,Press Conference: Louisville vs. Alabama Postgame (2026 Women's Second Round),2026-03-23T13:30:19Z,34,2,
2026-03-23T18:40:11+00:00,q7oYm4P9UKc,UCKjEtnnXEHsXE9IvCb92V7g,100 gorillas vs. Florida Final Boss? 🦍🐊 #shorts,2026-03-23T03:39:28Z,34746,353,30
2026-03-23T18:40:11+00:00,gRNQkeddOeo,UCKjEtnnXEHsXE9IvCb92V7g,“I would light this thing on fire” 🔥🤣,2026-03-23T02:03:26Z,6751,229,6
2026-03-23T18:40:11+00:00,a8PrkqVWt_s,UCKjEtnnXEHsXE9IvCb92V7g,Tony Delk breaks down the difference in the 2025 and 2026 Florida guards. #MarchMadness,2026-03-23T01:13:03Z,2217,11,1
2026-03-23T18:40:42+00:00,25nXjfAtOvc,UCKjEtnnXEHsXE9IvCb92V7g,Press Conference: Louisville vs. Alabama Postgame (2026 Women's Second Round),2026-03-23T13:30:19Z,34,2,
2026-03-23T18:40:42+00:00,q7oYm4P9UKc,UCKjEtnnXEHsXE9IvCb92V7g,100 gorillas vs. Florida Final Boss? 🦍🐊 #shorts,2026-03-23T03:39:28Z,34746,353,30
2026-03-23T18:40:42+00:00,gRNQkeddOeo,UCKjEtnnXEHsXE9IvCb92V7g,“I would light this thing on fire” 🔥🤣,2026-03-23T02:03:26Z,6751,229,6
2026-03-23T18:40:42+00:00,a8PrkqVWt_s,UCKjEtnnXEHsXE9IvCb92V7g,Tony Delk breaks down the difference in the 2025 and 2026 Florida guards. #MarchMadness,2026-03-23T01:13:03Z,2217,11,1
2026-03-23T18:41:13+00:00,25nXjfAtOvc,UCKjEtnnXEHsXE9IvCb92V7g,Press Conference: Louisville vs. Alabama Postgame (2026 Women's Second Round),2026-03-23T13:30:19Z,42,2,
2026-03-23T18:41:13+00:00,q7oYm4P9UKc,UCKjEtnnXEHsXE9IvCb92V7g,100 gorillas vs. Florida Final Boss? 🦍🐊 #shorts,2026-03-23T03:39:28Z,34746,353,30
2026-03-23T18:41:13+00:00,gRNQkeddOeo,UCKjEtnnXEHsXE9IvCb92V7g,“I would light this thing on fire” 🔥🤣,2026-03-23T02:03:26Z,6751,229,6
2026-03-23T18:41:13+00:00,a8PrkqVWt_s,UCKjEtnnXEHsXE9IvCb92V7g,Tony Delk breaks down the difference in the 2025 and 2026 Florida guards. #MarchMadness,2026-03-23T01:13:03Z,2221,11,1
2026-03-23T18:41:44+00:00,25nXjfAtOvc,UCKjEtnnXEHsXE9IvCb92V7g,Press Conference: Louisville vs. Alabama Postgame (2026 Women's Second Round),2026-03-23T13:30:19Z,42,2,
2026-03-23T18:41:44+00:00,q7oYm4P9UKc,UCKjEtnnXEHsXE9IvCb92V7g,100 gorillas vs. Florida Final Boss? 🦍🐊 #shorts,2026-03-23T03:39:28Z,34867,353,30
2026-03-23T18:41:44+00:00,gRNQkeddOeo,UCKjEtnnXEHsXE9IvCb92V7g,“I would light this thing on fire” 🔥🤣,2026-03-23T02:03:26Z,6751,229,6
2026-03-23T18:41:44+00:00,a8PrkqVWt_s,UCKjEtnnXEHsXE9IvCb92V7g,Tony Delk breaks down the difference in the 2025 and 2026 Florida guards. #MarchMadness,2026-03-23T01:13:03Z,2221,11,1
2026-03-23T18:42:15+00:00,25nXjfAtOvc,UCKjEtnnXEHsXE9IvCb92V7g,Press Conference: Louisville vs. Alabama Postgame (2026 Women's Second Round),2026-03-23T13:30:19Z,43,2,
2026-03-23T18:42:15+00:00,q7oYm4P9UKc,UCKjEtnnXEHsXE9IvCb92V7g,100 gorillas vs. Florida Final Boss? 🦍🐊 #shorts,2026-03-23T03:39:28Z,34867,353,30
2026-03-23T18:42:15+00:00,gRNQkeddOeo,UCKjEtnnXEHsXE9IvCb92V7g,“I would light this thing on fire” 🔥🤣,2026-03-23T02:03:26Z,6751,229,6
2026-03-23T18:42:15+00:00,a8PrkqVWt_s,UCKjEtnnXEHsXE9IvCb92V7g,Tony Delk breaks down the difference in the 2025 and 2026 Florida guards. #MarchMadness,2026-03-23T01:13:03Z,2221,11,1
2026-03-23T18:42:46+00:00,25nXjfAtOvc,UCKjEtnnXEHsXE9IvCb92V7g,Press Conference: Louisville vs. Alabama Postgame (2026 Women's Second Round),2026-03-23T13:30:19Z,43,2,
2026-03-23T18:42:46+00:00,q7oYm4P9UKc,UCKjEtnnXEHsXE9IvCb92V7g,100 gorillas vs. Florida Final Boss? 🦍🐊 #shorts,2026-03-23T03:39:28Z,34867,353,30
2026-03-23T18:42:46+00:00,gRNQkeddOeo,UCKjEtnnXEHsXE9IvCb92V7g,“I would light this thing on fire” 🔥🤣,2026-03-23T02:03:26Z,6751,229,6
2026-03-23T18:42:46+00:00,a8PrkqVWt_s,UCKjEtnnXEHsXE9IvCb92V7g,Tony Delk breaks down the difference in the 2025 and 2026 Florida guards. #MarchMadness,2026-03-23T01:13:03Z,2221,11,1
2026-03-23T18:43:16+00:00,25nXjfAtOvc,UCKjEtnnXEHsXE9IvCb92V7g,Press Conference: Louisville vs. Alabama Postgame (2026 Women's Second Round),2026-03-23T13:30:19Z,45,2,
2026-03-23T18:43:16+00:00,q7oYm4P9UKc,UCKjEtnnXEHsXE9IvCb92V7g,100 gorillas vs. Florida Final Boss? 🦍🐊 #shorts,2026-03-23T03:39:28Z,34867,353,30
2026-03-23T18:43:16+00:00,gRNQkeddOeo,UCKjEtnnXEHsXE9IvCb92V7g,“I would light this thing on fire” 🔥🤣,2026-03-23T02:03:26Z,6751,230,6
2026-03-23T18:43:16+00:00,a8PrkqVWt_s,UCKjEtnnXEHsXE9IvCb92V7g,Tony Delk breaks down the difference in the 2025 and 2026 Florida guards. #MarchMadness,2026-03-23T01:13:03Z,2221,11,1
2026-03-23T18:43:47+00:00,25nXjfAtOvc,UCKjEtnnXEHsXE9IvCb92V7g,Press Conference: Louisville vs. Alabama Postgame (2026 Women's Second Round),2026-03-23T13:30:19Z,45,2,
2026-03-23T18:43:47+00:00,q7oYm4P9UKc,UCKjEtnnXEHsXE9IvCb92V7g,100 gorillas vs. Florida Final Boss? 🦍🐊 #shorts,2026-03-23T03:39:28Z,34867,353,30
2026-03-23T18:43:47+00:00,gRNQkeddOeo,UCKjEtnnXEHsXE9IvCb92V7g,“I would light this thing on fire” 🔥🤣,2026-03-23T02:03:26Z,6751,230,6
2026-03-23T18:43:47+00:00,a8PrkqVWt_s,UCKjEtnnXEHsXE9IvCb92V7g,Tony Delk breaks down the difference in the 2025 and 2026 Florida guards. #MarchMadness,2026-03-23T01:13:03Z,2221,11,1
2026-03-23T18:44:18+00:00,25nXjfAtOvc,UCKjEtnnXEHsXE9IvCb92V7g,Press Conference: Louisville vs. Alabama Postgame (2026 Women's Second Round),2026-03-23T13:30:19Z,48,2,
2026-03-23T18:44:18+00:00,q7oYm4P9UKc,UCKjEtnnXEHsXE9IvCb92V7g,100 gorillas vs. Florida Final Boss? 🦍🐊 #shorts,2026-03-23T03:39:28Z,34867,353,30
2026-03-23T18:44:18+00:00,gRNQkeddOeo,UCKjEtnnXEHsXE9IvCb92V7g,“I would light this thing on fire” 🔥🤣,2026-03-23T02:03:26Z,6768,230,6
2026-03-23T18:44:18+00:00,a8PrkqVWt_s,UCKjEtnnXEHsXE9IvCb92V7g,Tony Delk breaks down the difference in the 2025 and 2026 Florida guards. #MarchMadness,2026-03-23T01:13:03Z,2221,11,1
2026-03-23T18:44:49+00:00,25nXjfAtOvc,UCKjEtnnXEHsXE9IvCb92V7g,Press Conference: Louisville vs. Alabama Postgame (2026 Women's Second Round),2026-03-23T13:30:19Z,49,2,
2026-03-23T18:44:49+00:00,q7oYm4P9UKc,UCKjEtnnXEHsXE9IvCb92V7g,100 gorillas vs. Florida Final Boss? 🦍🐊 #shorts,2026-03-23T03:39:28Z,34867,353,30
2026-03-23T18:44:49+00:00,gRNQkeddOeo,UCKjEtnnXEHsXE9IvCb92V7g,“I would light this thing on fire” 🔥🤣,2026-03-23T02:03:26Z,6770,230,6
2026-03-23T18:44:49+00:00,a8PrkqVWt_s,UCKjEtnnXEHsXE9IvCb92V7g,Tony Delk breaks down the difference in the 2025 and 2026 Florida guards. #MarchMadness,2026-03-23T01:13:03Z,2221,11,1
2026-03-23T18:45:20+00:00,25nXjfAtOvc,UCKjEtnnXEHsXE9IvCb92V7g,Press Conference: Louisville vs. Alabama Postgame (2026 Women's Second Round),2026-03-23T13:30:19Z,51,2,
2026-03-23T18:45:20+00:00,q7oYm4P9UKc,UCKjEtnnXEHsXE9IvCb92V7g,100 gorillas vs. Florida Final Boss? 🦍🐊 #shorts,2026-03-23T03:39:28Z,34867,354,30
2026-03-23T18:45:20+00:00,gRNQkeddOeo,UCKjEtnnXEHsXE9IvCb92V7g,“I would light this thing on fire” 🔥🤣,2026-03-23T02:03:26Z,6770,230,6
2026-03-23T18:45:20+00:00,a8PrkqVWt_s,UCKjEtnnXEHsXE9IvCb92V7g,Tony Delk breaks down the difference in the 2025 and 2026 Florida guards. #MarchMadness,2026-03-23T01:13:03Z,2221,11,1
2026-03-23T18:45:51+00:00,25nXjfAtOvc,UCKjEtnnXEHsXE9IvCb92V7g,Press Conference: Louisville vs. Alabama Postgame (2026 Women's Second Round),2026-03-23T13:30:19Z,51,2,
2026-03-23T18:45:51+00:00,q7oYm4P9UKc,UCKjEtnnXEHsXE9IvCb92V7g,100 gorillas vs. Florida Final Boss? 🦍🐊 #shorts,2026-03-23T03:39:28Z,34867,354,30
2026-03-23T18:45:51+00:00,gRNQkeddOeo,UCKjEtnnXEHsXE9IvCb92V7g,“I would light this thing on fire” 🔥🤣,2026-03-23T02:03:26Z,6770,230,6
2026-03-23T18:45:51+00:00,a8PrkqVWt_s,UCKjEtnnXEHsXE9IvCb92V7g,Tony Delk breaks down the difference in the 2025 and 2026 Florida guards. #MarchMadness,2026-03-23T01:13:03Z,2221,11,1
2026-03-23T18:46:22+00:00,25nXjfAtOvc,UCKjEtnnXEHsXE9IvCb92V7g,Press Conference: Louisville vs. Alabama Postgame (2026 Women's Second Round),2026-03-23T13:30:19Z,51,2,
2026-03-23T18:46:22+00:00,q7oYm4P9UKc,UCKjEtnnXEHsXE9IvCb92V7g,100 gorillas vs. Florida Final Boss? 🦍🐊 #shorts,2026-03-23T03:39:28Z,35056,354,30
2026-03-23T18:46:22+00:00,gRNQkeddOeo,UCKjEtnnXEHsXE9IvCb92V7g,“I would light this thing on fire” 🔥🤣,2026-03-23T02:03:26Z,6770,230,6
2026-03-23T18:46:22+00:00,a8PrkqVWt_s,UCKjEtnnXEHsXE9IvCb92V7g,Tony Delk breaks down the difference in the 2025 and 2026 Florida guards. #MarchMadness,2026-03-23T01:13:03Z,2223,11,1
2026-03-23T18:46:53+00:00,25nXjfAtOvc,UCKjEtnnXEHsXE9IvCb92V7g,Press Conference: Louisville vs. Alabama Postgame (2026 Women's Second Round),2026-03-23T13:30:19Z,55,2,
2026-03-23T18:46:53+00:00,q7oYm4P9UKc,UCKjEtnnXEHsXE9IvCb92V7g,100 gorillas vs. Florida Final Boss? 🦍🐊 #shorts,2026-03-23T03:39:28Z,35056,354,30
2026-03-23T18:46:53+00:00,gRNQkeddOeo,UCKjEtnnXEHsXE9IvCb92V7g,“I would light this thing on fire” 🔥🤣,2026-03-23T02:03:26Z,6770,230,6
2026-03-23T18:46:53+00:00,a8PrkqVWt_s,UCKjEtnnXEHsXE9IvCb92V7g,Tony Delk breaks down the difference in the 2025 and 2026 Florida guards. #MarchMadness,2026-03-23T01:13:03Z,2223,11,1
2026-03-23T18:47:24+00:00,25nXjfAtOvc,UCKjEtnnXEHsXE9IvCb92V7g,Press Conference: Louisville vs. Alabama Postgame (2026 Women's Second Round),2026-03-23T13:30:19Z,55,2,
2026-03-23T18:47:24+00:00,q7oYm4P9UKc,UCKjEtnnXEHsXE9IvCb92V7g,100 gorillas vs. Florida Final Boss? 🦍🐊 #shorts,2026-03-23T03:39:28Z,35056,354,30
2026-03-23T18:47:24+00:00,gRNQkeddOeo,UCKjEtnnXEHsXE9IvCb92V7g,“I would light this thing on fire” 🔥🤣,2026-03-23T02:03:26Z,6770,230,6
2026-03-23T18:47:24+00:00,a8PrkqVWt_s,UCKjEtnnXEHsXE9IvCb92V7g,Tony Delk breaks down the difference in the 2025 and 2026 Florida guards. #MarchMadness,2026-03-23T01:13:03Z,2223,11,1
2026-03-23T18:47:54+00:00,25nXjfAtOvc,UCKjEtnnXEHsXE9IvCb92V7g,Press Conference: Louisville vs. Alabama Postgame (2026 Women's Second Round),2026-03-23T13:30:19Z,56,3,
2026-03-23T18:47:54+00:00,q7oYm4P9UKc,UCKjEtnnXEHsXE9IvCb92V7g,100 gorillas vs. Florida Final Boss? 🦍🐊 #shorts,2026-03-23T03:39:28Z,35056,354,30
2026-03-23T18:47:54+00:00,gRNQkeddOeo,UCKjEtnnXEHsXE9IvCb92V7g,“I would light this thing on fire” 🔥🤣,2026-03-23T02:03:26Z,6770,231,6
2026-03-23T18:47:54+00:00,a8PrkqVWt_s,UCKjEtnnXEHsXE9IvCb92V7g,Tony Delk breaks down the difference in the 2025 and 2026 Florida guards. #MarchMadness,2026-03-23T01:13:03Z,2223,11,1
2026-03-23T18:48:25+00:00,25nXjfAtOvc,UCKjEtnnXEHsXE9IvCb92V7g,Press Conference: Louisville vs. Alabama Postgame (2026 Women's Second Round),2026-03-23T13:30:19Z,57,3,
2026-03-23T18:48:25+00:00,q7oYm4P9UKc,UCKjEtnnXEHsXE9IvCb92V7g,100 gorillas vs. Florida Final Boss? 🦍🐊 #shorts,2026-03-23T03:39:28Z,35056,354,30
2026-03-23T18:48:25+00:00,gRNQkeddOeo,UCKjEtnnXEHsXE9IvCb92V7g,“I would light this thing on fire” 🔥🤣,2026-03-23T02:03:26Z,6770,231,6
2026-03-23T18:48:25+00:00,a8PrkqVWt_s,UCKjEtnnXEHsXE9IvCb92V7g,Tony Delk breaks down the difference in the 2025 and 2026 Florida guards. #MarchMadness,2026-03-23T01:13:03Z,2223,11,1
2026-03-23T18:48:56+00:00,25nXjfAtOvc,UCKjEtnnXEHsXE9IvCb92V7g,Press Conference: Louisville vs. Alabama Postgame (2026 Women's Second Round),2026-03-23T13:30:19Z,60,3,
2026-03-23T18:48:56+00:00,q7oYm4P9UKc,UCKjEtnnXEHsXE9IvCb92V7g,100 gorillas vs. Florida Final Boss? 🦍🐊 #shorts,2026-03-23T03:39:28Z,35056,354,30
2026-03-23T18:48:56+00:00,gRNQkeddOeo,UCKjEtnnXEHsXE9IvCb92V7g,“I would light this thing on fire” 🔥🤣,2026-03-23T02:03:26Z,6800,232,6
2026-03-23T18:48:56+00:00,a8PrkqVWt_s,UCKjEtnnXEHsXE9IvCb92V7g,Tony Delk breaks down the difference in the 2025 and 2026 Florida guards. #MarchMadness,2026-03-23T01:13:03Z,2223,11,1
2026-03-23T18:49:27+00:00,25nXjfAtOvc,UCKjEtnnXEHsXE9IvCb92V7g,Press Conference: Louisville vs. Alabama Postgame (2026 Women's Second Round),2026-03-23T13:30:19Z,60,3,
2026-03-23T18:49:27+00:00,q7oYm4P9UKc,UCKjEtnnXEHsXE9IvCb92V7g,100 gorillas vs. Florida Final Boss? 🦍🐊 #shorts,2026-03-23T03:39:28Z,35056,354,30
2026-03-23T18:49:27+00:00,gRNQkeddOeo,UCKjEtnnXEHsXE9IvCb92V7g,“I would light this thing on fire” 🔥🤣,2026-03-23T02:03:26Z,6800,232,6
2026-03-23T18:49:27+00:00,a8PrkqVWt_s,UCKjEtnnXEHsXE9IvCb92V7g,Tony Delk breaks down the difference in the 2025 and 2026 Florida guards. #MarchMadness,2026-03-23T01:13:03Z,2223,11,1
2026-03-23T18:49:58+00:00,25nXjfAtOvc,UCKjEtnnXEHsXE9IvCb92V7g,Press Conference: Louisville vs. Alabama Postgame (2026 Women's Second Round),2026-03-23T13:30:19Z,66,3,
2026-03-23T18:49:58+00:00,q7oYm4P9UKc,UCKjEtnnXEHsXE9IvCb92V7g,100 gorillas vs. Florida Final Boss? 🦍🐊 #shorts,2026-03-23T03:39:28Z,35056,354,30
2026-03-23T18:49:58+00:00,gRNQkeddOeo,UCKjEtnnXEHsXE9IvCb92V7g,“I would light this thing on fire” 🔥🤣,2026-03-23T02:03:26Z,6800,232,6
2026-03-23T18:49:58+00:00,a8PrkqVWt_s,UCKjEtnnXEHsXE9IvCb92V7g,Tony Delk breaks down the difference in the 2025 and 2026 Florida guards. #MarchMadness,2026-03-23T01:13:03Z,2223,11,1
2026-03-23T18:50:29+00:00,25nXjfAtOvc,UCKjEtnnXEHsXE9IvCb92V7g,Press Conference: Louisville vs. Alabama Postgame (2026 Women's Second Round),2026-03-23T13:30:19Z,66,3,
2026-03-23T18:50:29+00:00,q7oYm4P9UKc,UCKjEtnnXEHsXE9IvCb92V7g,100 gorillas vs. Florida Final Boss? 🦍🐊 #shorts,2026-03-23T03:39:28Z,35056,354,30
2026-03-23T18:50:29+00:00,gRNQkeddOeo,UCKjEtnnXEHsXE9IvCb92V7g,“I would light this thing on fire” 🔥🤣,2026-03-23T02:03:26Z,6800,232,6
2026-03-23T18:50:29+00:00,a8PrkqVWt_s,UCKjEtnnXEHsXE9IvCb92V7g,Tony Delk breaks down the difference in the 2025 and 2026 Florida guards. #MarchMadness,2026-03-23T01:13:03Z,2223,11,1
2026-03-23T18:51:00+00:00,25nXjfAtOvc,UCKjEtnnXEHsXE9IvCb92V7g,Press Conference: Louisville vs. Alabama Postgame (2026 Women's Second Round),2026-03-23T13:30:19Z,70,3,
2026-03-23T18:51:00+00:00,q7oYm4P9UKc,UCKjEtnnXEHsXE9IvCb92V7g,100 gorillas vs. Florida Final Boss? 🦍🐊 #shorts,2026-03-23T03:39:28Z,35056,354,30
2026-03-23T18:51:00+00:00,gRNQkeddOeo,UCKjEtnnXEHsXE9IvCb92V7g,“I would light this thing on fire” 🔥🤣,2026-03-23T02:03:26Z,6800,233,6
2026-03-23T18:51:00+00:00,a8PrkqVWt_s,UCKjEtnnXEHsXE9IvCb92V7g,Tony Delk breaks down the difference in the 2025 and 2026 Florida guards. #MarchMadness,2026-03-23T01:13:03Z,2223,11,1
2026-03-23T18:51:31+00:00,25nXjfAtOvc,UCKjEtnnXEHsXE9IvCb92V7g,Press Conference: Louisville vs. Alabama Postgame (2026 Women's Second Round),2026-03-23T13:30:19Z,70,3,
2026-03-23T18:51:31+00:00,q7oYm4P9UKc,UCKjEtnnXEHsXE9IvCb92V7g,100 gorillas vs. Florida Final Boss? 🦍🐊 #shorts,2026-03-23T03:39:28Z,35208,354,30
2026-03-23T18:51:31+00:00,gRNQkeddOeo,UCKjEtnnXEHsXE9IvCb92V7g,“I would light this thing on fire” 🔥🤣,2026-03-23T02:03:26Z,6800,233,6
2026-03-23T18:51:31+00:00,a8PrkqVWt_s,UCKjEtnnXEHsXE9IvCb92V7g,Tony Delk breaks down the difference in the 2025 and 2026 Florida guards. #MarchMadness,2026-03-23T01:13:03Z,2226,11,1
2026-03-23T18:52:01+00:00,25nXjfAtOvc,UCKjEtnnXEHsXE9IvCb92V7g,Press Conference: Louisville vs. Alabama Postgame (2026 Women's Second Round),2026-03-23T13:30:19Z,71,3,
2026-03-23T18:52:01+00:00,q7oYm4P9UKc,UCKjEtnnXEHsXE9IvCb92V7g,100 gorillas vs. Florida Final Boss? 🦍🐊 #shorts,2026-03-23T03:39:28Z,35208,354,30
2026-03-23T18:52:01+00:00,gRNQkeddOeo,UCKjEtnnXEHsXE9IvCb92V7g,“I would light this thing on fire” 🔥🤣,2026-03-23T02:03:26Z,6800,233,6
2026-03-23T18:52:01+00:00,a8PrkqVWt_s,UCKjEtnnXEHsXE9IvCb92V7g,Tony Delk breaks down the difference in the 2025 and 2026 Florida guards. #MarchMadness,2026-03-23T01:13:03Z,2226,11,1
2026-03-23T18:52:32+00:00,25nXjfAtOvc,UCKjEtnnXEHsXE9IvCb92V7g,Press Conference: Louisville vs. Alabama Postgame (2026 Women's Second Round),2026-03-23T13:30:19Z,71,3,
2026-03-23T18:52:32+00:00,q7oYm4P9UKc,UCKjEtnnXEHsXE9IvCb92V7g,100 gorillas vs. Florida Final Boss? 🦍🐊 #shorts,2026-03-23T03:39:28Z,35208,355,30
2026-03-23T18:52:32+00:00,gRNQkeddOeo,UCKjEtnnXEHsXE9IvCb92V7g,“I would light this thing on fire” 🔥🤣,2026-03-23T02:03:26Z,6800,233,6
2026-03-23T18:52:32+00:00,a8PrkqVWt_s,UCKjEtnnXEHsXE9IvCb92V7g,Tony Delk breaks down the difference in the 2025 and 2026 Florida guards. #MarchMadness,2026-03-23T01:13:03Z,2226,11,1
2026-03-23T18:53:03+00:00,25nXjfAtOvc,UCKjEtnnXEHsXE9IvCb92V7g,Press Conference: Louisville vs. Alabama Postgame (2026 Women's Second Round),2026-03-23T13:30:19Z,72,3,
2026-03-23T18:53:03+00:00,q7oYm4P9UKc,UCKjEtnnXEHsXE9IvCb92V7g,100 gorillas vs. Florida Final Boss? 🦍🐊 #shorts,2026-03-23T03:39:28Z,35208,355,30
2026-03-23T18:53:03+00:00,gRNQkeddOeo,UCKjEtnnXEHsXE9IvCb92V7g,“I would light this thing on fire” 🔥🤣,2026-03-23T02:03:26Z,6800,233,6
2026-03-23T18:53:03+00:00,a8PrkqVWt_s,UCKjEtnnXEHsXE9IvCb92V7g,Tony Delk breaks down the difference in the 2025 and 2026 Florida guards. #MarchMadness,2026-03-23T01:13:03Z,2226,11,1
2026-03-23T18:53:34+00:00,25nXjfAtOvc,UCKjEtnnXEHsXE9IvCb92V7g,Press Conference: Louisville vs. Alabama Postgame (2026 Women's Second Round),2026-03-23T13:30:19Z,76,3,
2026-03-23T18:53:34+00:00,q7oYm4P9UKc,UCKjEtnnXEHsXE9IvCb92V7g,100 gorillas vs. Florida Final Boss? 🦍🐊 #shorts,2026-03-23T03:39:28Z,35208,356,30
2026-03-23T18:53:34+00:00,gRNQkeddOeo,UCKjEtnnXEHsXE9IvCb92V7g,“I would light this thing on fire” 🔥🤣,2026-03-23T02:03:26Z,6800,233,6
2026-03-23T18:53:34+00:00,a8PrkqVWt_s,UCKjEtnnXEHsXE9IvCb92V7g,Tony Delk breaks down the difference in the 2025 and 2026 Florida guards. #MarchMadness,2026-03-23T01:13:03Z,2226,11,1
2026-03-23T18:54:05+00:00,25nXjfAtOvc,UCKjEtnnXEHsXE9IvCb92V7g,Press Conference: Louisville vs. Alabama Postgame (2026 Women's Second Round),2026-03-23T13:30:19Z,76,3,
2026-03-23T18:54:05+00:00,q7oYm4P9UKc,UCKjEtnnXEHsXE9IvCb92V7g,100 gorillas vs. Florida Final Boss? 🦍🐊 #shorts,2026-03-23T03:39:28Z,35208,356,30
2026-03-23T18:54:05+00:00,gRNQkeddOeo,UCKjEtnnXEHsXE9IvCb92V7g,“I would light this thing on fire” 🔥🤣,2026-03-23T02:03:26Z,6852,233,6
2026-03-23T18:54:05+00:00,a8PrkqVWt_s,UCKjEtnnXEHsXE9IvCb92V7g,Tony Delk breaks down the difference in the 2025 and 2026 Florida guards. #MarchMadness,2026-03-23T01:13:03Z,2226,11,1
2026-03-23T18:54:36+00:00,25nXjfAtOvc,UCKjEtnnXEHsXE9IvCb92V7g,Press Conference: Louisville vs. Alabama Postgame (2026 Women's Second Round),2026-03-23T13:30:19Z,79,4,
2026-03-23T18:54:36+00:00,q7oYm4P9UKc,UCKjEtnnXEHsXE9IvCb92V7g,100 gorillas vs. Florida Final Boss? 🦍🐊 #shorts,2026-03-23T03:39:28Z,35208,356,30
2026-03-23T18:54:36+00:00,gRNQkeddOeo,UCKjEtnnXEHsXE9IvCb92V7g,“I would light this thing on fire” 🔥🤣,2026-03-23T02:03:26Z,6852,234,6
2026-03-23T18:54:36+00:00,a8PrkqVWt_s,UCKjEtnnXEHsXE9IvCb92V7g,Tony Delk breaks down the difference in the 2025 and 2026 Florida guards. #MarchMadness,2026-03-23T01:13:03Z,2226,11,1
2026-03-23T18:55:07+00:00,25nXjfAtOvc,UCKjEtnnXEHsXE9IvCb92V7g,Press Conference: Louisville vs. Alabama Postgame (2026 Women's Second Round),2026-03-23T13:30:19Z,82,4,
2026-03-23T18:55:07+00:00,q7oYm4P9UKc,UCKjEtnnXEHsXE9IvCb92V7g,100 gorillas vs. Florida Final Boss? 🦍🐊 #shorts,2026-03-23T03:39:28Z,35208,356,30
2026-03-23T18:55:07+00:00,gRNQkeddOeo,UCKjEtnnXEHsXE9IvCb92V7g,“I would light this thing on fire” 🔥🤣,2026-03-23T02:03:26Z,6852,234,6
2026-03-23T18:55:07+00:00,a8PrkqVWt_s,UCKjEtnnXEHsXE9IvCb92V7g,Tony Delk breaks down the difference in the 2025 and 2026 Florida guards. #MarchMadness,2026-03-23T01:13:03Z,2226,11,1
2026-03-23T18:55:37+00:00,25nXjfAtOvc,UCKjEtnnXEHsXE9IvCb92V7g,Press Conference: Louisville vs. Alabama Postgame (2026 Women's Second Round),2026-03-23T13:30:19Z,82,4,
2026-03-23T18:55:37+00:00,q7oYm4P9UKc,UCKjEtnnXEHsXE9IvCb92V7g,100 gorillas vs. Florida Final Boss? 🦍🐊 #shorts,2026-03-23T03:39:28Z,35208,356,30
2026-03-23T18:55:37+00:00,gRNQkeddOeo,UCKjEtnnXEHsXE9IvCb92V7g,“I would light this thing on fire” 🔥🤣,2026-03-23T02:03:26Z,6852,234,6
2026-03-23T18:55:37+00:00,a8PrkqVWt_s,UCKjEtnnXEHsXE9IvCb92V7g,Tony Delk breaks down the difference in the 2025 and 2026 Florida guards. #MarchMadness,2026-03-23T01:13:03Z,2226,11,1
2026-03-23T18:56:08+00:00,25nXjfAtOvc,UCKjEtnnXEHsXE9IvCb92V7g,Press Conference: Louisville vs. Alabama Postgame (2026 Women's Second Round),2026-03-23T13:30:19Z,83,4,
2026-03-23T18:56:08+00:00,q7oYm4P9UKc,UCKjEtnnXEHsXE9IvCb92V7g,100 gorillas vs. Florida Final Boss? 🦍🐊 #shorts,2026-03-23T03:39:28Z,35208,357,30
2026-03-23T18:56:08+00:00,gRNQkeddOeo,UCKjEtnnXEHsXE9IvCb92V7g,“I would light this thing on fire” 🔥🤣,2026-03-23T02:03:26Z,6852,234,6
2026-03-23T18:56:08+00:00,a8PrkqVWt_s,UCKjEtnnXEHsXE9IvCb92V7g,Tony Delk breaks down the difference in the 2025 and 2026 Florida guards. #MarchMadness,2026-03-23T01:13:03Z,2226,11,1
2026-03-23T18:56:39+00:00,25nXjfAtOvc,UCKjEtnnXEHsXE9IvCb92V7g,Press Conference: Louisville vs. Alabama Postgame (2026 Women's Second Round),2026-03-23T13:30:19Z,86,4,
2026-03-23T18:56:39+00:00,q7oYm4P9UKc,UCKjEtnnXEHsXE9IvCb92V7g,100 gorillas vs. Florida Final Boss? 🦍🐊 #shorts,2026-03-23T03:39:28Z,35436,358,30
2026-03-23T18:56:39+00:00,gRNQkeddOeo,UCKjEtnnXEHsXE9IvCb92V7g,“I would light this thing on fire” 🔥🤣,2026-03-23T02:03:26Z,6852,234,6
2026-03-23T18:56:39+00:00,a8PrkqVWt_s,UCKjEtnnXEHsXE9IvCb92V7g,Tony Delk breaks down the difference in the 2025 and 2026 Florida guards. #MarchMadness,2026-03-23T01:13:03Z,2226,11,1
2026-03-23T18:57:09+00:00,25nXjfAtOvc,UCKjEtnnXEHsXE9IvCb92V7g,Press Conference: Louisville vs. Alabama Postgame (2026 Women's Second Round),2026-03-23T13:30:19Z,86,5,
2026-03-23T18:57:09+00:00,q7oYm4P9UKc,UCKjEtnnXEHsXE9IvCb92V7g,100 gorillas vs. Florida Final Boss? 🦍🐊 #shorts,2026-03-23T03:39:28Z,35436,358,30
2026-03-23T18:57:09+00:00,gRNQkeddOeo,UCKjEtnnXEHsXE9IvCb92V7g,“I would light this thing on fire” 🔥🤣,2026-03-23T02:03:26Z,6852,234,6
2026-03-23T18:57:09+00:00,a8PrkqVWt_s,UCKjEtnnXEHsXE9IvCb92V7g,Tony Delk breaks down the difference in the 2025 and 2026 Florida guards. #MarchMadness,2026-03-23T01:13:03Z,2226,11,1
2026-03-23T18:57:40+00:00,25nXjfAtOvc,UCKjEtnnXEHsXE9IvCb92V7g,Press Conference: Louisville vs. Alabama Postgame (2026 Women's Second Round),2026-03-23T13:30:19Z,87,5,
2026-03-23T18:57:40+00:00,q7oYm4P9UKc,UCKjEtnnXEHsXE9IvCb92V7g,100 gorillas vs. Florida Final Boss? 🦍🐊 #shorts,2026-03-23T03:39:28Z,35436,358,30
2026-03-23T18:57:40+00:00,gRNQkeddOeo,UCKjEtnnXEHsXE9IvCb92V7g,“I would light this thing on fire” 🔥🤣,2026-03-23T02:03:26Z,6852,234,6
2026-03-23T18:57:40+00:00,a8PrkqVWt_s,UCKjEtnnXEHsXE9IvCb92V7g,Tony Delk breaks down the difference in the 2025 and 2026 Florida guards. #MarchMadness,2026-03-23T01:13:03Z,2226,11,1
2026-03-23T18:58:11+00:00,25nXjfAtOvc,UCKjEtnnXEHsXE9IvCb92V7g,Press Conference: Louisville vs. Alabama Postgame (2026 Women's Second Round),2026-03-23T13:30:19Z,93,5,
2026-03-23T18:58:11+00:00,q7oYm4P9UKc,UCKjEtnnXEHsXE9IvCb92V7g,100 gorillas vs. Florida Final Boss? 🦍🐊 #shorts,2026-03-23T03:39:28Z,35436,358,30
2026-03-23T18:58:11+00:00,gRNQkeddOeo,UCKjEtnnXEHsXE9IvCb92V7g,“I would light this thing on fire” 🔥🤣,2026-03-23T02:03:26Z,6852,234,6
2026-03-23T18:58:11+00:00,a8PrkqVWt_s,UCKjEtnnXEHsXE9IvCb92V7g,Tony Delk breaks down the difference in the 2025 and 2026 Florida guards. #MarchMadness,2026-03-23T01:13:03Z,2226,11,1
2026-03-23T18:58:42+00:00,25nXjfAtOvc,UCKjEtnnXEHsXE9IvCb92V7g,Press Conference: Louisville vs. Alabama Postgame (2026 Women's Second Round),2026-03-23T13:30:19Z,93,5,
2026-03-23T18:58:42+00:00,q7oYm4P9UKc,UCKjEtnnXEHsXE9IvCb92V7g,100 gorillas vs. Florida Final Boss? 🦍🐊 #shorts,2026-03-23T03:39:28Z,35436,358,30
2026-03-23T18:58:42+00:00,gRNQkeddOeo,UCKjEtnnXEHsXE9IvCb92V7g,“I would light this thing on fire” 🔥🤣,2026-03-23T02:03:26Z,6852,234,6
2026-03-23T18:58:42+00:00,a8PrkqVWt_s,UCKjEtnnXEHsXE9IvCb92V7g,Tony Delk breaks down the difference in the 2025 and 2026 Florida guards. #MarchMadness,2026-03-23T01:13:03Z,2226,11,1
2026-03-23T18:59:13+00:00,25nXjfAtOvc,UCKjEtnnXEHsXE9IvCb92V7g,Press Conference: Louisville vs. Alabama Postgame (2026 Women's Second Round),2026-03-23T13:30:19Z,95,5,
2026-03-23T18:59:13+00:00,q7oYm4P9UKc,UCKjEtnnXEHsXE9IvCb92V7g,100 gorillas vs. Florida Final Boss? 🦍🐊 #shorts,2026-03-23T03:39:28Z,35436,359,30
2026-03-23T18:59:13+00:00,gRNQkeddOeo,UCKjEtnnXEHsXE9IvCb92V7g,“I would light this thing on fire” 🔥🤣,2026-03-23T02:03:26Z,6852,234,6
2026-03-23T18:59:13+00:00,a8PrkqVWt_s,UCKjEtnnXEHsXE9IvCb92V7g,Tony Delk breaks down the difference in the 2025 and 2026 Florida guards. #MarchMadness,2026-03-23T01:13:03Z,2226,11,1
2026-03-23T18:59:44+00:00,25nXjfAtOvc,UCKjEtnnXEHsXE9IvCb92V7g,Press Conference: Louisville vs. Alabama Postgame (2026 Women's Second Round),2026-03-23T13:30:19Z,102,5,
2026-03-23T18:59:44+00:00,q7oYm4P9UKc,UCKjEtnnXEHsXE9IvCb92V7g,100 gorillas vs. Florida Final Boss? 🦍🐊 #shorts,2026-03-23T03:39:28Z,35436,359,30
2026-03-23T18:59:44+00:00,gRNQkeddOeo,UCKjEtnnXEHsXE9IvCb92V7g,“I would light this thing on fire” 🔥🤣,2026-03-23T02:03:26Z,6863,235,6
2026-03-23T18:59:44+00:00,a8PrkqVWt_s,UCKjEtnnXEHsXE9IvCb92V7g,Tony Delk breaks down the difference in the 2025 and 2026 Florida guards. #MarchMadness,2026-03-23T01:13:03Z,2226,11,1
2026-03-23T19:00:15+00:00,25nXjfAtOvc,UCKjEtnnXEHsXE9IvCb92V7g,Press Conference: Louisville vs. Alabama Postgame (2026 Women's Second Round),2026-03-23T13:30:19Z,104,5,
2026-03-23T19:00:15+00:00,q7oYm4P9UKc,UCKjEtnnXEHsXE9IvCb92V7g,100 gorillas vs. Florida Final Boss? 🦍🐊 #shorts,2026-03-23T03:39:28Z,35436,359,30
2026-03-23T19:00:15+00:00,gRNQkeddOeo,UCKjEtnnXEHsXE9IvCb92V7g,“I would light this thing on fire” 🔥🤣,2026-03-23T02:03:26Z,6863,236,6
2026-03-23T19:00:15+00:00,a8PrkqVWt_s,UCKjEtnnXEHsXE9IvCb92V7g,Tony Delk breaks down the difference in the 2025 and 2026 Florida guards. #MarchMadness,2026-03-23T01:13:03Z,2226,11,1
2026-03-23T19:00:46+00:00,25nXjfAtOvc,UCKjEtnnXEHsXE9IvCb92V7g,Press Conference: Louisville vs. Alabama Postgame (2026 Women's Second Round),2026-03-23T13:30:19Z,104,5,
2026-03-23T19:00:46+00:00,q7oYm4P9UKc,UCKjEtnnXEHsXE9IvCb92V7g,100 gorillas vs. Florida Final Boss? 🦍🐊 #shorts,2026-03-23T03:39:28Z,35436,362,30
2026-03-23T19:00:46+00:00,gRNQkeddOeo,UCKjEtnnXEHsXE9IvCb92V7g,“I would light this thing on fire” 🔥🤣,2026-03-23T02:03:26Z,6863,236,6
2026-03-23T19:00:46+00:00,a8PrkqVWt_s,UCKjEtnnXEHsXE9IvCb92V7g,Tony Delk breaks down the difference in the 2025 and 2026 Florida guards. #MarchMadness,2026-03-23T01:13:03Z,2226,11,1
2026-03-23T19:01:17+00:00,25nXjfAtOvc,UCKjEtnnXEHsXE9IvCb92V7g,Press Conference: Louisville vs. Alabama Postgame (2026 Women's Second Round),2026-03-23T13:30:19Z,107,5,
2026-03-23T19:01:17+00:00,q7oYm4P9UKc,UCKjEtnnXEHsXE9IvCb92V7g,100 gorillas vs. Florida Final Boss? 🦍🐊 #shorts,2026-03-23T03:39:28Z,35521,362,30
2026-03-23T19:01:17+00:00,gRNQkeddOeo,UCKjEtnnXEHsXE9IvCb92V7g,“I would light this thing on fire” 🔥🤣,2026-03-23T02:03:26Z,6863,236,6
2026-03-23T19:01:17+00:00,a8PrkqVWt_s,UCKjEtnnXEHsXE9IvCb92V7g,Tony Delk breaks down the difference in the 2025 and 2026 Florida guards. #MarchMadness,2026-03-23T01:13:03Z,2226,11,1
2026-03-23T19:01:47+00:00,25nXjfAtOvc,UCKjEtnnXEHsXE9IvCb92V7g,Press Conference: Louisville vs. Alabama Postgame (2026 Women's Second Round),2026-03-23T13:30:19Z,107,5,
2026-03-23T19:01:47+00:00,q7oYm4P9UKc,UCKjEtnnXEHsXE9IvCb92V7g,100 gorillas vs. Florida Final Boss? 🦍🐊 #shorts,2026-03-23T03:39:28Z,35524,362,30
2026-03-23T19:01:47+00:00,gRNQkeddOeo,UCKjEtnnXEHsXE9IvCb92V7g,“I would light this thing on fire” 🔥🤣,2026-03-23T02:03:26Z,6863,236,6
2026-03-23T19:01:47+00:00,a8PrkqVWt_s,UCKjEtnnXEHsXE9IvCb92V7g,Tony Delk breaks down the difference in the 2025 and 2026 Florida guards. #MarchMadness,2026-03-23T01:13:03Z,2226,11,1
2026-03-23T19:02:18+00:00,25nXjfAtOvc,UCKjEtnnXEHsXE9IvCb92V7g,Press Conference: Louisville vs. Alabama Postgame (2026 Women's Second Round),2026-03-23T13:30:19Z,107,4,
2026-03-23T19:02:18+00:00,q7oYm4P9UKc,UCKjEtnnXEHsXE9IvCb92V7g,100 gorillas vs. Florida Final Boss? 🦍🐊 #shorts,2026-03-23T03:39:28Z,35524,362,30
2026-03-23T19:02:18+00:00,gRNQkeddOeo,UCKjEtnnXEHsXE9IvCb92V7g,“I would light this thing on fire” 🔥🤣,2026-03-23T02:03:26Z,6863,236,6
2026-03-23T19:02:18+00:00,a8PrkqVWt_s,UCKjEtnnXEHsXE9IvCb92V7g,Tony Delk breaks down the difference in the 2025 and 2026 Florida guards. #MarchMadness,2026-03-23T01:13:03Z,2226,11,1
2026-03-23T19:02:49+00:00,25nXjfAtOvc,UCKjEtnnXEHsXE9IvCb92V7g,Press Conference: Louisville vs. Alabama Postgame (2026 Women's Second Round),2026-03-23T13:30:19Z,112,5,
2026-03-23T19:02:49+00:00,q7oYm4P9UKc,UCKjEtnnXEHsXE9IvCb92V7g,100 gorillas vs. Florida Final Boss? 🦍🐊 #shorts,2026-03-23T03:39:28Z,35524,363,30
2026-03-23T19:02:49+00:00,gRNQkeddOeo,UCKjEtnnXEHsXE9IvCb92V7g,“I would light this thing on fire” 🔥🤣,2026-03-23T02:03:26Z,6863,236,6
2026-03-23T19:02:49+00:00,a8PrkqVWt_s,UCKjEtnnXEHsXE9IvCb92V7g,Tony Delk breaks down the difference in the 2025 and 2026 Florida guards. #MarchMadness,2026-03-23T01:13:03Z,2226,11,1
2026-03-23T19:03:19+00:00,25nXjfAtOvc,UCKjEtnnXEHsXE9IvCb92V7g,Press Conference: Louisville vs. Alabama Postgame (2026 Women's Second Round),2026-03-23T13:30:19Z,112,5,
2026-03-23T19:03:19+00:00,q7oYm4P9UKc,UCKjEtnnXEHsXE9IvCb92V7g,100 gorillas vs. Florida Final Boss? 🦍🐊 #shorts,2026-03-23T03:39:28Z,35524,363,30
2026-03-23T19:03:19+00:00,gRNQkeddOeo,UCKjEtnnXEHsXE9IvCb92V7g,“I would light this thing on fire” 🔥🤣,2026-03-23T02:03:26Z,6863,236,6
2026-03-23T19:03:19+00:00,a8PrkqVWt_s,UCKjEtnnXEHsXE9IvCb92V7g,Tony Delk breaks down the difference in the 2025 and 2026 Florida guards. #MarchMadness,2026-03-23T01:13:03Z,2226,11,1
2026-03-23T19:03:50+00:00,25nXjfAtOvc,UCKjEtnnXEHsXE9IvCb92V7g,Press Conference: Louisville vs. Alabama Postgame (2026 Women's Second Round),2026-03-23T13:30:19Z,116,5,
2026-03-23T19:03:50+00:00,q7oYm4P9UKc,UCKjEtnnXEHsXE9IvCb92V7g,100 gorillas vs. Florida Final Boss? 🦍🐊 #shorts,2026-03-23T03:39:28Z,35524,363,30
2026-03-23T19:03:50+00:00,gRNQkeddOeo,UCKjEtnnXEHsXE9IvCb92V7g,“I would light this thing on fire” 🔥🤣,2026-03-23T02:03:26Z,6863,236,6
2026-03-23T19:03:50+00:00,a8PrkqVWt_s,UCKjEtnnXEHsXE9IvCb92V7g,Tony Delk breaks down the difference in the 2025 and 2026 Florida guards. #MarchMadness,2026-03-23T01:13:03Z,2226,11,1
2026-03-23T19:04:21+00:00,25nXjfAtOvc,UCKjEtnnXEHsXE9IvCb92V7g,Press Conference: Louisville vs. Alabama Postgame (2026 Women's Second Round),2026-03-23T13:30:19Z,118,5,
2026-03-23T19:04:21+00:00,q7oYm4P9UKc,UCKjEtnnXEHsXE9IvCb92V7g,100 gorillas vs. Florida Final Boss? 🦍🐊 #shorts,2026-03-23T03:39:28Z,35524,363,30
2026-03-23T19:04:21+00:00,gRNQkeddOeo,UCKjEtnnXEHsXE9IvCb92V7g,“I would light this thing on fire” 🔥🤣,2026-03-23T02:03:26Z,6882,236,6
2026-03-23T19:04:21+00:00,a8PrkqVWt_s,UCKjEtnnXEHsXE9IvCb92V7g,Tony Delk breaks down the difference in the 2025 and 2026 Florida guards. #MarchMadness,2026-03-23T01:13:03Z,2226,11,1
2026-03-23T19:04:52+00:00,25nXjfAtOvc,UCKjEtnnXEHsXE9IvCb92V7g,Press Conference: Louisville vs. Alabama Postgame (2026 Women's Second Round),2026-03-23T13:30:19Z,118,5,
2026-03-23T19:04:52+00:00,q7oYm4P9UKc,UCKjEtnnXEHsXE9IvCb92V7g,100 gorillas vs. Florida Final Boss? 🦍🐊 #shorts,2026-03-23T03:39:28Z,35524,363,30
2026-03-23T19:04:52+00:00,gRNQkeddOeo,UCKjEtnnXEHsXE9IvCb92V7g,“I would light this thing on fire” 🔥🤣,2026-03-23T02:03:26Z,6882,236,6
2026-03-23T19:04:52+00:00,a8PrkqVWt_s,UCKjEtnnXEHsXE9IvCb92V7g,Tony Delk breaks down the difference in the 2025 and 2026 Florida guards. #MarchMadness,2026-03-23T01:13:03Z,2226,11,1
2026-03-23T19:05:23+00:00,25nXjfAtOvc,UCKjEtnnXEHsXE9IvCb92V7g,Press Conference: Louisville vs. Alabama Postgame (2026 Women's Second Round),2026-03-23T13:30:19Z,120,5,
2026-03-23T19:05:23+00:00,q7oYm4P9UKc,UCKjEtnnXEHsXE9IvCb92V7g,100 gorillas vs. Florida Final Boss? 🦍🐊 #shorts,2026-03-23T03:39:28Z,35524,363,30
2026-03-23T19:05:23+00:00,gRNQkeddOeo,UCKjEtnnXEHsXE9IvCb92V7g,“I would light this thing on fire” 🔥🤣,2026-03-23T02:03:26Z,6882,236,6
2026-03-23T19:05:23+00:00,a8PrkqVWt_s,UCKjEtnnXEHsXE9IvCb92V7g,Tony Delk breaks down the difference in the 2025 and 2026 Florida guards. #MarchMadness,2026-03-23T01:13:03Z,2226,11,1
2026-03-23T19:05:54+00:00,25nXjfAtOvc,UCKjEtnnXEHsXE9IvCb92V7g,Press Conference: Louisville vs. Alabama Postgame (2026 Women's Second Round),2026-03-23T13:30:19Z,120,5,
2026-03-23T19:05:54+00:00,q7oYm4P9UKc,UCKjEtnnXEHsXE9IvCb92V7g,100 gorillas vs. Florida Final Boss? 🦍🐊 #shorts,2026-03-23T03:39:28Z,35524,363,30
2026-03-23T19:05:54+00:00,gRNQkeddOeo,UCKjEtnnXEHsXE9IvCb92V7g,“I would light this thing on fire” 🔥🤣,2026-03-23T02:03:26Z,6882,236,6
2026-03-23T19:05:54+00:00,a8PrkqVWt_s,UCKjEtnnXEHsXE9IvCb92V7g,Tony Delk breaks down the difference in the 2025 and 2026 Florida guards. #MarchMadness,2026-03-23T01:13:03Z,2226,11,1
2026-03-23T19:06:25+00:00,25nXjfAtOvc,UCKjEtnnXEHsXE9IvCb92V7g,Press Conference: Louisville vs. Alabama Postgame (2026 Women's Second Round),2026-03-23T13:30:19Z,120,6,
2026-03-23T19:06:25+00:00,q7oYm4P9UKc,UCKjEtnnXEHsXE9IvCb92V7g,100 gorillas vs. Florida Final Boss? 🦍🐊 #shorts,2026-03-23T03:39:28Z,35631,363,30
2026-03-23T19:06:25+00:00,gRNQkeddOeo,UCKjEtnnXEHsXE9IvCb92V7g,“I would light this thing on fire” 🔥🤣,2026-03-23T02:03:26Z,6882,236,6
2026-03-23T19:06:25+00:00,a8PrkqVWt_s,UCKjEtnnXEHsXE9IvCb92V7g,Tony Delk breaks down the difference in the 2025 and 2026 Florida guards. #MarchMadness,2026-03-23T01:13:03Z,2226,11,1
2026-03-23T19:06:56+00:00,25nXjfAtOvc,UCKjEtnnXEHsXE9IvCb92V7g,Press Conference: Louisville vs. Alabama Postgame (2026 Women's Second Round),2026-03-23T13:30:19Z,124,6,
2026-03-23T19:06:56+00:00,q7oYm4P9UKc,UCKjEtnnXEHsXE9IvCb92V7g,100 gorillas vs. Florida Final Boss? 🦍🐊 #shorts,2026-03-23T03:39:28Z,35631,364,30
2026-03-23T19:06:56+00:00,gRNQkeddOeo,UCKjEtnnXEHsXE9IvCb92V7g,“I would light this thing on fire” 🔥🤣,2026-03-23T02:03:26Z,6882,236,6
2026-03-23T19:06:56+00:00,a8PrkqVWt_s,UCKjEtnnXEHsXE9IvCb92V7g,Tony Delk breaks down the difference in the 2025 and 2026 Florida guards. #MarchMadness,2026-03-23T01:13:03Z,2226,11,1
2026-03-23T19:07:27+00:00,25nXjfAtOvc,UCKjEtnnXEHsXE9IvCb92V7g,Press Conference: Louisville vs. Alabama Postgame (2026 Women's Second Round),2026-03-23T13:30:19Z,124,7,
2026-03-23T19:07:27+00:00,q7oYm4P9UKc,UCKjEtnnXEHsXE9IvCb92V7g,100 gorillas vs. Florida Final Boss? 🦍🐊 #shorts,2026-03-23T03:39:28Z,35631,365,30
2026-03-23T19:07:27+00:00,gRNQkeddOeo,UCKjEtnnXEHsXE9IvCb92V7g,“I would light this thing on fire” 🔥🤣,2026-03-23T02:03:26Z,6882,237,6
2026-03-23T19:07:27+00:00,a8PrkqVWt_s,UCKjEtnnXEHsXE9IvCb92V7g,Tony Delk breaks down the difference in the 2025 and 2026 Florida guards. #MarchMadness,2026-03-23T01:13:03Z,2226,11,1
2026-03-23T19:07:58+00:00,25nXjfAtOvc,UCKjEtnnXEHsXE9IvCb92V7g,Press Conference: Louisville vs. Alabama Postgame (2026 Women's Second Round),2026-03-23T13:30:19Z,127,7,
2026-03-23T19:07:58+00:00,q7oYm4P9UKc,UCKjEtnnXEHsXE9IvCb92V7g,100 gorillas vs. Florida Final Boss? 🦍🐊 #shorts,2026-03-23T03:39:28Z,35631,368,30
2026-03-23T19:07:58+00:00,gRNQkeddOeo,UCKjEtnnXEHsXE9IvCb92V7g,“I would light this thing on fire” 🔥🤣,2026-03-23T02:03:26Z,6882,237,6
2026-03-23T19:07:58+00:00,a8PrkqVWt_s,UCKjEtnnXEHsXE9IvCb92V7g,Tony Delk breaks down the difference in the 2025 and 2026 Florida guards. #MarchMadness,2026-03-23T01:13:03Z,2226,11,1
2026-03-23T19:08:29+00:00,25nXjfAtOvc,UCKjEtnnXEHsXE9IvCb92V7g,Press Conference: Louisville vs. Alabama Postgame (2026 Women's Second Round),2026-03-23T13:30:19Z,128,7,
2026-03-23T19:08:29+00:00,q7oYm4P9UKc,UCKjEtnnXEHsXE9IvCb92V7g,100 gorillas vs. Florida Final Boss? 🦍🐊 #shorts,2026-03-23T03:39:28Z,35631,368,30
2026-03-23T19:08:29+00:00,gRNQkeddOeo,UCKjEtnnXEHsXE9IvCb92V7g,“I would light this thing on fire” 🔥🤣,2026-03-23T02:03:26Z,6882,238,6
2026-03-23T19:08:29+00:00,a8PrkqVWt_s,UCKjEtnnXEHsXE9IvCb92V7g,Tony Delk breaks down the difference in the 2025 and 2026 Florida guards. #MarchMadness,2026-03-23T01:13:03Z,2226,11,1
2026-03-23T19:09:00+00:00,25nXjfAtOvc,UCKjEtnnXEHsXE9IvCb92V7g,Press Conference: Louisville vs. Alabama Postgame (2026 Women's Second Round),2026-03-23T13:30:19Z,128,8,
2026-03-23T19:09:00+00:00,q7oYm4P9UKc,UCKjEtnnXEHsXE9IvCb92V7g,100 gorillas vs. Florida Final Boss? 🦍🐊 #shorts,2026-03-23T03:39:28Z,35631,368,30
2026-03-23T19:09:00+00:00,gRNQkeddOeo,UCKjEtnnXEHsXE9IvCb92V7g,“I would light this thing on fire” 🔥🤣,2026-03-23T02:03:26Z,6905,238,6
2026-03-23T19:09:00+00:00,a8PrkqVWt_s,UCKjEtnnXEHsXE9IvCb92V7g,Tony Delk breaks down the difference in the 2025 and 2026 Florida guards. #MarchMadness,2026-03-23T01:13:03Z,2226,11,1
2026-03-23T19:09:31+00:00,25nXjfAtOvc,UCKjEtnnXEHsXE9IvCb92V7g,Press Conference: Louisville vs. Alabama Postgame (2026 Women's Second Round),2026-03-23T13:30:19Z,131,8,
2026-03-23T19:09:31+00:00,q7oYm4P9UKc,UCKjEtnnXEHsXE9IvCb92V7g,100 gorillas vs. Florida Final Boss? 🦍🐊 #shorts,2026-03-23T03:39:28Z,35631,368,30
2026-03-23T19:09:31+00:00,gRNQkeddOeo,UCKjEtnnXEHsXE9IvCb92V7g,“I would light this thing on fire” 🔥🤣,2026-03-23T02:03:26Z,6905,238,6
2026-03-23T19:09:31+00:00,a8PrkqVWt_s,UCKjEtnnXEHsXE9IvCb92V7g,Tony Delk breaks down the difference in the 2025 and 2026 Florida guards. #MarchMadness,2026-03-23T01:13:03Z,2226,11,1
2026-03-23T19:10:01+00:00,25nXjfAtOvc,UCKjEtnnXEHsXE9IvCb92V7g,Press Conference: Louisville vs. Alabama Postgame (2026 Women's Second Round),2026-03-23T13:30:19Z,132,8,
2026-03-23T19:10:01+00:00,q7oYm4P9UKc,UCKjEtnnXEHsXE9IvCb92V7g,100 gorillas vs. Florida Final Boss? 🦍🐊 #shorts,2026-03-23T03:39:28Z,35631,368,30
2026-03-23T19:10:01+00:00,gRNQkeddOeo,UCKjEtnnXEHsXE9IvCb92V7g,“I would light this thing on fire” 🔥🤣,2026-03-23T02:03:26Z,6905,238,6
2026-03-23T19:10:01+00:00,a8PrkqVWt_s,UCKjEtnnXEHsXE9IvCb92V7g,Tony Delk breaks down the difference in the 2025 and 2026 Florida guards. #MarchMadness,2026-03-23T01:13:03Z,2226,11,1
2026-03-23T19:10:32+00:00,25nXjfAtOvc,UCKjEtnnXEHsXE9IvCb92V7g,Press Conference: Louisville vs. Alabama Postgame (2026 Women's Second Round),2026-03-23T13:30:19Z,132,8,
2026-03-23T19:10:32+00:00,q7oYm4P9UKc,UCKjEtnnXEHsXE9IvCb92V7g,100 gorillas vs. Florida Final Boss? 🦍🐊 #shorts,2026-03-23T03:39:28Z,35631,369,30
2026-03-23T19:10:32+00:00,gRNQkeddOeo,UCKjEtnnXEHsXE9IvCb92V7g,“I would light this thing on fire” 🔥🤣,2026-03-23T02:03:26Z,6905,239,6
2026-03-23T19:10:32+00:00,a8PrkqVWt_s,UCKjEtnnXEHsXE9IvCb92V7g,Tony Delk breaks down the difference in the 2025 and 2026 Florida guards. #MarchMadness,2026-03-23T01:13:03Z,2226,11,1
2026-03-23T19:11:03+00:00,25nXjfAtOvc,UCKjEtnnXEHsXE9IvCb92V7g,Press Conference: Louisville vs. Alabama Postgame (2026 Women's Second Round),2026-03-23T13:30:19Z,135,8,
2026-03-23T19:11:03+00:00,q7oYm4P9UKc,UCKjEtnnXEHsXE9IvCb92V7g,100 gorillas vs. Florida Final Boss? 🦍🐊 #shorts,2026-03-23T03:39:28Z,35631,369,30
2026-03-23T19:11:03+00:00,gRNQkeddOeo,UCKjEtnnXEHsXE9IvCb92V7g,“I would light this thing on fire” 🔥🤣,2026-03-23T02:03:26Z,6905,239,6
2026-03-23T19:11:03+00:00,a8PrkqVWt_s,UCKjEtnnXEHsXE9IvCb92V7g,Tony Delk breaks down the difference in the 2025 and 2026 Florida guards. #MarchMadness,2026-03-23T01:13:03Z,2226,11,1
2026-03-23T19:11:34+00:00,25nXjfAtOvc,UCKjEtnnXEHsXE9IvCb92V7g,Press Conference: Louisville vs. Alabama Postgame (2026 Women's Second Round),2026-03-23T13:30:19Z,135,8,
2026-03-23T19:11:34+00:00,q7oYm4P9UKc,UCKjEtnnXEHsXE9IvCb92V7g,100 gorillas vs. Florida Final Boss? 🦍🐊 #shorts,2026-03-23T03:39:28Z,35775,369,30
2026-03-23T19:11:34+00:00,gRNQkeddOeo,UCKjEtnnXEHsXE9IvCb92V7g,“I would light this thing on fire” 🔥🤣,2026-03-23T02:03:26Z,6905,239,6
2026-03-23T19:11:34+00:00,a8PrkqVWt_s,UCKjEtnnXEHsXE9IvCb92V7g,Tony Delk breaks down the difference in the 2025 and 2026 Florida guards. #MarchMadness,2026-03-23T01:13:03Z,2226,11,1
2026-03-23T19:12:05+00:00,25nXjfAtOvc,UCKjEtnnXEHsXE9IvCb92V7g,Press Conference: Louisville vs. Alabama Postgame (2026 Women's Second Round),2026-03-23T13:30:19Z,136,8,
2026-03-23T19:12:05+00:00,q7oYm4P9UKc,UCKjEtnnXEHsXE9IvCb92V7g,100 gorillas vs. Florida Final Boss? 🦍🐊 #shorts,2026-03-23T03:39:28Z,35775,369,30
2026-03-23T19:12:05+00:00,gRNQkeddOeo,UCKjEtnnXEHsXE9IvCb92V7g,“I would light this thing on fire” 🔥🤣,2026-03-23T02:03:26Z,6905,239,6
2026-03-23T19:12:05+00:00,a8PrkqVWt_s,UCKjEtnnXEHsXE9IvCb92V7g,Tony Delk breaks down the difference in the 2025 and 2026 Florida guards. #MarchMadness,2026-03-23T01:13:03Z,2226,11,1
2026-03-23T19:12:36+00:00,25nXjfAtOvc,UCKjEtnnXEHsXE9IvCb92V7g,Press Conference: Louisville vs. Alabama Postgame (2026 Women's Second Round),2026-03-23T13:30:19Z,136,8,
2026-03-23T19:12:36+00:00,q7oYm4P9UKc,UCKjEtnnXEHsXE9IvCb92V7g,100 gorillas vs. Florida Final Boss? 🦍🐊 #shorts,2026-03-23T03:39:28Z,35775,369,30
2026-03-23T19:12:36+00:00,gRNQkeddOeo,UCKjEtnnXEHsXE9IvCb92V7g,“I would light this thing on fire” 🔥🤣,2026-03-23T02:03:26Z,6905,239,6
2026-03-23T19:12:36+00:00,a8PrkqVWt_s,UCKjEtnnXEHsXE9IvCb92V7g,Tony Delk breaks down the difference in the 2025 and 2026 Florida guards. #MarchMadness,2026-03-23T01:13:03Z,2226,11,1
2026-03-23T19:13:07+00:00,25nXjfAtOvc,UCKjEtnnXEHsXE9IvCb92V7g,Press Conference: Louisville vs. Alabama Postgame (2026 Women's Second Round),2026-03-23T13:30:19Z,136,8,
2026-03-23T19:13:07+00:00,q7oYm4P9UKc,UCKjEtnnXEHsXE9IvCb92V7g,100 gorillas vs. Florida Final Boss? 🦍🐊 #shorts,2026-03-23T03:39:28Z,35775,369,30
2026-03-23T19:13:07+00:00,gRNQkeddOeo,UCKjEtnnXEHsXE9IvCb92V7g,“I would light this thing on fire” 🔥🤣,2026-03-23T02:03:26Z,6905,239,6
2026-03-23T19:13:07+00:00,a8PrkqVWt_s,UCKjEtnnXEHsXE9IvCb92V7g,Tony Delk breaks down the difference in the 2025 and 2026 Florida guards. #MarchMadness,2026-03-23T01:13:03Z,2226,11,1
2026-03-23T19:13:38+00:00,25nXjfAtOvc,UCKjEtnnXEHsXE9IvCb92V7g,Press Conference: Louisville vs. Alabama Postgame (2026 Women's Second Round),2026-03-23T13:30:19Z,136,8,
2026-03-23T19:13:38+00:00,q7oYm4P9UKc,UCKjEtnnXEHsXE9IvCb92V7g,100 gorillas vs. Florida Final Boss? 🦍🐊 #shorts,2026-03-23T03:39:28Z,35775,369,30
2026-03-23T19:13:38+00:00,gRNQkeddOeo,UCKjEtnnXEHsXE9IvCb92V7g,“I would light this thing on fire” 🔥🤣,2026-03-23T02:03:26Z,6905,239,6
2026-03-23T19:13:38+00:00,a8PrkqVWt_s,UCKjEtnnXEHsXE9IvCb92V7g,Tony Delk breaks down the difference in the 2025 and 2026 Florida guards. #MarchMadness,2026-03-23T01:13:03Z,2226,11,1
2026-03-23T19:14:08+00:00,25nXjfAtOvc,UCKjEtnnXEHsXE9IvCb92V7g,Press Conference: Louisville vs. Alabama Postgame (2026 Women's Second Round),2026-03-23T13:30:19Z,138,8,
2026-03-23T19:14:08+00:00,q7oYm4P9UKc,UCKjEtnnXEHsXE9IvCb92V7g,100 gorillas vs. Florida Final Boss? 🦍🐊 #shorts,2026-03-23T03:39:28Z,35775,369,30
2026-03-23T19:14:08+00:00,gRNQkeddOeo,UCKjEtnnXEHsXE9IvCb92V7g,“I would light this thing on fire” 🔥🤣,2026-03-23T02:03:26Z,6916,239,6
2026-03-23T19:14:08+00:00,a8PrkqVWt_s,UCKjEtnnXEHsXE9IvCb92V7g,Tony Delk breaks down the difference in the 2025 and 2026 Florida guards. #MarchMadness,2026-03-23T01:13:03Z,2226,11,1
2026-03-23T19:14:39+00:00,25nXjfAtOvc,UCKjEtnnXEHsXE9IvCb92V7g,Press Conference: Louisville vs. Alabama Postgame (2026 Women's Second Round),2026-03-23T13:30:19Z,138,9,
2026-03-23T19:14:39+00:00,q7oYm4P9UKc,UCKjEtnnXEHsXE9IvCb92V7g,100 gorillas vs. Florida Final Boss? 🦍🐊 #shorts,2026-03-23T03:39:28Z,35775,369,30
2026-03-23T19:14:39+00:00,gRNQkeddOeo,UCKjEtnnXEHsXE9IvCb92V7g,“I would light this thing on fire” 🔥🤣,2026-03-23T02:03:26Z,6916,239,6
2026-03-23T19:14:39+00:00,a8PrkqVWt_s,UCKjEtnnXEHsXE9IvCb92V7g,Tony Delk breaks down the difference in the 2025 and 2026 Florida guards. #MarchMadness,2026-03-23T01:13:03Z,2226,11,1
2026-03-23T19:15:10+00:00,q7oYm4P9UKc,UCKjEtnnXEHsXE9IvCb92V7g,100 gorillas vs. Florida Final Boss? 🦍🐊 #shorts,2026-03-23T03:39:28Z,35775,369,30
2026-03-23T19:15:10+00:00,gRNQkeddOeo,UCKjEtnnXEHsXE9IvCb92V7g,“I would light this thing on fire” 🔥🤣,2026-03-23T02:03:26Z,6916,239,6
2026-03-23T19:15:10+00:00,a8PrkqVWt_s,UCKjEtnnXEHsXE9IvCb92V7g,Tony Delk breaks down the difference in the 2025 and 2026 Florida guards. #MarchMadness,2026-03-23T01:13:03Z,2226,11,1
2026-03-23T19:15:41+00:00,q7oYm4P9UKc,UCKjEtnnXEHsXE9IvCb92V7g,100 gorillas vs. Florida Final Boss? 🦍🐊 #shorts,2026-03-23T03:39:28Z,35775,369,30
2026-03-23T19:15:41+00:00,gRNQkeddOeo,UCKjEtnnXEHsXE9IvCb92V7g,“I would light this thing on fire” 🔥🤣,2026-03-23T02:03:26Z,6916,240,6
2026-03-23T19:15:41+00:00,a8PrkqVWt_s,UCKjEtnnXEHsXE9IvCb92V7g,Tony Delk breaks down the difference in the 2025 and 2026 Florida guards. #MarchMadness,2026-03-23T01:13:03Z,2226,11,1
2026-03-23T19:16:12+00:00,q7oYm4P9UKc,UCKjEtnnXEHsXE9IvCb92V7g,100 gorillas vs. Florida Final Boss? 🦍🐊 #shorts,2026-03-23T03:39:28Z,35775,369,30
2026-03-23T19:16:12+00:00,gRNQkeddOeo,UCKjEtnnXEHsXE9IvCb92V7g,“I would light this thing on fire” 🔥🤣,2026-03-23T02:03:26Z,6916,241,6
2026-03-23T19:16:12+00:00,a8PrkqVWt_s,UCKjEtnnXEHsXE9IvCb92V7g,Tony Delk breaks down the difference in the 2025 and 2026 Florida guards. #MarchMadness,2026-03-23T01:13:03Z,2226,11,1
2026-03-23T19:16:42+00:00,q7oYm4P9UKc,UCKjEtnnXEHsXE9IvCb92V7g,100 gorillas vs. Florida Final Boss? 🦍🐊 #shorts,2026-03-23T03:39:28Z,35836,369,30
2026-03-23T19:16:42+00:00,gRNQkeddOeo,UCKjEtnnXEHsXE9IvCb92V7g,“I would light this thing on fire” 🔥🤣,2026-03-23T02:03:26Z,6916,241,6
2026-03-23T19:16:42+00:00,a8PrkqVWt_s,UCKjEtnnXEHsXE9IvCb92V7g,Tony Delk breaks down the difference in the 2025 and 2026 Florida guards. #MarchMadness,2026-03-23T01:13:03Z,2226,11,1
2026-03-23T19:17:13+00:00,q7oYm4P9UKc,UCKjEtnnXEHsXE9IvCb92V7g,100 gorillas vs. Florida Final Boss? 🦍🐊 #shorts,2026-03-23T03:39:28Z,35836,371,30
2026-03-23T19:17:13+00:00,gRNQkeddOeo,UCKjEtnnXEHsXE9IvCb92V7g,“I would light this thing on fire” 🔥🤣,2026-03-23T02:03:26Z,6916,241,6
2026-03-23T19:17:13+00:00,a8PrkqVWt_s,UCKjEtnnXEHsXE9IvCb92V7g,Tony Delk breaks down the difference in the 2025 and 2026 Florida guards. #MarchMadness,2026-03-23T01:13:03Z,2226,11,1
2026-03-23T19:17:44+00:00,q7oYm4P9UKc,UCKjEtnnXEHsXE9IvCb92V7g,100 gorillas vs. Florida Final Boss? 🦍🐊 #shorts,2026-03-23T03:39:28Z,35836,371,30
2026-03-23T19:17:44+00:00,gRNQkeddOeo,UCKjEtnnXEHsXE9IvCb92V7g,“I would light this thing on fire” 🔥🤣,2026-03-23T02:03:26Z,6916,241,6
2026-03-23T19:17:44+00:00,a8PrkqVWt_s,UCKjEtnnXEHsXE9IvCb92V7g,Tony Delk breaks down the difference in the 2025 and 2026 Florida guards. #MarchMadness,2026-03-23T01:13:03Z,2226,11,1
2026-03-23T19:18:14+00:00,q7oYm4P9UKc,UCKjEtnnXEHsXE9IvCb92V7g,100 gorillas vs. Florida Final Boss? 🦍🐊 #shorts,2026-03-23T03:39:28Z,35836,371,30
2026-03-23T19:18:14+00:00,gRNQkeddOeo,UCKjEtnnXEHsXE9IvCb92V7g,“I would light this thing on fire” 🔥🤣,2026-03-23T02:03:26Z,6916,241,6
2026-03-23T19:18:14+00:00,a8PrkqVWt_s,UCKjEtnnXEHsXE9IvCb92V7g,Tony Delk breaks down the difference in the 2025 and 2026 Florida guards. #MarchMadness,2026-03-23T01:13:03Z,2226,11,1
2026-03-23T19:18:45+00:00,q7oYm4P9UKc,UCKjEtnnXEHsXE9IvCb92V7g,100 gorillas vs. Florida Final Boss? 🦍🐊 #shorts,2026-03-23T03:39:28Z,35836,371,30
2026-03-23T19:18:45+00:00,gRNQkeddOeo,UCKjEtnnXEHsXE9IvCb92V7g,“I would light this thing on fire” 🔥🤣,2026-03-23T02:03:26Z,6916,241,6
2026-03-23T19:18:45+00:00,a8PrkqVWt_s,UCKjEtnnXEHsXE9IvCb92V7g,Tony Delk breaks down the difference in the 2025 and 2026 Florida guards. #MarchMadness,2026-03-23T01:13:03Z,2226,11,1
2026-03-23T19:19:16+00:00,q7oYm4P9UKc,UCKjEtnnXEHsXE9IvCb92V7g,100 gorillas vs. Florida Final Boss? 🦍🐊 #shorts,2026-03-23T03:39:28Z,35836,372,30
2026-03-23T19:19:16+00:00,gRNQkeddOeo,UCKjEtnnXEHsXE9IvCb92V7g,“I would light this thing on fire” 🔥🤣,2026-03-23T02:03:26Z,6946,241,6
2026-03-23T19:19:16+00:00,a8PrkqVWt_s,UCKjEtnnXEHsXE9IvCb92V7g,Tony Delk breaks down the difference in the 2025 and 2026 Florida guards. #MarchMadness,2026-03-23T01:13:03Z,2226,11,1
2026-03-23T19:19:46+00:00,q7oYm4P9UKc,UCKjEtnnXEHsXE9IvCb92V7g,100 gorillas vs. Florida Final Boss? 🦍🐊 #shorts,2026-03-23T03:39:28Z,35836,372,30
2026-03-23T19:19:46+00:00,gRNQkeddOeo,UCKjEtnnXEHsXE9IvCb92V7g,“I would light this thing on fire” 🔥🤣,2026-03-23T02:03:26Z,6946,241,6
2026-03-23T19:19:46+00:00,a8PrkqVWt_s,UCKjEtnnXEHsXE9IvCb92V7g,Tony Delk breaks down the difference in the 2025 and 2026 Florida guards. #MarchMadness,2026-03-23T01:13:03Z,2226,11,1
2026-03-23T19:20:17+00:00,q7oYm4P9UKc,UCKjEtnnXEHsXE9IvCb92V7g,100 gorillas vs. Florida Final Boss? 🦍🐊 #shorts,2026-03-23T03:39:28Z,35836,373,30
2026-03-23T19:20:17+00:00,gRNQkeddOeo,UCKjEtnnXEHsXE9IvCb92V7g,“I would light this thing on fire” 🔥🤣,2026-03-23T02:03:26Z,6946,242,6
2026-03-23T19:20:17+00:00,a8PrkqVWt_s,UCKjEtnnXEHsXE9IvCb92V7g,Tony Delk breaks down the difference in the 2025 and 2026 Florida guards. #MarchMadness,2026-03-23T01:13:03Z,2226,11,1
2026-03-23T19:20:48+00:00,q7oYm4P9UKc,UCKjEtnnXEHsXE9IvCb92V7g,100 gorillas vs. Florida Final Boss? 🦍🐊 #shorts,2026-03-23T03:39:28Z,35836,373,30
2026-03-23T19:20:48+00:00,gRNQkeddOeo,UCKjEtnnXEHsXE9IvCb92V7g,“I would light this thing on fire” 🔥🤣,2026-03-23T02:03:26Z,6946,242,6
2026-03-23T19:20:48+00:00,a8PrkqVWt_s,UCKjEtnnXEHsXE9IvCb92V7g,Tony Delk breaks down the difference in the 2025 and 2026 Florida guards. #MarchMadness,2026-03-23T01:13:03Z,2226,11,1
2026-03-23T19:21:18+00:00,q7oYm4P9UKc,UCKjEtnnXEHsXE9IvCb92V7g,100 gorillas vs. Florida Final Boss? 🦍🐊 #shorts,2026-03-23T03:39:28Z,36091,373,30
2026-03-23T19:21:18+00:00,gRNQkeddOeo,UCKjEtnnXEHsXE9IvCb92V7g,“I would light this thing on fire” 🔥🤣,2026-03-23T02:03:26Z,6946,242,6
2026-03-23T19:21:18+00:00,a8PrkqVWt_s,UCKjEtnnXEHsXE9IvCb92V7g,Tony Delk breaks down the difference in the 2025 and 2026 Florida guards. #MarchMadness,2026-03-23T01:13:03Z,2226,11,1
2026-03-23T19:21:49+00:00,q7oYm4P9UKc,UCKjEtnnXEHsXE9IvCb92V7g,100 gorillas vs. Florida Final Boss? 🦍🐊 #shorts,2026-03-23T03:39:28Z,36093,373,30
2026-03-23T19:21:49+00:00,gRNQkeddOeo,UCKjEtnnXEHsXE9IvCb92V7g,“I would light this thing on fire” 🔥🤣,2026-03-23T02:03:26Z,6946,242,6
2026-03-23T19:21:49+00:00,a8PrkqVWt_s,UCKjEtnnXEHsXE9IvCb92V7g,Tony Delk breaks down the difference in the 2025 and 2026 Florida guards. #MarchMadness,2026-03-23T01:13:03Z,2226,11,1
2026-03-23T19:22:20+00:00,q7oYm4P9UKc,UCKjEtnnXEHsXE9IvCb92V7g,100 gorillas vs. Florida Final Boss? 🦍🐊 #shorts,2026-03-23T03:39:28Z,36093,373,30
2026-03-23T19:22:20+00:00,gRNQkeddOeo,UCKjEtnnXEHsXE9IvCb92V7g,“I would light this thing on fire” 🔥🤣,2026-03-23T02:03:26Z,6946,242,6
2026-03-23T19:22:20+00:00,a8PrkqVWt_s,UCKjEtnnXEHsXE9IvCb92V7g,Tony Delk breaks down the difference in the 2025 and 2026 Florida guards. #MarchMadness,2026-03-23T01:13:03Z,2226,11,1
2026-03-23T19:22:50+00:00,q7oYm4P9UKc,UCKjEtnnXEHsXE9IvCb92V7g,100 gorillas vs. Florida Final Boss? 🦍🐊 #shorts,2026-03-23T03:39:28Z,36093,373,30
2026-03-23T19:22:50+00:00,gRNQkeddOeo,UCKjEtnnXEHsXE9IvCb92V7g,“I would light this thing on fire” 🔥🤣,2026-03-23T02:03:26Z,6946,242,6
2026-03-23T19:22:50+00:00,a8PrkqVWt_s,UCKjEtnnXEHsXE9IvCb92V7g,Tony Delk breaks down the difference in the 2025 and 2026 Florida guards. #MarchMadness,2026-03-23T01:13:03Z,2226,11,1
2026-03-23T19:23:21+00:00,q7oYm4P9UKc,UCKjEtnnXEHsXE9IvCb92V7g,100 gorillas vs. Florida Final Boss? 🦍🐊 #shorts,2026-03-23T03:39:28Z,36093,373,30
2026-03-23T19:23:21+00:00,gRNQkeddOeo,UCKjEtnnXEHsXE9IvCb92V7g,“I would light this thing on fire” 🔥🤣,2026-03-23T02:03:26Z,6946,242,6
2026-03-23T19:23:21+00:00,a8PrkqVWt_s,UCKjEtnnXEHsXE9IvCb92V7g,Tony Delk breaks down the difference in the 2025 and 2026 Florida guards. #MarchMadness,2026-03-23T01:13:03Z,2226,11,1
2026-03-23T19:23:52+00:00,q7oYm4P9UKc,UCKjEtnnXEHsXE9IvCb92V7g,100 gorillas vs. Florida Final Boss? 🦍🐊 #shorts,2026-03-23T03:39:28Z,36093,373,30
2026-03-23T19:23:52+00:00,gRNQkeddOeo,UCKjEtnnXEHsXE9IvCb92V7g,“I would light this thing on fire” 🔥🤣,2026-03-23T02:03:26Z,6946,243,6
2026-03-23T19:23:52+00:00,a8PrkqVWt_s,UCKjEtnnXEHsXE9IvCb92V7g,Tony Delk breaks down the difference in the 2025 and 2026 Florida guards. #MarchMadness,2026-03-23T01:13:03Z,2226,11,1
2026-03-23T19:24:23+00:00,q7oYm4P9UKc,UCKjEtnnXEHsXE9IvCb92V7g,100 gorillas vs. Florida Final Boss? 🦍🐊 #shorts,2026-03-23T03:39:28Z,36093,374,30
2026-03-23T19:24:23+00:00,gRNQkeddOeo,UCKjEtnnXEHsXE9IvCb92V7g,“I would light this thing on fire” 🔥🤣,2026-03-23T02:03:26Z,6987,243,6
2026-03-23T19:24:23+00:00,a8PrkqVWt_s,UCKjEtnnXEHsXE9IvCb92V7g,Tony Delk breaks down the difference in the 2025 and 2026 Florida guards. #MarchMadness,2026-03-23T01:13:03Z,2226,11,1
2026-03-23T19:24:54+00:00,q7oYm4P9UKc,UCKjEtnnXEHsXE9IvCb92V7g,100 gorillas vs. Florida Final Boss? 🦍🐊 #shorts,2026-03-23T03:39:28Z,36093,375,30
2026-03-23T19:24:54+00:00,gRNQkeddOeo,UCKjEtnnXEHsXE9IvCb92V7g,“I would light this thing on fire” 🔥🤣,2026-03-23T02:03:26Z,6987,243,6
2026-03-23T19:24:54+00:00,a8PrkqVWt_s,UCKjEtnnXEHsXE9IvCb92V7g,Tony Delk breaks down the difference in the 2025 and 2026 Florida guards. #MarchMadness,2026-03-23T01:13:03Z,2226,11,1
2026-03-23T19:25:25+00:00,q7oYm4P9UKc,UCKjEtnnXEHsXE9IvCb92V7g,100 gorillas vs. Florida Final Boss? 🦍🐊 #shorts,2026-03-23T03:39:28Z,36093,376,30
2026-03-23T19:25:25+00:00,gRNQkeddOeo,UCKjEtnnXEHsXE9IvCb92V7g,“I would light this thing on fire” 🔥🤣,2026-03-23T02:03:26Z,6987,243,6
2026-03-23T19:25:25+00:00,a8PrkqVWt_s,UCKjEtnnXEHsXE9IvCb92V7g,Tony Delk breaks down the difference in the 2025 and 2026 Florida guards. #MarchMadness,2026-03-23T01:13:03Z,2226,11,1
2026-03-23T19:25:56+00:00,q7oYm4P9UKc,UCKjEtnnXEHsXE9IvCb92V7g,100 gorillas vs. Florida Final Boss? 🦍🐊 #shorts,2026-03-23T03:39:28Z,36093,376,30
2026-03-23T19:25:56+00:00,gRNQkeddOeo,UCKjEtnnXEHsXE9IvCb92V7g,“I would light this thing on fire” 🔥🤣,2026-03-23T02:03:26Z,6987,243,6
2026-03-23T19:25:56+00:00,a8PrkqVWt_s,UCKjEtnnXEHsXE9IvCb92V7g,Tony Delk breaks down the difference in the 2025 and 2026 Florida guards. #MarchMadness,2026-03-23T01:13:03Z,2226,11,1
2026-03-23T19:26:27+00:00,q7oYm4P9UKc,UCKjEtnnXEHsXE9IvCb92V7g,100 gorillas vs. Florida Final Boss? 🦍🐊 #shorts,2026-03-23T03:39:28Z,36449,377,30
2026-03-23T19:26:27+00:00,gRNQkeddOeo,UCKjEtnnXEHsXE9IvCb92V7g,“I would light this thing on fire” 🔥🤣,2026-03-23T02:03:26Z,6987,243,6
2026-03-23T19:26:27+00:00,a8PrkqVWt_s,UCKjEtnnXEHsXE9IvCb92V7g,Tony Delk breaks down the difference in the 2025 and 2026 Florida guards. #MarchMadness,2026-03-23T01:13:03Z,2226,11,1
2026-03-23T19:26:57+00:00,q7oYm4P9UKc,UCKjEtnnXEHsXE9IvCb92V7g,100 gorillas vs. Florida Final Boss? 🦍🐊 #shorts,2026-03-23T03:39:28Z,36449,378,30
2026-03-23T19:26:57+00:00,gRNQkeddOeo,UCKjEtnnXEHsXE9IvCb92V7g,“I would light this thing on fire” 🔥🤣,2026-03-23T02:03:26Z,6987,243,6
2026-03-23T19:26:57+00:00,a8PrkqVWt_s,UCKjEtnnXEHsXE9IvCb92V7g,Tony Delk breaks down the difference in the 2025 and 2026 Florida guards. #MarchMadness,2026-03-23T01:13:03Z,2226,11,1
2026-03-23T19:27:28+00:00,q7oYm4P9UKc,UCKjEtnnXEHsXE9IvCb92V7g,100 gorillas vs. Florida Final Boss? 🦍🐊 #shorts,2026-03-23T03:39:28Z,36449,378,30
2026-03-23T19:27:28+00:00,gRNQkeddOeo,UCKjEtnnXEHsXE9IvCb92V7g,“I would light this thing on fire” 🔥🤣,2026-03-23T02:03:26Z,6987,243,6
2026-03-23T19:27:28+00:00,a8PrkqVWt_s,UCKjEtnnXEHsXE9IvCb92V7g,Tony Delk breaks down the difference in the 2025 and 2026 Florida guards. #MarchMadness,2026-03-23T01:13:03Z,2226,11,1
2026-03-23T19:27:59+00:00,q7oYm4P9UKc,UCKjEtnnXEHsXE9IvCb92V7g,100 gorillas vs. Florida Final Boss? 🦍🐊 #shorts,2026-03-23T03:39:28Z,36449,378,30
2026-03-23T19:27:59+00:00,gRNQkeddOeo,UCKjEtnnXEHsXE9IvCb92V7g,“I would light this thing on fire” 🔥🤣,2026-03-23T02:03:26Z,6987,243,6
2026-03-23T19:27:59+00:00,a8PrkqVWt_s,UCKjEtnnXEHsXE9IvCb92V7g,Tony Delk breaks down the difference in the 2025 and 2026 Florida guards. #MarchMadness,2026-03-23T01:13:03Z,2226,11,1
2026-03-23T19:28:30+00:00,q7oYm4P9UKc,UCKjEtnnXEHsXE9IvCb92V7g,100 gorillas vs. Florida Final Boss? 🦍🐊 #shorts,2026-03-23T03:39:28Z,36449,379,30
2026-03-23T19:28:30+00:00,gRNQkeddOeo,UCKjEtnnXEHsXE9IvCb92V7g,“I would light this thing on fire” 🔥🤣,2026-03-23T02:03:26Z,6987,243,6
2026-03-23T19:28:30+00:00,a8PrkqVWt_s,UCKjEtnnXEHsXE9IvCb92V7g,Tony Delk breaks down the difference in the 2025 and 2026 Florida guards. #MarchMadness,2026-03-23T01:13:03Z,2226,11,1
2026-03-23T19:29:01+00:00,q7oYm4P9UKc,UCKjEtnnXEHsXE9IvCb92V7g,100 gorillas vs. Florida Final Boss? 🦍🐊 #shorts,2026-03-23T03:39:28Z,36449,379,30
2026-03-23T19:29:01+00:00,gRNQkeddOeo,UCKjEtnnXEHsXE9IvCb92V7g,“I would light this thing on fire” 🔥🤣,2026-03-23T02:03:26Z,6987,243,6
2026-03-23T19:29:01+00:00,a8PrkqVWt_s,UCKjEtnnXEHsXE9IvCb92V7g,Tony Delk breaks down the difference in the 2025 and 2026 Florida guards. #MarchMadness,2026-03-23T01:13:03Z,2226,11,1
2026-03-23T19:29:32+00:00,q7oYm4P9UKc,UCKjEtnnXEHsXE9IvCb92V7g,100 gorillas vs. Florida Final Boss? 🦍🐊 #shorts,2026-03-23T03:39:28Z,36449,379,30
2026-03-23T19:29:32+00:00,gRNQkeddOeo,UCKjEtnnXEHsXE9IvCb92V7g,“I would light this thing on fire” 🔥🤣,2026-03-23T02:03:26Z,7039,243,6
2026-03-23T19:29:32+00:00,a8PrkqVWt_s,UCKjEtnnXEHsXE9IvCb92V7g,Tony Delk breaks down the difference in the 2025 and 2026 Florida guards. #MarchMadness,2026-03-23T01:13:03Z,2226,11,1
2026-03-23T19:30:02+00:00,q7oYm4P9UKc,UCKjEtnnXEHsXE9IvCb92V7g,100 gorillas vs. Florida Final Boss? 🦍🐊 #shorts,2026-03-23T03:39:28Z,36449,380,30
2026-03-23T19:30:02+00:00,gRNQkeddOeo,UCKjEtnnXEHsXE9IvCb92V7g,“I would light this thing on fire” 🔥🤣,2026-03-23T02:03:26Z,7039,243,6
2026-03-23T19:30:02+00:00,a8PrkqVWt_s,UCKjEtnnXEHsXE9IvCb92V7g,Tony Delk breaks down the difference in the 2025 and 2026 Florida guards. #MarchMadness,2026-03-23T01:13:03Z,2226,11,1
2026-03-23T19:30:32+00:00,q7oYm4P9UKc,UCKjEtnnXEHsXE9IvCb92V7g,100 gorillas vs. Florida Final Boss? 🦍🐊 #shorts,2026-03-23T03:39:28Z,36449,380,30
2026-03-23T19:30:32+00:00,gRNQkeddOeo,UCKjEtnnXEHsXE9IvCb92V7g,“I would light this thing on fire” 🔥🤣,2026-03-23T02:03:26Z,7039,243,6
2026-03-23T19:30:32+00:00,a8PrkqVWt_s,UCKjEtnnXEHsXE9IvCb92V7g,Tony Delk breaks down the difference in the 2025 and 2026 Florida guards. #MarchMadness,2026-03-23T01:13:03Z,2226,11,1
2026-03-23T19:31:03+00:00,q7oYm4P9UKc,UCKjEtnnXEHsXE9IvCb92V7g,100 gorillas vs. Florida Final Boss? 🦍🐊 #shorts,2026-03-23T03:39:28Z,36449,381,30
2026-03-23T19:31:03+00:00,gRNQkeddOeo,UCKjEtnnXEHsXE9IvCb92V7g,“I would light this thing on fire” 🔥🤣,2026-03-23T02:03:26Z,7039,243,6
2026-03-23T19:31:03+00:00,a8PrkqVWt_s,UCKjEtnnXEHsXE9IvCb92V7g,Tony Delk breaks down the difference in the 2025 and 2026 Florida guards. #MarchMadness,2026-03-23T01:13:03Z,2226,11,1
2026-03-23T19:31:34+00:00,q7oYm4P9UKc,UCKjEtnnXEHsXE9IvCb92V7g,100 gorillas vs. Florida Final Boss? 🦍🐊 #shorts,2026-03-23T03:39:28Z,36659,381,31
2026-03-23T19:31:34+00:00,gRNQkeddOeo,UCKjEtnnXEHsXE9IvCb92V7g,“I would light this thing on fire” 🔥🤣,2026-03-23T02:03:26Z,7039,243,6
2026-03-23T19:31:34+00:00,a8PrkqVWt_s,UCKjEtnnXEHsXE9IvCb92V7g,Tony Delk breaks down the difference in the 2025 and 2026 Florida guards. #MarchMadness,2026-03-23T01:13:03Z,2226,11,1
2026-03-23T19:32:05+00:00,q7oYm4P9UKc,UCKjEtnnXEHsXE9IvCb92V7g,100 gorillas vs. Florida Final Boss? 🦍🐊 #shorts,2026-03-23T03:39:28Z,36659,381,31
2026-03-23T19:32:05+00:00,gRNQkeddOeo,UCKjEtnnXEHsXE9IvCb92V7g,“I would light this thing on fire” 🔥🤣,2026-03-23T02:03:26Z,7039,243,6
2026-03-23T19:32:05+00:00,a8PrkqVWt_s,UCKjEtnnXEHsXE9IvCb92V7g,Tony Delk breaks down the difference in the 2025 and 2026 Florida guards. #MarchMadness,2026-03-23T01:13:03Z,2226,11,1
2026-03-23T19:32:36+00:00,q7oYm4P9UKc,UCKjEtnnXEHsXE9IvCb92V7g,100 gorillas vs. Florida Final Boss? 🦍🐊 #shorts,2026-03-23T03:39:28Z,36659,381,31
2026-03-23T19:32:36+00:00,gRNQkeddOeo,UCKjEtnnXEHsXE9IvCb92V7g,“I would light this thing on fire” 🔥🤣,2026-03-23T02:03:26Z,7039,243,6
2026-03-23T19:32:36+00:00,a8PrkqVWt_s,UCKjEtnnXEHsXE9IvCb92V7g,Tony Delk breaks down the difference in the 2025 and 2026 Florida guards. #MarchMadness,2026-03-23T01:13:03Z,2226,11,1
2026-03-23T19:33:07+00:00,q7oYm4P9UKc,UCKjEtnnXEHsXE9IvCb92V7g,100 gorillas vs. Florida Final Boss? 🦍🐊 #shorts,2026-03-23T03:39:28Z,36659,381,31
2026-03-23T19:33:07+00:00,gRNQkeddOeo,UCKjEtnnXEHsXE9IvCb92V7g,“I would light this thing on fire” 🔥🤣,2026-03-23T02:03:26Z,7039,243,6
2026-03-23T19:33:07+00:00,a8PrkqVWt_s,UCKjEtnnXEHsXE9IvCb92V7g,Tony Delk breaks down the difference in the 2025 and 2026 Florida guards. #MarchMadness,2026-03-23T01:13:03Z,2226,11,1
2026-03-23T19:33:38+00:00,q7oYm4P9UKc,UCKjEtnnXEHsXE9IvCb92V7g,100 gorillas vs. Florida Final Boss? 🦍🐊 #shorts,2026-03-23T03:39:28Z,36659,381,31
2026-03-23T19:33:38+00:00,gRNQkeddOeo,UCKjEtnnXEHsXE9IvCb92V7g,“I would light this thing on fire” 🔥🤣,2026-03-23T02:03:26Z,7039,243,6
2026-03-23T19:33:38+00:00,a8PrkqVWt_s,UCKjEtnnXEHsXE9IvCb92V7g,Tony Delk breaks down the difference in the 2025 and 2026 Florida guards. #MarchMadness,2026-03-23T01:13:03Z,2226,11,1
2026-03-23T19:34:08+00:00,q7oYm4P9UKc,UCKjEtnnXEHsXE9IvCb92V7g,100 gorillas vs. Florida Final Boss? 🦍🐊 #shorts,2026-03-23T03:39:28Z,36659,381,31
2026-03-23T19:34:08+00:00,gRNQkeddOeo,UCKjEtnnXEHsXE9IvCb92V7g,“I would light this thing on fire” 🔥🤣,2026-03-23T02:03:26Z,7039,243,6
2026-03-23T19:34:08+00:00,a8PrkqVWt_s,UCKjEtnnXEHsXE9IvCb92V7g,Tony Delk breaks down the difference in the 2025 and 2026 Florida guards. #MarchMadness,2026-03-23T01:13:03Z,2226,11,1
2026-03-23T19:34:39+00:00,q7oYm4P9UKc,UCKjEtnnXEHsXE9IvCb92V7g,100 gorillas vs. Florida Final Boss? 🦍🐊 #shorts,2026-03-23T03:39:28Z,36659,381,31
2026-03-23T19:34:39+00:00,gRNQkeddOeo,UCKjEtnnXEHsXE9IvCb92V7g,“I would light this thing on fire” 🔥🤣,2026-03-23T02:03:26Z,7059,243,6
2026-03-23T19:34:39+00:00,a8PrkqVWt_s,UCKjEtnnXEHsXE9IvCb92V7g,Tony Delk breaks down the difference in the 2025 and 2026 Florida guards. #MarchMadness,2026-03-23T01:13:03Z,2226,11,1
2026-03-23T19:35:10+00:00,q7oYm4P9UKc,UCKjEtnnXEHsXE9IvCb92V7g,100 gorillas vs. Florida Final Boss? 🦍🐊 #shorts,2026-03-23T03:39:28Z,36659,381,31
2026-03-23T19:35:10+00:00,gRNQkeddOeo,UCKjEtnnXEHsXE9IvCb92V7g,“I would light this thing on fire” 🔥🤣,2026-03-23T02:03:26Z,7060,243,6
2026-03-23T19:35:10+00:00,a8PrkqVWt_s,UCKjEtnnXEHsXE9IvCb92V7g,Tony Delk breaks down the difference in the 2025 and 2026 Florida guards. #MarchMadness,2026-03-23T01:13:03Z,2226,11,1
2026-03-23T19:35:41+00:00,q7oYm4P9UKc,UCKjEtnnXEHsXE9IvCb92V7g,100 gorillas vs. Florida Final Boss? 🦍🐊 #shorts,2026-03-23T03:39:28Z,36659,381,31
2026-03-23T19:35:41+00:00,gRNQkeddOeo,UCKjEtnnXEHsXE9IvCb92V7g,“I would light this thing on fire” 🔥🤣,2026-03-23T02:03:26Z,7060,243,6
2026-03-23T19:35:41+00:00,a8PrkqVWt_s,UCKjEtnnXEHsXE9IvCb92V7g,Tony Delk breaks down the difference in the 2025 and 2026 Florida guards. #MarchMadness,2026-03-23T01:13:03Z,2226,11,1
2026-03-23T19:36:12+00:00,q7oYm4P9UKc,UCKjEtnnXEHsXE9IvCb92V7g,100 gorillas vs. Florida Final Boss? 🦍🐊 #shorts,2026-03-23T03:39:28Z,36940,383,31
2026-03-23T19:36:12+00:00,gRNQkeddOeo,UCKjEtnnXEHsXE9IvCb92V7g,“I would light this thing on fire” 🔥🤣,2026-03-23T02:03:26Z,7060,243,6
2026-03-23T19:36:12+00:00,a8PrkqVWt_s,UCKjEtnnXEHsXE9IvCb92V7g,Tony Delk breaks down the difference in the 2025 and 2026 Florida guards. #MarchMadness,2026-03-23T01:13:03Z,2226,11,1
2026-03-23T19:36:42+00:00,q7oYm4P9UKc,UCKjEtnnXEHsXE9IvCb92V7g,100 gorillas vs. Florida Final Boss? 🦍🐊 #shorts,2026-03-23T03:39:28Z,36954,383,31
2026-03-23T19:36:42+00:00,gRNQkeddOeo,UCKjEtnnXEHsXE9IvCb92V7g,“I would light this thing on fire” 🔥🤣,2026-03-23T02:03:26Z,7060,243,6
2026-03-23T19:36:42+00:00,a8PrkqVWt_s,UCKjEtnnXEHsXE9IvCb92V7g,Tony Delk breaks down the difference in the 2025 and 2026 Florida guards. #MarchMadness,2026-03-23T01:13:03Z,2226,11,1
2026-03-23T19:37:12+00:00,q7oYm4P9UKc,UCKjEtnnXEHsXE9IvCb92V7g,100 gorillas vs. Florida Final Boss? 🦍🐊 #shorts,2026-03-23T03:39:28Z,36954,384,31
2026-03-23T19:37:12+00:00,gRNQkeddOeo,UCKjEtnnXEHsXE9IvCb92V7g,“I would light this thing on fire” 🔥🤣,2026-03-23T02:03:26Z,7060,243,6
2026-03-23T19:37:12+00:00,a8PrkqVWt_s,UCKjEtnnXEHsXE9IvCb92V7g,Tony Delk breaks down the difference in the 2025 and 2026 Florida guards. #MarchMadness,2026-03-23T01:13:03Z,2226,11,1
2026-03-23T19:37:43+00:00,q7oYm4P9UKc,UCKjEtnnXEHsXE9IvCb92V7g,100 gorillas vs. Florida Final Boss? 🦍🐊 #shorts,2026-03-23T03:39:28Z,36954,384,31
2026-03-23T19:37:43+00:00,gRNQkeddOeo,UCKjEtnnXEHsXE9IvCb92V7g,“I would light this thing on fire” 🔥🤣,2026-03-23T02:03:26Z,7060,243,6
2026-03-23T19:37:43+00:00,a8PrkqVWt_s,UCKjEtnnXEHsXE9IvCb92V7g,Tony Delk breaks down the difference in the 2025 and 2026 Florida guards. #MarchMadness,2026-03-23T01:13:03Z,2226,11,1
2026-03-23T19:38:14+00:00,q7oYm4P9UKc,UCKjEtnnXEHsXE9IvCb92V7g,100 gorillas vs. Florida Final Boss? 🦍🐊 #shorts,2026-03-23T03:39:28Z,36954,384,31
2026-03-23T19:38:14+00:00,gRNQkeddOeo,UCKjEtnnXEHsXE9IvCb92V7g,“I would light this thing on fire” 🔥🤣,2026-03-23T02:03:26Z,7060,243,6
2026-03-23T19:38:14+00:00,a8PrkqVWt_s,UCKjEtnnXEHsXE9IvCb92V7g,Tony Delk breaks down the difference in the 2025 and 2026 Florida guards. #MarchMadness,2026-03-23T01:13:03Z,2226,11,1
2026-03-23T19:38:45+00:00,q7oYm4P9UKc,UCKjEtnnXEHsXE9IvCb92V7g,100 gorillas vs. Florida Final Boss? 🦍🐊 #shorts,2026-03-23T03:39:28Z,36954,384,31
2026-03-23T19:38:45+00:00,gRNQkeddOeo,UCKjEtnnXEHsXE9IvCb92V7g,“I would light this thing on fire” 🔥🤣,2026-03-23T02:03:26Z,7060,243,6
2026-03-23T19:38:45+00:00,a8PrkqVWt_s,UCKjEtnnXEHsXE9IvCb92V7g,Tony Delk breaks down the difference in the 2025 and 2026 Florida guards. #MarchMadness,2026-03-23T01:13:03Z,2226,11,1
2026-03-23T19:39:16+00:00,q7oYm4P9UKc,UCKjEtnnXEHsXE9IvCb92V7g,100 gorillas vs. Florida Final Boss? 🦍🐊 #shorts,2026-03-23T03:39:28Z,36954,384,31
2026-03-23T19:39:16+00:00,gRNQkeddOeo,UCKjEtnnXEHsXE9IvCb92V7g,“I would light this thing on fire” 🔥🤣,2026-03-23T02:03:26Z,7060,244,6
2026-03-23T19:39:16+00:00,a8PrkqVWt_s,UCKjEtnnXEHsXE9IvCb92V7g,Tony Delk breaks down the difference in the 2025 and 2026 Florida guards. #MarchMadness,2026-03-23T01:13:03Z,2226,11,1
2026-03-23T19:39:46+00:00,q7oYm4P9UKc,UCKjEtnnXEHsXE9IvCb92V7g,100 gorillas vs. Florida Final Boss? 🦍🐊 #shorts,2026-03-23T03:39:28Z,36954,384,31
2026-03-23T19:39:46+00:00,gRNQkeddOeo,UCKjEtnnXEHsXE9IvCb92V7g,“I would light this thing on fire” 🔥🤣,2026-03-23T02:03:26Z,7097,244,6
2026-03-23T19:39:46+00:00,a8PrkqVWt_s,UCKjEtnnXEHsXE9IvCb92V7g,Tony Delk breaks down the difference in the 2025 and 2026 Florida guards. #MarchMadness,2026-03-23T01:13:03Z,2226,11,1
2026-03-23T19:40:17+00:00,q7oYm4P9UKc,UCKjEtnnXEHsXE9IvCb92V7g,100 gorillas vs. Florida Final Boss? 🦍🐊 #shorts,2026-03-23T03:39:28Z,36954,384,31
2026-03-23T19:40:17+00:00,gRNQkeddOeo,UCKjEtnnXEHsXE9IvCb92V7g,“I would light this thing on fire” 🔥🤣,2026-03-23T02:03:26Z,7097,244,6
2026-03-23T19:40:17+00:00,a8PrkqVWt_s,UCKjEtnnXEHsXE9IvCb92V7g,Tony Delk breaks down the difference in the 2025 and 2026 Florida guards. #MarchMadness,2026-03-23T01:13:03Z,2226,11,1
2026-03-23T19:40:47+00:00,q7oYm4P9UKc,UCKjEtnnXEHsXE9IvCb92V7g,100 gorillas vs. Florida Final Boss? 🦍🐊 #shorts,2026-03-23T03:39:28Z,36954,384,31
2026-03-23T19:40:47+00:00,gRNQkeddOeo,UCKjEtnnXEHsXE9IvCb92V7g,“I would light this thing on fire” 🔥🤣,2026-03-23T02:03:26Z,7097,244,6
2026-03-23T19:40:47+00:00,a8PrkqVWt_s,UCKjEtnnXEHsXE9IvCb92V7g,Tony Delk breaks down the difference in the 2025 and 2026 Florida guards. #MarchMadness,2026-03-23T01:13:03Z,2226,11,1
2026-03-23T19:41:18+00:00,q7oYm4P9UKc,UCKjEtnnXEHsXE9IvCb92V7g,100 gorillas vs. Florida Final Boss? 🦍🐊 #shorts,2026-03-23T03:39:28Z,37196,384,31
2026-03-23T19:41:18+00:00,gRNQkeddOeo,UCKjEtnnXEHsXE9IvCb92V7g,“I would light this thing on fire” 🔥🤣,2026-03-23T02:03:26Z,7097,244,6
2026-03-23T19:41:18+00:00,a8PrkqVWt_s,UCKjEtnnXEHsXE9IvCb92V7g,Tony Delk breaks down the difference in the 2025 and 2026 Florida guards. #MarchMadness,2026-03-23T01:13:03Z,2226,11,1
2026-03-23T19:41:49+00:00,q7oYm4P9UKc,UCKjEtnnXEHsXE9IvCb92V7g,100 gorillas vs. Florida Final Boss? 🦍🐊 #shorts,2026-03-23T03:39:28Z,37196,385,31
2026-03-23T19:41:49+00:00,gRNQkeddOeo,UCKjEtnnXEHsXE9IvCb92V7g,“I would light this thing on fire” 🔥🤣,2026-03-23T02:03:26Z,7097,244,6
2026-03-23T19:41:49+00:00,a8PrkqVWt_s,UCKjEtnnXEHsXE9IvCb92V7g,Tony Delk breaks down the difference in the 2025 and 2026 Florida guards. #MarchMadness,2026-03-23T01:13:03Z,2226,11,1
2026-03-23T19:42:20+00:00,q7oYm4P9UKc,UCKjEtnnXEHsXE9IvCb92V7g,100 gorillas vs. Florida Final Boss? 🦍🐊 #shorts,2026-03-23T03:39:28Z,37196,385,31
2026-03-23T19:42:20+00:00,gRNQkeddOeo,UCKjEtnnXEHsXE9IvCb92V7g,“I would light this thing on fire” 🔥🤣,2026-03-23T02:03:26Z,7097,244,6
2026-03-23T19:42:20+00:00,a8PrkqVWt_s,UCKjEtnnXEHsXE9IvCb92V7g,Tony Delk breaks down the difference in the 2025 and 2026 Florida guards. #MarchMadness,2026-03-23T01:13:03Z,2226,11,1
2026-03-23T19:42:51+00:00,q7oYm4P9UKc,UCKjEtnnXEHsXE9IvCb92V7g,100 gorillas vs. Florida Final Boss? 🦍🐊 #shorts,2026-03-23T03:39:28Z,37203,385,31
2026-03-23T19:42:51+00:00,gRNQkeddOeo,UCKjEtnnXEHsXE9IvCb92V7g,“I would light this thing on fire” 🔥🤣,2026-03-23T02:03:26Z,7097,244,6
2026-03-23T19:42:51+00:00,a8PrkqVWt_s,UCKjEtnnXEHsXE9IvCb92V7g,Tony Delk breaks down the difference in the 2025 and 2026 Florida guards. #MarchMadness,2026-03-23T01:13:03Z,2226,11,1
2026-03-23T19:43:21+00:00,q7oYm4P9UKc,UCKjEtnnXEHsXE9IvCb92V7g,100 gorillas vs. Florida Final Boss? 🦍🐊 #shorts,2026-03-23T03:39:28Z,37203,385,31
2026-03-23T19:43:21+00:00,gRNQkeddOeo,UCKjEtnnXEHsXE9IvCb92V7g,“I would light this thing on fire” 🔥🤣,2026-03-23T02:03:26Z,7097,244,6
2026-03-23T19:43:21+00:00,a8PrkqVWt_s,UCKjEtnnXEHsXE9IvCb92V7g,Tony Delk breaks down the difference in the 2025 and 2026 Florida guards. #MarchMadness,2026-03-23T01:13:03Z,2226,11,1
2026-03-23T19:43:51+00:00,q7oYm4P9UKc,UCKjEtnnXEHsXE9IvCb92V7g,100 gorillas vs. Florida Final Boss? 🦍🐊 #shorts,2026-03-23T03:39:28Z,37203,386,31
2026-03-23T19:43:51+00:00,gRNQkeddOeo,UCKjEtnnXEHsXE9IvCb92V7g,“I would light this thing on fire” 🔥🤣,2026-03-23T02:03:26Z,7097,244,6
2026-03-23T19:43:51+00:00,a8PrkqVWt_s,UCKjEtnnXEHsXE9IvCb92V7g,Tony Delk breaks down the difference in the 2025 and 2026 Florida guards. #MarchMadness,2026-03-23T01:13:03Z,2226,11,1
2026-03-23T19:44:21+00:00,q7oYm4P9UKc,UCKjEtnnXEHsXE9IvCb92V7g,100 gorillas vs. Florida Final Boss? 🦍🐊 #shorts,2026-03-23T03:39:28Z,37203,386,31
2026-03-23T19:44:21+00:00,gRNQkeddOeo,UCKjEtnnXEHsXE9IvCb92V7g,“I would light this thing on fire” 🔥🤣,2026-03-23T02:03:26Z,7125,244,6
2026-03-23T19:44:21+00:00,a8PrkqVWt_s,UCKjEtnnXEHsXE9IvCb92V7g,Tony Delk breaks down the difference in the 2025 and 2026 Florida guards. #MarchMadness,2026-03-23T01:13:03Z,2226,11,1
2026-03-23T19:44:52+00:00,q7oYm4P9UKc,UCKjEtnnXEHsXE9IvCb92V7g,100 gorillas vs. Florida Final Boss? 🦍🐊 #shorts,2026-03-23T03:39:28Z,37203,386,31
2026-03-23T19:44:52+00:00,gRNQkeddOeo,UCKjEtnnXEHsXE9IvCb92V7g,“I would light this thing on fire” 🔥🤣,2026-03-23T02:03:26Z,7125,244,6
2026-03-23T19:44:52+00:00,a8PrkqVWt_s,UCKjEtnnXEHsXE9IvCb92V7g,Tony Delk breaks down the difference in the 2025 and 2026 Florida guards. #MarchMadness,2026-03-23T01:13:03Z,2226,11,1
2026-03-23T19:45:23+00:00,q7oYm4P9UKc,UCKjEtnnXEHsXE9IvCb92V7g,100 gorillas vs. Florida Final Boss? 🦍🐊 #shorts,2026-03-23T03:39:28Z,37203,386,31
2026-03-23T19:45:23+00:00,gRNQkeddOeo,UCKjEtnnXEHsXE9IvCb92V7g,“I would light this thing on fire” 🔥🤣,2026-03-23T02:03:26Z,7125,244,6
2026-03-23T19:45:23+00:00,a8PrkqVWt_s,UCKjEtnnXEHsXE9IvCb92V7g,Tony Delk breaks down the difference in the 2025 and 2026 Florida guards. #MarchMadness,2026-03-23T01:13:03Z,2226,11,1
2026-03-23T19:45:54+00:00,q7oYm4P9UKc,UCKjEtnnXEHsXE9IvCb92V7g,100 gorillas vs. Florida Final Boss? 🦍🐊 #shorts,2026-03-23T03:39:28Z,37203,386,31
2026-03-23T19:45:54+00:00,gRNQkeddOeo,UCKjEtnnXEHsXE9IvCb92V7g,“I would light this thing on fire” 🔥🤣,2026-03-23T02:03:26Z,7125,244,6
2026-03-23T19:45:54+00:00,a8PrkqVWt_s,UCKjEtnnXEHsXE9IvCb92V7g,Tony Delk breaks down the difference in the 2025 and 2026 Florida guards. #MarchMadness,2026-03-23T01:13:03Z,2226,11,1
2026-03-23T19:46:25+00:00,q7oYm4P9UKc,UCKjEtnnXEHsXE9IvCb92V7g,100 gorillas vs. Florida Final Boss? 🦍🐊 #shorts,2026-03-23T03:39:28Z,37432,387,31
2026-03-23T19:46:25+00:00,gRNQkeddOeo,UCKjEtnnXEHsXE9IvCb92V7g,“I would light this thing on fire” 🔥🤣,2026-03-23T02:03:26Z,7125,244,6
2026-03-23T19:46:25+00:00,a8PrkqVWt_s,UCKjEtnnXEHsXE9IvCb92V7g,Tony Delk breaks down the difference in the 2025 and 2026 Florida guards. #MarchMadness,2026-03-23T01:13:03Z,2226,11,1
2026-03-23T19:46:56+00:00,q7oYm4P9UKc,UCKjEtnnXEHsXE9IvCb92V7g,100 gorillas vs. Florida Final Boss? 🦍🐊 #shorts,2026-03-23T03:39:28Z,37432,387,31
2026-03-23T19:46:56+00:00,gRNQkeddOeo,UCKjEtnnXEHsXE9IvCb92V7g,“I would light this thing on fire” 🔥🤣,2026-03-23T02:03:26Z,7125,244,6
2026-03-23T19:46:56+00:00,a8PrkqVWt_s,UCKjEtnnXEHsXE9IvCb92V7g,Tony Delk breaks down the difference in the 2025 and 2026 Florida guards. #MarchMadness,2026-03-23T01:13:03Z,2226,11,1
2026-03-23T19:47:26+00:00,q7oYm4P9UKc,UCKjEtnnXEHsXE9IvCb92V7g,100 gorillas vs. Florida Final Boss? 🦍🐊 #shorts,2026-03-23T03:39:28Z,37432,387,31
2026-03-23T19:47:26+00:00,gRNQkeddOeo,UCKjEtnnXEHsXE9IvCb92V7g,“I would light this thing on fire” 🔥🤣,2026-03-23T02:03:26Z,7125,244,6
2026-03-23T19:47:26+00:00,a8PrkqVWt_s,UCKjEtnnXEHsXE9IvCb92V7g,Tony Delk breaks down the difference in the 2025 and 2026 Florida guards. #MarchMadness,2026-03-23T01:13:03Z,2226,11,1
2026-03-23T19:47:57+00:00,q7oYm4P9UKc,UCKjEtnnXEHsXE9IvCb92V7g,100 gorillas vs. Florida Final Boss? 🦍🐊 #shorts,2026-03-23T03:39:28Z,37432,387,31
2026-03-23T19:47:57+00:00,gRNQkeddOeo,UCKjEtnnXEHsXE9IvCb92V7g,“I would light this thing on fire” 🔥🤣,2026-03-23T02:03:26Z,7125,244,6
2026-03-23T19:47:57+00:00,a8PrkqVWt_s,UCKjEtnnXEHsXE9IvCb92V7g,Tony Delk breaks down the difference in the 2025 and 2026 Florida guards. #MarchMadness,2026-03-23T01:13:03Z,2226,11,1
2026-03-23T19:48:28+00:00,q7oYm4P9UKc,UCKjEtnnXEHsXE9IvCb92V7g,100 gorillas vs. Florida Final Boss? 🦍🐊 #shorts,2026-03-23T03:39:28Z,37432,387,31
2026-03-23T19:48:28+00:00,gRNQkeddOeo,UCKjEtnnXEHsXE9IvCb92V7g,“I would light this thing on fire” 🔥🤣,2026-03-23T02:03:26Z,7125,244,6
2026-03-23T19:48:28+00:00,a8PrkqVWt_s,UCKjEtnnXEHsXE9IvCb92V7g,Tony Delk breaks down the difference in the 2025 and 2026 Florida guards. #MarchMadness,2026-03-23T01:13:03Z,2226,11,1
2026-03-23T19:48:59+00:00,q7oYm4P9UKc,UCKjEtnnXEHsXE9IvCb92V7g,100 gorillas vs. Florida Final Boss? 🦍🐊 #shorts,2026-03-23T03:39:28Z,37432,387,31
2026-03-23T19:48:59+00:00,gRNQkeddOeo,UCKjEtnnXEHsXE9IvCb92V7g,“I would light this thing on fire” 🔥🤣,2026-03-23T02:03:26Z,7125,244,6
2026-03-23T19:48:59+00:00,a8PrkqVWt_s,UCKjEtnnXEHsXE9IvCb92V7g,Tony Delk breaks down the difference in the 2025 and 2026 Florida guards. #MarchMadness,2026-03-23T01:13:03Z,2226,11,1
2026-03-23T19:49:30+00:00,q7oYm4P9UKc,UCKjEtnnXEHsXE9IvCb92V7g,100 gorillas vs. Florida Final Boss? 🦍🐊 #shorts,2026-03-23T03:39:28Z,37432,387,31
2026-03-23T19:49:30+00:00,gRNQkeddOeo,UCKjEtnnXEHsXE9IvCb92V7g,“I would light this thing on fire” 🔥🤣,2026-03-23T02:03:26Z,7148,245,6
2026-03-23T19:49:30+00:00,a8PrkqVWt_s,UCKjEtnnXEHsXE9IvCb92V7g,Tony Delk breaks down the difference in the 2025 and 2026 Florida guards. #MarchMadness,2026-03-23T01:13:03Z,2226,11,1
2026-03-23T19:50:00+00:00,q7oYm4P9UKc,UCKjEtnnXEHsXE9IvCb92V7g,100 gorillas vs. Florida Final Boss? 🦍🐊 #shorts,2026-03-23T03:39:28Z,37432,387,31
2026-03-23T19:50:00+00:00,gRNQkeddOeo,UCKjEtnnXEHsXE9IvCb92V7g,“I would light this thing on fire” 🔥🤣,2026-03-23T02:03:26Z,7148,246,6
2026-03-23T19:50:00+00:00,a8PrkqVWt_s,UCKjEtnnXEHsXE9IvCb92V7g,Tony Delk breaks down the difference in the 2025 and 2026 Florida guards. #MarchMadness,2026-03-23T01:13:03Z,2226,11,1
2026-03-23T19:50:31+00:00,q7oYm4P9UKc,UCKjEtnnXEHsXE9IvCb92V7g,100 gorillas vs. Florida Final Boss? 🦍🐊 #shorts,2026-03-23T03:39:28Z,37432,387,31
2026-03-23T19:50:31+00:00,gRNQkeddOeo,UCKjEtnnXEHsXE9IvCb92V7g,“I would light this thing on fire” 🔥🤣,2026-03-23T02:03:26Z,7148,246,6
2026-03-23T19:50:31+00:00,a8PrkqVWt_s,UCKjEtnnXEHsXE9IvCb92V7g,Tony Delk breaks down the difference in the 2025 and 2026 Florida guards. #MarchMadness,2026-03-23T01:13:03Z,2226,11,1
2026-03-23T19:51:01+00:00,q7oYm4P9UKc,UCKjEtnnXEHsXE9IvCb92V7g,100 gorillas vs. Florida Final Boss? 🦍🐊 #shorts,2026-03-23T03:39:28Z,37432,388,31
2026-03-23T19:51:01+00:00,gRNQkeddOeo,UCKjEtnnXEHsXE9IvCb92V7g,“I would light this thing on fire” 🔥🤣,2026-03-23T02:03:26Z,7148,246,6
2026-03-23T19:51:01+00:00,a8PrkqVWt_s,UCKjEtnnXEHsXE9IvCb92V7g,Tony Delk breaks down the difference in the 2025 and 2026 Florida guards. #MarchMadness,2026-03-23T01:13:03Z,2226,11,1
2026-03-23T19:51:32+00:00,q7oYm4P9UKc,UCKjEtnnXEHsXE9IvCb92V7g,100 gorillas vs. Florida Final Boss? 🦍🐊 #shorts,2026-03-23T03:39:28Z,37627,389,31
2026-03-23T19:51:32+00:00,gRNQkeddOeo,UCKjEtnnXEHsXE9IvCb92V7g,“I would light this thing on fire” 🔥🤣,2026-03-23T02:03:26Z,7148,246,6
2026-03-23T19:51:32+00:00,a8PrkqVWt_s,UCKjEtnnXEHsXE9IvCb92V7g,Tony Delk breaks down the difference in the 2025 and 2026 Florida guards. #MarchMadness,2026-03-23T01:13:03Z,2226,11,1
2026-03-23T19:52:02+00:00,q7oYm4P9UKc,UCKjEtnnXEHsXE9IvCb92V7g,100 gorillas vs. Florida Final Boss? 🦍🐊 #shorts,2026-03-23T03:39:28Z,37627,390,31
2026-03-23T19:52:02+00:00,gRNQkeddOeo,UCKjEtnnXEHsXE9IvCb92V7g,“I would light this thing on fire” 🔥🤣,2026-03-23T02:03:26Z,7148,246,6
2026-03-23T19:52:02+00:00,a8PrkqVWt_s,UCKjEtnnXEHsXE9IvCb92V7g,Tony Delk breaks down the difference in the 2025 and 2026 Florida guards. #MarchMadness,2026-03-23T01:13:03Z,2226,11,1
2026-03-23T19:52:33+00:00,q7oYm4P9UKc,UCKjEtnnXEHsXE9IvCb92V7g,100 gorillas vs. Florida Final Boss? 🦍🐊 #shorts,2026-03-23T03:39:28Z,37627,390,31
2026-03-23T19:52:33+00:00,gRNQkeddOeo,UCKjEtnnXEHsXE9IvCb92V7g,“I would light this thing on fire” 🔥🤣,2026-03-23T02:03:26Z,7148,247,6
2026-03-23T19:52:33+00:00,a8PrkqVWt_s,UCKjEtnnXEHsXE9IvCb92V7g,Tony Delk breaks down the difference in the 2025 and 2026 Florida guards. #MarchMadness,2026-03-23T01:13:03Z,2226,11,1
2026-03-23T19:53:04+00:00,q7oYm4P9UKc,UCKjEtnnXEHsXE9IvCb92V7g,100 gorillas vs. Florida Final Boss? 🦍🐊 #shorts,2026-03-23T03:39:28Z,37627,391,32
2026-03-23T19:53:04+00:00,gRNQkeddOeo,UCKjEtnnXEHsXE9IvCb92V7g,“I would light this thing on fire” 🔥🤣,2026-03-23T02:03:26Z,7148,248,6
2026-03-23T19:53:04+00:00,a8PrkqVWt_s,UCKjEtnnXEHsXE9IvCb92V7g,Tony Delk breaks down the difference in the 2025 and 2026 Florida guards. #MarchMadness,2026-03-23T01:13:03Z,2226,11,1
2026-03-23T19:53:34+00:00,q7oYm4P9UKc,UCKjEtnnXEHsXE9IvCb92V7g,100 gorillas vs. Florida Final Boss? 🦍🐊 #shorts,2026-03-23T03:39:28Z,37627,391,32
2026-03-23T19:53:34+00:00,gRNQkeddOeo,UCKjEtnnXEHsXE9IvCb92V7g,“I would light this thing on fire” 🔥🤣,2026-03-23T02:03:26Z,7148,248,6
2026-03-23T19:53:34+00:00,a8PrkqVWt_s,UCKjEtnnXEHsXE9IvCb92V7g,Tony Delk breaks down the difference in the 2025 and 2026 Florida guards. #MarchMadness,2026-03-23T01:13:03Z,2226,11,1
2026-03-23T19:54:05+00:00,q7oYm4P9UKc,UCKjEtnnXEHsXE9IvCb92V7g,100 gorillas vs. Florida Final Boss? 🦍🐊 #shorts,2026-03-23T03:39:28Z,37627,391,32
2026-03-23T19:54:05+00:00,gRNQkeddOeo,UCKjEtnnXEHsXE9IvCb92V7g,“I would light this thing on fire” 🔥🤣,2026-03-23T02:03:26Z,7167,248,6
2026-03-23T19:54:05+00:00,a8PrkqVWt_s,UCKjEtnnXEHsXE9IvCb92V7g,Tony Delk breaks down the difference in the 2025 and 2026 Florida guards. #MarchMadness,2026-03-23T01:13:03Z,2226,11,1
2026-03-23T19:54:35+00:00,q7oYm4P9UKc,UCKjEtnnXEHsXE9IvCb92V7g,100 gorillas vs. Florida Final Boss? 🦍🐊 #shorts,2026-03-23T03:39:28Z,37627,391,32
2026-03-23T19:54:35+00:00,gRNQkeddOeo,UCKjEtnnXEHsXE9IvCb92V7g,“I would light this thing on fire” 🔥🤣,2026-03-23T02:03:26Z,7167,248,6
2026-03-23T19:54:35+00:00,a8PrkqVWt_s,UCKjEtnnXEHsXE9IvCb92V7g,Tony Delk breaks down the difference in the 2025 and 2026 Florida guards. #MarchMadness,2026-03-23T01:13:03Z,2226,11,1
2026-03-23T19:55:06+00:00,q7oYm4P9UKc,UCKjEtnnXEHsXE9IvCb92V7g,100 gorillas vs. Florida Final Boss? 🦍🐊 #shorts,2026-03-23T03:39:28Z,37627,392,32
2026-03-23T19:55:06+00:00,gRNQkeddOeo,UCKjEtnnXEHsXE9IvCb92V7g,“I would light this thing on fire” 🔥🤣,2026-03-23T02:03:26Z,7167,249,6
2026-03-23T19:55:06+00:00,a8PrkqVWt_s,UCKjEtnnXEHsXE9IvCb92V7g,Tony Delk breaks down the difference in the 2025 and 2026 Florida guards. #MarchMadness,2026-03-23T01:13:03Z,2226,11,1
2026-03-23T19:55:37+00:00,q7oYm4P9UKc,UCKjEtnnXEHsXE9IvCb92V7g,100 gorillas vs. Florida Final Boss? 🦍🐊 #shorts,2026-03-23T03:39:28Z,37627,392,32
2026-03-23T19:55:37+00:00,gRNQkeddOeo,UCKjEtnnXEHsXE9IvCb92V7g,“I would light this thing on fire” 🔥🤣,2026-03-23T02:03:26Z,7167,249,6
2026-03-23T19:55:37+00:00,a8PrkqVWt_s,UCKjEtnnXEHsXE9IvCb92V7g,Tony Delk breaks down the difference in the 2025 and 2026 Florida guards. #MarchMadness,2026-03-23T01:13:03Z,2226,11,1
2026-03-23T19:56:07+00:00,q7oYm4P9UKc,UCKjEtnnXEHsXE9IvCb92V7g,100 gorillas vs. Florida Final Boss? 🦍🐊 #shorts,2026-03-23T03:39:28Z,37627,393,32
2026-03-23T19:56:07+00:00,gRNQkeddOeo,UCKjEtnnXEHsXE9IvCb92V7g,“I would light this thing on fire” 🔥🤣,2026-03-23T02:03:26Z,7167,249,6
2026-03-23T19:56:07+00:00,a8PrkqVWt_s,UCKjEtnnXEHsXE9IvCb92V7g,Tony Delk breaks down the difference in the 2025 and 2026 Florida guards. #MarchMadness,2026-03-23T01:13:03Z,2226,11,1
2026-03-23T19:56:38+00:00,q7oYm4P9UKc,UCKjEtnnXEHsXE9IvCb92V7g,100 gorillas vs. Florida Final Boss? 🦍🐊 #shorts,2026-03-23T03:39:28Z,37746,393,32
2026-03-23T19:56:38+00:00,gRNQkeddOeo,UCKjEtnnXEHsXE9IvCb92V7g,“I would light this thing on fire” 🔥🤣,2026-03-23T02:03:26Z,7167,249,6
2026-03-23T19:56:38+00:00,a8PrkqVWt_s,UCKjEtnnXEHsXE9IvCb92V7g,Tony Delk breaks down the difference in the 2025 and 2026 Florida guards. #MarchMadness,2026-03-23T01:13:03Z,2226,11,1
2026-03-23T19:57:09+00:00,q7oYm4P9UKc,UCKjEtnnXEHsXE9IvCb92V7g,100 gorillas vs. Florida Final Boss? 🦍🐊 #shorts,2026-03-23T03:39:28Z,37746,393,32
2026-03-23T19:57:09+00:00,gRNQkeddOeo,UCKjEtnnXEHsXE9IvCb92V7g,“I would light this thing on fire” 🔥🤣,2026-03-23T02:03:26Z,7167,250,6
2026-03-23T19:57:09+00:00,a8PrkqVWt_s,UCKjEtnnXEHsXE9IvCb92V7g,Tony Delk breaks down the difference in the 2025 and 2026 Florida guards. #MarchMadness,2026-03-23T01:13:03Z,2226,11,1
2026-03-23T19:57:40+00:00,q7oYm4P9UKc,UCKjEtnnXEHsXE9IvCb92V7g,100 gorillas vs. Florida Final Boss? 🦍🐊 #shorts,2026-03-23T03:39:28Z,37746,393,32
2026-03-23T19:57:40+00:00,gRNQkeddOeo,UCKjEtnnXEHsXE9IvCb92V7g,“I would light this thing on fire” 🔥🤣,2026-03-23T02:03:26Z,7167,250,6
2026-03-23T19:57:40+00:00,a8PrkqVWt_s,UCKjEtnnXEHsXE9IvCb92V7g,Tony Delk breaks down the difference in the 2025 and 2026 Florida guards. #MarchMadness,2026-03-23T01:13:03Z,2226,11,1
2026-03-23T19:58:11+00:00,q7oYm4P9UKc,UCKjEtnnXEHsXE9IvCb92V7g,100 gorillas vs. Florida Final Boss? 🦍🐊 #shorts,2026-03-23T03:39:28Z,37746,393,32
2026-03-23T19:58:11+00:00,gRNQkeddOeo,UCKjEtnnXEHsXE9IvCb92V7g,“I would light this thing on fire” 🔥🤣,2026-03-23T02:03:26Z,7167,250,6
2026-03-23T19:58:11+00:00,a8PrkqVWt_s,UCKjEtnnXEHsXE9IvCb92V7g,Tony Delk breaks down the difference in the 2025 and 2026 Florida guards. #MarchMadness,2026-03-23T01:13:03Z,2226,11,1
2026-03-23T19:58:42+00:00,q7oYm4P9UKc,UCKjEtnnXEHsXE9IvCb92V7g,100 gorillas vs. Florida Final Boss? 🦍🐊 #shorts,2026-03-23T03:39:28Z,37746,393,32
2026-03-23T19:58:42+00:00,gRNQkeddOeo,UCKjEtnnXEHsXE9IvCb92V7g,“I would light this thing on fire” 🔥🤣,2026-03-23T02:03:26Z,7167,250,6
2026-03-23T19:58:42+00:00,a8PrkqVWt_s,UCKjEtnnXEHsXE9IvCb92V7g,Tony Delk breaks down the difference in the 2025 and 2026 Florida guards. #MarchMadness,2026-03-23T01:13:03Z,2226,11,1
2026-03-23T19:59:12+00:00,q7oYm4P9UKc,UCKjEtnnXEHsXE9IvCb92V7g,100 gorillas vs. Florida Final Boss? 🦍🐊 #shorts,2026-03-23T03:39:28Z,37746,393,32
2026-03-23T19:59:12+00:00,gRNQkeddOeo,UCKjEtnnXEHsXE9IvCb92V7g,“I would light this thing on fire” 🔥🤣,2026-03-23T02:03:26Z,7189,250,6
2026-03-23T19:59:12+00:00,a8PrkqVWt_s,UCKjEtnnXEHsXE9IvCb92V7g,Tony Delk breaks down the difference in the 2025 and 2026 Florida guards. #MarchMadness,2026-03-23T01:13:03Z,2226,11,1
2026-03-23T19:59:43+00:00,q7oYm4P9UKc,UCKjEtnnXEHsXE9IvCb92V7g,100 gorillas vs. Florida Final Boss? 🦍🐊 #shorts,2026-03-23T03:39:28Z,37746,393,32
2026-03-23T19:59:43+00:00,gRNQkeddOeo,UCKjEtnnXEHsXE9IvCb92V7g,“I would light this thing on fire” 🔥🤣,2026-03-23T02:03:26Z,7189,250,6
2026-03-23T19:59:43+00:00,a8PrkqVWt_s,UCKjEtnnXEHsXE9IvCb92V7g,Tony Delk breaks down the difference in the 2025 and 2026 Florida guards. #MarchMadness,2026-03-23T01:13:03Z,2226,11,1
2026-03-23T20:00:13+00:00,q7oYm4P9UKc,UCKjEtnnXEHsXE9IvCb92V7g,100 gorillas vs. Florida Final Boss? 🦍🐊 #shorts,2026-03-23T03:39:28Z,37746,393,32
2026-03-23T20:00:13+00:00,gRNQkeddOeo,UCKjEtnnXEHsXE9IvCb92V7g,“I would light this thing on fire” 🔥🤣,2026-03-23T02:03:26Z,7189,250,6
2026-03-23T20:00:13+00:00,a8PrkqVWt_s,UCKjEtnnXEHsXE9IvCb92V7g,Tony Delk breaks down the difference in the 2025 and 2026 Florida guards. #MarchMadness,2026-03-23T01:13:03Z,2226,11,1
2026-03-23T20:00:44+00:00,q7oYm4P9UKc,UCKjEtnnXEHsXE9IvCb92V7g,100 gorillas vs. Florida Final Boss? 🦍🐊 #shorts,2026-03-23T03:39:28Z,37746,393,32
2026-03-23T20:00:44+00:00,gRNQkeddOeo,UCKjEtnnXEHsXE9IvCb92V7g,“I would light this thing on fire” 🔥🤣,2026-03-23T02:03:26Z,7189,250,6
2026-03-23T20:00:44+00:00,a8PrkqVWt_s,UCKjEtnnXEHsXE9IvCb92V7g,Tony Delk breaks down the difference in the 2025 and 2026 Florida guards. #MarchMadness,2026-03-23T01:13:03Z,2226,11,1
2026-03-23T20:01:14+00:00,q7oYm4P9UKc,UCKjEtnnXEHsXE9IvCb92V7g,100 gorillas vs. Florida Final Boss? 🦍🐊 #shorts,2026-03-23T03:39:28Z,37873,393,32
2026-03-23T20:01:14+00:00,gRNQkeddOeo,UCKjEtnnXEHsXE9IvCb92V7g,“I would light this thing on fire” 🔥🤣,2026-03-23T02:03:26Z,7189,250,6
2026-03-23T20:01:14+00:00,a8PrkqVWt_s,UCKjEtnnXEHsXE9IvCb92V7g,Tony Delk breaks down the difference in the 2025 and 2026 Florida guards. #MarchMadness,2026-03-23T01:13:03Z,2226,11,1
2026-03-23T20:01:44+00:00,q7oYm4P9UKc,UCKjEtnnXEHsXE9IvCb92V7g,100 gorillas vs. Florida Final Boss? 🦍🐊 #shorts,2026-03-23T03:39:28Z,37873,393,32
2026-03-23T20:01:44+00:00,gRNQkeddOeo,UCKjEtnnXEHsXE9IvCb92V7g,“I would light this thing on fire” 🔥🤣,2026-03-23T02:03:26Z,7189,250,6
2026-03-23T20:01:44+00:00,a8PrkqVWt_s,UCKjEtnnXEHsXE9IvCb92V7g,Tony Delk breaks down the difference in the 2025 and 2026 Florida guards. #MarchMadness,2026-03-23T01:13:03Z,2226,11,1
2026-03-23T20:02:15+00:00,q7oYm4P9UKc,UCKjEtnnXEHsXE9IvCb92V7g,100 gorillas vs. Florida Final Boss? 🦍🐊 #shorts,2026-03-23T03:39:28Z,37873,393,32
2026-03-23T20:02:15+00:00,gRNQkeddOeo,UCKjEtnnXEHsXE9IvCb92V7g,“I would light this thing on fire” 🔥🤣,2026-03-23T02:03:26Z,7189,250,6
2026-03-23T20:02:15+00:00,a8PrkqVWt_s,UCKjEtnnXEHsXE9IvCb92V7g,Tony Delk breaks down the difference in the 2025 and 2026 Florida guards. #MarchMadness,2026-03-23T01:13:03Z,2226,11,1
2026-03-23T20:02:46+00:00,q7oYm4P9UKc,UCKjEtnnXEHsXE9IvCb92V7g,100 gorillas vs. Florida Final Boss? 🦍🐊 #shorts,2026-03-23T03:39:28Z,37873,393,32
2026-03-23T20:02:46+00:00,gRNQkeddOeo,UCKjEtnnXEHsXE9IvCb92V7g,“I would light this thing on fire” 🔥🤣,2026-03-23T02:03:26Z,7189,250,6
2026-03-23T20:02:46+00:00,a8PrkqVWt_s,UCKjEtnnXEHsXE9IvCb92V7g,Tony Delk breaks down the difference in the 2025 and 2026 Florida guards. #MarchMadness,2026-03-23T01:13:03Z,2226,11,1
2026-03-23T20:03:16+00:00,q7oYm4P9UKc,UCKjEtnnXEHsXE9IvCb92V7g,100 gorillas vs. Florida Final Boss? 🦍🐊 #shorts,2026-03-23T03:39:28Z,37873,393,32
2026-03-23T20:03:16+00:00,gRNQkeddOeo,UCKjEtnnXEHsXE9IvCb92V7g,“I would light this thing on fire” 🔥🤣,2026-03-23T02:03:26Z,7189,250,6
2026-03-23T20:03:16+00:00,a8PrkqVWt_s,UCKjEtnnXEHsXE9IvCb92V7g,Tony Delk breaks down the difference in the 2025 and 2026 Florida guards. #MarchMadness,2026-03-23T01:13:03Z,2226,11,1
2026-03-23T20:03:46+00:00,q7oYm4P9UKc,UCKjEtnnXEHsXE9IvCb92V7g,100 gorillas vs. Florida Final Boss? 🦍🐊 #shorts,2026-03-23T03:39:28Z,37873,393,32
2026-03-23T20:03:46+00:00,gRNQkeddOeo,UCKjEtnnXEHsXE9IvCb92V7g,“I would light this thing on fire” 🔥🤣,2026-03-23T02:03:26Z,7189,250,6
2026-03-23T20:03:46+00:00,a8PrkqVWt_s,UCKjEtnnXEHsXE9IvCb92V7g,Tony Delk breaks down the difference in the 2025 and 2026 Florida guards. #MarchMadness,2026-03-23T01:13:03Z,2226,11,1
2026-03-23T20:04:17+00:00,q7oYm4P9UKc,UCKjEtnnXEHsXE9IvCb92V7g,100 gorillas vs. Florida Final Boss? 🦍🐊 #shorts,2026-03-23T03:39:28Z,37873,393,32
2026-03-23T20:04:17+00:00,gRNQkeddOeo,UCKjEtnnXEHsXE9IvCb92V7g,“I would light this thing on fire” 🔥🤣,2026-03-23T02:03:26Z,7212,250,6
2026-03-23T20:04:17+00:00,a8PrkqVWt_s,UCKjEtnnXEHsXE9IvCb92V7g,Tony Delk breaks down the difference in the 2025 and 2026 Florida guards. #MarchMadness,2026-03-23T01:13:03Z,2226,11,1
2026-03-23T20:04:48+00:00,q7oYm4P9UKc,UCKjEtnnXEHsXE9IvCb92V7g,100 gorillas vs. Florida Final Boss? 🦍🐊 #shorts,2026-03-23T03:39:28Z,37873,393,32
2026-03-23T20:04:48+00:00,gRNQkeddOeo,UCKjEtnnXEHsXE9IvCb92V7g,“I would light this thing on fire” 🔥🤣,2026-03-23T02:03:26Z,7213,250,6
2026-03-23T20:04:48+00:00,a8PrkqVWt_s,UCKjEtnnXEHsXE9IvCb92V7g,Tony Delk breaks down the difference in the 2025 and 2026 Florida guards. #MarchMadness,2026-03-23T01:13:03Z,2226,11,1
2026-03-23T20:05:18+00:00,q7oYm4P9UKc,UCKjEtnnXEHsXE9IvCb92V7g,100 gorillas vs. Florida Final Boss? 🦍🐊 #shorts,2026-03-23T03:39:28Z,37873,393,32
2026-03-23T20:05:18+00:00,gRNQkeddOeo,UCKjEtnnXEHsXE9IvCb92V7g,“I would light this thing on fire” 🔥🤣,2026-03-23T02:03:26Z,7213,251,6
2026-03-23T20:05:18+00:00,a8PrkqVWt_s,UCKjEtnnXEHsXE9IvCb92V7g,Tony Delk breaks down the difference in the 2025 and 2026 Florida guards. #MarchMadness,2026-03-23T01:13:03Z,2226,11,1
2026-03-23T20:05:48+00:00,q7oYm4P9UKc,UCKjEtnnXEHsXE9IvCb92V7g,100 gorillas vs. Florida Final Boss? 🦍🐊 #shorts,2026-03-23T03:39:28Z,37873,393,32
2026-03-23T20:05:48+00:00,gRNQkeddOeo,UCKjEtnnXEHsXE9IvCb92V7g,“I would light this thing on fire” 🔥🤣,2026-03-23T02:03:26Z,7213,251,6
2026-03-23T20:05:48+00:00,a8PrkqVWt_s,UCKjEtnnXEHsXE9IvCb92V7g,Tony Delk breaks down the difference in the 2025 and 2026 Florida guards. #MarchMadness,2026-03-23T01:13:03Z,2226,11,1
2026-03-23T20:06:19+00:00,q7oYm4P9UKc,UCKjEtnnXEHsXE9IvCb92V7g,100 gorillas vs. Florida Final Boss? 🦍🐊 #shorts,2026-03-23T03:39:28Z,38095,393,32
2026-03-23T20:06:19+00:00,gRNQkeddOeo,UCKjEtnnXEHsXE9IvCb92V7g,“I would light this thing on fire” 🔥🤣,2026-03-23T02:03:26Z,7213,251,6
2026-03-23T20:06:19+00:00,a8PrkqVWt_s,UCKjEtnnXEHsXE9IvCb92V7g,Tony Delk breaks down the difference in the 2025 and 2026 Florida guards. #MarchMadness,2026-03-23T01:13:03Z,2226,11,1
2026-03-23T20:06:49+00:00,q7oYm4P9UKc,UCKjEtnnXEHsXE9IvCb92V7g,100 gorillas vs. Florida Final Boss? 🦍🐊 #shorts,2026-03-23T03:39:28Z,38095,393,32
2026-03-23T20:06:49+00:00,gRNQkeddOeo,UCKjEtnnXEHsXE9IvCb92V7g,“I would light this thing on fire” 🔥🤣,2026-03-23T02:03:26Z,7213,251,6
2026-03-23T20:06:49+00:00,a8PrkqVWt_s,UCKjEtnnXEHsXE9IvCb92V7g,Tony Delk breaks down the difference in the 2025 and 2026 Florida guards. #MarchMadness,2026-03-23T01:13:03Z,2226,11,1
2026-03-23T20:07:20+00:00,q7oYm4P9UKc,UCKjEtnnXEHsXE9IvCb92V7g,100 gorillas vs. Florida Final Boss? 🦍🐊 #shorts,2026-03-23T03:39:28Z,38095,393,32
2026-03-23T20:07:20+00:00,gRNQkeddOeo,UCKjEtnnXEHsXE9IvCb92V7g,“I would light this thing on fire” 🔥🤣,2026-03-23T02:03:26Z,7213,251,6
2026-03-23T20:07:20+00:00,a8PrkqVWt_s,UCKjEtnnXEHsXE9IvCb92V7g,Tony Delk breaks down the difference in the 2025 and 2026 Florida guards. #MarchMadness,2026-03-23T01:13:03Z,2226,11,1
2026-03-23T20:07:51+00:00,q7oYm4P9UKc,UCKjEtnnXEHsXE9IvCb92V7g,100 gorillas vs. Florida Final Boss? 🦍🐊 #shorts,2026-03-23T03:39:28Z,38095,394,32
2026-03-23T20:07:51+00:00,gRNQkeddOeo,UCKjEtnnXEHsXE9IvCb92V7g,“I would light this thing on fire” 🔥🤣,2026-03-23T02:03:26Z,7213,251,6
2026-03-23T20:07:51+00:00,a8PrkqVWt_s,UCKjEtnnXEHsXE9IvCb92V7g,Tony Delk breaks down the difference in the 2025 and 2026 Florida guards. #MarchMadness,2026-03-23T01:13:03Z,2226,11,1
2026-03-23T20:08:22+00:00,q7oYm4P9UKc,UCKjEtnnXEHsXE9IvCb92V7g,100 gorillas vs. Florida Final Boss? 🦍🐊 #shorts,2026-03-23T03:39:28Z,38095,394,32
2026-03-23T20:08:22+00:00,gRNQkeddOeo,UCKjEtnnXEHsXE9IvCb92V7g,“I would light this thing on fire” 🔥🤣,2026-03-23T02:03:26Z,7213,251,6
2026-03-23T20:08:22+00:00,a8PrkqVWt_s,UCKjEtnnXEHsXE9IvCb92V7g,Tony Delk breaks down the difference in the 2025 and 2026 Florida guards. #MarchMadness,2026-03-23T01:13:03Z,2226,11,1
2026-03-23T20:08:53+00:00,q7oYm4P9UKc,UCKjEtnnXEHsXE9IvCb92V7g,100 gorillas vs. Florida Final Boss? 🦍🐊 #shorts,2026-03-23T03:39:28Z,38095,394,32
2026-03-23T20:08:53+00:00,gRNQkeddOeo,UCKjEtnnXEHsXE9IvCb92V7g,“I would light this thing on fire” 🔥🤣,2026-03-23T02:03:26Z,7236,251,6
2026-03-23T20:08:53+00:00,a8PrkqVWt_s,UCKjEtnnXEHsXE9IvCb92V7g,Tony Delk breaks down the difference in the 2025 and 2026 Florida guards. #MarchMadness,2026-03-23T01:13:03Z,2226,11,1
2026-03-23T20:09:24+00:00,q7oYm4P9UKc,UCKjEtnnXEHsXE9IvCb92V7g,100 gorillas vs. Florida Final Boss? 🦍🐊 #shorts,2026-03-23T03:39:28Z,38095,394,32
2026-03-23T20:09:24+00:00,gRNQkeddOeo,UCKjEtnnXEHsXE9IvCb92V7g,“I would light this thing on fire” 🔥🤣,2026-03-23T02:03:26Z,7236,251,6
2026-03-23T20:09:24+00:00,a8PrkqVWt_s,UCKjEtnnXEHsXE9IvCb92V7g,Tony Delk breaks down the difference in the 2025 and 2026 Florida guards. #MarchMadness,2026-03-23T01:13:03Z,2226,11,1
2026-03-23T20:09:55+00:00,q7oYm4P9UKc,UCKjEtnnXEHsXE9IvCb92V7g,100 gorillas vs. Florida Final Boss? 🦍🐊 #shorts,2026-03-23T03:39:28Z,38095,394,32
2026-03-23T20:09:55+00:00,gRNQkeddOeo,UCKjEtnnXEHsXE9IvCb92V7g,“I would light this thing on fire” 🔥🤣,2026-03-23T02:03:26Z,7236,251,6
2026-03-23T20:09:55+00:00,a8PrkqVWt_s,UCKjEtnnXEHsXE9IvCb92V7g,Tony Delk breaks down the difference in the 2025 and 2026 Florida guards. #MarchMadness,2026-03-23T01:13:03Z,2226,11,1
2026-03-23T20:10:26+00:00,q7oYm4P9UKc,UCKjEtnnXEHsXE9IvCb92V7g,100 gorillas vs. Florida Final Boss? 🦍🐊 #shorts,2026-03-23T03:39:28Z,38095,395,32
2026-03-23T20:10:26+00:00,gRNQkeddOeo,UCKjEtnnXEHsXE9IvCb92V7g,“I would light this thing on fire” 🔥🤣,2026-03-23T02:03:26Z,7236,251,6
2026-03-23T20:10:26+00:00,a8PrkqVWt_s,UCKjEtnnXEHsXE9IvCb92V7g,Tony Delk breaks down the difference in the 2025 and 2026 Florida guards. #MarchMadness,2026-03-23T01:13:03Z,2226,11,1
2026-03-23T20:10:57+00:00,q7oYm4P9UKc,UCKjEtnnXEHsXE9IvCb92V7g,100 gorillas vs. Florida Final Boss? 🦍🐊 #shorts,2026-03-23T03:39:28Z,38095,394,32
2026-03-23T20:10:57+00:00,gRNQkeddOeo,UCKjEtnnXEHsXE9IvCb92V7g,“I would light this thing on fire” 🔥🤣,2026-03-23T02:03:26Z,7236,251,6
2026-03-23T20:10:57+00:00,a8PrkqVWt_s,UCKjEtnnXEHsXE9IvCb92V7g,Tony Delk breaks down the difference in the 2025 and 2026 Florida guards. #MarchMadness,2026-03-23T01:13:03Z,2226,11,1
2026-03-23T20:11:28+00:00,q7oYm4P9UKc,UCKjEtnnXEHsXE9IvCb92V7g,100 gorillas vs. Florida Final Boss? 🦍🐊 #shorts,2026-03-23T03:39:28Z,38324,394,32
2026-03-23T20:11:28+00:00,gRNQkeddOeo,UCKjEtnnXEHsXE9IvCb92V7g,“I would light this thing on fire” 🔥🤣,2026-03-23T02:03:26Z,7236,251,6
2026-03-23T20:11:28+00:00,a8PrkqVWt_s,UCKjEtnnXEHsXE9IvCb92V7g,Tony Delk breaks down the difference in the 2025 and 2026 Florida guards. #MarchMadness,2026-03-23T01:13:03Z,2226,11,1
2026-03-23T20:11:58+00:00,q7oYm4P9UKc,UCKjEtnnXEHsXE9IvCb92V7g,100 gorillas vs. Florida Final Boss? 🦍🐊 #shorts,2026-03-23T03:39:28Z,38324,395,32
2026-03-23T20:11:58+00:00,gRNQkeddOeo,UCKjEtnnXEHsXE9IvCb92V7g,“I would light this thing on fire” 🔥🤣,2026-03-23T02:03:26Z,7236,251,6
2026-03-23T20:11:58+00:00,a8PrkqVWt_s,UCKjEtnnXEHsXE9IvCb92V7g,Tony Delk breaks down the difference in the 2025 and 2026 Florida guards. #MarchMadness,2026-03-23T01:13:03Z,2226,11,1
2026-03-23T20:12:29+00:00,q7oYm4P9UKc,UCKjEtnnXEHsXE9IvCb92V7g,100 gorillas vs. Florida Final Boss? 🦍🐊 #shorts,2026-03-23T03:39:28Z,38324,395,32
2026-03-23T20:12:29+00:00,gRNQkeddOeo,UCKjEtnnXEHsXE9IvCb92V7g,“I would light this thing on fire” 🔥🤣,2026-03-23T02:03:26Z,7236,251,6
2026-03-23T20:12:29+00:00,a8PrkqVWt_s,UCKjEtnnXEHsXE9IvCb92V7g,Tony Delk breaks down the difference in the 2025 and 2026 Florida guards. #MarchMadness,2026-03-23T01:13:03Z,2226,11,1
2026-03-23T20:13:00+00:00,q7oYm4P9UKc,UCKjEtnnXEHsXE9IvCb92V7g,100 gorillas vs. Florida Final Boss? 🦍🐊 #shorts,2026-03-23T03:39:28Z,38324,395,32
2026-03-23T20:13:00+00:00,gRNQkeddOeo,UCKjEtnnXEHsXE9IvCb92V7g,“I would light this thing on fire” 🔥🤣,2026-03-23T02:03:26Z,7236,251,6
2026-03-23T20:13:00+00:00,a8PrkqVWt_s,UCKjEtnnXEHsXE9IvCb92V7g,Tony Delk breaks down the difference in the 2025 and 2026 Florida guards. #MarchMadness,2026-03-23T01:13:03Z,2226,11,1
2026-03-23T20:13:31+00:00,q7oYm4P9UKc,UCKjEtnnXEHsXE9IvCb92V7g,100 gorillas vs. Florida Final Boss? 🦍🐊 #shorts,2026-03-23T03:39:28Z,38324,395,32
2026-03-23T20:13:31+00:00,gRNQkeddOeo,UCKjEtnnXEHsXE9IvCb92V7g,“I would light this thing on fire” 🔥🤣,2026-03-23T02:03:26Z,7236,251,6
2026-03-23T20:13:31+00:00,a8PrkqVWt_s,UCKjEtnnXEHsXE9IvCb92V7g,Tony Delk breaks down the difference in the 2025 and 2026 Florida guards. #MarchMadness,2026-03-23T01:13:03Z,2226,11,1
2026-03-23T20:14:02+00:00,q7oYm4P9UKc,UCKjEtnnXEHsXE9IvCb92V7g,100 gorillas vs. Florida Final Boss? 🦍🐊 #shorts,2026-03-23T03:39:28Z,38324,395,32
2026-03-23T20:14:02+00:00,gRNQkeddOeo,UCKjEtnnXEHsXE9IvCb92V7g,“I would light this thing on fire” 🔥🤣,2026-03-23T02:03:26Z,7272,251,6
2026-03-23T20:14:02+00:00,a8PrkqVWt_s,UCKjEtnnXEHsXE9IvCb92V7g,Tony Delk breaks down the difference in the 2025 and 2026 Florida guards. #MarchMadness,2026-03-23T01:13:03Z,2226,11,1
2026-03-23T20:14:33+00:00,q7oYm4P9UKc,UCKjEtnnXEHsXE9IvCb92V7g,100 gorillas vs. Florida Final Boss? 🦍🐊 #shorts,2026-03-23T03:39:28Z,38324,395,32
2026-03-23T20:14:33+00:00,gRNQkeddOeo,UCKjEtnnXEHsXE9IvCb92V7g,“I would light this thing on fire” 🔥🤣,2026-03-23T02:03:26Z,7272,251,6
2026-03-23T20:14:33+00:00,a8PrkqVWt_s,UCKjEtnnXEHsXE9IvCb92V7g,Tony Delk breaks down the difference in the 2025 and 2026 Florida guards. #MarchMadness,2026-03-23T01:13:03Z,2226,11,1
2026-03-23T20:15:03+00:00,q7oYm4P9UKc,UCKjEtnnXEHsXE9IvCb92V7g,100 gorillas vs. Florida Final Boss? 🦍🐊 #shorts,2026-03-23T03:39:28Z,38324,395,32
2026-03-23T20:15:03+00:00,gRNQkeddOeo,UCKjEtnnXEHsXE9IvCb92V7g,“I would light this thing on fire” 🔥🤣,2026-03-23T02:03:26Z,7272,251,6
2026-03-23T20:15:03+00:00,a8PrkqVWt_s,UCKjEtnnXEHsXE9IvCb92V7g,Tony Delk breaks down the difference in the 2025 and 2026 Florida guards. #MarchMadness,2026-03-23T01:13:03Z,2226,11,1
2026-03-23T20:15:34+00:00,q7oYm4P9UKc,UCKjEtnnXEHsXE9IvCb92V7g,100 gorillas vs. Florida Final Boss? 🦍🐊 #shorts,2026-03-23T03:39:28Z,38324,395,32
2026-03-23T20:15:34+00:00,gRNQkeddOeo,UCKjEtnnXEHsXE9IvCb92V7g,“I would light this thing on fire” 🔥🤣,2026-03-23T02:03:26Z,7272,252,6
2026-03-23T20:15:34+00:00,a8PrkqVWt_s,UCKjEtnnXEHsXE9IvCb92V7g,Tony Delk breaks down the difference in the 2025 and 2026 Florida guards. #MarchMadness,2026-03-23T01:13:03Z,2226,11,1
2026-03-23T20:16:05+00:00,q7oYm4P9UKc,UCKjEtnnXEHsXE9IvCb92V7g,100 gorillas vs. Florida Final Boss? 🦍🐊 #shorts,2026-03-23T03:39:28Z,38469,395,32
2026-03-23T20:16:05+00:00,gRNQkeddOeo,UCKjEtnnXEHsXE9IvCb92V7g,“I would light this thing on fire” 🔥🤣,2026-03-23T02:03:26Z,7272,252,6
2026-03-23T20:16:05+00:00,a8PrkqVWt_s,UCKjEtnnXEHsXE9IvCb92V7g,Tony Delk breaks down the difference in the 2025 and 2026 Florida guards. #MarchMadness,2026-03-23T01:13:03Z,2226,11,1
2026-03-23T20:16:35+00:00,q7oYm4P9UKc,UCKjEtnnXEHsXE9IvCb92V7g,100 gorillas vs. Florida Final Boss? 🦍🐊 #shorts,2026-03-23T03:39:28Z,38469,395,32
2026-03-23T20:16:35+00:00,gRNQkeddOeo,UCKjEtnnXEHsXE9IvCb92V7g,“I would light this thing on fire” 🔥🤣,2026-03-23T02:03:26Z,7272,252,6
2026-03-23T20:16:35+00:00,a8PrkqVWt_s,UCKjEtnnXEHsXE9IvCb92V7g,Tony Delk breaks down the difference in the 2025 and 2026 Florida guards. #MarchMadness,2026-03-23T01:13:03Z,2226,11,1
2026-03-23T20:17:06+00:00,q7oYm4P9UKc,UCKjEtnnXEHsXE9IvCb92V7g,100 gorillas vs. Florida Final Boss? 🦍🐊 #shorts,2026-03-23T03:39:28Z,38469,395,32
2026-03-23T20:17:06+00:00,gRNQkeddOeo,UCKjEtnnXEHsXE9IvCb92V7g,“I would light this thing on fire” 🔥🤣,2026-03-23T02:03:26Z,7272,252,6
2026-03-23T20:17:06+00:00,a8PrkqVWt_s,UCKjEtnnXEHsXE9IvCb92V7g,Tony Delk breaks down the difference in the 2025 and 2026 Florida guards. #MarchMadness,2026-03-23T01:13:03Z,2226,11,1
2026-03-23T20:17:37+00:00,q7oYm4P9UKc,UCKjEtnnXEHsXE9IvCb92V7g,100 gorillas vs. Florida Final Boss? 🦍🐊 #shorts,2026-03-23T03:39:28Z,38469,395,32
2026-03-23T20:17:37+00:00,gRNQkeddOeo,UCKjEtnnXEHsXE9IvCb92V7g,“I would light this thing on fire” 🔥🤣,2026-03-23T02:03:26Z,7272,253,6
2026-03-23T20:17:37+00:00,a8PrkqVWt_s,UCKjEtnnXEHsXE9IvCb92V7g,Tony Delk breaks down the difference in the 2025 and 2026 Florida guards. #MarchMadness,2026-03-23T01:13:03Z,2226,11,1
2026-03-23T20:18:08+00:00,q7oYm4P9UKc,UCKjEtnnXEHsXE9IvCb92V7g,100 gorillas vs. Florida Final Boss? 🦍🐊 #shorts,2026-03-23T03:39:28Z,38469,395,32
2026-03-23T20:18:08+00:00,gRNQkeddOeo,UCKjEtnnXEHsXE9IvCb92V7g,“I would light this thing on fire” 🔥🤣,2026-03-23T02:03:26Z,7272,253,6
2026-03-23T20:18:08+00:00,a8PrkqVWt_s,UCKjEtnnXEHsXE9IvCb92V7g,Tony Delk breaks down the difference in the 2025 and 2026 Florida guards. #MarchMadness,2026-03-23T01:13:03Z,2226,11,1
2026-03-23T20:18:39+00:00,q7oYm4P9UKc,UCKjEtnnXEHsXE9IvCb92V7g,100 gorillas vs. Florida Final Boss? 🦍🐊 #shorts,2026-03-23T03:39:28Z,38469,395,32
2026-03-23T20:18:39+00:00,gRNQkeddOeo,UCKjEtnnXEHsXE9IvCb92V7g,“I would light this thing on fire” 🔥🤣,2026-03-23T02:03:26Z,7272,253,6
2026-03-23T20:18:39+00:00,a8PrkqVWt_s,UCKjEtnnXEHsXE9IvCb92V7g,Tony Delk breaks down the difference in the 2025 and 2026 Florida guards. #MarchMadness,2026-03-23T01:13:03Z,2226,11,1
2026-03-23T20:19:09+00:00,q7oYm4P9UKc,UCKjEtnnXEHsXE9IvCb92V7g,100 gorillas vs. Florida Final Boss? 🦍🐊 #shorts,2026-03-23T03:39:28Z,38469,395,32
2026-03-23T20:19:09+00:00,gRNQkeddOeo,UCKjEtnnXEHsXE9IvCb92V7g,“I would light this thing on fire” 🔥🤣,2026-03-23T02:03:26Z,7282,253,6
2026-03-23T20:19:09+00:00,a8PrkqVWt_s,UCKjEtnnXEHsXE9IvCb92V7g,Tony Delk breaks down the difference in the 2025 and 2026 Florida guards. #MarchMadness,2026-03-23T01:13:03Z,2226,11,1
2026-03-23T20:19:40+00:00,q7oYm4P9UKc,UCKjEtnnXEHsXE9IvCb92V7g,100 gorillas vs. Florida Final Boss? 🦍🐊 #shorts,2026-03-23T03:39:28Z,38469,395,32
2026-03-23T20:19:40+00:00,gRNQkeddOeo,UCKjEtnnXEHsXE9IvCb92V7g,“I would light this thing on fire” 🔥🤣,2026-03-23T02:03:26Z,7282,253,6
2026-03-23T20:19:40+00:00,a8PrkqVWt_s,UCKjEtnnXEHsXE9IvCb92V7g,Tony Delk breaks down the difference in the 2025 and 2026 Florida guards. #MarchMadness,2026-03-23T01:13:03Z,2226,11,1
2026-03-23T20:20:11+00:00,q7oYm4P9UKc,UCKjEtnnXEHsXE9IvCb92V7g,100 gorillas vs. Florida Final Boss? 🦍🐊 #shorts,2026-03-23T03:39:28Z,38469,395,32
2026-03-23T20:20:11+00:00,gRNQkeddOeo,UCKjEtnnXEHsXE9IvCb92V7g,“I would light this thing on fire” 🔥🤣,2026-03-23T02:03:26Z,7282,253,6
2026-03-23T20:20:11+00:00,a8PrkqVWt_s,UCKjEtnnXEHsXE9IvCb92V7g,Tony Delk breaks down the difference in the 2025 and 2026 Florida guards. #MarchMadness,2026-03-23T01:13:03Z,2226,11,1
2026-03-23T20:20:42+00:00,q7oYm4P9UKc,UCKjEtnnXEHsXE9IvCb92V7g,100 gorillas vs. Florida Final Boss? 🦍🐊 #shorts,2026-03-23T03:39:28Z,38469,395,32
2026-03-23T20:20:42+00:00,gRNQkeddOeo,UCKjEtnnXEHsXE9IvCb92V7g,“I would light this thing on fire” 🔥🤣,2026-03-23T02:03:26Z,7282,253,6
2026-03-23T20:20:42+00:00,a8PrkqVWt_s,UCKjEtnnXEHsXE9IvCb92V7g,Tony Delk breaks down the difference in the 2025 and 2026 Florida guards. #MarchMadness,2026-03-23T01:13:03Z,2226,11,1
2026-03-23T20:21:13+00:00,q7oYm4P9UKc,UCKjEtnnXEHsXE9IvCb92V7g,100 gorillas vs. Florida Final Boss? 🦍🐊 #shorts,2026-03-23T03:39:28Z,38469,395,32
2026-03-23T20:21:13+00:00,gRNQkeddOeo,UCKjEtnnXEHsXE9IvCb92V7g,“I would light this thing on fire” 🔥🤣,2026-03-23T02:03:26Z,7282,253,6
2026-03-23T20:21:13+00:00,a8PrkqVWt_s,UCKjEtnnXEHsXE9IvCb92V7g,Tony Delk breaks down the difference in the 2025 and 2026 Florida guards. #MarchMadness,2026-03-23T01:13:03Z,2226,11,1
2026-03-23T20:21:44+00:00,q7oYm4P9UKc,UCKjEtnnXEHsXE9IvCb92V7g,100 gorillas vs. Florida Final Boss? 🦍🐊 #shorts,2026-03-23T03:39:28Z,38525,395,32
2026-03-23T20:21:44+00:00,gRNQkeddOeo,UCKjEtnnXEHsXE9IvCb92V7g,“I would light this thing on fire” 🔥🤣,2026-03-23T02:03:26Z,7282,253,6
2026-03-23T20:21:44+00:00,a8PrkqVWt_s,UCKjEtnnXEHsXE9IvCb92V7g,Tony Delk breaks down the difference in the 2025 and 2026 Florida guards. #MarchMadness,2026-03-23T01:13:03Z,2226,11,1
2026-03-23T20:22:15+00:00,q7oYm4P9UKc,UCKjEtnnXEHsXE9IvCb92V7g,100 gorillas vs. Florida Final Boss? 🦍🐊 #shorts,2026-03-23T03:39:28Z,38525,397,32
2026-03-23T20:22:15+00:00,gRNQkeddOeo,UCKjEtnnXEHsXE9IvCb92V7g,“I would light this thing on fire” 🔥🤣,2026-03-23T02:03:26Z,7282,253,6
2026-03-23T20:22:15+00:00,a8PrkqVWt_s,UCKjEtnnXEHsXE9IvCb92V7g,Tony Delk breaks down the difference in the 2025 and 2026 Florida guards. #MarchMadness,2026-03-23T01:13:03Z,2226,11,1
2026-03-23T20:22:46+00:00,q7oYm4P9UKc,UCKjEtnnXEHsXE9IvCb92V7g,100 gorillas vs. Florida Final Boss? 🦍🐊 #shorts,2026-03-23T03:39:28Z,38525,397,32
2026-03-23T20:22:46+00:00,gRNQkeddOeo,UCKjEtnnXEHsXE9IvCb92V7g,“I would light this thing on fire” 🔥🤣,2026-03-23T02:03:26Z,7282,253,6
2026-03-23T20:22:46+00:00,a8PrkqVWt_s,UCKjEtnnXEHsXE9IvCb92V7g,Tony Delk breaks down the difference in the 2025 and 2026 Florida guards. #MarchMadness,2026-03-23T01:13:03Z,2226,11,1
2026-03-23T20:23:17+00:00,q7oYm4P9UKc,UCKjEtnnXEHsXE9IvCb92V7g,100 gorillas vs. Florida Final Boss? 🦍🐊 #shorts,2026-03-23T03:39:28Z,38525,397,32
2026-03-23T20:23:17+00:00,gRNQkeddOeo,UCKjEtnnXEHsXE9IvCb92V7g,“I would light this thing on fire” 🔥🤣,2026-03-23T02:03:26Z,7282,254,6
2026-03-23T20:23:17+00:00,a8PrkqVWt_s,UCKjEtnnXEHsXE9IvCb92V7g,Tony Delk breaks down the difference in the 2025 and 2026 Florida guards. #MarchMadness,2026-03-23T01:13:03Z,2226,11,1
2026-03-23T20:23:48+00:00,q7oYm4P9UKc,UCKjEtnnXEHsXE9IvCb92V7g,100 gorillas vs. Florida Final Boss? 🦍🐊 #shorts,2026-03-23T03:39:28Z,38525,398,32
2026-03-23T20:23:48+00:00,gRNQkeddOeo,UCKjEtnnXEHsXE9IvCb92V7g,“I would light this thing on fire” 🔥🤣,2026-03-23T02:03:26Z,7282,254,6
2026-03-23T20:23:48+00:00,a8PrkqVWt_s,UCKjEtnnXEHsXE9IvCb92V7g,Tony Delk breaks down the difference in the 2025 and 2026 Florida guards. #MarchMadness,2026-03-23T01:13:03Z,2226,11,1
2026-03-23T20:24:19+00:00,q7oYm4P9UKc,UCKjEtnnXEHsXE9IvCb92V7g,100 gorillas vs. Florida Final Boss? 🦍🐊 #shorts,2026-03-23T03:39:28Z,38525,398,32
2026-03-23T20:24:19+00:00,gRNQkeddOeo,UCKjEtnnXEHsXE9IvCb92V7g,“I would light this thing on fire” 🔥🤣,2026-03-23T02:03:26Z,7302,254,6
2026-03-23T20:24:19+00:00,a8PrkqVWt_s,UCKjEtnnXEHsXE9IvCb92V7g,Tony Delk breaks down the difference in the 2025 and 2026 Florida guards. #MarchMadness,2026-03-23T01:13:03Z,2226,11,1
2026-03-23T20:24:49+00:00,q7oYm4P9UKc,UCKjEtnnXEHsXE9IvCb92V7g,100 gorillas vs. Florida Final Boss? 🦍🐊 #shorts,2026-03-23T03:39:28Z,38525,398,32
2026-03-23T20:24:49+00:00,gRNQkeddOeo,UCKjEtnnXEHsXE9IvCb92V7g,“I would light this thing on fire” 🔥🤣,2026-03-23T02:03:26Z,7302,254,6
2026-03-23T20:24:49+00:00,a8PrkqVWt_s,UCKjEtnnXEHsXE9IvCb92V7g,Tony Delk breaks down the difference in the 2025 and 2026 Florida guards. #MarchMadness,2026-03-23T01:13:03Z,2226,11,1
2026-03-23T20:25:20+00:00,q7oYm4P9UKc,UCKjEtnnXEHsXE9IvCb92V7g,100 gorillas vs. Florida Final Boss? 🦍🐊 #shorts,2026-03-23T03:39:28Z,38525,398,32
2026-03-23T20:25:20+00:00,gRNQkeddOeo,UCKjEtnnXEHsXE9IvCb92V7g,“I would light this thing on fire” 🔥🤣,2026-03-23T02:03:26Z,7302,254,6
2026-03-23T20:25:20+00:00,a8PrkqVWt_s,UCKjEtnnXEHsXE9IvCb92V7g,Tony Delk breaks down the difference in the 2025 and 2026 Florida guards. #MarchMadness,2026-03-23T01:13:03Z,2226,11,1
2026-03-23T20:25:51+00:00,q7oYm4P9UKc,UCKjEtnnXEHsXE9IvCb92V7g,100 gorillas vs. Florida Final Boss? 🦍🐊 #shorts,2026-03-23T03:39:28Z,38525,399,32
2026-03-23T20:25:51+00:00,gRNQkeddOeo,UCKjEtnnXEHsXE9IvCb92V7g,“I would light this thing on fire” 🔥🤣,2026-03-23T02:03:26Z,7302,254,6
2026-03-23T20:25:51+00:00,a8PrkqVWt_s,UCKjEtnnXEHsXE9IvCb92V7g,Tony Delk breaks down the difference in the 2025 and 2026 Florida guards. #MarchMadness,2026-03-23T01:13:03Z,2226,11,1
2026-03-23T20:26:21+00:00,q7oYm4P9UKc,UCKjEtnnXEHsXE9IvCb92V7g,100 gorillas vs. Florida Final Boss? 🦍🐊 #shorts,2026-03-23T03:39:28Z,38640,399,32
2026-03-23T20:26:21+00:00,gRNQkeddOeo,UCKjEtnnXEHsXE9IvCb92V7g,“I would light this thing on fire” 🔥🤣,2026-03-23T02:03:26Z,7302,254,6
2026-03-23T20:26:21+00:00,a8PrkqVWt_s,UCKjEtnnXEHsXE9IvCb92V7g,Tony Delk breaks down the difference in the 2025 and 2026 Florida guards. #MarchMadness,2026-03-23T01:13:03Z,2226,11,1
2026-03-23T20:26:52+00:00,q7oYm4P9UKc,UCKjEtnnXEHsXE9IvCb92V7g,100 gorillas vs. Florida Final Boss? 🦍🐊 #shorts,2026-03-23T03:39:28Z,38640,399,32
2026-03-23T20:26:52+00:00,gRNQkeddOeo,UCKjEtnnXEHsXE9IvCb92V7g,“I would light this thing on fire” 🔥🤣,2026-03-23T02:03:26Z,7302,254,6
2026-03-23T20:26:52+00:00,a8PrkqVWt_s,UCKjEtnnXEHsXE9IvCb92V7g,Tony Delk breaks down the difference in the 2025 and 2026 Florida guards. #MarchMadness,2026-03-23T01:13:03Z,2226,11,1
2026-03-23T20:27:23+00:00,q7oYm4P9UKc,UCKjEtnnXEHsXE9IvCb92V7g,100 gorillas vs. Florida Final Boss? 🦍🐊 #shorts,2026-03-23T03:39:28Z,38640,400,32
2026-03-23T20:27:23+00:00,gRNQkeddOeo,UCKjEtnnXEHsXE9IvCb92V7g,“I would light this thing on fire” 🔥🤣,2026-03-23T02:03:26Z,7302,254,6
2026-03-23T20:27:23+00:00,a8PrkqVWt_s,UCKjEtnnXEHsXE9IvCb92V7g,Tony Delk breaks down the difference in the 2025 and 2026 Florida guards. #MarchMadness,2026-03-23T01:13:03Z,2226,11,1
2026-03-23T20:27:53+00:00,q7oYm4P9UKc,UCKjEtnnXEHsXE9IvCb92V7g,100 gorillas vs. Florida Final Boss? 🦍🐊 #shorts,2026-03-23T03:39:28Z,38640,400,32
2026-03-23T20:27:53+00:00,gRNQkeddOeo,UCKjEtnnXEHsXE9IvCb92V7g,“I would light this thing on fire” 🔥🤣,2026-03-23T02:03:26Z,7302,255,6
2026-03-23T20:27:53+00:00,a8PrkqVWt_s,UCKjEtnnXEHsXE9IvCb92V7g,Tony Delk breaks down the difference in the 2025 and 2026 Florida guards. #MarchMadness,2026-03-23T01:13:03Z,2226,11,1
2026-03-23T20:28:24+00:00,q7oYm4P9UKc,UCKjEtnnXEHsXE9IvCb92V7g,100 gorillas vs. Florida Final Boss? 🦍🐊 #shorts,2026-03-23T03:39:28Z,38640,400,32
2026-03-23T20:28:24+00:00,gRNQkeddOeo,UCKjEtnnXEHsXE9IvCb92V7g,“I would light this thing on fire” 🔥🤣,2026-03-23T02:03:26Z,7302,255,6
2026-03-23T20:28:24+00:00,a8PrkqVWt_s,UCKjEtnnXEHsXE9IvCb92V7g,Tony Delk breaks down the difference in the 2025 and 2026 Florida guards. #MarchMadness,2026-03-23T01:13:03Z,2226,11,1
2026-03-23T20:28:55+00:00,q7oYm4P9UKc,UCKjEtnnXEHsXE9IvCb92V7g,100 gorillas vs. Florida Final Boss? 🦍🐊 #shorts,2026-03-23T03:39:28Z,38640,401,32
2026-03-23T20:28:55+00:00,gRNQkeddOeo,UCKjEtnnXEHsXE9IvCb92V7g,“I would light this thing on fire” 🔥🤣,2026-03-23T02:03:26Z,7324,255,6
2026-03-23T20:28:55+00:00,a8PrkqVWt_s,UCKjEtnnXEHsXE9IvCb92V7g,Tony Delk breaks down the difference in the 2025 and 2026 Florida guards. #MarchMadness,2026-03-23T01:13:03Z,2226,11,1
2026-03-23T20:29:26+00:00,q7oYm4P9UKc,UCKjEtnnXEHsXE9IvCb92V7g,100 gorillas vs. Florida Final Boss? 🦍🐊 #shorts,2026-03-23T03:39:28Z,38640,402,32
2026-03-23T20:29:26+00:00,gRNQkeddOeo,UCKjEtnnXEHsXE9IvCb92V7g,“I would light this thing on fire” 🔥🤣,2026-03-23T02:03:26Z,7324,255,6
2026-03-23T20:29:26+00:00,a8PrkqVWt_s,UCKjEtnnXEHsXE9IvCb92V7g,Tony Delk breaks down the difference in the 2025 and 2026 Florida guards. #MarchMadness,2026-03-23T01:13:03Z,2226,11,1
2026-03-23T20:29:57+00:00,q7oYm4P9UKc,UCKjEtnnXEHsXE9IvCb92V7g,100 gorillas vs. Florida Final Boss? 🦍🐊 #shorts,2026-03-23T03:39:28Z,38640,402,32
2026-03-23T20:29:57+00:00,gRNQkeddOeo,UCKjEtnnXEHsXE9IvCb92V7g,“I would light this thing on fire” 🔥🤣,2026-03-23T02:03:26Z,7324,256,6
2026-03-23T20:29:57+00:00,a8PrkqVWt_s,UCKjEtnnXEHsXE9IvCb92V7g,Tony Delk breaks down the difference in the 2025 and 2026 Florida guards. #MarchMadness,2026-03-23T01:13:03Z,2226,11,1
2026-03-23T20:30:28+00:00,q7oYm4P9UKc,UCKjEtnnXEHsXE9IvCb92V7g,100 gorillas vs. Florida Final Boss? 🦍🐊 #shorts,2026-03-23T03:39:28Z,38640,402,32
2026-03-23T20:30:28+00:00,gRNQkeddOeo,UCKjEtnnXEHsXE9IvCb92V7g,“I would light this thing on fire” 🔥🤣,2026-03-23T02:03:26Z,7324,256,6
2026-03-23T20:30:28+00:00,a8PrkqVWt_s,UCKjEtnnXEHsXE9IvCb92V7g,Tony Delk breaks down the difference in the 2025 and 2026 Florida guards. #MarchMadness,2026-03-23T01:13:03Z,2226,11,1
2026-03-23T20:30:59+00:00,q7oYm4P9UKc,UCKjEtnnXEHsXE9IvCb92V7g,100 gorillas vs. Florida Final Boss? 🦍🐊 #shorts,2026-03-23T03:39:28Z,38640,402,32
2026-03-23T20:30:59+00:00,gRNQkeddOeo,UCKjEtnnXEHsXE9IvCb92V7g,“I would light this thing on fire” 🔥🤣,2026-03-23T02:03:26Z,7324,256,6
2026-03-23T20:30:59+00:00,a8PrkqVWt_s,UCKjEtnnXEHsXE9IvCb92V7g,Tony Delk breaks down the difference in the 2025 and 2026 Florida guards. #MarchMadness,2026-03-23T01:13:03Z,2226,11,1
2026-03-23T20:31:30+00:00,q7oYm4P9UKc,UCKjEtnnXEHsXE9IvCb92V7g,100 gorillas vs. Florida Final Boss? 🦍🐊 #shorts,2026-03-23T03:39:28Z,38748,404,32
2026-03-23T20:31:30+00:00,gRNQkeddOeo,UCKjEtnnXEHsXE9IvCb92V7g,“I would light this thing on fire” 🔥🤣,2026-03-23T02:03:26Z,7324,257,6
2026-03-23T20:31:30+00:00,a8PrkqVWt_s,UCKjEtnnXEHsXE9IvCb92V7g,Tony Delk breaks down the difference in the 2025 and 2026 Florida guards. #MarchMadness,2026-03-23T01:13:03Z,2226,11,1
2026-03-23T20:32:01+00:00,q7oYm4P9UKc,UCKjEtnnXEHsXE9IvCb92V7g,100 gorillas vs. Florida Final Boss? 🦍🐊 #shorts,2026-03-23T03:39:28Z,38748,405,32
2026-03-23T20:32:01+00:00,gRNQkeddOeo,UCKjEtnnXEHsXE9IvCb92V7g,“I would light this thing on fire” 🔥🤣,2026-03-23T02:03:26Z,7324,257,6
2026-03-23T20:32:01+00:00,a8PrkqVWt_s,UCKjEtnnXEHsXE9IvCb92V7g,Tony Delk breaks down the difference in the 2025 and 2026 Florida guards. #MarchMadness,2026-03-23T01:13:03Z,2226,11,1
2026-03-23T20:32:31+00:00,q7oYm4P9UKc,UCKjEtnnXEHsXE9IvCb92V7g,100 gorillas vs. Florida Final Boss? 🦍🐊 #shorts,2026-03-23T03:39:28Z,38748,405,32
2026-03-23T20:32:31+00:00,gRNQkeddOeo,UCKjEtnnXEHsXE9IvCb92V7g,“I would light this thing on fire” 🔥🤣,2026-03-23T02:03:26Z,7324,257,6
2026-03-23T20:32:31+00:00,a8PrkqVWt_s,UCKjEtnnXEHsXE9IvCb92V7g,Tony Delk breaks down the difference in the 2025 and 2026 Florida guards. #MarchMadness,2026-03-23T01:13:03Z,2226,11,1
2026-03-23T20:33:02+00:00,q7oYm4P9UKc,UCKjEtnnXEHsXE9IvCb92V7g,100 gorillas vs. Florida Final Boss? 🦍🐊 #shorts,2026-03-23T03:39:28Z,38748,405,32
2026-03-23T20:33:02+00:00,gRNQkeddOeo,UCKjEtnnXEHsXE9IvCb92V7g,“I would light this thing on fire” 🔥🤣,2026-03-23T02:03:26Z,7324,257,6
2026-03-23T20:33:02+00:00,a8PrkqVWt_s,UCKjEtnnXEHsXE9IvCb92V7g,Tony Delk breaks down the difference in the 2025 and 2026 Florida guards. #MarchMadness,2026-03-23T01:13:03Z,2226,11,1
2026-03-23T20:33:33+00:00,q7oYm4P9UKc,UCKjEtnnXEHsXE9IvCb92V7g,100 gorillas vs. Florida Final Boss? 🦍🐊 #shorts,2026-03-23T03:39:28Z,38748,405,32
2026-03-23T20:33:33+00:00,gRNQkeddOeo,UCKjEtnnXEHsXE9IvCb92V7g,“I would light this thing on fire” 🔥🤣,2026-03-23T02:03:26Z,7324,257,6
2026-03-23T20:33:33+00:00,a8PrkqVWt_s,UCKjEtnnXEHsXE9IvCb92V7g,Tony Delk breaks down the difference in the 2025 and 2026 Florida guards. #MarchMadness,2026-03-23T01:13:03Z,2226,11,1
2026-03-23T20:34:03+00:00,q7oYm4P9UKc,UCKjEtnnXEHsXE9IvCb92V7g,100 gorillas vs. Florida Final Boss? 🦍🐊 #shorts,2026-03-23T03:39:28Z,38748,405,32
2026-03-23T20:34:03+00:00,gRNQkeddOeo,UCKjEtnnXEHsXE9IvCb92V7g,“I would light this thing on fire” 🔥🤣,2026-03-23T02:03:26Z,7343,257,6
2026-03-23T20:34:03+00:00,a8PrkqVWt_s,UCKjEtnnXEHsXE9IvCb92V7g,Tony Delk breaks down the difference in the 2025 and 2026 Florida guards. #MarchMadness,2026-03-23T01:13:03Z,2226,11,1
2026-03-23T20:34:33+00:00,q7oYm4P9UKc,UCKjEtnnXEHsXE9IvCb92V7g,100 gorillas vs. Florida Final Boss? 🦍🐊 #shorts,2026-03-23T03:39:28Z,38748,406,32
2026-03-23T20:34:33+00:00,gRNQkeddOeo,UCKjEtnnXEHsXE9IvCb92V7g,“I would light this thing on fire” 🔥🤣,2026-03-23T02:03:26Z,7343,257,6
2026-03-23T20:34:33+00:00,a8PrkqVWt_s,UCKjEtnnXEHsXE9IvCb92V7g,Tony Delk breaks down the difference in the 2025 and 2026 Florida guards. #MarchMadness,2026-03-23T01:13:03Z,2226,11,1
2026-03-23T20:35:04+00:00,q7oYm4P9UKc,UCKjEtnnXEHsXE9IvCb92V7g,100 gorillas vs. Florida Final Boss? 🦍🐊 #shorts,2026-03-23T03:39:28Z,38748,406,32
2026-03-23T20:35:04+00:00,gRNQkeddOeo,UCKjEtnnXEHsXE9IvCb92V7g,“I would light this thing on fire” 🔥🤣,2026-03-23T02:03:26Z,7343,257,6
2026-03-23T20:35:04+00:00,a8PrkqVWt_s,UCKjEtnnXEHsXE9IvCb92V7g,Tony Delk breaks down the difference in the 2025 and 2026 Florida guards. #MarchMadness,2026-03-23T01:13:03Z,2226,11,1
2026-03-23T20:35:35+00:00,q7oYm4P9UKc,UCKjEtnnXEHsXE9IvCb92V7g,100 gorillas vs. Florida Final Boss? 🦍🐊 #shorts,2026-03-23T03:39:28Z,38748,406,32
2026-03-23T20:35:35+00:00,gRNQkeddOeo,UCKjEtnnXEHsXE9IvCb92V7g,“I would light this thing on fire” 🔥🤣,2026-03-23T02:03:26Z,7343,257,6
2026-03-23T20:35:35+00:00,a8PrkqVWt_s,UCKjEtnnXEHsXE9IvCb92V7g,Tony Delk breaks down the difference in the 2025 and 2026 Florida guards. #MarchMadness,2026-03-23T01:13:03Z,2226,11,1
2026-03-23T20:36:06+00:00,q7oYm4P9UKc,UCKjEtnnXEHsXE9IvCb92V7g,100 gorillas vs. Florida Final Boss? 🦍🐊 #shorts,2026-03-23T03:39:28Z,38748,406,32
2026-03-23T20:36:06+00:00,gRNQkeddOeo,UCKjEtnnXEHsXE9IvCb92V7g,“I would light this thing on fire” 🔥🤣,2026-03-23T02:03:26Z,7343,258,6
2026-03-23T20:36:06+00:00,a8PrkqVWt_s,UCKjEtnnXEHsXE9IvCb92V7g,Tony Delk breaks down the difference in the 2025 and 2026 Florida guards. #MarchMadness,2026-03-23T01:13:03Z,2226,11,1
2026-03-23T20:36:37+00:00,q7oYm4P9UKc,UCKjEtnnXEHsXE9IvCb92V7g,100 gorillas vs. Florida Final Boss? 🦍🐊 #shorts,2026-03-23T03:39:28Z,38803,406,32
2026-03-23T20:36:37+00:00,gRNQkeddOeo,UCKjEtnnXEHsXE9IvCb92V7g,“I would light this thing on fire” 🔥🤣,2026-03-23T02:03:26Z,7343,259,6
2026-03-23T20:36:37+00:00,a8PrkqVWt_s,UCKjEtnnXEHsXE9IvCb92V7g,Tony Delk breaks down the difference in the 2025 and 2026 Florida guards. #MarchMadness,2026-03-23T01:13:03Z,2226,11,1
2026-03-23T20:37:08+00:00,q7oYm4P9UKc,UCKjEtnnXEHsXE9IvCb92V7g,100 gorillas vs. Florida Final Boss? 🦍🐊 #shorts,2026-03-23T03:39:28Z,38803,406,32
2026-03-23T20:37:08+00:00,gRNQkeddOeo,UCKjEtnnXEHsXE9IvCb92V7g,“I would light this thing on fire” 🔥🤣,2026-03-23T02:03:26Z,7343,259,6
2026-03-23T20:37:08+00:00,a8PrkqVWt_s,UCKjEtnnXEHsXE9IvCb92V7g,Tony Delk breaks down the difference in the 2025 and 2026 Florida guards. #MarchMadness,2026-03-23T01:13:03Z,2226,11,1
2026-03-23T20:37:38+00:00,q7oYm4P9UKc,UCKjEtnnXEHsXE9IvCb92V7g,100 gorillas vs. Florida Final Boss? 🦍🐊 #shorts,2026-03-23T03:39:28Z,38803,406,32
2026-03-23T20:37:38+00:00,gRNQkeddOeo,UCKjEtnnXEHsXE9IvCb92V7g,“I would light this thing on fire” 🔥🤣,2026-03-23T02:03:26Z,7343,260,6
2026-03-23T20:37:38+00:00,a8PrkqVWt_s,UCKjEtnnXEHsXE9IvCb92V7g,Tony Delk breaks down the difference in the 2025 and 2026 Florida guards. #MarchMadness,2026-03-23T01:13:03Z,2226,11,1
2026-03-23T20:38:09+00:00,q7oYm4P9UKc,UCKjEtnnXEHsXE9IvCb92V7g,100 gorillas vs. Florida Final Boss? 🦍🐊 #shorts,2026-03-23T03:39:28Z,38803,406,32
2026-03-23T20:38:09+00:00,gRNQkeddOeo,UCKjEtnnXEHsXE9IvCb92V7g,“I would light this thing on fire” 🔥🤣,2026-03-23T02:03:26Z,7343,260,6
2026-03-23T20:38:09+00:00,a8PrkqVWt_s,UCKjEtnnXEHsXE9IvCb92V7g,Tony Delk breaks down the difference in the 2025 and 2026 Florida guards. #MarchMadness,2026-03-23T01:13:03Z,2226,11,1
2026-03-23T20:38:40+00:00,q7oYm4P9UKc,UCKjEtnnXEHsXE9IvCb92V7g,100 gorillas vs. Florida Final Boss? 🦍🐊 #shorts,2026-03-23T03:39:28Z,38803,406,32
2026-03-23T20:38:40+00:00,gRNQkeddOeo,UCKjEtnnXEHsXE9IvCb92V7g,“I would light this thing on fire” 🔥🤣,2026-03-23T02:03:26Z,7343,260,6
2026-03-23T20:38:40+00:00,a8PrkqVWt_s,UCKjEtnnXEHsXE9IvCb92V7g,Tony Delk breaks down the difference in the 2025 and 2026 Florida guards. #MarchMadness,2026-03-23T01:13:03Z,2226,11,1
2026-03-23T20:39:10+00:00,q7oYm4P9UKc,UCKjEtnnXEHsXE9IvCb92V7g,100 gorillas vs. Florida Final Boss? 🦍🐊 #shorts,2026-03-23T03:39:28Z,38803,406,32
2026-03-23T20:39:10+00:00,gRNQkeddOeo,UCKjEtnnXEHsXE9IvCb92V7g,“I would light this thing on fire” 🔥🤣,2026-03-23T02:03:26Z,7364,260,6
2026-03-23T20:39:10+00:00,a8PrkqVWt_s,UCKjEtnnXEHsXE9IvCb92V7g,Tony Delk breaks down the difference in the 2025 and 2026 Florida guards. #MarchMadness,2026-03-23T01:13:03Z,2226,11,1
2026-03-23T20:39:41+00:00,q7oYm4P9UKc,UCKjEtnnXEHsXE9IvCb92V7g,100 gorillas vs. Florida Final Boss? 🦍🐊 #shorts,2026-03-23T03:39:28Z,38803,407,32
2026-03-23T20:39:41+00:00,gRNQkeddOeo,UCKjEtnnXEHsXE9IvCb92V7g,“I would light this thing on fire” 🔥🤣,2026-03-23T02:03:26Z,7364,260,6
2026-03-23T20:39:41+00:00,a8PrkqVWt_s,UCKjEtnnXEHsXE9IvCb92V7g,Tony Delk breaks down the difference in the 2025 and 2026 Florida guards. #MarchMadness,2026-03-23T01:13:03Z,2226,11,1
2026-03-23T20:40:12+00:00,q7oYm4P9UKc,UCKjEtnnXEHsXE9IvCb92V7g,100 gorillas vs. Florida Final Boss? 🦍🐊 #shorts,2026-03-23T03:39:28Z,38803,407,32
2026-03-23T20:40:12+00:00,gRNQkeddOeo,UCKjEtnnXEHsXE9IvCb92V7g,“I would light this thing on fire” 🔥🤣,2026-03-23T02:03:26Z,7364,260,6
2026-03-23T20:40:12+00:00,a8PrkqVWt_s,UCKjEtnnXEHsXE9IvCb92V7g,Tony Delk breaks down the difference in the 2025 and 2026 Florida guards. #MarchMadness,2026-03-23T01:13:03Z,2226,11,1
2026-03-23T20:40:42+00:00,q7oYm4P9UKc,UCKjEtnnXEHsXE9IvCb92V7g,100 gorillas vs. Florida Final Boss? 🦍🐊 #shorts,2026-03-23T03:39:28Z,38803,407,32
2026-03-23T20:40:42+00:00,gRNQkeddOeo,UCKjEtnnXEHsXE9IvCb92V7g,“I would light this thing on fire” 🔥🤣,2026-03-23T02:03:26Z,7364,260,6
2026-03-23T20:40:42+00:00,a8PrkqVWt_s,UCKjEtnnXEHsXE9IvCb92V7g,Tony Delk breaks down the difference in the 2025 and 2026 Florida guards. #MarchMadness,2026-03-23T01:13:03Z,2226,11,1
2026-03-23T20:41:13+00:00,q7oYm4P9UKc,UCKjEtnnXEHsXE9IvCb92V7g,100 gorillas vs. Florida Final Boss? 🦍🐊 #shorts,2026-03-23T03:39:28Z,39038,407,32
2026-03-23T20:41:13+00:00,gRNQkeddOeo,UCKjEtnnXEHsXE9IvCb92V7g,“I would light this thing on fire” 🔥🤣,2026-03-23T02:03:26Z,7364,260,6
2026-03-23T20:41:13+00:00,a8PrkqVWt_s,UCKjEtnnXEHsXE9IvCb92V7g,Tony Delk breaks down the difference in the 2025 and 2026 Florida guards. #MarchMadness,2026-03-23T01:13:03Z,2226,11,1
2026-03-23T20:41:44+00:00,q7oYm4P9UKc,UCKjEtnnXEHsXE9IvCb92V7g,100 gorillas vs. Florida Final Boss? 🦍🐊 #shorts,2026-03-23T03:39:28Z,39038,407,32
2026-03-23T20:41:44+00:00,gRNQkeddOeo,UCKjEtnnXEHsXE9IvCb92V7g,“I would light this thing on fire” 🔥🤣,2026-03-23T02:03:26Z,7364,260,6
2026-03-23T20:41:44+00:00,a8PrkqVWt_s,UCKjEtnnXEHsXE9IvCb92V7g,Tony Delk breaks down the difference in the 2025 and 2026 Florida guards. #MarchMadness,2026-03-23T01:13:03Z,2226,11,1
2026-03-23T20:42:15+00:00,q7oYm4P9UKc,UCKjEtnnXEHsXE9IvCb92V7g,100 gorillas vs. Florida Final Boss? 🦍🐊 #shorts,2026-03-23T03:39:28Z,39038,407,32
2026-03-23T20:42:15+00:00,gRNQkeddOeo,UCKjEtnnXEHsXE9IvCb92V7g,“I would light this thing on fire” 🔥🤣,2026-03-23T02:03:26Z,7364,260,6
2026-03-23T20:42:15+00:00,a8PrkqVWt_s,UCKjEtnnXEHsXE9IvCb92V7g,Tony Delk breaks down the difference in the 2025 and 2026 Florida guards. #MarchMadness,2026-03-23T01:13:03Z,2226,11,1
2026-03-23T20:42:46+00:00,q7oYm4P9UKc,UCKjEtnnXEHsXE9IvCb92V7g,100 gorillas vs. Florida Final Boss? 🦍🐊 #shorts,2026-03-23T03:39:28Z,39038,408,32
2026-03-23T20:42:46+00:00,gRNQkeddOeo,UCKjEtnnXEHsXE9IvCb92V7g,“I would light this thing on fire” 🔥🤣,2026-03-23T02:03:26Z,7364,260,6
2026-03-23T20:42:46+00:00,a8PrkqVWt_s,UCKjEtnnXEHsXE9IvCb92V7g,Tony Delk breaks down the difference in the 2025 and 2026 Florida guards. #MarchMadness,2026-03-23T01:13:03Z,2226,11,1
2026-03-23T20:43:17+00:00,q7oYm4P9UKc,UCKjEtnnXEHsXE9IvCb92V7g,100 gorillas vs. Florida Final Boss? 🦍🐊 #shorts,2026-03-23T03:39:28Z,39038,409,32
2026-03-23T20:43:17+00:00,gRNQkeddOeo,UCKjEtnnXEHsXE9IvCb92V7g,“I would light this thing on fire” 🔥🤣,2026-03-23T02:03:26Z,7364,260,6
2026-03-23T20:43:17+00:00,a8PrkqVWt_s,UCKjEtnnXEHsXE9IvCb92V7g,Tony Delk breaks down the difference in the 2025 and 2026 Florida guards. #MarchMadness,2026-03-23T01:13:03Z,2226,11,1
2026-03-23T20:43:48+00:00,q7oYm4P9UKc,UCKjEtnnXEHsXE9IvCb92V7g,100 gorillas vs. Florida Final Boss? 🦍🐊 #shorts,2026-03-23T03:39:28Z,39038,411,32
2026-03-23T20:43:48+00:00,gRNQkeddOeo,UCKjEtnnXEHsXE9IvCb92V7g,“I would light this thing on fire” 🔥🤣,2026-03-23T02:03:26Z,7364,260,6
2026-03-23T20:43:48+00:00,a8PrkqVWt_s,UCKjEtnnXEHsXE9IvCb92V7g,Tony Delk breaks down the difference in the 2025 and 2026 Florida guards. #MarchMadness,2026-03-23T01:13:03Z,2226,11,1
2026-03-23T20:44:19+00:00,q7oYm4P9UKc,UCKjEtnnXEHsXE9IvCb92V7g,100 gorillas vs. Florida Final Boss? 🦍🐊 #shorts,2026-03-23T03:39:28Z,39038,411,32
2026-03-23T20:44:19+00:00,gRNQkeddOeo,UCKjEtnnXEHsXE9IvCb92V7g,“I would light this thing on fire” 🔥🤣,2026-03-23T02:03:26Z,7392,261,6
2026-03-23T20:44:19+00:00,a8PrkqVWt_s,UCKjEtnnXEHsXE9IvCb92V7g,Tony Delk breaks down the difference in the 2025 and 2026 Florida guards. #MarchMadness,2026-03-23T01:13:03Z,2267,12,1
2026-03-23T20:44:50+00:00,q7oYm4P9UKc,UCKjEtnnXEHsXE9IvCb92V7g,100 gorillas vs. Florida Final Boss? 🦍🐊 #shorts,2026-03-23T03:39:28Z,39038,411,32
2026-03-23T20:44:50+00:00,gRNQkeddOeo,UCKjEtnnXEHsXE9IvCb92V7g,“I would light this thing on fire” 🔥🤣,2026-03-23T02:03:26Z,7392,261,6
2026-03-23T20:44:50+00:00,a8PrkqVWt_s,UCKjEtnnXEHsXE9IvCb92V7g,Tony Delk breaks down the difference in the 2025 and 2026 Florida guards. #MarchMadness,2026-03-23T01:13:03Z,2267,12,1
2026-03-23T20:45:21+00:00,q7oYm4P9UKc,UCKjEtnnXEHsXE9IvCb92V7g,100 gorillas vs. Florida Final Boss? 🦍🐊 #shorts,2026-03-23T03:39:28Z,39038,411,32
2026-03-23T20:45:21+00:00,gRNQkeddOeo,UCKjEtnnXEHsXE9IvCb92V7g,“I would light this thing on fire” 🔥🤣,2026-03-23T02:03:26Z,7392,262,6
2026-03-23T20:45:21+00:00,a8PrkqVWt_s,UCKjEtnnXEHsXE9IvCb92V7g,Tony Delk breaks down the difference in the 2025 and 2026 Florida guards. #MarchMadness,2026-03-23T01:13:03Z,2267,12,1
2026-03-23T20:45:51+00:00,q7oYm4P9UKc,UCKjEtnnXEHsXE9IvCb92V7g,100 gorillas vs. Florida Final Boss? 🦍🐊 #shorts,2026-03-23T03:39:28Z,39038,411,32
2026-03-23T20:45:51+00:00,gRNQkeddOeo,UCKjEtnnXEHsXE9IvCb92V7g,“I would light this thing on fire” 🔥🤣,2026-03-23T02:03:26Z,7392,262,6
2026-03-23T20:45:51+00:00,a8PrkqVWt_s,UCKjEtnnXEHsXE9IvCb92V7g,Tony Delk breaks down the difference in the 2025 and 2026 Florida guards. #MarchMadness,2026-03-23T01:13:03Z,2267,12,1
2026-03-23T20:46:22+00:00,q7oYm4P9UKc,UCKjEtnnXEHsXE9IvCb92V7g,100 gorillas vs. Florida Final Boss? 🦍🐊 #shorts,2026-03-23T03:39:28Z,39250,412,32
2026-03-23T20:46:22+00:00,gRNQkeddOeo,UCKjEtnnXEHsXE9IvCb92V7g,“I would light this thing on fire” 🔥🤣,2026-03-23T02:03:26Z,7392,262,6
2026-03-23T20:46:22+00:00,a8PrkqVWt_s,UCKjEtnnXEHsXE9IvCb92V7g,Tony Delk breaks down the difference in the 2025 and 2026 Florida guards. #MarchMadness,2026-03-23T01:13:03Z,2271,12,1
2026-03-23T20:46:53+00:00,q7oYm4P9UKc,UCKjEtnnXEHsXE9IvCb92V7g,100 gorillas vs. Florida Final Boss? 🦍🐊 #shorts,2026-03-23T03:39:28Z,39250,413,32
2026-03-23T20:46:53+00:00,gRNQkeddOeo,UCKjEtnnXEHsXE9IvCb92V7g,“I would light this thing on fire” 🔥🤣,2026-03-23T02:03:26Z,7392,262,6
2026-03-23T20:46:53+00:00,a8PrkqVWt_s,UCKjEtnnXEHsXE9IvCb92V7g,Tony Delk breaks down the difference in the 2025 and 2026 Florida guards. #MarchMadness,2026-03-23T01:13:03Z,2271,12,1
2026-03-23T20:47:23+00:00,q7oYm4P9UKc,UCKjEtnnXEHsXE9IvCb92V7g,100 gorillas vs. Florida Final Boss? 🦍🐊 #shorts,2026-03-23T03:39:28Z,39250,413,32
2026-03-23T20:47:23+00:00,gRNQkeddOeo,UCKjEtnnXEHsXE9IvCb92V7g,“I would light this thing on fire” 🔥🤣,2026-03-23T02:03:26Z,7392,262,6
2026-03-23T20:47:23+00:00,a8PrkqVWt_s,UCKjEtnnXEHsXE9IvCb92V7g,Tony Delk breaks down the difference in the 2025 and 2026 Florida guards. #MarchMadness,2026-03-23T01:13:03Z,2271,12,1
2026-03-23T20:47:54+00:00,q7oYm4P9UKc,UCKjEtnnXEHsXE9IvCb92V7g,100 gorillas vs. Florida Final Boss? 🦍🐊 #shorts,2026-03-23T03:39:28Z,39250,413,32
2026-03-23T20:47:54+00:00,gRNQkeddOeo,UCKjEtnnXEHsXE9IvCb92V7g,“I would light this thing on fire” 🔥🤣,2026-03-23T02:03:26Z,7392,262,6
2026-03-23T20:47:54+00:00,a8PrkqVWt_s,UCKjEtnnXEHsXE9IvCb92V7g,Tony Delk breaks down the difference in the 2025 and 2026 Florida guards. #MarchMadness,2026-03-23T01:13:03Z,2271,12,1
2026-03-23T20:48:24+00:00,q7oYm4P9UKc,UCKjEtnnXEHsXE9IvCb92V7g,100 gorillas vs. Florida Final Boss? 🦍🐊 #shorts,2026-03-23T03:39:28Z,39250,413,32
2026-03-23T20:48:24+00:00,gRNQkeddOeo,UCKjEtnnXEHsXE9IvCb92V7g,“I would light this thing on fire” 🔥🤣,2026-03-23T02:03:26Z,7392,262,6
2026-03-23T20:48:24+00:00,a8PrkqVWt_s,UCKjEtnnXEHsXE9IvCb92V7g,Tony Delk breaks down the difference in the 2025 and 2026 Florida guards. #MarchMadness,2026-03-23T01:13:03Z,2271,12,1
2026-03-23T20:48:55+00:00,q7oYm4P9UKc,UCKjEtnnXEHsXE9IvCb92V7g,100 gorillas vs. Florida Final Boss? 🦍🐊 #shorts,2026-03-23T03:39:28Z,39250,414,32
2026-03-23T20:48:55+00:00,gRNQkeddOeo,UCKjEtnnXEHsXE9IvCb92V7g,“I would light this thing on fire” 🔥🤣,2026-03-23T02:03:26Z,7392,262,6
2026-03-23T20:48:55+00:00,a8PrkqVWt_s,UCKjEtnnXEHsXE9IvCb92V7g,Tony Delk breaks down the difference in the 2025 and 2026 Florida guards. #MarchMadness,2026-03-23T01:13:03Z,2271,12,1
2026-03-23T20:49:26+00:00,q7oYm4P9UKc,UCKjEtnnXEHsXE9IvCb92V7g,100 gorillas vs. Florida Final Boss? 🦍🐊 #shorts,2026-03-23T03:39:28Z,39250,414,32
2026-03-23T20:49:26+00:00,gRNQkeddOeo,UCKjEtnnXEHsXE9IvCb92V7g,“I would light this thing on fire” 🔥🤣,2026-03-23T02:03:26Z,7411,262,6
2026-03-23T20:49:26+00:00,a8PrkqVWt_s,UCKjEtnnXEHsXE9IvCb92V7g,Tony Delk breaks down the difference in the 2025 and 2026 Florida guards. #MarchMadness,2026-03-23T01:13:03Z,2271,12,1
2026-03-23T20:49:57+00:00,q7oYm4P9UKc,UCKjEtnnXEHsXE9IvCb92V7g,100 gorillas vs. Florida Final Boss? 🦍🐊 #shorts,2026-03-23T03:39:28Z,39250,414,32
2026-03-23T20:49:57+00:00,gRNQkeddOeo,UCKjEtnnXEHsXE9IvCb92V7g,“I would light this thing on fire” 🔥🤣,2026-03-23T02:03:26Z,7411,262,6
2026-03-23T20:49:57+00:00,a8PrkqVWt_s,UCKjEtnnXEHsXE9IvCb92V7g,Tony Delk breaks down the difference in the 2025 and 2026 Florida guards. #MarchMadness,2026-03-23T01:13:03Z,2271,12,1
2026-03-23T20:50:28+00:00,q7oYm4P9UKc,UCKjEtnnXEHsXE9IvCb92V7g,100 gorillas vs. Florida Final Boss? 🦍🐊 #shorts,2026-03-23T03:39:28Z,39250,414,32
2026-03-23T20:50:28+00:00,gRNQkeddOeo,UCKjEtnnXEHsXE9IvCb92V7g,“I would light this thing on fire” 🔥🤣,2026-03-23T02:03:26Z,7411,262,6
2026-03-23T20:50:28+00:00,a8PrkqVWt_s,UCKjEtnnXEHsXE9IvCb92V7g,Tony Delk breaks down the difference in the 2025 and 2026 Florida guards. #MarchMadness,2026-03-23T01:13:03Z,2271,12,1
2026-03-23T20:50:59+00:00,q7oYm4P9UKc,UCKjEtnnXEHsXE9IvCb92V7g,100 gorillas vs. Florida Final Boss? 🦍🐊 #shorts,2026-03-23T03:39:28Z,39250,414,32
2026-03-23T20:50:59+00:00,gRNQkeddOeo,UCKjEtnnXEHsXE9IvCb92V7g,“I would light this thing on fire” 🔥🤣,2026-03-23T02:03:26Z,7411,262,6
2026-03-23T20:50:59+00:00,a8PrkqVWt_s,UCKjEtnnXEHsXE9IvCb92V7g,Tony Delk breaks down the difference in the 2025 and 2026 Florida guards. #MarchMadness,2026-03-23T01:13:03Z,2271,12,1
2026-03-23T20:51:30+00:00,q7oYm4P9UKc,UCKjEtnnXEHsXE9IvCb92V7g,100 gorillas vs. Florida Final Boss? 🦍🐊 #shorts,2026-03-23T03:39:28Z,39494,416,32
2026-03-23T20:51:30+00:00,gRNQkeddOeo,UCKjEtnnXEHsXE9IvCb92V7g,“I would light this thing on fire” 🔥🤣,2026-03-23T02:03:26Z,7411,262,6
2026-03-23T20:51:30+00:00,a8PrkqVWt_s,UCKjEtnnXEHsXE9IvCb92V7g,Tony Delk breaks down the difference in the 2025 and 2026 Florida guards. #MarchMadness,2026-03-23T01:13:03Z,2274,12,1
2026-03-23T20:52:00+00:00,q7oYm4P9UKc,UCKjEtnnXEHsXE9IvCb92V7g,100 gorillas vs. Florida Final Boss? 🦍🐊 #shorts,2026-03-23T03:39:28Z,39494,417,32
2026-03-23T20:52:00+00:00,gRNQkeddOeo,UCKjEtnnXEHsXE9IvCb92V7g,“I would light this thing on fire” 🔥🤣,2026-03-23T02:03:26Z,7411,264,6
2026-03-23T20:52:00+00:00,a8PrkqVWt_s,UCKjEtnnXEHsXE9IvCb92V7g,Tony Delk breaks down the difference in the 2025 and 2026 Florida guards. #MarchMadness,2026-03-23T01:13:03Z,2274,12,1
2026-03-23T20:52:31+00:00,q7oYm4P9UKc,UCKjEtnnXEHsXE9IvCb92V7g,100 gorillas vs. Florida Final Boss? 🦍🐊 #shorts,2026-03-23T03:39:28Z,39494,417,32
2026-03-23T20:52:31+00:00,gRNQkeddOeo,UCKjEtnnXEHsXE9IvCb92V7g,“I would light this thing on fire” 🔥🤣,2026-03-23T02:03:26Z,7411,264,6
2026-03-23T20:52:31+00:00,a8PrkqVWt_s,UCKjEtnnXEHsXE9IvCb92V7g,Tony Delk breaks down the difference in the 2025 and 2026 Florida guards. #MarchMadness,2026-03-23T01:13:03Z,2274,12,1
2026-03-23T20:53:02+00:00,q7oYm4P9UKc,UCKjEtnnXEHsXE9IvCb92V7g,100 gorillas vs. Florida Final Boss? 🦍🐊 #shorts,2026-03-23T03:39:28Z,39494,417,32
2026-03-23T20:53:02+00:00,gRNQkeddOeo,UCKjEtnnXEHsXE9IvCb92V7g,“I would light this thing on fire” 🔥🤣,2026-03-23T02:03:26Z,7411,264,6
2026-03-23T20:53:02+00:00,a8PrkqVWt_s,UCKjEtnnXEHsXE9IvCb92V7g,Tony Delk breaks down the difference in the 2025 and 2026 Florida guards. #MarchMadness,2026-03-23T01:13:03Z,2274,12,1
2026-03-23T20:53:33+00:00,q7oYm4P9UKc,UCKjEtnnXEHsXE9IvCb92V7g,100 gorillas vs. Florida Final Boss? 🦍🐊 #shorts,2026-03-23T03:39:28Z,39494,417,32
2026-03-23T20:53:33+00:00,gRNQkeddOeo,UCKjEtnnXEHsXE9IvCb92V7g,“I would light this thing on fire” 🔥🤣,2026-03-23T02:03:26Z,7411,264,6
2026-03-23T20:53:33+00:00,a8PrkqVWt_s,UCKjEtnnXEHsXE9IvCb92V7g,Tony Delk breaks down the difference in the 2025 and 2026 Florida guards. #MarchMadness,2026-03-23T01:13:03Z,2274,12,1
2026-03-23T20:54:04+00:00,q7oYm4P9UKc,UCKjEtnnXEHsXE9IvCb92V7g,100 gorillas vs. Florida Final Boss? 🦍🐊 #shorts,2026-03-23T03:39:28Z,39494,418,32
2026-03-23T20:54:04+00:00,gRNQkeddOeo,UCKjEtnnXEHsXE9IvCb92V7g,“I would light this thing on fire” 🔥🤣,2026-03-23T02:03:26Z,7420,264,6
2026-03-23T20:54:04+00:00,a8PrkqVWt_s,UCKjEtnnXEHsXE9IvCb92V7g,Tony Delk breaks down the difference in the 2025 and 2026 Florida guards. #MarchMadness,2026-03-23T01:13:03Z,2274,12,1
2026-03-23T20:54:35+00:00,q7oYm4P9UKc,UCKjEtnnXEHsXE9IvCb92V7g,100 gorillas vs. Florida Final Boss? 🦍🐊 #shorts,2026-03-23T03:39:28Z,39494,418,32
2026-03-23T20:54:35+00:00,gRNQkeddOeo,UCKjEtnnXEHsXE9IvCb92V7g,“I would light this thing on fire” 🔥🤣,2026-03-23T02:03:26Z,7420,264,6
2026-03-23T20:54:35+00:00,a8PrkqVWt_s,UCKjEtnnXEHsXE9IvCb92V7g,Tony Delk breaks down the difference in the 2025 and 2026 Florida guards. #MarchMadness,2026-03-23T01:13:03Z,2274,12,1
2026-03-23T20:55:05+00:00,q7oYm4P9UKc,UCKjEtnnXEHsXE9IvCb92V7g,100 gorillas vs. Florida Final Boss? 🦍🐊 #shorts,2026-03-23T03:39:28Z,39494,419,32
2026-03-23T20:55:05+00:00,gRNQkeddOeo,UCKjEtnnXEHsXE9IvCb92V7g,“I would light this thing on fire” 🔥🤣,2026-03-23T02:03:26Z,7420,264,6
2026-03-23T20:55:05+00:00,a8PrkqVWt_s,UCKjEtnnXEHsXE9IvCb92V7g,Tony Delk breaks down the difference in the 2025 and 2026 Florida guards. #MarchMadness,2026-03-23T01:13:03Z,2274,12,1
2026-03-23T20:55:36+00:00,q7oYm4P9UKc,UCKjEtnnXEHsXE9IvCb92V7g,100 gorillas vs. Florida Final Boss? 🦍🐊 #shorts,2026-03-23T03:39:28Z,39494,419,32
2026-03-23T20:55:36+00:00,gRNQkeddOeo,UCKjEtnnXEHsXE9IvCb92V7g,“I would light this thing on fire” 🔥🤣,2026-03-23T02:03:26Z,7420,264,6
2026-03-23T20:55:36+00:00,a8PrkqVWt_s,UCKjEtnnXEHsXE9IvCb92V7g,Tony Delk breaks down the difference in the 2025 and 2026 Florida guards. #MarchMadness,2026-03-23T01:13:03Z,2274,12,1
2026-03-23T20:56:07+00:00,q7oYm4P9UKc,UCKjEtnnXEHsXE9IvCb92V7g,100 gorillas vs. Florida Final Boss? 🦍🐊 #shorts,2026-03-23T03:39:28Z,39494,419,32
2026-03-23T20:56:07+00:00,gRNQkeddOeo,UCKjEtnnXEHsXE9IvCb92V7g,“I would light this thing on fire” 🔥🤣,2026-03-23T02:03:26Z,7420,264,6
2026-03-23T20:56:07+00:00,a8PrkqVWt_s,UCKjEtnnXEHsXE9IvCb92V7g,Tony Delk breaks down the difference in the 2025 and 2026 Florida guards. #MarchMadness,2026-03-23T01:13:03Z,2277,12,1
2026-03-23T20:56:38+00:00,q7oYm4P9UKc,UCKjEtnnXEHsXE9IvCb92V7g,100 gorillas vs. Florida Final Boss? 🦍🐊 #shorts,2026-03-23T03:39:28Z,39634,419,32
2026-03-23T20:56:38+00:00,gRNQkeddOeo,UCKjEtnnXEHsXE9IvCb92V7g,“I would light this thing on fire” 🔥🤣,2026-03-23T02:03:26Z,7420,264,6
2026-03-23T20:56:38+00:00,a8PrkqVWt_s,UCKjEtnnXEHsXE9IvCb92V7g,Tony Delk breaks down the difference in the 2025 and 2026 Florida guards. #MarchMadness,2026-03-23T01:13:03Z,2277,12,1
2026-03-23T20:57:09+00:00,5U9VcRyi99A,UCKjEtnnXEHsXE9IvCb92V7g,Press Conference: Iowa vs. Virginia Postgame (2026 Women's Second Round),2026-02-27T02:57:40Z,0,3,
2026-03-23T20:57:09+00:00,q7oYm4P9UKc,UCKjEtnnXEHsXE9IvCb92V7g,100 gorillas vs. Florida Final Boss? 🦍🐊 #shorts,2026-03-23T03:39:28Z,39634,419,32
2026-03-23T20:57:09+00:00,gRNQkeddOeo,UCKjEtnnXEHsXE9IvCb92V7g,“I would light this thing on fire” 🔥🤣,2026-03-23T02:03:26Z,7420,266,6
2026-03-23T20:57:09+00:00,a8PrkqVWt_s,UCKjEtnnXEHsXE9IvCb92V7g,Tony Delk breaks down the difference in the 2025 and 2026 Florida guards. #MarchMadness,2026-03-23T01:13:03Z,2277,12,1
2026-03-23T20:57:39+00:00,5U9VcRyi99A,UCKjEtnnXEHsXE9IvCb92V7g,Press Conference: Iowa vs. Virginia Postgame (2026 Women's Second Round),2026-02-27T02:57:40Z,1,3,
2026-03-23T20:57:39+00:00,q7oYm4P9UKc,UCKjEtnnXEHsXE9IvCb92V7g,100 gorillas vs. Florida Final Boss? 🦍🐊 #shorts,2026-03-23T03:39:28Z,39634,419,32
2026-03-23T20:57:39+00:00,gRNQkeddOeo,UCKjEtnnXEHsXE9IvCb92V7g,“I would light this thing on fire” 🔥🤣,2026-03-23T02:03:26Z,7420,266,6
2026-03-23T20:57:39+00:00,a8PrkqVWt_s,UCKjEtnnXEHsXE9IvCb92V7g,Tony Delk breaks down the difference in the 2025 and 2026 Florida guards. #MarchMadness,2026-03-23T01:13:03Z,2277,12,1
2026-03-23T20:58:10+00:00,5U9VcRyi99A,UCKjEtnnXEHsXE9IvCb92V7g,Press Conference: Iowa vs. Virginia Postgame (2026 Women's Second Round),2026-02-27T02:57:40Z,5,3,
2026-03-23T20:58:10+00:00,q7oYm4P9UKc,UCKjEtnnXEHsXE9IvCb92V7g,100 gorillas vs. Florida Final Boss? 🦍🐊 #shorts,2026-03-23T03:39:28Z,39634,420,32
2026-03-23T20:58:10+00:00,gRNQkeddOeo,UCKjEtnnXEHsXE9IvCb92V7g,“I would light this thing on fire” 🔥🤣,2026-03-23T02:03:26Z,7420,266,6
2026-03-23T20:58:10+00:00,a8PrkqVWt_s,UCKjEtnnXEHsXE9IvCb92V7g,Tony Delk breaks down the difference in the 2025 and 2026 Florida guards. #MarchMadness,2026-03-23T01:13:03Z,2277,12,1
2026-03-23T20:58:40+00:00,5U9VcRyi99A,UCKjEtnnXEHsXE9IvCb92V7g,Press Conference: Iowa vs. Virginia Postgame (2026 Women's Second Round),2026-02-27T02:57:40Z,13,3,
2026-03-23T20:58:40+00:00,q7oYm4P9UKc,UCKjEtnnXEHsXE9IvCb92V7g,100 gorillas vs. Florida Final Boss? 🦍🐊 #shorts,2026-03-23T03:39:28Z,39634,420,32
2026-03-23T20:58:40+00:00,gRNQkeddOeo,UCKjEtnnXEHsXE9IvCb92V7g,“I would light this thing on fire” 🔥🤣,2026-03-23T02:03:26Z,7420,266,6
2026-03-23T20:58:40+00:00,a8PrkqVWt_s,UCKjEtnnXEHsXE9IvCb92V7g,Tony Delk breaks down the difference in the 2025 and 2026 Florida guards. #MarchMadness,2026-03-23T01:13:03Z,2277,12,1
2026-03-23T20:59:11+00:00,5U9VcRyi99A,UCKjEtnnXEHsXE9IvCb92V7g,Press Conference: Iowa vs. Virginia Postgame (2026 Women's Second Round),2026-02-27T02:57:40Z,20,3,
2026-03-23T20:59:11+00:00,q7oYm4P9UKc,UCKjEtnnXEHsXE9IvCb92V7g,100 gorillas vs. Florida Final Boss? 🦍🐊 #shorts,2026-03-23T03:39:28Z,39634,420,32
2026-03-23T20:59:11+00:00,gRNQkeddOeo,UCKjEtnnXEHsXE9IvCb92V7g,“I would light this thing on fire” 🔥🤣,2026-03-23T02:03:26Z,7444,266,6
2026-03-23T20:59:11+00:00,a8PrkqVWt_s,UCKjEtnnXEHsXE9IvCb92V7g,Tony Delk breaks down the difference in the 2025 and 2026 Florida guards. #MarchMadness,2026-03-23T01:13:03Z,2277,12,1
2026-03-23T20:59:42+00:00,5U9VcRyi99A,UCKjEtnnXEHsXE9IvCb92V7g,Press Conference: Iowa vs. Virginia Postgame (2026 Women's Second Round),2026-02-27T02:57:40Z,27,3,
2026-03-23T20:59:42+00:00,q7oYm4P9UKc,UCKjEtnnXEHsXE9IvCb92V7g,100 gorillas vs. Florida Final Boss? 🦍🐊 #shorts,2026-03-23T03:39:28Z,39634,421,32
2026-03-23T20:59:42+00:00,gRNQkeddOeo,UCKjEtnnXEHsXE9IvCb92V7g,“I would light this thing on fire” 🔥🤣,2026-03-23T02:03:26Z,7444,266,6
2026-03-23T20:59:42+00:00,a8PrkqVWt_s,UCKjEtnnXEHsXE9IvCb92V7g,Tony Delk breaks down the difference in the 2025 and 2026 Florida guards. #MarchMadness,2026-03-23T01:13:03Z,2277,12,1
2026-03-23T21:00:13+00:00,5U9VcRyi99A,UCKjEtnnXEHsXE9IvCb92V7g,Press Conference: Iowa vs. Virginia Postgame (2026 Women's Second Round),2026-02-27T02:57:40Z,31,3,
2026-03-23T21:00:13+00:00,q7oYm4P9UKc,UCKjEtnnXEHsXE9IvCb92V7g,100 gorillas vs. Florida Final Boss? 🦍🐊 #shorts,2026-03-23T03:39:28Z,39634,421,32
2026-03-23T21:00:13+00:00,gRNQkeddOeo,UCKjEtnnXEHsXE9IvCb92V7g,“I would light this thing on fire” 🔥🤣,2026-03-23T02:03:26Z,7444,266,6
2026-03-23T21:00:13+00:00,a8PrkqVWt_s,UCKjEtnnXEHsXE9IvCb92V7g,Tony Delk breaks down the difference in the 2025 and 2026 Florida guards. #MarchMadness,2026-03-23T01:13:03Z,2277,12,1
2026-03-23T21:00:44+00:00,5U9VcRyi99A,UCKjEtnnXEHsXE9IvCb92V7g,Press Conference: Iowa vs. Virginia Postgame (2026 Women's Second Round),2026-02-27T02:57:40Z,33,2,
2026-03-23T21:00:44+00:00,q7oYm4P9UKc,UCKjEtnnXEHsXE9IvCb92V7g,100 gorillas vs. Florida Final Boss? 🦍🐊 #shorts,2026-03-23T03:39:28Z,39634,421,32
2026-03-23T21:00:44+00:00,gRNQkeddOeo,UCKjEtnnXEHsXE9IvCb92V7g,“I would light this thing on fire” 🔥🤣,2026-03-23T02:03:26Z,7444,266,6
2026-03-23T21:00:44+00:00,a8PrkqVWt_s,UCKjEtnnXEHsXE9IvCb92V7g,Tony Delk breaks down the difference in the 2025 and 2026 Florida guards. #MarchMadness,2026-03-23T01:13:03Z,2277,12,1
2026-03-23T21:01:14+00:00,5U9VcRyi99A,UCKjEtnnXEHsXE9IvCb92V7g,Press Conference: Iowa vs. Virginia Postgame (2026 Women's Second Round),2026-02-27T02:57:40Z,43,2,
2026-03-23T21:01:14+00:00,q7oYm4P9UKc,UCKjEtnnXEHsXE9IvCb92V7g,100 gorillas vs. Florida Final Boss? 🦍🐊 #shorts,2026-03-23T03:39:28Z,39830,422,32
2026-03-23T21:01:14+00:00,gRNQkeddOeo,UCKjEtnnXEHsXE9IvCb92V7g,“I would light this thing on fire” 🔥🤣,2026-03-23T02:03:26Z,7444,266,6
2026-03-23T21:01:14+00:00,a8PrkqVWt_s,UCKjEtnnXEHsXE9IvCb92V7g,Tony Delk breaks down the difference in the 2025 and 2026 Florida guards. #MarchMadness,2026-03-23T01:13:03Z,2281,12,1
2026-03-23T21:01:44+00:00,5U9VcRyi99A,UCKjEtnnXEHsXE9IvCb92V7g,Press Conference: Iowa vs. Virginia Postgame (2026 Women's Second Round),2026-02-27T02:57:40Z,48,2,
2026-03-23T21:01:44+00:00,q7oYm4P9UKc,UCKjEtnnXEHsXE9IvCb92V7g,100 gorillas vs. Florida Final Boss? 🦍🐊 #shorts,2026-03-23T03:39:28Z,39830,422,32
2026-03-23T21:01:44+00:00,gRNQkeddOeo,UCKjEtnnXEHsXE9IvCb92V7g,“I would light this thing on fire” 🔥🤣,2026-03-23T02:03:26Z,7444,266,6
2026-03-23T21:01:44+00:00,a8PrkqVWt_s,UCKjEtnnXEHsXE9IvCb92V7g,Tony Delk breaks down the difference in the 2025 and 2026 Florida guards. #MarchMadness,2026-03-23T01:13:03Z,2281,12,1
2026-03-23T21:02:14+00:00,5U9VcRyi99A,UCKjEtnnXEHsXE9IvCb92V7g,Press Conference: Iowa vs. Virginia Postgame (2026 Women's Second Round),2026-02-27T02:57:40Z,48,2,
2026-03-23T21:02:14+00:00,q7oYm4P9UKc,UCKjEtnnXEHsXE9IvCb92V7g,100 gorillas vs. Florida Final Boss? 🦍🐊 #shorts,2026-03-23T03:39:28Z,39830,422,32
2026-03-23T21:02:14+00:00,gRNQkeddOeo,UCKjEtnnXEHsXE9IvCb92V7g,“I would light this thing on fire” 🔥🤣,2026-03-23T02:03:26Z,7444,266,6
2026-03-23T21:02:14+00:00,a8PrkqVWt_s,UCKjEtnnXEHsXE9IvCb92V7g,Tony Delk breaks down the difference in the 2025 and 2026 Florida guards. #MarchMadness,2026-03-23T01:13:03Z,2281,12,1
2026-03-23T21:02:44+00:00,5U9VcRyi99A,UCKjEtnnXEHsXE9IvCb92V7g,Press Conference: Iowa vs. Virginia Postgame (2026 Women's Second Round),2026-02-27T02:57:40Z,59,2,
2026-03-23T21:02:44+00:00,q7oYm4P9UKc,UCKjEtnnXEHsXE9IvCb92V7g,100 gorillas vs. Florida Final Boss? 🦍🐊 #shorts,2026-03-23T03:39:28Z,39830,422,32
2026-03-23T21:02:44+00:00,gRNQkeddOeo,UCKjEtnnXEHsXE9IvCb92V7g,“I would light this thing on fire” 🔥🤣,2026-03-23T02:03:26Z,7444,266,6
2026-03-23T21:02:44+00:00,a8PrkqVWt_s,UCKjEtnnXEHsXE9IvCb92V7g,Tony Delk breaks down the difference in the 2025 and 2026 Florida guards. #MarchMadness,2026-03-23T01:13:03Z,2281,12,1
2026-03-23T21:03:14+00:00,5U9VcRyi99A,UCKjEtnnXEHsXE9IvCb92V7g,Press Conference: Iowa vs. Virginia Postgame (2026 Women's Second Round),2026-02-27T02:57:40Z,61,3,
2026-03-23T21:03:14+00:00,q7oYm4P9UKc,UCKjEtnnXEHsXE9IvCb92V7g,100 gorillas vs. Florida Final Boss? 🦍🐊 #shorts,2026-03-23T03:39:28Z,39830,423,32
2026-03-23T21:03:14+00:00,gRNQkeddOeo,UCKjEtnnXEHsXE9IvCb92V7g,“I would light this thing on fire” 🔥🤣,2026-03-23T02:03:26Z,7444,266,6
2026-03-23T21:03:14+00:00,a8PrkqVWt_s,UCKjEtnnXEHsXE9IvCb92V7g,Tony Delk breaks down the difference in the 2025 and 2026 Florida guards. #MarchMadness,2026-03-23T01:13:03Z,2281,12,1
2026-03-23T21:03:45+00:00,5U9VcRyi99A,UCKjEtnnXEHsXE9IvCb92V7g,Press Conference: Iowa vs. Virginia Postgame (2026 Women's Second Round),2026-02-27T02:57:40Z,74,4,
2026-03-23T21:03:45+00:00,q7oYm4P9UKc,UCKjEtnnXEHsXE9IvCb92V7g,100 gorillas vs. Florida Final Boss? 🦍🐊 #shorts,2026-03-23T03:39:28Z,39830,424,32
2026-03-23T21:03:45+00:00,gRNQkeddOeo,UCKjEtnnXEHsXE9IvCb92V7g,“I would light this thing on fire” 🔥🤣,2026-03-23T02:03:26Z,7444,266,6
2026-03-23T21:03:45+00:00,a8PrkqVWt_s,UCKjEtnnXEHsXE9IvCb92V7g,Tony Delk breaks down the difference in the 2025 and 2026 Florida guards. #MarchMadness,2026-03-23T01:13:03Z,2281,12,1
2026-03-23T21:04:15+00:00,5U9VcRyi99A,UCKjEtnnXEHsXE9IvCb92V7g,Press Conference: Iowa vs. Virginia Postgame (2026 Women's Second Round),2026-02-27T02:57:40Z,76,4,
2026-03-23T21:04:15+00:00,q7oYm4P9UKc,UCKjEtnnXEHsXE9IvCb92V7g,100 gorillas vs. Florida Final Boss? 🦍🐊 #shorts,2026-03-23T03:39:28Z,39830,424,32
2026-03-23T21:04:15+00:00,gRNQkeddOeo,UCKjEtnnXEHsXE9IvCb92V7g,“I would light this thing on fire” 🔥🤣,2026-03-23T02:03:26Z,7444,266,6
2026-03-23T21:04:15+00:00,a8PrkqVWt_s,UCKjEtnnXEHsXE9IvCb92V7g,Tony Delk breaks down the difference in the 2025 and 2026 Florida guards. #MarchMadness,2026-03-23T01:13:03Z,2281,12,1
2026-03-23T21:04:45+00:00,5U9VcRyi99A,UCKjEtnnXEHsXE9IvCb92V7g,Press Conference: Iowa vs. Virginia Postgame (2026 Women's Second Round),2026-02-27T02:57:40Z,88,4,
2026-03-23T21:04:45+00:00,q7oYm4P9UKc,UCKjEtnnXEHsXE9IvCb92V7g,100 gorillas vs. Florida Final Boss? 🦍🐊 #shorts,2026-03-23T03:39:28Z,39830,426,32
2026-03-23T21:04:45+00:00,gRNQkeddOeo,UCKjEtnnXEHsXE9IvCb92V7g,“I would light this thing on fire” 🔥🤣,2026-03-23T02:03:26Z,7466,266,6
2026-03-23T21:04:45+00:00,a8PrkqVWt_s,UCKjEtnnXEHsXE9IvCb92V7g,Tony Delk breaks down the difference in the 2025 and 2026 Florida guards. #MarchMadness,2026-03-23T01:13:03Z,2281,12,1
2026-03-23T21:05:16+00:00,5U9VcRyi99A,UCKjEtnnXEHsXE9IvCb92V7g,Press Conference: Iowa vs. Virginia Postgame (2026 Women's Second Round),2026-02-27T02:57:40Z,90,4,
2026-03-23T21:05:16+00:00,q7oYm4P9UKc,UCKjEtnnXEHsXE9IvCb92V7g,100 gorillas vs. Florida Final Boss? 🦍🐊 #shorts,2026-03-23T03:39:28Z,39830,427,32
2026-03-23T21:05:16+00:00,gRNQkeddOeo,UCKjEtnnXEHsXE9IvCb92V7g,“I would light this thing on fire” 🔥🤣,2026-03-23T02:03:26Z,7466,266,6
2026-03-23T21:05:16+00:00,a8PrkqVWt_s,UCKjEtnnXEHsXE9IvCb92V7g,Tony Delk breaks down the difference in the 2025 and 2026 Florida guards. #MarchMadness,2026-03-23T01:13:03Z,2281,12,1
2026-03-23T21:05:46+00:00,5U9VcRyi99A,UCKjEtnnXEHsXE9IvCb92V7g,Press Conference: Iowa vs. Virginia Postgame (2026 Women's Second Round),2026-02-27T02:57:40Z,92,5,
2026-03-23T21:05:46+00:00,q7oYm4P9UKc,UCKjEtnnXEHsXE9IvCb92V7g,100 gorillas vs. Florida Final Boss? 🦍🐊 #shorts,2026-03-23T03:39:28Z,39830,427,32
2026-03-23T21:05:46+00:00,gRNQkeddOeo,UCKjEtnnXEHsXE9IvCb92V7g,“I would light this thing on fire” 🔥🤣,2026-03-23T02:03:26Z,7466,267,6
2026-03-23T21:05:46+00:00,a8PrkqVWt_s,UCKjEtnnXEHsXE9IvCb92V7g,Tony Delk breaks down the difference in the 2025 and 2026 Florida guards. #MarchMadness,2026-03-23T01:13:03Z,2281,12,1
2026-03-23T21:06:16+00:00,5U9VcRyi99A,UCKjEtnnXEHsXE9IvCb92V7g,Press Conference: Iowa vs. Virginia Postgame (2026 Women's Second Round),2026-02-27T02:57:40Z,98,5,
2026-03-23T21:06:16+00:00,q7oYm4P9UKc,UCKjEtnnXEHsXE9IvCb92V7g,100 gorillas vs. Florida Final Boss? 🦍🐊 #shorts,2026-03-23T03:39:28Z,40017,427,32
2026-03-23T21:06:16+00:00,gRNQkeddOeo,UCKjEtnnXEHsXE9IvCb92V7g,“I would light this thing on fire” 🔥🤣,2026-03-23T02:03:26Z,7466,267,6
2026-03-23T21:06:16+00:00,a8PrkqVWt_s,UCKjEtnnXEHsXE9IvCb92V7g,Tony Delk breaks down the difference in the 2025 and 2026 Florida guards. #MarchMadness,2026-03-23T01:13:03Z,2284,12,1
2026-03-23T21:06:47+00:00,5U9VcRyi99A,UCKjEtnnXEHsXE9IvCb92V7g,Press Conference: Iowa vs. Virginia Postgame (2026 Women's Second Round),2026-02-27T02:57:40Z,100,6,
2026-03-23T21:06:47+00:00,q7oYm4P9UKc,UCKjEtnnXEHsXE9IvCb92V7g,100 gorillas vs. Florida Final Boss? 🦍🐊 #shorts,2026-03-23T03:39:28Z,40017,427,32
2026-03-23T21:06:47+00:00,gRNQkeddOeo,UCKjEtnnXEHsXE9IvCb92V7g,“I would light this thing on fire” 🔥🤣,2026-03-23T02:03:26Z,7466,267,6
2026-03-23T21:06:47+00:00,a8PrkqVWt_s,UCKjEtnnXEHsXE9IvCb92V7g,Tony Delk breaks down the difference in the 2025 and 2026 Florida guards. #MarchMadness,2026-03-23T01:13:03Z,2284,12,1
2026-03-23T21:07:18+00:00,5U9VcRyi99A,UCKjEtnnXEHsXE9IvCb92V7g,Press Conference: Iowa vs. Virginia Postgame (2026 Women's Second Round),2026-02-27T02:57:40Z,107,6,
2026-03-23T21:07:18+00:00,q7oYm4P9UKc,UCKjEtnnXEHsXE9IvCb92V7g,100 gorillas vs. Florida Final Boss? 🦍🐊 #shorts,2026-03-23T03:39:28Z,40017,427,32
2026-03-23T21:07:18+00:00,gRNQkeddOeo,UCKjEtnnXEHsXE9IvCb92V7g,“I would light this thing on fire” 🔥🤣,2026-03-23T02:03:26Z,7466,267,6
2026-03-23T21:07:18+00:00,a8PrkqVWt_s,UCKjEtnnXEHsXE9IvCb92V7g,Tony Delk breaks down the difference in the 2025 and 2026 Florida guards. #MarchMadness,2026-03-23T01:13:03Z,2281,12,1
2026-03-23T21:07:49+00:00,5U9VcRyi99A,UCKjEtnnXEHsXE9IvCb92V7g,Press Conference: Iowa vs. Virginia Postgame (2026 Women's Second Round),2026-02-27T02:57:40Z,110,6,
2026-03-23T21:07:49+00:00,q7oYm4P9UKc,UCKjEtnnXEHsXE9IvCb92V7g,100 gorillas vs. Florida Final Boss? 🦍🐊 #shorts,2026-03-23T03:39:28Z,40017,427,32
2026-03-23T21:07:49+00:00,gRNQkeddOeo,UCKjEtnnXEHsXE9IvCb92V7g,“I would light this thing on fire” 🔥🤣,2026-03-23T02:03:26Z,7466,267,6
2026-03-23T21:07:49+00:00,a8PrkqVWt_s,UCKjEtnnXEHsXE9IvCb92V7g,Tony Delk breaks down the difference in the 2025 and 2026 Florida guards. #MarchMadness,2026-03-23T01:13:03Z,2284,12,1
2026-03-23T21:08:20+00:00,5U9VcRyi99A,UCKjEtnnXEHsXE9IvCb92V7g,Press Conference: Iowa vs. Virginia Postgame (2026 Women's Second Round),2026-02-27T02:57:40Z,116,6,
2026-03-23T21:08:20+00:00,q7oYm4P9UKc,UCKjEtnnXEHsXE9IvCb92V7g,100 gorillas vs. Florida Final Boss? 🦍🐊 #shorts,2026-03-23T03:39:28Z,40017,427,32
2026-03-23T21:08:20+00:00,gRNQkeddOeo,UCKjEtnnXEHsXE9IvCb92V7g,“I would light this thing on fire” 🔥🤣,2026-03-23T02:03:26Z,7466,267,6
2026-03-23T21:08:20+00:00,a8PrkqVWt_s,UCKjEtnnXEHsXE9IvCb92V7g,Tony Delk breaks down the difference in the 2025 and 2026 Florida guards. #MarchMadness,2026-03-23T01:13:03Z,2284,12,1
2026-03-23T21:08:51+00:00,5U9VcRyi99A,UCKjEtnnXEHsXE9IvCb92V7g,Press Conference: Iowa vs. Virginia Postgame (2026 Women's Second Round),2026-02-27T02:57:40Z,116,6,
2026-03-23T21:08:51+00:00,q7oYm4P9UKc,UCKjEtnnXEHsXE9IvCb92V7g,100 gorillas vs. Florida Final Boss? 🦍🐊 #shorts,2026-03-23T03:39:28Z,40017,427,32
2026-03-23T21:08:51+00:00,gRNQkeddOeo,UCKjEtnnXEHsXE9IvCb92V7g,“I would light this thing on fire” 🔥🤣,2026-03-23T02:03:26Z,7476,268,6
2026-03-23T21:08:51+00:00,a8PrkqVWt_s,UCKjEtnnXEHsXE9IvCb92V7g,Tony Delk breaks down the difference in the 2025 and 2026 Florida guards. #MarchMadness,2026-03-23T01:13:03Z,2284,12,1
2026-03-23T21:09:21+00:00,5U9VcRyi99A,UCKjEtnnXEHsXE9IvCb92V7g,Press Conference: Iowa vs. Virginia Postgame (2026 Women's Second Round),2026-02-27T02:57:40Z,121,7,
2026-03-23T21:09:21+00:00,q7oYm4P9UKc,UCKjEtnnXEHsXE9IvCb92V7g,100 gorillas vs. Florida Final Boss? 🦍🐊 #shorts,2026-03-23T03:39:28Z,40017,427,32
2026-03-23T21:09:21+00:00,gRNQkeddOeo,UCKjEtnnXEHsXE9IvCb92V7g,“I would light this thing on fire” 🔥🤣,2026-03-23T02:03:26Z,7476,269,6
2026-03-23T21:09:21+00:00,a8PrkqVWt_s,UCKjEtnnXEHsXE9IvCb92V7g,Tony Delk breaks down the difference in the 2025 and 2026 Florida guards. #MarchMadness,2026-03-23T01:13:03Z,2284,12,1
2026-03-23T21:09:52+00:00,5U9VcRyi99A,UCKjEtnnXEHsXE9IvCb92V7g,Press Conference: Iowa vs. Virginia Postgame (2026 Women's Second Round),2026-02-27T02:57:40Z,125,7,
2026-03-23T21:09:52+00:00,q7oYm4P9UKc,UCKjEtnnXEHsXE9IvCb92V7g,100 gorillas vs. Florida Final Boss? 🦍🐊 #shorts,2026-03-23T03:39:28Z,40017,428,32
2026-03-23T21:09:52+00:00,gRNQkeddOeo,UCKjEtnnXEHsXE9IvCb92V7g,“I would light this thing on fire” 🔥🤣,2026-03-23T02:03:26Z,7476,270,6
2026-03-23T21:09:52+00:00,a8PrkqVWt_s,UCKjEtnnXEHsXE9IvCb92V7g,Tony Delk breaks down the difference in the 2025 and 2026 Florida guards. #MarchMadness,2026-03-23T01:13:03Z,2284,12,1
2026-03-23T21:10:23+00:00,5U9VcRyi99A,UCKjEtnnXEHsXE9IvCb92V7g,Press Conference: Iowa vs. Virginia Postgame (2026 Women's Second Round),2026-02-27T02:57:40Z,128,7,
2026-03-23T21:10:23+00:00,q7oYm4P9UKc,UCKjEtnnXEHsXE9IvCb92V7g,100 gorillas vs. Florida Final Boss? 🦍🐊 #shorts,2026-03-23T03:39:28Z,40017,429,32
2026-03-23T21:10:23+00:00,gRNQkeddOeo,UCKjEtnnXEHsXE9IvCb92V7g,“I would light this thing on fire” 🔥🤣,2026-03-23T02:03:26Z,7476,270,6
2026-03-23T21:10:23+00:00,a8PrkqVWt_s,UCKjEtnnXEHsXE9IvCb92V7g,Tony Delk breaks down the difference in the 2025 and 2026 Florida guards. #MarchMadness,2026-03-23T01:13:03Z,2284,12,1
2026-03-23T21:10:54+00:00,5U9VcRyi99A,UCKjEtnnXEHsXE9IvCb92V7g,Press Conference: Iowa vs. Virginia Postgame (2026 Women's Second Round),2026-02-27T02:57:40Z,131,7,
2026-03-23T21:10:54+00:00,q7oYm4P9UKc,UCKjEtnnXEHsXE9IvCb92V7g,100 gorillas vs. Florida Final Boss? 🦍🐊 #shorts,2026-03-23T03:39:28Z,40017,429,32
2026-03-23T21:10:54+00:00,gRNQkeddOeo,UCKjEtnnXEHsXE9IvCb92V7g,“I would light this thing on fire” 🔥🤣,2026-03-23T02:03:26Z,7476,270,6
2026-03-23T21:10:54+00:00,a8PrkqVWt_s,UCKjEtnnXEHsXE9IvCb92V7g,Tony Delk breaks down the difference in the 2025 and 2026 Florida guards. #MarchMadness,2026-03-23T01:13:03Z,2284,12,1
2026-03-23T21:11:24+00:00,5U9VcRyi99A,UCKjEtnnXEHsXE9IvCb92V7g,Press Conference: Iowa vs. Virginia Postgame (2026 Women's Second Round),2026-02-27T02:57:40Z,139,9,
2026-03-23T21:11:24+00:00,q7oYm4P9UKc,UCKjEtnnXEHsXE9IvCb92V7g,100 gorillas vs. Florida Final Boss? 🦍🐊 #shorts,2026-03-23T03:39:28Z,40218,429,32
2026-03-23T21:11:24+00:00,gRNQkeddOeo,UCKjEtnnXEHsXE9IvCb92V7g,“I would light this thing on fire” 🔥🤣,2026-03-23T02:03:26Z,7476,270,6
2026-03-23T21:11:24+00:00,a8PrkqVWt_s,UCKjEtnnXEHsXE9IvCb92V7g,Tony Delk breaks down the difference in the 2025 and 2026 Florida guards. #MarchMadness,2026-03-23T01:13:03Z,2285,12,1
2026-03-23T21:11:54+00:00,5U9VcRyi99A,UCKjEtnnXEHsXE9IvCb92V7g,Press Conference: Iowa vs. Virginia Postgame (2026 Women's Second Round),2026-02-27T02:57:40Z,139,11,
2026-03-23T21:11:54+00:00,q7oYm4P9UKc,UCKjEtnnXEHsXE9IvCb92V7g,100 gorillas vs. Florida Final Boss? 🦍🐊 #shorts,2026-03-23T03:39:28Z,40218,429,32
2026-03-23T21:11:54+00:00,gRNQkeddOeo,UCKjEtnnXEHsXE9IvCb92V7g,“I would light this thing on fire” 🔥🤣,2026-03-23T02:03:26Z,7476,270,6
2026-03-23T21:11:54+00:00,a8PrkqVWt_s,UCKjEtnnXEHsXE9IvCb92V7g,Tony Delk breaks down the difference in the 2025 and 2026 Florida guards. #MarchMadness,2026-03-23T01:13:03Z,2285,12,1
2026-03-23T21:12:25+00:00,5U9VcRyi99A,UCKjEtnnXEHsXE9IvCb92V7g,Press Conference: Iowa vs. Virginia Postgame (2026 Women's Second Round),2026-02-27T02:57:40Z,146,11,
2026-03-23T21:12:25+00:00,q7oYm4P9UKc,UCKjEtnnXEHsXE9IvCb92V7g,100 gorillas vs. Florida Final Boss? 🦍🐊 #shorts,2026-03-23T03:39:28Z,40218,429,32
2026-03-23T21:12:25+00:00,gRNQkeddOeo,UCKjEtnnXEHsXE9IvCb92V7g,“I would light this thing on fire” 🔥🤣,2026-03-23T02:03:26Z,7476,270,6
2026-03-23T21:12:25+00:00,a8PrkqVWt_s,UCKjEtnnXEHsXE9IvCb92V7g,Tony Delk breaks down the difference in the 2025 and 2026 Florida guards. #MarchMadness,2026-03-23T01:13:03Z,2285,12,1
2026-03-23T21:12:56+00:00,5U9VcRyi99A,UCKjEtnnXEHsXE9IvCb92V7g,Press Conference: Iowa vs. Virginia Postgame (2026 Women's Second Round),2026-02-27T02:57:40Z,148,11,
2026-03-23T21:12:56+00:00,q7oYm4P9UKc,UCKjEtnnXEHsXE9IvCb92V7g,100 gorillas vs. Florida Final Boss? 🦍🐊 #shorts,2026-03-23T03:39:28Z,40218,429,32
2026-03-23T21:12:56+00:00,gRNQkeddOeo,UCKjEtnnXEHsXE9IvCb92V7g,“I would light this thing on fire” 🔥🤣,2026-03-23T02:03:26Z,7476,270,6
2026-03-23T21:12:56+00:00,a8PrkqVWt_s,UCKjEtnnXEHsXE9IvCb92V7g,Tony Delk breaks down the difference in the 2025 and 2026 Florida guards. #MarchMadness,2026-03-23T01:13:03Z,2285,12,1
2026-03-23T21:13:26+00:00,5U9VcRyi99A,UCKjEtnnXEHsXE9IvCb92V7g,Press Conference: Iowa vs. Virginia Postgame (2026 Women's Second Round),2026-02-27T02:57:40Z,153,11,
2026-03-23T21:13:26+00:00,q7oYm4P9UKc,UCKjEtnnXEHsXE9IvCb92V7g,100 gorillas vs. Florida Final Boss? 🦍🐊 #shorts,2026-03-23T03:39:28Z,40218,429,32
2026-03-23T21:13:26+00:00,gRNQkeddOeo,UCKjEtnnXEHsXE9IvCb92V7g,“I would light this thing on fire” 🔥🤣,2026-03-23T02:03:26Z,7476,270,6
2026-03-23T21:13:26+00:00,a8PrkqVWt_s,UCKjEtnnXEHsXE9IvCb92V7g,Tony Delk breaks down the difference in the 2025 and 2026 Florida guards. #MarchMadness,2026-03-23T01:13:03Z,2285,12,1
2026-03-23T21:13:57+00:00,5U9VcRyi99A,UCKjEtnnXEHsXE9IvCb92V7g,Press Conference: Iowa vs. Virginia Postgame (2026 Women's Second Round),2026-02-27T02:57:40Z,156,13,
2026-03-23T21:13:57+00:00,q7oYm4P9UKc,UCKjEtnnXEHsXE9IvCb92V7g,100 gorillas vs. Florida Final Boss? 🦍🐊 #shorts,2026-03-23T03:39:28Z,40218,430,32
2026-03-23T21:13:57+00:00,gRNQkeddOeo,UCKjEtnnXEHsXE9IvCb92V7g,“I would light this thing on fire” 🔥🤣,2026-03-23T02:03:26Z,7508,270,6
2026-03-23T21:13:57+00:00,a8PrkqVWt_s,UCKjEtnnXEHsXE9IvCb92V7g,Tony Delk breaks down the difference in the 2025 and 2026 Florida guards. #MarchMadness,2026-03-23T01:13:03Z,2285,12,1
2026-03-23T21:14:27+00:00,5U9VcRyi99A,UCKjEtnnXEHsXE9IvCb92V7g,Press Conference: Iowa vs. Virginia Postgame (2026 Women's Second Round),2026-02-27T02:57:40Z,178,13,
2026-03-23T21:14:27+00:00,q7oYm4P9UKc,UCKjEtnnXEHsXE9IvCb92V7g,100 gorillas vs. Florida Final Boss? 🦍🐊 #shorts,2026-03-23T03:39:28Z,40218,430,32
2026-03-23T21:14:27+00:00,gRNQkeddOeo,UCKjEtnnXEHsXE9IvCb92V7g,“I would light this thing on fire” 🔥🤣,2026-03-23T02:03:26Z,7508,270,6
2026-03-23T21:14:27+00:00,a8PrkqVWt_s,UCKjEtnnXEHsXE9IvCb92V7g,Tony Delk breaks down the difference in the 2025 and 2026 Florida guards. #MarchMadness,2026-03-23T01:13:03Z,2285,12,1
2026-03-23T21:14:58+00:00,5U9VcRyi99A,UCKjEtnnXEHsXE9IvCb92V7g,Press Conference: Iowa vs. Virginia Postgame (2026 Women's Second Round),2026-02-27T02:57:40Z,180,13,
2026-03-23T21:14:58+00:00,q7oYm4P9UKc,UCKjEtnnXEHsXE9IvCb92V7g,100 gorillas vs. Florida Final Boss? 🦍🐊 #shorts,2026-03-23T03:39:28Z,40218,430,32
2026-03-23T21:14:58+00:00,gRNQkeddOeo,UCKjEtnnXEHsXE9IvCb92V7g,“I would light this thing on fire” 🔥🤣,2026-03-23T02:03:26Z,7508,270,6
2026-03-23T21:14:58+00:00,a8PrkqVWt_s,UCKjEtnnXEHsXE9IvCb92V7g,Tony Delk breaks down the difference in the 2025 and 2026 Florida guards. #MarchMadness,2026-03-23T01:13:03Z,2285,12,1
2026-03-23T21:15:29+00:00,5U9VcRyi99A,UCKjEtnnXEHsXE9IvCb92V7g,Press Conference: Iowa vs. Virginia Postgame (2026 Women's Second Round),2026-02-27T02:57:40Z,188,13,
2026-03-23T21:15:29+00:00,q7oYm4P9UKc,UCKjEtnnXEHsXE9IvCb92V7g,100 gorillas vs. Florida Final Boss? 🦍🐊 #shorts,2026-03-23T03:39:28Z,40218,430,32
2026-03-23T21:15:29+00:00,gRNQkeddOeo,UCKjEtnnXEHsXE9IvCb92V7g,“I would light this thing on fire” 🔥🤣,2026-03-23T02:03:26Z,7508,270,6
2026-03-23T21:15:29+00:00,a8PrkqVWt_s,UCKjEtnnXEHsXE9IvCb92V7g,Tony Delk breaks down the difference in the 2025 and 2026 Florida guards. #MarchMadness,2026-03-23T01:13:03Z,2285,12,1
2026-03-23T21:15:59+00:00,5U9VcRyi99A,UCKjEtnnXEHsXE9IvCb92V7g,Press Conference: Iowa vs. Virginia Postgame (2026 Women's Second Round),2026-02-27T02:57:40Z,188,13,
2026-03-23T21:15:59+00:00,q7oYm4P9UKc,UCKjEtnnXEHsXE9IvCb92V7g,100 gorillas vs. Florida Final Boss? 🦍🐊 #shorts,2026-03-23T03:39:28Z,40218,430,32
2026-03-23T21:15:59+00:00,gRNQkeddOeo,UCKjEtnnXEHsXE9IvCb92V7g,“I would light this thing on fire” 🔥🤣,2026-03-23T02:03:26Z,7508,271,6
2026-03-23T21:15:59+00:00,a8PrkqVWt_s,UCKjEtnnXEHsXE9IvCb92V7g,Tony Delk breaks down the difference in the 2025 and 2026 Florida guards. #MarchMadness,2026-03-23T01:13:03Z,2285,12,1
2026-03-23T21:16:29+00:00,5U9VcRyi99A,UCKjEtnnXEHsXE9IvCb92V7g,Press Conference: Iowa vs. Virginia Postgame (2026 Women's Second Round),2026-02-27T02:57:40Z,199,13,
2026-03-23T21:16:29+00:00,q7oYm4P9UKc,UCKjEtnnXEHsXE9IvCb92V7g,100 gorillas vs. Florida Final Boss? 🦍🐊 #shorts,2026-03-23T03:39:28Z,40517,430,32
2026-03-23T21:16:29+00:00,gRNQkeddOeo,UCKjEtnnXEHsXE9IvCb92V7g,“I would light this thing on fire” 🔥🤣,2026-03-23T02:03:26Z,7508,271,6
2026-03-23T21:16:29+00:00,a8PrkqVWt_s,UCKjEtnnXEHsXE9IvCb92V7g,Tony Delk breaks down the difference in the 2025 and 2026 Florida guards. #MarchMadness,2026-03-23T01:13:03Z,2288,12,1
2026-03-23T21:17:00+00:00,5U9VcRyi99A,UCKjEtnnXEHsXE9IvCb92V7g,Press Conference: Iowa vs. Virginia Postgame (2026 Women's Second Round),2026-02-27T02:57:40Z,202,14,
2026-03-23T21:17:00+00:00,q7oYm4P9UKc,UCKjEtnnXEHsXE9IvCb92V7g,100 gorillas vs. Florida Final Boss? 🦍🐊 #shorts,2026-03-23T03:39:28Z,40517,430,33
2026-03-23T21:17:00+00:00,gRNQkeddOeo,UCKjEtnnXEHsXE9IvCb92V7g,“I would light this thing on fire” 🔥🤣,2026-03-23T02:03:26Z,7508,271,6
2026-03-23T21:17:00+00:00,a8PrkqVWt_s,UCKjEtnnXEHsXE9IvCb92V7g,Tony Delk breaks down the difference in the 2025 and 2026 Florida guards. #MarchMadness,2026-03-23T01:13:03Z,2288,12,1
2026-03-23T21:17:31+00:00,5U9VcRyi99A,UCKjEtnnXEHsXE9IvCb92V7g,Press Conference: Iowa vs. Virginia Postgame (2026 Women's Second Round),2026-02-27T02:57:40Z,212,14,
2026-03-23T21:17:31+00:00,q7oYm4P9UKc,UCKjEtnnXEHsXE9IvCb92V7g,100 gorillas vs. Florida Final Boss? 🦍🐊 #shorts,2026-03-23T03:39:28Z,40517,431,32
2026-03-23T21:17:31+00:00,gRNQkeddOeo,UCKjEtnnXEHsXE9IvCb92V7g,“I would light this thing on fire” 🔥🤣,2026-03-23T02:03:26Z,7508,271,6
2026-03-23T21:17:31+00:00,a8PrkqVWt_s,UCKjEtnnXEHsXE9IvCb92V7g,Tony Delk breaks down the difference in the 2025 and 2026 Florida guards. #MarchMadness,2026-03-23T01:13:03Z,2288,12,1
2026-03-23T21:18:02+00:00,5U9VcRyi99A,UCKjEtnnXEHsXE9IvCb92V7g,Press Conference: Iowa vs. Virginia Postgame (2026 Women's Second Round),2026-02-27T02:57:40Z,212,14,
2026-03-23T21:18:02+00:00,q7oYm4P9UKc,UCKjEtnnXEHsXE9IvCb92V7g,100 gorillas vs. Florida Final Boss? 🦍🐊 #shorts,2026-03-23T03:39:28Z,40517,434,32
2026-03-23T21:18:02+00:00,gRNQkeddOeo,UCKjEtnnXEHsXE9IvCb92V7g,“I would light this thing on fire” 🔥🤣,2026-03-23T02:03:26Z,7508,271,6
2026-03-23T21:18:02+00:00,a8PrkqVWt_s,UCKjEtnnXEHsXE9IvCb92V7g,Tony Delk breaks down the difference in the 2025 and 2026 Florida guards. #MarchMadness,2026-03-23T01:13:03Z,2288,12,1
2026-03-23T21:18:32+00:00,5U9VcRyi99A,UCKjEtnnXEHsXE9IvCb92V7g,Press Conference: Iowa vs. Virginia Postgame (2026 Women's Second Round),2026-02-27T02:57:40Z,216,14,
2026-03-23T21:18:32+00:00,q7oYm4P9UKc,UCKjEtnnXEHsXE9IvCb92V7g,100 gorillas vs. Florida Final Boss? 🦍🐊 #shorts,2026-03-23T03:39:28Z,40517,434,32
2026-03-23T21:18:32+00:00,gRNQkeddOeo,UCKjEtnnXEHsXE9IvCb92V7g,“I would light this thing on fire” 🔥🤣,2026-03-23T02:03:26Z,7508,271,6
2026-03-23T21:18:32+00:00,a8PrkqVWt_s,UCKjEtnnXEHsXE9IvCb92V7g,Tony Delk breaks down the difference in the 2025 and 2026 Florida guards. #MarchMadness,2026-03-23T01:13:03Z,2288,12,1
2026-03-23T21:19:03+00:00,5U9VcRyi99A,UCKjEtnnXEHsXE9IvCb92V7g,Press Conference: Iowa vs. Virginia Postgame (2026 Women's Second Round),2026-02-27T02:57:40Z,232,14,
2026-03-23T21:19:03+00:00,q7oYm4P9UKc,UCKjEtnnXEHsXE9IvCb92V7g,100 gorillas vs. Florida Final Boss? 🦍🐊 #shorts,2026-03-23T03:39:28Z,40517,434,32
2026-03-23T21:19:03+00:00,gRNQkeddOeo,UCKjEtnnXEHsXE9IvCb92V7g,“I would light this thing on fire” 🔥🤣,2026-03-23T02:03:26Z,7533,272,6
2026-03-23T21:19:03+00:00,a8PrkqVWt_s,UCKjEtnnXEHsXE9IvCb92V7g,Tony Delk breaks down the difference in the 2025 and 2026 Florida guards. #MarchMadness,2026-03-23T01:13:03Z,2288,12,1
2026-03-23T21:19:34+00:00,5U9VcRyi99A,UCKjEtnnXEHsXE9IvCb92V7g,Press Conference: Iowa vs. Virginia Postgame (2026 Women's Second Round),2026-02-27T02:57:40Z,243,16,
2026-03-23T21:19:34+00:00,q7oYm4P9UKc,UCKjEtnnXEHsXE9IvCb92V7g,100 gorillas vs. Florida Final Boss? 🦍🐊 #shorts,2026-03-23T03:39:28Z,40517,436,32
2026-03-23T21:19:34+00:00,gRNQkeddOeo,UCKjEtnnXEHsXE9IvCb92V7g,“I would light this thing on fire” 🔥🤣,2026-03-23T02:03:26Z,7533,272,6
2026-03-23T21:19:34+00:00,a8PrkqVWt_s,UCKjEtnnXEHsXE9IvCb92V7g,Tony Delk breaks down the difference in the 2025 and 2026 Florida guards. #MarchMadness,2026-03-23T01:13:03Z,2288,13,1
2026-03-23T21:20:04+00:00,5U9VcRyi99A,UCKjEtnnXEHsXE9IvCb92V7g,Press Conference: Iowa vs. Virginia Postgame (2026 Women's Second Round),2026-02-27T02:57:40Z,245,16,
2026-03-23T21:20:04+00:00,q7oYm4P9UKc,UCKjEtnnXEHsXE9IvCb92V7g,100 gorillas vs. Florida Final Boss? 🦍🐊 #shorts,2026-03-23T03:39:28Z,40517,436,32
2026-03-23T21:20:04+00:00,gRNQkeddOeo,UCKjEtnnXEHsXE9IvCb92V7g,“I would light this thing on fire” 🔥🤣,2026-03-23T02:03:26Z,7533,272,6
2026-03-23T21:20:04+00:00,a8PrkqVWt_s,UCKjEtnnXEHsXE9IvCb92V7g,Tony Delk breaks down the difference in the 2025 and 2026 Florida guards. #MarchMadness,2026-03-23T01:13:03Z,2288,13,1
2026-03-23T21:20:34+00:00,5U9VcRyi99A,UCKjEtnnXEHsXE9IvCb92V7g,Press Conference: Iowa vs. Virginia Postgame (2026 Women's Second Round),2026-02-27T02:57:40Z,245,16,
2026-03-23T21:20:34+00:00,q7oYm4P9UKc,UCKjEtnnXEHsXE9IvCb92V7g,100 gorillas vs. Florida Final Boss? 🦍🐊 #shorts,2026-03-23T03:39:28Z,40517,436,32
2026-03-23T21:20:34+00:00,gRNQkeddOeo,UCKjEtnnXEHsXE9IvCb92V7g,“I would light this thing on fire” 🔥🤣,2026-03-23T02:03:26Z,7533,272,6
2026-03-23T21:20:34+00:00,a8PrkqVWt_s,UCKjEtnnXEHsXE9IvCb92V7g,Tony Delk breaks down the difference in the 2025 and 2026 Florida guards. #MarchMadness,2026-03-23T01:13:03Z,2288,13,1
2026-03-23T21:21:05+00:00,5U9VcRyi99A,UCKjEtnnXEHsXE9IvCb92V7g,Press Conference: Iowa vs. Virginia Postgame (2026 Women's Second Round),2026-02-27T02:57:40Z,264,16,
2026-03-23T21:21:05+00:00,q7oYm4P9UKc,UCKjEtnnXEHsXE9IvCb92V7g,100 gorillas vs. Florida Final Boss? 🦍🐊 #shorts,2026-03-23T03:39:28Z,40517,436,32
2026-03-23T21:21:05+00:00,gRNQkeddOeo,UCKjEtnnXEHsXE9IvCb92V7g,“I would light this thing on fire” 🔥🤣,2026-03-23T02:03:26Z,7533,272,6
2026-03-23T21:21:05+00:00,a8PrkqVWt_s,UCKjEtnnXEHsXE9IvCb92V7g,Tony Delk breaks down the difference in the 2025 and 2026 Florida guards. #MarchMadness,2026-03-23T01:13:03Z,2288,13,1
2026-03-23T21:21:36+00:00,5U9VcRyi99A,UCKjEtnnXEHsXE9IvCb92V7g,Press Conference: Iowa vs. Virginia Postgame (2026 Women's Second Round),2026-02-27T02:57:40Z,264,16,
2026-03-23T21:21:36+00:00,q7oYm4P9UKc,UCKjEtnnXEHsXE9IvCb92V7g,100 gorillas vs. Florida Final Boss? 🦍🐊 #shorts,2026-03-23T03:39:28Z,40786,436,32
2026-03-23T21:21:36+00:00,gRNQkeddOeo,UCKjEtnnXEHsXE9IvCb92V7g,“I would light this thing on fire” 🔥🤣,2026-03-23T02:03:26Z,7533,272,6
2026-03-23T21:21:36+00:00,a8PrkqVWt_s,UCKjEtnnXEHsXE9IvCb92V7g,Tony Delk breaks down the difference in the 2025 and 2026 Florida guards. #MarchMadness,2026-03-23T01:13:03Z,2292,13,1
2026-03-23T21:22:07+00:00,5U9VcRyi99A,UCKjEtnnXEHsXE9IvCb92V7g,Press Conference: Iowa vs. Virginia Postgame (2026 Women's Second Round),2026-02-27T02:57:40Z,273,16,
2026-03-23T21:22:07+00:00,q7oYm4P9UKc,UCKjEtnnXEHsXE9IvCb92V7g,100 gorillas vs. Florida Final Boss? 🦍🐊 #shorts,2026-03-23T03:39:28Z,40786,436,32
2026-03-23T21:22:07+00:00,gRNQkeddOeo,UCKjEtnnXEHsXE9IvCb92V7g,“I would light this thing on fire” 🔥🤣,2026-03-23T02:03:26Z,7533,272,6
2026-03-23T21:22:07+00:00,a8PrkqVWt_s,UCKjEtnnXEHsXE9IvCb92V7g,Tony Delk breaks down the difference in the 2025 and 2026 Florida guards. #MarchMadness,2026-03-23T01:13:03Z,2292,13,1
2026-03-23T21:22:38+00:00,5U9VcRyi99A,UCKjEtnnXEHsXE9IvCb92V7g,Press Conference: Iowa vs. Virginia Postgame (2026 Women's Second Round),2026-02-27T02:57:40Z,283,16,
2026-03-23T21:22:38+00:00,q7oYm4P9UKc,UCKjEtnnXEHsXE9IvCb92V7g,100 gorillas vs. Florida Final Boss? 🦍🐊 #shorts,2026-03-23T03:39:28Z,40786,436,32
2026-03-23T21:22:38+00:00,gRNQkeddOeo,UCKjEtnnXEHsXE9IvCb92V7g,“I would light this thing on fire” 🔥🤣,2026-03-23T02:03:26Z,7533,272,6
2026-03-23T21:22:38+00:00,a8PrkqVWt_s,UCKjEtnnXEHsXE9IvCb92V7g,Tony Delk breaks down the difference in the 2025 and 2026 Florida guards. #MarchMadness,2026-03-23T01:13:03Z,2292,13,1
2026-03-23T21:23:08+00:00,5U9VcRyi99A,UCKjEtnnXEHsXE9IvCb92V7g,Press Conference: Iowa vs. Virginia Postgame (2026 Women's Second Round),2026-02-27T02:57:40Z,285,16,
2026-03-23T21:23:08+00:00,q7oYm4P9UKc,UCKjEtnnXEHsXE9IvCb92V7g,100 gorillas vs. Florida Final Boss? 🦍🐊 #shorts,2026-03-23T03:39:28Z,40786,436,32
2026-03-23T21:23:08+00:00,gRNQkeddOeo,UCKjEtnnXEHsXE9IvCb92V7g,“I would light this thing on fire” 🔥🤣,2026-03-23T02:03:26Z,7533,272,6
2026-03-23T21:23:08+00:00,a8PrkqVWt_s,UCKjEtnnXEHsXE9IvCb92V7g,Tony Delk breaks down the difference in the 2025 and 2026 Florida guards. #MarchMadness,2026-03-23T01:13:03Z,2292,13,1
2026-03-23T21:23:39+00:00,5U9VcRyi99A,UCKjEtnnXEHsXE9IvCb92V7g,Press Conference: Iowa vs. Virginia Postgame (2026 Women's Second Round),2026-02-27T02:57:40Z,297,16,
2026-03-23T21:23:39+00:00,q7oYm4P9UKc,UCKjEtnnXEHsXE9IvCb92V7g,100 gorillas vs. Florida Final Boss? 🦍🐊 #shorts,2026-03-23T03:39:28Z,40786,436,32
2026-03-23T21:23:39+00:00,gRNQkeddOeo,UCKjEtnnXEHsXE9IvCb92V7g,“I would light this thing on fire” 🔥🤣,2026-03-23T02:03:26Z,7533,272,6
2026-03-23T21:23:39+00:00,a8PrkqVWt_s,UCKjEtnnXEHsXE9IvCb92V7g,Tony Delk breaks down the difference in the 2025 and 2026 Florida guards. #MarchMadness,2026-03-23T01:13:03Z,2292,13,1
2026-03-23T21:24:10+00:00,5U9VcRyi99A,UCKjEtnnXEHsXE9IvCb92V7g,Press Conference: Iowa vs. Virginia Postgame (2026 Women's Second Round),2026-02-27T02:57:40Z,297,16,
2026-03-23T21:24:10+00:00,q7oYm4P9UKc,UCKjEtnnXEHsXE9IvCb92V7g,100 gorillas vs. Florida Final Boss? 🦍🐊 #shorts,2026-03-23T03:39:28Z,40786,436,32
2026-03-23T21:24:10+00:00,gRNQkeddOeo,UCKjEtnnXEHsXE9IvCb92V7g,“I would light this thing on fire” 🔥🤣,2026-03-23T02:03:26Z,7557,272,6
2026-03-23T21:24:10+00:00,a8PrkqVWt_s,UCKjEtnnXEHsXE9IvCb92V7g,Tony Delk breaks down the difference in the 2025 and 2026 Florida guards. #MarchMadness,2026-03-23T01:13:03Z,2292,13,1
2026-03-23T21:24:41+00:00,5U9VcRyi99A,UCKjEtnnXEHsXE9IvCb92V7g,Press Conference: Iowa vs. Virginia Postgame (2026 Women's Second Round),2026-02-27T02:57:40Z,302,16,
2026-03-23T21:24:41+00:00,q7oYm4P9UKc,UCKjEtnnXEHsXE9IvCb92V7g,100 gorillas vs. Florida Final Boss? 🦍🐊 #shorts,2026-03-23T03:39:28Z,40786,436,32
2026-03-23T21:24:41+00:00,gRNQkeddOeo,UCKjEtnnXEHsXE9IvCb92V7g,“I would light this thing on fire” 🔥🤣,2026-03-23T02:03:26Z,7557,272,6
2026-03-23T21:24:41+00:00,a8PrkqVWt_s,UCKjEtnnXEHsXE9IvCb92V7g,Tony Delk breaks down the difference in the 2025 and 2026 Florida guards. #MarchMadness,2026-03-23T01:13:03Z,2292,13,1
2026-03-23T21:25:12+00:00,5U9VcRyi99A,UCKjEtnnXEHsXE9IvCb92V7g,Press Conference: Iowa vs. Virginia Postgame (2026 Women's Second Round),2026-02-27T02:57:40Z,308,16,
2026-03-23T21:25:12+00:00,q7oYm4P9UKc,UCKjEtnnXEHsXE9IvCb92V7g,100 gorillas vs. Florida Final Boss? 🦍🐊 #shorts,2026-03-23T03:39:28Z,40786,436,32
2026-03-23T21:25:12+00:00,gRNQkeddOeo,UCKjEtnnXEHsXE9IvCb92V7g,“I would light this thing on fire” 🔥🤣,2026-03-23T02:03:26Z,7557,272,6
2026-03-23T21:25:12+00:00,a8PrkqVWt_s,UCKjEtnnXEHsXE9IvCb92V7g,Tony Delk breaks down the difference in the 2025 and 2026 Florida guards. #MarchMadness,2026-03-23T01:13:03Z,2292,13,1
2026-03-23T21:25:43+00:00,5U9VcRyi99A,UCKjEtnnXEHsXE9IvCb92V7g,Press Conference: Iowa vs. Virginia Postgame (2026 Women's Second Round),2026-02-27T02:57:40Z,315,16,
2026-03-23T21:25:43+00:00,q7oYm4P9UKc,UCKjEtnnXEHsXE9IvCb92V7g,100 gorillas vs. Florida Final Boss? 🦍🐊 #shorts,2026-03-23T03:39:28Z,40786,436,32
2026-03-23T21:25:43+00:00,gRNQkeddOeo,UCKjEtnnXEHsXE9IvCb92V7g,“I would light this thing on fire” 🔥🤣,2026-03-23T02:03:26Z,7557,272,6
2026-03-23T21:25:43+00:00,a8PrkqVWt_s,UCKjEtnnXEHsXE9IvCb92V7g,Tony Delk breaks down the difference in the 2025 and 2026 Florida guards. #MarchMadness,2026-03-23T01:13:03Z,2292,13,1
2026-03-23T21:26:13+00:00,5U9VcRyi99A,UCKjEtnnXEHsXE9IvCb92V7g,Press Conference: Iowa vs. Virginia Postgame (2026 Women's Second Round),2026-02-27T02:57:40Z,320,16,
2026-03-23T21:26:13+00:00,q7oYm4P9UKc,UCKjEtnnXEHsXE9IvCb92V7g,100 gorillas vs. Florida Final Boss? 🦍🐊 #shorts,2026-03-23T03:39:28Z,40927,436,32
2026-03-23T21:26:13+00:00,gRNQkeddOeo,UCKjEtnnXEHsXE9IvCb92V7g,“I would light this thing on fire” 🔥🤣,2026-03-23T02:03:26Z,7557,272,6
2026-03-23T21:26:13+00:00,a8PrkqVWt_s,UCKjEtnnXEHsXE9IvCb92V7g,Tony Delk breaks down the difference in the 2025 and 2026 Florida guards. #MarchMadness,2026-03-23T01:13:03Z,2295,13,1
2026-03-23T21:26:43+00:00,5U9VcRyi99A,UCKjEtnnXEHsXE9IvCb92V7g,Press Conference: Iowa vs. Virginia Postgame (2026 Women's Second Round),2026-02-27T02:57:40Z,320,16,
2026-03-23T21:26:43+00:00,q7oYm4P9UKc,UCKjEtnnXEHsXE9IvCb92V7g,100 gorillas vs. Florida Final Boss? 🦍🐊 #shorts,2026-03-23T03:39:28Z,40927,436,32
2026-03-23T21:26:43+00:00,gRNQkeddOeo,UCKjEtnnXEHsXE9IvCb92V7g,“I would light this thing on fire” 🔥🤣,2026-03-23T02:03:26Z,7557,272,6
2026-03-23T21:26:43+00:00,a8PrkqVWt_s,UCKjEtnnXEHsXE9IvCb92V7g,Tony Delk breaks down the difference in the 2025 and 2026 Florida guards. #MarchMadness,2026-03-23T01:13:03Z,2295,13,1
2026-03-23T21:27:14+00:00,5U9VcRyi99A,UCKjEtnnXEHsXE9IvCb92V7g,Press Conference: Iowa vs. Virginia Postgame (2026 Women's Second Round),2026-02-27T02:57:40Z,327,16,
2026-03-23T21:27:14+00:00,q7oYm4P9UKc,UCKjEtnnXEHsXE9IvCb92V7g,100 gorillas vs. Florida Final Boss? 🦍🐊 #shorts,2026-03-23T03:39:28Z,40927,436,32
2026-03-23T21:27:14+00:00,gRNQkeddOeo,UCKjEtnnXEHsXE9IvCb92V7g,“I would light this thing on fire” 🔥🤣,2026-03-23T02:03:26Z,7557,272,6
2026-03-23T21:27:14+00:00,a8PrkqVWt_s,UCKjEtnnXEHsXE9IvCb92V7g,Tony Delk breaks down the difference in the 2025 and 2026 Florida guards. #MarchMadness,2026-03-23T01:13:03Z,2295,13,1
2026-03-23T21:27:45+00:00,5U9VcRyi99A,UCKjEtnnXEHsXE9IvCb92V7g,Press Conference: Iowa vs. Virginia Postgame (2026 Women's Second Round),2026-02-27T02:57:40Z,335,17,
2026-03-23T21:27:45+00:00,q7oYm4P9UKc,UCKjEtnnXEHsXE9IvCb92V7g,100 gorillas vs. Florida Final Boss? 🦍🐊 #shorts,2026-03-23T03:39:28Z,40927,436,32
2026-03-23T21:27:45+00:00,gRNQkeddOeo,UCKjEtnnXEHsXE9IvCb92V7g,“I would light this thing on fire” 🔥🤣,2026-03-23T02:03:26Z,7557,272,6
2026-03-23T21:27:45+00:00,a8PrkqVWt_s,UCKjEtnnXEHsXE9IvCb92V7g,Tony Delk breaks down the difference in the 2025 and 2026 Florida guards. #MarchMadness,2026-03-23T01:13:03Z,2295,13,1
2026-03-23T21:28:16+00:00,5U9VcRyi99A,UCKjEtnnXEHsXE9IvCb92V7g,Press Conference: Iowa vs. Virginia Postgame (2026 Women's Second Round),2026-02-27T02:57:40Z,340,17,
2026-03-23T21:28:16+00:00,q7oYm4P9UKc,UCKjEtnnXEHsXE9IvCb92V7g,100 gorillas vs. Florida Final Boss? 🦍🐊 #shorts,2026-03-23T03:39:28Z,40927,436,32
2026-03-23T21:28:16+00:00,gRNQkeddOeo,UCKjEtnnXEHsXE9IvCb92V7g,“I would light this thing on fire” 🔥🤣,2026-03-23T02:03:26Z,7557,272,6
2026-03-23T21:28:16+00:00,a8PrkqVWt_s,UCKjEtnnXEHsXE9IvCb92V7g,Tony Delk breaks down the difference in the 2025 and 2026 Florida guards. #MarchMadness,2026-03-23T01:13:03Z,2295,13,1
2026-03-23T21:28:47+00:00,5U9VcRyi99A,UCKjEtnnXEHsXE9IvCb92V7g,Press Conference: Iowa vs. Virginia Postgame (2026 Women's Second Round),2026-02-27T02:57:40Z,345,17,
2026-03-23T21:28:47+00:00,q7oYm4P9UKc,UCKjEtnnXEHsXE9IvCb92V7g,100 gorillas vs. Florida Final Boss? 🦍🐊 #shorts,2026-03-23T03:39:28Z,40927,436,32
2026-03-23T21:28:47+00:00,gRNQkeddOeo,UCKjEtnnXEHsXE9IvCb92V7g,“I would light this thing on fire” 🔥🤣,2026-03-23T02:03:26Z,7557,272,6
2026-03-23T21:28:47+00:00,a8PrkqVWt_s,UCKjEtnnXEHsXE9IvCb92V7g,Tony Delk breaks down the difference in the 2025 and 2026 Florida guards. #MarchMadness,2026-03-23T01:13:03Z,2295,13,1
2026-03-23T21:29:18+00:00,5U9VcRyi99A,UCKjEtnnXEHsXE9IvCb92V7g,Press Conference: Iowa vs. Virginia Postgame (2026 Women's Second Round),2026-02-27T02:57:40Z,346,17,
2026-03-23T21:29:18+00:00,q7oYm4P9UKc,UCKjEtnnXEHsXE9IvCb92V7g,100 gorillas vs. Florida Final Boss? 🦍🐊 #shorts,2026-03-23T03:39:28Z,40927,436,32
2026-03-23T21:29:18+00:00,gRNQkeddOeo,UCKjEtnnXEHsXE9IvCb92V7g,“I would light this thing on fire” 🔥🤣,2026-03-23T02:03:26Z,7572,272,6
2026-03-23T21:29:18+00:00,a8PrkqVWt_s,UCKjEtnnXEHsXE9IvCb92V7g,Tony Delk breaks down the difference in the 2025 and 2026 Florida guards. #MarchMadness,2026-03-23T01:13:03Z,2295,13,1
2026-03-23T21:29:49+00:00,5U9VcRyi99A,UCKjEtnnXEHsXE9IvCb92V7g,Press Conference: Iowa vs. Virginia Postgame (2026 Women's Second Round),2026-02-27T02:57:40Z,352,17,
2026-03-23T21:29:49+00:00,q7oYm4P9UKc,UCKjEtnnXEHsXE9IvCb92V7g,100 gorillas vs. Florida Final Boss? 🦍🐊 #shorts,2026-03-23T03:39:28Z,40927,437,32
2026-03-23T21:29:49+00:00,gRNQkeddOeo,UCKjEtnnXEHsXE9IvCb92V7g,“I would light this thing on fire” 🔥🤣,2026-03-23T02:03:26Z,7572,272,6
2026-03-23T21:29:49+00:00,a8PrkqVWt_s,UCKjEtnnXEHsXE9IvCb92V7g,Tony Delk breaks down the difference in the 2025 and 2026 Florida guards. #MarchMadness,2026-03-23T01:13:03Z,2295,13,1
2026-03-23T21:30:20+00:00,5U9VcRyi99A,UCKjEtnnXEHsXE9IvCb92V7g,Press Conference: Iowa vs. Virginia Postgame (2026 Women's Second Round),2026-02-27T02:57:40Z,364,17,
2026-03-23T21:30:20+00:00,q7oYm4P9UKc,UCKjEtnnXEHsXE9IvCb92V7g,100 gorillas vs. Florida Final Boss? 🦍🐊 #shorts,2026-03-23T03:39:28Z,40927,436,32
2026-03-23T21:30:20+00:00,gRNQkeddOeo,UCKjEtnnXEHsXE9IvCb92V7g,“I would light this thing on fire” 🔥🤣,2026-03-23T02:03:26Z,7572,272,6
2026-03-23T21:30:20+00:00,a8PrkqVWt_s,UCKjEtnnXEHsXE9IvCb92V7g,Tony Delk breaks down the difference in the 2025 and 2026 Florida guards. #MarchMadness,2026-03-23T01:13:03Z,2295,13,1
2026-03-23T21:30:51+00:00,5U9VcRyi99A,UCKjEtnnXEHsXE9IvCb92V7g,Press Conference: Iowa vs. Virginia Postgame (2026 Women's Second Round),2026-02-27T02:57:40Z,364,18,
2026-03-23T21:30:51+00:00,q7oYm4P9UKc,UCKjEtnnXEHsXE9IvCb92V7g,100 gorillas vs. Florida Final Boss? 🦍🐊 #shorts,2026-03-23T03:39:28Z,40927,436,32
2026-03-23T21:30:51+00:00,gRNQkeddOeo,UCKjEtnnXEHsXE9IvCb92V7g,“I would light this thing on fire” 🔥🤣,2026-03-23T02:03:26Z,7572,272,6
2026-03-23T21:30:51+00:00,a8PrkqVWt_s,UCKjEtnnXEHsXE9IvCb92V7g,Tony Delk breaks down the difference in the 2025 and 2026 Florida guards. #MarchMadness,2026-03-23T01:13:03Z,2295,13,1
2026-03-23T21:31:21+00:00,5U9VcRyi99A,UCKjEtnnXEHsXE9IvCb92V7g,Press Conference: Iowa vs. Virginia Postgame (2026 Women's Second Round),2026-02-27T02:57:40Z,368,18,
2026-03-23T21:31:21+00:00,q7oYm4P9UKc,UCKjEtnnXEHsXE9IvCb92V7g,100 gorillas vs. Florida Final Boss? 🦍🐊 #shorts,2026-03-23T03:39:28Z,40927,436,32
2026-03-23T21:31:21+00:00,gRNQkeddOeo,UCKjEtnnXEHsXE9IvCb92V7g,“I would light this thing on fire” 🔥🤣,2026-03-23T02:03:26Z,7572,272,6
2026-03-23T21:31:21+00:00,a8PrkqVWt_s,UCKjEtnnXEHsXE9IvCb92V7g,Tony Delk breaks down the difference in the 2025 and 2026 Florida guards. #MarchMadness,2026-03-23T01:13:03Z,2297,13,1
2026-03-23T21:31:52+00:00,5U9VcRyi99A,UCKjEtnnXEHsXE9IvCb92V7g,Press Conference: Iowa vs. Virginia Postgame (2026 Women's Second Round),2026-02-27T02:57:40Z,379,19,
2026-03-23T21:31:52+00:00,q7oYm4P9UKc,UCKjEtnnXEHsXE9IvCb92V7g,100 gorillas vs. Florida Final Boss? 🦍🐊 #shorts,2026-03-23T03:39:28Z,41063,436,32
2026-03-23T21:31:52+00:00,gRNQkeddOeo,UCKjEtnnXEHsXE9IvCb92V7g,“I would light this thing on fire” 🔥🤣,2026-03-23T02:03:26Z,7572,272,6
2026-03-23T21:31:52+00:00,a8PrkqVWt_s,UCKjEtnnXEHsXE9IvCb92V7g,Tony Delk breaks down the difference in the 2025 and 2026 Florida guards. #MarchMadness,2026-03-23T01:13:03Z,2297,13,1
2026-03-23T21:32:23+00:00,5U9VcRyi99A,UCKjEtnnXEHsXE9IvCb92V7g,Press Conference: Iowa vs. Virginia Postgame (2026 Women's Second Round),2026-02-27T02:57:40Z,385,19,
2026-03-23T21:32:23+00:00,q7oYm4P9UKc,UCKjEtnnXEHsXE9IvCb92V7g,100 gorillas vs. Florida Final Boss? 🦍🐊 #shorts,2026-03-23T03:39:28Z,41063,437,32
2026-03-23T21:32:23+00:00,gRNQkeddOeo,UCKjEtnnXEHsXE9IvCb92V7g,“I would light this thing on fire” 🔥🤣,2026-03-23T02:03:26Z,7572,272,6
2026-03-23T21:32:23+00:00,a8PrkqVWt_s,UCKjEtnnXEHsXE9IvCb92V7g,Tony Delk breaks down the difference in the 2025 and 2026 Florida guards. #MarchMadness,2026-03-23T01:13:03Z,2297,13,1
2026-03-23T21:32:53+00:00,5U9VcRyi99A,UCKjEtnnXEHsXE9IvCb92V7g,Press Conference: Iowa vs. Virginia Postgame (2026 Women's Second Round),2026-02-27T02:57:40Z,388,19,
2026-03-23T21:32:53+00:00,q7oYm4P9UKc,UCKjEtnnXEHsXE9IvCb92V7g,100 gorillas vs. Florida Final Boss? 🦍🐊 #shorts,2026-03-23T03:39:28Z,41063,437,32
2026-03-23T21:32:53+00:00,gRNQkeddOeo,UCKjEtnnXEHsXE9IvCb92V7g,“I would light this thing on fire” 🔥🤣,2026-03-23T02:03:26Z,7572,272,6
2026-03-23T21:32:53+00:00,a8PrkqVWt_s,UCKjEtnnXEHsXE9IvCb92V7g,Tony Delk breaks down the difference in the 2025 and 2026 Florida guards. #MarchMadness,2026-03-23T01:13:03Z,2297,13,1
2026-03-23T21:33:24+00:00,5U9VcRyi99A,UCKjEtnnXEHsXE9IvCb92V7g,Press Conference: Iowa vs. Virginia Postgame (2026 Women's Second Round),2026-02-27T02:57:40Z,391,20,
2026-03-23T21:33:24+00:00,q7oYm4P9UKc,UCKjEtnnXEHsXE9IvCb92V7g,100 gorillas vs. Florida Final Boss? 🦍🐊 #shorts,2026-03-23T03:39:28Z,41063,437,32
2026-03-23T21:33:24+00:00,gRNQkeddOeo,UCKjEtnnXEHsXE9IvCb92V7g,“I would light this thing on fire” 🔥🤣,2026-03-23T02:03:26Z,7572,272,6
2026-03-23T21:33:24+00:00,a8PrkqVWt_s,UCKjEtnnXEHsXE9IvCb92V7g,Tony Delk breaks down the difference in the 2025 and 2026 Florida guards. #MarchMadness,2026-03-23T01:13:03Z,2297,13,1
2026-03-23T21:33:55+00:00,5U9VcRyi99A,UCKjEtnnXEHsXE9IvCb92V7g,Press Conference: Iowa vs. Virginia Postgame (2026 Women's Second Round),2026-02-27T02:57:40Z,397,20,
2026-03-23T21:33:55+00:00,q7oYm4P9UKc,UCKjEtnnXEHsXE9IvCb92V7g,100 gorillas vs. Florida Final Boss? 🦍🐊 #shorts,2026-03-23T03:39:28Z,41063,437,32
2026-03-23T21:33:55+00:00,gRNQkeddOeo,UCKjEtnnXEHsXE9IvCb92V7g,“I would light this thing on fire” 🔥🤣,2026-03-23T02:03:26Z,7572,272,6
2026-03-23T21:33:55+00:00,a8PrkqVWt_s,UCKjEtnnXEHsXE9IvCb92V7g,Tony Delk breaks down the difference in the 2025 and 2026 Florida guards. #MarchMadness,2026-03-23T01:13:03Z,2297,13,1
2026-03-23T21:34:26+00:00,5U9VcRyi99A,UCKjEtnnXEHsXE9IvCb92V7g,Press Conference: Iowa vs. Virginia Postgame (2026 Women's Second Round),2026-02-27T02:57:40Z,406,20,
2026-03-23T21:34:26+00:00,q7oYm4P9UKc,UCKjEtnnXEHsXE9IvCb92V7g,100 gorillas vs. Florida Final Boss? 🦍🐊 #shorts,2026-03-23T03:39:28Z,41063,437,32
2026-03-23T21:34:26+00:00,gRNQkeddOeo,UCKjEtnnXEHsXE9IvCb92V7g,“I would light this thing on fire” 🔥🤣,2026-03-23T02:03:26Z,7587,272,6
2026-03-23T21:34:26+00:00,a8PrkqVWt_s,UCKjEtnnXEHsXE9IvCb92V7g,Tony Delk breaks down the difference in the 2025 and 2026 Florida guards. #MarchMadness,2026-03-23T01:13:03Z,2297,13,1
2026-03-23T21:34:56+00:00,5U9VcRyi99A,UCKjEtnnXEHsXE9IvCb92V7g,Press Conference: Iowa vs. Virginia Postgame (2026 Women's Second Round),2026-02-27T02:57:40Z,414,20,
2026-03-23T21:34:56+00:00,q7oYm4P9UKc,UCKjEtnnXEHsXE9IvCb92V7g,100 gorillas vs. Florida Final Boss? 🦍🐊 #shorts,2026-03-23T03:39:28Z,41063,437,32
2026-03-23T21:34:56+00:00,gRNQkeddOeo,UCKjEtnnXEHsXE9IvCb92V7g,“I would light this thing on fire” 🔥🤣,2026-03-23T02:03:26Z,7587,272,6
2026-03-23T21:34:56+00:00,a8PrkqVWt_s,UCKjEtnnXEHsXE9IvCb92V7g,Tony Delk breaks down the difference in the 2025 and 2026 Florida guards. #MarchMadness,2026-03-23T01:13:03Z,2297,13,1
2026-03-23T21:35:27+00:00,5U9VcRyi99A,UCKjEtnnXEHsXE9IvCb92V7g,Press Conference: Iowa vs. Virginia Postgame (2026 Women's Second Round),2026-02-27T02:57:40Z,422,20,
2026-03-23T21:35:27+00:00,q7oYm4P9UKc,UCKjEtnnXEHsXE9IvCb92V7g,100 gorillas vs. Florida Final Boss? 🦍🐊 #shorts,2026-03-23T03:39:28Z,41063,437,32
2026-03-23T21:35:27+00:00,gRNQkeddOeo,UCKjEtnnXEHsXE9IvCb92V7g,“I would light this thing on fire” 🔥🤣,2026-03-23T02:03:26Z,7587,272,6
2026-03-23T21:35:27+00:00,a8PrkqVWt_s,UCKjEtnnXEHsXE9IvCb92V7g,Tony Delk breaks down the difference in the 2025 and 2026 Florida guards. #MarchMadness,2026-03-23T01:13:03Z,2297,13,1
2026-03-23T21:35:58+00:00,5U9VcRyi99A,UCKjEtnnXEHsXE9IvCb92V7g,Press Conference: Iowa vs. Virginia Postgame (2026 Women's Second Round),2026-02-27T02:57:40Z,424,20,
2026-03-23T21:35:58+00:00,q7oYm4P9UKc,UCKjEtnnXEHsXE9IvCb92V7g,100 gorillas vs. Florida Final Boss? 🦍🐊 #shorts,2026-03-23T03:39:28Z,41063,438,32
2026-03-23T21:35:58+00:00,gRNQkeddOeo,UCKjEtnnXEHsXE9IvCb92V7g,“I would light this thing on fire” 🔥🤣,2026-03-23T02:03:26Z,7587,272,6
2026-03-23T21:35:58+00:00,a8PrkqVWt_s,UCKjEtnnXEHsXE9IvCb92V7g,Tony Delk breaks down the difference in the 2025 and 2026 Florida guards. #MarchMadness,2026-03-23T01:13:03Z,2297,13,1
2026-03-23T21:36:28+00:00,5U9VcRyi99A,UCKjEtnnXEHsXE9IvCb92V7g,Press Conference: Iowa vs. Virginia Postgame (2026 Women's Second Round),2026-02-27T02:57:40Z,428,20,
2026-03-23T21:36:28+00:00,q7oYm4P9UKc,UCKjEtnnXEHsXE9IvCb92V7g,100 gorillas vs. Florida Final Boss? 🦍🐊 #shorts,2026-03-23T03:39:28Z,41203,438,32
2026-03-23T21:36:28+00:00,gRNQkeddOeo,UCKjEtnnXEHsXE9IvCb92V7g,“I would light this thing on fire” 🔥🤣,2026-03-23T02:03:26Z,7587,272,6
2026-03-23T21:36:28+00:00,a8PrkqVWt_s,UCKjEtnnXEHsXE9IvCb92V7g,Tony Delk breaks down the difference in the 2025 and 2026 Florida guards. #MarchMadness,2026-03-23T01:13:03Z,2302,13,1
2026-03-23T21:36:59+00:00,5U9VcRyi99A,UCKjEtnnXEHsXE9IvCb92V7g,Press Conference: Iowa vs. Virginia Postgame (2026 Women's Second Round),2026-02-27T02:57:40Z,433,20,
2026-03-23T21:36:59+00:00,q7oYm4P9UKc,UCKjEtnnXEHsXE9IvCb92V7g,100 gorillas vs. Florida Final Boss? 🦍🐊 #shorts,2026-03-23T03:39:28Z,41203,438,32
2026-03-23T21:36:59+00:00,gRNQkeddOeo,UCKjEtnnXEHsXE9IvCb92V7g,“I would light this thing on fire” 🔥🤣,2026-03-23T02:03:26Z,7587,272,6
2026-03-23T21:36:59+00:00,a8PrkqVWt_s,UCKjEtnnXEHsXE9IvCb92V7g,Tony Delk breaks down the difference in the 2025 and 2026 Florida guards. #MarchMadness,2026-03-23T01:13:03Z,2302,13,1
2026-03-23T21:37:30+00:00,5U9VcRyi99A,UCKjEtnnXEHsXE9IvCb92V7g,Press Conference: Iowa vs. Virginia Postgame (2026 Women's Second Round),2026-02-27T02:57:40Z,436,20,
2026-03-23T21:37:30+00:00,q7oYm4P9UKc,UCKjEtnnXEHsXE9IvCb92V7g,100 gorillas vs. Florida Final Boss? 🦍🐊 #shorts,2026-03-23T03:39:28Z,41203,439,32
2026-03-23T21:37:30+00:00,gRNQkeddOeo,UCKjEtnnXEHsXE9IvCb92V7g,“I would light this thing on fire” 🔥🤣,2026-03-23T02:03:26Z,7587,272,6
2026-03-23T21:37:30+00:00,a8PrkqVWt_s,UCKjEtnnXEHsXE9IvCb92V7g,Tony Delk breaks down the difference in the 2025 and 2026 Florida guards. #MarchMadness,2026-03-23T01:13:03Z,2302,13,1
2026-03-23T21:38:00+00:00,5U9VcRyi99A,UCKjEtnnXEHsXE9IvCb92V7g,Press Conference: Iowa vs. Virginia Postgame (2026 Women's Second Round),2026-02-27T02:57:40Z,439,20,
2026-03-23T21:38:00+00:00,q7oYm4P9UKc,UCKjEtnnXEHsXE9IvCb92V7g,100 gorillas vs. Florida Final Boss? 🦍🐊 #shorts,2026-03-23T03:39:28Z,41203,439,32
2026-03-23T21:38:00+00:00,gRNQkeddOeo,UCKjEtnnXEHsXE9IvCb92V7g,“I would light this thing on fire” 🔥🤣,2026-03-23T02:03:26Z,7587,273,6
2026-03-23T21:38:00+00:00,a8PrkqVWt_s,UCKjEtnnXEHsXE9IvCb92V7g,Tony Delk breaks down the difference in the 2025 and 2026 Florida guards. #MarchMadness,2026-03-23T01:13:03Z,2302,13,1
2026-03-23T21:38:31+00:00,5U9VcRyi99A,UCKjEtnnXEHsXE9IvCb92V7g,Press Conference: Iowa vs. Virginia Postgame (2026 Women's Second Round),2026-02-27T02:57:40Z,445,20,
2026-03-23T21:38:31+00:00,q7oYm4P9UKc,UCKjEtnnXEHsXE9IvCb92V7g,100 gorillas vs. Florida Final Boss? 🦍🐊 #shorts,2026-03-23T03:39:28Z,41203,439,32
2026-03-23T21:38:31+00:00,gRNQkeddOeo,UCKjEtnnXEHsXE9IvCb92V7g,“I would light this thing on fire” 🔥🤣,2026-03-23T02:03:26Z,7587,273,6
2026-03-23T21:38:31+00:00,a8PrkqVWt_s,UCKjEtnnXEHsXE9IvCb92V7g,Tony Delk breaks down the difference in the 2025 and 2026 Florida guards. #MarchMadness,2026-03-23T01:13:03Z,2302,13,1
2026-03-23T21:39:01+00:00,5U9VcRyi99A,UCKjEtnnXEHsXE9IvCb92V7g,Press Conference: Iowa vs. Virginia Postgame (2026 Women's Second Round),2026-02-27T02:57:40Z,449,20,
2026-03-23T21:39:01+00:00,q7oYm4P9UKc,UCKjEtnnXEHsXE9IvCb92V7g,100 gorillas vs. Florida Final Boss? 🦍🐊 #shorts,2026-03-23T03:39:28Z,41203,439,33
2026-03-23T21:39:01+00:00,gRNQkeddOeo,UCKjEtnnXEHsXE9IvCb92V7g,“I would light this thing on fire” 🔥🤣,2026-03-23T02:03:26Z,7587,273,6
2026-03-23T21:39:01+00:00,a8PrkqVWt_s,UCKjEtnnXEHsXE9IvCb92V7g,Tony Delk breaks down the difference in the 2025 and 2026 Florida guards. #MarchMadness,2026-03-23T01:13:03Z,2302,13,1
2026-03-23T21:39:32+00:00,5U9VcRyi99A,UCKjEtnnXEHsXE9IvCb92V7g,Press Conference: Iowa vs. Virginia Postgame (2026 Women's Second Round),2026-02-27T02:57:40Z,456,20,
2026-03-23T21:39:32+00:00,q7oYm4P9UKc,UCKjEtnnXEHsXE9IvCb92V7g,100 gorillas vs. Florida Final Boss? 🦍🐊 #shorts,2026-03-23T03:39:28Z,41203,440,33
2026-03-23T21:39:32+00:00,gRNQkeddOeo,UCKjEtnnXEHsXE9IvCb92V7g,“I would light this thing on fire” 🔥🤣,2026-03-23T02:03:26Z,7609,273,6
2026-03-23T21:39:32+00:00,a8PrkqVWt_s,UCKjEtnnXEHsXE9IvCb92V7g,Tony Delk breaks down the difference in the 2025 and 2026 Florida guards. #MarchMadness,2026-03-23T01:13:03Z,2302,13,1
2026-03-23T21:40:02+00:00,5U9VcRyi99A,UCKjEtnnXEHsXE9IvCb92V7g,Press Conference: Iowa vs. Virginia Postgame (2026 Women's Second Round),2026-02-27T02:57:40Z,456,20,
2026-03-23T21:40:02+00:00,q7oYm4P9UKc,UCKjEtnnXEHsXE9IvCb92V7g,100 gorillas vs. Florida Final Boss? 🦍🐊 #shorts,2026-03-23T03:39:28Z,41203,440,33
2026-03-23T21:40:02+00:00,gRNQkeddOeo,UCKjEtnnXEHsXE9IvCb92V7g,“I would light this thing on fire” 🔥🤣,2026-03-23T02:03:26Z,7609,273,6
2026-03-23T21:40:02+00:00,a8PrkqVWt_s,UCKjEtnnXEHsXE9IvCb92V7g,Tony Delk breaks down the difference in the 2025 and 2026 Florida guards. #MarchMadness,2026-03-23T01:13:03Z,2302,13,1
2026-03-23T21:40:33+00:00,5U9VcRyi99A,UCKjEtnnXEHsXE9IvCb92V7g,Press Conference: Iowa vs. Virginia Postgame (2026 Women's Second Round),2026-02-27T02:57:40Z,460,20,
2026-03-23T21:40:33+00:00,q7oYm4P9UKc,UCKjEtnnXEHsXE9IvCb92V7g,100 gorillas vs. Florida Final Boss? 🦍🐊 #shorts,2026-03-23T03:39:28Z,41203,440,33
2026-03-23T21:40:33+00:00,gRNQkeddOeo,UCKjEtnnXEHsXE9IvCb92V7g,“I would light this thing on fire” 🔥🤣,2026-03-23T02:03:26Z,7609,273,6
2026-03-23T21:40:33+00:00,a8PrkqVWt_s,UCKjEtnnXEHsXE9IvCb92V7g,Tony Delk breaks down the difference in the 2025 and 2026 Florida guards. #MarchMadness,2026-03-23T01:13:03Z,2302,13,1
2026-03-23T21:41:04+00:00,5U9VcRyi99A,UCKjEtnnXEHsXE9IvCb92V7g,Press Conference: Iowa vs. Virginia Postgame (2026 Women's Second Round),2026-02-27T02:57:40Z,464,20,
2026-03-23T21:41:04+00:00,q7oYm4P9UKc,UCKjEtnnXEHsXE9IvCb92V7g,100 gorillas vs. Florida Final Boss? 🦍🐊 #shorts,2026-03-23T03:39:28Z,41395,440,33
2026-03-23T21:41:04+00:00,gRNQkeddOeo,UCKjEtnnXEHsXE9IvCb92V7g,“I would light this thing on fire” 🔥🤣,2026-03-23T02:03:26Z,7609,273,6
2026-03-23T21:41:04+00:00,a8PrkqVWt_s,UCKjEtnnXEHsXE9IvCb92V7g,Tony Delk breaks down the difference in the 2025 and 2026 Florida guards. #MarchMadness,2026-03-23T01:13:03Z,2302,13,1
2026-03-23T21:41:35+00:00,5U9VcRyi99A,UCKjEtnnXEHsXE9IvCb92V7g,Press Conference: Iowa vs. Virginia Postgame (2026 Women's Second Round),2026-02-27T02:57:40Z,465,20,
2026-03-23T21:41:35+00:00,q7oYm4P9UKc,UCKjEtnnXEHsXE9IvCb92V7g,100 gorillas vs. Florida Final Boss? 🦍🐊 #shorts,2026-03-23T03:39:28Z,41395,440,33
2026-03-23T21:41:35+00:00,gRNQkeddOeo,UCKjEtnnXEHsXE9IvCb92V7g,“I would light this thing on fire” 🔥🤣,2026-03-23T02:03:26Z,7609,273,6
2026-03-23T21:41:35+00:00,a8PrkqVWt_s,UCKjEtnnXEHsXE9IvCb92V7g,Tony Delk breaks down the difference in the 2025 and 2026 Florida guards. #MarchMadness,2026-03-23T01:13:03Z,2305,13,1
2026-03-23T21:42:06+00:00,q7oYm4P9UKc,UCKjEtnnXEHsXE9IvCb92V7g,100 gorillas vs. Florida Final Boss? 🦍🐊 #shorts,2026-03-23T03:39:28Z,41395,440,33
2026-03-23T21:42:06+00:00,gRNQkeddOeo,UCKjEtnnXEHsXE9IvCb92V7g,“I would light this thing on fire” 🔥🤣,2026-03-23T02:03:26Z,7609,273,6
2026-03-23T21:42:06+00:00,a8PrkqVWt_s,UCKjEtnnXEHsXE9IvCb92V7g,Tony Delk breaks down the difference in the 2025 and 2026 Florida guards. #MarchMadness,2026-03-23T01:13:03Z,2305,13,1
2026-03-23T21:42:37+00:00,q7oYm4P9UKc,UCKjEtnnXEHsXE9IvCb92V7g,100 gorillas vs. Florida Final Boss? 🦍🐊 #shorts,2026-03-23T03:39:28Z,41395,440,33
2026-03-23T21:42:37+00:00,gRNQkeddOeo,UCKjEtnnXEHsXE9IvCb92V7g,“I would light this thing on fire” 🔥🤣,2026-03-23T02:03:26Z,7609,273,6
2026-03-23T21:42:37+00:00,a8PrkqVWt_s,UCKjEtnnXEHsXE9IvCb92V7g,Tony Delk breaks down the difference in the 2025 and 2026 Florida guards. #MarchMadness,2026-03-23T01:13:03Z,2305,13,1
2026-03-23T21:43:08+00:00,q7oYm4P9UKc,UCKjEtnnXEHsXE9IvCb92V7g,100 gorillas vs. Florida Final Boss? 🦍🐊 #shorts,2026-03-23T03:39:28Z,41395,441,33
2026-03-23T21:43:08+00:00,gRNQkeddOeo,UCKjEtnnXEHsXE9IvCb92V7g,“I would light this thing on fire” 🔥🤣,2026-03-23T02:03:26Z,7609,274,6
2026-03-23T21:43:08+00:00,a8PrkqVWt_s,UCKjEtnnXEHsXE9IvCb92V7g,Tony Delk breaks down the difference in the 2025 and 2026 Florida guards. #MarchMadness,2026-03-23T01:13:03Z,2305,13,1
2026-03-23T21:43:38+00:00,q7oYm4P9UKc,UCKjEtnnXEHsXE9IvCb92V7g,100 gorillas vs. Florida Final Boss? 🦍🐊 #shorts,2026-03-23T03:39:28Z,41395,441,33
2026-03-23T21:43:38+00:00,gRNQkeddOeo,UCKjEtnnXEHsXE9IvCb92V7g,“I would light this thing on fire” 🔥🤣,2026-03-23T02:03:26Z,7609,274,6
2026-03-23T21:43:38+00:00,a8PrkqVWt_s,UCKjEtnnXEHsXE9IvCb92V7g,Tony Delk breaks down the difference in the 2025 and 2026 Florida guards. #MarchMadness,2026-03-23T01:13:03Z,2305,13,1
2026-03-23T21:44:09+00:00,q7oYm4P9UKc,UCKjEtnnXEHsXE9IvCb92V7g,100 gorillas vs. Florida Final Boss? 🦍🐊 #shorts,2026-03-23T03:39:28Z,41395,441,33
2026-03-23T21:44:09+00:00,gRNQkeddOeo,UCKjEtnnXEHsXE9IvCb92V7g,“I would light this thing on fire” 🔥🤣,2026-03-23T02:03:26Z,7631,274,6
2026-03-23T21:44:09+00:00,a8PrkqVWt_s,UCKjEtnnXEHsXE9IvCb92V7g,Tony Delk breaks down the difference in the 2025 and 2026 Florida guards. #MarchMadness,2026-03-23T01:13:03Z,2305,13,1
2026-03-23T21:44:40+00:00,q7oYm4P9UKc,UCKjEtnnXEHsXE9IvCb92V7g,100 gorillas vs. Florida Final Boss? 🦍🐊 #shorts,2026-03-23T03:39:28Z,41395,441,33
2026-03-23T21:44:40+00:00,gRNQkeddOeo,UCKjEtnnXEHsXE9IvCb92V7g,“I would light this thing on fire” 🔥🤣,2026-03-23T02:03:26Z,7631,274,6
2026-03-23T21:44:40+00:00,a8PrkqVWt_s,UCKjEtnnXEHsXE9IvCb92V7g,Tony Delk breaks down the difference in the 2025 and 2026 Florida guards. #MarchMadness,2026-03-23T01:13:03Z,2305,13,1
2026-03-23T21:45:11+00:00,q7oYm4P9UKc,UCKjEtnnXEHsXE9IvCb92V7g,100 gorillas vs. Florida Final Boss? 🦍🐊 #shorts,2026-03-23T03:39:28Z,41395,441,33
2026-03-23T21:45:11+00:00,gRNQkeddOeo,UCKjEtnnXEHsXE9IvCb92V7g,“I would light this thing on fire” 🔥🤣,2026-03-23T02:03:26Z,7631,274,6
2026-03-23T21:45:11+00:00,a8PrkqVWt_s,UCKjEtnnXEHsXE9IvCb92V7g,Tony Delk breaks down the difference in the 2025 and 2026 Florida guards. #MarchMadness,2026-03-23T01:13:03Z,2305,13,1
2026-03-23T21:45:42+00:00,q7oYm4P9UKc,UCKjEtnnXEHsXE9IvCb92V7g,100 gorillas vs. Florida Final Boss? 🦍🐊 #shorts,2026-03-23T03:39:28Z,41395,441,33
2026-03-23T21:45:42+00:00,gRNQkeddOeo,UCKjEtnnXEHsXE9IvCb92V7g,“I would light this thing on fire” 🔥🤣,2026-03-23T02:03:26Z,7631,274,6
2026-03-23T21:45:42+00:00,a8PrkqVWt_s,UCKjEtnnXEHsXE9IvCb92V7g,Tony Delk breaks down the difference in the 2025 and 2026 Florida guards. #MarchMadness,2026-03-23T01:13:03Z,2305,13,1
2026-03-23T21:46:13+00:00,q7oYm4P9UKc,UCKjEtnnXEHsXE9IvCb92V7g,100 gorillas vs. Florida Final Boss? 🦍🐊 #shorts,2026-03-23T03:39:28Z,41556,443,33
2026-03-23T21:46:13+00:00,gRNQkeddOeo,UCKjEtnnXEHsXE9IvCb92V7g,“I would light this thing on fire” 🔥🤣,2026-03-23T02:03:26Z,7631,274,6
2026-03-23T21:46:13+00:00,a8PrkqVWt_s,UCKjEtnnXEHsXE9IvCb92V7g,Tony Delk breaks down the difference in the 2025 and 2026 Florida guards. #MarchMadness,2026-03-23T01:13:03Z,2305,13,1
2026-03-23T21:46:44+00:00,q7oYm4P9UKc,UCKjEtnnXEHsXE9IvCb92V7g,100 gorillas vs. Florida Final Boss? 🦍🐊 #shorts,2026-03-23T03:39:28Z,41556,443,33
2026-03-23T21:46:44+00:00,gRNQkeddOeo,UCKjEtnnXEHsXE9IvCb92V7g,“I would light this thing on fire” 🔥🤣,2026-03-23T02:03:26Z,7631,274,6
2026-03-23T21:46:44+00:00,a8PrkqVWt_s,UCKjEtnnXEHsXE9IvCb92V7g,Tony Delk breaks down the difference in the 2025 and 2026 Florida guards. #MarchMadness,2026-03-23T01:13:03Z,2307,13,1
2026-03-23T21:47:14+00:00,q7oYm4P9UKc,UCKjEtnnXEHsXE9IvCb92V7g,100 gorillas vs. Florida Final Boss? 🦍🐊 #shorts,2026-03-23T03:39:28Z,41556,443,33
2026-03-23T21:47:14+00:00,gRNQkeddOeo,UCKjEtnnXEHsXE9IvCb92V7g,“I would light this thing on fire” 🔥🤣,2026-03-23T02:03:26Z,7631,275,6
2026-03-23T21:47:14+00:00,a8PrkqVWt_s,UCKjEtnnXEHsXE9IvCb92V7g,Tony Delk breaks down the difference in the 2025 and 2026 Florida guards. #MarchMadness,2026-03-23T01:13:03Z,2307,13,1
2026-03-23T21:47:45+00:00,q7oYm4P9UKc,UCKjEtnnXEHsXE9IvCb92V7g,100 gorillas vs. Florida Final Boss? 🦍🐊 #shorts,2026-03-23T03:39:28Z,41556,443,33
2026-03-23T21:47:45+00:00,gRNQkeddOeo,UCKjEtnnXEHsXE9IvCb92V7g,“I would light this thing on fire” 🔥🤣,2026-03-23T02:03:26Z,7631,275,6
2026-03-23T21:47:45+00:00,a8PrkqVWt_s,UCKjEtnnXEHsXE9IvCb92V7g,Tony Delk breaks down the difference in the 2025 and 2026 Florida guards. #MarchMadness,2026-03-23T01:13:03Z,2307,13,1
2026-03-23T21:48:16+00:00,q7oYm4P9UKc,UCKjEtnnXEHsXE9IvCb92V7g,100 gorillas vs. Florida Final Boss? 🦍🐊 #shorts,2026-03-23T03:39:28Z,41556,443,33
2026-03-23T21:48:16+00:00,gRNQkeddOeo,UCKjEtnnXEHsXE9IvCb92V7g,“I would light this thing on fire” 🔥🤣,2026-03-23T02:03:26Z,7631,275,6
2026-03-23T21:48:16+00:00,a8PrkqVWt_s,UCKjEtnnXEHsXE9IvCb92V7g,Tony Delk breaks down the difference in the 2025 and 2026 Florida guards. #MarchMadness,2026-03-23T01:13:03Z,2307,13,1
2026-03-23T21:48:47+00:00,q7oYm4P9UKc,UCKjEtnnXEHsXE9IvCb92V7g,100 gorillas vs. Florida Final Boss? 🦍🐊 #shorts,2026-03-23T03:39:28Z,41556,443,33
2026-03-23T21:48:47+00:00,gRNQkeddOeo,UCKjEtnnXEHsXE9IvCb92V7g,“I would light this thing on fire” 🔥🤣,2026-03-23T02:03:26Z,7631,275,6
2026-03-23T21:48:47+00:00,a8PrkqVWt_s,UCKjEtnnXEHsXE9IvCb92V7g,Tony Delk breaks down the difference in the 2025 and 2026 Florida guards. #MarchMadness,2026-03-23T01:13:03Z,2307,13,1
2026-03-23T21:49:18+00:00,q7oYm4P9UKc,UCKjEtnnXEHsXE9IvCb92V7g,100 gorillas vs. Florida Final Boss? 🦍🐊 #shorts,2026-03-23T03:39:28Z,41556,443,33
2026-03-23T21:49:18+00:00,gRNQkeddOeo,UCKjEtnnXEHsXE9IvCb92V7g,“I would light this thing on fire” 🔥🤣,2026-03-23T02:03:26Z,7649,275,6
2026-03-23T21:49:18+00:00,a8PrkqVWt_s,UCKjEtnnXEHsXE9IvCb92V7g,Tony Delk breaks down the difference in the 2025 and 2026 Florida guards. #MarchMadness,2026-03-23T01:13:03Z,2307,13,1
2026-03-23T21:49:49+00:00,q7oYm4P9UKc,UCKjEtnnXEHsXE9IvCb92V7g,100 gorillas vs. Florida Final Boss? 🦍🐊 #shorts,2026-03-23T03:39:28Z,41556,444,33
2026-03-23T21:49:49+00:00,gRNQkeddOeo,UCKjEtnnXEHsXE9IvCb92V7g,“I would light this thing on fire” 🔥🤣,2026-03-23T02:03:26Z,7649,275,6
2026-03-23T21:49:49+00:00,a8PrkqVWt_s,UCKjEtnnXEHsXE9IvCb92V7g,Tony Delk breaks down the difference in the 2025 and 2026 Florida guards. #MarchMadness,2026-03-23T01:13:03Z,2307,13,1
2026-03-23T21:50:20+00:00,q7oYm4P9UKc,UCKjEtnnXEHsXE9IvCb92V7g,100 gorillas vs. Florida Final Boss? 🦍🐊 #shorts,2026-03-23T03:39:28Z,41556,444,33
2026-03-23T21:50:20+00:00,gRNQkeddOeo,UCKjEtnnXEHsXE9IvCb92V7g,“I would light this thing on fire” 🔥🤣,2026-03-23T02:03:26Z,7649,275,6
2026-03-23T21:50:20+00:00,a8PrkqVWt_s,UCKjEtnnXEHsXE9IvCb92V7g,Tony Delk breaks down the difference in the 2025 and 2026 Florida guards. #MarchMadness,2026-03-23T01:13:03Z,2307,13,1
2026-03-23T21:50:51+00:00,q7oYm4P9UKc,UCKjEtnnXEHsXE9IvCb92V7g,100 gorillas vs. Florida Final Boss? 🦍🐊 #shorts,2026-03-23T03:39:28Z,41556,444,33
2026-03-23T21:50:51+00:00,gRNQkeddOeo,UCKjEtnnXEHsXE9IvCb92V7g,“I would light this thing on fire” 🔥🤣,2026-03-23T02:03:26Z,7649,275,6
2026-03-23T21:50:51+00:00,a8PrkqVWt_s,UCKjEtnnXEHsXE9IvCb92V7g,Tony Delk breaks down the difference in the 2025 and 2026 Florida guards. #MarchMadness,2026-03-23T01:13:03Z,2307,13,1
2026-03-23T21:51:22+00:00,q7oYm4P9UKc,UCKjEtnnXEHsXE9IvCb92V7g,100 gorillas vs. Florida Final Boss? 🦍🐊 #shorts,2026-03-23T03:39:28Z,41556,443,33
2026-03-23T21:51:22+00:00,gRNQkeddOeo,UCKjEtnnXEHsXE9IvCb92V7g,“I would light this thing on fire” 🔥🤣,2026-03-23T02:03:26Z,7649,275,6
2026-03-23T21:51:22+00:00,a8PrkqVWt_s,UCKjEtnnXEHsXE9IvCb92V7g,Tony Delk breaks down the difference in the 2025 and 2026 Florida guards. #MarchMadness,2026-03-23T01:13:03Z,2311,13,1
2026-03-23T21:51:53+00:00,q7oYm4P9UKc,UCKjEtnnXEHsXE9IvCb92V7g,100 gorillas vs. Florida Final Boss? 🦍🐊 #shorts,2026-03-23T03:39:28Z,41694,442,33
2026-03-23T21:51:53+00:00,gRNQkeddOeo,UCKjEtnnXEHsXE9IvCb92V7g,“I would light this thing on fire” 🔥🤣,2026-03-23T02:03:26Z,7649,274,6
2026-03-23T21:51:53+00:00,a8PrkqVWt_s,UCKjEtnnXEHsXE9IvCb92V7g,Tony Delk breaks down the difference in the 2025 and 2026 Florida guards. #MarchMadness,2026-03-23T01:13:03Z,2311,13,1
2026-03-23T21:52:24+00:00,q7oYm4P9UKc,UCKjEtnnXEHsXE9IvCb92V7g,100 gorillas vs. Florida Final Boss? 🦍🐊 #shorts,2026-03-23T03:39:28Z,41694,443,33
2026-03-23T21:52:24+00:00,gRNQkeddOeo,UCKjEtnnXEHsXE9IvCb92V7g,“I would light this thing on fire” 🔥🤣,2026-03-23T02:03:26Z,7649,274,6
2026-03-23T21:52:24+00:00,a8PrkqVWt_s,UCKjEtnnXEHsXE9IvCb92V7g,Tony Delk breaks down the difference in the 2025 and 2026 Florida guards. #MarchMadness,2026-03-23T01:13:03Z,2311,13,1
2026-03-23T21:52:55+00:00,q7oYm4P9UKc,UCKjEtnnXEHsXE9IvCb92V7g,100 gorillas vs. Florida Final Boss? 🦍🐊 #shorts,2026-03-23T03:39:28Z,41694,443,33
2026-03-23T21:52:55+00:00,gRNQkeddOeo,UCKjEtnnXEHsXE9IvCb92V7g,“I would light this thing on fire” 🔥🤣,2026-03-23T02:03:26Z,7649,273,6
2026-03-23T21:52:55+00:00,a8PrkqVWt_s,UCKjEtnnXEHsXE9IvCb92V7g,Tony Delk breaks down the difference in the 2025 and 2026 Florida guards. #MarchMadness,2026-03-23T01:13:03Z,2311,13,1
2026-03-23T21:53:26+00:00,q7oYm4P9UKc,UCKjEtnnXEHsXE9IvCb92V7g,100 gorillas vs. Florida Final Boss? 🦍🐊 #shorts,2026-03-23T03:39:28Z,41694,443,33
2026-03-23T21:53:26+00:00,gRNQkeddOeo,UCKjEtnnXEHsXE9IvCb92V7g,“I would light this thing on fire” 🔥🤣,2026-03-23T02:03:26Z,7649,273,6
2026-03-23T21:53:26+00:00,a8PrkqVWt_s,UCKjEtnnXEHsXE9IvCb92V7g,Tony Delk breaks down the difference in the 2025 and 2026 Florida guards. #MarchMadness,2026-03-23T01:13:03Z,2311,13,1
2026-03-23T21:53:57+00:00,q7oYm4P9UKc,UCKjEtnnXEHsXE9IvCb92V7g,100 gorillas vs. Florida Final Boss? 🦍🐊 #shorts,2026-03-23T03:39:28Z,41694,443,33
2026-03-23T21:53:57+00:00,gRNQkeddOeo,UCKjEtnnXEHsXE9IvCb92V7g,“I would light this thing on fire” 🔥🤣,2026-03-23T02:03:26Z,7649,273,6
2026-03-23T21:53:57+00:00,a8PrkqVWt_s,UCKjEtnnXEHsXE9IvCb92V7g,Tony Delk breaks down the difference in the 2025 and 2026 Florida guards. #MarchMadness,2026-03-23T01:13:03Z,2311,13,1
2026-03-23T21:54:28+00:00,q7oYm4P9UKc,UCKjEtnnXEHsXE9IvCb92V7g,100 gorillas vs. Florida Final Boss? 🦍🐊 #shorts,2026-03-23T03:39:28Z,41694,444,33
2026-03-23T21:54:28+00:00,gRNQkeddOeo,UCKjEtnnXEHsXE9IvCb92V7g,“I would light this thing on fire” 🔥🤣,2026-03-23T02:03:26Z,7664,273,6
2026-03-23T21:54:28+00:00,a8PrkqVWt_s,UCKjEtnnXEHsXE9IvCb92V7g,Tony Delk breaks down the difference in the 2025 and 2026 Florida guards. #MarchMadness,2026-03-23T01:13:03Z,2311,13,1
2026-03-23T21:54:59+00:00,q7oYm4P9UKc,UCKjEtnnXEHsXE9IvCb92V7g,100 gorillas vs. Florida Final Boss? 🦍🐊 #shorts,2026-03-23T03:39:28Z,41694,444,33
2026-03-23T21:54:59+00:00,gRNQkeddOeo,UCKjEtnnXEHsXE9IvCb92V7g,“I would light this thing on fire” 🔥🤣,2026-03-23T02:03:26Z,7664,273,6
2026-03-23T21:54:59+00:00,a8PrkqVWt_s,UCKjEtnnXEHsXE9IvCb92V7g,Tony Delk breaks down the difference in the 2025 and 2026 Florida guards. #MarchMadness,2026-03-23T01:13:03Z,2311,13,1
2026-03-23T21:55:29+00:00,q7oYm4P9UKc,UCKjEtnnXEHsXE9IvCb92V7g,100 gorillas vs. Florida Final Boss? 🦍🐊 #shorts,2026-03-23T03:39:28Z,41694,444,33
2026-03-23T21:55:29+00:00,gRNQkeddOeo,UCKjEtnnXEHsXE9IvCb92V7g,“I would light this thing on fire” 🔥🤣,2026-03-23T02:03:26Z,7664,272,6
2026-03-23T21:55:29+00:00,a8PrkqVWt_s,UCKjEtnnXEHsXE9IvCb92V7g,Tony Delk breaks down the difference in the 2025 and 2026 Florida guards. #MarchMadness,2026-03-23T01:13:03Z,2311,13,1
2026-03-23T21:56:00+00:00,q7oYm4P9UKc,UCKjEtnnXEHsXE9IvCb92V7g,100 gorillas vs. Florida Final Boss? 🦍🐊 #shorts,2026-03-23T03:39:28Z,41694,444,33
2026-03-23T21:56:00+00:00,gRNQkeddOeo,UCKjEtnnXEHsXE9IvCb92V7g,“I would light this thing on fire” 🔥🤣,2026-03-23T02:03:26Z,7664,272,6
2026-03-23T21:56:00+00:00,a8PrkqVWt_s,UCKjEtnnXEHsXE9IvCb92V7g,Tony Delk breaks down the difference in the 2025 and 2026 Florida guards. #MarchMadness,2026-03-23T01:13:03Z,2311,13,1
2026-03-23T21:56:31+00:00,q7oYm4P9UKc,UCKjEtnnXEHsXE9IvCb92V7g,100 gorillas vs. Florida Final Boss? 🦍🐊 #shorts,2026-03-23T03:39:28Z,41824,444,33
2026-03-23T21:56:31+00:00,gRNQkeddOeo,UCKjEtnnXEHsXE9IvCb92V7g,“I would light this thing on fire” 🔥🤣,2026-03-23T02:03:26Z,7664,272,6
2026-03-23T21:56:31+00:00,a8PrkqVWt_s,UCKjEtnnXEHsXE9IvCb92V7g,Tony Delk breaks down the difference in the 2025 and 2026 Florida guards. #MarchMadness,2026-03-23T01:13:03Z,2315,13,1
2026-03-23T21:57:02+00:00,q7oYm4P9UKc,UCKjEtnnXEHsXE9IvCb92V7g,100 gorillas vs. Florida Final Boss? 🦍🐊 #shorts,2026-03-23T03:39:28Z,41824,444,33
2026-03-23T21:57:02+00:00,gRNQkeddOeo,UCKjEtnnXEHsXE9IvCb92V7g,“I would light this thing on fire” 🔥🤣,2026-03-23T02:03:26Z,7664,272,6
2026-03-23T21:57:02+00:00,a8PrkqVWt_s,UCKjEtnnXEHsXE9IvCb92V7g,Tony Delk breaks down the difference in the 2025 and 2026 Florida guards. #MarchMadness,2026-03-23T01:13:03Z,2315,13,1
2026-03-23T21:57:32+00:00,q7oYm4P9UKc,UCKjEtnnXEHsXE9IvCb92V7g,100 gorillas vs. Florida Final Boss? 🦍🐊 #shorts,2026-03-23T03:39:28Z,41824,444,33
2026-03-23T21:57:32+00:00,gRNQkeddOeo,UCKjEtnnXEHsXE9IvCb92V7g,“I would light this thing on fire” 🔥🤣,2026-03-23T02:03:26Z,7664,272,6
2026-03-23T21:57:32+00:00,a8PrkqVWt_s,UCKjEtnnXEHsXE9IvCb92V7g,Tony Delk breaks down the difference in the 2025 and 2026 Florida guards. #MarchMadness,2026-03-23T01:13:03Z,2315,13,1
2026-03-23T21:58:03+00:00,q7oYm4P9UKc,UCKjEtnnXEHsXE9IvCb92V7g,100 gorillas vs. Florida Final Boss? 🦍🐊 #shorts,2026-03-23T03:39:28Z,41824,445,33
2026-03-23T21:58:03+00:00,gRNQkeddOeo,UCKjEtnnXEHsXE9IvCb92V7g,“I would light this thing on fire” 🔥🤣,2026-03-23T02:03:26Z,7664,273,6
2026-03-23T21:58:03+00:00,a8PrkqVWt_s,UCKjEtnnXEHsXE9IvCb92V7g,Tony Delk breaks down the difference in the 2025 and 2026 Florida guards. #MarchMadness,2026-03-23T01:13:03Z,2315,13,1
2026-03-23T21:58:34+00:00,q7oYm4P9UKc,UCKjEtnnXEHsXE9IvCb92V7g,100 gorillas vs. Florida Final Boss? 🦍🐊 #shorts,2026-03-23T03:39:28Z,41824,447,33
2026-03-23T21:58:34+00:00,gRNQkeddOeo,UCKjEtnnXEHsXE9IvCb92V7g,“I would light this thing on fire” 🔥🤣,2026-03-23T02:03:26Z,7664,274,6
2026-03-23T21:58:34+00:00,a8PrkqVWt_s,UCKjEtnnXEHsXE9IvCb92V7g,Tony Delk breaks down the difference in the 2025 and 2026 Florida guards. #MarchMadness,2026-03-23T01:13:03Z,2315,13,1
2026-03-23T21:59:04+00:00,q7oYm4P9UKc,UCKjEtnnXEHsXE9IvCb92V7g,100 gorillas vs. Florida Final Boss? 🦍🐊 #shorts,2026-03-23T03:39:28Z,41824,448,33
2026-03-23T21:59:04+00:00,gRNQkeddOeo,UCKjEtnnXEHsXE9IvCb92V7g,“I would light this thing on fire” 🔥🤣,2026-03-23T02:03:26Z,7675,274,6
2026-03-23T21:59:04+00:00,a8PrkqVWt_s,UCKjEtnnXEHsXE9IvCb92V7g,Tony Delk breaks down the difference in the 2025 and 2026 Florida guards. #MarchMadness,2026-03-23T01:13:03Z,2315,13,1
2026-03-23T21:59:35+00:00,q7oYm4P9UKc,UCKjEtnnXEHsXE9IvCb92V7g,100 gorillas vs. Florida Final Boss? 🦍🐊 #shorts,2026-03-23T03:39:28Z,41824,448,33
2026-03-23T21:59:35+00:00,gRNQkeddOeo,UCKjEtnnXEHsXE9IvCb92V7g,“I would light this thing on fire” 🔥🤣,2026-03-23T02:03:26Z,7675,274,6
2026-03-23T21:59:35+00:00,a8PrkqVWt_s,UCKjEtnnXEHsXE9IvCb92V7g,Tony Delk breaks down the difference in the 2025 and 2026 Florida guards. #MarchMadness,2026-03-23T01:13:03Z,2315,13,1
2026-03-23T22:00:06+00:00,q7oYm4P9UKc,UCKjEtnnXEHsXE9IvCb92V7g,100 gorillas vs. Florida Final Boss? 🦍🐊 #shorts,2026-03-23T03:39:28Z,41824,448,33
2026-03-23T22:00:06+00:00,gRNQkeddOeo,UCKjEtnnXEHsXE9IvCb92V7g,“I would light this thing on fire” 🔥🤣,2026-03-23T02:03:26Z,7675,274,6
2026-03-23T22:00:06+00:00,a8PrkqVWt_s,UCKjEtnnXEHsXE9IvCb92V7g,Tony Delk breaks down the difference in the 2025 and 2026 Florida guards. #MarchMadness,2026-03-23T01:13:03Z,2315,13,1
2026-03-23T22:00:37+00:00,q7oYm4P9UKc,UCKjEtnnXEHsXE9IvCb92V7g,100 gorillas vs. Florida Final Boss? 🦍🐊 #shorts,2026-03-23T03:39:28Z,41824,450,33
2026-03-23T22:00:37+00:00,gRNQkeddOeo,UCKjEtnnXEHsXE9IvCb92V7g,“I would light this thing on fire” 🔥🤣,2026-03-23T02:03:26Z,7675,274,6
2026-03-23T22:00:37+00:00,a8PrkqVWt_s,UCKjEtnnXEHsXE9IvCb92V7g,Tony Delk breaks down the difference in the 2025 and 2026 Florida guards. #MarchMadness,2026-03-23T01:13:03Z,2315,13,1
2026-03-23T22:01:08+00:00,q7oYm4P9UKc,UCKjEtnnXEHsXE9IvCb92V7g,100 gorillas vs. Florida Final Boss? 🦍🐊 #shorts,2026-03-23T03:39:28Z,41824,450,33
2026-03-23T22:01:08+00:00,gRNQkeddOeo,UCKjEtnnXEHsXE9IvCb92V7g,“I would light this thing on fire” 🔥🤣,2026-03-23T02:03:26Z,7675,274,6
2026-03-23T22:01:08+00:00,a8PrkqVWt_s,UCKjEtnnXEHsXE9IvCb92V7g,Tony Delk breaks down the difference in the 2025 and 2026 Florida guards. #MarchMadness,2026-03-23T01:13:03Z,2315,13,1
2026-03-23T22:01:38+00:00,q7oYm4P9UKc,UCKjEtnnXEHsXE9IvCb92V7g,100 gorillas vs. Florida Final Boss? 🦍🐊 #shorts,2026-03-23T03:39:28Z,41954,451,33
2026-03-23T22:01:38+00:00,gRNQkeddOeo,UCKjEtnnXEHsXE9IvCb92V7g,“I would light this thing on fire” 🔥🤣,2026-03-23T02:03:26Z,7675,274,6
2026-03-23T22:01:38+00:00,a8PrkqVWt_s,UCKjEtnnXEHsXE9IvCb92V7g,Tony Delk breaks down the difference in the 2025 and 2026 Florida guards. #MarchMadness,2026-03-23T01:13:03Z,2315,13,1
2026-03-23T22:02:09+00:00,q7oYm4P9UKc,UCKjEtnnXEHsXE9IvCb92V7g,100 gorillas vs. Florida Final Boss? 🦍🐊 #shorts,2026-03-23T03:39:28Z,41954,452,33
2026-03-23T22:02:09+00:00,gRNQkeddOeo,UCKjEtnnXEHsXE9IvCb92V7g,“I would light this thing on fire” 🔥🤣,2026-03-23T02:03:26Z,7675,274,6
2026-03-23T22:02:09+00:00,a8PrkqVWt_s,UCKjEtnnXEHsXE9IvCb92V7g,Tony Delk breaks down the difference in the 2025 and 2026 Florida guards. #MarchMadness,2026-03-23T01:13:03Z,2316,14,1
2026-03-23T22:02:40+00:00,q7oYm4P9UKc,UCKjEtnnXEHsXE9IvCb92V7g,100 gorillas vs. Florida Final Boss? 🦍🐊 #shorts,2026-03-23T03:39:28Z,41954,453,33
2026-03-23T22:02:40+00:00,gRNQkeddOeo,UCKjEtnnXEHsXE9IvCb92V7g,“I would light this thing on fire” 🔥🤣,2026-03-23T02:03:26Z,7675,274,6
2026-03-23T22:02:40+00:00,a8PrkqVWt_s,UCKjEtnnXEHsXE9IvCb92V7g,Tony Delk breaks down the difference in the 2025 and 2026 Florida guards. #MarchMadness,2026-03-23T01:13:03Z,2316,14,1
2026-03-23T22:03:11+00:00,q7oYm4P9UKc,UCKjEtnnXEHsXE9IvCb92V7g,100 gorillas vs. Florida Final Boss? 🦍🐊 #shorts,2026-03-23T03:39:28Z,41954,454,33
2026-03-23T22:03:11+00:00,gRNQkeddOeo,UCKjEtnnXEHsXE9IvCb92V7g,“I would light this thing on fire” 🔥🤣,2026-03-23T02:03:26Z,7675,275,6
2026-03-23T22:03:11+00:00,a8PrkqVWt_s,UCKjEtnnXEHsXE9IvCb92V7g,Tony Delk breaks down the difference in the 2025 and 2026 Florida guards. #MarchMadness,2026-03-23T01:13:03Z,2316,14,1
2026-03-23T22:03:41+00:00,q7oYm4P9UKc,UCKjEtnnXEHsXE9IvCb92V7g,100 gorillas vs. Florida Final Boss? 🦍🐊 #shorts,2026-03-23T03:39:28Z,41954,455,33
2026-03-23T22:03:41+00:00,gRNQkeddOeo,UCKjEtnnXEHsXE9IvCb92V7g,“I would light this thing on fire” 🔥🤣,2026-03-23T02:03:26Z,7675,275,6
2026-03-23T22:03:41+00:00,a8PrkqVWt_s,UCKjEtnnXEHsXE9IvCb92V7g,Tony Delk breaks down the difference in the 2025 and 2026 Florida guards. #MarchMadness,2026-03-23T01:13:03Z,2316,14,1
2026-03-23T22:04:12+00:00,q7oYm4P9UKc,UCKjEtnnXEHsXE9IvCb92V7g,100 gorillas vs. Florida Final Boss? 🦍🐊 #shorts,2026-03-23T03:39:28Z,41954,456,33
2026-03-23T22:04:12+00:00,gRNQkeddOeo,UCKjEtnnXEHsXE9IvCb92V7g,“I would light this thing on fire” 🔥🤣,2026-03-23T02:03:26Z,7675,275,6
2026-03-23T22:04:12+00:00,a8PrkqVWt_s,UCKjEtnnXEHsXE9IvCb92V7g,Tony Delk breaks down the difference in the 2025 and 2026 Florida guards. #MarchMadness,2026-03-23T01:13:03Z,2316,14,1
2026-03-23T22:04:43+00:00,q7oYm4P9UKc,UCKjEtnnXEHsXE9IvCb92V7g,100 gorillas vs. Florida Final Boss? 🦍🐊 #shorts,2026-03-23T03:39:28Z,41954,456,33
2026-03-23T22:04:43+00:00,gRNQkeddOeo,UCKjEtnnXEHsXE9IvCb92V7g,“I would light this thing on fire” 🔥🤣,2026-03-23T02:03:26Z,7685,275,6
2026-03-23T22:04:43+00:00,a8PrkqVWt_s,UCKjEtnnXEHsXE9IvCb92V7g,Tony Delk breaks down the difference in the 2025 and 2026 Florida guards. #MarchMadness,2026-03-23T01:13:03Z,2316,14,1
2026-03-23T22:05:13+00:00,q7oYm4P9UKc,UCKjEtnnXEHsXE9IvCb92V7g,100 gorillas vs. Florida Final Boss? 🦍🐊 #shorts,2026-03-23T03:39:28Z,41954,456,33
2026-03-23T22:05:13+00:00,gRNQkeddOeo,UCKjEtnnXEHsXE9IvCb92V7g,“I would light this thing on fire” 🔥🤣,2026-03-23T02:03:26Z,7685,275,6
2026-03-23T22:05:13+00:00,a8PrkqVWt_s,UCKjEtnnXEHsXE9IvCb92V7g,Tony Delk breaks down the difference in the 2025 and 2026 Florida guards. #MarchMadness,2026-03-23T01:13:03Z,2316,14,1
2026-03-23T22:05:43+00:00,q7oYm4P9UKc,UCKjEtnnXEHsXE9IvCb92V7g,100 gorillas vs. Florida Final Boss? 🦍🐊 #shorts,2026-03-23T03:39:28Z,41954,456,33
2026-03-23T22:05:43+00:00,gRNQkeddOeo,UCKjEtnnXEHsXE9IvCb92V7g,“I would light this thing on fire” 🔥🤣,2026-03-23T02:03:26Z,7685,276,6
2026-03-23T22:05:43+00:00,a8PrkqVWt_s,UCKjEtnnXEHsXE9IvCb92V7g,Tony Delk breaks down the difference in the 2025 and 2026 Florida guards. #MarchMadness,2026-03-23T01:13:03Z,2316,14,1
2026-03-23T22:06:14+00:00,q7oYm4P9UKc,UCKjEtnnXEHsXE9IvCb92V7g,100 gorillas vs. Florida Final Boss? 🦍🐊 #shorts,2026-03-23T03:39:28Z,41954,456,33
2026-03-23T22:06:14+00:00,gRNQkeddOeo,UCKjEtnnXEHsXE9IvCb92V7g,“I would light this thing on fire” 🔥🤣,2026-03-23T02:03:26Z,7685,276,6
2026-03-23T22:06:14+00:00,a8PrkqVWt_s,UCKjEtnnXEHsXE9IvCb92V7g,Tony Delk breaks down the difference in the 2025 and 2026 Florida guards. #MarchMadness,2026-03-23T01:13:03Z,2316,14,1
2026-03-23T22:06:45+00:00,q7oYm4P9UKc,UCKjEtnnXEHsXE9IvCb92V7g,100 gorillas vs. Florida Final Boss? 🦍🐊 #shorts,2026-03-23T03:39:28Z,42057,457,33
2026-03-23T22:06:45+00:00,gRNQkeddOeo,UCKjEtnnXEHsXE9IvCb92V7g,“I would light this thing on fire” 🔥🤣,2026-03-23T02:03:26Z,7685,276,6
2026-03-23T22:06:45+00:00,a8PrkqVWt_s,UCKjEtnnXEHsXE9IvCb92V7g,Tony Delk breaks down the difference in the 2025 and 2026 Florida guards. #MarchMadness,2026-03-23T01:13:03Z,2320,14,1
2026-03-23T22:07:16+00:00,q7oYm4P9UKc,UCKjEtnnXEHsXE9IvCb92V7g,100 gorillas vs. Florida Final Boss? 🦍🐊 #shorts,2026-03-23T03:39:28Z,42057,458,33
2026-03-23T22:07:16+00:00,gRNQkeddOeo,UCKjEtnnXEHsXE9IvCb92V7g,“I would light this thing on fire” 🔥🤣,2026-03-23T02:03:26Z,7685,276,6
2026-03-23T22:07:16+00:00,a8PrkqVWt_s,UCKjEtnnXEHsXE9IvCb92V7g,Tony Delk breaks down the difference in the 2025 and 2026 Florida guards. #MarchMadness,2026-03-23T01:13:03Z,2320,14,1
2026-03-23T22:07:47+00:00,q7oYm4P9UKc,UCKjEtnnXEHsXE9IvCb92V7g,100 gorillas vs. Florida Final Boss? 🦍🐊 #shorts,2026-03-23T03:39:28Z,42057,458,33
2026-03-23T22:07:47+00:00,gRNQkeddOeo,UCKjEtnnXEHsXE9IvCb92V7g,“I would light this thing on fire” 🔥🤣,2026-03-23T02:03:26Z,7685,276,6
2026-03-23T22:07:47+00:00,a8PrkqVWt_s,UCKjEtnnXEHsXE9IvCb92V7g,Tony Delk breaks down the difference in the 2025 and 2026 Florida guards. #MarchMadness,2026-03-23T01:13:03Z,2320,14,1
2026-03-23T22:08:18+00:00,q7oYm4P9UKc,UCKjEtnnXEHsXE9IvCb92V7g,100 gorillas vs. Florida Final Boss? 🦍🐊 #shorts,2026-03-23T03:39:28Z,42057,458,33
2026-03-23T22:08:18+00:00,gRNQkeddOeo,UCKjEtnnXEHsXE9IvCb92V7g,“I would light this thing on fire” 🔥🤣,2026-03-23T02:03:26Z,7685,276,6
2026-03-23T22:08:18+00:00,a8PrkqVWt_s,UCKjEtnnXEHsXE9IvCb92V7g,Tony Delk breaks down the difference in the 2025 and 2026 Florida guards. #MarchMadness,2026-03-23T01:13:03Z,2320,14,1
2026-03-23T22:08:49+00:00,q7oYm4P9UKc,UCKjEtnnXEHsXE9IvCb92V7g,100 gorillas vs. Florida Final Boss? 🦍🐊 #shorts,2026-03-23T03:39:28Z,42057,459,33
2026-03-23T22:08:49+00:00,gRNQkeddOeo,UCKjEtnnXEHsXE9IvCb92V7g,“I would light this thing on fire” 🔥🤣,2026-03-23T02:03:26Z,7685,276,6
2026-03-23T22:08:49+00:00,a8PrkqVWt_s,UCKjEtnnXEHsXE9IvCb92V7g,Tony Delk breaks down the difference in the 2025 and 2026 Florida guards. #MarchMadness,2026-03-23T01:13:03Z,2320,14,1
2026-03-23T22:09:20+00:00,q7oYm4P9UKc,UCKjEtnnXEHsXE9IvCb92V7g,100 gorillas vs. Florida Final Boss? 🦍🐊 #shorts,2026-03-23T03:39:28Z,42057,459,33
2026-03-23T22:09:20+00:00,gRNQkeddOeo,UCKjEtnnXEHsXE9IvCb92V7g,“I would light this thing on fire” 🔥🤣,2026-03-23T02:03:26Z,7701,277,6
2026-03-23T22:09:20+00:00,a8PrkqVWt_s,UCKjEtnnXEHsXE9IvCb92V7g,Tony Delk breaks down the difference in the 2025 and 2026 Florida guards. #MarchMadness,2026-03-23T01:13:03Z,2320,14,1
2026-03-23T22:09:51+00:00,q7oYm4P9UKc,UCKjEtnnXEHsXE9IvCb92V7g,100 gorillas vs. Florida Final Boss? 🦍🐊 #shorts,2026-03-23T03:39:28Z,42057,461,33
2026-03-23T22:09:51+00:00,gRNQkeddOeo,UCKjEtnnXEHsXE9IvCb92V7g,“I would light this thing on fire” 🔥🤣,2026-03-23T02:03:26Z,7701,277,6
2026-03-23T22:09:51+00:00,a8PrkqVWt_s,UCKjEtnnXEHsXE9IvCb92V7g,Tony Delk breaks down the difference in the 2025 and 2026 Florida guards. #MarchMadness,2026-03-23T01:13:03Z,2320,14,1
2026-03-23T22:10:22+00:00,q7oYm4P9UKc,UCKjEtnnXEHsXE9IvCb92V7g,100 gorillas vs. Florida Final Boss? 🦍🐊 #shorts,2026-03-23T03:39:28Z,42057,462,33
2026-03-23T22:10:22+00:00,gRNQkeddOeo,UCKjEtnnXEHsXE9IvCb92V7g,“I would light this thing on fire” 🔥🤣,2026-03-23T02:03:26Z,7701,277,6
2026-03-23T22:10:22+00:00,a8PrkqVWt_s,UCKjEtnnXEHsXE9IvCb92V7g,Tony Delk breaks down the difference in the 2025 and 2026 Florida guards. #MarchMadness,2026-03-23T01:13:03Z,2320,14,1
2026-03-23T22:10:53+00:00,q7oYm4P9UKc,UCKjEtnnXEHsXE9IvCb92V7g,100 gorillas vs. Florida Final Boss? 🦍🐊 #shorts,2026-03-23T03:39:28Z,42057,462,33
2026-03-23T22:10:53+00:00,gRNQkeddOeo,UCKjEtnnXEHsXE9IvCb92V7g,“I would light this thing on fire” 🔥🤣,2026-03-23T02:03:26Z,7701,277,6
2026-03-23T22:10:53+00:00,a8PrkqVWt_s,UCKjEtnnXEHsXE9IvCb92V7g,Tony Delk breaks down the difference in the 2025 and 2026 Florida guards. #MarchMadness,2026-03-23T01:13:03Z,2320,14,1
2026-03-23T22:11:24+00:00,q7oYm4P9UKc,UCKjEtnnXEHsXE9IvCb92V7g,100 gorillas vs. Florida Final Boss? 🦍🐊 #shorts,2026-03-23T03:39:28Z,42197,462,33
2026-03-23T22:11:24+00:00,gRNQkeddOeo,UCKjEtnnXEHsXE9IvCb92V7g,“I would light this thing on fire” 🔥🤣,2026-03-23T02:03:26Z,7701,277,6
2026-03-23T22:11:24+00:00,a8PrkqVWt_s,UCKjEtnnXEHsXE9IvCb92V7g,Tony Delk breaks down the difference in the 2025 and 2026 Florida guards. #MarchMadness,2026-03-23T01:13:03Z,2324,14,1
2026-03-23T22:11:55+00:00,q7oYm4P9UKc,UCKjEtnnXEHsXE9IvCb92V7g,100 gorillas vs. Florida Final Boss? 🦍🐊 #shorts,2026-03-23T03:39:28Z,42197,462,33
2026-03-23T22:11:55+00:00,gRNQkeddOeo,UCKjEtnnXEHsXE9IvCb92V7g,“I would light this thing on fire” 🔥🤣,2026-03-23T02:03:26Z,7701,277,6
2026-03-23T22:11:55+00:00,a8PrkqVWt_s,UCKjEtnnXEHsXE9IvCb92V7g,Tony Delk breaks down the difference in the 2025 and 2026 Florida guards. #MarchMadness,2026-03-23T01:13:03Z,2324,14,1
2026-03-23T22:12:26+00:00,q7oYm4P9UKc,UCKjEtnnXEHsXE9IvCb92V7g,100 gorillas vs. Florida Final Boss? 🦍🐊 #shorts,2026-03-23T03:39:28Z,42197,462,33
2026-03-23T22:12:26+00:00,gRNQkeddOeo,UCKjEtnnXEHsXE9IvCb92V7g,“I would light this thing on fire” 🔥🤣,2026-03-23T02:03:26Z,7701,277,6
2026-03-23T22:12:26+00:00,a8PrkqVWt_s,UCKjEtnnXEHsXE9IvCb92V7g,Tony Delk breaks down the difference in the 2025 and 2026 Florida guards. #MarchMadness,2026-03-23T01:13:03Z,2324,14,1
2026-03-23T22:12:56+00:00,q7oYm4P9UKc,UCKjEtnnXEHsXE9IvCb92V7g,100 gorillas vs. Florida Final Boss? 🦍🐊 #shorts,2026-03-23T03:39:28Z,42197,462,33
2026-03-23T22:12:56+00:00,gRNQkeddOeo,UCKjEtnnXEHsXE9IvCb92V7g,“I would light this thing on fire” 🔥🤣,2026-03-23T02:03:26Z,7701,278,6
2026-03-23T22:12:56+00:00,a8PrkqVWt_s,UCKjEtnnXEHsXE9IvCb92V7g,Tony Delk breaks down the difference in the 2025 and 2026 Florida guards. #MarchMadness,2026-03-23T01:13:03Z,2324,14,1
2026-03-23T22:13:27+00:00,37OIcrcXpeM,UCKjEtnnXEHsXE9IvCb92V7g,Press Conference: Ohio State vs. Notre Dame Postgame (2026 Women's Second Round),2026-02-27T02:54:08Z,0,0,
2026-03-23T22:13:27+00:00,q7oYm4P9UKc,UCKjEtnnXEHsXE9IvCb92V7g,100 gorillas vs. Florida Final Boss? 🦍🐊 #shorts,2026-03-23T03:39:28Z,42197,463,33
2026-03-23T22:13:27+00:00,gRNQkeddOeo,UCKjEtnnXEHsXE9IvCb92V7g,“I would light this thing on fire” 🔥🤣,2026-03-23T02:03:26Z,7701,280,6
2026-03-23T22:13:27+00:00,a8PrkqVWt_s,UCKjEtnnXEHsXE9IvCb92V7g,Tony Delk breaks down the difference in the 2025 and 2026 Florida guards. #MarchMadness,2026-03-23T01:13:03Z,2324,14,1
2026-03-23T22:13:57+00:00,37OIcrcXpeM,UCKjEtnnXEHsXE9IvCb92V7g,Press Conference: Ohio State vs. Notre Dame Postgame (2026 Women's Second Round),2026-02-27T02:54:08Z,0,0,
2026-03-23T22:13:57+00:00,q7oYm4P9UKc,UCKjEtnnXEHsXE9IvCb92V7g,100 gorillas vs. Florida Final Boss? 🦍🐊 #shorts,2026-03-23T03:39:28Z,42197,464,33
2026-03-23T22:13:57+00:00,gRNQkeddOeo,UCKjEtnnXEHsXE9IvCb92V7g,“I would light this thing on fire” 🔥🤣,2026-03-23T02:03:26Z,7714,281,6
2026-03-23T22:13:57+00:00,a8PrkqVWt_s,UCKjEtnnXEHsXE9IvCb92V7g,Tony Delk breaks down the difference in the 2025 and 2026 Florida guards. #MarchMadness,2026-03-23T01:13:03Z,2324,14,1
2026-03-23T22:14:28+00:00,37OIcrcXpeM,UCKjEtnnXEHsXE9IvCb92V7g,Press Conference: Ohio State vs. Notre Dame Postgame (2026 Women's Second Round),2026-02-27T02:54:08Z,0,0,
2026-03-23T22:14:28+00:00,q7oYm4P9UKc,UCKjEtnnXEHsXE9IvCb92V7g,100 gorillas vs. Florida Final Boss? 🦍🐊 #shorts,2026-03-23T03:39:28Z,42197,464,33
2026-03-23T22:14:28+00:00,gRNQkeddOeo,UCKjEtnnXEHsXE9IvCb92V7g,“I would light this thing on fire” 🔥🤣,2026-03-23T02:03:26Z,7714,281,6
2026-03-23T22:14:28+00:00,a8PrkqVWt_s,UCKjEtnnXEHsXE9IvCb92V7g,Tony Delk breaks down the difference in the 2025 and 2026 Florida guards. #MarchMadness,2026-03-23T01:13:03Z,2324,14,1
2026-03-23T22:14:58+00:00,37OIcrcXpeM,UCKjEtnnXEHsXE9IvCb92V7g,Press Conference: Ohio State vs. Notre Dame Postgame (2026 Women's Second Round),2026-02-27T02:54:08Z,4,0,
2026-03-23T22:14:58+00:00,q7oYm4P9UKc,UCKjEtnnXEHsXE9IvCb92V7g,100 gorillas vs. Florida Final Boss? 🦍🐊 #shorts,2026-03-23T03:39:28Z,42197,465,33
2026-03-23T22:14:58+00:00,gRNQkeddOeo,UCKjEtnnXEHsXE9IvCb92V7g,“I would light this thing on fire” 🔥🤣,2026-03-23T02:03:26Z,7714,281,6
2026-03-23T22:14:58+00:00,a8PrkqVWt_s,UCKjEtnnXEHsXE9IvCb92V7g,Tony Delk breaks down the difference in the 2025 and 2026 Florida guards. #MarchMadness,2026-03-23T01:13:03Z,2324,14,1
2026-03-23T22:15:29+00:00,37OIcrcXpeM,UCKjEtnnXEHsXE9IvCb92V7g,Press Conference: Ohio State vs. Notre Dame Postgame (2026 Women's Second Round),2026-02-27T02:54:08Z,4,0,
2026-03-23T22:15:29+00:00,q7oYm4P9UKc,UCKjEtnnXEHsXE9IvCb92V7g,100 gorillas vs. Florida Final Boss? 🦍🐊 #shorts,2026-03-23T03:39:28Z,42197,466,33
2026-03-23T22:15:29+00:00,gRNQkeddOeo,UCKjEtnnXEHsXE9IvCb92V7g,“I would light this thing on fire” 🔥🤣,2026-03-23T02:03:26Z,7714,281,6
2026-03-23T22:15:29+00:00,a8PrkqVWt_s,UCKjEtnnXEHsXE9IvCb92V7g,Tony Delk breaks down the difference in the 2025 and 2026 Florida guards. #MarchMadness,2026-03-23T01:13:03Z,2324,14,1
2026-03-23T22:16:00+00:00,37OIcrcXpeM,UCKjEtnnXEHsXE9IvCb92V7g,Press Conference: Ohio State vs. Notre Dame Postgame (2026 Women's Second Round),2026-02-27T02:54:08Z,4,0,
2026-03-23T22:16:00+00:00,q7oYm4P9UKc,UCKjEtnnXEHsXE9IvCb92V7g,100 gorillas vs. Florida Final Boss? 🦍🐊 #shorts,2026-03-23T03:39:28Z,42197,466,33
2026-03-23T22:16:00+00:00,gRNQkeddOeo,UCKjEtnnXEHsXE9IvCb92V7g,“I would light this thing on fire” 🔥🤣,2026-03-23T02:03:26Z,7714,281,6
2026-03-23T22:16:00+00:00,a8PrkqVWt_s,UCKjEtnnXEHsXE9IvCb92V7g,Tony Delk breaks down the difference in the 2025 and 2026 Florida guards. #MarchMadness,2026-03-23T01:13:03Z,2324,14,1
2026-03-23T22:16:31+00:00,37OIcrcXpeM,UCKjEtnnXEHsXE9IvCb92V7g,Press Conference: Ohio State vs. Notre Dame Postgame (2026 Women's Second Round),2026-02-27T02:54:08Z,6,0,
2026-03-23T22:16:31+00:00,q7oYm4P9UKc,UCKjEtnnXEHsXE9IvCb92V7g,100 gorillas vs. Florida Final Boss? 🦍🐊 #shorts,2026-03-23T03:39:28Z,42456,466,33
2026-03-23T22:16:31+00:00,gRNQkeddOeo,UCKjEtnnXEHsXE9IvCb92V7g,“I would light this thing on fire” 🔥🤣,2026-03-23T02:03:26Z,7714,281,6
2026-03-23T22:16:31+00:00,a8PrkqVWt_s,UCKjEtnnXEHsXE9IvCb92V7g,Tony Delk breaks down the difference in the 2025 and 2026 Florida guards. #MarchMadness,2026-03-23T01:13:03Z,2332,14,1
2026-03-23T22:17:02+00:00,37OIcrcXpeM,UCKjEtnnXEHsXE9IvCb92V7g,Press Conference: Ohio State vs. Notre Dame Postgame (2026 Women's Second Round),2026-02-27T02:54:08Z,6,0,
2026-03-23T22:17:02+00:00,q7oYm4P9UKc,UCKjEtnnXEHsXE9IvCb92V7g,100 gorillas vs. Florida Final Boss? 🦍🐊 #shorts,2026-03-23T03:39:28Z,42456,467,33
2026-03-23T22:17:02+00:00,gRNQkeddOeo,UCKjEtnnXEHsXE9IvCb92V7g,“I would light this thing on fire” 🔥🤣,2026-03-23T02:03:26Z,7714,281,6
2026-03-23T22:17:02+00:00,a8PrkqVWt_s,UCKjEtnnXEHsXE9IvCb92V7g,Tony Delk breaks down the difference in the 2025 and 2026 Florida guards. #MarchMadness,2026-03-23T01:13:03Z,2332,14,1
2026-03-23T22:17:32+00:00,37OIcrcXpeM,UCKjEtnnXEHsXE9IvCb92V7g,Press Conference: Ohio State vs. Notre Dame Postgame (2026 Women's Second Round),2026-02-27T02:54:08Z,8,0,
2026-03-23T22:17:32+00:00,q7oYm4P9UKc,UCKjEtnnXEHsXE9IvCb92V7g,100 gorillas vs. Florida Final Boss? 🦍🐊 #shorts,2026-03-23T03:39:28Z,42456,467,33
2026-03-23T22:17:32+00:00,gRNQkeddOeo,UCKjEtnnXEHsXE9IvCb92V7g,“I would light this thing on fire” 🔥🤣,2026-03-23T02:03:26Z,7714,281,6
2026-03-23T22:17:32+00:00,a8PrkqVWt_s,UCKjEtnnXEHsXE9IvCb92V7g,Tony Delk breaks down the difference in the 2025 and 2026 Florida guards. #MarchMadness,2026-03-23T01:13:03Z,2332,14,1
2026-03-23T22:18:03+00:00,37OIcrcXpeM,UCKjEtnnXEHsXE9IvCb92V7g,Press Conference: Ohio State vs. Notre Dame Postgame (2026 Women's Second Round),2026-02-27T02:54:08Z,11,0,
2026-03-23T22:18:03+00:00,q7oYm4P9UKc,UCKjEtnnXEHsXE9IvCb92V7g,100 gorillas vs. Florida Final Boss? 🦍🐊 #shorts,2026-03-23T03:39:28Z,42456,467,33
2026-03-23T22:18:03+00:00,gRNQkeddOeo,UCKjEtnnXEHsXE9IvCb92V7g,“I would light this thing on fire” 🔥🤣,2026-03-23T02:03:26Z,7714,281,6
2026-03-23T22:18:03+00:00,a8PrkqVWt_s,UCKjEtnnXEHsXE9IvCb92V7g,Tony Delk breaks down the difference in the 2025 and 2026 Florida guards. #MarchMadness,2026-03-23T01:13:03Z,2332,14,1
2026-03-23T22:18:33+00:00,37OIcrcXpeM,UCKjEtnnXEHsXE9IvCb92V7g,Press Conference: Ohio State vs. Notre Dame Postgame (2026 Women's Second Round),2026-02-27T02:54:08Z,12,0,
2026-03-23T22:18:33+00:00,q7oYm4P9UKc,UCKjEtnnXEHsXE9IvCb92V7g,100 gorillas vs. Florida Final Boss? 🦍🐊 #shorts,2026-03-23T03:39:28Z,42456,467,33
2026-03-23T22:18:33+00:00,gRNQkeddOeo,UCKjEtnnXEHsXE9IvCb92V7g,“I would light this thing on fire” 🔥🤣,2026-03-23T02:03:26Z,7714,281,6
2026-03-23T22:18:33+00:00,a8PrkqVWt_s,UCKjEtnnXEHsXE9IvCb92V7g,Tony Delk breaks down the difference in the 2025 and 2026 Florida guards. #MarchMadness,2026-03-23T01:13:03Z,2332,14,1
2026-03-23T22:19:04+00:00,37OIcrcXpeM,UCKjEtnnXEHsXE9IvCb92V7g,Press Conference: Ohio State vs. Notre Dame Postgame (2026 Women's Second Round),2026-02-27T02:54:08Z,16,0,
2026-03-23T22:19:04+00:00,q7oYm4P9UKc,UCKjEtnnXEHsXE9IvCb92V7g,100 gorillas vs. Florida Final Boss? 🦍🐊 #shorts,2026-03-23T03:39:28Z,42456,467,33
2026-03-23T22:19:04+00:00,gRNQkeddOeo,UCKjEtnnXEHsXE9IvCb92V7g,“I would light this thing on fire” 🔥🤣,2026-03-23T02:03:26Z,7751,281,6
2026-03-23T22:19:04+00:00,a8PrkqVWt_s,UCKjEtnnXEHsXE9IvCb92V7g,Tony Delk breaks down the difference in the 2025 and 2026 Florida guards. #MarchMadness,2026-03-23T01:13:03Z,2332,14,1
2026-03-23T22:19:34+00:00,37OIcrcXpeM,UCKjEtnnXEHsXE9IvCb92V7g,Press Conference: Ohio State vs. Notre Dame Postgame (2026 Women's Second Round),2026-02-27T02:54:08Z,23,0,
2026-03-23T22:19:34+00:00,q7oYm4P9UKc,UCKjEtnnXEHsXE9IvCb92V7g,100 gorillas vs. Florida Final Boss? 🦍🐊 #shorts,2026-03-23T03:39:28Z,42456,467,33
2026-03-23T22:19:34+00:00,gRNQkeddOeo,UCKjEtnnXEHsXE9IvCb92V7g,“I would light this thing on fire” 🔥🤣,2026-03-23T02:03:26Z,7751,281,6
2026-03-23T22:19:34+00:00,a8PrkqVWt_s,UCKjEtnnXEHsXE9IvCb92V7g,Tony Delk breaks down the difference in the 2025 and 2026 Florida guards. #MarchMadness,2026-03-23T01:13:03Z,2332,14,1
2026-03-23T22:20:05+00:00,37OIcrcXpeM,UCKjEtnnXEHsXE9IvCb92V7g,Press Conference: Ohio State vs. Notre Dame Postgame (2026 Women's Second Round),2026-02-27T02:54:08Z,24,0,
2026-03-23T22:20:05+00:00,q7oYm4P9UKc,UCKjEtnnXEHsXE9IvCb92V7g,100 gorillas vs. Florida Final Boss? 🦍🐊 #shorts,2026-03-23T03:39:28Z,42456,467,33
2026-03-23T22:20:05+00:00,gRNQkeddOeo,UCKjEtnnXEHsXE9IvCb92V7g,“I would light this thing on fire” 🔥🤣,2026-03-23T02:03:26Z,7751,281,6
2026-03-23T22:20:05+00:00,a8PrkqVWt_s,UCKjEtnnXEHsXE9IvCb92V7g,Tony Delk breaks down the difference in the 2025 and 2026 Florida guards. #MarchMadness,2026-03-23T01:13:03Z,2332,14,1
2026-03-23T22:20:36+00:00,37OIcrcXpeM,UCKjEtnnXEHsXE9IvCb92V7g,Press Conference: Ohio State vs. Notre Dame Postgame (2026 Women's Second Round),2026-02-27T02:54:08Z,24,1,
2026-03-23T22:20:36+00:00,q7oYm4P9UKc,UCKjEtnnXEHsXE9IvCb92V7g,100 gorillas vs. Florida Final Boss? 🦍🐊 #shorts,2026-03-23T03:39:28Z,42456,467,33
2026-03-23T22:20:36+00:00,gRNQkeddOeo,UCKjEtnnXEHsXE9IvCb92V7g,“I would light this thing on fire” 🔥🤣,2026-03-23T02:03:26Z,7751,281,6
2026-03-23T22:20:36+00:00,a8PrkqVWt_s,UCKjEtnnXEHsXE9IvCb92V7g,Tony Delk breaks down the difference in the 2025 and 2026 Florida guards. #MarchMadness,2026-03-23T01:13:03Z,2332,14,1
2026-03-23T22:21:07+00:00,37OIcrcXpeM,UCKjEtnnXEHsXE9IvCb92V7g,Press Conference: Ohio State vs. Notre Dame Postgame (2026 Women's Second Round),2026-02-27T02:54:08Z,28,1,
2026-03-23T22:21:07+00:00,q7oYm4P9UKc,UCKjEtnnXEHsXE9IvCb92V7g,100 gorillas vs. Florida Final Boss? 🦍🐊 #shorts,2026-03-23T03:39:28Z,42456,467,34
2026-03-23T22:21:07+00:00,gRNQkeddOeo,UCKjEtnnXEHsXE9IvCb92V7g,“I would light this thing on fire” 🔥🤣,2026-03-23T02:03:26Z,7751,281,6
2026-03-23T22:21:07+00:00,a8PrkqVWt_s,UCKjEtnnXEHsXE9IvCb92V7g,Tony Delk breaks down the difference in the 2025 and 2026 Florida guards. #MarchMadness,2026-03-23T01:13:03Z,2336,14,1
2026-03-23T22:21:37+00:00,37OIcrcXpeM,UCKjEtnnXEHsXE9IvCb92V7g,Press Conference: Ohio State vs. Notre Dame Postgame (2026 Women's Second Round),2026-02-27T02:54:08Z,29,1,
2026-03-23T22:21:37+00:00,q7oYm4P9UKc,UCKjEtnnXEHsXE9IvCb92V7g,100 gorillas vs. Florida Final Boss? 🦍🐊 #shorts,2026-03-23T03:39:28Z,42671,468,34
2026-03-23T22:21:37+00:00,gRNQkeddOeo,UCKjEtnnXEHsXE9IvCb92V7g,“I would light this thing on fire” 🔥🤣,2026-03-23T02:03:26Z,7751,281,6
2026-03-23T22:21:37+00:00,a8PrkqVWt_s,UCKjEtnnXEHsXE9IvCb92V7g,Tony Delk breaks down the difference in the 2025 and 2026 Florida guards. #MarchMadness,2026-03-23T01:13:03Z,2336,14,1
2026-03-23T22:22:08+00:00,37OIcrcXpeM,UCKjEtnnXEHsXE9IvCb92V7g,Press Conference: Ohio State vs. Notre Dame Postgame (2026 Women's Second Round),2026-02-27T02:54:08Z,32,2,
2026-03-23T22:22:08+00:00,q7oYm4P9UKc,UCKjEtnnXEHsXE9IvCb92V7g,100 gorillas vs. Florida Final Boss? 🦍🐊 #shorts,2026-03-23T03:39:28Z,42671,469,34
2026-03-23T22:22:08+00:00,gRNQkeddOeo,UCKjEtnnXEHsXE9IvCb92V7g,“I would light this thing on fire” 🔥🤣,2026-03-23T02:03:26Z,7751,281,6
2026-03-23T22:22:08+00:00,a8PrkqVWt_s,UCKjEtnnXEHsXE9IvCb92V7g,Tony Delk breaks down the difference in the 2025 and 2026 Florida guards. #MarchMadness,2026-03-23T01:13:03Z,2336,14,1
2026-03-23T22:22:39+00:00,37OIcrcXpeM,UCKjEtnnXEHsXE9IvCb92V7g,Press Conference: Ohio State vs. Notre Dame Postgame (2026 Women's Second Round),2026-02-27T02:54:08Z,35,2,
2026-03-23T22:22:39+00:00,q7oYm4P9UKc,UCKjEtnnXEHsXE9IvCb92V7g,100 gorillas vs. Florida Final Boss? 🦍🐊 #shorts,2026-03-23T03:39:28Z,42671,469,34
2026-03-23T22:22:39+00:00,gRNQkeddOeo,UCKjEtnnXEHsXE9IvCb92V7g,“I would light this thing on fire” 🔥🤣,2026-03-23T02:03:26Z,7751,281,6
2026-03-23T22:22:39+00:00,a8PrkqVWt_s,UCKjEtnnXEHsXE9IvCb92V7g,Tony Delk breaks down the difference in the 2025 and 2026 Florida guards. #MarchMadness,2026-03-23T01:13:03Z,2336,14,1
2026-03-23T22:23:10+00:00,37OIcrcXpeM,UCKjEtnnXEHsXE9IvCb92V7g,Press Conference: Ohio State vs. Notre Dame Postgame (2026 Women's Second Round),2026-02-27T02:54:08Z,35,2,
2026-03-23T22:23:10+00:00,q7oYm4P9UKc,UCKjEtnnXEHsXE9IvCb92V7g,100 gorillas vs. Florida Final Boss? 🦍🐊 #shorts,2026-03-23T03:39:28Z,42671,469,34
2026-03-23T22:23:10+00:00,gRNQkeddOeo,UCKjEtnnXEHsXE9IvCb92V7g,“I would light this thing on fire” 🔥🤣,2026-03-23T02:03:26Z,7751,281,6
2026-03-23T22:23:10+00:00,a8PrkqVWt_s,UCKjEtnnXEHsXE9IvCb92V7g,Tony Delk breaks down the difference in the 2025 and 2026 Florida guards. #MarchMadness,2026-03-23T01:13:03Z,2336,14,1
2026-03-23T22:23:41+00:00,37OIcrcXpeM,UCKjEtnnXEHsXE9IvCb92V7g,Press Conference: Ohio State vs. Notre Dame Postgame (2026 Women's Second Round),2026-02-27T02:54:08Z,37,2,
2026-03-23T22:23:41+00:00,q7oYm4P9UKc,UCKjEtnnXEHsXE9IvCb92V7g,100 gorillas vs. Florida Final Boss? 🦍🐊 #shorts,2026-03-23T03:39:28Z,42671,470,34
2026-03-23T22:23:41+00:00,gRNQkeddOeo,UCKjEtnnXEHsXE9IvCb92V7g,“I would light this thing on fire” 🔥🤣,2026-03-23T02:03:26Z,7751,281,6
2026-03-23T22:23:41+00:00,a8PrkqVWt_s,UCKjEtnnXEHsXE9IvCb92V7g,Tony Delk breaks down the difference in the 2025 and 2026 Florida guards. #MarchMadness,2026-03-23T01:13:03Z,2336,14,1
2026-03-23T22:24:12+00:00,37OIcrcXpeM,UCKjEtnnXEHsXE9IvCb92V7g,Press Conference: Ohio State vs. Notre Dame Postgame (2026 Women's Second Round),2026-02-27T02:54:08Z,40,2,
2026-03-23T22:24:12+00:00,q7oYm4P9UKc,UCKjEtnnXEHsXE9IvCb92V7g,100 gorillas vs. Florida Final Boss? 🦍🐊 #shorts,2026-03-23T03:39:28Z,42671,470,34
2026-03-23T22:24:12+00:00,gRNQkeddOeo,UCKjEtnnXEHsXE9IvCb92V7g,“I would light this thing on fire” 🔥🤣,2026-03-23T02:03:26Z,7808,281,6
2026-03-23T22:24:12+00:00,a8PrkqVWt_s,UCKjEtnnXEHsXE9IvCb92V7g,Tony Delk breaks down the difference in the 2025 and 2026 Florida guards. #MarchMadness,2026-03-23T01:13:03Z,2336,14,1
2026-03-23T22:24:42+00:00,37OIcrcXpeM,UCKjEtnnXEHsXE9IvCb92V7g,Press Conference: Ohio State vs. Notre Dame Postgame (2026 Women's Second Round),2026-02-27T02:54:08Z,42,3,
2026-03-23T22:24:42+00:00,q7oYm4P9UKc,UCKjEtnnXEHsXE9IvCb92V7g,100 gorillas vs. Florida Final Boss? 🦍🐊 #shorts,2026-03-23T03:39:28Z,42671,471,34
2026-03-23T22:24:42+00:00,gRNQkeddOeo,UCKjEtnnXEHsXE9IvCb92V7g,“I would light this thing on fire” 🔥🤣,2026-03-23T02:03:26Z,7808,281,6
2026-03-23T22:24:42+00:00,a8PrkqVWt_s,UCKjEtnnXEHsXE9IvCb92V7g,Tony Delk breaks down the difference in the 2025 and 2026 Florida guards. #MarchMadness,2026-03-23T01:13:03Z,2336,14,1
2026-03-23T22:25:13+00:00,37OIcrcXpeM,UCKjEtnnXEHsXE9IvCb92V7g,Press Conference: Ohio State vs. Notre Dame Postgame (2026 Women's Second Round),2026-02-27T02:54:08Z,42,3,
2026-03-23T22:25:13+00:00,q7oYm4P9UKc,UCKjEtnnXEHsXE9IvCb92V7g,100 gorillas vs. Florida Final Boss? 🦍🐊 #shorts,2026-03-23T03:39:28Z,42671,471,34
2026-03-23T22:25:13+00:00,gRNQkeddOeo,UCKjEtnnXEHsXE9IvCb92V7g,“I would light this thing on fire” 🔥🤣,2026-03-23T02:03:26Z,7808,281,6
2026-03-23T22:25:13+00:00,a8PrkqVWt_s,UCKjEtnnXEHsXE9IvCb92V7g,Tony Delk breaks down the difference in the 2025 and 2026 Florida guards. #MarchMadness,2026-03-23T01:13:03Z,2336,14,1
2026-03-23T22:25:44+00:00,37OIcrcXpeM,UCKjEtnnXEHsXE9IvCb92V7g,Press Conference: Ohio State vs. Notre Dame Postgame (2026 Women's Second Round),2026-02-27T02:54:08Z,44,3,
2026-03-23T22:25:44+00:00,q7oYm4P9UKc,UCKjEtnnXEHsXE9IvCb92V7g,100 gorillas vs. Florida Final Boss? 🦍🐊 #shorts,2026-03-23T03:39:28Z,42671,472,34
2026-03-23T22:25:44+00:00,gRNQkeddOeo,UCKjEtnnXEHsXE9IvCb92V7g,“I would light this thing on fire” 🔥🤣,2026-03-23T02:03:26Z,7808,281,6
2026-03-23T22:25:44+00:00,a8PrkqVWt_s,UCKjEtnnXEHsXE9IvCb92V7g,Tony Delk breaks down the difference in the 2025 and 2026 Florida guards. #MarchMadness,2026-03-23T01:13:03Z,2336,14,1
2026-03-23T22:26:15+00:00,37OIcrcXpeM,UCKjEtnnXEHsXE9IvCb92V7g,Press Conference: Ohio State vs. Notre Dame Postgame (2026 Women's Second Round),2026-02-27T02:54:08Z,44,3,
2026-03-23T22:26:15+00:00,q7oYm4P9UKc,UCKjEtnnXEHsXE9IvCb92V7g,100 gorillas vs. Florida Final Boss? 🦍🐊 #shorts,2026-03-23T03:39:28Z,42941,473,34
2026-03-23T22:26:15+00:00,gRNQkeddOeo,UCKjEtnnXEHsXE9IvCb92V7g,“I would light this thing on fire” 🔥🤣,2026-03-23T02:03:26Z,7808,281,6
2026-03-23T22:26:15+00:00,a8PrkqVWt_s,UCKjEtnnXEHsXE9IvCb92V7g,Tony Delk breaks down the difference in the 2025 and 2026 Florida guards. #MarchMadness,2026-03-23T01:13:03Z,2339,14,1
2026-03-23T22:26:46+00:00,37OIcrcXpeM,UCKjEtnnXEHsXE9IvCb92V7g,Press Conference: Ohio State vs. Notre Dame Postgame (2026 Women's Second Round),2026-02-27T02:54:08Z,52,3,
2026-03-23T22:26:46+00:00,q7oYm4P9UKc,UCKjEtnnXEHsXE9IvCb92V7g,100 gorillas vs. Florida Final Boss? 🦍🐊 #shorts,2026-03-23T03:39:28Z,42949,473,34
2026-03-23T22:26:46+00:00,gRNQkeddOeo,UCKjEtnnXEHsXE9IvCb92V7g,“I would light this thing on fire” 🔥🤣,2026-03-23T02:03:26Z,7808,281,6
2026-03-23T22:26:46+00:00,a8PrkqVWt_s,UCKjEtnnXEHsXE9IvCb92V7g,Tony Delk breaks down the difference in the 2025 and 2026 Florida guards. #MarchMadness,2026-03-23T01:13:03Z,2339,14,1
2026-03-23T22:27:17+00:00,37OIcrcXpeM,UCKjEtnnXEHsXE9IvCb92V7g,Press Conference: Ohio State vs. Notre Dame Postgame (2026 Women's Second Round),2026-02-27T02:54:08Z,56,4,
2026-03-23T22:27:17+00:00,q7oYm4P9UKc,UCKjEtnnXEHsXE9IvCb92V7g,100 gorillas vs. Florida Final Boss? 🦍🐊 #shorts,2026-03-23T03:39:28Z,42949,474,34
2026-03-23T22:27:17+00:00,gRNQkeddOeo,UCKjEtnnXEHsXE9IvCb92V7g,“I would light this thing on fire” 🔥🤣,2026-03-23T02:03:26Z,7808,281,6
2026-03-23T22:27:17+00:00,a8PrkqVWt_s,UCKjEtnnXEHsXE9IvCb92V7g,Tony Delk breaks down the difference in the 2025 and 2026 Florida guards. #MarchMadness,2026-03-23T01:13:03Z,2339,14,1
2026-03-23T22:27:47+00:00,37OIcrcXpeM,UCKjEtnnXEHsXE9IvCb92V7g,Press Conference: Ohio State vs. Notre Dame Postgame (2026 Women's Second Round),2026-02-27T02:54:08Z,60,4,
2026-03-23T22:27:47+00:00,q7oYm4P9UKc,UCKjEtnnXEHsXE9IvCb92V7g,100 gorillas vs. Florida Final Boss? 🦍🐊 #shorts,2026-03-23T03:39:28Z,42949,474,34
2026-03-23T22:27:47+00:00,gRNQkeddOeo,UCKjEtnnXEHsXE9IvCb92V7g,“I would light this thing on fire” 🔥🤣,2026-03-23T02:03:26Z,7808,281,6
2026-03-23T22:27:47+00:00,a8PrkqVWt_s,UCKjEtnnXEHsXE9IvCb92V7g,Tony Delk breaks down the difference in the 2025 and 2026 Florida guards. #MarchMadness,2026-03-23T01:13:03Z,2339,14,1
2026-03-23T22:28:18+00:00,37OIcrcXpeM,UCKjEtnnXEHsXE9IvCb92V7g,Press Conference: Ohio State vs. Notre Dame Postgame (2026 Women's Second Round),2026-02-27T02:54:08Z,64,4,
2026-03-23T22:28:18+00:00,q7oYm4P9UKc,UCKjEtnnXEHsXE9IvCb92V7g,100 gorillas vs. Florida Final Boss? 🦍🐊 #shorts,2026-03-23T03:39:28Z,42949,474,34
2026-03-23T22:28:18+00:00,gRNQkeddOeo,UCKjEtnnXEHsXE9IvCb92V7g,“I would light this thing on fire” 🔥🤣,2026-03-23T02:03:26Z,7808,281,6
2026-03-23T22:28:18+00:00,a8PrkqVWt_s,UCKjEtnnXEHsXE9IvCb92V7g,Tony Delk breaks down the difference in the 2025 and 2026 Florida guards. #MarchMadness,2026-03-23T01:13:03Z,2339,14,1
2026-03-23T22:28:48+00:00,37OIcrcXpeM,UCKjEtnnXEHsXE9IvCb92V7g,Press Conference: Ohio State vs. Notre Dame Postgame (2026 Women's Second Round),2026-02-27T02:54:08Z,66,4,
2026-03-23T22:28:48+00:00,q7oYm4P9UKc,UCKjEtnnXEHsXE9IvCb92V7g,100 gorillas vs. Florida Final Boss? 🦍🐊 #shorts,2026-03-23T03:39:28Z,42949,474,34
2026-03-23T22:28:48+00:00,gRNQkeddOeo,UCKjEtnnXEHsXE9IvCb92V7g,“I would light this thing on fire” 🔥🤣,2026-03-23T02:03:26Z,7808,281,6
2026-03-23T22:28:48+00:00,a8PrkqVWt_s,UCKjEtnnXEHsXE9IvCb92V7g,Tony Delk breaks down the difference in the 2025 and 2026 Florida guards. #MarchMadness,2026-03-23T01:13:03Z,2339,14,1
2026-03-23T22:29:19+00:00,37OIcrcXpeM,UCKjEtnnXEHsXE9IvCb92V7g,Press Conference: Ohio State vs. Notre Dame Postgame (2026 Women's Second Round),2026-02-27T02:54:08Z,68,4,
2026-03-23T22:29:19+00:00,q7oYm4P9UKc,UCKjEtnnXEHsXE9IvCb92V7g,100 gorillas vs. Florida Final Boss? 🦍🐊 #shorts,2026-03-23T03:39:28Z,42949,474,34
2026-03-23T22:29:19+00:00,gRNQkeddOeo,UCKjEtnnXEHsXE9IvCb92V7g,“I would light this thing on fire” 🔥🤣,2026-03-23T02:03:26Z,7821,281,6
2026-03-23T22:29:19+00:00,a8PrkqVWt_s,UCKjEtnnXEHsXE9IvCb92V7g,Tony Delk breaks down the difference in the 2025 and 2026 Florida guards. #MarchMadness,2026-03-23T01:13:03Z,2339,14,1
2026-03-23T22:29:49+00:00,37OIcrcXpeM,UCKjEtnnXEHsXE9IvCb92V7g,Press Conference: Ohio State vs. Notre Dame Postgame (2026 Women's Second Round),2026-02-27T02:54:08Z,69,4,
2026-03-23T22:29:49+00:00,q7oYm4P9UKc,UCKjEtnnXEHsXE9IvCb92V7g,100 gorillas vs. Florida Final Boss? 🦍🐊 #shorts,2026-03-23T03:39:28Z,42949,474,34
2026-03-23T22:29:49+00:00,gRNQkeddOeo,UCKjEtnnXEHsXE9IvCb92V7g,“I would light this thing on fire” 🔥🤣,2026-03-23T02:03:26Z,7830,281,6
2026-03-23T22:29:49+00:00,a8PrkqVWt_s,UCKjEtnnXEHsXE9IvCb92V7g,Tony Delk breaks down the difference in the 2025 and 2026 Florida guards. #MarchMadness,2026-03-23T01:13:03Z,2339,14,1
2026-03-23T22:30:20+00:00,37OIcrcXpeM,UCKjEtnnXEHsXE9IvCb92V7g,Press Conference: Ohio State vs. Notre Dame Postgame (2026 Women's Second Round),2026-02-27T02:54:08Z,70,4,
2026-03-23T22:30:20+00:00,q7oYm4P9UKc,UCKjEtnnXEHsXE9IvCb92V7g,100 gorillas vs. Florida Final Boss? 🦍🐊 #shorts,2026-03-23T03:39:28Z,42949,475,34
2026-03-23T22:30:20+00:00,gRNQkeddOeo,UCKjEtnnXEHsXE9IvCb92V7g,“I would light this thing on fire” 🔥🤣,2026-03-23T02:03:26Z,7830,281,6
2026-03-23T22:30:20+00:00,a8PrkqVWt_s,UCKjEtnnXEHsXE9IvCb92V7g,Tony Delk breaks down the difference in the 2025 and 2026 Florida guards. #MarchMadness,2026-03-23T01:13:03Z,2339,14,1
2026-03-23T22:30:51+00:00,37OIcrcXpeM,UCKjEtnnXEHsXE9IvCb92V7g,Press Conference: Ohio State vs. Notre Dame Postgame (2026 Women's Second Round),2026-02-27T02:54:08Z,74,4,
2026-03-23T22:30:51+00:00,q7oYm4P9UKc,UCKjEtnnXEHsXE9IvCb92V7g,100 gorillas vs. Florida Final Boss? 🦍🐊 #shorts,2026-03-23T03:39:28Z,42949,475,34
2026-03-23T22:30:51+00:00,gRNQkeddOeo,UCKjEtnnXEHsXE9IvCb92V7g,“I would light this thing on fire” 🔥🤣,2026-03-23T02:03:26Z,7830,281,6
2026-03-23T22:30:51+00:00,a8PrkqVWt_s,UCKjEtnnXEHsXE9IvCb92V7g,Tony Delk breaks down the difference in the 2025 and 2026 Florida guards. #MarchMadness,2026-03-23T01:13:03Z,2339,14,1
2026-03-23T22:31:22+00:00,37OIcrcXpeM,UCKjEtnnXEHsXE9IvCb92V7g,Press Conference: Ohio State vs. Notre Dame Postgame (2026 Women's Second Round),2026-02-27T02:54:08Z,74,4,
2026-03-23T22:31:22+00:00,q7oYm4P9UKc,UCKjEtnnXEHsXE9IvCb92V7g,100 gorillas vs. Florida Final Boss? 🦍🐊 #shorts,2026-03-23T03:39:28Z,43215,476,34
2026-03-23T22:31:22+00:00,gRNQkeddOeo,UCKjEtnnXEHsXE9IvCb92V7g,“I would light this thing on fire” 🔥🤣,2026-03-23T02:03:26Z,7830,281,6
2026-03-23T22:31:22+00:00,a8PrkqVWt_s,UCKjEtnnXEHsXE9IvCb92V7g,Tony Delk breaks down the difference in the 2025 and 2026 Florida guards. #MarchMadness,2026-03-23T01:13:03Z,2345,14,1
2026-03-23T22:31:52+00:00,37OIcrcXpeM,UCKjEtnnXEHsXE9IvCb92V7g,Press Conference: Ohio State vs. Notre Dame Postgame (2026 Women's Second Round),2026-02-27T02:54:08Z,74,4,
2026-03-23T22:31:52+00:00,q7oYm4P9UKc,UCKjEtnnXEHsXE9IvCb92V7g,100 gorillas vs. Florida Final Boss? 🦍🐊 #shorts,2026-03-23T03:39:28Z,43215,477,34
2026-03-23T22:31:52+00:00,gRNQkeddOeo,UCKjEtnnXEHsXE9IvCb92V7g,“I would light this thing on fire” 🔥🤣,2026-03-23T02:03:26Z,7830,281,6
2026-03-23T22:31:52+00:00,a8PrkqVWt_s,UCKjEtnnXEHsXE9IvCb92V7g,Tony Delk breaks down the difference in the 2025 and 2026 Florida guards. #MarchMadness,2026-03-23T01:13:03Z,2345,14,1
2026-03-23T22:32:23+00:00,37OIcrcXpeM,UCKjEtnnXEHsXE9IvCb92V7g,Press Conference: Ohio State vs. Notre Dame Postgame (2026 Women's Second Round),2026-02-27T02:54:08Z,79,4,
2026-03-23T22:32:23+00:00,q7oYm4P9UKc,UCKjEtnnXEHsXE9IvCb92V7g,100 gorillas vs. Florida Final Boss? 🦍🐊 #shorts,2026-03-23T03:39:28Z,43215,477,34
2026-03-23T22:32:23+00:00,gRNQkeddOeo,UCKjEtnnXEHsXE9IvCb92V7g,“I would light this thing on fire” 🔥🤣,2026-03-23T02:03:26Z,7830,281,6
2026-03-23T22:32:23+00:00,a8PrkqVWt_s,UCKjEtnnXEHsXE9IvCb92V7g,Tony Delk breaks down the difference in the 2025 and 2026 Florida guards. #MarchMadness,2026-03-23T01:13:03Z,2345,14,1
2026-03-23T22:32:53+00:00,37OIcrcXpeM,UCKjEtnnXEHsXE9IvCb92V7g,Press Conference: Ohio State vs. Notre Dame Postgame (2026 Women's Second Round),2026-02-27T02:54:08Z,80,4,
2026-03-23T22:32:53+00:00,q7oYm4P9UKc,UCKjEtnnXEHsXE9IvCb92V7g,100 gorillas vs. Florida Final Boss? 🦍🐊 #shorts,2026-03-23T03:39:28Z,43215,477,34
2026-03-23T22:32:53+00:00,gRNQkeddOeo,UCKjEtnnXEHsXE9IvCb92V7g,“I would light this thing on fire” 🔥🤣,2026-03-23T02:03:26Z,7830,281,6
2026-03-23T22:32:53+00:00,a8PrkqVWt_s,UCKjEtnnXEHsXE9IvCb92V7g,Tony Delk breaks down the difference in the 2025 and 2026 Florida guards. #MarchMadness,2026-03-23T01:13:03Z,2345,14,1
2026-03-23T22:33:24+00:00,37OIcrcXpeM,UCKjEtnnXEHsXE9IvCb92V7g,Press Conference: Ohio State vs. Notre Dame Postgame (2026 Women's Second Round),2026-02-27T02:54:08Z,82,4,
2026-03-23T22:33:24+00:00,q7oYm4P9UKc,UCKjEtnnXEHsXE9IvCb92V7g,100 gorillas vs. Florida Final Boss? 🦍🐊 #shorts,2026-03-23T03:39:28Z,43215,478,34
2026-03-23T22:33:24+00:00,gRNQkeddOeo,UCKjEtnnXEHsXE9IvCb92V7g,“I would light this thing on fire” 🔥🤣,2026-03-23T02:03:26Z,7830,281,6
2026-03-23T22:33:24+00:00,a8PrkqVWt_s,UCKjEtnnXEHsXE9IvCb92V7g,Tony Delk breaks down the difference in the 2025 and 2026 Florida guards. #MarchMadness,2026-03-23T01:13:03Z,2345,14,1
2026-03-23T22:33:55+00:00,37OIcrcXpeM,UCKjEtnnXEHsXE9IvCb92V7g,Press Conference: Ohio State vs. Notre Dame Postgame (2026 Women's Second Round),2026-02-27T02:54:08Z,82,4,
2026-03-23T22:33:55+00:00,q7oYm4P9UKc,UCKjEtnnXEHsXE9IvCb92V7g,100 gorillas vs. Florida Final Boss? 🦍🐊 #shorts,2026-03-23T03:39:28Z,43215,478,34
2026-03-23T22:33:55+00:00,gRNQkeddOeo,UCKjEtnnXEHsXE9IvCb92V7g,“I would light this thing on fire” 🔥🤣,2026-03-23T02:03:26Z,7867,281,6
2026-03-23T22:33:55+00:00,a8PrkqVWt_s,UCKjEtnnXEHsXE9IvCb92V7g,Tony Delk breaks down the difference in the 2025 and 2026 Florida guards. #MarchMadness,2026-03-23T01:13:03Z,2345,14,1
2026-03-23T22:34:25+00:00,37OIcrcXpeM,UCKjEtnnXEHsXE9IvCb92V7g,Press Conference: Ohio State vs. Notre Dame Postgame (2026 Women's Second Round),2026-02-27T02:54:08Z,82,4,
2026-03-23T22:34:25+00:00,q7oYm4P9UKc,UCKjEtnnXEHsXE9IvCb92V7g,100 gorillas vs. Florida Final Boss? 🦍🐊 #shorts,2026-03-23T03:39:28Z,43215,479,34
2026-03-23T22:34:25+00:00,gRNQkeddOeo,UCKjEtnnXEHsXE9IvCb92V7g,“I would light this thing on fire” 🔥🤣,2026-03-23T02:03:26Z,7867,281,6
2026-03-23T22:34:25+00:00,a8PrkqVWt_s,UCKjEtnnXEHsXE9IvCb92V7g,Tony Delk breaks down the difference in the 2025 and 2026 Florida guards. #MarchMadness,2026-03-23T01:13:03Z,2345,14,1
2026-03-23T22:34:56+00:00,37OIcrcXpeM,UCKjEtnnXEHsXE9IvCb92V7g,Press Conference: Ohio State vs. Notre Dame Postgame (2026 Women's Second Round),2026-02-27T02:54:08Z,83,4,
2026-03-23T22:34:56+00:00,q7oYm4P9UKc,UCKjEtnnXEHsXE9IvCb92V7g,100 gorillas vs. Florida Final Boss? 🦍🐊 #shorts,2026-03-23T03:39:28Z,43215,480,34
2026-03-23T22:34:56+00:00,gRNQkeddOeo,UCKjEtnnXEHsXE9IvCb92V7g,“I would light this thing on fire” 🔥🤣,2026-03-23T02:03:26Z,7867,281,6
2026-03-23T22:34:56+00:00,a8PrkqVWt_s,UCKjEtnnXEHsXE9IvCb92V7g,Tony Delk breaks down the difference in the 2025 and 2026 Florida guards. #MarchMadness,2026-03-23T01:13:03Z,2345,14,1
2026-03-23T22:35:27+00:00,37OIcrcXpeM,UCKjEtnnXEHsXE9IvCb92V7g,Press Conference: Ohio State vs. Notre Dame Postgame (2026 Women's Second Round),2026-02-27T02:54:08Z,83,4,
2026-03-23T22:35:27+00:00,q7oYm4P9UKc,UCKjEtnnXEHsXE9IvCb92V7g,100 gorillas vs. Florida Final Boss? 🦍🐊 #shorts,2026-03-23T03:39:28Z,43215,480,34
2026-03-23T22:35:27+00:00,gRNQkeddOeo,UCKjEtnnXEHsXE9IvCb92V7g,“I would light this thing on fire” 🔥🤣,2026-03-23T02:03:26Z,7867,281,6
2026-03-23T22:35:27+00:00,a8PrkqVWt_s,UCKjEtnnXEHsXE9IvCb92V7g,Tony Delk breaks down the difference in the 2025 and 2026 Florida guards. #MarchMadness,2026-03-23T01:13:03Z,2345,14,1
2026-03-23T22:35:58+00:00,37OIcrcXpeM,UCKjEtnnXEHsXE9IvCb92V7g,Press Conference: Ohio State vs. Notre Dame Postgame (2026 Women's Second Round),2026-02-27T02:54:08Z,83,4,
2026-03-23T22:35:58+00:00,q7oYm4P9UKc,UCKjEtnnXEHsXE9IvCb92V7g,100 gorillas vs. Florida Final Boss? 🦍🐊 #shorts,2026-03-23T03:39:28Z,43215,481,34
2026-03-23T22:35:58+00:00,gRNQkeddOeo,UCKjEtnnXEHsXE9IvCb92V7g,“I would light this thing on fire” 🔥🤣,2026-03-23T02:03:26Z,7867,281,6
2026-03-23T22:35:58+00:00,a8PrkqVWt_s,UCKjEtnnXEHsXE9IvCb92V7g,Tony Delk breaks down the difference in the 2025 and 2026 Florida guards. #MarchMadness,2026-03-23T01:13:03Z,2345,14,1
2026-03-23T22:36:29+00:00,37OIcrcXpeM,UCKjEtnnXEHsXE9IvCb92V7g,Press Conference: Ohio State vs. Notre Dame Postgame (2026 Women's Second Round),2026-02-27T02:54:08Z,84,4,
2026-03-23T22:36:29+00:00,q7oYm4P9UKc,UCKjEtnnXEHsXE9IvCb92V7g,100 gorillas vs. Florida Final Boss? 🦍🐊 #shorts,2026-03-23T03:39:28Z,43524,481,34
2026-03-23T22:36:29+00:00,gRNQkeddOeo,UCKjEtnnXEHsXE9IvCb92V7g,“I would light this thing on fire” 🔥🤣,2026-03-23T02:03:26Z,7867,281,6
2026-03-23T22:36:29+00:00,a8PrkqVWt_s,UCKjEtnnXEHsXE9IvCb92V7g,Tony Delk breaks down the difference in the 2025 and 2026 Florida guards. #MarchMadness,2026-03-23T01:13:03Z,2345,14,1
2026-03-23T22:36:59+00:00,37OIcrcXpeM,UCKjEtnnXEHsXE9IvCb92V7g,Press Conference: Ohio State vs. Notre Dame Postgame (2026 Women's Second Round),2026-02-27T02:54:08Z,87,4,
2026-03-23T22:36:59+00:00,q7oYm4P9UKc,UCKjEtnnXEHsXE9IvCb92V7g,100 gorillas vs. Florida Final Boss? 🦍🐊 #shorts,2026-03-23T03:39:28Z,43524,482,34
2026-03-23T22:36:59+00:00,gRNQkeddOeo,UCKjEtnnXEHsXE9IvCb92V7g,“I would light this thing on fire” 🔥🤣,2026-03-23T02:03:26Z,7867,283,6
2026-03-23T22:36:59+00:00,a8PrkqVWt_s,UCKjEtnnXEHsXE9IvCb92V7g,Tony Delk breaks down the difference in the 2025 and 2026 Florida guards. #MarchMadness,2026-03-23T01:13:03Z,2345,14,1
2026-03-23T22:37:30+00:00,37OIcrcXpeM,UCKjEtnnXEHsXE9IvCb92V7g,Press Conference: Ohio State vs. Notre Dame Postgame (2026 Women's Second Round),2026-02-27T02:54:08Z,87,4,
2026-03-23T22:37:30+00:00,q7oYm4P9UKc,UCKjEtnnXEHsXE9IvCb92V7g,100 gorillas vs. Florida Final Boss? 🦍🐊 #shorts,2026-03-23T03:39:28Z,43524,483,34
2026-03-23T22:37:30+00:00,gRNQkeddOeo,UCKjEtnnXEHsXE9IvCb92V7g,“I would light this thing on fire” 🔥🤣,2026-03-23T02:03:26Z,7867,283,6
2026-03-23T22:37:30+00:00,a8PrkqVWt_s,UCKjEtnnXEHsXE9IvCb92V7g,Tony Delk breaks down the difference in the 2025 and 2026 Florida guards. #MarchMadness,2026-03-23T01:13:03Z,2345,14,1
2026-03-23T22:38:01+00:00,37OIcrcXpeM,UCKjEtnnXEHsXE9IvCb92V7g,Press Conference: Ohio State vs. Notre Dame Postgame (2026 Women's Second Round),2026-02-27T02:54:08Z,89,4,
2026-03-23T22:38:01+00:00,q7oYm4P9UKc,UCKjEtnnXEHsXE9IvCb92V7g,100 gorillas vs. Florida Final Boss? 🦍🐊 #shorts,2026-03-23T03:39:28Z,43524,483,34
2026-03-23T22:38:01+00:00,gRNQkeddOeo,UCKjEtnnXEHsXE9IvCb92V7g,“I would light this thing on fire” 🔥🤣,2026-03-23T02:03:26Z,7867,283,6
2026-03-23T22:38:01+00:00,a8PrkqVWt_s,UCKjEtnnXEHsXE9IvCb92V7g,Tony Delk breaks down the difference in the 2025 and 2026 Florida guards. #MarchMadness,2026-03-23T01:13:03Z,2345,14,1
2026-03-23T22:38:32+00:00,37OIcrcXpeM,UCKjEtnnXEHsXE9IvCb92V7g,Press Conference: Ohio State vs. Notre Dame Postgame (2026 Women's Second Round),2026-02-27T02:54:08Z,89,4,
2026-03-23T22:38:32+00:00,q7oYm4P9UKc,UCKjEtnnXEHsXE9IvCb92V7g,100 gorillas vs. Florida Final Boss? 🦍🐊 #shorts,2026-03-23T03:39:28Z,43524,483,34
2026-03-23T22:38:32+00:00,gRNQkeddOeo,UCKjEtnnXEHsXE9IvCb92V7g,“I would light this thing on fire” 🔥🤣,2026-03-23T02:03:26Z,7867,283,6
2026-03-23T22:38:32+00:00,a8PrkqVWt_s,UCKjEtnnXEHsXE9IvCb92V7g,Tony Delk breaks down the difference in the 2025 and 2026 Florida guards. #MarchMadness,2026-03-23T01:13:03Z,2345,14,1
2026-03-23T22:39:02+00:00,37OIcrcXpeM,UCKjEtnnXEHsXE9IvCb92V7g,Press Conference: Ohio State vs. Notre Dame Postgame (2026 Women's Second Round),2026-02-27T02:54:08Z,92,4,
2026-03-23T22:39:02+00:00,q7oYm4P9UKc,UCKjEtnnXEHsXE9IvCb92V7g,100 gorillas vs. Florida Final Boss? 🦍🐊 #shorts,2026-03-23T03:39:28Z,43524,483,34
2026-03-23T22:39:02+00:00,gRNQkeddOeo,UCKjEtnnXEHsXE9IvCb92V7g,“I would light this thing on fire” 🔥🤣,2026-03-23T02:03:26Z,7906,283,6
2026-03-23T22:39:02+00:00,a8PrkqVWt_s,UCKjEtnnXEHsXE9IvCb92V7g,Tony Delk breaks down the difference in the 2025 and 2026 Florida guards. #MarchMadness,2026-03-23T01:13:03Z,2345,14,1
2026-03-23T22:39:33+00:00,37OIcrcXpeM,UCKjEtnnXEHsXE9IvCb92V7g,Press Conference: Ohio State vs. Notre Dame Postgame (2026 Women's Second Round),2026-02-27T02:54:08Z,96,4,
2026-03-23T22:39:33+00:00,q7oYm4P9UKc,UCKjEtnnXEHsXE9IvCb92V7g,100 gorillas vs. Florida Final Boss? 🦍🐊 #shorts,2026-03-23T03:39:28Z,43524,484,34
2026-03-23T22:39:33+00:00,gRNQkeddOeo,UCKjEtnnXEHsXE9IvCb92V7g,“I would light this thing on fire” 🔥🤣,2026-03-23T02:03:26Z,7906,284,6
2026-03-23T22:39:33+00:00,a8PrkqVWt_s,UCKjEtnnXEHsXE9IvCb92V7g,Tony Delk breaks down the difference in the 2025 and 2026 Florida guards. #MarchMadness,2026-03-23T01:13:03Z,2345,14,1
2026-03-23T22:40:04+00:00,37OIcrcXpeM,UCKjEtnnXEHsXE9IvCb92V7g,Press Conference: Ohio State vs. Notre Dame Postgame (2026 Women's Second Round),2026-02-27T02:54:08Z,96,4,
2026-03-23T22:40:04+00:00,q7oYm4P9UKc,UCKjEtnnXEHsXE9IvCb92V7g,100 gorillas vs. Florida Final Boss? 🦍🐊 #shorts,2026-03-23T03:39:28Z,43524,485,34
2026-03-23T22:40:04+00:00,gRNQkeddOeo,UCKjEtnnXEHsXE9IvCb92V7g,“I would light this thing on fire” 🔥🤣,2026-03-23T02:03:26Z,7906,284,6
2026-03-23T22:40:04+00:00,a8PrkqVWt_s,UCKjEtnnXEHsXE9IvCb92V7g,Tony Delk breaks down the difference in the 2025 and 2026 Florida guards. #MarchMadness,2026-03-23T01:13:03Z,2345,14,1
2026-03-23T22:40:35+00:00,37OIcrcXpeM,UCKjEtnnXEHsXE9IvCb92V7g,Press Conference: Ohio State vs. Notre Dame Postgame (2026 Women's Second Round),2026-02-27T02:54:08Z,97,4,
2026-03-23T22:40:35+00:00,q7oYm4P9UKc,UCKjEtnnXEHsXE9IvCb92V7g,100 gorillas vs. Florida Final Boss? 🦍🐊 #shorts,2026-03-23T03:39:28Z,43524,485,34
2026-03-23T22:40:35+00:00,gRNQkeddOeo,UCKjEtnnXEHsXE9IvCb92V7g,“I would light this thing on fire” 🔥🤣,2026-03-23T02:03:26Z,7906,284,6
2026-03-23T22:40:35+00:00,a8PrkqVWt_s,UCKjEtnnXEHsXE9IvCb92V7g,Tony Delk breaks down the difference in the 2025 and 2026 Florida guards. #MarchMadness,2026-03-23T01:13:03Z,2345,14,1
2026-03-23T22:41:05+00:00,37OIcrcXpeM,UCKjEtnnXEHsXE9IvCb92V7g,Press Conference: Ohio State vs. Notre Dame Postgame (2026 Women's Second Round),2026-02-27T02:54:08Z,99,4,
2026-03-23T22:41:05+00:00,q7oYm4P9UKc,UCKjEtnnXEHsXE9IvCb92V7g,100 gorillas vs. Florida Final Boss? 🦍🐊 #shorts,2026-03-23T03:39:28Z,43760,486,34
2026-03-23T22:41:05+00:00,gRNQkeddOeo,UCKjEtnnXEHsXE9IvCb92V7g,“I would light this thing on fire” 🔥🤣,2026-03-23T02:03:26Z,7906,284,6
2026-03-23T22:41:05+00:00,a8PrkqVWt_s,UCKjEtnnXEHsXE9IvCb92V7g,Tony Delk breaks down the difference in the 2025 and 2026 Florida guards. #MarchMadness,2026-03-23T01:13:03Z,2345,14,1
2026-03-23T22:41:36+00:00,37OIcrcXpeM,UCKjEtnnXEHsXE9IvCb92V7g,Press Conference: Ohio State vs. Notre Dame Postgame (2026 Women's Second Round),2026-02-27T02:54:08Z,99,4,
2026-03-23T22:41:36+00:00,q7oYm4P9UKc,UCKjEtnnXEHsXE9IvCb92V7g,100 gorillas vs. Florida Final Boss? 🦍🐊 #shorts,2026-03-23T03:39:28Z,43760,487,34
2026-03-23T22:41:36+00:00,gRNQkeddOeo,UCKjEtnnXEHsXE9IvCb92V7g,“I would light this thing on fire” 🔥🤣,2026-03-23T02:03:26Z,7906,284,6
2026-03-23T22:41:36+00:00,a8PrkqVWt_s,UCKjEtnnXEHsXE9IvCb92V7g,Tony Delk breaks down the difference in the 2025 and 2026 Florida guards. #MarchMadness,2026-03-23T01:13:03Z,2349,14,1
2026-03-23T22:42:07+00:00,37OIcrcXpeM,UCKjEtnnXEHsXE9IvCb92V7g,Press Conference: Ohio State vs. Notre Dame Postgame (2026 Women's Second Round),2026-02-27T02:54:08Z,103,4,
2026-03-23T22:42:07+00:00,q7oYm4P9UKc,UCKjEtnnXEHsXE9IvCb92V7g,100 gorillas vs. Florida Final Boss? 🦍🐊 #shorts,2026-03-23T03:39:28Z,43760,487,34
2026-03-23T22:42:07+00:00,gRNQkeddOeo,UCKjEtnnXEHsXE9IvCb92V7g,“I would light this thing on fire” 🔥🤣,2026-03-23T02:03:26Z,7906,284,6
2026-03-23T22:42:07+00:00,a8PrkqVWt_s,UCKjEtnnXEHsXE9IvCb92V7g,Tony Delk breaks down the difference in the 2025 and 2026 Florida guards. #MarchMadness,2026-03-23T01:13:03Z,2349,14,1
2026-03-23T22:42:38+00:00,37OIcrcXpeM,UCKjEtnnXEHsXE9IvCb92V7g,Press Conference: Ohio State vs. Notre Dame Postgame (2026 Women's Second Round),2026-02-27T02:54:08Z,103,4,
2026-03-23T22:42:38+00:00,q7oYm4P9UKc,UCKjEtnnXEHsXE9IvCb92V7g,100 gorillas vs. Florida Final Boss? 🦍🐊 #shorts,2026-03-23T03:39:28Z,43760,487,34
2026-03-23T22:42:38+00:00,gRNQkeddOeo,UCKjEtnnXEHsXE9IvCb92V7g,“I would light this thing on fire” 🔥🤣,2026-03-23T02:03:26Z,7906,284,6
2026-03-23T22:42:38+00:00,a8PrkqVWt_s,UCKjEtnnXEHsXE9IvCb92V7g,Tony Delk breaks down the difference in the 2025 and 2026 Florida guards. #MarchMadness,2026-03-23T01:13:03Z,2349,14,1
2026-03-23T22:43:09+00:00,37OIcrcXpeM,UCKjEtnnXEHsXE9IvCb92V7g,Press Conference: Ohio State vs. Notre Dame Postgame (2026 Women's Second Round),2026-02-27T02:54:08Z,103,4,
2026-03-23T22:43:09+00:00,q7oYm4P9UKc,UCKjEtnnXEHsXE9IvCb92V7g,100 gorillas vs. Florida Final Boss? 🦍🐊 #shorts,2026-03-23T03:39:28Z,43760,487,34
2026-03-23T22:43:09+00:00,gRNQkeddOeo,UCKjEtnnXEHsXE9IvCb92V7g,“I would light this thing on fire” 🔥🤣,2026-03-23T02:03:26Z,7906,284,6
2026-03-23T22:43:09+00:00,a8PrkqVWt_s,UCKjEtnnXEHsXE9IvCb92V7g,Tony Delk breaks down the difference in the 2025 and 2026 Florida guards. #MarchMadness,2026-03-23T01:13:03Z,2349,14,1
2026-03-23T22:43:40+00:00,37OIcrcXpeM,UCKjEtnnXEHsXE9IvCb92V7g,Press Conference: Ohio State vs. Notre Dame Postgame (2026 Women's Second Round),2026-02-27T02:54:08Z,103,4,
2026-03-23T22:43:40+00:00,q7oYm4P9UKc,UCKjEtnnXEHsXE9IvCb92V7g,100 gorillas vs. Florida Final Boss? 🦍🐊 #shorts,2026-03-23T03:39:28Z,43760,487,34
2026-03-23T22:43:40+00:00,gRNQkeddOeo,UCKjEtnnXEHsXE9IvCb92V7g,“I would light this thing on fire” 🔥🤣,2026-03-23T02:03:26Z,7906,284,6
2026-03-23T22:43:40+00:00,a8PrkqVWt_s,UCKjEtnnXEHsXE9IvCb92V7g,Tony Delk breaks down the difference in the 2025 and 2026 Florida guards. #MarchMadness,2026-03-23T01:13:03Z,2349,14,1
2026-03-23T22:44:11+00:00,37OIcrcXpeM,UCKjEtnnXEHsXE9IvCb92V7g,Press Conference: Ohio State vs. Notre Dame Postgame (2026 Women's Second Round),2026-02-27T02:54:08Z,103,4,
2026-03-23T22:44:11+00:00,q7oYm4P9UKc,UCKjEtnnXEHsXE9IvCb92V7g,100 gorillas vs. Florida Final Boss? 🦍🐊 #shorts,2026-03-23T03:39:28Z,43760,487,34
2026-03-23T22:44:11+00:00,gRNQkeddOeo,UCKjEtnnXEHsXE9IvCb92V7g,“I would light this thing on fire” 🔥🤣,2026-03-23T02:03:26Z,7936,284,6
2026-03-23T22:44:11+00:00,a8PrkqVWt_s,UCKjEtnnXEHsXE9IvCb92V7g,Tony Delk breaks down the difference in the 2025 and 2026 Florida guards. #MarchMadness,2026-03-23T01:13:03Z,2349,14,1
2026-03-23T22:44:42+00:00,37OIcrcXpeM,UCKjEtnnXEHsXE9IvCb92V7g,Press Conference: Ohio State vs. Notre Dame Postgame (2026 Women's Second Round),2026-02-27T02:54:08Z,106,4,
2026-03-23T22:44:42+00:00,q7oYm4P9UKc,UCKjEtnnXEHsXE9IvCb92V7g,100 gorillas vs. Florida Final Boss? 🦍🐊 #shorts,2026-03-23T03:39:28Z,43760,488,34
2026-03-23T22:44:42+00:00,gRNQkeddOeo,UCKjEtnnXEHsXE9IvCb92V7g,“I would light this thing on fire” 🔥🤣,2026-03-23T02:03:26Z,7936,284,6
2026-03-23T22:44:42+00:00,a8PrkqVWt_s,UCKjEtnnXEHsXE9IvCb92V7g,Tony Delk breaks down the difference in the 2025 and 2026 Florida guards. #MarchMadness,2026-03-23T01:13:03Z,2349,14,1
2026-03-23T22:45:13+00:00,37OIcrcXpeM,UCKjEtnnXEHsXE9IvCb92V7g,Press Conference: Ohio State vs. Notre Dame Postgame (2026 Women's Second Round),2026-02-27T02:54:08Z,108,4,
2026-03-23T22:45:13+00:00,q7oYm4P9UKc,UCKjEtnnXEHsXE9IvCb92V7g,100 gorillas vs. Florida Final Boss? 🦍🐊 #shorts,2026-03-23T03:39:28Z,43760,488,34
2026-03-23T22:45:13+00:00,gRNQkeddOeo,UCKjEtnnXEHsXE9IvCb92V7g,“I would light this thing on fire” 🔥🤣,2026-03-23T02:03:26Z,7936,284,6
2026-03-23T22:45:13+00:00,a8PrkqVWt_s,UCKjEtnnXEHsXE9IvCb92V7g,Tony Delk breaks down the difference in the 2025 and 2026 Florida guards. #MarchMadness,2026-03-23T01:13:03Z,2349,14,1
2026-03-23T22:45:44+00:00,37OIcrcXpeM,UCKjEtnnXEHsXE9IvCb92V7g,Press Conference: Ohio State vs. Notre Dame Postgame (2026 Women's Second Round),2026-02-27T02:54:08Z,110,4,
2026-03-23T22:45:44+00:00,q7oYm4P9UKc,UCKjEtnnXEHsXE9IvCb92V7g,100 gorillas vs. Florida Final Boss? 🦍🐊 #shorts,2026-03-23T03:39:28Z,43760,488,34
2026-03-23T22:45:44+00:00,gRNQkeddOeo,UCKjEtnnXEHsXE9IvCb92V7g,“I would light this thing on fire” 🔥🤣,2026-03-23T02:03:26Z,7936,284,6
2026-03-23T22:45:44+00:00,a8PrkqVWt_s,UCKjEtnnXEHsXE9IvCb92V7g,Tony Delk breaks down the difference in the 2025 and 2026 Florida guards. #MarchMadness,2026-03-23T01:13:03Z,2349,14,1
2026-03-23T22:46:14+00:00,37OIcrcXpeM,UCKjEtnnXEHsXE9IvCb92V7g,Press Conference: Ohio State vs. Notre Dame Postgame (2026 Women's Second Round),2026-02-27T02:54:08Z,112,4,
2026-03-23T22:46:14+00:00,q7oYm4P9UKc,UCKjEtnnXEHsXE9IvCb92V7g,100 gorillas vs. Florida Final Boss? 🦍🐊 #shorts,2026-03-23T03:39:28Z,43760,489,34
2026-03-23T22:46:14+00:00,gRNQkeddOeo,UCKjEtnnXEHsXE9IvCb92V7g,“I would light this thing on fire” 🔥🤣,2026-03-23T02:03:26Z,7936,284,6
2026-03-23T22:46:14+00:00,a8PrkqVWt_s,UCKjEtnnXEHsXE9IvCb92V7g,Tony Delk breaks down the difference in the 2025 and 2026 Florida guards. #MarchMadness,2026-03-23T01:13:03Z,2356,14,1
2026-03-23T22:46:45+00:00,37OIcrcXpeM,UCKjEtnnXEHsXE9IvCb92V7g,Press Conference: Ohio State vs. Notre Dame Postgame (2026 Women's Second Round),2026-02-27T02:54:08Z,112,4,
2026-03-23T22:46:45+00:00,q7oYm4P9UKc,UCKjEtnnXEHsXE9IvCb92V7g,100 gorillas vs. Florida Final Boss? 🦍🐊 #shorts,2026-03-23T03:39:28Z,44055,489,34
2026-03-23T22:46:45+00:00,gRNQkeddOeo,UCKjEtnnXEHsXE9IvCb92V7g,“I would light this thing on fire” 🔥🤣,2026-03-23T02:03:26Z,7936,284,6
2026-03-23T22:46:45+00:00,a8PrkqVWt_s,UCKjEtnnXEHsXE9IvCb92V7g,Tony Delk breaks down the difference in the 2025 and 2026 Florida guards. #MarchMadness,2026-03-23T01:13:03Z,2356,14,1
2026-03-23T22:47:15+00:00,37OIcrcXpeM,UCKjEtnnXEHsXE9IvCb92V7g,Press Conference: Ohio State vs. Notre Dame Postgame (2026 Women's Second Round),2026-02-27T02:54:08Z,113,4,
2026-03-23T22:47:15+00:00,q7oYm4P9UKc,UCKjEtnnXEHsXE9IvCb92V7g,100 gorillas vs. Florida Final Boss? 🦍🐊 #shorts,2026-03-23T03:39:28Z,44055,491,34
2026-03-23T22:47:15+00:00,gRNQkeddOeo,UCKjEtnnXEHsXE9IvCb92V7g,“I would light this thing on fire” 🔥🤣,2026-03-23T02:03:26Z,7936,284,6
2026-03-23T22:47:15+00:00,a8PrkqVWt_s,UCKjEtnnXEHsXE9IvCb92V7g,Tony Delk breaks down the difference in the 2025 and 2026 Florida guards. #MarchMadness,2026-03-23T01:13:03Z,2356,14,1
2026-03-23T22:47:46+00:00,37OIcrcXpeM,UCKjEtnnXEHsXE9IvCb92V7g,Press Conference: Ohio State vs. Notre Dame Postgame (2026 Women's Second Round),2026-02-27T02:54:08Z,116,4,
2026-03-23T22:47:46+00:00,q7oYm4P9UKc,UCKjEtnnXEHsXE9IvCb92V7g,100 gorillas vs. Florida Final Boss? 🦍🐊 #shorts,2026-03-23T03:39:28Z,44055,491,34
2026-03-23T22:47:46+00:00,gRNQkeddOeo,UCKjEtnnXEHsXE9IvCb92V7g,“I would light this thing on fire” 🔥🤣,2026-03-23T02:03:26Z,7936,284,6
2026-03-23T22:47:46+00:00,a8PrkqVWt_s,UCKjEtnnXEHsXE9IvCb92V7g,Tony Delk breaks down the difference in the 2025 and 2026 Florida guards. #MarchMadness,2026-03-23T01:13:03Z,2356,14,1
2026-03-23T22:48:16+00:00,37OIcrcXpeM,UCKjEtnnXEHsXE9IvCb92V7g,Press Conference: Ohio State vs. Notre Dame Postgame (2026 Women's Second Round),2026-02-27T02:54:08Z,120,4,
2026-03-23T22:48:16+00:00,q7oYm4P9UKc,UCKjEtnnXEHsXE9IvCb92V7g,100 gorillas vs. Florida Final Boss? 🦍🐊 #shorts,2026-03-23T03:39:28Z,44055,491,34
2026-03-23T22:48:16+00:00,gRNQkeddOeo,UCKjEtnnXEHsXE9IvCb92V7g,“I would light this thing on fire” 🔥🤣,2026-03-23T02:03:26Z,7936,284,6
2026-03-23T22:48:16+00:00,a8PrkqVWt_s,UCKjEtnnXEHsXE9IvCb92V7g,Tony Delk breaks down the difference in the 2025 and 2026 Florida guards. #MarchMadness,2026-03-23T01:13:03Z,2356,14,1
2026-03-23T22:48:47+00:00,37OIcrcXpeM,UCKjEtnnXEHsXE9IvCb92V7g,Press Conference: Ohio State vs. Notre Dame Postgame (2026 Women's Second Round),2026-02-27T02:54:08Z,120,4,
2026-03-23T22:48:47+00:00,q7oYm4P9UKc,UCKjEtnnXEHsXE9IvCb92V7g,100 gorillas vs. Florida Final Boss? 🦍🐊 #shorts,2026-03-23T03:39:28Z,44055,491,34
2026-03-23T22:48:47+00:00,gRNQkeddOeo,UCKjEtnnXEHsXE9IvCb92V7g,“I would light this thing on fire” 🔥🤣,2026-03-23T02:03:26Z,7936,285,6
2026-03-23T22:48:47+00:00,a8PrkqVWt_s,UCKjEtnnXEHsXE9IvCb92V7g,Tony Delk breaks down the difference in the 2025 and 2026 Florida guards. #MarchMadness,2026-03-23T01:13:03Z,2356,14,1
2026-03-23T22:49:18+00:00,37OIcrcXpeM,UCKjEtnnXEHsXE9IvCb92V7g,Press Conference: Ohio State vs. Notre Dame Postgame (2026 Women's Second Round),2026-02-27T02:54:08Z,120,4,
2026-03-23T22:49:18+00:00,q7oYm4P9UKc,UCKjEtnnXEHsXE9IvCb92V7g,100 gorillas vs. Florida Final Boss? 🦍🐊 #shorts,2026-03-23T03:39:28Z,44055,491,34
2026-03-23T22:49:18+00:00,gRNQkeddOeo,UCKjEtnnXEHsXE9IvCb92V7g,“I would light this thing on fire” 🔥🤣,2026-03-23T02:03:26Z,7988,285,6
2026-03-23T22:49:18+00:00,a8PrkqVWt_s,UCKjEtnnXEHsXE9IvCb92V7g,Tony Delk breaks down the difference in the 2025 and 2026 Florida guards. #MarchMadness,2026-03-23T01:13:03Z,2356,14,1
2026-03-23T22:49:49+00:00,37OIcrcXpeM,UCKjEtnnXEHsXE9IvCb92V7g,Press Conference: Ohio State vs. Notre Dame Postgame (2026 Women's Second Round),2026-02-27T02:54:08Z,123,4,
2026-03-23T22:49:49+00:00,q7oYm4P9UKc,UCKjEtnnXEHsXE9IvCb92V7g,100 gorillas vs. Florida Final Boss? 🦍🐊 #shorts,2026-03-23T03:39:28Z,44055,491,34
2026-03-23T22:49:49+00:00,gRNQkeddOeo,UCKjEtnnXEHsXE9IvCb92V7g,“I would light this thing on fire” 🔥🤣,2026-03-23T02:03:26Z,7988,285,6
2026-03-23T22:49:49+00:00,a8PrkqVWt_s,UCKjEtnnXEHsXE9IvCb92V7g,Tony Delk breaks down the difference in the 2025 and 2026 Florida guards. #MarchMadness,2026-03-23T01:13:03Z,2356,14,1
2026-03-23T22:50:20+00:00,37OIcrcXpeM,UCKjEtnnXEHsXE9IvCb92V7g,Press Conference: Ohio State vs. Notre Dame Postgame (2026 Women's Second Round),2026-02-27T02:54:08Z,123,4,
2026-03-23T22:50:20+00:00,q7oYm4P9UKc,UCKjEtnnXEHsXE9IvCb92V7g,100 gorillas vs. Florida Final Boss? 🦍🐊 #shorts,2026-03-23T03:39:28Z,44055,492,34
2026-03-23T22:50:20+00:00,gRNQkeddOeo,UCKjEtnnXEHsXE9IvCb92V7g,“I would light this thing on fire” 🔥🤣,2026-03-23T02:03:26Z,7988,285,6
2026-03-23T22:50:20+00:00,a8PrkqVWt_s,UCKjEtnnXEHsXE9IvCb92V7g,Tony Delk breaks down the difference in the 2025 and 2026 Florida guards. #MarchMadness,2026-03-23T01:13:03Z,2356,14,1
2026-03-23T22:50:51+00:00,37OIcrcXpeM,UCKjEtnnXEHsXE9IvCb92V7g,Press Conference: Ohio State vs. Notre Dame Postgame (2026 Women's Second Round),2026-02-27T02:54:08Z,126,4,
2026-03-23T22:50:51+00:00,q7oYm4P9UKc,UCKjEtnnXEHsXE9IvCb92V7g,100 gorillas vs. Florida Final Boss? 🦍🐊 #shorts,2026-03-23T03:39:28Z,44055,492,34
2026-03-23T22:50:51+00:00,gRNQkeddOeo,UCKjEtnnXEHsXE9IvCb92V7g,“I would light this thing on fire” 🔥🤣,2026-03-23T02:03:26Z,7988,285,6
2026-03-23T22:50:51+00:00,a8PrkqVWt_s,UCKjEtnnXEHsXE9IvCb92V7g,Tony Delk breaks down the difference in the 2025 and 2026 Florida guards. #MarchMadness,2026-03-23T01:13:03Z,2356,14,1
2026-03-23T22:51:22+00:00,37OIcrcXpeM,UCKjEtnnXEHsXE9IvCb92V7g,Press Conference: Ohio State vs. Notre Dame Postgame (2026 Women's Second Round),2026-02-27T02:54:08Z,126,4,
2026-03-23T22:51:22+00:00,q7oYm4P9UKc,UCKjEtnnXEHsXE9IvCb92V7g,100 gorillas vs. Florida Final Boss? 🦍🐊 #shorts,2026-03-23T03:39:28Z,44343,493,34
2026-03-23T22:51:22+00:00,gRNQkeddOeo,UCKjEtnnXEHsXE9IvCb92V7g,“I would light this thing on fire” 🔥🤣,2026-03-23T02:03:26Z,7988,285,6
2026-03-23T22:51:22+00:00,a8PrkqVWt_s,UCKjEtnnXEHsXE9IvCb92V7g,Tony Delk breaks down the difference in the 2025 and 2026 Florida guards. #MarchMadness,2026-03-23T01:13:03Z,2362,14,1
2026-03-23T22:51:53+00:00,37OIcrcXpeM,UCKjEtnnXEHsXE9IvCb92V7g,Press Conference: Ohio State vs. Notre Dame Postgame (2026 Women's Second Round),2026-02-27T02:54:08Z,127,4,
2026-03-23T22:51:53+00:00,q7oYm4P9UKc,UCKjEtnnXEHsXE9IvCb92V7g,100 gorillas vs. Florida Final Boss? 🦍🐊 #shorts,2026-03-23T03:39:28Z,44343,493,34
2026-03-23T22:51:53+00:00,gRNQkeddOeo,UCKjEtnnXEHsXE9IvCb92V7g,“I would light this thing on fire” 🔥🤣,2026-03-23T02:03:26Z,7988,285,6
2026-03-23T22:51:53+00:00,a8PrkqVWt_s,UCKjEtnnXEHsXE9IvCb92V7g,Tony Delk breaks down the difference in the 2025 and 2026 Florida guards. #MarchMadness,2026-03-23T01:13:03Z,2362,14,1
2026-03-23T22:52:23+00:00,37OIcrcXpeM,UCKjEtnnXEHsXE9IvCb92V7g,Press Conference: Ohio State vs. Notre Dame Postgame (2026 Women's Second Round),2026-02-27T02:54:08Z,128,4,
2026-03-23T22:52:23+00:00,q7oYm4P9UKc,UCKjEtnnXEHsXE9IvCb92V7g,100 gorillas vs. Florida Final Boss? 🦍🐊 #shorts,2026-03-23T03:39:28Z,44343,494,34
2026-03-23T22:52:23+00:00,gRNQkeddOeo,UCKjEtnnXEHsXE9IvCb92V7g,“I would light this thing on fire” 🔥🤣,2026-03-23T02:03:26Z,7988,286,6
2026-03-23T22:52:23+00:00,a8PrkqVWt_s,UCKjEtnnXEHsXE9IvCb92V7g,Tony Delk breaks down the difference in the 2025 and 2026 Florida guards. #MarchMadness,2026-03-23T01:13:03Z,2362,14,1
2026-03-23T22:52:54+00:00,37OIcrcXpeM,UCKjEtnnXEHsXE9IvCb92V7g,Press Conference: Ohio State vs. Notre Dame Postgame (2026 Women's Second Round),2026-02-27T02:54:08Z,130,4,
2026-03-23T22:52:54+00:00,q7oYm4P9UKc,UCKjEtnnXEHsXE9IvCb92V7g,100 gorillas vs. Florida Final Boss? 🦍🐊 #shorts,2026-03-23T03:39:28Z,44343,494,34
2026-03-23T22:52:54+00:00,gRNQkeddOeo,UCKjEtnnXEHsXE9IvCb92V7g,“I would light this thing on fire” 🔥🤣,2026-03-23T02:03:26Z,7988,286,6
2026-03-23T22:52:54+00:00,a8PrkqVWt_s,UCKjEtnnXEHsXE9IvCb92V7g,Tony Delk breaks down the difference in the 2025 and 2026 Florida guards. #MarchMadness,2026-03-23T01:13:03Z,2362,14,1
2026-03-23T22:53:24+00:00,37OIcrcXpeM,UCKjEtnnXEHsXE9IvCb92V7g,Press Conference: Ohio State vs. Notre Dame Postgame (2026 Women's Second Round),2026-02-27T02:54:08Z,132,4,
2026-03-23T22:53:24+00:00,q7oYm4P9UKc,UCKjEtnnXEHsXE9IvCb92V7g,100 gorillas vs. Florida Final Boss? 🦍🐊 #shorts,2026-03-23T03:39:28Z,44343,494,34
2026-03-23T22:53:24+00:00,gRNQkeddOeo,UCKjEtnnXEHsXE9IvCb92V7g,“I would light this thing on fire” 🔥🤣,2026-03-23T02:03:26Z,7988,286,6
2026-03-23T22:53:24+00:00,a8PrkqVWt_s,UCKjEtnnXEHsXE9IvCb92V7g,Tony Delk breaks down the difference in the 2025 and 2026 Florida guards. #MarchMadness,2026-03-23T01:13:03Z,2362,14,1
2026-03-23T22:53:55+00:00,37OIcrcXpeM,UCKjEtnnXEHsXE9IvCb92V7g,Press Conference: Ohio State vs. Notre Dame Postgame (2026 Women's Second Round),2026-02-27T02:54:08Z,132,4,
2026-03-23T22:53:55+00:00,q7oYm4P9UKc,UCKjEtnnXEHsXE9IvCb92V7g,100 gorillas vs. Florida Final Boss? 🦍🐊 #shorts,2026-03-23T03:39:28Z,44343,495,34
2026-03-23T22:53:55+00:00,gRNQkeddOeo,UCKjEtnnXEHsXE9IvCb92V7g,“I would light this thing on fire” 🔥🤣,2026-03-23T02:03:26Z,7988,286,6
2026-03-23T22:53:55+00:00,a8PrkqVWt_s,UCKjEtnnXEHsXE9IvCb92V7g,Tony Delk breaks down the difference in the 2025 and 2026 Florida guards. #MarchMadness,2026-03-23T01:13:03Z,2362,14,1
2026-03-23T22:54:26+00:00,37OIcrcXpeM,UCKjEtnnXEHsXE9IvCb92V7g,Press Conference: Ohio State vs. Notre Dame Postgame (2026 Women's Second Round),2026-02-27T02:54:08Z,132,4,
2026-03-23T22:54:26+00:00,q7oYm4P9UKc,UCKjEtnnXEHsXE9IvCb92V7g,100 gorillas vs. Florida Final Boss? 🦍🐊 #shorts,2026-03-23T03:39:28Z,44343,495,34
2026-03-23T22:54:26+00:00,gRNQkeddOeo,UCKjEtnnXEHsXE9IvCb92V7g,“I would light this thing on fire” 🔥🤣,2026-03-23T02:03:26Z,8014,286,6
2026-03-23T22:54:26+00:00,a8PrkqVWt_s,UCKjEtnnXEHsXE9IvCb92V7g,Tony Delk breaks down the difference in the 2025 and 2026 Florida guards. #MarchMadness,2026-03-23T01:13:03Z,2362,14,1
2026-03-23T22:54:57+00:00,37OIcrcXpeM,UCKjEtnnXEHsXE9IvCb92V7g,Press Conference: Ohio State vs. Notre Dame Postgame (2026 Women's Second Round),2026-02-27T02:54:08Z,132,4,
2026-03-23T22:54:57+00:00,q7oYm4P9UKc,UCKjEtnnXEHsXE9IvCb92V7g,100 gorillas vs. Florida Final Boss? 🦍🐊 #shorts,2026-03-23T03:39:28Z,44343,495,34
2026-03-23T22:54:57+00:00,gRNQkeddOeo,UCKjEtnnXEHsXE9IvCb92V7g,“I would light this thing on fire” 🔥🤣,2026-03-23T02:03:26Z,8014,286,6
2026-03-23T22:54:57+00:00,a8PrkqVWt_s,UCKjEtnnXEHsXE9IvCb92V7g,Tony Delk breaks down the difference in the 2025 and 2026 Florida guards. #MarchMadness,2026-03-23T01:13:03Z,2362,14,1
2026-03-23T22:55:27+00:00,37OIcrcXpeM,UCKjEtnnXEHsXE9IvCb92V7g,Press Conference: Ohio State vs. Notre Dame Postgame (2026 Women's Second Round),2026-02-27T02:54:08Z,133,4,
2026-03-23T22:55:27+00:00,q7oYm4P9UKc,UCKjEtnnXEHsXE9IvCb92V7g,100 gorillas vs. Florida Final Boss? 🦍🐊 #shorts,2026-03-23T03:39:28Z,44343,495,34
2026-03-23T22:55:27+00:00,gRNQkeddOeo,UCKjEtnnXEHsXE9IvCb92V7g,“I would light this thing on fire” 🔥🤣,2026-03-23T02:03:26Z,8014,286,6
2026-03-23T22:55:27+00:00,a8PrkqVWt_s,UCKjEtnnXEHsXE9IvCb92V7g,Tony Delk breaks down the difference in the 2025 and 2026 Florida guards. #MarchMadness,2026-03-23T01:13:03Z,2362,14,1
2026-03-23T22:55:58+00:00,37OIcrcXpeM,UCKjEtnnXEHsXE9IvCb92V7g,Press Conference: Ohio State vs. Notre Dame Postgame (2026 Women's Second Round),2026-02-27T02:54:08Z,134,4,
2026-03-23T22:55:58+00:00,q7oYm4P9UKc,UCKjEtnnXEHsXE9IvCb92V7g,100 gorillas vs. Florida Final Boss? 🦍🐊 #shorts,2026-03-23T03:39:28Z,44343,496,34
2026-03-23T22:55:58+00:00,gRNQkeddOeo,UCKjEtnnXEHsXE9IvCb92V7g,“I would light this thing on fire” 🔥🤣,2026-03-23T02:03:26Z,8014,287,6
2026-03-23T22:55:58+00:00,a8PrkqVWt_s,UCKjEtnnXEHsXE9IvCb92V7g,Tony Delk breaks down the difference in the 2025 and 2026 Florida guards. #MarchMadness,2026-03-23T01:13:03Z,2362,14,1
2026-03-23T22:56:29+00:00,37OIcrcXpeM,UCKjEtnnXEHsXE9IvCb92V7g,Press Conference: Ohio State vs. Notre Dame Postgame (2026 Women's Second Round),2026-02-27T02:54:08Z,136,4,
2026-03-23T22:56:29+00:00,q7oYm4P9UKc,UCKjEtnnXEHsXE9IvCb92V7g,100 gorillas vs. Florida Final Boss? 🦍🐊 #shorts,2026-03-23T03:39:28Z,44630,496,34
2026-03-23T22:56:29+00:00,gRNQkeddOeo,UCKjEtnnXEHsXE9IvCb92V7g,“I would light this thing on fire” 🔥🤣,2026-03-23T02:03:26Z,8014,287,6
2026-03-23T22:56:29+00:00,a8PrkqVWt_s,UCKjEtnnXEHsXE9IvCb92V7g,Tony Delk breaks down the difference in the 2025 and 2026 Florida guards. #MarchMadness,2026-03-23T01:13:03Z,2365,14,1
2026-03-23T22:57:00+00:00,37OIcrcXpeM,UCKjEtnnXEHsXE9IvCb92V7g,Press Conference: Ohio State vs. Notre Dame Postgame (2026 Women's Second Round),2026-02-27T02:54:08Z,136,4,
2026-03-23T22:57:00+00:00,q7oYm4P9UKc,UCKjEtnnXEHsXE9IvCb92V7g,100 gorillas vs. Florida Final Boss? 🦍🐊 #shorts,2026-03-23T03:39:28Z,44630,496,34
2026-03-23T22:57:00+00:00,gRNQkeddOeo,UCKjEtnnXEHsXE9IvCb92V7g,“I would light this thing on fire” 🔥🤣,2026-03-23T02:03:26Z,8014,287,6
2026-03-23T22:57:00+00:00,a8PrkqVWt_s,UCKjEtnnXEHsXE9IvCb92V7g,Tony Delk breaks down the difference in the 2025 and 2026 Florida guards. #MarchMadness,2026-03-23T01:13:03Z,2365,14,1
2026-03-23T22:57:30+00:00,37OIcrcXpeM,UCKjEtnnXEHsXE9IvCb92V7g,Press Conference: Ohio State vs. Notre Dame Postgame (2026 Women's Second Round),2026-02-27T02:54:08Z,138,4,
2026-03-23T22:57:30+00:00,q7oYm4P9UKc,UCKjEtnnXEHsXE9IvCb92V7g,100 gorillas vs. Florida Final Boss? 🦍🐊 #shorts,2026-03-23T03:39:28Z,44630,496,34
2026-03-23T22:57:30+00:00,gRNQkeddOeo,UCKjEtnnXEHsXE9IvCb92V7g,“I would light this thing on fire” 🔥🤣,2026-03-23T02:03:26Z,8014,287,6
2026-03-23T22:57:30+00:00,a8PrkqVWt_s,UCKjEtnnXEHsXE9IvCb92V7g,Tony Delk breaks down the difference in the 2025 and 2026 Florida guards. #MarchMadness,2026-03-23T01:13:03Z,2365,14,1
2026-03-23T22:58:01+00:00,37OIcrcXpeM,UCKjEtnnXEHsXE9IvCb92V7g,Press Conference: Ohio State vs. Notre Dame Postgame (2026 Women's Second Round),2026-02-27T02:54:08Z,138,4,
2026-03-23T22:58:01+00:00,q7oYm4P9UKc,UCKjEtnnXEHsXE9IvCb92V7g,100 gorillas vs. Florida Final Boss? 🦍🐊 #shorts,2026-03-23T03:39:28Z,44630,498,34
2026-03-23T22:58:01+00:00,gRNQkeddOeo,UCKjEtnnXEHsXE9IvCb92V7g,“I would light this thing on fire” 🔥🤣,2026-03-23T02:03:26Z,8014,287,6
2026-03-23T22:58:01+00:00,a8PrkqVWt_s,UCKjEtnnXEHsXE9IvCb92V7g,Tony Delk breaks down the difference in the 2025 and 2026 Florida guards. #MarchMadness,2026-03-23T01:13:03Z,2365,14,1
2026-03-23T22:58:32+00:00,37OIcrcXpeM,UCKjEtnnXEHsXE9IvCb92V7g,Press Conference: Ohio State vs. Notre Dame Postgame (2026 Women's Second Round),2026-02-27T02:54:08Z,140,5,
2026-03-23T22:58:32+00:00,q7oYm4P9UKc,UCKjEtnnXEHsXE9IvCb92V7g,100 gorillas vs. Florida Final Boss? 🦍🐊 #shorts,2026-03-23T03:39:28Z,44630,498,34
2026-03-23T22:58:32+00:00,gRNQkeddOeo,UCKjEtnnXEHsXE9IvCb92V7g,“I would light this thing on fire” 🔥🤣,2026-03-23T02:03:26Z,8014,287,6
2026-03-23T22:58:32+00:00,a8PrkqVWt_s,UCKjEtnnXEHsXE9IvCb92V7g,Tony Delk breaks down the difference in the 2025 and 2026 Florida guards. #MarchMadness,2026-03-23T01:13:03Z,2365,14,1
2026-03-23T23:00:04+00:00,37OIcrcXpeM,UCKjEtnnXEHsXE9IvCb92V7g,Press Conference: Ohio State vs. Notre Dame Postgame (2026 Women's Second Round),2026-02-27T02:54:08Z,145,5,
2026-03-23T23:00:04+00:00,q7oYm4P9UKc,UCKjEtnnXEHsXE9IvCb92V7g,100 gorillas vs. Florida Final Boss? 🦍🐊 #shorts,2026-03-23T03:39:28Z,44630,498,34
2026-03-23T23:00:04+00:00,gRNQkeddOeo,UCKjEtnnXEHsXE9IvCb92V7g,“I would light this thing on fire” 🔥🤣,2026-03-23T02:03:26Z,8051,287,6
2026-03-23T23:00:04+00:00,a8PrkqVWt_s,UCKjEtnnXEHsXE9IvCb92V7g,Tony Delk breaks down the difference in the 2025 and 2026 Florida guards. #MarchMadness,2026-03-23T01:13:03Z,2365,14,1
2026-03-23T23:00:35+00:00,37OIcrcXpeM,UCKjEtnnXEHsXE9IvCb92V7g,Press Conference: Ohio State vs. Notre Dame Postgame (2026 Women's Second Round),2026-02-27T02:54:08Z,145,5,
2026-03-23T23:00:35+00:00,q7oYm4P9UKc,UCKjEtnnXEHsXE9IvCb92V7g,100 gorillas vs. Florida Final Boss? 🦍🐊 #shorts,2026-03-23T03:39:28Z,44630,498,34
2026-03-23T23:00:35+00:00,gRNQkeddOeo,UCKjEtnnXEHsXE9IvCb92V7g,“I would light this thing on fire” 🔥🤣,2026-03-23T02:03:26Z,8051,287,6
2026-03-23T23:00:35+00:00,a8PrkqVWt_s,UCKjEtnnXEHsXE9IvCb92V7g,Tony Delk breaks down the difference in the 2025 and 2026 Florida guards. #MarchMadness,2026-03-23T01:13:03Z,2365,14,1
2026-03-23T23:01:05+00:00,37OIcrcXpeM,UCKjEtnnXEHsXE9IvCb92V7g,Press Conference: Ohio State vs. Notre Dame Postgame (2026 Women's Second Round),2026-02-27T02:54:08Z,148,5,
2026-03-23T23:01:05+00:00,q7oYm4P9UKc,UCKjEtnnXEHsXE9IvCb92V7g,100 gorillas vs. Florida Final Boss? 🦍🐊 #shorts,2026-03-23T03:39:28Z,44630,498,34
2026-03-23T23:01:05+00:00,gRNQkeddOeo,UCKjEtnnXEHsXE9IvCb92V7g,“I would light this thing on fire” 🔥🤣,2026-03-23T02:03:26Z,8051,287,6
2026-03-23T23:01:05+00:00,a8PrkqVWt_s,UCKjEtnnXEHsXE9IvCb92V7g,Tony Delk breaks down the difference in the 2025 and 2026 Florida guards. #MarchMadness,2026-03-23T01:13:03Z,2365,14,1
2026-03-23T23:01:36+00:00,37OIcrcXpeM,UCKjEtnnXEHsXE9IvCb92V7g,Press Conference: Ohio State vs. Notre Dame Postgame (2026 Women's Second Round),2026-02-27T02:54:08Z,151,5,
2026-03-23T23:01:36+00:00,q7oYm4P9UKc,UCKjEtnnXEHsXE9IvCb92V7g,100 gorillas vs. Florida Final Boss? 🦍🐊 #shorts,2026-03-23T03:39:28Z,44803,498,34
2026-03-23T23:01:36+00:00,gRNQkeddOeo,UCKjEtnnXEHsXE9IvCb92V7g,“I would light this thing on fire” 🔥🤣,2026-03-23T02:03:26Z,8051,288,6
2026-03-23T23:01:36+00:00,a8PrkqVWt_s,UCKjEtnnXEHsXE9IvCb92V7g,Tony Delk breaks down the difference in the 2025 and 2026 Florida guards. #MarchMadness,2026-03-23T01:13:03Z,2366,14,1
2026-03-23T23:04:06+00:00,37OIcrcXpeM,UCKjEtnnXEHsXE9IvCb92V7g,Press Conference: Ohio State vs. Notre Dame Postgame (2026 Women's Second Round),2026-02-27T02:54:08Z,158,5,
2026-03-23T23:04:06+00:00,q7oYm4P9UKc,UCKjEtnnXEHsXE9IvCb92V7g,100 gorillas vs. Florida Final Boss? 🦍🐊 #shorts,2026-03-23T03:39:28Z,44816,500,34
2026-03-23T23:04:06+00:00,gRNQkeddOeo,UCKjEtnnXEHsXE9IvCb92V7g,“I would light this thing on fire” 🔥🤣,2026-03-23T02:03:26Z,8089,288,6
2026-03-23T23:04:06+00:00,a8PrkqVWt_s,UCKjEtnnXEHsXE9IvCb92V7g,Tony Delk breaks down the difference in the 2025 and 2026 Florida guards. #MarchMadness,2026-03-23T01:13:03Z,2366,14,1
2026-03-23T23:05:07+00:00,37OIcrcXpeM,UCKjEtnnXEHsXE9IvCb92V7g,Press Conference: Ohio State vs. Notre Dame Postgame (2026 Women's Second Round),2026-02-27T02:54:08Z,162,5,
2026-03-23T23:05:07+00:00,q7oYm4P9UKc,UCKjEtnnXEHsXE9IvCb92V7g,100 gorillas vs. Florida Final Boss? 🦍🐊 #shorts,2026-03-23T03:39:28Z,44816,500,34
2026-03-23T23:05:07+00:00,gRNQkeddOeo,UCKjEtnnXEHsXE9IvCb92V7g,“I would light this thing on fire” 🔥🤣,2026-03-23T02:03:26Z,8089,289,6
2026-03-23T23:05:07+00:00,a8PrkqVWt_s,UCKjEtnnXEHsXE9IvCb92V7g,Tony Delk breaks down the difference in the 2025 and 2026 Florida guards. #MarchMadness,2026-03-23T01:13:03Z,2366,14,1
2026-03-23T23:06:08+00:00,37OIcrcXpeM,UCKjEtnnXEHsXE9IvCb92V7g,Press Conference: Ohio State vs. Notre Dame Postgame (2026 Women's Second Round),2026-02-27T02:54:08Z,167,5,
2026-03-23T23:06:08+00:00,q7oYm4P9UKc,UCKjEtnnXEHsXE9IvCb92V7g,100 gorillas vs. Florida Final Boss? 🦍🐊 #shorts,2026-03-23T03:39:28Z,45180,500,34
2026-03-23T23:06:08+00:00,gRNQkeddOeo,UCKjEtnnXEHsXE9IvCb92V7g,“I would light this thing on fire” 🔥🤣,2026-03-23T02:03:26Z,8089,290,6
2026-03-23T23:06:08+00:00,a8PrkqVWt_s,UCKjEtnnXEHsXE9IvCb92V7g,Tony Delk breaks down the difference in the 2025 and 2026 Florida guards. #MarchMadness,2026-03-23T01:13:03Z,2366,14,1
2026-03-23T23:06:38+00:00,37OIcrcXpeM,UCKjEtnnXEHsXE9IvCb92V7g,Press Conference: Ohio State vs. Notre Dame Postgame (2026 Women's Second Round),2026-02-27T02:54:08Z,167,5,
2026-03-23T23:06:38+00:00,q7oYm4P9UKc,UCKjEtnnXEHsXE9IvCb92V7g,100 gorillas vs. Florida Final Boss? 🦍🐊 #shorts,2026-03-23T03:39:28Z,45180,501,34
2026-03-23T23:06:38+00:00,gRNQkeddOeo,UCKjEtnnXEHsXE9IvCb92V7g,“I would light this thing on fire” 🔥🤣,2026-03-23T02:03:26Z,8089,291,6
2026-03-23T23:06:38+00:00,a8PrkqVWt_s,UCKjEtnnXEHsXE9IvCb92V7g,Tony Delk breaks down the difference in the 2025 and 2026 Florida guards. #MarchMadness,2026-03-23T01:13:03Z,2367,14,1
2026-03-23T23:11:41+00:00,37OIcrcXpeM,UCKjEtnnXEHsXE9IvCb92V7g,Press Conference: Ohio State vs. Notre Dame Postgame (2026 Women's Second Round),2026-02-27T02:54:08Z,180,5,
2026-03-23T23:11:41+00:00,q7oYm4P9UKc,UCKjEtnnXEHsXE9IvCb92V7g,100 gorillas vs. Florida Final Boss? 🦍🐊 #shorts,2026-03-23T03:39:28Z,45460,505,34
2026-03-23T23:11:41+00:00,gRNQkeddOeo,UCKjEtnnXEHsXE9IvCb92V7g,“I would light this thing on fire” 🔥🤣,2026-03-23T02:03:26Z,8123,292,6
2026-03-23T23:11:41+00:00,a8PrkqVWt_s,UCKjEtnnXEHsXE9IvCb92V7g,Tony Delk breaks down the difference in the 2025 and 2026 Florida guards. #MarchMadness,2026-03-23T01:13:03Z,2373,14,1
