timestep,video,shorts
2026-03-07 02:40:00+00:00,6.621405651764134,-0.08970692771812416
2026-03-07 02:45:00+00:00,-0.38503606156043,-0.08614257490659494
2026-03-07 02:50:00+00:00,0.9746950171159128,-0.1500120842241488
2026-03-07 02:55:00+00:00,0.19645534806908582,0.00024706609143620994
2026-03-07 03:00:00+00:00,0.10687100220540025,0.10873918885969935
2026-03-07 03:05:00+00:00,0.39739116756627535,-0.13442867497501076
2026-03-07 03:10:00+00:00,0.022104351375445752,0.0983892467075016
2026-03-07 03:15:00+00:00,-0.0911168516814298,0.046089210165616734
2026-03-07 03:20:00+00:00,-0.07265195602365804,-0.06844721589695624
2026-03-07 03:25:00+00:00,-0.02079520417038072,-0.09807687377961827
2026-03-07 03:30:00+00:00,-0.02002679034987409,0.10757249408954461
2026-03-07 03:35:00+00:00,0.011151312669496427,-0.2080483720324633
2026-03-07 03:40:00+00:00,-0.147450699008993,0.07313780472375697
2026-03-07 03:45:00+00:00,-0.25736230604378374,0.13313699309269023
2026-03-07 03:50:00+00:00,0.06364176976292057,0.15550225969173592
2026-03-07 03:55:00+00:00,0.01794422541866414,-0.12979991026836846
2026-03-07 04:00:00+00:00,-0.060301734752765235,-0.4902769555386026
2026-03-07 04:05:00+00:00,-0.013750778897767546,0.0755417926341524
2026-03-07 04:10:00+00:00,-0.3518372608902123,0.18336389269013686
2026-03-07 04:15:00+00:00,0.16718379476127954,0.630840886807901
2026-03-07 04:20:00+00:00,-0.18419100740851313,-0.4120713419712567
2026-03-07 04:25:00+00:00,0.05697647515278437,0.061347426329291466
2026-03-07 04:30:00+00:00,0.11717729749682348,-0.12612699845031283
2026-03-07 04:35:00+00:00,-0.2071255341597631,-0.0357321091754228
2026-03-07 04:40:00+00:00,0.45804685492070174,0.036503267879534285
2026-03-07 04:45:00+00:00,0.11048497782355948,0.1452184688424527
2026-03-07 04:50:00+00:00,0.010970738314964201,-0.05921935965997083
2026-03-07 04:55:00+00:00,-0.14591135375157904,-0.08715607036051498
2026-03-07 05:00:00+00:00,-0.04732617834426467,-0.4900764068629142
2026-03-07 05:05:00+00:00,0.18069107324795208,0.4817454471224192
2026-03-07 05:10:00+00:00,-0.09185369889003248,-0.023224818731680585
2026-03-07 05:15:00+00:00,-0.12836114713776325,0.028270433938255124
2026-03-07 05:20:00+00:00,-0.1035391597623514,-0.42937677571546473
2026-03-07 05:25:00+00:00,0.09696996551520787,-0.08523876688957355
2026-03-07 05:30:00+00:00,-0.0919782746179667,0.31300342250970736
2026-03-07 05:35:00+00:00,0.12916029159179132,-0.03414451815464936
2026-03-07 05:40:00+00:00,0.23785332836915885,0.45305659068366655
2026-03-07 05:45:00+00:00,-0.05166244148998267,-0.22939859196035695
2026-03-07 05:50:00+00:00,-0.12453651427211732,-0.12959606373701238
2026-03-07 05:55:00+00:00,0.0014534886279831127,-0.16652197162980542
2026-03-07 06:00:00+00:00,-0.05644465752996464,0.07417383312124315
2026-03-07 06:05:00+00:00,-0.0380929190558108,0.09655473503652967
2026-03-07 06:10:00+00:00,-0.051450636059603205,-0.3468911681294591
2026-03-07 06:15:00+00:00,0.2954594267506776,0.48629040779277943
2026-03-07 06:20:00+00:00,-0.03423564806361501,0.015472364231709612
2026-03-07 06:25:00+00:00,-0.11368059760521376,-0.3077792754826918
2026-03-07 06:30:00+00:00,-0.08700330554116853,-0.0096370806883872
2026-03-07 06:35:00+00:00,0.030476641591051568,0.04296301916023815
2026-03-07 06:40:00+00:00,0.1763300118158675,-0.015372134855255126
2026-03-07 06:45:00+00:00,-0.038088758458586724,0.35075416408177773
2026-03-07 06:50:00+00:00,-0.02796050566056607,-0.04138106389935192
2026-03-07 06:55:00+00:00,-0.16740600338887468,-0.412712075296108
2026-03-07 07:00:00+00:00,-0.1329489359193925,-0.1432615593616955
2026-03-07 07:05:00+00:00,0.12586130954352726,0.036372427749805425
2026-03-07 07:10:00+00:00,-0.006707814160813008,0.2972724342728936
2026-03-07 07:15:00+00:00,-0.042889126978558956,0.1164659022350758
2026-03-07 07:20:00+00:00,0.008342715724183769,-0.32779968321502473
2026-03-07 07:25:00+00:00,-0.43341072705733286,-0.15475177950414576
2026-03-07 07:30:00+00:00,-0.04632198746932925,-0.24289666262909648
2026-03-07 07:35:00+00:00,0.12799629583661787,-0.3578480704550797
2026-03-07 07:40:00+00:00,-0.00947356148082168,0.2261188048275633
2026-03-07 07:45:00+00:00,0.35465532697934776,0.7562893365238903
2026-03-07 07:50:00+00:00,-0.04807583340392618,-0.0016917615268221553
2026-03-07 07:55:00+00:00,-0.20062985863386107,-0.474687796528797
2026-03-07 08:00:00+00:00,-0.22059760802462236,-0.5302472675759171
2026-03-07 08:05:00+00:00,0.129814046593844,0.4039221360384264
2026-03-07 08:10:00+00:00,0.028799197868109694,0.24501503222383114
2026-03-07 08:15:00+00:00,0.18288693571241854,0.19902123775963787
2026-03-07 08:20:00+00:00,-0.12283598252248229,-0.23419889024528828
2026-03-07 08:25:00+00:00,0.2900982519074784,0.1699772760981686
2026-03-07 08:30:00+00:00,-0.7089292115300738,-0.6668792537393351
2026-03-07 08:35:00+00:00,0.49272352020273846,0.6679348856329943
2026-03-07 08:40:00+00:00,-0.14785167607389926,-0.4719891398994962
2026-03-07 08:45:00+00:00,0.23911420002633754,0.22719487353338863
2026-03-07 08:50:00+00:00,-0.4679682340233624,0.06672615347826039
2026-03-07 08:55:00+00:00,0.4429331231671778,0.21575373178623636
2026-03-07 09:00:00+00:00,-0.3524197014303816,-0.49857287858204025
2026-03-07 09:05:00+00:00,0.037734144474881326,0.021513323494640524
2026-03-07 09:10:00+00:00,0.07453660482209301,0.1996878944002427
2026-03-07 09:15:00+00:00,0.0634062647783118,0.2842570665852673
2026-03-07 09:20:00+00:00,-0.03250197132125798,-0.1665038278627815
2026-03-07 09:25:00+00:00,-0.4078068882061441,-0.6872053924311947
2026-03-07 09:30:00+00:00,0.3255150491610763,0.40071450534956643
2026-03-07 09:35:00+00:00,-0.08134830204626109,-0.2287145963636643
2026-03-07 09:40:00+00:00,0.17871760752137433,0.7541003714609849
2026-03-07 09:45:00+00:00,-0.063240867808668,-0.5775148405322668
2026-03-07 09:50:00+00:00,0.05532362322858386,0.4437420607349596
2026-03-07 09:55:00+00:00,0.008439673411039905,-0.14500096400252627
2026-03-07 10:00:00+00:00,0.11881126458325753,0.1628661775603959
2026-03-07 10:05:00+00:00,-0.1220928407809252,-0.4781310021235665
2026-03-07 10:10:00+00:00,0.08507225216679348,0.3828840580938486
2026-03-07 10:15:00+00:00,-0.41279854749463407,-0.2941174503503854
2026-03-07 10:20:00+00:00,-0.10597774519862746,0.20442558758016904
2026-03-07 10:25:00+00:00,0.13792269227049836,-0.7139038514491123
2026-03-07 10:30:00+00:00,-0.2646207624697148,-0.09556914652854864
2026-03-07 10:35:00+00:00,0.66694333151582,0.9912449067439093
2026-03-07 10:40:00+00:00,-0.1591592047718775,-0.267792376688635
2026-03-07 10:45:00+00:00,0.10847876594985184,-0.3204596110924989
2026-03-07 10:50:00+00:00,-0.5143456418416443,0.09544864560349353
2026-03-07 10:55:00+00:00,-0.3018466152204322,-0.13229593992111077
2026-03-07 11:00:00+00:00,0.3965264248669831,-0.10400053826073652
2026-03-07 11:05:00+00:00,0.025377778769967385,-0.28520086268434763
2026-03-07 11:10:00+00:00,0.4092223797278054,0.8109950019375782
2026-03-07 11:15:00+00:00,-0.33419363453681683,-0.07169893211552836
2026-03-07 11:20:00+00:00,0.19391895643904888,-0.15703158884084711
2026-03-07 11:25:00+00:00,-0.9769728031271221,-0.6076570469365956
2026-03-07 11:30:00+00:00,-0.008719401291816808,-0.09992607985629132
2026-03-07 11:35:00+00:00,-0.2483280404663155,-0.6422505279439732
2026-03-07 11:40:00+00:00,0.15622835558122716,-0.13281377508385894
2026-03-07 11:45:00+00:00,1.0296194171811583,1.4881696137416358
2026-03-07 11:50:00+00:00,0.03019017547845948,-0.3052196931171087
2026-03-07 11:55:00+00:00,0.19742306323514214,0.49603546796368203
2026-03-07 12:00:00+00:00,-0.046605372640621034,0.386186968511927
2026-03-07 12:05:00+00:00,0.041642583298492575,-0.24025288319302796
2026-03-07 12:10:00+00:00,0.09840120389866147,-0.08116138389489169
2026-03-07 12:15:00+00:00,-0.38648365385457595,-0.11078300707284061
2026-03-07 12:20:00+00:00,0.15760987460909792,-0.0002803083410078955
2026-03-07 12:25:00+00:00,-1.0900485928912351,-1.0453864641660262
2026-03-07 12:30:00+00:00,0.6580921972977976,0.3136575588550423
2026-03-07 12:35:00+00:00,0.28989999340307815,0.5438410020201845
2026-03-07 12:40:00+00:00,-0.05707889888115503,-0.09764714383213313
2026-03-07 12:45:00+00:00,0.3471238416306033,0.5960823851075085
2026-03-07 12:50:00+00:00,-0.40197323472689206,-0.828971140981638
2026-03-07 12:55:00+00:00,-0.010767093694523666,0.3206769043300559
2026-03-07 13:00:00+00:00,-1.1888474922760004,-1.1273787844368641
2026-03-07 13:05:00+00:00,0.5423534634886336,0.5739786919357845
2026-03-07 13:10:00+00:00,0.780892658599905,0.15999048314441566
2026-03-07 13:15:00+00:00,0.07690743156227065,0.3063671730904023
2026-03-07 13:20:00+00:00,0.04337762091184594,0.08738402465557815
2026-03-07 13:25:00+00:00,-0.14001865136730718,0.10310387299333446
2026-03-07 13:30:00+00:00,0.16324260580483685,-0.15425337559114816
2026-03-07 13:35:00+00:00,0.1198011998126205,0.25581741463012975
2026-03-07 13:40:00+00:00,-0.10729235012091198,0.03473616015367398
2026-03-07 13:45:00+00:00,-0.008369850616995578,0.15966539968576932
2026-03-07 13:50:00+00:00,0.0792850492820758,-0.15216670359464857
2026-03-07 13:55:00+00:00,-0.574748118843428,-0.6899505875343186
2026-03-07 14:00:00+00:00,-0.003395320881944386,0.13512586545768013
2026-03-07 14:05:00+00:00,0.2824282414352117,0.15308798047113648
2026-03-07 14:10:00+00:00,0.2532076661498026,0.5031406675966066
2026-03-07 14:15:00+00:00,0.07343648153514781,-0.4030572090396234
2026-03-07 14:20:00+00:00,-0.14665101965723615,0.07403066551690785
2026-03-07 14:25:00+00:00,-0.5317645808396572,-0.22188805836837755
2026-03-07 14:30:00+00:00,0.7467859757539417,0.808743711193193
2026-03-07 14:35:00+00:00,-0.1236403862833848,-0.5542279439682973
2026-03-07 14:40:00+00:00,0.1798028930846316,0.5189636264388353
2026-03-07 14:45:00+00:00,0.026386359553417726,-0.09380610115443488
2026-03-07 14:50:00+00:00,-0.16923890658060348,-0.2473858625924228
2026-03-07 14:55:00+00:00,-0.8587247097462063,-0.5455324717124732
2026-03-07 15:00:00+00:00,0.1908843842080481,0.16618900152519522
2026-03-07 15:05:00+00:00,0.07827332541023946,0.17028323509601773
2026-03-07 15:10:00+00:00,0.038360443133528044,-0.4353484862706978
2026-03-07 15:15:00+00:00,0.1834233596827204,0.21712755972322917
2026-03-07 15:20:00+00:00,0.08802872738060419,-0.04163728030571967
2026-03-07 15:25:00+00:00,-0.27327843259799334,-0.2962508562730237
2026-03-07 15:30:00+00:00,-0.6498452109376949,-0.7037044633658227
2026-03-07 15:35:00+00:00,0.8903106387575308,1.2714551015075206
2026-03-07 15:40:00+00:00,0.5809963855293256,0.5543107357057293
2026-03-07 15:45:00+00:00,0.10403313522882751,0.17711552637035943
2026-03-07 15:50:00+00:00,0.2092210842802773,0.20074302662316956
2026-03-07 15:55:00+00:00,-0.29391343849596296,-0.055131016514046394
2026-03-07 16:00:00+00:00,-0.4708713995251532,-1.064531911326342
2026-03-07 16:05:00+00:00,-0.06527540205938198,0.387257538306379
2026-03-07 16:10:00+00:00,0.044219753924418015,-0.17744537620955292
2026-03-07 16:15:00+00:00,-0.24384260392273127,-0.27274049245358256
2026-03-07 16:20:00+00:00,-0.4500571434630354,-0.26770537937412
2026-03-07 16:25:00+00:00,0.8540811808122912,0.8207273554613117
2026-03-07 16:30:00+00:00,-0.06428523026216482,0.32978458380764586
2026-03-07 16:35:00+00:00,-0.204486000422901,-0.8604592612028403
2026-03-07 16:40:00+00:00,0.10179621961240226,0.28214189207616513
2026-03-07 16:45:00+00:00,0.18898078903786342,0.35709152382394915
2026-03-07 16:50:00+00:00,-0.02811329815568353,-0.03281064769622066
2026-03-07 16:55:00+00:00,-0.7586258025971757,-0.8849388736415946
2026-03-07 17:00:00+00:00,0.5514186159680721,0.8866589342677837
2026-03-07 17:05:00+00:00,0.13704563882297194,-0.12039115995858563
2026-03-07 17:10:00+00:00,-0.32569989259155285,-0.154554605995048
2026-03-07 17:15:00+00:00,0.21117873808959597,0.288176859526728
2026-03-07 17:20:00+00:00,0.14550989219905563,-0.3259280647006486
2026-03-07 17:25:00+00:00,-0.1972436053707316,0.18452177770355682
2026-03-07 17:30:00+00:00,-0.35445191595976233,-0.37907644512238203
2026-03-07 17:35:00+00:00,0.5023567299730063,0.5879055780362155
2026-03-07 17:40:00+00:00,0.0057206097396074185,-0.38399685235116987
2026-03-07 17:45:00+00:00,-0.15836269026636884,0.2139656889783188
2026-03-07 17:50:00+00:00,0.03479613714969254,0.05662320421428557
2026-03-07 17:55:00+00:00,0.07144334490031223,0.23808136900732002
2026-03-07 18:00:00+00:00,0.026067395186561093,-0.44854209247322085
2026-03-07 18:05:00+00:00,-0.4187781302844851,-0.1795855769750796
2026-03-07 18:10:00+00:00,-0.11662241659435768,-0.09593332473847926
2026-03-07 18:15:00+00:00,0.3466591666067682,0.3073360908332754
2026-03-07 18:20:00+00:00,-0.028883555764884328,-0.3037337814622889
2026-03-07 18:25:00+00:00,-0.05128321369157973,0.2373535087238512
2026-03-07 18:30:00+00:00,-0.02517996250884913,0.021602747790277377
2026-03-07 18:35:00+00:00,-0.37345369447856935,-0.5712710128713976
2026-03-07 18:40:00+00:00,0.1870992058608163,0.27420094564365716
2026-03-07 18:45:00+00:00,0.3814586892173484,0.11724331422256817
2026-03-07 18:50:00+00:00,-0.012323296071334866,0.3095345808894052
2026-03-07 18:55:00+00:00,0.08413218826312097,0.28725536026267307
2026-03-07 19:00:00+00:00,-0.5891385730937841,-0.9089099520926558
2026-03-07 19:05:00+00:00,-0.057052108536612245,0.011732986583525395
2026-03-07 19:10:00+00:00,0.3855980275768127,0.612599634844555
2026-03-07 19:15:00+00:00,0.05483106415755756,-0.03538659454918758
2026-03-07 19:20:00+00:00,-0.10366916811462534,-0.011654552995982392
2026-03-07 19:25:00+00:00,0.02975566651543282,-0.5905427530040992
2026-03-07 19:30:00+00:00,-0.5910447938723928,0.007332755129391799
2026-03-07 19:35:00+00:00,0.31045741626964585,0.4928569302231738
2026-03-07 19:40:00+00:00,0.4207801857516795,0.07157438078118883
2026-03-07 19:45:00+00:00,-0.1594329802225838,-0.057448678517539875
2026-03-07 19:50:00+00:00,-0.08258988978479209,0.0016488049901841606
2026-03-07 19:55:00+00:00,-6.42347884759253,-5.2045559867335625
2026-03-07 20:00:00+00:00,0.0,0.0
2026-03-07 20:05:00+00:00,0.0,0.0
2026-03-07 20:10:00+00:00,0.0,0.0
2026-03-07 20:15:00+00:00,0.0,0.0
2026-03-07 20:20:00+00:00,0.0,0.0
2026-03-07 20:25:00+00:00,0.0,0.0
2026-03-07 20:30:00+00:00,0.0,0.0
2026-03-07 20:35:00+00:00,0.0,0.0
2026-03-07 20:40:00+00:00,0.0,0.0
2026-03-07 20:45:00+00:00,0.0,0.0
2026-03-07 20:50:00+00:00,0.0,0.0
2026-03-07 20:55:00+00:00,0.0,0.0
2026-03-07 21:00:00+00:00,0.0,0.0
2026-03-07 21:05:00+00:00,0.0,0.0
2026-03-07 21:10:00+00:00,0.0,0.0
2026-03-07 21:15:00+00:00,0.0,0.0
2026-03-07 21:20:00+00:00,0.0,0.0
2026-03-07 21:25:00+00:00,0.0,0.0
2026-03-07 21:30:00+00:00,0.0,0.0
2026-03-07 21:35:00+00:00,0.0,0.0
2026-03-07 21:40:00+00:00,0.0,0.0
2026-03-07 21:45:00+00:00,0.0,0.0
2026-03-07 21:50:00+00:00,0.0,0.0
2026-03-07 21:55:00+00:00,0.0,0.0
2026-03-07 22:00:00+00:00,0.0,0.0
2026-03-07 22:05:00+00:00,0.0,0.0
2026-03-07 22:10:00+00:00,0.0,0.0
2026-03-07 22:15:00+00:00,0.0,0.0
2026-03-07 22:20:00+00:00,0.0,0.0
2026-03-07 22:25:00+00:00,0.0,0.0
2026-03-07 22:30:00+00:00,0.0,0.0
2026-03-07 22:35:00+00:00,0.0,0.0
2026-03-07 22:40:00+00:00,0.0,0.0
2026-03-07 22:45:00+00:00,0.0,0.0
2026-03-07 22:50:00+00:00,0.0,0.0
2026-03-07 22:55:00+00:00,0.0,0.0
2026-03-07 23:00:00+00:00,0.0,0.0
2026-03-07 23:05:00+00:00,0.0,0.0
2026-03-07 23:10:00+00:00,0.0,0.0
2026-03-07 23:15:00+00:00,0.0,0.0
2026-03-07 23:20:00+00:00,0.0,0.0
2026-03-07 23:25:00+00:00,0.0,0.0
2026-03-07 23:30:00+00:00,0.0,0.0
2026-03-07 23:35:00+00:00,0.0,0.0
2026-03-07 23:40:00+00:00,0.0,0.0
2026-03-07 23:45:00+00:00,0.0,0.0
2026-03-07 23:50:00+00:00,0.0,0.0
2026-03-07 23:55:00+00:00,0.0,0.0
2026-03-08 00:00:00+00:00,0.0,0.0
2026-03-08 00:05:00+00:00,0.0,0.0
2026-03-08 00:10:00+00:00,0.0,0.0
2026-03-08 00:15:00+00:00,0.0,0.0
2026-03-08 00:20:00+00:00,0.0,0.0
2026-03-08 00:25:00+00:00,0.0,0.0
2026-03-08 00:30:00+00:00,0.0,0.0
2026-03-08 00:35:00+00:00,0.0,0.0
2026-03-08 00:40:00+00:00,0.0,0.0
2026-03-08 00:45:00+00:00,0.0,0.0
2026-03-08 00:50:00+00:00,0.0,0.0
2026-03-08 00:55:00+00:00,0.0,0.0
2026-03-08 01:00:00+00:00,0.0,0.0
2026-03-08 01:05:00+00:00,0.0,0.0
2026-03-08 01:10:00+00:00,0.0,0.0
2026-03-08 01:15:00+00:00,0.0,0.0
2026-03-08 01:20:00+00:00,0.0,0.0
2026-03-08 01:25:00+00:00,0.0,0.0
2026-03-08 01:30:00+00:00,0.0,0.0
2026-03-08 01:35:00+00:00,0.0,0.0
2026-03-08 01:40:00+00:00,0.0,0.0
2026-03-08 01:45:00+00:00,0.0,0.0
2026-03-08 01:50:00+00:00,0.0,0.0
2026-03-08 01:55:00+00:00,0.0,0.0
2026-03-08 02:00:00+00:00,0.0,0.0
2026-03-08 02:05:00+00:00,0.0,0.0
2026-03-08 02:10:00+00:00,0.0,0.0
2026-03-08 02:15:00+00:00,0.0,0.0
2026-03-08 02:20:00+00:00,0.0,0.0
2026-03-08 02:25:00+00:00,0.0,0.0
2026-03-08 02:30:00+00:00,0.0,0.0
2026-03-08 02:35:00+00:00,0.0,0.0
2026-03-08 02:40:00+00:00,0.0,0.0
2026-03-08 02:45:00+00:00,0.0,0.0
2026-03-08 02:50:00+00:00,0.0,0.0
2026-03-08 02:55:00+00:00,0.0,0.0
2026-03-08 03:00:00+00:00,0.0,0.0
2026-03-08 03:05:00+00:00,0.0,0.0
2026-03-08 03:10:00+00:00,0.0,0.0
2026-03-08 03:15:00+00:00,0.0,0.0
2026-03-08 03:20:00+00:00,0.0,0.0
2026-03-08 03:25:00+00:00,0.0,0.0
2026-03-08 03:30:00+00:00,0.0,0.0
2026-03-08 03:35:00+00:00,0.0,0.0
2026-03-08 03:40:00+00:00,0.0,0.0
2026-03-08 03:45:00+00:00,0.0,0.0
2026-03-08 03:50:00+00:00,0.0,0.0
2026-03-08 03:55:00+00:00,0.0,0.0
2026-03-08 04:00:00+00:00,0.0,0.0
2026-03-08 04:05:00+00:00,0.0,0.0
2026-03-08 04:10:00+00:00,0.0,0.0
2026-03-08 04:15:00+00:00,0.0,0.0
2026-03-08 04:20:00+00:00,0.0,0.0
2026-03-08 04:25:00+00:00,0.0,0.0
2026-03-08 04:30:00+00:00,0.0,0.0
2026-03-08 04:35:00+00:00,0.0,0.0
2026-03-08 04:40:00+00:00,0.0,0.0
2026-03-08 04:45:00+00:00,0.0,0.0
2026-03-08 04:50:00+00:00,0.0,0.0
2026-03-08 04:55:00+00:00,0.0,0.0
2026-03-08 05:00:00+00:00,0.0,0.0
2026-03-08 05:05:00+00:00,0.0,0.0
2026-03-08 05:10:00+00:00,0.0,0.0
2026-03-08 05:15:00+00:00,0.0,0.0
2026-03-08 05:20:00+00:00,0.0,0.0
2026-03-08 05:25:00+00:00,0.0,0.0
2026-03-08 05:30:00+00:00,0.0,0.0
2026-03-08 05:35:00+00:00,0.0,0.0
2026-03-08 05:40:00+00:00,0.0,0.0
2026-03-08 05:45:00+00:00,0.0,0.0
2026-03-08 05:50:00+00:00,0.0,0.0
2026-03-08 05:55:00+00:00,0.0,0.0
2026-03-08 06:00:00+00:00,0.0,0.0
2026-03-08 06:05:00+00:00,0.0,0.0
2026-03-08 06:10:00+00:00,0.0,0.0
2026-03-08 06:15:00+00:00,0.0,0.0
2026-03-08 06:20:00+00:00,0.0,0.0
2026-03-08 06:25:00+00:00,0.0,0.0
2026-03-08 06:30:00+00:00,0.0,0.0
2026-03-08 06:35:00+00:00,0.0,0.0
2026-03-08 06:40:00+00:00,0.0,0.0
2026-03-08 06:45:00+00:00,0.0,0.0
2026-03-08 06:50:00+00:00,0.0,0.0
2026-03-08 06:55:00+00:00,0.0,0.0
2026-03-08 07:00:00+00:00,0.0,0.0
2026-03-08 07:05:00+00:00,0.0,0.0
2026-03-08 07:10:00+00:00,0.0,0.0
2026-03-08 07:15:00+00:00,0.0,0.0
2026-03-08 07:20:00+00:00,0.0,0.0
2026-03-08 07:25:00+00:00,0.0,0.0
2026-03-08 07:30:00+00:00,0.0,0.0
2026-03-08 07:35:00+00:00,0.0,0.0
2026-03-08 07:40:00+00:00,0.0,0.0
2026-03-08 07:45:00+00:00,0.0,0.0
2026-03-08 07:50:00+00:00,0.0,0.0
2026-03-08 07:55:00+00:00,0.0,0.0
2026-03-08 08:00:00+00:00,0.0,0.0
2026-03-08 08:05:00+00:00,0.0,0.0
2026-03-08 08:10:00+00:00,0.0,0.0
2026-03-08 08:15:00+00:00,0.0,0.0
2026-03-08 08:20:00+00:00,0.0,0.0
2026-03-08 08:25:00+00:00,0.0,0.0
2026-03-08 08:30:00+00:00,0.0,0.0
2026-03-08 08:35:00+00:00,0.0,0.0
2026-03-08 08:40:00+00:00,0.0,0.0
2026-03-08 08:45:00+00:00,0.0,0.0
2026-03-08 08:50:00+00:00,0.0,0.0
2026-03-08 08:55:00+00:00,0.0,0.0
2026-03-08 09:00:00+00:00,0.0,0.0
2026-03-08 09:05:00+00:00,0.0,0.0
2026-03-08 09:10:00+00:00,0.0,0.0
2026-03-08 09:15:00+00:00,0.0,0.0
2026-03-08 09:20:00+00:00,0.0,0.0
2026-03-08 09:25:00+00:00,0.0,0.0
2026-03-08 09:30:00+00:00,0.0,0.0
2026-03-08 09:35:00+00:00,0.0,0.0
2026-03-08 09:40:00+00:00,0.0,0.0
2026-03-08 09:45:00+00:00,0.0,0.0
2026-03-08 09:50:00+00:00,0.0,0.0
2026-03-08 09:55:00+00:00,0.0,0.0
2026-03-08 10:00:00+00:00,0.0,0.0
2026-03-08 10:05:00+00:00,0.0,0.0
2026-03-08 10:10:00+00:00,0.0,0.0
2026-03-08 10:15:00+00:00,0.0,0.0
2026-03-08 10:20:00+00:00,0.0,0.0
2026-03-08 10:25:00+00:00,0.0,0.0
2026-03-08 10:30:00+00:00,0.0,0.0
2026-03-08 10:35:00+00:00,0.0,0.0
2026-03-08 10:40:00+00:00,0.0,0.0
2026-03-08 10:45:00+00:00,0.0,0.0
2026-03-08 10:50:00+00:00,0.0,0.0
2026-03-08 10:55:00+00:00,0.0,0.0
2026-03-08 11:00:00+00:00,0.0,0.0
2026-03-08 11:05:00+00:00,0.0,0.0
2026-03-08 11:10:00+00:00,0.0,0.0
2026-03-08 11:15:00+00:00,0.0,0.0
2026-03-08 11:20:00+00:00,0.0,0.0
2026-03-08 11:25:00+00:00,0.0,0.0
2026-03-08 11:30:00+00:00,0.0,0.0
2026-03-08 11:35:00+00:00,0.0,0.0
2026-03-08 11:40:00+00:00,0.0,0.0
2026-03-08 11:45:00+00:00,0.0,0.0
2026-03-08 11:50:00+00:00,0.0,0.0
2026-03-08 11:55:00+00:00,0.0,0.0
2026-03-08 12:00:00+00:00,0.0,0.0
2026-03-08 12:05:00+00:00,0.0,0.0
2026-03-08 12:10:00+00:00,0.0,0.0
2026-03-08 12:15:00+00:00,0.0,0.0
2026-03-08 12:20:00+00:00,0.0,0.0
2026-03-08 12:25:00+00:00,0.0,0.0
2026-03-08 12:30:00+00:00,0.0,0.0
2026-03-08 12:35:00+00:00,0.0,0.0
2026-03-08 12:40:00+00:00,0.0,0.0
2026-03-08 12:45:00+00:00,0.0,0.0
2026-03-08 12:50:00+00:00,0.0,0.0
2026-03-08 12:55:00+00:00,0.0,0.0
2026-03-08 13:00:00+00:00,0.0,0.0
2026-03-08 13:05:00+00:00,0.0,0.0
2026-03-08 13:10:00+00:00,0.0,0.0
2026-03-08 13:15:00+00:00,0.0,0.0
2026-03-08 13:20:00+00:00,0.0,0.0
2026-03-08 13:25:00+00:00,0.0,0.0
2026-03-08 13:30:00+00:00,0.0,0.0
2026-03-08 13:35:00+00:00,0.0,0.0
2026-03-08 13:40:00+00:00,0.0,0.0
2026-03-08 13:45:00+00:00,0.0,0.0
2026-03-08 13:50:00+00:00,0.0,0.0
2026-03-08 13:55:00+00:00,0.0,0.0
2026-03-08 14:00:00+00:00,0.0,0.0
2026-03-08 14:05:00+00:00,0.0,0.0
2026-03-08 14:10:00+00:00,0.0,0.0
2026-03-08 14:15:00+00:00,0.0,0.0
2026-03-08 14:20:00+00:00,0.0,0.0
2026-03-08 14:25:00+00:00,0.0,0.0
2026-03-08 14:30:00+00:00,0.0,0.0
2026-03-08 14:35:00+00:00,0.0,0.0
2026-03-08 14:40:00+00:00,0.0,0.0
2026-03-08 14:45:00+00:00,0.0,0.0
2026-03-08 14:50:00+00:00,0.0,0.0
2026-03-08 14:55:00+00:00,0.0,0.0
2026-03-08 15:00:00+00:00,0.0,0.0
2026-03-08 15:05:00+00:00,0.0,0.0
2026-03-08 15:10:00+00:00,0.0,0.0
2026-03-08 15:15:00+00:00,0.0,0.0
2026-03-08 15:20:00+00:00,0.0,0.0
2026-03-08 15:25:00+00:00,0.0,0.0
2026-03-08 15:30:00+00:00,0.0,0.0
2026-03-08 15:35:00+00:00,0.0,0.0
2026-03-08 15:40:00+00:00,0.0,0.0
2026-03-08 15:45:00+00:00,0.0,0.0
2026-03-08 15:50:00+00:00,0.0,0.0
2026-03-08 15:55:00+00:00,0.0,0.0
2026-03-08 16:00:00+00:00,0.0,0.0
2026-03-08 16:05:00+00:00,0.0,0.0
2026-03-08 16:10:00+00:00,0.0,0.0
2026-03-08 16:15:00+00:00,0.0,0.0
2026-03-08 16:20:00+00:00,0.0,0.0
2026-03-08 16:25:00+00:00,0.0,0.0
2026-03-08 16:30:00+00:00,0.0,0.0
2026-03-08 16:35:00+00:00,0.0,0.0
2026-03-08 16:40:00+00:00,0.0,0.0
2026-03-08 16:45:00+00:00,0.0,0.0
2026-03-08 16:50:00+00:00,0.0,0.0
2026-03-08 16:55:00+00:00,0.0,0.0
2026-03-08 17:00:00+00:00,0.0,0.0
2026-03-08 17:05:00+00:00,0.0,0.0
2026-03-08 17:10:00+00:00,0.0,0.0
2026-03-08 17:15:00+00:00,0.0,0.0
2026-03-08 17:20:00+00:00,0.0,0.0
2026-03-08 17:25:00+00:00,0.0,0.0
2026-03-08 17:30:00+00:00,0.0,0.0
2026-03-08 17:35:00+00:00,0.0,0.0
2026-03-08 17:40:00+00:00,0.0,0.0
2026-03-08 17:45:00+00:00,0.0,0.0
2026-03-08 17:50:00+00:00,0.0,0.0
2026-03-08 17:55:00+00:00,0.0,0.0
2026-03-08 18:00:00+00:00,0.0,0.0
2026-03-08 18:05:00+00:00,0.0,0.0
2026-03-08 18:10:00+00:00,0.0,0.0
2026-03-08 18:15:00+00:00,0.0,0.0
2026-03-08 18:20:00+00:00,0.0,0.0
2026-03-08 18:25:00+00:00,0.0,0.0
2026-03-08 18:30:00+00:00,0.0,0.0
2026-03-08 18:35:00+00:00,0.0,0.0
2026-03-08 18:40:00+00:00,0.0,0.0
2026-03-08 18:45:00+00:00,0.0,0.0
2026-03-08 18:50:00+00:00,0.0,0.0
2026-03-08 18:55:00+00:00,0.0,0.0
2026-03-08 19:00:00+00:00,0.0,0.0
2026-03-08 19:05:00+00:00,0.0,0.0
2026-03-08 19:10:00+00:00,0.0,0.0
2026-03-08 19:15:00+00:00,0.0,0.0
2026-03-08 19:20:00+00:00,0.0,0.0
2026-03-08 19:25:00+00:00,0.0,0.0
2026-03-08 19:30:00+00:00,0.0,0.0
2026-03-08 19:35:00+00:00,0.0,0.0
2026-03-08 19:40:00+00:00,0.0,0.0
2026-03-08 19:45:00+00:00,0.0,0.0
2026-03-08 19:50:00+00:00,0.0,0.0
2026-03-08 19:55:00+00:00,0.0,0.0
2026-03-08 20:00:00+00:00,0.0,0.0
2026-03-08 20:05:00+00:00,0.0,0.0
2026-03-08 20:10:00+00:00,0.0,0.0
2026-03-08 20:15:00+00:00,0.0,0.0
2026-03-08 20:20:00+00:00,0.0,0.0
2026-03-08 20:25:00+00:00,0.0,0.0
2026-03-08 20:30:00+00:00,0.0,0.0
2026-03-08 20:35:00+00:00,0.0,0.0
2026-03-08 20:40:00+00:00,0.0,0.0
2026-03-08 20:45:00+00:00,0.0,0.0
2026-03-08 20:50:00+00:00,0.0,0.0
2026-03-08 20:55:00+00:00,0.0,0.0
2026-03-08 21:00:00+00:00,0.0,0.0
2026-03-08 21:05:00+00:00,0.0,0.0
2026-03-08 21:10:00+00:00,0.0,0.0
2026-03-08 21:15:00+00:00,0.0,0.0
2026-03-08 21:20:00+00:00,0.0,0.0
2026-03-08 21:25:00+00:00,0.0,0.0
2026-03-08 21:30:00+00:00,0.0,0.0
2026-03-08 21:35:00+00:00,0.0,0.0
2026-03-08 21:40:00+00:00,0.0,0.0
2026-03-08 21:45:00+00:00,0.0,0.0
2026-03-08 21:50:00+00:00,0.0,0.0
2026-03-08 21:55:00+00:00,0.0,0.0
2026-03-08 22:00:00+00:00,0.0,0.0
2026-03-08 22:05:00+00:00,0.0,0.0
2026-03-08 22:10:00+00:00,0.0,0.0
2026-03-08 22:15:00+00:00,0.0,0.0
2026-03-08 22:20:00+00:00,0.0,0.0
2026-03-08 22:25:00+00:00,0.0,0.0
2026-03-08 22:30:00+00:00,0.0,0.0
2026-03-08 22:35:00+00:00,0.0,0.0
2026-03-08 22:40:00+00:00,0.0,0.0
2026-03-08 22:45:00+00:00,0.0,0.0
2026-03-08 22:50:00+00:00,0.0,0.0
2026-03-08 22:55:00+00:00,0.0,0.0
2026-03-08 23:00:00+00:00,0.0,0.0
2026-03-08 23:05:00+00:00,0.0,0.0
2026-03-08 23:10:00+00:00,0.0,0.0
2026-03-08 23:15:00+00:00,0.0,0.0
2026-03-08 23:20:00+00:00,0.0,0.0
2026-03-08 23:25:00+00:00,0.0,0.0
2026-03-08 23:30:00+00:00,0.0,0.0
2026-03-08 23:35:00+00:00,0.0,0.0
2026-03-08 23:40:00+00:00,0.0,0.0
2026-03-08 23:45:00+00:00,0.0,0.0
2026-03-08 23:50:00+00:00,0.0,0.0
2026-03-08 23:55:00+00:00,0.0,0.0
2026-03-09 00:00:00+00:00,0.0,0.0
2026-03-09 00:05:00+00:00,0.0,0.0
2026-03-09 00:10:00+00:00,0.0,0.0
2026-03-09 00:15:00+00:00,0.0,0.0
2026-03-09 00:20:00+00:00,0.0,0.0
2026-03-09 00:25:00+00:00,0.0,0.0
2026-03-09 00:30:00+00:00,0.0,0.0
2026-03-09 00:35:00+00:00,0.0,0.0
2026-03-09 00:40:00+00:00,0.0,0.0
2026-03-09 00:45:00+00:00,0.0,0.0
2026-03-09 00:50:00+00:00,0.0,0.0
2026-03-09 00:55:00+00:00,0.0,0.0
2026-03-09 01:00:00+00:00,0.0,0.0
2026-03-09 01:05:00+00:00,0.0,0.0
2026-03-09 01:10:00+00:00,0.0,0.0
2026-03-09 01:15:00+00:00,0.0,0.0
2026-03-09 01:20:00+00:00,0.0,0.0
2026-03-09 01:25:00+00:00,0.0,0.0
2026-03-09 01:30:00+00:00,0.0,0.0
2026-03-09 01:35:00+00:00,0.0,0.0
2026-03-09 01:40:00+00:00,0.0,0.0
2026-03-09 01:45:00+00:00,0.0,0.0
2026-03-09 01:50:00+00:00,0.0,0.0
2026-03-09 01:55:00+00:00,0.0,0.0
2026-03-09 02:00:00+00:00,0.0,0.0
2026-03-09 02:05:00+00:00,0.0,0.0
2026-03-09 02:10:00+00:00,0.0,0.0
2026-03-09 02:15:00+00:00,0.0,0.0
2026-03-09 02:20:00+00:00,0.0,0.0
2026-03-09 02:25:00+00:00,0.0,0.0
2026-03-09 02:30:00+00:00,0.0,0.0
2026-03-09 02:35:00+00:00,0.0,0.0
2026-03-09 02:40:00+00:00,0.0,0.0
2026-03-09 02:45:00+00:00,0.0,0.0
2026-03-09 02:50:00+00:00,0.0,0.0
2026-03-09 02:55:00+00:00,0.0,0.0
2026-03-09 03:00:00+00:00,0.0,0.0
2026-03-09 03:05:00+00:00,0.0,0.0
2026-03-09 03:10:00+00:00,0.0,0.0
2026-03-09 03:15:00+00:00,0.0,0.0
2026-03-09 03:20:00+00:00,0.0,0.0
2026-03-09 03:25:00+00:00,0.0,0.0
2026-03-09 03:30:00+00:00,0.0,0.0
2026-03-09 03:35:00+00:00,0.0,0.0
2026-03-09 03:40:00+00:00,0.0,0.0
2026-03-09 03:45:00+00:00,0.0,0.0
2026-03-09 03:50:00+00:00,0.0,0.0
2026-03-09 03:55:00+00:00,0.0,0.0
2026-03-09 04:00:00+00:00,0.0,0.0
2026-03-09 04:05:00+00:00,0.0,0.0
2026-03-09 04:10:00+00:00,0.0,0.0
2026-03-09 04:15:00+00:00,0.0,0.0
2026-03-09 04:20:00+00:00,0.0,0.0
2026-03-09 04:25:00+00:00,0.0,0.0
2026-03-09 04:30:00+00:00,0.0,0.0
2026-03-09 04:35:00+00:00,0.0,0.0
2026-03-09 04:40:00+00:00,0.0,0.0
2026-03-09 04:45:00+00:00,0.0,0.0
2026-03-09 04:50:00+00:00,0.0,0.0
2026-03-09 04:55:00+00:00,0.0,0.0
2026-03-09 05:00:00+00:00,0.0,0.0
2026-03-09 05:05:00+00:00,0.0,0.0
2026-03-09 05:10:00+00:00,0.0,0.0
2026-03-09 05:15:00+00:00,0.0,0.0
2026-03-09 05:20:00+00:00,0.0,0.0
2026-03-09 05:25:00+00:00,0.0,0.0
2026-03-09 05:30:00+00:00,0.0,0.0
2026-03-09 05:35:00+00:00,0.0,0.0
2026-03-09 05:40:00+00:00,0.0,0.0
2026-03-09 05:45:00+00:00,0.0,0.0
2026-03-09 05:50:00+00:00,0.0,0.0
2026-03-09 05:55:00+00:00,0.0,0.0
2026-03-09 06:00:00+00:00,0.0,0.0
2026-03-09 06:05:00+00:00,0.0,0.0
2026-03-09 06:10:00+00:00,0.0,0.0
2026-03-09 06:15:00+00:00,0.0,0.0
2026-03-09 06:20:00+00:00,0.0,0.0
2026-03-09 06:25:00+00:00,0.0,0.0
2026-03-09 06:30:00+00:00,0.0,0.0
2026-03-09 06:35:00+00:00,0.0,0.0
2026-03-09 06:40:00+00:00,0.0,0.0
2026-03-09 06:45:00+00:00,0.0,0.0
2026-03-09 06:50:00+00:00,0.0,0.0
2026-03-09 06:55:00+00:00,0.0,0.0
2026-03-09 07:00:00+00:00,0.0,0.0
2026-03-09 07:05:00+00:00,0.0,0.0
2026-03-09 07:10:00+00:00,0.0,0.0
2026-03-09 07:15:00+00:00,0.0,0.0
2026-03-09 07:20:00+00:00,0.0,0.0
2026-03-09 07:25:00+00:00,0.0,0.0
2026-03-09 07:30:00+00:00,0.0,0.0
2026-03-09 07:35:00+00:00,0.0,0.0
2026-03-09 07:40:00+00:00,0.0,0.0
2026-03-09 07:45:00+00:00,0.0,0.0
2026-03-09 07:50:00+00:00,0.0,0.0
2026-03-09 07:55:00+00:00,0.0,0.0
2026-03-09 08:00:00+00:00,0.0,0.0
2026-03-09 08:05:00+00:00,0.0,0.0
2026-03-09 08:10:00+00:00,0.0,0.0
2026-03-09 08:15:00+00:00,0.0,0.0
2026-03-09 08:20:00+00:00,0.0,0.0
2026-03-09 08:25:00+00:00,0.0,0.0
2026-03-09 08:30:00+00:00,0.0,0.0
2026-03-09 08:35:00+00:00,0.0,0.0
2026-03-09 08:40:00+00:00,0.0,0.0
2026-03-09 08:45:00+00:00,0.0,0.0
2026-03-09 08:50:00+00:00,0.0,0.0
2026-03-09 08:55:00+00:00,0.0,0.0
2026-03-09 09:00:00+00:00,0.0,0.0
2026-03-09 09:05:00+00:00,0.0,0.0
2026-03-09 09:10:00+00:00,0.0,0.0
2026-03-09 09:15:00+00:00,0.0,0.0
2026-03-09 09:20:00+00:00,0.0,0.0
2026-03-09 09:25:00+00:00,0.0,0.0
2026-03-09 09:30:00+00:00,0.0,0.0
2026-03-09 09:35:00+00:00,0.0,0.0
2026-03-09 09:40:00+00:00,0.0,0.0
2026-03-09 09:45:00+00:00,0.0,0.0
2026-03-09 09:50:00+00:00,0.0,0.0
2026-03-09 09:55:00+00:00,0.0,0.0
2026-03-09 10:00:00+00:00,0.0,0.0
2026-03-09 10:05:00+00:00,0.0,0.0
2026-03-09 10:10:00+00:00,0.0,0.0
2026-03-09 10:15:00+00:00,0.0,0.0
2026-03-09 10:20:00+00:00,0.0,0.0
2026-03-09 10:25:00+00:00,0.0,0.0
2026-03-09 10:30:00+00:00,0.0,0.0
2026-03-09 10:35:00+00:00,0.0,0.0
2026-03-09 10:40:00+00:00,0.0,0.0
2026-03-09 10:45:00+00:00,0.0,0.0
2026-03-09 10:50:00+00:00,0.0,0.0
2026-03-09 10:55:00+00:00,0.0,0.0
2026-03-09 11:00:00+00:00,0.0,0.0
2026-03-09 11:05:00+00:00,0.0,0.0
2026-03-09 11:10:00+00:00,0.0,0.0
2026-03-09 11:15:00+00:00,0.0,0.0
2026-03-09 11:20:00+00:00,0.0,0.0
2026-03-09 11:25:00+00:00,0.0,0.0
2026-03-09 11:30:00+00:00,0.0,0.0
2026-03-09 11:35:00+00:00,0.0,0.0
2026-03-09 11:40:00+00:00,0.0,0.0
2026-03-09 11:45:00+00:00,0.0,0.0
2026-03-09 11:50:00+00:00,0.0,0.0
2026-03-09 11:55:00+00:00,0.0,0.0
2026-03-09 12:00:00+00:00,0.0,0.0
2026-03-09 12:05:00+00:00,0.0,0.0
2026-03-09 12:10:00+00:00,0.0,0.0
2026-03-09 12:15:00+00:00,0.0,0.0
2026-03-09 12:20:00+00:00,0.0,0.0
2026-03-09 12:25:00+00:00,0.0,0.0
2026-03-09 12:30:00+00:00,0.0,0.0
2026-03-09 12:35:00+00:00,0.0,0.0
2026-03-09 12:40:00+00:00,0.0,0.0
2026-03-09 12:45:00+00:00,0.0,0.0
2026-03-09 12:50:00+00:00,0.0,0.0
2026-03-09 12:55:00+00:00,0.0,0.0
2026-03-09 13:00:00+00:00,0.0,0.0
2026-03-09 13:05:00+00:00,0.0,0.0
2026-03-09 13:10:00+00:00,0.0,0.0
2026-03-09 13:15:00+00:00,0.0,0.0
2026-03-09 13:20:00+00:00,0.0,0.0
2026-03-09 13:25:00+00:00,0.0,0.0
2026-03-09 13:30:00+00:00,0.0,0.0
2026-03-09 13:35:00+00:00,0.0,0.0
2026-03-09 13:40:00+00:00,0.0,0.0
2026-03-09 13:45:00+00:00,0.0,0.0
2026-03-09 13:50:00+00:00,0.0,0.0
2026-03-09 13:55:00+00:00,0.0,0.0
2026-03-09 14:00:00+00:00,0.0,0.0
2026-03-09 14:05:00+00:00,0.0,0.0
2026-03-09 14:10:00+00:00,0.0,0.0
2026-03-09 14:15:00+00:00,0.0,0.0
2026-03-09 14:20:00+00:00,0.0,0.0
2026-03-09 14:25:00+00:00,0.0,0.0
2026-03-09 14:30:00+00:00,0.0,0.0
2026-03-09 14:35:00+00:00,0.0,0.0
2026-03-09 14:40:00+00:00,0.0,0.0
2026-03-09 14:45:00+00:00,0.0,0.0
2026-03-09 14:50:00+00:00,0.0,0.0
2026-03-09 14:55:00+00:00,0.0,0.0
2026-03-09 15:00:00+00:00,0.0,0.0
2026-03-09 15:05:00+00:00,0.0,0.0
2026-03-09 15:10:00+00:00,0.0,0.0
2026-03-09 15:15:00+00:00,0.0,0.0
2026-03-09 15:20:00+00:00,0.0,0.0
2026-03-09 15:25:00+00:00,0.0,0.0
2026-03-09 15:30:00+00:00,0.0,0.0
2026-03-09 15:35:00+00:00,0.0,0.0
2026-03-09 15:40:00+00:00,0.0,0.0
2026-03-09 15:45:00+00:00,0.0,0.0
2026-03-09 15:50:00+00:00,0.0,0.0
2026-03-09 15:55:00+00:00,0.0,0.0
2026-03-09 16:00:00+00:00,0.0,0.0
2026-03-09 16:05:00+00:00,0.0,0.0
2026-03-09 16:10:00+00:00,0.0,0.0
2026-03-09 16:15:00+00:00,0.0,0.0
2026-03-09 16:20:00+00:00,0.0,0.0
2026-03-09 16:25:00+00:00,0.0,0.0
2026-03-09 16:30:00+00:00,0.0,0.0
2026-03-09 16:35:00+00:00,0.0,0.0
2026-03-09 16:40:00+00:00,0.0,0.0
2026-03-09 16:45:00+00:00,0.0,0.0
2026-03-09 16:50:00+00:00,0.0,0.0
2026-03-09 16:55:00+00:00,0.0,0.0
2026-03-09 17:00:00+00:00,0.0,0.0
2026-03-09 17:05:00+00:00,0.0,0.0
2026-03-09 17:10:00+00:00,0.0,0.0
2026-03-09 17:15:00+00:00,0.0,0.0
2026-03-09 17:20:00+00:00,0.0,0.0
2026-03-09 17:25:00+00:00,0.0,0.0
2026-03-09 17:30:00+00:00,0.0,0.0
2026-03-09 17:35:00+00:00,0.0,0.0
2026-03-09 17:40:00+00:00,0.0,0.0
2026-03-09 17:45:00+00:00,0.0,0.0
2026-03-09 17:50:00+00:00,0.0,0.0
2026-03-09 17:55:00+00:00,0.0,0.0
2026-03-09 18:00:00+00:00,0.0,0.0
2026-03-09 18:05:00+00:00,0.0,0.0
2026-03-09 18:10:00+00:00,0.0,0.0
2026-03-09 18:15:00+00:00,0.0,0.0
2026-03-09 18:20:00+00:00,0.0,0.0
2026-03-09 18:25:00+00:00,0.0,0.0
2026-03-09 18:30:00+00:00,0.0,0.0
2026-03-09 18:35:00+00:00,0.0,0.0
2026-03-09 18:40:00+00:00,0.0,0.0
2026-03-09 18:45:00+00:00,0.0,0.0
2026-03-09 18:50:00+00:00,0.0,0.0
2026-03-09 18:55:00+00:00,0.0,0.0
2026-03-09 19:00:00+00:00,0.0,0.0
2026-03-09 19:05:00+00:00,0.0,0.0
2026-03-09 19:10:00+00:00,0.0,0.0
2026-03-09 19:15:00+00:00,0.0,0.0
2026-03-09 19:20:00+00:00,0.0,0.0
2026-03-09 19:25:00+00:00,0.0,0.0
2026-03-09 19:30:00+00:00,0.0,0.0
2026-03-09 19:35:00+00:00,0.0,0.0
2026-03-09 19:40:00+00:00,0.0,0.0
2026-03-09 19:45:00+00:00,0.0,0.0
2026-03-09 19:50:00+00:00,0.0,0.0
2026-03-09 19:55:00+00:00,0.0,0.0
2026-03-09 20:00:00+00:00,0.0,0.0
2026-03-09 20:05:00+00:00,0.0,0.0
2026-03-09 20:10:00+00:00,0.0,0.0
2026-03-09 20:15:00+00:00,0.0,0.0
2026-03-09 20:20:00+00:00,0.0,0.0
2026-03-09 20:25:00+00:00,0.0,0.0
2026-03-09 20:30:00+00:00,0.0,0.0
2026-03-09 20:35:00+00:00,0.0,0.0
2026-03-09 20:40:00+00:00,0.0,0.0
2026-03-09 20:45:00+00:00,0.0,0.0
2026-03-09 20:50:00+00:00,0.0,0.0
2026-03-09 20:55:00+00:00,0.0,0.0
2026-03-09 21:00:00+00:00,0.0,0.0
2026-03-09 21:05:00+00:00,0.0,0.0
2026-03-09 21:10:00+00:00,0.0,0.0
2026-03-09 21:15:00+00:00,0.0,0.0
2026-03-09 21:20:00+00:00,0.0,0.0
2026-03-09 21:25:00+00:00,0.0,0.0
2026-03-09 21:30:00+00:00,0.0,0.0
2026-03-09 21:35:00+00:00,0.0,0.0
2026-03-09 21:40:00+00:00,0.0,0.0
2026-03-09 21:45:00+00:00,0.0,0.0
2026-03-09 21:50:00+00:00,0.0,0.0
2026-03-09 21:55:00+00:00,0.0,0.0
2026-03-09 22:00:00+00:00,0.0,0.0
2026-03-09 22:05:00+00:00,0.0,0.0
2026-03-09 22:10:00+00:00,0.0,0.0
2026-03-09 22:15:00+00:00,0.0,0.0
2026-03-09 22:20:00+00:00,0.0,0.0
2026-03-09 22:25:00+00:00,0.0,0.0
2026-03-09 22:30:00+00:00,0.0,0.0
2026-03-09 22:35:00+00:00,0.0,0.0
2026-03-09 22:40:00+00:00,0.0,0.0
2026-03-09 22:45:00+00:00,0.0,0.0
2026-03-09 22:50:00+00:00,0.0,0.0
2026-03-09 22:55:00+00:00,0.0,0.0
2026-03-09 23:00:00+00:00,0.0,0.0
2026-03-09 23:05:00+00:00,0.0,0.0
2026-03-09 23:10:00+00:00,0.0,0.0
2026-03-09 23:15:00+00:00,0.0,0.0
2026-03-09 23:20:00+00:00,0.0,0.0
2026-03-09 23:25:00+00:00,0.0,0.0
2026-03-09 23:30:00+00:00,0.0,0.0
2026-03-09 23:35:00+00:00,0.0,0.0
2026-03-09 23:40:00+00:00,0.0,0.0
2026-03-09 23:45:00+00:00,0.0,0.0
2026-03-09 23:50:00+00:00,0.0,0.0
2026-03-09 23:55:00+00:00,0.0,0.0
2026-03-10 00:00:00+00:00,0.0,0.0
2026-03-10 00:05:00+00:00,0.0,0.0
2026-03-10 00:10:00+00:00,0.0,0.0
2026-03-10 00:15:00+00:00,0.0,0.0
2026-03-10 00:20:00+00:00,0.0,0.0
2026-03-10 00:25:00+00:00,0.0,0.0
2026-03-10 00:30:00+00:00,0.0,0.0
2026-03-10 00:35:00+00:00,0.0,0.0
2026-03-10 00:40:00+00:00,0.0,0.0
2026-03-10 00:45:00+00:00,0.0,0.0
2026-03-10 00:50:00+00:00,0.0,0.0
2026-03-10 00:55:00+00:00,0.0,0.0
2026-03-10 01:00:00+00:00,0.0,0.0
2026-03-10 01:05:00+00:00,0.0,0.0
2026-03-10 01:10:00+00:00,0.0,0.0
2026-03-10 01:15:00+00:00,0.0,0.0
2026-03-10 01:20:00+00:00,0.0,0.0
2026-03-10 01:25:00+00:00,0.0,0.0
2026-03-10 01:30:00+00:00,0.0,0.0
2026-03-10 01:35:00+00:00,0.0,0.0
2026-03-10 01:40:00+00:00,0.0,0.0
2026-03-10 01:45:00+00:00,0.0,0.0
2026-03-10 01:50:00+00:00,0.0,0.0
2026-03-10 01:55:00+00:00,0.0,0.0
2026-03-10 02:00:00+00:00,0.0,0.0
2026-03-10 02:05:00+00:00,0.0,0.0
2026-03-10 02:10:00+00:00,0.0,0.0
2026-03-10 02:15:00+00:00,0.0,0.0
2026-03-10 02:20:00+00:00,0.0,0.0
2026-03-10 02:25:00+00:00,0.0,0.0
2026-03-10 02:30:00+00:00,0.0,0.0
2026-03-10 02:35:00+00:00,0.0,0.0
2026-03-10 02:40:00+00:00,0.0,0.0
2026-03-10 02:45:00+00:00,0.0,0.0
2026-03-10 02:50:00+00:00,0.0,0.0
2026-03-10 02:55:00+00:00,0.0,0.0
2026-03-10 03:00:00+00:00,0.0,0.0
2026-03-10 03:05:00+00:00,0.0,0.0
2026-03-10 03:10:00+00:00,0.0,0.0
2026-03-10 03:15:00+00:00,0.0,0.0
2026-03-10 03:20:00+00:00,0.0,0.0
2026-03-10 03:25:00+00:00,0.0,0.0
2026-03-10 03:30:00+00:00,0.0,0.0
2026-03-10 03:35:00+00:00,0.0,0.0
2026-03-10 03:40:00+00:00,0.0,0.0
2026-03-10 03:45:00+00:00,0.0,0.0
2026-03-10 03:50:00+00:00,0.0,0.0
2026-03-10 03:55:00+00:00,0.0,0.0
2026-03-10 04:00:00+00:00,0.0,0.0
2026-03-10 04:05:00+00:00,0.0,0.0
2026-03-10 04:10:00+00:00,0.0,0.0
2026-03-10 04:15:00+00:00,0.0,0.0
2026-03-10 04:20:00+00:00,0.0,0.0
2026-03-10 04:25:00+00:00,0.0,0.0
2026-03-10 04:30:00+00:00,0.0,0.0
2026-03-10 04:35:00+00:00,0.0,0.0
2026-03-10 04:40:00+00:00,0.0,0.0
2026-03-10 04:45:00+00:00,0.0,0.0
2026-03-10 04:50:00+00:00,0.0,0.0
2026-03-10 04:55:00+00:00,0.0,0.0
2026-03-10 05:00:00+00:00,0.0,0.0
2026-03-10 05:05:00+00:00,0.0,0.0
2026-03-10 05:10:00+00:00,0.0,0.0
2026-03-10 05:15:00+00:00,0.0,0.0
2026-03-10 05:20:00+00:00,0.0,0.0
2026-03-10 05:25:00+00:00,0.0,0.0
2026-03-10 05:30:00+00:00,0.0,0.0
2026-03-10 05:35:00+00:00,0.0,0.0
2026-03-10 05:40:00+00:00,0.0,0.0
2026-03-10 05:45:00+00:00,0.0,0.0
2026-03-10 05:50:00+00:00,0.0,0.0
2026-03-10 05:55:00+00:00,0.0,0.0
2026-03-10 06:00:00+00:00,0.0,0.0
2026-03-10 06:05:00+00:00,0.0,0.0
2026-03-10 06:10:00+00:00,0.0,0.0
2026-03-10 06:15:00+00:00,0.0,0.0
2026-03-10 06:20:00+00:00,0.0,0.0
2026-03-10 06:25:00+00:00,0.0,0.0
2026-03-10 06:30:00+00:00,0.0,0.0
2026-03-10 06:35:00+00:00,0.0,0.0
2026-03-10 06:40:00+00:00,0.0,0.0
2026-03-10 06:45:00+00:00,0.0,0.0
2026-03-10 06:50:00+00:00,0.0,0.0
2026-03-10 06:55:00+00:00,0.0,0.0
2026-03-10 07:00:00+00:00,0.0,0.0
2026-03-10 07:05:00+00:00,0.0,0.0
2026-03-10 07:10:00+00:00,0.0,0.0
2026-03-10 07:15:00+00:00,0.0,0.0
2026-03-10 07:20:00+00:00,0.0,0.0
2026-03-10 07:25:00+00:00,0.0,0.0
2026-03-10 07:30:00+00:00,0.0,0.0
2026-03-10 07:35:00+00:00,0.0,0.0
2026-03-10 07:40:00+00:00,0.0,0.0
2026-03-10 07:45:00+00:00,0.0,0.0
2026-03-10 07:50:00+00:00,0.0,0.0
2026-03-10 07:55:00+00:00,0.0,0.0
2026-03-10 08:00:00+00:00,0.0,0.0
2026-03-10 08:05:00+00:00,0.0,0.0
2026-03-10 08:10:00+00:00,0.0,0.0
2026-03-10 08:15:00+00:00,0.0,0.0
2026-03-10 08:20:00+00:00,0.0,0.0
2026-03-10 08:25:00+00:00,0.0,0.0
2026-03-10 08:30:00+00:00,0.0,0.0
2026-03-10 08:35:00+00:00,0.0,0.0
2026-03-10 08:40:00+00:00,0.0,0.0
2026-03-10 08:45:00+00:00,0.0,0.0
2026-03-10 08:50:00+00:00,0.0,0.0
2026-03-10 08:55:00+00:00,0.0,0.0
2026-03-10 09:00:00+00:00,0.0,0.0
2026-03-10 09:05:00+00:00,0.0,0.0
2026-03-10 09:10:00+00:00,0.0,0.0
2026-03-10 09:15:00+00:00,0.0,0.0
2026-03-10 09:20:00+00:00,0.0,0.0
2026-03-10 09:25:00+00:00,0.0,0.0
2026-03-10 09:30:00+00:00,0.0,0.0
2026-03-10 09:35:00+00:00,0.0,0.0
2026-03-10 09:40:00+00:00,0.0,0.0
2026-03-10 09:45:00+00:00,0.0,0.0
2026-03-10 09:50:00+00:00,0.0,0.0
2026-03-10 09:55:00+00:00,0.0,0.0
2026-03-10 10:00:00+00:00,0.0,0.0
2026-03-10 10:05:00+00:00,0.0,0.0
2026-03-10 10:10:00+00:00,0.0,0.0
2026-03-10 10:15:00+00:00,0.0,0.0
2026-03-10 10:20:00+00:00,0.0,0.0
2026-03-10 10:25:00+00:00,0.0,0.0
2026-03-10 10:30:00+00:00,0.0,0.0
2026-03-10 10:35:00+00:00,0.0,0.0
2026-03-10 10:40:00+00:00,0.0,0.0
2026-03-10 10:45:00+00:00,0.0,0.0
2026-03-10 10:50:00+00:00,0.0,0.0
2026-03-10 10:55:00+00:00,0.0,0.0
2026-03-10 11:00:00+00:00,0.0,0.0
2026-03-10 11:05:00+00:00,0.0,0.0
2026-03-10 11:10:00+00:00,0.0,0.0
2026-03-10 11:15:00+00:00,0.0,0.0
2026-03-10 11:20:00+00:00,0.0,0.0
2026-03-10 11:25:00+00:00,0.0,0.0
2026-03-10 11:30:00+00:00,0.0,0.0
2026-03-10 11:35:00+00:00,0.0,0.0
2026-03-10 11:40:00+00:00,0.0,0.0
2026-03-10 11:45:00+00:00,0.0,0.0
2026-03-10 11:50:00+00:00,0.0,0.0
2026-03-10 11:55:00+00:00,0.0,0.0
2026-03-10 12:00:00+00:00,0.0,0.0
2026-03-10 12:05:00+00:00,0.0,0.0
2026-03-10 12:10:00+00:00,0.0,0.0
2026-03-10 12:15:00+00:00,0.0,0.0
2026-03-10 12:20:00+00:00,0.0,0.0
2026-03-10 12:25:00+00:00,0.0,0.0
2026-03-10 12:30:00+00:00,0.0,0.0
2026-03-10 12:35:00+00:00,0.0,0.0
2026-03-10 12:40:00+00:00,0.0,0.0
2026-03-10 12:45:00+00:00,0.0,0.0
2026-03-10 12:50:00+00:00,0.0,0.0
2026-03-10 12:55:00+00:00,0.0,0.0
2026-03-10 13:00:00+00:00,0.0,0.0
2026-03-10 13:05:00+00:00,0.0,0.0
2026-03-10 13:10:00+00:00,0.0,0.0
2026-03-10 13:15:00+00:00,0.0,0.0
2026-03-10 13:20:00+00:00,0.0,0.0
2026-03-10 13:25:00+00:00,0.0,0.0
2026-03-10 13:30:00+00:00,0.0,0.0
2026-03-10 13:35:00+00:00,0.0,0.0
2026-03-10 13:40:00+00:00,0.0,0.0
2026-03-10 13:45:00+00:00,0.0,0.0
2026-03-10 13:50:00+00:00,0.0,0.0
2026-03-10 13:55:00+00:00,0.0,0.0
2026-03-10 14:00:00+00:00,0.0,0.0
2026-03-10 14:05:00+00:00,0.0,0.0
2026-03-10 14:10:00+00:00,0.0,0.0
2026-03-10 14:15:00+00:00,0.0,0.0
2026-03-10 14:20:00+00:00,0.0,0.0
2026-03-10 14:25:00+00:00,0.0,0.0
2026-03-10 14:30:00+00:00,0.0,0.0
2026-03-10 14:35:00+00:00,0.0,0.0
2026-03-10 14:40:00+00:00,0.0,0.0
2026-03-10 14:45:00+00:00,0.0,0.0
2026-03-10 14:50:00+00:00,0.0,0.0
2026-03-10 14:55:00+00:00,0.0,0.0
2026-03-10 15:00:00+00:00,0.0,0.0
2026-03-10 15:05:00+00:00,0.0,0.0
2026-03-10 15:10:00+00:00,0.0,0.0
2026-03-10 15:15:00+00:00,0.0,0.0
2026-03-10 15:20:00+00:00,0.0,0.0
2026-03-10 15:25:00+00:00,0.0,0.0
2026-03-10 15:30:00+00:00,0.0,0.0
2026-03-10 15:35:00+00:00,0.0,0.0
2026-03-10 15:40:00+00:00,0.0,0.0
2026-03-10 15:45:00+00:00,0.0,0.0
2026-03-10 15:50:00+00:00,0.0,0.0
2026-03-10 15:55:00+00:00,0.0,0.0
2026-03-10 16:00:00+00:00,0.0,0.0
2026-03-10 16:05:00+00:00,0.0,0.0
2026-03-10 16:10:00+00:00,0.0,0.0
2026-03-10 16:15:00+00:00,0.0,0.0
2026-03-10 16:20:00+00:00,0.0,0.0
2026-03-10 16:25:00+00:00,0.0,0.0
2026-03-10 16:30:00+00:00,0.0,0.0
2026-03-10 16:35:00+00:00,0.0,0.0
2026-03-10 16:40:00+00:00,0.0,0.0
2026-03-10 16:45:00+00:00,0.0,0.0
2026-03-10 16:50:00+00:00,0.0,0.0
2026-03-10 16:55:00+00:00,0.0,0.0
2026-03-10 17:00:00+00:00,0.0,0.0
2026-03-10 17:05:00+00:00,0.0,0.0
2026-03-10 17:10:00+00:00,0.0,0.0
2026-03-10 17:15:00+00:00,0.0,0.0
2026-03-10 17:20:00+00:00,0.0,0.0
2026-03-10 17:25:00+00:00,0.0,0.0
2026-03-10 17:30:00+00:00,0.0,0.0
2026-03-10 17:35:00+00:00,0.0,0.0
2026-03-10 17:40:00+00:00,0.0,0.0
2026-03-10 17:45:00+00:00,0.0,0.0
2026-03-10 17:50:00+00:00,0.0,0.0
2026-03-10 17:55:00+00:00,0.0,0.0
2026-03-10 18:00:00+00:00,0.0,0.0
2026-03-10 18:05:00+00:00,0.0,0.0
2026-03-10 18:10:00+00:00,0.0,0.0
2026-03-10 18:15:00+00:00,0.0,0.0
2026-03-10 18:20:00+00:00,0.0,0.0
2026-03-10 18:25:00+00:00,0.0,0.0
2026-03-10 18:30:00+00:00,0.0,0.0
2026-03-10 18:35:00+00:00,0.0,0.0
2026-03-10 18:40:00+00:00,0.0,0.0
2026-03-10 18:45:00+00:00,0.0,0.0
2026-03-10 18:50:00+00:00,0.0,0.0
2026-03-10 18:55:00+00:00,0.0,0.0
2026-03-10 19:00:00+00:00,0.0,0.0
2026-03-10 19:05:00+00:00,0.0,0.0
2026-03-10 19:10:00+00:00,0.0,0.0
2026-03-10 19:15:00+00:00,0.0,0.0
2026-03-10 19:20:00+00:00,0.0,0.0
2026-03-10 19:25:00+00:00,0.0,0.0
2026-03-10 19:30:00+00:00,0.0,0.0
2026-03-10 19:35:00+00:00,0.0,0.0
2026-03-10 19:40:00+00:00,0.0,0.0
2026-03-10 19:45:00+00:00,0.0,0.0
2026-03-10 19:50:00+00:00,0.0,0.0
2026-03-10 19:55:00+00:00,0.0,0.0
2026-03-10 20:00:00+00:00,0.0,0.0
2026-03-10 20:05:00+00:00,0.0,0.0
2026-03-10 20:10:00+00:00,0.0,0.0
2026-03-10 20:15:00+00:00,0.0,0.0
2026-03-10 20:20:00+00:00,0.0,0.0
2026-03-10 20:25:00+00:00,0.0,0.0
2026-03-10 20:30:00+00:00,0.0,0.0
2026-03-10 20:35:00+00:00,0.0,0.0
2026-03-10 20:40:00+00:00,0.0,0.0
2026-03-10 20:45:00+00:00,0.0,0.0
2026-03-10 20:50:00+00:00,0.0,0.0
2026-03-10 20:55:00+00:00,0.0,0.0
2026-03-10 21:00:00+00:00,0.0,0.0
2026-03-10 21:05:00+00:00,0.0,0.0
2026-03-10 21:10:00+00:00,0.0,0.0
2026-03-10 21:15:00+00:00,0.0,0.0
2026-03-10 21:20:00+00:00,0.0,0.0
2026-03-10 21:25:00+00:00,0.0,0.0
2026-03-10 21:30:00+00:00,0.0,0.0
2026-03-10 21:35:00+00:00,0.0,0.0
2026-03-10 21:40:00+00:00,0.0,0.0
2026-03-10 21:45:00+00:00,0.0,0.0
2026-03-10 21:50:00+00:00,0.0,0.0
2026-03-10 21:55:00+00:00,0.0,0.0
2026-03-10 22:00:00+00:00,0.0,0.0
2026-03-10 22:05:00+00:00,0.0,0.0
2026-03-10 22:10:00+00:00,0.0,0.0
2026-03-10 22:15:00+00:00,0.0,0.0
2026-03-10 22:20:00+00:00,0.0,0.0
2026-03-10 22:25:00+00:00,0.0,0.0
2026-03-10 22:30:00+00:00,0.0,0.0
2026-03-10 22:35:00+00:00,0.0,0.0
2026-03-10 22:40:00+00:00,0.0,0.0
2026-03-10 22:45:00+00:00,0.0,0.0
2026-03-10 22:50:00+00:00,0.0,0.0
2026-03-10 22:55:00+00:00,0.0,0.0
2026-03-10 23:00:00+00:00,0.0,0.0
2026-03-10 23:05:00+00:00,0.0,0.0
2026-03-10 23:10:00+00:00,0.0,0.0
2026-03-10 23:15:00+00:00,0.0,0.0
2026-03-10 23:20:00+00:00,0.0,0.0
2026-03-10 23:25:00+00:00,0.0,0.0
2026-03-10 23:30:00+00:00,0.0,0.0
2026-03-10 23:35:00+00:00,0.0,0.0
2026-03-10 23:40:00+00:00,0.0,0.0
2026-03-10 23:45:00+00:00,0.0,0.0
2026-03-10 23:50:00+00:00,0.0,0.0
2026-03-10 23:55:00+00:00,0.0,0.0
2026-03-11 00:00:00+00:00,0.0,0.0
2026-03-11 00:05:00+00:00,0.0,0.0
2026-03-11 00:10:00+00:00,0.0,0.0
2026-03-11 00:15:00+00:00,0.0,0.0
2026-03-11 00:20:00+00:00,0.0,0.0
2026-03-11 00:25:00+00:00,0.0,0.0
2026-03-11 00:30:00+00:00,0.0,0.0
2026-03-11 00:35:00+00:00,0.0,0.0
2026-03-11 00:40:00+00:00,0.0,0.0
2026-03-11 00:45:00+00:00,0.0,0.0
2026-03-11 00:50:00+00:00,0.0,0.0
2026-03-11 00:55:00+00:00,0.0,0.0
2026-03-11 01:00:00+00:00,0.0,0.0
2026-03-11 01:05:00+00:00,0.0,0.0
2026-03-11 01:10:00+00:00,0.0,0.0
2026-03-11 01:15:00+00:00,0.0,0.0
2026-03-11 01:20:00+00:00,0.0,0.0
2026-03-11 01:25:00+00:00,0.0,0.0
2026-03-11 01:30:00+00:00,0.0,0.0
2026-03-11 01:35:00+00:00,0.0,0.0
2026-03-11 01:40:00+00:00,0.0,0.0
2026-03-11 01:45:00+00:00,0.0,0.0
2026-03-11 01:50:00+00:00,0.0,0.0
2026-03-11 01:55:00+00:00,0.0,0.0
2026-03-11 02:00:00+00:00,0.0,0.0
2026-03-11 02:05:00+00:00,0.0,0.0
2026-03-11 02:10:00+00:00,0.0,0.0
2026-03-11 02:15:00+00:00,0.0,0.0
2026-03-11 02:20:00+00:00,0.0,0.0
2026-03-11 02:25:00+00:00,0.0,0.0
2026-03-11 02:30:00+00:00,0.0,0.0
2026-03-11 02:35:00+00:00,0.0,0.0
2026-03-11 02:40:00+00:00,0.0,0.0
2026-03-11 02:45:00+00:00,0.0,0.0
2026-03-11 02:50:00+00:00,0.0,0.0
2026-03-11 02:55:00+00:00,0.0,0.0
2026-03-11 03:00:00+00:00,0.0,0.0
2026-03-11 03:05:00+00:00,0.0,0.0
2026-03-11 03:10:00+00:00,0.0,0.0
2026-03-11 03:15:00+00:00,0.0,0.0
2026-03-11 03:20:00+00:00,0.0,0.0
2026-03-11 03:25:00+00:00,0.0,0.0
2026-03-11 03:30:00+00:00,0.0,0.0
2026-03-11 03:35:00+00:00,0.0,0.0
2026-03-11 03:40:00+00:00,0.0,0.0
2026-03-11 03:45:00+00:00,0.0,0.0
2026-03-11 03:50:00+00:00,0.0,0.0
2026-03-11 03:55:00+00:00,0.0,0.0
2026-03-11 04:00:00+00:00,0.0,0.0
2026-03-11 04:05:00+00:00,0.0,0.0
2026-03-11 04:10:00+00:00,0.0,0.0
2026-03-11 04:15:00+00:00,0.0,0.0
2026-03-11 04:20:00+00:00,0.0,0.0
2026-03-11 04:25:00+00:00,0.0,0.0
2026-03-11 04:30:00+00:00,0.0,0.0
2026-03-11 04:35:00+00:00,0.0,0.0
2026-03-11 04:40:00+00:00,0.0,0.0
2026-03-11 04:45:00+00:00,0.0,0.0
2026-03-11 04:50:00+00:00,0.0,0.0
2026-03-11 04:55:00+00:00,0.0,0.0
2026-03-11 05:00:00+00:00,0.0,0.0
2026-03-11 05:05:00+00:00,0.0,0.0
2026-03-11 05:10:00+00:00,0.0,0.0
2026-03-11 05:15:00+00:00,0.0,0.0
2026-03-11 05:20:00+00:00,0.0,0.0
2026-03-11 05:25:00+00:00,0.0,0.0
2026-03-11 05:30:00+00:00,0.0,0.0
2026-03-11 05:35:00+00:00,0.0,0.0
2026-03-11 05:40:00+00:00,0.0,0.0
2026-03-11 05:45:00+00:00,0.0,0.0
2026-03-11 05:50:00+00:00,0.0,0.0
2026-03-11 05:55:00+00:00,0.0,0.0
2026-03-11 06:00:00+00:00,0.0,0.0
2026-03-11 06:05:00+00:00,0.0,0.0
2026-03-11 06:10:00+00:00,0.0,0.0
2026-03-11 06:15:00+00:00,0.0,0.0
2026-03-11 06:20:00+00:00,0.0,0.0
2026-03-11 06:25:00+00:00,0.0,0.0
2026-03-11 06:30:00+00:00,0.0,0.0
2026-03-11 06:35:00+00:00,0.0,0.0
2026-03-11 06:40:00+00:00,0.0,0.0
2026-03-11 06:45:00+00:00,0.0,0.0
2026-03-11 06:50:00+00:00,0.0,0.0
2026-03-11 06:55:00+00:00,0.0,0.0
2026-03-11 07:00:00+00:00,0.0,0.0
2026-03-11 07:05:00+00:00,0.0,0.0
2026-03-11 07:10:00+00:00,0.0,0.0
2026-03-11 07:15:00+00:00,0.0,0.0
2026-03-11 07:20:00+00:00,0.0,0.0
2026-03-11 07:25:00+00:00,0.0,0.0
2026-03-11 07:30:00+00:00,0.0,0.0
2026-03-11 07:35:00+00:00,0.0,0.0
2026-03-11 07:40:00+00:00,0.0,0.0
2026-03-11 07:45:00+00:00,0.0,0.0
2026-03-11 07:50:00+00:00,0.0,0.0
2026-03-11 07:55:00+00:00,0.0,0.0
2026-03-11 08:00:00+00:00,0.0,0.0
2026-03-11 08:05:00+00:00,0.0,0.0
2026-03-11 08:10:00+00:00,0.0,0.0
2026-03-11 08:15:00+00:00,0.0,0.0
2026-03-11 08:20:00+00:00,0.0,0.0
2026-03-11 08:25:00+00:00,0.0,0.0
2026-03-11 08:30:00+00:00,0.0,0.0
2026-03-11 08:35:00+00:00,0.0,0.0
2026-03-11 08:40:00+00:00,0.0,0.0
2026-03-11 08:45:00+00:00,0.0,0.0
2026-03-11 08:50:00+00:00,0.0,0.0
2026-03-11 08:55:00+00:00,0.0,0.0
2026-03-11 09:00:00+00:00,0.0,0.0
2026-03-11 09:05:00+00:00,0.0,0.0
2026-03-11 09:10:00+00:00,0.0,0.0
2026-03-11 09:15:00+00:00,0.0,0.0
2026-03-11 09:20:00+00:00,0.0,0.0
2026-03-11 09:25:00+00:00,0.0,0.0
2026-03-11 09:30:00+00:00,0.0,0.0
2026-03-11 09:35:00+00:00,0.0,0.0
2026-03-11 09:40:00+00:00,0.0,0.0
2026-03-11 09:45:00+00:00,0.0,0.0
2026-03-11 09:50:00+00:00,0.0,0.0
2026-03-11 09:55:00+00:00,0.0,0.0
2026-03-11 10:00:00+00:00,0.0,0.0
2026-03-11 10:05:00+00:00,0.0,0.0
2026-03-11 10:10:00+00:00,0.0,0.0
2026-03-11 10:15:00+00:00,0.0,0.0
2026-03-11 10:20:00+00:00,0.0,0.0
2026-03-11 10:25:00+00:00,0.0,0.0
2026-03-11 10:30:00+00:00,0.0,0.0
2026-03-11 10:35:00+00:00,0.0,0.0
2026-03-11 10:40:00+00:00,0.0,0.0
2026-03-11 10:45:00+00:00,0.0,0.0
2026-03-11 10:50:00+00:00,0.0,0.0
2026-03-11 10:55:00+00:00,0.0,0.0
2026-03-11 11:00:00+00:00,0.0,0.0
2026-03-11 11:05:00+00:00,0.0,0.0
2026-03-11 11:10:00+00:00,0.0,0.0
2026-03-11 11:15:00+00:00,0.0,0.0
2026-03-11 11:20:00+00:00,0.0,0.0
2026-03-11 11:25:00+00:00,0.0,0.0
2026-03-11 11:30:00+00:00,0.0,0.0
2026-03-11 11:35:00+00:00,0.0,0.0
2026-03-11 11:40:00+00:00,0.0,0.0
2026-03-11 11:45:00+00:00,0.0,0.0
2026-03-11 11:50:00+00:00,0.0,0.0
2026-03-11 11:55:00+00:00,0.0,0.0
2026-03-11 12:00:00+00:00,0.0,0.0
2026-03-11 12:05:00+00:00,0.0,0.0
2026-03-11 12:10:00+00:00,0.0,0.0
2026-03-11 12:15:00+00:00,0.0,0.0
2026-03-11 12:20:00+00:00,0.0,0.0
2026-03-11 12:25:00+00:00,0.0,0.0
2026-03-11 12:30:00+00:00,0.0,0.0
2026-03-11 12:35:00+00:00,0.0,0.0
2026-03-11 12:40:00+00:00,0.0,0.0
2026-03-11 12:45:00+00:00,0.0,0.0
2026-03-11 12:50:00+00:00,0.0,0.0
2026-03-11 12:55:00+00:00,0.0,0.0
2026-03-11 13:00:00+00:00,0.0,0.0
2026-03-11 13:05:00+00:00,0.0,0.0
2026-03-11 13:10:00+00:00,0.0,0.0
2026-03-11 13:15:00+00:00,0.0,0.0
2026-03-11 13:20:00+00:00,0.0,0.0
2026-03-11 13:25:00+00:00,0.0,0.0
2026-03-11 13:30:00+00:00,0.0,0.0
2026-03-11 13:35:00+00:00,0.0,0.0
2026-03-11 13:40:00+00:00,0.0,0.0
2026-03-11 13:45:00+00:00,0.0,0.0
2026-03-11 13:50:00+00:00,0.0,0.0
2026-03-11 13:55:00+00:00,0.0,0.0
2026-03-11 14:00:00+00:00,0.0,0.0
2026-03-11 14:05:00+00:00,0.0,0.0
2026-03-11 14:10:00+00:00,0.0,0.0
2026-03-11 14:15:00+00:00,0.0,0.0
2026-03-11 14:20:00+00:00,0.0,0.0
2026-03-11 14:25:00+00:00,0.0,0.0
2026-03-11 14:30:00+00:00,0.0,0.0
2026-03-11 14:35:00+00:00,0.0,0.0
2026-03-11 14:40:00+00:00,0.0,0.0
2026-03-11 14:45:00+00:00,0.0,0.0
2026-03-11 14:50:00+00:00,0.0,0.0
2026-03-11 14:55:00+00:00,0.0,0.0
2026-03-11 15:00:00+00:00,0.0,0.0
2026-03-11 15:05:00+00:00,0.0,0.0
2026-03-11 15:10:00+00:00,0.0,0.0
2026-03-11 15:15:00+00:00,0.0,0.0
2026-03-11 15:20:00+00:00,0.0,0.0
2026-03-11 15:25:00+00:00,0.0,0.0
2026-03-11 15:30:00+00:00,0.0,0.0
2026-03-11 15:35:00+00:00,0.0,0.0
2026-03-11 15:40:00+00:00,0.0,0.0
2026-03-11 15:45:00+00:00,0.0,0.0
2026-03-11 15:50:00+00:00,0.0,0.0
2026-03-11 15:55:00+00:00,0.0,0.0
2026-03-11 16:00:00+00:00,0.0,0.0
2026-03-11 16:05:00+00:00,0.0,0.0
2026-03-11 16:10:00+00:00,0.0,0.0
2026-03-11 16:15:00+00:00,0.0,0.0
2026-03-11 16:20:00+00:00,0.0,0.0
2026-03-11 16:25:00+00:00,0.0,0.0
2026-03-11 16:30:00+00:00,0.0,0.0
2026-03-11 16:35:00+00:00,0.0,0.0
2026-03-11 16:40:00+00:00,0.0,0.0
2026-03-11 16:45:00+00:00,0.0,0.0
2026-03-11 16:50:00+00:00,0.0,0.0
2026-03-11 16:55:00+00:00,0.0,0.0
2026-03-11 17:00:00+00:00,0.0,0.0
2026-03-11 17:05:00+00:00,0.0,0.0
2026-03-11 17:10:00+00:00,0.0,0.0
2026-03-11 17:15:00+00:00,0.0,0.0
2026-03-11 17:20:00+00:00,0.0,0.0
2026-03-11 17:25:00+00:00,0.0,0.0
2026-03-11 17:30:00+00:00,0.0,0.0
2026-03-11 17:35:00+00:00,0.0,0.0
2026-03-11 17:40:00+00:00,0.0,0.0
2026-03-11 17:45:00+00:00,0.0,0.0
2026-03-11 17:50:00+00:00,0.0,0.0
2026-03-11 17:55:00+00:00,0.0,0.0
2026-03-11 18:00:00+00:00,0.0,0.0
2026-03-11 18:05:00+00:00,0.0,0.0
2026-03-11 18:10:00+00:00,0.0,0.0
2026-03-11 18:15:00+00:00,0.0,0.0
2026-03-11 18:20:00+00:00,0.0,0.0
2026-03-11 18:25:00+00:00,0.0,0.0
2026-03-11 18:30:00+00:00,0.0,0.0
2026-03-11 18:35:00+00:00,0.0,0.0
2026-03-11 18:40:00+00:00,0.0,0.0
2026-03-11 18:45:00+00:00,0.0,0.0
2026-03-11 18:50:00+00:00,0.0,0.0
2026-03-11 18:55:00+00:00,0.0,0.0
2026-03-11 19:00:00+00:00,0.0,0.0
2026-03-11 19:05:00+00:00,0.0,0.0
2026-03-11 19:10:00+00:00,0.0,0.0
2026-03-11 19:15:00+00:00,0.0,0.0
2026-03-11 19:20:00+00:00,0.0,0.0
2026-03-11 19:25:00+00:00,0.0,0.0
2026-03-11 19:30:00+00:00,0.0,0.0
2026-03-11 19:35:00+00:00,0.0,0.0
2026-03-11 19:40:00+00:00,0.0,0.0
2026-03-11 19:45:00+00:00,0.0,0.0
2026-03-11 19:50:00+00:00,0.0,0.0
2026-03-11 19:55:00+00:00,0.0,0.0
2026-03-11 20:00:00+00:00,0.0,0.0
2026-03-11 20:05:00+00:00,0.0,0.0
2026-03-11 20:10:00+00:00,0.0,0.0
2026-03-11 20:15:00+00:00,0.0,0.0
2026-03-11 20:20:00+00:00,0.0,0.0
2026-03-11 20:25:00+00:00,0.0,0.0
2026-03-11 20:30:00+00:00,0.0,0.0
2026-03-11 20:35:00+00:00,0.0,0.0
2026-03-11 20:40:00+00:00,0.0,0.0
2026-03-11 20:45:00+00:00,0.0,0.0
2026-03-11 20:50:00+00:00,0.0,0.0
2026-03-11 20:55:00+00:00,0.0,0.0
2026-03-11 21:00:00+00:00,0.0,0.0
2026-03-11 21:05:00+00:00,0.0,0.0
2026-03-11 21:10:00+00:00,0.0,0.0
2026-03-11 21:15:00+00:00,0.0,0.0
2026-03-11 21:20:00+00:00,0.0,0.0
2026-03-11 21:25:00+00:00,0.0,0.0
2026-03-11 21:30:00+00:00,0.0,0.0
2026-03-11 21:35:00+00:00,0.0,0.0
2026-03-11 21:40:00+00:00,0.0,0.0
2026-03-11 21:45:00+00:00,0.0,0.0
2026-03-11 21:50:00+00:00,0.0,0.0
2026-03-11 21:55:00+00:00,0.0,0.0
2026-03-11 22:00:00+00:00,0.0,0.0
2026-03-11 22:05:00+00:00,0.0,0.0
2026-03-11 22:10:00+00:00,0.0,0.0
2026-03-11 22:15:00+00:00,0.0,0.0
2026-03-11 22:20:00+00:00,0.0,0.0
2026-03-11 22:25:00+00:00,0.0,0.0
2026-03-11 22:30:00+00:00,0.0,0.0
2026-03-11 22:35:00+00:00,0.0,0.0
2026-03-11 22:40:00+00:00,0.0,0.0
2026-03-11 22:45:00+00:00,0.0,0.0
2026-03-11 22:50:00+00:00,0.0,0.0
2026-03-11 22:55:00+00:00,0.0,0.0
2026-03-11 23:00:00+00:00,0.0,0.0
2026-03-11 23:05:00+00:00,0.0,0.0
2026-03-11 23:10:00+00:00,0.0,0.0
2026-03-11 23:15:00+00:00,0.0,0.0
2026-03-11 23:20:00+00:00,0.0,0.0
2026-03-11 23:25:00+00:00,0.0,0.0
2026-03-11 23:30:00+00:00,0.0,0.0
2026-03-11 23:35:00+00:00,0.0,0.0
2026-03-11 23:40:00+00:00,0.0,0.0
2026-03-11 23:45:00+00:00,0.0,0.0
2026-03-11 23:50:00+00:00,0.0,0.0
2026-03-11 23:55:00+00:00,0.0,0.0
2026-03-12 00:00:00+00:00,0.0,0.0
2026-03-12 00:05:00+00:00,0.0,0.0
2026-03-12 00:10:00+00:00,0.0,0.0
2026-03-12 00:15:00+00:00,0.0,0.0
2026-03-12 00:20:00+00:00,0.0,0.0
2026-03-12 00:25:00+00:00,0.0,0.0
2026-03-12 00:30:00+00:00,0.0,0.0
2026-03-12 00:35:00+00:00,0.0,0.0
2026-03-12 00:40:00+00:00,0.0,0.0
2026-03-12 00:45:00+00:00,0.0,0.0
2026-03-12 00:50:00+00:00,0.0,0.0
2026-03-12 00:55:00+00:00,0.0,0.0
2026-03-12 01:00:00+00:00,0.0,0.0
2026-03-12 01:05:00+00:00,0.0,0.0
2026-03-12 01:10:00+00:00,0.0,0.0
2026-03-12 01:15:00+00:00,0.0,0.0
2026-03-12 01:20:00+00:00,0.0,0.0
2026-03-12 01:25:00+00:00,0.0,0.0
2026-03-12 01:30:00+00:00,0.0,0.0
2026-03-12 01:35:00+00:00,0.0,0.0
2026-03-12 01:40:00+00:00,0.0,0.0
2026-03-12 01:45:00+00:00,0.0,0.0
2026-03-12 01:50:00+00:00,0.0,0.0
2026-03-12 01:55:00+00:00,0.0,0.0
2026-03-12 02:00:00+00:00,0.0,0.0
2026-03-12 02:05:00+00:00,0.0,0.0
2026-03-12 02:10:00+00:00,0.0,0.0
2026-03-12 02:15:00+00:00,0.0,0.0
2026-03-12 02:20:00+00:00,0.0,0.0
2026-03-12 02:25:00+00:00,0.0,0.0
2026-03-12 02:30:00+00:00,0.0,0.0
2026-03-12 02:35:00+00:00,0.0,0.0
2026-03-12 02:40:00+00:00,0.0,0.0
2026-03-12 02:45:00+00:00,0.0,0.0
2026-03-12 02:50:00+00:00,0.0,0.0
2026-03-12 02:55:00+00:00,0.0,0.0
2026-03-12 03:00:00+00:00,0.0,0.0
2026-03-12 03:05:00+00:00,0.0,0.0
2026-03-12 03:10:00+00:00,0.0,0.0
2026-03-12 03:15:00+00:00,0.0,0.0
2026-03-12 03:20:00+00:00,0.0,0.0
2026-03-12 03:25:00+00:00,0.0,0.0
2026-03-12 03:30:00+00:00,0.0,0.0
2026-03-12 03:35:00+00:00,0.0,0.0
2026-03-12 03:40:00+00:00,0.0,0.0
2026-03-12 03:45:00+00:00,0.0,0.0
2026-03-12 03:50:00+00:00,0.0,0.0
2026-03-12 03:55:00+00:00,0.0,0.0
2026-03-12 04:00:00+00:00,0.0,0.0
2026-03-12 04:05:00+00:00,0.0,0.0
2026-03-12 04:10:00+00:00,0.0,0.0
2026-03-12 04:15:00+00:00,0.0,0.0
2026-03-12 04:20:00+00:00,0.0,0.0
2026-03-12 04:25:00+00:00,0.0,0.0
2026-03-12 04:30:00+00:00,0.0,0.0
2026-03-12 04:35:00+00:00,0.0,0.0
2026-03-12 04:40:00+00:00,0.0,0.0
2026-03-12 04:45:00+00:00,0.0,0.0
2026-03-12 04:50:00+00:00,0.0,0.0
2026-03-12 04:55:00+00:00,0.0,0.0
2026-03-12 05:00:00+00:00,0.0,0.0
2026-03-12 05:05:00+00:00,0.0,0.0
2026-03-12 05:10:00+00:00,0.0,0.0
2026-03-12 05:15:00+00:00,0.0,0.0
2026-03-12 05:20:00+00:00,0.0,0.0
2026-03-12 05:25:00+00:00,0.0,0.0
2026-03-12 05:30:00+00:00,0.0,0.0
2026-03-12 05:35:00+00:00,0.0,0.0
2026-03-12 05:40:00+00:00,0.0,0.0
2026-03-12 05:45:00+00:00,0.0,0.0
2026-03-12 05:50:00+00:00,0.0,0.0
2026-03-12 05:55:00+00:00,0.0,0.0
2026-03-12 06:00:00+00:00,0.0,0.0
2026-03-12 06:05:00+00:00,0.0,0.0
2026-03-12 06:10:00+00:00,0.0,0.0
2026-03-12 06:15:00+00:00,0.0,0.0
2026-03-12 06:20:00+00:00,0.0,0.0
2026-03-12 06:25:00+00:00,0.0,0.0
2026-03-12 06:30:00+00:00,0.0,0.0
2026-03-12 06:35:00+00:00,0.0,0.0
2026-03-12 06:40:00+00:00,0.0,0.0
2026-03-12 06:45:00+00:00,0.0,0.0
2026-03-12 06:50:00+00:00,0.0,0.0
2026-03-12 06:55:00+00:00,0.0,0.0
2026-03-12 07:00:00+00:00,0.0,0.0
2026-03-12 07:05:00+00:00,0.0,0.0
2026-03-12 07:10:00+00:00,0.0,0.0
2026-03-12 07:15:00+00:00,0.0,0.0
2026-03-12 07:20:00+00:00,0.0,0.0
2026-03-12 07:25:00+00:00,0.0,0.0
2026-03-12 07:30:00+00:00,0.0,0.0
2026-03-12 07:35:00+00:00,0.0,0.0
2026-03-12 07:40:00+00:00,0.0,0.0
2026-03-12 07:45:00+00:00,0.0,0.0
2026-03-12 07:50:00+00:00,0.0,0.0
2026-03-12 07:55:00+00:00,0.0,0.0
2026-03-12 08:00:00+00:00,0.0,0.0
2026-03-12 08:05:00+00:00,0.0,0.0
2026-03-12 08:10:00+00:00,0.0,0.0
2026-03-12 08:15:00+00:00,0.0,0.0
2026-03-12 08:20:00+00:00,0.0,0.0
2026-03-12 08:25:00+00:00,0.0,0.0
2026-03-12 08:30:00+00:00,0.0,0.0
2026-03-12 08:35:00+00:00,0.0,0.0
2026-03-12 08:40:00+00:00,0.0,0.0
2026-03-12 08:45:00+00:00,0.0,0.0
2026-03-12 08:50:00+00:00,0.0,0.0
2026-03-12 08:55:00+00:00,0.0,0.0
2026-03-12 09:00:00+00:00,0.0,0.0
2026-03-12 09:05:00+00:00,0.0,0.0
2026-03-12 09:10:00+00:00,0.0,0.0
2026-03-12 09:15:00+00:00,0.0,0.0
2026-03-12 09:20:00+00:00,0.0,0.0
2026-03-12 09:25:00+00:00,0.0,0.0
2026-03-12 09:30:00+00:00,0.0,0.0
2026-03-12 09:35:00+00:00,0.0,0.0
2026-03-12 09:40:00+00:00,0.0,0.0
2026-03-12 09:45:00+00:00,0.0,0.0
2026-03-12 09:50:00+00:00,0.0,0.0
2026-03-12 09:55:00+00:00,0.0,0.0
2026-03-12 10:00:00+00:00,0.0,0.0
2026-03-12 10:05:00+00:00,0.0,0.0
2026-03-12 10:10:00+00:00,0.0,0.0
2026-03-12 10:15:00+00:00,0.0,0.0
2026-03-12 10:20:00+00:00,0.0,0.0
2026-03-12 10:25:00+00:00,0.0,0.0
2026-03-12 10:30:00+00:00,0.0,0.0
2026-03-12 10:35:00+00:00,0.0,0.0
2026-03-12 10:40:00+00:00,0.0,0.0
2026-03-12 10:45:00+00:00,0.0,0.0
2026-03-12 10:50:00+00:00,0.0,0.0
2026-03-12 10:55:00+00:00,0.0,0.0
2026-03-12 11:00:00+00:00,0.0,0.0
2026-03-12 11:05:00+00:00,0.0,0.0
2026-03-12 11:10:00+00:00,0.0,0.0
2026-03-12 11:15:00+00:00,0.0,0.0
2026-03-12 11:20:00+00:00,0.0,0.0
2026-03-12 11:25:00+00:00,0.0,0.0
2026-03-12 11:30:00+00:00,0.0,0.0
2026-03-12 11:35:00+00:00,0.0,0.0
2026-03-12 11:40:00+00:00,0.0,0.0
2026-03-12 11:45:00+00:00,0.0,0.0
2026-03-12 11:50:00+00:00,0.0,0.0
2026-03-12 11:55:00+00:00,0.0,0.0
2026-03-12 12:00:00+00:00,0.0,0.0
2026-03-12 12:05:00+00:00,0.0,0.0
2026-03-12 12:10:00+00:00,0.0,0.0
2026-03-12 12:15:00+00:00,0.0,0.0
2026-03-12 12:20:00+00:00,0.0,0.0
2026-03-12 12:25:00+00:00,0.0,0.0
2026-03-12 12:30:00+00:00,0.0,0.0
2026-03-12 12:35:00+00:00,0.0,0.0
2026-03-12 12:40:00+00:00,0.0,0.0
2026-03-12 12:45:00+00:00,0.0,0.0
2026-03-12 12:50:00+00:00,0.0,0.0
2026-03-12 12:55:00+00:00,0.0,0.0
2026-03-12 13:00:00+00:00,0.0,0.0
2026-03-12 13:05:00+00:00,0.0,0.0
2026-03-12 13:10:00+00:00,0.0,0.0
2026-03-12 13:15:00+00:00,0.0,0.0
2026-03-12 13:20:00+00:00,0.0,0.0
2026-03-12 13:25:00+00:00,0.0,0.0
2026-03-12 13:30:00+00:00,0.0,0.0
2026-03-12 13:35:00+00:00,0.0,0.0
2026-03-12 13:40:00+00:00,0.0,0.0
2026-03-12 13:45:00+00:00,0.0,0.0
2026-03-12 13:50:00+00:00,0.0,0.0
2026-03-12 13:55:00+00:00,0.0,0.0
2026-03-12 14:00:00+00:00,0.0,0.0
2026-03-12 14:05:00+00:00,0.0,0.0
2026-03-12 14:10:00+00:00,0.0,0.0
2026-03-12 14:15:00+00:00,0.0,0.0
2026-03-12 14:20:00+00:00,0.0,0.0
2026-03-12 14:25:00+00:00,0.0,0.0
2026-03-12 14:30:00+00:00,0.0,0.0
2026-03-12 14:35:00+00:00,0.0,0.0
2026-03-12 14:40:00+00:00,0.0,0.0
2026-03-12 14:45:00+00:00,0.0,0.0
2026-03-12 14:50:00+00:00,0.0,0.0
2026-03-12 14:55:00+00:00,0.0,0.0
2026-03-12 15:00:00+00:00,0.0,0.0
2026-03-12 15:05:00+00:00,0.0,0.0
2026-03-12 15:10:00+00:00,0.0,0.0
2026-03-12 15:15:00+00:00,0.0,0.0
2026-03-12 15:20:00+00:00,0.0,0.0
2026-03-12 15:25:00+00:00,0.0,0.0
2026-03-12 15:30:00+00:00,0.0,0.0
2026-03-12 15:35:00+00:00,0.0,0.0
2026-03-12 15:40:00+00:00,0.0,0.0
2026-03-12 15:45:00+00:00,0.0,0.0
2026-03-12 15:50:00+00:00,0.0,0.0
2026-03-12 15:55:00+00:00,0.0,0.0
2026-03-12 16:00:00+00:00,0.0,0.0
2026-03-12 16:05:00+00:00,0.0,0.0
2026-03-12 16:10:00+00:00,0.0,0.0
2026-03-12 16:15:00+00:00,0.0,0.0
2026-03-12 16:20:00+00:00,0.0,0.0
2026-03-12 16:25:00+00:00,0.0,0.0
2026-03-12 16:30:00+00:00,0.0,0.0
2026-03-12 16:35:00+00:00,0.0,0.0
2026-03-12 16:40:00+00:00,0.0,0.0
2026-03-12 16:45:00+00:00,0.0,0.0
2026-03-12 16:50:00+00:00,0.0,0.0
2026-03-12 16:55:00+00:00,0.0,0.0
2026-03-12 17:00:00+00:00,0.0,0.0
2026-03-12 17:05:00+00:00,0.0,0.0
2026-03-12 17:10:00+00:00,0.0,0.0
2026-03-12 17:15:00+00:00,0.0,0.0
2026-03-12 17:20:00+00:00,0.0,0.0
2026-03-12 17:25:00+00:00,0.0,0.0
2026-03-12 17:30:00+00:00,0.0,0.0
2026-03-12 17:35:00+00:00,0.0,0.0
2026-03-12 17:40:00+00:00,0.0,0.0
2026-03-12 17:45:00+00:00,0.0,0.0
2026-03-12 17:50:00+00:00,0.0,0.0
2026-03-12 17:55:00+00:00,0.0,0.0
2026-03-12 18:00:00+00:00,0.0,0.0
2026-03-12 18:05:00+00:00,0.0,0.0
2026-03-12 18:10:00+00:00,0.0,0.0
2026-03-12 18:15:00+00:00,0.0,0.0
2026-03-12 18:20:00+00:00,0.0,0.0
2026-03-12 18:25:00+00:00,0.0,0.0
2026-03-12 18:30:00+00:00,0.0,0.0
2026-03-12 18:35:00+00:00,0.0,0.0
2026-03-12 18:40:00+00:00,0.0,0.0
2026-03-12 18:45:00+00:00,0.0,0.0
2026-03-12 18:50:00+00:00,0.0,0.0
2026-03-12 18:55:00+00:00,0.0,0.0
2026-03-12 19:00:00+00:00,0.0,0.0
2026-03-12 19:05:00+00:00,0.0,0.0
2026-03-12 19:10:00+00:00,0.0,0.0
2026-03-12 19:15:00+00:00,0.0,0.0
2026-03-12 19:20:00+00:00,0.0,0.0
2026-03-12 19:25:00+00:00,0.0,0.0
2026-03-12 19:30:00+00:00,0.0,0.0
2026-03-12 19:35:00+00:00,0.0,0.0
2026-03-12 19:40:00+00:00,0.0,0.0
2026-03-12 19:45:00+00:00,0.0,0.0
2026-03-12 19:50:00+00:00,0.0,0.0
2026-03-12 19:55:00+00:00,0.0,0.0
2026-03-12 20:00:00+00:00,0.0,0.0
2026-03-12 20:05:00+00:00,0.0,0.0
2026-03-12 20:10:00+00:00,0.0,0.0
2026-03-12 20:15:00+00:00,0.0,0.0
2026-03-12 20:20:00+00:00,0.0,0.0
2026-03-12 20:25:00+00:00,0.0,0.0
2026-03-12 20:30:00+00:00,0.0,0.0
2026-03-12 20:35:00+00:00,0.0,0.0
2026-03-12 20:40:00+00:00,0.0,0.0
2026-03-12 20:45:00+00:00,0.0,0.0
2026-03-12 20:50:00+00:00,0.0,0.0
2026-03-12 20:55:00+00:00,0.0,0.0
2026-03-12 21:00:00+00:00,0.0,0.0
2026-03-12 21:05:00+00:00,0.0,0.0
2026-03-12 21:10:00+00:00,0.0,0.0
2026-03-12 21:15:00+00:00,0.0,0.0
2026-03-12 21:20:00+00:00,0.0,0.0
2026-03-12 21:25:00+00:00,0.0,0.0
2026-03-12 21:30:00+00:00,0.0,0.0
2026-03-12 21:35:00+00:00,0.0,0.0
2026-03-12 21:40:00+00:00,0.0,0.0
2026-03-12 21:45:00+00:00,0.0,0.0
2026-03-12 21:50:00+00:00,0.0,0.0
2026-03-12 21:55:00+00:00,0.0,0.0
2026-03-12 22:00:00+00:00,0.0,0.0
2026-03-12 22:05:00+00:00,0.0,0.0
2026-03-12 22:10:00+00:00,0.0,0.0
2026-03-12 22:15:00+00:00,0.0,0.0
2026-03-12 22:20:00+00:00,0.0,0.0
2026-03-12 22:25:00+00:00,0.0,0.0
2026-03-12 22:30:00+00:00,0.0,0.0
2026-03-12 22:35:00+00:00,0.0,0.0
2026-03-12 22:40:00+00:00,0.0,0.0
2026-03-12 22:45:00+00:00,0.0,0.0
2026-03-12 22:50:00+00:00,0.0,0.0
2026-03-12 22:55:00+00:00,0.0,0.0
2026-03-12 23:00:00+00:00,0.0,0.0
2026-03-12 23:05:00+00:00,0.0,0.0
2026-03-12 23:10:00+00:00,0.0,0.0
2026-03-12 23:15:00+00:00,0.0,0.0
2026-03-12 23:20:00+00:00,0.0,0.0
2026-03-12 23:25:00+00:00,0.0,0.0
2026-03-12 23:30:00+00:00,0.0,0.0
2026-03-12 23:35:00+00:00,0.0,0.0
2026-03-12 23:40:00+00:00,0.0,0.0
2026-03-12 23:45:00+00:00,0.0,0.0
2026-03-12 23:50:00+00:00,0.0,0.0
2026-03-12 23:55:00+00:00,0.0,0.0
2026-03-13 00:00:00+00:00,0.0,0.0
2026-03-13 00:05:00+00:00,0.0,0.0
2026-03-13 00:10:00+00:00,0.0,0.0
2026-03-13 00:15:00+00:00,0.0,0.0
2026-03-13 00:20:00+00:00,0.0,0.0
2026-03-13 00:25:00+00:00,0.0,0.0
2026-03-13 00:30:00+00:00,0.0,0.0
2026-03-13 00:35:00+00:00,0.0,0.0
2026-03-13 00:40:00+00:00,0.0,0.0
2026-03-13 00:45:00+00:00,0.0,0.0
2026-03-13 00:50:00+00:00,0.0,0.0
2026-03-13 00:55:00+00:00,0.0,0.0
2026-03-13 01:00:00+00:00,0.0,0.0
2026-03-13 01:05:00+00:00,0.0,0.0
2026-03-13 01:10:00+00:00,0.0,0.0
2026-03-13 01:15:00+00:00,0.0,0.0
2026-03-13 01:20:00+00:00,0.0,0.0
2026-03-13 01:25:00+00:00,0.0,0.0
2026-03-13 01:30:00+00:00,0.0,0.0
2026-03-13 01:35:00+00:00,0.0,0.0
2026-03-13 01:40:00+00:00,0.0,0.0
2026-03-13 01:45:00+00:00,0.0,0.0
2026-03-13 01:50:00+00:00,0.0,0.0
2026-03-13 01:55:00+00:00,0.0,0.0
2026-03-13 02:00:00+00:00,0.0,0.0
2026-03-13 02:05:00+00:00,0.0,0.0
2026-03-13 02:10:00+00:00,0.0,0.0
2026-03-13 02:15:00+00:00,0.0,0.0
2026-03-13 02:20:00+00:00,0.0,0.0
2026-03-13 02:25:00+00:00,0.0,0.0
2026-03-13 02:30:00+00:00,0.0,0.0
2026-03-13 02:35:00+00:00,0.0,0.0
2026-03-13 02:40:00+00:00,0.0,0.0
2026-03-13 02:45:00+00:00,0.0,0.0
2026-03-13 02:50:00+00:00,0.0,0.0
2026-03-13 02:55:00+00:00,0.0,0.0
2026-03-13 03:00:00+00:00,0.0,0.0
2026-03-13 03:05:00+00:00,0.0,0.0
2026-03-13 03:10:00+00:00,0.0,0.0
2026-03-13 03:15:00+00:00,0.0,0.0
2026-03-13 03:20:00+00:00,0.0,0.0
2026-03-13 03:25:00+00:00,0.0,0.0
2026-03-13 03:30:00+00:00,0.0,0.0
2026-03-13 03:35:00+00:00,0.0,0.0
2026-03-13 03:40:00+00:00,0.0,0.0
2026-03-13 03:45:00+00:00,0.0,0.0
2026-03-13 03:50:00+00:00,0.0,0.0
2026-03-13 03:55:00+00:00,0.0,0.0
2026-03-13 04:00:00+00:00,0.0,0.0
2026-03-13 04:05:00+00:00,0.0,0.0
2026-03-13 04:10:00+00:00,0.0,0.0
2026-03-13 04:15:00+00:00,0.0,0.0
2026-03-13 04:20:00+00:00,0.0,0.0
2026-03-13 04:25:00+00:00,0.0,0.0
2026-03-13 04:30:00+00:00,0.0,0.0
2026-03-13 04:35:00+00:00,0.0,0.0
2026-03-13 04:40:00+00:00,0.0,0.0
2026-03-13 04:45:00+00:00,0.0,0.0
2026-03-13 04:50:00+00:00,0.0,0.0
2026-03-13 04:55:00+00:00,0.0,0.0
2026-03-13 05:00:00+00:00,0.0,0.0
2026-03-13 05:05:00+00:00,0.0,0.0
2026-03-13 05:10:00+00:00,0.0,0.0
2026-03-13 05:15:00+00:00,0.0,0.0
2026-03-13 05:20:00+00:00,0.0,0.0
2026-03-13 05:25:00+00:00,0.0,0.0
2026-03-13 05:30:00+00:00,0.0,0.0
2026-03-13 05:35:00+00:00,0.0,0.0
2026-03-13 05:40:00+00:00,0.0,0.0
2026-03-13 05:45:00+00:00,0.0,0.0
2026-03-13 05:50:00+00:00,0.0,0.0
2026-03-13 05:55:00+00:00,0.0,0.0
2026-03-13 06:00:00+00:00,0.0,0.0
2026-03-13 06:05:00+00:00,0.0,0.0
2026-03-13 06:10:00+00:00,0.0,0.0
2026-03-13 06:15:00+00:00,0.0,0.0
2026-03-13 06:20:00+00:00,0.0,0.0
2026-03-13 06:25:00+00:00,0.0,0.0
2026-03-13 06:30:00+00:00,0.0,0.0
2026-03-13 06:35:00+00:00,0.0,0.0
2026-03-13 06:40:00+00:00,0.0,0.0
2026-03-13 06:45:00+00:00,0.0,0.0
2026-03-13 06:50:00+00:00,0.0,0.0
2026-03-13 06:55:00+00:00,0.0,0.0
2026-03-13 07:00:00+00:00,0.0,0.0
2026-03-13 07:05:00+00:00,0.0,0.0
2026-03-13 07:10:00+00:00,0.0,0.0
2026-03-13 07:15:00+00:00,0.0,0.0
2026-03-13 07:20:00+00:00,0.0,0.0
2026-03-13 07:25:00+00:00,0.0,0.0
2026-03-13 07:30:00+00:00,0.0,0.0
2026-03-13 07:35:00+00:00,0.0,0.0
2026-03-13 07:40:00+00:00,0.0,0.0
2026-03-13 07:45:00+00:00,0.0,0.0
2026-03-13 07:50:00+00:00,0.0,0.0
2026-03-13 07:55:00+00:00,0.0,0.0
2026-03-13 08:00:00+00:00,0.0,0.0
2026-03-13 08:05:00+00:00,0.0,0.0
2026-03-13 08:10:00+00:00,0.0,0.0
2026-03-13 08:15:00+00:00,0.0,0.0
2026-03-13 08:20:00+00:00,0.0,0.0
2026-03-13 08:25:00+00:00,0.0,0.0
2026-03-13 08:30:00+00:00,0.0,0.0
2026-03-13 08:35:00+00:00,0.0,0.0
2026-03-13 08:40:00+00:00,0.0,0.0
2026-03-13 08:45:00+00:00,0.0,0.0
2026-03-13 08:50:00+00:00,0.0,0.0
2026-03-13 08:55:00+00:00,0.0,0.0
2026-03-13 09:00:00+00:00,0.0,0.0
2026-03-13 09:05:00+00:00,0.0,0.0
2026-03-13 09:10:00+00:00,0.0,0.0
2026-03-13 09:15:00+00:00,0.0,0.0
2026-03-13 09:20:00+00:00,0.0,0.0
2026-03-13 09:25:00+00:00,0.0,0.0
2026-03-13 09:30:00+00:00,0.0,0.0
2026-03-13 09:35:00+00:00,0.0,0.0
2026-03-13 09:40:00+00:00,0.0,0.0
2026-03-13 09:45:00+00:00,0.0,0.0
2026-03-13 09:50:00+00:00,0.0,0.0
2026-03-13 09:55:00+00:00,0.0,0.0
2026-03-13 10:00:00+00:00,0.0,0.0
2026-03-13 10:05:00+00:00,0.0,0.0
2026-03-13 10:10:00+00:00,0.0,0.0
2026-03-13 10:15:00+00:00,0.0,0.0
2026-03-13 10:20:00+00:00,0.0,0.0
2026-03-13 10:25:00+00:00,0.0,0.0
2026-03-13 10:30:00+00:00,0.0,0.0
2026-03-13 10:35:00+00:00,0.0,0.0
2026-03-13 10:40:00+00:00,0.0,0.0
2026-03-13 10:45:00+00:00,0.0,0.0
2026-03-13 10:50:00+00:00,0.0,0.0
2026-03-13 10:55:00+00:00,0.0,0.0
2026-03-13 11:00:00+00:00,0.0,0.0
2026-03-13 11:05:00+00:00,0.0,0.0
2026-03-13 11:10:00+00:00,0.0,0.0
2026-03-13 11:15:00+00:00,0.0,0.0
2026-03-13 11:20:00+00:00,0.0,0.0
2026-03-13 11:25:00+00:00,0.0,0.0
2026-03-13 11:30:00+00:00,0.0,0.0
2026-03-13 11:35:00+00:00,0.0,0.0
2026-03-13 11:40:00+00:00,0.0,0.0
2026-03-13 11:45:00+00:00,0.0,0.0
2026-03-13 11:50:00+00:00,0.0,0.0
2026-03-13 11:55:00+00:00,0.0,0.0
2026-03-13 12:00:00+00:00,0.0,0.0
2026-03-13 12:05:00+00:00,0.0,0.0
2026-03-13 12:10:00+00:00,0.0,0.0
2026-03-13 12:15:00+00:00,0.0,0.0
2026-03-13 12:20:00+00:00,0.0,0.0
2026-03-13 12:25:00+00:00,0.0,0.0
2026-03-13 12:30:00+00:00,0.0,0.0
2026-03-13 12:35:00+00:00,0.0,0.0
2026-03-13 12:40:00+00:00,0.0,0.0
2026-03-13 12:45:00+00:00,0.0,0.0
2026-03-13 12:50:00+00:00,0.0,0.0
2026-03-13 12:55:00+00:00,0.0,0.0
2026-03-13 13:00:00+00:00,0.0,0.0
2026-03-13 13:05:00+00:00,0.0,0.0
2026-03-13 13:10:00+00:00,0.0,0.0
2026-03-13 13:15:00+00:00,0.0,0.0
2026-03-13 13:20:00+00:00,0.0,0.0
2026-03-13 13:25:00+00:00,0.0,0.0
2026-03-13 13:30:00+00:00,0.0,0.0
2026-03-13 13:35:00+00:00,0.0,0.0
2026-03-13 13:40:00+00:00,0.0,0.0
2026-03-13 13:45:00+00:00,0.0,0.0
2026-03-13 13:50:00+00:00,0.0,0.0
2026-03-13 13:55:00+00:00,0.0,0.0
2026-03-13 14:00:00+00:00,0.0,0.0
2026-03-13 14:05:00+00:00,0.0,0.0
2026-03-13 14:10:00+00:00,0.0,0.0
2026-03-13 14:15:00+00:00,0.0,0.0
2026-03-13 14:20:00+00:00,0.0,0.0
2026-03-13 14:25:00+00:00,0.0,0.0
2026-03-13 14:30:00+00:00,0.0,0.0
2026-03-13 14:35:00+00:00,0.0,0.0
2026-03-13 14:40:00+00:00,0.0,0.0
2026-03-13 14:45:00+00:00,0.0,0.0
2026-03-13 14:50:00+00:00,0.0,0.0
2026-03-13 14:55:00+00:00,0.0,0.0
2026-03-13 15:00:00+00:00,0.0,0.0
2026-03-13 15:05:00+00:00,0.0,0.0
2026-03-13 15:10:00+00:00,0.0,0.0
2026-03-13 15:15:00+00:00,0.0,0.0
2026-03-13 15:20:00+00:00,0.0,0.0
2026-03-13 15:25:00+00:00,0.0,0.0
2026-03-13 15:30:00+00:00,0.0,0.0
2026-03-13 15:35:00+00:00,0.0,0.0
2026-03-13 15:40:00+00:00,0.0,0.0
2026-03-13 15:45:00+00:00,0.0,0.0
2026-03-13 15:50:00+00:00,0.0,0.0
2026-03-13 15:55:00+00:00,0.0,0.0
2026-03-13 16:00:00+00:00,0.0,0.0
2026-03-13 16:05:00+00:00,0.0,0.0
2026-03-13 16:10:00+00:00,0.0,0.0
2026-03-13 16:15:00+00:00,0.0,0.0
2026-03-13 16:20:00+00:00,0.0,0.0
2026-03-13 16:25:00+00:00,0.0,0.0
2026-03-13 16:30:00+00:00,0.0,0.0
2026-03-13 16:35:00+00:00,0.0,0.0
2026-03-13 16:40:00+00:00,0.0,0.0
2026-03-13 16:45:00+00:00,0.0,0.0
2026-03-13 16:50:00+00:00,0.0,0.0
2026-03-13 16:55:00+00:00,0.0,0.0
2026-03-13 17:00:00+00:00,0.0,0.0
2026-03-13 17:05:00+00:00,0.0,0.0
2026-03-13 17:10:00+00:00,0.0,0.0
2026-03-13 17:15:00+00:00,0.0,0.0
2026-03-13 17:20:00+00:00,0.0,0.0
2026-03-13 17:25:00+00:00,0.0,0.0
2026-03-13 17:30:00+00:00,0.0,0.0
2026-03-13 17:35:00+00:00,0.0,0.0
2026-03-13 17:40:00+00:00,0.0,0.0
2026-03-13 17:45:00+00:00,0.0,0.0
2026-03-13 17:50:00+00:00,0.0,0.0
2026-03-13 17:55:00+00:00,0.0,0.0
2026-03-13 18:00:00+00:00,0.0,0.0
2026-03-13 18:05:00+00:00,0.0,0.0
2026-03-13 18:10:00+00:00,0.0,0.0
2026-03-13 18:15:00+00:00,0.0,0.0
2026-03-13 18:20:00+00:00,0.0,0.0
2026-03-13 18:25:00+00:00,0.0,0.0
2026-03-13 18:30:00+00:00,0.0,0.0
2026-03-13 18:35:00+00:00,0.0,0.0
2026-03-13 18:40:00+00:00,0.0,0.0
2026-03-13 18:45:00+00:00,0.0,0.0
2026-03-13 18:50:00+00:00,0.0,0.0
2026-03-13 18:55:00+00:00,0.0,0.0
2026-03-13 19:00:00+00:00,0.0,0.0
2026-03-13 19:05:00+00:00,0.0,0.0
2026-03-13 19:10:00+00:00,0.0,0.0
2026-03-13 19:15:00+00:00,0.0,0.0
2026-03-13 19:20:00+00:00,0.0,0.0
2026-03-13 19:25:00+00:00,0.0,0.0
2026-03-13 19:30:00+00:00,0.0,0.0
2026-03-13 19:35:00+00:00,0.0,0.0
2026-03-13 19:40:00+00:00,0.0,0.0
2026-03-13 19:45:00+00:00,0.0,0.0
2026-03-13 19:50:00+00:00,0.0,0.0
2026-03-13 19:55:00+00:00,0.0,0.0
2026-03-13 20:00:00+00:00,0.0,0.0
2026-03-13 20:05:00+00:00,0.0,0.0
2026-03-13 20:10:00+00:00,0.0,0.0
2026-03-13 20:15:00+00:00,0.0,0.0
2026-03-13 20:20:00+00:00,0.0,0.0
2026-03-13 20:25:00+00:00,0.0,0.0
2026-03-13 20:30:00+00:00,0.0,0.0
2026-03-13 20:35:00+00:00,0.0,0.0
2026-03-13 20:40:00+00:00,0.0,0.0
2026-03-13 20:45:00+00:00,0.0,0.0
2026-03-13 20:50:00+00:00,0.0,0.0
2026-03-13 20:55:00+00:00,0.0,0.0
2026-03-13 21:00:00+00:00,0.0,0.0
2026-03-13 21:05:00+00:00,0.0,0.0
2026-03-13 21:10:00+00:00,0.0,0.0
2026-03-13 21:15:00+00:00,0.0,0.0
2026-03-13 21:20:00+00:00,0.0,0.0
2026-03-13 21:25:00+00:00,0.0,0.0
2026-03-13 21:30:00+00:00,0.0,0.0
2026-03-13 21:35:00+00:00,0.0,0.0
2026-03-13 21:40:00+00:00,0.0,0.0
2026-03-13 21:45:00+00:00,0.0,0.0
2026-03-13 21:50:00+00:00,0.0,0.0
2026-03-13 21:55:00+00:00,0.0,0.0
2026-03-13 22:00:00+00:00,0.0,0.0
2026-03-13 22:05:00+00:00,0.0,0.0
2026-03-13 22:10:00+00:00,0.0,0.0
2026-03-13 22:15:00+00:00,0.0,0.0
2026-03-13 22:20:00+00:00,0.0,0.0
2026-03-13 22:25:00+00:00,0.0,0.0
2026-03-13 22:30:00+00:00,0.0,0.0
2026-03-13 22:35:00+00:00,0.0,0.0
2026-03-13 22:40:00+00:00,0.0,0.0
2026-03-13 22:45:00+00:00,0.0,0.0
2026-03-13 22:50:00+00:00,0.0,0.0
2026-03-13 22:55:00+00:00,0.0,0.0
2026-03-13 23:00:00+00:00,0.0,0.0
2026-03-13 23:05:00+00:00,0.0,0.0
2026-03-13 23:10:00+00:00,0.0,0.0
2026-03-13 23:15:00+00:00,0.0,0.0
2026-03-13 23:20:00+00:00,0.0,0.0
2026-03-13 23:25:00+00:00,0.0,0.0
2026-03-13 23:30:00+00:00,0.0,0.0
2026-03-13 23:35:00+00:00,0.0,0.0
2026-03-13 23:40:00+00:00,0.0,0.0
2026-03-13 23:45:00+00:00,0.0,0.0
2026-03-13 23:50:00+00:00,0.0,0.0
2026-03-13 23:55:00+00:00,0.0,0.0
2026-03-14 00:00:00+00:00,0.0,0.0
2026-03-14 00:05:00+00:00,0.0,0.0
2026-03-14 00:10:00+00:00,0.0,0.0
2026-03-14 00:15:00+00:00,0.0,0.0
2026-03-14 00:20:00+00:00,0.0,0.0
2026-03-14 00:25:00+00:00,0.0,0.0
2026-03-14 00:30:00+00:00,0.0,0.0
2026-03-14 00:35:00+00:00,0.0,0.0
2026-03-14 00:40:00+00:00,0.0,0.0
2026-03-14 00:45:00+00:00,0.0,0.0
2026-03-14 00:50:00+00:00,0.0,0.0
2026-03-14 00:55:00+00:00,0.0,0.0
2026-03-14 01:00:00+00:00,0.0,0.0
2026-03-14 01:05:00+00:00,0.0,0.0
2026-03-14 01:10:00+00:00,0.0,0.0
2026-03-14 01:15:00+00:00,0.0,0.0
2026-03-14 01:20:00+00:00,0.0,0.0
2026-03-14 01:25:00+00:00,0.0,0.0
2026-03-14 01:30:00+00:00,0.0,0.0
2026-03-14 01:35:00+00:00,0.0,0.0
2026-03-14 01:40:00+00:00,0.0,0.0
2026-03-14 01:45:00+00:00,0.0,0.0
2026-03-14 01:50:00+00:00,0.0,0.0
2026-03-14 01:55:00+00:00,0.0,0.0
2026-03-14 02:00:00+00:00,0.0,0.0
2026-03-14 02:05:00+00:00,0.0,0.0
2026-03-14 02:10:00+00:00,0.0,0.0
2026-03-14 02:15:00+00:00,0.0,0.0
2026-03-14 02:20:00+00:00,0.0,0.0
2026-03-14 02:25:00+00:00,0.0,0.0
2026-03-14 02:30:00+00:00,0.0,0.0
2026-03-14 02:35:00+00:00,0.0,0.0
2026-03-14 02:40:00+00:00,0.0,0.0
2026-03-14 02:45:00+00:00,0.0,0.0
2026-03-14 02:50:00+00:00,0.0,0.0
2026-03-14 02:55:00+00:00,0.0,0.0
2026-03-14 03:00:00+00:00,0.0,0.0
2026-03-14 03:05:00+00:00,0.0,0.0
2026-03-14 03:10:00+00:00,0.0,0.0
2026-03-14 03:15:00+00:00,0.0,0.0
2026-03-14 03:20:00+00:00,0.0,0.0
2026-03-14 03:25:00+00:00,0.0,0.0
2026-03-14 03:30:00+00:00,0.0,0.0
2026-03-14 03:35:00+00:00,0.0,0.0
2026-03-14 03:40:00+00:00,0.0,0.0
2026-03-14 03:45:00+00:00,0.0,0.0
2026-03-14 03:50:00+00:00,0.0,0.0
2026-03-14 03:55:00+00:00,0.0,0.0
2026-03-14 04:00:00+00:00,0.0,0.0
2026-03-14 04:05:00+00:00,0.0,0.0
2026-03-14 04:10:00+00:00,0.0,0.0
2026-03-14 04:15:00+00:00,0.0,0.0
2026-03-14 04:20:00+00:00,0.0,0.0
2026-03-14 04:25:00+00:00,0.0,0.0
2026-03-14 04:30:00+00:00,0.0,0.0
2026-03-14 04:35:00+00:00,0.0,0.0
2026-03-14 04:40:00+00:00,0.0,0.0
2026-03-14 04:45:00+00:00,0.0,0.0
2026-03-14 04:50:00+00:00,0.0,0.0
2026-03-14 04:55:00+00:00,0.0,0.0
2026-03-14 05:00:00+00:00,0.0,0.0
2026-03-14 05:05:00+00:00,0.0,0.0
2026-03-14 05:10:00+00:00,0.0,0.0
2026-03-14 05:15:00+00:00,0.0,0.0
2026-03-14 05:20:00+00:00,0.0,0.0
2026-03-14 05:25:00+00:00,0.0,0.0
2026-03-14 05:30:00+00:00,0.0,0.0
2026-03-14 05:35:00+00:00,0.0,0.0
2026-03-14 05:40:00+00:00,0.0,0.0
2026-03-14 05:45:00+00:00,0.0,0.0
2026-03-14 05:50:00+00:00,0.0,0.0
2026-03-14 05:55:00+00:00,0.0,0.0
2026-03-14 06:00:00+00:00,0.0,0.0
2026-03-14 06:05:00+00:00,0.0,0.0
2026-03-14 06:10:00+00:00,0.0,0.0
2026-03-14 06:15:00+00:00,0.0,0.0
2026-03-14 06:20:00+00:00,0.0,0.0
2026-03-14 06:25:00+00:00,0.0,0.0
2026-03-14 06:30:00+00:00,0.0,0.0
2026-03-14 06:35:00+00:00,0.0,0.0
2026-03-14 06:40:00+00:00,0.0,0.0
2026-03-14 06:45:00+00:00,0.0,0.0
2026-03-14 06:50:00+00:00,0.0,0.0
2026-03-14 06:55:00+00:00,0.0,0.0
2026-03-14 07:00:00+00:00,0.0,0.0
2026-03-14 07:05:00+00:00,0.0,0.0
2026-03-14 07:10:00+00:00,0.0,0.0
2026-03-14 07:15:00+00:00,0.0,0.0
2026-03-14 07:20:00+00:00,0.0,0.0
2026-03-14 07:25:00+00:00,0.0,0.0
2026-03-14 07:30:00+00:00,0.0,0.0
2026-03-14 07:35:00+00:00,0.0,0.0
2026-03-14 07:40:00+00:00,0.0,0.0
2026-03-14 07:45:00+00:00,0.0,0.0
2026-03-14 07:50:00+00:00,0.0,0.0
2026-03-14 07:55:00+00:00,0.0,0.0
2026-03-14 08:00:00+00:00,0.0,0.0
2026-03-14 08:05:00+00:00,0.0,0.0
2026-03-14 08:10:00+00:00,0.0,0.0
2026-03-14 08:15:00+00:00,0.0,0.0
2026-03-14 08:20:00+00:00,0.0,0.0
2026-03-14 08:25:00+00:00,0.0,0.0
2026-03-14 08:30:00+00:00,0.0,0.0
2026-03-14 08:35:00+00:00,0.0,0.0
2026-03-14 08:40:00+00:00,0.0,0.0
2026-03-14 08:45:00+00:00,0.0,0.0
2026-03-14 08:50:00+00:00,0.0,0.0
2026-03-14 08:55:00+00:00,0.0,0.0
2026-03-14 09:00:00+00:00,0.0,0.0
2026-03-14 09:05:00+00:00,0.0,0.0
2026-03-14 09:10:00+00:00,0.0,0.0
2026-03-14 09:15:00+00:00,0.0,0.0
2026-03-14 09:20:00+00:00,0.0,0.0
2026-03-14 09:25:00+00:00,0.0,0.0
2026-03-14 09:30:00+00:00,0.0,0.0
2026-03-14 09:35:00+00:00,0.0,0.0
2026-03-14 09:40:00+00:00,0.0,0.0
2026-03-14 09:45:00+00:00,0.0,0.0
2026-03-14 09:50:00+00:00,0.0,0.0
2026-03-14 09:55:00+00:00,0.0,0.0
2026-03-14 10:00:00+00:00,0.0,0.0
2026-03-14 10:05:00+00:00,0.0,0.0
2026-03-14 10:10:00+00:00,0.0,0.0
2026-03-14 10:15:00+00:00,0.0,0.0
2026-03-14 10:20:00+00:00,0.0,0.0
2026-03-14 10:25:00+00:00,0.0,0.0
2026-03-14 10:30:00+00:00,0.0,0.0
2026-03-14 10:35:00+00:00,0.0,0.0
2026-03-14 10:40:00+00:00,0.0,0.0
2026-03-14 10:45:00+00:00,0.0,0.0
2026-03-14 10:50:00+00:00,0.0,0.0
2026-03-14 10:55:00+00:00,0.0,0.0
2026-03-14 11:00:00+00:00,0.0,0.0
2026-03-14 11:05:00+00:00,0.0,0.0
2026-03-14 11:10:00+00:00,0.0,0.0
2026-03-14 11:15:00+00:00,0.0,0.0
2026-03-14 11:20:00+00:00,0.0,0.0
2026-03-14 11:25:00+00:00,0.0,0.0
2026-03-14 11:30:00+00:00,0.0,0.0
2026-03-14 11:35:00+00:00,0.0,0.0
2026-03-14 11:40:00+00:00,0.0,0.0
2026-03-14 11:45:00+00:00,0.0,0.0
2026-03-14 11:50:00+00:00,0.0,0.0
2026-03-14 11:55:00+00:00,0.0,0.0
2026-03-14 12:00:00+00:00,0.0,0.0
2026-03-14 12:05:00+00:00,0.0,0.0
2026-03-14 12:10:00+00:00,0.0,0.0
2026-03-14 12:15:00+00:00,0.0,0.0
2026-03-14 12:20:00+00:00,0.0,0.0
2026-03-14 12:25:00+00:00,0.0,0.0
2026-03-14 12:30:00+00:00,0.0,0.0
2026-03-14 12:35:00+00:00,0.0,0.0
2026-03-14 12:40:00+00:00,0.0,0.0
2026-03-14 12:45:00+00:00,0.0,0.0
2026-03-14 12:50:00+00:00,0.0,0.0
2026-03-14 12:55:00+00:00,0.0,0.0
2026-03-14 13:00:00+00:00,0.0,0.0
2026-03-14 13:05:00+00:00,0.0,0.0
2026-03-14 13:10:00+00:00,0.0,0.0
2026-03-14 13:15:00+00:00,0.0,0.0
2026-03-14 13:20:00+00:00,0.0,0.0
2026-03-14 13:25:00+00:00,0.0,0.0
2026-03-14 13:30:00+00:00,0.0,0.0
2026-03-14 13:35:00+00:00,0.0,0.0
2026-03-14 13:40:00+00:00,0.0,0.0
2026-03-14 13:45:00+00:00,0.0,0.0
2026-03-14 13:50:00+00:00,0.0,0.0
2026-03-14 13:55:00+00:00,0.0,0.0
2026-03-14 14:00:00+00:00,0.0,0.0
2026-03-14 14:05:00+00:00,0.0,0.0
2026-03-14 14:10:00+00:00,0.0,0.0
2026-03-14 14:15:00+00:00,0.0,0.0
2026-03-14 14:20:00+00:00,0.0,0.0
2026-03-14 14:25:00+00:00,0.0,0.0
2026-03-14 14:30:00+00:00,0.0,0.0
2026-03-14 14:35:00+00:00,0.0,0.0
2026-03-14 14:40:00+00:00,0.0,0.0
2026-03-14 14:45:00+00:00,0.0,0.0
2026-03-14 14:50:00+00:00,0.0,0.0
2026-03-14 14:55:00+00:00,0.0,0.0
2026-03-14 15:00:00+00:00,0.0,0.0
2026-03-14 15:05:00+00:00,0.0,0.0
2026-03-14 15:10:00+00:00,0.0,0.0
2026-03-14 15:15:00+00:00,0.0,0.0
2026-03-14 15:20:00+00:00,0.0,0.0
2026-03-14 15:25:00+00:00,0.0,0.0
2026-03-14 15:30:00+00:00,0.0,0.0
2026-03-14 15:35:00+00:00,0.0,0.0
2026-03-14 15:40:00+00:00,0.0,0.0
2026-03-14 15:45:00+00:00,0.0,0.0
2026-03-14 15:50:00+00:00,0.0,0.0
2026-03-14 15:55:00+00:00,0.0,0.0
2026-03-14 16:00:00+00:00,0.0,0.0
2026-03-14 16:05:00+00:00,0.0,0.0
2026-03-14 16:10:00+00:00,0.0,0.0
2026-03-14 16:15:00+00:00,0.0,0.0
2026-03-14 16:20:00+00:00,0.0,0.0
2026-03-14 16:25:00+00:00,0.0,0.0
2026-03-14 16:30:00+00:00,0.0,0.0
2026-03-14 16:35:00+00:00,0.0,0.0
2026-03-14 16:40:00+00:00,0.0,0.0
2026-03-14 16:45:00+00:00,0.0,0.0
2026-03-14 16:50:00+00:00,0.0,0.0
2026-03-14 16:55:00+00:00,0.0,0.0
2026-03-14 17:00:00+00:00,0.0,0.0
2026-03-14 17:05:00+00:00,0.0,0.0
2026-03-14 17:10:00+00:00,0.0,0.0
2026-03-14 17:15:00+00:00,0.0,0.0
2026-03-14 17:20:00+00:00,0.0,0.0
2026-03-14 17:25:00+00:00,0.0,0.0
2026-03-14 17:30:00+00:00,0.0,0.0
2026-03-14 17:35:00+00:00,0.0,0.0
2026-03-14 17:40:00+00:00,0.0,0.0
2026-03-14 17:45:00+00:00,0.0,0.0
2026-03-14 17:50:00+00:00,0.0,0.0
2026-03-14 17:55:00+00:00,0.0,0.0
2026-03-14 18:00:00+00:00,0.0,0.0
2026-03-14 18:05:00+00:00,0.0,0.0
2026-03-14 18:10:00+00:00,0.0,0.0
2026-03-14 18:15:00+00:00,0.0,0.0
2026-03-14 18:20:00+00:00,0.0,0.0
2026-03-14 18:25:00+00:00,0.0,0.0
2026-03-14 18:30:00+00:00,0.0,0.0
2026-03-14 18:35:00+00:00,0.0,0.0
2026-03-14 18:40:00+00:00,0.0,0.0
2026-03-14 18:45:00+00:00,0.0,0.0
2026-03-14 18:50:00+00:00,0.0,0.0
2026-03-14 18:55:00+00:00,0.0,0.0
2026-03-14 19:00:00+00:00,0.0,0.0
2026-03-14 19:05:00+00:00,0.0,0.0
2026-03-14 19:10:00+00:00,0.0,0.0
2026-03-14 19:15:00+00:00,0.0,0.0
2026-03-14 19:20:00+00:00,0.0,0.0
2026-03-14 19:25:00+00:00,0.0,0.0
2026-03-14 19:30:00+00:00,0.0,0.0
2026-03-14 19:35:00+00:00,0.0,0.0
2026-03-14 19:40:00+00:00,0.0,0.0
2026-03-14 19:45:00+00:00,0.0,0.0
2026-03-14 19:50:00+00:00,0.0,0.0
2026-03-14 19:55:00+00:00,0.0,0.0
2026-03-14 20:00:00+00:00,0.0,0.0
2026-03-14 20:05:00+00:00,0.0,0.0
2026-03-14 20:10:00+00:00,0.0,0.0
2026-03-14 20:15:00+00:00,0.0,0.0
2026-03-14 20:20:00+00:00,0.0,0.0
2026-03-14 20:25:00+00:00,0.0,0.0
2026-03-14 20:30:00+00:00,0.0,0.0
2026-03-14 20:35:00+00:00,0.0,0.0
2026-03-14 20:40:00+00:00,0.0,0.0
2026-03-14 20:45:00+00:00,0.0,0.0
2026-03-14 20:50:00+00:00,0.0,0.0
2026-03-14 20:55:00+00:00,0.0,0.0
2026-03-14 21:00:00+00:00,0.0,0.0
2026-03-14 21:05:00+00:00,0.0,0.0
2026-03-14 21:10:00+00:00,0.0,0.0
2026-03-14 21:15:00+00:00,0.0,0.0
2026-03-14 21:20:00+00:00,0.0,0.0
2026-03-14 21:25:00+00:00,0.0,0.0
2026-03-14 21:30:00+00:00,0.0,0.0
2026-03-14 21:35:00+00:00,0.0,0.0
2026-03-14 21:40:00+00:00,0.0,0.0
2026-03-14 21:45:00+00:00,0.0,0.0
2026-03-14 21:50:00+00:00,0.0,0.0
2026-03-14 21:55:00+00:00,0.0,0.0
2026-03-14 22:00:00+00:00,0.0,0.0
2026-03-14 22:05:00+00:00,0.0,0.0
2026-03-14 22:10:00+00:00,0.0,0.0
2026-03-14 22:15:00+00:00,0.0,0.0
2026-03-14 22:20:00+00:00,0.0,0.0
2026-03-14 22:25:00+00:00,0.0,0.0
2026-03-14 22:30:00+00:00,0.0,0.0
2026-03-14 22:35:00+00:00,0.0,0.0
2026-03-14 22:40:00+00:00,0.0,0.0
2026-03-14 22:45:00+00:00,0.0,0.0
2026-03-14 22:50:00+00:00,0.0,0.0
2026-03-14 22:55:00+00:00,0.0,0.0
2026-03-14 23:00:00+00:00,0.0,0.0
2026-03-14 23:05:00+00:00,0.0,0.0
2026-03-14 23:10:00+00:00,0.0,0.0
2026-03-14 23:15:00+00:00,0.0,0.0
2026-03-14 23:20:00+00:00,0.0,0.0
2026-03-14 23:25:00+00:00,0.0,0.0
2026-03-14 23:30:00+00:00,0.0,0.0
2026-03-14 23:35:00+00:00,0.0,0.0
2026-03-14 23:40:00+00:00,0.0,0.0
2026-03-14 23:45:00+00:00,0.0,0.0
2026-03-14 23:50:00+00:00,0.0,0.0
2026-03-14 23:55:00+00:00,0.0,0.0
2026-03-15 00:00:00+00:00,0.0,0.0
2026-03-15 00:05:00+00:00,0.0,0.0
2026-03-15 00:10:00+00:00,0.0,0.0
2026-03-15 00:15:00+00:00,0.0,0.0
2026-03-15 00:20:00+00:00,0.0,0.0
2026-03-15 00:25:00+00:00,0.0,0.0
2026-03-15 00:30:00+00:00,0.0,0.0
2026-03-15 00:35:00+00:00,0.0,0.0
2026-03-15 00:40:00+00:00,0.0,0.0
2026-03-15 00:45:00+00:00,0.0,0.0
2026-03-15 00:50:00+00:00,0.0,0.0
2026-03-15 00:55:00+00:00,0.0,0.0
2026-03-15 01:00:00+00:00,0.0,0.0
2026-03-15 01:05:00+00:00,0.0,0.0
2026-03-15 01:10:00+00:00,0.0,0.0
2026-03-15 01:15:00+00:00,0.0,0.0
2026-03-15 01:20:00+00:00,0.0,0.0
2026-03-15 01:25:00+00:00,0.0,0.0
2026-03-15 01:30:00+00:00,0.0,0.0
2026-03-15 01:35:00+00:00,0.0,0.0
2026-03-15 01:40:00+00:00,0.0,0.0
2026-03-15 01:45:00+00:00,0.0,0.0
2026-03-15 01:50:00+00:00,0.0,0.0
2026-03-15 01:55:00+00:00,0.0,0.0
2026-03-15 02:00:00+00:00,0.0,0.0
2026-03-15 02:05:00+00:00,0.0,0.0
2026-03-15 02:10:00+00:00,0.0,0.0
2026-03-15 02:15:00+00:00,0.0,0.0
2026-03-15 02:20:00+00:00,0.0,0.0
2026-03-15 02:25:00+00:00,0.0,0.0
2026-03-15 02:30:00+00:00,0.0,0.0
2026-03-15 02:35:00+00:00,0.0,0.0
2026-03-15 02:40:00+00:00,0.0,0.0
2026-03-15 02:45:00+00:00,0.0,0.0
2026-03-15 02:50:00+00:00,0.0,0.0
2026-03-15 02:55:00+00:00,0.0,0.0
2026-03-15 03:00:00+00:00,0.0,0.0
2026-03-15 03:05:00+00:00,0.0,0.0
2026-03-15 03:10:00+00:00,0.0,0.0
2026-03-15 03:15:00+00:00,0.0,0.0
2026-03-15 03:20:00+00:00,0.0,0.0
2026-03-15 03:25:00+00:00,0.0,0.0
2026-03-15 03:30:00+00:00,0.0,0.0
2026-03-15 03:35:00+00:00,0.0,0.0
2026-03-15 03:40:00+00:00,0.0,0.0
2026-03-15 03:45:00+00:00,0.0,0.0
2026-03-15 03:50:00+00:00,0.0,0.0
2026-03-15 03:55:00+00:00,0.0,0.0
2026-03-15 04:00:00+00:00,0.0,0.0
2026-03-15 04:05:00+00:00,0.0,0.0
2026-03-15 04:10:00+00:00,0.0,0.0
2026-03-15 04:15:00+00:00,0.0,0.0
2026-03-15 04:20:00+00:00,0.0,0.0
2026-03-15 04:25:00+00:00,0.0,0.0
2026-03-15 04:30:00+00:00,0.0,0.0
2026-03-15 04:35:00+00:00,0.0,0.0
2026-03-15 04:40:00+00:00,0.0,0.0
2026-03-15 04:45:00+00:00,0.0,0.0
2026-03-15 04:50:00+00:00,0.0,0.0
2026-03-15 04:55:00+00:00,0.0,0.0
2026-03-15 05:00:00+00:00,0.0,0.0
2026-03-15 05:05:00+00:00,0.0,0.0
2026-03-15 05:10:00+00:00,0.0,0.0
2026-03-15 05:15:00+00:00,0.0,0.0
2026-03-15 05:20:00+00:00,0.0,0.0
2026-03-15 05:25:00+00:00,0.0,0.0
2026-03-15 05:30:00+00:00,0.0,0.0
2026-03-15 05:35:00+00:00,0.0,0.0
2026-03-15 05:40:00+00:00,0.0,0.0
2026-03-15 05:45:00+00:00,0.0,0.0
2026-03-15 05:50:00+00:00,0.0,0.0
2026-03-15 05:55:00+00:00,0.0,0.0
2026-03-15 06:00:00+00:00,0.0,0.0
2026-03-15 06:05:00+00:00,0.0,0.0
2026-03-15 06:10:00+00:00,0.0,0.0
2026-03-15 06:15:00+00:00,0.0,0.0
2026-03-15 06:20:00+00:00,0.0,0.0
2026-03-15 06:25:00+00:00,0.0,0.0
2026-03-15 06:30:00+00:00,0.0,0.0
2026-03-15 06:35:00+00:00,0.0,0.0
2026-03-15 06:40:00+00:00,0.0,0.0
2026-03-15 06:45:00+00:00,0.0,0.0
2026-03-15 06:50:00+00:00,0.0,0.0
2026-03-15 06:55:00+00:00,0.0,0.0
2026-03-15 07:00:00+00:00,0.0,0.0
2026-03-15 07:05:00+00:00,0.0,0.0
2026-03-15 07:10:00+00:00,0.0,0.0
2026-03-15 07:15:00+00:00,0.0,0.0
2026-03-15 07:20:00+00:00,0.0,0.0
2026-03-15 07:25:00+00:00,0.0,0.0
2026-03-15 07:30:00+00:00,0.0,0.0
2026-03-15 07:35:00+00:00,0.0,0.0
2026-03-15 07:40:00+00:00,0.0,0.0
2026-03-15 07:45:00+00:00,0.0,0.0
2026-03-15 07:50:00+00:00,0.0,0.0
2026-03-15 07:55:00+00:00,0.0,0.0
2026-03-15 08:00:00+00:00,0.0,0.0
2026-03-15 08:05:00+00:00,0.0,0.0
2026-03-15 08:10:00+00:00,0.0,0.0
2026-03-15 08:15:00+00:00,0.0,0.0
2026-03-15 08:20:00+00:00,0.0,0.0
2026-03-15 08:25:00+00:00,0.0,0.0
2026-03-15 08:30:00+00:00,0.0,0.0
2026-03-15 08:35:00+00:00,0.0,0.0
2026-03-15 08:40:00+00:00,0.0,0.0
2026-03-15 08:45:00+00:00,0.0,0.0
2026-03-15 08:50:00+00:00,0.0,0.0
2026-03-15 08:55:00+00:00,0.0,0.0
2026-03-15 09:00:00+00:00,0.0,0.0
2026-03-15 09:05:00+00:00,0.0,0.0
2026-03-15 09:10:00+00:00,0.0,0.0
2026-03-15 09:15:00+00:00,0.0,0.0
2026-03-15 09:20:00+00:00,0.0,0.0
2026-03-15 09:25:00+00:00,0.0,0.0
2026-03-15 09:30:00+00:00,0.0,0.0
2026-03-15 09:35:00+00:00,0.0,0.0
2026-03-15 09:40:00+00:00,0.0,0.0
2026-03-15 09:45:00+00:00,0.0,0.0
2026-03-15 09:50:00+00:00,0.0,0.0
2026-03-15 09:55:00+00:00,0.0,0.0
2026-03-15 10:00:00+00:00,0.0,0.0
2026-03-15 10:05:00+00:00,0.0,0.0
2026-03-15 10:10:00+00:00,0.0,0.0
2026-03-15 10:15:00+00:00,0.0,0.0
2026-03-15 10:20:00+00:00,0.0,0.0
2026-03-15 10:25:00+00:00,0.0,0.0
2026-03-15 10:30:00+00:00,0.0,0.0
2026-03-15 10:35:00+00:00,0.0,0.0
2026-03-15 10:40:00+00:00,0.0,0.0
2026-03-15 10:45:00+00:00,0.0,0.0
2026-03-15 10:50:00+00:00,0.0,0.0
2026-03-15 10:55:00+00:00,0.0,0.0
2026-03-15 11:00:00+00:00,0.0,0.0
2026-03-15 11:05:00+00:00,0.0,0.0
2026-03-15 11:10:00+00:00,0.0,0.0
2026-03-15 11:15:00+00:00,0.0,0.0
2026-03-15 11:20:00+00:00,0.0,0.0
2026-03-15 11:25:00+00:00,0.0,0.0
2026-03-15 11:30:00+00:00,0.0,0.0
2026-03-15 11:35:00+00:00,0.0,0.0
2026-03-15 11:40:00+00:00,0.0,0.0
2026-03-15 11:45:00+00:00,0.0,0.0
2026-03-15 11:50:00+00:00,0.0,0.0
2026-03-15 11:55:00+00:00,0.0,0.0
2026-03-15 12:00:00+00:00,0.0,0.0
2026-03-15 12:05:00+00:00,0.0,0.0
2026-03-15 12:10:00+00:00,0.0,0.0
2026-03-15 12:15:00+00:00,0.0,0.0
2026-03-15 12:20:00+00:00,0.0,0.0
2026-03-15 12:25:00+00:00,0.0,0.0
2026-03-15 12:30:00+00:00,0.0,0.0
2026-03-15 12:35:00+00:00,0.0,0.0
2026-03-15 12:40:00+00:00,0.0,0.0
2026-03-15 12:45:00+00:00,0.0,0.0
2026-03-15 12:50:00+00:00,0.0,0.0
2026-03-15 12:55:00+00:00,0.0,0.0
2026-03-15 13:00:00+00:00,0.0,0.0
2026-03-15 13:05:00+00:00,0.0,0.0
2026-03-15 13:10:00+00:00,0.0,0.0
2026-03-15 13:15:00+00:00,0.0,0.0
2026-03-15 13:20:00+00:00,0.0,0.0
2026-03-15 13:25:00+00:00,0.0,0.0
2026-03-15 13:30:00+00:00,0.0,0.0
2026-03-15 13:35:00+00:00,0.0,0.0
2026-03-15 13:40:00+00:00,0.0,0.0
2026-03-15 13:45:00+00:00,0.0,0.0
2026-03-15 13:50:00+00:00,0.0,0.0
2026-03-15 13:55:00+00:00,0.0,0.0
2026-03-15 14:00:00+00:00,0.0,0.0
2026-03-15 14:05:00+00:00,0.0,0.0
2026-03-15 14:10:00+00:00,0.0,0.0
2026-03-15 14:15:00+00:00,0.0,0.0
2026-03-15 14:20:00+00:00,0.0,0.0
2026-03-15 14:25:00+00:00,0.0,0.0
2026-03-15 14:30:00+00:00,0.0,0.0
2026-03-15 14:35:00+00:00,0.0,0.0
2026-03-15 14:40:00+00:00,0.0,0.0
2026-03-15 14:45:00+00:00,0.0,0.0
2026-03-15 14:50:00+00:00,0.0,0.0
2026-03-15 14:55:00+00:00,0.0,0.0
2026-03-15 15:00:00+00:00,0.0,0.0
2026-03-15 15:05:00+00:00,0.0,0.0
2026-03-15 15:10:00+00:00,0.0,0.0
2026-03-15 15:15:00+00:00,0.0,0.0
2026-03-15 15:20:00+00:00,0.0,0.0
2026-03-15 15:25:00+00:00,0.0,0.0
2026-03-15 15:30:00+00:00,0.0,0.0
2026-03-15 15:35:00+00:00,0.0,0.0
2026-03-15 15:40:00+00:00,0.0,0.0
2026-03-15 15:45:00+00:00,0.0,0.0
2026-03-15 15:50:00+00:00,0.0,0.0
2026-03-15 15:55:00+00:00,0.0,0.0
2026-03-15 16:00:00+00:00,0.0,0.0
2026-03-15 16:05:00+00:00,0.0,0.0
2026-03-15 16:10:00+00:00,0.0,0.0
2026-03-15 16:15:00+00:00,0.0,0.0
2026-03-15 16:20:00+00:00,0.0,0.0
2026-03-15 16:25:00+00:00,0.0,0.0
2026-03-15 16:30:00+00:00,0.0,0.0
2026-03-15 16:35:00+00:00,0.0,0.0
2026-03-15 16:40:00+00:00,0.0,0.0
2026-03-15 16:45:00+00:00,0.0,0.0
2026-03-15 16:50:00+00:00,0.0,0.0
2026-03-15 16:55:00+00:00,0.0,0.0
2026-03-15 17:00:00+00:00,0.0,0.0
2026-03-15 17:05:00+00:00,0.0,0.0
2026-03-15 17:10:00+00:00,0.0,0.0
2026-03-15 17:15:00+00:00,0.0,0.0
2026-03-15 17:20:00+00:00,0.0,0.0
2026-03-15 17:25:00+00:00,0.0,0.0
2026-03-15 17:30:00+00:00,0.0,0.0
2026-03-15 17:35:00+00:00,0.0,0.0
2026-03-15 17:40:00+00:00,0.0,0.0
2026-03-15 17:45:00+00:00,0.0,0.0
2026-03-15 17:50:00+00:00,0.0,0.0
2026-03-15 17:55:00+00:00,0.0,0.0
2026-03-15 18:00:00+00:00,0.0,0.0
2026-03-15 18:05:00+00:00,0.0,0.0
2026-03-15 18:10:00+00:00,0.0,0.0
2026-03-15 18:15:00+00:00,0.0,0.0
2026-03-15 18:20:00+00:00,0.0,0.0
2026-03-15 18:25:00+00:00,0.0,0.0
2026-03-15 18:30:00+00:00,0.0,0.0
2026-03-15 18:35:00+00:00,0.0,0.0
2026-03-15 18:40:00+00:00,0.0,0.0
2026-03-15 18:45:00+00:00,0.0,0.0
2026-03-15 18:50:00+00:00,0.0,0.0
2026-03-15 18:55:00+00:00,0.0,0.0
2026-03-15 19:00:00+00:00,0.0,0.0
2026-03-15 19:05:00+00:00,0.0,0.0
2026-03-15 19:10:00+00:00,0.0,0.0
2026-03-15 19:15:00+00:00,0.0,0.0
2026-03-15 19:20:00+00:00,0.0,0.0
2026-03-15 19:25:00+00:00,0.0,0.0
2026-03-15 19:30:00+00:00,0.0,0.0
2026-03-15 19:35:00+00:00,0.0,0.0
2026-03-15 19:40:00+00:00,0.0,0.0
2026-03-15 19:45:00+00:00,0.0,0.0
2026-03-15 19:50:00+00:00,0.0,0.0
2026-03-15 19:55:00+00:00,0.0,0.0
2026-03-15 20:00:00+00:00,0.0,0.0
2026-03-15 20:05:00+00:00,0.0,0.0
2026-03-15 20:10:00+00:00,0.0,0.0
2026-03-15 20:15:00+00:00,0.0,0.0
2026-03-15 20:20:00+00:00,0.0,0.0
2026-03-15 20:25:00+00:00,0.0,0.0
2026-03-15 20:30:00+00:00,0.0,0.0
2026-03-15 20:35:00+00:00,0.0,0.0
2026-03-15 20:40:00+00:00,0.0,0.0
2026-03-15 20:45:00+00:00,0.0,0.0
2026-03-15 20:50:00+00:00,0.0,0.0
2026-03-15 20:55:00+00:00,0.0,0.0
2026-03-15 21:00:00+00:00,0.0,0.0
2026-03-15 21:05:00+00:00,0.0,0.0
2026-03-15 21:10:00+00:00,0.0,0.0
2026-03-15 21:15:00+00:00,0.0,0.0
2026-03-15 21:20:00+00:00,0.0,0.0
2026-03-15 21:25:00+00:00,0.0,0.0
2026-03-15 21:30:00+00:00,0.0,0.0
2026-03-15 21:35:00+00:00,0.0,0.0
2026-03-15 21:40:00+00:00,0.0,0.0
2026-03-15 21:45:00+00:00,0.0,0.0
2026-03-15 21:50:00+00:00,0.0,0.0
2026-03-15 21:55:00+00:00,0.0,0.0
2026-03-15 22:00:00+00:00,0.0,0.0
2026-03-15 22:05:00+00:00,0.0,0.0
2026-03-15 22:10:00+00:00,0.0,0.0
2026-03-15 22:15:00+00:00,0.0,0.0
2026-03-15 22:20:00+00:00,0.0,0.0
2026-03-15 22:25:00+00:00,0.0,0.0
2026-03-15 22:30:00+00:00,0.0,0.0
2026-03-15 22:35:00+00:00,0.0,0.0
2026-03-15 22:40:00+00:00,0.0,0.0
2026-03-15 22:45:00+00:00,0.0,0.0
2026-03-15 22:50:00+00:00,0.0,0.0
2026-03-15 22:55:00+00:00,0.0,0.0
2026-03-15 23:00:00+00:00,0.0,0.0
2026-03-15 23:05:00+00:00,0.0,0.0
2026-03-15 23:10:00+00:00,0.0,0.0
2026-03-15 23:15:00+00:00,0.0,0.0
2026-03-15 23:20:00+00:00,0.0,0.0
2026-03-15 23:25:00+00:00,0.0,0.0
2026-03-15 23:30:00+00:00,0.0,0.0
2026-03-15 23:35:00+00:00,0.0,0.0
2026-03-15 23:40:00+00:00,0.0,0.0
2026-03-15 23:45:00+00:00,0.0,0.0
2026-03-15 23:50:00+00:00,0.0,0.0
2026-03-15 23:55:00+00:00,0.0,0.0
2026-03-16 00:00:00+00:00,0.0,0.0
2026-03-16 00:05:00+00:00,0.0,0.0
2026-03-16 00:10:00+00:00,0.0,0.0
2026-03-16 00:15:00+00:00,0.0,0.0
2026-03-16 00:20:00+00:00,0.0,0.0
2026-03-16 00:25:00+00:00,0.0,0.0
2026-03-16 00:30:00+00:00,0.0,0.0
2026-03-16 00:35:00+00:00,0.0,0.0
2026-03-16 00:40:00+00:00,0.0,0.0
2026-03-16 00:45:00+00:00,0.0,0.0
2026-03-16 00:50:00+00:00,0.0,0.0
2026-03-16 00:55:00+00:00,0.0,0.0
2026-03-16 01:00:00+00:00,0.0,0.0
2026-03-16 01:05:00+00:00,0.0,0.0
2026-03-16 01:10:00+00:00,0.0,0.0
2026-03-16 01:15:00+00:00,0.0,0.0
2026-03-16 01:20:00+00:00,0.0,0.0
2026-03-16 01:25:00+00:00,0.0,0.0
2026-03-16 01:30:00+00:00,0.0,0.0
2026-03-16 01:35:00+00:00,0.0,0.0
2026-03-16 01:40:00+00:00,0.0,0.0
2026-03-16 01:45:00+00:00,0.0,0.0
2026-03-16 01:50:00+00:00,0.0,0.0
2026-03-16 01:55:00+00:00,0.0,0.0
2026-03-16 02:00:00+00:00,0.0,0.0
2026-03-16 02:05:00+00:00,0.0,0.0
2026-03-16 02:10:00+00:00,0.0,0.0
2026-03-16 02:15:00+00:00,0.0,0.0
2026-03-16 02:20:00+00:00,0.0,0.0
2026-03-16 02:25:00+00:00,0.0,0.0
2026-03-16 02:30:00+00:00,0.0,0.0
2026-03-16 02:35:00+00:00,0.0,0.0
2026-03-16 02:40:00+00:00,0.0,0.0
2026-03-16 02:45:00+00:00,0.0,0.0
2026-03-16 02:50:00+00:00,0.0,0.0
2026-03-16 02:55:00+00:00,0.0,0.0
2026-03-16 03:00:00+00:00,0.0,0.0
2026-03-16 03:05:00+00:00,0.0,0.0
2026-03-16 03:10:00+00:00,0.0,0.0
2026-03-16 03:15:00+00:00,0.0,0.0
2026-03-16 03:20:00+00:00,0.0,0.0
2026-03-16 03:25:00+00:00,0.0,0.0
2026-03-16 03:30:00+00:00,0.0,0.0
2026-03-16 03:35:00+00:00,0.0,0.0
2026-03-16 03:40:00+00:00,0.0,0.0
2026-03-16 03:45:00+00:00,0.0,0.0
2026-03-16 03:50:00+00:00,0.0,0.0
2026-03-16 03:55:00+00:00,0.0,0.0
2026-03-16 04:00:00+00:00,0.0,0.0
2026-03-16 04:05:00+00:00,0.0,0.0
2026-03-16 04:10:00+00:00,0.0,0.0
2026-03-16 04:15:00+00:00,0.0,0.0
2026-03-16 04:20:00+00:00,0.0,0.0
2026-03-16 04:25:00+00:00,0.0,0.0
2026-03-16 04:30:00+00:00,0.0,0.0
2026-03-16 04:35:00+00:00,0.0,0.0
2026-03-16 04:40:00+00:00,0.0,0.0
2026-03-16 04:45:00+00:00,0.0,0.0
2026-03-16 04:50:00+00:00,0.0,0.0
2026-03-16 04:55:00+00:00,0.0,0.0
2026-03-16 05:00:00+00:00,0.0,0.0
2026-03-16 05:05:00+00:00,0.0,0.0
2026-03-16 05:10:00+00:00,0.0,0.0
2026-03-16 05:15:00+00:00,0.0,0.0
2026-03-16 05:20:00+00:00,0.0,0.0
2026-03-16 05:25:00+00:00,0.0,0.0
2026-03-16 05:30:00+00:00,0.0,0.0
2026-03-16 05:35:00+00:00,0.0,0.0
2026-03-16 05:40:00+00:00,0.0,0.0
2026-03-16 05:45:00+00:00,0.0,0.0
2026-03-16 05:50:00+00:00,0.0,0.0
2026-03-16 05:55:00+00:00,0.0,0.0
2026-03-16 06:00:00+00:00,0.0,0.0
2026-03-16 06:05:00+00:00,0.0,0.0
2026-03-16 06:10:00+00:00,0.0,0.0
2026-03-16 06:15:00+00:00,0.0,0.0
2026-03-16 06:20:00+00:00,0.0,0.0
2026-03-16 06:25:00+00:00,0.0,0.0
2026-03-16 06:30:00+00:00,0.0,0.0
2026-03-16 06:35:00+00:00,0.0,0.0
2026-03-16 06:40:00+00:00,0.0,0.0
2026-03-16 06:45:00+00:00,0.0,0.0
2026-03-16 06:50:00+00:00,0.0,0.0
2026-03-16 06:55:00+00:00,0.0,0.0
2026-03-16 07:00:00+00:00,0.0,0.0
2026-03-16 07:05:00+00:00,0.0,0.0
2026-03-16 07:10:00+00:00,0.0,0.0
2026-03-16 07:15:00+00:00,0.0,0.0
2026-03-16 07:20:00+00:00,0.0,0.0
2026-03-16 07:25:00+00:00,0.0,0.0
2026-03-16 07:30:00+00:00,0.0,0.0
2026-03-16 07:35:00+00:00,0.0,0.0
2026-03-16 07:40:00+00:00,0.0,0.0
2026-03-16 07:45:00+00:00,0.0,0.0
2026-03-16 07:50:00+00:00,0.0,0.0
2026-03-16 07:55:00+00:00,0.0,0.0
2026-03-16 08:00:00+00:00,0.0,0.0
2026-03-16 08:05:00+00:00,0.0,0.0
2026-03-16 08:10:00+00:00,0.0,0.0
2026-03-16 08:15:00+00:00,0.0,0.0
2026-03-16 08:20:00+00:00,0.0,0.0
2026-03-16 08:25:00+00:00,0.0,0.0
2026-03-16 08:30:00+00:00,0.0,0.0
2026-03-16 08:35:00+00:00,0.0,0.0
2026-03-16 08:40:00+00:00,0.0,0.0
2026-03-16 08:45:00+00:00,0.0,0.0
2026-03-16 08:50:00+00:00,0.0,0.0
2026-03-16 08:55:00+00:00,0.0,0.0
2026-03-16 09:00:00+00:00,0.0,0.0
2026-03-16 09:05:00+00:00,0.0,0.0
2026-03-16 09:10:00+00:00,0.0,0.0
2026-03-16 09:15:00+00:00,0.0,0.0
2026-03-16 09:20:00+00:00,0.0,0.0
2026-03-16 09:25:00+00:00,0.0,0.0
2026-03-16 09:30:00+00:00,0.0,0.0
2026-03-16 09:35:00+00:00,0.0,0.0
2026-03-16 09:40:00+00:00,0.0,0.0
2026-03-16 09:45:00+00:00,0.0,0.0
2026-03-16 09:50:00+00:00,0.0,0.0
2026-03-16 09:55:00+00:00,0.0,0.0
2026-03-16 10:00:00+00:00,0.0,0.0
2026-03-16 10:05:00+00:00,0.0,0.0
2026-03-16 10:10:00+00:00,0.0,0.0
2026-03-16 10:15:00+00:00,0.0,0.0
2026-03-16 10:20:00+00:00,0.0,0.0
2026-03-16 10:25:00+00:00,0.0,0.0
2026-03-16 10:30:00+00:00,0.0,0.0
2026-03-16 10:35:00+00:00,0.0,0.0
2026-03-16 10:40:00+00:00,0.0,0.0
2026-03-16 10:45:00+00:00,0.0,0.0
2026-03-16 10:50:00+00:00,0.0,0.0
2026-03-16 10:55:00+00:00,0.0,0.0
2026-03-16 11:00:00+00:00,0.0,0.0
2026-03-16 11:05:00+00:00,0.0,0.0
2026-03-16 11:10:00+00:00,0.0,0.0
2026-03-16 11:15:00+00:00,0.0,0.0
2026-03-16 11:20:00+00:00,0.0,0.0
2026-03-16 11:25:00+00:00,0.0,0.0
2026-03-16 11:30:00+00:00,0.0,0.0
2026-03-16 11:35:00+00:00,0.0,0.0
2026-03-16 11:40:00+00:00,0.0,0.0
2026-03-16 11:45:00+00:00,0.0,0.0
2026-03-16 11:50:00+00:00,0.0,0.0
2026-03-16 11:55:00+00:00,0.0,0.0
2026-03-16 12:00:00+00:00,0.0,0.0
2026-03-16 12:05:00+00:00,0.0,0.0
2026-03-16 12:10:00+00:00,0.0,0.0
2026-03-16 12:15:00+00:00,0.0,0.0
2026-03-16 12:20:00+00:00,0.0,0.0
2026-03-16 12:25:00+00:00,0.0,0.0
2026-03-16 12:30:00+00:00,0.0,0.0
2026-03-16 12:35:00+00:00,0.0,0.0
2026-03-16 12:40:00+00:00,0.0,0.0
2026-03-16 12:45:00+00:00,0.0,0.0
2026-03-16 12:50:00+00:00,0.0,0.0
2026-03-16 12:55:00+00:00,0.0,0.0
2026-03-16 13:00:00+00:00,0.0,0.0
2026-03-16 13:05:00+00:00,0.0,0.0
2026-03-16 13:10:00+00:00,0.0,0.0
2026-03-16 13:15:00+00:00,0.0,0.0
2026-03-16 13:20:00+00:00,0.0,0.0
2026-03-16 13:25:00+00:00,0.0,0.0
2026-03-16 13:30:00+00:00,0.0,0.0
2026-03-16 13:35:00+00:00,0.0,0.0
2026-03-16 13:40:00+00:00,0.0,0.0
2026-03-16 13:45:00+00:00,0.0,0.0
2026-03-16 13:50:00+00:00,0.0,0.0
2026-03-16 13:55:00+00:00,0.0,0.0
2026-03-16 14:00:00+00:00,0.0,0.0
2026-03-16 14:05:00+00:00,0.0,0.0
2026-03-16 14:10:00+00:00,0.0,0.0
2026-03-16 14:15:00+00:00,0.0,0.0
2026-03-16 14:20:00+00:00,0.0,0.0
2026-03-16 14:25:00+00:00,0.0,0.0
2026-03-16 14:30:00+00:00,0.0,0.0
2026-03-16 14:35:00+00:00,0.0,0.0
2026-03-16 14:40:00+00:00,0.0,0.0
2026-03-16 14:45:00+00:00,0.0,0.0
2026-03-16 14:50:00+00:00,0.0,0.0
2026-03-16 14:55:00+00:00,0.0,0.0
2026-03-16 15:00:00+00:00,0.0,0.0
2026-03-16 15:05:00+00:00,0.0,0.0
2026-03-16 15:10:00+00:00,0.0,0.0
2026-03-16 15:15:00+00:00,0.0,0.0
2026-03-16 15:20:00+00:00,0.0,0.0
2026-03-16 15:25:00+00:00,0.0,0.0
2026-03-16 15:30:00+00:00,0.0,0.0
2026-03-16 15:35:00+00:00,0.0,0.0
2026-03-16 15:40:00+00:00,0.0,0.0
2026-03-16 15:45:00+00:00,0.0,0.0
2026-03-16 15:50:00+00:00,0.0,0.0
2026-03-16 15:55:00+00:00,0.0,0.0
2026-03-16 16:00:00+00:00,0.0,0.0
2026-03-16 16:05:00+00:00,0.0,0.0
2026-03-16 16:10:00+00:00,0.0,0.0
2026-03-16 16:15:00+00:00,0.0,0.0
2026-03-16 16:20:00+00:00,0.0,0.0
2026-03-16 16:25:00+00:00,0.0,0.0
2026-03-16 16:30:00+00:00,0.0,0.0
2026-03-16 16:35:00+00:00,0.0,0.0
2026-03-16 16:40:00+00:00,0.0,0.0
2026-03-16 16:45:00+00:00,0.0,0.0
2026-03-16 16:50:00+00:00,0.0,0.0
2026-03-16 16:55:00+00:00,0.0,0.0
2026-03-16 17:00:00+00:00,0.0,0.0
2026-03-16 17:05:00+00:00,0.0,0.0
2026-03-16 17:10:00+00:00,0.0,0.0
2026-03-16 17:15:00+00:00,0.0,0.0
2026-03-16 17:20:00+00:00,0.0,0.0
2026-03-16 17:25:00+00:00,0.0,0.0
2026-03-16 17:30:00+00:00,0.0,0.0
2026-03-16 17:35:00+00:00,0.0,0.0
2026-03-16 17:40:00+00:00,0.0,0.0
2026-03-16 17:45:00+00:00,0.0,0.0
2026-03-16 17:50:00+00:00,0.0,0.0
2026-03-16 17:55:00+00:00,0.0,0.0
2026-03-16 18:00:00+00:00,0.0,0.0
2026-03-16 18:05:00+00:00,0.0,0.0
2026-03-16 18:10:00+00:00,0.0,0.0
2026-03-16 18:15:00+00:00,0.0,0.0
2026-03-16 18:20:00+00:00,0.0,0.0
2026-03-16 18:25:00+00:00,0.0,0.0
2026-03-16 18:30:00+00:00,0.0,0.0
2026-03-16 18:35:00+00:00,0.0,0.0
2026-03-16 18:40:00+00:00,0.0,0.0
2026-03-16 18:45:00+00:00,0.0,0.0
2026-03-16 18:50:00+00:00,0.0,0.0
2026-03-16 18:55:00+00:00,0.0,0.0
2026-03-16 19:00:00+00:00,0.0,0.0
2026-03-16 19:05:00+00:00,0.0,0.0
2026-03-16 19:10:00+00:00,0.0,0.0
2026-03-16 19:15:00+00:00,0.0,0.0
2026-03-16 19:20:00+00:00,0.0,0.0
2026-03-16 19:25:00+00:00,0.0,0.0
2026-03-16 19:30:00+00:00,0.0,0.0
2026-03-16 19:35:00+00:00,0.0,0.0
2026-03-16 19:40:00+00:00,0.0,0.0
2026-03-16 19:45:00+00:00,0.0,0.0
2026-03-16 19:50:00+00:00,0.0,0.0
2026-03-16 19:55:00+00:00,0.0,0.0
2026-03-16 20:00:00+00:00,0.0,0.0
2026-03-16 20:05:00+00:00,0.0,0.0
2026-03-16 20:10:00+00:00,0.0,0.0
2026-03-16 20:15:00+00:00,0.0,0.0
2026-03-16 20:20:00+00:00,0.0,0.0
2026-03-16 20:25:00+00:00,0.0,0.0
2026-03-16 20:30:00+00:00,0.0,0.0
2026-03-16 20:35:00+00:00,0.0,0.0
2026-03-16 20:40:00+00:00,0.0,0.0
2026-03-16 20:45:00+00:00,0.0,0.0
2026-03-16 20:50:00+00:00,0.0,0.0
2026-03-16 20:55:00+00:00,0.0,0.0
2026-03-16 21:00:00+00:00,0.0,0.0
2026-03-16 21:05:00+00:00,0.0,0.0
2026-03-16 21:10:00+00:00,0.0,0.0
2026-03-16 21:15:00+00:00,0.0,0.0
2026-03-16 21:20:00+00:00,0.0,0.0
2026-03-16 21:25:00+00:00,0.0,0.0
2026-03-16 21:30:00+00:00,0.0,0.0
2026-03-16 21:35:00+00:00,0.0,0.0
2026-03-16 21:40:00+00:00,0.0,0.0
2026-03-16 21:45:00+00:00,0.0,0.0
2026-03-16 21:50:00+00:00,0.0,0.0
2026-03-16 21:55:00+00:00,0.0,0.0
2026-03-16 22:00:00+00:00,0.0,0.0
2026-03-16 22:05:00+00:00,0.0,0.0
2026-03-16 22:10:00+00:00,0.0,0.0
2026-03-16 22:15:00+00:00,0.0,0.0
2026-03-16 22:20:00+00:00,0.0,0.0
2026-03-16 22:25:00+00:00,0.0,0.0
2026-03-16 22:30:00+00:00,0.0,0.0
2026-03-16 22:35:00+00:00,0.0,0.0
2026-03-16 22:40:00+00:00,0.0,0.0
2026-03-16 22:45:00+00:00,0.0,0.0
2026-03-16 22:50:00+00:00,0.0,0.0
2026-03-16 22:55:00+00:00,0.0,0.0
2026-03-16 23:00:00+00:00,0.0,0.0
2026-03-16 23:05:00+00:00,0.0,0.0
2026-03-16 23:10:00+00:00,0.0,0.0
2026-03-16 23:15:00+00:00,0.0,0.0
2026-03-16 23:20:00+00:00,0.0,0.0
2026-03-16 23:25:00+00:00,0.0,0.0
2026-03-16 23:30:00+00:00,0.0,0.0
2026-03-16 23:35:00+00:00,0.0,0.0
2026-03-16 23:40:00+00:00,0.0,0.0
2026-03-16 23:45:00+00:00,0.0,0.0
2026-03-16 23:50:00+00:00,0.0,0.0
2026-03-16 23:55:00+00:00,0.0,0.0
2026-03-17 00:00:00+00:00,0.0,0.0
2026-03-17 00:05:00+00:00,0.0,0.0
2026-03-17 00:10:00+00:00,0.0,0.0
2026-03-17 00:15:00+00:00,0.0,0.0
2026-03-17 00:20:00+00:00,0.0,0.0
2026-03-17 00:25:00+00:00,0.0,0.0
2026-03-17 00:30:00+00:00,0.0,0.0
2026-03-17 00:35:00+00:00,0.0,0.0
2026-03-17 00:40:00+00:00,0.0,0.0
2026-03-17 00:45:00+00:00,0.0,0.0
2026-03-17 00:50:00+00:00,0.0,0.0
2026-03-17 00:55:00+00:00,0.0,0.0
2026-03-17 01:00:00+00:00,0.0,0.0
2026-03-17 01:05:00+00:00,0.0,0.0
2026-03-17 01:10:00+00:00,0.0,0.0
2026-03-17 01:15:00+00:00,0.0,0.0
2026-03-17 01:20:00+00:00,0.0,0.0
2026-03-17 01:25:00+00:00,0.0,0.0
2026-03-17 01:30:00+00:00,0.0,0.0
2026-03-17 01:35:00+00:00,0.0,0.0
2026-03-17 01:40:00+00:00,0.0,0.0
2026-03-17 01:45:00+00:00,0.0,0.0
2026-03-17 01:50:00+00:00,0.0,0.0
2026-03-17 01:55:00+00:00,0.0,0.0
2026-03-17 02:00:00+00:00,0.0,0.0
2026-03-17 02:05:00+00:00,0.0,0.0
2026-03-17 02:10:00+00:00,0.0,0.0
2026-03-17 02:15:00+00:00,0.0,0.0
2026-03-17 02:20:00+00:00,0.0,0.0
2026-03-17 02:25:00+00:00,0.0,0.0
2026-03-17 02:30:00+00:00,0.0,0.0
2026-03-17 02:35:00+00:00,0.0,0.0
2026-03-17 02:40:00+00:00,0.0,0.0
2026-03-17 02:45:00+00:00,0.0,0.0
2026-03-17 02:50:00+00:00,0.0,0.0
2026-03-17 02:55:00+00:00,0.0,0.0
2026-03-17 03:00:00+00:00,0.0,0.0
2026-03-17 03:05:00+00:00,0.0,0.0
2026-03-17 03:10:00+00:00,0.0,0.0
2026-03-17 03:15:00+00:00,0.0,0.0
2026-03-17 03:20:00+00:00,0.0,0.0
2026-03-17 03:25:00+00:00,0.0,0.0
2026-03-17 03:30:00+00:00,0.0,0.0
2026-03-17 03:35:00+00:00,0.0,0.0
2026-03-17 03:40:00+00:00,0.0,0.0
2026-03-17 03:45:00+00:00,0.0,0.0
2026-03-17 03:50:00+00:00,0.0,0.0
2026-03-17 03:55:00+00:00,0.0,0.0
2026-03-17 04:00:00+00:00,0.0,0.0
2026-03-17 04:05:00+00:00,0.0,0.0
2026-03-17 04:10:00+00:00,0.0,0.0
2026-03-17 04:15:00+00:00,0.0,0.0
2026-03-17 04:20:00+00:00,0.0,0.0
2026-03-17 04:25:00+00:00,0.0,0.0
2026-03-17 04:30:00+00:00,0.0,0.0
2026-03-17 04:35:00+00:00,0.0,0.0
2026-03-17 04:40:00+00:00,0.0,0.0
2026-03-17 04:45:00+00:00,0.0,0.0
2026-03-17 04:50:00+00:00,0.0,0.0
2026-03-17 04:55:00+00:00,0.0,0.0
2026-03-17 05:00:00+00:00,0.0,0.0
2026-03-17 05:05:00+00:00,0.0,0.0
2026-03-17 05:10:00+00:00,0.0,0.0
2026-03-17 05:15:00+00:00,0.0,0.0
2026-03-17 05:20:00+00:00,0.0,0.0
2026-03-17 05:25:00+00:00,0.0,0.0
2026-03-17 05:30:00+00:00,0.0,0.0
2026-03-17 05:35:00+00:00,0.0,0.0
2026-03-17 05:40:00+00:00,0.0,0.0
2026-03-17 05:45:00+00:00,0.0,0.0
2026-03-17 05:50:00+00:00,0.0,0.0
2026-03-17 05:55:00+00:00,0.0,0.0
2026-03-17 06:00:00+00:00,0.0,0.0
2026-03-17 06:05:00+00:00,0.0,0.0
2026-03-17 06:10:00+00:00,0.0,0.0
2026-03-17 06:15:00+00:00,0.0,0.0
2026-03-17 06:20:00+00:00,0.0,0.0
2026-03-17 06:25:00+00:00,0.0,0.0
2026-03-17 06:30:00+00:00,0.0,0.0
2026-03-17 06:35:00+00:00,0.0,0.0
2026-03-17 06:40:00+00:00,0.0,0.0
2026-03-17 06:45:00+00:00,0.0,0.0
2026-03-17 06:50:00+00:00,0.0,0.0
2026-03-17 06:55:00+00:00,0.0,0.0
2026-03-17 07:00:00+00:00,0.0,0.0
2026-03-17 07:05:00+00:00,0.0,0.0
2026-03-17 07:10:00+00:00,0.0,0.0
2026-03-17 07:15:00+00:00,0.0,0.0
2026-03-17 07:20:00+00:00,0.0,0.0
2026-03-17 07:25:00+00:00,0.0,0.0
2026-03-17 07:30:00+00:00,0.0,0.0
2026-03-17 07:35:00+00:00,0.0,0.0
2026-03-17 07:40:00+00:00,0.0,0.0
2026-03-17 07:45:00+00:00,0.0,0.0
2026-03-17 07:50:00+00:00,0.0,0.0
2026-03-17 07:55:00+00:00,0.0,0.0
2026-03-17 08:00:00+00:00,0.0,0.0
2026-03-17 08:05:00+00:00,0.0,0.0
2026-03-17 08:10:00+00:00,0.0,0.0
2026-03-17 08:15:00+00:00,0.0,0.0
2026-03-17 08:20:00+00:00,0.0,0.0
2026-03-17 08:25:00+00:00,0.0,0.0
2026-03-17 08:30:00+00:00,0.0,0.0
2026-03-17 08:35:00+00:00,0.0,0.0
2026-03-17 08:40:00+00:00,0.0,0.0
2026-03-17 08:45:00+00:00,0.0,0.0
2026-03-17 08:50:00+00:00,0.0,0.0
2026-03-17 08:55:00+00:00,0.0,0.0
2026-03-17 09:00:00+00:00,0.0,0.0
2026-03-17 09:05:00+00:00,0.0,0.0
2026-03-17 09:10:00+00:00,0.0,0.0
2026-03-17 09:15:00+00:00,0.0,0.0
2026-03-17 09:20:00+00:00,0.0,0.0
2026-03-17 09:25:00+00:00,0.0,0.0
2026-03-17 09:30:00+00:00,0.0,0.0
2026-03-17 09:35:00+00:00,0.0,0.0
2026-03-17 09:40:00+00:00,0.0,0.0
2026-03-17 09:45:00+00:00,0.0,0.0
2026-03-17 09:50:00+00:00,0.0,0.0
2026-03-17 09:55:00+00:00,0.0,0.0
2026-03-17 10:00:00+00:00,0.0,0.0
2026-03-17 10:05:00+00:00,0.0,0.0
2026-03-17 10:10:00+00:00,0.0,0.0
2026-03-17 10:15:00+00:00,0.0,0.0
2026-03-17 10:20:00+00:00,0.0,0.0
2026-03-17 10:25:00+00:00,0.0,0.0
2026-03-17 10:30:00+00:00,0.0,0.0
2026-03-17 10:35:00+00:00,0.0,0.0
2026-03-17 10:40:00+00:00,0.0,0.0
2026-03-17 10:45:00+00:00,0.0,0.0
2026-03-17 10:50:00+00:00,0.0,0.0
2026-03-17 10:55:00+00:00,0.0,0.0
2026-03-17 11:00:00+00:00,0.0,0.0
2026-03-17 11:05:00+00:00,0.0,0.0
2026-03-17 11:10:00+00:00,0.0,0.0
2026-03-17 11:15:00+00:00,0.0,0.0
2026-03-17 11:20:00+00:00,0.0,0.0
2026-03-17 11:25:00+00:00,0.0,0.0
2026-03-17 11:30:00+00:00,0.0,0.0
2026-03-17 11:35:00+00:00,0.0,0.0
2026-03-17 11:40:00+00:00,0.0,0.0
2026-03-17 11:45:00+00:00,0.0,0.0
2026-03-17 11:50:00+00:00,0.0,0.0
2026-03-17 11:55:00+00:00,0.0,0.0
2026-03-17 12:00:00+00:00,0.0,0.0
2026-03-17 12:05:00+00:00,0.0,0.0
2026-03-17 12:10:00+00:00,0.0,0.0
2026-03-17 12:15:00+00:00,0.0,0.0
2026-03-17 12:20:00+00:00,0.0,0.0
2026-03-17 12:25:00+00:00,0.0,0.0
2026-03-17 12:30:00+00:00,0.0,0.0
2026-03-17 12:35:00+00:00,0.0,0.0
2026-03-17 12:40:00+00:00,0.0,0.0
2026-03-17 12:45:00+00:00,0.0,0.0
2026-03-17 12:50:00+00:00,0.0,0.0
2026-03-17 12:55:00+00:00,0.0,0.0
2026-03-17 13:00:00+00:00,0.0,0.0
2026-03-17 13:05:00+00:00,0.0,0.0
2026-03-17 13:10:00+00:00,0.0,0.0
2026-03-17 13:15:00+00:00,0.0,0.0
2026-03-17 13:20:00+00:00,0.0,0.0
2026-03-17 13:25:00+00:00,0.0,0.0
2026-03-17 13:30:00+00:00,0.0,0.0
2026-03-17 13:35:00+00:00,0.0,0.0
2026-03-17 13:40:00+00:00,0.0,0.0
2026-03-17 13:45:00+00:00,0.0,0.0
2026-03-17 13:50:00+00:00,0.0,0.0
2026-03-17 13:55:00+00:00,0.0,0.0
2026-03-17 14:00:00+00:00,0.0,0.0
2026-03-17 14:05:00+00:00,0.0,0.0
2026-03-17 14:10:00+00:00,0.0,0.0
2026-03-17 14:15:00+00:00,0.0,0.0
2026-03-17 14:20:00+00:00,0.0,0.0
2026-03-17 14:25:00+00:00,0.0,0.0
2026-03-17 14:30:00+00:00,0.0,0.0
2026-03-17 14:35:00+00:00,0.0,0.0
2026-03-17 14:40:00+00:00,0.0,0.0
2026-03-17 14:45:00+00:00,0.0,0.0
2026-03-17 14:50:00+00:00,0.0,0.0
2026-03-17 14:55:00+00:00,0.0,0.0
2026-03-17 15:00:00+00:00,0.0,0.0
2026-03-17 15:05:00+00:00,0.0,0.0
2026-03-17 15:10:00+00:00,0.0,0.0
2026-03-17 15:15:00+00:00,0.0,0.0
2026-03-17 15:20:00+00:00,0.0,0.0
2026-03-17 15:25:00+00:00,0.0,0.0
2026-03-17 15:30:00+00:00,0.0,0.0
2026-03-17 15:35:00+00:00,0.0,0.0
2026-03-17 15:40:00+00:00,0.0,0.0
2026-03-17 15:45:00+00:00,0.0,0.0
2026-03-17 15:50:00+00:00,0.0,0.0
2026-03-17 15:55:00+00:00,0.0,0.0
2026-03-17 16:00:00+00:00,0.0,0.0
2026-03-17 16:05:00+00:00,0.0,0.0
2026-03-17 16:10:00+00:00,0.0,0.0
2026-03-17 16:15:00+00:00,0.0,0.0
2026-03-17 16:20:00+00:00,0.0,0.0
2026-03-17 16:25:00+00:00,0.0,0.0
2026-03-17 16:30:00+00:00,0.0,0.0
2026-03-17 16:35:00+00:00,0.0,0.0
2026-03-17 16:40:00+00:00,0.0,0.0
2026-03-17 16:45:00+00:00,0.0,0.0
2026-03-17 16:50:00+00:00,0.0,0.0
2026-03-17 16:55:00+00:00,0.0,0.0
2026-03-17 17:00:00+00:00,0.0,0.0
2026-03-17 17:05:00+00:00,0.0,0.0
2026-03-17 17:10:00+00:00,0.0,0.0
2026-03-17 17:15:00+00:00,0.0,0.0
2026-03-17 17:20:00+00:00,0.0,0.0
2026-03-17 17:25:00+00:00,0.0,0.0
2026-03-17 17:30:00+00:00,0.0,0.0
2026-03-17 17:35:00+00:00,0.0,0.0
2026-03-17 17:40:00+00:00,0.0,0.0
2026-03-17 17:45:00+00:00,0.0,0.0
2026-03-17 17:50:00+00:00,0.0,0.0
2026-03-17 17:55:00+00:00,0.0,0.0
2026-03-17 18:00:00+00:00,0.0,0.0
2026-03-17 18:05:00+00:00,0.0,0.0
2026-03-17 18:10:00+00:00,0.0,0.0
2026-03-17 18:15:00+00:00,0.0,0.0
2026-03-17 18:20:00+00:00,0.0,0.0
2026-03-17 18:25:00+00:00,0.0,0.0
2026-03-17 18:30:00+00:00,0.0,0.0
2026-03-17 18:35:00+00:00,0.0,0.0
2026-03-17 18:40:00+00:00,0.0,0.0
2026-03-17 18:45:00+00:00,0.0,0.0
2026-03-17 18:50:00+00:00,0.0,0.0
2026-03-17 18:55:00+00:00,0.0,0.0
2026-03-17 19:00:00+00:00,0.0,0.0
2026-03-17 19:05:00+00:00,0.0,0.0
2026-03-17 19:10:00+00:00,0.0,0.0
2026-03-17 19:15:00+00:00,0.0,0.0
2026-03-17 19:20:00+00:00,0.0,0.0
2026-03-17 19:25:00+00:00,0.0,0.0
2026-03-17 19:30:00+00:00,0.0,0.0
2026-03-17 19:35:00+00:00,0.0,0.0
2026-03-17 19:40:00+00:00,0.0,0.0
2026-03-17 19:45:00+00:00,0.0,0.0
2026-03-17 19:50:00+00:00,0.0,0.0
2026-03-17 19:55:00+00:00,0.0,0.0
2026-03-17 20:00:00+00:00,0.0,0.0
2026-03-17 20:05:00+00:00,0.0,0.0
2026-03-17 20:10:00+00:00,0.0,0.0
2026-03-17 20:15:00+00:00,0.0,0.0
2026-03-17 20:20:00+00:00,0.0,0.0
2026-03-17 20:25:00+00:00,0.0,0.0
2026-03-17 20:30:00+00:00,0.0,0.0
2026-03-17 20:35:00+00:00,0.0,0.0
2026-03-17 20:40:00+00:00,0.0,0.0
2026-03-17 20:45:00+00:00,0.0,0.0
2026-03-17 20:50:00+00:00,0.0,0.0
2026-03-17 20:55:00+00:00,0.0,0.0
2026-03-17 21:00:00+00:00,0.0,0.0
2026-03-17 21:05:00+00:00,0.0,0.0
2026-03-17 21:10:00+00:00,0.0,0.0
2026-03-17 21:15:00+00:00,0.0,0.0
2026-03-17 21:20:00+00:00,0.0,0.0
2026-03-17 21:25:00+00:00,0.0,0.0
2026-03-17 21:30:00+00:00,0.0,0.0
2026-03-17 21:35:00+00:00,0.0,0.0
2026-03-17 21:40:00+00:00,0.0,0.0
2026-03-17 21:45:00+00:00,0.0,0.0
2026-03-17 21:50:00+00:00,0.0,0.0
2026-03-17 21:55:00+00:00,0.0,0.0
2026-03-17 22:00:00+00:00,0.0,0.0
2026-03-17 22:05:00+00:00,0.0,0.0
2026-03-17 22:10:00+00:00,0.0,0.0
2026-03-17 22:15:00+00:00,0.0,0.0
2026-03-17 22:20:00+00:00,0.0,0.0
2026-03-17 22:25:00+00:00,0.0,0.0
2026-03-17 22:30:00+00:00,0.0,0.0
2026-03-17 22:35:00+00:00,0.0,0.0
2026-03-17 22:40:00+00:00,0.0,0.0
2026-03-17 22:45:00+00:00,0.0,0.0
2026-03-17 22:50:00+00:00,0.0,0.0
2026-03-17 22:55:00+00:00,0.0,0.0
2026-03-17 23:00:00+00:00,0.0,0.0
2026-03-17 23:05:00+00:00,0.0,0.0
2026-03-17 23:10:00+00:00,0.0,0.0
2026-03-17 23:15:00+00:00,0.0,0.0
2026-03-17 23:20:00+00:00,0.0,0.0
2026-03-17 23:25:00+00:00,0.0,0.0
2026-03-17 23:30:00+00:00,0.0,0.0
2026-03-17 23:35:00+00:00,0.0,0.0
2026-03-17 23:40:00+00:00,0.0,0.0
2026-03-17 23:45:00+00:00,0.0,0.0
2026-03-17 23:50:00+00:00,0.0,0.0
2026-03-17 23:55:00+00:00,0.0,0.0
2026-03-18 00:00:00+00:00,0.0,0.0
2026-03-18 00:05:00+00:00,0.0,0.0
2026-03-18 00:10:00+00:00,0.0,0.0
2026-03-18 00:15:00+00:00,0.0,0.0
2026-03-18 00:20:00+00:00,0.0,0.0
2026-03-18 00:25:00+00:00,0.0,0.0
2026-03-18 00:30:00+00:00,0.0,0.0
2026-03-18 00:35:00+00:00,0.0,0.0
2026-03-18 00:40:00+00:00,0.0,0.0
2026-03-18 00:45:00+00:00,0.0,0.0
2026-03-18 00:50:00+00:00,0.0,0.0
2026-03-18 00:55:00+00:00,0.0,0.0
2026-03-18 01:00:00+00:00,0.0,0.0
2026-03-18 01:05:00+00:00,0.0,0.0
2026-03-18 01:10:00+00:00,0.0,0.0
2026-03-18 01:15:00+00:00,0.0,0.0
2026-03-18 01:20:00+00:00,0.0,0.0
2026-03-18 01:25:00+00:00,0.0,0.0
2026-03-18 01:30:00+00:00,0.0,0.0
2026-03-18 01:35:00+00:00,0.0,0.0
2026-03-18 01:40:00+00:00,0.0,0.0
2026-03-18 01:45:00+00:00,0.0,0.0
2026-03-18 01:50:00+00:00,0.0,0.0
2026-03-18 01:55:00+00:00,0.0,0.0
2026-03-18 02:00:00+00:00,0.0,0.0
2026-03-18 02:05:00+00:00,0.0,0.0
2026-03-18 02:10:00+00:00,0.0,0.0
2026-03-18 02:15:00+00:00,0.0,0.0
2026-03-18 02:20:00+00:00,0.0,0.0
2026-03-18 02:25:00+00:00,0.0,0.0
2026-03-18 02:30:00+00:00,0.0,0.0
2026-03-18 02:35:00+00:00,0.0,0.0
2026-03-18 02:40:00+00:00,0.0,0.0
2026-03-18 02:45:00+00:00,0.0,0.0
2026-03-18 02:50:00+00:00,0.0,0.0
2026-03-18 02:55:00+00:00,0.0,0.0
2026-03-18 03:00:00+00:00,0.0,0.0
2026-03-18 03:05:00+00:00,0.0,0.0
2026-03-18 03:10:00+00:00,0.0,0.0
2026-03-18 03:15:00+00:00,0.0,0.0
2026-03-18 03:20:00+00:00,0.0,0.0
2026-03-18 03:25:00+00:00,0.0,0.0
2026-03-18 03:30:00+00:00,0.0,0.0
2026-03-18 03:35:00+00:00,0.0,0.0
2026-03-18 03:40:00+00:00,0.0,0.0
2026-03-18 03:45:00+00:00,0.0,0.0
2026-03-18 03:50:00+00:00,0.0,0.0
2026-03-18 03:55:00+00:00,0.0,0.0
2026-03-18 04:00:00+00:00,0.0,0.0
2026-03-18 04:05:00+00:00,0.0,0.0
2026-03-18 04:10:00+00:00,0.0,0.0
2026-03-18 04:15:00+00:00,0.0,0.0
2026-03-18 04:20:00+00:00,0.0,0.0
2026-03-18 04:25:00+00:00,0.0,0.0
2026-03-18 04:30:00+00:00,0.0,0.0
2026-03-18 04:35:00+00:00,0.0,0.0
2026-03-18 04:40:00+00:00,0.0,0.0
2026-03-18 04:45:00+00:00,0.0,0.0
2026-03-18 04:50:00+00:00,0.0,0.0
2026-03-18 04:55:00+00:00,0.0,0.0
2026-03-18 05:00:00+00:00,0.0,0.0
2026-03-18 05:05:00+00:00,0.0,0.0
2026-03-18 05:10:00+00:00,0.0,0.0
2026-03-18 05:15:00+00:00,0.0,0.0
2026-03-18 05:20:00+00:00,0.0,0.0
2026-03-18 05:25:00+00:00,0.0,0.0
2026-03-18 05:30:00+00:00,0.0,0.0
2026-03-18 05:35:00+00:00,0.0,0.0
2026-03-18 05:40:00+00:00,0.0,0.0
2026-03-18 05:45:00+00:00,0.0,0.0
2026-03-18 05:50:00+00:00,0.0,0.0
2026-03-18 05:55:00+00:00,0.0,0.0
2026-03-18 06:00:00+00:00,0.0,0.0
2026-03-18 06:05:00+00:00,0.0,0.0
2026-03-18 06:10:00+00:00,0.0,0.0
2026-03-18 06:15:00+00:00,0.0,0.0
2026-03-18 06:20:00+00:00,0.0,0.0
2026-03-18 06:25:00+00:00,0.0,0.0
2026-03-18 06:30:00+00:00,0.0,0.0
2026-03-18 06:35:00+00:00,0.0,0.0
2026-03-18 06:40:00+00:00,0.0,0.0
2026-03-18 06:45:00+00:00,0.0,0.0
2026-03-18 06:50:00+00:00,0.0,0.0
2026-03-18 06:55:00+00:00,0.0,0.0
2026-03-18 07:00:00+00:00,0.0,0.0
2026-03-18 07:05:00+00:00,0.0,0.0
2026-03-18 07:10:00+00:00,0.0,0.0
2026-03-18 07:15:00+00:00,0.0,0.0
2026-03-18 07:20:00+00:00,0.0,0.0
2026-03-18 07:25:00+00:00,0.0,0.0
2026-03-18 07:30:00+00:00,0.0,0.0
2026-03-18 07:35:00+00:00,0.0,0.0
2026-03-18 07:40:00+00:00,0.0,0.0
2026-03-18 07:45:00+00:00,0.0,0.0
2026-03-18 07:50:00+00:00,0.0,0.0
2026-03-18 07:55:00+00:00,0.0,0.0
2026-03-18 08:00:00+00:00,0.0,0.0
2026-03-18 08:05:00+00:00,0.0,0.0
2026-03-18 08:10:00+00:00,0.0,0.0
2026-03-18 08:15:00+00:00,0.0,0.0
2026-03-18 08:20:00+00:00,0.0,0.0
2026-03-18 08:25:00+00:00,0.0,0.0
2026-03-18 08:30:00+00:00,0.0,0.0
2026-03-18 08:35:00+00:00,0.0,0.0
2026-03-18 08:40:00+00:00,0.0,0.0
2026-03-18 08:45:00+00:00,0.0,0.0
2026-03-18 08:50:00+00:00,0.0,0.0
2026-03-18 08:55:00+00:00,0.0,0.0
2026-03-18 09:00:00+00:00,0.0,0.0
2026-03-18 09:05:00+00:00,0.0,0.0
2026-03-18 09:10:00+00:00,0.0,0.0
2026-03-18 09:15:00+00:00,0.0,0.0
2026-03-18 09:20:00+00:00,0.0,0.0
2026-03-18 09:25:00+00:00,0.0,0.0
2026-03-18 09:30:00+00:00,0.0,0.0
2026-03-18 09:35:00+00:00,0.0,0.0
2026-03-18 09:40:00+00:00,0.0,0.0
2026-03-18 09:45:00+00:00,0.0,0.0
2026-03-18 09:50:00+00:00,0.0,0.0
2026-03-18 09:55:00+00:00,0.0,0.0
2026-03-18 10:00:00+00:00,0.0,0.0
2026-03-18 10:05:00+00:00,0.0,0.0
2026-03-18 10:10:00+00:00,0.0,0.0
2026-03-18 10:15:00+00:00,0.0,0.0
2026-03-18 10:20:00+00:00,0.0,0.0
2026-03-18 10:25:00+00:00,0.0,0.0
2026-03-18 10:30:00+00:00,0.0,0.0
2026-03-18 10:35:00+00:00,0.0,0.0
2026-03-18 10:40:00+00:00,0.0,0.0
2026-03-18 10:45:00+00:00,0.0,0.0
2026-03-18 10:50:00+00:00,0.0,0.0
2026-03-18 10:55:00+00:00,0.0,0.0
2026-03-18 11:00:00+00:00,0.0,0.0
2026-03-18 11:05:00+00:00,0.0,0.0
2026-03-18 11:10:00+00:00,0.0,0.0
2026-03-18 11:15:00+00:00,0.0,0.0
2026-03-18 11:20:00+00:00,0.0,0.0
2026-03-18 11:25:00+00:00,0.0,0.0
2026-03-18 11:30:00+00:00,0.0,0.0
2026-03-18 11:35:00+00:00,0.0,0.0
2026-03-18 11:40:00+00:00,0.0,0.0
2026-03-18 11:45:00+00:00,0.0,0.0
2026-03-18 11:50:00+00:00,0.0,0.0
2026-03-18 11:55:00+00:00,0.0,0.0
2026-03-18 12:00:00+00:00,0.0,0.0
2026-03-18 12:05:00+00:00,0.0,0.0
2026-03-18 12:10:00+00:00,0.0,0.0
2026-03-18 12:15:00+00:00,0.0,0.0
2026-03-18 12:20:00+00:00,0.0,0.0
2026-03-18 12:25:00+00:00,0.0,0.0
2026-03-18 12:30:00+00:00,0.0,0.0
2026-03-18 12:35:00+00:00,0.0,0.0
2026-03-18 12:40:00+00:00,0.0,0.0
2026-03-18 12:45:00+00:00,0.0,0.0
2026-03-18 12:50:00+00:00,0.0,0.0
2026-03-18 12:55:00+00:00,0.0,0.0
2026-03-18 13:00:00+00:00,0.0,0.0
2026-03-18 13:05:00+00:00,0.0,0.0
2026-03-18 13:10:00+00:00,0.0,0.0
2026-03-18 13:15:00+00:00,0.0,0.0
2026-03-18 13:20:00+00:00,0.0,0.0
2026-03-18 13:25:00+00:00,0.0,0.0
2026-03-18 13:30:00+00:00,0.0,0.0
2026-03-18 13:35:00+00:00,0.0,0.0
2026-03-18 13:40:00+00:00,0.0,0.0
2026-03-18 13:45:00+00:00,0.0,0.0
2026-03-18 13:50:00+00:00,0.0,0.0
2026-03-18 13:55:00+00:00,0.0,0.0
2026-03-18 14:00:00+00:00,0.0,0.0
2026-03-18 14:05:00+00:00,0.0,0.0
2026-03-18 14:10:00+00:00,0.0,0.0
2026-03-18 14:15:00+00:00,0.0,0.0
2026-03-18 14:20:00+00:00,0.0,0.0
2026-03-18 14:25:00+00:00,0.0,0.0
2026-03-18 14:30:00+00:00,0.0,0.0
2026-03-18 14:35:00+00:00,0.0,0.0
2026-03-18 14:40:00+00:00,0.0,0.0
2026-03-18 14:45:00+00:00,0.0,0.0
2026-03-18 14:50:00+00:00,0.0,0.0
2026-03-18 14:55:00+00:00,0.0,0.0
2026-03-18 15:00:00+00:00,0.0,0.0
2026-03-18 15:05:00+00:00,0.0,0.0
2026-03-18 15:10:00+00:00,0.0,0.0
2026-03-18 15:15:00+00:00,0.0,0.0
2026-03-18 15:20:00+00:00,0.0,0.0
2026-03-18 15:25:00+00:00,0.0,0.0
2026-03-18 15:30:00+00:00,0.0,0.0
2026-03-18 15:35:00+00:00,0.0,0.0
2026-03-18 15:40:00+00:00,0.0,0.0
2026-03-18 15:45:00+00:00,0.0,0.0
2026-03-18 15:50:00+00:00,0.0,0.0
2026-03-18 15:55:00+00:00,0.0,0.0
2026-03-18 16:00:00+00:00,0.0,0.0
2026-03-18 16:05:00+00:00,0.0,0.0
2026-03-18 16:10:00+00:00,0.0,0.0
2026-03-18 16:15:00+00:00,0.0,0.0
2026-03-18 16:20:00+00:00,0.0,0.0
2026-03-18 16:25:00+00:00,0.0,0.0
2026-03-18 16:30:00+00:00,0.0,0.0
2026-03-18 16:35:00+00:00,0.0,0.0
2026-03-18 16:40:00+00:00,0.0,0.0
2026-03-18 16:45:00+00:00,0.0,0.0
2026-03-18 16:50:00+00:00,0.0,0.0
2026-03-18 16:55:00+00:00,0.0,0.0
2026-03-18 17:00:00+00:00,0.0,0.0
2026-03-18 17:05:00+00:00,0.0,0.0
2026-03-18 17:10:00+00:00,0.0,0.0
2026-03-18 17:15:00+00:00,0.0,0.0
2026-03-18 17:20:00+00:00,0.0,0.0
2026-03-18 17:25:00+00:00,0.0,0.0
2026-03-18 17:30:00+00:00,0.0,0.0
2026-03-18 17:35:00+00:00,0.0,0.0
2026-03-18 17:40:00+00:00,0.0,0.0
2026-03-18 17:45:00+00:00,0.0,0.0
2026-03-18 17:50:00+00:00,0.0,0.0
2026-03-18 17:55:00+00:00,0.0,0.0
2026-03-18 18:00:00+00:00,0.0,0.0
2026-03-18 18:05:00+00:00,0.0,0.0
2026-03-18 18:10:00+00:00,0.0,0.0
2026-03-18 18:15:00+00:00,0.0,0.0
2026-03-18 18:20:00+00:00,0.0,0.0
2026-03-18 18:25:00+00:00,0.0,0.0
2026-03-18 18:30:00+00:00,0.0,0.0
2026-03-18 18:35:00+00:00,0.0,0.0
2026-03-18 18:40:00+00:00,0.0,0.0
2026-03-18 18:45:00+00:00,0.0,0.0
2026-03-18 18:50:00+00:00,0.0,0.0
2026-03-18 18:55:00+00:00,0.0,0.0
2026-03-18 19:00:00+00:00,0.0,0.0
2026-03-18 19:05:00+00:00,0.0,0.0
2026-03-18 19:10:00+00:00,0.0,0.0
2026-03-18 19:15:00+00:00,0.0,0.0
2026-03-18 19:20:00+00:00,0.0,0.0
2026-03-18 19:25:00+00:00,0.0,0.0
2026-03-18 19:30:00+00:00,0.0,0.0
2026-03-18 19:35:00+00:00,0.0,0.0
2026-03-18 19:40:00+00:00,0.0,0.0
2026-03-18 19:45:00+00:00,0.0,0.0
2026-03-18 19:50:00+00:00,0.0,0.0
2026-03-18 19:55:00+00:00,0.0,0.0
2026-03-18 20:00:00+00:00,0.0,0.0
2026-03-18 20:05:00+00:00,0.0,0.0
2026-03-18 20:10:00+00:00,0.0,0.0
2026-03-18 20:15:00+00:00,0.0,0.0
2026-03-18 20:20:00+00:00,0.0,0.0
2026-03-18 20:25:00+00:00,0.0,0.0
2026-03-18 20:30:00+00:00,0.0,0.0
2026-03-18 20:35:00+00:00,0.0,0.0
2026-03-18 20:40:00+00:00,0.0,0.0
2026-03-18 20:45:00+00:00,0.0,0.0
2026-03-18 20:50:00+00:00,0.0,0.0
2026-03-18 20:55:00+00:00,0.0,0.0
2026-03-18 21:00:00+00:00,0.0,0.0
2026-03-18 21:05:00+00:00,0.0,0.0
2026-03-18 21:10:00+00:00,0.0,0.0
2026-03-18 21:15:00+00:00,0.0,0.0
2026-03-18 21:20:00+00:00,0.0,0.0
2026-03-18 21:25:00+00:00,0.0,0.0
2026-03-18 21:30:00+00:00,0.0,0.0
2026-03-18 21:35:00+00:00,0.0,0.0
2026-03-18 21:40:00+00:00,0.0,0.0
2026-03-18 21:45:00+00:00,0.0,0.0
2026-03-18 21:50:00+00:00,0.0,0.0
2026-03-18 21:55:00+00:00,0.0,0.0
2026-03-18 22:00:00+00:00,0.0,0.0
2026-03-18 22:05:00+00:00,0.0,0.0
2026-03-18 22:10:00+00:00,0.0,0.0
2026-03-18 22:15:00+00:00,0.0,0.0
2026-03-18 22:20:00+00:00,0.0,0.0
2026-03-18 22:25:00+00:00,0.0,0.0
2026-03-18 22:30:00+00:00,0.0,0.0
2026-03-18 22:35:00+00:00,0.0,0.0
2026-03-18 22:40:00+00:00,0.0,0.0
2026-03-18 22:45:00+00:00,0.0,0.0
2026-03-18 22:50:00+00:00,0.0,0.0
2026-03-18 22:55:00+00:00,0.0,0.0
2026-03-18 23:00:00+00:00,0.0,0.0
2026-03-18 23:05:00+00:00,0.0,0.0
2026-03-18 23:10:00+00:00,0.0,0.0
2026-03-18 23:15:00+00:00,0.0,0.0
2026-03-18 23:20:00+00:00,0.0,0.0
2026-03-18 23:25:00+00:00,0.0,0.0
2026-03-18 23:30:00+00:00,0.0,0.0
2026-03-18 23:35:00+00:00,0.0,0.0
2026-03-18 23:40:00+00:00,0.0,0.0
2026-03-18 23:45:00+00:00,0.0,0.0
2026-03-18 23:50:00+00:00,0.0,0.0
2026-03-18 23:55:00+00:00,0.0,0.0
2026-03-19 00:00:00+00:00,0.0,0.0
2026-03-19 00:05:00+00:00,0.0,0.0
2026-03-19 00:10:00+00:00,0.0,0.0
2026-03-19 00:15:00+00:00,0.0,0.0
2026-03-19 00:20:00+00:00,0.0,0.0
2026-03-19 00:25:00+00:00,0.0,0.0
2026-03-19 00:30:00+00:00,0.0,0.0
2026-03-19 00:35:00+00:00,0.0,0.0
2026-03-19 00:40:00+00:00,0.0,0.0
2026-03-19 00:45:00+00:00,0.0,0.0
2026-03-19 00:50:00+00:00,0.0,0.0
2026-03-19 00:55:00+00:00,0.0,0.0
2026-03-19 01:00:00+00:00,0.0,0.0
2026-03-19 01:05:00+00:00,0.0,0.0
2026-03-19 01:10:00+00:00,0.0,0.0
2026-03-19 01:15:00+00:00,0.0,0.0
2026-03-19 01:20:00+00:00,0.0,0.0
2026-03-19 01:25:00+00:00,0.0,0.0
2026-03-19 01:30:00+00:00,0.0,0.0
2026-03-19 01:35:00+00:00,0.0,0.0
2026-03-19 01:40:00+00:00,0.0,0.0
2026-03-19 01:45:00+00:00,0.0,0.0
2026-03-19 01:50:00+00:00,0.0,0.0
2026-03-19 01:55:00+00:00,0.0,0.0
2026-03-19 02:00:00+00:00,0.0,0.0
2026-03-19 02:05:00+00:00,0.0,0.0
2026-03-19 02:10:00+00:00,0.0,0.0
2026-03-19 02:15:00+00:00,0.0,0.0
2026-03-19 02:20:00+00:00,0.0,0.0
2026-03-19 02:25:00+00:00,0.0,0.0
2026-03-19 02:30:00+00:00,0.0,0.0
2026-03-19 02:35:00+00:00,0.0,0.0
2026-03-19 02:40:00+00:00,0.0,0.0
2026-03-19 02:45:00+00:00,0.0,0.0
2026-03-19 02:50:00+00:00,0.0,0.0
2026-03-19 02:55:00+00:00,0.0,0.0
2026-03-19 03:00:00+00:00,0.0,0.0
2026-03-19 03:05:00+00:00,0.0,0.0
2026-03-19 03:10:00+00:00,0.0,0.0
2026-03-19 03:15:00+00:00,0.0,0.0
2026-03-19 03:20:00+00:00,0.0,0.0
2026-03-19 03:25:00+00:00,0.0,0.0
2026-03-19 03:30:00+00:00,0.0,0.0
2026-03-19 03:35:00+00:00,0.0,0.0
2026-03-19 03:40:00+00:00,0.0,0.0
2026-03-19 03:45:00+00:00,0.0,0.0
2026-03-19 03:50:00+00:00,0.0,0.0
2026-03-19 03:55:00+00:00,0.0,0.0
2026-03-19 04:00:00+00:00,0.0,0.0
2026-03-19 04:05:00+00:00,0.0,0.0
2026-03-19 04:10:00+00:00,0.0,0.0
2026-03-19 04:15:00+00:00,0.0,0.0
2026-03-19 04:20:00+00:00,0.0,0.0
2026-03-19 04:25:00+00:00,0.0,0.0
2026-03-19 04:30:00+00:00,0.0,0.0
2026-03-19 04:35:00+00:00,0.0,0.0
2026-03-19 04:40:00+00:00,0.0,0.0
2026-03-19 04:45:00+00:00,0.0,0.0
2026-03-19 04:50:00+00:00,0.0,0.0
2026-03-19 04:55:00+00:00,0.0,0.0
2026-03-19 05:00:00+00:00,0.0,0.0
2026-03-19 05:05:00+00:00,0.0,0.0
2026-03-19 05:10:00+00:00,0.0,0.0
2026-03-19 05:15:00+00:00,0.0,0.0
2026-03-19 05:20:00+00:00,0.0,0.0
2026-03-19 05:25:00+00:00,0.0,0.0
2026-03-19 05:30:00+00:00,0.0,0.0
2026-03-19 05:35:00+00:00,0.0,0.0
2026-03-19 05:40:00+00:00,0.0,0.0
2026-03-19 05:45:00+00:00,0.0,0.0
2026-03-19 05:50:00+00:00,0.0,0.0
2026-03-19 05:55:00+00:00,0.0,0.0
2026-03-19 06:00:00+00:00,0.0,0.0
2026-03-19 06:05:00+00:00,0.0,0.0
2026-03-19 06:10:00+00:00,0.0,0.0
2026-03-19 06:15:00+00:00,0.0,0.0
2026-03-19 06:20:00+00:00,0.0,0.0
2026-03-19 06:25:00+00:00,0.0,0.0
2026-03-19 06:30:00+00:00,0.0,0.0
2026-03-19 06:35:00+00:00,0.0,0.0
2026-03-19 06:40:00+00:00,0.0,0.0
2026-03-19 06:45:00+00:00,0.0,0.0
2026-03-19 06:50:00+00:00,0.0,0.0
2026-03-19 06:55:00+00:00,0.0,0.0
2026-03-19 07:00:00+00:00,0.0,0.0
2026-03-19 07:05:00+00:00,0.0,0.0
2026-03-19 07:10:00+00:00,0.0,0.0
2026-03-19 07:15:00+00:00,0.0,0.0
2026-03-19 07:20:00+00:00,0.0,0.0
2026-03-19 07:25:00+00:00,0.0,0.0
2026-03-19 07:30:00+00:00,0.0,0.0
2026-03-19 07:35:00+00:00,0.0,0.0
2026-03-19 07:40:00+00:00,0.0,0.0
2026-03-19 07:45:00+00:00,0.0,0.0
2026-03-19 07:50:00+00:00,0.0,0.0
2026-03-19 07:55:00+00:00,0.0,0.0
2026-03-19 08:00:00+00:00,0.0,0.0
2026-03-19 08:05:00+00:00,0.0,0.0
2026-03-19 08:10:00+00:00,0.0,0.0
2026-03-19 08:15:00+00:00,0.0,0.0
2026-03-19 08:20:00+00:00,0.0,0.0
2026-03-19 08:25:00+00:00,0.0,0.0
2026-03-19 08:30:00+00:00,0.0,0.0
2026-03-19 08:35:00+00:00,0.0,0.0
2026-03-19 08:40:00+00:00,0.0,0.0
2026-03-19 08:45:00+00:00,0.0,0.0
2026-03-19 08:50:00+00:00,0.0,0.0
2026-03-19 08:55:00+00:00,0.0,0.0
2026-03-19 09:00:00+00:00,0.0,0.0
2026-03-19 09:05:00+00:00,0.0,0.0
2026-03-19 09:10:00+00:00,0.0,0.0
2026-03-19 09:15:00+00:00,0.0,0.0
2026-03-19 09:20:00+00:00,0.0,0.0
2026-03-19 09:25:00+00:00,0.0,0.0
2026-03-19 09:30:00+00:00,0.0,0.0
2026-03-19 09:35:00+00:00,0.0,0.0
2026-03-19 09:40:00+00:00,0.0,0.0
2026-03-19 09:45:00+00:00,0.0,0.0
2026-03-19 09:50:00+00:00,0.0,0.0
2026-03-19 09:55:00+00:00,0.0,0.0
2026-03-19 10:00:00+00:00,0.0,0.0
2026-03-19 10:05:00+00:00,0.0,0.0
2026-03-19 10:10:00+00:00,0.0,0.0
2026-03-19 10:15:00+00:00,0.0,0.0
2026-03-19 10:20:00+00:00,0.0,0.0
2026-03-19 10:25:00+00:00,0.0,0.0
2026-03-19 10:30:00+00:00,0.0,0.0
2026-03-19 10:35:00+00:00,0.0,0.0
2026-03-19 10:40:00+00:00,0.0,0.0
2026-03-19 10:45:00+00:00,0.0,0.0
2026-03-19 10:50:00+00:00,0.0,0.0
2026-03-19 10:55:00+00:00,0.0,0.0
2026-03-19 11:00:00+00:00,0.0,0.0
2026-03-19 11:05:00+00:00,0.0,0.0
2026-03-19 11:10:00+00:00,0.0,0.0
2026-03-19 11:15:00+00:00,0.0,0.0
2026-03-19 11:20:00+00:00,0.0,0.0
2026-03-19 11:25:00+00:00,0.0,0.0
2026-03-19 11:30:00+00:00,0.0,0.0
2026-03-19 11:35:00+00:00,0.0,0.0
2026-03-19 11:40:00+00:00,0.0,0.0
2026-03-19 11:45:00+00:00,0.0,0.0
2026-03-19 11:50:00+00:00,0.0,0.0
2026-03-19 11:55:00+00:00,0.0,0.0
2026-03-19 12:00:00+00:00,0.0,0.0
2026-03-19 12:05:00+00:00,0.0,0.0
2026-03-19 12:10:00+00:00,0.0,0.0
2026-03-19 12:15:00+00:00,0.0,0.0
2026-03-19 12:20:00+00:00,0.0,0.0
2026-03-19 12:25:00+00:00,0.0,0.0
2026-03-19 12:30:00+00:00,0.0,0.0
2026-03-19 12:35:00+00:00,0.0,0.0
2026-03-19 12:40:00+00:00,0.0,0.0
2026-03-19 12:45:00+00:00,0.0,0.0
2026-03-19 12:50:00+00:00,0.0,0.0
2026-03-19 12:55:00+00:00,0.0,0.0
2026-03-19 13:00:00+00:00,0.0,0.0
2026-03-19 13:05:00+00:00,0.0,0.0
2026-03-19 13:10:00+00:00,0.0,0.0
2026-03-19 13:15:00+00:00,0.0,0.0
2026-03-19 13:20:00+00:00,0.0,0.0
2026-03-19 13:25:00+00:00,0.0,0.0
2026-03-19 13:30:00+00:00,0.0,0.0
2026-03-19 13:35:00+00:00,0.0,0.0
2026-03-19 13:40:00+00:00,0.0,0.0
2026-03-19 13:45:00+00:00,0.0,0.0
2026-03-19 13:50:00+00:00,0.0,0.0
2026-03-19 13:55:00+00:00,0.0,0.0
2026-03-19 14:00:00+00:00,0.0,0.0
2026-03-19 14:05:00+00:00,0.0,0.0
2026-03-19 14:10:00+00:00,0.0,0.0
2026-03-19 14:15:00+00:00,0.0,0.0
2026-03-19 14:20:00+00:00,0.0,0.0
2026-03-19 14:25:00+00:00,0.0,0.0
2026-03-19 14:30:00+00:00,0.0,0.0
2026-03-19 14:35:00+00:00,0.0,0.0
2026-03-19 14:40:00+00:00,0.0,0.0
2026-03-19 14:45:00+00:00,0.0,0.0
2026-03-19 14:50:00+00:00,0.0,0.0
2026-03-19 14:55:00+00:00,0.0,0.0
2026-03-19 15:00:00+00:00,0.0,0.0
2026-03-19 15:05:00+00:00,0.0,0.0
2026-03-19 15:10:00+00:00,0.0,0.0
2026-03-19 15:15:00+00:00,0.0,0.0
2026-03-19 15:20:00+00:00,0.0,0.0
2026-03-19 15:25:00+00:00,0.0,0.0
2026-03-19 15:30:00+00:00,0.0,0.0
2026-03-19 15:35:00+00:00,0.0,0.0
2026-03-19 15:40:00+00:00,0.0,0.0
2026-03-19 15:45:00+00:00,0.0,0.0
2026-03-19 15:50:00+00:00,0.0,0.0
2026-03-19 15:55:00+00:00,0.0,0.0
2026-03-19 16:00:00+00:00,0.0,0.0
2026-03-19 16:05:00+00:00,0.0,0.0
2026-03-19 16:10:00+00:00,0.0,0.0
2026-03-19 16:15:00+00:00,0.0,0.0
2026-03-19 16:20:00+00:00,0.0,0.0
2026-03-19 16:25:00+00:00,0.0,0.0
2026-03-19 16:30:00+00:00,0.0,0.0
2026-03-19 16:35:00+00:00,0.0,0.0
2026-03-19 16:40:00+00:00,0.0,0.0
2026-03-19 16:45:00+00:00,0.0,0.0
2026-03-19 16:50:00+00:00,0.0,0.0
2026-03-19 16:55:00+00:00,0.0,0.0
2026-03-19 17:00:00+00:00,0.0,0.0
2026-03-19 17:05:00+00:00,0.0,0.0
2026-03-19 17:10:00+00:00,0.0,0.0
2026-03-19 17:15:00+00:00,0.0,0.0
2026-03-19 17:20:00+00:00,0.0,0.0
2026-03-19 17:25:00+00:00,0.0,0.0
2026-03-19 17:30:00+00:00,0.0,0.0
2026-03-19 17:35:00+00:00,0.0,0.0
2026-03-19 17:40:00+00:00,0.0,0.0
2026-03-19 17:45:00+00:00,0.0,0.0
2026-03-19 17:50:00+00:00,0.0,0.0
2026-03-19 17:55:00+00:00,0.0,0.0
2026-03-19 18:00:00+00:00,0.0,0.0
2026-03-19 18:05:00+00:00,0.0,0.0
2026-03-19 18:10:00+00:00,0.0,0.0
2026-03-19 18:15:00+00:00,0.0,0.0
2026-03-19 18:20:00+00:00,0.0,0.0
2026-03-19 18:25:00+00:00,0.0,0.0
2026-03-19 18:30:00+00:00,0.0,0.0
2026-03-19 18:35:00+00:00,0.0,0.0
2026-03-19 18:40:00+00:00,0.0,0.0
2026-03-19 18:45:00+00:00,0.0,0.0
2026-03-19 18:50:00+00:00,0.0,0.0
2026-03-19 18:55:00+00:00,0.0,0.0
2026-03-19 19:00:00+00:00,0.0,0.0
2026-03-19 19:05:00+00:00,0.0,0.0
2026-03-19 19:10:00+00:00,0.0,0.0
2026-03-19 19:15:00+00:00,0.0,0.0
2026-03-19 19:20:00+00:00,0.0,0.0
2026-03-19 19:25:00+00:00,0.0,0.0
2026-03-19 19:30:00+00:00,0.0,0.0
2026-03-19 19:35:00+00:00,0.0,0.0
2026-03-19 19:40:00+00:00,0.0,0.0
2026-03-19 19:45:00+00:00,0.0,0.0
2026-03-19 19:50:00+00:00,0.0,0.0
2026-03-19 19:55:00+00:00,0.0,0.0
2026-03-19 20:00:00+00:00,0.0,0.0
2026-03-19 20:05:00+00:00,0.0,0.0
2026-03-19 20:10:00+00:00,0.0,0.0
2026-03-19 20:15:00+00:00,0.0,0.0
2026-03-19 20:20:00+00:00,0.0,0.0
2026-03-19 20:25:00+00:00,0.0,0.0
2026-03-19 20:30:00+00:00,0.0,0.0
2026-03-19 20:35:00+00:00,0.0,0.0
2026-03-19 20:40:00+00:00,0.0,0.0
2026-03-19 20:45:00+00:00,0.0,0.0
2026-03-19 20:50:00+00:00,0.0,0.0
2026-03-19 20:55:00+00:00,0.0,0.0
2026-03-19 21:00:00+00:00,0.0,0.0
2026-03-19 21:05:00+00:00,0.0,0.0
2026-03-19 21:10:00+00:00,0.0,0.0
2026-03-19 21:15:00+00:00,0.0,0.0
2026-03-19 21:20:00+00:00,0.0,0.0
2026-03-19 21:25:00+00:00,0.0,0.0
2026-03-19 21:30:00+00:00,0.0,0.0
2026-03-19 21:35:00+00:00,0.0,0.0
2026-03-19 21:40:00+00:00,0.0,0.0
2026-03-19 21:45:00+00:00,0.0,0.0
2026-03-19 21:50:00+00:00,0.0,0.0
2026-03-19 21:55:00+00:00,0.0,0.0
2026-03-19 22:00:00+00:00,0.0,0.0
2026-03-19 22:05:00+00:00,0.0,0.0
2026-03-19 22:10:00+00:00,0.0,0.0
2026-03-19 22:15:00+00:00,0.0,0.0
2026-03-19 22:20:00+00:00,0.0,0.0
2026-03-19 22:25:00+00:00,0.0,0.0
2026-03-19 22:30:00+00:00,0.0,0.0
2026-03-19 22:35:00+00:00,0.0,0.0
2026-03-19 22:40:00+00:00,0.0,0.0
2026-03-19 22:45:00+00:00,0.0,0.0
2026-03-19 22:50:00+00:00,0.0,0.0
2026-03-19 22:55:00+00:00,0.0,0.0
2026-03-19 23:00:00+00:00,0.0,0.0
2026-03-19 23:05:00+00:00,0.0,0.0
2026-03-19 23:10:00+00:00,0.0,0.0
2026-03-19 23:15:00+00:00,0.0,0.0
2026-03-19 23:20:00+00:00,0.0,0.0
2026-03-19 23:25:00+00:00,0.0,0.0
2026-03-19 23:30:00+00:00,0.0,0.0
2026-03-19 23:35:00+00:00,0.0,0.0
2026-03-19 23:40:00+00:00,0.0,0.0
2026-03-19 23:45:00+00:00,0.0,0.0
2026-03-19 23:50:00+00:00,0.0,0.0
2026-03-19 23:55:00+00:00,0.0,0.0
2026-03-20 00:00:00+00:00,0.0,0.0
2026-03-20 00:05:00+00:00,0.0,0.0
2026-03-20 00:10:00+00:00,0.0,0.0
2026-03-20 00:15:00+00:00,0.0,0.0
2026-03-20 00:20:00+00:00,0.0,0.0
2026-03-20 00:25:00+00:00,0.0,0.0
2026-03-20 00:30:00+00:00,0.0,0.0
2026-03-20 00:35:00+00:00,0.0,0.0
2026-03-20 00:40:00+00:00,0.0,0.0
2026-03-20 00:45:00+00:00,0.0,0.0
2026-03-20 00:50:00+00:00,0.0,0.0
2026-03-20 00:55:00+00:00,0.0,0.0
2026-03-20 01:00:00+00:00,0.0,0.0
2026-03-20 01:05:00+00:00,0.0,0.0
2026-03-20 01:10:00+00:00,0.0,0.0
2026-03-20 01:15:00+00:00,0.0,0.0
2026-03-20 01:20:00+00:00,0.0,0.0
2026-03-20 01:25:00+00:00,0.0,0.0
2026-03-20 01:30:00+00:00,0.0,0.0
2026-03-20 01:35:00+00:00,0.0,0.0
2026-03-20 01:40:00+00:00,0.0,0.0
2026-03-20 01:45:00+00:00,0.0,0.0
2026-03-20 01:50:00+00:00,0.0,0.0
2026-03-20 01:55:00+00:00,0.0,0.0
2026-03-20 02:00:00+00:00,0.0,0.0
2026-03-20 02:05:00+00:00,0.0,0.0
2026-03-20 02:10:00+00:00,0.0,0.0
2026-03-20 02:15:00+00:00,0.0,0.0
2026-03-20 02:20:00+00:00,0.0,0.0
2026-03-20 02:25:00+00:00,0.0,0.0
2026-03-20 02:30:00+00:00,0.0,0.0
2026-03-20 02:35:00+00:00,0.0,0.0
2026-03-20 02:40:00+00:00,0.0,0.0
2026-03-20 02:45:00+00:00,0.0,0.0
2026-03-20 02:50:00+00:00,0.0,0.0
2026-03-20 02:55:00+00:00,0.0,0.0
2026-03-20 03:00:00+00:00,0.0,0.0
2026-03-20 03:05:00+00:00,0.0,0.0
2026-03-20 03:10:00+00:00,0.0,0.0
2026-03-20 03:15:00+00:00,0.0,0.0
2026-03-20 03:20:00+00:00,0.0,0.0
2026-03-20 03:25:00+00:00,0.0,0.0
2026-03-20 03:30:00+00:00,0.0,0.0
2026-03-20 03:35:00+00:00,0.0,0.0
2026-03-20 03:40:00+00:00,0.0,0.0
2026-03-20 03:45:00+00:00,0.0,0.0
2026-03-20 03:50:00+00:00,0.0,0.0
2026-03-20 03:55:00+00:00,0.0,0.0
2026-03-20 04:00:00+00:00,0.0,0.0
2026-03-20 04:05:00+00:00,0.0,0.0
2026-03-20 04:10:00+00:00,0.0,0.0
2026-03-20 04:15:00+00:00,0.0,0.0
2026-03-20 04:20:00+00:00,0.0,0.0
2026-03-20 04:25:00+00:00,0.0,0.0
2026-03-20 04:30:00+00:00,0.0,0.0
2026-03-20 04:35:00+00:00,0.0,0.0
2026-03-20 04:40:00+00:00,0.0,0.0
2026-03-20 04:45:00+00:00,0.0,0.0
2026-03-20 04:50:00+00:00,0.0,0.0
2026-03-20 04:55:00+00:00,0.0,0.0
2026-03-20 05:00:00+00:00,0.0,0.0
2026-03-20 05:05:00+00:00,0.0,0.0
2026-03-20 05:10:00+00:00,0.0,0.0
2026-03-20 05:15:00+00:00,0.0,0.0
2026-03-20 05:20:00+00:00,0.0,0.0
2026-03-20 05:25:00+00:00,0.0,0.0
2026-03-20 05:30:00+00:00,0.0,0.0
2026-03-20 05:35:00+00:00,0.0,0.0
2026-03-20 05:40:00+00:00,0.0,0.0
2026-03-20 05:45:00+00:00,0.0,0.0
2026-03-20 05:50:00+00:00,0.0,0.0
2026-03-20 05:55:00+00:00,0.0,0.0
2026-03-20 06:00:00+00:00,0.0,0.0
2026-03-20 06:05:00+00:00,0.0,0.0
2026-03-20 06:10:00+00:00,0.0,0.0
2026-03-20 06:15:00+00:00,0.0,0.0
2026-03-20 06:20:00+00:00,0.0,0.0
2026-03-20 06:25:00+00:00,0.0,0.0
2026-03-20 06:30:00+00:00,0.0,0.0
2026-03-20 06:35:00+00:00,0.0,0.0
2026-03-20 06:40:00+00:00,0.0,0.0
2026-03-20 06:45:00+00:00,0.0,0.0
2026-03-20 06:50:00+00:00,0.0,0.0
2026-03-20 06:55:00+00:00,0.0,0.0
2026-03-20 07:00:00+00:00,0.0,0.0
2026-03-20 07:05:00+00:00,0.0,0.0
2026-03-20 07:10:00+00:00,0.0,0.0
2026-03-20 07:15:00+00:00,0.0,0.0
2026-03-20 07:20:00+00:00,0.0,0.0
2026-03-20 07:25:00+00:00,0.0,0.0
2026-03-20 07:30:00+00:00,0.0,0.0
2026-03-20 07:35:00+00:00,0.0,0.0
2026-03-20 07:40:00+00:00,0.0,0.0
2026-03-20 07:45:00+00:00,0.0,0.0
2026-03-20 07:50:00+00:00,0.0,0.0
2026-03-20 07:55:00+00:00,0.0,0.0
2026-03-20 08:00:00+00:00,0.0,0.0
2026-03-20 08:05:00+00:00,0.0,0.0
2026-03-20 08:10:00+00:00,0.0,0.0
2026-03-20 08:15:00+00:00,0.0,0.0
2026-03-20 08:20:00+00:00,0.0,0.0
2026-03-20 08:25:00+00:00,0.0,0.0
2026-03-20 08:30:00+00:00,0.0,0.0
2026-03-20 08:35:00+00:00,0.0,0.0
2026-03-20 08:40:00+00:00,0.0,0.0
2026-03-20 08:45:00+00:00,0.0,0.0
2026-03-20 08:50:00+00:00,0.0,0.0
2026-03-20 08:55:00+00:00,0.0,0.0
2026-03-20 09:00:00+00:00,0.0,0.0
2026-03-20 09:05:00+00:00,0.0,0.0
2026-03-20 09:10:00+00:00,0.0,0.0
2026-03-20 09:15:00+00:00,0.0,0.0
2026-03-20 09:20:00+00:00,0.0,0.0
2026-03-20 09:25:00+00:00,0.0,0.0
2026-03-20 09:30:00+00:00,0.0,0.0
2026-03-20 09:35:00+00:00,0.0,0.0
2026-03-20 09:40:00+00:00,0.0,0.0
2026-03-20 09:45:00+00:00,0.0,0.0
2026-03-20 09:50:00+00:00,0.0,0.0
2026-03-20 09:55:00+00:00,0.0,0.0
2026-03-20 10:00:00+00:00,0.0,0.0
2026-03-20 10:05:00+00:00,0.0,0.0
2026-03-20 10:10:00+00:00,0.0,0.0
2026-03-20 10:15:00+00:00,0.0,0.0
2026-03-20 10:20:00+00:00,0.0,0.0
2026-03-20 10:25:00+00:00,0.0,0.0
2026-03-20 10:30:00+00:00,0.0,0.0
2026-03-20 10:35:00+00:00,0.0,0.0
2026-03-20 10:40:00+00:00,0.0,0.0
2026-03-20 10:45:00+00:00,0.0,0.0
2026-03-20 10:50:00+00:00,0.0,0.0
2026-03-20 10:55:00+00:00,0.0,0.0
2026-03-20 11:00:00+00:00,0.0,0.0
2026-03-20 11:05:00+00:00,0.0,0.0
2026-03-20 11:10:00+00:00,0.0,0.0
2026-03-20 11:15:00+00:00,0.0,0.0
2026-03-20 11:20:00+00:00,0.0,0.0
2026-03-20 11:25:00+00:00,0.0,0.0
2026-03-20 11:30:00+00:00,0.0,0.0
2026-03-20 11:35:00+00:00,0.0,0.0
2026-03-20 11:40:00+00:00,0.0,0.0
2026-03-20 11:45:00+00:00,0.0,0.0
2026-03-20 11:50:00+00:00,0.0,0.0
2026-03-20 11:55:00+00:00,0.0,0.0
2026-03-20 12:00:00+00:00,0.0,0.0
2026-03-20 12:05:00+00:00,0.0,0.0
2026-03-20 12:10:00+00:00,0.0,0.0
2026-03-20 12:15:00+00:00,0.0,0.0
2026-03-20 12:20:00+00:00,0.0,0.0
2026-03-20 12:25:00+00:00,0.0,0.0
2026-03-20 12:30:00+00:00,0.0,0.0
2026-03-20 12:35:00+00:00,0.0,0.0
2026-03-20 12:40:00+00:00,0.0,0.0
2026-03-20 12:45:00+00:00,0.0,0.0
2026-03-20 12:50:00+00:00,0.0,0.0
2026-03-20 12:55:00+00:00,0.0,0.0
2026-03-20 13:00:00+00:00,0.0,0.0
2026-03-20 13:05:00+00:00,0.0,0.0
2026-03-20 13:10:00+00:00,0.0,0.0
2026-03-20 13:15:00+00:00,0.0,0.0
2026-03-20 13:20:00+00:00,0.0,0.0
2026-03-20 13:25:00+00:00,0.0,0.0
2026-03-20 13:30:00+00:00,0.0,0.0
2026-03-20 13:35:00+00:00,0.0,0.0
2026-03-20 13:40:00+00:00,0.0,0.0
2026-03-20 13:45:00+00:00,0.0,0.0
2026-03-20 13:50:00+00:00,0.0,0.0
2026-03-20 13:55:00+00:00,0.0,0.0
2026-03-20 14:00:00+00:00,0.0,0.0
2026-03-20 14:05:00+00:00,0.0,0.0
2026-03-20 14:10:00+00:00,0.0,0.0
2026-03-20 14:15:00+00:00,0.0,0.0
2026-03-20 14:20:00+00:00,0.0,0.0
2026-03-20 14:25:00+00:00,0.0,0.0
2026-03-20 14:30:00+00:00,0.0,0.0
2026-03-20 14:35:00+00:00,0.0,0.0
2026-03-20 14:40:00+00:00,0.0,0.0
2026-03-20 14:45:00+00:00,0.0,0.0
2026-03-20 14:50:00+00:00,0.0,0.0
2026-03-20 14:55:00+00:00,0.0,0.0
2026-03-20 15:00:00+00:00,0.0,0.0
2026-03-20 15:05:00+00:00,0.0,0.0
2026-03-20 15:10:00+00:00,0.0,0.0
2026-03-20 15:15:00+00:00,0.0,0.0
2026-03-20 15:20:00+00:00,0.0,0.0
2026-03-20 15:25:00+00:00,0.0,0.0
2026-03-20 15:30:00+00:00,0.0,0.0
2026-03-20 15:35:00+00:00,0.0,0.0
2026-03-20 15:40:00+00:00,0.0,0.0
2026-03-20 15:45:00+00:00,0.0,0.0
2026-03-20 15:50:00+00:00,0.0,0.0
2026-03-20 15:55:00+00:00,0.0,0.0
2026-03-20 16:00:00+00:00,0.0,0.0
2026-03-20 16:05:00+00:00,0.0,0.0
2026-03-20 16:10:00+00:00,0.0,0.0
2026-03-20 16:15:00+00:00,0.0,0.0
2026-03-20 16:20:00+00:00,0.0,0.0
2026-03-20 16:25:00+00:00,0.0,0.0
2026-03-20 16:30:00+00:00,0.0,0.0
2026-03-20 16:35:00+00:00,0.0,0.0
2026-03-20 16:40:00+00:00,0.0,0.0
2026-03-20 16:45:00+00:00,0.0,0.0
2026-03-20 16:50:00+00:00,0.0,0.0
2026-03-20 16:55:00+00:00,0.0,0.0
2026-03-20 17:00:00+00:00,0.0,0.0
2026-03-20 17:05:00+00:00,0.0,0.0
2026-03-20 17:10:00+00:00,0.0,0.0
2026-03-20 17:15:00+00:00,0.0,0.0
2026-03-20 17:20:00+00:00,0.0,0.0
2026-03-20 17:25:00+00:00,0.0,0.0
2026-03-20 17:30:00+00:00,0.0,0.0
2026-03-20 17:35:00+00:00,0.0,0.0
2026-03-20 17:40:00+00:00,0.0,0.0
2026-03-20 17:45:00+00:00,0.0,0.0
2026-03-20 17:50:00+00:00,0.0,0.0
2026-03-20 17:55:00+00:00,0.0,0.0
2026-03-20 18:00:00+00:00,0.0,0.0
2026-03-20 18:05:00+00:00,0.0,0.0
2026-03-20 18:10:00+00:00,0.0,0.0
2026-03-20 18:15:00+00:00,0.0,0.0
2026-03-20 18:20:00+00:00,0.0,0.0
2026-03-20 18:25:00+00:00,0.0,0.0
2026-03-20 18:30:00+00:00,0.0,0.0
2026-03-20 18:35:00+00:00,0.0,0.0
2026-03-20 18:40:00+00:00,0.0,0.0
2026-03-20 18:45:00+00:00,0.0,0.0
2026-03-20 18:50:00+00:00,0.0,0.0
2026-03-20 18:55:00+00:00,0.0,0.0
2026-03-20 19:00:00+00:00,0.0,0.0
2026-03-20 19:05:00+00:00,0.0,0.0
2026-03-20 19:10:00+00:00,0.0,0.0
2026-03-20 19:15:00+00:00,0.0,0.0
2026-03-20 19:20:00+00:00,0.0,0.0
2026-03-20 19:25:00+00:00,0.0,0.0
2026-03-20 19:30:00+00:00,0.0,0.0
2026-03-20 19:35:00+00:00,0.0,0.0
2026-03-20 19:40:00+00:00,0.0,0.0
2026-03-20 19:45:00+00:00,0.0,0.0
2026-03-20 19:50:00+00:00,0.0,0.0
2026-03-20 19:55:00+00:00,0.0,0.0
2026-03-20 20:00:00+00:00,0.0,0.0
2026-03-20 20:05:00+00:00,0.0,0.0
2026-03-20 20:10:00+00:00,0.0,0.0
2026-03-20 20:15:00+00:00,0.0,0.0
2026-03-20 20:20:00+00:00,0.0,0.0
2026-03-20 20:25:00+00:00,0.0,0.0
2026-03-20 20:30:00+00:00,0.0,0.0
2026-03-20 20:35:00+00:00,0.0,0.0
2026-03-20 20:40:00+00:00,0.0,0.0
2026-03-20 20:45:00+00:00,0.0,0.0
2026-03-20 20:50:00+00:00,0.0,0.0
2026-03-20 20:55:00+00:00,0.0,0.0
2026-03-20 21:00:00+00:00,0.0,0.0
2026-03-20 21:05:00+00:00,0.0,0.0
2026-03-20 21:10:00+00:00,0.0,0.0
2026-03-20 21:15:00+00:00,0.0,0.0
2026-03-20 21:20:00+00:00,0.0,0.0
2026-03-20 21:25:00+00:00,0.0,0.0
2026-03-20 21:30:00+00:00,0.0,0.0
2026-03-20 21:35:00+00:00,0.0,0.0
2026-03-20 21:40:00+00:00,0.0,0.0
2026-03-20 21:45:00+00:00,0.0,0.0
2026-03-20 21:50:00+00:00,0.0,0.0
2026-03-20 21:55:00+00:00,0.0,0.0
2026-03-20 22:00:00+00:00,0.0,0.0
2026-03-20 22:05:00+00:00,0.0,0.0
2026-03-20 22:10:00+00:00,0.0,0.0
2026-03-20 22:15:00+00:00,0.0,0.0
2026-03-20 22:20:00+00:00,0.0,0.0
2026-03-20 22:25:00+00:00,0.0,0.0
2026-03-20 22:30:00+00:00,0.0,0.0
2026-03-20 22:35:00+00:00,0.0,0.0
2026-03-20 22:40:00+00:00,0.0,0.0
2026-03-20 22:45:00+00:00,0.0,0.0
2026-03-20 22:50:00+00:00,0.0,0.0
2026-03-20 22:55:00+00:00,0.0,0.0
2026-03-20 23:00:00+00:00,0.0,0.0
2026-03-20 23:05:00+00:00,0.0,0.0
2026-03-20 23:10:00+00:00,0.0,0.0
2026-03-20 23:15:00+00:00,0.0,0.0
2026-03-20 23:20:00+00:00,0.0,0.0
2026-03-20 23:25:00+00:00,0.0,0.0
2026-03-20 23:30:00+00:00,0.0,0.0
2026-03-20 23:35:00+00:00,0.0,0.0
2026-03-20 23:40:00+00:00,0.0,0.0
2026-03-20 23:45:00+00:00,0.0,0.0
2026-03-20 23:50:00+00:00,0.0,0.0
2026-03-20 23:55:00+00:00,0.0,0.0
2026-03-21 00:00:00+00:00,0.0,0.0
2026-03-21 00:05:00+00:00,0.0,0.0
2026-03-21 00:10:00+00:00,0.0,0.0
2026-03-21 00:15:00+00:00,0.0,0.0
2026-03-21 00:20:00+00:00,0.0,0.0
2026-03-21 00:25:00+00:00,0.0,0.0
2026-03-21 00:30:00+00:00,0.0,0.0
2026-03-21 00:35:00+00:00,0.0,0.0
2026-03-21 00:40:00+00:00,0.0,0.0
2026-03-21 00:45:00+00:00,0.0,0.0
2026-03-21 00:50:00+00:00,0.0,0.0
2026-03-21 00:55:00+00:00,0.0,0.0
2026-03-21 01:00:00+00:00,0.0,0.0
2026-03-21 01:05:00+00:00,0.0,0.0
2026-03-21 01:10:00+00:00,0.0,0.0
2026-03-21 01:15:00+00:00,0.0,0.0
2026-03-21 01:20:00+00:00,0.0,0.0
2026-03-21 01:25:00+00:00,0.0,0.0
2026-03-21 01:30:00+00:00,0.0,0.0
2026-03-21 01:35:00+00:00,0.0,0.0
2026-03-21 01:40:00+00:00,0.0,0.0
2026-03-21 01:45:00+00:00,0.0,0.0
2026-03-21 01:50:00+00:00,0.0,0.0
2026-03-21 01:55:00+00:00,0.0,0.0
2026-03-21 02:00:00+00:00,0.0,0.0
2026-03-21 02:05:00+00:00,0.0,0.0
2026-03-21 02:10:00+00:00,0.0,0.0
2026-03-21 02:15:00+00:00,0.0,0.0
2026-03-21 02:20:00+00:00,0.0,0.0
2026-03-21 02:25:00+00:00,0.0,0.0
2026-03-21 02:30:00+00:00,0.0,0.0
2026-03-21 02:35:00+00:00,0.0,0.0
2026-03-21 02:40:00+00:00,0.0,0.0
2026-03-21 02:45:00+00:00,0.0,0.0
2026-03-21 02:50:00+00:00,0.0,0.0
2026-03-21 02:55:00+00:00,0.0,0.0
2026-03-21 03:00:00+00:00,0.0,0.0
2026-03-21 03:05:00+00:00,0.0,0.0
2026-03-21 03:10:00+00:00,0.0,0.0
2026-03-21 03:15:00+00:00,0.0,0.0
2026-03-21 03:20:00+00:00,0.0,0.0
2026-03-21 03:25:00+00:00,0.0,0.0
2026-03-21 03:30:00+00:00,0.0,0.0
2026-03-21 03:35:00+00:00,0.0,0.0
2026-03-21 03:40:00+00:00,0.0,0.0
2026-03-21 03:45:00+00:00,0.0,0.0
2026-03-21 03:50:00+00:00,0.0,0.0
2026-03-21 03:55:00+00:00,0.0,0.0
2026-03-21 04:00:00+00:00,0.0,0.0
2026-03-21 04:05:00+00:00,0.0,0.0
2026-03-21 04:10:00+00:00,0.0,0.0
2026-03-21 04:15:00+00:00,0.0,0.0
2026-03-21 04:20:00+00:00,0.0,0.0
2026-03-21 04:25:00+00:00,0.0,0.0
2026-03-21 04:30:00+00:00,0.0,0.0
2026-03-21 04:35:00+00:00,0.0,0.0
2026-03-21 04:40:00+00:00,0.0,0.0
2026-03-21 04:45:00+00:00,0.0,0.0
2026-03-21 04:50:00+00:00,0.0,0.0
2026-03-21 04:55:00+00:00,0.0,0.0
2026-03-21 05:00:00+00:00,0.0,0.0
2026-03-21 05:05:00+00:00,0.0,0.0
2026-03-21 05:10:00+00:00,0.0,0.0
2026-03-21 05:15:00+00:00,0.0,0.0
2026-03-21 05:20:00+00:00,0.0,0.0
2026-03-21 05:25:00+00:00,0.0,0.0
2026-03-21 05:30:00+00:00,0.0,0.0
2026-03-21 05:35:00+00:00,0.0,0.0
2026-03-21 05:40:00+00:00,0.0,0.0
2026-03-21 05:45:00+00:00,0.0,0.0
2026-03-21 05:50:00+00:00,0.0,0.0
2026-03-21 05:55:00+00:00,0.0,0.0
2026-03-21 06:00:00+00:00,0.0,0.0
2026-03-21 06:05:00+00:00,0.0,0.0
2026-03-21 06:10:00+00:00,0.0,0.0
2026-03-21 06:15:00+00:00,0.0,0.0
2026-03-21 06:20:00+00:00,0.0,0.0
2026-03-21 06:25:00+00:00,0.0,0.0
2026-03-21 06:30:00+00:00,0.0,0.0
2026-03-21 06:35:00+00:00,0.0,0.0
2026-03-21 06:40:00+00:00,0.0,0.0
2026-03-21 06:45:00+00:00,0.0,0.0
2026-03-21 06:50:00+00:00,0.0,0.0
2026-03-21 06:55:00+00:00,0.0,0.0
2026-03-21 07:00:00+00:00,0.0,0.0
2026-03-21 07:05:00+00:00,0.0,0.0
2026-03-21 07:10:00+00:00,0.0,0.0
2026-03-21 07:15:00+00:00,0.0,0.0
2026-03-21 07:20:00+00:00,0.0,0.0
2026-03-21 07:25:00+00:00,0.0,0.0
2026-03-21 07:30:00+00:00,0.0,0.0
2026-03-21 07:35:00+00:00,0.0,0.0
2026-03-21 07:40:00+00:00,0.0,0.0
2026-03-21 07:45:00+00:00,0.0,0.0
2026-03-21 07:50:00+00:00,0.0,0.0
2026-03-21 07:55:00+00:00,0.0,0.0
2026-03-21 08:00:00+00:00,0.0,0.0
2026-03-21 08:05:00+00:00,0.0,0.0
2026-03-21 08:10:00+00:00,0.0,0.0
2026-03-21 08:15:00+00:00,0.0,0.0
2026-03-21 08:20:00+00:00,0.0,0.0
2026-03-21 08:25:00+00:00,0.0,0.0
2026-03-21 08:30:00+00:00,0.0,0.0
2026-03-21 08:35:00+00:00,0.0,0.0
2026-03-21 08:40:00+00:00,0.0,0.0
2026-03-21 08:45:00+00:00,0.0,0.0
2026-03-21 08:50:00+00:00,0.0,0.0
2026-03-21 08:55:00+00:00,0.0,0.0
2026-03-21 09:00:00+00:00,0.0,0.0
2026-03-21 09:05:00+00:00,0.0,0.0
2026-03-21 09:10:00+00:00,0.0,0.0
2026-03-21 09:15:00+00:00,0.0,0.0
2026-03-21 09:20:00+00:00,0.0,0.0
2026-03-21 09:25:00+00:00,0.0,0.0
2026-03-21 09:30:00+00:00,0.0,0.0
2026-03-21 09:35:00+00:00,0.0,0.0
2026-03-21 09:40:00+00:00,0.0,0.0
2026-03-21 09:45:00+00:00,0.0,0.0
2026-03-21 09:50:00+00:00,0.0,0.0
2026-03-21 09:55:00+00:00,0.0,0.0
2026-03-21 10:00:00+00:00,0.0,0.0
2026-03-21 10:05:00+00:00,0.0,0.0
2026-03-21 10:10:00+00:00,0.0,0.0
2026-03-21 10:15:00+00:00,0.0,0.0
2026-03-21 10:20:00+00:00,0.0,0.0
2026-03-21 10:25:00+00:00,0.0,0.0
2026-03-21 10:30:00+00:00,0.0,0.0
2026-03-21 10:35:00+00:00,0.0,0.0
2026-03-21 10:40:00+00:00,0.0,0.0
2026-03-21 10:45:00+00:00,0.0,0.0
2026-03-21 10:50:00+00:00,0.0,0.0
2026-03-21 10:55:00+00:00,0.0,0.0
2026-03-21 11:00:00+00:00,0.0,0.0
2026-03-21 11:05:00+00:00,0.0,0.0
2026-03-21 11:10:00+00:00,0.0,0.0
2026-03-21 11:15:00+00:00,0.0,0.0
2026-03-21 11:20:00+00:00,0.0,0.0
2026-03-21 11:25:00+00:00,0.0,0.0
2026-03-21 11:30:00+00:00,0.0,0.0
2026-03-21 11:35:00+00:00,0.0,0.0
2026-03-21 11:40:00+00:00,0.0,0.0
2026-03-21 11:45:00+00:00,0.0,0.0
2026-03-21 11:50:00+00:00,0.0,0.0
2026-03-21 11:55:00+00:00,0.0,0.0
2026-03-21 12:00:00+00:00,0.0,0.0
2026-03-21 12:05:00+00:00,0.0,0.0
2026-03-21 12:10:00+00:00,0.0,0.0
2026-03-21 12:15:00+00:00,0.0,0.0
2026-03-21 12:20:00+00:00,0.0,0.0
2026-03-21 12:25:00+00:00,0.0,0.0
2026-03-21 12:30:00+00:00,0.0,0.0
2026-03-21 12:35:00+00:00,0.0,0.0
2026-03-21 12:40:00+00:00,0.0,0.0
2026-03-21 12:45:00+00:00,0.0,0.0
2026-03-21 12:50:00+00:00,0.0,0.0
2026-03-21 12:55:00+00:00,0.0,0.0
2026-03-21 13:00:00+00:00,0.0,0.0
2026-03-21 13:05:00+00:00,0.0,0.0
2026-03-21 13:10:00+00:00,0.0,0.0
2026-03-21 13:15:00+00:00,0.0,0.0
2026-03-21 13:20:00+00:00,0.0,0.0
2026-03-21 13:25:00+00:00,0.0,0.0
2026-03-21 13:30:00+00:00,0.0,0.0
2026-03-21 13:35:00+00:00,0.0,0.0
2026-03-21 13:40:00+00:00,0.0,0.0
2026-03-21 13:45:00+00:00,0.0,0.0
2026-03-21 13:50:00+00:00,0.0,0.0
2026-03-21 13:55:00+00:00,0.0,0.0
2026-03-21 14:00:00+00:00,0.0,0.0
2026-03-21 14:05:00+00:00,0.0,0.0
2026-03-21 14:10:00+00:00,0.0,0.0
2026-03-21 14:15:00+00:00,0.0,0.0
2026-03-21 14:20:00+00:00,0.0,0.0
2026-03-21 14:25:00+00:00,0.0,0.0
2026-03-21 14:30:00+00:00,0.0,0.0
2026-03-21 14:35:00+00:00,0.0,0.0
2026-03-21 14:40:00+00:00,0.0,0.0
2026-03-21 14:45:00+00:00,0.0,0.0
2026-03-21 14:50:00+00:00,0.0,0.0
2026-03-21 14:55:00+00:00,0.0,0.0
2026-03-21 15:00:00+00:00,0.0,0.0
2026-03-21 15:05:00+00:00,0.0,0.0
2026-03-21 15:10:00+00:00,0.0,0.0
2026-03-21 15:15:00+00:00,0.0,0.0
2026-03-21 15:20:00+00:00,0.0,0.0
2026-03-21 15:25:00+00:00,0.0,0.0
2026-03-21 15:30:00+00:00,0.0,0.0
2026-03-21 15:35:00+00:00,0.0,0.0
2026-03-21 15:40:00+00:00,0.0,0.0
2026-03-21 15:45:00+00:00,0.0,0.0
2026-03-21 15:50:00+00:00,0.0,0.0
2026-03-21 15:55:00+00:00,0.0,0.0
2026-03-21 16:00:00+00:00,0.0,0.0
2026-03-21 16:05:00+00:00,0.0,0.0
2026-03-21 16:10:00+00:00,0.0,0.0
2026-03-21 16:15:00+00:00,0.0,0.0
2026-03-21 16:20:00+00:00,0.0,0.0
2026-03-21 16:25:00+00:00,0.0,0.0
2026-03-21 16:30:00+00:00,0.0,0.0
2026-03-21 16:35:00+00:00,0.0,0.0
2026-03-21 16:40:00+00:00,0.0,0.0
2026-03-21 16:45:00+00:00,0.0,0.0
2026-03-21 16:50:00+00:00,0.0,0.0
2026-03-21 16:55:00+00:00,0.0,0.0
2026-03-21 17:00:00+00:00,0.0,0.0
2026-03-21 17:05:00+00:00,0.0,0.0
2026-03-21 17:10:00+00:00,0.0,0.0
2026-03-21 17:15:00+00:00,0.0,0.0
2026-03-21 17:20:00+00:00,0.0,0.0
2026-03-21 17:25:00+00:00,0.0,0.0
2026-03-21 17:30:00+00:00,0.0,0.0
2026-03-21 17:35:00+00:00,0.0,0.0
2026-03-21 17:40:00+00:00,0.0,0.0
2026-03-21 17:45:00+00:00,0.0,0.0
2026-03-21 17:50:00+00:00,0.0,0.0
2026-03-21 17:55:00+00:00,0.0,0.0
2026-03-21 18:00:00+00:00,0.0,0.0
2026-03-21 18:05:00+00:00,0.0,0.0
2026-03-21 18:10:00+00:00,0.0,0.0
2026-03-21 18:15:00+00:00,0.0,0.0
2026-03-21 18:20:00+00:00,0.0,0.0
2026-03-21 18:25:00+00:00,0.0,0.0
2026-03-21 18:30:00+00:00,0.0,0.0
2026-03-21 18:35:00+00:00,0.0,0.0
2026-03-21 18:40:00+00:00,0.0,0.0
2026-03-21 18:45:00+00:00,0.0,0.0
2026-03-21 18:50:00+00:00,0.0,0.0
2026-03-21 18:55:00+00:00,0.0,0.0
2026-03-21 19:00:00+00:00,0.0,0.0
2026-03-21 19:05:00+00:00,0.0,0.0
2026-03-21 19:10:00+00:00,0.0,0.0
2026-03-21 19:15:00+00:00,0.0,0.0
2026-03-21 19:20:00+00:00,0.0,0.0
2026-03-21 19:25:00+00:00,0.0,0.0
2026-03-21 19:30:00+00:00,0.0,0.0
2026-03-21 19:35:00+00:00,0.0,0.0
2026-03-21 19:40:00+00:00,0.0,0.0
2026-03-21 19:45:00+00:00,0.0,0.0
2026-03-21 19:50:00+00:00,0.0,0.0
2026-03-21 19:55:00+00:00,0.0,0.0
2026-03-21 20:00:00+00:00,0.0,0.0
2026-03-21 20:05:00+00:00,0.0,0.0
2026-03-21 20:10:00+00:00,0.0,0.0
2026-03-21 20:15:00+00:00,0.0,0.0
2026-03-21 20:20:00+00:00,0.0,0.0
2026-03-21 20:25:00+00:00,0.0,0.0
2026-03-21 20:30:00+00:00,0.0,0.0
2026-03-21 20:35:00+00:00,0.0,0.0
2026-03-21 20:40:00+00:00,0.0,0.0
2026-03-21 20:45:00+00:00,0.0,0.0
2026-03-21 20:50:00+00:00,0.0,0.0
2026-03-21 20:55:00+00:00,0.0,0.0
2026-03-21 21:00:00+00:00,0.0,0.0
2026-03-21 21:05:00+00:00,0.0,0.0
2026-03-21 21:10:00+00:00,0.0,0.0
2026-03-21 21:15:00+00:00,0.0,0.0
2026-03-21 21:20:00+00:00,0.0,0.0
2026-03-21 21:25:00+00:00,0.0,0.0
2026-03-21 21:30:00+00:00,0.0,0.0
2026-03-21 21:35:00+00:00,0.0,0.0
2026-03-21 21:40:00+00:00,0.0,0.0
2026-03-21 21:45:00+00:00,0.0,0.0
2026-03-21 21:50:00+00:00,0.0,0.0
2026-03-21 21:55:00+00:00,0.0,0.0
2026-03-21 22:00:00+00:00,0.0,0.0
2026-03-21 22:05:00+00:00,0.0,0.0
2026-03-21 22:10:00+00:00,0.0,0.0
2026-03-21 22:15:00+00:00,0.0,0.0
2026-03-21 22:20:00+00:00,0.0,0.0
2026-03-21 22:25:00+00:00,0.0,0.0
2026-03-21 22:30:00+00:00,0.0,0.0
2026-03-21 22:35:00+00:00,0.0,0.0
2026-03-21 22:40:00+00:00,0.0,0.0
2026-03-21 22:45:00+00:00,0.0,0.0
2026-03-21 22:50:00+00:00,0.0,0.0
2026-03-21 22:55:00+00:00,0.0,0.0
2026-03-21 23:00:00+00:00,0.0,0.0
2026-03-21 23:05:00+00:00,0.0,0.0
2026-03-21 23:10:00+00:00,0.0,0.0
2026-03-21 23:15:00+00:00,0.0,0.0
2026-03-21 23:20:00+00:00,0.0,0.0
2026-03-21 23:25:00+00:00,0.0,0.0
2026-03-21 23:30:00+00:00,0.0,0.0
2026-03-21 23:35:00+00:00,0.0,0.0
2026-03-21 23:40:00+00:00,0.0,0.0
2026-03-21 23:45:00+00:00,0.0,0.0
2026-03-21 23:50:00+00:00,0.0,0.0
2026-03-21 23:55:00+00:00,0.0,0.0
2026-03-22 00:00:00+00:00,0.0,0.0
2026-03-22 00:05:00+00:00,0.0,0.0
2026-03-22 00:10:00+00:00,0.0,0.0
2026-03-22 00:15:00+00:00,0.0,0.0
2026-03-22 00:20:00+00:00,0.0,0.0
2026-03-22 00:25:00+00:00,0.0,0.0
2026-03-22 00:30:00+00:00,0.0,0.0
2026-03-22 00:35:00+00:00,0.0,0.0
2026-03-22 00:40:00+00:00,0.0,0.0
2026-03-22 00:45:00+00:00,0.0,0.0
2026-03-22 00:50:00+00:00,0.0,0.0
2026-03-22 00:55:00+00:00,0.0,0.0
2026-03-22 01:00:00+00:00,0.0,0.0
2026-03-22 01:05:00+00:00,0.0,0.0
2026-03-22 01:10:00+00:00,0.0,0.0
2026-03-22 01:15:00+00:00,0.0,0.0
2026-03-22 01:20:00+00:00,0.0,0.0
2026-03-22 01:25:00+00:00,0.0,0.0
2026-03-22 01:30:00+00:00,0.0,0.0
2026-03-22 01:35:00+00:00,0.0,0.0
2026-03-22 01:40:00+00:00,0.0,0.0
2026-03-22 01:45:00+00:00,0.0,0.0
2026-03-22 01:50:00+00:00,0.0,0.0
2026-03-22 01:55:00+00:00,0.0,0.0
2026-03-22 02:00:00+00:00,0.0,0.0
2026-03-22 02:05:00+00:00,0.0,0.0
2026-03-22 02:10:00+00:00,0.0,0.0
2026-03-22 02:15:00+00:00,0.0,0.0
2026-03-22 02:20:00+00:00,0.0,0.0
2026-03-22 02:25:00+00:00,0.0,0.0
2026-03-22 02:30:00+00:00,0.0,0.0
2026-03-22 02:35:00+00:00,0.0,0.0
2026-03-22 02:40:00+00:00,0.0,0.0
2026-03-22 02:45:00+00:00,0.0,0.0
2026-03-22 02:50:00+00:00,0.0,0.0
2026-03-22 02:55:00+00:00,0.0,0.0
2026-03-22 03:00:00+00:00,0.0,0.0
2026-03-22 03:05:00+00:00,0.0,0.0
2026-03-22 03:10:00+00:00,0.0,0.0
2026-03-22 03:15:00+00:00,0.0,0.0
2026-03-22 03:20:00+00:00,0.0,0.0
2026-03-22 03:25:00+00:00,0.0,0.0
2026-03-22 03:30:00+00:00,0.0,0.0
2026-03-22 03:35:00+00:00,0.0,0.0
2026-03-22 03:40:00+00:00,0.0,0.0
2026-03-22 03:45:00+00:00,0.0,0.0
2026-03-22 03:50:00+00:00,0.0,0.0
2026-03-22 03:55:00+00:00,0.0,0.0
2026-03-22 04:00:00+00:00,0.0,0.0
2026-03-22 04:05:00+00:00,0.0,0.0
2026-03-22 04:10:00+00:00,0.0,0.0
2026-03-22 04:15:00+00:00,0.0,0.0
2026-03-22 04:20:00+00:00,0.0,0.0
2026-03-22 04:25:00+00:00,0.0,0.0
2026-03-22 04:30:00+00:00,0.0,0.0
2026-03-22 04:35:00+00:00,0.0,0.0
2026-03-22 04:40:00+00:00,0.0,0.0
2026-03-22 04:45:00+00:00,0.0,0.0
2026-03-22 04:50:00+00:00,0.0,0.0
2026-03-22 04:55:00+00:00,0.0,0.0
2026-03-22 05:00:00+00:00,0.0,0.0
2026-03-22 05:05:00+00:00,0.0,0.0
2026-03-22 05:10:00+00:00,0.0,0.0
2026-03-22 05:15:00+00:00,0.0,0.0
2026-03-22 05:20:00+00:00,0.0,0.0
2026-03-22 05:25:00+00:00,0.0,0.0
2026-03-22 05:30:00+00:00,0.0,0.0
2026-03-22 05:35:00+00:00,0.0,0.0
2026-03-22 05:40:00+00:00,0.0,0.0
2026-03-22 05:45:00+00:00,0.0,0.0
2026-03-22 05:50:00+00:00,0.0,0.0
2026-03-22 05:55:00+00:00,0.0,0.0
2026-03-22 06:00:00+00:00,0.0,0.0
2026-03-22 06:05:00+00:00,0.0,0.0
2026-03-22 06:10:00+00:00,0.0,0.0
2026-03-22 06:15:00+00:00,0.0,0.0
2026-03-22 06:20:00+00:00,0.0,0.0
2026-03-22 06:25:00+00:00,0.0,0.0
2026-03-22 06:30:00+00:00,0.0,0.0
2026-03-22 06:35:00+00:00,0.0,0.0
2026-03-22 06:40:00+00:00,0.0,0.0
2026-03-22 06:45:00+00:00,0.0,0.0
2026-03-22 06:50:00+00:00,0.0,0.0
2026-03-22 06:55:00+00:00,0.0,0.0
2026-03-22 07:00:00+00:00,0.0,0.0
2026-03-22 07:05:00+00:00,0.0,0.0
2026-03-22 07:10:00+00:00,0.0,0.0
2026-03-22 07:15:00+00:00,0.0,0.0
2026-03-22 07:20:00+00:00,0.0,0.0
2026-03-22 07:25:00+00:00,0.0,0.0
2026-03-22 07:30:00+00:00,0.0,0.0
2026-03-22 07:35:00+00:00,0.0,0.0
2026-03-22 07:40:00+00:00,0.0,0.0
2026-03-22 07:45:00+00:00,0.0,0.0
2026-03-22 07:50:00+00:00,0.0,0.0
2026-03-22 07:55:00+00:00,0.0,0.0
2026-03-22 08:00:00+00:00,0.0,0.0
2026-03-22 08:05:00+00:00,0.0,0.0
2026-03-22 08:10:00+00:00,0.0,0.0
2026-03-22 08:15:00+00:00,0.0,0.0
2026-03-22 08:20:00+00:00,0.0,0.0
2026-03-22 08:25:00+00:00,0.0,0.0
2026-03-22 08:30:00+00:00,0.0,0.0
2026-03-22 08:35:00+00:00,0.0,0.0
2026-03-22 08:40:00+00:00,0.0,0.0
2026-03-22 08:45:00+00:00,0.0,0.0
2026-03-22 08:50:00+00:00,0.0,0.0
2026-03-22 08:55:00+00:00,0.0,0.0
2026-03-22 09:00:00+00:00,0.0,0.0
2026-03-22 09:05:00+00:00,0.0,0.0
2026-03-22 09:10:00+00:00,0.0,0.0
2026-03-22 09:15:00+00:00,0.0,0.0
2026-03-22 09:20:00+00:00,0.0,0.0
2026-03-22 09:25:00+00:00,0.0,0.0
2026-03-22 09:30:00+00:00,0.0,0.0
2026-03-22 09:35:00+00:00,0.0,0.0
2026-03-22 09:40:00+00:00,0.0,0.0
2026-03-22 09:45:00+00:00,0.0,0.0
2026-03-22 09:50:00+00:00,0.0,0.0
2026-03-22 09:55:00+00:00,0.0,0.0
2026-03-22 10:00:00+00:00,0.0,0.0
2026-03-22 10:05:00+00:00,0.0,0.0
2026-03-22 10:10:00+00:00,0.0,0.0
2026-03-22 10:15:00+00:00,0.0,0.0
2026-03-22 10:20:00+00:00,0.0,0.0
2026-03-22 10:25:00+00:00,0.0,0.0
2026-03-22 10:30:00+00:00,0.0,0.0
2026-03-22 10:35:00+00:00,0.0,0.0
2026-03-22 10:40:00+00:00,0.0,0.0
2026-03-22 10:45:00+00:00,0.0,0.0
2026-03-22 10:50:00+00:00,0.0,0.0
2026-03-22 10:55:00+00:00,0.0,0.0
2026-03-22 11:00:00+00:00,0.0,0.0
2026-03-22 11:05:00+00:00,0.0,0.0
2026-03-22 11:10:00+00:00,0.0,0.0
2026-03-22 11:15:00+00:00,0.0,0.0
2026-03-22 11:20:00+00:00,0.0,0.0
2026-03-22 11:25:00+00:00,0.0,0.0
2026-03-22 11:30:00+00:00,0.0,0.0
2026-03-22 11:35:00+00:00,0.0,0.0
2026-03-22 11:40:00+00:00,0.0,0.0
2026-03-22 11:45:00+00:00,0.0,0.0
2026-03-22 11:50:00+00:00,0.0,0.0
2026-03-22 11:55:00+00:00,0.0,0.0
2026-03-22 12:00:00+00:00,0.0,0.0
2026-03-22 12:05:00+00:00,0.0,0.0
2026-03-22 12:10:00+00:00,0.0,0.0
2026-03-22 12:15:00+00:00,0.0,0.0
2026-03-22 12:20:00+00:00,0.0,0.0
2026-03-22 12:25:00+00:00,0.0,0.0
2026-03-22 12:30:00+00:00,0.0,0.0
2026-03-22 12:35:00+00:00,0.0,0.0
2026-03-22 12:40:00+00:00,0.0,0.0
2026-03-22 12:45:00+00:00,0.0,0.0
2026-03-22 12:50:00+00:00,0.0,0.0
2026-03-22 12:55:00+00:00,0.0,0.0
2026-03-22 13:00:00+00:00,0.0,0.0
2026-03-22 13:05:00+00:00,0.0,0.0
2026-03-22 13:10:00+00:00,0.0,0.0
2026-03-22 13:15:00+00:00,0.0,0.0
2026-03-22 13:20:00+00:00,0.0,0.0
2026-03-22 13:25:00+00:00,0.0,0.0
2026-03-22 13:30:00+00:00,0.0,0.0
2026-03-22 13:35:00+00:00,0.0,0.0
2026-03-22 13:40:00+00:00,0.0,0.0
2026-03-22 13:45:00+00:00,0.0,0.0
2026-03-22 13:50:00+00:00,0.0,0.0
2026-03-22 13:55:00+00:00,0.0,0.0
2026-03-22 14:00:00+00:00,0.0,0.0
2026-03-22 14:05:00+00:00,0.0,0.0
2026-03-22 14:10:00+00:00,0.0,0.0
2026-03-22 14:15:00+00:00,0.0,0.0
2026-03-22 14:20:00+00:00,0.0,0.0
2026-03-22 14:25:00+00:00,0.0,0.0
2026-03-22 14:30:00+00:00,0.0,0.0
2026-03-22 14:35:00+00:00,0.0,0.0
2026-03-22 14:40:00+00:00,0.0,0.0
2026-03-22 14:45:00+00:00,0.0,0.0
2026-03-22 14:50:00+00:00,0.0,0.0
2026-03-22 14:55:00+00:00,0.0,0.0
2026-03-22 15:00:00+00:00,0.0,0.0
2026-03-22 15:05:00+00:00,0.0,0.0
2026-03-22 15:10:00+00:00,0.0,0.0
2026-03-22 15:15:00+00:00,0.0,0.0
2026-03-22 15:20:00+00:00,0.0,0.0
2026-03-22 15:25:00+00:00,0.0,0.0
2026-03-22 15:30:00+00:00,0.0,0.0
2026-03-22 15:35:00+00:00,0.0,0.0
2026-03-22 15:40:00+00:00,0.0,0.0
2026-03-22 15:45:00+00:00,0.0,0.0
2026-03-22 15:50:00+00:00,0.0,0.0
2026-03-22 15:55:00+00:00,0.0,0.0
2026-03-22 16:00:00+00:00,0.0,0.0
2026-03-22 16:05:00+00:00,0.0,0.0
2026-03-22 16:10:00+00:00,0.0,0.0
2026-03-22 16:15:00+00:00,0.0,0.0
2026-03-22 16:20:00+00:00,0.0,0.0
2026-03-22 16:25:00+00:00,0.0,0.0
2026-03-22 16:30:00+00:00,0.0,0.0
2026-03-22 16:35:00+00:00,0.0,0.0
2026-03-22 16:40:00+00:00,0.0,0.0
2026-03-22 16:45:00+00:00,0.0,0.0
2026-03-22 16:50:00+00:00,0.0,0.0
2026-03-22 16:55:00+00:00,0.0,0.0
2026-03-22 17:00:00+00:00,0.0,0.0
2026-03-22 17:05:00+00:00,0.0,0.0
2026-03-22 17:10:00+00:00,0.0,0.0
2026-03-22 17:15:00+00:00,0.0,0.0
2026-03-22 17:20:00+00:00,0.0,0.0
2026-03-22 17:25:00+00:00,0.0,0.0
2026-03-22 17:30:00+00:00,0.0,0.0
2026-03-22 17:35:00+00:00,0.0,0.0
2026-03-22 17:40:00+00:00,0.0,0.0
2026-03-22 17:45:00+00:00,0.0,0.0
2026-03-22 17:50:00+00:00,0.0,0.0
2026-03-22 17:55:00+00:00,0.0,0.0
2026-03-22 18:00:00+00:00,0.0,0.0
2026-03-22 18:05:00+00:00,0.0,0.0
2026-03-22 18:10:00+00:00,0.0,0.0
2026-03-22 18:15:00+00:00,0.0,0.0
2026-03-22 18:20:00+00:00,0.0,0.0
2026-03-22 18:25:00+00:00,0.0,0.0
2026-03-22 18:30:00+00:00,0.0,0.0
2026-03-22 18:35:00+00:00,0.0,0.0
2026-03-22 18:40:00+00:00,0.0,0.0
2026-03-22 18:45:00+00:00,0.0,0.0
2026-03-22 18:50:00+00:00,0.0,0.0
2026-03-22 18:55:00+00:00,0.0,0.0
2026-03-22 19:00:00+00:00,0.0,0.0
2026-03-22 19:05:00+00:00,0.0,0.0
2026-03-22 19:10:00+00:00,0.0,0.0
2026-03-22 19:15:00+00:00,0.0,0.0
2026-03-22 19:20:00+00:00,0.0,0.0
2026-03-22 19:25:00+00:00,0.0,0.0
2026-03-22 19:30:00+00:00,0.0,0.0
2026-03-22 19:35:00+00:00,0.0,0.0
2026-03-22 19:40:00+00:00,0.0,0.0
2026-03-22 19:45:00+00:00,0.0,0.0
2026-03-22 19:50:00+00:00,0.0,0.0
2026-03-22 19:55:00+00:00,0.0,0.0
2026-03-22 20:00:00+00:00,0.0,0.0
2026-03-22 20:05:00+00:00,0.0,0.0
2026-03-22 20:10:00+00:00,0.0,0.0
2026-03-22 20:15:00+00:00,0.0,0.0
2026-03-22 20:20:00+00:00,0.0,0.0
2026-03-22 20:25:00+00:00,0.0,0.0
2026-03-22 20:30:00+00:00,0.0,0.0
2026-03-22 20:35:00+00:00,0.0,0.0
2026-03-22 20:40:00+00:00,0.0,0.0
2026-03-22 20:45:00+00:00,0.0,0.0
2026-03-22 20:50:00+00:00,0.0,0.0
2026-03-22 20:55:00+00:00,0.0,0.0
2026-03-22 21:00:00+00:00,0.0,0.0
2026-03-22 21:05:00+00:00,0.0,0.0
2026-03-22 21:10:00+00:00,0.0,0.0
2026-03-22 21:15:00+00:00,0.0,0.0
2026-03-22 21:20:00+00:00,0.0,0.0
2026-03-22 21:25:00+00:00,0.0,0.0
2026-03-22 21:30:00+00:00,0.0,0.0
2026-03-22 21:35:00+00:00,0.0,0.0
2026-03-22 21:40:00+00:00,0.0,0.0
2026-03-22 21:45:00+00:00,0.0,0.0
2026-03-22 21:50:00+00:00,0.0,0.0
2026-03-22 21:55:00+00:00,0.0,0.0
2026-03-22 22:00:00+00:00,0.0,0.0
2026-03-22 22:05:00+00:00,0.0,0.0
2026-03-22 22:10:00+00:00,0.0,0.0
2026-03-22 22:15:00+00:00,0.0,0.0
2026-03-22 22:20:00+00:00,0.0,0.0
2026-03-22 22:25:00+00:00,0.0,0.0
2026-03-22 22:30:00+00:00,0.0,0.0
2026-03-22 22:35:00+00:00,0.0,0.0
2026-03-22 22:40:00+00:00,0.0,0.0
2026-03-22 22:45:00+00:00,0.0,0.0
2026-03-22 22:50:00+00:00,0.0,0.0
2026-03-22 22:55:00+00:00,0.0,0.0
2026-03-22 23:00:00+00:00,0.0,0.0
2026-03-22 23:05:00+00:00,0.0,0.0
2026-03-22 23:10:00+00:00,0.0,0.0
2026-03-22 23:15:00+00:00,0.0,0.0
2026-03-22 23:20:00+00:00,0.0,0.0
2026-03-22 23:25:00+00:00,0.0,0.0
2026-03-22 23:30:00+00:00,0.0,0.0
2026-03-22 23:35:00+00:00,0.0,0.0
2026-03-22 23:40:00+00:00,0.0,0.0
2026-03-22 23:45:00+00:00,0.0,0.0
2026-03-22 23:50:00+00:00,0.0,0.0
2026-03-22 23:55:00+00:00,0.0,0.0
2026-03-23 00:00:00+00:00,0.0,0.0
2026-03-23 00:05:00+00:00,0.0,0.0
2026-03-23 00:10:00+00:00,0.0,0.0
2026-03-23 00:15:00+00:00,0.0,0.0
2026-03-23 00:20:00+00:00,0.0,0.0
2026-03-23 00:25:00+00:00,0.0,0.0
2026-03-23 00:30:00+00:00,0.0,0.0
2026-03-23 00:35:00+00:00,0.0,0.0
2026-03-23 00:40:00+00:00,0.0,0.0
2026-03-23 00:45:00+00:00,0.0,0.0
2026-03-23 00:50:00+00:00,0.0,0.0
2026-03-23 00:55:00+00:00,0.0,0.0
2026-03-23 01:00:00+00:00,0.0,0.0
2026-03-23 01:05:00+00:00,0.0,0.0
2026-03-23 01:10:00+00:00,0.0,0.0
2026-03-23 01:15:00+00:00,0.0,0.0
2026-03-23 01:20:00+00:00,0.0,0.0
2026-03-23 01:25:00+00:00,0.0,0.0
2026-03-23 01:30:00+00:00,0.0,0.0
2026-03-23 01:35:00+00:00,0.0,0.0
2026-03-23 01:40:00+00:00,0.0,0.0
2026-03-23 01:45:00+00:00,0.0,0.0
2026-03-23 01:50:00+00:00,0.0,0.0
2026-03-23 01:55:00+00:00,0.0,0.0
2026-03-23 02:00:00+00:00,0.0,0.0
2026-03-23 02:05:00+00:00,0.0,0.0
2026-03-23 02:10:00+00:00,0.0,0.0
2026-03-23 02:15:00+00:00,0.0,0.0
2026-03-23 02:20:00+00:00,0.0,0.0
2026-03-23 02:25:00+00:00,0.0,0.0
2026-03-23 02:30:00+00:00,0.0,0.0
2026-03-23 02:35:00+00:00,0.0,0.0
2026-03-23 02:40:00+00:00,0.0,0.0
2026-03-23 02:45:00+00:00,0.0,0.0
2026-03-23 02:50:00+00:00,0.0,0.0
2026-03-23 02:55:00+00:00,0.0,0.0
2026-03-23 03:00:00+00:00,0.0,0.0
2026-03-23 03:05:00+00:00,0.0,0.0
2026-03-23 03:10:00+00:00,0.0,0.0
2026-03-23 03:15:00+00:00,0.0,0.0
2026-03-23 03:20:00+00:00,0.0,0.0
2026-03-23 03:25:00+00:00,0.0,0.0
2026-03-23 03:30:00+00:00,0.0,0.0
2026-03-23 03:35:00+00:00,0.0,0.0
2026-03-23 03:40:00+00:00,0.0,0.0
2026-03-23 03:45:00+00:00,0.0,0.0
2026-03-23 03:50:00+00:00,0.0,0.0
2026-03-23 03:55:00+00:00,0.0,0.0
2026-03-23 04:00:00+00:00,0.0,0.0
2026-03-23 04:05:00+00:00,0.0,0.0
2026-03-23 04:10:00+00:00,0.0,0.0
2026-03-23 04:15:00+00:00,0.0,0.0
2026-03-23 04:20:00+00:00,0.0,0.0
2026-03-23 04:25:00+00:00,0.0,0.0
2026-03-23 04:30:00+00:00,0.0,0.0
2026-03-23 04:35:00+00:00,0.0,0.0
2026-03-23 04:40:00+00:00,0.0,0.0
2026-03-23 04:45:00+00:00,0.0,0.0
2026-03-23 04:50:00+00:00,0.0,0.0
2026-03-23 04:55:00+00:00,0.0,0.0
2026-03-23 05:00:00+00:00,0.0,0.0
2026-03-23 05:05:00+00:00,0.0,0.0
2026-03-23 05:10:00+00:00,0.0,0.0
2026-03-23 05:15:00+00:00,0.0,0.0
2026-03-23 05:20:00+00:00,0.0,0.0
2026-03-23 05:25:00+00:00,0.0,0.0
2026-03-23 05:30:00+00:00,0.0,0.0
2026-03-23 05:35:00+00:00,0.0,0.0
2026-03-23 05:40:00+00:00,0.0,0.0
2026-03-23 05:45:00+00:00,0.0,0.0
2026-03-23 05:50:00+00:00,0.0,0.0
2026-03-23 05:55:00+00:00,0.0,0.0
2026-03-23 06:00:00+00:00,0.0,0.0
2026-03-23 06:05:00+00:00,0.0,0.0
2026-03-23 06:10:00+00:00,0.0,0.0
2026-03-23 06:15:00+00:00,0.0,0.0
2026-03-23 06:20:00+00:00,0.0,0.0
2026-03-23 06:25:00+00:00,0.0,0.0
2026-03-23 06:30:00+00:00,0.0,0.0
2026-03-23 06:35:00+00:00,0.0,0.0
2026-03-23 06:40:00+00:00,0.0,0.0
2026-03-23 06:45:00+00:00,0.0,0.0
2026-03-23 06:50:00+00:00,0.0,0.0
2026-03-23 06:55:00+00:00,0.0,0.0
2026-03-23 07:00:00+00:00,0.0,0.0
2026-03-23 07:05:00+00:00,0.0,0.0
2026-03-23 07:10:00+00:00,0.0,0.0
2026-03-23 07:15:00+00:00,0.0,0.0
2026-03-23 07:20:00+00:00,0.0,0.0
2026-03-23 07:25:00+00:00,0.0,0.0
2026-03-23 07:30:00+00:00,0.0,0.0
2026-03-23 07:35:00+00:00,0.0,0.0
2026-03-23 07:40:00+00:00,0.0,0.0
2026-03-23 07:45:00+00:00,0.0,0.0
2026-03-23 07:50:00+00:00,0.0,0.0
2026-03-23 07:55:00+00:00,0.0,0.0
2026-03-23 08:00:00+00:00,0.0,0.0
2026-03-23 08:05:00+00:00,0.0,0.0
2026-03-23 08:10:00+00:00,0.0,0.0
2026-03-23 08:15:00+00:00,0.0,0.0
2026-03-23 08:20:00+00:00,0.0,0.0
2026-03-23 08:25:00+00:00,0.0,0.0
2026-03-23 08:30:00+00:00,0.0,0.0
2026-03-23 08:35:00+00:00,0.0,0.0
2026-03-23 08:40:00+00:00,0.0,0.0
2026-03-23 08:45:00+00:00,0.0,0.0
2026-03-23 08:50:00+00:00,0.5916777203950856,0.0
2026-03-23 08:55:00+00:00,3.686935818905365,3.8918202981106265
2026-03-23 09:00:00+00:00,-0.11426297375864536,-0.0925927868278249
2026-03-23 09:05:00+00:00,0.04269591919648974,0.26121549926361753
2026-03-23 09:10:00+00:00,-0.15267145397563198,-0.24640041347847674
2026-03-23 09:15:00+00:00,-0.18171309921509726,-0.3908663086870119
2026-03-23 09:20:00+00:00,-0.5311028162051414,0.27400196854770087
2026-03-23 09:25:00+00:00,-0.5515786503907738,-0.9456429438866825
2026-03-23 09:30:00+00:00,0.19448164163130066,-0.2666286632539485
2026-03-23 09:35:00+00:00,0.029211699067992036,-0.6931471805599454
2026-03-23 09:40:00+00:00,0.8412313530657158,1.5284688499004333
2026-03-23 09:45:00+00:00,0.21294200234397298,0.35184401666906684
2026-03-23 09:50:00+00:00,0.0027718349552730004,0.008438868645864517
2026-03-23 09:55:00+00:00,-0.565417951007213,-0.15415067982725805
2026-03-23 10:00:00+00:00,0.054495899875061315,-0.8637726975907087
2026-03-23 10:05:00+00:00,0.32239091630864225,0.7605884613554776
2026-03-23 10:10:00+00:00,-0.0571378679352601,0.33024168687057687
2026-03-23 10:15:00+00:00,-0.005934735519814716,-0.36339389418747725
2026-03-23 10:20:00+00:00,-0.31483306151773194,-0.37776250555882873
2026-03-23 10:25:00+00:00,0.36418995848782476,0.23293155768037277
2026-03-23 10:30:00+00:00,0.17527364346569518,0.3383258052705358
2026-03-23 10:35:00+00:00,-0.11049170294852662,-0.36464311358790935
2026-03-23 10:40:00+00:00,0.012205330471156017,-0.05480823649499467
2026-03-23 10:45:00+00:00,-0.3244140817205112,0.0
2026-03-23 10:50:00+00:00,-0.08269171584511348,-0.08829260714567821
2026-03-23 10:55:00+00:00,-0.8245696093096471,-1.689480620107637
2026-03-23 11:00:00+00:00,0.2640913806135661,0.8472978603872037
2026-03-23 11:05:00+00:00,0.7399220856624207,0.8724881092157619
2026-03-23 11:10:00+00:00,0.2778562706909824,-0.197359434158495
2026-03-23 11:15:00+00:00,0.1075097479012932,0.7288652631620245
2026-03-23 11:20:00+00:00,-0.20210144562000742,0.1541506798272585
2026-03-23 11:25:00+00:00,-0.3994167025722839,-0.9013650816574796
2026-03-23 11:30:00+00:00,0.41579681140930846,0.9309968792638506
2026-03-23 11:35:00+00:00,-0.18644143769607213,-0.3048604089868654
2026-03-23 11:40:00+00:00,0.49957600733700724,0.26007680635989194
2026-03-23 11:45:00+00:00,-0.09184950817534432,-0.015384918839479234
2026-03-23 11:50:00+00:00,-0.05629901864498166,0.2700863105614011
2026-03-23 11:55:00+00:00,0.05895294801585482,0.13795944414025474
2026-03-23 12:00:00+00:00,-0.34392106063420336,-0.6234672599219553
2026-03-23 12:05:00+00:00,0.5950293246014215,0.42451330307885904
2026-03-23 12:10:00+00:00,-0.11018312231775695,0.2923879634891935
2026-03-23 12:15:00+00:00,-0.0713140321211796,-0.10379679368164396
2026-03-23 12:20:00+00:00,-0.3678621333292966,-0.13353139262452185
2026-03-23 12:25:00+00:00,-0.7213996935118292,-1.5404450409471493
2026-03-23 12:30:00+00:00,0.4834144036052703,1.3068301897656438
2026-03-23 12:35:00+00:00,0.05079475600110017,-0.1541506798272585
2026-03-23 12:40:00+00:00,0.4838500454342043,-0.13102826240640386
2026-03-23 12:45:00+00:00,0.3385936906122966,1.036736884950022
2026-03-23 12:50:00+00:00,-0.09688189680227399,-0.06595796779179697
2026-03-23 12:55:00+00:00,0.12339577256134149,0.3156951086794546
2026-03-23 13:00:00+00:00,-0.2899572463771074,-0.761745496902698
2026-03-23 13:05:00+00:00,0.10153641921942302,0.13795944414025474
2026-03-23 13:10:00+00:00,0.3082695778051283,0.3916240566962932
2026-03-23 13:15:00+00:00,-0.1761295865460335,-0.11821867060119473
2026-03-23 13:20:00+00:00,-0.16011384330150147,-0.007874056430906329
2026-03-23 13:25:00+00:00,-0.7048835941851035,-0.5294431827820612
2026-03-23 13:30:00+00:00,0.16598513747426136,-0.34286848801907155
2026-03-23 13:35:00+00:00,0.7659237345568588,0.552498320166559
2026-03-23 13:40:00+00:00,0.06562043338045154,0.23208306635301845
2026-03-23 13:45:00+00:00,-0.015138771832893028,0.05967233148639828
2026-03-23 13:50:00+00:00,-0.531963862649838,-0.789067302438685
2026-03-23 13:55:00+00:00,-0.05800927821315183,0.3431612247720097
2026-03-23 14:00:00+00:00,0.08105244450653304,0.11247798342669002
2026-03-23 14:05:00+00:00,0.43501271220412185,0.28980747176409505
2026-03-23 14:10:00+00:00,-0.11582526688674744,-0.32885798663596777
2026-03-23 14:15:00+00:00,0.00813945848164721,0.060103924069704995
2026-03-23 14:20:00+00:00,0.04590570404619676,0.3801473001238751
2026-03-23 14:25:00+00:00,-0.016413498981562746,-0.24038535774871583
2026-03-23 14:30:00+00:00,-0.043938180138737515,0.049480057263369126
2026-03-23 14:35:00+00:00,-0.22861999270748878,-0.5282173664778598
2026-03-23 14:40:00+00:00,0.051993857561193124,-0.07906852347569293
2026-03-23 14:45:00+00:00,-0.171834264219334,0.10219094089654712
2026-03-23 14:50:00+00:00,0.412831809771399,0.0
2026-03-23 14:55:00+00:00,0.23207200331550482,0.6221114074431937
2026-03-23 15:00:00+00:00,-0.04100802372737711,0.059541393691016964
2026-03-23 15:05:00+00:00,-0.28834674512497127,-0.5041045230929133
2026-03-23 15:10:00+00:00,0.3103617627040922,0.1710944942001711
2026-03-23 15:15:00+00:00,-0.22501400280086337,0.05109166115771124
2026-03-23 15:20:00+00:00,-0.6642643064111589,-0.4525326189661505
2026-03-23 15:25:00+00:00,0.5775858743222244,0.3769499378001435
2026-03-23 15:30:00+00:00,-0.039380512871308504,-0.3184537311185349
2026-03-23 15:35:00+00:00,0.11212429325559015,0.09220619386673379
2026-03-23 15:40:00+00:00,0.15826930179425514,0.7655883313258132
2026-03-23 15:45:00+00:00,-0.028769964257533864,-0.4078776545135483
2026-03-23 15:50:00+00:00,-0.15119397228784148,0.19671029424605369
2026-03-23 15:55:00+00:00,-0.2576306523045995,-0.37037378829689427
2026-03-23 16:00:00+00:00,-0.2886830279928354,-0.4563047848875734
2026-03-23 16:05:00+00:00,0.22619787701060812,0.5148989491536269
2026-03-23 16:10:00+00:00,-0.0032000027306713363,-0.30132484885556776
2026-03-23 16:15:00+00:00,-0.011723463696059255,-0.14776088172848745
2026-03-23 16:20:00+00:00,0.04129358141887973,0.4033397087958508
2026-03-23 16:25:00+00:00,0.23445137060277776,0.2068411739682734
2026-03-23 16:30:00+00:00,0.03279704098098968,-0.2414766706310294
2026-03-23 16:35:00+00:00,-0.2330451609636297,0.1280095674402144
2026-03-23 16:40:00+00:00,0.29700155080738977,0.13062018241706408
2026-03-23 16:45:00+00:00,-0.18929278297144947,0.04000533461369926
2026-03-23 16:50:00+00:00,0.019687110502797367,-0.182321556793954
2026-03-23 16:55:00+00:00,-0.015522989360150063,-0.10754154160418672
2026-03-23 17:00:00+00:00,-0.09964613701578617,0.3592916048299042
2026-03-23 17:05:00+00:00,0.3513678806866256,-0.20202662787328762
2026-03-23 17:10:00+00:00,-0.04947454882030389,-0.003738322110606873
2026-03-23 17:15:00+00:00,-0.1584864769008414,0.3043955534255218
2026-03-23 17:20:00+00:00,-0.18616609244962312,-0.18786173716957055
2026-03-23 17:25:00+00:00,-0.39467237597114524,-0.9942522733438666
2026-03-23 17:30:00+00:00,-0.052813302610681845,0.477855604528421
2026-03-23 17:35:00+00:00,0.13391712069102146,0.07530438306413023
2026-03-23 17:40:00+00:00,0.23898349683770004,-0.25205489480862964
2026-03-23 17:45:00+00:00,0.14871316507053578,0.3459509805757568
2026-03-23 17:50:00+00:00,-0.10736898683904705,0.16487464319023415
2026-03-23 17:55:00+00:00,0.006679275593917566,-0.4400565528777838
2026-03-23 18:00:00+00:00,-0.049089371462167186,0.45985918017396354
2026-03-23 18:05:00+00:00,0.13279604440402082,-0.3937690683449735
2026-03-23 18:10:00+00:00,0.06648371864182323,0.27745554066794975
2026-03-23 18:15:00+00:00,0.14983951068807766,0.1472040146963618
2026-03-23 18:20:00+00:00,-0.09363178817939932,0.04461706548880695
2026-03-23 18:25:00+00:00,-0.2741851663399375,-0.1319741641759169
2026-03-23 18:30:00+00:00,-0.3891581003303788,-0.5721420477546024
2026-03-23 18:35:00+00:00,0.20106604614335044,0.03610500464211608
2026-03-23 18:40:00+00:00,0.12961051788128586,0.1511065374460303
2026-03-23 18:45:00+00:00,0.33892458429992,0.389071298332488
2026-03-23 18:50:00+00:00,-0.02525500628633992,-0.0772916743016463
2026-03-23 18:55:00+00:00,-0.41694892746758194,0.17185025692665867
2026-03-23 19:00:00+00:00,-0.3202194157867777,-0.7393092223231075
2026-03-23 19:05:00+00:00,0.27253743846022127,0.14624550032014483
2026-03-23 19:10:00+00:00,-0.1411219511743118,0.12155520157780675
2026-03-23 19:15:00+00:00,-0.21819009933737954,-0.28101093363475815
2026-03-23 19:20:00+00:00,0.7842252569321291,1.163815482478872
2026-03-23 19:25:00+00:00,-0.10908769104974869,0.3114829497473588
2026-03-23 19:30:00+00:00,0.027015395393299002,-0.567554760930534
2026-03-23 19:35:00+00:00,-0.0099842543750146,0.3660727063975031
2026-03-23 19:40:00+00:00,-0.04838642776711133,-0.182321556793954
2026-03-23 19:45:00+00:00,-0.36889565684583703,-0.09352605801082348
2026-03-23 19:50:00+00:00,-0.05576091164726682,-0.16136619161796695
2026-03-23 19:55:00+00:00,-0.13656595522292436,-0.4100840539644586
2026-03-23 20:00:00+00:00,0.11913286713242899,0.06713930283762837
2026-03-23 20:05:00+00:00,0.42263631325883644,0.47647614375135294
2026-03-23 20:10:00+00:00,-0.10425525391824886,0.07755823434587406
2026-03-23 20:15:00+00:00,-0.308042995100696,-0.5283919474838896
2026-03-23 20:20:00+00:00,-0.7670117548787063,-0.693147180559945
2026-03-23 20:25:00+00:00,0.5815206233234727,0.5721945701422828
2026-03-23 20:30:00+00:00,-0.08441734181258287,-0.07410797215372211
2026-03-23 20:35:00+00:00,0.22542074927580646,-0.4980865979885607
2026-03-23 20:40:00+00:00,0.22957444164450047,1.3573998951201758
2026-03-23 20:45:00+00:00,0.15668339540654186,-0.2545770739157227
2026-03-23 20:50:00+00:00,-0.6405899298212692,0.08455738802806323
2026-03-23 20:55:00+00:00,0.028393074501217974,-0.5562431034567834
2026-03-23 21:00:00+00:00,0.21337945691893578,0.3712151850650858
2026-03-23 21:05:00+00:00,-0.2129849292446644,-0.16231399046641926
2026-03-23 21:10:00+00:00,0.11430382965618735,0.18300438372386552
2026-03-23 21:15:00+00:00,0.41365638184819176,0.2961783002808662
2026-03-23 21:20:00+00:00,-0.10260849015305418,-0.09024687784777807
2026-03-23 21:25:00+00:00,0.1892084881357019,-0.5248118657407304
2026-03-23 21:30:00+00:00,-0.19136268791945854,0.027779564107075494
2026-03-23 21:35:00+00:00,-0.2541183556136404,-0.027779564107075494
2026-03-23 21:40:00+00:00,-0.0468238478088181,0.07678714321377011
2026-03-23 21:45:00+00:00,-0.04928780040761893,0.06453852113757108
2026-03-23 21:50:00+00:00,-0.1516132514168418,-0.13976194237515838
2026-03-23 21:55:00+00:00,-0.09957674458617083,-0.0779615414697119
2026-03-23 22:00:00+00:00,0.18409303644233654,-0.027398974188114433
2026-03-23 22:05:00+00:00,0.08650666961212972,-0.13353139262452274
2026-03-23 22:10:00+00:00,0.07882618251076456,-0.018018505502678472
2026-03-23 22:15:00+00:00,0.22243267888586926,0.6840146969966727
2026-03-23 22:20:00+00:00,-0.1329897297061602,-0.0895165975065666
2026-03-23 22:25:00+00:00,0.06715881674616764,0.11069741958601398
2026-03-23 22:30:00+00:00,0.18206759278704476,-0.02118082207944738
2026-03-23 22:35:00+00:00,-0.133451003541317,0.109937182685238
2026-03-23 22:40:00+00:00,-0.11253157543077608,-0.2509231154212852
2026-03-23 22:45:00+00:00,0.22361609654295567,0.2779517878092044
2026-03-23 22:50:00+00:00,-0.07391148061859987,-0.11878353598996672
2026-03-23 22:55:00+00:00,-0.08180158856135211,-0.09771547260557423
2026-03-23 23:00:00+00:00,0.08006584751919466,-0.06145277921366343
2026-03-23 23:05:00+00:00,-0.8544777067109464,0.2859199574583817
2026-03-23 23:10:00+00:00,0.7759166070495134,-0.1148112652672264
2026-03-23 23:15:00+00:00,-3.7087947638148777,-4.433788569232471
2026-03-23 23:20:00+00:00,0.0,0.0
2026-03-23 23:25:00+00:00,0.0,0.0
2026-03-23 23:30:00+00:00,0.0,0.0
2026-03-23 23:35:00+00:00,0.0,0.0
2026-03-23 23:40:00+00:00,0.0,0.0
2026-03-23 23:45:00+00:00,0.0,0.0
2026-03-23 23:50:00+00:00,0.0,0.0
2026-03-23 23:55:00+00:00,0.0,0.0
2026-03-24 00:00:00+00:00,0.0,0.0
2026-03-24 00:05:00+00:00,0.0,0.0
2026-03-24 00:10:00+00:00,0.0,0.0
2026-03-24 00:15:00+00:00,0.0,0.0
2026-03-24 00:20:00+00:00,0.0,0.0
2026-03-24 00:25:00+00:00,0.0,0.0
2026-03-24 00:30:00+00:00,0.0,0.0
2026-03-24 00:35:00+00:00,0.0,0.0
2026-03-24 00:40:00+00:00,0.0,0.0
2026-03-24 00:45:00+00:00,0.0,0.0
2026-03-24 00:50:00+00:00,0.0,0.0
2026-03-24 00:55:00+00:00,0.0,0.0
2026-03-24 01:00:00+00:00,0.0,0.0
2026-03-24 01:05:00+00:00,0.0,0.0
2026-03-24 01:10:00+00:00,0.0,0.0
2026-03-24 01:15:00+00:00,0.0,0.0
2026-03-24 01:20:00+00:00,0.0,0.0
2026-03-24 01:25:00+00:00,0.0,0.0
2026-03-24 01:30:00+00:00,0.0,0.0
2026-03-24 01:35:00+00:00,0.0,0.0
2026-03-24 01:40:00+00:00,0.0,0.0
2026-03-24 01:45:00+00:00,0.0,0.0
2026-03-24 01:50:00+00:00,0.0,0.0
2026-03-24 01:55:00+00:00,0.0,0.0
2026-03-24 02:00:00+00:00,0.0,0.0
2026-03-24 02:05:00+00:00,0.0,0.0
2026-03-24 02:10:00+00:00,0.0,0.0
2026-03-24 02:15:00+00:00,0.0,0.0
2026-03-24 02:20:00+00:00,0.0,0.0
2026-03-24 02:25:00+00:00,0.0,0.0
2026-03-24 02:30:00+00:00,0.0,0.0
2026-03-24 02:35:00+00:00,0.0,0.0
2026-03-24 02:40:00+00:00,0.0,0.0
2026-03-24 02:45:00+00:00,0.0,0.0
2026-03-24 02:50:00+00:00,0.0,0.0
2026-03-24 02:55:00+00:00,0.0,0.0
2026-03-24 03:00:00+00:00,0.0,0.0
2026-03-24 03:05:00+00:00,0.0,0.0
2026-03-24 03:10:00+00:00,0.0,0.0
2026-03-24 03:15:00+00:00,0.0,0.0
2026-03-24 03:20:00+00:00,0.0,0.0
2026-03-24 03:25:00+00:00,0.0,0.0
2026-03-24 03:30:00+00:00,0.0,0.0
2026-03-24 03:35:00+00:00,0.0,0.0
2026-03-24 03:40:00+00:00,0.0,0.0
2026-03-24 03:45:00+00:00,0.0,0.0
2026-03-24 03:50:00+00:00,0.0,0.0
2026-03-24 03:55:00+00:00,0.0,0.0
2026-03-24 04:00:00+00:00,0.0,0.0
2026-03-24 04:05:00+00:00,0.0,0.0
2026-03-24 04:10:00+00:00,0.0,0.0
2026-03-24 04:15:00+00:00,0.0,0.0
2026-03-24 04:20:00+00:00,0.0,0.0
2026-03-24 04:25:00+00:00,0.0,0.0
2026-03-24 04:30:00+00:00,0.0,0.0
2026-03-24 04:35:00+00:00,0.0,0.0
2026-03-24 04:40:00+00:00,0.0,0.0
2026-03-24 04:45:00+00:00,0.0,0.0
2026-03-24 04:50:00+00:00,0.0,0.0
2026-03-24 04:55:00+00:00,0.0,0.0
2026-03-24 05:00:00+00:00,0.0,0.0
2026-03-24 05:05:00+00:00,0.0,0.0
2026-03-24 05:10:00+00:00,0.0,0.0
2026-03-24 05:15:00+00:00,0.0,0.0
2026-03-24 05:20:00+00:00,0.0,0.0
2026-03-24 05:25:00+00:00,0.0,0.0
2026-03-24 05:30:00+00:00,0.0,0.0
2026-03-24 05:35:00+00:00,0.0,0.0
2026-03-24 05:40:00+00:00,0.0,0.0
2026-03-24 05:45:00+00:00,0.0,0.0
2026-03-24 05:50:00+00:00,0.0,0.0
2026-03-24 05:55:00+00:00,0.0,0.0
2026-03-24 06:00:00+00:00,0.0,0.0
2026-03-24 06:05:00+00:00,0.0,0.0
2026-03-24 06:10:00+00:00,0.0,0.0
2026-03-24 06:15:00+00:00,0.0,0.0
2026-03-24 06:20:00+00:00,0.0,0.0
2026-03-24 06:25:00+00:00,0.0,0.0
2026-03-24 06:30:00+00:00,0.0,0.0
2026-03-24 06:35:00+00:00,0.0,0.0
2026-03-24 06:40:00+00:00,0.0,0.0
2026-03-24 06:45:00+00:00,0.0,0.0
2026-03-24 06:50:00+00:00,0.0,0.0
2026-03-24 06:55:00+00:00,0.0,0.0
2026-03-24 07:00:00+00:00,0.0,0.0
2026-03-24 07:05:00+00:00,0.0,0.0
2026-03-24 07:10:00+00:00,0.0,0.0
2026-03-24 07:15:00+00:00,0.0,0.0
2026-03-24 07:20:00+00:00,0.0,0.0
2026-03-24 07:25:00+00:00,0.0,0.0
2026-03-24 07:30:00+00:00,0.0,0.0
2026-03-24 07:35:00+00:00,0.0,0.0
2026-03-24 07:40:00+00:00,0.0,0.0
2026-03-24 07:45:00+00:00,0.0,0.0
2026-03-24 07:50:00+00:00,0.0,0.0
2026-03-24 07:55:00+00:00,0.0,0.0
2026-03-24 08:00:00+00:00,0.0,0.0
2026-03-24 08:05:00+00:00,0.0,0.0
2026-03-24 08:10:00+00:00,0.0,0.0
2026-03-24 08:15:00+00:00,0.0,0.0
2026-03-24 08:20:00+00:00,0.0,0.0
2026-03-24 08:25:00+00:00,0.0,0.0
2026-03-24 08:30:00+00:00,0.0,0.0
2026-03-24 08:35:00+00:00,0.0,0.0
2026-03-24 08:40:00+00:00,0.0,0.0
2026-03-24 08:45:00+00:00,0.0,0.0
2026-03-24 08:50:00+00:00,0.0,0.0
2026-03-24 08:55:00+00:00,0.0,0.0
2026-03-24 09:00:00+00:00,0.0,0.0
2026-03-24 09:05:00+00:00,0.0,0.0
2026-03-24 09:10:00+00:00,0.0,0.0
2026-03-24 09:15:00+00:00,0.0,0.0
2026-03-24 09:20:00+00:00,0.0,0.0
2026-03-24 09:25:00+00:00,0.0,0.0
2026-03-24 09:30:00+00:00,0.0,0.0
2026-03-24 09:35:00+00:00,0.0,0.0
2026-03-24 09:40:00+00:00,0.0,0.0
2026-03-24 09:45:00+00:00,0.0,0.0
2026-03-24 09:50:00+00:00,0.0,0.0
2026-03-24 09:55:00+00:00,0.0,0.0
2026-03-24 10:00:00+00:00,0.0,0.0
2026-03-24 10:05:00+00:00,0.0,0.0
2026-03-24 10:10:00+00:00,0.0,0.0
2026-03-24 10:15:00+00:00,0.0,0.0
2026-03-24 10:20:00+00:00,0.0,0.0
2026-03-24 10:25:00+00:00,0.0,0.0
2026-03-24 10:30:00+00:00,0.0,0.0
2026-03-24 10:35:00+00:00,0.0,0.0
2026-03-24 10:40:00+00:00,0.0,0.0
2026-03-24 10:45:00+00:00,0.0,0.0
2026-03-24 10:50:00+00:00,0.0,0.0
2026-03-24 10:55:00+00:00,0.0,0.0
2026-03-24 11:00:00+00:00,0.0,0.0
2026-03-24 11:05:00+00:00,0.0,0.0
2026-03-24 11:10:00+00:00,0.0,0.0
2026-03-24 11:15:00+00:00,0.0,0.0
2026-03-24 11:20:00+00:00,0.0,0.0
2026-03-24 11:25:00+00:00,0.0,0.0
2026-03-24 11:30:00+00:00,0.0,0.0
2026-03-24 11:35:00+00:00,0.0,0.0
2026-03-24 11:40:00+00:00,0.0,0.0
2026-03-24 11:45:00+00:00,0.0,0.0
2026-03-24 11:50:00+00:00,0.0,0.0
2026-03-24 11:55:00+00:00,0.0,0.0
2026-03-24 12:00:00+00:00,0.0,0.0
2026-03-24 12:05:00+00:00,0.0,0.0
2026-03-24 12:10:00+00:00,0.0,0.0
2026-03-24 12:15:00+00:00,0.0,0.0
2026-03-24 12:20:00+00:00,0.0,0.0
2026-03-24 12:25:00+00:00,0.0,0.0
2026-03-24 12:30:00+00:00,0.0,0.0
2026-03-24 12:35:00+00:00,0.0,0.0
2026-03-24 12:40:00+00:00,0.0,0.0
2026-03-24 12:45:00+00:00,0.0,0.0
2026-03-24 12:50:00+00:00,0.0,0.0
2026-03-24 12:55:00+00:00,0.0,0.0
2026-03-24 13:00:00+00:00,0.0,0.0
2026-03-24 13:05:00+00:00,0.0,0.0
2026-03-24 13:10:00+00:00,0.0,0.0
2026-03-24 13:15:00+00:00,0.0,0.0
2026-03-24 13:20:00+00:00,0.0,0.0
2026-03-24 13:25:00+00:00,0.0,0.0
2026-03-24 13:30:00+00:00,0.0,0.0
2026-03-24 13:35:00+00:00,0.0,0.0
2026-03-24 13:40:00+00:00,0.0,0.0
2026-03-24 13:45:00+00:00,0.0,0.0
2026-03-24 13:50:00+00:00,0.0,0.0
2026-03-24 13:55:00+00:00,0.0,0.0
2026-03-24 14:00:00+00:00,0.0,0.0
2026-03-24 14:05:00+00:00,0.0,0.0
2026-03-24 14:10:00+00:00,0.0,0.0
2026-03-24 14:15:00+00:00,0.0,0.0
2026-03-24 14:20:00+00:00,0.0,0.0
2026-03-24 14:25:00+00:00,0.0,0.0
2026-03-24 14:30:00+00:00,0.0,0.0
2026-03-24 14:35:00+00:00,0.0,0.0
2026-03-24 14:40:00+00:00,0.0,0.0
2026-03-24 14:45:00+00:00,0.0,0.0
2026-03-24 14:50:00+00:00,0.0,0.0
2026-03-24 14:55:00+00:00,0.0,0.0
2026-03-24 15:00:00+00:00,0.0,0.0
2026-03-24 15:05:00+00:00,0.0,0.0
2026-03-24 15:10:00+00:00,0.0,0.0
2026-03-24 15:15:00+00:00,0.0,0.0
2026-03-24 15:20:00+00:00,0.0,0.0
2026-03-24 15:25:00+00:00,0.0,0.0
2026-03-24 15:30:00+00:00,0.0,0.0
2026-03-24 15:35:00+00:00,0.0,0.0
2026-03-24 15:40:00+00:00,0.0,0.0
2026-03-24 15:45:00+00:00,0.0,0.0
2026-03-24 15:50:00+00:00,0.0,0.0
2026-03-24 15:55:00+00:00,0.0,0.0
2026-03-24 16:00:00+00:00,0.0,0.0
2026-03-24 16:05:00+00:00,0.0,0.0
2026-03-24 16:10:00+00:00,0.0,0.0
2026-03-24 16:15:00+00:00,0.0,0.0
2026-03-24 16:20:00+00:00,0.0,0.0
2026-03-24 16:25:00+00:00,0.0,0.0
2026-03-24 16:30:00+00:00,0.0,0.0
2026-03-24 16:35:00+00:00,0.0,0.0
2026-03-24 16:40:00+00:00,0.0,0.0
2026-03-24 16:45:00+00:00,0.0,0.0
2026-03-24 16:50:00+00:00,0.0,0.0
2026-03-24 16:55:00+00:00,0.0,0.0
2026-03-24 17:00:00+00:00,0.0,0.0
2026-03-24 17:05:00+00:00,0.0,0.0
2026-03-24 17:10:00+00:00,0.0,0.0
2026-03-24 17:15:00+00:00,0.0,0.0
2026-03-24 17:20:00+00:00,0.0,0.0
2026-03-24 17:25:00+00:00,0.0,0.0
2026-03-24 17:30:00+00:00,0.0,0.0
2026-03-24 17:35:00+00:00,0.0,0.0
2026-03-24 17:40:00+00:00,0.0,0.0
2026-03-24 17:45:00+00:00,0.0,0.0
2026-03-24 17:50:00+00:00,0.0,0.0
2026-03-24 17:55:00+00:00,0.0,0.0
2026-03-24 18:00:00+00:00,0.0,0.0
2026-03-24 18:05:00+00:00,4.418840607796598,6.516932447610842
2026-03-24 18:10:00+00:00,0.6437544252303686,-0.023178607759156478
2026-03-24 18:15:00+00:00,-0.24231346742192983,-0.20775574534282093
2026-03-24 18:20:00+00:00,-0.05810763080728076,-0.09978947060837129
2026-03-24 18:25:00+00:00,-0.8909729238898652,-0.3225774483023969
2026-03-24 18:30:00+00:00,-0.2336148511815055,0.3429447511268311
2026-03-24 18:35:00+00:00,-0.02666824708216131,-0.23022501742699397
2026-03-24 18:40:00+00:00,1.0430424375132987,0.43382397266823336
2026-03-24 18:45:00+00:00,0.3088842801023839,-0.25107949347423464
2026-03-24 18:50:00+00:00,-0.4089677386593662,-0.023530497410193973
2026-03-24 18:55:00+00:00,0.10956220251152615,0.21182431857427186
2026-03-24 19:00:00+00:00,0.3471961999841886,-0.1139593569932309
2026-03-24 19:05:00+00:00,-0.23995066963059042,-0.11864208952279842
2026-03-24 19:10:00+00:00,-0.9640221346953455,-0.1121360266414344
2026-03-24 19:15:00+00:00,1.1349799328389842,0.1479510319477324
2026-03-24 19:20:00+00:00,-0.06644509940815269,-0.5484839475665781
2026-03-24 19:25:00+00:00,-0.130265194837901,0.3893457262282807
2026-03-24 19:30:00+00:00,-0.03540192705091627,0.03560842746736803
2026-03-24 19:35:00+00:00,0.0,-0.009697045682866445
2026-03-24 19:40:00+00:00,0.1346568851462573,0.13642003013295145
2026-03-24 19:45:00+00:00,-0.3223985094095507,-0.06248607694773689
2026-03-24 19:50:00+00:00,-0.06744128079553313,-0.2816670167220199
2026-03-24 19:55:00+00:00,-0.08489944378648584,0.5636769242213342
2026-03-24 20:00:00+00:00,0.2845124976905016,-0.27300083755694793
2026-03-24 20:05:00+00:00,-0.25951119548508395,-0.042364663643249756
2026-03-24 20:10:00+00:00,0.35914103643392536,-0.023669744085903943
2026-03-24 20:15:00+00:00,-1.352392809444209,-0.412073723328521
2026-03-24 20:20:00+00:00,1.120591195386885,0.5782983530803003
2026-03-24 20:25:00+00:00,0.2984929885559966,0.045597591438872875
2026-03-24 20:30:00+00:00,-0.0840831172105414,-0.4289956055183586
2026-03-24 20:35:00+00:00,-0.36675059592747417,0.674370812194165
2026-03-24 20:40:00+00:00,0.5863792051342394,0.09261857391416939
2026-03-24 20:45:00+00:00,0.259108700007725,-0.16900358689994288
2026-03-24 20:50:00+00:00,-1.1205911953868855,-0.41616039722491305
2026-03-24 20:55:00+00:00,0.3942918075100392,0.07410797215372256
2026-03-24 21:00:00+00:00,0.05465841253786419,-0.0840831172105414
2026-03-24 21:05:00+00:00,0.021053409197832273,0.33180687736071857
2026-03-24 21:10:00+00:00,0.1978257433299202,-0.17336894552184035
2026-03-24 21:15:00+00:00,0.04184710993550045,0.14045921143304252
2026-03-24 21:20:00+00:00,-0.5845133395571498,-0.24998764023964704
2026-03-24 21:25:00+00:00,0.13720112151348474,-0.1643456706788422
2026-03-24 21:30:00+00:00,0.06213178110700657,-0.21753343842344286
2026-03-24 21:35:00+00:00,-0.10135249426028814,0.5862314546353131
2026-03-24 21:40:00+00:00,0.3738597686928333,0.04284329661558761
2026-03-24 21:45:00+00:00,-0.018519047767237673,-0.09168210010018818
2026-03-24 21:50:00+00:00,-0.00938974034983886,-0.7085875284799101
2026-03-24 21:55:00+00:00,-0.04831857727080724,0.6858592774023542
2026-03-24 22:00:00+00:00,-0.05077232537342358,0.03187930629491387
2026-03-24 22:05:00+00:00,-0.04255961441879563,-0.5309319408959565
2026-03-24 22:10:00+00:00,-1.7491998548092593,0.5812632342473156
2026-03-24 22:15:00+00:00,1.998095902225884,-0.03925921245067343
2026-03-24 22:20:00+00:00,0.06559728248581287,0.31945423145211826
2026-03-24 22:25:00+00:00,-0.024097551579060905,-0.6938747178783231
2026-03-24 22:30:00+00:00,-0.1774553671427812,0.2876820724517817
2026-03-24 22:35:00+00:00,0.04740223889458406,0.1450639809272758
2026-03-24 22:40:00+00:00,0.07145896398214457,-0.21047624611344418
2026-03-24 22:45:00+00:00,-0.42285685082003344,0.0023282897595908736
2026-03-24 22:50:00+00:00,-0.17185025692665956,-0.05866433513214009
2026-03-24 22:55:00+00:00,0.25995752443692677,-1.035307573979467
2026-03-24 23:00:00+00:00,-0.5686930060865398,0.5831462853456166
2026-03-24 23:05:00+00:00,0.3983476403393009,0.19164488425483928
2026-03-24 23:10:00+00:00,0.14595391262307977,0.23174644012147727
2026-03-24 23:15:00+00:00,-0.5877866649021195,0.14504480740207892
2026-03-24 23:20:00+00:00,0.9382696385929306,-0.2968716243476832
2026-03-24 23:25:00+00:00,-0.0909717782057271,0.50251943539965
2026-03-24 23:30:00+00:00,-0.038839833316263395,-0.9109431255475595
2026-03-24 23:35:00+00:00,0.3616132255793145,0.8114239214843177
2026-03-24 23:40:00+00:00,0.07312226482896289,0.3572670686969781
2026-03-24 23:45:00+00:00,-0.5500463369192721,-0.5291790254539821
2026-03-24 23:50:00+00:00,-0.35667494393873245,-0.24447137395503304
2026-03-24 23:55:00+00:00,0.17435338714477755,0.0637897378753296
2026-03-25 00:00:00+00:00,-0.25704510298989103,-0.24014112768278117
2026-03-25 00:05:00+00:00,0.1292117314800061,0.2841042511038969
2026-03-25 00:10:00+00:00,0.47378435208564174,0.09114707840777125
2026-03-25 00:15:00+00:00,-0.2689899394396278,-0.0024570036930517958
2026-03-25 00:20:00+00:00,-0.5443015529623807,-0.4091619699894906
2026-03-25 00:25:00+00:00,0.4805857385762726,-0.18677590714333547
2026-03-25 00:30:00+00:00,-0.2198594761130197,0.3783141190422139
2026-03-25 00:35:00+00:00,0.23293155768037277,0.13027686692236085
2026-03-25 00:40:00+00:00,0.426879202611981,-0.10760015825133085
2026-03-25 00:45:00+00:00,-0.10724553035359818,0.42763896560248593
2026-03-25 00:50:00+00:00,-0.19753097545748322,-1.5863154950132463
2026-03-25 00:55:00+00:00,-0.24640041347847674,0.9967729034088624
2026-03-25 01:00:00+00:00,0.2231435513142097,0.5344460341649944
2026-03-25 01:05:00+00:00,0.24869662573882678,-0.5593583545448908
2026-03-25 01:10:00+00:00,-0.3738597686928333,0.056056706081662355
2026-03-25 01:15:00+00:00,0.19337139298053962,0.6776962294042264
2026-03-25 01:20:00+00:00,-0.05651221026334241,-0.71412697102914
2026-03-25 01:25:00+00:00,-0.5225216635291816,-0.5155481827201642
2026-03-25 01:30:00+00:00,0.31666960932503363,0.4172299496877505
2026-03-25 01:35:00+00:00,-0.24116205681688818,-0.25131442828090567
2026-03-25 01:40:00+00:00,0.07020425867324853,0.6703325027937739
2026-03-25 01:45:00+00:00,0.4868107475621164,0.24946085963158282
2026-03-25 01:50:00+00:00,0.15415067982725805,-0.24307106153281222
2026-03-25 01:55:00+00:00,-0.4843923666978345,-0.33062946628434897
2026-03-25 02:00:00+00:00,0.44802472252696024,0.21173115926246489
2026-03-25 02:05:00+00:00,-0.46262352194811296,0.03800598162519275
2026-03-25 02:10:00+00:00,-0.060624621816435464,0.13542876274957827
2026-03-25 02:15:00+00:00,0.35197642315717825,-0.1791901559453919
2026-03-25 02:20:00+00:00,-0.4855078157817001,0.4049839919093241
2026-03-25 02:25:00+00:00,0.14903557916048715,-0.4675043488906576
2026-03-25 02:30:00+00:00,0.23233197736861655,-0.31519483817392846
2026-03-25 02:35:00+00:00,-0.3993860620317822,0.5748376905613162
2026-03-25 02:40:00+00:00,-0.03704127168034921,0.18251900965272583
2026-03-25 02:45:00+00:00,0.7025369209097838,-0.12720537166867363
2026-03-25 02:50:00+00:00,-0.5619549702885944,0.2004668426431797
2026-03-25 02:55:00+00:00,0.09381875521765437,-0.24987378891184164
2026-03-25 03:00:00+00:00,-0.07755823434587406,-0.03353607685891902
2026-03-25 03:05:00+00:00,0.031748698314579826,0.15328028200052568
2026-03-25 03:10:00+00:00,0.1978257433299202,-0.694192658961498
2026-03-25 03:15:00+00:00,-0.10821358464023234,0.8243222427317329
2026-03-25 03:20:00+00:00,0.182321556793954,0.21688547824903104
2026-03-25 03:25:00+00:00,0.023530497410193973,-0.6843235939014303
2026-03-25 03:30:00+00:00,-0.693147180559945,0.48652093006884023
2026-03-25 03:35:00+00:00,0.6082477367734591,0.1486062132995567
2026-03-25 03:40:00+00:00,-0.13534134786976182,-0.43538860058044015
2026-03-25 03:45:00+00:00,-0.20875481386211003,0.5405939451618442
2026-03-25 03:50:00+00:00,0.4964368863138908,-0.13512883705367962
2026-03-25 03:55:00+00:00,0.0320883145515003,-0.0807090633988663
2026-03-25 04:00:00+00:00,-0.5465437063680696,0.17376395869992578
2026-03-25 04:05:00+00:00,0.05310982531394792,-0.29425863981634404
2026-03-25 04:10:00+00:00,0.23001643060197186,0.05329519930650761
2026-03-25 04:15:00+00:00,-0.13157635778871946,-0.5686930060865389
2026-03-25 04:20:00+00:00,0.29546421289383584,0.7672551527136671
2026-03-25 04:25:00+00:00,-0.023530497410193973,0.16687871272807175
2026-03-25 04:30:00+00:00,0.15415067982725894,-0.43748352436166016
2026-03-25 04:35:00+00:00,-0.6531418459462466,0.4120832659506428
2026-03-25 04:40:00+00:00,0.3448404862917296,0.11396455546961537
2026-03-25 04:45:00+00:00,0.04082199452025481,-0.06945543536055165
2026-03-25 04:50:00+00:00,-0.34719619998418816,-0.6067669175073247
2026-03-25 04:55:00+00:00,0.0727593542824283,0.16892199714757083
2026-03-25 05:00:00+00:00,-0.2144098713454552,0.0019531256208820125
2026-03-25 05:05:00+00:00,0.2984929885559966,-1.9488412698641726
2026-03-25 05:10:00+00:00,0.19035372849121845,2.506922780352376
2026-03-25 05:15:00+00:00,-0.3285040669720356,-0.27088736192997676
2026-03-25 05:20:00+00:00,0.532804530484766,-0.07602443742661436
2026-03-25 05:25:00+00:00,-0.8329091229351042,0.28233605437341946
2026-03-25 05:30:00+00:00,0.7884573603642706,-0.24969912506039638
2026-03-25 05:35:00+00:00,-0.15984870094189674,-0.05258174681253713
2026-03-25 05:40:00+00:00,0.0,-0.7284111870891579
2026-03-25 05:45:00+00:00,0.013245226750020933,1.0187086920749957
2026-03-25 05:50:00+00:00,-0.2035989552412394,-0.06281206375975135
2026-03-25 05:55:00+00:00,0.37267528528517335,-2.650677860638277
2026-03-25 06:00:00+00:00,-4.499809670330265,-4.007333185232471
2026-03-25 06:05:00+00:00,0.0,0.0
2026-03-25 06:10:00+00:00,0.0,0.0
2026-03-25 06:15:00+00:00,0.0,0.0
2026-03-25 06:20:00+00:00,0.0,0.0
2026-03-25 06:25:00+00:00,0.0,0.0
2026-03-25 06:30:00+00:00,0.0,0.0
2026-03-25 06:35:00+00:00,0.0,0.0
2026-03-25 06:40:00+00:00,0.0,0.0
2026-03-25 06:45:00+00:00,0.0,0.0
2026-03-25 06:50:00+00:00,0.0,0.0
2026-03-25 06:55:00+00:00,0.0,0.0
2026-03-25 07:00:00+00:00,6.810142450115136,9.412872969386267
2026-03-25 07:05:00+00:00,-3.025952816196875,-4.553060565024595
2026-03-25 07:10:00+00:00,-1.3862943611198904,-0.17306223138115762
2026-03-25 07:15:00+00:00,1.3862943611198904,2.676529413982524
2026-03-25 07:20:00+00:00,0.6346509738783372,-0.06449624767050643
2026-03-25 07:25:00+00:00,0.5647660139117381,0.5511253310894872
2026-03-25 07:30:00+00:00,-0.3488776334787005,-1.1461072483209511
2026-03-25 07:35:00+00:00,-0.46034171833399906,0.5779282979378628
2026-03-25 07:40:00+00:00,0.6047362232158928,-0.3815027074375852
2026-03-25 07:45:00+00:00,-0.651989108066438,0.04241266827429335
2026-03-25 07:50:00+00:00,0.3036824137982217,-6.942639680835639
2026-03-25 07:55:00+00:00,-4.430816798843313,0.0
2026-03-25 08:00:00+00:00,0.0,0.0
2026-03-25 08:05:00+00:00,0.0,0.0
2026-03-25 08:10:00+00:00,0.0,0.0
2026-03-25 08:15:00+00:00,0.0,0.0
2026-03-25 08:20:00+00:00,0.0,0.0
2026-03-25 08:25:00+00:00,0.0,0.0
2026-03-25 08:30:00+00:00,0.0,0.0
2026-03-25 08:35:00+00:00,0.0,0.0
2026-03-25 08:40:00+00:00,0.0,0.0
2026-03-25 08:45:00+00:00,0.0,0.0
2026-03-25 08:50:00+00:00,0.0,0.0
2026-03-25 08:55:00+00:00,0.0,0.0
2026-03-25 09:00:00+00:00,0.0,0.0
2026-03-25 09:05:00+00:00,0.0,0.0
2026-03-25 09:10:00+00:00,0.0,0.0
2026-03-25 09:15:00+00:00,0.0,0.0
2026-03-25 09:20:00+00:00,0.0,0.0
2026-03-25 09:25:00+00:00,0.0,0.0
2026-03-25 09:30:00+00:00,0.0,0.0
2026-03-25 09:35:00+00:00,0.0,0.0
2026-03-25 09:40:00+00:00,0.0,0.0
2026-03-25 09:45:00+00:00,0.0,0.0
2026-03-25 09:50:00+00:00,0.0,0.0
2026-03-25 09:55:00+00:00,0.0,0.0
2026-03-25 10:00:00+00:00,0.0,0.0
2026-03-25 10:05:00+00:00,0.0,0.0
2026-03-25 10:10:00+00:00,0.0,0.0
2026-03-25 10:15:00+00:00,0.0,0.0
2026-03-25 10:20:00+00:00,0.0,0.0
2026-03-25 10:25:00+00:00,0.0,0.0
2026-03-25 10:30:00+00:00,0.0,0.0
2026-03-25 10:35:00+00:00,0.0,0.0
2026-03-25 10:40:00+00:00,0.0,0.0
2026-03-25 10:45:00+00:00,0.0,0.0
2026-03-25 10:50:00+00:00,0.0,0.0
2026-03-25 10:55:00+00:00,0.0,0.0
2026-03-25 11:00:00+00:00,0.0,0.0
2026-03-25 11:05:00+00:00,0.0,0.0
2026-03-25 11:10:00+00:00,0.0,0.0
2026-03-25 11:15:00+00:00,0.0,0.0
2026-03-25 11:20:00+00:00,0.0,0.0
2026-03-25 11:25:00+00:00,0.0,0.0
2026-03-25 11:30:00+00:00,0.0,0.0
2026-03-25 11:35:00+00:00,0.0,0.0
2026-03-25 11:40:00+00:00,0.0,0.0
2026-03-25 11:45:00+00:00,0.0,0.0
2026-03-25 11:50:00+00:00,0.0,0.0
2026-03-25 11:55:00+00:00,0.0,0.0
2026-03-25 12:00:00+00:00,0.0,0.0
2026-03-25 12:05:00+00:00,0.0,0.0
2026-03-25 12:10:00+00:00,0.0,0.0
2026-03-25 12:15:00+00:00,0.0,0.0
2026-03-25 12:20:00+00:00,0.0,0.0
2026-03-25 12:25:00+00:00,0.0,0.0
2026-03-25 12:30:00+00:00,0.0,0.0
2026-03-25 12:35:00+00:00,0.0,0.0
2026-03-25 12:40:00+00:00,0.0,0.0
2026-03-25 12:45:00+00:00,0.0,0.0
2026-03-25 12:50:00+00:00,0.0,0.0
2026-03-25 12:55:00+00:00,0.0,0.0
2026-03-25 13:00:00+00:00,0.0,0.0
2026-03-25 13:05:00+00:00,0.0,0.0
2026-03-25 13:10:00+00:00,0.0,0.0
2026-03-25 13:15:00+00:00,0.0,0.0
2026-03-25 13:20:00+00:00,0.0,0.0
2026-03-25 13:25:00+00:00,0.0,0.0
2026-03-25 13:30:00+00:00,0.0,0.0
2026-03-25 13:35:00+00:00,0.0,0.0
2026-03-25 13:40:00+00:00,0.0,0.0
2026-03-25 13:45:00+00:00,0.0,0.0
2026-03-25 13:50:00+00:00,0.0,0.0
2026-03-25 13:55:00+00:00,0.0,0.0
2026-03-25 14:00:00+00:00,0.0,0.0
2026-03-25 14:05:00+00:00,0.0,0.0
2026-03-25 14:10:00+00:00,0.0,0.0
2026-03-25 14:15:00+00:00,0.0,0.0
2026-03-25 14:20:00+00:00,0.0,0.0
2026-03-25 14:25:00+00:00,0.0,0.0
2026-03-25 14:30:00+00:00,0.0,0.0
2026-03-25 14:35:00+00:00,0.0,0.0
2026-03-25 14:40:00+00:00,0.0,0.0
2026-03-25 14:45:00+00:00,0.0,0.0
2026-03-25 14:50:00+00:00,0.0,0.0
2026-03-25 14:55:00+00:00,0.0,0.0
2026-03-25 15:00:00+00:00,0.0,0.0
2026-03-25 15:05:00+00:00,0.0,0.0
2026-03-25 15:10:00+00:00,0.0,0.0
2026-03-25 15:15:00+00:00,0.0,0.0
2026-03-25 15:20:00+00:00,0.0,0.0
2026-03-25 15:25:00+00:00,0.0,0.0
2026-03-25 15:30:00+00:00,0.0,0.0
2026-03-25 15:35:00+00:00,0.0,0.0
2026-03-25 15:40:00+00:00,0.0,0.0
2026-03-25 15:45:00+00:00,0.0,0.0
2026-03-25 15:50:00+00:00,0.0,0.0
2026-03-25 15:55:00+00:00,0.0,0.0
2026-03-25 16:00:00+00:00,0.0,0.0
2026-03-25 16:05:00+00:00,0.0,0.0
2026-03-25 16:10:00+00:00,0.0,0.0
2026-03-25 16:15:00+00:00,0.0,0.0
2026-03-25 16:20:00+00:00,0.0,0.0
2026-03-25 16:25:00+00:00,0.0,0.0
2026-03-25 16:30:00+00:00,0.0,0.0
2026-03-25 16:35:00+00:00,0.0,0.0
2026-03-25 16:40:00+00:00,0.0,0.0
2026-03-25 16:45:00+00:00,0.0,0.0
2026-03-25 16:50:00+00:00,0.0,0.0
2026-03-25 16:55:00+00:00,0.0,0.0
2026-03-25 17:00:00+00:00,0.0,0.0
2026-03-25 17:05:00+00:00,0.0,0.0
2026-03-25 17:10:00+00:00,0.0,0.0
2026-03-25 17:15:00+00:00,0.0,0.0
2026-03-25 17:20:00+00:00,0.0,0.0
2026-03-25 17:25:00+00:00,0.0,0.0
2026-03-25 17:30:00+00:00,0.0,0.0
2026-03-25 17:35:00+00:00,0.0,0.0
2026-03-25 17:40:00+00:00,0.0,0.0
2026-03-25 17:45:00+00:00,0.0,0.0
2026-03-25 17:50:00+00:00,9.202409001649903,11.304140829234878
2026-03-25 17:55:00+00:00,-4.587288484808643,-4.616201311474277
2026-03-25 18:00:00+00:00,-1.1186129553747794,-0.4554915012100791
2026-03-25 18:05:00+00:00,0.5639354490799389,0.08351257613195706
2026-03-25 18:10:00+00:00,0.4054651081081646,0.48754466492585813
2026-03-25 18:15:00+00:00,-0.3070250352949122,-0.041546760737783295
2026-03-25 18:20:00+00:00,0.594707107746693,-0.04415380184686324
2026-03-25 18:25:00+00:00,-0.46313074995797354,0.13935879784238558
2026-03-25 18:30:00+00:00,-0.2651077504132413,-0.3296930234618056
2026-03-25 18:35:00+00:00,0.16430305129127554,-0.45519427955987535
2026-03-25 18:40:00+00:00,-0.09531017980432477,0.50140397711625
2026-03-25 18:45:00+00:00,0.16833531481921504,-0.01927204182456599
2026-03-25 18:50:00+00:00,0.19166741921219188,0.2013607968481752
2026-03-25 18:55:00+00:00,-0.07232066157962613,0.7456814585861675
2026-03-25 19:00:00+00:00,0.3453611840384596,-1.0525609864235648
2026-03-25 19:05:00+00:00,-0.39665447842600976,-0.04407424465672083
2026-03-25 19:10:00+00:00,-4.330733340286331,-6.404815149490137
2026-03-25 19:15:00+00:00,0.0,0.0
2026-03-25 19:20:00+00:00,0.0,0.0
2026-03-25 19:25:00+00:00,0.0,0.0
2026-03-25 19:30:00+00:00,0.0,0.0
2026-03-25 19:35:00+00:00,0.0,0.0
2026-03-25 19:40:00+00:00,0.0,0.0
2026-03-25 19:45:00+00:00,0.0,0.0
2026-03-25 19:50:00+00:00,0.0,0.0
2026-03-25 19:55:00+00:00,0.0,0.0
2026-03-25 20:00:00+00:00,0.0,0.0
2026-03-25 20:05:00+00:00,0.0,0.0
2026-03-25 20:10:00+00:00,0.0,0.0
2026-03-25 20:15:00+00:00,0.0,0.0
2026-03-25 20:20:00+00:00,0.0,0.0
2026-03-25 20:25:00+00:00,0.0,0.0
2026-03-25 20:30:00+00:00,0.0,0.0
2026-03-25 20:35:00+00:00,0.0,0.0
2026-03-25 20:40:00+00:00,0.0,0.0
2026-03-25 20:45:00+00:00,0.0,0.0
2026-03-25 20:50:00+00:00,0.0,0.0
2026-03-25 20:55:00+00:00,0.0,0.0
2026-03-25 21:00:00+00:00,0.0,0.0
2026-03-25 21:05:00+00:00,0.0,0.0
2026-03-25 21:10:00+00:00,0.0,0.0
2026-03-25 21:15:00+00:00,0.0,0.0
2026-03-25 21:20:00+00:00,0.0,0.0
2026-03-25 21:25:00+00:00,0.0,0.0
2026-03-25 21:30:00+00:00,0.0,0.0
2026-03-25 21:35:00+00:00,0.0,0.0
2026-03-25 21:40:00+00:00,0.0,0.0
2026-03-25 21:45:00+00:00,0.0,0.0
2026-03-25 21:50:00+00:00,0.0,0.0
2026-03-25 21:55:00+00:00,0.0,0.0
2026-03-25 22:00:00+00:00,0.0,0.0
2026-03-25 22:05:00+00:00,0.0,0.0
2026-03-25 22:10:00+00:00,0.0,0.0
2026-03-25 22:15:00+00:00,7.910957382845589,10.770719334121098
2026-03-25 22:20:00+00:00,-2.8611013755960517,-3.2945301187526574
2026-03-25 22:25:00+00:00,-0.5065612249795333,-0.6192010534399568
2026-03-25 22:30:00+00:00,-0.48285177172358473,0.0520163364540851
2026-03-25 22:35:00+00:00,0.1139442593492177,0.13502839889211593
2026-03-25 22:40:00+00:00,0.05971923470162288,0.17304362926271377
2026-03-25 22:45:00+00:00,-0.0444517625708345,-0.2602930164879078
2026-03-25 22:50:00+00:00,0.015037877364540542,-0.08103502720244027
2026-03-25 22:55:00+00:00,-0.14424960884454663,-0.18366474034042302
2026-03-25 23:00:00+00:00,0.05043085362689226,-0.07735814230286753
2026-03-25 23:05:00+00:00,-4.110873864173311,-6.61472560020376
2026-03-25 23:10:00+00:00,0.0,0.0
2026-03-25 23:15:00+00:00,0.0,0.0
2026-03-25 23:20:00+00:00,0.0,0.0
2026-03-25 23:25:00+00:00,0.0,0.0
2026-03-25 23:30:00+00:00,0.0,0.0
2026-03-25 23:35:00+00:00,0.0,0.0
2026-03-25 23:40:00+00:00,0.0,0.0
2026-03-25 23:45:00+00:00,0.0,0.0
2026-03-25 23:50:00+00:00,0.0,0.0
2026-03-25 23:55:00+00:00,0.0,0.0
2026-03-26 00:00:00+00:00,0.0,0.0
2026-03-26 00:05:00+00:00,0.0,0.0
2026-03-26 00:10:00+00:00,0.0,0.0
2026-03-26 00:15:00+00:00,0.0,0.0
2026-03-26 00:20:00+00:00,0.0,0.0
2026-03-26 00:25:00+00:00,0.0,0.0
2026-03-26 00:30:00+00:00,0.0,0.0
2026-03-26 00:35:00+00:00,0.0,0.0
2026-03-26 00:40:00+00:00,0.0,0.0
2026-03-26 00:45:00+00:00,0.0,0.0
2026-03-26 00:50:00+00:00,0.0,0.0
2026-03-26 00:55:00+00:00,0.0,0.0
2026-03-26 01:00:00+00:00,0.0,0.0
2026-03-26 01:05:00+00:00,0.0,0.0
2026-03-26 01:10:00+00:00,0.0,0.0
2026-03-26 01:15:00+00:00,0.0,0.0
2026-03-26 01:20:00+00:00,0.0,0.0
2026-03-26 01:25:00+00:00,0.0,0.0
2026-03-26 01:30:00+00:00,0.0,0.0
2026-03-26 01:35:00+00:00,0.0,0.0
2026-03-26 01:40:00+00:00,0.0,0.0
2026-03-26 01:45:00+00:00,0.0,0.0
2026-03-26 01:50:00+00:00,0.0,0.0
2026-03-26 01:55:00+00:00,0.0,0.0
2026-03-26 02:00:00+00:00,0.0,0.0
2026-03-26 02:05:00+00:00,0.0,0.0
2026-03-26 02:10:00+00:00,0.0,0.0
2026-03-26 02:15:00+00:00,0.0,0.0
2026-03-26 02:20:00+00:00,0.0,0.0
2026-03-26 02:25:00+00:00,0.0,0.0
2026-03-26 02:30:00+00:00,0.0,0.0
2026-03-26 02:35:00+00:00,0.0,0.0
2026-03-26 02:40:00+00:00,0.0,0.0
2026-03-26 02:45:00+00:00,0.0,0.0
2026-03-26 02:50:00+00:00,0.0,0.0
2026-03-26 02:55:00+00:00,0.0,0.0
2026-03-26 03:00:00+00:00,0.0,0.0
2026-03-26 03:05:00+00:00,0.0,0.0
2026-03-26 03:10:00+00:00,0.0,0.0
2026-03-26 03:15:00+00:00,0.0,0.0
2026-03-26 03:20:00+00:00,0.0,0.0
2026-03-26 03:25:00+00:00,0.0,0.0
2026-03-26 03:30:00+00:00,0.0,0.0
2026-03-26 03:35:00+00:00,0.0,0.0
2026-03-26 03:40:00+00:00,0.0,0.0
2026-03-26 03:45:00+00:00,0.0,0.0
2026-03-26 03:50:00+00:00,0.0,0.0
2026-03-26 03:55:00+00:00,0.0,0.0
2026-03-26 04:00:00+00:00,0.0,0.0
2026-03-26 04:05:00+00:00,0.0,0.0
2026-03-26 04:10:00+00:00,0.0,0.0
2026-03-26 04:15:00+00:00,0.0,0.0
2026-03-26 04:20:00+00:00,0.0,0.0
2026-03-26 04:25:00+00:00,0.0,0.0
2026-03-26 04:30:00+00:00,0.0,0.0
2026-03-26 04:35:00+00:00,0.0,0.0
2026-03-26 04:40:00+00:00,0.0,0.0
2026-03-26 04:45:00+00:00,0.0,0.0
2026-03-26 04:50:00+00:00,0.0,0.0
2026-03-26 04:55:00+00:00,0.0,0.0
2026-03-26 05:00:00+00:00,0.0,0.0
2026-03-26 05:05:00+00:00,0.0,0.0
2026-03-26 05:10:00+00:00,0.0,0.0
2026-03-26 05:15:00+00:00,0.0,0.0
2026-03-26 05:20:00+00:00,0.0,0.0
2026-03-26 05:25:00+00:00,0.0,0.0
2026-03-26 05:30:00+00:00,0.0,0.0
2026-03-26 05:35:00+00:00,0.0,0.0
2026-03-26 05:40:00+00:00,0.0,0.0
2026-03-26 05:45:00+00:00,0.0,0.0
2026-03-26 05:50:00+00:00,0.0,0.0
2026-03-26 05:55:00+00:00,0.0,0.0
2026-03-26 06:00:00+00:00,0.0,0.0
2026-03-26 06:05:00+00:00,0.0,0.0
2026-03-26 06:10:00+00:00,0.0,0.0
2026-03-26 06:15:00+00:00,0.0,0.0
2026-03-26 06:20:00+00:00,0.0,0.0
2026-03-26 06:25:00+00:00,0.0,0.0
2026-03-26 06:30:00+00:00,0.0,0.0
2026-03-26 06:35:00+00:00,0.0,0.0
2026-03-26 06:40:00+00:00,0.0,0.0
2026-03-26 06:45:00+00:00,0.0,0.0
2026-03-26 06:50:00+00:00,0.0,0.0
2026-03-26 06:55:00+00:00,0.0,0.0
2026-03-26 07:00:00+00:00,0.0,0.0
2026-03-26 07:05:00+00:00,0.0,0.0
2026-03-26 07:10:00+00:00,0.0,0.0
2026-03-26 07:15:00+00:00,0.0,0.0
2026-03-26 07:20:00+00:00,0.0,0.0
2026-03-26 07:25:00+00:00,0.0,0.0
2026-03-26 07:30:00+00:00,0.0,0.0
2026-03-26 07:35:00+00:00,0.0,0.0
2026-03-26 07:40:00+00:00,0.0,0.0
2026-03-26 07:45:00+00:00,0.0,0.0
2026-03-26 07:50:00+00:00,0.0,0.0
2026-03-26 07:55:00+00:00,0.0,0.0
2026-03-26 08:00:00+00:00,0.0,0.0
2026-03-26 08:05:00+00:00,0.0,0.0
2026-03-26 08:10:00+00:00,0.0,0.0
2026-03-26 08:15:00+00:00,0.0,0.0
2026-03-26 08:20:00+00:00,0.0,0.0
2026-03-26 08:25:00+00:00,0.0,0.0
2026-03-26 08:30:00+00:00,0.0,0.0
2026-03-26 08:35:00+00:00,0.0,0.0
2026-03-26 08:40:00+00:00,0.0,0.0
2026-03-26 08:45:00+00:00,0.0,0.0
2026-03-26 08:50:00+00:00,0.0,0.0
2026-03-26 08:55:00+00:00,0.0,0.0
2026-03-26 09:00:00+00:00,0.0,0.0
2026-03-26 09:05:00+00:00,0.0,0.0
2026-03-26 09:10:00+00:00,0.0,0.0
2026-03-26 09:15:00+00:00,0.0,0.0
2026-03-26 09:20:00+00:00,0.0,0.0
2026-03-26 09:25:00+00:00,0.0,0.0
2026-03-26 09:30:00+00:00,0.0,0.0
2026-03-26 09:35:00+00:00,0.0,0.0
2026-03-26 09:40:00+00:00,0.0,0.0
2026-03-26 09:45:00+00:00,0.0,0.0
2026-03-26 09:50:00+00:00,0.0,0.0
2026-03-26 09:55:00+00:00,0.0,0.0
2026-03-26 10:00:00+00:00,0.0,0.0
2026-03-26 10:05:00+00:00,0.0,0.0
2026-03-26 10:10:00+00:00,0.0,0.0
2026-03-26 10:15:00+00:00,0.0,0.0
2026-03-26 10:20:00+00:00,0.0,0.0
2026-03-26 10:25:00+00:00,0.0,0.0
2026-03-26 10:30:00+00:00,0.0,0.0
2026-03-26 10:35:00+00:00,0.0,0.0
2026-03-26 10:40:00+00:00,0.0,0.0
2026-03-26 10:45:00+00:00,0.0,0.0
2026-03-26 10:50:00+00:00,0.0,0.0
2026-03-26 10:55:00+00:00,0.0,0.0
2026-03-26 11:00:00+00:00,0.0,0.0
2026-03-26 11:05:00+00:00,0.0,0.0
2026-03-26 11:10:00+00:00,0.0,0.0
2026-03-26 11:15:00+00:00,0.0,0.0
2026-03-26 11:20:00+00:00,0.0,0.0
2026-03-26 11:25:00+00:00,0.0,0.0
2026-03-26 11:30:00+00:00,0.0,0.0
2026-03-26 11:35:00+00:00,0.0,0.0
2026-03-26 11:40:00+00:00,0.0,0.0
2026-03-26 11:45:00+00:00,0.0,0.0
2026-03-26 11:50:00+00:00,0.0,0.0
2026-03-26 11:55:00+00:00,0.0,0.0
2026-03-26 12:00:00+00:00,0.0,0.0
2026-03-26 12:05:00+00:00,0.0,0.0
2026-03-26 12:10:00+00:00,0.0,0.0
2026-03-26 12:15:00+00:00,0.0,0.0
2026-03-26 12:20:00+00:00,0.0,0.0
2026-03-26 12:25:00+00:00,0.0,0.0
2026-03-26 12:30:00+00:00,0.0,0.0
2026-03-26 12:35:00+00:00,0.0,0.0
2026-03-26 12:40:00+00:00,0.0,0.0
2026-03-26 12:45:00+00:00,0.0,0.0
2026-03-26 12:50:00+00:00,0.0,0.0
2026-03-26 12:55:00+00:00,0.0,0.0
2026-03-26 13:00:00+00:00,0.0,0.0
2026-03-26 13:05:00+00:00,0.0,0.0
2026-03-26 13:10:00+00:00,0.0,0.0
2026-03-26 13:15:00+00:00,0.0,0.0
2026-03-26 13:20:00+00:00,0.0,0.0
2026-03-26 13:25:00+00:00,0.0,0.0
2026-03-26 13:30:00+00:00,0.0,0.0
2026-03-26 13:35:00+00:00,0.0,0.0
2026-03-26 13:40:00+00:00,0.0,0.0
2026-03-26 13:45:00+00:00,0.0,0.0
2026-03-26 13:50:00+00:00,0.0,0.0
2026-03-26 13:55:00+00:00,0.0,0.0
2026-03-26 14:00:00+00:00,0.0,0.0
2026-03-26 14:05:00+00:00,0.0,0.0
2026-03-26 14:10:00+00:00,0.0,0.0
2026-03-26 14:15:00+00:00,0.0,0.0
2026-03-26 14:20:00+00:00,0.0,0.0
2026-03-26 14:25:00+00:00,0.0,0.0
2026-03-26 14:30:00+00:00,0.0,0.0
2026-03-26 14:35:00+00:00,0.0,0.0
2026-03-26 14:40:00+00:00,0.0,0.0
2026-03-26 14:45:00+00:00,0.0,0.0
2026-03-26 14:50:00+00:00,0.0,0.0
2026-03-26 14:55:00+00:00,0.0,0.0
2026-03-26 15:00:00+00:00,0.0,0.0
2026-03-26 15:05:00+00:00,0.0,0.0
2026-03-26 15:10:00+00:00,0.0,0.0
2026-03-26 15:15:00+00:00,0.0,0.0
2026-03-26 15:20:00+00:00,0.0,0.0
2026-03-26 15:25:00+00:00,0.0,0.0
2026-03-26 15:30:00+00:00,0.0,0.0
2026-03-26 15:35:00+00:00,0.0,0.0
2026-03-26 15:40:00+00:00,0.0,0.0
2026-03-26 15:45:00+00:00,0.0,0.0
2026-03-26 15:50:00+00:00,0.0,0.0
2026-03-26 15:55:00+00:00,0.0,0.0
2026-03-26 16:00:00+00:00,0.0,0.0
2026-03-26 16:05:00+00:00,0.0,0.0
2026-03-26 16:10:00+00:00,0.0,0.0
2026-03-26 16:15:00+00:00,0.0,0.0
2026-03-26 16:20:00+00:00,0.0,0.0
2026-03-26 16:25:00+00:00,0.0,0.0
2026-03-26 16:30:00+00:00,0.0,0.0
2026-03-26 16:35:00+00:00,0.0,0.0
2026-03-26 16:40:00+00:00,0.0,0.0
2026-03-26 16:45:00+00:00,0.0,0.0
2026-03-26 16:50:00+00:00,0.0,0.0
2026-03-26 16:55:00+00:00,0.0,0.0
2026-03-26 17:00:00+00:00,0.0,0.0
2026-03-26 17:05:00+00:00,0.0,0.0
2026-03-26 17:10:00+00:00,0.0,0.0
2026-03-26 17:15:00+00:00,0.0,0.0
2026-03-26 17:20:00+00:00,0.0,0.0
2026-03-26 17:25:00+00:00,0.0,0.0
2026-03-26 17:30:00+00:00,0.0,0.0
2026-03-26 17:35:00+00:00,0.0,0.0
2026-03-26 17:40:00+00:00,0.0,0.0
2026-03-26 17:45:00+00:00,0.0,0.0
2026-03-26 17:50:00+00:00,0.0,0.0
2026-03-26 17:55:00+00:00,0.0,0.0
2026-03-26 18:00:00+00:00,0.0,0.0
2026-03-26 18:05:00+00:00,0.0,0.0
2026-03-26 18:10:00+00:00,0.0,0.0
2026-03-26 18:15:00+00:00,0.0,0.0
2026-03-26 18:20:00+00:00,0.0,0.0
2026-03-26 18:25:00+00:00,0.0,0.0
2026-03-26 18:30:00+00:00,0.0,0.0
2026-03-26 18:35:00+00:00,0.0,0.0
2026-03-26 18:40:00+00:00,0.0,0.0
2026-03-26 18:45:00+00:00,0.0,0.0
2026-03-26 18:50:00+00:00,0.0,0.0
2026-03-26 18:55:00+00:00,0.0,0.0
2026-03-26 19:00:00+00:00,0.0,0.0
2026-03-26 19:05:00+00:00,0.0,0.0
2026-03-26 19:10:00+00:00,0.0,0.0
2026-03-26 19:15:00+00:00,0.0,0.0
2026-03-26 19:20:00+00:00,0.0,0.0
2026-03-26 19:25:00+00:00,0.0,0.0
2026-03-26 19:30:00+00:00,0.0,0.0
2026-03-26 19:35:00+00:00,0.0,0.0
2026-03-26 19:40:00+00:00,0.0,0.0
2026-03-26 19:45:00+00:00,0.0,0.0
2026-03-26 19:50:00+00:00,0.0,0.0
2026-03-26 19:55:00+00:00,0.0,0.0
2026-03-26 20:00:00+00:00,0.0,0.0
2026-03-26 20:05:00+00:00,0.0,0.0
2026-03-26 20:10:00+00:00,0.0,0.0
2026-03-26 20:15:00+00:00,0.0,0.0
2026-03-26 20:20:00+00:00,0.0,0.0
2026-03-26 20:25:00+00:00,0.0,0.0
2026-03-26 20:30:00+00:00,0.0,0.0
2026-03-26 20:35:00+00:00,0.0,0.0
2026-03-26 20:40:00+00:00,0.0,0.0
2026-03-26 20:45:00+00:00,0.0,0.0
2026-03-26 20:50:00+00:00,0.0,0.0
2026-03-26 20:55:00+00:00,0.0,0.0
2026-03-26 21:00:00+00:00,0.0,0.0
2026-03-26 21:05:00+00:00,0.0,0.0
2026-03-26 21:10:00+00:00,0.0,0.0
2026-03-26 21:15:00+00:00,0.0,0.0
2026-03-26 21:20:00+00:00,0.0,0.0
2026-03-26 21:25:00+00:00,0.0,0.0
2026-03-26 21:30:00+00:00,0.0,0.0
2026-03-26 21:35:00+00:00,0.0,0.0
2026-03-26 21:40:00+00:00,0.0,0.0
2026-03-26 21:45:00+00:00,0.0,0.0
2026-03-26 21:50:00+00:00,0.0,0.0
2026-03-26 21:55:00+00:00,0.0,0.0
2026-03-26 22:00:00+00:00,0.0,0.0
2026-03-26 22:05:00+00:00,0.0,0.0
2026-03-26 22:10:00+00:00,0.0,0.0
2026-03-26 22:15:00+00:00,0.0,0.0
2026-03-26 22:20:00+00:00,0.0,0.0
2026-03-26 22:25:00+00:00,0.0,0.0
2026-03-26 22:30:00+00:00,0.0,0.0
2026-03-26 22:35:00+00:00,0.0,0.0
2026-03-26 22:40:00+00:00,0.0,0.0
2026-03-26 22:45:00+00:00,0.0,0.0
2026-03-26 22:50:00+00:00,0.0,0.0
2026-03-26 22:55:00+00:00,0.0,0.0
2026-03-26 23:00:00+00:00,0.0,0.0
2026-03-26 23:05:00+00:00,0.0,0.0
2026-03-26 23:10:00+00:00,0.0,0.0
2026-03-26 23:15:00+00:00,0.0,0.0
2026-03-26 23:20:00+00:00,0.0,0.0
2026-03-26 23:25:00+00:00,0.0,0.0
2026-03-26 23:30:00+00:00,0.0,0.0
2026-03-26 23:35:00+00:00,0.0,0.0
2026-03-26 23:40:00+00:00,0.0,0.0
2026-03-26 23:45:00+00:00,0.0,0.0
2026-03-26 23:50:00+00:00,0.0,0.0
2026-03-26 23:55:00+00:00,0.0,0.0
2026-03-27 00:00:00+00:00,0.0,0.0
2026-03-27 00:05:00+00:00,0.0,0.0
2026-03-27 00:10:00+00:00,0.0,0.0
2026-03-27 00:15:00+00:00,0.0,0.0
2026-03-27 00:20:00+00:00,0.0,0.0
2026-03-27 00:25:00+00:00,0.0,0.0
2026-03-27 00:30:00+00:00,0.0,0.0
2026-03-27 00:35:00+00:00,0.0,0.0
2026-03-27 00:40:00+00:00,0.0,0.0
2026-03-27 00:45:00+00:00,0.0,0.0
2026-03-27 00:50:00+00:00,0.0,0.0
2026-03-27 00:55:00+00:00,0.0,0.0
2026-03-27 01:00:00+00:00,0.0,0.0
2026-03-27 01:05:00+00:00,0.0,0.0
2026-03-27 01:10:00+00:00,0.0,0.0
2026-03-27 01:15:00+00:00,0.0,0.0
2026-03-27 01:20:00+00:00,0.0,0.0
2026-03-27 01:25:00+00:00,0.0,0.0
2026-03-27 01:30:00+00:00,0.0,0.0
2026-03-27 01:35:00+00:00,0.0,0.0
2026-03-27 01:40:00+00:00,0.0,0.0
2026-03-27 01:45:00+00:00,0.0,0.0
2026-03-27 01:50:00+00:00,0.0,0.0
2026-03-27 01:55:00+00:00,0.0,0.0
2026-03-27 02:00:00+00:00,0.0,0.0
2026-03-27 02:05:00+00:00,0.0,0.0
2026-03-27 02:10:00+00:00,0.0,0.0
2026-03-27 02:15:00+00:00,0.0,0.0
2026-03-27 02:20:00+00:00,0.0,0.0
2026-03-27 02:25:00+00:00,0.0,0.0
2026-03-27 02:30:00+00:00,0.0,0.0
2026-03-27 02:35:00+00:00,0.0,0.0
2026-03-27 02:40:00+00:00,0.0,0.0
2026-03-27 02:45:00+00:00,0.0,0.0
2026-03-27 02:50:00+00:00,0.0,0.0
2026-03-27 02:55:00+00:00,0.0,0.0
2026-03-27 03:00:00+00:00,0.0,0.0
2026-03-27 03:05:00+00:00,0.0,0.0
2026-03-27 03:10:00+00:00,0.0,0.0
2026-03-27 03:15:00+00:00,0.0,0.0
2026-03-27 03:20:00+00:00,0.0,0.0
2026-03-27 03:25:00+00:00,0.0,0.0
2026-03-27 03:30:00+00:00,0.0,0.0
2026-03-27 03:35:00+00:00,0.0,0.0
2026-03-27 03:40:00+00:00,0.0,0.0
2026-03-27 03:45:00+00:00,0.0,0.0
2026-03-27 03:50:00+00:00,0.0,0.0
2026-03-27 03:55:00+00:00,0.0,0.0
2026-03-27 04:00:00+00:00,0.0,0.0
2026-03-27 04:05:00+00:00,0.0,0.0
2026-03-27 04:10:00+00:00,0.0,0.0
2026-03-27 04:15:00+00:00,0.0,0.0
2026-03-27 04:20:00+00:00,0.0,0.0
2026-03-27 04:25:00+00:00,0.0,0.0
2026-03-27 04:30:00+00:00,0.0,0.0
2026-03-27 04:35:00+00:00,0.0,0.0
2026-03-27 04:40:00+00:00,0.0,0.0
2026-03-27 04:45:00+00:00,0.0,0.0
2026-03-27 04:50:00+00:00,0.0,0.0
2026-03-27 04:55:00+00:00,0.0,0.0
2026-03-27 05:00:00+00:00,0.0,0.0
2026-03-27 05:05:00+00:00,0.0,0.0
2026-03-27 05:10:00+00:00,0.0,0.0
2026-03-27 05:15:00+00:00,0.0,0.0
2026-03-27 05:20:00+00:00,0.0,0.0
2026-03-27 05:25:00+00:00,0.0,0.0
2026-03-27 05:30:00+00:00,0.0,0.0
2026-03-27 05:35:00+00:00,0.0,0.0
2026-03-27 05:40:00+00:00,0.0,0.0
2026-03-27 05:45:00+00:00,0.0,0.0
2026-03-27 05:50:00+00:00,0.0,0.0
2026-03-27 05:55:00+00:00,0.0,0.0
2026-03-27 06:00:00+00:00,0.0,0.0
2026-03-27 06:05:00+00:00,0.0,0.0
2026-03-27 06:10:00+00:00,0.0,0.0
2026-03-27 06:15:00+00:00,0.0,0.0
2026-03-27 06:20:00+00:00,0.0,0.0
2026-03-27 06:25:00+00:00,0.0,0.0
2026-03-27 06:30:00+00:00,0.0,0.0
2026-03-27 06:35:00+00:00,0.0,0.0
2026-03-27 06:40:00+00:00,0.0,0.0
2026-03-27 06:45:00+00:00,0.0,0.0
2026-03-27 06:50:00+00:00,0.0,0.0
2026-03-27 06:55:00+00:00,0.0,0.0
2026-03-27 07:00:00+00:00,0.0,0.0
2026-03-27 07:05:00+00:00,0.0,0.0
2026-03-27 07:10:00+00:00,0.0,0.0
2026-03-27 07:15:00+00:00,0.0,0.0
2026-03-27 07:20:00+00:00,0.0,0.0
2026-03-27 07:25:00+00:00,0.0,0.0
2026-03-27 07:30:00+00:00,0.0,0.0
2026-03-27 07:35:00+00:00,0.0,0.0
2026-03-27 07:40:00+00:00,0.0,0.0
2026-03-27 07:45:00+00:00,0.0,0.0
2026-03-27 07:50:00+00:00,0.0,0.0
2026-03-27 07:55:00+00:00,0.0,0.0
2026-03-27 08:00:00+00:00,0.0,0.0
2026-03-27 08:05:00+00:00,0.0,0.0
2026-03-27 08:10:00+00:00,0.0,0.0
2026-03-27 08:15:00+00:00,0.0,0.0
2026-03-27 08:20:00+00:00,0.0,0.0
2026-03-27 08:25:00+00:00,0.0,0.0
2026-03-27 08:30:00+00:00,0.0,0.0
2026-03-27 08:35:00+00:00,0.0,0.0
2026-03-27 08:40:00+00:00,0.0,0.0
2026-03-27 08:45:00+00:00,0.0,0.0
2026-03-27 08:50:00+00:00,0.0,0.0
2026-03-27 08:55:00+00:00,0.0,0.0
2026-03-27 09:00:00+00:00,0.0,0.0
2026-03-27 09:05:00+00:00,0.0,0.0
2026-03-27 09:10:00+00:00,0.0,0.0
2026-03-27 09:15:00+00:00,0.0,0.0
2026-03-27 09:20:00+00:00,0.0,0.0
2026-03-27 09:25:00+00:00,0.0,0.0
2026-03-27 09:30:00+00:00,0.0,0.0
2026-03-27 09:35:00+00:00,0.0,0.0
2026-03-27 09:40:00+00:00,0.0,0.0
2026-03-27 09:45:00+00:00,0.0,0.0
2026-03-27 09:50:00+00:00,0.0,0.0
2026-03-27 09:55:00+00:00,0.0,0.0
2026-03-27 10:00:00+00:00,0.0,0.0
2026-03-27 10:05:00+00:00,0.0,0.0
2026-03-27 10:10:00+00:00,0.0,0.0
2026-03-27 10:15:00+00:00,0.0,0.0
2026-03-27 10:20:00+00:00,0.0,0.0
2026-03-27 10:25:00+00:00,0.0,0.0
2026-03-27 10:30:00+00:00,0.0,0.0
2026-03-27 10:35:00+00:00,0.0,0.0
2026-03-27 10:40:00+00:00,0.0,0.0
2026-03-27 10:45:00+00:00,0.0,0.0
2026-03-27 10:50:00+00:00,0.0,0.0
2026-03-27 10:55:00+00:00,0.0,0.0
2026-03-27 11:00:00+00:00,0.0,0.0
2026-03-27 11:05:00+00:00,0.0,0.0
2026-03-27 11:10:00+00:00,0.0,0.0
2026-03-27 11:15:00+00:00,0.0,0.0
2026-03-27 11:20:00+00:00,0.0,0.0
2026-03-27 11:25:00+00:00,0.0,0.0
2026-03-27 11:30:00+00:00,0.0,0.0
2026-03-27 11:35:00+00:00,0.0,0.0
2026-03-27 11:40:00+00:00,0.0,0.0
2026-03-27 11:45:00+00:00,0.0,0.0
2026-03-27 11:50:00+00:00,0.0,0.0
2026-03-27 11:55:00+00:00,0.0,0.0
2026-03-27 12:00:00+00:00,0.0,0.0
2026-03-27 12:05:00+00:00,0.0,0.0
2026-03-27 12:10:00+00:00,0.0,0.0
2026-03-27 12:15:00+00:00,0.0,0.0
2026-03-27 12:20:00+00:00,0.0,0.0
2026-03-27 12:25:00+00:00,0.0,0.0
2026-03-27 12:30:00+00:00,0.0,0.0
2026-03-27 12:35:00+00:00,0.0,0.0
2026-03-27 12:40:00+00:00,0.0,0.0
2026-03-27 12:45:00+00:00,0.0,0.0
2026-03-27 12:50:00+00:00,0.0,0.0
2026-03-27 12:55:00+00:00,0.0,0.0
2026-03-27 13:00:00+00:00,0.0,0.0
2026-03-27 13:05:00+00:00,0.0,0.0
2026-03-27 13:10:00+00:00,0.0,0.0
2026-03-27 13:15:00+00:00,0.0,0.0
2026-03-27 13:20:00+00:00,0.0,0.0
2026-03-27 13:25:00+00:00,0.0,0.0
2026-03-27 13:30:00+00:00,0.0,0.0
2026-03-27 13:35:00+00:00,0.0,0.0
2026-03-27 13:40:00+00:00,0.0,0.0
2026-03-27 13:45:00+00:00,0.0,0.0
2026-03-27 13:50:00+00:00,0.0,0.0
2026-03-27 13:55:00+00:00,0.0,0.0
2026-03-27 14:00:00+00:00,0.0,0.0
2026-03-27 14:05:00+00:00,0.0,0.0
2026-03-27 14:10:00+00:00,0.0,0.0
2026-03-27 14:15:00+00:00,0.0,0.0
2026-03-27 14:20:00+00:00,0.0,0.0
2026-03-27 14:25:00+00:00,0.0,0.0
2026-03-27 14:30:00+00:00,0.0,0.0
2026-03-27 14:35:00+00:00,0.0,0.0
2026-03-27 14:40:00+00:00,0.0,0.0
2026-03-27 14:45:00+00:00,0.0,0.0
2026-03-27 14:50:00+00:00,0.0,0.0
2026-03-27 14:55:00+00:00,0.0,0.0
2026-03-27 15:00:00+00:00,0.0,0.0
2026-03-27 15:05:00+00:00,0.0,0.0
2026-03-27 15:10:00+00:00,0.0,0.0
2026-03-27 15:15:00+00:00,0.0,0.0
2026-03-27 15:20:00+00:00,0.0,0.0
2026-03-27 15:25:00+00:00,0.0,0.0
2026-03-27 15:30:00+00:00,0.0,0.0
2026-03-27 15:35:00+00:00,0.0,0.0
2026-03-27 15:40:00+00:00,0.0,0.0
2026-03-27 15:45:00+00:00,0.0,0.0
2026-03-27 15:50:00+00:00,0.0,0.0
2026-03-27 15:55:00+00:00,0.0,0.0
2026-03-27 16:00:00+00:00,0.0,0.0
2026-03-27 16:05:00+00:00,0.0,0.0
2026-03-27 16:10:00+00:00,0.0,0.0
2026-03-27 16:15:00+00:00,0.0,0.0
2026-03-27 16:20:00+00:00,0.0,0.0
2026-03-27 16:25:00+00:00,0.0,0.0
2026-03-27 16:30:00+00:00,0.0,0.0
2026-03-27 16:35:00+00:00,0.0,0.0
2026-03-27 16:40:00+00:00,0.0,0.0
2026-03-27 16:45:00+00:00,0.0,0.0
2026-03-27 16:50:00+00:00,0.0,0.0
2026-03-27 16:55:00+00:00,0.0,0.0
2026-03-27 17:00:00+00:00,0.0,0.0
2026-03-27 17:05:00+00:00,0.0,0.0
2026-03-27 17:10:00+00:00,0.0,0.0
2026-03-27 17:15:00+00:00,0.0,0.0
2026-03-27 17:20:00+00:00,0.0,0.0
2026-03-27 17:25:00+00:00,0.0,0.0
2026-03-27 17:30:00+00:00,0.0,0.0
2026-03-27 17:35:00+00:00,0.0,0.0
2026-03-27 17:40:00+00:00,0.0,0.0
2026-03-27 17:45:00+00:00,0.0,0.0
2026-03-27 17:50:00+00:00,0.0,0.0
2026-03-27 17:55:00+00:00,0.0,0.0
2026-03-27 18:00:00+00:00,0.0,0.0
2026-03-27 18:05:00+00:00,0.0,0.0
2026-03-27 18:10:00+00:00,0.0,0.0
2026-03-27 18:15:00+00:00,0.0,0.0
2026-03-27 18:20:00+00:00,0.0,0.0
2026-03-27 18:25:00+00:00,0.0,0.0
2026-03-27 18:30:00+00:00,0.0,0.0
2026-03-27 18:35:00+00:00,0.0,0.0
2026-03-27 18:40:00+00:00,0.0,0.0
2026-03-27 18:45:00+00:00,0.0,0.0
2026-03-27 18:50:00+00:00,0.0,0.0
2026-03-27 18:55:00+00:00,0.0,0.0
2026-03-27 19:00:00+00:00,0.0,0.0
2026-03-27 19:05:00+00:00,0.0,0.0
2026-03-27 19:10:00+00:00,0.0,0.0
2026-03-27 19:15:00+00:00,0.0,0.0
2026-03-27 19:20:00+00:00,0.0,0.0
2026-03-27 19:25:00+00:00,0.0,0.0
2026-03-27 19:30:00+00:00,0.0,0.0
2026-03-27 19:35:00+00:00,0.0,0.0
2026-03-27 19:40:00+00:00,0.0,0.0
2026-03-27 19:45:00+00:00,0.0,0.0
2026-03-27 19:50:00+00:00,0.0,0.0
2026-03-27 19:55:00+00:00,0.0,0.0
2026-03-27 20:00:00+00:00,0.0,0.0
2026-03-27 20:05:00+00:00,0.0,0.0
2026-03-27 20:10:00+00:00,0.0,0.0
2026-03-27 20:15:00+00:00,0.0,0.0
2026-03-27 20:20:00+00:00,0.0,0.0
2026-03-27 20:25:00+00:00,0.0,0.0
2026-03-27 20:30:00+00:00,0.0,0.0
2026-03-27 20:35:00+00:00,0.0,0.0
2026-03-27 20:40:00+00:00,0.0,0.0
2026-03-27 20:45:00+00:00,0.0,0.0
2026-03-27 20:50:00+00:00,0.0,0.0
2026-03-27 20:55:00+00:00,0.0,0.0
2026-03-27 21:00:00+00:00,0.0,0.0
2026-03-27 21:05:00+00:00,0.0,0.0
2026-03-27 21:10:00+00:00,0.0,0.0
2026-03-27 21:15:00+00:00,0.0,0.0
2026-03-27 21:20:00+00:00,0.0,0.0
2026-03-27 21:25:00+00:00,0.0,0.0
2026-03-27 21:30:00+00:00,0.0,0.0
2026-03-27 21:35:00+00:00,0.0,0.0
2026-03-27 21:40:00+00:00,0.0,0.0
2026-03-27 21:45:00+00:00,0.0,0.0
2026-03-27 21:50:00+00:00,0.0,0.0
2026-03-27 21:55:00+00:00,0.0,0.0
2026-03-27 22:00:00+00:00,0.0,0.0
2026-03-27 22:05:00+00:00,0.0,0.0
2026-03-27 22:10:00+00:00,0.0,0.0
2026-03-27 22:15:00+00:00,0.0,0.0
2026-03-27 22:20:00+00:00,0.0,0.0
2026-03-27 22:25:00+00:00,0.0,0.0
2026-03-27 22:30:00+00:00,0.0,0.0
2026-03-27 22:35:00+00:00,0.0,0.0
2026-03-27 22:40:00+00:00,0.0,0.0
2026-03-27 22:45:00+00:00,0.0,0.0
2026-03-27 22:50:00+00:00,0.0,0.0
2026-03-27 22:55:00+00:00,0.0,0.0
2026-03-27 23:00:00+00:00,0.0,0.0
2026-03-27 23:05:00+00:00,0.0,0.0
2026-03-27 23:10:00+00:00,0.0,0.0
2026-03-27 23:15:00+00:00,0.0,0.0
2026-03-27 23:20:00+00:00,0.0,0.0
2026-03-27 23:25:00+00:00,0.0,0.0
2026-03-27 23:30:00+00:00,0.0,0.0
2026-03-27 23:35:00+00:00,0.0,0.0
2026-03-27 23:40:00+00:00,0.0,0.0
2026-03-27 23:45:00+00:00,0.0,0.0
2026-03-27 23:50:00+00:00,0.0,0.0
2026-03-27 23:55:00+00:00,0.0,0.0
2026-03-28 00:00:00+00:00,0.0,0.0
2026-03-28 00:05:00+00:00,0.0,0.0
2026-03-28 00:10:00+00:00,0.0,0.0
2026-03-28 00:15:00+00:00,0.0,0.0
2026-03-28 00:20:00+00:00,0.0,0.0
2026-03-28 00:25:00+00:00,0.0,0.0
2026-03-28 00:30:00+00:00,0.0,0.0
2026-03-28 00:35:00+00:00,0.0,0.0
2026-03-28 00:40:00+00:00,0.0,0.0
2026-03-28 00:45:00+00:00,0.0,0.0
2026-03-28 00:50:00+00:00,0.0,0.0
2026-03-28 00:55:00+00:00,0.0,0.0
2026-03-28 01:00:00+00:00,0.0,0.0
2026-03-28 01:05:00+00:00,0.0,0.0
2026-03-28 01:10:00+00:00,0.0,0.0
2026-03-28 01:15:00+00:00,0.0,0.0
2026-03-28 01:20:00+00:00,0.0,0.0
2026-03-28 01:25:00+00:00,0.0,0.0
2026-03-28 01:30:00+00:00,0.0,0.0
2026-03-28 01:35:00+00:00,0.0,0.0
2026-03-28 01:40:00+00:00,0.0,0.0
2026-03-28 01:45:00+00:00,0.0,0.0
2026-03-28 01:50:00+00:00,0.0,0.0
2026-03-28 01:55:00+00:00,0.0,0.0
2026-03-28 02:00:00+00:00,0.0,0.0
2026-03-28 02:05:00+00:00,0.0,0.0
2026-03-28 02:10:00+00:00,0.0,0.0
2026-03-28 02:15:00+00:00,0.0,0.0
2026-03-28 02:20:00+00:00,0.0,0.0
2026-03-28 02:25:00+00:00,0.0,0.0
2026-03-28 02:30:00+00:00,0.0,0.0
2026-03-28 02:35:00+00:00,0.0,0.0
2026-03-28 02:40:00+00:00,0.0,0.0
2026-03-28 02:45:00+00:00,0.0,0.0
2026-03-28 02:50:00+00:00,0.0,0.0
2026-03-28 02:55:00+00:00,0.0,0.0
2026-03-28 03:00:00+00:00,0.0,0.0
2026-03-28 03:05:00+00:00,0.0,0.0
2026-03-28 03:10:00+00:00,0.0,0.0
2026-03-28 03:15:00+00:00,0.0,0.0
2026-03-28 03:20:00+00:00,0.0,0.0
2026-03-28 03:25:00+00:00,0.0,0.0
2026-03-28 03:30:00+00:00,0.0,0.0
2026-03-28 03:35:00+00:00,0.0,0.0
2026-03-28 03:40:00+00:00,0.0,0.0
2026-03-28 03:45:00+00:00,0.0,0.0
2026-03-28 03:50:00+00:00,0.0,0.0
2026-03-28 03:55:00+00:00,0.0,0.0
2026-03-28 04:00:00+00:00,0.0,0.0
2026-03-28 04:05:00+00:00,0.0,0.0
2026-03-28 04:10:00+00:00,0.0,0.0
2026-03-28 04:15:00+00:00,0.0,0.0
2026-03-28 04:20:00+00:00,0.0,0.0
2026-03-28 04:25:00+00:00,0.0,0.0
2026-03-28 04:30:00+00:00,0.0,0.0
2026-03-28 04:35:00+00:00,0.0,0.0
2026-03-28 04:40:00+00:00,0.0,0.0
2026-03-28 04:45:00+00:00,0.0,0.0
2026-03-28 04:50:00+00:00,0.0,0.0
2026-03-28 04:55:00+00:00,0.0,0.0
2026-03-28 05:00:00+00:00,0.0,0.0
2026-03-28 05:05:00+00:00,0.0,0.0
2026-03-28 05:10:00+00:00,0.0,0.0
2026-03-28 05:15:00+00:00,0.0,0.0
2026-03-28 05:20:00+00:00,0.0,0.0
2026-03-28 05:25:00+00:00,0.0,0.0
2026-03-28 05:30:00+00:00,0.0,0.0
2026-03-28 05:35:00+00:00,0.0,0.0
2026-03-28 05:40:00+00:00,0.0,0.0
2026-03-28 05:45:00+00:00,0.0,0.0
2026-03-28 05:50:00+00:00,0.0,0.0
2026-03-28 05:55:00+00:00,0.0,0.0
2026-03-28 06:00:00+00:00,0.0,0.0
2026-03-28 06:05:00+00:00,0.0,0.0
2026-03-28 06:10:00+00:00,0.0,0.0
2026-03-28 06:15:00+00:00,0.0,0.0
2026-03-28 06:20:00+00:00,0.0,0.0
2026-03-28 06:25:00+00:00,0.0,0.0
2026-03-28 06:30:00+00:00,0.0,0.0
2026-03-28 06:35:00+00:00,0.0,0.0
2026-03-28 06:40:00+00:00,0.0,0.0
2026-03-28 06:45:00+00:00,0.0,0.0
2026-03-28 06:50:00+00:00,0.0,0.0
2026-03-28 06:55:00+00:00,0.0,0.0
2026-03-28 07:00:00+00:00,0.0,0.0
2026-03-28 07:05:00+00:00,0.0,0.0
2026-03-28 07:10:00+00:00,0.0,0.0
2026-03-28 07:15:00+00:00,0.0,0.0
2026-03-28 07:20:00+00:00,0.0,0.0
2026-03-28 07:25:00+00:00,0.0,0.0
2026-03-28 07:30:00+00:00,0.0,0.0
2026-03-28 07:35:00+00:00,0.0,0.0
2026-03-28 07:40:00+00:00,0.0,0.0
2026-03-28 07:45:00+00:00,0.0,0.0
2026-03-28 07:50:00+00:00,0.0,0.0
2026-03-28 07:55:00+00:00,0.0,0.0
2026-03-28 08:00:00+00:00,0.0,0.0
2026-03-28 08:05:00+00:00,0.0,0.0
2026-03-28 08:10:00+00:00,0.0,0.0
2026-03-28 08:15:00+00:00,0.0,0.0
2026-03-28 08:20:00+00:00,0.0,0.0
2026-03-28 08:25:00+00:00,0.0,0.0
2026-03-28 08:30:00+00:00,0.0,0.0
2026-03-28 08:35:00+00:00,0.0,0.0
2026-03-28 08:40:00+00:00,0.0,0.0
2026-03-28 08:45:00+00:00,0.0,0.0
2026-03-28 08:50:00+00:00,0.0,0.0
2026-03-28 08:55:00+00:00,0.0,0.0
2026-03-28 09:00:00+00:00,0.0,0.0
2026-03-28 09:05:00+00:00,0.0,0.0
2026-03-28 09:10:00+00:00,0.0,0.0
2026-03-28 09:15:00+00:00,0.0,0.0
2026-03-28 09:20:00+00:00,0.0,0.0
2026-03-28 09:25:00+00:00,0.0,0.0
2026-03-28 09:30:00+00:00,0.0,0.0
2026-03-28 09:35:00+00:00,0.0,0.0
2026-03-28 09:40:00+00:00,0.0,0.0
2026-03-28 09:45:00+00:00,0.0,0.0
2026-03-28 09:50:00+00:00,0.0,0.0
2026-03-28 09:55:00+00:00,0.0,0.0
2026-03-28 10:00:00+00:00,0.0,0.0
2026-03-28 10:05:00+00:00,0.0,0.0
2026-03-28 10:10:00+00:00,0.0,0.0
2026-03-28 10:15:00+00:00,0.0,0.0
2026-03-28 10:20:00+00:00,0.0,0.0
2026-03-28 10:25:00+00:00,0.0,0.0
2026-03-28 10:30:00+00:00,0.0,0.0
2026-03-28 10:35:00+00:00,0.0,0.0
2026-03-28 10:40:00+00:00,0.0,0.0
2026-03-28 10:45:00+00:00,0.0,0.0
2026-03-28 10:50:00+00:00,0.0,0.0
2026-03-28 10:55:00+00:00,0.0,0.0
2026-03-28 11:00:00+00:00,0.0,0.0
2026-03-28 11:05:00+00:00,0.0,0.0
2026-03-28 11:10:00+00:00,0.0,0.0
2026-03-28 11:15:00+00:00,0.0,0.0
2026-03-28 11:20:00+00:00,0.0,0.0
2026-03-28 11:25:00+00:00,0.0,0.0
2026-03-28 11:30:00+00:00,0.0,0.0
2026-03-28 11:35:00+00:00,0.0,0.0
2026-03-28 11:40:00+00:00,0.0,0.0
2026-03-28 11:45:00+00:00,0.0,0.0
2026-03-28 11:50:00+00:00,0.0,0.0
2026-03-28 11:55:00+00:00,0.0,0.0
2026-03-28 12:00:00+00:00,0.0,0.0
2026-03-28 12:05:00+00:00,0.0,0.0
2026-03-28 12:10:00+00:00,0.0,0.0
2026-03-28 12:15:00+00:00,0.0,0.0
2026-03-28 12:20:00+00:00,0.0,0.0
2026-03-28 12:25:00+00:00,0.0,0.0
2026-03-28 12:30:00+00:00,0.0,0.0
2026-03-28 12:35:00+00:00,0.0,0.0
2026-03-28 12:40:00+00:00,0.0,0.0
2026-03-28 12:45:00+00:00,0.0,0.0
2026-03-28 12:50:00+00:00,0.0,0.0
2026-03-28 12:55:00+00:00,0.0,0.0
2026-03-28 13:00:00+00:00,0.0,0.0
2026-03-28 13:05:00+00:00,0.0,0.0
2026-03-28 13:10:00+00:00,0.0,0.0
2026-03-28 13:15:00+00:00,0.0,0.0
2026-03-28 13:20:00+00:00,0.0,0.0
2026-03-28 13:25:00+00:00,0.0,0.0
2026-03-28 13:30:00+00:00,0.0,0.0
2026-03-28 13:35:00+00:00,0.0,0.0
2026-03-28 13:40:00+00:00,0.0,0.0
2026-03-28 13:45:00+00:00,0.0,0.0
2026-03-28 13:50:00+00:00,0.0,0.0
2026-03-28 13:55:00+00:00,0.0,0.0
2026-03-28 14:00:00+00:00,0.0,0.0
2026-03-28 14:05:00+00:00,0.0,0.0
2026-03-28 14:10:00+00:00,0.0,0.0
2026-03-28 14:15:00+00:00,0.0,0.0
2026-03-28 14:20:00+00:00,0.0,0.0
2026-03-28 14:25:00+00:00,0.0,0.0
2026-03-28 14:30:00+00:00,0.0,0.0
2026-03-28 14:35:00+00:00,0.0,0.0
2026-03-28 14:40:00+00:00,0.0,0.0
2026-03-28 14:45:00+00:00,0.0,0.0
2026-03-28 14:50:00+00:00,0.0,0.0
2026-03-28 14:55:00+00:00,0.0,0.0
2026-03-28 15:00:00+00:00,0.0,0.0
2026-03-28 15:05:00+00:00,0.0,0.0
2026-03-28 15:10:00+00:00,0.0,0.0
2026-03-28 15:15:00+00:00,0.0,0.0
2026-03-28 15:20:00+00:00,0.0,0.0
2026-03-28 15:25:00+00:00,0.0,0.0
2026-03-28 15:30:00+00:00,0.0,0.0
2026-03-28 15:35:00+00:00,0.0,0.0
2026-03-28 15:40:00+00:00,0.0,0.0
2026-03-28 15:45:00+00:00,0.0,0.0
2026-03-28 15:50:00+00:00,0.0,0.0
2026-03-28 15:55:00+00:00,0.0,0.0
2026-03-28 16:00:00+00:00,0.0,0.0
2026-03-28 16:05:00+00:00,0.0,0.0
2026-03-28 16:10:00+00:00,0.0,0.0
2026-03-28 16:15:00+00:00,0.0,0.0
2026-03-28 16:20:00+00:00,0.0,0.0
2026-03-28 16:25:00+00:00,0.0,0.0
2026-03-28 16:30:00+00:00,0.0,0.0
2026-03-28 16:35:00+00:00,0.0,0.0
2026-03-28 16:40:00+00:00,0.0,0.0
2026-03-28 16:45:00+00:00,0.0,0.0
2026-03-28 16:50:00+00:00,0.0,0.0
2026-03-28 16:55:00+00:00,0.0,0.0
2026-03-28 17:00:00+00:00,0.0,0.0
2026-03-28 17:05:00+00:00,0.0,0.0
2026-03-28 17:10:00+00:00,0.0,0.0
2026-03-28 17:15:00+00:00,0.0,0.0
2026-03-28 17:20:00+00:00,0.0,0.0
2026-03-28 17:25:00+00:00,0.0,0.0
2026-03-28 17:30:00+00:00,0.0,0.0
2026-03-28 17:35:00+00:00,0.0,0.0
2026-03-28 17:40:00+00:00,0.0,0.0
2026-03-28 17:45:00+00:00,0.0,0.0
2026-03-28 17:50:00+00:00,0.0,0.0
2026-03-28 17:55:00+00:00,0.0,0.0
2026-03-28 18:00:00+00:00,0.0,0.0
2026-03-28 18:05:00+00:00,0.0,0.0
2026-03-28 18:10:00+00:00,0.0,0.0
2026-03-28 18:15:00+00:00,0.0,0.0
2026-03-28 18:20:00+00:00,0.0,0.0
2026-03-28 18:25:00+00:00,0.0,0.0
2026-03-28 18:30:00+00:00,0.0,0.0
2026-03-28 18:35:00+00:00,0.0,0.0
2026-03-28 18:40:00+00:00,0.0,0.0
2026-03-28 18:45:00+00:00,0.0,0.0
2026-03-28 18:50:00+00:00,0.0,0.0
2026-03-28 18:55:00+00:00,0.0,0.0
2026-03-28 19:00:00+00:00,0.0,0.0
2026-03-28 19:05:00+00:00,0.0,0.0
2026-03-28 19:10:00+00:00,0.0,0.0
2026-03-28 19:15:00+00:00,0.0,0.0
2026-03-28 19:20:00+00:00,0.0,0.0
2026-03-28 19:25:00+00:00,0.0,0.0
2026-03-28 19:30:00+00:00,0.0,0.0
2026-03-28 19:35:00+00:00,0.0,0.0
2026-03-28 19:40:00+00:00,0.0,0.0
2026-03-28 19:45:00+00:00,0.0,0.0
2026-03-28 19:50:00+00:00,0.0,0.0
2026-03-28 19:55:00+00:00,0.0,0.0
2026-03-28 20:00:00+00:00,0.0,0.0
2026-03-28 20:05:00+00:00,0.0,0.0
2026-03-28 20:10:00+00:00,0.0,0.0
2026-03-28 20:15:00+00:00,0.0,0.0
2026-03-28 20:20:00+00:00,0.0,0.0
2026-03-28 20:25:00+00:00,0.0,0.0
2026-03-28 20:30:00+00:00,0.0,0.0
2026-03-28 20:35:00+00:00,0.0,0.0
2026-03-28 20:40:00+00:00,0.0,0.0
2026-03-28 20:45:00+00:00,0.0,0.0
2026-03-28 20:50:00+00:00,0.0,0.0
2026-03-28 20:55:00+00:00,0.0,0.0
2026-03-28 21:00:00+00:00,0.0,0.0
2026-03-28 21:05:00+00:00,0.0,0.0
2026-03-28 21:10:00+00:00,0.0,0.0
2026-03-28 21:15:00+00:00,0.0,0.0
2026-03-28 21:20:00+00:00,0.0,0.0
2026-03-28 21:25:00+00:00,0.0,0.0
2026-03-28 21:30:00+00:00,0.0,0.0
2026-03-28 21:35:00+00:00,0.0,0.0
2026-03-28 21:40:00+00:00,0.0,0.0
2026-03-28 21:45:00+00:00,0.0,0.0
2026-03-28 21:50:00+00:00,0.0,0.0
2026-03-28 21:55:00+00:00,0.0,0.0
2026-03-28 22:00:00+00:00,0.0,0.0
2026-03-28 22:05:00+00:00,0.0,0.0
2026-03-28 22:10:00+00:00,0.0,0.0
2026-03-28 22:15:00+00:00,0.0,0.0
2026-03-28 22:20:00+00:00,0.0,0.0
2026-03-28 22:25:00+00:00,0.0,0.0
2026-03-28 22:30:00+00:00,0.0,0.0
2026-03-28 22:35:00+00:00,0.0,0.0
2026-03-28 22:40:00+00:00,0.0,0.0
2026-03-28 22:45:00+00:00,0.0,0.0
2026-03-28 22:50:00+00:00,0.0,0.0
2026-03-28 22:55:00+00:00,0.0,0.0
2026-03-28 23:00:00+00:00,0.0,0.0
2026-03-28 23:05:00+00:00,0.0,0.0
2026-03-28 23:10:00+00:00,0.0,0.0
2026-03-28 23:15:00+00:00,0.0,0.0
2026-03-28 23:20:00+00:00,0.0,0.0
2026-03-28 23:25:00+00:00,0.0,0.0
2026-03-28 23:30:00+00:00,0.0,0.0
2026-03-28 23:35:00+00:00,0.0,0.0
2026-03-28 23:40:00+00:00,0.0,0.0
2026-03-28 23:45:00+00:00,0.0,0.0
2026-03-28 23:50:00+00:00,0.0,0.0
2026-03-28 23:55:00+00:00,0.0,0.0
2026-03-29 00:00:00+00:00,0.0,0.0
2026-03-29 00:05:00+00:00,0.0,0.0
2026-03-29 00:10:00+00:00,0.0,0.0
2026-03-29 00:15:00+00:00,0.0,0.0
2026-03-29 00:20:00+00:00,0.0,0.0
2026-03-29 00:25:00+00:00,0.0,0.0
2026-03-29 00:30:00+00:00,0.0,0.0
2026-03-29 00:35:00+00:00,0.0,0.0
2026-03-29 00:40:00+00:00,0.0,0.0
2026-03-29 00:45:00+00:00,0.0,0.0
2026-03-29 00:50:00+00:00,0.0,0.0
2026-03-29 00:55:00+00:00,0.0,0.0
2026-03-29 01:00:00+00:00,0.0,0.0
2026-03-29 01:05:00+00:00,0.0,0.0
2026-03-29 01:10:00+00:00,0.0,0.0
2026-03-29 01:15:00+00:00,0.0,0.0
2026-03-29 01:20:00+00:00,0.0,0.0
2026-03-29 01:25:00+00:00,0.0,0.0
2026-03-29 01:30:00+00:00,0.0,0.0
2026-03-29 01:35:00+00:00,0.0,0.0
2026-03-29 01:40:00+00:00,0.0,0.0
2026-03-29 01:45:00+00:00,0.0,0.0
2026-03-29 01:50:00+00:00,0.0,0.0
2026-03-29 01:55:00+00:00,0.0,0.0
2026-03-29 02:00:00+00:00,0.0,0.0
2026-03-29 02:05:00+00:00,0.0,0.0
2026-03-29 02:10:00+00:00,0.0,0.0
2026-03-29 02:15:00+00:00,0.0,0.0
2026-03-29 02:20:00+00:00,0.0,0.0
2026-03-29 02:25:00+00:00,0.0,0.0
2026-03-29 02:30:00+00:00,0.0,0.0
2026-03-29 02:35:00+00:00,0.0,0.0
2026-03-29 02:40:00+00:00,0.0,0.0
2026-03-29 02:45:00+00:00,0.0,0.0
2026-03-29 02:50:00+00:00,0.0,0.0
2026-03-29 02:55:00+00:00,0.0,0.0
2026-03-29 03:00:00+00:00,0.0,0.0
2026-03-29 03:05:00+00:00,0.0,0.0
2026-03-29 03:10:00+00:00,0.0,0.0
2026-03-29 03:15:00+00:00,0.0,0.0
2026-03-29 03:20:00+00:00,0.0,0.0
2026-03-29 03:25:00+00:00,0.0,0.0
2026-03-29 03:30:00+00:00,0.0,0.0
2026-03-29 03:35:00+00:00,0.0,0.0
2026-03-29 03:40:00+00:00,0.0,0.0
2026-03-29 03:45:00+00:00,0.0,0.0
2026-03-29 03:50:00+00:00,0.0,0.0
2026-03-29 03:55:00+00:00,0.0,0.0
2026-03-29 04:00:00+00:00,0.0,0.0
2026-03-29 04:05:00+00:00,0.0,0.0
2026-03-29 04:10:00+00:00,0.0,0.0
2026-03-29 04:15:00+00:00,0.0,0.0
2026-03-29 04:20:00+00:00,0.0,0.0
2026-03-29 04:25:00+00:00,0.0,0.0
2026-03-29 04:30:00+00:00,0.0,0.0
2026-03-29 04:35:00+00:00,0.0,0.0
2026-03-29 04:40:00+00:00,0.0,0.0
2026-03-29 04:45:00+00:00,0.0,0.0
2026-03-29 04:50:00+00:00,0.0,0.0
2026-03-29 04:55:00+00:00,0.0,0.0
2026-03-29 05:00:00+00:00,0.0,0.0
2026-03-29 05:05:00+00:00,0.0,0.0
2026-03-29 05:10:00+00:00,0.0,0.0
2026-03-29 05:15:00+00:00,0.0,0.0
2026-03-29 05:20:00+00:00,0.0,0.0
2026-03-29 05:25:00+00:00,0.0,0.0
2026-03-29 05:30:00+00:00,0.0,0.0
2026-03-29 05:35:00+00:00,0.0,0.0
2026-03-29 05:40:00+00:00,0.0,0.0
2026-03-29 05:45:00+00:00,0.0,0.0
2026-03-29 05:50:00+00:00,0.0,0.0
2026-03-29 05:55:00+00:00,0.0,0.0
2026-03-29 06:00:00+00:00,0.0,0.0
2026-03-29 06:05:00+00:00,0.0,0.0
2026-03-29 06:10:00+00:00,0.0,0.0
2026-03-29 06:15:00+00:00,0.0,0.0
2026-03-29 06:20:00+00:00,0.0,0.0
2026-03-29 06:25:00+00:00,0.0,0.0
2026-03-29 06:30:00+00:00,0.0,0.0
2026-03-29 06:35:00+00:00,0.0,0.0
2026-03-29 06:40:00+00:00,0.0,0.0
2026-03-29 06:45:00+00:00,0.0,0.0
2026-03-29 06:50:00+00:00,0.0,0.0
2026-03-29 06:55:00+00:00,0.0,0.0
2026-03-29 07:00:00+00:00,0.0,0.0
2026-03-29 07:05:00+00:00,0.0,0.0
2026-03-29 07:10:00+00:00,0.0,0.0
2026-03-29 07:15:00+00:00,0.0,0.0
2026-03-29 07:20:00+00:00,0.0,0.0
2026-03-29 07:25:00+00:00,0.0,0.0
2026-03-29 07:30:00+00:00,0.0,0.0
2026-03-29 07:35:00+00:00,0.0,0.0
2026-03-29 07:40:00+00:00,0.0,0.0
2026-03-29 07:45:00+00:00,0.0,0.0
2026-03-29 07:50:00+00:00,0.0,0.0
2026-03-29 07:55:00+00:00,0.0,0.0
2026-03-29 08:00:00+00:00,0.0,0.0
2026-03-29 08:05:00+00:00,0.0,0.0
2026-03-29 08:10:00+00:00,0.0,0.0
2026-03-29 08:15:00+00:00,0.0,0.0
2026-03-29 08:20:00+00:00,0.0,0.0
2026-03-29 08:25:00+00:00,0.0,0.0
2026-03-29 08:30:00+00:00,0.0,0.0
2026-03-29 08:35:00+00:00,0.0,0.0
2026-03-29 08:40:00+00:00,0.0,0.0
2026-03-29 08:45:00+00:00,0.0,0.0
2026-03-29 08:50:00+00:00,0.0,0.0
2026-03-29 08:55:00+00:00,0.0,0.0
2026-03-29 09:00:00+00:00,0.0,0.0
2026-03-29 09:05:00+00:00,0.0,0.0
2026-03-29 09:10:00+00:00,0.0,0.0
2026-03-29 09:15:00+00:00,0.0,0.0
2026-03-29 09:20:00+00:00,0.0,0.0
2026-03-29 09:25:00+00:00,0.0,0.0
2026-03-29 09:30:00+00:00,0.0,0.0
2026-03-29 09:35:00+00:00,0.0,0.0
2026-03-29 09:40:00+00:00,0.0,0.0
2026-03-29 09:45:00+00:00,0.0,0.0
2026-03-29 09:50:00+00:00,0.0,0.0
2026-03-29 09:55:00+00:00,0.0,0.0
2026-03-29 10:00:00+00:00,0.0,0.0
2026-03-29 10:05:00+00:00,0.0,0.0
2026-03-29 10:10:00+00:00,0.0,0.0
2026-03-29 10:15:00+00:00,0.0,0.0
2026-03-29 10:20:00+00:00,0.0,0.0
2026-03-29 10:25:00+00:00,0.0,0.0
2026-03-29 10:30:00+00:00,0.0,0.0
2026-03-29 10:35:00+00:00,0.0,0.0
2026-03-29 10:40:00+00:00,0.0,0.0
2026-03-29 10:45:00+00:00,0.0,0.0
2026-03-29 10:50:00+00:00,0.0,0.0
2026-03-29 10:55:00+00:00,0.0,0.0
2026-03-29 11:00:00+00:00,0.0,0.0
2026-03-29 11:05:00+00:00,0.0,0.0
2026-03-29 11:10:00+00:00,0.0,0.0
2026-03-29 11:15:00+00:00,0.0,0.0
2026-03-29 11:20:00+00:00,0.0,0.0
2026-03-29 11:25:00+00:00,0.0,0.0
2026-03-29 11:30:00+00:00,0.0,0.0
2026-03-29 11:35:00+00:00,0.0,0.0
2026-03-29 11:40:00+00:00,0.0,0.0
2026-03-29 11:45:00+00:00,0.0,0.0
2026-03-29 11:50:00+00:00,0.0,0.0
2026-03-29 11:55:00+00:00,0.0,0.0
2026-03-29 12:00:00+00:00,0.0,0.0
2026-03-29 12:05:00+00:00,0.0,0.0
2026-03-29 12:10:00+00:00,0.0,0.0
2026-03-29 12:15:00+00:00,0.0,0.0
2026-03-29 12:20:00+00:00,0.0,0.0
2026-03-29 12:25:00+00:00,0.0,0.0
2026-03-29 12:30:00+00:00,0.0,0.0
2026-03-29 12:35:00+00:00,0.0,0.0
2026-03-29 12:40:00+00:00,0.0,0.0
2026-03-29 12:45:00+00:00,0.0,0.0
2026-03-29 12:50:00+00:00,0.0,0.0
2026-03-29 12:55:00+00:00,0.0,0.0
2026-03-29 13:00:00+00:00,0.0,0.0
2026-03-29 13:05:00+00:00,0.0,0.0
2026-03-29 13:10:00+00:00,0.0,0.0
2026-03-29 13:15:00+00:00,0.0,0.0
2026-03-29 13:20:00+00:00,0.0,0.0
2026-03-29 13:25:00+00:00,0.0,0.0
2026-03-29 13:30:00+00:00,0.0,0.0
2026-03-29 13:35:00+00:00,0.0,0.0
2026-03-29 13:40:00+00:00,0.0,0.0
2026-03-29 13:45:00+00:00,0.0,0.0
2026-03-29 13:50:00+00:00,0.0,0.0
2026-03-29 13:55:00+00:00,0.0,0.0
2026-03-29 14:00:00+00:00,0.0,0.0
2026-03-29 14:05:00+00:00,0.0,0.0
2026-03-29 14:10:00+00:00,0.0,0.0
2026-03-29 14:15:00+00:00,0.0,0.0
2026-03-29 14:20:00+00:00,0.0,0.0
2026-03-29 14:25:00+00:00,0.0,0.0
2026-03-29 14:30:00+00:00,0.0,0.0
2026-03-29 14:35:00+00:00,0.0,0.0
2026-03-29 14:40:00+00:00,0.0,0.0
2026-03-29 14:45:00+00:00,0.0,0.0
2026-03-29 14:50:00+00:00,0.0,0.0
2026-03-29 14:55:00+00:00,0.0,0.0
2026-03-29 15:00:00+00:00,0.0,0.0
2026-03-29 15:05:00+00:00,0.0,0.0
2026-03-29 15:10:00+00:00,0.0,0.0
2026-03-29 15:15:00+00:00,0.0,0.0
2026-03-29 15:20:00+00:00,0.0,0.0
2026-03-29 15:25:00+00:00,0.0,0.0
2026-03-29 15:30:00+00:00,0.0,0.0
2026-03-29 15:35:00+00:00,0.0,0.0
2026-03-29 15:40:00+00:00,0.0,0.0
2026-03-29 15:45:00+00:00,0.0,0.0
2026-03-29 15:50:00+00:00,0.0,0.0
2026-03-29 15:55:00+00:00,0.0,0.0
2026-03-29 16:00:00+00:00,0.0,0.0
2026-03-29 16:05:00+00:00,0.0,0.0
2026-03-29 16:10:00+00:00,0.0,0.0
2026-03-29 16:15:00+00:00,0.0,0.0
2026-03-29 16:20:00+00:00,0.0,0.0
2026-03-29 16:25:00+00:00,0.0,0.0
2026-03-29 16:30:00+00:00,0.0,0.0
2026-03-29 16:35:00+00:00,0.0,0.0
2026-03-29 16:40:00+00:00,0.0,0.0
2026-03-29 16:45:00+00:00,0.0,0.0
2026-03-29 16:50:00+00:00,0.0,0.0
2026-03-29 16:55:00+00:00,0.0,0.0
2026-03-29 17:00:00+00:00,0.0,0.0
2026-03-29 17:05:00+00:00,0.0,0.0
2026-03-29 17:10:00+00:00,0.0,0.0
2026-03-29 17:15:00+00:00,0.0,0.0
2026-03-29 17:20:00+00:00,0.0,0.0
2026-03-29 17:25:00+00:00,0.0,0.0
2026-03-29 17:30:00+00:00,0.0,0.0
2026-03-29 17:35:00+00:00,0.0,0.0
2026-03-29 17:40:00+00:00,0.0,0.0
2026-03-29 17:45:00+00:00,0.0,0.0
2026-03-29 17:50:00+00:00,0.0,0.0
2026-03-29 17:55:00+00:00,0.0,0.0
2026-03-29 18:00:00+00:00,0.0,0.0
2026-03-29 18:05:00+00:00,0.0,0.0
2026-03-29 18:10:00+00:00,0.0,0.0
2026-03-29 18:15:00+00:00,0.0,0.0
2026-03-29 18:20:00+00:00,0.0,0.0
2026-03-29 18:25:00+00:00,0.0,0.0
2026-03-29 18:30:00+00:00,0.0,0.0
2026-03-29 18:35:00+00:00,0.0,0.0
2026-03-29 18:40:00+00:00,0.0,0.0
2026-03-29 18:45:00+00:00,0.0,0.0
2026-03-29 18:50:00+00:00,0.0,0.0
2026-03-29 18:55:00+00:00,0.0,0.0
2026-03-29 19:00:00+00:00,0.0,0.0
2026-03-29 19:05:00+00:00,0.0,0.0
2026-03-29 19:10:00+00:00,0.0,0.0
2026-03-29 19:15:00+00:00,0.0,0.0
2026-03-29 19:20:00+00:00,0.0,0.0
2026-03-29 19:25:00+00:00,0.0,0.0
2026-03-29 19:30:00+00:00,0.0,0.0
2026-03-29 19:35:00+00:00,0.0,0.0
2026-03-29 19:40:00+00:00,0.0,0.0
2026-03-29 19:45:00+00:00,0.0,0.0
2026-03-29 19:50:00+00:00,0.0,0.0
2026-03-29 19:55:00+00:00,0.0,0.0
2026-03-29 20:00:00+00:00,0.0,0.0
2026-03-29 20:05:00+00:00,0.0,0.0
2026-03-29 20:10:00+00:00,0.0,0.0
2026-03-29 20:15:00+00:00,0.0,0.0
2026-03-29 20:20:00+00:00,0.0,0.0
2026-03-29 20:25:00+00:00,0.0,0.0
2026-03-29 20:30:00+00:00,0.0,0.0
2026-03-29 20:35:00+00:00,0.0,0.0
2026-03-29 20:40:00+00:00,0.0,0.0
2026-03-29 20:45:00+00:00,0.0,0.0
2026-03-29 20:50:00+00:00,0.0,0.0
2026-03-29 20:55:00+00:00,0.0,0.0
2026-03-29 21:00:00+00:00,0.0,0.0
2026-03-29 21:05:00+00:00,0.0,0.0
2026-03-29 21:10:00+00:00,0.0,0.0
2026-03-29 21:15:00+00:00,0.0,0.0
2026-03-29 21:20:00+00:00,0.0,0.0
2026-03-29 21:25:00+00:00,0.0,0.0
2026-03-29 21:30:00+00:00,0.0,0.0
2026-03-29 21:35:00+00:00,0.0,0.0
2026-03-29 21:40:00+00:00,0.0,0.0
2026-03-29 21:45:00+00:00,0.0,0.0
2026-03-29 21:50:00+00:00,0.0,0.0
2026-03-29 21:55:00+00:00,0.0,0.0
2026-03-29 22:00:00+00:00,0.0,0.0
2026-03-29 22:05:00+00:00,0.0,0.0
2026-03-29 22:10:00+00:00,0.0,0.0
2026-03-29 22:15:00+00:00,0.0,0.0
2026-03-29 22:20:00+00:00,0.0,0.0
2026-03-29 22:25:00+00:00,0.0,0.0
2026-03-29 22:30:00+00:00,0.0,0.0
2026-03-29 22:35:00+00:00,0.0,0.0
2026-03-29 22:40:00+00:00,0.0,0.0
2026-03-29 22:45:00+00:00,0.0,0.0
2026-03-29 22:50:00+00:00,0.0,0.0
2026-03-29 22:55:00+00:00,0.0,0.0
2026-03-29 23:00:00+00:00,0.0,0.0
2026-03-29 23:05:00+00:00,0.0,0.0
2026-03-29 23:10:00+00:00,0.0,0.0
2026-03-29 23:15:00+00:00,0.0,0.0
2026-03-29 23:20:00+00:00,0.0,0.0
2026-03-29 23:25:00+00:00,0.0,0.0
2026-03-29 23:30:00+00:00,0.0,0.0
2026-03-29 23:35:00+00:00,0.0,0.0
2026-03-29 23:40:00+00:00,0.0,0.0
2026-03-29 23:45:00+00:00,0.0,0.0
2026-03-29 23:50:00+00:00,0.0,0.0
2026-03-29 23:55:00+00:00,0.0,0.0
2026-03-30 00:00:00+00:00,0.0,0.0
2026-03-30 00:05:00+00:00,0.0,0.0
2026-03-30 00:10:00+00:00,0.0,0.0
2026-03-30 00:15:00+00:00,0.0,0.0
2026-03-30 00:20:00+00:00,0.0,0.0
2026-03-30 00:25:00+00:00,0.0,0.0
2026-03-30 00:30:00+00:00,0.0,0.0
2026-03-30 00:35:00+00:00,0.0,0.0
2026-03-30 00:40:00+00:00,0.0,0.0
2026-03-30 00:45:00+00:00,0.0,0.0
2026-03-30 00:50:00+00:00,0.0,0.0
2026-03-30 00:55:00+00:00,0.0,0.0
2026-03-30 01:00:00+00:00,0.0,0.0
2026-03-30 01:05:00+00:00,0.0,0.0
2026-03-30 01:10:00+00:00,0.0,0.0
2026-03-30 01:15:00+00:00,0.0,0.0
2026-03-30 01:20:00+00:00,0.0,0.0
2026-03-30 01:25:00+00:00,0.0,0.0
2026-03-30 01:30:00+00:00,0.0,0.0
2026-03-30 01:35:00+00:00,0.0,0.0
2026-03-30 01:40:00+00:00,0.0,0.0
2026-03-30 01:45:00+00:00,0.0,0.0
2026-03-30 01:50:00+00:00,0.0,0.0
2026-03-30 01:55:00+00:00,0.0,0.0
2026-03-30 02:00:00+00:00,0.0,0.0
2026-03-30 02:05:00+00:00,0.0,0.0
2026-03-30 02:10:00+00:00,0.0,0.0
2026-03-30 02:15:00+00:00,0.0,0.0
2026-03-30 02:20:00+00:00,0.0,0.0
2026-03-30 02:25:00+00:00,0.0,0.0
2026-03-30 02:30:00+00:00,0.0,0.0
2026-03-30 02:35:00+00:00,0.0,0.0
2026-03-30 02:40:00+00:00,0.0,0.0
2026-03-30 02:45:00+00:00,0.0,0.0
2026-03-30 02:50:00+00:00,0.0,0.0
2026-03-30 02:55:00+00:00,0.0,0.0
2026-03-30 03:00:00+00:00,0.0,0.0
2026-03-30 03:05:00+00:00,0.0,0.0
2026-03-30 03:10:00+00:00,0.0,0.0
2026-03-30 03:15:00+00:00,0.0,0.0
2026-03-30 03:20:00+00:00,0.0,0.0
2026-03-30 03:25:00+00:00,0.0,0.0
2026-03-30 03:30:00+00:00,0.0,0.0
2026-03-30 03:35:00+00:00,0.0,0.0
2026-03-30 03:40:00+00:00,0.0,0.0
2026-03-30 03:45:00+00:00,0.0,0.0
2026-03-30 03:50:00+00:00,0.0,0.0
2026-03-30 03:55:00+00:00,0.0,0.0
2026-03-30 04:00:00+00:00,0.0,0.0
2026-03-30 04:05:00+00:00,0.0,0.0
2026-03-30 04:10:00+00:00,0.0,0.0
2026-03-30 04:15:00+00:00,0.0,0.0
2026-03-30 04:20:00+00:00,0.0,0.0
2026-03-30 04:25:00+00:00,0.0,0.0
2026-03-30 04:30:00+00:00,0.0,0.0
2026-03-30 04:35:00+00:00,0.0,0.0
2026-03-30 04:40:00+00:00,0.0,0.0
2026-03-30 04:45:00+00:00,0.0,0.0
2026-03-30 04:50:00+00:00,0.0,0.0
2026-03-30 04:55:00+00:00,0.0,0.0
2026-03-30 05:00:00+00:00,0.0,0.0
2026-03-30 05:05:00+00:00,0.0,0.0
2026-03-30 05:10:00+00:00,0.0,0.0
2026-03-30 05:15:00+00:00,0.0,0.0
2026-03-30 05:20:00+00:00,0.0,0.0
2026-03-30 05:25:00+00:00,0.0,0.0
2026-03-30 05:30:00+00:00,0.0,0.0
2026-03-30 05:35:00+00:00,0.0,0.0
2026-03-30 05:40:00+00:00,0.0,0.0
2026-03-30 05:45:00+00:00,0.0,0.0
2026-03-30 05:50:00+00:00,0.0,0.0
2026-03-30 05:55:00+00:00,0.0,0.0
2026-03-30 06:00:00+00:00,0.0,0.0
2026-03-30 06:05:00+00:00,0.0,0.0
2026-03-30 06:10:00+00:00,0.0,0.0
2026-03-30 06:15:00+00:00,0.0,0.0
2026-03-30 06:20:00+00:00,0.0,0.0
2026-03-30 06:25:00+00:00,0.0,0.0
2026-03-30 06:30:00+00:00,0.0,0.0
2026-03-30 06:35:00+00:00,0.0,0.0
2026-03-30 06:40:00+00:00,0.0,0.0
2026-03-30 06:45:00+00:00,0.0,0.0
2026-03-30 06:50:00+00:00,0.0,0.0
2026-03-30 06:55:00+00:00,0.0,0.0
2026-03-30 07:00:00+00:00,0.0,0.0
2026-03-30 07:05:00+00:00,0.0,0.0
2026-03-30 07:10:00+00:00,0.0,0.0
2026-03-30 07:15:00+00:00,0.0,0.0
2026-03-30 07:20:00+00:00,0.0,0.0
2026-03-30 07:25:00+00:00,0.0,0.0
2026-03-30 07:30:00+00:00,0.0,0.0
2026-03-30 07:35:00+00:00,0.0,0.0
2026-03-30 07:40:00+00:00,0.0,0.0
2026-03-30 07:45:00+00:00,0.0,0.0
2026-03-30 07:50:00+00:00,0.0,0.0
2026-03-30 07:55:00+00:00,0.0,0.0
2026-03-30 08:00:00+00:00,0.0,0.0
2026-03-30 08:05:00+00:00,0.0,0.0
2026-03-30 08:10:00+00:00,0.0,0.0
2026-03-30 08:15:00+00:00,0.0,0.0
2026-03-30 08:20:00+00:00,0.0,0.0
2026-03-30 08:25:00+00:00,0.0,0.0
2026-03-30 08:30:00+00:00,0.0,0.0
2026-03-30 08:35:00+00:00,0.0,0.0
2026-03-30 08:40:00+00:00,0.0,0.0
2026-03-30 08:45:00+00:00,0.0,0.0
2026-03-30 08:50:00+00:00,0.0,0.0
2026-03-30 08:55:00+00:00,0.0,0.0
2026-03-30 09:00:00+00:00,0.0,0.0
2026-03-30 09:05:00+00:00,0.0,0.0
2026-03-30 09:10:00+00:00,0.0,0.0
2026-03-30 09:15:00+00:00,0.0,0.0
2026-03-30 09:20:00+00:00,0.0,0.0
2026-03-30 09:25:00+00:00,0.0,0.0
2026-03-30 09:30:00+00:00,0.0,0.0
2026-03-30 09:35:00+00:00,0.0,0.0
2026-03-30 09:40:00+00:00,0.0,0.0
2026-03-30 09:45:00+00:00,0.0,0.0
2026-03-30 09:50:00+00:00,0.0,0.0
2026-03-30 09:55:00+00:00,0.0,0.0
2026-03-30 10:00:00+00:00,0.0,0.0
2026-03-30 10:05:00+00:00,0.0,0.0
2026-03-30 10:10:00+00:00,0.0,0.0
2026-03-30 10:15:00+00:00,0.0,0.0
2026-03-30 10:20:00+00:00,0.0,0.0
2026-03-30 10:25:00+00:00,0.0,0.0
2026-03-30 10:30:00+00:00,0.0,0.0
2026-03-30 10:35:00+00:00,0.0,0.0
2026-03-30 10:40:00+00:00,0.0,0.0
2026-03-30 10:45:00+00:00,0.0,0.0
2026-03-30 10:50:00+00:00,0.0,0.0
2026-03-30 10:55:00+00:00,0.0,0.0
2026-03-30 11:00:00+00:00,0.0,0.0
2026-03-30 11:05:00+00:00,0.0,0.0
2026-03-30 11:10:00+00:00,0.0,0.0
2026-03-30 11:15:00+00:00,0.0,0.0
2026-03-30 11:20:00+00:00,0.0,0.0
2026-03-30 11:25:00+00:00,0.0,0.0
2026-03-30 11:30:00+00:00,0.0,0.0
2026-03-30 11:35:00+00:00,0.0,0.0
2026-03-30 11:40:00+00:00,0.0,0.0
2026-03-30 11:45:00+00:00,0.0,0.0
2026-03-30 11:50:00+00:00,0.0,0.0
2026-03-30 11:55:00+00:00,0.0,0.0
2026-03-30 12:00:00+00:00,0.0,0.0
2026-03-30 12:05:00+00:00,0.0,0.0
2026-03-30 12:10:00+00:00,0.0,0.0
2026-03-30 12:15:00+00:00,0.0,0.0
2026-03-30 12:20:00+00:00,0.0,0.0
2026-03-30 12:25:00+00:00,0.0,0.0
2026-03-30 12:30:00+00:00,0.0,0.0
2026-03-30 12:35:00+00:00,0.0,0.0
2026-03-30 12:40:00+00:00,0.0,0.0
2026-03-30 12:45:00+00:00,0.0,0.0
2026-03-30 12:50:00+00:00,0.0,0.0
2026-03-30 12:55:00+00:00,0.0,0.0
2026-03-30 13:00:00+00:00,0.0,0.0
2026-03-30 13:05:00+00:00,0.0,0.0
2026-03-30 13:10:00+00:00,0.0,0.0
2026-03-30 13:15:00+00:00,0.0,0.0
2026-03-30 13:20:00+00:00,0.0,0.0
2026-03-30 13:25:00+00:00,0.0,0.0
2026-03-30 13:30:00+00:00,0.0,0.0
2026-03-30 13:35:00+00:00,0.0,0.0
2026-03-30 13:40:00+00:00,0.0,0.0
2026-03-30 13:45:00+00:00,0.0,0.0
2026-03-30 13:50:00+00:00,0.0,0.0
2026-03-30 13:55:00+00:00,0.0,0.0
2026-03-30 14:00:00+00:00,0.0,0.0
2026-03-30 14:05:00+00:00,0.0,0.0
2026-03-30 14:10:00+00:00,0.0,0.0
2026-03-30 14:15:00+00:00,0.0,0.0
2026-03-30 14:20:00+00:00,0.0,0.0
2026-03-30 14:25:00+00:00,0.0,0.0
2026-03-30 14:30:00+00:00,0.0,0.0
2026-03-30 14:35:00+00:00,0.0,0.0
2026-03-30 14:40:00+00:00,0.0,0.0
2026-03-30 14:45:00+00:00,0.0,0.0
2026-03-30 14:50:00+00:00,0.0,0.0
2026-03-30 14:55:00+00:00,0.0,0.0
2026-03-30 15:00:00+00:00,0.0,0.0
2026-03-30 15:05:00+00:00,0.0,0.0
2026-03-30 15:10:00+00:00,0.0,0.0
2026-03-30 15:15:00+00:00,0.0,0.0
2026-03-30 15:20:00+00:00,0.0,0.0
2026-03-30 15:25:00+00:00,0.0,0.0
2026-03-30 15:30:00+00:00,0.0,0.0
2026-03-30 15:35:00+00:00,0.0,0.0
2026-03-30 15:40:00+00:00,0.0,0.0
2026-03-30 15:45:00+00:00,0.0,0.0
2026-03-30 15:50:00+00:00,0.0,0.0
2026-03-30 15:55:00+00:00,0.0,0.0
2026-03-30 16:00:00+00:00,0.0,0.0
2026-03-30 16:05:00+00:00,0.0,0.0
2026-03-30 16:10:00+00:00,0.0,0.0
2026-03-30 16:15:00+00:00,0.0,0.0
2026-03-30 16:20:00+00:00,0.0,0.0
2026-03-30 16:25:00+00:00,0.0,0.0
2026-03-30 16:30:00+00:00,0.0,0.0
2026-03-30 16:35:00+00:00,0.0,0.0
2026-03-30 16:40:00+00:00,0.0,0.0
2026-03-30 16:45:00+00:00,0.0,0.0
2026-03-30 16:50:00+00:00,0.0,0.0
2026-03-30 16:55:00+00:00,0.0,0.0
2026-03-30 17:00:00+00:00,0.0,0.0
2026-03-30 17:05:00+00:00,0.0,0.0
2026-03-30 17:10:00+00:00,0.0,0.0
2026-03-30 17:15:00+00:00,0.0,0.0
2026-03-30 17:20:00+00:00,0.0,0.0
2026-03-30 17:25:00+00:00,0.0,0.0
2026-03-30 17:30:00+00:00,0.0,0.0
2026-03-30 17:35:00+00:00,0.0,0.0
2026-03-30 17:40:00+00:00,0.0,0.0
2026-03-30 17:45:00+00:00,0.0,0.0
2026-03-30 17:50:00+00:00,0.0,0.0
2026-03-30 17:55:00+00:00,0.0,0.0
2026-03-30 18:00:00+00:00,0.0,0.0
2026-03-30 18:05:00+00:00,0.0,0.0
2026-03-30 18:10:00+00:00,0.0,0.0
2026-03-30 18:15:00+00:00,0.0,0.0
2026-03-30 18:20:00+00:00,0.0,0.0
2026-03-30 18:25:00+00:00,0.0,0.0
2026-03-30 18:30:00+00:00,0.0,0.0
2026-03-30 18:35:00+00:00,0.0,0.0
2026-03-30 18:40:00+00:00,0.0,0.0
2026-03-30 18:45:00+00:00,0.0,0.0
2026-03-30 18:50:00+00:00,0.0,0.0
2026-03-30 18:55:00+00:00,0.0,0.0
2026-03-30 19:00:00+00:00,0.0,0.0
2026-03-30 19:05:00+00:00,0.0,0.0
2026-03-30 19:10:00+00:00,0.0,0.0
2026-03-30 19:15:00+00:00,0.0,0.0
2026-03-30 19:20:00+00:00,0.0,0.0
2026-03-30 19:25:00+00:00,0.0,0.0
2026-03-30 19:30:00+00:00,0.0,0.0
2026-03-30 19:35:00+00:00,0.0,0.0
2026-03-30 19:40:00+00:00,0.0,0.0
2026-03-30 19:45:00+00:00,0.0,0.0
2026-03-30 19:50:00+00:00,0.0,0.0
2026-03-30 19:55:00+00:00,0.0,0.0
2026-03-30 20:00:00+00:00,0.0,0.0
2026-03-30 20:05:00+00:00,0.0,0.0
2026-03-30 20:10:00+00:00,0.0,0.0
2026-03-30 20:15:00+00:00,0.0,0.0
2026-03-30 20:20:00+00:00,0.0,0.0
2026-03-30 20:25:00+00:00,0.0,0.0
2026-03-30 20:30:00+00:00,0.0,0.0
2026-03-30 20:35:00+00:00,0.0,0.0
2026-03-30 20:40:00+00:00,0.0,0.0
2026-03-30 20:45:00+00:00,0.0,0.0
2026-03-30 20:50:00+00:00,0.0,0.0
2026-03-30 20:55:00+00:00,0.0,0.0
2026-03-30 21:00:00+00:00,0.0,0.0
2026-03-30 21:05:00+00:00,0.0,0.0
2026-03-30 21:10:00+00:00,0.0,0.0
2026-03-30 21:15:00+00:00,0.0,0.0
2026-03-30 21:20:00+00:00,0.0,0.0
2026-03-30 21:25:00+00:00,0.0,0.0
2026-03-30 21:30:00+00:00,0.0,0.0
2026-03-30 21:35:00+00:00,0.0,0.0
2026-03-30 21:40:00+00:00,0.0,0.0
2026-03-30 21:45:00+00:00,0.0,0.0
2026-03-30 21:50:00+00:00,0.0,0.0
2026-03-30 21:55:00+00:00,0.0,0.0
2026-03-30 22:00:00+00:00,0.0,0.0
2026-03-30 22:05:00+00:00,0.0,0.0
2026-03-30 22:10:00+00:00,0.0,0.0
2026-03-30 22:15:00+00:00,0.0,0.0
2026-03-30 22:20:00+00:00,0.0,0.0
2026-03-30 22:25:00+00:00,0.0,0.0
2026-03-30 22:30:00+00:00,0.0,0.0
2026-03-30 22:35:00+00:00,0.0,0.0
2026-03-30 22:40:00+00:00,0.0,0.0
2026-03-30 22:45:00+00:00,0.0,0.0
2026-03-30 22:50:00+00:00,0.0,0.0
2026-03-30 22:55:00+00:00,0.0,0.0
2026-03-30 23:00:00+00:00,0.0,0.0
2026-03-30 23:05:00+00:00,0.0,0.0
2026-03-30 23:10:00+00:00,0.0,0.0
2026-03-30 23:15:00+00:00,0.0,0.0
2026-03-30 23:20:00+00:00,0.0,0.0
2026-03-30 23:25:00+00:00,0.0,0.0
2026-03-30 23:30:00+00:00,0.0,0.0
2026-03-30 23:35:00+00:00,0.0,0.0
2026-03-30 23:40:00+00:00,0.0,0.0
2026-03-30 23:45:00+00:00,0.0,0.0
2026-03-30 23:50:00+00:00,0.0,0.0
2026-03-30 23:55:00+00:00,0.0,0.0
2026-03-31 00:00:00+00:00,0.0,0.0
2026-03-31 00:05:00+00:00,0.0,0.0
2026-03-31 00:10:00+00:00,0.0,0.0
2026-03-31 00:15:00+00:00,0.0,0.0
2026-03-31 00:20:00+00:00,0.0,0.0
2026-03-31 00:25:00+00:00,0.0,0.0
2026-03-31 00:30:00+00:00,0.0,0.0
2026-03-31 00:35:00+00:00,0.0,0.0
2026-03-31 00:40:00+00:00,0.0,0.0
2026-03-31 00:45:00+00:00,0.0,0.0
2026-03-31 00:50:00+00:00,0.0,0.0
2026-03-31 00:55:00+00:00,0.0,0.0
2026-03-31 01:00:00+00:00,0.0,0.0
2026-03-31 01:05:00+00:00,0.0,0.0
2026-03-31 01:10:00+00:00,0.0,0.0
2026-03-31 01:15:00+00:00,0.0,0.0
2026-03-31 01:20:00+00:00,0.0,0.0
2026-03-31 01:25:00+00:00,0.0,0.0
2026-03-31 01:30:00+00:00,0.0,0.0
2026-03-31 01:35:00+00:00,0.0,0.0
2026-03-31 01:40:00+00:00,0.0,0.0
2026-03-31 01:45:00+00:00,0.0,0.0
2026-03-31 01:50:00+00:00,0.0,0.0
2026-03-31 01:55:00+00:00,0.0,0.0
2026-03-31 02:00:00+00:00,0.0,0.0
2026-03-31 02:05:00+00:00,0.0,0.0
2026-03-31 02:10:00+00:00,0.0,0.0
2026-03-31 02:15:00+00:00,0.0,0.0
2026-03-31 02:20:00+00:00,0.0,0.0
2026-03-31 02:25:00+00:00,0.0,0.0
2026-03-31 02:30:00+00:00,0.0,0.0
2026-03-31 02:35:00+00:00,0.0,0.0
2026-03-31 02:40:00+00:00,0.0,0.0
2026-03-31 02:45:00+00:00,0.0,0.0
2026-03-31 02:50:00+00:00,0.0,0.0
2026-03-31 02:55:00+00:00,0.0,0.0
2026-03-31 03:00:00+00:00,0.0,0.0
2026-03-31 03:05:00+00:00,0.0,0.0
2026-03-31 03:10:00+00:00,0.0,0.0
2026-03-31 03:15:00+00:00,0.0,0.0
2026-03-31 03:20:00+00:00,0.0,0.0
2026-03-31 03:25:00+00:00,0.0,0.0
2026-03-31 03:30:00+00:00,0.0,0.0
2026-03-31 03:35:00+00:00,0.0,0.0
2026-03-31 03:40:00+00:00,0.0,0.0
2026-03-31 03:45:00+00:00,0.0,0.0
2026-03-31 03:50:00+00:00,0.0,0.0
2026-03-31 03:55:00+00:00,0.0,0.0
2026-03-31 04:00:00+00:00,0.0,0.0
2026-03-31 04:05:00+00:00,0.0,0.0
2026-03-31 04:10:00+00:00,0.0,0.0
2026-03-31 04:15:00+00:00,0.0,0.0
2026-03-31 04:20:00+00:00,0.0,0.0
2026-03-31 04:25:00+00:00,0.0,0.0
2026-03-31 04:30:00+00:00,0.0,0.0
2026-03-31 04:35:00+00:00,0.0,0.0
2026-03-31 04:40:00+00:00,0.0,0.0
2026-03-31 04:45:00+00:00,0.0,0.0
2026-03-31 04:50:00+00:00,0.0,0.0
2026-03-31 04:55:00+00:00,0.0,0.0
2026-03-31 05:00:00+00:00,0.0,0.0
2026-03-31 05:05:00+00:00,0.0,0.0
2026-03-31 05:10:00+00:00,0.0,0.0
2026-03-31 05:15:00+00:00,0.0,0.0
2026-03-31 05:20:00+00:00,0.0,0.0
2026-03-31 05:25:00+00:00,0.0,0.0
2026-03-31 05:30:00+00:00,0.0,0.0
2026-03-31 05:35:00+00:00,0.0,0.0
2026-03-31 05:40:00+00:00,0.0,0.0
2026-03-31 05:45:00+00:00,0.0,0.0
2026-03-31 05:50:00+00:00,0.0,0.0
2026-03-31 05:55:00+00:00,0.0,0.0
2026-03-31 06:00:00+00:00,0.0,0.0
2026-03-31 06:05:00+00:00,0.0,0.0
2026-03-31 06:10:00+00:00,0.0,0.0
2026-03-31 06:15:00+00:00,0.0,0.0
2026-03-31 06:20:00+00:00,0.0,0.0
2026-03-31 06:25:00+00:00,0.0,0.0
2026-03-31 06:30:00+00:00,0.0,0.0
2026-03-31 06:35:00+00:00,0.0,0.0
2026-03-31 06:40:00+00:00,0.0,0.0
2026-03-31 06:45:00+00:00,0.0,0.0
2026-03-31 06:50:00+00:00,0.0,0.0
2026-03-31 06:55:00+00:00,0.0,0.0
2026-03-31 07:00:00+00:00,0.0,0.0
2026-03-31 07:05:00+00:00,0.0,0.0
2026-03-31 07:10:00+00:00,0.0,0.0
2026-03-31 07:15:00+00:00,0.0,0.0
2026-03-31 07:20:00+00:00,0.0,0.0
2026-03-31 07:25:00+00:00,0.0,0.0
2026-03-31 07:30:00+00:00,0.0,0.0
2026-03-31 07:35:00+00:00,0.0,0.0
2026-03-31 07:40:00+00:00,0.0,0.0
2026-03-31 07:45:00+00:00,0.0,0.0
2026-03-31 07:50:00+00:00,0.0,0.0
2026-03-31 07:55:00+00:00,0.0,0.0
2026-03-31 08:00:00+00:00,0.0,0.0
2026-03-31 08:05:00+00:00,0.0,0.0
2026-03-31 08:10:00+00:00,0.0,0.0
2026-03-31 08:15:00+00:00,0.0,0.0
2026-03-31 08:20:00+00:00,0.0,0.0
2026-03-31 08:25:00+00:00,0.0,0.0
2026-03-31 08:30:00+00:00,0.0,0.0
2026-03-31 08:35:00+00:00,0.0,0.0
2026-03-31 08:40:00+00:00,0.0,0.0
2026-03-31 08:45:00+00:00,0.0,0.0
2026-03-31 08:50:00+00:00,0.0,0.0
2026-03-31 08:55:00+00:00,0.0,0.0
2026-03-31 09:00:00+00:00,0.0,0.0
2026-03-31 09:05:00+00:00,0.0,0.0
2026-03-31 09:10:00+00:00,0.0,0.0
2026-03-31 09:15:00+00:00,0.0,0.0
2026-03-31 09:20:00+00:00,0.0,0.0
2026-03-31 09:25:00+00:00,0.0,0.0
2026-03-31 09:30:00+00:00,0.0,0.0
2026-03-31 09:35:00+00:00,0.0,0.0
2026-03-31 09:40:00+00:00,0.0,0.0
2026-03-31 09:45:00+00:00,0.0,0.0
2026-03-31 09:50:00+00:00,0.0,0.0
2026-03-31 09:55:00+00:00,0.0,0.0
2026-03-31 10:00:00+00:00,0.0,0.0
2026-03-31 10:05:00+00:00,0.0,0.0
2026-03-31 10:10:00+00:00,0.0,0.0
2026-03-31 10:15:00+00:00,0.0,0.0
2026-03-31 10:20:00+00:00,0.0,0.0
2026-03-31 10:25:00+00:00,0.0,0.0
2026-03-31 10:30:00+00:00,0.0,0.0
2026-03-31 10:35:00+00:00,0.0,0.0
2026-03-31 10:40:00+00:00,0.0,0.0
2026-03-31 10:45:00+00:00,0.0,0.0
2026-03-31 10:50:00+00:00,0.0,0.0
2026-03-31 10:55:00+00:00,0.0,0.0
2026-03-31 11:00:00+00:00,0.0,0.0
2026-03-31 11:05:00+00:00,0.0,0.0
2026-03-31 11:10:00+00:00,0.0,0.0
2026-03-31 11:15:00+00:00,0.0,0.0
2026-03-31 11:20:00+00:00,0.0,0.0
2026-03-31 11:25:00+00:00,0.0,0.0
2026-03-31 11:30:00+00:00,0.0,0.0
2026-03-31 11:35:00+00:00,0.0,0.0
2026-03-31 11:40:00+00:00,0.0,0.0
2026-03-31 11:45:00+00:00,0.0,0.0
2026-03-31 11:50:00+00:00,0.0,0.0
2026-03-31 11:55:00+00:00,0.0,0.0
2026-03-31 12:00:00+00:00,0.0,0.0
2026-03-31 12:05:00+00:00,0.0,0.0
2026-03-31 12:10:00+00:00,0.0,0.0
2026-03-31 12:15:00+00:00,0.0,0.0
2026-03-31 12:20:00+00:00,0.0,0.0
2026-03-31 12:25:00+00:00,0.0,0.0
2026-03-31 12:30:00+00:00,0.0,0.0
2026-03-31 12:35:00+00:00,0.0,0.0
2026-03-31 12:40:00+00:00,0.0,0.0
2026-03-31 12:45:00+00:00,0.0,0.0
2026-03-31 12:50:00+00:00,0.0,0.0
2026-03-31 12:55:00+00:00,0.0,0.0
2026-03-31 13:00:00+00:00,0.0,0.0
2026-03-31 13:05:00+00:00,0.0,0.0
2026-03-31 13:10:00+00:00,0.0,0.0
2026-03-31 13:15:00+00:00,0.0,0.0
2026-03-31 13:20:00+00:00,0.0,0.0
2026-03-31 13:25:00+00:00,0.0,0.0
2026-03-31 13:30:00+00:00,0.0,0.0
2026-03-31 13:35:00+00:00,0.0,0.0
2026-03-31 13:40:00+00:00,0.0,0.0
2026-03-31 13:45:00+00:00,0.0,0.0
2026-03-31 13:50:00+00:00,0.0,0.0
2026-03-31 13:55:00+00:00,0.0,0.0
2026-03-31 14:00:00+00:00,0.0,0.0
2026-03-31 14:05:00+00:00,0.0,0.0
2026-03-31 14:10:00+00:00,0.0,0.0
2026-03-31 14:15:00+00:00,0.0,0.0
2026-03-31 14:20:00+00:00,0.0,0.0
2026-03-31 14:25:00+00:00,0.0,0.0
2026-03-31 14:30:00+00:00,0.0,0.0
2026-03-31 14:35:00+00:00,0.0,0.0
2026-03-31 14:40:00+00:00,0.0,0.0
2026-03-31 14:45:00+00:00,0.0,0.0
2026-03-31 14:50:00+00:00,0.0,0.0
2026-03-31 14:55:00+00:00,0.0,0.0
2026-03-31 15:00:00+00:00,0.0,0.0
2026-03-31 15:05:00+00:00,0.0,0.0
2026-03-31 15:10:00+00:00,0.0,0.0
2026-03-31 15:15:00+00:00,0.0,0.0
2026-03-31 15:20:00+00:00,0.0,0.0
2026-03-31 15:25:00+00:00,0.0,0.0
2026-03-31 15:30:00+00:00,0.0,0.0
2026-03-31 15:35:00+00:00,0.0,0.0
2026-03-31 15:40:00+00:00,0.0,0.0
2026-03-31 15:45:00+00:00,0.0,0.0
2026-03-31 15:50:00+00:00,0.0,0.0
2026-03-31 15:55:00+00:00,0.0,0.0
2026-03-31 16:00:00+00:00,0.0,0.0
2026-03-31 16:05:00+00:00,0.0,0.0
2026-03-31 16:10:00+00:00,0.0,0.0
2026-03-31 16:15:00+00:00,0.0,0.0
2026-03-31 16:20:00+00:00,0.0,0.0
2026-03-31 16:25:00+00:00,0.0,0.0
2026-03-31 16:30:00+00:00,0.0,0.0
2026-03-31 16:35:00+00:00,0.0,0.0
2026-03-31 16:40:00+00:00,0.0,0.0
2026-03-31 16:45:00+00:00,0.0,0.0
2026-03-31 16:50:00+00:00,0.0,0.0
2026-03-31 16:55:00+00:00,0.0,0.0
2026-03-31 17:00:00+00:00,0.0,0.0
2026-03-31 17:05:00+00:00,0.0,0.0
2026-03-31 17:10:00+00:00,0.0,0.0
2026-03-31 17:15:00+00:00,0.0,0.0
2026-03-31 17:20:00+00:00,0.0,0.0
2026-03-31 17:25:00+00:00,0.0,0.0
2026-03-31 17:30:00+00:00,0.0,0.0
2026-03-31 17:35:00+00:00,0.0,0.0
2026-03-31 17:40:00+00:00,0.0,0.0
2026-03-31 17:45:00+00:00,0.0,0.0
2026-03-31 17:50:00+00:00,0.0,0.0
2026-03-31 17:55:00+00:00,0.0,0.0
2026-03-31 18:00:00+00:00,0.0,0.0
2026-03-31 18:05:00+00:00,0.0,0.0
2026-03-31 18:10:00+00:00,0.0,0.0
2026-03-31 18:15:00+00:00,0.0,0.0
2026-03-31 18:20:00+00:00,0.0,0.0
2026-03-31 18:25:00+00:00,0.0,0.0
2026-03-31 18:30:00+00:00,0.0,0.0
2026-03-31 18:35:00+00:00,0.0,0.0
2026-03-31 18:40:00+00:00,0.0,0.0
2026-03-31 18:45:00+00:00,0.0,0.0
2026-03-31 18:50:00+00:00,0.0,0.0
2026-03-31 18:55:00+00:00,0.0,0.0
2026-03-31 19:00:00+00:00,0.0,0.0
2026-03-31 19:05:00+00:00,0.0,0.0
2026-03-31 19:10:00+00:00,0.0,0.0
2026-03-31 19:15:00+00:00,0.0,0.0
2026-03-31 19:20:00+00:00,0.0,0.0
2026-03-31 19:25:00+00:00,0.0,0.0
2026-03-31 19:30:00+00:00,0.0,0.0
2026-03-31 19:35:00+00:00,0.0,0.0
2026-03-31 19:40:00+00:00,0.0,0.0
2026-03-31 19:45:00+00:00,0.0,0.0
2026-03-31 19:50:00+00:00,0.0,0.0
2026-03-31 19:55:00+00:00,0.0,0.0
2026-03-31 20:00:00+00:00,0.0,0.0
2026-03-31 20:05:00+00:00,0.0,0.0
2026-03-31 20:10:00+00:00,0.0,0.0
2026-03-31 20:15:00+00:00,0.0,0.0
2026-03-31 20:20:00+00:00,0.0,0.0
2026-03-31 20:25:00+00:00,0.0,0.0
2026-03-31 20:30:00+00:00,0.0,0.0
2026-03-31 20:35:00+00:00,0.0,0.0
2026-03-31 20:40:00+00:00,0.0,0.0
2026-03-31 20:45:00+00:00,0.0,0.0
2026-03-31 20:50:00+00:00,0.0,0.0
2026-03-31 20:55:00+00:00,0.0,0.0
2026-03-31 21:00:00+00:00,0.0,0.0
2026-03-31 21:05:00+00:00,0.0,0.0
2026-03-31 21:10:00+00:00,0.0,0.0
2026-03-31 21:15:00+00:00,0.0,0.0
2026-03-31 21:20:00+00:00,0.0,0.0
2026-03-31 21:25:00+00:00,0.0,0.0
2026-03-31 21:30:00+00:00,0.0,0.0
2026-03-31 21:35:00+00:00,0.0,0.0
2026-03-31 21:40:00+00:00,0.0,0.0
2026-03-31 21:45:00+00:00,0.0,0.0
2026-03-31 21:50:00+00:00,0.0,0.0
2026-03-31 21:55:00+00:00,0.0,0.0
2026-03-31 22:00:00+00:00,0.0,0.0
2026-03-31 22:05:00+00:00,0.0,0.0
2026-03-31 22:10:00+00:00,0.0,0.0
2026-03-31 22:15:00+00:00,0.0,0.0
2026-03-31 22:20:00+00:00,0.0,0.0
2026-03-31 22:25:00+00:00,0.0,0.0
2026-03-31 22:30:00+00:00,0.0,0.0
2026-03-31 22:35:00+00:00,0.0,0.0
2026-03-31 22:40:00+00:00,0.0,0.0
2026-03-31 22:45:00+00:00,0.0,0.0
2026-03-31 22:50:00+00:00,0.0,0.0
2026-03-31 22:55:00+00:00,0.0,0.0
2026-03-31 23:00:00+00:00,0.0,0.0
2026-03-31 23:05:00+00:00,0.0,0.0
2026-03-31 23:10:00+00:00,0.0,0.0
2026-03-31 23:15:00+00:00,0.0,0.0
2026-03-31 23:20:00+00:00,0.0,0.0
2026-03-31 23:25:00+00:00,0.0,0.0
2026-03-31 23:30:00+00:00,0.0,0.0
2026-03-31 23:35:00+00:00,0.0,0.0
2026-03-31 23:40:00+00:00,0.0,0.0
2026-03-31 23:45:00+00:00,0.0,0.0
2026-03-31 23:50:00+00:00,0.0,0.0
2026-03-31 23:55:00+00:00,0.0,0.0
2026-04-01 00:00:00+00:00,0.0,0.0
2026-04-01 00:05:00+00:00,0.0,0.0
2026-04-01 00:10:00+00:00,0.0,0.0
2026-04-01 00:15:00+00:00,0.0,0.0
2026-04-01 00:20:00+00:00,0.0,0.0
2026-04-01 00:25:00+00:00,0.0,0.0
2026-04-01 00:30:00+00:00,0.0,0.0
2026-04-01 00:35:00+00:00,0.0,0.0
2026-04-01 00:40:00+00:00,0.0,0.0
2026-04-01 00:45:00+00:00,0.0,0.0
2026-04-01 00:50:00+00:00,0.0,0.0
2026-04-01 00:55:00+00:00,0.0,0.0
2026-04-01 01:00:00+00:00,0.0,0.0
2026-04-01 01:05:00+00:00,0.0,0.0
2026-04-01 01:10:00+00:00,0.0,0.0
2026-04-01 01:15:00+00:00,0.0,0.0
2026-04-01 01:20:00+00:00,0.0,0.0
2026-04-01 01:25:00+00:00,0.0,0.0
2026-04-01 01:30:00+00:00,0.0,0.0
2026-04-01 01:35:00+00:00,0.0,0.0
2026-04-01 01:40:00+00:00,0.0,0.0
2026-04-01 01:45:00+00:00,0.0,0.0
2026-04-01 01:50:00+00:00,0.0,0.0
2026-04-01 01:55:00+00:00,0.0,0.0
2026-04-01 02:00:00+00:00,0.0,0.0
2026-04-01 02:05:00+00:00,0.0,0.0
2026-04-01 02:10:00+00:00,0.0,0.0
2026-04-01 02:15:00+00:00,0.0,0.0
2026-04-01 02:20:00+00:00,0.0,0.0
2026-04-01 02:25:00+00:00,0.0,0.0
2026-04-01 02:30:00+00:00,0.0,0.0
2026-04-01 02:35:00+00:00,0.0,0.0
2026-04-01 02:40:00+00:00,0.0,0.0
2026-04-01 02:45:00+00:00,0.0,0.0
2026-04-01 02:50:00+00:00,0.0,0.0
2026-04-01 02:55:00+00:00,0.0,0.0
2026-04-01 03:00:00+00:00,0.0,0.0
2026-04-01 03:05:00+00:00,0.0,0.0
2026-04-01 03:10:00+00:00,0.0,0.0
2026-04-01 03:15:00+00:00,0.0,0.0
2026-04-01 03:20:00+00:00,0.0,0.0
2026-04-01 03:25:00+00:00,0.0,0.0
2026-04-01 03:30:00+00:00,0.0,0.0
2026-04-01 03:35:00+00:00,0.0,0.0
2026-04-01 03:40:00+00:00,0.0,0.0
2026-04-01 03:45:00+00:00,0.0,0.0
2026-04-01 03:50:00+00:00,0.0,0.0
2026-04-01 03:55:00+00:00,0.0,0.0
2026-04-01 04:00:00+00:00,0.0,0.0
2026-04-01 04:05:00+00:00,0.0,0.0
2026-04-01 04:10:00+00:00,0.0,0.0
2026-04-01 04:15:00+00:00,0.0,0.0
2026-04-01 04:20:00+00:00,0.0,0.0
2026-04-01 04:25:00+00:00,0.0,0.0
2026-04-01 04:30:00+00:00,0.0,0.0
2026-04-01 04:35:00+00:00,0.0,0.0
2026-04-01 04:40:00+00:00,0.0,0.0
2026-04-01 04:45:00+00:00,0.0,0.0
2026-04-01 04:50:00+00:00,0.0,0.0
2026-04-01 04:55:00+00:00,0.0,0.0
2026-04-01 05:00:00+00:00,0.0,0.0
2026-04-01 05:05:00+00:00,0.0,0.0
2026-04-01 05:10:00+00:00,0.0,0.0
2026-04-01 05:15:00+00:00,0.0,0.0
2026-04-01 05:20:00+00:00,0.0,0.0
2026-04-01 05:25:00+00:00,0.0,0.0
2026-04-01 05:30:00+00:00,0.0,0.0
2026-04-01 05:35:00+00:00,0.0,0.0
2026-04-01 05:40:00+00:00,0.0,0.0
2026-04-01 05:45:00+00:00,0.0,0.0
2026-04-01 05:50:00+00:00,0.0,0.0
2026-04-01 05:55:00+00:00,0.0,0.0
2026-04-01 06:00:00+00:00,0.0,0.0
2026-04-01 06:05:00+00:00,0.0,0.0
2026-04-01 06:10:00+00:00,0.0,0.0
2026-04-01 06:15:00+00:00,0.0,0.0
2026-04-01 06:20:00+00:00,0.0,0.0
2026-04-01 06:25:00+00:00,0.0,0.0
2026-04-01 06:30:00+00:00,0.0,0.0
2026-04-01 06:35:00+00:00,0.0,0.0
2026-04-01 06:40:00+00:00,0.0,0.0
2026-04-01 06:45:00+00:00,0.0,0.0
2026-04-01 06:50:00+00:00,0.0,0.0
2026-04-01 06:55:00+00:00,0.0,0.0
2026-04-01 07:00:00+00:00,0.0,0.0
2026-04-01 07:05:00+00:00,0.0,0.0
2026-04-01 07:10:00+00:00,0.0,0.0
2026-04-01 07:15:00+00:00,0.0,0.0
2026-04-01 07:20:00+00:00,0.0,0.0
2026-04-01 07:25:00+00:00,0.0,0.0
2026-04-01 07:30:00+00:00,0.0,0.0
2026-04-01 07:35:00+00:00,0.0,0.0
2026-04-01 07:40:00+00:00,0.0,0.0
2026-04-01 07:45:00+00:00,0.0,0.0
2026-04-01 07:50:00+00:00,0.0,0.0
2026-04-01 07:55:00+00:00,0.0,0.0
2026-04-01 08:00:00+00:00,0.0,0.0
2026-04-01 08:05:00+00:00,0.0,0.0
2026-04-01 08:10:00+00:00,0.0,0.0
2026-04-01 08:15:00+00:00,0.0,0.0
2026-04-01 08:20:00+00:00,0.0,0.0
2026-04-01 08:25:00+00:00,0.0,0.0
2026-04-01 08:30:00+00:00,0.0,0.0
2026-04-01 08:35:00+00:00,0.0,0.0
2026-04-01 08:40:00+00:00,0.0,0.0
2026-04-01 08:45:00+00:00,0.0,0.0
2026-04-01 08:50:00+00:00,0.0,0.0
2026-04-01 08:55:00+00:00,0.0,0.0
2026-04-01 09:00:00+00:00,0.0,0.0
2026-04-01 09:05:00+00:00,0.0,0.0
2026-04-01 09:10:00+00:00,0.0,0.0
2026-04-01 09:15:00+00:00,0.0,0.0
2026-04-01 09:20:00+00:00,0.0,0.0
2026-04-01 09:25:00+00:00,0.0,0.0
2026-04-01 09:30:00+00:00,0.0,0.0
2026-04-01 09:35:00+00:00,0.0,0.0
2026-04-01 09:40:00+00:00,0.0,0.0
2026-04-01 09:45:00+00:00,0.0,0.0
2026-04-01 09:50:00+00:00,0.0,0.0
2026-04-01 09:55:00+00:00,0.0,0.0
2026-04-01 10:00:00+00:00,0.0,0.0
2026-04-01 10:05:00+00:00,0.0,0.0
2026-04-01 10:10:00+00:00,0.0,0.0
2026-04-01 10:15:00+00:00,0.0,0.0
2026-04-01 10:20:00+00:00,0.0,0.0
2026-04-01 10:25:00+00:00,0.0,0.0
2026-04-01 10:30:00+00:00,0.0,0.0
2026-04-01 10:35:00+00:00,0.0,0.0
2026-04-01 10:40:00+00:00,0.0,0.0
2026-04-01 10:45:00+00:00,0.0,0.0
2026-04-01 10:50:00+00:00,0.0,0.0
2026-04-01 10:55:00+00:00,0.0,0.0
2026-04-01 11:00:00+00:00,0.0,0.0
2026-04-01 11:05:00+00:00,0.0,0.0
2026-04-01 11:10:00+00:00,0.0,0.0
2026-04-01 11:15:00+00:00,0.0,0.0
2026-04-01 11:20:00+00:00,0.0,0.0
2026-04-01 11:25:00+00:00,0.0,0.0
2026-04-01 11:30:00+00:00,0.0,0.0
2026-04-01 11:35:00+00:00,0.0,0.0
2026-04-01 11:40:00+00:00,0.0,0.0
2026-04-01 11:45:00+00:00,0.0,0.0
2026-04-01 11:50:00+00:00,0.0,0.0
2026-04-01 11:55:00+00:00,0.0,0.0
2026-04-01 12:00:00+00:00,0.0,0.0
2026-04-01 12:05:00+00:00,0.0,0.0
2026-04-01 12:10:00+00:00,0.0,0.0
2026-04-01 12:15:00+00:00,0.0,0.0
2026-04-01 12:20:00+00:00,0.0,0.0
2026-04-01 12:25:00+00:00,0.0,0.0
2026-04-01 12:30:00+00:00,0.0,0.0
2026-04-01 12:35:00+00:00,0.0,0.0
2026-04-01 12:40:00+00:00,0.0,0.0
2026-04-01 12:45:00+00:00,0.0,0.0
2026-04-01 12:50:00+00:00,0.0,0.0
2026-04-01 12:55:00+00:00,0.0,0.0
2026-04-01 13:00:00+00:00,0.0,0.0
2026-04-01 13:05:00+00:00,0.0,0.0
2026-04-01 13:10:00+00:00,0.0,0.0
2026-04-01 13:15:00+00:00,0.0,0.0
2026-04-01 13:20:00+00:00,0.0,0.0
2026-04-01 13:25:00+00:00,0.0,0.0
2026-04-01 13:30:00+00:00,0.0,0.0
2026-04-01 13:35:00+00:00,0.0,0.0
2026-04-01 13:40:00+00:00,0.0,0.0
2026-04-01 13:45:00+00:00,0.0,0.0
2026-04-01 13:50:00+00:00,0.0,0.0
2026-04-01 13:55:00+00:00,0.0,0.0
2026-04-01 14:00:00+00:00,0.0,0.0
2026-04-01 14:05:00+00:00,0.0,0.0
2026-04-01 14:10:00+00:00,0.0,0.0
2026-04-01 14:15:00+00:00,0.0,0.0
2026-04-01 14:20:00+00:00,0.0,0.0
2026-04-01 14:25:00+00:00,0.0,0.0
2026-04-01 14:30:00+00:00,0.0,0.0
2026-04-01 14:35:00+00:00,0.0,0.0
2026-04-01 14:40:00+00:00,0.0,0.0
2026-04-01 14:45:00+00:00,0.0,0.0
2026-04-01 14:50:00+00:00,0.0,0.0
2026-04-01 14:55:00+00:00,0.0,0.0
2026-04-01 15:00:00+00:00,0.0,0.0
2026-04-01 15:05:00+00:00,0.0,0.0
2026-04-01 15:10:00+00:00,0.0,0.0
2026-04-01 15:15:00+00:00,0.0,0.0
2026-04-01 15:20:00+00:00,0.0,0.0
2026-04-01 15:25:00+00:00,0.0,0.0
2026-04-01 15:30:00+00:00,0.0,0.0
2026-04-01 15:35:00+00:00,0.0,0.0
2026-04-01 15:40:00+00:00,0.0,0.0
2026-04-01 15:45:00+00:00,0.0,0.0
2026-04-01 15:50:00+00:00,0.0,0.0
2026-04-01 15:55:00+00:00,0.0,0.0
2026-04-01 16:00:00+00:00,0.0,0.0
2026-04-01 16:05:00+00:00,0.0,0.0
2026-04-01 16:10:00+00:00,0.0,0.0
2026-04-01 16:15:00+00:00,0.0,0.0
2026-04-01 16:20:00+00:00,0.0,0.0
2026-04-01 16:25:00+00:00,0.0,0.0
2026-04-01 16:30:00+00:00,0.0,0.0
2026-04-01 16:35:00+00:00,0.0,0.0
2026-04-01 16:40:00+00:00,0.0,0.0
2026-04-01 16:45:00+00:00,0.0,0.0
2026-04-01 16:50:00+00:00,0.0,0.0
2026-04-01 16:55:00+00:00,0.0,0.0
2026-04-01 17:00:00+00:00,0.0,0.0
2026-04-01 17:05:00+00:00,0.0,0.0
2026-04-01 17:10:00+00:00,0.0,0.0
2026-04-01 17:15:00+00:00,0.0,0.0
2026-04-01 17:20:00+00:00,0.0,0.0
2026-04-01 17:25:00+00:00,0.0,0.0
2026-04-01 17:30:00+00:00,0.0,0.0
2026-04-01 17:35:00+00:00,0.0,0.0
2026-04-01 17:40:00+00:00,0.0,0.0
2026-04-01 17:45:00+00:00,0.0,0.0
2026-04-01 17:50:00+00:00,0.0,0.0
2026-04-01 17:55:00+00:00,0.0,0.0
2026-04-01 18:00:00+00:00,0.0,0.0
2026-04-01 18:05:00+00:00,0.0,0.0
2026-04-01 18:10:00+00:00,0.0,0.0
2026-04-01 18:15:00+00:00,0.0,0.0
2026-04-01 18:20:00+00:00,0.0,0.0
2026-04-01 18:25:00+00:00,0.0,0.0
2026-04-01 18:30:00+00:00,0.0,0.0
2026-04-01 18:35:00+00:00,0.0,0.0
2026-04-01 18:40:00+00:00,0.0,0.0
2026-04-01 18:45:00+00:00,0.0,0.0
2026-04-01 18:50:00+00:00,0.0,0.0
2026-04-01 18:55:00+00:00,0.0,0.0
2026-04-01 19:00:00+00:00,0.0,0.0
2026-04-01 19:05:00+00:00,0.0,0.0
2026-04-01 19:10:00+00:00,0.0,0.0
2026-04-01 19:15:00+00:00,0.0,0.0
2026-04-01 19:20:00+00:00,0.0,0.0
2026-04-01 19:25:00+00:00,0.0,0.0
2026-04-01 19:30:00+00:00,0.0,0.0
2026-04-01 19:35:00+00:00,0.0,0.0
2026-04-01 19:40:00+00:00,0.0,0.0
2026-04-01 19:45:00+00:00,0.0,0.0
2026-04-01 19:50:00+00:00,0.0,0.0
2026-04-01 19:55:00+00:00,0.0,0.0
2026-04-01 20:00:00+00:00,0.0,0.0
2026-04-01 20:05:00+00:00,0.0,0.0
2026-04-01 20:10:00+00:00,0.0,0.0
2026-04-01 20:15:00+00:00,0.0,0.0
2026-04-01 20:20:00+00:00,0.0,0.0
2026-04-01 20:25:00+00:00,0.0,0.0
2026-04-01 20:30:00+00:00,0.0,0.0
2026-04-01 20:35:00+00:00,0.0,0.0
2026-04-01 20:40:00+00:00,0.0,0.0
2026-04-01 20:45:00+00:00,0.0,0.0
2026-04-01 20:50:00+00:00,0.0,0.0
2026-04-01 20:55:00+00:00,0.0,0.0
2026-04-01 21:00:00+00:00,0.0,0.0
2026-04-01 21:05:00+00:00,0.0,0.0
2026-04-01 21:10:00+00:00,0.0,0.0
2026-04-01 21:15:00+00:00,0.0,0.0
2026-04-01 21:20:00+00:00,0.0,0.0
2026-04-01 21:25:00+00:00,0.0,0.0
2026-04-01 21:30:00+00:00,0.0,0.0
2026-04-01 21:35:00+00:00,0.0,0.0
2026-04-01 21:40:00+00:00,0.0,0.0
2026-04-01 21:45:00+00:00,0.0,0.0
2026-04-01 21:50:00+00:00,0.0,0.0
2026-04-01 21:55:00+00:00,0.0,0.0
2026-04-01 22:00:00+00:00,0.0,0.0
2026-04-01 22:05:00+00:00,0.0,0.0
2026-04-01 22:10:00+00:00,0.0,0.0
2026-04-01 22:15:00+00:00,0.0,0.0
2026-04-01 22:20:00+00:00,0.0,0.0
2026-04-01 22:25:00+00:00,0.0,0.0
2026-04-01 22:30:00+00:00,0.0,0.0
2026-04-01 22:35:00+00:00,0.0,0.0
2026-04-01 22:40:00+00:00,0.0,0.0
2026-04-01 22:45:00+00:00,0.0,0.0
2026-04-01 22:50:00+00:00,0.0,0.0
2026-04-01 22:55:00+00:00,0.0,0.0
2026-04-01 23:00:00+00:00,0.0,0.0
2026-04-01 23:05:00+00:00,0.0,0.0
2026-04-01 23:10:00+00:00,0.0,0.0
2026-04-01 23:15:00+00:00,0.0,0.0
2026-04-01 23:20:00+00:00,0.0,0.0
2026-04-01 23:25:00+00:00,0.0,0.0
2026-04-01 23:30:00+00:00,0.0,0.0
2026-04-01 23:35:00+00:00,0.0,0.0
2026-04-01 23:40:00+00:00,0.0,0.0
2026-04-01 23:45:00+00:00,0.0,0.0
2026-04-01 23:50:00+00:00,0.0,0.0
2026-04-01 23:55:00+00:00,0.0,0.0
2026-04-02 00:00:00+00:00,0.0,0.0
2026-04-02 00:05:00+00:00,0.0,0.0
2026-04-02 00:10:00+00:00,0.0,0.0
2026-04-02 00:15:00+00:00,0.0,0.0
2026-04-02 00:20:00+00:00,0.0,0.0
2026-04-02 00:25:00+00:00,0.0,0.0
2026-04-02 00:30:00+00:00,0.0,0.0
2026-04-02 00:35:00+00:00,0.0,0.0
2026-04-02 00:40:00+00:00,0.0,0.0
2026-04-02 00:45:00+00:00,0.0,0.0
2026-04-02 00:50:00+00:00,0.0,0.0
2026-04-02 00:55:00+00:00,0.0,0.0
2026-04-02 01:00:00+00:00,0.0,0.0
2026-04-02 01:05:00+00:00,0.0,0.0
2026-04-02 01:10:00+00:00,0.0,0.0
2026-04-02 01:15:00+00:00,0.0,0.0
2026-04-02 01:20:00+00:00,0.0,0.0
2026-04-02 01:25:00+00:00,0.0,0.0
2026-04-02 01:30:00+00:00,0.0,0.0
2026-04-02 01:35:00+00:00,0.0,0.0
2026-04-02 01:40:00+00:00,0.0,0.0
2026-04-02 01:45:00+00:00,0.0,0.0
2026-04-02 01:50:00+00:00,0.0,0.0
2026-04-02 01:55:00+00:00,0.0,0.0
2026-04-02 02:00:00+00:00,0.0,0.0
2026-04-02 02:05:00+00:00,0.0,0.0
2026-04-02 02:10:00+00:00,0.0,0.0
2026-04-02 02:15:00+00:00,0.0,0.0
2026-04-02 02:20:00+00:00,0.0,0.0
2026-04-02 02:25:00+00:00,0.0,0.0
2026-04-02 02:30:00+00:00,0.0,0.0
2026-04-02 02:35:00+00:00,0.0,0.0
2026-04-02 02:40:00+00:00,0.0,0.0
2026-04-02 02:45:00+00:00,0.0,0.0
2026-04-02 02:50:00+00:00,0.0,0.0
2026-04-02 02:55:00+00:00,0.0,0.0
2026-04-02 03:00:00+00:00,0.0,0.0
2026-04-02 03:05:00+00:00,0.0,0.0
2026-04-02 03:10:00+00:00,0.0,0.0
2026-04-02 03:15:00+00:00,0.0,0.0
2026-04-02 03:20:00+00:00,0.0,0.0
2026-04-02 03:25:00+00:00,0.0,0.0
2026-04-02 03:30:00+00:00,0.0,0.0
2026-04-02 03:35:00+00:00,0.0,0.0
2026-04-02 03:40:00+00:00,0.0,0.0
2026-04-02 03:45:00+00:00,0.0,0.0
2026-04-02 03:50:00+00:00,0.0,0.0
2026-04-02 03:55:00+00:00,0.0,0.0
2026-04-02 04:00:00+00:00,0.0,0.0
2026-04-02 04:05:00+00:00,0.0,0.0
2026-04-02 04:10:00+00:00,0.0,0.0
2026-04-02 04:15:00+00:00,0.0,0.0
2026-04-02 04:20:00+00:00,0.0,0.0
2026-04-02 04:25:00+00:00,0.0,0.0
2026-04-02 04:30:00+00:00,0.0,0.0
2026-04-02 04:35:00+00:00,0.0,0.0
2026-04-02 04:40:00+00:00,0.0,0.0
2026-04-02 04:45:00+00:00,0.0,0.0
2026-04-02 04:50:00+00:00,0.0,0.0
2026-04-02 04:55:00+00:00,0.0,0.0
2026-04-02 05:00:00+00:00,0.0,0.0
2026-04-02 05:05:00+00:00,0.0,0.0
2026-04-02 05:10:00+00:00,0.0,0.0
2026-04-02 05:15:00+00:00,0.0,0.0
2026-04-02 05:20:00+00:00,0.0,0.0
2026-04-02 05:25:00+00:00,0.0,0.0
2026-04-02 05:30:00+00:00,0.0,0.0
2026-04-02 05:35:00+00:00,0.0,0.0
2026-04-02 05:40:00+00:00,0.0,0.0
2026-04-02 05:45:00+00:00,0.0,0.0
2026-04-02 05:50:00+00:00,0.0,0.0
2026-04-02 05:55:00+00:00,0.0,0.0
2026-04-02 06:00:00+00:00,0.0,0.0
2026-04-02 06:05:00+00:00,0.0,0.0
2026-04-02 06:10:00+00:00,0.0,0.0
2026-04-02 06:15:00+00:00,0.0,0.0
2026-04-02 06:20:00+00:00,0.0,0.0
2026-04-02 06:25:00+00:00,0.0,0.0
2026-04-02 06:30:00+00:00,0.0,0.0
2026-04-02 06:35:00+00:00,0.0,0.0
2026-04-02 06:40:00+00:00,0.0,0.0
2026-04-02 06:45:00+00:00,0.0,0.0
2026-04-02 06:50:00+00:00,0.0,0.0
2026-04-02 06:55:00+00:00,0.0,0.0
2026-04-02 07:00:00+00:00,0.0,0.0
2026-04-02 07:05:00+00:00,0.0,0.0
2026-04-02 07:10:00+00:00,0.0,0.0
2026-04-02 07:15:00+00:00,0.0,0.0
2026-04-02 07:20:00+00:00,0.0,0.0
2026-04-02 07:25:00+00:00,0.0,0.0
2026-04-02 07:30:00+00:00,0.0,0.0
2026-04-02 07:35:00+00:00,0.0,0.0
2026-04-02 07:40:00+00:00,0.0,0.0
2026-04-02 07:45:00+00:00,0.0,0.0
2026-04-02 07:50:00+00:00,0.0,0.0
2026-04-02 07:55:00+00:00,0.0,0.0
2026-04-02 08:00:00+00:00,0.0,0.0
2026-04-02 08:05:00+00:00,0.0,0.0
2026-04-02 08:10:00+00:00,0.0,0.0
2026-04-02 08:15:00+00:00,0.0,0.0
2026-04-02 08:20:00+00:00,0.0,0.0
2026-04-02 08:25:00+00:00,0.0,0.0
2026-04-02 08:30:00+00:00,0.0,0.0
2026-04-02 08:35:00+00:00,0.0,0.0
2026-04-02 08:40:00+00:00,0.0,0.0
2026-04-02 08:45:00+00:00,0.0,0.0
2026-04-02 08:50:00+00:00,0.0,0.0
2026-04-02 08:55:00+00:00,0.0,0.0
2026-04-02 09:00:00+00:00,0.0,0.0
2026-04-02 09:05:00+00:00,0.0,0.0
2026-04-02 09:10:00+00:00,0.0,0.0
2026-04-02 09:15:00+00:00,0.0,0.0
2026-04-02 09:20:00+00:00,0.0,0.0
2026-04-02 09:25:00+00:00,0.0,0.0
2026-04-02 09:30:00+00:00,0.0,0.0
2026-04-02 09:35:00+00:00,0.0,0.0
2026-04-02 09:40:00+00:00,0.0,0.0
2026-04-02 09:45:00+00:00,0.0,0.0
2026-04-02 09:50:00+00:00,0.0,0.0
2026-04-02 09:55:00+00:00,0.0,0.0
2026-04-02 10:00:00+00:00,0.0,0.0
2026-04-02 10:05:00+00:00,0.0,0.0
2026-04-02 10:10:00+00:00,0.0,0.0
2026-04-02 10:15:00+00:00,0.0,0.0
2026-04-02 10:20:00+00:00,0.0,0.0
2026-04-02 10:25:00+00:00,0.0,0.0
2026-04-02 10:30:00+00:00,0.0,0.0
2026-04-02 10:35:00+00:00,0.0,0.0
2026-04-02 10:40:00+00:00,0.0,0.0
2026-04-02 10:45:00+00:00,0.0,0.0
2026-04-02 10:50:00+00:00,0.0,0.0
2026-04-02 10:55:00+00:00,0.0,0.0
2026-04-02 11:00:00+00:00,0.0,0.0
2026-04-02 11:05:00+00:00,0.0,0.0
2026-04-02 11:10:00+00:00,0.0,0.0
2026-04-02 11:15:00+00:00,0.0,0.0
2026-04-02 11:20:00+00:00,0.0,0.0
2026-04-02 11:25:00+00:00,0.0,0.0
2026-04-02 11:30:00+00:00,0.0,0.0
2026-04-02 11:35:00+00:00,0.0,0.0
2026-04-02 11:40:00+00:00,0.0,0.0
2026-04-02 11:45:00+00:00,0.0,0.0
2026-04-02 11:50:00+00:00,0.0,0.0
2026-04-02 11:55:00+00:00,0.0,0.0
2026-04-02 12:00:00+00:00,0.0,0.0
2026-04-02 12:05:00+00:00,0.0,0.0
2026-04-02 12:10:00+00:00,0.0,0.0
2026-04-02 12:15:00+00:00,0.0,0.0
2026-04-02 12:20:00+00:00,0.0,0.0
2026-04-02 12:25:00+00:00,0.0,0.0
2026-04-02 12:30:00+00:00,0.0,0.0
2026-04-02 12:35:00+00:00,0.0,0.0
2026-04-02 12:40:00+00:00,0.0,0.0
2026-04-02 12:45:00+00:00,0.0,0.0
2026-04-02 12:50:00+00:00,0.0,0.0
2026-04-02 12:55:00+00:00,0.0,0.0
2026-04-02 13:00:00+00:00,0.0,0.0
2026-04-02 13:05:00+00:00,0.0,0.0
2026-04-02 13:10:00+00:00,0.0,0.0
2026-04-02 13:15:00+00:00,0.0,0.0
2026-04-02 13:20:00+00:00,0.0,0.0
2026-04-02 13:25:00+00:00,0.0,0.0
2026-04-02 13:30:00+00:00,0.0,0.0
2026-04-02 13:35:00+00:00,0.0,0.0
2026-04-02 13:40:00+00:00,0.0,0.0
2026-04-02 13:45:00+00:00,0.0,0.0
2026-04-02 13:50:00+00:00,0.0,0.0
2026-04-02 13:55:00+00:00,0.0,0.0
2026-04-02 14:00:00+00:00,0.0,0.0
2026-04-02 14:05:00+00:00,0.0,0.0
2026-04-02 14:10:00+00:00,0.0,0.0
2026-04-02 14:15:00+00:00,0.0,0.0
2026-04-02 14:20:00+00:00,0.0,0.0
2026-04-02 14:25:00+00:00,0.0,0.0
2026-04-02 14:30:00+00:00,0.0,0.0
2026-04-02 14:35:00+00:00,0.0,0.0
2026-04-02 14:40:00+00:00,0.0,0.0
2026-04-02 14:45:00+00:00,0.0,0.0
2026-04-02 14:50:00+00:00,0.0,0.0
2026-04-02 14:55:00+00:00,0.0,0.0
2026-04-02 15:00:00+00:00,0.0,0.0
2026-04-02 15:05:00+00:00,0.0,0.0
2026-04-02 15:10:00+00:00,0.0,0.0
2026-04-02 15:15:00+00:00,0.0,0.0
2026-04-02 15:20:00+00:00,0.0,0.0
2026-04-02 15:25:00+00:00,0.0,0.0
2026-04-02 15:30:00+00:00,0.0,0.0
2026-04-02 15:35:00+00:00,0.0,0.0
2026-04-02 15:40:00+00:00,0.0,0.0
2026-04-02 15:45:00+00:00,0.0,0.0
2026-04-02 15:50:00+00:00,0.0,0.0
2026-04-02 15:55:00+00:00,0.0,0.0
2026-04-02 16:00:00+00:00,0.0,0.0
2026-04-02 16:05:00+00:00,0.0,0.0
2026-04-02 16:10:00+00:00,0.0,0.0
2026-04-02 16:15:00+00:00,0.0,0.0
2026-04-02 16:20:00+00:00,0.0,0.0
2026-04-02 16:25:00+00:00,0.0,0.0
2026-04-02 16:30:00+00:00,0.0,0.0
2026-04-02 16:35:00+00:00,0.0,0.0
2026-04-02 16:40:00+00:00,0.0,0.0
2026-04-02 16:45:00+00:00,0.0,0.0
2026-04-02 16:50:00+00:00,0.0,0.0
2026-04-02 16:55:00+00:00,0.0,0.0
2026-04-02 17:00:00+00:00,0.0,0.0
2026-04-02 17:05:00+00:00,0.0,0.0
2026-04-02 17:10:00+00:00,0.0,0.0
2026-04-02 17:15:00+00:00,0.0,0.0
2026-04-02 17:20:00+00:00,0.0,0.0
2026-04-02 17:25:00+00:00,0.0,0.0
2026-04-02 17:30:00+00:00,0.0,0.0
2026-04-02 17:35:00+00:00,0.0,0.0
2026-04-02 17:40:00+00:00,0.0,0.0
2026-04-02 17:45:00+00:00,0.0,0.0
2026-04-02 17:50:00+00:00,0.0,0.0
2026-04-02 17:55:00+00:00,0.0,0.0
2026-04-02 18:00:00+00:00,0.0,0.0
2026-04-02 18:05:00+00:00,0.0,0.0
2026-04-02 18:10:00+00:00,0.0,0.0
2026-04-02 18:15:00+00:00,0.0,0.0
2026-04-02 18:20:00+00:00,0.0,0.0
2026-04-02 18:25:00+00:00,0.0,0.0
2026-04-02 18:30:00+00:00,0.0,0.0
2026-04-02 18:35:00+00:00,0.0,0.0
2026-04-02 18:40:00+00:00,0.0,0.0
2026-04-02 18:45:00+00:00,0.0,0.0
2026-04-02 18:50:00+00:00,0.0,0.0
2026-04-02 18:55:00+00:00,0.0,0.0
2026-04-02 19:00:00+00:00,0.0,0.0
2026-04-02 19:05:00+00:00,0.0,0.0
2026-04-02 19:10:00+00:00,0.0,0.0
2026-04-02 19:15:00+00:00,0.0,0.0
2026-04-02 19:20:00+00:00,0.0,0.0
2026-04-02 19:25:00+00:00,0.0,0.0
2026-04-02 19:30:00+00:00,0.0,0.0
2026-04-02 19:35:00+00:00,0.0,0.0
2026-04-02 19:40:00+00:00,0.0,0.0
2026-04-02 19:45:00+00:00,0.0,0.0
2026-04-02 19:50:00+00:00,0.0,0.0
2026-04-02 19:55:00+00:00,0.0,0.0
2026-04-02 20:00:00+00:00,0.0,0.0
2026-04-02 20:05:00+00:00,0.0,0.0
2026-04-02 20:10:00+00:00,0.0,0.0
2026-04-02 20:15:00+00:00,0.0,0.0
2026-04-02 20:20:00+00:00,0.0,0.0
2026-04-02 20:25:00+00:00,0.0,0.0
2026-04-02 20:30:00+00:00,0.0,0.0
2026-04-02 20:35:00+00:00,0.0,0.0
2026-04-02 20:40:00+00:00,0.0,0.0
2026-04-02 20:45:00+00:00,0.0,0.0
2026-04-02 20:50:00+00:00,0.0,0.0
2026-04-02 20:55:00+00:00,0.0,0.0
2026-04-02 21:00:00+00:00,0.0,0.0
2026-04-02 21:05:00+00:00,0.0,0.0
2026-04-02 21:10:00+00:00,0.0,0.0
2026-04-02 21:15:00+00:00,0.0,0.0
2026-04-02 21:20:00+00:00,0.0,0.0
2026-04-02 21:25:00+00:00,0.0,0.0
2026-04-02 21:30:00+00:00,0.0,0.0
2026-04-02 21:35:00+00:00,0.0,0.0
2026-04-02 21:40:00+00:00,0.0,0.0
2026-04-02 21:45:00+00:00,0.0,0.0
2026-04-02 21:50:00+00:00,0.0,0.0
2026-04-02 21:55:00+00:00,0.0,0.0
2026-04-02 22:00:00+00:00,0.0,0.0
2026-04-02 22:05:00+00:00,0.0,0.0
2026-04-02 22:10:00+00:00,0.0,0.0
2026-04-02 22:15:00+00:00,0.0,0.0
2026-04-02 22:20:00+00:00,0.0,0.0
2026-04-02 22:25:00+00:00,0.0,0.0
2026-04-02 22:30:00+00:00,0.0,0.0
2026-04-02 22:35:00+00:00,0.0,0.0
2026-04-02 22:40:00+00:00,0.0,0.0
2026-04-02 22:45:00+00:00,0.0,0.0
2026-04-02 22:50:00+00:00,0.0,0.0
2026-04-02 22:55:00+00:00,0.0,0.0
2026-04-02 23:00:00+00:00,0.0,0.0
2026-04-02 23:05:00+00:00,0.0,0.0
2026-04-02 23:10:00+00:00,0.0,0.0
2026-04-02 23:15:00+00:00,0.0,0.0
2026-04-02 23:20:00+00:00,0.0,0.0
2026-04-02 23:25:00+00:00,0.0,0.0
2026-04-02 23:30:00+00:00,0.0,0.0
2026-04-02 23:35:00+00:00,0.0,0.0
2026-04-02 23:40:00+00:00,0.0,0.0
2026-04-02 23:45:00+00:00,0.0,0.0
2026-04-02 23:50:00+00:00,0.0,0.0
2026-04-02 23:55:00+00:00,0.0,0.0
2026-04-03 00:00:00+00:00,0.0,0.0
2026-04-03 00:05:00+00:00,0.0,0.0
2026-04-03 00:10:00+00:00,0.0,0.0
2026-04-03 00:15:00+00:00,0.0,0.0
2026-04-03 00:20:00+00:00,0.0,0.0
2026-04-03 00:25:00+00:00,0.0,0.0
2026-04-03 00:30:00+00:00,0.0,0.0
2026-04-03 00:35:00+00:00,0.0,0.0
2026-04-03 00:40:00+00:00,0.0,0.0
2026-04-03 00:45:00+00:00,0.0,0.0
2026-04-03 00:50:00+00:00,0.0,0.0
2026-04-03 00:55:00+00:00,0.0,0.0
2026-04-03 01:00:00+00:00,0.0,0.0
2026-04-03 01:05:00+00:00,0.0,0.0
2026-04-03 01:10:00+00:00,0.0,0.0
2026-04-03 01:15:00+00:00,0.0,0.0
2026-04-03 01:20:00+00:00,0.0,0.0
2026-04-03 01:25:00+00:00,0.0,0.0
2026-04-03 01:30:00+00:00,0.0,0.0
2026-04-03 01:35:00+00:00,0.0,0.0
2026-04-03 01:40:00+00:00,0.0,0.0
2026-04-03 01:45:00+00:00,0.0,0.0
2026-04-03 01:50:00+00:00,0.0,0.0
2026-04-03 01:55:00+00:00,0.0,0.0
2026-04-03 02:00:00+00:00,0.0,0.0
2026-04-03 02:05:00+00:00,0.0,0.0
2026-04-03 02:10:00+00:00,0.0,0.0
2026-04-03 02:15:00+00:00,0.0,0.0
2026-04-03 02:20:00+00:00,0.0,0.0
2026-04-03 02:25:00+00:00,0.0,0.0
2026-04-03 02:30:00+00:00,0.0,0.0
2026-04-03 02:35:00+00:00,0.0,0.0
2026-04-03 02:40:00+00:00,0.0,0.0
2026-04-03 02:45:00+00:00,0.0,0.0
2026-04-03 02:50:00+00:00,0.0,0.0
2026-04-03 02:55:00+00:00,0.0,0.0
2026-04-03 03:00:00+00:00,0.0,0.0
2026-04-03 03:05:00+00:00,0.0,0.0
2026-04-03 03:10:00+00:00,0.0,0.0
2026-04-03 03:15:00+00:00,0.0,0.0
2026-04-03 03:20:00+00:00,0.0,0.0
2026-04-03 03:25:00+00:00,0.0,0.0
2026-04-03 03:30:00+00:00,0.0,0.0
2026-04-03 03:35:00+00:00,0.0,0.0
2026-04-03 03:40:00+00:00,0.0,0.0
2026-04-03 03:45:00+00:00,0.0,0.0
2026-04-03 03:50:00+00:00,0.0,0.0
2026-04-03 03:55:00+00:00,0.0,0.0
2026-04-03 04:00:00+00:00,0.0,0.0
2026-04-03 04:05:00+00:00,0.0,0.0
2026-04-03 04:10:00+00:00,0.0,0.0
2026-04-03 04:15:00+00:00,0.0,0.0
2026-04-03 04:20:00+00:00,0.0,0.0
2026-04-03 04:25:00+00:00,0.0,0.0
2026-04-03 04:30:00+00:00,0.0,0.0
2026-04-03 04:35:00+00:00,0.0,0.0
2026-04-03 04:40:00+00:00,0.0,0.0
2026-04-03 04:45:00+00:00,0.0,0.0
2026-04-03 04:50:00+00:00,0.0,0.0
2026-04-03 04:55:00+00:00,0.0,0.0
2026-04-03 05:00:00+00:00,0.0,0.0
2026-04-03 05:05:00+00:00,0.0,0.0
2026-04-03 05:10:00+00:00,0.0,0.0
2026-04-03 05:15:00+00:00,0.0,0.0
2026-04-03 05:20:00+00:00,0.0,0.0
2026-04-03 05:25:00+00:00,0.0,0.0
2026-04-03 05:30:00+00:00,0.0,0.0
2026-04-03 05:35:00+00:00,0.0,0.0
2026-04-03 05:40:00+00:00,0.0,0.0
2026-04-03 05:45:00+00:00,0.0,0.0
2026-04-03 05:50:00+00:00,0.0,0.0
2026-04-03 05:55:00+00:00,0.0,0.0
2026-04-03 06:00:00+00:00,0.0,0.0
2026-04-03 06:05:00+00:00,0.0,0.0
2026-04-03 06:10:00+00:00,0.0,0.0
2026-04-03 06:15:00+00:00,0.0,0.0
2026-04-03 06:20:00+00:00,0.0,0.0
2026-04-03 06:25:00+00:00,0.0,0.0
2026-04-03 06:30:00+00:00,0.0,0.0
2026-04-03 06:35:00+00:00,0.0,0.0
2026-04-03 06:40:00+00:00,0.0,0.0
2026-04-03 06:45:00+00:00,0.0,0.0
2026-04-03 06:50:00+00:00,0.0,0.0
2026-04-03 06:55:00+00:00,0.0,0.0
2026-04-03 07:00:00+00:00,0.0,0.0
2026-04-03 07:05:00+00:00,0.0,0.0
2026-04-03 07:10:00+00:00,0.0,0.0
2026-04-03 07:15:00+00:00,0.0,0.0
2026-04-03 07:20:00+00:00,0.0,0.0
2026-04-03 07:25:00+00:00,0.0,0.0
2026-04-03 07:30:00+00:00,0.0,0.0
2026-04-03 07:35:00+00:00,0.0,0.0
2026-04-03 07:40:00+00:00,0.0,0.0
2026-04-03 07:45:00+00:00,0.0,0.0
2026-04-03 07:50:00+00:00,0.0,0.0
2026-04-03 07:55:00+00:00,0.0,0.0
2026-04-03 08:00:00+00:00,0.0,0.0
2026-04-03 08:05:00+00:00,0.0,0.0
2026-04-03 08:10:00+00:00,0.0,0.0
2026-04-03 08:15:00+00:00,0.0,0.0
2026-04-03 08:20:00+00:00,0.0,0.0
2026-04-03 08:25:00+00:00,0.0,0.0
2026-04-03 08:30:00+00:00,0.0,0.0
2026-04-03 08:35:00+00:00,0.0,0.0
2026-04-03 08:40:00+00:00,0.0,0.0
2026-04-03 08:45:00+00:00,0.0,0.0
2026-04-03 08:50:00+00:00,0.0,0.0
2026-04-03 08:55:00+00:00,0.0,0.0
2026-04-03 09:00:00+00:00,0.0,0.0
2026-04-03 09:05:00+00:00,0.0,0.0
2026-04-03 09:10:00+00:00,0.0,0.0
2026-04-03 09:15:00+00:00,0.0,0.0
2026-04-03 09:20:00+00:00,0.0,0.0
2026-04-03 09:25:00+00:00,0.0,0.0
2026-04-03 09:30:00+00:00,0.0,0.0
2026-04-03 09:35:00+00:00,0.0,0.0
2026-04-03 09:40:00+00:00,0.0,0.0
2026-04-03 09:45:00+00:00,0.0,0.0
2026-04-03 09:50:00+00:00,0.0,0.0
2026-04-03 09:55:00+00:00,0.0,0.0
2026-04-03 10:00:00+00:00,0.0,0.0
2026-04-03 10:05:00+00:00,0.0,0.0
2026-04-03 10:10:00+00:00,0.0,0.0
2026-04-03 10:15:00+00:00,0.0,0.0
2026-04-03 10:20:00+00:00,0.0,0.0
2026-04-03 10:25:00+00:00,0.0,0.0
2026-04-03 10:30:00+00:00,0.0,0.0
2026-04-03 10:35:00+00:00,0.0,0.0
2026-04-03 10:40:00+00:00,0.0,0.0
2026-04-03 10:45:00+00:00,0.0,0.0
2026-04-03 10:50:00+00:00,0.0,0.0
2026-04-03 10:55:00+00:00,0.0,0.0
2026-04-03 11:00:00+00:00,0.0,0.0
2026-04-03 11:05:00+00:00,0.0,0.0
2026-04-03 11:10:00+00:00,0.0,0.0
2026-04-03 11:15:00+00:00,0.0,0.0
2026-04-03 11:20:00+00:00,0.0,0.0
2026-04-03 11:25:00+00:00,0.0,0.0
2026-04-03 11:30:00+00:00,0.0,0.0
2026-04-03 11:35:00+00:00,0.0,0.0
2026-04-03 11:40:00+00:00,0.0,0.0
2026-04-03 11:45:00+00:00,0.0,0.0
2026-04-03 11:50:00+00:00,0.0,0.0
2026-04-03 11:55:00+00:00,0.0,0.0
2026-04-03 12:00:00+00:00,0.0,0.0
2026-04-03 12:05:00+00:00,0.0,0.0
2026-04-03 12:10:00+00:00,0.0,0.0
2026-04-03 12:15:00+00:00,0.0,0.0
2026-04-03 12:20:00+00:00,0.0,0.0
2026-04-03 12:25:00+00:00,0.0,0.0
2026-04-03 12:30:00+00:00,0.0,0.0
2026-04-03 12:35:00+00:00,0.0,0.0
2026-04-03 12:40:00+00:00,0.0,0.0
2026-04-03 12:45:00+00:00,0.0,0.0
2026-04-03 12:50:00+00:00,0.0,0.0
2026-04-03 12:55:00+00:00,0.0,0.0
2026-04-03 13:00:00+00:00,0.0,0.0
2026-04-03 13:05:00+00:00,0.0,0.0
2026-04-03 13:10:00+00:00,0.0,0.0
2026-04-03 13:15:00+00:00,0.0,0.0
2026-04-03 13:20:00+00:00,0.0,0.0
2026-04-03 13:25:00+00:00,0.0,0.0
2026-04-03 13:30:00+00:00,0.0,0.0
2026-04-03 13:35:00+00:00,0.0,0.0
2026-04-03 13:40:00+00:00,0.0,0.0
2026-04-03 13:45:00+00:00,0.0,0.0
2026-04-03 13:50:00+00:00,0.0,0.0
2026-04-03 13:55:00+00:00,0.0,0.0
2026-04-03 14:00:00+00:00,0.0,0.0
2026-04-03 14:05:00+00:00,0.0,0.0
2026-04-03 14:10:00+00:00,0.0,0.0
2026-04-03 14:15:00+00:00,0.0,0.0
2026-04-03 14:20:00+00:00,0.0,0.0
2026-04-03 14:25:00+00:00,0.0,0.0
2026-04-03 14:30:00+00:00,0.0,0.0
2026-04-03 14:35:00+00:00,0.0,0.0
2026-04-03 14:40:00+00:00,0.0,0.0
2026-04-03 14:45:00+00:00,0.0,0.0
2026-04-03 14:50:00+00:00,0.0,0.0
2026-04-03 14:55:00+00:00,0.0,0.0
2026-04-03 15:00:00+00:00,0.0,0.0
2026-04-03 15:05:00+00:00,0.0,0.0
2026-04-03 15:10:00+00:00,0.0,0.0
2026-04-03 15:15:00+00:00,0.0,0.0
2026-04-03 15:20:00+00:00,0.0,0.0
2026-04-03 15:25:00+00:00,0.0,0.0
2026-04-03 15:30:00+00:00,0.0,0.0
2026-04-03 15:35:00+00:00,0.0,0.0
2026-04-03 15:40:00+00:00,0.0,0.0
2026-04-03 15:45:00+00:00,0.0,0.0
2026-04-03 15:50:00+00:00,0.0,0.0
2026-04-03 15:55:00+00:00,0.0,0.0
2026-04-03 16:00:00+00:00,0.0,0.0
2026-04-03 16:05:00+00:00,0.0,0.0
2026-04-03 16:10:00+00:00,0.0,0.0
2026-04-03 16:15:00+00:00,0.0,0.0
2026-04-03 16:20:00+00:00,0.0,0.0
2026-04-03 16:25:00+00:00,0.0,0.0
2026-04-03 16:30:00+00:00,0.0,0.0
2026-04-03 16:35:00+00:00,0.0,0.0
2026-04-03 16:40:00+00:00,0.0,0.0
2026-04-03 16:45:00+00:00,0.0,0.0
2026-04-03 16:50:00+00:00,0.0,0.0
2026-04-03 16:55:00+00:00,0.0,0.0
2026-04-03 17:00:00+00:00,0.0,0.0
2026-04-03 17:05:00+00:00,0.0,0.0
2026-04-03 17:10:00+00:00,0.0,0.0
2026-04-03 17:15:00+00:00,0.0,0.0
2026-04-03 17:20:00+00:00,0.0,0.0
2026-04-03 17:25:00+00:00,0.0,0.0
2026-04-03 17:30:00+00:00,0.0,0.0
2026-04-03 17:35:00+00:00,0.0,0.0
2026-04-03 17:40:00+00:00,0.0,0.0
2026-04-03 17:45:00+00:00,0.0,0.0
2026-04-03 17:50:00+00:00,0.0,0.0
2026-04-03 17:55:00+00:00,0.0,0.0
2026-04-03 18:00:00+00:00,0.0,0.0
2026-04-03 18:05:00+00:00,0.0,0.0
2026-04-03 18:10:00+00:00,0.0,0.0
2026-04-03 18:15:00+00:00,0.0,0.0
2026-04-03 18:20:00+00:00,0.0,0.0
2026-04-03 18:25:00+00:00,0.0,0.0
2026-04-03 18:30:00+00:00,0.0,0.0
2026-04-03 18:35:00+00:00,0.0,0.0
2026-04-03 18:40:00+00:00,0.0,0.0
2026-04-03 18:45:00+00:00,0.0,0.0
2026-04-03 18:50:00+00:00,0.0,0.0
2026-04-03 18:55:00+00:00,0.0,0.0
2026-04-03 19:00:00+00:00,0.0,0.0
2026-04-03 19:05:00+00:00,0.0,0.0
2026-04-03 19:10:00+00:00,0.0,0.0
2026-04-03 19:15:00+00:00,0.0,0.0
2026-04-03 19:20:00+00:00,0.0,0.0
2026-04-03 19:25:00+00:00,0.0,0.0
2026-04-03 19:30:00+00:00,0.0,0.0
2026-04-03 19:35:00+00:00,0.0,0.0
2026-04-03 19:40:00+00:00,0.0,0.0
2026-04-03 19:45:00+00:00,0.0,0.0
2026-04-03 19:50:00+00:00,0.0,0.0
2026-04-03 19:55:00+00:00,0.0,0.0
2026-04-03 20:00:00+00:00,0.0,0.0
2026-04-03 20:05:00+00:00,0.0,0.0
2026-04-03 20:10:00+00:00,0.0,0.0
2026-04-03 20:15:00+00:00,0.0,0.0
2026-04-03 20:20:00+00:00,0.0,0.0
2026-04-03 20:25:00+00:00,0.0,0.0
2026-04-03 20:30:00+00:00,0.0,0.0
2026-04-03 20:35:00+00:00,0.0,0.0
2026-04-03 20:40:00+00:00,0.0,0.0
2026-04-03 20:45:00+00:00,0.0,0.0
2026-04-03 20:50:00+00:00,0.0,0.0
2026-04-03 20:55:00+00:00,0.0,0.0
2026-04-03 21:00:00+00:00,0.0,0.0
2026-04-03 21:05:00+00:00,0.0,0.0
2026-04-03 21:10:00+00:00,0.0,0.0
2026-04-03 21:15:00+00:00,0.0,0.0
2026-04-03 21:20:00+00:00,0.0,0.0
2026-04-03 21:25:00+00:00,0.0,0.0
2026-04-03 21:30:00+00:00,0.0,0.0
2026-04-03 21:35:00+00:00,0.0,0.0
2026-04-03 21:40:00+00:00,0.0,0.0
2026-04-03 21:45:00+00:00,0.0,0.0
2026-04-03 21:50:00+00:00,0.0,0.0
2026-04-03 21:55:00+00:00,0.0,0.0
2026-04-03 22:00:00+00:00,0.0,0.0
2026-04-03 22:05:00+00:00,0.0,0.0
2026-04-03 22:10:00+00:00,0.0,0.0
2026-04-03 22:15:00+00:00,0.0,0.0
2026-04-03 22:20:00+00:00,0.0,0.0
2026-04-03 22:25:00+00:00,0.0,0.0
2026-04-03 22:30:00+00:00,0.0,0.0
2026-04-03 22:35:00+00:00,0.0,0.0
2026-04-03 22:40:00+00:00,0.0,0.0
2026-04-03 22:45:00+00:00,0.0,0.0
2026-04-03 22:50:00+00:00,0.0,0.0
2026-04-03 22:55:00+00:00,0.0,0.0
2026-04-03 23:00:00+00:00,0.0,0.0
2026-04-03 23:05:00+00:00,0.0,0.0
2026-04-03 23:10:00+00:00,0.0,0.0
2026-04-03 23:15:00+00:00,0.0,0.0
2026-04-03 23:20:00+00:00,0.0,0.0
2026-04-03 23:25:00+00:00,0.0,0.0
2026-04-03 23:30:00+00:00,0.0,0.0
2026-04-03 23:35:00+00:00,0.0,0.0
2026-04-03 23:40:00+00:00,0.0,0.0
2026-04-03 23:45:00+00:00,0.0,0.0
2026-04-03 23:50:00+00:00,0.0,0.0
2026-04-03 23:55:00+00:00,0.0,0.0
2026-04-04 00:00:00+00:00,0.0,0.0
2026-04-04 00:05:00+00:00,0.0,0.0
2026-04-04 00:10:00+00:00,0.0,0.0
2026-04-04 00:15:00+00:00,0.0,0.0
2026-04-04 00:20:00+00:00,0.0,0.0
2026-04-04 00:25:00+00:00,0.0,0.0
2026-04-04 00:30:00+00:00,0.0,0.0
2026-04-04 00:35:00+00:00,0.0,0.0
2026-04-04 00:40:00+00:00,0.0,0.0
2026-04-04 00:45:00+00:00,0.0,0.0
2026-04-04 00:50:00+00:00,0.0,0.0
2026-04-04 00:55:00+00:00,0.0,0.0
2026-04-04 01:00:00+00:00,0.0,0.0
2026-04-04 01:05:00+00:00,0.0,0.0
2026-04-04 01:10:00+00:00,0.0,0.0
2026-04-04 01:15:00+00:00,0.0,0.0
2026-04-04 01:20:00+00:00,0.0,0.0
2026-04-04 01:25:00+00:00,0.0,0.0
2026-04-04 01:30:00+00:00,0.0,0.0
2026-04-04 01:35:00+00:00,0.0,0.0
2026-04-04 01:40:00+00:00,0.0,0.0
2026-04-04 01:45:00+00:00,0.0,0.0
2026-04-04 01:50:00+00:00,0.0,0.0
2026-04-04 01:55:00+00:00,0.0,0.0
2026-04-04 02:00:00+00:00,0.0,0.0
2026-04-04 02:05:00+00:00,0.0,0.0
2026-04-04 02:10:00+00:00,0.0,0.0
2026-04-04 02:15:00+00:00,0.0,0.0
2026-04-04 02:20:00+00:00,0.0,0.0
2026-04-04 02:25:00+00:00,0.0,0.0
2026-04-04 02:30:00+00:00,0.0,0.0
2026-04-04 02:35:00+00:00,0.0,0.0
2026-04-04 02:40:00+00:00,0.0,0.0
2026-04-04 02:45:00+00:00,0.0,0.0
2026-04-04 02:50:00+00:00,0.0,0.0
2026-04-04 02:55:00+00:00,0.0,0.0
2026-04-04 03:00:00+00:00,0.0,0.0
2026-04-04 03:05:00+00:00,0.0,0.0
2026-04-04 03:10:00+00:00,0.0,0.0
2026-04-04 03:15:00+00:00,0.0,0.0
2026-04-04 03:20:00+00:00,0.0,0.0
2026-04-04 03:25:00+00:00,0.0,0.0
2026-04-04 03:30:00+00:00,0.0,0.0
2026-04-04 03:35:00+00:00,0.0,0.0
2026-04-04 03:40:00+00:00,0.0,0.0
2026-04-04 03:45:00+00:00,0.0,0.0
2026-04-04 03:50:00+00:00,0.0,0.0
2026-04-04 03:55:00+00:00,0.0,0.0
2026-04-04 04:00:00+00:00,0.0,0.0
2026-04-04 04:05:00+00:00,0.0,0.0
2026-04-04 04:10:00+00:00,0.0,0.0
2026-04-04 04:15:00+00:00,0.0,0.0
2026-04-04 04:20:00+00:00,0.0,0.0
2026-04-04 04:25:00+00:00,0.0,0.0
2026-04-04 04:30:00+00:00,0.0,0.0
2026-04-04 04:35:00+00:00,0.0,0.0
2026-04-04 04:40:00+00:00,0.0,0.0
2026-04-04 04:45:00+00:00,0.0,0.0
2026-04-04 04:50:00+00:00,0.0,0.0
2026-04-04 04:55:00+00:00,0.0,0.0
2026-04-04 05:00:00+00:00,0.0,0.0
2026-04-04 05:05:00+00:00,0.0,0.0
2026-04-04 05:10:00+00:00,0.0,0.0
2026-04-04 05:15:00+00:00,0.0,0.0
2026-04-04 05:20:00+00:00,0.0,0.0
2026-04-04 05:25:00+00:00,0.0,0.0
2026-04-04 05:30:00+00:00,0.0,0.0
2026-04-04 05:35:00+00:00,0.0,0.0
2026-04-04 05:40:00+00:00,0.0,0.0
2026-04-04 05:45:00+00:00,0.0,0.0
2026-04-04 05:50:00+00:00,0.0,0.0
2026-04-04 05:55:00+00:00,0.0,0.0
2026-04-04 06:00:00+00:00,0.0,0.0
2026-04-04 06:05:00+00:00,0.0,0.0
2026-04-04 06:10:00+00:00,0.0,0.0
2026-04-04 06:15:00+00:00,0.0,0.0
2026-04-04 06:20:00+00:00,0.0,0.0
2026-04-04 06:25:00+00:00,0.0,0.0
2026-04-04 06:30:00+00:00,0.0,0.0
2026-04-04 06:35:00+00:00,0.0,0.0
2026-04-04 06:40:00+00:00,0.0,0.0
2026-04-04 06:45:00+00:00,0.0,0.0
2026-04-04 06:50:00+00:00,0.0,0.0
2026-04-04 06:55:00+00:00,0.0,0.0
2026-04-04 07:00:00+00:00,0.0,0.0
2026-04-04 07:05:00+00:00,0.0,0.0
2026-04-04 07:10:00+00:00,0.0,0.0
2026-04-04 07:15:00+00:00,0.0,0.0
2026-04-04 07:20:00+00:00,0.0,0.0
2026-04-04 07:25:00+00:00,0.0,0.0
2026-04-04 07:30:00+00:00,0.0,0.0
2026-04-04 07:35:00+00:00,0.0,0.0
2026-04-04 07:40:00+00:00,0.0,0.0
2026-04-04 07:45:00+00:00,0.0,0.0
2026-04-04 07:50:00+00:00,0.0,0.0
2026-04-04 07:55:00+00:00,0.0,0.0
2026-04-04 08:00:00+00:00,0.0,0.0
2026-04-04 08:05:00+00:00,0.0,0.0
2026-04-04 08:10:00+00:00,0.0,0.0
2026-04-04 08:15:00+00:00,0.0,0.0
2026-04-04 08:20:00+00:00,0.0,0.0
2026-04-04 08:25:00+00:00,0.0,0.0
2026-04-04 08:30:00+00:00,0.0,0.0
2026-04-04 08:35:00+00:00,0.0,0.0
2026-04-04 08:40:00+00:00,0.0,0.0
2026-04-04 08:45:00+00:00,0.0,0.0
2026-04-04 08:50:00+00:00,0.0,0.0
2026-04-04 08:55:00+00:00,0.0,0.0
2026-04-04 09:00:00+00:00,0.0,0.0
2026-04-04 09:05:00+00:00,0.0,0.0
2026-04-04 09:10:00+00:00,0.0,0.0
2026-04-04 09:15:00+00:00,0.0,0.0
2026-04-04 09:20:00+00:00,0.0,0.0
2026-04-04 09:25:00+00:00,0.0,0.0
2026-04-04 09:30:00+00:00,0.0,0.0
2026-04-04 09:35:00+00:00,0.0,0.0
2026-04-04 09:40:00+00:00,0.0,0.0
2026-04-04 09:45:00+00:00,0.0,0.0
2026-04-04 09:50:00+00:00,0.0,0.0
2026-04-04 09:55:00+00:00,0.0,0.0
2026-04-04 10:00:00+00:00,0.0,0.0
2026-04-04 10:05:00+00:00,0.0,0.0
2026-04-04 10:10:00+00:00,0.0,0.0
2026-04-04 10:15:00+00:00,0.0,0.0
2026-04-04 10:20:00+00:00,0.0,0.0
2026-04-04 10:25:00+00:00,0.0,0.0
2026-04-04 10:30:00+00:00,0.0,0.0
2026-04-04 10:35:00+00:00,0.0,0.0
2026-04-04 10:40:00+00:00,0.0,0.0
2026-04-04 10:45:00+00:00,0.0,0.0
2026-04-04 10:50:00+00:00,0.0,0.0
2026-04-04 10:55:00+00:00,0.0,0.0
2026-04-04 11:00:00+00:00,0.0,0.0
2026-04-04 11:05:00+00:00,0.0,0.0
2026-04-04 11:10:00+00:00,0.0,0.0
2026-04-04 11:15:00+00:00,0.0,0.0
2026-04-04 11:20:00+00:00,0.0,0.0
2026-04-04 11:25:00+00:00,0.0,0.0
2026-04-04 11:30:00+00:00,0.0,0.0
2026-04-04 11:35:00+00:00,0.0,0.0
2026-04-04 11:40:00+00:00,0.0,0.0
2026-04-04 11:45:00+00:00,0.0,0.0
2026-04-04 11:50:00+00:00,0.0,0.0
2026-04-04 11:55:00+00:00,0.0,0.0
2026-04-04 12:00:00+00:00,0.0,0.0
2026-04-04 12:05:00+00:00,0.0,0.0
2026-04-04 12:10:00+00:00,0.0,0.0
2026-04-04 12:15:00+00:00,0.0,0.0
2026-04-04 12:20:00+00:00,0.0,0.0
2026-04-04 12:25:00+00:00,0.0,0.0
2026-04-04 12:30:00+00:00,0.0,0.0
2026-04-04 12:35:00+00:00,0.0,0.0
2026-04-04 12:40:00+00:00,0.0,0.0
2026-04-04 12:45:00+00:00,0.0,0.0
2026-04-04 12:50:00+00:00,0.0,0.0
2026-04-04 12:55:00+00:00,0.0,0.0
2026-04-04 13:00:00+00:00,0.0,0.0
2026-04-04 13:05:00+00:00,0.0,0.0
2026-04-04 13:10:00+00:00,0.0,0.0
2026-04-04 13:15:00+00:00,0.0,0.0
2026-04-04 13:20:00+00:00,0.0,0.0
2026-04-04 13:25:00+00:00,0.0,0.0
2026-04-04 13:30:00+00:00,0.0,0.0
2026-04-04 13:35:00+00:00,0.0,0.0
2026-04-04 13:40:00+00:00,0.0,0.0
2026-04-04 13:45:00+00:00,0.0,0.0
2026-04-04 13:50:00+00:00,0.0,0.0
2026-04-04 13:55:00+00:00,0.0,0.0
2026-04-04 14:00:00+00:00,0.0,0.0
2026-04-04 14:05:00+00:00,0.0,0.0
2026-04-04 14:10:00+00:00,0.0,0.0
2026-04-04 14:15:00+00:00,0.0,0.0
2026-04-04 14:20:00+00:00,0.0,0.0
2026-04-04 14:25:00+00:00,0.0,0.0
2026-04-04 14:30:00+00:00,0.0,0.0
2026-04-04 14:35:00+00:00,0.0,0.0
2026-04-04 14:40:00+00:00,0.0,0.0
2026-04-04 14:45:00+00:00,0.0,0.0
2026-04-04 14:50:00+00:00,0.0,0.0
2026-04-04 14:55:00+00:00,0.0,0.0
2026-04-04 15:00:00+00:00,0.0,0.0
2026-04-04 15:05:00+00:00,0.0,0.0
2026-04-04 15:10:00+00:00,0.0,0.0
2026-04-04 15:15:00+00:00,0.0,0.0
2026-04-04 15:20:00+00:00,0.0,0.0
2026-04-04 15:25:00+00:00,0.0,0.0
2026-04-04 15:30:00+00:00,0.0,0.0
2026-04-04 15:35:00+00:00,0.0,0.0
2026-04-04 15:40:00+00:00,0.0,0.0
2026-04-04 15:45:00+00:00,0.0,0.0
2026-04-04 15:50:00+00:00,0.0,0.0
2026-04-04 15:55:00+00:00,0.0,0.0
2026-04-04 16:00:00+00:00,0.0,0.0
2026-04-04 16:05:00+00:00,0.0,0.0
2026-04-04 16:10:00+00:00,0.0,0.0
2026-04-04 16:15:00+00:00,0.0,0.0
2026-04-04 16:20:00+00:00,0.0,0.0
2026-04-04 16:25:00+00:00,0.0,0.0
2026-04-04 16:30:00+00:00,0.0,0.0
2026-04-04 16:35:00+00:00,0.0,0.0
2026-04-04 16:40:00+00:00,0.0,0.0
2026-04-04 16:45:00+00:00,0.0,0.0
2026-04-04 16:50:00+00:00,0.0,0.0
2026-04-04 16:55:00+00:00,0.0,0.0
2026-04-04 17:00:00+00:00,0.0,0.0
2026-04-04 17:05:00+00:00,0.0,0.0
2026-04-04 17:10:00+00:00,0.0,0.0
2026-04-04 17:15:00+00:00,0.0,0.0
2026-04-04 17:20:00+00:00,0.0,0.0
2026-04-04 17:25:00+00:00,0.0,0.0
2026-04-04 17:30:00+00:00,0.0,0.0
2026-04-04 17:35:00+00:00,0.0,0.0
2026-04-04 17:40:00+00:00,0.0,0.0
2026-04-04 17:45:00+00:00,0.0,0.0
2026-04-04 17:50:00+00:00,0.0,0.0
2026-04-04 17:55:00+00:00,0.0,0.0
2026-04-04 18:00:00+00:00,0.0,0.0
2026-04-04 18:05:00+00:00,0.0,0.0
2026-04-04 18:10:00+00:00,0.0,0.0
2026-04-04 18:15:00+00:00,0.0,0.0
2026-04-04 18:20:00+00:00,0.0,0.0
2026-04-04 18:25:00+00:00,0.0,0.0
2026-04-04 18:30:00+00:00,0.0,0.0
2026-04-04 18:35:00+00:00,0.0,0.0
2026-04-04 18:40:00+00:00,0.0,0.0
2026-04-04 18:45:00+00:00,0.0,0.0
2026-04-04 18:50:00+00:00,0.0,0.0
2026-04-04 18:55:00+00:00,0.0,0.0
2026-04-04 19:00:00+00:00,0.0,0.0
2026-04-04 19:05:00+00:00,0.0,0.0
2026-04-04 19:10:00+00:00,0.0,0.0
2026-04-04 19:15:00+00:00,0.0,0.0
2026-04-04 19:20:00+00:00,0.0,0.0
2026-04-04 19:25:00+00:00,0.0,0.0
2026-04-04 19:30:00+00:00,0.0,0.0
2026-04-04 19:35:00+00:00,0.0,0.0
2026-04-04 19:40:00+00:00,0.0,0.0
2026-04-04 19:45:00+00:00,0.0,0.0
2026-04-04 19:50:00+00:00,0.0,0.0
2026-04-04 19:55:00+00:00,0.0,0.0
2026-04-04 20:00:00+00:00,0.0,0.0
2026-04-04 20:05:00+00:00,0.0,0.0
2026-04-04 20:10:00+00:00,0.0,0.0
2026-04-04 20:15:00+00:00,0.0,0.0
2026-04-04 20:20:00+00:00,0.0,0.0
2026-04-04 20:25:00+00:00,0.0,0.0
2026-04-04 20:30:00+00:00,0.0,0.0
2026-04-04 20:35:00+00:00,0.0,0.0
2026-04-04 20:40:00+00:00,0.0,0.0
2026-04-04 20:45:00+00:00,0.0,0.0
2026-04-04 20:50:00+00:00,0.0,0.0
2026-04-04 20:55:00+00:00,0.0,0.0
2026-04-04 21:00:00+00:00,0.0,0.0
2026-04-04 21:05:00+00:00,0.0,0.0
2026-04-04 21:10:00+00:00,0.0,0.0
2026-04-04 21:15:00+00:00,0.0,0.0
2026-04-04 21:20:00+00:00,0.0,0.0
2026-04-04 21:25:00+00:00,0.0,0.0
2026-04-04 21:30:00+00:00,0.0,0.0
2026-04-04 21:35:00+00:00,0.0,0.0
2026-04-04 21:40:00+00:00,0.0,0.0
2026-04-04 21:45:00+00:00,0.0,0.0
2026-04-04 21:50:00+00:00,0.0,0.0
2026-04-04 21:55:00+00:00,0.0,0.0
2026-04-04 22:00:00+00:00,0.0,0.0
2026-04-04 22:05:00+00:00,0.0,0.0
2026-04-04 22:10:00+00:00,0.0,0.0
2026-04-04 22:15:00+00:00,0.0,0.0
2026-04-04 22:20:00+00:00,0.0,0.0
2026-04-04 22:25:00+00:00,0.0,0.0
2026-04-04 22:30:00+00:00,0.0,0.0
2026-04-04 22:35:00+00:00,0.0,0.0
2026-04-04 22:40:00+00:00,0.0,0.0
2026-04-04 22:45:00+00:00,0.0,0.0
2026-04-04 22:50:00+00:00,0.0,0.0
2026-04-04 22:55:00+00:00,0.0,0.0
2026-04-04 23:00:00+00:00,0.0,0.0
2026-04-04 23:05:00+00:00,0.0,0.0
2026-04-04 23:10:00+00:00,0.0,0.0
2026-04-04 23:15:00+00:00,0.0,0.0
2026-04-04 23:20:00+00:00,0.0,0.0
2026-04-04 23:25:00+00:00,0.0,0.0
2026-04-04 23:30:00+00:00,0.0,0.0
2026-04-04 23:35:00+00:00,0.0,0.0
2026-04-04 23:40:00+00:00,0.0,0.0
2026-04-04 23:45:00+00:00,0.0,0.0
2026-04-04 23:50:00+00:00,0.0,0.0
2026-04-04 23:55:00+00:00,0.0,0.0
2026-04-05 00:00:00+00:00,0.0,0.0
2026-04-05 00:05:00+00:00,0.0,0.0
2026-04-05 00:10:00+00:00,0.0,0.0
2026-04-05 00:15:00+00:00,0.0,0.0
2026-04-05 00:20:00+00:00,0.0,0.0
2026-04-05 00:25:00+00:00,0.0,0.0
2026-04-05 00:30:00+00:00,0.0,0.0
2026-04-05 00:35:00+00:00,0.0,0.0
2026-04-05 00:40:00+00:00,0.0,0.0
2026-04-05 00:45:00+00:00,0.0,0.0
2026-04-05 00:50:00+00:00,0.0,0.0
2026-04-05 00:55:00+00:00,0.0,0.0
2026-04-05 01:00:00+00:00,0.0,0.0
2026-04-05 01:05:00+00:00,0.0,0.0
2026-04-05 01:10:00+00:00,0.0,0.0
2026-04-05 01:15:00+00:00,0.0,0.0
2026-04-05 01:20:00+00:00,0.0,0.0
2026-04-05 01:25:00+00:00,0.0,0.0
2026-04-05 01:30:00+00:00,0.0,0.0
2026-04-05 01:35:00+00:00,0.0,0.0
2026-04-05 01:40:00+00:00,0.0,0.0
2026-04-05 01:45:00+00:00,0.0,0.0
2026-04-05 01:50:00+00:00,0.0,0.0
2026-04-05 01:55:00+00:00,0.0,0.0
2026-04-05 02:00:00+00:00,0.0,0.0
2026-04-05 02:05:00+00:00,0.0,0.0
2026-04-05 02:10:00+00:00,0.0,0.0
2026-04-05 02:15:00+00:00,0.0,0.0
2026-04-05 02:20:00+00:00,0.0,0.0
2026-04-05 02:25:00+00:00,0.0,0.0
2026-04-05 02:30:00+00:00,0.0,0.0
2026-04-05 02:35:00+00:00,0.0,0.0
2026-04-05 02:40:00+00:00,0.0,0.0
2026-04-05 02:45:00+00:00,0.0,0.0
2026-04-05 02:50:00+00:00,0.0,0.0
2026-04-05 02:55:00+00:00,0.0,0.0
2026-04-05 03:00:00+00:00,0.0,0.0
2026-04-05 03:05:00+00:00,0.0,0.0
2026-04-05 03:10:00+00:00,0.0,0.0
2026-04-05 03:15:00+00:00,0.0,0.0
2026-04-05 03:20:00+00:00,0.0,0.0
2026-04-05 03:25:00+00:00,0.0,0.0
2026-04-05 03:30:00+00:00,0.0,0.0
2026-04-05 03:35:00+00:00,0.0,0.0
2026-04-05 03:40:00+00:00,0.0,0.0
2026-04-05 03:45:00+00:00,0.0,0.0
2026-04-05 03:50:00+00:00,0.0,0.0
2026-04-05 03:55:00+00:00,0.0,0.0
2026-04-05 04:00:00+00:00,0.0,0.0
2026-04-05 04:05:00+00:00,0.0,0.0
2026-04-05 04:10:00+00:00,0.0,0.0
2026-04-05 04:15:00+00:00,0.0,0.0
2026-04-05 04:20:00+00:00,0.0,0.0
2026-04-05 04:25:00+00:00,0.0,0.0
2026-04-05 04:30:00+00:00,0.0,0.0
2026-04-05 04:35:00+00:00,0.0,0.0
2026-04-05 04:40:00+00:00,0.0,0.0
2026-04-05 04:45:00+00:00,0.0,0.0
2026-04-05 04:50:00+00:00,0.0,0.0
2026-04-05 04:55:00+00:00,0.0,0.0
2026-04-05 05:00:00+00:00,0.0,0.0
2026-04-05 05:05:00+00:00,0.0,0.0
2026-04-05 05:10:00+00:00,0.0,0.0
2026-04-05 05:15:00+00:00,0.0,0.0
2026-04-05 05:20:00+00:00,0.0,0.0
2026-04-05 05:25:00+00:00,0.0,0.0
2026-04-05 05:30:00+00:00,0.0,0.0
2026-04-05 05:35:00+00:00,0.0,0.0
2026-04-05 05:40:00+00:00,0.0,0.0
2026-04-05 05:45:00+00:00,0.0,0.0
2026-04-05 05:50:00+00:00,0.0,0.0
2026-04-05 05:55:00+00:00,0.0,0.0
2026-04-05 06:00:00+00:00,0.0,0.0
2026-04-05 06:05:00+00:00,0.0,0.0
2026-04-05 06:10:00+00:00,0.0,0.0
2026-04-05 06:15:00+00:00,0.0,0.0
2026-04-05 06:20:00+00:00,0.0,0.0
2026-04-05 06:25:00+00:00,0.0,0.0
2026-04-05 06:30:00+00:00,0.0,0.0
2026-04-05 06:35:00+00:00,0.0,0.0
2026-04-05 06:40:00+00:00,0.0,0.0
2026-04-05 06:45:00+00:00,0.0,0.0
2026-04-05 06:50:00+00:00,0.0,0.0
2026-04-05 06:55:00+00:00,0.0,0.0
2026-04-05 07:00:00+00:00,0.0,0.0
2026-04-05 07:05:00+00:00,0.0,0.0
2026-04-05 07:10:00+00:00,0.0,0.0
2026-04-05 07:15:00+00:00,0.0,0.0
2026-04-05 07:20:00+00:00,0.0,0.0
2026-04-05 07:25:00+00:00,0.0,0.0
2026-04-05 07:30:00+00:00,0.0,0.0
2026-04-05 07:35:00+00:00,0.0,0.0
2026-04-05 07:40:00+00:00,0.0,0.0
2026-04-05 07:45:00+00:00,0.0,0.0
2026-04-05 07:50:00+00:00,0.0,0.0
2026-04-05 07:55:00+00:00,0.0,0.0
2026-04-05 08:00:00+00:00,0.0,0.0
2026-04-05 08:05:00+00:00,0.0,0.0
2026-04-05 08:10:00+00:00,0.0,0.0
2026-04-05 08:15:00+00:00,0.0,0.0
2026-04-05 08:20:00+00:00,0.0,0.0
2026-04-05 08:25:00+00:00,0.0,0.0
2026-04-05 08:30:00+00:00,0.0,0.0
2026-04-05 08:35:00+00:00,0.0,0.0
2026-04-05 08:40:00+00:00,0.0,0.0
2026-04-05 08:45:00+00:00,0.0,0.0
2026-04-05 08:50:00+00:00,0.0,0.0
2026-04-05 08:55:00+00:00,0.0,0.0
2026-04-05 09:00:00+00:00,0.0,0.0
2026-04-05 09:05:00+00:00,0.0,0.0
2026-04-05 09:10:00+00:00,0.0,0.0
2026-04-05 09:15:00+00:00,0.0,0.0
2026-04-05 09:20:00+00:00,0.0,0.0
2026-04-05 09:25:00+00:00,0.0,0.0
2026-04-05 09:30:00+00:00,0.0,0.0
2026-04-05 09:35:00+00:00,0.0,0.0
2026-04-05 09:40:00+00:00,0.0,0.0
2026-04-05 09:45:00+00:00,0.0,0.0
2026-04-05 09:50:00+00:00,0.0,0.0
2026-04-05 09:55:00+00:00,0.0,0.0
2026-04-05 10:00:00+00:00,0.0,0.0
2026-04-05 10:05:00+00:00,0.0,0.0
2026-04-05 10:10:00+00:00,0.0,0.0
2026-04-05 10:15:00+00:00,0.0,0.0
2026-04-05 10:20:00+00:00,0.0,0.0
2026-04-05 10:25:00+00:00,0.0,0.0
2026-04-05 10:30:00+00:00,0.0,0.0
2026-04-05 10:35:00+00:00,0.0,0.0
2026-04-05 10:40:00+00:00,0.0,0.0
2026-04-05 10:45:00+00:00,0.0,0.0
2026-04-05 10:50:00+00:00,0.0,0.0
2026-04-05 10:55:00+00:00,0.0,0.0
2026-04-05 11:00:00+00:00,0.0,0.0
2026-04-05 11:05:00+00:00,0.0,0.0
2026-04-05 11:10:00+00:00,0.0,0.0
2026-04-05 11:15:00+00:00,0.0,0.0
2026-04-05 11:20:00+00:00,0.0,0.0
2026-04-05 11:25:00+00:00,0.0,0.0
2026-04-05 11:30:00+00:00,0.0,0.0
2026-04-05 11:35:00+00:00,0.0,0.0
2026-04-05 11:40:00+00:00,0.0,0.0
2026-04-05 11:45:00+00:00,0.0,0.0
2026-04-05 11:50:00+00:00,0.0,0.0
2026-04-05 11:55:00+00:00,0.0,0.0
2026-04-05 12:00:00+00:00,0.0,0.0
2026-04-05 12:05:00+00:00,0.0,0.0
2026-04-05 12:10:00+00:00,0.0,0.0
2026-04-05 12:15:00+00:00,0.0,0.0
2026-04-05 12:20:00+00:00,0.0,0.0
2026-04-05 12:25:00+00:00,0.0,0.0
2026-04-05 12:30:00+00:00,0.0,0.0
2026-04-05 12:35:00+00:00,0.0,0.0
2026-04-05 12:40:00+00:00,0.0,0.0
2026-04-05 12:45:00+00:00,0.0,0.0
2026-04-05 12:50:00+00:00,0.0,0.0
2026-04-05 12:55:00+00:00,0.0,0.0
2026-04-05 13:00:00+00:00,0.0,0.0
2026-04-05 13:05:00+00:00,0.0,0.0
2026-04-05 13:10:00+00:00,0.0,0.0
2026-04-05 13:15:00+00:00,0.0,0.0
2026-04-05 13:20:00+00:00,0.0,0.0
2026-04-05 13:25:00+00:00,0.0,0.0
2026-04-05 13:30:00+00:00,0.0,0.0
2026-04-05 13:35:00+00:00,0.0,0.0
2026-04-05 13:40:00+00:00,0.0,0.0
2026-04-05 13:45:00+00:00,0.0,0.0
2026-04-05 13:50:00+00:00,0.0,0.0
2026-04-05 13:55:00+00:00,0.0,0.0
2026-04-05 14:00:00+00:00,0.0,0.0
2026-04-05 14:05:00+00:00,0.0,0.0
2026-04-05 14:10:00+00:00,0.0,0.0
2026-04-05 14:15:00+00:00,0.0,0.0
2026-04-05 14:20:00+00:00,0.0,0.0
2026-04-05 14:25:00+00:00,0.0,0.0
2026-04-05 14:30:00+00:00,0.0,0.0
2026-04-05 14:35:00+00:00,0.0,0.0
2026-04-05 14:40:00+00:00,0.0,0.0
2026-04-05 14:45:00+00:00,0.0,0.0
2026-04-05 14:50:00+00:00,0.0,0.0
2026-04-05 14:55:00+00:00,0.0,0.0
2026-04-05 15:00:00+00:00,0.0,0.0
2026-04-05 15:05:00+00:00,0.0,0.0
2026-04-05 15:10:00+00:00,0.0,0.0
2026-04-05 15:15:00+00:00,0.0,0.0
2026-04-05 15:20:00+00:00,0.0,0.0
2026-04-05 15:25:00+00:00,0.0,0.0
2026-04-05 15:30:00+00:00,0.0,0.0
2026-04-05 15:35:00+00:00,0.0,0.0
2026-04-05 15:40:00+00:00,0.0,0.0
2026-04-05 15:45:00+00:00,0.0,0.0
2026-04-05 15:50:00+00:00,0.0,0.0
2026-04-05 15:55:00+00:00,0.0,0.0
2026-04-05 16:00:00+00:00,0.0,0.0
2026-04-05 16:05:00+00:00,0.0,0.0
2026-04-05 16:10:00+00:00,0.0,0.0
2026-04-05 16:15:00+00:00,0.0,0.0
2026-04-05 16:20:00+00:00,0.0,0.0
2026-04-05 16:25:00+00:00,0.0,0.0
2026-04-05 16:30:00+00:00,0.0,0.0
2026-04-05 16:35:00+00:00,0.0,0.0
2026-04-05 16:40:00+00:00,0.0,0.0
2026-04-05 16:45:00+00:00,0.0,0.0
2026-04-05 16:50:00+00:00,0.0,0.0
2026-04-05 16:55:00+00:00,0.0,0.0
2026-04-05 17:00:00+00:00,0.0,0.0
2026-04-05 17:05:00+00:00,0.0,0.0
2026-04-05 17:10:00+00:00,0.0,0.0
2026-04-05 17:15:00+00:00,0.0,0.0
2026-04-05 17:20:00+00:00,0.0,0.0
2026-04-05 17:25:00+00:00,0.0,0.0
2026-04-05 17:30:00+00:00,0.0,0.0
2026-04-05 17:35:00+00:00,0.0,0.0
2026-04-05 17:40:00+00:00,0.0,0.0
2026-04-05 17:45:00+00:00,0.0,0.0
2026-04-05 17:50:00+00:00,0.0,0.0
2026-04-05 17:55:00+00:00,0.0,0.0
2026-04-05 18:00:00+00:00,0.0,0.0
2026-04-05 18:05:00+00:00,0.0,0.0
2026-04-05 18:10:00+00:00,0.0,0.0
2026-04-05 18:15:00+00:00,0.0,0.0
2026-04-05 18:20:00+00:00,0.0,0.0
2026-04-05 18:25:00+00:00,0.0,0.0
2026-04-05 18:30:00+00:00,0.0,0.0
2026-04-05 18:35:00+00:00,0.0,0.0
2026-04-05 18:40:00+00:00,0.0,0.0
2026-04-05 18:45:00+00:00,0.0,0.0
2026-04-05 18:50:00+00:00,0.0,0.0
2026-04-05 18:55:00+00:00,0.0,0.0
2026-04-05 19:00:00+00:00,0.0,0.0
2026-04-05 19:05:00+00:00,0.0,0.0
2026-04-05 19:10:00+00:00,0.0,0.0
2026-04-05 19:15:00+00:00,0.0,0.0
2026-04-05 19:20:00+00:00,0.0,0.0
2026-04-05 19:25:00+00:00,0.0,0.0
2026-04-05 19:30:00+00:00,0.0,0.0
2026-04-05 19:35:00+00:00,0.0,0.0
2026-04-05 19:40:00+00:00,0.0,0.0
2026-04-05 19:45:00+00:00,0.0,0.0
2026-04-05 19:50:00+00:00,0.0,0.0
2026-04-05 19:55:00+00:00,0.0,0.0
2026-04-05 20:00:00+00:00,0.0,0.0
2026-04-05 20:05:00+00:00,0.0,0.0
2026-04-05 20:10:00+00:00,0.0,0.0
2026-04-05 20:15:00+00:00,0.0,0.0
2026-04-05 20:20:00+00:00,0.0,0.0
2026-04-05 20:25:00+00:00,0.0,0.0
2026-04-05 20:30:00+00:00,0.0,0.0
2026-04-05 20:35:00+00:00,0.0,0.0
2026-04-05 20:40:00+00:00,0.0,0.0
2026-04-05 20:45:00+00:00,0.0,0.0
2026-04-05 20:50:00+00:00,0.0,0.0
2026-04-05 20:55:00+00:00,0.0,0.0
2026-04-05 21:00:00+00:00,0.0,0.0
2026-04-05 21:05:00+00:00,0.0,0.0
2026-04-05 21:10:00+00:00,0.0,0.0
2026-04-05 21:15:00+00:00,0.0,0.0
2026-04-05 21:20:00+00:00,0.0,0.0
2026-04-05 21:25:00+00:00,0.0,0.0
2026-04-05 21:30:00+00:00,0.0,0.0
2026-04-05 21:35:00+00:00,0.0,0.0
2026-04-05 21:40:00+00:00,0.0,0.0
2026-04-05 21:45:00+00:00,0.0,0.0
2026-04-05 21:50:00+00:00,0.0,0.0
2026-04-05 21:55:00+00:00,0.0,0.0
2026-04-05 22:00:00+00:00,0.0,0.0
2026-04-05 22:05:00+00:00,0.0,0.0
2026-04-05 22:10:00+00:00,0.0,0.0
2026-04-05 22:15:00+00:00,0.0,0.0
2026-04-05 22:20:00+00:00,0.0,0.0
2026-04-05 22:25:00+00:00,0.0,0.0
2026-04-05 22:30:00+00:00,0.0,0.0
2026-04-05 22:35:00+00:00,0.0,0.0
2026-04-05 22:40:00+00:00,0.0,0.0
2026-04-05 22:45:00+00:00,0.0,0.0
2026-04-05 22:50:00+00:00,0.0,0.0
2026-04-05 22:55:00+00:00,0.0,0.0
2026-04-05 23:00:00+00:00,0.0,0.0
2026-04-05 23:05:00+00:00,0.0,0.0
2026-04-05 23:10:00+00:00,0.0,0.0
2026-04-05 23:15:00+00:00,0.0,0.0
2026-04-05 23:20:00+00:00,0.0,0.0
2026-04-05 23:25:00+00:00,0.0,0.0
2026-04-05 23:30:00+00:00,0.0,0.0
2026-04-05 23:35:00+00:00,0.0,0.0
2026-04-05 23:40:00+00:00,0.0,0.0
2026-04-05 23:45:00+00:00,0.0,0.0
2026-04-05 23:50:00+00:00,0.0,0.0
2026-04-05 23:55:00+00:00,0.0,0.0
2026-04-06 00:00:00+00:00,0.0,0.0
2026-04-06 00:05:00+00:00,0.0,0.0
2026-04-06 00:10:00+00:00,0.0,0.0
2026-04-06 00:15:00+00:00,0.0,0.0
2026-04-06 00:20:00+00:00,0.0,0.0
2026-04-06 00:25:00+00:00,0.0,0.0
2026-04-06 00:30:00+00:00,0.0,0.0
2026-04-06 00:35:00+00:00,0.0,0.0
2026-04-06 00:40:00+00:00,0.0,0.0
2026-04-06 00:45:00+00:00,0.0,0.0
2026-04-06 00:50:00+00:00,0.0,0.0
2026-04-06 00:55:00+00:00,0.0,0.0
2026-04-06 01:00:00+00:00,0.0,0.0
2026-04-06 01:05:00+00:00,0.0,0.0
2026-04-06 01:10:00+00:00,0.0,0.0
2026-04-06 01:15:00+00:00,0.0,0.0
2026-04-06 01:20:00+00:00,0.0,0.0
2026-04-06 01:25:00+00:00,0.0,0.0
2026-04-06 01:30:00+00:00,0.0,0.0
2026-04-06 01:35:00+00:00,0.0,0.0
2026-04-06 01:40:00+00:00,0.0,0.0
2026-04-06 01:45:00+00:00,0.0,0.0
2026-04-06 01:50:00+00:00,0.0,0.0
2026-04-06 01:55:00+00:00,0.0,0.0
2026-04-06 02:00:00+00:00,0.0,0.0
2026-04-06 02:05:00+00:00,0.0,0.0
2026-04-06 02:10:00+00:00,0.0,0.0
2026-04-06 02:15:00+00:00,0.0,0.0
2026-04-06 02:20:00+00:00,0.0,0.0
2026-04-06 02:25:00+00:00,0.0,0.0
2026-04-06 02:30:00+00:00,0.0,0.0
2026-04-06 02:35:00+00:00,0.0,0.0
2026-04-06 02:40:00+00:00,0.0,0.0
2026-04-06 02:45:00+00:00,0.0,0.0
2026-04-06 02:50:00+00:00,0.0,0.0
2026-04-06 02:55:00+00:00,0.0,0.0
2026-04-06 03:00:00+00:00,0.0,0.0
2026-04-06 03:05:00+00:00,0.0,0.0
2026-04-06 03:10:00+00:00,0.0,0.0
2026-04-06 03:15:00+00:00,0.0,0.0
2026-04-06 03:20:00+00:00,0.0,0.0
2026-04-06 03:25:00+00:00,0.0,0.0
2026-04-06 03:30:00+00:00,0.0,0.0
2026-04-06 03:35:00+00:00,0.0,0.0
2026-04-06 03:40:00+00:00,0.0,0.0
2026-04-06 03:45:00+00:00,0.0,0.0
2026-04-06 03:50:00+00:00,0.0,0.0
2026-04-06 03:55:00+00:00,0.0,0.0
2026-04-06 04:00:00+00:00,0.0,0.0
2026-04-06 04:05:00+00:00,0.0,0.0
2026-04-06 04:10:00+00:00,0.0,0.0
2026-04-06 04:15:00+00:00,0.0,0.0
2026-04-06 04:20:00+00:00,0.0,0.0
2026-04-06 04:25:00+00:00,0.0,0.0
2026-04-06 04:30:00+00:00,0.0,0.0
2026-04-06 04:35:00+00:00,0.0,0.0
2026-04-06 04:40:00+00:00,0.0,0.0
2026-04-06 04:45:00+00:00,0.0,0.0
2026-04-06 04:50:00+00:00,0.0,0.0
2026-04-06 04:55:00+00:00,0.0,0.0
2026-04-06 05:00:00+00:00,0.0,0.0
2026-04-06 05:05:00+00:00,0.0,0.0
2026-04-06 05:10:00+00:00,0.0,0.0
2026-04-06 05:15:00+00:00,0.0,0.0
2026-04-06 05:20:00+00:00,0.0,0.0
2026-04-06 05:25:00+00:00,0.0,0.0
2026-04-06 05:30:00+00:00,0.0,0.0
2026-04-06 05:35:00+00:00,0.0,0.0
2026-04-06 05:40:00+00:00,0.0,0.0
2026-04-06 05:45:00+00:00,0.0,0.0
2026-04-06 05:50:00+00:00,0.0,0.0
2026-04-06 05:55:00+00:00,0.0,0.0
2026-04-06 06:00:00+00:00,0.0,0.0
2026-04-06 06:05:00+00:00,0.0,0.0
2026-04-06 06:10:00+00:00,0.0,0.0
2026-04-06 06:15:00+00:00,0.0,0.0
2026-04-06 06:20:00+00:00,0.0,0.0
2026-04-06 06:25:00+00:00,0.0,0.0
2026-04-06 06:30:00+00:00,0.0,0.0
2026-04-06 06:35:00+00:00,0.0,0.0
2026-04-06 06:40:00+00:00,0.0,0.0
2026-04-06 06:45:00+00:00,0.0,0.0
2026-04-06 06:50:00+00:00,0.0,0.0
2026-04-06 06:55:00+00:00,0.0,0.0
2026-04-06 07:00:00+00:00,0.0,0.0
2026-04-06 07:05:00+00:00,0.0,0.0
2026-04-06 07:10:00+00:00,0.0,0.0
2026-04-06 07:15:00+00:00,0.0,0.0
2026-04-06 07:20:00+00:00,0.0,0.0
2026-04-06 07:25:00+00:00,0.0,0.0
2026-04-06 07:30:00+00:00,0.0,0.0
2026-04-06 07:35:00+00:00,0.0,0.0
2026-04-06 07:40:00+00:00,0.0,0.0
2026-04-06 07:45:00+00:00,0.0,0.0
2026-04-06 07:50:00+00:00,0.0,0.0
2026-04-06 07:55:00+00:00,0.0,0.0
2026-04-06 08:00:00+00:00,0.0,0.0
2026-04-06 08:05:00+00:00,0.0,0.0
2026-04-06 08:10:00+00:00,0.0,0.0
2026-04-06 08:15:00+00:00,0.0,0.0
2026-04-06 08:20:00+00:00,0.0,0.0
2026-04-06 08:25:00+00:00,0.0,0.0
2026-04-06 08:30:00+00:00,0.0,0.0
2026-04-06 08:35:00+00:00,0.0,0.0
2026-04-06 08:40:00+00:00,0.0,0.0
2026-04-06 08:45:00+00:00,0.0,0.0
2026-04-06 08:50:00+00:00,0.0,0.0
2026-04-06 08:55:00+00:00,0.0,0.0
2026-04-06 09:00:00+00:00,0.0,0.0
2026-04-06 09:05:00+00:00,0.0,0.0
2026-04-06 09:10:00+00:00,0.0,0.0
2026-04-06 09:15:00+00:00,0.0,0.0
2026-04-06 09:20:00+00:00,0.0,0.0
2026-04-06 09:25:00+00:00,0.0,0.0
2026-04-06 09:30:00+00:00,0.0,0.0
2026-04-06 09:35:00+00:00,0.0,0.0
2026-04-06 09:40:00+00:00,0.0,0.0
2026-04-06 09:45:00+00:00,0.0,0.0
2026-04-06 09:50:00+00:00,0.0,0.0
2026-04-06 09:55:00+00:00,0.0,0.0
2026-04-06 10:00:00+00:00,0.0,0.0
2026-04-06 10:05:00+00:00,0.0,0.0
2026-04-06 10:10:00+00:00,0.0,0.0
2026-04-06 10:15:00+00:00,0.0,0.0
2026-04-06 10:20:00+00:00,0.0,0.0
2026-04-06 10:25:00+00:00,0.0,0.0
2026-04-06 10:30:00+00:00,0.0,0.0
2026-04-06 10:35:00+00:00,0.0,0.0
2026-04-06 10:40:00+00:00,0.0,0.0
2026-04-06 10:45:00+00:00,0.0,0.0
2026-04-06 10:50:00+00:00,0.0,0.0
2026-04-06 10:55:00+00:00,0.0,0.0
2026-04-06 11:00:00+00:00,0.0,0.0
2026-04-06 11:05:00+00:00,0.0,0.0
2026-04-06 11:10:00+00:00,0.0,0.0
2026-04-06 11:15:00+00:00,0.0,0.0
2026-04-06 11:20:00+00:00,0.0,0.0
2026-04-06 11:25:00+00:00,0.0,0.0
2026-04-06 11:30:00+00:00,0.0,0.0
2026-04-06 11:35:00+00:00,0.0,0.0
2026-04-06 11:40:00+00:00,0.0,0.0
2026-04-06 11:45:00+00:00,0.0,0.0
2026-04-06 11:50:00+00:00,0.0,0.0
2026-04-06 11:55:00+00:00,0.0,0.0
2026-04-06 12:00:00+00:00,0.0,0.0
2026-04-06 12:05:00+00:00,0.0,0.0
2026-04-06 12:10:00+00:00,0.0,0.0
2026-04-06 12:15:00+00:00,0.0,0.0
2026-04-06 12:20:00+00:00,0.0,0.0
2026-04-06 12:25:00+00:00,0.0,0.0
2026-04-06 12:30:00+00:00,0.0,0.0
2026-04-06 12:35:00+00:00,0.0,0.0
2026-04-06 12:40:00+00:00,0.0,0.0
2026-04-06 12:45:00+00:00,0.0,0.0
2026-04-06 12:50:00+00:00,0.0,0.0
2026-04-06 12:55:00+00:00,0.0,0.0
2026-04-06 13:00:00+00:00,0.0,0.0
2026-04-06 13:05:00+00:00,0.0,0.0
2026-04-06 13:10:00+00:00,0.0,0.0
2026-04-06 13:15:00+00:00,0.0,0.0
2026-04-06 13:20:00+00:00,0.0,0.0
2026-04-06 13:25:00+00:00,0.0,0.0
2026-04-06 13:30:00+00:00,0.0,0.0
2026-04-06 13:35:00+00:00,0.0,0.0
2026-04-06 13:40:00+00:00,0.0,0.0
2026-04-06 13:45:00+00:00,0.0,0.0
2026-04-06 13:50:00+00:00,0.0,0.0
2026-04-06 13:55:00+00:00,0.0,0.0
2026-04-06 14:00:00+00:00,0.0,0.0
2026-04-06 14:05:00+00:00,0.0,0.0
2026-04-06 14:10:00+00:00,0.0,0.0
2026-04-06 14:15:00+00:00,0.0,0.0
2026-04-06 14:20:00+00:00,0.0,0.0
2026-04-06 14:25:00+00:00,0.0,0.0
2026-04-06 14:30:00+00:00,0.0,0.0
2026-04-06 14:35:00+00:00,0.0,0.0
2026-04-06 14:40:00+00:00,0.0,0.0
2026-04-06 14:45:00+00:00,0.0,0.0
2026-04-06 14:50:00+00:00,0.0,0.0
2026-04-06 14:55:00+00:00,0.0,0.0
2026-04-06 15:00:00+00:00,0.0,0.0
2026-04-06 15:05:00+00:00,0.0,0.0
2026-04-06 15:10:00+00:00,0.0,0.0
2026-04-06 15:15:00+00:00,0.0,0.0
2026-04-06 15:20:00+00:00,0.0,0.0
2026-04-06 15:25:00+00:00,0.0,0.0
2026-04-06 15:30:00+00:00,0.0,0.0
2026-04-06 15:35:00+00:00,0.0,0.0
2026-04-06 15:40:00+00:00,0.0,0.0
2026-04-06 15:45:00+00:00,0.0,0.0
2026-04-06 15:50:00+00:00,0.0,0.0
2026-04-06 15:55:00+00:00,0.0,0.0
2026-04-06 16:00:00+00:00,0.0,0.0
2026-04-06 16:05:00+00:00,0.0,0.0
2026-04-06 16:10:00+00:00,0.0,0.0
2026-04-06 16:15:00+00:00,0.0,0.0
2026-04-06 16:20:00+00:00,0.0,0.0
2026-04-06 16:25:00+00:00,0.0,0.0
2026-04-06 16:30:00+00:00,0.0,0.0
2026-04-06 16:35:00+00:00,0.0,0.0
2026-04-06 16:40:00+00:00,0.0,0.0
2026-04-06 16:45:00+00:00,0.0,0.0
2026-04-06 16:50:00+00:00,0.0,0.0
2026-04-06 16:55:00+00:00,0.0,0.0
2026-04-06 17:00:00+00:00,0.0,0.0
2026-04-06 17:05:00+00:00,0.0,0.0
2026-04-06 17:10:00+00:00,0.0,0.0
2026-04-06 17:15:00+00:00,0.0,0.0
2026-04-06 17:20:00+00:00,0.0,0.0
2026-04-06 17:25:00+00:00,0.0,0.0
2026-04-06 17:30:00+00:00,0.0,0.0
2026-04-06 17:35:00+00:00,0.0,0.0
2026-04-06 17:40:00+00:00,0.0,0.0
2026-04-06 17:45:00+00:00,0.0,0.0
2026-04-06 17:50:00+00:00,0.0,0.0
2026-04-06 17:55:00+00:00,0.0,0.0
2026-04-06 18:00:00+00:00,0.0,0.0
2026-04-06 18:05:00+00:00,0.0,0.0
2026-04-06 18:10:00+00:00,0.0,0.0
2026-04-06 18:15:00+00:00,0.0,0.0
2026-04-06 18:20:00+00:00,0.0,0.0
2026-04-06 18:25:00+00:00,0.0,0.0
2026-04-06 18:30:00+00:00,0.0,0.0
2026-04-06 18:35:00+00:00,0.0,0.0
2026-04-06 18:40:00+00:00,0.0,0.0
2026-04-06 18:45:00+00:00,0.0,0.0
2026-04-06 18:50:00+00:00,0.0,0.0
2026-04-06 18:55:00+00:00,0.0,0.0
2026-04-06 19:00:00+00:00,0.0,0.0
2026-04-06 19:05:00+00:00,0.0,0.0
2026-04-06 19:10:00+00:00,0.0,0.0
2026-04-06 19:15:00+00:00,0.0,0.0
2026-04-06 19:20:00+00:00,0.0,0.0
2026-04-06 19:25:00+00:00,0.0,0.0
2026-04-06 19:30:00+00:00,0.0,0.0
2026-04-06 19:35:00+00:00,0.0,0.0
2026-04-06 19:40:00+00:00,0.0,0.0
2026-04-06 19:45:00+00:00,0.0,0.0
2026-04-06 19:50:00+00:00,0.0,0.0
2026-04-06 19:55:00+00:00,0.0,0.0
2026-04-06 20:00:00+00:00,0.0,0.0
2026-04-06 20:05:00+00:00,0.0,0.0
2026-04-06 20:10:00+00:00,0.0,0.0
2026-04-06 20:15:00+00:00,0.0,0.0
2026-04-06 20:20:00+00:00,0.0,0.0
2026-04-06 20:25:00+00:00,0.0,0.0
2026-04-06 20:30:00+00:00,0.0,0.0
2026-04-06 20:35:00+00:00,0.0,0.0
2026-04-06 20:40:00+00:00,0.0,0.0
2026-04-06 20:45:00+00:00,0.0,0.0
2026-04-06 20:50:00+00:00,0.0,0.0
2026-04-06 20:55:00+00:00,0.0,0.0
2026-04-06 21:00:00+00:00,0.0,0.0
2026-04-06 21:05:00+00:00,0.0,0.0
2026-04-06 21:10:00+00:00,0.0,0.0
2026-04-06 21:15:00+00:00,0.0,0.0
2026-04-06 21:20:00+00:00,0.0,0.0
2026-04-06 21:25:00+00:00,0.0,0.0
2026-04-06 21:30:00+00:00,0.0,0.0
2026-04-06 21:35:00+00:00,0.0,0.0
2026-04-06 21:40:00+00:00,0.0,0.0
2026-04-06 21:45:00+00:00,0.0,0.0
2026-04-06 21:50:00+00:00,0.0,0.0
2026-04-06 21:55:00+00:00,0.0,0.0
2026-04-06 22:00:00+00:00,0.0,0.0
2026-04-06 22:05:00+00:00,0.0,0.0
2026-04-06 22:10:00+00:00,0.0,0.0
2026-04-06 22:15:00+00:00,0.0,0.0
2026-04-06 22:20:00+00:00,0.0,0.0
2026-04-06 22:25:00+00:00,0.0,0.0
2026-04-06 22:30:00+00:00,0.0,0.0
2026-04-06 22:35:00+00:00,0.0,0.0
2026-04-06 22:40:00+00:00,0.0,0.0
2026-04-06 22:45:00+00:00,0.0,0.0
2026-04-06 22:50:00+00:00,0.0,0.0
2026-04-06 22:55:00+00:00,0.0,0.0
2026-04-06 23:00:00+00:00,0.0,0.0
2026-04-06 23:05:00+00:00,0.0,0.0
2026-04-06 23:10:00+00:00,0.0,0.0
2026-04-06 23:15:00+00:00,0.0,0.0
2026-04-06 23:20:00+00:00,0.0,0.0
2026-04-06 23:25:00+00:00,0.0,0.0
2026-04-06 23:30:00+00:00,0.0,0.0
2026-04-06 23:35:00+00:00,0.0,0.0
2026-04-06 23:40:00+00:00,0.0,0.0
2026-04-06 23:45:00+00:00,0.0,0.0
2026-04-06 23:50:00+00:00,0.0,0.0
2026-04-06 23:55:00+00:00,0.0,0.0
2026-04-07 00:00:00+00:00,0.0,0.0
2026-04-07 00:05:00+00:00,0.0,0.0
2026-04-07 00:10:00+00:00,0.0,0.0
2026-04-07 00:15:00+00:00,0.0,0.0
2026-04-07 00:20:00+00:00,0.0,0.0
2026-04-07 00:25:00+00:00,0.0,0.0
2026-04-07 00:30:00+00:00,0.0,0.0
2026-04-07 00:35:00+00:00,0.0,0.0
2026-04-07 00:40:00+00:00,0.0,0.0
2026-04-07 00:45:00+00:00,0.0,0.0
2026-04-07 00:50:00+00:00,0.0,0.0
2026-04-07 00:55:00+00:00,0.0,0.0
2026-04-07 01:00:00+00:00,0.0,0.0
2026-04-07 01:05:00+00:00,0.0,0.0
2026-04-07 01:10:00+00:00,0.0,0.0
2026-04-07 01:15:00+00:00,0.0,0.0
2026-04-07 01:20:00+00:00,0.0,0.0
2026-04-07 01:25:00+00:00,0.0,0.0
2026-04-07 01:30:00+00:00,0.0,0.0
2026-04-07 01:35:00+00:00,0.0,0.0
2026-04-07 01:40:00+00:00,0.0,0.0
2026-04-07 01:45:00+00:00,0.0,0.0
2026-04-07 01:50:00+00:00,0.0,0.0
2026-04-07 01:55:00+00:00,0.0,0.0
2026-04-07 02:00:00+00:00,0.0,0.0
2026-04-07 02:05:00+00:00,0.0,0.0
2026-04-07 02:10:00+00:00,0.0,0.0
2026-04-07 02:15:00+00:00,0.0,0.0
2026-04-07 02:20:00+00:00,0.0,0.0
2026-04-07 02:25:00+00:00,0.0,0.0
2026-04-07 02:30:00+00:00,0.0,0.0
2026-04-07 02:35:00+00:00,0.0,0.0
2026-04-07 02:40:00+00:00,0.0,0.0
2026-04-07 02:45:00+00:00,0.0,0.0
2026-04-07 02:50:00+00:00,0.0,0.0
2026-04-07 02:55:00+00:00,0.0,0.0
2026-04-07 03:00:00+00:00,0.0,0.0
2026-04-07 03:05:00+00:00,0.0,0.0
2026-04-07 03:10:00+00:00,0.0,0.0
2026-04-07 03:15:00+00:00,0.0,0.0
2026-04-07 03:20:00+00:00,0.0,0.0
2026-04-07 03:25:00+00:00,0.0,0.0
2026-04-07 03:30:00+00:00,0.0,0.0
2026-04-07 03:35:00+00:00,0.0,0.0
2026-04-07 03:40:00+00:00,0.0,0.0
2026-04-07 03:45:00+00:00,0.0,0.0
2026-04-07 03:50:00+00:00,0.0,0.0
2026-04-07 03:55:00+00:00,0.0,0.0
2026-04-07 04:00:00+00:00,0.0,0.0
2026-04-07 04:05:00+00:00,0.0,0.0
2026-04-07 04:10:00+00:00,0.0,0.0
2026-04-07 04:15:00+00:00,0.0,0.0
2026-04-07 04:20:00+00:00,0.0,0.0
2026-04-07 04:25:00+00:00,0.0,0.0
2026-04-07 04:30:00+00:00,0.0,0.0
2026-04-07 04:35:00+00:00,0.0,0.0
2026-04-07 04:40:00+00:00,0.0,0.0
2026-04-07 04:45:00+00:00,0.0,0.0
2026-04-07 04:50:00+00:00,0.0,0.0
2026-04-07 04:55:00+00:00,0.0,0.0
2026-04-07 05:00:00+00:00,0.0,0.0
2026-04-07 05:05:00+00:00,0.0,0.0
2026-04-07 05:10:00+00:00,0.0,0.0
2026-04-07 05:15:00+00:00,0.0,0.0
2026-04-07 05:20:00+00:00,0.0,0.0
2026-04-07 05:25:00+00:00,0.0,0.0
2026-04-07 05:30:00+00:00,0.0,0.0
2026-04-07 05:35:00+00:00,0.0,0.0
2026-04-07 05:40:00+00:00,0.0,0.0
2026-04-07 05:45:00+00:00,0.0,0.0
2026-04-07 05:50:00+00:00,0.0,0.0
2026-04-07 05:55:00+00:00,0.0,0.0
2026-04-07 06:00:00+00:00,0.0,0.0
2026-04-07 06:05:00+00:00,0.0,0.0
2026-04-07 06:10:00+00:00,0.0,0.0
2026-04-07 06:15:00+00:00,0.0,0.0
2026-04-07 06:20:00+00:00,0.0,0.0
2026-04-07 06:25:00+00:00,0.0,0.0
2026-04-07 06:30:00+00:00,0.0,0.0
2026-04-07 06:35:00+00:00,0.0,0.0
2026-04-07 06:40:00+00:00,0.0,0.0
2026-04-07 06:45:00+00:00,0.0,0.0
2026-04-07 06:50:00+00:00,0.0,0.0
2026-04-07 06:55:00+00:00,0.0,0.0
2026-04-07 07:00:00+00:00,0.0,0.0
2026-04-07 07:05:00+00:00,0.0,0.0
2026-04-07 07:10:00+00:00,0.0,0.0
2026-04-07 07:15:00+00:00,0.0,0.0
2026-04-07 07:20:00+00:00,0.0,0.0
2026-04-07 07:25:00+00:00,0.0,0.0
2026-04-07 07:30:00+00:00,0.0,0.0
2026-04-07 07:35:00+00:00,0.0,0.0
2026-04-07 07:40:00+00:00,0.0,0.0
2026-04-07 07:45:00+00:00,0.0,0.0
2026-04-07 07:50:00+00:00,0.0,0.0
2026-04-07 07:55:00+00:00,0.0,0.0
2026-04-07 08:00:00+00:00,0.0,0.0
2026-04-07 08:05:00+00:00,0.0,0.0
2026-04-07 08:10:00+00:00,0.0,0.0
2026-04-07 08:15:00+00:00,0.0,0.0
2026-04-07 08:20:00+00:00,0.0,0.0
2026-04-07 08:25:00+00:00,0.0,0.0
2026-04-07 08:30:00+00:00,0.0,0.0
2026-04-07 08:35:00+00:00,0.0,0.0
2026-04-07 08:40:00+00:00,0.0,0.0
2026-04-07 08:45:00+00:00,0.0,0.0
2026-04-07 08:50:00+00:00,0.0,0.0
2026-04-07 08:55:00+00:00,0.0,0.0
2026-04-07 09:00:00+00:00,0.0,0.0
2026-04-07 09:05:00+00:00,0.0,0.0
2026-04-07 09:10:00+00:00,0.0,0.0
2026-04-07 09:15:00+00:00,0.0,0.0
2026-04-07 09:20:00+00:00,0.0,0.0
2026-04-07 09:25:00+00:00,0.0,0.0
2026-04-07 09:30:00+00:00,0.0,0.0
2026-04-07 09:35:00+00:00,0.0,0.0
2026-04-07 09:40:00+00:00,0.0,0.0
2026-04-07 09:45:00+00:00,0.0,0.0
2026-04-07 09:50:00+00:00,0.0,0.0
2026-04-07 09:55:00+00:00,0.0,0.0
2026-04-07 10:00:00+00:00,0.0,0.0
2026-04-07 10:05:00+00:00,0.0,0.0
2026-04-07 10:10:00+00:00,0.0,0.0
2026-04-07 10:15:00+00:00,0.0,0.0
2026-04-07 10:20:00+00:00,0.0,0.0
2026-04-07 10:25:00+00:00,0.0,0.0
2026-04-07 10:30:00+00:00,0.0,0.0
2026-04-07 10:35:00+00:00,0.0,0.0
2026-04-07 10:40:00+00:00,0.0,0.0
2026-04-07 10:45:00+00:00,0.0,0.0
2026-04-07 10:50:00+00:00,0.0,0.0
2026-04-07 10:55:00+00:00,0.0,0.0
2026-04-07 11:00:00+00:00,0.0,0.0
2026-04-07 11:05:00+00:00,0.0,0.0
2026-04-07 11:10:00+00:00,0.0,0.0
2026-04-07 11:15:00+00:00,0.0,0.0
2026-04-07 11:20:00+00:00,0.0,0.0
2026-04-07 11:25:00+00:00,0.0,0.0
2026-04-07 11:30:00+00:00,0.0,0.0
2026-04-07 11:35:00+00:00,0.0,0.0
2026-04-07 11:40:00+00:00,0.0,0.0
2026-04-07 11:45:00+00:00,0.0,0.0
2026-04-07 11:50:00+00:00,0.0,0.0
2026-04-07 11:55:00+00:00,0.0,0.0
2026-04-07 12:00:00+00:00,0.0,0.0
2026-04-07 12:05:00+00:00,0.0,0.0
2026-04-07 12:10:00+00:00,0.0,0.0
2026-04-07 12:15:00+00:00,0.0,0.0
2026-04-07 12:20:00+00:00,0.0,0.0
2026-04-07 12:25:00+00:00,0.0,0.0
2026-04-07 12:30:00+00:00,0.0,0.0
2026-04-07 12:35:00+00:00,0.0,0.0
2026-04-07 12:40:00+00:00,0.0,0.0
2026-04-07 12:45:00+00:00,0.0,0.0
2026-04-07 12:50:00+00:00,0.0,0.0
2026-04-07 12:55:00+00:00,0.0,0.0
2026-04-07 13:00:00+00:00,0.0,0.0
2026-04-07 13:05:00+00:00,0.0,0.0
2026-04-07 13:10:00+00:00,0.0,0.0
2026-04-07 13:15:00+00:00,0.0,0.0
2026-04-07 13:20:00+00:00,0.0,0.0
2026-04-07 13:25:00+00:00,0.0,0.0
2026-04-07 13:30:00+00:00,0.0,0.0
2026-04-07 13:35:00+00:00,0.0,0.0
2026-04-07 13:40:00+00:00,0.0,0.0
2026-04-07 13:45:00+00:00,0.0,0.0
2026-04-07 13:50:00+00:00,0.0,0.0
2026-04-07 13:55:00+00:00,0.0,0.0
2026-04-07 14:00:00+00:00,0.0,0.0
2026-04-07 14:05:00+00:00,0.0,0.0
2026-04-07 14:10:00+00:00,0.0,0.0
2026-04-07 14:15:00+00:00,0.0,0.0
2026-04-07 14:20:00+00:00,0.0,0.0
2026-04-07 14:25:00+00:00,0.0,0.0
2026-04-07 14:30:00+00:00,0.0,0.0
2026-04-07 14:35:00+00:00,0.0,0.0
2026-04-07 14:40:00+00:00,0.0,0.0
2026-04-07 14:45:00+00:00,0.0,0.0
2026-04-07 14:50:00+00:00,0.0,0.0
2026-04-07 14:55:00+00:00,0.0,0.0
2026-04-07 15:00:00+00:00,0.0,0.0
2026-04-07 15:05:00+00:00,0.0,0.0
2026-04-07 15:10:00+00:00,0.0,0.0
2026-04-07 15:15:00+00:00,0.0,0.0
2026-04-07 15:20:00+00:00,0.0,0.0
2026-04-07 15:25:00+00:00,0.0,0.0
2026-04-07 15:30:00+00:00,0.0,0.0
2026-04-07 15:35:00+00:00,0.0,0.0
2026-04-07 15:40:00+00:00,0.0,0.0
2026-04-07 15:45:00+00:00,0.0,0.0
2026-04-07 15:50:00+00:00,0.0,0.0
2026-04-07 15:55:00+00:00,0.0,0.0
2026-04-07 16:00:00+00:00,0.0,0.0
2026-04-07 16:05:00+00:00,0.0,0.0
2026-04-07 16:10:00+00:00,0.0,0.0
2026-04-07 16:15:00+00:00,0.0,0.0
2026-04-07 16:20:00+00:00,0.0,0.0
2026-04-07 16:25:00+00:00,0.0,0.0
2026-04-07 16:30:00+00:00,0.0,0.0
2026-04-07 16:35:00+00:00,0.0,0.0
2026-04-07 16:40:00+00:00,0.0,0.0
2026-04-07 16:45:00+00:00,0.0,0.0
2026-04-07 16:50:00+00:00,0.0,0.0
2026-04-07 16:55:00+00:00,0.0,0.0
2026-04-07 17:00:00+00:00,0.0,0.0
2026-04-07 17:05:00+00:00,0.0,0.0
2026-04-07 17:10:00+00:00,0.0,0.0
2026-04-07 17:15:00+00:00,0.0,0.0
2026-04-07 17:20:00+00:00,0.0,0.0
2026-04-07 17:25:00+00:00,0.0,0.0
2026-04-07 17:30:00+00:00,0.0,0.0
2026-04-07 17:35:00+00:00,0.0,0.0
2026-04-07 17:40:00+00:00,0.0,0.0
2026-04-07 17:45:00+00:00,0.0,0.0
2026-04-07 17:50:00+00:00,0.0,0.0
2026-04-07 17:55:00+00:00,0.0,0.0
2026-04-07 18:00:00+00:00,0.0,0.0
2026-04-07 18:05:00+00:00,0.0,0.0
2026-04-07 18:10:00+00:00,0.0,0.0
2026-04-07 18:15:00+00:00,0.0,0.0
2026-04-07 18:20:00+00:00,0.0,0.0
2026-04-07 18:25:00+00:00,0.0,0.0
2026-04-07 18:30:00+00:00,0.0,0.0
2026-04-07 18:35:00+00:00,0.0,0.0
2026-04-07 18:40:00+00:00,0.0,0.0
2026-04-07 18:45:00+00:00,0.0,0.0
2026-04-07 18:50:00+00:00,0.0,0.0
2026-04-07 18:55:00+00:00,0.0,0.0
2026-04-07 19:00:00+00:00,0.0,0.0
2026-04-07 19:05:00+00:00,0.0,0.0
2026-04-07 19:10:00+00:00,0.0,0.0
2026-04-07 19:15:00+00:00,0.0,0.0
2026-04-07 19:20:00+00:00,0.0,0.0
2026-04-07 19:25:00+00:00,0.0,0.0
2026-04-07 19:30:00+00:00,0.0,0.0
2026-04-07 19:35:00+00:00,0.0,0.0
2026-04-07 19:40:00+00:00,0.0,0.0
2026-04-07 19:45:00+00:00,0.0,0.0
2026-04-07 19:50:00+00:00,0.0,0.0
2026-04-07 19:55:00+00:00,0.0,0.0
2026-04-07 20:00:00+00:00,0.0,0.0
2026-04-07 20:05:00+00:00,0.0,0.0
2026-04-07 20:10:00+00:00,0.0,0.0
2026-04-07 20:15:00+00:00,0.0,0.0
2026-04-07 20:20:00+00:00,0.0,0.0
2026-04-07 20:25:00+00:00,0.0,0.0
2026-04-07 20:30:00+00:00,0.0,0.0
2026-04-07 20:35:00+00:00,0.0,0.0
2026-04-07 20:40:00+00:00,0.0,0.0
2026-04-07 20:45:00+00:00,0.0,0.0
2026-04-07 20:50:00+00:00,0.0,0.0
2026-04-07 20:55:00+00:00,0.0,0.0
2026-04-07 21:00:00+00:00,0.0,0.0
2026-04-07 21:05:00+00:00,0.0,0.0
2026-04-07 21:10:00+00:00,0.0,0.0
2026-04-07 21:15:00+00:00,0.0,0.0
2026-04-07 21:20:00+00:00,0.0,0.0
2026-04-07 21:25:00+00:00,0.0,0.0
2026-04-07 21:30:00+00:00,0.0,0.0
2026-04-07 21:35:00+00:00,0.0,0.0
2026-04-07 21:40:00+00:00,0.0,0.0
2026-04-07 21:45:00+00:00,0.0,0.0
2026-04-07 21:50:00+00:00,0.0,0.0
2026-04-07 21:55:00+00:00,0.0,0.0
2026-04-07 22:00:00+00:00,0.0,0.0
2026-04-07 22:05:00+00:00,0.0,0.0
2026-04-07 22:10:00+00:00,0.0,0.0
2026-04-07 22:15:00+00:00,0.0,0.0
2026-04-07 22:20:00+00:00,0.0,0.0
2026-04-07 22:25:00+00:00,0.0,0.0
2026-04-07 22:30:00+00:00,0.0,0.0
2026-04-07 22:35:00+00:00,0.0,0.0
2026-04-07 22:40:00+00:00,0.0,0.0
2026-04-07 22:45:00+00:00,0.0,0.0
2026-04-07 22:50:00+00:00,0.0,0.0
2026-04-07 22:55:00+00:00,0.0,0.0
2026-04-07 23:00:00+00:00,0.0,0.0
2026-04-07 23:05:00+00:00,0.0,0.0
2026-04-07 23:10:00+00:00,0.0,0.0
2026-04-07 23:15:00+00:00,0.0,0.0
2026-04-07 23:20:00+00:00,0.0,0.0
2026-04-07 23:25:00+00:00,0.0,0.0
2026-04-07 23:30:00+00:00,0.0,0.0
2026-04-07 23:35:00+00:00,0.0,0.0
2026-04-07 23:40:00+00:00,0.0,0.0
2026-04-07 23:45:00+00:00,0.0,0.0
2026-04-07 23:50:00+00:00,0.0,0.0
2026-04-07 23:55:00+00:00,0.0,0.0
2026-04-08 00:00:00+00:00,0.0,0.0
2026-04-08 00:05:00+00:00,0.0,0.0
2026-04-08 00:10:00+00:00,0.0,0.0
2026-04-08 00:15:00+00:00,0.0,0.0
2026-04-08 00:20:00+00:00,0.0,0.0
2026-04-08 00:25:00+00:00,0.0,0.0
2026-04-08 00:30:00+00:00,0.0,0.0
2026-04-08 00:35:00+00:00,0.0,0.0
2026-04-08 00:40:00+00:00,0.0,0.0
2026-04-08 00:45:00+00:00,0.0,0.0
2026-04-08 00:50:00+00:00,0.0,0.0
2026-04-08 00:55:00+00:00,0.0,0.0
2026-04-08 01:00:00+00:00,0.0,0.0
2026-04-08 01:05:00+00:00,0.0,0.0
2026-04-08 01:10:00+00:00,0.0,0.0
2026-04-08 01:15:00+00:00,0.0,0.0
2026-04-08 01:20:00+00:00,0.0,0.0
2026-04-08 01:25:00+00:00,0.0,0.0
2026-04-08 01:30:00+00:00,0.0,0.0
2026-04-08 01:35:00+00:00,0.0,0.0
2026-04-08 01:40:00+00:00,0.0,0.0
2026-04-08 01:45:00+00:00,0.0,0.0
2026-04-08 01:50:00+00:00,0.0,0.0
2026-04-08 01:55:00+00:00,0.0,0.0
2026-04-08 02:00:00+00:00,0.0,0.0
2026-04-08 02:05:00+00:00,0.0,0.0
2026-04-08 02:10:00+00:00,0.0,0.0
2026-04-08 02:15:00+00:00,0.0,0.0
2026-04-08 02:20:00+00:00,0.0,0.0
2026-04-08 02:25:00+00:00,0.0,0.0
2026-04-08 02:30:00+00:00,0.0,0.0
2026-04-08 02:35:00+00:00,0.0,0.0
2026-04-08 02:40:00+00:00,0.0,0.0
2026-04-08 02:45:00+00:00,0.0,0.0
2026-04-08 02:50:00+00:00,0.0,0.0
2026-04-08 02:55:00+00:00,0.0,0.0
2026-04-08 03:00:00+00:00,0.0,0.0
2026-04-08 03:05:00+00:00,0.0,0.0
2026-04-08 03:10:00+00:00,0.0,0.0
2026-04-08 03:15:00+00:00,0.0,0.0
2026-04-08 03:20:00+00:00,0.0,0.0
2026-04-08 03:25:00+00:00,0.0,0.0
2026-04-08 03:30:00+00:00,0.0,0.0
2026-04-08 03:35:00+00:00,0.0,0.0
2026-04-08 03:40:00+00:00,0.0,0.0
2026-04-08 03:45:00+00:00,0.0,0.0
2026-04-08 03:50:00+00:00,0.0,0.0
2026-04-08 03:55:00+00:00,0.0,0.0
2026-04-08 04:00:00+00:00,0.0,0.0
2026-04-08 04:05:00+00:00,0.0,0.0
2026-04-08 04:10:00+00:00,0.0,0.0
2026-04-08 04:15:00+00:00,0.0,0.0
2026-04-08 04:20:00+00:00,0.0,0.0
2026-04-08 04:25:00+00:00,0.0,0.0
2026-04-08 04:30:00+00:00,0.0,0.0
2026-04-08 04:35:00+00:00,0.0,0.0
2026-04-08 04:40:00+00:00,0.0,0.0
2026-04-08 04:45:00+00:00,0.0,0.0
2026-04-08 04:50:00+00:00,0.0,0.0
2026-04-08 04:55:00+00:00,0.0,0.0
2026-04-08 05:00:00+00:00,0.0,0.0
2026-04-08 05:05:00+00:00,0.0,0.0
2026-04-08 05:10:00+00:00,0.0,0.0
2026-04-08 05:15:00+00:00,0.0,0.0
2026-04-08 05:20:00+00:00,0.0,0.0
2026-04-08 05:25:00+00:00,0.0,0.0
2026-04-08 05:30:00+00:00,0.0,0.0
2026-04-08 05:35:00+00:00,0.0,0.0
2026-04-08 05:40:00+00:00,0.0,0.0
2026-04-08 05:45:00+00:00,0.0,0.0
2026-04-08 05:50:00+00:00,0.0,0.0
2026-04-08 05:55:00+00:00,0.0,0.0
2026-04-08 06:00:00+00:00,0.0,0.0
2026-04-08 06:05:00+00:00,0.0,0.0
2026-04-08 06:10:00+00:00,0.0,0.0
2026-04-08 06:15:00+00:00,0.0,0.0
2026-04-08 06:20:00+00:00,0.0,0.0
2026-04-08 06:25:00+00:00,0.0,0.0
2026-04-08 06:30:00+00:00,0.0,0.0
2026-04-08 06:35:00+00:00,0.0,0.0
2026-04-08 06:40:00+00:00,0.0,0.0
2026-04-08 06:45:00+00:00,0.0,0.0
2026-04-08 06:50:00+00:00,0.0,0.0
2026-04-08 06:55:00+00:00,0.0,0.0
2026-04-08 07:00:00+00:00,0.0,0.0
2026-04-08 07:05:00+00:00,0.0,0.0
2026-04-08 07:10:00+00:00,0.0,0.0
2026-04-08 07:15:00+00:00,0.0,0.0
2026-04-08 07:20:00+00:00,0.0,0.0
2026-04-08 07:25:00+00:00,0.0,0.0
2026-04-08 07:30:00+00:00,0.0,0.0
2026-04-08 07:35:00+00:00,0.0,0.0
2026-04-08 07:40:00+00:00,0.0,0.0
2026-04-08 07:45:00+00:00,0.0,0.0
2026-04-08 07:50:00+00:00,0.0,0.0
2026-04-08 07:55:00+00:00,0.0,0.0
2026-04-08 08:00:00+00:00,0.0,0.0
2026-04-08 08:05:00+00:00,0.0,0.0
2026-04-08 08:10:00+00:00,0.0,0.0
2026-04-08 08:15:00+00:00,0.0,0.0
2026-04-08 08:20:00+00:00,0.0,0.0
2026-04-08 08:25:00+00:00,0.0,0.0
2026-04-08 08:30:00+00:00,0.0,0.0
2026-04-08 08:35:00+00:00,0.0,0.0
2026-04-08 08:40:00+00:00,0.0,0.0
2026-04-08 08:45:00+00:00,0.0,0.0
2026-04-08 08:50:00+00:00,0.0,0.0
2026-04-08 08:55:00+00:00,0.0,0.0
2026-04-08 09:00:00+00:00,0.0,0.0
2026-04-08 09:05:00+00:00,0.0,0.0
2026-04-08 09:10:00+00:00,0.0,0.0
2026-04-08 09:15:00+00:00,0.0,0.0
2026-04-08 09:20:00+00:00,0.0,0.0
2026-04-08 09:25:00+00:00,0.0,0.0
2026-04-08 09:30:00+00:00,0.0,0.0
2026-04-08 09:35:00+00:00,0.0,0.0
2026-04-08 09:40:00+00:00,0.0,0.0
2026-04-08 09:45:00+00:00,0.0,0.0
2026-04-08 09:50:00+00:00,0.0,0.0
2026-04-08 09:55:00+00:00,0.0,0.0
2026-04-08 10:00:00+00:00,0.0,0.0
2026-04-08 10:05:00+00:00,0.0,0.0
2026-04-08 10:10:00+00:00,0.0,0.0
2026-04-08 10:15:00+00:00,0.0,0.0
2026-04-08 10:20:00+00:00,0.0,0.0
2026-04-08 10:25:00+00:00,0.0,0.0
2026-04-08 10:30:00+00:00,0.0,0.0
2026-04-08 10:35:00+00:00,0.0,0.0
2026-04-08 10:40:00+00:00,0.0,0.0
2026-04-08 10:45:00+00:00,0.0,0.0
2026-04-08 10:50:00+00:00,0.0,0.0
2026-04-08 10:55:00+00:00,0.0,0.0
2026-04-08 11:00:00+00:00,0.0,0.0
2026-04-08 11:05:00+00:00,0.0,0.0
2026-04-08 11:10:00+00:00,0.0,0.0
2026-04-08 11:15:00+00:00,0.0,0.0
2026-04-08 11:20:00+00:00,0.0,0.0
2026-04-08 11:25:00+00:00,0.0,0.0
2026-04-08 11:30:00+00:00,0.0,0.0
2026-04-08 11:35:00+00:00,0.0,0.0
2026-04-08 11:40:00+00:00,0.0,0.0
2026-04-08 11:45:00+00:00,0.0,0.0
2026-04-08 11:50:00+00:00,0.0,0.0
2026-04-08 11:55:00+00:00,0.0,0.0
2026-04-08 12:00:00+00:00,0.0,0.0
2026-04-08 12:05:00+00:00,0.0,0.0
2026-04-08 12:10:00+00:00,0.0,0.0
2026-04-08 12:15:00+00:00,0.0,0.0
2026-04-08 12:20:00+00:00,0.0,0.0
2026-04-08 12:25:00+00:00,0.0,0.0
2026-04-08 12:30:00+00:00,0.0,0.0
2026-04-08 12:35:00+00:00,0.0,0.0
2026-04-08 12:40:00+00:00,0.0,0.0
2026-04-08 12:45:00+00:00,0.0,0.0
2026-04-08 12:50:00+00:00,0.0,0.0
2026-04-08 12:55:00+00:00,0.0,0.0
2026-04-08 13:00:00+00:00,0.0,0.0
2026-04-08 13:05:00+00:00,0.0,0.0
2026-04-08 13:10:00+00:00,0.0,0.0
2026-04-08 13:15:00+00:00,0.0,0.0
2026-04-08 13:20:00+00:00,0.0,0.0
2026-04-08 13:25:00+00:00,0.0,0.0
2026-04-08 13:30:00+00:00,0.0,0.0
2026-04-08 13:35:00+00:00,0.0,0.0
2026-04-08 13:40:00+00:00,0.0,0.0
2026-04-08 13:45:00+00:00,0.0,0.0
2026-04-08 13:50:00+00:00,0.0,0.0
2026-04-08 13:55:00+00:00,0.0,0.0
2026-04-08 14:00:00+00:00,0.0,0.0
2026-04-08 14:05:00+00:00,0.0,0.0
2026-04-08 14:10:00+00:00,0.0,0.0
2026-04-08 14:15:00+00:00,0.0,0.0
2026-04-08 14:20:00+00:00,0.0,0.0
2026-04-08 14:25:00+00:00,0.0,0.0
2026-04-08 14:30:00+00:00,0.0,0.0
2026-04-08 14:35:00+00:00,0.0,0.0
2026-04-08 14:40:00+00:00,0.0,0.0
2026-04-08 14:45:00+00:00,0.0,0.0
2026-04-08 14:50:00+00:00,0.0,0.0
2026-04-08 14:55:00+00:00,0.0,0.0
2026-04-08 15:00:00+00:00,0.0,0.0
2026-04-08 15:05:00+00:00,0.0,0.0
2026-04-08 15:10:00+00:00,0.0,0.0
2026-04-08 15:15:00+00:00,0.0,0.0
2026-04-08 15:20:00+00:00,0.0,0.0
2026-04-08 15:25:00+00:00,0.0,0.0
2026-04-08 15:30:00+00:00,0.0,0.0
2026-04-08 15:35:00+00:00,0.0,0.0
2026-04-08 15:40:00+00:00,0.0,0.0
2026-04-08 15:45:00+00:00,0.0,0.0
2026-04-08 15:50:00+00:00,0.0,0.0
2026-04-08 15:55:00+00:00,0.0,0.0
2026-04-08 16:00:00+00:00,0.0,0.0
2026-04-08 16:05:00+00:00,0.0,0.0
2026-04-08 16:10:00+00:00,0.0,0.0
2026-04-08 16:15:00+00:00,0.0,0.0
2026-04-08 16:20:00+00:00,0.0,0.0
2026-04-08 16:25:00+00:00,0.0,0.0
2026-04-08 16:30:00+00:00,0.0,0.0
2026-04-08 16:35:00+00:00,0.0,0.0
2026-04-08 16:40:00+00:00,0.0,0.0
2026-04-08 16:45:00+00:00,0.0,0.0
2026-04-08 16:50:00+00:00,0.0,0.0
2026-04-08 16:55:00+00:00,0.0,0.0
2026-04-08 17:00:00+00:00,0.0,0.0
2026-04-08 17:05:00+00:00,0.0,0.0
2026-04-08 17:10:00+00:00,0.0,0.0
2026-04-08 17:15:00+00:00,0.0,0.0
2026-04-08 17:20:00+00:00,0.0,0.0
2026-04-08 17:25:00+00:00,0.0,0.0
2026-04-08 17:30:00+00:00,0.0,0.0
2026-04-08 17:35:00+00:00,0.0,0.0
2026-04-08 17:40:00+00:00,0.0,0.0
2026-04-08 17:45:00+00:00,0.0,0.0
2026-04-08 17:50:00+00:00,0.0,0.0
2026-04-08 17:55:00+00:00,0.0,0.0
2026-04-08 18:00:00+00:00,0.0,0.0
2026-04-08 18:05:00+00:00,0.0,0.0
2026-04-08 18:10:00+00:00,0.0,0.0
2026-04-08 18:15:00+00:00,0.0,0.0
2026-04-08 18:20:00+00:00,0.0,0.0
2026-04-08 18:25:00+00:00,0.0,0.0
2026-04-08 18:30:00+00:00,0.0,0.0
2026-04-08 18:35:00+00:00,0.0,0.0
2026-04-08 18:40:00+00:00,0.0,0.0
2026-04-08 18:45:00+00:00,0.0,0.0
2026-04-08 18:50:00+00:00,0.0,0.0
2026-04-08 18:55:00+00:00,0.0,0.0
2026-04-08 19:00:00+00:00,0.0,0.0
2026-04-08 19:05:00+00:00,0.0,0.0
2026-04-08 19:10:00+00:00,0.0,0.0
2026-04-08 19:15:00+00:00,0.0,0.0
2026-04-08 19:20:00+00:00,0.0,0.0
2026-04-08 19:25:00+00:00,0.0,0.0
2026-04-08 19:30:00+00:00,0.0,0.0
2026-04-08 19:35:00+00:00,0.0,0.0
2026-04-08 19:40:00+00:00,0.0,0.0
2026-04-08 19:45:00+00:00,0.0,0.0
2026-04-08 19:50:00+00:00,0.0,0.0
2026-04-08 19:55:00+00:00,0.0,0.0
2026-04-08 20:00:00+00:00,0.0,0.0
2026-04-08 20:05:00+00:00,0.0,0.0
2026-04-08 20:10:00+00:00,0.0,0.0
2026-04-08 20:15:00+00:00,0.0,0.0
2026-04-08 20:20:00+00:00,0.0,0.0
2026-04-08 20:25:00+00:00,0.0,0.0
2026-04-08 20:30:00+00:00,0.0,0.0
2026-04-08 20:35:00+00:00,0.0,0.0
2026-04-08 20:40:00+00:00,0.0,0.0
2026-04-08 20:45:00+00:00,0.0,0.0
2026-04-08 20:50:00+00:00,0.0,0.0
2026-04-08 20:55:00+00:00,0.0,0.0
2026-04-08 21:00:00+00:00,0.0,0.0
2026-04-08 21:05:00+00:00,0.0,0.0
2026-04-08 21:10:00+00:00,0.0,0.0
2026-04-08 21:15:00+00:00,0.0,0.0
2026-04-08 21:20:00+00:00,0.0,0.0
2026-04-08 21:25:00+00:00,0.0,0.0
2026-04-08 21:30:00+00:00,0.0,0.0
2026-04-08 21:35:00+00:00,0.0,0.0
2026-04-08 21:40:00+00:00,0.0,0.0
2026-04-08 21:45:00+00:00,0.0,0.0
2026-04-08 21:50:00+00:00,0.0,0.0
2026-04-08 21:55:00+00:00,0.0,0.0
2026-04-08 22:00:00+00:00,0.0,0.0
2026-04-08 22:05:00+00:00,0.0,0.0
2026-04-08 22:10:00+00:00,0.0,0.0
2026-04-08 22:15:00+00:00,0.0,0.0
2026-04-08 22:20:00+00:00,0.0,0.0
2026-04-08 22:25:00+00:00,0.0,0.0
2026-04-08 22:30:00+00:00,0.0,0.0
2026-04-08 22:35:00+00:00,0.0,0.0
2026-04-08 22:40:00+00:00,0.0,0.0
2026-04-08 22:45:00+00:00,0.0,0.0
2026-04-08 22:50:00+00:00,0.0,0.0
2026-04-08 22:55:00+00:00,0.0,0.0
2026-04-08 23:00:00+00:00,0.0,0.0
2026-04-08 23:05:00+00:00,0.0,0.0
2026-04-08 23:10:00+00:00,0.0,0.0
2026-04-08 23:15:00+00:00,0.0,0.0
2026-04-08 23:20:00+00:00,0.0,0.0
2026-04-08 23:25:00+00:00,0.0,0.0
2026-04-08 23:30:00+00:00,0.0,0.0
2026-04-08 23:35:00+00:00,0.0,0.0
2026-04-08 23:40:00+00:00,0.0,0.0
2026-04-08 23:45:00+00:00,0.0,0.0
2026-04-08 23:50:00+00:00,0.0,0.0
2026-04-08 23:55:00+00:00,0.0,0.0
2026-04-09 00:00:00+00:00,0.0,0.0
2026-04-09 00:05:00+00:00,0.0,0.0
2026-04-09 00:10:00+00:00,0.0,0.0
2026-04-09 00:15:00+00:00,0.0,0.0
2026-04-09 00:20:00+00:00,0.0,0.0
2026-04-09 00:25:00+00:00,0.0,0.0
2026-04-09 00:30:00+00:00,0.0,0.0
2026-04-09 00:35:00+00:00,0.0,0.0
2026-04-09 00:40:00+00:00,0.0,0.0
2026-04-09 00:45:00+00:00,0.0,0.0
2026-04-09 00:50:00+00:00,0.0,0.0
2026-04-09 00:55:00+00:00,0.0,0.0
2026-04-09 01:00:00+00:00,0.0,0.0
2026-04-09 01:05:00+00:00,0.0,0.0
2026-04-09 01:10:00+00:00,0.0,0.0
2026-04-09 01:15:00+00:00,0.0,0.0
2026-04-09 01:20:00+00:00,0.0,0.0
2026-04-09 01:25:00+00:00,0.0,0.0
2026-04-09 01:30:00+00:00,0.0,0.0
2026-04-09 01:35:00+00:00,0.0,0.0
2026-04-09 01:40:00+00:00,0.0,0.0
2026-04-09 01:45:00+00:00,0.0,0.0
2026-04-09 01:50:00+00:00,0.0,0.0
2026-04-09 01:55:00+00:00,0.0,0.0
2026-04-09 02:00:00+00:00,0.0,0.0
2026-04-09 02:05:00+00:00,0.0,0.0
2026-04-09 02:10:00+00:00,0.0,0.0
2026-04-09 02:15:00+00:00,0.0,0.0
2026-04-09 02:20:00+00:00,0.0,0.0
2026-04-09 02:25:00+00:00,0.0,0.0
2026-04-09 02:30:00+00:00,0.0,0.0
2026-04-09 02:35:00+00:00,0.0,0.0
2026-04-09 02:40:00+00:00,0.0,0.0
2026-04-09 02:45:00+00:00,0.0,0.0
2026-04-09 02:50:00+00:00,0.0,0.0
2026-04-09 02:55:00+00:00,0.0,0.0
2026-04-09 03:00:00+00:00,0.0,0.0
2026-04-09 03:05:00+00:00,0.0,0.0
2026-04-09 03:10:00+00:00,0.0,0.0
2026-04-09 03:15:00+00:00,0.0,0.0
2026-04-09 03:20:00+00:00,0.0,0.0
2026-04-09 03:25:00+00:00,0.0,0.0
2026-04-09 03:30:00+00:00,0.0,0.0
2026-04-09 03:35:00+00:00,0.0,0.0
2026-04-09 03:40:00+00:00,0.0,0.0
2026-04-09 03:45:00+00:00,0.0,0.0
2026-04-09 03:50:00+00:00,0.0,0.0
2026-04-09 03:55:00+00:00,0.0,0.0
2026-04-09 04:00:00+00:00,0.0,0.0
2026-04-09 04:05:00+00:00,0.0,0.0
2026-04-09 04:10:00+00:00,0.0,0.0
2026-04-09 04:15:00+00:00,0.0,0.0
2026-04-09 04:20:00+00:00,0.0,0.0
2026-04-09 04:25:00+00:00,0.0,0.0
2026-04-09 04:30:00+00:00,0.0,0.0
2026-04-09 04:35:00+00:00,0.0,0.0
2026-04-09 04:40:00+00:00,0.0,0.0
2026-04-09 04:45:00+00:00,0.0,0.0
2026-04-09 04:50:00+00:00,0.0,0.0
2026-04-09 04:55:00+00:00,0.0,0.0
2026-04-09 05:00:00+00:00,0.0,0.0
2026-04-09 05:05:00+00:00,0.0,0.0
2026-04-09 05:10:00+00:00,0.0,0.0
2026-04-09 05:15:00+00:00,0.0,0.0
2026-04-09 05:20:00+00:00,0.0,0.0
2026-04-09 05:25:00+00:00,0.0,0.0
2026-04-09 05:30:00+00:00,0.0,0.0
2026-04-09 05:35:00+00:00,0.0,0.0
2026-04-09 05:40:00+00:00,0.0,0.0
2026-04-09 05:45:00+00:00,0.0,0.0
2026-04-09 05:50:00+00:00,0.0,0.0
2026-04-09 05:55:00+00:00,0.0,0.0
2026-04-09 06:00:00+00:00,0.0,0.0
2026-04-09 06:05:00+00:00,0.0,0.0
2026-04-09 06:10:00+00:00,0.0,0.0
2026-04-09 06:15:00+00:00,0.0,0.0
2026-04-09 06:20:00+00:00,0.0,0.0
2026-04-09 06:25:00+00:00,0.0,0.0
2026-04-09 06:30:00+00:00,0.0,0.0
2026-04-09 06:35:00+00:00,0.0,0.0
2026-04-09 06:40:00+00:00,0.0,0.0
2026-04-09 06:45:00+00:00,0.0,0.0
2026-04-09 06:50:00+00:00,0.0,0.0
2026-04-09 06:55:00+00:00,0.0,0.0
2026-04-09 07:00:00+00:00,0.0,0.0
2026-04-09 07:05:00+00:00,0.0,0.0
2026-04-09 07:10:00+00:00,0.0,0.0
2026-04-09 07:15:00+00:00,0.0,0.0
2026-04-09 07:20:00+00:00,0.0,0.0
2026-04-09 07:25:00+00:00,0.0,0.0
2026-04-09 07:30:00+00:00,0.0,0.0
2026-04-09 07:35:00+00:00,0.0,0.0
2026-04-09 07:40:00+00:00,0.0,0.0
2026-04-09 07:45:00+00:00,0.0,0.0
2026-04-09 07:50:00+00:00,0.0,0.0
2026-04-09 07:55:00+00:00,0.0,0.0
2026-04-09 08:00:00+00:00,0.0,0.0
2026-04-09 08:05:00+00:00,0.0,0.0
2026-04-09 08:10:00+00:00,0.0,0.0
2026-04-09 08:15:00+00:00,0.0,0.0
2026-04-09 08:20:00+00:00,0.0,0.0
2026-04-09 08:25:00+00:00,0.0,0.0
2026-04-09 08:30:00+00:00,0.0,0.0
2026-04-09 08:35:00+00:00,0.0,0.0
2026-04-09 08:40:00+00:00,0.0,0.0
2026-04-09 08:45:00+00:00,0.0,0.0
2026-04-09 08:50:00+00:00,0.0,0.0
2026-04-09 08:55:00+00:00,0.0,0.0
2026-04-09 09:00:00+00:00,0.0,0.0
2026-04-09 09:05:00+00:00,0.0,0.0
2026-04-09 09:10:00+00:00,0.0,0.0
2026-04-09 09:15:00+00:00,0.0,0.0
2026-04-09 09:20:00+00:00,0.0,0.0
2026-04-09 09:25:00+00:00,0.0,0.0
2026-04-09 09:30:00+00:00,0.0,0.0
2026-04-09 09:35:00+00:00,0.0,5.153291594497779
2026-04-09 09:40:00+00:00,0.0,3.3342667917887683
2026-04-09 09:45:00+00:00,0.0,0.1744275500312309
2026-04-09 09:50:00+00:00,0.0,-0.48982148420587457
2026-04-09 09:55:00+00:00,0.0,-0.3553444863473514
2026-04-09 10:00:00+00:00,0.0,0.012014561823536773
2026-04-09 10:05:00+00:00,0.0,-1.21009554407087
2026-04-09 10:10:00+00:00,0.0,1.612903196456192
2026-04-09 10:15:00+00:00,0.0,-0.04573469849108669
2026-04-09 10:20:00+00:00,0.0,0.7093111022832961
2026-04-09 10:25:00+00:00,0.0,-0.44373793571476483
2026-04-09 10:30:00+00:00,0.0,0.4265986080755795
2026-04-09 10:35:00+00:00,0.0,-0.6932866019613577
2026-04-09 10:40:00+00:00,0.0,0.874492242891149
2026-04-09 10:45:00+00:00,0.0,-0.8139004289354794
2026-04-09 10:50:00+00:00,0.0,0.1223802098035609
2026-04-09 10:55:00+00:00,0.0,-1.3422263632857874
2026-04-09 11:00:00+00:00,0.0,0.49469624183610694
2026-04-09 11:05:00+00:00,0.0,-0.056297952005702534
2026-04-09 11:10:00+00:00,0.0,0.3565029107932558
2026-04-09 11:15:00+00:00,0.0,0.4653259052521497
2026-04-09 11:20:00+00:00,0.0,-0.014984407351656515
2026-04-09 11:25:00+00:00,0.0,0.7816181707449328
2026-04-09 11:30:00+00:00,0.0,-1.3244236418020483
2026-04-09 11:35:00+00:00,0.0,1.1325236255104576
2026-04-09 11:40:00+00:00,0.0,-0.2496335003371435
2026-04-09 11:45:00+00:00,0.0,-0.07799599647762712
2026-04-09 11:50:00+00:00,0.0,-1.3316987875195672
2026-04-09 11:55:00+00:00,0.0,0.6328254584277815
2026-04-09 12:00:00+00:00,0.0,0.052085060066285216
2026-04-09 12:05:00+00:00,0.0,0.045203359750146
2026-04-09 12:10:00+00:00,0.0,0.9090059075630812
2026-04-09 12:15:00+00:00,0.0,-0.3459567718188179
2026-04-09 12:20:00+00:00,0.0,0.3278408636759256
2026-04-09 12:25:00+00:00,0.0,-0.9997300314567612
2026-04-09 12:30:00+00:00,0.0,0.8027056034320106
2026-04-09 12:35:00+00:00,0.0,-0.6757059126707032
2026-04-09 12:40:00+00:00,0.0,0.7291871170431419
2026-04-09 12:45:00+00:00,0.0,-0.80161364167137
2026-04-09 12:50:00+00:00,0.0,-0.10090241852365622
2026-04-09 12:55:00+00:00,0.0,-0.8763923698138694
2026-04-09 13:00:00+00:00,0.0,-1.734937133361358
2026-04-09 13:05:00+00:00,0.0,2.9871238990173907
2026-04-09 13:10:00+00:00,0.0,0.17024119727199682
2026-04-09 13:15:00+00:00,0.0,0.4400254391220013
2026-04-09 13:20:00+00:00,0.0,0.06250138182929454
2026-04-09 13:25:00+00:00,0.0,-0.04928293261868788
2026-04-09 13:30:00+00:00,0.0,-0.07554693254519762
2026-04-09 13:35:00+00:00,0.0,-0.18465683725474769
2026-04-09 13:40:00+00:00,0.0,-0.06563464604513847
2026-04-09 13:45:00+00:00,0.0,0.6897173808418966
2026-04-09 13:50:00+00:00,0.0,-0.060181838176093905
2026-04-09 13:55:00+00:00,0.0,-0.09239538974593842
2026-04-09 14:00:00+00:00,0.0,-0.6999234644890393
2026-04-09 14:05:00+00:00,0.0,-0.08511304032257172
2026-04-09 14:10:00+00:00,0.0,0.3437316549662359
2026-04-09 14:15:00+00:00,0.0,0.4328903574974827
2026-04-09 14:20:00+00:00,0.0,-0.3645069140099171
2026-04-09 14:25:00+00:00,0.0,0.46770846058869786
2026-04-09 14:30:00+00:00,0.0,-1.14804536222369
2026-04-09 14:35:00+00:00,0.0,-0.18584154893460347
2026-04-09 14:40:00+00:00,0.0,0.9890531161795657
2026-04-09 14:45:00+00:00,0.0,-0.1384299248138401
2026-04-09 14:50:00+00:00,0.0,0.31734651565203364
2026-04-09 14:55:00+00:00,0.0,-1.0020455284267502
2026-04-09 15:00:00+00:00,0.0,-0.4415889390387724
2026-04-09 15:05:00+00:00,0.0,0.2224607243842991
2026-04-09 15:10:00+00:00,0.0,-0.38384264409499913
2026-04-09 15:15:00+00:00,0.0,0.4772467196467485
2026-04-09 15:20:00+00:00,0.0,0.9218332037701149
2026-04-09 15:25:00+00:00,0.0,-0.07341018411340805
2026-04-09 15:30:00+00:00,0.0,0.041219642720456307
2026-04-09 15:35:00+00:00,0.0,-0.27655547154247984
2026-04-09 15:40:00+00:00,0.0,0.1121002776263289
2026-04-09 15:45:00+00:00,0.0,-0.1477775122238274
2026-04-09 15:50:00+00:00,0.0,0.11282964179668831
2026-04-09 15:55:00+00:00,0.0,0.3402978073371301
2026-04-09 16:00:00+00:00,0.0,-0.6956662602057673
2026-04-09 16:05:00+00:00,0.0,-0.43146792582354365
2026-04-09 16:10:00+00:00,0.0,0.6246110343606777
2026-04-09 16:15:00+00:00,0.0,0.37163103509238304
2026-04-09 16:20:00+00:00,0.0,-0.16010064450787098
2026-04-09 16:25:00+00:00,0.0,0.5769714448626004
2026-04-09 16:30:00+00:00,0.0,-1.7531547408999595
2026-04-09 16:35:00+00:00,0.0,0.9511075684426737
2026-04-09 16:40:00+00:00,0.0,0.22586733658120473
2026-04-09 16:45:00+00:00,0.0,0.05877267237296557
2026-04-09 16:50:00+00:00,0.0,-0.23576719674138324
2026-04-09 16:55:00+00:00,0.0,-0.5720899621605984
2026-04-09 17:00:00+00:00,0.0,0.4673851412348089
2026-04-09 17:05:00+00:00,0.0,-0.5816180008746299
2026-04-09 17:10:00+00:00,0.0,0.7374153876608203
2026-04-09 17:15:00+00:00,0.0,0.10994947664613797
2026-04-09 17:20:00+00:00,0.0,0.00840677489155972
2026-04-09 17:25:00+00:00,0.0,-0.4378762902466722
2026-04-09 17:30:00+00:00,0.0,-0.06837539693815664
2026-04-09 17:35:00+00:00,0.0,0.6436623307078335
2026-04-09 17:40:00+00:00,0.0,-1.0368029051974128
2026-04-09 17:45:00+00:00,0.0,0.12380764070599426
2026-04-09 17:50:00+00:00,0.0,0.6004526246460893
2026-04-09 17:55:00+00:00,0.0,-0.06753516998978526
2026-04-09 18:00:00+00:00,0.0,0.13235565089801682
2026-04-09 18:05:00+00:00,0.0,0.4077623413241387
2026-04-09 18:10:00+00:00,0.0,-0.7609775684285331
2026-04-09 18:15:00+00:00,0.0,0.46033248945313865
2026-04-09 18:20:00+00:00,7.323170717943469,-0.45055785700156825
2026-04-09 18:25:00+00:00,1.377510016906692,-0.5209171632080132
2026-04-09 18:30:00+00:00,0.14667914062401266,0.7304765536539843
2026-04-09 18:35:00+00:00,-0.14601347243501195,-0.03416481349107592
2026-04-09 18:40:00+00:00,-0.10386438039412127,-0.3682515117677303
2026-04-09 18:45:00+00:00,-0.04453566152298549,0.17225072147087683
2026-04-09 18:50:00+00:00,-0.07574217792218185,0.306796744126947
2026-04-09 18:55:00+00:00,0.0820901842349997,-0.09797694245003008
2026-04-09 19:00:00+00:00,-0.16675778061819102,-0.9896191794983418
2026-04-09 19:05:00+00:00,0.014618499390618211,0.330962580810243
2026-04-09 19:10:00+00:00,0.046459123566066296,0.4346678761764231
2026-04-09 19:15:00+00:00,-0.33332289580480534,0.24176582340978214
2026-04-09 19:20:00+00:00,0.2785686904858107,0.016713480973740147
2026-04-09 19:25:00+00:00,-0.25186130706437915,-0.9174214562863545
2026-04-09 19:30:00+00:00,-0.14832733637421658,-0.159823559837446
2026-04-09 19:35:00+00:00,0.12042947662170977,0.036920588614048455
2026-04-09 19:40:00+00:00,-0.13770925605741624,0.8451633878585714
2026-04-09 19:45:00+00:00,0.0567975983931337,0.36157743697208744
2026-04-09 19:50:00+00:00,-0.33970639209225695,-0.08610327842751886
2026-04-09 19:55:00+00:00,0.1601578677398443,-0.8249915348590715
2026-04-09 20:00:00+00:00,-0.04666722599876838,0.4049361475033946
2026-04-09 20:05:00+00:00,0.3683474451516622,0.6290553556411131
2026-04-09 20:10:00+00:00,-0.1379428696004048,-0.4166215063217855
2026-04-09 20:15:00+00:00,0.10317162661030466,0.039703285713041936
2026-04-09 20:20:00+00:00,-0.2449130187655797,-0.9699240195294632
2026-04-09 20:25:00+00:00,-0.2149335517834574,0.2232881540185323
2026-04-09 20:30:00+00:00,0.7507138201544015,0.5470610605694164
2026-04-09 20:35:00+00:00,-0.17695868605654042,-0.04974443460170708
2026-04-09 20:40:00+00:00,-0.1353075920257787,0.12545277016443723
2026-04-09 20:45:00+00:00,0.23802486584299842,-0.08040475479533704
2026-04-09 20:50:00+00:00,-0.20222881357108058,-0.15224709042761564
2026-04-09 20:55:00+00:00,0.005701269718956681,0.13323769249024586
2026-04-09 21:00:00+00:00,0.33724348140787264,0.22382871749380673
2026-04-09 21:05:00+00:00,-0.23698407254962994,-0.3011050927839216
2026-04-09 21:10:00+00:00,-0.09770440391969437,-0.10944139685455756
2026-04-09 21:15:00+00:00,0.12884221884577407,0.265441531619933
2026-04-09 21:20:00+00:00,-0.09073442328780601,-0.18606628523458468
2026-04-09 21:25:00+00:00,-0.016233676074971726,-0.15084950872368452
2026-04-09 21:30:00+00:00,-0.1473775528214123,0.36255822457160747
2026-04-09 21:35:00+00:00,0.37533612298538266,0.2884536178955024
2026-04-09 21:40:00+00:00,0.1217015359681124,-0.27617976022218294
2026-04-09 21:45:00+00:00,-0.567961032970504,-0.3546293749274074
2026-04-09 21:50:00+00:00,0.0667358980961863,-0.015334364000106682
2026-04-09 21:55:00+00:00,0.13365243113508996,-0.2220404072420532
2026-04-09 22:00:00+00:00,-0.15025167312619558,0.17457387000312874
2026-04-09 22:05:00+00:00,0.31447770160584376,0.35579492720794015
2026-04-09 22:10:00+00:00,-0.15215570649673182,0.023085347089162767
2026-04-09 22:15:00+00:00,0.46853771156323987,0.14628646673954648
2026-04-09 22:20:00+00:00,-0.6917510197746903,-0.7276910051481229
2026-04-09 22:25:00+00:00,-0.10936028799410469,0.17768117723745203
2026-04-09 22:30:00+00:00,0.26535290984804494,-0.2193538736380205
2026-04-09 22:35:00+00:00,-0.09084389279088434,0.13316193904216256
2026-04-09 22:40:00+00:00,-0.1111871890980316,0.11979285573628928
2026-04-09 22:45:00+00:00,0.29296393520022246,0.15211622465466146
2026-04-09 22:50:00+00:00,-0.08587256568639923,-0.027979443069924947
2026-04-09 22:55:00+00:00,-0.02647567398402728,0.10896164439521794
2026-04-09 23:00:00+00:00,-1.0446092543101448,-1.0230254293018621
2026-04-09 23:05:00+00:00,1.1279298857803512,1.0080095822510344
2026-04-09 23:10:00+00:00,0.08002113014006262,-0.09273048425172448
2026-04-09 23:15:00+00:00,-0.20951340587776457,-0.5216805471754258
2026-04-09 23:20:00+00:00,0.00795043144729668,0.6224963382440842
2026-04-09 23:25:00+00:00,0.053950514728741794,-0.12085326375262273
2026-04-09 23:30:00+00:00,-0.16047314556674497,-0.2903014990546451
2026-04-09 23:35:00+00:00,0.287153391498415,1.02689424319657
2026-04-09 23:40:00+00:00,0.2287333987017366,-0.2841946532238886
2026-04-09 23:45:00+00:00,-0.04804370325300056,-0.15087177335491475
2026-04-09 23:50:00+00:00,-1.9603596613223493,-4.01592483059546
2026-04-09 23:55:00+00:00,1.7883576603737668,3.2787424326450285
2026-04-10 00:00:00+00:00,-0.17610240376903796,0.057087459144492314
2026-04-10 00:05:00+00:00,-0.1901671956571187,0.22386705309423238
2026-04-10 00:10:00+00:00,0.16516193651112854,0.03691853249220234
2026-04-10 00:15:00+00:00,0.17696535759342957,0.31574645366126397
2026-04-10 00:20:00+00:00,-0.1370668662941128,0.04343464093712246
2026-04-10 00:25:00+00:00,-0.6775624495432462,-1.1779252172701336
2026-04-10 00:30:00+00:00,0.7970208424596086,0.9805657831116381
2026-04-10 00:35:00+00:00,-0.08049830930336022,0.1306121159168363
2026-04-10 00:40:00+00:00,0.38269599984688796,0.3227016253619146
2026-04-10 00:45:00+00:00,-0.5626506916305765,-8.289288323000317
2026-04-10 00:50:00+00:00,-0.10891291726219343,8.377241230988792
2026-04-10 00:55:00+00:00,0.11914408782794261,-0.8855957573836593
2026-04-10 01:00:00+00:00,-0.3598389472813883,-0.5446694814697146
2026-04-10 01:05:00+00:00,-0.09546109662429103,0.5317588334324563
2026-04-10 01:10:00+00:00,0.5995234583511104,0.6070598757136931
2026-04-10 01:15:00+00:00,0.025500106772508246,-0.36179004460550246
2026-04-10 01:20:00+00:00,0.1306020470364473,0.17959163293823543
2026-04-10 01:25:00+00:00,-0.9532265606143628,-0.8456983522024446
2026-04-10 01:30:00+00:00,-7.301822342137932,-7.057897937411856
