timestep,video,shorts
2026-03-07 02:40:00+00:00,8.019283792916793,0.06026577124253585
2026-03-07 02:45:00+00:00,0.5225369683241752,0.0492374553908288
2026-03-07 02:50:00+00:00,1.0200681035154098,0.04237837353851859
2026-03-07 02:55:00+00:00,0.6383396047198762,-0.06712040074221193
2026-03-07 03:00:00+00:00,0.3231767516607782,0.14447705837545755
2026-03-07 03:05:00+00:00,0.491713669925371,-0.04930902222691991
2026-03-07 03:10:00+00:00,0.37985321124662086,0.037526356506294434
2026-03-07 03:15:00+00:00,0.2733896443196091,0.04076105166253008
2026-03-07 03:20:00+00:00,0.08318880978149501,-0.06727236546552362
2026-03-07 03:25:00+00:00,0.2516743032933082,0.060950206005253804
2026-03-07 03:30:00+00:00,0.13678410221994675,0.03232112121776254
2026-03-07 03:35:00+00:00,0.11505620825234075,0.033011060772587086
2026-03-07 03:40:00+00:00,0.09527555417767886,0.028219922625700278
2026-03-07 03:45:00+00:00,-0.250033120735214,-0.07064638319038608
2026-03-07 03:50:00+00:00,0.17961197999927947,0.1393746260762363
2026-03-07 03:55:00+00:00,0.07429026842653208,0.034069929295847956
2026-03-07 04:00:00+00:00,0.06946703109105812,0.024853512299056746
2026-03-07 04:05:00+00:00,0.061184405276748066,0.02031934453199824
2026-03-07 04:10:00+00:00,-0.23637671297876928,-0.15679456696297756
2026-03-07 04:15:00+00:00,0.15617796583266852,0.14305399570785404
2026-03-07 04:20:00+00:00,0.04584602233498991,0.03538612464330804
2026-03-07 04:25:00+00:00,0.042562170517618014,0.033646144712880854
2026-03-07 04:30:00+00:00,0.04353451950242082,0.022183222579817752
2026-03-07 04:35:00+00:00,-0.06694345308223681,-0.07948467354706779
2026-03-07 04:40:00+00:00,-0.002925236408785281,0.12721279152360587
2026-03-07 04:45:00+00:00,0.06742171798556917,0.026445928543550323
2026-03-07 04:50:00+00:00,0.06673059197964903,0.027368263322451014
2026-03-07 04:55:00+00:00,-0.07371192241680724,0.027005549116031702
2026-03-07 05:00:00+00:00,-0.05147371701533743,-0.08897625186731517
2026-03-07 05:05:00+00:00,0.15986431032243154,0.12180229048954594
2026-03-07 05:10:00+00:00,0.054656997484041625,0.020987035589588032
2026-03-07 05:15:00+00:00,-0.06641462307052493,0.021149554299594087
2026-03-07 05:20:00+00:00,-0.05889777427160858,-0.11440544857810586
2026-03-07 05:25:00+00:00,-0.05773244681495093,-0.09191798519312933
2026-03-07 05:30:00+00:00,-0.02746337155203271,0.1215853878628721
2026-03-07 05:35:00+00:00,0.05230793099924469,0.01940753206334378
2026-03-07 05:40:00+00:00,0.05995797138369241,0.021852703312232435
2026-03-07 05:45:00+00:00,0.061923789589421574,0.024365822639129675
2026-03-07 05:50:00+00:00,-0.05261222238468832,-0.08474495209482669
2026-03-07 05:55:00+00:00,0.15203066004841226,0.10248999281415472
2026-03-07 06:00:00+00:00,0.04389817321333922,0.051884597857648984
2026-03-07 06:05:00+00:00,0.04062033868056325,0.015201579061299597
2026-03-07 06:10:00+00:00,-0.21960059805168974,-0.09160837242468567
2026-03-07 06:15:00+00:00,0.1534352351351096,-0.0015040822698768608
2026-03-07 06:20:00+00:00,0.050083062683675905,0.018421852836500108
2026-03-07 06:25:00+00:00,0.04593421348541682,0.0199731232505993
2026-03-07 06:30:00+00:00,0.039957681721965344,0.015452684337210698
2026-03-07 06:35:00+00:00,-0.06810919257137549,-0.09014745854458006
2026-03-07 06:40:00+00:00,0.14221878366700125,0.12102362271795286
2026-03-07 06:45:00+00:00,0.04164144870693676,0.018494991628477564
2026-03-07 06:50:00+00:00,0.038337232875704785,0.019525923903412234
2026-03-07 06:55:00+00:00,-0.07420193172946732,-0.08806835801695279
2026-03-07 07:00:00+00:00,0.13228439277350645,0.11644475572010116
2026-03-07 07:05:00+00:00,-0.03987206661435927,-0.04570864307765454
2026-03-07 07:10:00+00:00,0.028391786165133936,0.012192581234295119
2026-03-07 07:15:00+00:00,-0.09411825851632827,-0.03596744457018275
2026-03-07 07:20:00+00:00,-0.18559597831587205,-0.08820074656132881
2026-03-07 07:25:00+00:00,0.13119746370100138,0.11972978266245882
2026-03-07 07:30:00+00:00,-0.030723031835332648,0.008001006706987113
2026-03-07 07:35:00+00:00,0.02261572536754919,0.006936667630851545
2026-03-07 07:40:00+00:00,-0.13230546748697414,-0.09864137618655633
2026-03-07 07:45:00+00:00,0.1346950073603903,0.11908480313830516
2026-03-07 07:50:00+00:00,0.03085306145729838,0.013780301814227514
2026-03-07 07:55:00+00:00,0.026554339805253235,0.011703007954052325
2026-03-07 08:00:00+00:00,-0.08474434814746346,-0.09741275088115664
2026-03-07 08:05:00+00:00,0.12531682785881593,0.11242836490872321
2026-03-07 08:10:00+00:00,0.02099053329180478,0.007893593296181223
2026-03-07 08:15:00+00:00,0.02468456467828517,0.012297996410875811
2026-03-07 08:20:00+00:00,-0.08332260331317975,-0.0935478535984906
2026-03-07 08:25:00+00:00,0.13021523337094543,0.11754109236671084
2026-03-07 08:30:00+00:00,0.018642194022080005,0.0074719426660170285
2026-03-07 08:35:00+00:00,0.01930439025310804,0.00978180042529253
2026-03-07 08:40:00+00:00,0.01905306761453751,0.006770178147640138
2026-03-07 08:45:00+00:00,-0.08416076319331722,-0.09632497467884704
2026-03-07 08:50:00+00:00,0.122567371524827,0.11566006960059738
2026-03-07 08:55:00+00:00,0.01814300254997292,0.008184456333728107
2026-03-07 09:00:00+00:00,0.017468192246228753,0.009785094841298303
2026-03-07 09:05:00+00:00,-0.09145756758804602,-0.09892642931644069
2026-03-07 09:10:00+00:00,0.1221544444911693,0.11444170295452771
2026-03-07 09:15:00+00:00,0.016149522988756715,0.008769167217945295
2026-03-07 09:20:00+00:00,0.017213400488220287,0.01093619644501409
2026-03-07 09:25:00+00:00,-0.09393688798511413,-0.09926885822115494
2026-03-07 09:30:00+00:00,0.11808867140060464,0.11226018578180685
2026-03-07 09:35:00+00:00,0.01304449927296325,0.00497728390146257
2026-03-07 09:40:00+00:00,0.014904647347835365,0.008081187560829761
2026-03-07 09:45:00+00:00,-0.09015042310826615,-0.09595090186443933
2026-03-07 09:50:00+00:00,0.119221207879745,0.11439950651619313
2026-03-07 09:55:00+00:00,0.015413498951005522,0.009394862426512773
2026-03-07 10:00:00+00:00,0.015387280715085438,0.008093367557705733
2026-03-07 10:05:00+00:00,-0.09041502562959636,-0.09734060873808659
2026-03-07 10:10:00+00:00,0.11942643444015388,0.11303349728633272
2026-03-07 10:15:00+00:00,0.012949951178445218,0.008475146827917612
2026-03-07 10:20:00+00:00,0.00854531774930578,0.005187148514050222
2026-03-07 10:25:00+00:00,-0.09548807201647769,-0.09848318183537508
2026-03-07 10:30:00+00:00,0.11386930143287799,0.10901678901066347
2026-03-07 10:35:00+00:00,0.012267896347118779,0.005654463737048587
2026-03-07 10:40:00+00:00,0.013430451169355706,0.00839749107779042
2026-03-07 10:45:00+00:00,-0.09228348174897327,-0.0990420109281267
2026-03-07 10:50:00+00:00,0.11547419542371351,0.1119433330426105
2026-03-07 10:55:00+00:00,0.006133680763827698,0.003676469359668033
2026-03-07 11:00:00+00:00,0.008353280167616717,0.00473497384910182
2026-03-07 11:05:00+00:00,-0.09621593425069541,-0.10124368637539938
2026-03-07 11:10:00+00:00,0.1172279760975119,0.11135576204545927
2026-03-07 11:15:00+00:00,0.010390675730185706,0.006451440070259551
2026-03-07 11:20:00+00:00,0.010611309053425444,0.006676448305031002
2026-03-07 11:25:00+00:00,0.00662166792135821,0.004462397468319779
2026-03-07 11:30:00+00:00,-0.10135034367467632,-0.10281863427568716
2026-03-07 11:35:00+00:00,0.10896936392280665,0.10747288220596474
2026-03-07 11:40:00+00:00,0.0036271868920589867,0.0012513386602694965
2026-03-07 11:45:00+00:00,0.008039636788314652,0.0033682968513595313
2026-03-07 11:50:00+00:00,-0.09418013533443137,-0.10014207109978557
2026-03-07 11:55:00+00:00,0.11578433016467748,0.11063762145797895
2026-03-07 12:00:00+00:00,0.013729367284815552,0.009917543469290635
2026-03-07 12:05:00+00:00,0.01222324711355327,0.006676634529277692
2026-03-07 12:10:00+00:00,-0.09138482072155085,-0.09636405720010721
2026-03-07 12:15:00+00:00,0.11503227681235195,0.112223456921976
2026-03-07 12:20:00+00:00,0.0105891053126701,0.006179961946573442
2026-03-07 12:25:00+00:00,0.005736308630693188,0.00325646254470513
2026-03-07 12:30:00+00:00,-0.10045345229798563,-0.10311597644786907
2026-03-07 12:35:00+00:00,0.11436773085073604,0.11052811698813159
2026-03-07 12:40:00+00:00,0.008485850630345126,0.004114683293520827
2026-03-07 12:45:00+00:00,0.011531788128422704,0.00711809541288666
2026-03-07 12:50:00+00:00,-0.09681796984494895,-0.10042086586812893
2026-03-07 12:55:00+00:00,0.11273734746293584,0.11005925775026171
2026-03-07 13:00:00+00:00,0.004313585897381955,0.0029509572604986545
2026-03-07 13:05:00+00:00,0.003102278000390868,0.0015394256309200216
2026-03-07 13:10:00+00:00,-0.09764339785649057,-0.10181046904087943
2026-03-07 13:15:00+00:00,0.11365357794109165,0.10959338992770817
2026-03-07 13:20:00+00:00,0.009886913601935277,0.004291610884846975
2026-03-07 13:25:00+00:00,0.008539030023023031,0.0046427690110064646
2026-03-07 13:30:00+00:00,0.00938752202884352,-0.0997066916369036
2026-03-07 13:35:00+00:00,-0.09470430190678236,0.11075574512653397
2026-03-07 13:40:00+00:00,0.11512484902694986,0.0064181271167385034
2026-03-07 13:45:00+00:00,0.009466941908321758,0.006311429517829481
2026-03-07 13:50:00+00:00,0.010059763399489441,0.005764859470248851
2026-03-07 13:55:00+00:00,-0.09852294405319384,-0.1001289585844809
2026-03-07 14:00:00+00:00,0.11062928212565026,0.10885589747905122
2026-03-07 14:05:00+00:00,0.006607001296972115,0.0036603697740531516
2026-03-07 14:10:00+00:00,0.0094298389977574,0.0054258889979337255
2026-03-07 14:15:00+00:00,-0.0957269389251394,-0.10018808642041677
2026-03-07 14:20:00+00:00,0.11443166831503682,0.11052026255620007
2026-03-07 14:25:00+00:00,-0.217670105597902,-0.21930427930085195
2026-03-07 14:30:00+00:00,0.23248853595919883,0.22984397847682203
2026-03-07 14:35:00+00:00,-0.09590139087626781,-0.0996085804179554
2026-03-07 14:40:00+00:00,0.11480676820574587,0.11235275050999327
2026-03-07 14:45:00+00:00,0.011742980731529684,0.0075986385548318935
2026-03-07 14:50:00+00:00,0.010012823515273439,0.00677904035146959
2026-03-07 14:55:00+00:00,-0.09997571711620701,-0.101460221143169
2026-03-07 15:00:00+00:00,0.1094701793468289,0.10875448851048475
2026-03-07 15:05:00+00:00,0.005181064363910082,0.0039005271456851176
2026-03-07 15:10:00+00:00,0.005012094832679281,0.0036184612077061473
2026-03-07 15:15:00+00:00,-0.09953014052189424,-0.10191640813308922
2026-03-07 15:20:00+00:00,0.11155015447993577,0.10882300793797839
2026-03-07 15:25:00+00:00,0.006583299227436612,0.0034275082185057926
2026-03-07 15:30:00+00:00,0.002696394742796926,0.0010334363885036169
2026-03-07 15:35:00+00:00,0.004964094043200973,0.002555949331627616
2026-03-07 15:40:00+00:00,-0.095273144575998,-0.09837495600272561
2026-03-07 15:45:00+00:00,0.11627536404788863,0.11290528682665624
2026-03-07 15:50:00+00:00,0.014407091047454301,0.01022283558373438
2026-03-07 15:55:00+00:00,0.013558980117579722,0.01079739872787222
2026-03-07 16:00:00+00:00,-0.09660912462716276,-0.0982436291642319
2026-03-07 16:05:00+00:00,0.11130735562232985,0.058381085791122445
2026-03-07 16:10:00+00:00,0.007041007159225288,0.004652895446007221
2026-03-07 16:15:00+00:00,0.005776700693809644,0.004653700512399439
2026-03-07 16:20:00+00:00,-0.10232927432195638,-0.10288085861310137
2026-03-07 16:25:00+00:00,0.11134104744908768,0.11011476812923071
2026-03-07 16:30:00+00:00,0.007493767681877372,0.007031585996154277
2026-03-07 16:35:00+00:00,0.00701635443930293,0.005932189869513493
2026-03-07 16:40:00+00:00,-0.09976383932766453,-0.10158122088056487
2026-03-07 16:45:00+00:00,0.11252500523288944,0.11107399492222036
2026-03-07 16:50:00+00:00,0.0075559786904140225,0.005791720063845318
2026-03-07 16:55:00+00:00,0.004382345719175618,0.003494832122433067
2026-03-07 17:00:00+00:00,-0.10015451367421413,-0.10036423680854689
2026-03-07 17:05:00+00:00,0.11162981313275111,0.11086997696454581
2026-03-07 17:10:00+00:00,0.005646726642666522,0.0052460437106258695
2026-03-07 17:15:00+00:00,0.005673019540436641,0.004774064064299921
2026-03-07 17:20:00+00:00,-0.09881011109962934,-0.0999983956539392
2026-03-07 17:25:00+00:00,0.11122354819269198,0.11053667883457763
2026-03-07 17:30:00+00:00,0.004484343329083984,0.0040249925876612025
2026-03-07 17:35:00+00:00,0.005717818062741742,0.004842146406263126
2026-03-07 17:40:00+00:00,-0.09855404059416628,-0.10002119273842602
2026-03-07 17:45:00+00:00,0.11056792021867778,0.11082465565129063
2026-03-07 17:50:00+00:00,0.00561052740450485,0.005095976062191809
2026-03-07 17:55:00+00:00,0.006244378439356879,0.006292686911820056
2026-03-07 18:00:00+00:00,-0.09987249308071533,-0.099322945249682
2026-03-07 18:05:00+00:00,0.11054997191694582,0.11009308667608764
2026-03-07 18:10:00+00:00,0.0038061815170991053,0.0030220509793643657
2026-03-07 18:15:00+00:00,0.004280784491434986,0.0036164201214194946
2026-03-07 18:20:00+00:00,-0.10043546012235716,-0.10069598237923039
2026-03-07 18:25:00+00:00,0.10993173108345466,0.10948187577579738
2026-03-07 18:30:00+00:00,0.004539707980585561,0.004411925709945308
2026-03-07 18:35:00+00:00,0.0035830485862469175,0.002830681156543946
2026-03-07 18:40:00+00:00,0.0035753107606950607,0.002635666310693452
2026-03-07 18:45:00+00:00,-0.10058657797702253,-0.10157839058447493
2026-03-07 18:50:00+00:00,0.11052227981487128,0.11036351995484317
2026-03-07 18:55:00+00:00,0.005363880364175344,0.005267143440926603
2026-03-07 19:00:00+00:00,0.004350205609387814,0.004728565345690328
2026-03-07 19:05:00+00:00,-0.10249930783091621,-0.10259513904735229
2026-03-07 19:10:00+00:00,0.10896830597268803,0.1086033297613831
2026-03-07 19:15:00+00:00,0.004790615664616027,0.0047626797412441135
2026-03-07 19:20:00+00:00,0.00432062698742719,0.004575224342030282
2026-03-07 19:25:00+00:00,-0.10114615376525471,-0.1011060169736897
2026-03-07 19:30:00+00:00,0.10800408990912658,0.10773246136291093
2026-03-07 19:35:00+00:00,0.0028197813490447032,0.0028574290013612114
2026-03-07 19:40:00+00:00,0.00451735315632007,0.004520372372789794
2026-03-07 19:45:00+00:00,-0.10110099923756088,-0.10069480416282417
2026-03-07 19:50:00+00:00,0.0036401786103876788,0.004512709403678983
2026-03-07 19:55:00+00:00,-14.214646089196556,-12.87079836058588
2026-03-07 20:00:00+00:00,0.0,0.0
2026-03-07 20:05:00+00:00,0.0,0.0
2026-03-07 20:10:00+00:00,0.0,0.0
2026-03-07 20:15:00+00:00,0.0,0.0
2026-03-07 20:20:00+00:00,0.0,0.0
2026-03-07 20:25:00+00:00,0.0,0.0
2026-03-07 20:30:00+00:00,0.0,0.0
2026-03-07 20:35:00+00:00,0.0,0.0
2026-03-07 20:40:00+00:00,0.0,0.0
2026-03-07 20:45:00+00:00,0.0,0.0
2026-03-07 20:50:00+00:00,0.0,0.0
2026-03-07 20:55:00+00:00,0.0,0.0
2026-03-07 21:00:00+00:00,0.0,0.0
2026-03-07 21:05:00+00:00,0.0,0.0
2026-03-07 21:10:00+00:00,0.0,0.0
2026-03-07 21:15:00+00:00,0.0,0.0
2026-03-07 21:20:00+00:00,0.0,0.0
2026-03-07 21:25:00+00:00,0.0,0.0
2026-03-07 21:30:00+00:00,0.0,0.0
2026-03-07 21:35:00+00:00,0.0,0.0
2026-03-07 21:40:00+00:00,0.0,0.0
2026-03-07 21:45:00+00:00,0.0,0.0
2026-03-07 21:50:00+00:00,0.0,0.0
2026-03-07 21:55:00+00:00,0.0,0.0
2026-03-07 22:00:00+00:00,0.0,0.0
2026-03-07 22:05:00+00:00,0.0,0.0
2026-03-07 22:10:00+00:00,0.0,0.0
2026-03-07 22:15:00+00:00,0.0,0.0
2026-03-07 22:20:00+00:00,0.0,0.0
2026-03-07 22:25:00+00:00,0.0,0.0
2026-03-07 22:30:00+00:00,0.0,0.0
2026-03-07 22:35:00+00:00,0.0,0.0
2026-03-07 22:40:00+00:00,0.0,0.0
2026-03-07 22:45:00+00:00,0.0,0.0
2026-03-07 22:50:00+00:00,0.0,0.0
2026-03-07 22:55:00+00:00,0.0,0.0
2026-03-07 23:00:00+00:00,0.0,0.0
2026-03-07 23:05:00+00:00,0.0,0.0
2026-03-07 23:10:00+00:00,0.0,0.0
2026-03-07 23:15:00+00:00,0.0,0.0
2026-03-07 23:20:00+00:00,0.0,0.0
2026-03-07 23:25:00+00:00,0.0,0.0
2026-03-07 23:30:00+00:00,0.0,0.0
2026-03-07 23:35:00+00:00,0.0,0.0
2026-03-07 23:40:00+00:00,0.0,0.0
2026-03-07 23:45:00+00:00,0.0,0.0
2026-03-07 23:50:00+00:00,0.0,0.0
2026-03-07 23:55:00+00:00,0.0,0.0
2026-03-08 00:00:00+00:00,0.0,0.0
2026-03-08 00:05:00+00:00,0.0,0.0
2026-03-08 00:10:00+00:00,0.0,0.0
2026-03-08 00:15:00+00:00,0.0,0.0
2026-03-08 00:20:00+00:00,0.0,0.0
2026-03-08 00:25:00+00:00,0.0,0.0
2026-03-08 00:30:00+00:00,0.0,0.0
2026-03-08 00:35:00+00:00,0.0,0.0
2026-03-08 00:40:00+00:00,0.0,0.0
2026-03-08 00:45:00+00:00,0.0,0.0
2026-03-08 00:50:00+00:00,0.0,0.0
2026-03-08 00:55:00+00:00,0.0,0.0
2026-03-08 01:00:00+00:00,0.0,0.0
2026-03-08 01:05:00+00:00,0.0,0.0
2026-03-08 01:10:00+00:00,0.0,0.0
2026-03-08 01:15:00+00:00,0.0,0.0
2026-03-08 01:20:00+00:00,0.0,0.0
2026-03-08 01:25:00+00:00,0.0,0.0
2026-03-08 01:30:00+00:00,0.0,0.0
2026-03-08 01:35:00+00:00,0.0,0.0
2026-03-08 01:40:00+00:00,0.0,0.0
2026-03-08 01:45:00+00:00,0.0,0.0
2026-03-08 01:50:00+00:00,0.0,0.0
2026-03-08 01:55:00+00:00,0.0,0.0
2026-03-08 02:00:00+00:00,0.0,0.0
2026-03-08 02:05:00+00:00,0.0,0.0
2026-03-08 02:10:00+00:00,0.0,0.0
2026-03-08 02:15:00+00:00,0.0,0.0
2026-03-08 02:20:00+00:00,0.0,0.0
2026-03-08 02:25:00+00:00,0.0,0.0
2026-03-08 02:30:00+00:00,0.0,0.0
2026-03-08 02:35:00+00:00,0.0,0.0
2026-03-08 02:40:00+00:00,0.0,0.0
2026-03-08 02:45:00+00:00,0.0,0.0
2026-03-08 02:50:00+00:00,0.0,0.0
2026-03-08 02:55:00+00:00,0.0,0.0
2026-03-08 03:00:00+00:00,0.0,0.0
2026-03-08 03:05:00+00:00,0.0,0.0
2026-03-08 03:10:00+00:00,0.0,0.0
2026-03-08 03:15:00+00:00,0.0,0.0
2026-03-08 03:20:00+00:00,0.0,0.0
2026-03-08 03:25:00+00:00,0.0,0.0
2026-03-08 03:30:00+00:00,0.0,0.0
2026-03-08 03:35:00+00:00,0.0,0.0
2026-03-08 03:40:00+00:00,0.0,0.0
2026-03-08 03:45:00+00:00,0.0,0.0
2026-03-08 03:50:00+00:00,0.0,0.0
2026-03-08 03:55:00+00:00,0.0,0.0
2026-03-08 04:00:00+00:00,0.0,0.0
2026-03-08 04:05:00+00:00,0.0,0.0
2026-03-08 04:10:00+00:00,0.0,0.0
2026-03-08 04:15:00+00:00,0.0,0.0
2026-03-08 04:20:00+00:00,0.0,0.0
2026-03-08 04:25:00+00:00,0.0,0.0
2026-03-08 04:30:00+00:00,0.0,0.0
2026-03-08 04:35:00+00:00,0.0,0.0
2026-03-08 04:40:00+00:00,0.0,0.0
2026-03-08 04:45:00+00:00,0.0,0.0
2026-03-08 04:50:00+00:00,0.0,0.0
2026-03-08 04:55:00+00:00,0.0,0.0
2026-03-08 05:00:00+00:00,0.0,0.0
2026-03-08 05:05:00+00:00,0.0,0.0
2026-03-08 05:10:00+00:00,0.0,0.0
2026-03-08 05:15:00+00:00,0.0,0.0
2026-03-08 05:20:00+00:00,0.0,0.0
2026-03-08 05:25:00+00:00,0.0,0.0
2026-03-08 05:30:00+00:00,0.0,0.0
2026-03-08 05:35:00+00:00,0.0,0.0
2026-03-08 05:40:00+00:00,0.0,0.0
2026-03-08 05:45:00+00:00,0.0,0.0
2026-03-08 05:50:00+00:00,0.0,0.0
2026-03-08 05:55:00+00:00,0.0,0.0
2026-03-08 06:00:00+00:00,0.0,0.0
2026-03-08 06:05:00+00:00,0.0,0.0
2026-03-08 06:10:00+00:00,0.0,0.0
2026-03-08 06:15:00+00:00,0.0,0.0
2026-03-08 06:20:00+00:00,0.0,0.0
2026-03-08 06:25:00+00:00,0.0,0.0
2026-03-08 06:30:00+00:00,0.0,0.0
2026-03-08 06:35:00+00:00,0.0,0.0
2026-03-08 06:40:00+00:00,0.0,0.0
2026-03-08 06:45:00+00:00,0.0,0.0
2026-03-08 06:50:00+00:00,0.0,0.0
2026-03-08 06:55:00+00:00,0.0,0.0
2026-03-08 07:00:00+00:00,0.0,0.0
2026-03-08 07:05:00+00:00,0.0,0.0
2026-03-08 07:10:00+00:00,0.0,0.0
2026-03-08 07:15:00+00:00,0.0,0.0
2026-03-08 07:20:00+00:00,0.0,0.0
2026-03-08 07:25:00+00:00,0.0,0.0
2026-03-08 07:30:00+00:00,0.0,0.0
2026-03-08 07:35:00+00:00,0.0,0.0
2026-03-08 07:40:00+00:00,0.0,0.0
2026-03-08 07:45:00+00:00,0.0,0.0
2026-03-08 07:50:00+00:00,0.0,0.0
2026-03-08 07:55:00+00:00,0.0,0.0
2026-03-08 08:00:00+00:00,0.0,0.0
2026-03-08 08:05:00+00:00,0.0,0.0
2026-03-08 08:10:00+00:00,0.0,0.0
2026-03-08 08:15:00+00:00,0.0,0.0
2026-03-08 08:20:00+00:00,0.0,0.0
2026-03-08 08:25:00+00:00,0.0,0.0
2026-03-08 08:30:00+00:00,0.0,0.0
2026-03-08 08:35:00+00:00,0.0,0.0
2026-03-08 08:40:00+00:00,0.0,0.0
2026-03-08 08:45:00+00:00,0.0,0.0
2026-03-08 08:50:00+00:00,0.0,0.0
2026-03-08 08:55:00+00:00,0.0,0.0
2026-03-08 09:00:00+00:00,0.0,0.0
2026-03-08 09:05:00+00:00,0.0,0.0
2026-03-08 09:10:00+00:00,0.0,0.0
2026-03-08 09:15:00+00:00,0.0,0.0
2026-03-08 09:20:00+00:00,0.0,0.0
2026-03-08 09:25:00+00:00,0.0,0.0
2026-03-08 09:30:00+00:00,0.0,0.0
2026-03-08 09:35:00+00:00,0.0,0.0
2026-03-08 09:40:00+00:00,0.0,0.0
2026-03-08 09:45:00+00:00,0.0,0.0
2026-03-08 09:50:00+00:00,0.0,0.0
2026-03-08 09:55:00+00:00,0.0,0.0
2026-03-08 10:00:00+00:00,0.0,0.0
2026-03-08 10:05:00+00:00,0.0,0.0
2026-03-08 10:10:00+00:00,0.0,0.0
2026-03-08 10:15:00+00:00,0.0,0.0
2026-03-08 10:20:00+00:00,0.0,0.0
2026-03-08 10:25:00+00:00,0.0,0.0
2026-03-08 10:30:00+00:00,0.0,0.0
2026-03-08 10:35:00+00:00,0.0,0.0
2026-03-08 10:40:00+00:00,0.0,0.0
2026-03-08 10:45:00+00:00,0.0,0.0
2026-03-08 10:50:00+00:00,0.0,0.0
2026-03-08 10:55:00+00:00,0.0,0.0
2026-03-08 11:00:00+00:00,0.0,0.0
2026-03-08 11:05:00+00:00,0.0,0.0
2026-03-08 11:10:00+00:00,0.0,0.0
2026-03-08 11:15:00+00:00,0.0,0.0
2026-03-08 11:20:00+00:00,0.0,0.0
2026-03-08 11:25:00+00:00,0.0,0.0
2026-03-08 11:30:00+00:00,0.0,0.0
2026-03-08 11:35:00+00:00,0.0,0.0
2026-03-08 11:40:00+00:00,0.0,0.0
2026-03-08 11:45:00+00:00,0.0,0.0
2026-03-08 11:50:00+00:00,0.0,0.0
2026-03-08 11:55:00+00:00,0.0,0.0
2026-03-08 12:00:00+00:00,0.0,0.0
2026-03-08 12:05:00+00:00,0.0,0.0
2026-03-08 12:10:00+00:00,0.0,0.0
2026-03-08 12:15:00+00:00,0.0,0.0
2026-03-08 12:20:00+00:00,0.0,0.0
2026-03-08 12:25:00+00:00,0.0,0.0
2026-03-08 12:30:00+00:00,0.0,0.0
2026-03-08 12:35:00+00:00,0.0,0.0
2026-03-08 12:40:00+00:00,0.0,0.0
2026-03-08 12:45:00+00:00,0.0,0.0
2026-03-08 12:50:00+00:00,0.0,0.0
2026-03-08 12:55:00+00:00,0.0,0.0
2026-03-08 13:00:00+00:00,0.0,0.0
2026-03-08 13:05:00+00:00,0.0,0.0
2026-03-08 13:10:00+00:00,0.0,0.0
2026-03-08 13:15:00+00:00,0.0,0.0
2026-03-08 13:20:00+00:00,0.0,0.0
2026-03-08 13:25:00+00:00,0.0,0.0
2026-03-08 13:30:00+00:00,0.0,0.0
2026-03-08 13:35:00+00:00,0.0,0.0
2026-03-08 13:40:00+00:00,0.0,0.0
2026-03-08 13:45:00+00:00,0.0,0.0
2026-03-08 13:50:00+00:00,0.0,0.0
2026-03-08 13:55:00+00:00,0.0,0.0
2026-03-08 14:00:00+00:00,0.0,0.0
2026-03-08 14:05:00+00:00,0.0,0.0
2026-03-08 14:10:00+00:00,0.0,0.0
2026-03-08 14:15:00+00:00,0.0,0.0
2026-03-08 14:20:00+00:00,0.0,0.0
2026-03-08 14:25:00+00:00,0.0,0.0
2026-03-08 14:30:00+00:00,0.0,0.0
2026-03-08 14:35:00+00:00,0.0,0.0
2026-03-08 14:40:00+00:00,0.0,0.0
2026-03-08 14:45:00+00:00,0.0,0.0
2026-03-08 14:50:00+00:00,0.0,0.0
2026-03-08 14:55:00+00:00,0.0,0.0
2026-03-08 15:00:00+00:00,0.0,0.0
2026-03-08 15:05:00+00:00,0.0,0.0
2026-03-08 15:10:00+00:00,0.0,0.0
2026-03-08 15:15:00+00:00,0.0,0.0
2026-03-08 15:20:00+00:00,0.0,0.0
2026-03-08 15:25:00+00:00,0.0,0.0
2026-03-08 15:30:00+00:00,0.0,0.0
2026-03-08 15:35:00+00:00,0.0,0.0
2026-03-08 15:40:00+00:00,0.0,0.0
2026-03-08 15:45:00+00:00,0.0,0.0
2026-03-08 15:50:00+00:00,0.0,0.0
2026-03-08 15:55:00+00:00,0.0,0.0
2026-03-08 16:00:00+00:00,0.0,0.0
2026-03-08 16:05:00+00:00,0.0,0.0
2026-03-08 16:10:00+00:00,0.0,0.0
2026-03-08 16:15:00+00:00,0.0,0.0
2026-03-08 16:20:00+00:00,0.0,0.0
2026-03-08 16:25:00+00:00,0.0,0.0
2026-03-08 16:30:00+00:00,0.0,0.0
2026-03-08 16:35:00+00:00,0.0,0.0
2026-03-08 16:40:00+00:00,0.0,0.0
2026-03-08 16:45:00+00:00,0.0,0.0
2026-03-08 16:50:00+00:00,0.0,0.0
2026-03-08 16:55:00+00:00,0.0,0.0
2026-03-08 17:00:00+00:00,0.0,0.0
2026-03-08 17:05:00+00:00,0.0,0.0
2026-03-08 17:10:00+00:00,0.0,0.0
2026-03-08 17:15:00+00:00,0.0,0.0
2026-03-08 17:20:00+00:00,0.0,0.0
2026-03-08 17:25:00+00:00,0.0,0.0
2026-03-08 17:30:00+00:00,0.0,0.0
2026-03-08 17:35:00+00:00,0.0,0.0
2026-03-08 17:40:00+00:00,0.0,0.0
2026-03-08 17:45:00+00:00,0.0,0.0
2026-03-08 17:50:00+00:00,0.0,0.0
2026-03-08 17:55:00+00:00,0.0,0.0
2026-03-08 18:00:00+00:00,0.0,0.0
2026-03-08 18:05:00+00:00,0.0,0.0
2026-03-08 18:10:00+00:00,0.0,0.0
2026-03-08 18:15:00+00:00,0.0,0.0
2026-03-08 18:20:00+00:00,0.0,0.0
2026-03-08 18:25:00+00:00,0.0,0.0
2026-03-08 18:30:00+00:00,0.0,0.0
2026-03-08 18:35:00+00:00,0.0,0.0
2026-03-08 18:40:00+00:00,0.0,0.0
2026-03-08 18:45:00+00:00,0.0,0.0
2026-03-08 18:50:00+00:00,0.0,0.0
2026-03-08 18:55:00+00:00,0.0,0.0
2026-03-08 19:00:00+00:00,0.0,0.0
2026-03-08 19:05:00+00:00,0.0,0.0
2026-03-08 19:10:00+00:00,0.0,0.0
2026-03-08 19:15:00+00:00,0.0,0.0
2026-03-08 19:20:00+00:00,0.0,0.0
2026-03-08 19:25:00+00:00,0.0,0.0
2026-03-08 19:30:00+00:00,0.0,0.0
2026-03-08 19:35:00+00:00,0.0,0.0
2026-03-08 19:40:00+00:00,0.0,0.0
2026-03-08 19:45:00+00:00,0.0,0.0
2026-03-08 19:50:00+00:00,0.0,0.0
2026-03-08 19:55:00+00:00,0.0,0.0
2026-03-08 20:00:00+00:00,0.0,0.0
2026-03-08 20:05:00+00:00,0.0,0.0
2026-03-08 20:10:00+00:00,0.0,0.0
2026-03-08 20:15:00+00:00,0.0,0.0
2026-03-08 20:20:00+00:00,0.0,0.0
2026-03-08 20:25:00+00:00,0.0,0.0
2026-03-08 20:30:00+00:00,0.0,0.0
2026-03-08 20:35:00+00:00,0.0,0.0
2026-03-08 20:40:00+00:00,0.0,0.0
2026-03-08 20:45:00+00:00,0.0,0.0
2026-03-08 20:50:00+00:00,0.0,0.0
2026-03-08 20:55:00+00:00,0.0,0.0
2026-03-08 21:00:00+00:00,0.0,0.0
2026-03-08 21:05:00+00:00,0.0,0.0
2026-03-08 21:10:00+00:00,0.0,0.0
2026-03-08 21:15:00+00:00,0.0,0.0
2026-03-08 21:20:00+00:00,0.0,0.0
2026-03-08 21:25:00+00:00,0.0,0.0
2026-03-08 21:30:00+00:00,0.0,0.0
2026-03-08 21:35:00+00:00,0.0,0.0
2026-03-08 21:40:00+00:00,0.0,0.0
2026-03-08 21:45:00+00:00,0.0,0.0
2026-03-08 21:50:00+00:00,0.0,0.0
2026-03-08 21:55:00+00:00,0.0,0.0
2026-03-08 22:00:00+00:00,0.0,0.0
2026-03-08 22:05:00+00:00,0.0,0.0
2026-03-08 22:10:00+00:00,0.0,0.0
2026-03-08 22:15:00+00:00,0.0,0.0
2026-03-08 22:20:00+00:00,0.0,0.0
2026-03-08 22:25:00+00:00,0.0,0.0
2026-03-08 22:30:00+00:00,0.0,0.0
2026-03-08 22:35:00+00:00,0.0,0.0
2026-03-08 22:40:00+00:00,0.0,0.0
2026-03-08 22:45:00+00:00,0.0,0.0
2026-03-08 22:50:00+00:00,0.0,0.0
2026-03-08 22:55:00+00:00,0.0,0.0
2026-03-08 23:00:00+00:00,0.0,0.0
2026-03-08 23:05:00+00:00,0.0,0.0
2026-03-08 23:10:00+00:00,0.0,0.0
2026-03-08 23:15:00+00:00,0.0,0.0
2026-03-08 23:20:00+00:00,0.0,0.0
2026-03-08 23:25:00+00:00,0.0,0.0
2026-03-08 23:30:00+00:00,0.0,0.0
2026-03-08 23:35:00+00:00,0.0,0.0
2026-03-08 23:40:00+00:00,0.0,0.0
2026-03-08 23:45:00+00:00,0.0,0.0
2026-03-08 23:50:00+00:00,0.0,0.0
2026-03-08 23:55:00+00:00,0.0,0.0
2026-03-09 00:00:00+00:00,0.0,0.0
2026-03-09 00:05:00+00:00,0.0,0.0
2026-03-09 00:10:00+00:00,0.0,0.0
2026-03-09 00:15:00+00:00,0.0,0.0
2026-03-09 00:20:00+00:00,0.0,0.0
2026-03-09 00:25:00+00:00,0.0,0.0
2026-03-09 00:30:00+00:00,0.0,0.0
2026-03-09 00:35:00+00:00,0.0,0.0
2026-03-09 00:40:00+00:00,0.0,0.0
2026-03-09 00:45:00+00:00,0.0,0.0
2026-03-09 00:50:00+00:00,0.0,0.0
2026-03-09 00:55:00+00:00,0.0,0.0
2026-03-09 01:00:00+00:00,0.0,0.0
2026-03-09 01:05:00+00:00,0.0,0.0
2026-03-09 01:10:00+00:00,0.0,0.0
2026-03-09 01:15:00+00:00,0.0,0.0
2026-03-09 01:20:00+00:00,0.0,0.0
2026-03-09 01:25:00+00:00,0.0,0.0
2026-03-09 01:30:00+00:00,0.0,0.0
2026-03-09 01:35:00+00:00,0.0,0.0
2026-03-09 01:40:00+00:00,0.0,0.0
2026-03-09 01:45:00+00:00,0.0,0.0
2026-03-09 01:50:00+00:00,0.0,0.0
2026-03-09 01:55:00+00:00,0.0,0.0
2026-03-09 02:00:00+00:00,0.0,0.0
2026-03-09 02:05:00+00:00,0.0,0.0
2026-03-09 02:10:00+00:00,0.0,0.0
2026-03-09 02:15:00+00:00,0.0,0.0
2026-03-09 02:20:00+00:00,0.0,0.0
2026-03-09 02:25:00+00:00,0.0,0.0
2026-03-09 02:30:00+00:00,0.0,0.0
2026-03-09 02:35:00+00:00,0.0,0.0
2026-03-09 02:40:00+00:00,0.0,0.0
2026-03-09 02:45:00+00:00,0.0,0.0
2026-03-09 02:50:00+00:00,0.0,0.0
2026-03-09 02:55:00+00:00,0.0,0.0
2026-03-09 03:00:00+00:00,0.0,0.0
2026-03-09 03:05:00+00:00,0.0,0.0
2026-03-09 03:10:00+00:00,0.0,0.0
2026-03-09 03:15:00+00:00,0.0,0.0
2026-03-09 03:20:00+00:00,0.0,0.0
2026-03-09 03:25:00+00:00,0.0,0.0
2026-03-09 03:30:00+00:00,0.0,0.0
2026-03-09 03:35:00+00:00,0.0,0.0
2026-03-09 03:40:00+00:00,0.0,0.0
2026-03-09 03:45:00+00:00,0.0,0.0
2026-03-09 03:50:00+00:00,0.0,0.0
2026-03-09 03:55:00+00:00,0.0,0.0
2026-03-09 04:00:00+00:00,0.0,0.0
2026-03-09 04:05:00+00:00,0.0,0.0
2026-03-09 04:10:00+00:00,0.0,0.0
2026-03-09 04:15:00+00:00,0.0,0.0
2026-03-09 04:20:00+00:00,0.0,0.0
2026-03-09 04:25:00+00:00,0.0,0.0
2026-03-09 04:30:00+00:00,0.0,0.0
2026-03-09 04:35:00+00:00,0.0,0.0
2026-03-09 04:40:00+00:00,0.0,0.0
2026-03-09 04:45:00+00:00,0.0,0.0
2026-03-09 04:50:00+00:00,0.0,0.0
2026-03-09 04:55:00+00:00,0.0,0.0
2026-03-09 05:00:00+00:00,0.0,0.0
2026-03-09 05:05:00+00:00,0.0,0.0
2026-03-09 05:10:00+00:00,0.0,0.0
2026-03-09 05:15:00+00:00,0.0,0.0
2026-03-09 05:20:00+00:00,0.0,0.0
2026-03-09 05:25:00+00:00,0.0,0.0
2026-03-09 05:30:00+00:00,0.0,0.0
2026-03-09 05:35:00+00:00,0.0,0.0
2026-03-09 05:40:00+00:00,0.0,0.0
2026-03-09 05:45:00+00:00,0.0,0.0
2026-03-09 05:50:00+00:00,0.0,0.0
2026-03-09 05:55:00+00:00,0.0,0.0
2026-03-09 06:00:00+00:00,0.0,0.0
2026-03-09 06:05:00+00:00,0.0,0.0
2026-03-09 06:10:00+00:00,0.0,0.0
2026-03-09 06:15:00+00:00,0.0,0.0
2026-03-09 06:20:00+00:00,0.0,0.0
2026-03-09 06:25:00+00:00,0.0,0.0
2026-03-09 06:30:00+00:00,0.0,0.0
2026-03-09 06:35:00+00:00,0.0,0.0
2026-03-09 06:40:00+00:00,0.0,0.0
2026-03-09 06:45:00+00:00,0.0,0.0
2026-03-09 06:50:00+00:00,0.0,0.0
2026-03-09 06:55:00+00:00,0.0,0.0
2026-03-09 07:00:00+00:00,0.0,0.0
2026-03-09 07:05:00+00:00,0.0,0.0
2026-03-09 07:10:00+00:00,0.0,0.0
2026-03-09 07:15:00+00:00,0.0,0.0
2026-03-09 07:20:00+00:00,0.0,0.0
2026-03-09 07:25:00+00:00,0.0,0.0
2026-03-09 07:30:00+00:00,0.0,0.0
2026-03-09 07:35:00+00:00,0.0,0.0
2026-03-09 07:40:00+00:00,0.0,0.0
2026-03-09 07:45:00+00:00,0.0,0.0
2026-03-09 07:50:00+00:00,0.0,0.0
2026-03-09 07:55:00+00:00,0.0,0.0
2026-03-09 08:00:00+00:00,0.0,0.0
2026-03-09 08:05:00+00:00,0.0,0.0
2026-03-09 08:10:00+00:00,0.0,0.0
2026-03-09 08:15:00+00:00,0.0,0.0
2026-03-09 08:20:00+00:00,0.0,0.0
2026-03-09 08:25:00+00:00,0.0,0.0
2026-03-09 08:30:00+00:00,0.0,0.0
2026-03-09 08:35:00+00:00,0.0,0.0
2026-03-09 08:40:00+00:00,0.0,0.0
2026-03-09 08:45:00+00:00,0.0,0.0
2026-03-09 08:50:00+00:00,0.0,0.0
2026-03-09 08:55:00+00:00,0.0,0.0
2026-03-09 09:00:00+00:00,0.0,0.0
2026-03-09 09:05:00+00:00,0.0,0.0
2026-03-09 09:10:00+00:00,0.0,0.0
2026-03-09 09:15:00+00:00,0.0,0.0
2026-03-09 09:20:00+00:00,0.0,0.0
2026-03-09 09:25:00+00:00,0.0,0.0
2026-03-09 09:30:00+00:00,0.0,0.0
2026-03-09 09:35:00+00:00,0.0,0.0
2026-03-09 09:40:00+00:00,0.0,0.0
2026-03-09 09:45:00+00:00,0.0,0.0
2026-03-09 09:50:00+00:00,0.0,0.0
2026-03-09 09:55:00+00:00,0.0,0.0
2026-03-09 10:00:00+00:00,0.0,0.0
2026-03-09 10:05:00+00:00,0.0,0.0
2026-03-09 10:10:00+00:00,0.0,0.0
2026-03-09 10:15:00+00:00,0.0,0.0
2026-03-09 10:20:00+00:00,0.0,0.0
2026-03-09 10:25:00+00:00,0.0,0.0
2026-03-09 10:30:00+00:00,0.0,0.0
2026-03-09 10:35:00+00:00,0.0,0.0
2026-03-09 10:40:00+00:00,0.0,0.0
2026-03-09 10:45:00+00:00,0.0,0.0
2026-03-09 10:50:00+00:00,0.0,0.0
2026-03-09 10:55:00+00:00,0.0,0.0
2026-03-09 11:00:00+00:00,0.0,0.0
2026-03-09 11:05:00+00:00,0.0,0.0
2026-03-09 11:10:00+00:00,0.0,0.0
2026-03-09 11:15:00+00:00,0.0,0.0
2026-03-09 11:20:00+00:00,0.0,0.0
2026-03-09 11:25:00+00:00,0.0,0.0
2026-03-09 11:30:00+00:00,0.0,0.0
2026-03-09 11:35:00+00:00,0.0,0.0
2026-03-09 11:40:00+00:00,0.0,0.0
2026-03-09 11:45:00+00:00,0.0,0.0
2026-03-09 11:50:00+00:00,0.0,0.0
2026-03-09 11:55:00+00:00,0.0,0.0
2026-03-09 12:00:00+00:00,0.0,0.0
2026-03-09 12:05:00+00:00,0.0,0.0
2026-03-09 12:10:00+00:00,0.0,0.0
2026-03-09 12:15:00+00:00,0.0,0.0
2026-03-09 12:20:00+00:00,0.0,0.0
2026-03-09 12:25:00+00:00,0.0,0.0
2026-03-09 12:30:00+00:00,0.0,0.0
2026-03-09 12:35:00+00:00,0.0,0.0
2026-03-09 12:40:00+00:00,0.0,0.0
2026-03-09 12:45:00+00:00,0.0,0.0
2026-03-09 12:50:00+00:00,0.0,0.0
2026-03-09 12:55:00+00:00,0.0,0.0
2026-03-09 13:00:00+00:00,0.0,0.0
2026-03-09 13:05:00+00:00,0.0,0.0
2026-03-09 13:10:00+00:00,0.0,0.0
2026-03-09 13:15:00+00:00,0.0,0.0
2026-03-09 13:20:00+00:00,0.0,0.0
2026-03-09 13:25:00+00:00,0.0,0.0
2026-03-09 13:30:00+00:00,0.0,0.0
2026-03-09 13:35:00+00:00,0.0,0.0
2026-03-09 13:40:00+00:00,0.0,0.0
2026-03-09 13:45:00+00:00,0.0,0.0
2026-03-09 13:50:00+00:00,0.0,0.0
2026-03-09 13:55:00+00:00,0.0,0.0
2026-03-09 14:00:00+00:00,0.0,0.0
2026-03-09 14:05:00+00:00,0.0,0.0
2026-03-09 14:10:00+00:00,0.0,0.0
2026-03-09 14:15:00+00:00,0.0,0.0
2026-03-09 14:20:00+00:00,0.0,0.0
2026-03-09 14:25:00+00:00,0.0,0.0
2026-03-09 14:30:00+00:00,0.0,0.0
2026-03-09 14:35:00+00:00,0.0,0.0
2026-03-09 14:40:00+00:00,0.0,0.0
2026-03-09 14:45:00+00:00,0.0,0.0
2026-03-09 14:50:00+00:00,0.0,0.0
2026-03-09 14:55:00+00:00,0.0,0.0
2026-03-09 15:00:00+00:00,0.0,0.0
2026-03-09 15:05:00+00:00,0.0,0.0
2026-03-09 15:10:00+00:00,0.0,0.0
2026-03-09 15:15:00+00:00,0.0,0.0
2026-03-09 15:20:00+00:00,0.0,0.0
2026-03-09 15:25:00+00:00,0.0,0.0
2026-03-09 15:30:00+00:00,0.0,0.0
2026-03-09 15:35:00+00:00,0.0,0.0
2026-03-09 15:40:00+00:00,0.0,0.0
2026-03-09 15:45:00+00:00,0.0,0.0
2026-03-09 15:50:00+00:00,0.0,0.0
2026-03-09 15:55:00+00:00,0.0,0.0
2026-03-09 16:00:00+00:00,0.0,0.0
2026-03-09 16:05:00+00:00,0.0,0.0
2026-03-09 16:10:00+00:00,0.0,0.0
2026-03-09 16:15:00+00:00,0.0,0.0
2026-03-09 16:20:00+00:00,0.0,0.0
2026-03-09 16:25:00+00:00,0.0,0.0
2026-03-09 16:30:00+00:00,0.0,0.0
2026-03-09 16:35:00+00:00,0.0,0.0
2026-03-09 16:40:00+00:00,0.0,0.0
2026-03-09 16:45:00+00:00,0.0,0.0
2026-03-09 16:50:00+00:00,0.0,0.0
2026-03-09 16:55:00+00:00,0.0,0.0
2026-03-09 17:00:00+00:00,0.0,0.0
2026-03-09 17:05:00+00:00,0.0,0.0
2026-03-09 17:10:00+00:00,0.0,0.0
2026-03-09 17:15:00+00:00,0.0,0.0
2026-03-09 17:20:00+00:00,0.0,0.0
2026-03-09 17:25:00+00:00,0.0,0.0
2026-03-09 17:30:00+00:00,0.0,0.0
2026-03-09 17:35:00+00:00,0.0,0.0
2026-03-09 17:40:00+00:00,0.0,0.0
2026-03-09 17:45:00+00:00,0.0,0.0
2026-03-09 17:50:00+00:00,0.0,0.0
2026-03-09 17:55:00+00:00,0.0,0.0
2026-03-09 18:00:00+00:00,0.0,0.0
2026-03-09 18:05:00+00:00,0.0,0.0
2026-03-09 18:10:00+00:00,0.0,0.0
2026-03-09 18:15:00+00:00,0.0,0.0
2026-03-09 18:20:00+00:00,0.0,0.0
2026-03-09 18:25:00+00:00,0.0,0.0
2026-03-09 18:30:00+00:00,0.0,0.0
2026-03-09 18:35:00+00:00,0.0,0.0
2026-03-09 18:40:00+00:00,0.0,0.0
2026-03-09 18:45:00+00:00,0.0,0.0
2026-03-09 18:50:00+00:00,0.0,0.0
2026-03-09 18:55:00+00:00,0.0,0.0
2026-03-09 19:00:00+00:00,0.0,0.0
2026-03-09 19:05:00+00:00,0.0,0.0
2026-03-09 19:10:00+00:00,0.0,0.0
2026-03-09 19:15:00+00:00,0.0,0.0
2026-03-09 19:20:00+00:00,0.0,0.0
2026-03-09 19:25:00+00:00,0.0,0.0
2026-03-09 19:30:00+00:00,0.0,0.0
2026-03-09 19:35:00+00:00,0.0,0.0
2026-03-09 19:40:00+00:00,0.0,0.0
2026-03-09 19:45:00+00:00,0.0,0.0
2026-03-09 19:50:00+00:00,0.0,0.0
2026-03-09 19:55:00+00:00,0.0,0.0
2026-03-09 20:00:00+00:00,0.0,0.0
2026-03-09 20:05:00+00:00,0.0,0.0
2026-03-09 20:10:00+00:00,0.0,0.0
2026-03-09 20:15:00+00:00,0.0,0.0
2026-03-09 20:20:00+00:00,0.0,0.0
2026-03-09 20:25:00+00:00,0.0,0.0
2026-03-09 20:30:00+00:00,0.0,0.0
2026-03-09 20:35:00+00:00,0.0,0.0
2026-03-09 20:40:00+00:00,0.0,0.0
2026-03-09 20:45:00+00:00,0.0,0.0
2026-03-09 20:50:00+00:00,0.0,0.0
2026-03-09 20:55:00+00:00,0.0,0.0
2026-03-09 21:00:00+00:00,0.0,0.0
2026-03-09 21:05:00+00:00,0.0,0.0
2026-03-09 21:10:00+00:00,0.0,0.0
2026-03-09 21:15:00+00:00,0.0,0.0
2026-03-09 21:20:00+00:00,0.0,0.0
2026-03-09 21:25:00+00:00,0.0,0.0
2026-03-09 21:30:00+00:00,0.0,0.0
2026-03-09 21:35:00+00:00,0.0,0.0
2026-03-09 21:40:00+00:00,0.0,0.0
2026-03-09 21:45:00+00:00,0.0,0.0
2026-03-09 21:50:00+00:00,0.0,0.0
2026-03-09 21:55:00+00:00,0.0,0.0
2026-03-09 22:00:00+00:00,0.0,0.0
2026-03-09 22:05:00+00:00,0.0,0.0
2026-03-09 22:10:00+00:00,0.0,0.0
2026-03-09 22:15:00+00:00,0.0,0.0
2026-03-09 22:20:00+00:00,0.0,0.0
2026-03-09 22:25:00+00:00,0.0,0.0
2026-03-09 22:30:00+00:00,0.0,0.0
2026-03-09 22:35:00+00:00,0.0,0.0
2026-03-09 22:40:00+00:00,0.0,0.0
2026-03-09 22:45:00+00:00,0.0,0.0
2026-03-09 22:50:00+00:00,0.0,0.0
2026-03-09 22:55:00+00:00,0.0,0.0
2026-03-09 23:00:00+00:00,0.0,0.0
2026-03-09 23:05:00+00:00,0.0,0.0
2026-03-09 23:10:00+00:00,0.0,0.0
2026-03-09 23:15:00+00:00,0.0,0.0
2026-03-09 23:20:00+00:00,0.0,0.0
2026-03-09 23:25:00+00:00,0.0,0.0
2026-03-09 23:30:00+00:00,0.0,0.0
2026-03-09 23:35:00+00:00,0.0,0.0
2026-03-09 23:40:00+00:00,0.0,0.0
2026-03-09 23:45:00+00:00,0.0,0.0
2026-03-09 23:50:00+00:00,0.0,0.0
2026-03-09 23:55:00+00:00,0.0,0.0
2026-03-10 00:00:00+00:00,0.0,0.0
2026-03-10 00:05:00+00:00,0.0,0.0
2026-03-10 00:10:00+00:00,0.0,0.0
2026-03-10 00:15:00+00:00,0.0,0.0
2026-03-10 00:20:00+00:00,0.0,0.0
2026-03-10 00:25:00+00:00,0.0,0.0
2026-03-10 00:30:00+00:00,0.0,0.0
2026-03-10 00:35:00+00:00,0.0,0.0
2026-03-10 00:40:00+00:00,0.0,0.0
2026-03-10 00:45:00+00:00,0.0,0.0
2026-03-10 00:50:00+00:00,0.0,0.0
2026-03-10 00:55:00+00:00,0.0,0.0
2026-03-10 01:00:00+00:00,0.0,0.0
2026-03-10 01:05:00+00:00,0.0,0.0
2026-03-10 01:10:00+00:00,0.0,0.0
2026-03-10 01:15:00+00:00,0.0,0.0
2026-03-10 01:20:00+00:00,0.0,0.0
2026-03-10 01:25:00+00:00,0.0,0.0
2026-03-10 01:30:00+00:00,0.0,0.0
2026-03-10 01:35:00+00:00,0.0,0.0
2026-03-10 01:40:00+00:00,0.0,0.0
2026-03-10 01:45:00+00:00,0.0,0.0
2026-03-10 01:50:00+00:00,0.0,0.0
2026-03-10 01:55:00+00:00,0.0,0.0
2026-03-10 02:00:00+00:00,0.0,0.0
2026-03-10 02:05:00+00:00,0.0,0.0
2026-03-10 02:10:00+00:00,0.0,0.0
2026-03-10 02:15:00+00:00,0.0,0.0
2026-03-10 02:20:00+00:00,0.0,0.0
2026-03-10 02:25:00+00:00,0.0,0.0
2026-03-10 02:30:00+00:00,0.0,0.0
2026-03-10 02:35:00+00:00,0.0,0.0
2026-03-10 02:40:00+00:00,0.0,0.0
2026-03-10 02:45:00+00:00,0.0,0.0
2026-03-10 02:50:00+00:00,0.0,0.0
2026-03-10 02:55:00+00:00,0.0,0.0
2026-03-10 03:00:00+00:00,0.0,0.0
2026-03-10 03:05:00+00:00,0.0,0.0
2026-03-10 03:10:00+00:00,0.0,0.0
2026-03-10 03:15:00+00:00,0.0,0.0
2026-03-10 03:20:00+00:00,0.0,0.0
2026-03-10 03:25:00+00:00,0.0,0.0
2026-03-10 03:30:00+00:00,0.0,0.0
2026-03-10 03:35:00+00:00,0.0,0.0
2026-03-10 03:40:00+00:00,0.0,0.0
2026-03-10 03:45:00+00:00,0.0,0.0
2026-03-10 03:50:00+00:00,0.0,0.0
2026-03-10 03:55:00+00:00,0.0,0.0
2026-03-10 04:00:00+00:00,0.0,0.0
2026-03-10 04:05:00+00:00,0.0,0.0
2026-03-10 04:10:00+00:00,0.0,0.0
2026-03-10 04:15:00+00:00,0.0,0.0
2026-03-10 04:20:00+00:00,0.0,0.0
2026-03-10 04:25:00+00:00,0.0,0.0
2026-03-10 04:30:00+00:00,0.0,0.0
2026-03-10 04:35:00+00:00,0.0,0.0
2026-03-10 04:40:00+00:00,0.0,0.0
2026-03-10 04:45:00+00:00,0.0,0.0
2026-03-10 04:50:00+00:00,0.0,0.0
2026-03-10 04:55:00+00:00,0.0,0.0
2026-03-10 05:00:00+00:00,0.0,0.0
2026-03-10 05:05:00+00:00,0.0,0.0
2026-03-10 05:10:00+00:00,0.0,0.0
2026-03-10 05:15:00+00:00,0.0,0.0
2026-03-10 05:20:00+00:00,0.0,0.0
2026-03-10 05:25:00+00:00,0.0,0.0
2026-03-10 05:30:00+00:00,0.0,0.0
2026-03-10 05:35:00+00:00,0.0,0.0
2026-03-10 05:40:00+00:00,0.0,0.0
2026-03-10 05:45:00+00:00,0.0,0.0
2026-03-10 05:50:00+00:00,0.0,0.0
2026-03-10 05:55:00+00:00,0.0,0.0
2026-03-10 06:00:00+00:00,0.0,0.0
2026-03-10 06:05:00+00:00,0.0,0.0
2026-03-10 06:10:00+00:00,0.0,0.0
2026-03-10 06:15:00+00:00,0.0,0.0
2026-03-10 06:20:00+00:00,0.0,0.0
2026-03-10 06:25:00+00:00,0.0,0.0
2026-03-10 06:30:00+00:00,0.0,0.0
2026-03-10 06:35:00+00:00,0.0,0.0
2026-03-10 06:40:00+00:00,0.0,0.0
2026-03-10 06:45:00+00:00,0.0,0.0
2026-03-10 06:50:00+00:00,0.0,0.0
2026-03-10 06:55:00+00:00,0.0,0.0
2026-03-10 07:00:00+00:00,0.0,0.0
2026-03-10 07:05:00+00:00,0.0,0.0
2026-03-10 07:10:00+00:00,0.0,0.0
2026-03-10 07:15:00+00:00,0.0,0.0
2026-03-10 07:20:00+00:00,0.0,0.0
2026-03-10 07:25:00+00:00,0.0,0.0
2026-03-10 07:30:00+00:00,0.0,0.0
2026-03-10 07:35:00+00:00,0.0,0.0
2026-03-10 07:40:00+00:00,0.0,0.0
2026-03-10 07:45:00+00:00,0.0,0.0
2026-03-10 07:50:00+00:00,0.0,0.0
2026-03-10 07:55:00+00:00,0.0,0.0
2026-03-10 08:00:00+00:00,0.0,0.0
2026-03-10 08:05:00+00:00,0.0,0.0
2026-03-10 08:10:00+00:00,0.0,0.0
2026-03-10 08:15:00+00:00,0.0,0.0
2026-03-10 08:20:00+00:00,0.0,0.0
2026-03-10 08:25:00+00:00,0.0,0.0
2026-03-10 08:30:00+00:00,0.0,0.0
2026-03-10 08:35:00+00:00,0.0,0.0
2026-03-10 08:40:00+00:00,0.0,0.0
2026-03-10 08:45:00+00:00,0.0,0.0
2026-03-10 08:50:00+00:00,0.0,0.0
2026-03-10 08:55:00+00:00,0.0,0.0
2026-03-10 09:00:00+00:00,0.0,0.0
2026-03-10 09:05:00+00:00,0.0,0.0
2026-03-10 09:10:00+00:00,0.0,0.0
2026-03-10 09:15:00+00:00,0.0,0.0
2026-03-10 09:20:00+00:00,0.0,0.0
2026-03-10 09:25:00+00:00,0.0,0.0
2026-03-10 09:30:00+00:00,0.0,0.0
2026-03-10 09:35:00+00:00,0.0,0.0
2026-03-10 09:40:00+00:00,0.0,0.0
2026-03-10 09:45:00+00:00,0.0,0.0
2026-03-10 09:50:00+00:00,0.0,0.0
2026-03-10 09:55:00+00:00,0.0,0.0
2026-03-10 10:00:00+00:00,0.0,0.0
2026-03-10 10:05:00+00:00,0.0,0.0
2026-03-10 10:10:00+00:00,0.0,0.0
2026-03-10 10:15:00+00:00,0.0,0.0
2026-03-10 10:20:00+00:00,0.0,0.0
2026-03-10 10:25:00+00:00,0.0,0.0
2026-03-10 10:30:00+00:00,0.0,0.0
2026-03-10 10:35:00+00:00,0.0,0.0
2026-03-10 10:40:00+00:00,0.0,0.0
2026-03-10 10:45:00+00:00,0.0,0.0
2026-03-10 10:50:00+00:00,0.0,0.0
2026-03-10 10:55:00+00:00,0.0,0.0
2026-03-10 11:00:00+00:00,0.0,0.0
2026-03-10 11:05:00+00:00,0.0,0.0
2026-03-10 11:10:00+00:00,0.0,0.0
2026-03-10 11:15:00+00:00,0.0,0.0
2026-03-10 11:20:00+00:00,0.0,0.0
2026-03-10 11:25:00+00:00,0.0,0.0
2026-03-10 11:30:00+00:00,0.0,0.0
2026-03-10 11:35:00+00:00,0.0,0.0
2026-03-10 11:40:00+00:00,0.0,0.0
2026-03-10 11:45:00+00:00,0.0,0.0
2026-03-10 11:50:00+00:00,0.0,0.0
2026-03-10 11:55:00+00:00,0.0,0.0
2026-03-10 12:00:00+00:00,0.0,0.0
2026-03-10 12:05:00+00:00,0.0,0.0
2026-03-10 12:10:00+00:00,0.0,0.0
2026-03-10 12:15:00+00:00,0.0,0.0
2026-03-10 12:20:00+00:00,0.0,0.0
2026-03-10 12:25:00+00:00,0.0,0.0
2026-03-10 12:30:00+00:00,0.0,0.0
2026-03-10 12:35:00+00:00,0.0,0.0
2026-03-10 12:40:00+00:00,0.0,0.0
2026-03-10 12:45:00+00:00,0.0,0.0
2026-03-10 12:50:00+00:00,0.0,0.0
2026-03-10 12:55:00+00:00,0.0,0.0
2026-03-10 13:00:00+00:00,0.0,0.0
2026-03-10 13:05:00+00:00,0.0,0.0
2026-03-10 13:10:00+00:00,0.0,0.0
2026-03-10 13:15:00+00:00,0.0,0.0
2026-03-10 13:20:00+00:00,0.0,0.0
2026-03-10 13:25:00+00:00,0.0,0.0
2026-03-10 13:30:00+00:00,0.0,0.0
2026-03-10 13:35:00+00:00,0.0,0.0
2026-03-10 13:40:00+00:00,0.0,0.0
2026-03-10 13:45:00+00:00,0.0,0.0
2026-03-10 13:50:00+00:00,0.0,0.0
2026-03-10 13:55:00+00:00,0.0,0.0
2026-03-10 14:00:00+00:00,0.0,0.0
2026-03-10 14:05:00+00:00,0.0,0.0
2026-03-10 14:10:00+00:00,0.0,0.0
2026-03-10 14:15:00+00:00,0.0,0.0
2026-03-10 14:20:00+00:00,0.0,0.0
2026-03-10 14:25:00+00:00,0.0,0.0
2026-03-10 14:30:00+00:00,0.0,0.0
2026-03-10 14:35:00+00:00,0.0,0.0
2026-03-10 14:40:00+00:00,0.0,0.0
2026-03-10 14:45:00+00:00,0.0,0.0
2026-03-10 14:50:00+00:00,0.0,0.0
2026-03-10 14:55:00+00:00,0.0,0.0
2026-03-10 15:00:00+00:00,0.0,0.0
2026-03-10 15:05:00+00:00,0.0,0.0
2026-03-10 15:10:00+00:00,0.0,0.0
2026-03-10 15:15:00+00:00,0.0,0.0
2026-03-10 15:20:00+00:00,0.0,0.0
2026-03-10 15:25:00+00:00,0.0,0.0
2026-03-10 15:30:00+00:00,0.0,0.0
2026-03-10 15:35:00+00:00,0.0,0.0
2026-03-10 15:40:00+00:00,0.0,0.0
2026-03-10 15:45:00+00:00,0.0,0.0
2026-03-10 15:50:00+00:00,0.0,0.0
2026-03-10 15:55:00+00:00,0.0,0.0
2026-03-10 16:00:00+00:00,0.0,0.0
2026-03-10 16:05:00+00:00,0.0,0.0
2026-03-10 16:10:00+00:00,0.0,0.0
2026-03-10 16:15:00+00:00,0.0,0.0
2026-03-10 16:20:00+00:00,0.0,0.0
2026-03-10 16:25:00+00:00,0.0,0.0
2026-03-10 16:30:00+00:00,0.0,0.0
2026-03-10 16:35:00+00:00,0.0,0.0
2026-03-10 16:40:00+00:00,0.0,0.0
2026-03-10 16:45:00+00:00,0.0,0.0
2026-03-10 16:50:00+00:00,0.0,0.0
2026-03-10 16:55:00+00:00,0.0,0.0
2026-03-10 17:00:00+00:00,0.0,0.0
2026-03-10 17:05:00+00:00,0.0,0.0
2026-03-10 17:10:00+00:00,0.0,0.0
2026-03-10 17:15:00+00:00,0.0,0.0
2026-03-10 17:20:00+00:00,0.0,0.0
2026-03-10 17:25:00+00:00,0.0,0.0
2026-03-10 17:30:00+00:00,0.0,0.0
2026-03-10 17:35:00+00:00,0.0,0.0
2026-03-10 17:40:00+00:00,0.0,0.0
2026-03-10 17:45:00+00:00,0.0,0.0
2026-03-10 17:50:00+00:00,0.0,0.0
2026-03-10 17:55:00+00:00,0.0,0.0
2026-03-10 18:00:00+00:00,0.0,0.0
2026-03-10 18:05:00+00:00,0.0,0.0
2026-03-10 18:10:00+00:00,0.0,0.0
2026-03-10 18:15:00+00:00,0.0,0.0
2026-03-10 18:20:00+00:00,0.0,0.0
2026-03-10 18:25:00+00:00,0.0,0.0
2026-03-10 18:30:00+00:00,0.0,0.0
2026-03-10 18:35:00+00:00,0.0,0.0
2026-03-10 18:40:00+00:00,0.0,0.0
2026-03-10 18:45:00+00:00,0.0,0.0
2026-03-10 18:50:00+00:00,0.0,0.0
2026-03-10 18:55:00+00:00,0.0,0.0
2026-03-10 19:00:00+00:00,0.0,0.0
2026-03-10 19:05:00+00:00,0.0,0.0
2026-03-10 19:10:00+00:00,0.0,0.0
2026-03-10 19:15:00+00:00,0.0,0.0
2026-03-10 19:20:00+00:00,0.0,0.0
2026-03-10 19:25:00+00:00,0.0,0.0
2026-03-10 19:30:00+00:00,0.0,0.0
2026-03-10 19:35:00+00:00,0.0,0.0
2026-03-10 19:40:00+00:00,0.0,0.0
2026-03-10 19:45:00+00:00,0.0,0.0
2026-03-10 19:50:00+00:00,0.0,0.0
2026-03-10 19:55:00+00:00,0.0,0.0
2026-03-10 20:00:00+00:00,0.0,0.0
2026-03-10 20:05:00+00:00,0.0,0.0
2026-03-10 20:10:00+00:00,0.0,0.0
2026-03-10 20:15:00+00:00,0.0,0.0
2026-03-10 20:20:00+00:00,0.0,0.0
2026-03-10 20:25:00+00:00,0.0,0.0
2026-03-10 20:30:00+00:00,0.0,0.0
2026-03-10 20:35:00+00:00,0.0,0.0
2026-03-10 20:40:00+00:00,0.0,0.0
2026-03-10 20:45:00+00:00,0.0,0.0
2026-03-10 20:50:00+00:00,0.0,0.0
2026-03-10 20:55:00+00:00,0.0,0.0
2026-03-10 21:00:00+00:00,0.0,0.0
2026-03-10 21:05:00+00:00,0.0,0.0
2026-03-10 21:10:00+00:00,0.0,0.0
2026-03-10 21:15:00+00:00,0.0,0.0
2026-03-10 21:20:00+00:00,0.0,0.0
2026-03-10 21:25:00+00:00,0.0,0.0
2026-03-10 21:30:00+00:00,0.0,0.0
2026-03-10 21:35:00+00:00,0.0,0.0
2026-03-10 21:40:00+00:00,0.0,0.0
2026-03-10 21:45:00+00:00,0.0,0.0
2026-03-10 21:50:00+00:00,0.0,0.0
2026-03-10 21:55:00+00:00,0.0,0.0
2026-03-10 22:00:00+00:00,0.0,0.0
2026-03-10 22:05:00+00:00,0.0,0.0
2026-03-10 22:10:00+00:00,0.0,0.0
2026-03-10 22:15:00+00:00,0.0,0.0
2026-03-10 22:20:00+00:00,0.0,0.0
2026-03-10 22:25:00+00:00,0.0,0.0
2026-03-10 22:30:00+00:00,0.0,0.0
2026-03-10 22:35:00+00:00,0.0,0.0
2026-03-10 22:40:00+00:00,0.0,0.0
2026-03-10 22:45:00+00:00,0.0,0.0
2026-03-10 22:50:00+00:00,0.0,0.0
2026-03-10 22:55:00+00:00,0.0,0.0
2026-03-10 23:00:00+00:00,0.0,0.0
2026-03-10 23:05:00+00:00,0.0,0.0
2026-03-10 23:10:00+00:00,0.0,0.0
2026-03-10 23:15:00+00:00,0.0,0.0
2026-03-10 23:20:00+00:00,0.0,0.0
2026-03-10 23:25:00+00:00,0.0,0.0
2026-03-10 23:30:00+00:00,0.0,0.0
2026-03-10 23:35:00+00:00,0.0,0.0
2026-03-10 23:40:00+00:00,0.0,0.0
2026-03-10 23:45:00+00:00,0.0,0.0
2026-03-10 23:50:00+00:00,0.0,0.0
2026-03-10 23:55:00+00:00,0.0,0.0
2026-03-11 00:00:00+00:00,0.0,0.0
2026-03-11 00:05:00+00:00,0.0,0.0
2026-03-11 00:10:00+00:00,0.0,0.0
2026-03-11 00:15:00+00:00,0.0,0.0
2026-03-11 00:20:00+00:00,0.0,0.0
2026-03-11 00:25:00+00:00,0.0,0.0
2026-03-11 00:30:00+00:00,0.0,0.0
2026-03-11 00:35:00+00:00,0.0,0.0
2026-03-11 00:40:00+00:00,0.0,0.0
2026-03-11 00:45:00+00:00,0.0,0.0
2026-03-11 00:50:00+00:00,0.0,0.0
2026-03-11 00:55:00+00:00,0.0,0.0
2026-03-11 01:00:00+00:00,0.0,0.0
2026-03-11 01:05:00+00:00,0.0,0.0
2026-03-11 01:10:00+00:00,0.0,0.0
2026-03-11 01:15:00+00:00,0.0,0.0
2026-03-11 01:20:00+00:00,0.0,0.0
2026-03-11 01:25:00+00:00,0.0,0.0
2026-03-11 01:30:00+00:00,0.0,0.0
2026-03-11 01:35:00+00:00,0.0,0.0
2026-03-11 01:40:00+00:00,0.0,0.0
2026-03-11 01:45:00+00:00,0.0,0.0
2026-03-11 01:50:00+00:00,0.0,0.0
2026-03-11 01:55:00+00:00,0.0,0.0
2026-03-11 02:00:00+00:00,0.0,0.0
2026-03-11 02:05:00+00:00,0.0,0.0
2026-03-11 02:10:00+00:00,0.0,0.0
2026-03-11 02:15:00+00:00,0.0,0.0
2026-03-11 02:20:00+00:00,0.0,0.0
2026-03-11 02:25:00+00:00,0.0,0.0
2026-03-11 02:30:00+00:00,0.0,0.0
2026-03-11 02:35:00+00:00,0.0,0.0
2026-03-11 02:40:00+00:00,0.0,0.0
2026-03-11 02:45:00+00:00,0.0,0.0
2026-03-11 02:50:00+00:00,0.0,0.0
2026-03-11 02:55:00+00:00,0.0,0.0
2026-03-11 03:00:00+00:00,0.0,0.0
2026-03-11 03:05:00+00:00,0.0,0.0
2026-03-11 03:10:00+00:00,0.0,0.0
2026-03-11 03:15:00+00:00,0.0,0.0
2026-03-11 03:20:00+00:00,0.0,0.0
2026-03-11 03:25:00+00:00,0.0,0.0
2026-03-11 03:30:00+00:00,0.0,0.0
2026-03-11 03:35:00+00:00,0.0,0.0
2026-03-11 03:40:00+00:00,0.0,0.0
2026-03-11 03:45:00+00:00,0.0,0.0
2026-03-11 03:50:00+00:00,0.0,0.0
2026-03-11 03:55:00+00:00,0.0,0.0
2026-03-11 04:00:00+00:00,0.0,0.0
2026-03-11 04:05:00+00:00,0.0,0.0
2026-03-11 04:10:00+00:00,0.0,0.0
2026-03-11 04:15:00+00:00,0.0,0.0
2026-03-11 04:20:00+00:00,0.0,0.0
2026-03-11 04:25:00+00:00,0.0,0.0
2026-03-11 04:30:00+00:00,0.0,0.0
2026-03-11 04:35:00+00:00,0.0,0.0
2026-03-11 04:40:00+00:00,0.0,0.0
2026-03-11 04:45:00+00:00,0.0,0.0
2026-03-11 04:50:00+00:00,0.0,0.0
2026-03-11 04:55:00+00:00,0.0,0.0
2026-03-11 05:00:00+00:00,0.0,0.0
2026-03-11 05:05:00+00:00,0.0,0.0
2026-03-11 05:10:00+00:00,0.0,0.0
2026-03-11 05:15:00+00:00,0.0,0.0
2026-03-11 05:20:00+00:00,0.0,0.0
2026-03-11 05:25:00+00:00,0.0,0.0
2026-03-11 05:30:00+00:00,0.0,0.0
2026-03-11 05:35:00+00:00,0.0,0.0
2026-03-11 05:40:00+00:00,0.0,0.0
2026-03-11 05:45:00+00:00,0.0,0.0
2026-03-11 05:50:00+00:00,0.0,0.0
2026-03-11 05:55:00+00:00,0.0,0.0
2026-03-11 06:00:00+00:00,0.0,0.0
2026-03-11 06:05:00+00:00,0.0,0.0
2026-03-11 06:10:00+00:00,0.0,0.0
2026-03-11 06:15:00+00:00,0.0,0.0
2026-03-11 06:20:00+00:00,0.0,0.0
2026-03-11 06:25:00+00:00,0.0,0.0
2026-03-11 06:30:00+00:00,0.0,0.0
2026-03-11 06:35:00+00:00,0.0,0.0
2026-03-11 06:40:00+00:00,0.0,0.0
2026-03-11 06:45:00+00:00,0.0,0.0
2026-03-11 06:50:00+00:00,0.0,0.0
2026-03-11 06:55:00+00:00,0.0,0.0
2026-03-11 07:00:00+00:00,0.0,0.0
2026-03-11 07:05:00+00:00,0.0,0.0
2026-03-11 07:10:00+00:00,0.0,0.0
2026-03-11 07:15:00+00:00,0.0,0.0
2026-03-11 07:20:00+00:00,0.0,0.0
2026-03-11 07:25:00+00:00,0.0,0.0
2026-03-11 07:30:00+00:00,0.0,0.0
2026-03-11 07:35:00+00:00,0.0,0.0
2026-03-11 07:40:00+00:00,0.0,0.0
2026-03-11 07:45:00+00:00,0.0,0.0
2026-03-11 07:50:00+00:00,0.0,0.0
2026-03-11 07:55:00+00:00,0.0,0.0
2026-03-11 08:00:00+00:00,0.0,0.0
2026-03-11 08:05:00+00:00,0.0,0.0
2026-03-11 08:10:00+00:00,0.0,0.0
2026-03-11 08:15:00+00:00,0.0,0.0
2026-03-11 08:20:00+00:00,0.0,0.0
2026-03-11 08:25:00+00:00,0.0,0.0
2026-03-11 08:30:00+00:00,0.0,0.0
2026-03-11 08:35:00+00:00,0.0,0.0
2026-03-11 08:40:00+00:00,0.0,0.0
2026-03-11 08:45:00+00:00,0.0,0.0
2026-03-11 08:50:00+00:00,0.0,0.0
2026-03-11 08:55:00+00:00,0.0,0.0
2026-03-11 09:00:00+00:00,0.0,0.0
2026-03-11 09:05:00+00:00,0.0,0.0
2026-03-11 09:10:00+00:00,0.0,0.0
2026-03-11 09:15:00+00:00,0.0,0.0
2026-03-11 09:20:00+00:00,0.0,0.0
2026-03-11 09:25:00+00:00,0.0,0.0
2026-03-11 09:30:00+00:00,0.0,0.0
2026-03-11 09:35:00+00:00,0.0,0.0
2026-03-11 09:40:00+00:00,0.0,0.0
2026-03-11 09:45:00+00:00,0.0,0.0
2026-03-11 09:50:00+00:00,0.0,0.0
2026-03-11 09:55:00+00:00,0.0,0.0
2026-03-11 10:00:00+00:00,0.0,0.0
2026-03-11 10:05:00+00:00,0.0,0.0
2026-03-11 10:10:00+00:00,0.0,0.0
2026-03-11 10:15:00+00:00,0.0,0.0
2026-03-11 10:20:00+00:00,0.0,0.0
2026-03-11 10:25:00+00:00,0.0,0.0
2026-03-11 10:30:00+00:00,0.0,0.0
2026-03-11 10:35:00+00:00,0.0,0.0
2026-03-11 10:40:00+00:00,0.0,0.0
2026-03-11 10:45:00+00:00,0.0,0.0
2026-03-11 10:50:00+00:00,0.0,0.0
2026-03-11 10:55:00+00:00,0.0,0.0
2026-03-11 11:00:00+00:00,0.0,0.0
2026-03-11 11:05:00+00:00,0.0,0.0
2026-03-11 11:10:00+00:00,0.0,0.0
2026-03-11 11:15:00+00:00,0.0,0.0
2026-03-11 11:20:00+00:00,0.0,0.0
2026-03-11 11:25:00+00:00,0.0,0.0
2026-03-11 11:30:00+00:00,0.0,0.0
2026-03-11 11:35:00+00:00,0.0,0.0
2026-03-11 11:40:00+00:00,0.0,0.0
2026-03-11 11:45:00+00:00,0.0,0.0
2026-03-11 11:50:00+00:00,0.0,0.0
2026-03-11 11:55:00+00:00,0.0,0.0
2026-03-11 12:00:00+00:00,0.0,0.0
2026-03-11 12:05:00+00:00,0.0,0.0
2026-03-11 12:10:00+00:00,0.0,0.0
2026-03-11 12:15:00+00:00,0.0,0.0
2026-03-11 12:20:00+00:00,0.0,0.0
2026-03-11 12:25:00+00:00,0.0,0.0
2026-03-11 12:30:00+00:00,0.0,0.0
2026-03-11 12:35:00+00:00,0.0,0.0
2026-03-11 12:40:00+00:00,0.0,0.0
2026-03-11 12:45:00+00:00,0.0,0.0
2026-03-11 12:50:00+00:00,0.0,0.0
2026-03-11 12:55:00+00:00,0.0,0.0
2026-03-11 13:00:00+00:00,0.0,0.0
2026-03-11 13:05:00+00:00,0.0,0.0
2026-03-11 13:10:00+00:00,0.0,0.0
2026-03-11 13:15:00+00:00,0.0,0.0
2026-03-11 13:20:00+00:00,0.0,0.0
2026-03-11 13:25:00+00:00,0.0,0.0
2026-03-11 13:30:00+00:00,0.0,0.0
2026-03-11 13:35:00+00:00,0.0,0.0
2026-03-11 13:40:00+00:00,0.0,0.0
2026-03-11 13:45:00+00:00,0.0,0.0
2026-03-11 13:50:00+00:00,0.0,0.0
2026-03-11 13:55:00+00:00,0.0,0.0
2026-03-11 14:00:00+00:00,0.0,0.0
2026-03-11 14:05:00+00:00,0.0,0.0
2026-03-11 14:10:00+00:00,0.0,0.0
2026-03-11 14:15:00+00:00,0.0,0.0
2026-03-11 14:20:00+00:00,0.0,0.0
2026-03-11 14:25:00+00:00,0.0,0.0
2026-03-11 14:30:00+00:00,0.0,0.0
2026-03-11 14:35:00+00:00,0.0,0.0
2026-03-11 14:40:00+00:00,0.0,0.0
2026-03-11 14:45:00+00:00,0.0,0.0
2026-03-11 14:50:00+00:00,0.0,0.0
2026-03-11 14:55:00+00:00,0.0,0.0
2026-03-11 15:00:00+00:00,0.0,0.0
2026-03-11 15:05:00+00:00,0.0,0.0
2026-03-11 15:10:00+00:00,0.0,0.0
2026-03-11 15:15:00+00:00,0.0,0.0
2026-03-11 15:20:00+00:00,0.0,0.0
2026-03-11 15:25:00+00:00,0.0,0.0
2026-03-11 15:30:00+00:00,0.0,0.0
2026-03-11 15:35:00+00:00,0.0,0.0
2026-03-11 15:40:00+00:00,0.0,0.0
2026-03-11 15:45:00+00:00,0.0,0.0
2026-03-11 15:50:00+00:00,0.0,0.0
2026-03-11 15:55:00+00:00,0.0,0.0
2026-03-11 16:00:00+00:00,0.0,0.0
2026-03-11 16:05:00+00:00,0.0,0.0
2026-03-11 16:10:00+00:00,0.0,0.0
2026-03-11 16:15:00+00:00,0.0,0.0
2026-03-11 16:20:00+00:00,0.0,0.0
2026-03-11 16:25:00+00:00,0.0,0.0
2026-03-11 16:30:00+00:00,0.0,0.0
2026-03-11 16:35:00+00:00,0.0,0.0
2026-03-11 16:40:00+00:00,0.0,0.0
2026-03-11 16:45:00+00:00,0.0,0.0
2026-03-11 16:50:00+00:00,0.0,0.0
2026-03-11 16:55:00+00:00,0.0,0.0
2026-03-11 17:00:00+00:00,0.0,0.0
2026-03-11 17:05:00+00:00,0.0,0.0
2026-03-11 17:10:00+00:00,0.0,0.0
2026-03-11 17:15:00+00:00,0.0,0.0
2026-03-11 17:20:00+00:00,0.0,0.0
2026-03-11 17:25:00+00:00,0.0,0.0
2026-03-11 17:30:00+00:00,0.0,0.0
2026-03-11 17:35:00+00:00,0.0,0.0
2026-03-11 17:40:00+00:00,0.0,0.0
2026-03-11 17:45:00+00:00,0.0,0.0
2026-03-11 17:50:00+00:00,0.0,0.0
2026-03-11 17:55:00+00:00,0.0,0.0
2026-03-11 18:00:00+00:00,0.0,0.0
2026-03-11 18:05:00+00:00,0.0,0.0
2026-03-11 18:10:00+00:00,0.0,0.0
2026-03-11 18:15:00+00:00,0.0,0.0
2026-03-11 18:20:00+00:00,0.0,0.0
2026-03-11 18:25:00+00:00,0.0,0.0
2026-03-11 18:30:00+00:00,0.0,0.0
2026-03-11 18:35:00+00:00,0.0,0.0
2026-03-11 18:40:00+00:00,0.0,0.0
2026-03-11 18:45:00+00:00,0.0,0.0
2026-03-11 18:50:00+00:00,0.0,0.0
2026-03-11 18:55:00+00:00,0.0,0.0
2026-03-11 19:00:00+00:00,0.0,0.0
2026-03-11 19:05:00+00:00,0.0,0.0
2026-03-11 19:10:00+00:00,0.0,0.0
2026-03-11 19:15:00+00:00,0.0,0.0
2026-03-11 19:20:00+00:00,0.0,0.0
2026-03-11 19:25:00+00:00,0.0,0.0
2026-03-11 19:30:00+00:00,0.0,0.0
2026-03-11 19:35:00+00:00,0.0,0.0
2026-03-11 19:40:00+00:00,0.0,0.0
2026-03-11 19:45:00+00:00,0.0,0.0
2026-03-11 19:50:00+00:00,0.0,0.0
2026-03-11 19:55:00+00:00,0.0,0.0
2026-03-11 20:00:00+00:00,0.0,0.0
2026-03-11 20:05:00+00:00,0.0,0.0
2026-03-11 20:10:00+00:00,0.0,0.0
2026-03-11 20:15:00+00:00,0.0,0.0
2026-03-11 20:20:00+00:00,0.0,0.0
2026-03-11 20:25:00+00:00,0.0,0.0
2026-03-11 20:30:00+00:00,0.0,0.0
2026-03-11 20:35:00+00:00,0.0,0.0
2026-03-11 20:40:00+00:00,0.0,0.0
2026-03-11 20:45:00+00:00,0.0,0.0
2026-03-11 20:50:00+00:00,0.0,0.0
2026-03-11 20:55:00+00:00,0.0,0.0
2026-03-11 21:00:00+00:00,0.0,0.0
2026-03-11 21:05:00+00:00,0.0,0.0
2026-03-11 21:10:00+00:00,0.0,0.0
2026-03-11 21:15:00+00:00,0.0,0.0
2026-03-11 21:20:00+00:00,0.0,0.0
2026-03-11 21:25:00+00:00,0.0,0.0
2026-03-11 21:30:00+00:00,0.0,0.0
2026-03-11 21:35:00+00:00,0.0,0.0
2026-03-11 21:40:00+00:00,0.0,0.0
2026-03-11 21:45:00+00:00,0.0,0.0
2026-03-11 21:50:00+00:00,0.0,0.0
2026-03-11 21:55:00+00:00,0.0,0.0
2026-03-11 22:00:00+00:00,0.0,0.0
2026-03-11 22:05:00+00:00,0.0,0.0
2026-03-11 22:10:00+00:00,0.0,0.0
2026-03-11 22:15:00+00:00,0.0,0.0
2026-03-11 22:20:00+00:00,0.0,0.0
2026-03-11 22:25:00+00:00,0.0,0.0
2026-03-11 22:30:00+00:00,0.0,0.0
2026-03-11 22:35:00+00:00,0.0,0.0
2026-03-11 22:40:00+00:00,0.0,0.0
2026-03-11 22:45:00+00:00,0.0,0.0
2026-03-11 22:50:00+00:00,0.0,0.0
2026-03-11 22:55:00+00:00,0.0,0.0
2026-03-11 23:00:00+00:00,0.0,0.0
2026-03-11 23:05:00+00:00,0.0,0.0
2026-03-11 23:10:00+00:00,0.0,0.0
2026-03-11 23:15:00+00:00,0.0,0.0
2026-03-11 23:20:00+00:00,0.0,0.0
2026-03-11 23:25:00+00:00,0.0,0.0
2026-03-11 23:30:00+00:00,0.0,0.0
2026-03-11 23:35:00+00:00,0.0,0.0
2026-03-11 23:40:00+00:00,0.0,0.0
2026-03-11 23:45:00+00:00,0.0,0.0
2026-03-11 23:50:00+00:00,0.0,0.0
2026-03-11 23:55:00+00:00,0.0,0.0
2026-03-12 00:00:00+00:00,0.0,0.0
2026-03-12 00:05:00+00:00,0.0,0.0
2026-03-12 00:10:00+00:00,0.0,0.0
2026-03-12 00:15:00+00:00,0.0,0.0
2026-03-12 00:20:00+00:00,0.0,0.0
2026-03-12 00:25:00+00:00,0.0,0.0
2026-03-12 00:30:00+00:00,0.0,0.0
2026-03-12 00:35:00+00:00,0.0,0.0
2026-03-12 00:40:00+00:00,0.0,0.0
2026-03-12 00:45:00+00:00,0.0,0.0
2026-03-12 00:50:00+00:00,0.0,0.0
2026-03-12 00:55:00+00:00,0.0,0.0
2026-03-12 01:00:00+00:00,0.0,0.0
2026-03-12 01:05:00+00:00,0.0,0.0
2026-03-12 01:10:00+00:00,0.0,0.0
2026-03-12 01:15:00+00:00,0.0,0.0
2026-03-12 01:20:00+00:00,0.0,0.0
2026-03-12 01:25:00+00:00,0.0,0.0
2026-03-12 01:30:00+00:00,0.0,0.0
2026-03-12 01:35:00+00:00,0.0,0.0
2026-03-12 01:40:00+00:00,0.0,0.0
2026-03-12 01:45:00+00:00,0.0,0.0
2026-03-12 01:50:00+00:00,0.0,0.0
2026-03-12 01:55:00+00:00,0.0,0.0
2026-03-12 02:00:00+00:00,0.0,0.0
2026-03-12 02:05:00+00:00,0.0,0.0
2026-03-12 02:10:00+00:00,0.0,0.0
2026-03-12 02:15:00+00:00,0.0,0.0
2026-03-12 02:20:00+00:00,0.0,0.0
2026-03-12 02:25:00+00:00,0.0,0.0
2026-03-12 02:30:00+00:00,0.0,0.0
2026-03-12 02:35:00+00:00,0.0,0.0
2026-03-12 02:40:00+00:00,0.0,0.0
2026-03-12 02:45:00+00:00,0.0,0.0
2026-03-12 02:50:00+00:00,0.0,0.0
2026-03-12 02:55:00+00:00,0.0,0.0
2026-03-12 03:00:00+00:00,0.0,0.0
2026-03-12 03:05:00+00:00,0.0,0.0
2026-03-12 03:10:00+00:00,0.0,0.0
2026-03-12 03:15:00+00:00,0.0,0.0
2026-03-12 03:20:00+00:00,0.0,0.0
2026-03-12 03:25:00+00:00,0.0,0.0
2026-03-12 03:30:00+00:00,0.0,0.0
2026-03-12 03:35:00+00:00,0.0,0.0
2026-03-12 03:40:00+00:00,0.0,0.0
2026-03-12 03:45:00+00:00,0.0,0.0
2026-03-12 03:50:00+00:00,0.0,0.0
2026-03-12 03:55:00+00:00,0.0,0.0
2026-03-12 04:00:00+00:00,0.0,0.0
2026-03-12 04:05:00+00:00,0.0,0.0
2026-03-12 04:10:00+00:00,0.0,0.0
2026-03-12 04:15:00+00:00,0.0,0.0
2026-03-12 04:20:00+00:00,0.0,0.0
2026-03-12 04:25:00+00:00,0.0,0.0
2026-03-12 04:30:00+00:00,0.0,0.0
2026-03-12 04:35:00+00:00,0.0,0.0
2026-03-12 04:40:00+00:00,0.0,0.0
2026-03-12 04:45:00+00:00,0.0,0.0
2026-03-12 04:50:00+00:00,0.0,0.0
2026-03-12 04:55:00+00:00,0.0,0.0
2026-03-12 05:00:00+00:00,0.0,0.0
2026-03-12 05:05:00+00:00,0.0,0.0
2026-03-12 05:10:00+00:00,0.0,0.0
2026-03-12 05:15:00+00:00,0.0,0.0
2026-03-12 05:20:00+00:00,0.0,0.0
2026-03-12 05:25:00+00:00,0.0,0.0
2026-03-12 05:30:00+00:00,0.0,0.0
2026-03-12 05:35:00+00:00,0.0,0.0
2026-03-12 05:40:00+00:00,0.0,0.0
2026-03-12 05:45:00+00:00,0.0,0.0
2026-03-12 05:50:00+00:00,0.0,0.0
2026-03-12 05:55:00+00:00,0.0,0.0
2026-03-12 06:00:00+00:00,0.0,0.0
2026-03-12 06:05:00+00:00,0.0,0.0
2026-03-12 06:10:00+00:00,0.0,0.0
2026-03-12 06:15:00+00:00,0.0,0.0
2026-03-12 06:20:00+00:00,0.0,0.0
2026-03-12 06:25:00+00:00,0.0,0.0
2026-03-12 06:30:00+00:00,0.0,0.0
2026-03-12 06:35:00+00:00,0.0,0.0
2026-03-12 06:40:00+00:00,0.0,0.0
2026-03-12 06:45:00+00:00,0.0,0.0
2026-03-12 06:50:00+00:00,0.0,0.0
2026-03-12 06:55:00+00:00,0.0,0.0
2026-03-12 07:00:00+00:00,0.0,0.0
2026-03-12 07:05:00+00:00,0.0,0.0
2026-03-12 07:10:00+00:00,0.0,0.0
2026-03-12 07:15:00+00:00,0.0,0.0
2026-03-12 07:20:00+00:00,0.0,0.0
2026-03-12 07:25:00+00:00,0.0,0.0
2026-03-12 07:30:00+00:00,0.0,0.0
2026-03-12 07:35:00+00:00,0.0,0.0
2026-03-12 07:40:00+00:00,0.0,0.0
2026-03-12 07:45:00+00:00,0.0,0.0
2026-03-12 07:50:00+00:00,0.0,0.0
2026-03-12 07:55:00+00:00,0.0,0.0
2026-03-12 08:00:00+00:00,0.0,0.0
2026-03-12 08:05:00+00:00,0.0,0.0
2026-03-12 08:10:00+00:00,0.0,0.0
2026-03-12 08:15:00+00:00,0.0,0.0
2026-03-12 08:20:00+00:00,0.0,0.0
2026-03-12 08:25:00+00:00,0.0,0.0
2026-03-12 08:30:00+00:00,0.0,0.0
2026-03-12 08:35:00+00:00,0.0,0.0
2026-03-12 08:40:00+00:00,0.0,0.0
2026-03-12 08:45:00+00:00,0.0,0.0
2026-03-12 08:50:00+00:00,0.0,0.0
2026-03-12 08:55:00+00:00,0.0,0.0
2026-03-12 09:00:00+00:00,0.0,0.0
2026-03-12 09:05:00+00:00,0.0,0.0
2026-03-12 09:10:00+00:00,0.0,0.0
2026-03-12 09:15:00+00:00,0.0,0.0
2026-03-12 09:20:00+00:00,0.0,0.0
2026-03-12 09:25:00+00:00,0.0,0.0
2026-03-12 09:30:00+00:00,0.0,0.0
2026-03-12 09:35:00+00:00,0.0,0.0
2026-03-12 09:40:00+00:00,0.0,0.0
2026-03-12 09:45:00+00:00,0.0,0.0
2026-03-12 09:50:00+00:00,0.0,0.0
2026-03-12 09:55:00+00:00,0.0,0.0
2026-03-12 10:00:00+00:00,0.0,0.0
2026-03-12 10:05:00+00:00,0.0,0.0
2026-03-12 10:10:00+00:00,0.0,0.0
2026-03-12 10:15:00+00:00,0.0,0.0
2026-03-12 10:20:00+00:00,0.0,0.0
2026-03-12 10:25:00+00:00,0.0,0.0
2026-03-12 10:30:00+00:00,0.0,0.0
2026-03-12 10:35:00+00:00,0.0,0.0
2026-03-12 10:40:00+00:00,0.0,0.0
2026-03-12 10:45:00+00:00,0.0,0.0
2026-03-12 10:50:00+00:00,0.0,0.0
2026-03-12 10:55:00+00:00,0.0,0.0
2026-03-12 11:00:00+00:00,0.0,0.0
2026-03-12 11:05:00+00:00,0.0,0.0
2026-03-12 11:10:00+00:00,0.0,0.0
2026-03-12 11:15:00+00:00,0.0,0.0
2026-03-12 11:20:00+00:00,0.0,0.0
2026-03-12 11:25:00+00:00,0.0,0.0
2026-03-12 11:30:00+00:00,0.0,0.0
2026-03-12 11:35:00+00:00,0.0,0.0
2026-03-12 11:40:00+00:00,0.0,0.0
2026-03-12 11:45:00+00:00,0.0,0.0
2026-03-12 11:50:00+00:00,0.0,0.0
2026-03-12 11:55:00+00:00,0.0,0.0
2026-03-12 12:00:00+00:00,0.0,0.0
2026-03-12 12:05:00+00:00,0.0,0.0
2026-03-12 12:10:00+00:00,0.0,0.0
2026-03-12 12:15:00+00:00,0.0,0.0
2026-03-12 12:20:00+00:00,0.0,0.0
2026-03-12 12:25:00+00:00,0.0,0.0
2026-03-12 12:30:00+00:00,0.0,0.0
2026-03-12 12:35:00+00:00,0.0,0.0
2026-03-12 12:40:00+00:00,0.0,0.0
2026-03-12 12:45:00+00:00,0.0,0.0
2026-03-12 12:50:00+00:00,0.0,0.0
2026-03-12 12:55:00+00:00,0.0,0.0
2026-03-12 13:00:00+00:00,0.0,0.0
2026-03-12 13:05:00+00:00,0.0,0.0
2026-03-12 13:10:00+00:00,0.0,0.0
2026-03-12 13:15:00+00:00,0.0,0.0
2026-03-12 13:20:00+00:00,0.0,0.0
2026-03-12 13:25:00+00:00,0.0,0.0
2026-03-12 13:30:00+00:00,0.0,0.0
2026-03-12 13:35:00+00:00,0.0,0.0
2026-03-12 13:40:00+00:00,0.0,0.0
2026-03-12 13:45:00+00:00,0.0,0.0
2026-03-12 13:50:00+00:00,0.0,0.0
2026-03-12 13:55:00+00:00,0.0,0.0
2026-03-12 14:00:00+00:00,0.0,0.0
2026-03-12 14:05:00+00:00,0.0,0.0
2026-03-12 14:10:00+00:00,0.0,0.0
2026-03-12 14:15:00+00:00,0.0,0.0
2026-03-12 14:20:00+00:00,0.0,0.0
2026-03-12 14:25:00+00:00,0.0,0.0
2026-03-12 14:30:00+00:00,0.0,0.0
2026-03-12 14:35:00+00:00,0.0,0.0
2026-03-12 14:40:00+00:00,0.0,0.0
2026-03-12 14:45:00+00:00,0.0,0.0
2026-03-12 14:50:00+00:00,0.0,0.0
2026-03-12 14:55:00+00:00,0.0,0.0
2026-03-12 15:00:00+00:00,0.0,0.0
2026-03-12 15:05:00+00:00,0.0,0.0
2026-03-12 15:10:00+00:00,0.0,0.0
2026-03-12 15:15:00+00:00,0.0,0.0
2026-03-12 15:20:00+00:00,0.0,0.0
2026-03-12 15:25:00+00:00,0.0,0.0
2026-03-12 15:30:00+00:00,0.0,0.0
2026-03-12 15:35:00+00:00,0.0,0.0
2026-03-12 15:40:00+00:00,0.0,0.0
2026-03-12 15:45:00+00:00,0.0,0.0
2026-03-12 15:50:00+00:00,0.0,0.0
2026-03-12 15:55:00+00:00,0.0,0.0
2026-03-12 16:00:00+00:00,0.0,0.0
2026-03-12 16:05:00+00:00,0.0,0.0
2026-03-12 16:10:00+00:00,0.0,0.0
2026-03-12 16:15:00+00:00,0.0,0.0
2026-03-12 16:20:00+00:00,0.0,0.0
2026-03-12 16:25:00+00:00,0.0,0.0
2026-03-12 16:30:00+00:00,0.0,0.0
2026-03-12 16:35:00+00:00,0.0,0.0
2026-03-12 16:40:00+00:00,0.0,0.0
2026-03-12 16:45:00+00:00,0.0,0.0
2026-03-12 16:50:00+00:00,0.0,0.0
2026-03-12 16:55:00+00:00,0.0,0.0
2026-03-12 17:00:00+00:00,0.0,0.0
2026-03-12 17:05:00+00:00,0.0,0.0
2026-03-12 17:10:00+00:00,0.0,0.0
2026-03-12 17:15:00+00:00,0.0,0.0
2026-03-12 17:20:00+00:00,0.0,0.0
2026-03-12 17:25:00+00:00,0.0,0.0
2026-03-12 17:30:00+00:00,0.0,0.0
2026-03-12 17:35:00+00:00,0.0,0.0
2026-03-12 17:40:00+00:00,0.0,0.0
2026-03-12 17:45:00+00:00,0.0,0.0
2026-03-12 17:50:00+00:00,0.0,0.0
2026-03-12 17:55:00+00:00,0.0,0.0
2026-03-12 18:00:00+00:00,0.0,0.0
2026-03-12 18:05:00+00:00,0.0,0.0
2026-03-12 18:10:00+00:00,0.0,0.0
2026-03-12 18:15:00+00:00,0.0,0.0
2026-03-12 18:20:00+00:00,0.0,0.0
2026-03-12 18:25:00+00:00,0.0,0.0
2026-03-12 18:30:00+00:00,0.0,0.0
2026-03-12 18:35:00+00:00,0.0,0.0
2026-03-12 18:40:00+00:00,0.0,0.0
2026-03-12 18:45:00+00:00,0.0,0.0
2026-03-12 18:50:00+00:00,0.0,0.0
2026-03-12 18:55:00+00:00,0.0,0.0
2026-03-12 19:00:00+00:00,0.0,0.0
2026-03-12 19:05:00+00:00,0.0,0.0
2026-03-12 19:10:00+00:00,0.0,0.0
2026-03-12 19:15:00+00:00,0.0,0.0
2026-03-12 19:20:00+00:00,0.0,0.0
2026-03-12 19:25:00+00:00,0.0,0.0
2026-03-12 19:30:00+00:00,0.0,0.0
2026-03-12 19:35:00+00:00,0.0,0.0
2026-03-12 19:40:00+00:00,0.0,0.0
2026-03-12 19:45:00+00:00,0.0,0.0
2026-03-12 19:50:00+00:00,0.0,0.0
2026-03-12 19:55:00+00:00,0.0,0.0
2026-03-12 20:00:00+00:00,0.0,0.0
2026-03-12 20:05:00+00:00,0.0,0.0
2026-03-12 20:10:00+00:00,0.0,0.0
2026-03-12 20:15:00+00:00,0.0,0.0
2026-03-12 20:20:00+00:00,0.0,0.0
2026-03-12 20:25:00+00:00,0.0,0.0
2026-03-12 20:30:00+00:00,0.0,0.0
2026-03-12 20:35:00+00:00,0.0,0.0
2026-03-12 20:40:00+00:00,0.0,0.0
2026-03-12 20:45:00+00:00,0.0,0.0
2026-03-12 20:50:00+00:00,0.0,0.0
2026-03-12 20:55:00+00:00,0.0,0.0
2026-03-12 21:00:00+00:00,0.0,0.0
2026-03-12 21:05:00+00:00,0.0,0.0
2026-03-12 21:10:00+00:00,0.0,0.0
2026-03-12 21:15:00+00:00,0.0,0.0
2026-03-12 21:20:00+00:00,0.0,0.0
2026-03-12 21:25:00+00:00,0.0,0.0
2026-03-12 21:30:00+00:00,0.0,0.0
2026-03-12 21:35:00+00:00,0.0,0.0
2026-03-12 21:40:00+00:00,0.0,0.0
2026-03-12 21:45:00+00:00,0.0,0.0
2026-03-12 21:50:00+00:00,0.0,0.0
2026-03-12 21:55:00+00:00,0.0,0.0
2026-03-12 22:00:00+00:00,0.0,0.0
2026-03-12 22:05:00+00:00,0.0,0.0
2026-03-12 22:10:00+00:00,0.0,0.0
2026-03-12 22:15:00+00:00,0.0,0.0
2026-03-12 22:20:00+00:00,0.0,0.0
2026-03-12 22:25:00+00:00,0.0,0.0
2026-03-12 22:30:00+00:00,0.0,0.0
2026-03-12 22:35:00+00:00,0.0,0.0
2026-03-12 22:40:00+00:00,0.0,0.0
2026-03-12 22:45:00+00:00,0.0,0.0
2026-03-12 22:50:00+00:00,0.0,0.0
2026-03-12 22:55:00+00:00,0.0,0.0
2026-03-12 23:00:00+00:00,0.0,0.0
2026-03-12 23:05:00+00:00,0.0,0.0
2026-03-12 23:10:00+00:00,0.0,0.0
2026-03-12 23:15:00+00:00,0.0,0.0
2026-03-12 23:20:00+00:00,0.0,0.0
2026-03-12 23:25:00+00:00,0.0,0.0
2026-03-12 23:30:00+00:00,0.0,0.0
2026-03-12 23:35:00+00:00,0.0,0.0
2026-03-12 23:40:00+00:00,0.0,0.0
2026-03-12 23:45:00+00:00,0.0,0.0
2026-03-12 23:50:00+00:00,0.0,0.0
2026-03-12 23:55:00+00:00,0.0,0.0
2026-03-13 00:00:00+00:00,0.0,0.0
2026-03-13 00:05:00+00:00,0.0,0.0
2026-03-13 00:10:00+00:00,0.0,0.0
2026-03-13 00:15:00+00:00,0.0,0.0
2026-03-13 00:20:00+00:00,0.0,0.0
2026-03-13 00:25:00+00:00,0.0,0.0
2026-03-13 00:30:00+00:00,0.0,0.0
2026-03-13 00:35:00+00:00,0.0,0.0
2026-03-13 00:40:00+00:00,0.0,0.0
2026-03-13 00:45:00+00:00,0.0,0.0
2026-03-13 00:50:00+00:00,0.0,0.0
2026-03-13 00:55:00+00:00,0.0,0.0
2026-03-13 01:00:00+00:00,0.0,0.0
2026-03-13 01:05:00+00:00,0.0,0.0
2026-03-13 01:10:00+00:00,0.0,0.0
2026-03-13 01:15:00+00:00,0.0,0.0
2026-03-13 01:20:00+00:00,0.0,0.0
2026-03-13 01:25:00+00:00,0.0,0.0
2026-03-13 01:30:00+00:00,0.0,0.0
2026-03-13 01:35:00+00:00,0.0,0.0
2026-03-13 01:40:00+00:00,0.0,0.0
2026-03-13 01:45:00+00:00,0.0,0.0
2026-03-13 01:50:00+00:00,0.0,0.0
2026-03-13 01:55:00+00:00,0.0,0.0
2026-03-13 02:00:00+00:00,0.0,0.0
2026-03-13 02:05:00+00:00,0.0,0.0
2026-03-13 02:10:00+00:00,0.0,0.0
2026-03-13 02:15:00+00:00,0.0,0.0
2026-03-13 02:20:00+00:00,0.0,0.0
2026-03-13 02:25:00+00:00,0.0,0.0
2026-03-13 02:30:00+00:00,0.0,0.0
2026-03-13 02:35:00+00:00,0.0,0.0
2026-03-13 02:40:00+00:00,0.0,0.0
2026-03-13 02:45:00+00:00,0.0,0.0
2026-03-13 02:50:00+00:00,0.0,0.0
2026-03-13 02:55:00+00:00,0.0,0.0
2026-03-13 03:00:00+00:00,0.0,0.0
2026-03-13 03:05:00+00:00,0.0,0.0
2026-03-13 03:10:00+00:00,0.0,0.0
2026-03-13 03:15:00+00:00,0.0,0.0
2026-03-13 03:20:00+00:00,0.0,0.0
2026-03-13 03:25:00+00:00,0.0,0.0
2026-03-13 03:30:00+00:00,0.0,0.0
2026-03-13 03:35:00+00:00,0.0,0.0
2026-03-13 03:40:00+00:00,0.0,0.0
2026-03-13 03:45:00+00:00,0.0,0.0
2026-03-13 03:50:00+00:00,0.0,0.0
2026-03-13 03:55:00+00:00,0.0,0.0
2026-03-13 04:00:00+00:00,0.0,0.0
2026-03-13 04:05:00+00:00,0.0,0.0
2026-03-13 04:10:00+00:00,0.0,0.0
2026-03-13 04:15:00+00:00,0.0,0.0
2026-03-13 04:20:00+00:00,0.0,0.0
2026-03-13 04:25:00+00:00,0.0,0.0
2026-03-13 04:30:00+00:00,0.0,0.0
2026-03-13 04:35:00+00:00,0.0,0.0
2026-03-13 04:40:00+00:00,0.0,0.0
2026-03-13 04:45:00+00:00,0.0,0.0
2026-03-13 04:50:00+00:00,0.0,0.0
2026-03-13 04:55:00+00:00,0.0,0.0
2026-03-13 05:00:00+00:00,0.0,0.0
2026-03-13 05:05:00+00:00,0.0,0.0
2026-03-13 05:10:00+00:00,0.0,0.0
2026-03-13 05:15:00+00:00,0.0,0.0
2026-03-13 05:20:00+00:00,0.0,0.0
2026-03-13 05:25:00+00:00,0.0,0.0
2026-03-13 05:30:00+00:00,0.0,0.0
2026-03-13 05:35:00+00:00,0.0,0.0
2026-03-13 05:40:00+00:00,0.0,0.0
2026-03-13 05:45:00+00:00,0.0,0.0
2026-03-13 05:50:00+00:00,0.0,0.0
2026-03-13 05:55:00+00:00,0.0,0.0
2026-03-13 06:00:00+00:00,0.0,0.0
2026-03-13 06:05:00+00:00,0.0,0.0
2026-03-13 06:10:00+00:00,0.0,0.0
2026-03-13 06:15:00+00:00,0.0,0.0
2026-03-13 06:20:00+00:00,0.0,0.0
2026-03-13 06:25:00+00:00,0.0,0.0
2026-03-13 06:30:00+00:00,0.0,0.0
2026-03-13 06:35:00+00:00,0.0,0.0
2026-03-13 06:40:00+00:00,0.0,0.0
2026-03-13 06:45:00+00:00,0.0,0.0
2026-03-13 06:50:00+00:00,0.0,0.0
2026-03-13 06:55:00+00:00,0.0,0.0
2026-03-13 07:00:00+00:00,0.0,0.0
2026-03-13 07:05:00+00:00,0.0,0.0
2026-03-13 07:10:00+00:00,0.0,0.0
2026-03-13 07:15:00+00:00,0.0,0.0
2026-03-13 07:20:00+00:00,0.0,0.0
2026-03-13 07:25:00+00:00,0.0,0.0
2026-03-13 07:30:00+00:00,0.0,0.0
2026-03-13 07:35:00+00:00,0.0,0.0
2026-03-13 07:40:00+00:00,0.0,0.0
2026-03-13 07:45:00+00:00,0.0,0.0
2026-03-13 07:50:00+00:00,0.0,0.0
2026-03-13 07:55:00+00:00,0.0,0.0
2026-03-13 08:00:00+00:00,0.0,0.0
2026-03-13 08:05:00+00:00,0.0,0.0
2026-03-13 08:10:00+00:00,0.0,0.0
2026-03-13 08:15:00+00:00,0.0,0.0
2026-03-13 08:20:00+00:00,0.0,0.0
2026-03-13 08:25:00+00:00,0.0,0.0
2026-03-13 08:30:00+00:00,0.0,0.0
2026-03-13 08:35:00+00:00,0.0,0.0
2026-03-13 08:40:00+00:00,0.0,0.0
2026-03-13 08:45:00+00:00,0.0,0.0
2026-03-13 08:50:00+00:00,0.0,0.0
2026-03-13 08:55:00+00:00,0.0,0.0
2026-03-13 09:00:00+00:00,0.0,0.0
2026-03-13 09:05:00+00:00,0.0,0.0
2026-03-13 09:10:00+00:00,0.0,0.0
2026-03-13 09:15:00+00:00,0.0,0.0
2026-03-13 09:20:00+00:00,0.0,0.0
2026-03-13 09:25:00+00:00,0.0,0.0
2026-03-13 09:30:00+00:00,0.0,0.0
2026-03-13 09:35:00+00:00,0.0,0.0
2026-03-13 09:40:00+00:00,0.0,0.0
2026-03-13 09:45:00+00:00,0.0,0.0
2026-03-13 09:50:00+00:00,0.0,0.0
2026-03-13 09:55:00+00:00,0.0,0.0
2026-03-13 10:00:00+00:00,0.0,0.0
2026-03-13 10:05:00+00:00,0.0,0.0
2026-03-13 10:10:00+00:00,0.0,0.0
2026-03-13 10:15:00+00:00,0.0,0.0
2026-03-13 10:20:00+00:00,0.0,0.0
2026-03-13 10:25:00+00:00,0.0,0.0
2026-03-13 10:30:00+00:00,0.0,0.0
2026-03-13 10:35:00+00:00,0.0,0.0
2026-03-13 10:40:00+00:00,0.0,0.0
2026-03-13 10:45:00+00:00,0.0,0.0
2026-03-13 10:50:00+00:00,0.0,0.0
2026-03-13 10:55:00+00:00,0.0,0.0
2026-03-13 11:00:00+00:00,0.0,0.0
2026-03-13 11:05:00+00:00,0.0,0.0
2026-03-13 11:10:00+00:00,0.0,0.0
2026-03-13 11:15:00+00:00,0.0,0.0
2026-03-13 11:20:00+00:00,0.0,0.0
2026-03-13 11:25:00+00:00,0.0,0.0
2026-03-13 11:30:00+00:00,0.0,0.0
2026-03-13 11:35:00+00:00,0.0,0.0
2026-03-13 11:40:00+00:00,0.0,0.0
2026-03-13 11:45:00+00:00,0.0,0.0
2026-03-13 11:50:00+00:00,0.0,0.0
2026-03-13 11:55:00+00:00,0.0,0.0
2026-03-13 12:00:00+00:00,0.0,0.0
2026-03-13 12:05:00+00:00,0.0,0.0
2026-03-13 12:10:00+00:00,0.0,0.0
2026-03-13 12:15:00+00:00,0.0,0.0
2026-03-13 12:20:00+00:00,0.0,0.0
2026-03-13 12:25:00+00:00,0.0,0.0
2026-03-13 12:30:00+00:00,0.0,0.0
2026-03-13 12:35:00+00:00,0.0,0.0
2026-03-13 12:40:00+00:00,0.0,0.0
2026-03-13 12:45:00+00:00,0.0,0.0
2026-03-13 12:50:00+00:00,0.0,0.0
2026-03-13 12:55:00+00:00,0.0,0.0
2026-03-13 13:00:00+00:00,0.0,0.0
2026-03-13 13:05:00+00:00,0.0,0.0
2026-03-13 13:10:00+00:00,0.0,0.0
2026-03-13 13:15:00+00:00,0.0,0.0
2026-03-13 13:20:00+00:00,0.0,0.0
2026-03-13 13:25:00+00:00,0.0,0.0
2026-03-13 13:30:00+00:00,0.0,0.0
2026-03-13 13:35:00+00:00,0.0,0.0
2026-03-13 13:40:00+00:00,0.0,0.0
2026-03-13 13:45:00+00:00,0.0,0.0
2026-03-13 13:50:00+00:00,0.0,0.0
2026-03-13 13:55:00+00:00,0.0,0.0
2026-03-13 14:00:00+00:00,0.0,0.0
2026-03-13 14:05:00+00:00,0.0,0.0
2026-03-13 14:10:00+00:00,0.0,0.0
2026-03-13 14:15:00+00:00,0.0,0.0
2026-03-13 14:20:00+00:00,0.0,0.0
2026-03-13 14:25:00+00:00,0.0,0.0
2026-03-13 14:30:00+00:00,0.0,0.0
2026-03-13 14:35:00+00:00,0.0,0.0
2026-03-13 14:40:00+00:00,0.0,0.0
2026-03-13 14:45:00+00:00,0.0,0.0
2026-03-13 14:50:00+00:00,0.0,0.0
2026-03-13 14:55:00+00:00,0.0,0.0
2026-03-13 15:00:00+00:00,0.0,0.0
2026-03-13 15:05:00+00:00,0.0,0.0
2026-03-13 15:10:00+00:00,0.0,0.0
2026-03-13 15:15:00+00:00,0.0,0.0
2026-03-13 15:20:00+00:00,0.0,0.0
2026-03-13 15:25:00+00:00,0.0,0.0
2026-03-13 15:30:00+00:00,0.0,0.0
2026-03-13 15:35:00+00:00,0.0,0.0
2026-03-13 15:40:00+00:00,0.0,0.0
2026-03-13 15:45:00+00:00,0.0,0.0
2026-03-13 15:50:00+00:00,0.0,0.0
2026-03-13 15:55:00+00:00,0.0,0.0
2026-03-13 16:00:00+00:00,0.0,0.0
2026-03-13 16:05:00+00:00,0.0,0.0
2026-03-13 16:10:00+00:00,0.0,0.0
2026-03-13 16:15:00+00:00,0.0,0.0
2026-03-13 16:20:00+00:00,0.0,0.0
2026-03-13 16:25:00+00:00,0.0,0.0
2026-03-13 16:30:00+00:00,0.0,0.0
2026-03-13 16:35:00+00:00,0.0,0.0
2026-03-13 16:40:00+00:00,0.0,0.0
2026-03-13 16:45:00+00:00,0.0,0.0
2026-03-13 16:50:00+00:00,0.0,0.0
2026-03-13 16:55:00+00:00,0.0,0.0
2026-03-13 17:00:00+00:00,0.0,0.0
2026-03-13 17:05:00+00:00,0.0,0.0
2026-03-13 17:10:00+00:00,0.0,0.0
2026-03-13 17:15:00+00:00,0.0,0.0
2026-03-13 17:20:00+00:00,0.0,0.0
2026-03-13 17:25:00+00:00,0.0,0.0
2026-03-13 17:30:00+00:00,0.0,0.0
2026-03-13 17:35:00+00:00,0.0,0.0
2026-03-13 17:40:00+00:00,0.0,0.0
2026-03-13 17:45:00+00:00,0.0,0.0
2026-03-13 17:50:00+00:00,0.0,0.0
2026-03-13 17:55:00+00:00,0.0,0.0
2026-03-13 18:00:00+00:00,0.0,0.0
2026-03-13 18:05:00+00:00,0.0,0.0
2026-03-13 18:10:00+00:00,0.0,0.0
2026-03-13 18:15:00+00:00,0.0,0.0
2026-03-13 18:20:00+00:00,0.0,0.0
2026-03-13 18:25:00+00:00,0.0,0.0
2026-03-13 18:30:00+00:00,0.0,0.0
2026-03-13 18:35:00+00:00,0.0,0.0
2026-03-13 18:40:00+00:00,0.0,0.0
2026-03-13 18:45:00+00:00,0.0,0.0
2026-03-13 18:50:00+00:00,0.0,0.0
2026-03-13 18:55:00+00:00,0.0,0.0
2026-03-13 19:00:00+00:00,0.0,0.0
2026-03-13 19:05:00+00:00,0.0,0.0
2026-03-13 19:10:00+00:00,0.0,0.0
2026-03-13 19:15:00+00:00,0.0,0.0
2026-03-13 19:20:00+00:00,0.0,0.0
2026-03-13 19:25:00+00:00,0.0,0.0
2026-03-13 19:30:00+00:00,0.0,0.0
2026-03-13 19:35:00+00:00,0.0,0.0
2026-03-13 19:40:00+00:00,0.0,0.0
2026-03-13 19:45:00+00:00,0.0,0.0
2026-03-13 19:50:00+00:00,0.0,0.0
2026-03-13 19:55:00+00:00,0.0,0.0
2026-03-13 20:00:00+00:00,0.0,0.0
2026-03-13 20:05:00+00:00,0.0,0.0
2026-03-13 20:10:00+00:00,0.0,0.0
2026-03-13 20:15:00+00:00,0.0,0.0
2026-03-13 20:20:00+00:00,0.0,0.0
2026-03-13 20:25:00+00:00,0.0,0.0
2026-03-13 20:30:00+00:00,0.0,0.0
2026-03-13 20:35:00+00:00,0.0,0.0
2026-03-13 20:40:00+00:00,0.0,0.0
2026-03-13 20:45:00+00:00,0.0,0.0
2026-03-13 20:50:00+00:00,0.0,0.0
2026-03-13 20:55:00+00:00,0.0,0.0
2026-03-13 21:00:00+00:00,0.0,0.0
2026-03-13 21:05:00+00:00,0.0,0.0
2026-03-13 21:10:00+00:00,0.0,0.0
2026-03-13 21:15:00+00:00,0.0,0.0
2026-03-13 21:20:00+00:00,0.0,0.0
2026-03-13 21:25:00+00:00,0.0,0.0
2026-03-13 21:30:00+00:00,0.0,0.0
2026-03-13 21:35:00+00:00,0.0,0.0
2026-03-13 21:40:00+00:00,0.0,0.0
2026-03-13 21:45:00+00:00,0.0,0.0
2026-03-13 21:50:00+00:00,0.0,0.0
2026-03-13 21:55:00+00:00,0.0,0.0
2026-03-13 22:00:00+00:00,0.0,0.0
2026-03-13 22:05:00+00:00,0.0,0.0
2026-03-13 22:10:00+00:00,0.0,0.0
2026-03-13 22:15:00+00:00,0.0,0.0
2026-03-13 22:20:00+00:00,0.0,0.0
2026-03-13 22:25:00+00:00,0.0,0.0
2026-03-13 22:30:00+00:00,0.0,0.0
2026-03-13 22:35:00+00:00,0.0,0.0
2026-03-13 22:40:00+00:00,0.0,0.0
2026-03-13 22:45:00+00:00,0.0,0.0
2026-03-13 22:50:00+00:00,0.0,0.0
2026-03-13 22:55:00+00:00,0.0,0.0
2026-03-13 23:00:00+00:00,0.0,0.0
2026-03-13 23:05:00+00:00,0.0,0.0
2026-03-13 23:10:00+00:00,0.0,0.0
2026-03-13 23:15:00+00:00,0.0,0.0
2026-03-13 23:20:00+00:00,0.0,0.0
2026-03-13 23:25:00+00:00,0.0,0.0
2026-03-13 23:30:00+00:00,0.0,0.0
2026-03-13 23:35:00+00:00,0.0,0.0
2026-03-13 23:40:00+00:00,0.0,0.0
2026-03-13 23:45:00+00:00,0.0,0.0
2026-03-13 23:50:00+00:00,0.0,0.0
2026-03-13 23:55:00+00:00,0.0,0.0
2026-03-14 00:00:00+00:00,0.0,0.0
2026-03-14 00:05:00+00:00,0.0,0.0
2026-03-14 00:10:00+00:00,0.0,0.0
2026-03-14 00:15:00+00:00,0.0,0.0
2026-03-14 00:20:00+00:00,0.0,0.0
2026-03-14 00:25:00+00:00,0.0,0.0
2026-03-14 00:30:00+00:00,0.0,0.0
2026-03-14 00:35:00+00:00,0.0,0.0
2026-03-14 00:40:00+00:00,0.0,0.0
2026-03-14 00:45:00+00:00,0.0,0.0
2026-03-14 00:50:00+00:00,0.0,0.0
2026-03-14 00:55:00+00:00,0.0,0.0
2026-03-14 01:00:00+00:00,0.0,0.0
2026-03-14 01:05:00+00:00,0.0,0.0
2026-03-14 01:10:00+00:00,0.0,0.0
2026-03-14 01:15:00+00:00,0.0,0.0
2026-03-14 01:20:00+00:00,0.0,0.0
2026-03-14 01:25:00+00:00,0.0,0.0
2026-03-14 01:30:00+00:00,0.0,0.0
2026-03-14 01:35:00+00:00,0.0,0.0
2026-03-14 01:40:00+00:00,0.0,0.0
2026-03-14 01:45:00+00:00,0.0,0.0
2026-03-14 01:50:00+00:00,0.0,0.0
2026-03-14 01:55:00+00:00,0.0,0.0
2026-03-14 02:00:00+00:00,0.0,0.0
2026-03-14 02:05:00+00:00,0.0,0.0
2026-03-14 02:10:00+00:00,0.0,0.0
2026-03-14 02:15:00+00:00,0.0,0.0
2026-03-14 02:20:00+00:00,0.0,0.0
2026-03-14 02:25:00+00:00,0.0,0.0
2026-03-14 02:30:00+00:00,0.0,0.0
2026-03-14 02:35:00+00:00,0.0,0.0
2026-03-14 02:40:00+00:00,0.0,0.0
2026-03-14 02:45:00+00:00,0.0,0.0
2026-03-14 02:50:00+00:00,0.0,0.0
2026-03-14 02:55:00+00:00,0.0,0.0
2026-03-14 03:00:00+00:00,0.0,0.0
2026-03-14 03:05:00+00:00,0.0,0.0
2026-03-14 03:10:00+00:00,0.0,0.0
2026-03-14 03:15:00+00:00,0.0,0.0
2026-03-14 03:20:00+00:00,0.0,0.0
2026-03-14 03:25:00+00:00,0.0,0.0
2026-03-14 03:30:00+00:00,0.0,0.0
2026-03-14 03:35:00+00:00,0.0,0.0
2026-03-14 03:40:00+00:00,0.0,0.0
2026-03-14 03:45:00+00:00,0.0,0.0
2026-03-14 03:50:00+00:00,0.0,0.0
2026-03-14 03:55:00+00:00,0.0,0.0
2026-03-14 04:00:00+00:00,0.0,0.0
2026-03-14 04:05:00+00:00,0.0,0.0
2026-03-14 04:10:00+00:00,0.0,0.0
2026-03-14 04:15:00+00:00,0.0,0.0
2026-03-14 04:20:00+00:00,0.0,0.0
2026-03-14 04:25:00+00:00,0.0,0.0
2026-03-14 04:30:00+00:00,0.0,0.0
2026-03-14 04:35:00+00:00,0.0,0.0
2026-03-14 04:40:00+00:00,0.0,0.0
2026-03-14 04:45:00+00:00,0.0,0.0
2026-03-14 04:50:00+00:00,0.0,0.0
2026-03-14 04:55:00+00:00,0.0,0.0
2026-03-14 05:00:00+00:00,0.0,0.0
2026-03-14 05:05:00+00:00,0.0,0.0
2026-03-14 05:10:00+00:00,0.0,0.0
2026-03-14 05:15:00+00:00,0.0,0.0
2026-03-14 05:20:00+00:00,0.0,0.0
2026-03-14 05:25:00+00:00,0.0,0.0
2026-03-14 05:30:00+00:00,0.0,0.0
2026-03-14 05:35:00+00:00,0.0,0.0
2026-03-14 05:40:00+00:00,0.0,0.0
2026-03-14 05:45:00+00:00,0.0,0.0
2026-03-14 05:50:00+00:00,0.0,0.0
2026-03-14 05:55:00+00:00,0.0,0.0
2026-03-14 06:00:00+00:00,0.0,0.0
2026-03-14 06:05:00+00:00,0.0,0.0
2026-03-14 06:10:00+00:00,0.0,0.0
2026-03-14 06:15:00+00:00,0.0,0.0
2026-03-14 06:20:00+00:00,0.0,0.0
2026-03-14 06:25:00+00:00,0.0,0.0
2026-03-14 06:30:00+00:00,0.0,0.0
2026-03-14 06:35:00+00:00,0.0,0.0
2026-03-14 06:40:00+00:00,0.0,0.0
2026-03-14 06:45:00+00:00,0.0,0.0
2026-03-14 06:50:00+00:00,0.0,0.0
2026-03-14 06:55:00+00:00,0.0,0.0
2026-03-14 07:00:00+00:00,0.0,0.0
2026-03-14 07:05:00+00:00,0.0,0.0
2026-03-14 07:10:00+00:00,0.0,0.0
2026-03-14 07:15:00+00:00,0.0,0.0
2026-03-14 07:20:00+00:00,0.0,0.0
2026-03-14 07:25:00+00:00,0.0,0.0
2026-03-14 07:30:00+00:00,0.0,0.0
2026-03-14 07:35:00+00:00,0.0,0.0
2026-03-14 07:40:00+00:00,0.0,0.0
2026-03-14 07:45:00+00:00,0.0,0.0
2026-03-14 07:50:00+00:00,0.0,0.0
2026-03-14 07:55:00+00:00,0.0,0.0
2026-03-14 08:00:00+00:00,0.0,0.0
2026-03-14 08:05:00+00:00,0.0,0.0
2026-03-14 08:10:00+00:00,0.0,0.0
2026-03-14 08:15:00+00:00,0.0,0.0
2026-03-14 08:20:00+00:00,0.0,0.0
2026-03-14 08:25:00+00:00,0.0,0.0
2026-03-14 08:30:00+00:00,0.0,0.0
2026-03-14 08:35:00+00:00,0.0,0.0
2026-03-14 08:40:00+00:00,0.0,0.0
2026-03-14 08:45:00+00:00,0.0,0.0
2026-03-14 08:50:00+00:00,0.0,0.0
2026-03-14 08:55:00+00:00,0.0,0.0
2026-03-14 09:00:00+00:00,0.0,0.0
2026-03-14 09:05:00+00:00,0.0,0.0
2026-03-14 09:10:00+00:00,0.0,0.0
2026-03-14 09:15:00+00:00,0.0,0.0
2026-03-14 09:20:00+00:00,0.0,0.0
2026-03-14 09:25:00+00:00,0.0,0.0
2026-03-14 09:30:00+00:00,0.0,0.0
2026-03-14 09:35:00+00:00,0.0,0.0
2026-03-14 09:40:00+00:00,0.0,0.0
2026-03-14 09:45:00+00:00,0.0,0.0
2026-03-14 09:50:00+00:00,0.0,0.0
2026-03-14 09:55:00+00:00,0.0,0.0
2026-03-14 10:00:00+00:00,0.0,0.0
2026-03-14 10:05:00+00:00,0.0,0.0
2026-03-14 10:10:00+00:00,0.0,0.0
2026-03-14 10:15:00+00:00,0.0,0.0
2026-03-14 10:20:00+00:00,0.0,0.0
2026-03-14 10:25:00+00:00,0.0,0.0
2026-03-14 10:30:00+00:00,0.0,0.0
2026-03-14 10:35:00+00:00,0.0,0.0
2026-03-14 10:40:00+00:00,0.0,0.0
2026-03-14 10:45:00+00:00,0.0,0.0
2026-03-14 10:50:00+00:00,0.0,0.0
2026-03-14 10:55:00+00:00,0.0,0.0
2026-03-14 11:00:00+00:00,0.0,0.0
2026-03-14 11:05:00+00:00,0.0,0.0
2026-03-14 11:10:00+00:00,0.0,0.0
2026-03-14 11:15:00+00:00,0.0,0.0
2026-03-14 11:20:00+00:00,0.0,0.0
2026-03-14 11:25:00+00:00,0.0,0.0
2026-03-14 11:30:00+00:00,0.0,0.0
2026-03-14 11:35:00+00:00,0.0,0.0
2026-03-14 11:40:00+00:00,0.0,0.0
2026-03-14 11:45:00+00:00,0.0,0.0
2026-03-14 11:50:00+00:00,0.0,0.0
2026-03-14 11:55:00+00:00,0.0,0.0
2026-03-14 12:00:00+00:00,0.0,0.0
2026-03-14 12:05:00+00:00,0.0,0.0
2026-03-14 12:10:00+00:00,0.0,0.0
2026-03-14 12:15:00+00:00,0.0,0.0
2026-03-14 12:20:00+00:00,0.0,0.0
2026-03-14 12:25:00+00:00,0.0,0.0
2026-03-14 12:30:00+00:00,0.0,0.0
2026-03-14 12:35:00+00:00,0.0,0.0
2026-03-14 12:40:00+00:00,0.0,0.0
2026-03-14 12:45:00+00:00,0.0,0.0
2026-03-14 12:50:00+00:00,0.0,0.0
2026-03-14 12:55:00+00:00,0.0,0.0
2026-03-14 13:00:00+00:00,0.0,0.0
2026-03-14 13:05:00+00:00,0.0,0.0
2026-03-14 13:10:00+00:00,0.0,0.0
2026-03-14 13:15:00+00:00,0.0,0.0
2026-03-14 13:20:00+00:00,0.0,0.0
2026-03-14 13:25:00+00:00,0.0,0.0
2026-03-14 13:30:00+00:00,0.0,0.0
2026-03-14 13:35:00+00:00,0.0,0.0
2026-03-14 13:40:00+00:00,0.0,0.0
2026-03-14 13:45:00+00:00,0.0,0.0
2026-03-14 13:50:00+00:00,0.0,0.0
2026-03-14 13:55:00+00:00,0.0,0.0
2026-03-14 14:00:00+00:00,0.0,0.0
2026-03-14 14:05:00+00:00,0.0,0.0
2026-03-14 14:10:00+00:00,0.0,0.0
2026-03-14 14:15:00+00:00,0.0,0.0
2026-03-14 14:20:00+00:00,0.0,0.0
2026-03-14 14:25:00+00:00,0.0,0.0
2026-03-14 14:30:00+00:00,0.0,0.0
2026-03-14 14:35:00+00:00,0.0,0.0
2026-03-14 14:40:00+00:00,0.0,0.0
2026-03-14 14:45:00+00:00,0.0,0.0
2026-03-14 14:50:00+00:00,0.0,0.0
2026-03-14 14:55:00+00:00,0.0,0.0
2026-03-14 15:00:00+00:00,0.0,0.0
2026-03-14 15:05:00+00:00,0.0,0.0
2026-03-14 15:10:00+00:00,0.0,0.0
2026-03-14 15:15:00+00:00,0.0,0.0
2026-03-14 15:20:00+00:00,0.0,0.0
2026-03-14 15:25:00+00:00,0.0,0.0
2026-03-14 15:30:00+00:00,0.0,0.0
2026-03-14 15:35:00+00:00,0.0,0.0
2026-03-14 15:40:00+00:00,0.0,0.0
2026-03-14 15:45:00+00:00,0.0,0.0
2026-03-14 15:50:00+00:00,0.0,0.0
2026-03-14 15:55:00+00:00,0.0,0.0
2026-03-14 16:00:00+00:00,0.0,0.0
2026-03-14 16:05:00+00:00,0.0,0.0
2026-03-14 16:10:00+00:00,0.0,0.0
2026-03-14 16:15:00+00:00,0.0,0.0
2026-03-14 16:20:00+00:00,0.0,0.0
2026-03-14 16:25:00+00:00,0.0,0.0
2026-03-14 16:30:00+00:00,0.0,0.0
2026-03-14 16:35:00+00:00,0.0,0.0
2026-03-14 16:40:00+00:00,0.0,0.0
2026-03-14 16:45:00+00:00,0.0,0.0
2026-03-14 16:50:00+00:00,0.0,0.0
2026-03-14 16:55:00+00:00,0.0,0.0
2026-03-14 17:00:00+00:00,0.0,0.0
2026-03-14 17:05:00+00:00,0.0,0.0
2026-03-14 17:10:00+00:00,0.0,0.0
2026-03-14 17:15:00+00:00,0.0,0.0
2026-03-14 17:20:00+00:00,0.0,0.0
2026-03-14 17:25:00+00:00,0.0,0.0
2026-03-14 17:30:00+00:00,0.0,0.0
2026-03-14 17:35:00+00:00,0.0,0.0
2026-03-14 17:40:00+00:00,0.0,0.0
2026-03-14 17:45:00+00:00,0.0,0.0
2026-03-14 17:50:00+00:00,0.0,0.0
2026-03-14 17:55:00+00:00,0.0,0.0
2026-03-14 18:00:00+00:00,0.0,0.0
2026-03-14 18:05:00+00:00,0.0,0.0
2026-03-14 18:10:00+00:00,0.0,0.0
2026-03-14 18:15:00+00:00,0.0,0.0
2026-03-14 18:20:00+00:00,0.0,0.0
2026-03-14 18:25:00+00:00,0.0,0.0
2026-03-14 18:30:00+00:00,0.0,0.0
2026-03-14 18:35:00+00:00,0.0,0.0
2026-03-14 18:40:00+00:00,0.0,0.0
2026-03-14 18:45:00+00:00,0.0,0.0
2026-03-14 18:50:00+00:00,0.0,0.0
2026-03-14 18:55:00+00:00,0.0,0.0
2026-03-14 19:00:00+00:00,0.0,0.0
2026-03-14 19:05:00+00:00,0.0,0.0
2026-03-14 19:10:00+00:00,0.0,0.0
2026-03-14 19:15:00+00:00,0.0,0.0
2026-03-14 19:20:00+00:00,0.0,0.0
2026-03-14 19:25:00+00:00,0.0,0.0
2026-03-14 19:30:00+00:00,0.0,0.0
2026-03-14 19:35:00+00:00,0.0,0.0
2026-03-14 19:40:00+00:00,0.0,0.0
2026-03-14 19:45:00+00:00,0.0,0.0
2026-03-14 19:50:00+00:00,0.0,0.0
2026-03-14 19:55:00+00:00,0.0,0.0
2026-03-14 20:00:00+00:00,0.0,0.0
2026-03-14 20:05:00+00:00,0.0,0.0
2026-03-14 20:10:00+00:00,0.0,0.0
2026-03-14 20:15:00+00:00,0.0,0.0
2026-03-14 20:20:00+00:00,0.0,0.0
2026-03-14 20:25:00+00:00,0.0,0.0
2026-03-14 20:30:00+00:00,0.0,0.0
2026-03-14 20:35:00+00:00,0.0,0.0
2026-03-14 20:40:00+00:00,0.0,0.0
2026-03-14 20:45:00+00:00,0.0,0.0
2026-03-14 20:50:00+00:00,0.0,0.0
2026-03-14 20:55:00+00:00,0.0,0.0
2026-03-14 21:00:00+00:00,0.0,0.0
2026-03-14 21:05:00+00:00,0.0,0.0
2026-03-14 21:10:00+00:00,0.0,0.0
2026-03-14 21:15:00+00:00,0.0,0.0
2026-03-14 21:20:00+00:00,0.0,0.0
2026-03-14 21:25:00+00:00,0.0,0.0
2026-03-14 21:30:00+00:00,0.0,0.0
2026-03-14 21:35:00+00:00,0.0,0.0
2026-03-14 21:40:00+00:00,0.0,0.0
2026-03-14 21:45:00+00:00,0.0,0.0
2026-03-14 21:50:00+00:00,0.0,0.0
2026-03-14 21:55:00+00:00,0.0,0.0
2026-03-14 22:00:00+00:00,0.0,0.0
2026-03-14 22:05:00+00:00,0.0,0.0
2026-03-14 22:10:00+00:00,0.0,0.0
2026-03-14 22:15:00+00:00,0.0,0.0
2026-03-14 22:20:00+00:00,0.0,0.0
2026-03-14 22:25:00+00:00,0.0,0.0
2026-03-14 22:30:00+00:00,0.0,0.0
2026-03-14 22:35:00+00:00,0.0,0.0
2026-03-14 22:40:00+00:00,0.0,0.0
2026-03-14 22:45:00+00:00,0.0,0.0
2026-03-14 22:50:00+00:00,0.0,0.0
2026-03-14 22:55:00+00:00,0.0,0.0
2026-03-14 23:00:00+00:00,0.0,0.0
2026-03-14 23:05:00+00:00,0.0,0.0
2026-03-14 23:10:00+00:00,0.0,0.0
2026-03-14 23:15:00+00:00,0.0,0.0
2026-03-14 23:20:00+00:00,0.0,0.0
2026-03-14 23:25:00+00:00,0.0,0.0
2026-03-14 23:30:00+00:00,0.0,0.0
2026-03-14 23:35:00+00:00,0.0,0.0
2026-03-14 23:40:00+00:00,0.0,0.0
2026-03-14 23:45:00+00:00,0.0,0.0
2026-03-14 23:50:00+00:00,0.0,0.0
2026-03-14 23:55:00+00:00,0.0,0.0
2026-03-15 00:00:00+00:00,0.0,0.0
2026-03-15 00:05:00+00:00,0.0,0.0
2026-03-15 00:10:00+00:00,0.0,0.0
2026-03-15 00:15:00+00:00,0.0,0.0
2026-03-15 00:20:00+00:00,0.0,0.0
2026-03-15 00:25:00+00:00,0.0,0.0
2026-03-15 00:30:00+00:00,0.0,0.0
2026-03-15 00:35:00+00:00,0.0,0.0
2026-03-15 00:40:00+00:00,0.0,0.0
2026-03-15 00:45:00+00:00,0.0,0.0
2026-03-15 00:50:00+00:00,0.0,0.0
2026-03-15 00:55:00+00:00,0.0,0.0
2026-03-15 01:00:00+00:00,0.0,0.0
2026-03-15 01:05:00+00:00,0.0,0.0
2026-03-15 01:10:00+00:00,0.0,0.0
2026-03-15 01:15:00+00:00,0.0,0.0
2026-03-15 01:20:00+00:00,0.0,0.0
2026-03-15 01:25:00+00:00,0.0,0.0
2026-03-15 01:30:00+00:00,0.0,0.0
2026-03-15 01:35:00+00:00,0.0,0.0
2026-03-15 01:40:00+00:00,0.0,0.0
2026-03-15 01:45:00+00:00,0.0,0.0
2026-03-15 01:50:00+00:00,0.0,0.0
2026-03-15 01:55:00+00:00,0.0,0.0
2026-03-15 02:00:00+00:00,0.0,0.0
2026-03-15 02:05:00+00:00,0.0,0.0
2026-03-15 02:10:00+00:00,0.0,0.0
2026-03-15 02:15:00+00:00,0.0,0.0
2026-03-15 02:20:00+00:00,0.0,0.0
2026-03-15 02:25:00+00:00,0.0,0.0
2026-03-15 02:30:00+00:00,0.0,0.0
2026-03-15 02:35:00+00:00,0.0,0.0
2026-03-15 02:40:00+00:00,0.0,0.0
2026-03-15 02:45:00+00:00,0.0,0.0
2026-03-15 02:50:00+00:00,0.0,0.0
2026-03-15 02:55:00+00:00,0.0,0.0
2026-03-15 03:00:00+00:00,0.0,0.0
2026-03-15 03:05:00+00:00,0.0,0.0
2026-03-15 03:10:00+00:00,0.0,0.0
2026-03-15 03:15:00+00:00,0.0,0.0
2026-03-15 03:20:00+00:00,0.0,0.0
2026-03-15 03:25:00+00:00,0.0,0.0
2026-03-15 03:30:00+00:00,0.0,0.0
2026-03-15 03:35:00+00:00,0.0,0.0
2026-03-15 03:40:00+00:00,0.0,0.0
2026-03-15 03:45:00+00:00,0.0,0.0
2026-03-15 03:50:00+00:00,0.0,0.0
2026-03-15 03:55:00+00:00,0.0,0.0
2026-03-15 04:00:00+00:00,0.0,0.0
2026-03-15 04:05:00+00:00,0.0,0.0
2026-03-15 04:10:00+00:00,0.0,0.0
2026-03-15 04:15:00+00:00,0.0,0.0
2026-03-15 04:20:00+00:00,0.0,0.0
2026-03-15 04:25:00+00:00,0.0,0.0
2026-03-15 04:30:00+00:00,0.0,0.0
2026-03-15 04:35:00+00:00,0.0,0.0
2026-03-15 04:40:00+00:00,0.0,0.0
2026-03-15 04:45:00+00:00,0.0,0.0
2026-03-15 04:50:00+00:00,0.0,0.0
2026-03-15 04:55:00+00:00,0.0,0.0
2026-03-15 05:00:00+00:00,0.0,0.0
2026-03-15 05:05:00+00:00,0.0,0.0
2026-03-15 05:10:00+00:00,0.0,0.0
2026-03-15 05:15:00+00:00,0.0,0.0
2026-03-15 05:20:00+00:00,0.0,0.0
2026-03-15 05:25:00+00:00,0.0,0.0
2026-03-15 05:30:00+00:00,0.0,0.0
2026-03-15 05:35:00+00:00,0.0,0.0
2026-03-15 05:40:00+00:00,0.0,0.0
2026-03-15 05:45:00+00:00,0.0,0.0
2026-03-15 05:50:00+00:00,0.0,0.0
2026-03-15 05:55:00+00:00,0.0,0.0
2026-03-15 06:00:00+00:00,0.0,0.0
2026-03-15 06:05:00+00:00,0.0,0.0
2026-03-15 06:10:00+00:00,0.0,0.0
2026-03-15 06:15:00+00:00,0.0,0.0
2026-03-15 06:20:00+00:00,0.0,0.0
2026-03-15 06:25:00+00:00,0.0,0.0
2026-03-15 06:30:00+00:00,0.0,0.0
2026-03-15 06:35:00+00:00,0.0,0.0
2026-03-15 06:40:00+00:00,0.0,0.0
2026-03-15 06:45:00+00:00,0.0,0.0
2026-03-15 06:50:00+00:00,0.0,0.0
2026-03-15 06:55:00+00:00,0.0,0.0
2026-03-15 07:00:00+00:00,0.0,0.0
2026-03-15 07:05:00+00:00,0.0,0.0
2026-03-15 07:10:00+00:00,0.0,0.0
2026-03-15 07:15:00+00:00,0.0,0.0
2026-03-15 07:20:00+00:00,0.0,0.0
2026-03-15 07:25:00+00:00,0.0,0.0
2026-03-15 07:30:00+00:00,0.0,0.0
2026-03-15 07:35:00+00:00,0.0,0.0
2026-03-15 07:40:00+00:00,0.0,0.0
2026-03-15 07:45:00+00:00,0.0,0.0
2026-03-15 07:50:00+00:00,0.0,0.0
2026-03-15 07:55:00+00:00,0.0,0.0
2026-03-15 08:00:00+00:00,0.0,0.0
2026-03-15 08:05:00+00:00,0.0,0.0
2026-03-15 08:10:00+00:00,0.0,0.0
2026-03-15 08:15:00+00:00,0.0,0.0
2026-03-15 08:20:00+00:00,0.0,0.0
2026-03-15 08:25:00+00:00,0.0,0.0
2026-03-15 08:30:00+00:00,0.0,0.0
2026-03-15 08:35:00+00:00,0.0,0.0
2026-03-15 08:40:00+00:00,0.0,0.0
2026-03-15 08:45:00+00:00,0.0,0.0
2026-03-15 08:50:00+00:00,0.0,0.0
2026-03-15 08:55:00+00:00,0.0,0.0
2026-03-15 09:00:00+00:00,0.0,0.0
2026-03-15 09:05:00+00:00,0.0,0.0
2026-03-15 09:10:00+00:00,0.0,0.0
2026-03-15 09:15:00+00:00,0.0,0.0
2026-03-15 09:20:00+00:00,0.0,0.0
2026-03-15 09:25:00+00:00,0.0,0.0
2026-03-15 09:30:00+00:00,0.0,0.0
2026-03-15 09:35:00+00:00,0.0,0.0
2026-03-15 09:40:00+00:00,0.0,0.0
2026-03-15 09:45:00+00:00,0.0,0.0
2026-03-15 09:50:00+00:00,0.0,0.0
2026-03-15 09:55:00+00:00,0.0,0.0
2026-03-15 10:00:00+00:00,0.0,0.0
2026-03-15 10:05:00+00:00,0.0,0.0
2026-03-15 10:10:00+00:00,0.0,0.0
2026-03-15 10:15:00+00:00,0.0,0.0
2026-03-15 10:20:00+00:00,0.0,0.0
2026-03-15 10:25:00+00:00,0.0,0.0
2026-03-15 10:30:00+00:00,0.0,0.0
2026-03-15 10:35:00+00:00,0.0,0.0
2026-03-15 10:40:00+00:00,0.0,0.0
2026-03-15 10:45:00+00:00,0.0,0.0
2026-03-15 10:50:00+00:00,0.0,0.0
2026-03-15 10:55:00+00:00,0.0,0.0
2026-03-15 11:00:00+00:00,0.0,0.0
2026-03-15 11:05:00+00:00,0.0,0.0
2026-03-15 11:10:00+00:00,0.0,0.0
2026-03-15 11:15:00+00:00,0.0,0.0
2026-03-15 11:20:00+00:00,0.0,0.0
2026-03-15 11:25:00+00:00,0.0,0.0
2026-03-15 11:30:00+00:00,0.0,0.0
2026-03-15 11:35:00+00:00,0.0,0.0
2026-03-15 11:40:00+00:00,0.0,0.0
2026-03-15 11:45:00+00:00,0.0,0.0
2026-03-15 11:50:00+00:00,0.0,0.0
2026-03-15 11:55:00+00:00,0.0,0.0
2026-03-15 12:00:00+00:00,0.0,0.0
2026-03-15 12:05:00+00:00,0.0,0.0
2026-03-15 12:10:00+00:00,0.0,0.0
2026-03-15 12:15:00+00:00,0.0,0.0
2026-03-15 12:20:00+00:00,0.0,0.0
2026-03-15 12:25:00+00:00,0.0,0.0
2026-03-15 12:30:00+00:00,0.0,0.0
2026-03-15 12:35:00+00:00,0.0,0.0
2026-03-15 12:40:00+00:00,0.0,0.0
2026-03-15 12:45:00+00:00,0.0,0.0
2026-03-15 12:50:00+00:00,0.0,0.0
2026-03-15 12:55:00+00:00,0.0,0.0
2026-03-15 13:00:00+00:00,0.0,0.0
2026-03-15 13:05:00+00:00,0.0,0.0
2026-03-15 13:10:00+00:00,0.0,0.0
2026-03-15 13:15:00+00:00,0.0,0.0
2026-03-15 13:20:00+00:00,0.0,0.0
2026-03-15 13:25:00+00:00,0.0,0.0
2026-03-15 13:30:00+00:00,0.0,0.0
2026-03-15 13:35:00+00:00,0.0,0.0
2026-03-15 13:40:00+00:00,0.0,0.0
2026-03-15 13:45:00+00:00,0.0,0.0
2026-03-15 13:50:00+00:00,0.0,0.0
2026-03-15 13:55:00+00:00,0.0,0.0
2026-03-15 14:00:00+00:00,0.0,0.0
2026-03-15 14:05:00+00:00,0.0,0.0
2026-03-15 14:10:00+00:00,0.0,0.0
2026-03-15 14:15:00+00:00,0.0,0.0
2026-03-15 14:20:00+00:00,0.0,0.0
2026-03-15 14:25:00+00:00,0.0,0.0
2026-03-15 14:30:00+00:00,0.0,0.0
2026-03-15 14:35:00+00:00,0.0,0.0
2026-03-15 14:40:00+00:00,0.0,0.0
2026-03-15 14:45:00+00:00,0.0,0.0
2026-03-15 14:50:00+00:00,0.0,0.0
2026-03-15 14:55:00+00:00,0.0,0.0
2026-03-15 15:00:00+00:00,0.0,0.0
2026-03-15 15:05:00+00:00,0.0,0.0
2026-03-15 15:10:00+00:00,0.0,0.0
2026-03-15 15:15:00+00:00,0.0,0.0
2026-03-15 15:20:00+00:00,0.0,0.0
2026-03-15 15:25:00+00:00,0.0,0.0
2026-03-15 15:30:00+00:00,0.0,0.0
2026-03-15 15:35:00+00:00,0.0,0.0
2026-03-15 15:40:00+00:00,0.0,0.0
2026-03-15 15:45:00+00:00,0.0,0.0
2026-03-15 15:50:00+00:00,0.0,0.0
2026-03-15 15:55:00+00:00,0.0,0.0
2026-03-15 16:00:00+00:00,0.0,0.0
2026-03-15 16:05:00+00:00,0.0,0.0
2026-03-15 16:10:00+00:00,0.0,0.0
2026-03-15 16:15:00+00:00,0.0,0.0
2026-03-15 16:20:00+00:00,0.0,0.0
2026-03-15 16:25:00+00:00,0.0,0.0
2026-03-15 16:30:00+00:00,0.0,0.0
2026-03-15 16:35:00+00:00,0.0,0.0
2026-03-15 16:40:00+00:00,0.0,0.0
2026-03-15 16:45:00+00:00,0.0,0.0
2026-03-15 16:50:00+00:00,0.0,0.0
2026-03-15 16:55:00+00:00,0.0,0.0
2026-03-15 17:00:00+00:00,0.0,0.0
2026-03-15 17:05:00+00:00,0.0,0.0
2026-03-15 17:10:00+00:00,0.0,0.0
2026-03-15 17:15:00+00:00,0.0,0.0
2026-03-15 17:20:00+00:00,0.0,0.0
2026-03-15 17:25:00+00:00,0.0,0.0
2026-03-15 17:30:00+00:00,0.0,0.0
2026-03-15 17:35:00+00:00,0.0,0.0
2026-03-15 17:40:00+00:00,0.0,0.0
2026-03-15 17:45:00+00:00,0.0,0.0
2026-03-15 17:50:00+00:00,0.0,0.0
2026-03-15 17:55:00+00:00,0.0,0.0
2026-03-15 18:00:00+00:00,0.0,0.0
2026-03-15 18:05:00+00:00,0.0,0.0
2026-03-15 18:10:00+00:00,0.0,0.0
2026-03-15 18:15:00+00:00,0.0,0.0
2026-03-15 18:20:00+00:00,0.0,0.0
2026-03-15 18:25:00+00:00,0.0,0.0
2026-03-15 18:30:00+00:00,0.0,0.0
2026-03-15 18:35:00+00:00,0.0,0.0
2026-03-15 18:40:00+00:00,0.0,0.0
2026-03-15 18:45:00+00:00,0.0,0.0
2026-03-15 18:50:00+00:00,0.0,0.0
2026-03-15 18:55:00+00:00,0.0,0.0
2026-03-15 19:00:00+00:00,0.0,0.0
2026-03-15 19:05:00+00:00,0.0,0.0
2026-03-15 19:10:00+00:00,0.0,0.0
2026-03-15 19:15:00+00:00,0.0,0.0
2026-03-15 19:20:00+00:00,0.0,0.0
2026-03-15 19:25:00+00:00,0.0,0.0
2026-03-15 19:30:00+00:00,0.0,0.0
2026-03-15 19:35:00+00:00,0.0,0.0
2026-03-15 19:40:00+00:00,0.0,0.0
2026-03-15 19:45:00+00:00,0.0,0.0
2026-03-15 19:50:00+00:00,0.0,0.0
2026-03-15 19:55:00+00:00,0.0,0.0
2026-03-15 20:00:00+00:00,0.0,0.0
2026-03-15 20:05:00+00:00,0.0,0.0
2026-03-15 20:10:00+00:00,0.0,0.0
2026-03-15 20:15:00+00:00,0.0,0.0
2026-03-15 20:20:00+00:00,0.0,0.0
2026-03-15 20:25:00+00:00,0.0,0.0
2026-03-15 20:30:00+00:00,0.0,0.0
2026-03-15 20:35:00+00:00,0.0,0.0
2026-03-15 20:40:00+00:00,0.0,0.0
2026-03-15 20:45:00+00:00,0.0,0.0
2026-03-15 20:50:00+00:00,0.0,0.0
2026-03-15 20:55:00+00:00,0.0,0.0
2026-03-15 21:00:00+00:00,0.0,0.0
2026-03-15 21:05:00+00:00,0.0,0.0
2026-03-15 21:10:00+00:00,0.0,0.0
2026-03-15 21:15:00+00:00,0.0,0.0
2026-03-15 21:20:00+00:00,0.0,0.0
2026-03-15 21:25:00+00:00,0.0,0.0
2026-03-15 21:30:00+00:00,0.0,0.0
2026-03-15 21:35:00+00:00,0.0,0.0
2026-03-15 21:40:00+00:00,0.0,0.0
2026-03-15 21:45:00+00:00,0.0,0.0
2026-03-15 21:50:00+00:00,0.0,0.0
2026-03-15 21:55:00+00:00,0.0,0.0
2026-03-15 22:00:00+00:00,0.0,0.0
2026-03-15 22:05:00+00:00,0.0,0.0
2026-03-15 22:10:00+00:00,0.0,0.0
2026-03-15 22:15:00+00:00,0.0,0.0
2026-03-15 22:20:00+00:00,0.0,0.0
2026-03-15 22:25:00+00:00,0.0,0.0
2026-03-15 22:30:00+00:00,0.0,0.0
2026-03-15 22:35:00+00:00,0.0,0.0
2026-03-15 22:40:00+00:00,0.0,0.0
2026-03-15 22:45:00+00:00,0.0,0.0
2026-03-15 22:50:00+00:00,0.0,0.0
2026-03-15 22:55:00+00:00,0.0,0.0
2026-03-15 23:00:00+00:00,0.0,0.0
2026-03-15 23:05:00+00:00,0.0,0.0
2026-03-15 23:10:00+00:00,0.0,0.0
2026-03-15 23:15:00+00:00,0.0,0.0
2026-03-15 23:20:00+00:00,0.0,0.0
2026-03-15 23:25:00+00:00,0.0,0.0
2026-03-15 23:30:00+00:00,0.0,0.0
2026-03-15 23:35:00+00:00,0.0,0.0
2026-03-15 23:40:00+00:00,0.0,0.0
2026-03-15 23:45:00+00:00,0.0,0.0
2026-03-15 23:50:00+00:00,0.0,0.0
2026-03-15 23:55:00+00:00,0.0,0.0
2026-03-16 00:00:00+00:00,0.0,0.0
2026-03-16 00:05:00+00:00,0.0,0.0
2026-03-16 00:10:00+00:00,0.0,0.0
2026-03-16 00:15:00+00:00,0.0,0.0
2026-03-16 00:20:00+00:00,0.0,0.0
2026-03-16 00:25:00+00:00,0.0,0.0
2026-03-16 00:30:00+00:00,0.0,0.0
2026-03-16 00:35:00+00:00,0.0,0.0
2026-03-16 00:40:00+00:00,0.0,0.0
2026-03-16 00:45:00+00:00,0.0,0.0
2026-03-16 00:50:00+00:00,0.0,0.0
2026-03-16 00:55:00+00:00,0.0,0.0
2026-03-16 01:00:00+00:00,0.0,0.0
2026-03-16 01:05:00+00:00,0.0,0.0
2026-03-16 01:10:00+00:00,0.0,0.0
2026-03-16 01:15:00+00:00,0.0,0.0
2026-03-16 01:20:00+00:00,0.0,0.0
2026-03-16 01:25:00+00:00,0.0,0.0
2026-03-16 01:30:00+00:00,0.0,0.0
2026-03-16 01:35:00+00:00,0.0,0.0
2026-03-16 01:40:00+00:00,0.0,0.0
2026-03-16 01:45:00+00:00,0.0,0.0
2026-03-16 01:50:00+00:00,0.0,0.0
2026-03-16 01:55:00+00:00,0.0,0.0
2026-03-16 02:00:00+00:00,0.0,0.0
2026-03-16 02:05:00+00:00,0.0,0.0
2026-03-16 02:10:00+00:00,0.0,0.0
2026-03-16 02:15:00+00:00,0.0,0.0
2026-03-16 02:20:00+00:00,0.0,0.0
2026-03-16 02:25:00+00:00,0.0,0.0
2026-03-16 02:30:00+00:00,0.0,0.0
2026-03-16 02:35:00+00:00,0.0,0.0
2026-03-16 02:40:00+00:00,0.0,0.0
2026-03-16 02:45:00+00:00,0.0,0.0
2026-03-16 02:50:00+00:00,0.0,0.0
2026-03-16 02:55:00+00:00,0.0,0.0
2026-03-16 03:00:00+00:00,0.0,0.0
2026-03-16 03:05:00+00:00,0.0,0.0
2026-03-16 03:10:00+00:00,0.0,0.0
2026-03-16 03:15:00+00:00,0.0,0.0
2026-03-16 03:20:00+00:00,0.0,0.0
2026-03-16 03:25:00+00:00,0.0,0.0
2026-03-16 03:30:00+00:00,0.0,0.0
2026-03-16 03:35:00+00:00,0.0,0.0
2026-03-16 03:40:00+00:00,0.0,0.0
2026-03-16 03:45:00+00:00,0.0,0.0
2026-03-16 03:50:00+00:00,0.0,0.0
2026-03-16 03:55:00+00:00,0.0,0.0
2026-03-16 04:00:00+00:00,0.0,0.0
2026-03-16 04:05:00+00:00,0.0,0.0
2026-03-16 04:10:00+00:00,0.0,0.0
2026-03-16 04:15:00+00:00,0.0,0.0
2026-03-16 04:20:00+00:00,0.0,0.0
2026-03-16 04:25:00+00:00,0.0,0.0
2026-03-16 04:30:00+00:00,0.0,0.0
2026-03-16 04:35:00+00:00,0.0,0.0
2026-03-16 04:40:00+00:00,0.0,0.0
2026-03-16 04:45:00+00:00,0.0,0.0
2026-03-16 04:50:00+00:00,0.0,0.0
2026-03-16 04:55:00+00:00,0.0,0.0
2026-03-16 05:00:00+00:00,0.0,0.0
2026-03-16 05:05:00+00:00,0.0,0.0
2026-03-16 05:10:00+00:00,0.0,0.0
2026-03-16 05:15:00+00:00,0.0,0.0
2026-03-16 05:20:00+00:00,0.0,0.0
2026-03-16 05:25:00+00:00,0.0,0.0
2026-03-16 05:30:00+00:00,0.0,0.0
2026-03-16 05:35:00+00:00,0.0,0.0
2026-03-16 05:40:00+00:00,0.0,0.0
2026-03-16 05:45:00+00:00,0.0,0.0
2026-03-16 05:50:00+00:00,0.0,0.0
2026-03-16 05:55:00+00:00,0.0,0.0
2026-03-16 06:00:00+00:00,0.0,0.0
2026-03-16 06:05:00+00:00,0.0,0.0
2026-03-16 06:10:00+00:00,0.0,0.0
2026-03-16 06:15:00+00:00,0.0,0.0
2026-03-16 06:20:00+00:00,0.0,0.0
2026-03-16 06:25:00+00:00,0.0,0.0
2026-03-16 06:30:00+00:00,0.0,0.0
2026-03-16 06:35:00+00:00,0.0,0.0
2026-03-16 06:40:00+00:00,0.0,0.0
2026-03-16 06:45:00+00:00,0.0,0.0
2026-03-16 06:50:00+00:00,0.0,0.0
2026-03-16 06:55:00+00:00,0.0,0.0
2026-03-16 07:00:00+00:00,0.0,0.0
2026-03-16 07:05:00+00:00,0.0,0.0
2026-03-16 07:10:00+00:00,0.0,0.0
2026-03-16 07:15:00+00:00,0.0,0.0
2026-03-16 07:20:00+00:00,0.0,0.0
2026-03-16 07:25:00+00:00,0.0,0.0
2026-03-16 07:30:00+00:00,0.0,0.0
2026-03-16 07:35:00+00:00,0.0,0.0
2026-03-16 07:40:00+00:00,0.0,0.0
2026-03-16 07:45:00+00:00,0.0,0.0
2026-03-16 07:50:00+00:00,0.0,0.0
2026-03-16 07:55:00+00:00,0.0,0.0
2026-03-16 08:00:00+00:00,0.0,0.0
2026-03-16 08:05:00+00:00,0.0,0.0
2026-03-16 08:10:00+00:00,0.0,0.0
2026-03-16 08:15:00+00:00,0.0,0.0
2026-03-16 08:20:00+00:00,0.0,0.0
2026-03-16 08:25:00+00:00,0.0,0.0
2026-03-16 08:30:00+00:00,0.0,0.0
2026-03-16 08:35:00+00:00,0.0,0.0
2026-03-16 08:40:00+00:00,0.0,0.0
2026-03-16 08:45:00+00:00,0.0,0.0
2026-03-16 08:50:00+00:00,0.0,0.0
2026-03-16 08:55:00+00:00,0.0,0.0
2026-03-16 09:00:00+00:00,0.0,0.0
2026-03-16 09:05:00+00:00,0.0,0.0
2026-03-16 09:10:00+00:00,0.0,0.0
2026-03-16 09:15:00+00:00,0.0,0.0
2026-03-16 09:20:00+00:00,0.0,0.0
2026-03-16 09:25:00+00:00,0.0,0.0
2026-03-16 09:30:00+00:00,0.0,0.0
2026-03-16 09:35:00+00:00,0.0,0.0
2026-03-16 09:40:00+00:00,0.0,0.0
2026-03-16 09:45:00+00:00,0.0,0.0
2026-03-16 09:50:00+00:00,0.0,0.0
2026-03-16 09:55:00+00:00,0.0,0.0
2026-03-16 10:00:00+00:00,0.0,0.0
2026-03-16 10:05:00+00:00,0.0,0.0
2026-03-16 10:10:00+00:00,0.0,0.0
2026-03-16 10:15:00+00:00,0.0,0.0
2026-03-16 10:20:00+00:00,0.0,0.0
2026-03-16 10:25:00+00:00,0.0,0.0
2026-03-16 10:30:00+00:00,0.0,0.0
2026-03-16 10:35:00+00:00,0.0,0.0
2026-03-16 10:40:00+00:00,0.0,0.0
2026-03-16 10:45:00+00:00,0.0,0.0
2026-03-16 10:50:00+00:00,0.0,0.0
2026-03-16 10:55:00+00:00,0.0,0.0
2026-03-16 11:00:00+00:00,0.0,0.0
2026-03-16 11:05:00+00:00,0.0,0.0
2026-03-16 11:10:00+00:00,0.0,0.0
2026-03-16 11:15:00+00:00,0.0,0.0
2026-03-16 11:20:00+00:00,0.0,0.0
2026-03-16 11:25:00+00:00,0.0,0.0
2026-03-16 11:30:00+00:00,0.0,0.0
2026-03-16 11:35:00+00:00,0.0,0.0
2026-03-16 11:40:00+00:00,0.0,0.0
2026-03-16 11:45:00+00:00,0.0,0.0
2026-03-16 11:50:00+00:00,0.0,0.0
2026-03-16 11:55:00+00:00,0.0,0.0
2026-03-16 12:00:00+00:00,0.0,0.0
2026-03-16 12:05:00+00:00,0.0,0.0
2026-03-16 12:10:00+00:00,0.0,0.0
2026-03-16 12:15:00+00:00,0.0,0.0
2026-03-16 12:20:00+00:00,0.0,0.0
2026-03-16 12:25:00+00:00,0.0,0.0
2026-03-16 12:30:00+00:00,0.0,0.0
2026-03-16 12:35:00+00:00,0.0,0.0
2026-03-16 12:40:00+00:00,0.0,0.0
2026-03-16 12:45:00+00:00,0.0,0.0
2026-03-16 12:50:00+00:00,0.0,0.0
2026-03-16 12:55:00+00:00,0.0,0.0
2026-03-16 13:00:00+00:00,0.0,0.0
2026-03-16 13:05:00+00:00,0.0,0.0
2026-03-16 13:10:00+00:00,0.0,0.0
2026-03-16 13:15:00+00:00,0.0,0.0
2026-03-16 13:20:00+00:00,0.0,0.0
2026-03-16 13:25:00+00:00,0.0,0.0
2026-03-16 13:30:00+00:00,0.0,0.0
2026-03-16 13:35:00+00:00,0.0,0.0
2026-03-16 13:40:00+00:00,0.0,0.0
2026-03-16 13:45:00+00:00,0.0,0.0
2026-03-16 13:50:00+00:00,0.0,0.0
2026-03-16 13:55:00+00:00,0.0,0.0
2026-03-16 14:00:00+00:00,0.0,0.0
2026-03-16 14:05:00+00:00,0.0,0.0
2026-03-16 14:10:00+00:00,0.0,0.0
2026-03-16 14:15:00+00:00,0.0,0.0
2026-03-16 14:20:00+00:00,0.0,0.0
2026-03-16 14:25:00+00:00,0.0,0.0
2026-03-16 14:30:00+00:00,0.0,0.0
2026-03-16 14:35:00+00:00,0.0,0.0
2026-03-16 14:40:00+00:00,0.0,0.0
2026-03-16 14:45:00+00:00,0.0,0.0
2026-03-16 14:50:00+00:00,0.0,0.0
2026-03-16 14:55:00+00:00,0.0,0.0
2026-03-16 15:00:00+00:00,0.0,0.0
2026-03-16 15:05:00+00:00,0.0,0.0
2026-03-16 15:10:00+00:00,0.0,0.0
2026-03-16 15:15:00+00:00,0.0,0.0
2026-03-16 15:20:00+00:00,0.0,0.0
2026-03-16 15:25:00+00:00,0.0,0.0
2026-03-16 15:30:00+00:00,0.0,0.0
2026-03-16 15:35:00+00:00,0.0,0.0
2026-03-16 15:40:00+00:00,0.0,0.0
2026-03-16 15:45:00+00:00,0.0,0.0
2026-03-16 15:50:00+00:00,0.0,0.0
2026-03-16 15:55:00+00:00,0.0,0.0
2026-03-16 16:00:00+00:00,0.0,0.0
2026-03-16 16:05:00+00:00,0.0,0.0
2026-03-16 16:10:00+00:00,0.0,0.0
2026-03-16 16:15:00+00:00,0.0,0.0
2026-03-16 16:20:00+00:00,0.0,0.0
2026-03-16 16:25:00+00:00,0.0,0.0
2026-03-16 16:30:00+00:00,0.0,0.0
2026-03-16 16:35:00+00:00,0.0,0.0
2026-03-16 16:40:00+00:00,0.0,0.0
2026-03-16 16:45:00+00:00,0.0,0.0
2026-03-16 16:50:00+00:00,0.0,0.0
2026-03-16 16:55:00+00:00,0.0,0.0
2026-03-16 17:00:00+00:00,0.0,0.0
2026-03-16 17:05:00+00:00,0.0,0.0
2026-03-16 17:10:00+00:00,0.0,0.0
2026-03-16 17:15:00+00:00,0.0,0.0
2026-03-16 17:20:00+00:00,0.0,0.0
2026-03-16 17:25:00+00:00,0.0,0.0
2026-03-16 17:30:00+00:00,0.0,0.0
2026-03-16 17:35:00+00:00,0.0,0.0
2026-03-16 17:40:00+00:00,0.0,0.0
2026-03-16 17:45:00+00:00,0.0,0.0
2026-03-16 17:50:00+00:00,0.0,0.0
2026-03-16 17:55:00+00:00,0.0,0.0
2026-03-16 18:00:00+00:00,0.0,0.0
2026-03-16 18:05:00+00:00,0.0,0.0
2026-03-16 18:10:00+00:00,0.0,0.0
2026-03-16 18:15:00+00:00,0.0,0.0
2026-03-16 18:20:00+00:00,0.0,0.0
2026-03-16 18:25:00+00:00,0.0,0.0
2026-03-16 18:30:00+00:00,0.0,0.0
2026-03-16 18:35:00+00:00,0.0,0.0
2026-03-16 18:40:00+00:00,0.0,0.0
2026-03-16 18:45:00+00:00,0.0,0.0
2026-03-16 18:50:00+00:00,0.0,0.0
2026-03-16 18:55:00+00:00,0.0,0.0
2026-03-16 19:00:00+00:00,0.0,0.0
2026-03-16 19:05:00+00:00,0.0,0.0
2026-03-16 19:10:00+00:00,0.0,0.0
2026-03-16 19:15:00+00:00,0.0,0.0
2026-03-16 19:20:00+00:00,0.0,0.0
2026-03-16 19:25:00+00:00,0.0,0.0
2026-03-16 19:30:00+00:00,0.0,0.0
2026-03-16 19:35:00+00:00,0.0,0.0
2026-03-16 19:40:00+00:00,0.0,0.0
2026-03-16 19:45:00+00:00,0.0,0.0
2026-03-16 19:50:00+00:00,0.0,0.0
2026-03-16 19:55:00+00:00,0.0,0.0
2026-03-16 20:00:00+00:00,0.0,0.0
2026-03-16 20:05:00+00:00,0.0,0.0
2026-03-16 20:10:00+00:00,0.0,0.0
2026-03-16 20:15:00+00:00,0.0,0.0
2026-03-16 20:20:00+00:00,0.0,0.0
2026-03-16 20:25:00+00:00,0.0,0.0
2026-03-16 20:30:00+00:00,0.0,0.0
2026-03-16 20:35:00+00:00,0.0,0.0
2026-03-16 20:40:00+00:00,0.0,0.0
2026-03-16 20:45:00+00:00,0.0,0.0
2026-03-16 20:50:00+00:00,0.0,0.0
2026-03-16 20:55:00+00:00,0.0,0.0
2026-03-16 21:00:00+00:00,0.0,0.0
2026-03-16 21:05:00+00:00,0.0,0.0
2026-03-16 21:10:00+00:00,0.0,0.0
2026-03-16 21:15:00+00:00,0.0,0.0
2026-03-16 21:20:00+00:00,0.0,0.0
2026-03-16 21:25:00+00:00,0.0,0.0
2026-03-16 21:30:00+00:00,0.0,0.0
2026-03-16 21:35:00+00:00,0.0,0.0
2026-03-16 21:40:00+00:00,0.0,0.0
2026-03-16 21:45:00+00:00,0.0,0.0
2026-03-16 21:50:00+00:00,0.0,0.0
2026-03-16 21:55:00+00:00,0.0,0.0
2026-03-16 22:00:00+00:00,0.0,0.0
2026-03-16 22:05:00+00:00,0.0,0.0
2026-03-16 22:10:00+00:00,0.0,0.0
2026-03-16 22:15:00+00:00,0.0,0.0
2026-03-16 22:20:00+00:00,0.0,0.0
2026-03-16 22:25:00+00:00,0.0,0.0
2026-03-16 22:30:00+00:00,0.0,0.0
2026-03-16 22:35:00+00:00,0.0,0.0
2026-03-16 22:40:00+00:00,0.0,0.0
2026-03-16 22:45:00+00:00,0.0,0.0
2026-03-16 22:50:00+00:00,0.0,0.0
2026-03-16 22:55:00+00:00,0.0,0.0
2026-03-16 23:00:00+00:00,0.0,0.0
2026-03-16 23:05:00+00:00,0.0,0.0
2026-03-16 23:10:00+00:00,0.0,0.0
2026-03-16 23:15:00+00:00,0.0,0.0
2026-03-16 23:20:00+00:00,0.0,0.0
2026-03-16 23:25:00+00:00,0.0,0.0
2026-03-16 23:30:00+00:00,0.0,0.0
2026-03-16 23:35:00+00:00,0.0,0.0
2026-03-16 23:40:00+00:00,0.0,0.0
2026-03-16 23:45:00+00:00,0.0,0.0
2026-03-16 23:50:00+00:00,0.0,0.0
2026-03-16 23:55:00+00:00,0.0,0.0
2026-03-17 00:00:00+00:00,0.0,0.0
2026-03-17 00:05:00+00:00,0.0,0.0
2026-03-17 00:10:00+00:00,0.0,0.0
2026-03-17 00:15:00+00:00,0.0,0.0
2026-03-17 00:20:00+00:00,0.0,0.0
2026-03-17 00:25:00+00:00,0.0,0.0
2026-03-17 00:30:00+00:00,0.0,0.0
2026-03-17 00:35:00+00:00,0.0,0.0
2026-03-17 00:40:00+00:00,0.0,0.0
2026-03-17 00:45:00+00:00,0.0,0.0
2026-03-17 00:50:00+00:00,0.0,0.0
2026-03-17 00:55:00+00:00,0.0,0.0
2026-03-17 01:00:00+00:00,0.0,0.0
2026-03-17 01:05:00+00:00,0.0,0.0
2026-03-17 01:10:00+00:00,0.0,0.0
2026-03-17 01:15:00+00:00,0.0,0.0
2026-03-17 01:20:00+00:00,0.0,0.0
2026-03-17 01:25:00+00:00,0.0,0.0
2026-03-17 01:30:00+00:00,0.0,0.0
2026-03-17 01:35:00+00:00,0.0,0.0
2026-03-17 01:40:00+00:00,0.0,0.0
2026-03-17 01:45:00+00:00,0.0,0.0
2026-03-17 01:50:00+00:00,0.0,0.0
2026-03-17 01:55:00+00:00,0.0,0.0
2026-03-17 02:00:00+00:00,0.0,0.0
2026-03-17 02:05:00+00:00,0.0,0.0
2026-03-17 02:10:00+00:00,0.0,0.0
2026-03-17 02:15:00+00:00,0.0,0.0
2026-03-17 02:20:00+00:00,0.0,0.0
2026-03-17 02:25:00+00:00,0.0,0.0
2026-03-17 02:30:00+00:00,0.0,0.0
2026-03-17 02:35:00+00:00,0.0,0.0
2026-03-17 02:40:00+00:00,0.0,0.0
2026-03-17 02:45:00+00:00,0.0,0.0
2026-03-17 02:50:00+00:00,0.0,0.0
2026-03-17 02:55:00+00:00,0.0,0.0
2026-03-17 03:00:00+00:00,0.0,0.0
2026-03-17 03:05:00+00:00,0.0,0.0
2026-03-17 03:10:00+00:00,0.0,0.0
2026-03-17 03:15:00+00:00,0.0,0.0
2026-03-17 03:20:00+00:00,0.0,0.0
2026-03-17 03:25:00+00:00,0.0,0.0
2026-03-17 03:30:00+00:00,0.0,0.0
2026-03-17 03:35:00+00:00,0.0,0.0
2026-03-17 03:40:00+00:00,0.0,0.0
2026-03-17 03:45:00+00:00,0.0,0.0
2026-03-17 03:50:00+00:00,0.0,0.0
2026-03-17 03:55:00+00:00,0.0,0.0
2026-03-17 04:00:00+00:00,0.0,0.0
2026-03-17 04:05:00+00:00,0.0,0.0
2026-03-17 04:10:00+00:00,0.0,0.0
2026-03-17 04:15:00+00:00,0.0,0.0
2026-03-17 04:20:00+00:00,0.0,0.0
2026-03-17 04:25:00+00:00,0.0,0.0
2026-03-17 04:30:00+00:00,0.0,0.0
2026-03-17 04:35:00+00:00,0.0,0.0
2026-03-17 04:40:00+00:00,0.0,0.0
2026-03-17 04:45:00+00:00,0.0,0.0
2026-03-17 04:50:00+00:00,0.0,0.0
2026-03-17 04:55:00+00:00,0.0,0.0
2026-03-17 05:00:00+00:00,0.0,0.0
2026-03-17 05:05:00+00:00,0.0,0.0
2026-03-17 05:10:00+00:00,0.0,0.0
2026-03-17 05:15:00+00:00,0.0,0.0
2026-03-17 05:20:00+00:00,0.0,0.0
2026-03-17 05:25:00+00:00,0.0,0.0
2026-03-17 05:30:00+00:00,0.0,0.0
2026-03-17 05:35:00+00:00,0.0,0.0
2026-03-17 05:40:00+00:00,0.0,0.0
2026-03-17 05:45:00+00:00,0.0,0.0
2026-03-17 05:50:00+00:00,0.0,0.0
2026-03-17 05:55:00+00:00,0.0,0.0
2026-03-17 06:00:00+00:00,0.0,0.0
2026-03-17 06:05:00+00:00,0.0,0.0
2026-03-17 06:10:00+00:00,0.0,0.0
2026-03-17 06:15:00+00:00,0.0,0.0
2026-03-17 06:20:00+00:00,0.0,0.0
2026-03-17 06:25:00+00:00,0.0,0.0
2026-03-17 06:30:00+00:00,0.0,0.0
2026-03-17 06:35:00+00:00,0.0,0.0
2026-03-17 06:40:00+00:00,0.0,0.0
2026-03-17 06:45:00+00:00,0.0,0.0
2026-03-17 06:50:00+00:00,0.0,0.0
2026-03-17 06:55:00+00:00,0.0,0.0
2026-03-17 07:00:00+00:00,0.0,0.0
2026-03-17 07:05:00+00:00,0.0,0.0
2026-03-17 07:10:00+00:00,0.0,0.0
2026-03-17 07:15:00+00:00,0.0,0.0
2026-03-17 07:20:00+00:00,0.0,0.0
2026-03-17 07:25:00+00:00,0.0,0.0
2026-03-17 07:30:00+00:00,0.0,0.0
2026-03-17 07:35:00+00:00,0.0,0.0
2026-03-17 07:40:00+00:00,0.0,0.0
2026-03-17 07:45:00+00:00,0.0,0.0
2026-03-17 07:50:00+00:00,0.0,0.0
2026-03-17 07:55:00+00:00,0.0,0.0
2026-03-17 08:00:00+00:00,0.0,0.0
2026-03-17 08:05:00+00:00,0.0,0.0
2026-03-17 08:10:00+00:00,0.0,0.0
2026-03-17 08:15:00+00:00,0.0,0.0
2026-03-17 08:20:00+00:00,0.0,0.0
2026-03-17 08:25:00+00:00,0.0,0.0
2026-03-17 08:30:00+00:00,0.0,0.0
2026-03-17 08:35:00+00:00,0.0,0.0
2026-03-17 08:40:00+00:00,0.0,0.0
2026-03-17 08:45:00+00:00,0.0,0.0
2026-03-17 08:50:00+00:00,0.0,0.0
2026-03-17 08:55:00+00:00,0.0,0.0
2026-03-17 09:00:00+00:00,0.0,0.0
2026-03-17 09:05:00+00:00,0.0,0.0
2026-03-17 09:10:00+00:00,0.0,0.0
2026-03-17 09:15:00+00:00,0.0,0.0
2026-03-17 09:20:00+00:00,0.0,0.0
2026-03-17 09:25:00+00:00,0.0,0.0
2026-03-17 09:30:00+00:00,0.0,0.0
2026-03-17 09:35:00+00:00,0.0,0.0
2026-03-17 09:40:00+00:00,0.0,0.0
2026-03-17 09:45:00+00:00,0.0,0.0
2026-03-17 09:50:00+00:00,0.0,0.0
2026-03-17 09:55:00+00:00,0.0,0.0
2026-03-17 10:00:00+00:00,0.0,0.0
2026-03-17 10:05:00+00:00,0.0,0.0
2026-03-17 10:10:00+00:00,0.0,0.0
2026-03-17 10:15:00+00:00,0.0,0.0
2026-03-17 10:20:00+00:00,0.0,0.0
2026-03-17 10:25:00+00:00,0.0,0.0
2026-03-17 10:30:00+00:00,0.0,0.0
2026-03-17 10:35:00+00:00,0.0,0.0
2026-03-17 10:40:00+00:00,0.0,0.0
2026-03-17 10:45:00+00:00,0.0,0.0
2026-03-17 10:50:00+00:00,0.0,0.0
2026-03-17 10:55:00+00:00,0.0,0.0
2026-03-17 11:00:00+00:00,0.0,0.0
2026-03-17 11:05:00+00:00,0.0,0.0
2026-03-17 11:10:00+00:00,0.0,0.0
2026-03-17 11:15:00+00:00,0.0,0.0
2026-03-17 11:20:00+00:00,0.0,0.0
2026-03-17 11:25:00+00:00,0.0,0.0
2026-03-17 11:30:00+00:00,0.0,0.0
2026-03-17 11:35:00+00:00,0.0,0.0
2026-03-17 11:40:00+00:00,0.0,0.0
2026-03-17 11:45:00+00:00,0.0,0.0
2026-03-17 11:50:00+00:00,0.0,0.0
2026-03-17 11:55:00+00:00,0.0,0.0
2026-03-17 12:00:00+00:00,0.0,0.0
2026-03-17 12:05:00+00:00,0.0,0.0
2026-03-17 12:10:00+00:00,0.0,0.0
2026-03-17 12:15:00+00:00,0.0,0.0
2026-03-17 12:20:00+00:00,0.0,0.0
2026-03-17 12:25:00+00:00,0.0,0.0
2026-03-17 12:30:00+00:00,0.0,0.0
2026-03-17 12:35:00+00:00,0.0,0.0
2026-03-17 12:40:00+00:00,0.0,0.0
2026-03-17 12:45:00+00:00,0.0,0.0
2026-03-17 12:50:00+00:00,0.0,0.0
2026-03-17 12:55:00+00:00,0.0,0.0
2026-03-17 13:00:00+00:00,0.0,0.0
2026-03-17 13:05:00+00:00,0.0,0.0
2026-03-17 13:10:00+00:00,0.0,0.0
2026-03-17 13:15:00+00:00,0.0,0.0
2026-03-17 13:20:00+00:00,0.0,0.0
2026-03-17 13:25:00+00:00,0.0,0.0
2026-03-17 13:30:00+00:00,0.0,0.0
2026-03-17 13:35:00+00:00,0.0,0.0
2026-03-17 13:40:00+00:00,0.0,0.0
2026-03-17 13:45:00+00:00,0.0,0.0
2026-03-17 13:50:00+00:00,0.0,0.0
2026-03-17 13:55:00+00:00,0.0,0.0
2026-03-17 14:00:00+00:00,0.0,0.0
2026-03-17 14:05:00+00:00,0.0,0.0
2026-03-17 14:10:00+00:00,0.0,0.0
2026-03-17 14:15:00+00:00,0.0,0.0
2026-03-17 14:20:00+00:00,0.0,0.0
2026-03-17 14:25:00+00:00,0.0,0.0
2026-03-17 14:30:00+00:00,0.0,0.0
2026-03-17 14:35:00+00:00,0.0,0.0
2026-03-17 14:40:00+00:00,0.0,0.0
2026-03-17 14:45:00+00:00,0.0,0.0
2026-03-17 14:50:00+00:00,0.0,0.0
2026-03-17 14:55:00+00:00,0.0,0.0
2026-03-17 15:00:00+00:00,0.0,0.0
2026-03-17 15:05:00+00:00,0.0,0.0
2026-03-17 15:10:00+00:00,0.0,0.0
2026-03-17 15:15:00+00:00,0.0,0.0
2026-03-17 15:20:00+00:00,0.0,0.0
2026-03-17 15:25:00+00:00,0.0,0.0
2026-03-17 15:30:00+00:00,0.0,0.0
2026-03-17 15:35:00+00:00,0.0,0.0
2026-03-17 15:40:00+00:00,0.0,0.0
2026-03-17 15:45:00+00:00,0.0,0.0
2026-03-17 15:50:00+00:00,0.0,0.0
2026-03-17 15:55:00+00:00,0.0,0.0
2026-03-17 16:00:00+00:00,0.0,0.0
2026-03-17 16:05:00+00:00,0.0,0.0
2026-03-17 16:10:00+00:00,0.0,0.0
2026-03-17 16:15:00+00:00,0.0,0.0
2026-03-17 16:20:00+00:00,0.0,0.0
2026-03-17 16:25:00+00:00,0.0,0.0
2026-03-17 16:30:00+00:00,0.0,0.0
2026-03-17 16:35:00+00:00,0.0,0.0
2026-03-17 16:40:00+00:00,0.0,0.0
2026-03-17 16:45:00+00:00,0.0,0.0
2026-03-17 16:50:00+00:00,0.0,0.0
2026-03-17 16:55:00+00:00,0.0,0.0
2026-03-17 17:00:00+00:00,0.0,0.0
2026-03-17 17:05:00+00:00,0.0,0.0
2026-03-17 17:10:00+00:00,0.0,0.0
2026-03-17 17:15:00+00:00,0.0,0.0
2026-03-17 17:20:00+00:00,0.0,0.0
2026-03-17 17:25:00+00:00,0.0,0.0
2026-03-17 17:30:00+00:00,0.0,0.0
2026-03-17 17:35:00+00:00,0.0,0.0
2026-03-17 17:40:00+00:00,0.0,0.0
2026-03-17 17:45:00+00:00,0.0,0.0
2026-03-17 17:50:00+00:00,0.0,0.0
2026-03-17 17:55:00+00:00,0.0,0.0
2026-03-17 18:00:00+00:00,0.0,0.0
2026-03-17 18:05:00+00:00,0.0,0.0
2026-03-17 18:10:00+00:00,0.0,0.0
2026-03-17 18:15:00+00:00,0.0,0.0
2026-03-17 18:20:00+00:00,0.0,0.0
2026-03-17 18:25:00+00:00,0.0,0.0
2026-03-17 18:30:00+00:00,0.0,0.0
2026-03-17 18:35:00+00:00,0.0,0.0
2026-03-17 18:40:00+00:00,0.0,0.0
2026-03-17 18:45:00+00:00,0.0,0.0
2026-03-17 18:50:00+00:00,0.0,0.0
2026-03-17 18:55:00+00:00,0.0,0.0
2026-03-17 19:00:00+00:00,0.0,0.0
2026-03-17 19:05:00+00:00,0.0,0.0
2026-03-17 19:10:00+00:00,0.0,0.0
2026-03-17 19:15:00+00:00,0.0,0.0
2026-03-17 19:20:00+00:00,0.0,0.0
2026-03-17 19:25:00+00:00,0.0,0.0
2026-03-17 19:30:00+00:00,0.0,0.0
2026-03-17 19:35:00+00:00,0.0,0.0
2026-03-17 19:40:00+00:00,0.0,0.0
2026-03-17 19:45:00+00:00,0.0,0.0
2026-03-17 19:50:00+00:00,0.0,0.0
2026-03-17 19:55:00+00:00,0.0,0.0
2026-03-17 20:00:00+00:00,0.0,0.0
2026-03-17 20:05:00+00:00,0.0,0.0
2026-03-17 20:10:00+00:00,0.0,0.0
2026-03-17 20:15:00+00:00,0.0,0.0
2026-03-17 20:20:00+00:00,0.0,0.0
2026-03-17 20:25:00+00:00,0.0,0.0
2026-03-17 20:30:00+00:00,0.0,0.0
2026-03-17 20:35:00+00:00,0.0,0.0
2026-03-17 20:40:00+00:00,0.0,0.0
2026-03-17 20:45:00+00:00,0.0,0.0
2026-03-17 20:50:00+00:00,0.0,0.0
2026-03-17 20:55:00+00:00,0.0,0.0
2026-03-17 21:00:00+00:00,0.0,0.0
2026-03-17 21:05:00+00:00,0.0,0.0
2026-03-17 21:10:00+00:00,0.0,0.0
2026-03-17 21:15:00+00:00,0.0,0.0
2026-03-17 21:20:00+00:00,0.0,0.0
2026-03-17 21:25:00+00:00,0.0,0.0
2026-03-17 21:30:00+00:00,0.0,0.0
2026-03-17 21:35:00+00:00,0.0,0.0
2026-03-17 21:40:00+00:00,0.0,0.0
2026-03-17 21:45:00+00:00,0.0,0.0
2026-03-17 21:50:00+00:00,0.0,0.0
2026-03-17 21:55:00+00:00,0.0,0.0
2026-03-17 22:00:00+00:00,0.0,0.0
2026-03-17 22:05:00+00:00,0.0,0.0
2026-03-17 22:10:00+00:00,0.0,0.0
2026-03-17 22:15:00+00:00,0.0,0.0
2026-03-17 22:20:00+00:00,0.0,0.0
2026-03-17 22:25:00+00:00,0.0,0.0
2026-03-17 22:30:00+00:00,0.0,0.0
2026-03-17 22:35:00+00:00,0.0,0.0
2026-03-17 22:40:00+00:00,0.0,0.0
2026-03-17 22:45:00+00:00,0.0,0.0
2026-03-17 22:50:00+00:00,0.0,0.0
2026-03-17 22:55:00+00:00,0.0,0.0
2026-03-17 23:00:00+00:00,0.0,0.0
2026-03-17 23:05:00+00:00,0.0,0.0
2026-03-17 23:10:00+00:00,0.0,0.0
2026-03-17 23:15:00+00:00,0.0,0.0
2026-03-17 23:20:00+00:00,0.0,0.0
2026-03-17 23:25:00+00:00,0.0,0.0
2026-03-17 23:30:00+00:00,0.0,0.0
2026-03-17 23:35:00+00:00,0.0,0.0
2026-03-17 23:40:00+00:00,0.0,0.0
2026-03-17 23:45:00+00:00,0.0,0.0
2026-03-17 23:50:00+00:00,0.0,0.0
2026-03-17 23:55:00+00:00,0.0,0.0
2026-03-18 00:00:00+00:00,0.0,0.0
2026-03-18 00:05:00+00:00,0.0,0.0
2026-03-18 00:10:00+00:00,0.0,0.0
2026-03-18 00:15:00+00:00,0.0,0.0
2026-03-18 00:20:00+00:00,0.0,0.0
2026-03-18 00:25:00+00:00,0.0,0.0
2026-03-18 00:30:00+00:00,0.0,0.0
2026-03-18 00:35:00+00:00,0.0,0.0
2026-03-18 00:40:00+00:00,0.0,0.0
2026-03-18 00:45:00+00:00,0.0,0.0
2026-03-18 00:50:00+00:00,0.0,0.0
2026-03-18 00:55:00+00:00,0.0,0.0
2026-03-18 01:00:00+00:00,0.0,0.0
2026-03-18 01:05:00+00:00,0.0,0.0
2026-03-18 01:10:00+00:00,0.0,0.0
2026-03-18 01:15:00+00:00,0.0,0.0
2026-03-18 01:20:00+00:00,0.0,0.0
2026-03-18 01:25:00+00:00,0.0,0.0
2026-03-18 01:30:00+00:00,0.0,0.0
2026-03-18 01:35:00+00:00,0.0,0.0
2026-03-18 01:40:00+00:00,0.0,0.0
2026-03-18 01:45:00+00:00,0.0,0.0
2026-03-18 01:50:00+00:00,0.0,0.0
2026-03-18 01:55:00+00:00,0.0,0.0
2026-03-18 02:00:00+00:00,0.0,0.0
2026-03-18 02:05:00+00:00,0.0,0.0
2026-03-18 02:10:00+00:00,0.0,0.0
2026-03-18 02:15:00+00:00,0.0,0.0
2026-03-18 02:20:00+00:00,0.0,0.0
2026-03-18 02:25:00+00:00,0.0,0.0
2026-03-18 02:30:00+00:00,0.0,0.0
2026-03-18 02:35:00+00:00,0.0,0.0
2026-03-18 02:40:00+00:00,0.0,0.0
2026-03-18 02:45:00+00:00,0.0,0.0
2026-03-18 02:50:00+00:00,0.0,0.0
2026-03-18 02:55:00+00:00,0.0,0.0
2026-03-18 03:00:00+00:00,0.0,0.0
2026-03-18 03:05:00+00:00,0.0,0.0
2026-03-18 03:10:00+00:00,0.0,0.0
2026-03-18 03:15:00+00:00,0.0,0.0
2026-03-18 03:20:00+00:00,0.0,0.0
2026-03-18 03:25:00+00:00,0.0,0.0
2026-03-18 03:30:00+00:00,0.0,0.0
2026-03-18 03:35:00+00:00,0.0,0.0
2026-03-18 03:40:00+00:00,0.0,0.0
2026-03-18 03:45:00+00:00,0.0,0.0
2026-03-18 03:50:00+00:00,0.0,0.0
2026-03-18 03:55:00+00:00,0.0,0.0
2026-03-18 04:00:00+00:00,0.0,0.0
2026-03-18 04:05:00+00:00,0.0,0.0
2026-03-18 04:10:00+00:00,0.0,0.0
2026-03-18 04:15:00+00:00,0.0,0.0
2026-03-18 04:20:00+00:00,0.0,0.0
2026-03-18 04:25:00+00:00,0.0,0.0
2026-03-18 04:30:00+00:00,0.0,0.0
2026-03-18 04:35:00+00:00,0.0,0.0
2026-03-18 04:40:00+00:00,0.0,0.0
2026-03-18 04:45:00+00:00,0.0,0.0
2026-03-18 04:50:00+00:00,0.0,0.0
2026-03-18 04:55:00+00:00,0.0,0.0
2026-03-18 05:00:00+00:00,0.0,0.0
2026-03-18 05:05:00+00:00,0.0,0.0
2026-03-18 05:10:00+00:00,0.0,0.0
2026-03-18 05:15:00+00:00,0.0,0.0
2026-03-18 05:20:00+00:00,0.0,0.0
2026-03-18 05:25:00+00:00,0.0,0.0
2026-03-18 05:30:00+00:00,0.0,0.0
2026-03-18 05:35:00+00:00,0.0,0.0
2026-03-18 05:40:00+00:00,0.0,0.0
2026-03-18 05:45:00+00:00,0.0,0.0
2026-03-18 05:50:00+00:00,0.0,0.0
2026-03-18 05:55:00+00:00,0.0,0.0
2026-03-18 06:00:00+00:00,0.0,0.0
2026-03-18 06:05:00+00:00,0.0,0.0
2026-03-18 06:10:00+00:00,0.0,0.0
2026-03-18 06:15:00+00:00,0.0,0.0
2026-03-18 06:20:00+00:00,0.0,0.0
2026-03-18 06:25:00+00:00,0.0,0.0
2026-03-18 06:30:00+00:00,0.0,0.0
2026-03-18 06:35:00+00:00,0.0,0.0
2026-03-18 06:40:00+00:00,0.0,0.0
2026-03-18 06:45:00+00:00,0.0,0.0
2026-03-18 06:50:00+00:00,0.0,0.0
2026-03-18 06:55:00+00:00,0.0,0.0
2026-03-18 07:00:00+00:00,0.0,0.0
2026-03-18 07:05:00+00:00,0.0,0.0
2026-03-18 07:10:00+00:00,0.0,0.0
2026-03-18 07:15:00+00:00,0.0,0.0
2026-03-18 07:20:00+00:00,0.0,0.0
2026-03-18 07:25:00+00:00,0.0,0.0
2026-03-18 07:30:00+00:00,0.0,0.0
2026-03-18 07:35:00+00:00,0.0,0.0
2026-03-18 07:40:00+00:00,0.0,0.0
2026-03-18 07:45:00+00:00,0.0,0.0
2026-03-18 07:50:00+00:00,0.0,0.0
2026-03-18 07:55:00+00:00,0.0,0.0
2026-03-18 08:00:00+00:00,0.0,0.0
2026-03-18 08:05:00+00:00,0.0,0.0
2026-03-18 08:10:00+00:00,0.0,0.0
2026-03-18 08:15:00+00:00,0.0,0.0
2026-03-18 08:20:00+00:00,0.0,0.0
2026-03-18 08:25:00+00:00,0.0,0.0
2026-03-18 08:30:00+00:00,0.0,0.0
2026-03-18 08:35:00+00:00,0.0,0.0
2026-03-18 08:40:00+00:00,0.0,0.0
2026-03-18 08:45:00+00:00,0.0,0.0
2026-03-18 08:50:00+00:00,0.0,0.0
2026-03-18 08:55:00+00:00,0.0,0.0
2026-03-18 09:00:00+00:00,0.0,0.0
2026-03-18 09:05:00+00:00,0.0,0.0
2026-03-18 09:10:00+00:00,0.0,0.0
2026-03-18 09:15:00+00:00,0.0,0.0
2026-03-18 09:20:00+00:00,0.0,0.0
2026-03-18 09:25:00+00:00,0.0,0.0
2026-03-18 09:30:00+00:00,0.0,0.0
2026-03-18 09:35:00+00:00,0.0,0.0
2026-03-18 09:40:00+00:00,0.0,0.0
2026-03-18 09:45:00+00:00,0.0,0.0
2026-03-18 09:50:00+00:00,0.0,0.0
2026-03-18 09:55:00+00:00,0.0,0.0
2026-03-18 10:00:00+00:00,0.0,0.0
2026-03-18 10:05:00+00:00,0.0,0.0
2026-03-18 10:10:00+00:00,0.0,0.0
2026-03-18 10:15:00+00:00,0.0,0.0
2026-03-18 10:20:00+00:00,0.0,0.0
2026-03-18 10:25:00+00:00,0.0,0.0
2026-03-18 10:30:00+00:00,0.0,0.0
2026-03-18 10:35:00+00:00,0.0,0.0
2026-03-18 10:40:00+00:00,0.0,0.0
2026-03-18 10:45:00+00:00,0.0,0.0
2026-03-18 10:50:00+00:00,0.0,0.0
2026-03-18 10:55:00+00:00,0.0,0.0
2026-03-18 11:00:00+00:00,0.0,0.0
2026-03-18 11:05:00+00:00,0.0,0.0
2026-03-18 11:10:00+00:00,0.0,0.0
2026-03-18 11:15:00+00:00,0.0,0.0
2026-03-18 11:20:00+00:00,0.0,0.0
2026-03-18 11:25:00+00:00,0.0,0.0
2026-03-18 11:30:00+00:00,0.0,0.0
2026-03-18 11:35:00+00:00,0.0,0.0
2026-03-18 11:40:00+00:00,0.0,0.0
2026-03-18 11:45:00+00:00,0.0,0.0
2026-03-18 11:50:00+00:00,0.0,0.0
2026-03-18 11:55:00+00:00,0.0,0.0
2026-03-18 12:00:00+00:00,0.0,0.0
2026-03-18 12:05:00+00:00,0.0,0.0
2026-03-18 12:10:00+00:00,0.0,0.0
2026-03-18 12:15:00+00:00,0.0,0.0
2026-03-18 12:20:00+00:00,0.0,0.0
2026-03-18 12:25:00+00:00,0.0,0.0
2026-03-18 12:30:00+00:00,0.0,0.0
2026-03-18 12:35:00+00:00,0.0,0.0
2026-03-18 12:40:00+00:00,0.0,0.0
2026-03-18 12:45:00+00:00,0.0,0.0
2026-03-18 12:50:00+00:00,0.0,0.0
2026-03-18 12:55:00+00:00,0.0,0.0
2026-03-18 13:00:00+00:00,0.0,0.0
2026-03-18 13:05:00+00:00,0.0,0.0
2026-03-18 13:10:00+00:00,0.0,0.0
2026-03-18 13:15:00+00:00,0.0,0.0
2026-03-18 13:20:00+00:00,0.0,0.0
2026-03-18 13:25:00+00:00,0.0,0.0
2026-03-18 13:30:00+00:00,0.0,0.0
2026-03-18 13:35:00+00:00,0.0,0.0
2026-03-18 13:40:00+00:00,0.0,0.0
2026-03-18 13:45:00+00:00,0.0,0.0
2026-03-18 13:50:00+00:00,0.0,0.0
2026-03-18 13:55:00+00:00,0.0,0.0
2026-03-18 14:00:00+00:00,0.0,0.0
2026-03-18 14:05:00+00:00,0.0,0.0
2026-03-18 14:10:00+00:00,0.0,0.0
2026-03-18 14:15:00+00:00,0.0,0.0
2026-03-18 14:20:00+00:00,0.0,0.0
2026-03-18 14:25:00+00:00,0.0,0.0
2026-03-18 14:30:00+00:00,0.0,0.0
2026-03-18 14:35:00+00:00,0.0,0.0
2026-03-18 14:40:00+00:00,0.0,0.0
2026-03-18 14:45:00+00:00,0.0,0.0
2026-03-18 14:50:00+00:00,0.0,0.0
2026-03-18 14:55:00+00:00,0.0,0.0
2026-03-18 15:00:00+00:00,0.0,0.0
2026-03-18 15:05:00+00:00,0.0,0.0
2026-03-18 15:10:00+00:00,0.0,0.0
2026-03-18 15:15:00+00:00,0.0,0.0
2026-03-18 15:20:00+00:00,0.0,0.0
2026-03-18 15:25:00+00:00,0.0,0.0
2026-03-18 15:30:00+00:00,0.0,0.0
2026-03-18 15:35:00+00:00,0.0,0.0
2026-03-18 15:40:00+00:00,0.0,0.0
2026-03-18 15:45:00+00:00,0.0,0.0
2026-03-18 15:50:00+00:00,0.0,0.0
2026-03-18 15:55:00+00:00,0.0,0.0
2026-03-18 16:00:00+00:00,0.0,0.0
2026-03-18 16:05:00+00:00,0.0,0.0
2026-03-18 16:10:00+00:00,0.0,0.0
2026-03-18 16:15:00+00:00,0.0,0.0
2026-03-18 16:20:00+00:00,0.0,0.0
2026-03-18 16:25:00+00:00,0.0,0.0
2026-03-18 16:30:00+00:00,0.0,0.0
2026-03-18 16:35:00+00:00,0.0,0.0
2026-03-18 16:40:00+00:00,0.0,0.0
2026-03-18 16:45:00+00:00,0.0,0.0
2026-03-18 16:50:00+00:00,0.0,0.0
2026-03-18 16:55:00+00:00,0.0,0.0
2026-03-18 17:00:00+00:00,0.0,0.0
2026-03-18 17:05:00+00:00,0.0,0.0
2026-03-18 17:10:00+00:00,0.0,0.0
2026-03-18 17:15:00+00:00,0.0,0.0
2026-03-18 17:20:00+00:00,0.0,0.0
2026-03-18 17:25:00+00:00,0.0,0.0
2026-03-18 17:30:00+00:00,0.0,0.0
2026-03-18 17:35:00+00:00,0.0,0.0
2026-03-18 17:40:00+00:00,0.0,0.0
2026-03-18 17:45:00+00:00,0.0,0.0
2026-03-18 17:50:00+00:00,0.0,0.0
2026-03-18 17:55:00+00:00,0.0,0.0
2026-03-18 18:00:00+00:00,0.0,0.0
2026-03-18 18:05:00+00:00,0.0,0.0
2026-03-18 18:10:00+00:00,0.0,0.0
2026-03-18 18:15:00+00:00,0.0,0.0
2026-03-18 18:20:00+00:00,0.0,0.0
2026-03-18 18:25:00+00:00,0.0,0.0
2026-03-18 18:30:00+00:00,0.0,0.0
2026-03-18 18:35:00+00:00,0.0,0.0
2026-03-18 18:40:00+00:00,0.0,0.0
2026-03-18 18:45:00+00:00,0.0,0.0
2026-03-18 18:50:00+00:00,0.0,0.0
2026-03-18 18:55:00+00:00,0.0,0.0
2026-03-18 19:00:00+00:00,0.0,0.0
2026-03-18 19:05:00+00:00,0.0,0.0
2026-03-18 19:10:00+00:00,0.0,0.0
2026-03-18 19:15:00+00:00,0.0,0.0
2026-03-18 19:20:00+00:00,0.0,0.0
2026-03-18 19:25:00+00:00,0.0,0.0
2026-03-18 19:30:00+00:00,0.0,0.0
2026-03-18 19:35:00+00:00,0.0,0.0
2026-03-18 19:40:00+00:00,0.0,0.0
2026-03-18 19:45:00+00:00,0.0,0.0
2026-03-18 19:50:00+00:00,0.0,0.0
2026-03-18 19:55:00+00:00,0.0,0.0
2026-03-18 20:00:00+00:00,0.0,0.0
2026-03-18 20:05:00+00:00,0.0,0.0
2026-03-18 20:10:00+00:00,0.0,0.0
2026-03-18 20:15:00+00:00,0.0,0.0
2026-03-18 20:20:00+00:00,0.0,0.0
2026-03-18 20:25:00+00:00,0.0,0.0
2026-03-18 20:30:00+00:00,0.0,0.0
2026-03-18 20:35:00+00:00,0.0,0.0
2026-03-18 20:40:00+00:00,0.0,0.0
2026-03-18 20:45:00+00:00,0.0,0.0
2026-03-18 20:50:00+00:00,0.0,0.0
2026-03-18 20:55:00+00:00,0.0,0.0
2026-03-18 21:00:00+00:00,0.0,0.0
2026-03-18 21:05:00+00:00,0.0,0.0
2026-03-18 21:10:00+00:00,0.0,0.0
2026-03-18 21:15:00+00:00,0.0,0.0
2026-03-18 21:20:00+00:00,0.0,0.0
2026-03-18 21:25:00+00:00,0.0,0.0
2026-03-18 21:30:00+00:00,0.0,0.0
2026-03-18 21:35:00+00:00,0.0,0.0
2026-03-18 21:40:00+00:00,0.0,0.0
2026-03-18 21:45:00+00:00,0.0,0.0
2026-03-18 21:50:00+00:00,0.0,0.0
2026-03-18 21:55:00+00:00,0.0,0.0
2026-03-18 22:00:00+00:00,0.0,0.0
2026-03-18 22:05:00+00:00,0.0,0.0
2026-03-18 22:10:00+00:00,0.0,0.0
2026-03-18 22:15:00+00:00,0.0,0.0
2026-03-18 22:20:00+00:00,0.0,0.0
2026-03-18 22:25:00+00:00,0.0,0.0
2026-03-18 22:30:00+00:00,0.0,0.0
2026-03-18 22:35:00+00:00,0.0,0.0
2026-03-18 22:40:00+00:00,0.0,0.0
2026-03-18 22:45:00+00:00,0.0,0.0
2026-03-18 22:50:00+00:00,0.0,0.0
2026-03-18 22:55:00+00:00,0.0,0.0
2026-03-18 23:00:00+00:00,0.0,0.0
2026-03-18 23:05:00+00:00,0.0,0.0
2026-03-18 23:10:00+00:00,0.0,0.0
2026-03-18 23:15:00+00:00,0.0,0.0
2026-03-18 23:20:00+00:00,0.0,0.0
2026-03-18 23:25:00+00:00,0.0,0.0
2026-03-18 23:30:00+00:00,0.0,0.0
2026-03-18 23:35:00+00:00,0.0,0.0
2026-03-18 23:40:00+00:00,0.0,0.0
2026-03-18 23:45:00+00:00,0.0,0.0
2026-03-18 23:50:00+00:00,0.0,0.0
2026-03-18 23:55:00+00:00,0.0,0.0
2026-03-19 00:00:00+00:00,0.0,0.0
2026-03-19 00:05:00+00:00,0.0,0.0
2026-03-19 00:10:00+00:00,0.0,0.0
2026-03-19 00:15:00+00:00,0.0,0.0
2026-03-19 00:20:00+00:00,0.0,0.0
2026-03-19 00:25:00+00:00,0.0,0.0
2026-03-19 00:30:00+00:00,0.0,0.0
2026-03-19 00:35:00+00:00,0.0,0.0
2026-03-19 00:40:00+00:00,0.0,0.0
2026-03-19 00:45:00+00:00,0.0,0.0
2026-03-19 00:50:00+00:00,0.0,0.0
2026-03-19 00:55:00+00:00,0.0,0.0
2026-03-19 01:00:00+00:00,0.0,0.0
2026-03-19 01:05:00+00:00,0.0,0.0
2026-03-19 01:10:00+00:00,0.0,0.0
2026-03-19 01:15:00+00:00,0.0,0.0
2026-03-19 01:20:00+00:00,0.0,0.0
2026-03-19 01:25:00+00:00,0.0,0.0
2026-03-19 01:30:00+00:00,0.0,0.0
2026-03-19 01:35:00+00:00,0.0,0.0
2026-03-19 01:40:00+00:00,0.0,0.0
2026-03-19 01:45:00+00:00,0.0,0.0
2026-03-19 01:50:00+00:00,0.0,0.0
2026-03-19 01:55:00+00:00,0.0,0.0
2026-03-19 02:00:00+00:00,0.0,0.0
2026-03-19 02:05:00+00:00,0.0,0.0
2026-03-19 02:10:00+00:00,0.0,0.0
2026-03-19 02:15:00+00:00,0.0,0.0
2026-03-19 02:20:00+00:00,0.0,0.0
2026-03-19 02:25:00+00:00,0.0,0.0
2026-03-19 02:30:00+00:00,0.0,0.0
2026-03-19 02:35:00+00:00,0.0,0.0
2026-03-19 02:40:00+00:00,0.0,0.0
2026-03-19 02:45:00+00:00,0.0,0.0
2026-03-19 02:50:00+00:00,0.0,0.0
2026-03-19 02:55:00+00:00,0.0,0.0
2026-03-19 03:00:00+00:00,0.0,0.0
2026-03-19 03:05:00+00:00,0.0,0.0
2026-03-19 03:10:00+00:00,0.0,0.0
2026-03-19 03:15:00+00:00,0.0,0.0
2026-03-19 03:20:00+00:00,0.0,0.0
2026-03-19 03:25:00+00:00,0.0,0.0
2026-03-19 03:30:00+00:00,0.0,0.0
2026-03-19 03:35:00+00:00,0.0,0.0
2026-03-19 03:40:00+00:00,0.0,0.0
2026-03-19 03:45:00+00:00,0.0,0.0
2026-03-19 03:50:00+00:00,0.0,0.0
2026-03-19 03:55:00+00:00,0.0,0.0
2026-03-19 04:00:00+00:00,0.0,0.0
2026-03-19 04:05:00+00:00,0.0,0.0
2026-03-19 04:10:00+00:00,0.0,0.0
2026-03-19 04:15:00+00:00,0.0,0.0
2026-03-19 04:20:00+00:00,0.0,0.0
2026-03-19 04:25:00+00:00,0.0,0.0
2026-03-19 04:30:00+00:00,0.0,0.0
2026-03-19 04:35:00+00:00,0.0,0.0
2026-03-19 04:40:00+00:00,0.0,0.0
2026-03-19 04:45:00+00:00,0.0,0.0
2026-03-19 04:50:00+00:00,0.0,0.0
2026-03-19 04:55:00+00:00,0.0,0.0
2026-03-19 05:00:00+00:00,0.0,0.0
2026-03-19 05:05:00+00:00,0.0,0.0
2026-03-19 05:10:00+00:00,0.0,0.0
2026-03-19 05:15:00+00:00,0.0,0.0
2026-03-19 05:20:00+00:00,0.0,0.0
2026-03-19 05:25:00+00:00,0.0,0.0
2026-03-19 05:30:00+00:00,0.0,0.0
2026-03-19 05:35:00+00:00,0.0,0.0
2026-03-19 05:40:00+00:00,0.0,0.0
2026-03-19 05:45:00+00:00,0.0,0.0
2026-03-19 05:50:00+00:00,0.0,0.0
2026-03-19 05:55:00+00:00,0.0,0.0
2026-03-19 06:00:00+00:00,0.0,0.0
2026-03-19 06:05:00+00:00,0.0,0.0
2026-03-19 06:10:00+00:00,0.0,0.0
2026-03-19 06:15:00+00:00,0.0,0.0
2026-03-19 06:20:00+00:00,0.0,0.0
2026-03-19 06:25:00+00:00,0.0,0.0
2026-03-19 06:30:00+00:00,0.0,0.0
2026-03-19 06:35:00+00:00,0.0,0.0
2026-03-19 06:40:00+00:00,0.0,0.0
2026-03-19 06:45:00+00:00,0.0,0.0
2026-03-19 06:50:00+00:00,0.0,0.0
2026-03-19 06:55:00+00:00,0.0,0.0
2026-03-19 07:00:00+00:00,0.0,0.0
2026-03-19 07:05:00+00:00,0.0,0.0
2026-03-19 07:10:00+00:00,0.0,0.0
2026-03-19 07:15:00+00:00,0.0,0.0
2026-03-19 07:20:00+00:00,0.0,0.0
2026-03-19 07:25:00+00:00,0.0,0.0
2026-03-19 07:30:00+00:00,0.0,0.0
2026-03-19 07:35:00+00:00,0.0,0.0
2026-03-19 07:40:00+00:00,0.0,0.0
2026-03-19 07:45:00+00:00,0.0,0.0
2026-03-19 07:50:00+00:00,0.0,0.0
2026-03-19 07:55:00+00:00,0.0,0.0
2026-03-19 08:00:00+00:00,0.0,0.0
2026-03-19 08:05:00+00:00,0.0,0.0
2026-03-19 08:10:00+00:00,0.0,0.0
2026-03-19 08:15:00+00:00,0.0,0.0
2026-03-19 08:20:00+00:00,0.0,0.0
2026-03-19 08:25:00+00:00,0.0,0.0
2026-03-19 08:30:00+00:00,0.0,0.0
2026-03-19 08:35:00+00:00,0.0,0.0
2026-03-19 08:40:00+00:00,0.0,0.0
2026-03-19 08:45:00+00:00,0.0,0.0
2026-03-19 08:50:00+00:00,0.0,0.0
2026-03-19 08:55:00+00:00,0.0,0.0
2026-03-19 09:00:00+00:00,0.0,0.0
2026-03-19 09:05:00+00:00,0.0,0.0
2026-03-19 09:10:00+00:00,0.0,0.0
2026-03-19 09:15:00+00:00,0.0,0.0
2026-03-19 09:20:00+00:00,0.0,0.0
2026-03-19 09:25:00+00:00,0.0,0.0
2026-03-19 09:30:00+00:00,0.0,0.0
2026-03-19 09:35:00+00:00,0.0,0.0
2026-03-19 09:40:00+00:00,0.0,0.0
2026-03-19 09:45:00+00:00,0.0,0.0
2026-03-19 09:50:00+00:00,0.0,0.0
2026-03-19 09:55:00+00:00,0.0,0.0
2026-03-19 10:00:00+00:00,0.0,0.0
2026-03-19 10:05:00+00:00,0.0,0.0
2026-03-19 10:10:00+00:00,0.0,0.0
2026-03-19 10:15:00+00:00,0.0,0.0
2026-03-19 10:20:00+00:00,0.0,0.0
2026-03-19 10:25:00+00:00,0.0,0.0
2026-03-19 10:30:00+00:00,0.0,0.0
2026-03-19 10:35:00+00:00,0.0,0.0
2026-03-19 10:40:00+00:00,0.0,0.0
2026-03-19 10:45:00+00:00,0.0,0.0
2026-03-19 10:50:00+00:00,0.0,0.0
2026-03-19 10:55:00+00:00,0.0,0.0
2026-03-19 11:00:00+00:00,0.0,0.0
2026-03-19 11:05:00+00:00,0.0,0.0
2026-03-19 11:10:00+00:00,0.0,0.0
2026-03-19 11:15:00+00:00,0.0,0.0
2026-03-19 11:20:00+00:00,0.0,0.0
2026-03-19 11:25:00+00:00,0.0,0.0
2026-03-19 11:30:00+00:00,0.0,0.0
2026-03-19 11:35:00+00:00,0.0,0.0
2026-03-19 11:40:00+00:00,0.0,0.0
2026-03-19 11:45:00+00:00,0.0,0.0
2026-03-19 11:50:00+00:00,0.0,0.0
2026-03-19 11:55:00+00:00,0.0,0.0
2026-03-19 12:00:00+00:00,0.0,0.0
2026-03-19 12:05:00+00:00,0.0,0.0
2026-03-19 12:10:00+00:00,0.0,0.0
2026-03-19 12:15:00+00:00,0.0,0.0
2026-03-19 12:20:00+00:00,0.0,0.0
2026-03-19 12:25:00+00:00,0.0,0.0
2026-03-19 12:30:00+00:00,0.0,0.0
2026-03-19 12:35:00+00:00,0.0,0.0
2026-03-19 12:40:00+00:00,0.0,0.0
2026-03-19 12:45:00+00:00,0.0,0.0
2026-03-19 12:50:00+00:00,0.0,0.0
2026-03-19 12:55:00+00:00,0.0,0.0
2026-03-19 13:00:00+00:00,0.0,0.0
2026-03-19 13:05:00+00:00,0.0,0.0
2026-03-19 13:10:00+00:00,0.0,0.0
2026-03-19 13:15:00+00:00,0.0,0.0
2026-03-19 13:20:00+00:00,0.0,0.0
2026-03-19 13:25:00+00:00,0.0,0.0
2026-03-19 13:30:00+00:00,0.0,0.0
2026-03-19 13:35:00+00:00,0.0,0.0
2026-03-19 13:40:00+00:00,0.0,0.0
2026-03-19 13:45:00+00:00,0.0,0.0
2026-03-19 13:50:00+00:00,0.0,0.0
2026-03-19 13:55:00+00:00,0.0,0.0
2026-03-19 14:00:00+00:00,0.0,0.0
2026-03-19 14:05:00+00:00,0.0,0.0
2026-03-19 14:10:00+00:00,0.0,0.0
2026-03-19 14:15:00+00:00,0.0,0.0
2026-03-19 14:20:00+00:00,0.0,0.0
2026-03-19 14:25:00+00:00,0.0,0.0
2026-03-19 14:30:00+00:00,0.0,0.0
2026-03-19 14:35:00+00:00,0.0,0.0
2026-03-19 14:40:00+00:00,0.0,0.0
2026-03-19 14:45:00+00:00,0.0,0.0
2026-03-19 14:50:00+00:00,0.0,0.0
2026-03-19 14:55:00+00:00,0.0,0.0
2026-03-19 15:00:00+00:00,0.0,0.0
2026-03-19 15:05:00+00:00,0.0,0.0
2026-03-19 15:10:00+00:00,0.0,0.0
2026-03-19 15:15:00+00:00,0.0,0.0
2026-03-19 15:20:00+00:00,0.0,0.0
2026-03-19 15:25:00+00:00,0.0,0.0
2026-03-19 15:30:00+00:00,0.0,0.0
2026-03-19 15:35:00+00:00,0.0,0.0
2026-03-19 15:40:00+00:00,0.0,0.0
2026-03-19 15:45:00+00:00,0.0,0.0
2026-03-19 15:50:00+00:00,0.0,0.0
2026-03-19 15:55:00+00:00,0.0,0.0
2026-03-19 16:00:00+00:00,0.0,0.0
2026-03-19 16:05:00+00:00,0.0,0.0
2026-03-19 16:10:00+00:00,0.0,0.0
2026-03-19 16:15:00+00:00,0.0,0.0
2026-03-19 16:20:00+00:00,0.0,0.0
2026-03-19 16:25:00+00:00,0.0,0.0
2026-03-19 16:30:00+00:00,0.0,0.0
2026-03-19 16:35:00+00:00,0.0,0.0
2026-03-19 16:40:00+00:00,0.0,0.0
2026-03-19 16:45:00+00:00,0.0,0.0
2026-03-19 16:50:00+00:00,0.0,0.0
2026-03-19 16:55:00+00:00,0.0,0.0
2026-03-19 17:00:00+00:00,0.0,0.0
2026-03-19 17:05:00+00:00,0.0,0.0
2026-03-19 17:10:00+00:00,0.0,0.0
2026-03-19 17:15:00+00:00,0.0,0.0
2026-03-19 17:20:00+00:00,0.0,0.0
2026-03-19 17:25:00+00:00,0.0,0.0
2026-03-19 17:30:00+00:00,0.0,0.0
2026-03-19 17:35:00+00:00,0.0,0.0
2026-03-19 17:40:00+00:00,0.0,0.0
2026-03-19 17:45:00+00:00,0.0,0.0
2026-03-19 17:50:00+00:00,0.0,0.0
2026-03-19 17:55:00+00:00,0.0,0.0
2026-03-19 18:00:00+00:00,0.0,0.0
2026-03-19 18:05:00+00:00,0.0,0.0
2026-03-19 18:10:00+00:00,0.0,0.0
2026-03-19 18:15:00+00:00,0.0,0.0
2026-03-19 18:20:00+00:00,0.0,0.0
2026-03-19 18:25:00+00:00,0.0,0.0
2026-03-19 18:30:00+00:00,0.0,0.0
2026-03-19 18:35:00+00:00,0.0,0.0
2026-03-19 18:40:00+00:00,0.0,0.0
2026-03-19 18:45:00+00:00,0.0,0.0
2026-03-19 18:50:00+00:00,0.0,0.0
2026-03-19 18:55:00+00:00,0.0,0.0
2026-03-19 19:00:00+00:00,0.0,0.0
2026-03-19 19:05:00+00:00,0.0,0.0
2026-03-19 19:10:00+00:00,0.0,0.0
2026-03-19 19:15:00+00:00,0.0,0.0
2026-03-19 19:20:00+00:00,0.0,0.0
2026-03-19 19:25:00+00:00,0.0,0.0
2026-03-19 19:30:00+00:00,0.0,0.0
2026-03-19 19:35:00+00:00,0.0,0.0
2026-03-19 19:40:00+00:00,0.0,0.0
2026-03-19 19:45:00+00:00,0.0,0.0
2026-03-19 19:50:00+00:00,0.0,0.0
2026-03-19 19:55:00+00:00,0.0,0.0
2026-03-19 20:00:00+00:00,0.0,0.0
2026-03-19 20:05:00+00:00,0.0,0.0
2026-03-19 20:10:00+00:00,0.0,0.0
2026-03-19 20:15:00+00:00,0.0,0.0
2026-03-19 20:20:00+00:00,0.0,0.0
2026-03-19 20:25:00+00:00,0.0,0.0
2026-03-19 20:30:00+00:00,0.0,0.0
2026-03-19 20:35:00+00:00,0.0,0.0
2026-03-19 20:40:00+00:00,0.0,0.0
2026-03-19 20:45:00+00:00,0.0,0.0
2026-03-19 20:50:00+00:00,0.0,0.0
2026-03-19 20:55:00+00:00,0.0,0.0
2026-03-19 21:00:00+00:00,0.0,0.0
2026-03-19 21:05:00+00:00,0.0,0.0
2026-03-19 21:10:00+00:00,0.0,0.0
2026-03-19 21:15:00+00:00,0.0,0.0
2026-03-19 21:20:00+00:00,0.0,0.0
2026-03-19 21:25:00+00:00,0.0,0.0
2026-03-19 21:30:00+00:00,0.0,0.0
2026-03-19 21:35:00+00:00,0.0,0.0
2026-03-19 21:40:00+00:00,0.0,0.0
2026-03-19 21:45:00+00:00,0.0,0.0
2026-03-19 21:50:00+00:00,0.0,0.0
2026-03-19 21:55:00+00:00,0.0,0.0
2026-03-19 22:00:00+00:00,0.0,0.0
2026-03-19 22:05:00+00:00,0.0,0.0
2026-03-19 22:10:00+00:00,0.0,0.0
2026-03-19 22:15:00+00:00,0.0,0.0
2026-03-19 22:20:00+00:00,0.0,0.0
2026-03-19 22:25:00+00:00,0.0,0.0
2026-03-19 22:30:00+00:00,0.0,0.0
2026-03-19 22:35:00+00:00,0.0,0.0
2026-03-19 22:40:00+00:00,0.0,0.0
2026-03-19 22:45:00+00:00,0.0,0.0
2026-03-19 22:50:00+00:00,0.0,0.0
2026-03-19 22:55:00+00:00,0.0,0.0
2026-03-19 23:00:00+00:00,0.0,0.0
2026-03-19 23:05:00+00:00,0.0,0.0
2026-03-19 23:10:00+00:00,0.0,0.0
2026-03-19 23:15:00+00:00,0.0,0.0
2026-03-19 23:20:00+00:00,0.0,0.0
2026-03-19 23:25:00+00:00,0.0,0.0
2026-03-19 23:30:00+00:00,0.0,0.0
2026-03-19 23:35:00+00:00,0.0,0.0
2026-03-19 23:40:00+00:00,0.0,0.0
2026-03-19 23:45:00+00:00,0.0,0.0
2026-03-19 23:50:00+00:00,0.0,0.0
2026-03-19 23:55:00+00:00,0.0,0.0
2026-03-20 00:00:00+00:00,0.0,0.0
2026-03-20 00:05:00+00:00,0.0,0.0
2026-03-20 00:10:00+00:00,0.0,0.0
2026-03-20 00:15:00+00:00,0.0,0.0
2026-03-20 00:20:00+00:00,0.0,0.0
2026-03-20 00:25:00+00:00,0.0,0.0
2026-03-20 00:30:00+00:00,0.0,0.0
2026-03-20 00:35:00+00:00,0.0,0.0
2026-03-20 00:40:00+00:00,0.0,0.0
2026-03-20 00:45:00+00:00,0.0,0.0
2026-03-20 00:50:00+00:00,0.0,0.0
2026-03-20 00:55:00+00:00,0.0,0.0
2026-03-20 01:00:00+00:00,0.0,0.0
2026-03-20 01:05:00+00:00,0.0,0.0
2026-03-20 01:10:00+00:00,0.0,0.0
2026-03-20 01:15:00+00:00,0.0,0.0
2026-03-20 01:20:00+00:00,0.0,0.0
2026-03-20 01:25:00+00:00,0.0,0.0
2026-03-20 01:30:00+00:00,0.0,0.0
2026-03-20 01:35:00+00:00,0.0,0.0
2026-03-20 01:40:00+00:00,0.0,0.0
2026-03-20 01:45:00+00:00,0.0,0.0
2026-03-20 01:50:00+00:00,0.0,0.0
2026-03-20 01:55:00+00:00,0.0,0.0
2026-03-20 02:00:00+00:00,0.0,0.0
2026-03-20 02:05:00+00:00,0.0,0.0
2026-03-20 02:10:00+00:00,0.0,0.0
2026-03-20 02:15:00+00:00,0.0,0.0
2026-03-20 02:20:00+00:00,0.0,0.0
2026-03-20 02:25:00+00:00,0.0,0.0
2026-03-20 02:30:00+00:00,0.0,0.0
2026-03-20 02:35:00+00:00,0.0,0.0
2026-03-20 02:40:00+00:00,0.0,0.0
2026-03-20 02:45:00+00:00,0.0,0.0
2026-03-20 02:50:00+00:00,0.0,0.0
2026-03-20 02:55:00+00:00,0.0,0.0
2026-03-20 03:00:00+00:00,0.0,0.0
2026-03-20 03:05:00+00:00,0.0,0.0
2026-03-20 03:10:00+00:00,0.0,0.0
2026-03-20 03:15:00+00:00,0.0,0.0
2026-03-20 03:20:00+00:00,0.0,0.0
2026-03-20 03:25:00+00:00,0.0,0.0
2026-03-20 03:30:00+00:00,0.0,0.0
2026-03-20 03:35:00+00:00,0.0,0.0
2026-03-20 03:40:00+00:00,0.0,0.0
2026-03-20 03:45:00+00:00,0.0,0.0
2026-03-20 03:50:00+00:00,0.0,0.0
2026-03-20 03:55:00+00:00,0.0,0.0
2026-03-20 04:00:00+00:00,0.0,0.0
2026-03-20 04:05:00+00:00,0.0,0.0
2026-03-20 04:10:00+00:00,0.0,0.0
2026-03-20 04:15:00+00:00,0.0,0.0
2026-03-20 04:20:00+00:00,0.0,0.0
2026-03-20 04:25:00+00:00,0.0,0.0
2026-03-20 04:30:00+00:00,0.0,0.0
2026-03-20 04:35:00+00:00,0.0,0.0
2026-03-20 04:40:00+00:00,0.0,0.0
2026-03-20 04:45:00+00:00,0.0,0.0
2026-03-20 04:50:00+00:00,0.0,0.0
2026-03-20 04:55:00+00:00,0.0,0.0
2026-03-20 05:00:00+00:00,0.0,0.0
2026-03-20 05:05:00+00:00,0.0,0.0
2026-03-20 05:10:00+00:00,0.0,0.0
2026-03-20 05:15:00+00:00,0.0,0.0
2026-03-20 05:20:00+00:00,0.0,0.0
2026-03-20 05:25:00+00:00,0.0,0.0
2026-03-20 05:30:00+00:00,0.0,0.0
2026-03-20 05:35:00+00:00,0.0,0.0
2026-03-20 05:40:00+00:00,0.0,0.0
2026-03-20 05:45:00+00:00,0.0,0.0
2026-03-20 05:50:00+00:00,0.0,0.0
2026-03-20 05:55:00+00:00,0.0,0.0
2026-03-20 06:00:00+00:00,0.0,0.0
2026-03-20 06:05:00+00:00,0.0,0.0
2026-03-20 06:10:00+00:00,0.0,0.0
2026-03-20 06:15:00+00:00,0.0,0.0
2026-03-20 06:20:00+00:00,0.0,0.0
2026-03-20 06:25:00+00:00,0.0,0.0
2026-03-20 06:30:00+00:00,0.0,0.0
2026-03-20 06:35:00+00:00,0.0,0.0
2026-03-20 06:40:00+00:00,0.0,0.0
2026-03-20 06:45:00+00:00,0.0,0.0
2026-03-20 06:50:00+00:00,0.0,0.0
2026-03-20 06:55:00+00:00,0.0,0.0
2026-03-20 07:00:00+00:00,0.0,0.0
2026-03-20 07:05:00+00:00,0.0,0.0
2026-03-20 07:10:00+00:00,0.0,0.0
2026-03-20 07:15:00+00:00,0.0,0.0
2026-03-20 07:20:00+00:00,0.0,0.0
2026-03-20 07:25:00+00:00,0.0,0.0
2026-03-20 07:30:00+00:00,0.0,0.0
2026-03-20 07:35:00+00:00,0.0,0.0
2026-03-20 07:40:00+00:00,0.0,0.0
2026-03-20 07:45:00+00:00,0.0,0.0
2026-03-20 07:50:00+00:00,0.0,0.0
2026-03-20 07:55:00+00:00,0.0,0.0
2026-03-20 08:00:00+00:00,0.0,0.0
2026-03-20 08:05:00+00:00,0.0,0.0
2026-03-20 08:10:00+00:00,0.0,0.0
2026-03-20 08:15:00+00:00,0.0,0.0
2026-03-20 08:20:00+00:00,0.0,0.0
2026-03-20 08:25:00+00:00,0.0,0.0
2026-03-20 08:30:00+00:00,0.0,0.0
2026-03-20 08:35:00+00:00,0.0,0.0
2026-03-20 08:40:00+00:00,0.0,0.0
2026-03-20 08:45:00+00:00,0.0,0.0
2026-03-20 08:50:00+00:00,0.0,0.0
2026-03-20 08:55:00+00:00,0.0,0.0
2026-03-20 09:00:00+00:00,0.0,0.0
2026-03-20 09:05:00+00:00,0.0,0.0
2026-03-20 09:10:00+00:00,0.0,0.0
2026-03-20 09:15:00+00:00,0.0,0.0
2026-03-20 09:20:00+00:00,0.0,0.0
2026-03-20 09:25:00+00:00,0.0,0.0
2026-03-20 09:30:00+00:00,0.0,0.0
2026-03-20 09:35:00+00:00,0.0,0.0
2026-03-20 09:40:00+00:00,0.0,0.0
2026-03-20 09:45:00+00:00,0.0,0.0
2026-03-20 09:50:00+00:00,0.0,0.0
2026-03-20 09:55:00+00:00,0.0,0.0
2026-03-20 10:00:00+00:00,0.0,0.0
2026-03-20 10:05:00+00:00,0.0,0.0
2026-03-20 10:10:00+00:00,0.0,0.0
2026-03-20 10:15:00+00:00,0.0,0.0
2026-03-20 10:20:00+00:00,0.0,0.0
2026-03-20 10:25:00+00:00,0.0,0.0
2026-03-20 10:30:00+00:00,0.0,0.0
2026-03-20 10:35:00+00:00,0.0,0.0
2026-03-20 10:40:00+00:00,0.0,0.0
2026-03-20 10:45:00+00:00,0.0,0.0
2026-03-20 10:50:00+00:00,0.0,0.0
2026-03-20 10:55:00+00:00,0.0,0.0
2026-03-20 11:00:00+00:00,0.0,0.0
2026-03-20 11:05:00+00:00,0.0,0.0
2026-03-20 11:10:00+00:00,0.0,0.0
2026-03-20 11:15:00+00:00,0.0,0.0
2026-03-20 11:20:00+00:00,0.0,0.0
2026-03-20 11:25:00+00:00,0.0,0.0
2026-03-20 11:30:00+00:00,0.0,0.0
2026-03-20 11:35:00+00:00,0.0,0.0
2026-03-20 11:40:00+00:00,0.0,0.0
2026-03-20 11:45:00+00:00,0.0,0.0
2026-03-20 11:50:00+00:00,0.0,0.0
2026-03-20 11:55:00+00:00,0.0,0.0
2026-03-20 12:00:00+00:00,0.0,0.0
2026-03-20 12:05:00+00:00,0.0,0.0
2026-03-20 12:10:00+00:00,0.0,0.0
2026-03-20 12:15:00+00:00,0.0,0.0
2026-03-20 12:20:00+00:00,0.0,0.0
2026-03-20 12:25:00+00:00,0.0,0.0
2026-03-20 12:30:00+00:00,0.0,0.0
2026-03-20 12:35:00+00:00,0.0,0.0
2026-03-20 12:40:00+00:00,0.0,0.0
2026-03-20 12:45:00+00:00,0.0,0.0
2026-03-20 12:50:00+00:00,0.0,0.0
2026-03-20 12:55:00+00:00,0.0,0.0
2026-03-20 13:00:00+00:00,0.0,0.0
2026-03-20 13:05:00+00:00,0.0,0.0
2026-03-20 13:10:00+00:00,0.0,0.0
2026-03-20 13:15:00+00:00,0.0,0.0
2026-03-20 13:20:00+00:00,0.0,0.0
2026-03-20 13:25:00+00:00,0.0,0.0
2026-03-20 13:30:00+00:00,0.0,0.0
2026-03-20 13:35:00+00:00,0.0,0.0
2026-03-20 13:40:00+00:00,0.0,0.0
2026-03-20 13:45:00+00:00,0.0,0.0
2026-03-20 13:50:00+00:00,0.0,0.0
2026-03-20 13:55:00+00:00,0.0,0.0
2026-03-20 14:00:00+00:00,0.0,0.0
2026-03-20 14:05:00+00:00,0.0,0.0
2026-03-20 14:10:00+00:00,0.0,0.0
2026-03-20 14:15:00+00:00,0.0,0.0
2026-03-20 14:20:00+00:00,0.0,0.0
2026-03-20 14:25:00+00:00,0.0,0.0
2026-03-20 14:30:00+00:00,0.0,0.0
2026-03-20 14:35:00+00:00,0.0,0.0
2026-03-20 14:40:00+00:00,0.0,0.0
2026-03-20 14:45:00+00:00,0.0,0.0
2026-03-20 14:50:00+00:00,0.0,0.0
2026-03-20 14:55:00+00:00,0.0,0.0
2026-03-20 15:00:00+00:00,0.0,0.0
2026-03-20 15:05:00+00:00,0.0,0.0
2026-03-20 15:10:00+00:00,0.0,0.0
2026-03-20 15:15:00+00:00,0.0,0.0
2026-03-20 15:20:00+00:00,0.0,0.0
2026-03-20 15:25:00+00:00,0.0,0.0
2026-03-20 15:30:00+00:00,0.0,0.0
2026-03-20 15:35:00+00:00,0.0,0.0
2026-03-20 15:40:00+00:00,0.0,0.0
2026-03-20 15:45:00+00:00,0.0,0.0
2026-03-20 15:50:00+00:00,0.0,0.0
2026-03-20 15:55:00+00:00,0.0,0.0
2026-03-20 16:00:00+00:00,0.0,0.0
2026-03-20 16:05:00+00:00,0.0,0.0
2026-03-20 16:10:00+00:00,0.0,0.0
2026-03-20 16:15:00+00:00,0.0,0.0
2026-03-20 16:20:00+00:00,0.0,0.0
2026-03-20 16:25:00+00:00,0.0,0.0
2026-03-20 16:30:00+00:00,0.0,0.0
2026-03-20 16:35:00+00:00,0.0,0.0
2026-03-20 16:40:00+00:00,0.0,0.0
2026-03-20 16:45:00+00:00,0.0,0.0
2026-03-20 16:50:00+00:00,0.0,0.0
2026-03-20 16:55:00+00:00,0.0,0.0
2026-03-20 17:00:00+00:00,0.0,0.0
2026-03-20 17:05:00+00:00,0.0,0.0
2026-03-20 17:10:00+00:00,0.0,0.0
2026-03-20 17:15:00+00:00,0.0,0.0
2026-03-20 17:20:00+00:00,0.0,0.0
2026-03-20 17:25:00+00:00,0.0,0.0
2026-03-20 17:30:00+00:00,0.0,0.0
2026-03-20 17:35:00+00:00,0.0,0.0
2026-03-20 17:40:00+00:00,0.0,0.0
2026-03-20 17:45:00+00:00,0.0,0.0
2026-03-20 17:50:00+00:00,0.0,0.0
2026-03-20 17:55:00+00:00,0.0,0.0
2026-03-20 18:00:00+00:00,0.0,0.0
2026-03-20 18:05:00+00:00,0.0,0.0
2026-03-20 18:10:00+00:00,0.0,0.0
2026-03-20 18:15:00+00:00,0.0,0.0
2026-03-20 18:20:00+00:00,0.0,0.0
2026-03-20 18:25:00+00:00,0.0,0.0
2026-03-20 18:30:00+00:00,0.0,0.0
2026-03-20 18:35:00+00:00,0.0,0.0
2026-03-20 18:40:00+00:00,0.0,0.0
2026-03-20 18:45:00+00:00,0.0,0.0
2026-03-20 18:50:00+00:00,0.0,0.0
2026-03-20 18:55:00+00:00,0.0,0.0
2026-03-20 19:00:00+00:00,0.0,0.0
2026-03-20 19:05:00+00:00,0.0,0.0
2026-03-20 19:10:00+00:00,0.0,0.0
2026-03-20 19:15:00+00:00,0.0,0.0
2026-03-20 19:20:00+00:00,0.0,0.0
2026-03-20 19:25:00+00:00,0.0,0.0
2026-03-20 19:30:00+00:00,0.0,0.0
2026-03-20 19:35:00+00:00,0.0,0.0
2026-03-20 19:40:00+00:00,0.0,0.0
2026-03-20 19:45:00+00:00,0.0,0.0
2026-03-20 19:50:00+00:00,0.0,0.0
2026-03-20 19:55:00+00:00,0.0,0.0
2026-03-20 20:00:00+00:00,0.0,0.0
2026-03-20 20:05:00+00:00,0.0,0.0
2026-03-20 20:10:00+00:00,0.0,0.0
2026-03-20 20:15:00+00:00,0.0,0.0
2026-03-20 20:20:00+00:00,0.0,0.0
2026-03-20 20:25:00+00:00,0.0,0.0
2026-03-20 20:30:00+00:00,0.0,0.0
2026-03-20 20:35:00+00:00,0.0,0.0
2026-03-20 20:40:00+00:00,0.0,0.0
2026-03-20 20:45:00+00:00,0.0,0.0
2026-03-20 20:50:00+00:00,0.0,0.0
2026-03-20 20:55:00+00:00,0.0,0.0
2026-03-20 21:00:00+00:00,0.0,0.0
2026-03-20 21:05:00+00:00,0.0,0.0
2026-03-20 21:10:00+00:00,0.0,0.0
2026-03-20 21:15:00+00:00,0.0,0.0
2026-03-20 21:20:00+00:00,0.0,0.0
2026-03-20 21:25:00+00:00,0.0,0.0
2026-03-20 21:30:00+00:00,0.0,0.0
2026-03-20 21:35:00+00:00,0.0,0.0
2026-03-20 21:40:00+00:00,0.0,0.0
2026-03-20 21:45:00+00:00,0.0,0.0
2026-03-20 21:50:00+00:00,0.0,0.0
2026-03-20 21:55:00+00:00,0.0,0.0
2026-03-20 22:00:00+00:00,0.0,0.0
2026-03-20 22:05:00+00:00,0.0,0.0
2026-03-20 22:10:00+00:00,0.0,0.0
2026-03-20 22:15:00+00:00,0.0,0.0
2026-03-20 22:20:00+00:00,0.0,0.0
2026-03-20 22:25:00+00:00,0.0,0.0
2026-03-20 22:30:00+00:00,0.0,0.0
2026-03-20 22:35:00+00:00,0.0,0.0
2026-03-20 22:40:00+00:00,0.0,0.0
2026-03-20 22:45:00+00:00,0.0,0.0
2026-03-20 22:50:00+00:00,0.0,0.0
2026-03-20 22:55:00+00:00,0.0,0.0
2026-03-20 23:00:00+00:00,0.0,0.0
2026-03-20 23:05:00+00:00,0.0,0.0
2026-03-20 23:10:00+00:00,0.0,0.0
2026-03-20 23:15:00+00:00,0.0,0.0
2026-03-20 23:20:00+00:00,0.0,0.0
2026-03-20 23:25:00+00:00,0.0,0.0
2026-03-20 23:30:00+00:00,0.0,0.0
2026-03-20 23:35:00+00:00,0.0,0.0
2026-03-20 23:40:00+00:00,0.0,0.0
2026-03-20 23:45:00+00:00,0.0,0.0
2026-03-20 23:50:00+00:00,0.0,0.0
2026-03-20 23:55:00+00:00,0.0,0.0
2026-03-21 00:00:00+00:00,0.0,0.0
2026-03-21 00:05:00+00:00,0.0,0.0
2026-03-21 00:10:00+00:00,0.0,0.0
2026-03-21 00:15:00+00:00,0.0,0.0
2026-03-21 00:20:00+00:00,0.0,0.0
2026-03-21 00:25:00+00:00,0.0,0.0
2026-03-21 00:30:00+00:00,0.0,0.0
2026-03-21 00:35:00+00:00,0.0,0.0
2026-03-21 00:40:00+00:00,0.0,0.0
2026-03-21 00:45:00+00:00,0.0,0.0
2026-03-21 00:50:00+00:00,0.0,0.0
2026-03-21 00:55:00+00:00,0.0,0.0
2026-03-21 01:00:00+00:00,0.0,0.0
2026-03-21 01:05:00+00:00,0.0,0.0
2026-03-21 01:10:00+00:00,0.0,0.0
2026-03-21 01:15:00+00:00,0.0,0.0
2026-03-21 01:20:00+00:00,0.0,0.0
2026-03-21 01:25:00+00:00,0.0,0.0
2026-03-21 01:30:00+00:00,0.0,0.0
2026-03-21 01:35:00+00:00,0.0,0.0
2026-03-21 01:40:00+00:00,0.0,0.0
2026-03-21 01:45:00+00:00,0.0,0.0
2026-03-21 01:50:00+00:00,0.0,0.0
2026-03-21 01:55:00+00:00,0.0,0.0
2026-03-21 02:00:00+00:00,0.0,0.0
2026-03-21 02:05:00+00:00,0.0,0.0
2026-03-21 02:10:00+00:00,0.0,0.0
2026-03-21 02:15:00+00:00,0.0,0.0
2026-03-21 02:20:00+00:00,0.0,0.0
2026-03-21 02:25:00+00:00,0.0,0.0
2026-03-21 02:30:00+00:00,0.0,0.0
2026-03-21 02:35:00+00:00,0.0,0.0
2026-03-21 02:40:00+00:00,0.0,0.0
2026-03-21 02:45:00+00:00,0.0,0.0
2026-03-21 02:50:00+00:00,0.0,0.0
2026-03-21 02:55:00+00:00,0.0,0.0
2026-03-21 03:00:00+00:00,0.0,0.0
2026-03-21 03:05:00+00:00,0.0,0.0
2026-03-21 03:10:00+00:00,0.0,0.0
2026-03-21 03:15:00+00:00,0.0,0.0
2026-03-21 03:20:00+00:00,0.0,0.0
2026-03-21 03:25:00+00:00,0.0,0.0
2026-03-21 03:30:00+00:00,0.0,0.0
2026-03-21 03:35:00+00:00,0.0,0.0
2026-03-21 03:40:00+00:00,0.0,0.0
2026-03-21 03:45:00+00:00,0.0,0.0
2026-03-21 03:50:00+00:00,0.0,0.0
2026-03-21 03:55:00+00:00,0.0,0.0
2026-03-21 04:00:00+00:00,0.0,0.0
2026-03-21 04:05:00+00:00,0.0,0.0
2026-03-21 04:10:00+00:00,0.0,0.0
2026-03-21 04:15:00+00:00,0.0,0.0
2026-03-21 04:20:00+00:00,0.0,0.0
2026-03-21 04:25:00+00:00,0.0,0.0
2026-03-21 04:30:00+00:00,0.0,0.0
2026-03-21 04:35:00+00:00,0.0,0.0
2026-03-21 04:40:00+00:00,0.0,0.0
2026-03-21 04:45:00+00:00,0.0,0.0
2026-03-21 04:50:00+00:00,0.0,0.0
2026-03-21 04:55:00+00:00,0.0,0.0
2026-03-21 05:00:00+00:00,0.0,0.0
2026-03-21 05:05:00+00:00,0.0,0.0
2026-03-21 05:10:00+00:00,0.0,0.0
2026-03-21 05:15:00+00:00,0.0,0.0
2026-03-21 05:20:00+00:00,0.0,0.0
2026-03-21 05:25:00+00:00,0.0,0.0
2026-03-21 05:30:00+00:00,0.0,0.0
2026-03-21 05:35:00+00:00,0.0,0.0
2026-03-21 05:40:00+00:00,0.0,0.0
2026-03-21 05:45:00+00:00,0.0,0.0
2026-03-21 05:50:00+00:00,0.0,0.0
2026-03-21 05:55:00+00:00,0.0,0.0
2026-03-21 06:00:00+00:00,0.0,0.0
2026-03-21 06:05:00+00:00,0.0,0.0
2026-03-21 06:10:00+00:00,0.0,0.0
2026-03-21 06:15:00+00:00,0.0,0.0
2026-03-21 06:20:00+00:00,0.0,0.0
2026-03-21 06:25:00+00:00,0.0,0.0
2026-03-21 06:30:00+00:00,0.0,0.0
2026-03-21 06:35:00+00:00,0.0,0.0
2026-03-21 06:40:00+00:00,0.0,0.0
2026-03-21 06:45:00+00:00,0.0,0.0
2026-03-21 06:50:00+00:00,0.0,0.0
2026-03-21 06:55:00+00:00,0.0,0.0
2026-03-21 07:00:00+00:00,0.0,0.0
2026-03-21 07:05:00+00:00,0.0,0.0
2026-03-21 07:10:00+00:00,0.0,0.0
2026-03-21 07:15:00+00:00,0.0,0.0
2026-03-21 07:20:00+00:00,0.0,0.0
2026-03-21 07:25:00+00:00,0.0,0.0
2026-03-21 07:30:00+00:00,0.0,0.0
2026-03-21 07:35:00+00:00,0.0,0.0
2026-03-21 07:40:00+00:00,0.0,0.0
2026-03-21 07:45:00+00:00,0.0,0.0
2026-03-21 07:50:00+00:00,0.0,0.0
2026-03-21 07:55:00+00:00,0.0,0.0
2026-03-21 08:00:00+00:00,0.0,0.0
2026-03-21 08:05:00+00:00,0.0,0.0
2026-03-21 08:10:00+00:00,0.0,0.0
2026-03-21 08:15:00+00:00,0.0,0.0
2026-03-21 08:20:00+00:00,0.0,0.0
2026-03-21 08:25:00+00:00,0.0,0.0
2026-03-21 08:30:00+00:00,0.0,0.0
2026-03-21 08:35:00+00:00,0.0,0.0
2026-03-21 08:40:00+00:00,0.0,0.0
2026-03-21 08:45:00+00:00,0.0,0.0
2026-03-21 08:50:00+00:00,0.0,0.0
2026-03-21 08:55:00+00:00,0.0,0.0
2026-03-21 09:00:00+00:00,0.0,0.0
2026-03-21 09:05:00+00:00,0.0,0.0
2026-03-21 09:10:00+00:00,0.0,0.0
2026-03-21 09:15:00+00:00,0.0,0.0
2026-03-21 09:20:00+00:00,0.0,0.0
2026-03-21 09:25:00+00:00,0.0,0.0
2026-03-21 09:30:00+00:00,0.0,0.0
2026-03-21 09:35:00+00:00,0.0,0.0
2026-03-21 09:40:00+00:00,0.0,0.0
2026-03-21 09:45:00+00:00,0.0,0.0
2026-03-21 09:50:00+00:00,0.0,0.0
2026-03-21 09:55:00+00:00,0.0,0.0
2026-03-21 10:00:00+00:00,0.0,0.0
2026-03-21 10:05:00+00:00,0.0,0.0
2026-03-21 10:10:00+00:00,0.0,0.0
2026-03-21 10:15:00+00:00,0.0,0.0
2026-03-21 10:20:00+00:00,0.0,0.0
2026-03-21 10:25:00+00:00,0.0,0.0
2026-03-21 10:30:00+00:00,0.0,0.0
2026-03-21 10:35:00+00:00,0.0,0.0
2026-03-21 10:40:00+00:00,0.0,0.0
2026-03-21 10:45:00+00:00,0.0,0.0
2026-03-21 10:50:00+00:00,0.0,0.0
2026-03-21 10:55:00+00:00,0.0,0.0
2026-03-21 11:00:00+00:00,0.0,0.0
2026-03-21 11:05:00+00:00,0.0,0.0
2026-03-21 11:10:00+00:00,0.0,0.0
2026-03-21 11:15:00+00:00,0.0,0.0
2026-03-21 11:20:00+00:00,0.0,0.0
2026-03-21 11:25:00+00:00,0.0,0.0
2026-03-21 11:30:00+00:00,0.0,0.0
2026-03-21 11:35:00+00:00,0.0,0.0
2026-03-21 11:40:00+00:00,0.0,0.0
2026-03-21 11:45:00+00:00,0.0,0.0
2026-03-21 11:50:00+00:00,0.0,0.0
2026-03-21 11:55:00+00:00,0.0,0.0
2026-03-21 12:00:00+00:00,0.0,0.0
2026-03-21 12:05:00+00:00,0.0,0.0
2026-03-21 12:10:00+00:00,0.0,0.0
2026-03-21 12:15:00+00:00,0.0,0.0
2026-03-21 12:20:00+00:00,0.0,0.0
2026-03-21 12:25:00+00:00,0.0,0.0
2026-03-21 12:30:00+00:00,0.0,0.0
2026-03-21 12:35:00+00:00,0.0,0.0
2026-03-21 12:40:00+00:00,0.0,0.0
2026-03-21 12:45:00+00:00,0.0,0.0
2026-03-21 12:50:00+00:00,0.0,0.0
2026-03-21 12:55:00+00:00,0.0,0.0
2026-03-21 13:00:00+00:00,0.0,0.0
2026-03-21 13:05:00+00:00,0.0,0.0
2026-03-21 13:10:00+00:00,0.0,0.0
2026-03-21 13:15:00+00:00,0.0,0.0
2026-03-21 13:20:00+00:00,0.0,0.0
2026-03-21 13:25:00+00:00,0.0,0.0
2026-03-21 13:30:00+00:00,0.0,0.0
2026-03-21 13:35:00+00:00,0.0,0.0
2026-03-21 13:40:00+00:00,0.0,0.0
2026-03-21 13:45:00+00:00,0.0,0.0
2026-03-21 13:50:00+00:00,0.0,0.0
2026-03-21 13:55:00+00:00,0.0,0.0
2026-03-21 14:00:00+00:00,0.0,0.0
2026-03-21 14:05:00+00:00,0.0,0.0
2026-03-21 14:10:00+00:00,0.0,0.0
2026-03-21 14:15:00+00:00,0.0,0.0
2026-03-21 14:20:00+00:00,0.0,0.0
2026-03-21 14:25:00+00:00,0.0,0.0
2026-03-21 14:30:00+00:00,0.0,0.0
2026-03-21 14:35:00+00:00,0.0,0.0
2026-03-21 14:40:00+00:00,0.0,0.0
2026-03-21 14:45:00+00:00,0.0,0.0
2026-03-21 14:50:00+00:00,0.0,0.0
2026-03-21 14:55:00+00:00,0.0,0.0
2026-03-21 15:00:00+00:00,0.0,0.0
2026-03-21 15:05:00+00:00,0.0,0.0
2026-03-21 15:10:00+00:00,0.0,0.0
2026-03-21 15:15:00+00:00,0.0,0.0
2026-03-21 15:20:00+00:00,0.0,0.0
2026-03-21 15:25:00+00:00,0.0,0.0
2026-03-21 15:30:00+00:00,0.0,0.0
2026-03-21 15:35:00+00:00,0.0,0.0
2026-03-21 15:40:00+00:00,0.0,0.0
2026-03-21 15:45:00+00:00,0.0,0.0
2026-03-21 15:50:00+00:00,0.0,0.0
2026-03-21 15:55:00+00:00,0.0,0.0
2026-03-21 16:00:00+00:00,0.0,0.0
2026-03-21 16:05:00+00:00,0.0,0.0
2026-03-21 16:10:00+00:00,0.0,0.0
2026-03-21 16:15:00+00:00,0.0,0.0
2026-03-21 16:20:00+00:00,0.0,0.0
2026-03-21 16:25:00+00:00,0.0,0.0
2026-03-21 16:30:00+00:00,0.0,0.0
2026-03-21 16:35:00+00:00,0.0,0.0
2026-03-21 16:40:00+00:00,0.0,0.0
2026-03-21 16:45:00+00:00,0.0,0.0
2026-03-21 16:50:00+00:00,0.0,0.0
2026-03-21 16:55:00+00:00,0.0,0.0
2026-03-21 17:00:00+00:00,0.0,0.0
2026-03-21 17:05:00+00:00,0.0,0.0
2026-03-21 17:10:00+00:00,0.0,0.0
2026-03-21 17:15:00+00:00,0.0,0.0
2026-03-21 17:20:00+00:00,0.0,0.0
2026-03-21 17:25:00+00:00,0.0,0.0
2026-03-21 17:30:00+00:00,0.0,0.0
2026-03-21 17:35:00+00:00,0.0,0.0
2026-03-21 17:40:00+00:00,0.0,0.0
2026-03-21 17:45:00+00:00,0.0,0.0
2026-03-21 17:50:00+00:00,0.0,0.0
2026-03-21 17:55:00+00:00,0.0,0.0
2026-03-21 18:00:00+00:00,0.0,0.0
2026-03-21 18:05:00+00:00,0.0,0.0
2026-03-21 18:10:00+00:00,0.0,0.0
2026-03-21 18:15:00+00:00,0.0,0.0
2026-03-21 18:20:00+00:00,0.0,0.0
2026-03-21 18:25:00+00:00,0.0,0.0
2026-03-21 18:30:00+00:00,0.0,0.0
2026-03-21 18:35:00+00:00,0.0,0.0
2026-03-21 18:40:00+00:00,0.0,0.0
2026-03-21 18:45:00+00:00,0.0,0.0
2026-03-21 18:50:00+00:00,0.0,0.0
2026-03-21 18:55:00+00:00,0.0,0.0
2026-03-21 19:00:00+00:00,0.0,0.0
2026-03-21 19:05:00+00:00,0.0,0.0
2026-03-21 19:10:00+00:00,0.0,0.0
2026-03-21 19:15:00+00:00,0.0,0.0
2026-03-21 19:20:00+00:00,0.0,0.0
2026-03-21 19:25:00+00:00,0.0,0.0
2026-03-21 19:30:00+00:00,0.0,0.0
2026-03-21 19:35:00+00:00,0.0,0.0
2026-03-21 19:40:00+00:00,0.0,0.0
2026-03-21 19:45:00+00:00,0.0,0.0
2026-03-21 19:50:00+00:00,0.0,0.0
2026-03-21 19:55:00+00:00,0.0,0.0
2026-03-21 20:00:00+00:00,0.0,0.0
2026-03-21 20:05:00+00:00,0.0,0.0
2026-03-21 20:10:00+00:00,0.0,0.0
2026-03-21 20:15:00+00:00,0.0,0.0
2026-03-21 20:20:00+00:00,0.0,0.0
2026-03-21 20:25:00+00:00,0.0,0.0
2026-03-21 20:30:00+00:00,0.0,0.0
2026-03-21 20:35:00+00:00,0.0,0.0
2026-03-21 20:40:00+00:00,0.0,0.0
2026-03-21 20:45:00+00:00,0.0,0.0
2026-03-21 20:50:00+00:00,0.0,0.0
2026-03-21 20:55:00+00:00,0.0,0.0
2026-03-21 21:00:00+00:00,0.0,0.0
2026-03-21 21:05:00+00:00,0.0,0.0
2026-03-21 21:10:00+00:00,0.0,0.0
2026-03-21 21:15:00+00:00,0.0,0.0
2026-03-21 21:20:00+00:00,0.0,0.0
2026-03-21 21:25:00+00:00,0.0,0.0
2026-03-21 21:30:00+00:00,0.0,0.0
2026-03-21 21:35:00+00:00,0.0,0.0
2026-03-21 21:40:00+00:00,0.0,0.0
2026-03-21 21:45:00+00:00,0.0,0.0
2026-03-21 21:50:00+00:00,0.0,0.0
2026-03-21 21:55:00+00:00,0.0,0.0
2026-03-21 22:00:00+00:00,0.0,0.0
2026-03-21 22:05:00+00:00,0.0,0.0
2026-03-21 22:10:00+00:00,0.0,0.0
2026-03-21 22:15:00+00:00,0.0,0.0
2026-03-21 22:20:00+00:00,0.0,0.0
2026-03-21 22:25:00+00:00,0.0,0.0
2026-03-21 22:30:00+00:00,0.0,0.0
2026-03-21 22:35:00+00:00,0.0,0.0
2026-03-21 22:40:00+00:00,0.0,0.0
2026-03-21 22:45:00+00:00,0.0,0.0
2026-03-21 22:50:00+00:00,0.0,0.0
2026-03-21 22:55:00+00:00,0.0,0.0
2026-03-21 23:00:00+00:00,0.0,0.0
2026-03-21 23:05:00+00:00,0.0,0.0
2026-03-21 23:10:00+00:00,0.0,0.0
2026-03-21 23:15:00+00:00,0.0,0.0
2026-03-21 23:20:00+00:00,0.0,0.0
2026-03-21 23:25:00+00:00,0.0,0.0
2026-03-21 23:30:00+00:00,0.0,0.0
2026-03-21 23:35:00+00:00,0.0,0.0
2026-03-21 23:40:00+00:00,0.0,0.0
2026-03-21 23:45:00+00:00,0.0,0.0
2026-03-21 23:50:00+00:00,0.0,0.0
2026-03-21 23:55:00+00:00,0.0,0.0
2026-03-22 00:00:00+00:00,0.0,0.0
2026-03-22 00:05:00+00:00,0.0,0.0
2026-03-22 00:10:00+00:00,0.0,0.0
2026-03-22 00:15:00+00:00,0.0,0.0
2026-03-22 00:20:00+00:00,0.0,0.0
2026-03-22 00:25:00+00:00,0.0,0.0
2026-03-22 00:30:00+00:00,0.0,0.0
2026-03-22 00:35:00+00:00,0.0,0.0
2026-03-22 00:40:00+00:00,0.0,0.0
2026-03-22 00:45:00+00:00,0.0,0.0
2026-03-22 00:50:00+00:00,0.0,0.0
2026-03-22 00:55:00+00:00,0.0,0.0
2026-03-22 01:00:00+00:00,0.0,0.0
2026-03-22 01:05:00+00:00,0.0,0.0
2026-03-22 01:10:00+00:00,0.0,0.0
2026-03-22 01:15:00+00:00,0.0,0.0
2026-03-22 01:20:00+00:00,0.0,0.0
2026-03-22 01:25:00+00:00,0.0,0.0
2026-03-22 01:30:00+00:00,0.0,0.0
2026-03-22 01:35:00+00:00,0.0,0.0
2026-03-22 01:40:00+00:00,0.0,0.0
2026-03-22 01:45:00+00:00,0.0,0.0
2026-03-22 01:50:00+00:00,0.0,0.0
2026-03-22 01:55:00+00:00,0.0,0.0
2026-03-22 02:00:00+00:00,0.0,0.0
2026-03-22 02:05:00+00:00,0.0,0.0
2026-03-22 02:10:00+00:00,0.0,0.0
2026-03-22 02:15:00+00:00,0.0,0.0
2026-03-22 02:20:00+00:00,0.0,0.0
2026-03-22 02:25:00+00:00,0.0,0.0
2026-03-22 02:30:00+00:00,0.0,0.0
2026-03-22 02:35:00+00:00,0.0,0.0
2026-03-22 02:40:00+00:00,0.0,0.0
2026-03-22 02:45:00+00:00,0.0,0.0
2026-03-22 02:50:00+00:00,0.0,0.0
2026-03-22 02:55:00+00:00,0.0,0.0
2026-03-22 03:00:00+00:00,0.0,0.0
2026-03-22 03:05:00+00:00,0.0,0.0
2026-03-22 03:10:00+00:00,0.0,0.0
2026-03-22 03:15:00+00:00,0.0,0.0
2026-03-22 03:20:00+00:00,0.0,0.0
2026-03-22 03:25:00+00:00,0.0,0.0
2026-03-22 03:30:00+00:00,0.0,0.0
2026-03-22 03:35:00+00:00,0.0,0.0
2026-03-22 03:40:00+00:00,0.0,0.0
2026-03-22 03:45:00+00:00,0.0,0.0
2026-03-22 03:50:00+00:00,0.0,0.0
2026-03-22 03:55:00+00:00,0.0,0.0
2026-03-22 04:00:00+00:00,0.0,0.0
2026-03-22 04:05:00+00:00,0.0,0.0
2026-03-22 04:10:00+00:00,0.0,0.0
2026-03-22 04:15:00+00:00,0.0,0.0
2026-03-22 04:20:00+00:00,0.0,0.0
2026-03-22 04:25:00+00:00,0.0,0.0
2026-03-22 04:30:00+00:00,0.0,0.0
2026-03-22 04:35:00+00:00,0.0,0.0
2026-03-22 04:40:00+00:00,0.0,0.0
2026-03-22 04:45:00+00:00,0.0,0.0
2026-03-22 04:50:00+00:00,0.0,0.0
2026-03-22 04:55:00+00:00,0.0,0.0
2026-03-22 05:00:00+00:00,0.0,0.0
2026-03-22 05:05:00+00:00,0.0,0.0
2026-03-22 05:10:00+00:00,0.0,0.0
2026-03-22 05:15:00+00:00,0.0,0.0
2026-03-22 05:20:00+00:00,0.0,0.0
2026-03-22 05:25:00+00:00,0.0,0.0
2026-03-22 05:30:00+00:00,0.0,0.0
2026-03-22 05:35:00+00:00,0.0,0.0
2026-03-22 05:40:00+00:00,0.0,0.0
2026-03-22 05:45:00+00:00,0.0,0.0
2026-03-22 05:50:00+00:00,0.0,0.0
2026-03-22 05:55:00+00:00,0.0,0.0
2026-03-22 06:00:00+00:00,0.0,0.0
2026-03-22 06:05:00+00:00,0.0,0.0
2026-03-22 06:10:00+00:00,0.0,0.0
2026-03-22 06:15:00+00:00,0.0,0.0
2026-03-22 06:20:00+00:00,0.0,0.0
2026-03-22 06:25:00+00:00,0.0,0.0
2026-03-22 06:30:00+00:00,0.0,0.0
2026-03-22 06:35:00+00:00,0.0,0.0
2026-03-22 06:40:00+00:00,0.0,0.0
2026-03-22 06:45:00+00:00,0.0,0.0
2026-03-22 06:50:00+00:00,0.0,0.0
2026-03-22 06:55:00+00:00,0.0,0.0
2026-03-22 07:00:00+00:00,0.0,0.0
2026-03-22 07:05:00+00:00,0.0,0.0
2026-03-22 07:10:00+00:00,0.0,0.0
2026-03-22 07:15:00+00:00,0.0,0.0
2026-03-22 07:20:00+00:00,0.0,0.0
2026-03-22 07:25:00+00:00,0.0,0.0
2026-03-22 07:30:00+00:00,0.0,0.0
2026-03-22 07:35:00+00:00,0.0,0.0
2026-03-22 07:40:00+00:00,0.0,0.0
2026-03-22 07:45:00+00:00,0.0,0.0
2026-03-22 07:50:00+00:00,0.0,0.0
2026-03-22 07:55:00+00:00,0.0,0.0
2026-03-22 08:00:00+00:00,0.0,0.0
2026-03-22 08:05:00+00:00,0.0,0.0
2026-03-22 08:10:00+00:00,0.0,0.0
2026-03-22 08:15:00+00:00,0.0,0.0
2026-03-22 08:20:00+00:00,0.0,0.0
2026-03-22 08:25:00+00:00,0.0,0.0
2026-03-22 08:30:00+00:00,0.0,0.0
2026-03-22 08:35:00+00:00,0.0,0.0
2026-03-22 08:40:00+00:00,0.0,0.0
2026-03-22 08:45:00+00:00,0.0,0.0
2026-03-22 08:50:00+00:00,0.0,0.0
2026-03-22 08:55:00+00:00,0.0,0.0
2026-03-22 09:00:00+00:00,0.0,0.0
2026-03-22 09:05:00+00:00,0.0,0.0
2026-03-22 09:10:00+00:00,0.0,0.0
2026-03-22 09:15:00+00:00,0.0,0.0
2026-03-22 09:20:00+00:00,0.0,0.0
2026-03-22 09:25:00+00:00,0.0,0.0
2026-03-22 09:30:00+00:00,0.0,0.0
2026-03-22 09:35:00+00:00,0.0,0.0
2026-03-22 09:40:00+00:00,0.0,0.0
2026-03-22 09:45:00+00:00,0.0,0.0
2026-03-22 09:50:00+00:00,0.0,0.0
2026-03-22 09:55:00+00:00,0.0,0.0
2026-03-22 10:00:00+00:00,0.0,0.0
2026-03-22 10:05:00+00:00,0.0,0.0
2026-03-22 10:10:00+00:00,0.0,0.0
2026-03-22 10:15:00+00:00,0.0,0.0
2026-03-22 10:20:00+00:00,0.0,0.0
2026-03-22 10:25:00+00:00,0.0,0.0
2026-03-22 10:30:00+00:00,0.0,0.0
2026-03-22 10:35:00+00:00,0.0,0.0
2026-03-22 10:40:00+00:00,0.0,0.0
2026-03-22 10:45:00+00:00,0.0,0.0
2026-03-22 10:50:00+00:00,0.0,0.0
2026-03-22 10:55:00+00:00,0.0,0.0
2026-03-22 11:00:00+00:00,0.0,0.0
2026-03-22 11:05:00+00:00,0.0,0.0
2026-03-22 11:10:00+00:00,0.0,0.0
2026-03-22 11:15:00+00:00,0.0,0.0
2026-03-22 11:20:00+00:00,0.0,0.0
2026-03-22 11:25:00+00:00,0.0,0.0
2026-03-22 11:30:00+00:00,0.0,0.0
2026-03-22 11:35:00+00:00,0.0,0.0
2026-03-22 11:40:00+00:00,0.0,0.0
2026-03-22 11:45:00+00:00,0.0,0.0
2026-03-22 11:50:00+00:00,0.0,0.0
2026-03-22 11:55:00+00:00,0.0,0.0
2026-03-22 12:00:00+00:00,0.0,0.0
2026-03-22 12:05:00+00:00,0.0,0.0
2026-03-22 12:10:00+00:00,0.0,0.0
2026-03-22 12:15:00+00:00,0.0,0.0
2026-03-22 12:20:00+00:00,0.0,0.0
2026-03-22 12:25:00+00:00,0.0,0.0
2026-03-22 12:30:00+00:00,0.0,0.0
2026-03-22 12:35:00+00:00,0.0,0.0
2026-03-22 12:40:00+00:00,0.0,0.0
2026-03-22 12:45:00+00:00,0.0,0.0
2026-03-22 12:50:00+00:00,0.0,0.0
2026-03-22 12:55:00+00:00,0.0,0.0
2026-03-22 13:00:00+00:00,0.0,0.0
2026-03-22 13:05:00+00:00,0.0,0.0
2026-03-22 13:10:00+00:00,0.0,0.0
2026-03-22 13:15:00+00:00,0.0,0.0
2026-03-22 13:20:00+00:00,0.0,0.0
2026-03-22 13:25:00+00:00,0.0,0.0
2026-03-22 13:30:00+00:00,0.0,0.0
2026-03-22 13:35:00+00:00,0.0,0.0
2026-03-22 13:40:00+00:00,0.0,0.0
2026-03-22 13:45:00+00:00,0.0,0.0
2026-03-22 13:50:00+00:00,0.0,0.0
2026-03-22 13:55:00+00:00,0.0,0.0
2026-03-22 14:00:00+00:00,0.0,0.0
2026-03-22 14:05:00+00:00,0.0,0.0
2026-03-22 14:10:00+00:00,0.0,0.0
2026-03-22 14:15:00+00:00,0.0,0.0
2026-03-22 14:20:00+00:00,0.0,0.0
2026-03-22 14:25:00+00:00,0.0,0.0
2026-03-22 14:30:00+00:00,0.0,0.0
2026-03-22 14:35:00+00:00,0.0,0.0
2026-03-22 14:40:00+00:00,0.0,0.0
2026-03-22 14:45:00+00:00,0.0,0.0
2026-03-22 14:50:00+00:00,0.0,0.0
2026-03-22 14:55:00+00:00,0.0,0.0
2026-03-22 15:00:00+00:00,0.0,0.0
2026-03-22 15:05:00+00:00,0.0,0.0
2026-03-22 15:10:00+00:00,0.0,0.0
2026-03-22 15:15:00+00:00,0.0,0.0
2026-03-22 15:20:00+00:00,0.0,0.0
2026-03-22 15:25:00+00:00,0.0,0.0
2026-03-22 15:30:00+00:00,0.0,0.0
2026-03-22 15:35:00+00:00,0.0,0.0
2026-03-22 15:40:00+00:00,0.0,0.0
2026-03-22 15:45:00+00:00,0.0,0.0
2026-03-22 15:50:00+00:00,0.0,0.0
2026-03-22 15:55:00+00:00,0.0,0.0
2026-03-22 16:00:00+00:00,0.0,0.0
2026-03-22 16:05:00+00:00,0.0,0.0
2026-03-22 16:10:00+00:00,0.0,0.0
2026-03-22 16:15:00+00:00,0.0,0.0
2026-03-22 16:20:00+00:00,0.0,0.0
2026-03-22 16:25:00+00:00,0.0,0.0
2026-03-22 16:30:00+00:00,0.0,0.0
2026-03-22 16:35:00+00:00,0.0,0.0
2026-03-22 16:40:00+00:00,0.0,0.0
2026-03-22 16:45:00+00:00,0.0,0.0
2026-03-22 16:50:00+00:00,0.0,0.0
2026-03-22 16:55:00+00:00,0.0,0.0
2026-03-22 17:00:00+00:00,0.0,0.0
2026-03-22 17:05:00+00:00,0.0,0.0
2026-03-22 17:10:00+00:00,0.0,0.0
2026-03-22 17:15:00+00:00,0.0,0.0
2026-03-22 17:20:00+00:00,0.0,0.0
2026-03-22 17:25:00+00:00,0.0,0.0
2026-03-22 17:30:00+00:00,0.0,0.0
2026-03-22 17:35:00+00:00,0.0,0.0
2026-03-22 17:40:00+00:00,0.0,0.0
2026-03-22 17:45:00+00:00,0.0,0.0
2026-03-22 17:50:00+00:00,0.0,0.0
2026-03-22 17:55:00+00:00,0.0,0.0
2026-03-22 18:00:00+00:00,0.0,0.0
2026-03-22 18:05:00+00:00,0.0,0.0
2026-03-22 18:10:00+00:00,0.0,0.0
2026-03-22 18:15:00+00:00,0.0,0.0
2026-03-22 18:20:00+00:00,0.0,0.0
2026-03-22 18:25:00+00:00,0.0,0.0
2026-03-22 18:30:00+00:00,0.0,0.0
2026-03-22 18:35:00+00:00,0.0,0.0
2026-03-22 18:40:00+00:00,0.0,0.0
2026-03-22 18:45:00+00:00,0.0,0.0
2026-03-22 18:50:00+00:00,0.0,0.0
2026-03-22 18:55:00+00:00,0.0,0.0
2026-03-22 19:00:00+00:00,0.0,0.0
2026-03-22 19:05:00+00:00,0.0,0.0
2026-03-22 19:10:00+00:00,0.0,0.0
2026-03-22 19:15:00+00:00,0.0,0.0
2026-03-22 19:20:00+00:00,0.0,0.0
2026-03-22 19:25:00+00:00,0.0,0.0
2026-03-22 19:30:00+00:00,0.0,0.0
2026-03-22 19:35:00+00:00,0.0,0.0
2026-03-22 19:40:00+00:00,0.0,0.0
2026-03-22 19:45:00+00:00,0.0,0.0
2026-03-22 19:50:00+00:00,0.0,0.0
2026-03-22 19:55:00+00:00,0.0,0.0
2026-03-22 20:00:00+00:00,0.0,0.0
2026-03-22 20:05:00+00:00,0.0,0.0
2026-03-22 20:10:00+00:00,0.0,0.0
2026-03-22 20:15:00+00:00,0.0,0.0
2026-03-22 20:20:00+00:00,0.0,0.0
2026-03-22 20:25:00+00:00,0.0,0.0
2026-03-22 20:30:00+00:00,0.0,0.0
2026-03-22 20:35:00+00:00,0.0,0.0
2026-03-22 20:40:00+00:00,0.0,0.0
2026-03-22 20:45:00+00:00,0.0,0.0
2026-03-22 20:50:00+00:00,0.0,0.0
2026-03-22 20:55:00+00:00,0.0,0.0
2026-03-22 21:00:00+00:00,0.0,0.0
2026-03-22 21:05:00+00:00,0.0,0.0
2026-03-22 21:10:00+00:00,0.0,0.0
2026-03-22 21:15:00+00:00,0.0,0.0
2026-03-22 21:20:00+00:00,0.0,0.0
2026-03-22 21:25:00+00:00,0.0,0.0
2026-03-22 21:30:00+00:00,0.0,0.0
2026-03-22 21:35:00+00:00,0.0,0.0
2026-03-22 21:40:00+00:00,0.0,0.0
2026-03-22 21:45:00+00:00,0.0,0.0
2026-03-22 21:50:00+00:00,0.0,0.0
2026-03-22 21:55:00+00:00,0.0,0.0
2026-03-22 22:00:00+00:00,0.0,0.0
2026-03-22 22:05:00+00:00,0.0,0.0
2026-03-22 22:10:00+00:00,0.0,0.0
2026-03-22 22:15:00+00:00,0.0,0.0
2026-03-22 22:20:00+00:00,0.0,0.0
2026-03-22 22:25:00+00:00,0.0,0.0
2026-03-22 22:30:00+00:00,0.0,0.0
2026-03-22 22:35:00+00:00,0.0,0.0
2026-03-22 22:40:00+00:00,0.0,0.0
2026-03-22 22:45:00+00:00,0.0,0.0
2026-03-22 22:50:00+00:00,0.0,0.0
2026-03-22 22:55:00+00:00,0.0,0.0
2026-03-22 23:00:00+00:00,0.0,0.0
2026-03-22 23:05:00+00:00,0.0,0.0
2026-03-22 23:10:00+00:00,0.0,0.0
2026-03-22 23:15:00+00:00,0.0,0.0
2026-03-22 23:20:00+00:00,0.0,0.0
2026-03-22 23:25:00+00:00,0.0,0.0
2026-03-22 23:30:00+00:00,0.0,0.0
2026-03-22 23:35:00+00:00,0.0,0.0
2026-03-22 23:40:00+00:00,0.0,0.0
2026-03-22 23:45:00+00:00,0.0,0.0
2026-03-22 23:50:00+00:00,0.0,0.0
2026-03-22 23:55:00+00:00,0.0,0.0
2026-03-23 00:00:00+00:00,0.0,0.0
2026-03-23 00:05:00+00:00,0.0,0.0
2026-03-23 00:10:00+00:00,0.0,0.0
2026-03-23 00:15:00+00:00,0.0,0.0
2026-03-23 00:20:00+00:00,0.0,0.0
2026-03-23 00:25:00+00:00,0.0,0.0
2026-03-23 00:30:00+00:00,0.0,0.0
2026-03-23 00:35:00+00:00,0.0,0.0
2026-03-23 00:40:00+00:00,0.0,0.0
2026-03-23 00:45:00+00:00,0.0,0.0
2026-03-23 00:50:00+00:00,0.0,0.0
2026-03-23 00:55:00+00:00,0.0,0.0
2026-03-23 01:00:00+00:00,0.0,0.0
2026-03-23 01:05:00+00:00,0.0,0.0
2026-03-23 01:10:00+00:00,0.0,0.0
2026-03-23 01:15:00+00:00,0.0,0.0
2026-03-23 01:20:00+00:00,0.0,0.0
2026-03-23 01:25:00+00:00,0.0,0.0
2026-03-23 01:30:00+00:00,0.0,0.0
2026-03-23 01:35:00+00:00,0.0,0.0
2026-03-23 01:40:00+00:00,0.0,0.0
2026-03-23 01:45:00+00:00,0.0,0.0
2026-03-23 01:50:00+00:00,0.0,0.0
2026-03-23 01:55:00+00:00,0.0,0.0
2026-03-23 02:00:00+00:00,0.0,0.0
2026-03-23 02:05:00+00:00,0.0,0.0
2026-03-23 02:10:00+00:00,0.0,0.0
2026-03-23 02:15:00+00:00,0.0,0.0
2026-03-23 02:20:00+00:00,0.0,0.0
2026-03-23 02:25:00+00:00,0.0,0.0
2026-03-23 02:30:00+00:00,0.0,0.0
2026-03-23 02:35:00+00:00,0.0,0.0
2026-03-23 02:40:00+00:00,0.0,0.0
2026-03-23 02:45:00+00:00,0.0,0.0
2026-03-23 02:50:00+00:00,0.0,0.0
2026-03-23 02:55:00+00:00,0.0,0.0
2026-03-23 03:00:00+00:00,0.0,0.0
2026-03-23 03:05:00+00:00,0.0,0.0
2026-03-23 03:10:00+00:00,0.0,0.0
2026-03-23 03:15:00+00:00,0.0,0.0
2026-03-23 03:20:00+00:00,0.0,0.0
2026-03-23 03:25:00+00:00,0.0,0.0
2026-03-23 03:30:00+00:00,0.0,0.0
2026-03-23 03:35:00+00:00,0.0,0.0
2026-03-23 03:40:00+00:00,0.0,0.0
2026-03-23 03:45:00+00:00,0.0,0.0
2026-03-23 03:50:00+00:00,0.0,0.0
2026-03-23 03:55:00+00:00,0.0,0.0
2026-03-23 04:00:00+00:00,0.0,0.0
2026-03-23 04:05:00+00:00,0.0,0.0
2026-03-23 04:10:00+00:00,0.0,0.0
2026-03-23 04:15:00+00:00,0.0,0.0
2026-03-23 04:20:00+00:00,0.0,0.0
2026-03-23 04:25:00+00:00,0.0,0.0
2026-03-23 04:30:00+00:00,0.0,0.0
2026-03-23 04:35:00+00:00,0.0,0.0
2026-03-23 04:40:00+00:00,0.0,0.0
2026-03-23 04:45:00+00:00,0.0,0.0
2026-03-23 04:50:00+00:00,0.0,0.0
2026-03-23 04:55:00+00:00,0.0,0.0
2026-03-23 05:00:00+00:00,0.0,0.0
2026-03-23 05:05:00+00:00,0.0,0.0
2026-03-23 05:10:00+00:00,0.0,0.0
2026-03-23 05:15:00+00:00,0.0,0.0
2026-03-23 05:20:00+00:00,0.0,0.0
2026-03-23 05:25:00+00:00,0.0,0.0
2026-03-23 05:30:00+00:00,0.0,0.0
2026-03-23 05:35:00+00:00,0.0,0.0
2026-03-23 05:40:00+00:00,0.0,0.0
2026-03-23 05:45:00+00:00,0.0,0.0
2026-03-23 05:50:00+00:00,0.0,0.0
2026-03-23 05:55:00+00:00,0.0,0.0
2026-03-23 06:00:00+00:00,0.0,0.0
2026-03-23 06:05:00+00:00,0.0,0.0
2026-03-23 06:10:00+00:00,0.0,0.0
2026-03-23 06:15:00+00:00,0.0,0.0
2026-03-23 06:20:00+00:00,0.0,0.0
2026-03-23 06:25:00+00:00,0.0,0.0
2026-03-23 06:30:00+00:00,0.0,0.0
2026-03-23 06:35:00+00:00,0.0,0.0
2026-03-23 06:40:00+00:00,0.0,0.0
2026-03-23 06:45:00+00:00,0.0,0.0
2026-03-23 06:50:00+00:00,0.0,0.0
2026-03-23 06:55:00+00:00,0.0,0.0
2026-03-23 07:00:00+00:00,0.0,0.0
2026-03-23 07:05:00+00:00,0.0,0.0
2026-03-23 07:10:00+00:00,0.0,0.0
2026-03-23 07:15:00+00:00,0.0,0.0
2026-03-23 07:20:00+00:00,0.0,0.0
2026-03-23 07:25:00+00:00,0.0,0.0
2026-03-23 07:30:00+00:00,0.0,0.0
2026-03-23 07:35:00+00:00,0.0,0.0
2026-03-23 07:40:00+00:00,0.0,0.0
2026-03-23 07:45:00+00:00,0.0,0.0
2026-03-23 07:50:00+00:00,0.0,0.0
2026-03-23 07:55:00+00:00,0.0,0.0
2026-03-23 08:00:00+00:00,0.0,0.0
2026-03-23 08:05:00+00:00,0.0,0.0
2026-03-23 08:10:00+00:00,0.0,0.0
2026-03-23 08:15:00+00:00,0.0,0.0
2026-03-23 08:20:00+00:00,0.0,0.0
2026-03-23 08:25:00+00:00,0.0,0.0
2026-03-23 08:30:00+00:00,0.0,0.0
2026-03-23 08:35:00+00:00,0.0,0.0
2026-03-23 08:40:00+00:00,0.0,0.0
2026-03-23 08:45:00+00:00,0.0,0.0
2026-03-23 08:50:00+00:00,9.741990804251456,9.621235157117123
2026-03-23 08:55:00+00:00,1.6132664859639103,1.6135140230153429
2026-03-23 09:00:00+00:00,0.009093062871313506,0.005645516153325758
2026-03-23 09:05:00+00:00,-0.09884405564277543,-0.09825758829279962
2026-03-23 09:10:00+00:00,0.11324375804364628,0.11169806055603182
2026-03-23 09:15:00+00:00,0.00500581867553862,0.004554972334226193
2026-03-23 09:20:00+00:00,0.004913743738054421,0.005197512440236807
2026-03-23 09:25:00+00:00,-0.1039055356885843,-0.1028282649101726
2026-03-23 09:30:00+00:00,0.0922456720721101,0.10682803973293531
2026-03-23 09:35:00+00:00,0.0020007962500852017,0.0008559292784067196
2026-03-23 09:40:00+00:00,0.003329326448081815,0.0026483100098833035
2026-03-23 09:45:00+00:00,-0.0987798654855343,-0.10098990031232447
2026-03-23 09:50:00+00:00,0.09480651130838602,0.10975606533611071
2026-03-23 09:55:00+00:00,0.006606341667346527,0.00515857753442539
2026-03-23 10:00:00+00:00,0.0025096669930331217,0.0017108429340382258
2026-03-23 10:05:00+00:00,-0.1001064756682446,-0.10178284357473366
2026-03-23 10:10:00+00:00,0.11054156571556639,0.1096633411992265
2026-03-23 10:15:00+00:00,0.005143604257430212,0.004154551768833059
2026-03-23 10:20:00+00:00,0.004029034623435734,0.0029934710306953605
2026-03-23 10:25:00+00:00,-0.10177078396656647,-0.10292936819160126
2026-03-23 10:30:00+00:00,0.11224931613202571,0.10950326380305242
2026-03-23 10:35:00+00:00,0.005377629689821362,0.0036417270660091816
2026-03-23 10:40:00+00:00,-0.09969469558378918,-0.10278060428628066
2026-03-23 10:45:00+00:00,0.10996977268640507,0.10806036390357221
2026-03-23 10:50:00+00:00,0.003572356679127253,0.0026678719619450675
2026-03-23 10:55:00+00:00,0.0027118223562396793,0.0011031217845669516
2026-03-23 11:00:00+00:00,-0.10384764857418816,-0.10460425392293793
2026-03-23 11:05:00+00:00,0.1084732727395501,0.10732654022605459
2026-03-23 11:10:00+00:00,0.0051225196693955866,0.001975565599789064
2026-03-23 11:15:00+00:00,0.0057738928548811685,0.003887410543697456
2026-03-23 11:20:00+00:00,-0.11458595762105617,-0.09990287393220854
2026-03-23 11:25:00+00:00,0.10946314480560382,0.10803385917040309
2026-03-23 11:30:00+00:00,0.004376634273219437,0.00422474996549127
2026-03-23 11:35:00+00:00,0.00491503881330857,0.0047188137464662105
2026-03-23 11:40:00+00:00,-0.10044826277788133,-0.10127435058246803
2026-03-23 11:45:00+00:00,0.1123868072349925,0.1103765965002097
2026-03-23 11:50:00+00:00,0.0064116685944242136,0.006399760565487966
2026-03-23 11:55:00+00:00,0.00693787746377339,0.0074098581954107345
2026-03-23 12:00:00+00:00,-0.10072167496579709,-0.1008610656991884
2026-03-23 12:05:00+00:00,0.11107623294246594,0.11012402540737654
2026-03-23 12:10:00+00:00,0.008533929390065254,0.008131237147912529
2026-03-23 12:15:00+00:00,0.006731336528249088,0.006962446887996521
2026-03-23 12:20:00+00:00,-0.09869711720364727,-0.09843088087106366
2026-03-23 12:25:00+00:00,0.10737689605833012,0.1076988917079067
2026-03-23 12:30:00+00:00,0.0029666373329959583,0.004031604884589868
2026-03-23 12:35:00+00:00,-0.10199775763907937,-0.10116430457045311
2026-03-23 12:40:00+00:00,0.10983800275619693,0.10857247041673368
2026-03-23 12:45:00+00:00,0.007971640416185366,0.007981391140370775
2026-03-23 12:50:00+00:00,0.008332157593013534,0.010719390828768383
2026-03-23 12:55:00+00:00,-0.0972859854436372,-0.09372402796653923
2026-03-23 13:00:00+00:00,0.11239784292682309,0.11162425444499391
2026-03-23 13:05:00+00:00,0.005911929582135045,0.005977299882765408
2026-03-23 13:10:00+00:00,0.00850316633573378,0.01007768349717253
2026-03-23 13:15:00+00:00,-0.09801481277553492,-0.09675143226735905
2026-03-23 13:20:00+00:00,0.11245935447868227,0.11356872646512706
2026-03-23 13:25:00+00:00,0.004528402591057912,0.006803910274031821
2026-03-23 13:30:00+00:00,0.0035000924824775126,-0.2835437860916077
2026-03-23 13:35:00+00:00,0.005805588926396155,0.007690278393532424
2026-03-23 13:40:00+00:00,-0.09663067388050273,-0.09593637130228316
2026-03-23 13:45:00+00:00,0.11405240030148,0.11524585333718207
2026-03-23 13:50:00+00:00,0.006234115393162654,0.00684342352105638
2026-03-23 13:55:00+00:00,0.0045332106639062175,0.0065557710390447
2026-03-23 14:00:00+00:00,-0.10038658491791885,-0.09834174524155515
2026-03-23 14:05:00+00:00,0.11210652035916091,0.11431948013598436
2026-03-23 14:10:00+00:00,0.006854406645890876,0.008352266203942804
2026-03-23 14:15:00+00:00,0.006836595940724166,0.007560454402680605
2026-03-23 14:20:00+00:00,-0.09818334196326006,-0.09700077164385768
2026-03-23 14:25:00+00:00,0.11209781977421507,0.11570202404245755
2026-03-23 14:30:00+00:00,0.0071240544112161075,0.00835195796460475
2026-03-23 14:35:00+00:00,0.022019180131589877,0.006519988001366883
2026-03-23 14:40:00+00:00,-0.10027918167428851,-0.10052215125978492
2026-03-23 14:45:00+00:00,0.11055755871683104,0.11026392302876786
2026-03-23 14:50:00+00:00,0.004865885147513183,0.005077668312502226
2026-03-23 14:55:00+00:00,0.00815394029826777,0.008454614193567522
2026-03-23 15:00:00+00:00,0.00850448149430072,0.010372072026951784
2026-03-23 15:05:00+00:00,-0.09903334646440953,-0.09920755545402571
2026-03-23 15:10:00+00:00,0.11267588013184238,0.11211058189156198
2026-03-23 15:15:00+00:00,0.007423291111924968,0.008226319685952888
2026-03-23 15:20:00+00:00,-0.10036852905980354,-0.10001425790433949
2026-03-23 15:25:00+00:00,0.10969481799514291,0.11094992469183573
2026-03-23 15:30:00+00:00,0.005219862826942645,0.004799099009089147
2026-03-23 15:35:00+00:00,0.005898057694270875,0.004238118410885505
2026-03-23 15:40:00+00:00,-0.0987083572757097,-0.0969995836998443
2026-03-23 15:45:00+00:00,0.11275648216383338,0.11463783447584674
2026-03-23 15:50:00+00:00,0.006382301663222734,0.008756235148235092
2026-03-23 15:55:00+00:00,0.004873431131436234,0.007621215134021142
2026-03-23 16:00:00+00:00,-0.10215458826864143,-0.10103151573805391
2026-03-23 16:05:00+00:00,0.10879952477141686,0.11059572558267483
2026-03-23 16:10:00+00:00,0.004703452226626936,0.005284978546649555
2026-03-23 16:15:00+00:00,0.0041353450656007595,0.004352473201393536
2026-03-23 16:20:00+00:00,0.004086725624624421,0.005095477345735233
2026-03-23 16:25:00+00:00,-0.10038356545535088,-0.0992114370969226
2026-03-23 16:30:00+00:00,0.1107781587871326,0.11211470489711317
2026-03-23 16:35:00+00:00,0.005470423680062453,0.007330276187541784
2026-03-23 16:40:00+00:00,0.004724645101694236,0.0069155125057900335
2026-03-23 16:45:00+00:00,-0.09937348336258367,-0.09704630264874048
2026-03-23 16:50:00+00:00,0.11042879948089279,0.11156116244358039
2026-03-23 16:55:00+00:00,0.004103803818837903,0.005554270518615567
2026-03-23 17:00:00+00:00,0.005043435710703648,0.00770124250254689
2026-03-23 17:05:00+00:00,0.005304686917709134,0.007589671993613933
2026-03-23 17:10:00+00:00,-0.09930572291248652,-0.09857433816706695
2026-03-23 17:15:00+00:00,0.11043248945254192,0.11406512361580923
2026-03-23 17:20:00+00:00,0.004884566966229187,0.0076403820293098335
2026-03-23 17:25:00+00:00,0.003010395711294578,0.003315688630348035
2026-03-23 17:30:00+00:00,-0.10268127964836715,-0.10133234968482085
2026-03-23 17:35:00+00:00,0.1079414374980967,0.10999074963541666
2026-03-23 17:40:00+00:00,0.0032254357669021516,0.0036675626685873652
2026-03-23 17:45:00+00:00,0.0043121047012935065,0.004798760377211053
2026-03-23 17:50:00+00:00,-0.10113407763092042,-0.09990828996308743
2026-03-23 17:55:00+00:00,0.10904388529507436,0.1097109887894323
2026-03-23 18:00:00+00:00,-0.029312463251535803,0.0053686752862844855
2026-03-23 18:05:00+00:00,0.0038573153875649524,0.004178586661803152
2026-03-23 18:10:00+00:00,-0.10108247899857936,-0.10035122152309306
2026-03-23 18:15:00+00:00,0.11090397611511271,0.11095169195192156
2026-03-23 18:20:00+00:00,0.004798738412498338,0.006421246978444373
2026-03-23 18:25:00+00:00,0.004333935511423803,0.00581826881187375
2026-03-23 18:30:00+00:00,-0.11884117466872368,-0.101582763338941
2026-03-23 18:35:00+00:00,0.10790360785586373,0.1081825227536708
2026-03-23 18:40:00+00:00,0.003272602996052143,0.0035983876943870285
2026-03-23 18:45:00+00:00,0.00427882006624003,0.005186261692916361
2026-03-23 18:50:00+00:00,-0.10058443650062188,-0.10066407853948967
2026-03-23 18:55:00+00:00,0.10925372278606282,0.1110374376026595
2026-03-23 19:00:00+00:00,-0.013785612610146103,0.003894866082477577
2026-03-23 19:05:00+00:00,-0.10276855547767028,-0.10233122242065917
2026-03-23 19:10:00+00:00,0.10813536287440506,0.10881877284704977
2026-03-23 19:15:00+00:00,-0.04455717453108754,0.28690845370051576
2026-03-23 19:20:00+00:00,0.004067971527609515,0.005674834135055207
2026-03-23 19:25:00+00:00,-0.10106619228232638,-0.09727553908169817
2026-03-23 19:30:00+00:00,0.10935183670888193,0.11135928928217886
2026-03-23 19:35:00+00:00,0.0045025916450534,0.006959523738638396
2026-03-23 19:40:00+00:00,0.00409256545516179,0.0063973558306713585
2026-03-23 19:45:00+00:00,-0.10207516928502969,-0.09988927956693594
2026-03-23 19:50:00+00:00,0.10780111181547092,0.1098779525898923
2026-03-23 19:55:00+00:00,0.0023070712744051036,0.0034320524126894014
2026-03-23 20:00:00+00:00,0.002222731022046176,0.0033822333769606416
2026-03-23 20:05:00+00:00,0.003562502401011969,0.004837268993926003
2026-03-23 20:10:00+00:00,-0.10158704951520825,-0.10018108762787215
2026-03-23 20:15:00+00:00,0.10846241045626215,0.10947523408662008
2026-03-23 20:20:00+00:00,0.0013516212829127738,0.0016715162581597554
2026-03-23 20:25:00+00:00,0.0016543076959969483,0.002732594419281753
2026-03-23 20:30:00+00:00,-0.10353584272097827,-0.10273363543294245
2026-03-23 20:35:00+00:00,0.10733792772063033,0.10704606369315606
2026-03-23 20:40:00+00:00,0.002923828438648357,0.004849677031604216
2026-03-23 20:45:00+00:00,0.0034738842703827544,0.005720808880200323
2026-03-23 20:50:00+00:00,-0.10246234926965414,-0.10020655410981938
2026-03-23 20:55:00+00:00,0.10682419002673882,-0.1787908921648107
2026-03-23 21:00:00+00:00,-0.01280152597399642,0.005532313331883643
2026-03-23 21:05:00+00:00,0.0022284186678547258,0.005349397597377958
2026-03-23 21:10:00+00:00,-0.013024129380408311,0.0051792226882980685
2026-03-23 21:15:00+00:00,-0.10242792966027636,-0.09812680745428892
2026-03-23 21:20:00+00:00,0.09390483012309758,0.11222698536605158
2026-03-23 21:25:00+00:00,0.0033954149537542833,0.0053899174788796245
2026-03-23 21:30:00+00:00,-0.010871728834780825,0.0038177456050547676
2026-03-23 21:35:00+00:00,-0.13095681190419306,-0.10108425046339065
2026-03-23 21:40:00+00:00,0.09424578732829048,0.1045727121103841
2026-03-23 21:45:00+00:00,0.0023424530461184645,0.28780060640072413
2026-03-23 21:50:00+00:00,0.002017973109214921,0.0029103572922295484
2026-03-23 21:55:00+00:00,-0.10345311281312775,-0.10224805955876981
2026-03-23 22:00:00+00:00,0.10699142335933765,0.1078855235337226
2026-03-23 22:05:00+00:00,0.002128414435501824,0.0024340907705138193
2026-03-23 22:10:00+00:00,0.002078891684249129,-0.28452562833992445
2026-03-23 22:15:00+00:00,-0.10266443958045812,-0.1003263895462645
2026-03-23 22:20:00+00:00,0.1081983519039138,0.11060331803794554
2026-03-23 22:25:00+00:00,-0.010762193734255021,0.006846436063051797
2026-03-23 22:30:00+00:00,0.016487783181547755,0.006115044237306577
2026-03-23 22:35:00+00:00,-0.10222595053699735,-0.09903295715345095
2026-03-23 22:40:00+00:00,0.10813812509289811,0.11110946162958335
2026-03-23 22:45:00+00:00,-0.010804582595218548,0.005699943975683297
2026-03-23 22:50:00+00:00,0.0031799583807057274,0.007059915592039445
2026-03-23 22:55:00+00:00,-0.3536637204466011,-0.3513114022960817
2026-03-23 23:00:00+00:00,-0.4837949989739876,-0.33261399735281216
2026-03-23 23:05:00+00:00,-0.5196619150339377,-0.5035314525726662
2026-03-23 23:10:00+00:00,-1.0949298900765605,-1.0903967068689369
2026-03-23 23:15:00+00:00,-9.402682436592581,-9.549309488795982
2026-03-23 23:20:00+00:00,0.0,0.0
2026-03-23 23:25:00+00:00,0.0,0.0
2026-03-23 23:30:00+00:00,0.0,0.0
2026-03-23 23:35:00+00:00,0.0,0.0
2026-03-23 23:40:00+00:00,0.0,0.0
2026-03-23 23:45:00+00:00,0.0,0.0
2026-03-23 23:50:00+00:00,0.0,0.0
2026-03-23 23:55:00+00:00,0.0,0.0
2026-03-24 00:00:00+00:00,0.0,0.0
2026-03-24 00:05:00+00:00,0.0,0.0
2026-03-24 00:10:00+00:00,0.0,0.0
2026-03-24 00:15:00+00:00,0.0,0.0
2026-03-24 00:20:00+00:00,0.0,0.0
2026-03-24 00:25:00+00:00,0.0,0.0
2026-03-24 00:30:00+00:00,0.0,0.0
2026-03-24 00:35:00+00:00,0.0,0.0
2026-03-24 00:40:00+00:00,0.0,0.0
2026-03-24 00:45:00+00:00,0.0,0.0
2026-03-24 00:50:00+00:00,0.0,0.0
2026-03-24 00:55:00+00:00,0.0,0.0
2026-03-24 01:00:00+00:00,0.0,0.0
2026-03-24 01:05:00+00:00,0.0,0.0
2026-03-24 01:10:00+00:00,0.0,0.0
2026-03-24 01:15:00+00:00,0.0,0.0
2026-03-24 01:20:00+00:00,0.0,0.0
2026-03-24 01:25:00+00:00,0.0,0.0
2026-03-24 01:30:00+00:00,0.0,0.0
2026-03-24 01:35:00+00:00,0.0,0.0
2026-03-24 01:40:00+00:00,0.0,0.0
2026-03-24 01:45:00+00:00,0.0,0.0
2026-03-24 01:50:00+00:00,0.0,0.0
2026-03-24 01:55:00+00:00,0.0,0.0
2026-03-24 02:00:00+00:00,0.0,0.0
2026-03-24 02:05:00+00:00,0.0,0.0
2026-03-24 02:10:00+00:00,0.0,0.0
2026-03-24 02:15:00+00:00,0.0,0.0
2026-03-24 02:20:00+00:00,0.0,0.0
2026-03-24 02:25:00+00:00,0.0,0.0
2026-03-24 02:30:00+00:00,0.0,0.0
2026-03-24 02:35:00+00:00,0.0,0.0
2026-03-24 02:40:00+00:00,0.0,0.0
2026-03-24 02:45:00+00:00,0.0,0.0
2026-03-24 02:50:00+00:00,0.0,0.0
2026-03-24 02:55:00+00:00,0.0,0.0
2026-03-24 03:00:00+00:00,0.0,0.0
2026-03-24 03:05:00+00:00,0.0,0.0
2026-03-24 03:10:00+00:00,0.0,0.0
2026-03-24 03:15:00+00:00,0.0,0.0
2026-03-24 03:20:00+00:00,0.0,0.0
2026-03-24 03:25:00+00:00,0.0,0.0
2026-03-24 03:30:00+00:00,0.0,0.0
2026-03-24 03:35:00+00:00,0.0,0.0
2026-03-24 03:40:00+00:00,0.0,0.0
2026-03-24 03:45:00+00:00,0.0,0.0
2026-03-24 03:50:00+00:00,0.0,0.0
2026-03-24 03:55:00+00:00,0.0,0.0
2026-03-24 04:00:00+00:00,0.0,0.0
2026-03-24 04:05:00+00:00,0.0,0.0
2026-03-24 04:10:00+00:00,0.0,0.0
2026-03-24 04:15:00+00:00,0.0,0.0
2026-03-24 04:20:00+00:00,0.0,0.0
2026-03-24 04:25:00+00:00,0.0,0.0
2026-03-24 04:30:00+00:00,0.0,0.0
2026-03-24 04:35:00+00:00,0.0,0.0
2026-03-24 04:40:00+00:00,0.0,0.0
2026-03-24 04:45:00+00:00,0.0,0.0
2026-03-24 04:50:00+00:00,0.0,0.0
2026-03-24 04:55:00+00:00,0.0,0.0
2026-03-24 05:00:00+00:00,0.0,0.0
2026-03-24 05:05:00+00:00,0.0,0.0
2026-03-24 05:10:00+00:00,0.0,0.0
2026-03-24 05:15:00+00:00,0.0,0.0
2026-03-24 05:20:00+00:00,0.0,0.0
2026-03-24 05:25:00+00:00,0.0,0.0
2026-03-24 05:30:00+00:00,0.0,0.0
2026-03-24 05:35:00+00:00,0.0,0.0
2026-03-24 05:40:00+00:00,0.0,0.0
2026-03-24 05:45:00+00:00,0.0,0.0
2026-03-24 05:50:00+00:00,0.0,0.0
2026-03-24 05:55:00+00:00,0.0,0.0
2026-03-24 06:00:00+00:00,0.0,0.0
2026-03-24 06:05:00+00:00,0.0,0.0
2026-03-24 06:10:00+00:00,0.0,0.0
2026-03-24 06:15:00+00:00,0.0,0.0
2026-03-24 06:20:00+00:00,0.0,0.0
2026-03-24 06:25:00+00:00,0.0,0.0
2026-03-24 06:30:00+00:00,0.0,0.0
2026-03-24 06:35:00+00:00,0.0,0.0
2026-03-24 06:40:00+00:00,0.0,0.0
2026-03-24 06:45:00+00:00,0.0,0.0
2026-03-24 06:50:00+00:00,0.0,0.0
2026-03-24 06:55:00+00:00,0.0,0.0
2026-03-24 07:00:00+00:00,0.0,0.0
2026-03-24 07:05:00+00:00,0.0,0.0
2026-03-24 07:10:00+00:00,0.0,0.0
2026-03-24 07:15:00+00:00,0.0,0.0
2026-03-24 07:20:00+00:00,0.0,0.0
2026-03-24 07:25:00+00:00,0.0,0.0
2026-03-24 07:30:00+00:00,0.0,0.0
2026-03-24 07:35:00+00:00,0.0,0.0
2026-03-24 07:40:00+00:00,0.0,0.0
2026-03-24 07:45:00+00:00,0.0,0.0
2026-03-24 07:50:00+00:00,0.0,0.0
2026-03-24 07:55:00+00:00,0.0,0.0
2026-03-24 08:00:00+00:00,0.0,0.0
2026-03-24 08:05:00+00:00,0.0,0.0
2026-03-24 08:10:00+00:00,0.0,0.0
2026-03-24 08:15:00+00:00,0.0,0.0
2026-03-24 08:20:00+00:00,0.0,0.0
2026-03-24 08:25:00+00:00,0.0,0.0
2026-03-24 08:30:00+00:00,0.0,0.0
2026-03-24 08:35:00+00:00,0.0,0.0
2026-03-24 08:40:00+00:00,0.0,0.0
2026-03-24 08:45:00+00:00,0.0,0.0
2026-03-24 08:50:00+00:00,0.0,0.0
2026-03-24 08:55:00+00:00,0.0,0.0
2026-03-24 09:00:00+00:00,0.0,0.0
2026-03-24 09:05:00+00:00,0.0,0.0
2026-03-24 09:10:00+00:00,0.0,0.0
2026-03-24 09:15:00+00:00,0.0,0.0
2026-03-24 09:20:00+00:00,0.0,0.0
2026-03-24 09:25:00+00:00,0.0,0.0
2026-03-24 09:30:00+00:00,0.0,0.0
2026-03-24 09:35:00+00:00,0.0,0.0
2026-03-24 09:40:00+00:00,0.0,0.0
2026-03-24 09:45:00+00:00,0.0,0.0
2026-03-24 09:50:00+00:00,0.0,0.0
2026-03-24 09:55:00+00:00,0.0,0.0
2026-03-24 10:00:00+00:00,0.0,0.0
2026-03-24 10:05:00+00:00,0.0,0.0
2026-03-24 10:10:00+00:00,0.0,0.0
2026-03-24 10:15:00+00:00,0.0,0.0
2026-03-24 10:20:00+00:00,0.0,0.0
2026-03-24 10:25:00+00:00,0.0,0.0
2026-03-24 10:30:00+00:00,0.0,0.0
2026-03-24 10:35:00+00:00,0.0,0.0
2026-03-24 10:40:00+00:00,0.0,0.0
2026-03-24 10:45:00+00:00,0.0,0.0
2026-03-24 10:50:00+00:00,0.0,0.0
2026-03-24 10:55:00+00:00,0.0,0.0
2026-03-24 11:00:00+00:00,0.0,0.0
2026-03-24 11:05:00+00:00,0.0,0.0
2026-03-24 11:10:00+00:00,0.0,0.0
2026-03-24 11:15:00+00:00,0.0,0.0
2026-03-24 11:20:00+00:00,0.0,0.0
2026-03-24 11:25:00+00:00,0.0,0.0
2026-03-24 11:30:00+00:00,0.0,0.0
2026-03-24 11:35:00+00:00,0.0,0.0
2026-03-24 11:40:00+00:00,0.0,0.0
2026-03-24 11:45:00+00:00,0.0,0.0
2026-03-24 11:50:00+00:00,0.0,0.0
2026-03-24 11:55:00+00:00,0.0,0.0
2026-03-24 12:00:00+00:00,0.0,0.0
2026-03-24 12:05:00+00:00,0.0,0.0
2026-03-24 12:10:00+00:00,0.0,0.0
2026-03-24 12:15:00+00:00,0.0,0.0
2026-03-24 12:20:00+00:00,0.0,0.0
2026-03-24 12:25:00+00:00,0.0,0.0
2026-03-24 12:30:00+00:00,0.0,0.0
2026-03-24 12:35:00+00:00,0.0,0.0
2026-03-24 12:40:00+00:00,0.0,0.0
2026-03-24 12:45:00+00:00,0.0,0.0
2026-03-24 12:50:00+00:00,0.0,0.0
2026-03-24 12:55:00+00:00,0.0,0.0
2026-03-24 13:00:00+00:00,0.0,0.0
2026-03-24 13:05:00+00:00,0.0,0.0
2026-03-24 13:10:00+00:00,0.0,0.0
2026-03-24 13:15:00+00:00,0.0,0.0
2026-03-24 13:20:00+00:00,0.0,0.0
2026-03-24 13:25:00+00:00,0.0,0.0
2026-03-24 13:30:00+00:00,0.0,0.0
2026-03-24 13:35:00+00:00,0.0,0.0
2026-03-24 13:40:00+00:00,0.0,0.0
2026-03-24 13:45:00+00:00,0.0,0.0
2026-03-24 13:50:00+00:00,0.0,0.0
2026-03-24 13:55:00+00:00,0.0,0.0
2026-03-24 14:00:00+00:00,0.0,0.0
2026-03-24 14:05:00+00:00,0.0,0.0
2026-03-24 14:10:00+00:00,0.0,0.0
2026-03-24 14:15:00+00:00,0.0,0.0
2026-03-24 14:20:00+00:00,0.0,0.0
2026-03-24 14:25:00+00:00,0.0,0.0
2026-03-24 14:30:00+00:00,0.0,0.0
2026-03-24 14:35:00+00:00,0.0,0.0
2026-03-24 14:40:00+00:00,0.0,0.0
2026-03-24 14:45:00+00:00,0.0,0.0
2026-03-24 14:50:00+00:00,0.0,0.0
2026-03-24 14:55:00+00:00,0.0,0.0
2026-03-24 15:00:00+00:00,0.0,0.0
2026-03-24 15:05:00+00:00,0.0,0.0
2026-03-24 15:10:00+00:00,0.0,0.0
2026-03-24 15:15:00+00:00,0.0,0.0
2026-03-24 15:20:00+00:00,0.0,0.0
2026-03-24 15:25:00+00:00,0.0,0.0
2026-03-24 15:30:00+00:00,0.0,0.0
2026-03-24 15:35:00+00:00,0.0,0.0
2026-03-24 15:40:00+00:00,0.0,0.0
2026-03-24 15:45:00+00:00,0.0,0.0
2026-03-24 15:50:00+00:00,0.0,0.0
2026-03-24 15:55:00+00:00,0.0,0.0
2026-03-24 16:00:00+00:00,0.0,0.0
2026-03-24 16:05:00+00:00,0.0,0.0
2026-03-24 16:10:00+00:00,0.0,0.0
2026-03-24 16:15:00+00:00,0.0,0.0
2026-03-24 16:20:00+00:00,0.0,0.0
2026-03-24 16:25:00+00:00,0.0,0.0
2026-03-24 16:30:00+00:00,0.0,0.0
2026-03-24 16:35:00+00:00,0.0,0.0
2026-03-24 16:40:00+00:00,0.0,0.0
2026-03-24 16:45:00+00:00,0.0,0.0
2026-03-24 16:50:00+00:00,0.0,0.0
2026-03-24 16:55:00+00:00,0.0,0.0
2026-03-24 17:00:00+00:00,0.0,0.0
2026-03-24 17:05:00+00:00,0.0,0.0
2026-03-24 17:10:00+00:00,0.0,0.0
2026-03-24 17:15:00+00:00,0.0,0.0
2026-03-24 17:20:00+00:00,0.0,0.0
2026-03-24 17:25:00+00:00,0.0,0.0
2026-03-24 17:30:00+00:00,0.0,0.0
2026-03-24 17:35:00+00:00,0.0,0.0
2026-03-24 17:40:00+00:00,0.0,0.0
2026-03-24 17:45:00+00:00,0.0,0.0
2026-03-24 17:50:00+00:00,0.0,0.0
2026-03-24 17:55:00+00:00,0.0,0.0
2026-03-24 18:00:00+00:00,10.963307036485082,11.224703246665939
2026-03-24 18:05:00+00:00,2.3038473554161065,2.3065473766478117
2026-03-24 18:10:00+00:00,0.002573261121293413,0.009176169214992314
2026-03-24 18:15:00+00:00,0.002189569219474663,0.007802180741428799
2026-03-24 18:20:00+00:00,0.002007771970909289,0.006541300855955612
2026-03-24 18:25:00+00:00,-0.10444332563069736,-0.09945513542253437
2026-03-24 18:30:00+00:00,0.10595809751957397,0.11116915684471174
2026-03-24 18:35:00+00:00,0.0006193305080977041,0.00573102289090599
2026-03-24 18:40:00+00:00,0.0015440815998335466,0.005948803052364227
2026-03-24 18:45:00+00:00,0.002305681582065233,0.006119048820178108
2026-03-24 18:50:00+00:00,0.0017684164824380844,0.006032358495865253
2026-03-24 18:55:00+00:00,0.0017516750181165719,0.006095166103914806
2026-03-24 19:00:00+00:00,0.0026370547614646966,0.006844939876851086
2026-03-24 19:05:00+00:00,0.0020389026846761027,0.006361725268208218
2026-03-24 19:10:00+00:00,0.0008689164752428979,0.005154277896066262
2026-03-24 19:15:00+00:00,0.00219011087982679,0.005165544445912218
2026-03-24 19:20:00+00:00,-0.10317575277261071,-0.10038148892794574
2026-03-24 19:25:00+00:00,0.10694771642940815,0.11002279764549705
2026-03-24 19:30:00+00:00,0.0020545073552646897,0.004643975844414783
2026-03-24 19:35:00+00:00,0.0018457898590718003,0.004959540221188163
2026-03-24 19:40:00+00:00,0.0020565559947591794,0.004856128717307229
2026-03-24 19:45:00+00:00,0.0016381964116281011,0.0045774611048639
2026-03-24 19:50:00+00:00,0.0015804870755218303,0.005048746315688746
2026-03-24 19:55:00+00:00,0.0011816461253548738,0.005501128868894867
2026-03-24 20:00:00+00:00,0.0016443129296721537,0.005525103013729549
2026-03-24 20:05:00+00:00,0.0015419972913353064,0.005045375491389947
2026-03-24 20:10:00+00:00,0.0018495837904595192,0.004547391907188114
2026-03-24 20:15:00+00:00,-0.10474272283734187,-0.10098129788890553
2026-03-24 20:20:00+00:00,0.10661866767210881,0.11019368434926236
2026-03-24 20:25:00+00:00,0.0019269166051589792,0.005530546962539518
2026-03-24 20:30:00+00:00,0.001896845208916531,0.0053708943132502185
2026-03-24 20:35:00+00:00,0.0013997071134337347,0.0036493635813421577
2026-03-24 20:40:00+00:00,0.002110672993223872,0.0074259188370611184
2026-03-24 20:45:00+00:00,0.0028629916645730447,0.008015900075710292
2026-03-24 20:50:00+00:00,0.0014676686096741776,0.006263224632933273
2026-03-24 20:55:00+00:00,0.0013904151836268142,0.004523238887863101
2026-03-24 21:00:00+00:00,0.0015091313450685817,0.004487602699889237
2026-03-24 21:05:00+00:00,0.0015345296551050325,0.004881143237065899
2026-03-24 21:10:00+00:00,-0.10351922229343913,-0.09972742554563752
2026-03-24 21:15:00+00:00,0.10714093996136143,0.11142514375419665
2026-03-24 21:20:00+00:00,0.0012610260392076356,0.0049286432389585855
2026-03-24 21:25:00+00:00,0.0012141385479775835,0.0036625267384984284
2026-03-24 21:30:00+00:00,0.0013096160008672086,0.003674592601242921
2026-03-24 21:35:00+00:00,0.0012207628053104713,0.0036590279073021037
2026-03-24 21:40:00+00:00,0.0018058025973761715,0.005434422613474155
2026-03-24 21:45:00+00:00,0.0015388060551764227,0.005309485641424416
2026-03-24 21:50:00+00:00,0.0018591801343674774,0.004514398067838599
2026-03-24 21:55:00+00:00,0.0014518365873428252,0.002901385370673637
2026-03-24 22:00:00+00:00,0.0016898159399154622,0.0050444911637903544
2026-03-24 22:05:00+00:00,-0.1039148278408657,-0.10066019418262151
2026-03-24 22:10:00+00:00,0.10571362385240768,0.10910206638811282
2026-03-24 22:15:00+00:00,0.001537203247808705,0.005480248276885646
2026-03-24 22:20:00+00:00,0.001971119052701198,0.005590494412279767
2026-03-24 22:25:00+00:00,0.0019497647693746956,0.005694207511472982
2026-03-24 22:30:00+00:00,0.0018444801003152378,0.0039231582109806595
2026-03-24 22:35:00+00:00,0.0015181098489946976,0.004488497158892102
2026-03-24 22:40:00+00:00,0.001975792838134538,0.005191067481762346
2026-03-24 22:45:00+00:00,0.001129303813474536,0.0045594473019683335
2026-03-24 22:50:00+00:00,0.0010318420398700567,0.003332531923334159
2026-03-24 22:55:00+00:00,0.0013615371081403538,0.0036555045916735196
2026-03-24 23:00:00+00:00,-0.10466802689402854,-0.10374942957592026
2026-03-24 23:05:00+00:00,0.1062808759041598,0.10835917014099472
2026-03-24 23:10:00+00:00,0.0013308039028636642,0.0030639928083342483
2026-03-24 23:15:00+00:00,0.0008035948744957722,0.0034606641275871652
2026-03-24 23:20:00+00:00,0.0015676613551125484,0.004303382022637692
2026-03-24 23:25:00+00:00,0.001659042236907382,0.00422964223744593
2026-03-24 23:30:00+00:00,0.0017312314970574505,0.004093541816452273
2026-03-24 23:35:00+00:00,0.0021769683565082687,0.002715608564912486
2026-03-24 23:40:00+00:00,0.00239448775696971,0.005747366695745271
2026-03-24 23:45:00+00:00,0.0013464208907638664,0.006032247468139573
2026-03-24 23:50:00+00:00,0.00114156148832123,0.004058262639054178
2026-03-24 23:55:00+00:00,-0.10424520232967538,-0.10274070975271421
2026-03-25 00:00:00+00:00,0.10619339165689823,0.10858592473119089
2026-03-25 00:05:00+00:00,0.0009804013317111782,0.0032401961639116905
2026-03-25 00:10:00+00:00,0.0014981253072239298,0.0034386717112742105
2026-03-25 00:15:00+00:00,0.0013109476789026075,0.003695203550352133
2026-03-25 00:20:00+00:00,0.0008134653608848907,0.003610625614326679
2026-03-25 00:25:00+00:00,0.0010651316644576525,0.0022226773710745107
2026-03-25 00:30:00+00:00,0.0009687151904778091,0.0020254746218988373
2026-03-25 00:35:00+00:00,0.0012349036916141642,0.002831261045450617
2026-03-25 00:40:00+00:00,0.0017315171814722419,0.003595101748341989
2026-03-25 00:45:00+00:00,0.0016260290663989707,0.003461810575169366
2026-03-25 00:50:00+00:00,0.0013438406658998758,0.0036015609995079245
2026-03-25 00:55:00+00:00,-0.10431960577305333,-0.10431051397494073
2026-03-25 01:00:00+00:00,0.10649893083144413,0.10885379868202172
2026-03-25 01:05:00+00:00,0.001572023191188876,0.0036438058680481333
2026-03-25 01:10:00+00:00,0.001229086295715831,0.002617905274949095
2026-03-25 01:15:00+00:00,0.0013186741641391109,0.003480062256913996
2026-03-25 01:20:00+00:00,0.0013048077942734437,0.004106986838834814
2026-03-25 01:25:00+00:00,0.0008638772558544616,0.002306669871034117
2026-03-25 01:30:00+00:00,0.0009872401536519249,0.0016750474635767176
2026-03-25 01:35:00+00:00,0.0009439314535359955,0.0021729336663351972
2026-03-25 01:40:00+00:00,0.00078290786241908,0.0020461006337768595
2026-03-25 01:45:00+00:00,0.0014659250595148166,0.004024794826895217
2026-03-25 01:50:00+00:00,0.0016490485533378063,0.004075139021407992
2026-03-25 01:55:00+00:00,-0.10428338713790097,-0.10233295993088021
2026-03-25 02:00:00+00:00,0.10660011827504867,0.10816493799945803
2026-03-25 02:05:00+00:00,0.0012869251252620728,0.0030129632210726953
2026-03-25 02:10:00+00:00,0.0009569866752237033,0.003291710301974504
2026-03-25 02:15:00+00:00,0.001267571616700991,0.003477268222276564
2026-03-25 02:20:00+00:00,0.0009279340216323817,0.003157952115293128
2026-03-25 02:25:00+00:00,0.0010257116586398496,0.004034144447116361
2026-03-25 02:30:00+00:00,0.001063475543954695,0.002397857424417893
2026-03-25 02:35:00+00:00,0.0009669001608276773,0.002682228427019595
2026-03-25 02:40:00+00:00,0.0007007165485859446,0.0033683453960371423
2026-03-25 02:45:00+00:00,0.0015755633141996128,0.004492821402575231
2026-03-25 02:50:00+00:00,-0.10440946337618406,-0.10162197625659886
2026-03-25 02:55:00+00:00,0.10614595951069816,0.1099224739837279
2026-03-25 03:00:00+00:00,0.0009279668320179013,0.003435389358262597
2026-03-25 03:05:00+00:00,0.0010190286291393846,0.002906027237328246
2026-03-25 03:10:00+00:00,0.0010994450540433576,0.003936588938209695
2026-03-25 03:15:00+00:00,0.001044981667300604,0.002460320983338704
2026-03-25 03:20:00+00:00,0.0011857521896025958,0.0047047600731371375
2026-03-25 03:25:00+00:00,0.0013747168011786215,0.005008918616654867
2026-03-25 03:30:00+00:00,0.0006210296162230122,0.0031169633213110615
2026-03-25 03:35:00+00:00,0.00104352295713106,0.004669687883637863
2026-03-25 03:40:00+00:00,0.0011307271868119528,0.0048411474626970374
2026-03-25 03:45:00+00:00,0.0008280940558478278,0.004373373182422924
2026-03-25 03:50:00+00:00,0.0012841744186466997,0.005063068293370776
2026-03-25 03:55:00+00:00,-0.1040007564876042,-0.10032127138550351
2026-03-25 04:00:00+00:00,0.10614666904121428,0.1099125543179813
2026-03-25 04:05:00+00:00,0.0008260408363955918,0.005313019044098866
2026-03-25 04:10:00+00:00,0.0010096547253528598,0.00398959387065112
2026-03-25 04:15:00+00:00,0.0009472701641435322,0.004107921667968029
2026-03-25 04:20:00+00:00,0.0013010330517566615,0.0030059469721468446
2026-03-25 04:25:00+00:00,0.001092377458641991,0.004939987645363075
2026-03-25 04:30:00+00:00,0.0013721659356260574,0.005590895008023011
2026-03-25 04:35:00+00:00,0.0009370012863669785,0.004801185435908906
2026-03-25 04:40:00+00:00,0.0010015037928337023,0.005927345076488066
2026-03-25 04:45:00+00:00,0.0009627651705752527,0.005816125624528823
2026-03-25 04:50:00+00:00,-0.10447504821851616,-0.09979362023839045
2026-03-25 04:55:00+00:00,0.10609353998119886,0.10881756523559538
2026-03-25 05:00:00+00:00,0.0006837359481242089,0.0036549657713198513
2026-03-25 05:05:00+00:00,0.0008366505518058176,0.003189695103365864
2026-03-25 05:10:00+00:00,0.0010325440254703722,0.001899846232312541
2026-03-25 05:15:00+00:00,0.0008264236411399395,0.006186565537372957
2026-03-25 05:20:00+00:00,0.00130903200130561,0.005093456458277856
2026-03-25 05:25:00+00:00,0.0006070284271366688,0.004810082731065535
2026-03-25 05:30:00+00:00,0.001240306216407916,0.006331721022883485
2026-03-25 05:35:00+00:00,0.000977043865546534,0.004234930169637607
2026-03-25 05:40:00+00:00,0.0011700446929197028,0.004238402928093521
2026-03-25 05:45:00+00:00,-0.1043160431662109,-0.10315086398410678
2026-03-25 05:50:00+00:00,0.10619903693548238,0.11201969547779989
2026-03-25 05:55:00+00:00,-0.6922084441447858,-0.6885599657102759
2026-03-25 06:00:00+00:00,-12.762933212757115,-13.46002205278579
2026-03-25 06:05:00+00:00,0.0,0.0
2026-03-25 06:10:00+00:00,0.0,0.0
2026-03-25 06:15:00+00:00,0.0,0.0
2026-03-25 06:20:00+00:00,0.0,0.0
2026-03-25 06:25:00+00:00,0.0,0.0
2026-03-25 06:30:00+00:00,0.0,0.0
2026-03-25 06:35:00+00:00,0.0,0.0
2026-03-25 06:40:00+00:00,0.0,0.0
2026-03-25 06:45:00+00:00,0.0,0.0
2026-03-25 06:50:00+00:00,0.0,0.0
2026-03-25 06:55:00+00:00,0.0,0.0
2026-03-25 07:00:00+00:00,11.860047928902647,12.627486559265302
2026-03-25 07:05:00+00:00,1.6099183657651839,1.6098292105336238
2026-03-25 07:10:00+00:00,0.00023449043640688672,0.0006100932425443517
2026-03-25 07:15:00+00:00,0.0005139914513812016,0.003303635708231667
2026-03-25 07:20:00+00:00,0.001046934356056184,0.010286688168090308
2026-03-25 07:25:00+00:00,0.0020694768117639484,0.011535726770530275
2026-03-25 07:30:00+00:00,0.0014948516194071004,0.013036426977574678
2026-03-25 07:35:00+00:00,0.0008624250126505473,0.006233882643309485
2026-03-25 07:40:00+00:00,0.0016693604756614633,0.007721067011681626
2026-03-25 07:45:00+00:00,0.0008490415867878909,0.006794974314294322
2026-03-25 07:50:00+00:00,-0.6920456222405829,-0.6886120575509675
2026-03-25 07:55:00+00:00,-12.786661244177363,-13.608226207084215
2026-03-25 08:00:00+00:00,0.0,0.0
2026-03-25 08:05:00+00:00,0.0,0.0
2026-03-25 08:10:00+00:00,0.0,0.0
2026-03-25 08:15:00+00:00,0.0,0.0
2026-03-25 08:20:00+00:00,0.0,0.0
2026-03-25 08:25:00+00:00,0.0,0.0
2026-03-25 08:30:00+00:00,0.0,0.0
2026-03-25 08:35:00+00:00,0.0,0.0
2026-03-25 08:40:00+00:00,0.0,0.0
2026-03-25 08:45:00+00:00,0.0,0.0
2026-03-25 08:50:00+00:00,0.0,0.0
2026-03-25 08:55:00+00:00,0.0,0.0
2026-03-25 09:00:00+00:00,0.0,0.0
2026-03-25 09:05:00+00:00,0.0,0.0
2026-03-25 09:10:00+00:00,0.0,0.0
2026-03-25 09:15:00+00:00,0.0,0.0
2026-03-25 09:20:00+00:00,0.0,0.0
2026-03-25 09:25:00+00:00,0.0,0.0
2026-03-25 09:30:00+00:00,0.0,0.0
2026-03-25 09:35:00+00:00,0.0,0.0
2026-03-25 09:40:00+00:00,0.0,0.0
2026-03-25 09:45:00+00:00,0.0,0.0
2026-03-25 09:50:00+00:00,0.0,0.0
2026-03-25 09:55:00+00:00,0.0,0.0
2026-03-25 10:00:00+00:00,0.0,0.0
2026-03-25 10:05:00+00:00,0.0,0.0
2026-03-25 10:10:00+00:00,0.0,0.0
2026-03-25 10:15:00+00:00,0.0,0.0
2026-03-25 10:20:00+00:00,0.0,0.0
2026-03-25 10:25:00+00:00,0.0,0.0
2026-03-25 10:30:00+00:00,0.0,0.0
2026-03-25 10:35:00+00:00,0.0,0.0
2026-03-25 10:40:00+00:00,0.0,0.0
2026-03-25 10:45:00+00:00,0.0,0.0
2026-03-25 10:50:00+00:00,0.0,0.0
2026-03-25 10:55:00+00:00,0.0,0.0
2026-03-25 11:00:00+00:00,0.0,0.0
2026-03-25 11:05:00+00:00,0.0,0.0
2026-03-25 11:10:00+00:00,0.0,0.0
2026-03-25 11:15:00+00:00,0.0,0.0
2026-03-25 11:20:00+00:00,0.0,0.0
2026-03-25 11:25:00+00:00,0.0,0.0
2026-03-25 11:30:00+00:00,0.0,0.0
2026-03-25 11:35:00+00:00,0.0,0.0
2026-03-25 11:40:00+00:00,0.0,0.0
2026-03-25 11:45:00+00:00,0.0,0.0
2026-03-25 11:50:00+00:00,0.0,0.0
2026-03-25 11:55:00+00:00,0.0,0.0
2026-03-25 12:00:00+00:00,0.0,0.0
2026-03-25 12:05:00+00:00,0.0,0.0
2026-03-25 12:10:00+00:00,0.0,0.0
2026-03-25 12:15:00+00:00,0.0,0.0
2026-03-25 12:20:00+00:00,0.0,0.0
2026-03-25 12:25:00+00:00,0.0,0.0
2026-03-25 12:30:00+00:00,0.0,0.0
2026-03-25 12:35:00+00:00,0.0,0.0
2026-03-25 12:40:00+00:00,0.0,0.0
2026-03-25 12:45:00+00:00,0.0,0.0
2026-03-25 12:50:00+00:00,0.0,0.0
2026-03-25 12:55:00+00:00,0.0,0.0
2026-03-25 13:00:00+00:00,0.0,0.0
2026-03-25 13:05:00+00:00,0.0,0.0
2026-03-25 13:10:00+00:00,0.0,0.0
2026-03-25 13:15:00+00:00,0.0,0.0
2026-03-25 13:20:00+00:00,0.0,0.0
2026-03-25 13:25:00+00:00,0.0,0.0
2026-03-25 13:30:00+00:00,0.0,0.0
2026-03-25 13:35:00+00:00,0.0,0.0
2026-03-25 13:40:00+00:00,0.0,0.0
2026-03-25 13:45:00+00:00,0.0,0.0
2026-03-25 13:50:00+00:00,0.0,0.0
2026-03-25 13:55:00+00:00,0.0,0.0
2026-03-25 14:00:00+00:00,0.0,0.0
2026-03-25 14:05:00+00:00,0.0,0.0
2026-03-25 14:10:00+00:00,0.0,0.0
2026-03-25 14:15:00+00:00,0.0,0.0
2026-03-25 14:20:00+00:00,0.0,0.0
2026-03-25 14:25:00+00:00,0.0,0.0
2026-03-25 14:30:00+00:00,0.0,0.0
2026-03-25 14:35:00+00:00,0.0,0.0
2026-03-25 14:40:00+00:00,0.0,0.0
2026-03-25 14:45:00+00:00,0.0,0.0
2026-03-25 14:50:00+00:00,0.0,0.0
2026-03-25 14:55:00+00:00,0.0,0.0
2026-03-25 15:00:00+00:00,0.0,0.0
2026-03-25 15:05:00+00:00,0.0,0.0
2026-03-25 15:10:00+00:00,0.0,0.0
2026-03-25 15:15:00+00:00,0.0,0.0
2026-03-25 15:20:00+00:00,0.0,0.0
2026-03-25 15:25:00+00:00,0.0,0.0
2026-03-25 15:30:00+00:00,0.0,0.0
2026-03-25 15:35:00+00:00,0.0,0.0
2026-03-25 15:40:00+00:00,0.0,0.0
2026-03-25 15:45:00+00:00,0.0,0.0
2026-03-25 15:50:00+00:00,0.0,0.0
2026-03-25 15:55:00+00:00,0.0,0.0
2026-03-25 16:00:00+00:00,0.0,0.0
2026-03-25 16:05:00+00:00,0.0,0.0
2026-03-25 16:10:00+00:00,0.0,0.0
2026-03-25 16:15:00+00:00,0.0,0.0
2026-03-25 16:20:00+00:00,0.0,0.0
2026-03-25 16:25:00+00:00,0.0,0.0
2026-03-25 16:30:00+00:00,0.0,0.0
2026-03-25 16:35:00+00:00,0.0,0.0
2026-03-25 16:40:00+00:00,0.0,0.0
2026-03-25 16:45:00+00:00,0.0,0.0
2026-03-25 16:50:00+00:00,0.0,0.0
2026-03-25 16:55:00+00:00,0.0,0.0
2026-03-25 17:00:00+00:00,0.0,0.0
2026-03-25 17:05:00+00:00,0.0,0.0
2026-03-25 17:10:00+00:00,0.0,0.0
2026-03-25 17:15:00+00:00,0.0,0.0
2026-03-25 17:20:00+00:00,0.0,0.0
2026-03-25 17:25:00+00:00,0.0,0.0
2026-03-25 17:30:00+00:00,0.0,0.0
2026-03-25 17:35:00+00:00,0.0,0.0
2026-03-25 17:40:00+00:00,0.0,0.0
2026-03-25 17:45:00+00:00,0.0,0.0
2026-03-25 17:50:00+00:00,12.405992604714898,13.271157450481493
2026-03-25 17:55:00+00:00,1.2049495605134837,1.207031286695626
2026-03-25 18:00:00+00:00,0.0005618060371403999,0.003001876688648153
2026-03-25 18:05:00+00:00,0.0006374760089720155,0.002616728787620204
2026-03-25 18:10:00+00:00,0.0009823881394392942,0.003799880285834334
2026-03-25 18:15:00+00:00,0.0008211823896253634,0.003995739485315397
2026-03-25 18:20:00+00:00,0.0012763274803102576,0.004450677116659918
2026-03-25 18:25:00+00:00,0.000992794688459142,0.004317862756034074
2026-03-25 18:30:00+00:00,0.0007125436032850985,0.004201237301829863
2026-03-25 18:35:00+00:00,0.0008473145817724514,0.0032576567720052907
2026-03-25 18:40:00+00:00,0.0007260465865837062,0.0027115658881591287
2026-03-25 18:45:00+00:00,-0.10453386522462615,-0.10195541920928619
2026-03-25 18:50:00+00:00,0.10618135014144592,0.10930575867573467
2026-03-25 18:55:00+00:00,0.00107779122792806,0.004606209859863597
2026-03-25 19:00:00+00:00,0.0012755653326674832,-0.27950258095391867
2026-03-25 19:05:00+00:00,-0.3557497602605064,-0.3516112646216172
2026-03-25 19:10:00+00:00,-13.266751125960878,-13.891384666010001
2026-03-25 19:15:00+00:00,0.0,0.0
2026-03-25 19:20:00+00:00,0.0,0.0
2026-03-25 19:25:00+00:00,0.0,0.0
2026-03-25 19:30:00+00:00,0.0,0.0
2026-03-25 19:35:00+00:00,0.0,0.0
2026-03-25 19:40:00+00:00,0.0,0.0
2026-03-25 19:45:00+00:00,0.0,0.0
2026-03-25 19:50:00+00:00,0.0,0.0
2026-03-25 19:55:00+00:00,0.0,0.0
2026-03-25 20:00:00+00:00,0.0,0.0
2026-03-25 20:05:00+00:00,0.0,0.0
2026-03-25 20:10:00+00:00,0.0,0.0
2026-03-25 20:15:00+00:00,0.0,0.0
2026-03-25 20:20:00+00:00,0.0,0.0
2026-03-25 20:25:00+00:00,0.0,0.0
2026-03-25 20:30:00+00:00,0.0,0.0
2026-03-25 20:35:00+00:00,0.0,0.0
2026-03-25 20:40:00+00:00,0.0,0.0
2026-03-25 20:45:00+00:00,0.0,0.0
2026-03-25 20:50:00+00:00,0.0,0.0
2026-03-25 20:55:00+00:00,0.0,0.0
2026-03-25 21:00:00+00:00,0.0,0.0
2026-03-25 21:05:00+00:00,0.0,0.0
2026-03-25 21:10:00+00:00,0.0,0.0
2026-03-25 21:15:00+00:00,0.0,0.0
2026-03-25 21:20:00+00:00,0.0,0.0
2026-03-25 21:25:00+00:00,0.0,0.0
2026-03-25 21:30:00+00:00,0.0,0.0
2026-03-25 21:35:00+00:00,0.0,0.0
2026-03-25 21:40:00+00:00,0.0,0.0
2026-03-25 21:45:00+00:00,0.0,0.0
2026-03-25 21:50:00+00:00,0.0,0.0
2026-03-25 21:55:00+00:00,0.0,0.0
2026-03-25 22:00:00+00:00,0.0,0.0
2026-03-25 22:05:00+00:00,0.0,0.0
2026-03-25 22:10:00+00:00,0.0,0.0
2026-03-25 22:15:00+00:00,13.550683964451299,14.410577325163683
2026-03-25 22:20:00+00:00,0.10712662239679638,0.11283872179858001
2026-03-25 22:25:00+00:00,0.0010520090069192634,0.006667999974233396
2026-03-25 22:30:00+00:00,0.0007505910379688174,0.004805241357807688
2026-03-25 22:35:00+00:00,-0.10456260769967507,-0.09977677644859284
2026-03-25 22:40:00+00:00,0.10607843896426061,0.11104149710395461
2026-03-25 22:45:00+00:00,0.0007652171852026157,0.0057997810903049896
2026-03-25 22:50:00+00:00,0.0007669623771811018,0.004997203500488823
2026-03-25 22:55:00+00:00,0.0006848732960964554,0.0038264790259638914
2026-03-25 23:00:00+00:00,-0.1046845145811588,-0.1016280435162571
2026-03-25 23:05:00+00:00,-13.55866155643489,-14.459149429050166
2026-03-25 23:10:00+00:00,0.0,0.0
2026-03-25 23:15:00+00:00,0.0,0.0
2026-03-25 23:20:00+00:00,0.0,0.0
2026-03-25 23:25:00+00:00,0.0,0.0
2026-03-25 23:30:00+00:00,0.0,0.0
2026-03-25 23:35:00+00:00,0.0,0.0
2026-03-25 23:40:00+00:00,0.0,0.0
2026-03-25 23:45:00+00:00,0.0,0.0
2026-03-25 23:50:00+00:00,0.0,0.0
2026-03-25 23:55:00+00:00,0.0,0.0
2026-03-26 00:00:00+00:00,0.0,0.0
2026-03-26 00:05:00+00:00,0.0,0.0
2026-03-26 00:10:00+00:00,0.0,0.0
2026-03-26 00:15:00+00:00,0.0,0.0
2026-03-26 00:20:00+00:00,0.0,0.0
2026-03-26 00:25:00+00:00,0.0,0.0
2026-03-26 00:30:00+00:00,0.0,0.0
2026-03-26 00:35:00+00:00,0.0,0.0
2026-03-26 00:40:00+00:00,0.0,0.0
2026-03-26 00:45:00+00:00,0.0,0.0
2026-03-26 00:50:00+00:00,0.0,0.0
2026-03-26 00:55:00+00:00,0.0,0.0
2026-03-26 01:00:00+00:00,0.0,0.0
2026-03-26 01:05:00+00:00,0.0,0.0
2026-03-26 01:10:00+00:00,0.0,0.0
2026-03-26 01:15:00+00:00,0.0,0.0
2026-03-26 01:20:00+00:00,0.0,0.0
2026-03-26 01:25:00+00:00,0.0,0.0
2026-03-26 01:30:00+00:00,0.0,0.0
2026-03-26 01:35:00+00:00,0.0,0.0
2026-03-26 01:40:00+00:00,0.0,0.0
2026-03-26 01:45:00+00:00,0.0,0.0
2026-03-26 01:50:00+00:00,0.0,0.0
2026-03-26 01:55:00+00:00,0.0,0.0
2026-03-26 02:00:00+00:00,0.0,0.0
2026-03-26 02:05:00+00:00,0.0,0.0
2026-03-26 02:10:00+00:00,0.0,0.0
2026-03-26 02:15:00+00:00,0.0,0.0
2026-03-26 02:20:00+00:00,0.0,0.0
2026-03-26 02:25:00+00:00,0.0,0.0
2026-03-26 02:30:00+00:00,0.0,0.0
2026-03-26 02:35:00+00:00,0.0,0.0
2026-03-26 02:40:00+00:00,0.0,0.0
2026-03-26 02:45:00+00:00,0.0,0.0
2026-03-26 02:50:00+00:00,0.0,0.0
2026-03-26 02:55:00+00:00,0.0,0.0
2026-03-26 03:00:00+00:00,0.0,0.0
2026-03-26 03:05:00+00:00,0.0,0.0
2026-03-26 03:10:00+00:00,0.0,0.0
2026-03-26 03:15:00+00:00,0.0,0.0
2026-03-26 03:20:00+00:00,0.0,0.0
2026-03-26 03:25:00+00:00,0.0,0.0
2026-03-26 03:30:00+00:00,0.0,0.0
2026-03-26 03:35:00+00:00,0.0,0.0
2026-03-26 03:40:00+00:00,0.0,0.0
2026-03-26 03:45:00+00:00,0.0,0.0
2026-03-26 03:50:00+00:00,0.0,0.0
2026-03-26 03:55:00+00:00,0.0,0.0
2026-03-26 04:00:00+00:00,0.0,0.0
2026-03-26 04:05:00+00:00,0.0,0.0
2026-03-26 04:10:00+00:00,0.0,0.0
2026-03-26 04:15:00+00:00,0.0,0.0
2026-03-26 04:20:00+00:00,0.0,0.0
2026-03-26 04:25:00+00:00,0.0,0.0
2026-03-26 04:30:00+00:00,0.0,0.0
2026-03-26 04:35:00+00:00,0.0,0.0
2026-03-26 04:40:00+00:00,0.0,0.0
2026-03-26 04:45:00+00:00,0.0,0.0
2026-03-26 04:50:00+00:00,0.0,0.0
2026-03-26 04:55:00+00:00,0.0,0.0
2026-03-26 05:00:00+00:00,0.0,0.0
2026-03-26 05:05:00+00:00,0.0,0.0
2026-03-26 05:10:00+00:00,0.0,0.0
2026-03-26 05:15:00+00:00,0.0,0.0
2026-03-26 05:20:00+00:00,0.0,0.0
2026-03-26 05:25:00+00:00,0.0,0.0
2026-03-26 05:30:00+00:00,0.0,0.0
2026-03-26 05:35:00+00:00,0.0,0.0
2026-03-26 05:40:00+00:00,0.0,0.0
2026-03-26 05:45:00+00:00,0.0,0.0
2026-03-26 05:50:00+00:00,0.0,0.0
2026-03-26 05:55:00+00:00,0.0,0.0
2026-03-26 06:00:00+00:00,0.0,0.0
2026-03-26 06:05:00+00:00,0.0,0.0
2026-03-26 06:10:00+00:00,0.0,0.0
2026-03-26 06:15:00+00:00,0.0,0.0
2026-03-26 06:20:00+00:00,0.0,0.0
2026-03-26 06:25:00+00:00,0.0,0.0
2026-03-26 06:30:00+00:00,0.0,0.0
2026-03-26 06:35:00+00:00,0.0,0.0
2026-03-26 06:40:00+00:00,0.0,0.0
2026-03-26 06:45:00+00:00,0.0,0.0
2026-03-26 06:50:00+00:00,0.0,0.0
2026-03-26 06:55:00+00:00,0.0,0.0
2026-03-26 07:00:00+00:00,0.0,0.0
2026-03-26 07:05:00+00:00,0.0,0.0
2026-03-26 07:10:00+00:00,0.0,0.0
2026-03-26 07:15:00+00:00,0.0,0.0
2026-03-26 07:20:00+00:00,0.0,0.0
2026-03-26 07:25:00+00:00,0.0,0.0
2026-03-26 07:30:00+00:00,0.0,0.0
2026-03-26 07:35:00+00:00,0.0,0.0
2026-03-26 07:40:00+00:00,0.0,0.0
2026-03-26 07:45:00+00:00,0.0,0.0
2026-03-26 07:50:00+00:00,0.0,0.0
2026-03-26 07:55:00+00:00,0.0,0.0
2026-03-26 08:00:00+00:00,0.0,0.0
2026-03-26 08:05:00+00:00,0.0,0.0
2026-03-26 08:10:00+00:00,0.0,0.0
2026-03-26 08:15:00+00:00,0.0,0.0
2026-03-26 08:20:00+00:00,0.0,0.0
2026-03-26 08:25:00+00:00,0.0,0.0
2026-03-26 08:30:00+00:00,0.0,0.0
2026-03-26 08:35:00+00:00,0.0,0.0
2026-03-26 08:40:00+00:00,0.0,0.0
2026-03-26 08:45:00+00:00,0.0,0.0
2026-03-26 08:50:00+00:00,0.0,0.0
2026-03-26 08:55:00+00:00,0.0,0.0
2026-03-26 09:00:00+00:00,0.0,0.0
2026-03-26 09:05:00+00:00,0.0,0.0
2026-03-26 09:10:00+00:00,0.0,0.0
2026-03-26 09:15:00+00:00,0.0,0.0
2026-03-26 09:20:00+00:00,0.0,0.0
2026-03-26 09:25:00+00:00,0.0,0.0
2026-03-26 09:30:00+00:00,0.0,0.0
2026-03-26 09:35:00+00:00,0.0,0.0
2026-03-26 09:40:00+00:00,0.0,0.0
2026-03-26 09:45:00+00:00,0.0,0.0
2026-03-26 09:50:00+00:00,0.0,0.0
2026-03-26 09:55:00+00:00,0.0,0.0
2026-03-26 10:00:00+00:00,0.0,0.0
2026-03-26 10:05:00+00:00,0.0,0.0
2026-03-26 10:10:00+00:00,0.0,0.0
2026-03-26 10:15:00+00:00,0.0,0.0
2026-03-26 10:20:00+00:00,0.0,0.0
2026-03-26 10:25:00+00:00,0.0,0.0
2026-03-26 10:30:00+00:00,0.0,0.0
2026-03-26 10:35:00+00:00,0.0,0.0
2026-03-26 10:40:00+00:00,0.0,0.0
2026-03-26 10:45:00+00:00,0.0,0.0
2026-03-26 10:50:00+00:00,0.0,0.0
2026-03-26 10:55:00+00:00,0.0,0.0
2026-03-26 11:00:00+00:00,0.0,0.0
2026-03-26 11:05:00+00:00,0.0,0.0
2026-03-26 11:10:00+00:00,0.0,0.0
2026-03-26 11:15:00+00:00,0.0,0.0
2026-03-26 11:20:00+00:00,0.0,0.0
2026-03-26 11:25:00+00:00,0.0,0.0
2026-03-26 11:30:00+00:00,0.0,0.0
2026-03-26 11:35:00+00:00,0.0,0.0
2026-03-26 11:40:00+00:00,0.0,0.0
2026-03-26 11:45:00+00:00,0.0,0.0
2026-03-26 11:50:00+00:00,0.0,0.0
2026-03-26 11:55:00+00:00,0.0,0.0
2026-03-26 12:00:00+00:00,0.0,0.0
2026-03-26 12:05:00+00:00,0.0,0.0
2026-03-26 12:10:00+00:00,0.0,0.0
2026-03-26 12:15:00+00:00,0.0,0.0
2026-03-26 12:20:00+00:00,0.0,0.0
2026-03-26 12:25:00+00:00,0.0,0.0
2026-03-26 12:30:00+00:00,0.0,0.0
2026-03-26 12:35:00+00:00,0.0,0.0
2026-03-26 12:40:00+00:00,0.0,0.0
2026-03-26 12:45:00+00:00,0.0,0.0
2026-03-26 12:50:00+00:00,0.0,0.0
2026-03-26 12:55:00+00:00,0.0,0.0
2026-03-26 13:00:00+00:00,0.0,0.0
2026-03-26 13:05:00+00:00,0.0,0.0
2026-03-26 13:10:00+00:00,0.0,0.0
2026-03-26 13:15:00+00:00,0.0,0.0
2026-03-26 13:20:00+00:00,0.0,0.0
2026-03-26 13:25:00+00:00,0.0,0.0
2026-03-26 13:30:00+00:00,0.0,0.0
2026-03-26 13:35:00+00:00,0.0,0.0
2026-03-26 13:40:00+00:00,0.0,0.0
2026-03-26 13:45:00+00:00,0.0,0.0
2026-03-26 13:50:00+00:00,0.0,0.0
2026-03-26 13:55:00+00:00,0.0,0.0
2026-03-26 14:00:00+00:00,0.0,0.0
2026-03-26 14:05:00+00:00,0.0,0.0
2026-03-26 14:10:00+00:00,0.0,0.0
2026-03-26 14:15:00+00:00,0.0,0.0
2026-03-26 14:20:00+00:00,0.0,0.0
2026-03-26 14:25:00+00:00,0.0,0.0
2026-03-26 14:30:00+00:00,0.0,0.0
2026-03-26 14:35:00+00:00,0.0,0.0
2026-03-26 14:40:00+00:00,0.0,0.0
2026-03-26 14:45:00+00:00,0.0,0.0
2026-03-26 14:50:00+00:00,0.0,0.0
2026-03-26 14:55:00+00:00,0.0,0.0
2026-03-26 15:00:00+00:00,0.0,0.0
2026-03-26 15:05:00+00:00,0.0,0.0
2026-03-26 15:10:00+00:00,0.0,0.0
2026-03-26 15:15:00+00:00,0.0,0.0
2026-03-26 15:20:00+00:00,0.0,0.0
2026-03-26 15:25:00+00:00,0.0,0.0
2026-03-26 15:30:00+00:00,0.0,0.0
2026-03-26 15:35:00+00:00,0.0,0.0
2026-03-26 15:40:00+00:00,0.0,0.0
2026-03-26 15:45:00+00:00,0.0,0.0
2026-03-26 15:50:00+00:00,0.0,0.0
2026-03-26 15:55:00+00:00,0.0,0.0
2026-03-26 16:00:00+00:00,0.0,0.0
2026-03-26 16:05:00+00:00,0.0,0.0
2026-03-26 16:10:00+00:00,0.0,0.0
2026-03-26 16:15:00+00:00,0.0,0.0
2026-03-26 16:20:00+00:00,0.0,0.0
2026-03-26 16:25:00+00:00,0.0,0.0
2026-03-26 16:30:00+00:00,0.0,0.0
2026-03-26 16:35:00+00:00,0.0,0.0
2026-03-26 16:40:00+00:00,0.0,0.0
2026-03-26 16:45:00+00:00,0.0,0.0
2026-03-26 16:50:00+00:00,0.0,0.0
2026-03-26 16:55:00+00:00,0.0,0.0
2026-03-26 17:00:00+00:00,0.0,0.0
2026-03-26 17:05:00+00:00,0.0,0.0
2026-03-26 17:10:00+00:00,0.0,0.0
2026-03-26 17:15:00+00:00,0.0,0.0
2026-03-26 17:20:00+00:00,0.0,0.0
2026-03-26 17:25:00+00:00,0.0,0.0
2026-03-26 17:30:00+00:00,0.0,0.0
2026-03-26 17:35:00+00:00,0.0,0.0
2026-03-26 17:40:00+00:00,0.0,0.0
2026-03-26 17:45:00+00:00,0.0,0.0
2026-03-26 17:50:00+00:00,0.0,0.0
2026-03-26 17:55:00+00:00,0.0,0.0
2026-03-26 18:00:00+00:00,0.0,0.0
2026-03-26 18:05:00+00:00,0.0,0.0
2026-03-26 18:10:00+00:00,0.0,0.0
2026-03-26 18:15:00+00:00,0.0,0.0
2026-03-26 18:20:00+00:00,0.0,0.0
2026-03-26 18:25:00+00:00,0.0,0.0
2026-03-26 18:30:00+00:00,0.0,0.0
2026-03-26 18:35:00+00:00,0.0,0.0
2026-03-26 18:40:00+00:00,0.0,0.0
2026-03-26 18:45:00+00:00,0.0,0.0
2026-03-26 18:50:00+00:00,0.0,0.0
2026-03-26 18:55:00+00:00,0.0,0.0
2026-03-26 19:00:00+00:00,0.0,0.0
2026-03-26 19:05:00+00:00,0.0,0.0
2026-03-26 19:10:00+00:00,0.0,0.0
2026-03-26 19:15:00+00:00,0.0,0.0
2026-03-26 19:20:00+00:00,0.0,0.0
2026-03-26 19:25:00+00:00,0.0,0.0
2026-03-26 19:30:00+00:00,0.0,0.0
2026-03-26 19:35:00+00:00,0.0,0.0
2026-03-26 19:40:00+00:00,0.0,0.0
2026-03-26 19:45:00+00:00,0.0,0.0
2026-03-26 19:50:00+00:00,0.0,0.0
2026-03-26 19:55:00+00:00,0.0,0.0
2026-03-26 20:00:00+00:00,0.0,0.0
2026-03-26 20:05:00+00:00,0.0,0.0
2026-03-26 20:10:00+00:00,0.0,0.0
2026-03-26 20:15:00+00:00,0.0,0.0
2026-03-26 20:20:00+00:00,0.0,0.0
2026-03-26 20:25:00+00:00,0.0,0.0
2026-03-26 20:30:00+00:00,0.0,0.0
2026-03-26 20:35:00+00:00,0.0,0.0
2026-03-26 20:40:00+00:00,0.0,0.0
2026-03-26 20:45:00+00:00,0.0,0.0
2026-03-26 20:50:00+00:00,0.0,0.0
2026-03-26 20:55:00+00:00,0.0,0.0
2026-03-26 21:00:00+00:00,0.0,0.0
2026-03-26 21:05:00+00:00,0.0,0.0
2026-03-26 21:10:00+00:00,0.0,0.0
2026-03-26 21:15:00+00:00,0.0,0.0
2026-03-26 21:20:00+00:00,0.0,0.0
2026-03-26 21:25:00+00:00,0.0,0.0
2026-03-26 21:30:00+00:00,0.0,0.0
2026-03-26 21:35:00+00:00,0.0,0.0
2026-03-26 21:40:00+00:00,0.0,0.0
2026-03-26 21:45:00+00:00,0.0,0.0
2026-03-26 21:50:00+00:00,0.0,0.0
2026-03-26 21:55:00+00:00,0.0,0.0
2026-03-26 22:00:00+00:00,0.0,0.0
2026-03-26 22:05:00+00:00,0.0,0.0
2026-03-26 22:10:00+00:00,0.0,0.0
2026-03-26 22:15:00+00:00,0.0,0.0
2026-03-26 22:20:00+00:00,0.0,0.0
2026-03-26 22:25:00+00:00,0.0,0.0
2026-03-26 22:30:00+00:00,0.0,0.0
2026-03-26 22:35:00+00:00,0.0,0.0
2026-03-26 22:40:00+00:00,0.0,0.0
2026-03-26 22:45:00+00:00,0.0,0.0
2026-03-26 22:50:00+00:00,0.0,0.0
2026-03-26 22:55:00+00:00,0.0,0.0
2026-03-26 23:00:00+00:00,0.0,0.0
2026-03-26 23:05:00+00:00,0.0,0.0
2026-03-26 23:10:00+00:00,0.0,0.0
2026-03-26 23:15:00+00:00,0.0,0.0
2026-03-26 23:20:00+00:00,0.0,0.0
2026-03-26 23:25:00+00:00,0.0,0.0
2026-03-26 23:30:00+00:00,0.0,0.0
2026-03-26 23:35:00+00:00,0.0,0.0
2026-03-26 23:40:00+00:00,0.0,0.0
2026-03-26 23:45:00+00:00,0.0,0.0
2026-03-26 23:50:00+00:00,0.0,0.0
2026-03-26 23:55:00+00:00,0.0,0.0
2026-03-27 00:00:00+00:00,0.0,0.0
2026-03-27 00:05:00+00:00,0.0,0.0
2026-03-27 00:10:00+00:00,0.0,0.0
2026-03-27 00:15:00+00:00,0.0,0.0
2026-03-27 00:20:00+00:00,0.0,0.0
2026-03-27 00:25:00+00:00,0.0,0.0
2026-03-27 00:30:00+00:00,0.0,0.0
2026-03-27 00:35:00+00:00,0.0,0.0
2026-03-27 00:40:00+00:00,0.0,0.0
2026-03-27 00:45:00+00:00,0.0,0.0
2026-03-27 00:50:00+00:00,0.0,0.0
2026-03-27 00:55:00+00:00,0.0,0.0
2026-03-27 01:00:00+00:00,0.0,0.0
2026-03-27 01:05:00+00:00,0.0,0.0
2026-03-27 01:10:00+00:00,0.0,0.0
2026-03-27 01:15:00+00:00,0.0,0.0
2026-03-27 01:20:00+00:00,0.0,0.0
2026-03-27 01:25:00+00:00,0.0,0.0
2026-03-27 01:30:00+00:00,0.0,0.0
2026-03-27 01:35:00+00:00,0.0,0.0
2026-03-27 01:40:00+00:00,0.0,0.0
2026-03-27 01:45:00+00:00,0.0,0.0
2026-03-27 01:50:00+00:00,0.0,0.0
2026-03-27 01:55:00+00:00,0.0,0.0
2026-03-27 02:00:00+00:00,0.0,0.0
2026-03-27 02:05:00+00:00,0.0,0.0
2026-03-27 02:10:00+00:00,0.0,0.0
2026-03-27 02:15:00+00:00,0.0,0.0
2026-03-27 02:20:00+00:00,0.0,0.0
2026-03-27 02:25:00+00:00,0.0,0.0
2026-03-27 02:30:00+00:00,0.0,0.0
2026-03-27 02:35:00+00:00,0.0,0.0
2026-03-27 02:40:00+00:00,0.0,0.0
2026-03-27 02:45:00+00:00,0.0,0.0
2026-03-27 02:50:00+00:00,0.0,0.0
2026-03-27 02:55:00+00:00,0.0,0.0
2026-03-27 03:00:00+00:00,0.0,0.0
2026-03-27 03:05:00+00:00,0.0,0.0
2026-03-27 03:10:00+00:00,0.0,0.0
2026-03-27 03:15:00+00:00,0.0,0.0
2026-03-27 03:20:00+00:00,0.0,0.0
2026-03-27 03:25:00+00:00,0.0,0.0
2026-03-27 03:30:00+00:00,0.0,0.0
2026-03-27 03:35:00+00:00,0.0,0.0
2026-03-27 03:40:00+00:00,0.0,0.0
2026-03-27 03:45:00+00:00,0.0,0.0
2026-03-27 03:50:00+00:00,0.0,0.0
2026-03-27 03:55:00+00:00,0.0,0.0
2026-03-27 04:00:00+00:00,0.0,0.0
2026-03-27 04:05:00+00:00,0.0,0.0
2026-03-27 04:10:00+00:00,0.0,0.0
2026-03-27 04:15:00+00:00,0.0,0.0
2026-03-27 04:20:00+00:00,0.0,0.0
2026-03-27 04:25:00+00:00,0.0,0.0
2026-03-27 04:30:00+00:00,0.0,0.0
2026-03-27 04:35:00+00:00,0.0,0.0
2026-03-27 04:40:00+00:00,0.0,0.0
2026-03-27 04:45:00+00:00,0.0,0.0
2026-03-27 04:50:00+00:00,0.0,0.0
2026-03-27 04:55:00+00:00,0.0,0.0
2026-03-27 05:00:00+00:00,0.0,0.0
2026-03-27 05:05:00+00:00,0.0,0.0
2026-03-27 05:10:00+00:00,0.0,0.0
2026-03-27 05:15:00+00:00,0.0,0.0
2026-03-27 05:20:00+00:00,0.0,0.0
2026-03-27 05:25:00+00:00,0.0,0.0
2026-03-27 05:30:00+00:00,0.0,0.0
2026-03-27 05:35:00+00:00,0.0,0.0
2026-03-27 05:40:00+00:00,0.0,0.0
2026-03-27 05:45:00+00:00,0.0,0.0
2026-03-27 05:50:00+00:00,0.0,0.0
2026-03-27 05:55:00+00:00,0.0,0.0
2026-03-27 06:00:00+00:00,0.0,0.0
2026-03-27 06:05:00+00:00,0.0,0.0
2026-03-27 06:10:00+00:00,0.0,0.0
2026-03-27 06:15:00+00:00,0.0,0.0
2026-03-27 06:20:00+00:00,0.0,0.0
2026-03-27 06:25:00+00:00,0.0,0.0
2026-03-27 06:30:00+00:00,0.0,0.0
2026-03-27 06:35:00+00:00,0.0,0.0
2026-03-27 06:40:00+00:00,0.0,0.0
2026-03-27 06:45:00+00:00,0.0,0.0
2026-03-27 06:50:00+00:00,0.0,0.0
2026-03-27 06:55:00+00:00,0.0,0.0
2026-03-27 07:00:00+00:00,0.0,0.0
2026-03-27 07:05:00+00:00,0.0,0.0
2026-03-27 07:10:00+00:00,0.0,0.0
2026-03-27 07:15:00+00:00,0.0,0.0
2026-03-27 07:20:00+00:00,0.0,0.0
2026-03-27 07:25:00+00:00,0.0,0.0
2026-03-27 07:30:00+00:00,0.0,0.0
2026-03-27 07:35:00+00:00,0.0,0.0
2026-03-27 07:40:00+00:00,0.0,0.0
2026-03-27 07:45:00+00:00,0.0,0.0
2026-03-27 07:50:00+00:00,0.0,0.0
2026-03-27 07:55:00+00:00,0.0,0.0
2026-03-27 08:00:00+00:00,0.0,0.0
2026-03-27 08:05:00+00:00,0.0,0.0
2026-03-27 08:10:00+00:00,0.0,0.0
2026-03-27 08:15:00+00:00,0.0,0.0
2026-03-27 08:20:00+00:00,0.0,0.0
2026-03-27 08:25:00+00:00,0.0,0.0
2026-03-27 08:30:00+00:00,0.0,0.0
2026-03-27 08:35:00+00:00,0.0,0.0
2026-03-27 08:40:00+00:00,0.0,0.0
2026-03-27 08:45:00+00:00,0.0,0.0
2026-03-27 08:50:00+00:00,0.0,0.0
2026-03-27 08:55:00+00:00,0.0,0.0
2026-03-27 09:00:00+00:00,0.0,0.0
2026-03-27 09:05:00+00:00,0.0,0.0
2026-03-27 09:10:00+00:00,0.0,0.0
2026-03-27 09:15:00+00:00,0.0,0.0
2026-03-27 09:20:00+00:00,0.0,0.0
2026-03-27 09:25:00+00:00,0.0,0.0
2026-03-27 09:30:00+00:00,0.0,0.0
2026-03-27 09:35:00+00:00,0.0,0.0
2026-03-27 09:40:00+00:00,0.0,0.0
2026-03-27 09:45:00+00:00,0.0,0.0
2026-03-27 09:50:00+00:00,0.0,0.0
2026-03-27 09:55:00+00:00,0.0,0.0
2026-03-27 10:00:00+00:00,0.0,0.0
2026-03-27 10:05:00+00:00,0.0,0.0
2026-03-27 10:10:00+00:00,0.0,0.0
2026-03-27 10:15:00+00:00,0.0,0.0
2026-03-27 10:20:00+00:00,0.0,0.0
2026-03-27 10:25:00+00:00,0.0,0.0
2026-03-27 10:30:00+00:00,0.0,0.0
2026-03-27 10:35:00+00:00,0.0,0.0
2026-03-27 10:40:00+00:00,0.0,0.0
2026-03-27 10:45:00+00:00,0.0,0.0
2026-03-27 10:50:00+00:00,0.0,0.0
2026-03-27 10:55:00+00:00,0.0,0.0
2026-03-27 11:00:00+00:00,0.0,0.0
2026-03-27 11:05:00+00:00,0.0,0.0
2026-03-27 11:10:00+00:00,0.0,0.0
2026-03-27 11:15:00+00:00,0.0,0.0
2026-03-27 11:20:00+00:00,0.0,0.0
2026-03-27 11:25:00+00:00,0.0,0.0
2026-03-27 11:30:00+00:00,0.0,0.0
2026-03-27 11:35:00+00:00,0.0,0.0
2026-03-27 11:40:00+00:00,0.0,0.0
2026-03-27 11:45:00+00:00,0.0,0.0
2026-03-27 11:50:00+00:00,0.0,0.0
2026-03-27 11:55:00+00:00,0.0,0.0
2026-03-27 12:00:00+00:00,0.0,0.0
2026-03-27 12:05:00+00:00,0.0,0.0
2026-03-27 12:10:00+00:00,0.0,0.0
2026-03-27 12:15:00+00:00,0.0,0.0
2026-03-27 12:20:00+00:00,0.0,0.0
2026-03-27 12:25:00+00:00,0.0,0.0
2026-03-27 12:30:00+00:00,0.0,0.0
2026-03-27 12:35:00+00:00,0.0,0.0
2026-03-27 12:40:00+00:00,0.0,0.0
2026-03-27 12:45:00+00:00,0.0,0.0
2026-03-27 12:50:00+00:00,0.0,0.0
2026-03-27 12:55:00+00:00,0.0,0.0
2026-03-27 13:00:00+00:00,0.0,0.0
2026-03-27 13:05:00+00:00,0.0,0.0
2026-03-27 13:10:00+00:00,0.0,0.0
2026-03-27 13:15:00+00:00,0.0,0.0
2026-03-27 13:20:00+00:00,0.0,0.0
2026-03-27 13:25:00+00:00,0.0,0.0
2026-03-27 13:30:00+00:00,0.0,0.0
2026-03-27 13:35:00+00:00,0.0,0.0
2026-03-27 13:40:00+00:00,0.0,0.0
2026-03-27 13:45:00+00:00,0.0,0.0
2026-03-27 13:50:00+00:00,0.0,0.0
2026-03-27 13:55:00+00:00,0.0,0.0
2026-03-27 14:00:00+00:00,0.0,0.0
2026-03-27 14:05:00+00:00,0.0,0.0
2026-03-27 14:10:00+00:00,0.0,0.0
2026-03-27 14:15:00+00:00,0.0,0.0
2026-03-27 14:20:00+00:00,0.0,0.0
2026-03-27 14:25:00+00:00,0.0,0.0
2026-03-27 14:30:00+00:00,0.0,0.0
2026-03-27 14:35:00+00:00,0.0,0.0
2026-03-27 14:40:00+00:00,0.0,0.0
2026-03-27 14:45:00+00:00,0.0,0.0
2026-03-27 14:50:00+00:00,0.0,0.0
2026-03-27 14:55:00+00:00,0.0,0.0
2026-03-27 15:00:00+00:00,0.0,0.0
2026-03-27 15:05:00+00:00,0.0,0.0
2026-03-27 15:10:00+00:00,0.0,0.0
2026-03-27 15:15:00+00:00,0.0,0.0
2026-03-27 15:20:00+00:00,0.0,0.0
2026-03-27 15:25:00+00:00,0.0,0.0
2026-03-27 15:30:00+00:00,0.0,0.0
2026-03-27 15:35:00+00:00,0.0,0.0
2026-03-27 15:40:00+00:00,0.0,0.0
2026-03-27 15:45:00+00:00,0.0,0.0
2026-03-27 15:50:00+00:00,0.0,0.0
2026-03-27 15:55:00+00:00,0.0,0.0
2026-03-27 16:00:00+00:00,0.0,0.0
2026-03-27 16:05:00+00:00,0.0,0.0
2026-03-27 16:10:00+00:00,0.0,0.0
2026-03-27 16:15:00+00:00,0.0,0.0
2026-03-27 16:20:00+00:00,0.0,0.0
2026-03-27 16:25:00+00:00,0.0,0.0
2026-03-27 16:30:00+00:00,0.0,0.0
2026-03-27 16:35:00+00:00,0.0,0.0
2026-03-27 16:40:00+00:00,0.0,0.0
2026-03-27 16:45:00+00:00,0.0,0.0
2026-03-27 16:50:00+00:00,0.0,0.0
2026-03-27 16:55:00+00:00,0.0,0.0
2026-03-27 17:00:00+00:00,0.0,0.0
2026-03-27 17:05:00+00:00,0.0,0.0
2026-03-27 17:10:00+00:00,0.0,0.0
2026-03-27 17:15:00+00:00,0.0,0.0
2026-03-27 17:20:00+00:00,0.0,0.0
2026-03-27 17:25:00+00:00,0.0,0.0
2026-03-27 17:30:00+00:00,0.0,0.0
2026-03-27 17:35:00+00:00,0.0,0.0
2026-03-27 17:40:00+00:00,0.0,0.0
2026-03-27 17:45:00+00:00,0.0,0.0
2026-03-27 17:50:00+00:00,0.0,0.0
2026-03-27 17:55:00+00:00,0.0,0.0
2026-03-27 18:00:00+00:00,0.0,0.0
2026-03-27 18:05:00+00:00,0.0,0.0
2026-03-27 18:10:00+00:00,0.0,0.0
2026-03-27 18:15:00+00:00,0.0,0.0
2026-03-27 18:20:00+00:00,0.0,0.0
2026-03-27 18:25:00+00:00,0.0,0.0
2026-03-27 18:30:00+00:00,0.0,0.0
2026-03-27 18:35:00+00:00,0.0,0.0
2026-03-27 18:40:00+00:00,0.0,0.0
2026-03-27 18:45:00+00:00,0.0,0.0
2026-03-27 18:50:00+00:00,0.0,0.0
2026-03-27 18:55:00+00:00,0.0,0.0
2026-03-27 19:00:00+00:00,0.0,0.0
2026-03-27 19:05:00+00:00,0.0,0.0
2026-03-27 19:10:00+00:00,0.0,0.0
2026-03-27 19:15:00+00:00,0.0,0.0
2026-03-27 19:20:00+00:00,0.0,0.0
2026-03-27 19:25:00+00:00,0.0,0.0
2026-03-27 19:30:00+00:00,0.0,0.0
2026-03-27 19:35:00+00:00,0.0,0.0
2026-03-27 19:40:00+00:00,0.0,0.0
2026-03-27 19:45:00+00:00,0.0,0.0
2026-03-27 19:50:00+00:00,0.0,0.0
2026-03-27 19:55:00+00:00,0.0,0.0
2026-03-27 20:00:00+00:00,0.0,0.0
2026-03-27 20:05:00+00:00,0.0,0.0
2026-03-27 20:10:00+00:00,0.0,0.0
2026-03-27 20:15:00+00:00,0.0,0.0
2026-03-27 20:20:00+00:00,0.0,0.0
2026-03-27 20:25:00+00:00,0.0,0.0
2026-03-27 20:30:00+00:00,0.0,0.0
2026-03-27 20:35:00+00:00,0.0,0.0
2026-03-27 20:40:00+00:00,0.0,0.0
2026-03-27 20:45:00+00:00,0.0,0.0
2026-03-27 20:50:00+00:00,0.0,0.0
2026-03-27 20:55:00+00:00,0.0,0.0
2026-03-27 21:00:00+00:00,0.0,0.0
2026-03-27 21:05:00+00:00,0.0,0.0
2026-03-27 21:10:00+00:00,0.0,0.0
2026-03-27 21:15:00+00:00,0.0,0.0
2026-03-27 21:20:00+00:00,0.0,0.0
2026-03-27 21:25:00+00:00,0.0,0.0
2026-03-27 21:30:00+00:00,0.0,0.0
2026-03-27 21:35:00+00:00,0.0,0.0
2026-03-27 21:40:00+00:00,0.0,0.0
2026-03-27 21:45:00+00:00,0.0,0.0
2026-03-27 21:50:00+00:00,0.0,0.0
2026-03-27 21:55:00+00:00,0.0,0.0
2026-03-27 22:00:00+00:00,0.0,0.0
2026-03-27 22:05:00+00:00,0.0,0.0
2026-03-27 22:10:00+00:00,0.0,0.0
2026-03-27 22:15:00+00:00,0.0,0.0
2026-03-27 22:20:00+00:00,0.0,0.0
2026-03-27 22:25:00+00:00,0.0,0.0
2026-03-27 22:30:00+00:00,0.0,0.0
2026-03-27 22:35:00+00:00,0.0,0.0
2026-03-27 22:40:00+00:00,0.0,0.0
2026-03-27 22:45:00+00:00,0.0,0.0
2026-03-27 22:50:00+00:00,0.0,0.0
2026-03-27 22:55:00+00:00,0.0,0.0
2026-03-27 23:00:00+00:00,0.0,0.0
2026-03-27 23:05:00+00:00,0.0,0.0
2026-03-27 23:10:00+00:00,0.0,0.0
2026-03-27 23:15:00+00:00,0.0,0.0
2026-03-27 23:20:00+00:00,0.0,0.0
2026-03-27 23:25:00+00:00,0.0,0.0
2026-03-27 23:30:00+00:00,0.0,0.0
2026-03-27 23:35:00+00:00,0.0,0.0
2026-03-27 23:40:00+00:00,0.0,0.0
2026-03-27 23:45:00+00:00,0.0,0.0
2026-03-27 23:50:00+00:00,0.0,0.0
2026-03-27 23:55:00+00:00,0.0,0.0
2026-03-28 00:00:00+00:00,0.0,0.0
2026-03-28 00:05:00+00:00,0.0,0.0
2026-03-28 00:10:00+00:00,0.0,0.0
2026-03-28 00:15:00+00:00,0.0,0.0
2026-03-28 00:20:00+00:00,0.0,0.0
2026-03-28 00:25:00+00:00,0.0,0.0
2026-03-28 00:30:00+00:00,0.0,0.0
2026-03-28 00:35:00+00:00,0.0,0.0
2026-03-28 00:40:00+00:00,0.0,0.0
2026-03-28 00:45:00+00:00,0.0,0.0
2026-03-28 00:50:00+00:00,0.0,0.0
2026-03-28 00:55:00+00:00,0.0,0.0
2026-03-28 01:00:00+00:00,0.0,0.0
2026-03-28 01:05:00+00:00,0.0,0.0
2026-03-28 01:10:00+00:00,0.0,0.0
2026-03-28 01:15:00+00:00,0.0,0.0
2026-03-28 01:20:00+00:00,0.0,0.0
2026-03-28 01:25:00+00:00,0.0,0.0
2026-03-28 01:30:00+00:00,0.0,0.0
2026-03-28 01:35:00+00:00,0.0,0.0
2026-03-28 01:40:00+00:00,0.0,0.0
2026-03-28 01:45:00+00:00,0.0,0.0
2026-03-28 01:50:00+00:00,0.0,0.0
2026-03-28 01:55:00+00:00,0.0,0.0
2026-03-28 02:00:00+00:00,0.0,0.0
2026-03-28 02:05:00+00:00,0.0,0.0
2026-03-28 02:10:00+00:00,0.0,0.0
2026-03-28 02:15:00+00:00,0.0,0.0
2026-03-28 02:20:00+00:00,0.0,0.0
2026-03-28 02:25:00+00:00,0.0,0.0
2026-03-28 02:30:00+00:00,0.0,0.0
2026-03-28 02:35:00+00:00,0.0,0.0
2026-03-28 02:40:00+00:00,0.0,0.0
2026-03-28 02:45:00+00:00,0.0,0.0
2026-03-28 02:50:00+00:00,0.0,0.0
2026-03-28 02:55:00+00:00,0.0,0.0
2026-03-28 03:00:00+00:00,0.0,0.0
2026-03-28 03:05:00+00:00,0.0,0.0
2026-03-28 03:10:00+00:00,0.0,0.0
2026-03-28 03:15:00+00:00,0.0,0.0
2026-03-28 03:20:00+00:00,0.0,0.0
2026-03-28 03:25:00+00:00,0.0,0.0
2026-03-28 03:30:00+00:00,0.0,0.0
2026-03-28 03:35:00+00:00,0.0,0.0
2026-03-28 03:40:00+00:00,0.0,0.0
2026-03-28 03:45:00+00:00,0.0,0.0
2026-03-28 03:50:00+00:00,0.0,0.0
2026-03-28 03:55:00+00:00,0.0,0.0
2026-03-28 04:00:00+00:00,0.0,0.0
2026-03-28 04:05:00+00:00,0.0,0.0
2026-03-28 04:10:00+00:00,0.0,0.0
2026-03-28 04:15:00+00:00,0.0,0.0
2026-03-28 04:20:00+00:00,0.0,0.0
2026-03-28 04:25:00+00:00,0.0,0.0
2026-03-28 04:30:00+00:00,0.0,0.0
2026-03-28 04:35:00+00:00,0.0,0.0
2026-03-28 04:40:00+00:00,0.0,0.0
2026-03-28 04:45:00+00:00,0.0,0.0
2026-03-28 04:50:00+00:00,0.0,0.0
2026-03-28 04:55:00+00:00,0.0,0.0
2026-03-28 05:00:00+00:00,0.0,0.0
2026-03-28 05:05:00+00:00,0.0,0.0
2026-03-28 05:10:00+00:00,0.0,0.0
2026-03-28 05:15:00+00:00,0.0,0.0
2026-03-28 05:20:00+00:00,0.0,0.0
2026-03-28 05:25:00+00:00,0.0,0.0
2026-03-28 05:30:00+00:00,0.0,0.0
2026-03-28 05:35:00+00:00,0.0,0.0
2026-03-28 05:40:00+00:00,0.0,0.0
2026-03-28 05:45:00+00:00,0.0,0.0
2026-03-28 05:50:00+00:00,0.0,0.0
2026-03-28 05:55:00+00:00,0.0,0.0
2026-03-28 06:00:00+00:00,0.0,0.0
2026-03-28 06:05:00+00:00,0.0,0.0
2026-03-28 06:10:00+00:00,0.0,0.0
2026-03-28 06:15:00+00:00,0.0,0.0
2026-03-28 06:20:00+00:00,0.0,0.0
2026-03-28 06:25:00+00:00,0.0,0.0
2026-03-28 06:30:00+00:00,0.0,0.0
2026-03-28 06:35:00+00:00,0.0,0.0
2026-03-28 06:40:00+00:00,0.0,0.0
2026-03-28 06:45:00+00:00,0.0,0.0
2026-03-28 06:50:00+00:00,0.0,0.0
2026-03-28 06:55:00+00:00,0.0,0.0
2026-03-28 07:00:00+00:00,0.0,0.0
2026-03-28 07:05:00+00:00,0.0,0.0
2026-03-28 07:10:00+00:00,0.0,0.0
2026-03-28 07:15:00+00:00,0.0,0.0
2026-03-28 07:20:00+00:00,0.0,0.0
2026-03-28 07:25:00+00:00,0.0,0.0
2026-03-28 07:30:00+00:00,0.0,0.0
2026-03-28 07:35:00+00:00,0.0,0.0
2026-03-28 07:40:00+00:00,0.0,0.0
2026-03-28 07:45:00+00:00,0.0,0.0
2026-03-28 07:50:00+00:00,0.0,0.0
2026-03-28 07:55:00+00:00,0.0,0.0
2026-03-28 08:00:00+00:00,0.0,0.0
2026-03-28 08:05:00+00:00,0.0,0.0
2026-03-28 08:10:00+00:00,0.0,0.0
2026-03-28 08:15:00+00:00,0.0,0.0
2026-03-28 08:20:00+00:00,0.0,0.0
2026-03-28 08:25:00+00:00,0.0,0.0
2026-03-28 08:30:00+00:00,0.0,0.0
2026-03-28 08:35:00+00:00,0.0,0.0
2026-03-28 08:40:00+00:00,0.0,0.0
2026-03-28 08:45:00+00:00,0.0,0.0
2026-03-28 08:50:00+00:00,0.0,0.0
2026-03-28 08:55:00+00:00,0.0,0.0
2026-03-28 09:00:00+00:00,0.0,0.0
2026-03-28 09:05:00+00:00,0.0,0.0
2026-03-28 09:10:00+00:00,0.0,0.0
2026-03-28 09:15:00+00:00,0.0,0.0
2026-03-28 09:20:00+00:00,0.0,0.0
2026-03-28 09:25:00+00:00,0.0,0.0
2026-03-28 09:30:00+00:00,0.0,0.0
2026-03-28 09:35:00+00:00,0.0,0.0
2026-03-28 09:40:00+00:00,0.0,0.0
2026-03-28 09:45:00+00:00,0.0,0.0
2026-03-28 09:50:00+00:00,0.0,0.0
2026-03-28 09:55:00+00:00,0.0,0.0
2026-03-28 10:00:00+00:00,0.0,0.0
2026-03-28 10:05:00+00:00,0.0,0.0
2026-03-28 10:10:00+00:00,0.0,0.0
2026-03-28 10:15:00+00:00,0.0,0.0
2026-03-28 10:20:00+00:00,0.0,0.0
2026-03-28 10:25:00+00:00,0.0,0.0
2026-03-28 10:30:00+00:00,0.0,0.0
2026-03-28 10:35:00+00:00,0.0,0.0
2026-03-28 10:40:00+00:00,0.0,0.0
2026-03-28 10:45:00+00:00,0.0,0.0
2026-03-28 10:50:00+00:00,0.0,0.0
2026-03-28 10:55:00+00:00,0.0,0.0
2026-03-28 11:00:00+00:00,0.0,0.0
2026-03-28 11:05:00+00:00,0.0,0.0
2026-03-28 11:10:00+00:00,0.0,0.0
2026-03-28 11:15:00+00:00,0.0,0.0
2026-03-28 11:20:00+00:00,0.0,0.0
2026-03-28 11:25:00+00:00,0.0,0.0
2026-03-28 11:30:00+00:00,0.0,0.0
2026-03-28 11:35:00+00:00,0.0,0.0
2026-03-28 11:40:00+00:00,0.0,0.0
2026-03-28 11:45:00+00:00,0.0,0.0
2026-03-28 11:50:00+00:00,0.0,0.0
2026-03-28 11:55:00+00:00,0.0,0.0
2026-03-28 12:00:00+00:00,0.0,0.0
2026-03-28 12:05:00+00:00,0.0,0.0
2026-03-28 12:10:00+00:00,0.0,0.0
2026-03-28 12:15:00+00:00,0.0,0.0
2026-03-28 12:20:00+00:00,0.0,0.0
2026-03-28 12:25:00+00:00,0.0,0.0
2026-03-28 12:30:00+00:00,0.0,0.0
2026-03-28 12:35:00+00:00,0.0,0.0
2026-03-28 12:40:00+00:00,0.0,0.0
2026-03-28 12:45:00+00:00,0.0,0.0
2026-03-28 12:50:00+00:00,0.0,0.0
2026-03-28 12:55:00+00:00,0.0,0.0
2026-03-28 13:00:00+00:00,0.0,0.0
2026-03-28 13:05:00+00:00,0.0,0.0
2026-03-28 13:10:00+00:00,0.0,0.0
2026-03-28 13:15:00+00:00,0.0,0.0
2026-03-28 13:20:00+00:00,0.0,0.0
2026-03-28 13:25:00+00:00,0.0,0.0
2026-03-28 13:30:00+00:00,0.0,0.0
2026-03-28 13:35:00+00:00,0.0,0.0
2026-03-28 13:40:00+00:00,0.0,0.0
2026-03-28 13:45:00+00:00,0.0,0.0
2026-03-28 13:50:00+00:00,0.0,0.0
2026-03-28 13:55:00+00:00,0.0,0.0
2026-03-28 14:00:00+00:00,0.0,0.0
2026-03-28 14:05:00+00:00,0.0,0.0
2026-03-28 14:10:00+00:00,0.0,0.0
2026-03-28 14:15:00+00:00,0.0,0.0
2026-03-28 14:20:00+00:00,0.0,0.0
2026-03-28 14:25:00+00:00,0.0,0.0
2026-03-28 14:30:00+00:00,0.0,0.0
2026-03-28 14:35:00+00:00,0.0,0.0
2026-03-28 14:40:00+00:00,0.0,0.0
2026-03-28 14:45:00+00:00,0.0,0.0
2026-03-28 14:50:00+00:00,0.0,0.0
2026-03-28 14:55:00+00:00,0.0,0.0
2026-03-28 15:00:00+00:00,0.0,0.0
2026-03-28 15:05:00+00:00,0.0,0.0
2026-03-28 15:10:00+00:00,0.0,0.0
2026-03-28 15:15:00+00:00,0.0,0.0
2026-03-28 15:20:00+00:00,0.0,0.0
2026-03-28 15:25:00+00:00,0.0,0.0
2026-03-28 15:30:00+00:00,0.0,0.0
2026-03-28 15:35:00+00:00,0.0,0.0
2026-03-28 15:40:00+00:00,0.0,0.0
2026-03-28 15:45:00+00:00,0.0,0.0
2026-03-28 15:50:00+00:00,0.0,0.0
2026-03-28 15:55:00+00:00,0.0,0.0
2026-03-28 16:00:00+00:00,0.0,0.0
2026-03-28 16:05:00+00:00,0.0,0.0
2026-03-28 16:10:00+00:00,0.0,0.0
2026-03-28 16:15:00+00:00,0.0,0.0
2026-03-28 16:20:00+00:00,0.0,0.0
2026-03-28 16:25:00+00:00,0.0,0.0
2026-03-28 16:30:00+00:00,0.0,0.0
2026-03-28 16:35:00+00:00,0.0,0.0
2026-03-28 16:40:00+00:00,0.0,0.0
2026-03-28 16:45:00+00:00,0.0,0.0
2026-03-28 16:50:00+00:00,0.0,0.0
2026-03-28 16:55:00+00:00,0.0,0.0
2026-03-28 17:00:00+00:00,0.0,0.0
2026-03-28 17:05:00+00:00,0.0,0.0
2026-03-28 17:10:00+00:00,0.0,0.0
2026-03-28 17:15:00+00:00,0.0,0.0
2026-03-28 17:20:00+00:00,0.0,0.0
2026-03-28 17:25:00+00:00,0.0,0.0
2026-03-28 17:30:00+00:00,0.0,0.0
2026-03-28 17:35:00+00:00,0.0,0.0
2026-03-28 17:40:00+00:00,0.0,0.0
2026-03-28 17:45:00+00:00,0.0,0.0
2026-03-28 17:50:00+00:00,0.0,0.0
2026-03-28 17:55:00+00:00,0.0,0.0
2026-03-28 18:00:00+00:00,0.0,0.0
2026-03-28 18:05:00+00:00,0.0,0.0
2026-03-28 18:10:00+00:00,0.0,0.0
2026-03-28 18:15:00+00:00,0.0,0.0
2026-03-28 18:20:00+00:00,0.0,0.0
2026-03-28 18:25:00+00:00,0.0,0.0
2026-03-28 18:30:00+00:00,0.0,0.0
2026-03-28 18:35:00+00:00,0.0,0.0
2026-03-28 18:40:00+00:00,0.0,0.0
2026-03-28 18:45:00+00:00,0.0,0.0
2026-03-28 18:50:00+00:00,0.0,0.0
2026-03-28 18:55:00+00:00,0.0,0.0
2026-03-28 19:00:00+00:00,0.0,0.0
2026-03-28 19:05:00+00:00,0.0,0.0
2026-03-28 19:10:00+00:00,0.0,0.0
2026-03-28 19:15:00+00:00,0.0,0.0
2026-03-28 19:20:00+00:00,0.0,0.0
2026-03-28 19:25:00+00:00,0.0,0.0
2026-03-28 19:30:00+00:00,0.0,0.0
2026-03-28 19:35:00+00:00,0.0,0.0
2026-03-28 19:40:00+00:00,0.0,0.0
2026-03-28 19:45:00+00:00,0.0,0.0
2026-03-28 19:50:00+00:00,0.0,0.0
2026-03-28 19:55:00+00:00,0.0,0.0
2026-03-28 20:00:00+00:00,0.0,0.0
2026-03-28 20:05:00+00:00,0.0,0.0
2026-03-28 20:10:00+00:00,0.0,0.0
2026-03-28 20:15:00+00:00,0.0,0.0
2026-03-28 20:20:00+00:00,0.0,0.0
2026-03-28 20:25:00+00:00,0.0,0.0
2026-03-28 20:30:00+00:00,0.0,0.0
2026-03-28 20:35:00+00:00,0.0,0.0
2026-03-28 20:40:00+00:00,0.0,0.0
2026-03-28 20:45:00+00:00,0.0,0.0
2026-03-28 20:50:00+00:00,0.0,0.0
2026-03-28 20:55:00+00:00,0.0,0.0
2026-03-28 21:00:00+00:00,0.0,0.0
2026-03-28 21:05:00+00:00,0.0,0.0
2026-03-28 21:10:00+00:00,0.0,0.0
2026-03-28 21:15:00+00:00,0.0,0.0
2026-03-28 21:20:00+00:00,0.0,0.0
2026-03-28 21:25:00+00:00,0.0,0.0
2026-03-28 21:30:00+00:00,0.0,0.0
2026-03-28 21:35:00+00:00,0.0,0.0
2026-03-28 21:40:00+00:00,0.0,0.0
2026-03-28 21:45:00+00:00,0.0,0.0
2026-03-28 21:50:00+00:00,0.0,0.0
2026-03-28 21:55:00+00:00,0.0,0.0
2026-03-28 22:00:00+00:00,0.0,0.0
2026-03-28 22:05:00+00:00,0.0,0.0
2026-03-28 22:10:00+00:00,0.0,0.0
2026-03-28 22:15:00+00:00,0.0,0.0
2026-03-28 22:20:00+00:00,0.0,0.0
2026-03-28 22:25:00+00:00,0.0,0.0
2026-03-28 22:30:00+00:00,0.0,0.0
2026-03-28 22:35:00+00:00,0.0,0.0
2026-03-28 22:40:00+00:00,0.0,0.0
2026-03-28 22:45:00+00:00,0.0,0.0
2026-03-28 22:50:00+00:00,0.0,0.0
2026-03-28 22:55:00+00:00,0.0,0.0
2026-03-28 23:00:00+00:00,0.0,0.0
2026-03-28 23:05:00+00:00,0.0,0.0
2026-03-28 23:10:00+00:00,0.0,0.0
2026-03-28 23:15:00+00:00,0.0,0.0
2026-03-28 23:20:00+00:00,0.0,0.0
2026-03-28 23:25:00+00:00,0.0,0.0
2026-03-28 23:30:00+00:00,0.0,0.0
2026-03-28 23:35:00+00:00,0.0,0.0
2026-03-28 23:40:00+00:00,0.0,0.0
2026-03-28 23:45:00+00:00,0.0,0.0
2026-03-28 23:50:00+00:00,0.0,0.0
2026-03-28 23:55:00+00:00,0.0,0.0
2026-03-29 00:00:00+00:00,0.0,0.0
2026-03-29 00:05:00+00:00,0.0,0.0
2026-03-29 00:10:00+00:00,0.0,0.0
2026-03-29 00:15:00+00:00,0.0,0.0
2026-03-29 00:20:00+00:00,0.0,0.0
2026-03-29 00:25:00+00:00,0.0,0.0
2026-03-29 00:30:00+00:00,0.0,0.0
2026-03-29 00:35:00+00:00,0.0,0.0
2026-03-29 00:40:00+00:00,0.0,0.0
2026-03-29 00:45:00+00:00,0.0,0.0
2026-03-29 00:50:00+00:00,0.0,0.0
2026-03-29 00:55:00+00:00,0.0,0.0
2026-03-29 01:00:00+00:00,0.0,0.0
2026-03-29 01:05:00+00:00,0.0,0.0
2026-03-29 01:10:00+00:00,0.0,0.0
2026-03-29 01:15:00+00:00,0.0,0.0
2026-03-29 01:20:00+00:00,0.0,0.0
2026-03-29 01:25:00+00:00,0.0,0.0
2026-03-29 01:30:00+00:00,0.0,0.0
2026-03-29 01:35:00+00:00,0.0,0.0
2026-03-29 01:40:00+00:00,0.0,0.0
2026-03-29 01:45:00+00:00,0.0,0.0
2026-03-29 01:50:00+00:00,0.0,0.0
2026-03-29 01:55:00+00:00,0.0,0.0
2026-03-29 02:00:00+00:00,0.0,0.0
2026-03-29 02:05:00+00:00,0.0,0.0
2026-03-29 02:10:00+00:00,0.0,0.0
2026-03-29 02:15:00+00:00,0.0,0.0
2026-03-29 02:20:00+00:00,0.0,0.0
2026-03-29 02:25:00+00:00,0.0,0.0
2026-03-29 02:30:00+00:00,0.0,0.0
2026-03-29 02:35:00+00:00,0.0,0.0
2026-03-29 02:40:00+00:00,0.0,0.0
2026-03-29 02:45:00+00:00,0.0,0.0
2026-03-29 02:50:00+00:00,0.0,0.0
2026-03-29 02:55:00+00:00,0.0,0.0
2026-03-29 03:00:00+00:00,0.0,0.0
2026-03-29 03:05:00+00:00,0.0,0.0
2026-03-29 03:10:00+00:00,0.0,0.0
2026-03-29 03:15:00+00:00,0.0,0.0
2026-03-29 03:20:00+00:00,0.0,0.0
2026-03-29 03:25:00+00:00,0.0,0.0
2026-03-29 03:30:00+00:00,0.0,0.0
2026-03-29 03:35:00+00:00,0.0,0.0
2026-03-29 03:40:00+00:00,0.0,0.0
2026-03-29 03:45:00+00:00,0.0,0.0
2026-03-29 03:50:00+00:00,0.0,0.0
2026-03-29 03:55:00+00:00,0.0,0.0
2026-03-29 04:00:00+00:00,0.0,0.0
2026-03-29 04:05:00+00:00,0.0,0.0
2026-03-29 04:10:00+00:00,0.0,0.0
2026-03-29 04:15:00+00:00,0.0,0.0
2026-03-29 04:20:00+00:00,0.0,0.0
2026-03-29 04:25:00+00:00,0.0,0.0
2026-03-29 04:30:00+00:00,0.0,0.0
2026-03-29 04:35:00+00:00,0.0,0.0
2026-03-29 04:40:00+00:00,0.0,0.0
2026-03-29 04:45:00+00:00,0.0,0.0
2026-03-29 04:50:00+00:00,0.0,0.0
2026-03-29 04:55:00+00:00,0.0,0.0
2026-03-29 05:00:00+00:00,0.0,0.0
2026-03-29 05:05:00+00:00,0.0,0.0
2026-03-29 05:10:00+00:00,0.0,0.0
2026-03-29 05:15:00+00:00,0.0,0.0
2026-03-29 05:20:00+00:00,0.0,0.0
2026-03-29 05:25:00+00:00,0.0,0.0
2026-03-29 05:30:00+00:00,0.0,0.0
2026-03-29 05:35:00+00:00,0.0,0.0
2026-03-29 05:40:00+00:00,0.0,0.0
2026-03-29 05:45:00+00:00,0.0,0.0
2026-03-29 05:50:00+00:00,0.0,0.0
2026-03-29 05:55:00+00:00,0.0,0.0
2026-03-29 06:00:00+00:00,0.0,0.0
2026-03-29 06:05:00+00:00,0.0,0.0
2026-03-29 06:10:00+00:00,0.0,0.0
2026-03-29 06:15:00+00:00,0.0,0.0
2026-03-29 06:20:00+00:00,0.0,0.0
2026-03-29 06:25:00+00:00,0.0,0.0
2026-03-29 06:30:00+00:00,0.0,0.0
2026-03-29 06:35:00+00:00,0.0,0.0
2026-03-29 06:40:00+00:00,0.0,0.0
2026-03-29 06:45:00+00:00,0.0,0.0
2026-03-29 06:50:00+00:00,0.0,0.0
2026-03-29 06:55:00+00:00,0.0,0.0
2026-03-29 07:00:00+00:00,0.0,0.0
2026-03-29 07:05:00+00:00,0.0,0.0
2026-03-29 07:10:00+00:00,0.0,0.0
2026-03-29 07:15:00+00:00,0.0,0.0
2026-03-29 07:20:00+00:00,0.0,0.0
2026-03-29 07:25:00+00:00,0.0,0.0
2026-03-29 07:30:00+00:00,0.0,0.0
2026-03-29 07:35:00+00:00,0.0,0.0
2026-03-29 07:40:00+00:00,0.0,0.0
2026-03-29 07:45:00+00:00,0.0,0.0
2026-03-29 07:50:00+00:00,0.0,0.0
2026-03-29 07:55:00+00:00,0.0,0.0
2026-03-29 08:00:00+00:00,0.0,0.0
2026-03-29 08:05:00+00:00,0.0,0.0
2026-03-29 08:10:00+00:00,0.0,0.0
2026-03-29 08:15:00+00:00,0.0,0.0
2026-03-29 08:20:00+00:00,0.0,0.0
2026-03-29 08:25:00+00:00,0.0,0.0
2026-03-29 08:30:00+00:00,0.0,0.0
2026-03-29 08:35:00+00:00,0.0,0.0
2026-03-29 08:40:00+00:00,0.0,0.0
2026-03-29 08:45:00+00:00,0.0,0.0
2026-03-29 08:50:00+00:00,0.0,0.0
2026-03-29 08:55:00+00:00,0.0,0.0
2026-03-29 09:00:00+00:00,0.0,0.0
2026-03-29 09:05:00+00:00,0.0,0.0
2026-03-29 09:10:00+00:00,0.0,0.0
2026-03-29 09:15:00+00:00,0.0,0.0
2026-03-29 09:20:00+00:00,0.0,0.0
2026-03-29 09:25:00+00:00,0.0,0.0
2026-03-29 09:30:00+00:00,0.0,0.0
2026-03-29 09:35:00+00:00,0.0,0.0
2026-03-29 09:40:00+00:00,0.0,0.0
2026-03-29 09:45:00+00:00,0.0,0.0
2026-03-29 09:50:00+00:00,0.0,0.0
2026-03-29 09:55:00+00:00,0.0,0.0
2026-03-29 10:00:00+00:00,0.0,0.0
2026-03-29 10:05:00+00:00,0.0,0.0
2026-03-29 10:10:00+00:00,0.0,0.0
2026-03-29 10:15:00+00:00,0.0,0.0
2026-03-29 10:20:00+00:00,0.0,0.0
2026-03-29 10:25:00+00:00,0.0,0.0
2026-03-29 10:30:00+00:00,0.0,0.0
2026-03-29 10:35:00+00:00,0.0,0.0
2026-03-29 10:40:00+00:00,0.0,0.0
2026-03-29 10:45:00+00:00,0.0,0.0
2026-03-29 10:50:00+00:00,0.0,0.0
2026-03-29 10:55:00+00:00,0.0,0.0
2026-03-29 11:00:00+00:00,0.0,0.0
2026-03-29 11:05:00+00:00,0.0,0.0
2026-03-29 11:10:00+00:00,0.0,0.0
2026-03-29 11:15:00+00:00,0.0,0.0
2026-03-29 11:20:00+00:00,0.0,0.0
2026-03-29 11:25:00+00:00,0.0,0.0
2026-03-29 11:30:00+00:00,0.0,0.0
2026-03-29 11:35:00+00:00,0.0,0.0
2026-03-29 11:40:00+00:00,0.0,0.0
2026-03-29 11:45:00+00:00,0.0,0.0
2026-03-29 11:50:00+00:00,0.0,0.0
2026-03-29 11:55:00+00:00,0.0,0.0
2026-03-29 12:00:00+00:00,0.0,0.0
2026-03-29 12:05:00+00:00,0.0,0.0
2026-03-29 12:10:00+00:00,0.0,0.0
2026-03-29 12:15:00+00:00,0.0,0.0
2026-03-29 12:20:00+00:00,0.0,0.0
2026-03-29 12:25:00+00:00,0.0,0.0
2026-03-29 12:30:00+00:00,0.0,0.0
2026-03-29 12:35:00+00:00,0.0,0.0
2026-03-29 12:40:00+00:00,0.0,0.0
2026-03-29 12:45:00+00:00,0.0,0.0
2026-03-29 12:50:00+00:00,0.0,0.0
2026-03-29 12:55:00+00:00,0.0,0.0
2026-03-29 13:00:00+00:00,0.0,0.0
2026-03-29 13:05:00+00:00,0.0,0.0
2026-03-29 13:10:00+00:00,0.0,0.0
2026-03-29 13:15:00+00:00,0.0,0.0
2026-03-29 13:20:00+00:00,0.0,0.0
2026-03-29 13:25:00+00:00,0.0,0.0
2026-03-29 13:30:00+00:00,0.0,0.0
2026-03-29 13:35:00+00:00,0.0,0.0
2026-03-29 13:40:00+00:00,0.0,0.0
2026-03-29 13:45:00+00:00,0.0,0.0
2026-03-29 13:50:00+00:00,0.0,0.0
2026-03-29 13:55:00+00:00,0.0,0.0
2026-03-29 14:00:00+00:00,0.0,0.0
2026-03-29 14:05:00+00:00,0.0,0.0
2026-03-29 14:10:00+00:00,0.0,0.0
2026-03-29 14:15:00+00:00,0.0,0.0
2026-03-29 14:20:00+00:00,0.0,0.0
2026-03-29 14:25:00+00:00,0.0,0.0
2026-03-29 14:30:00+00:00,0.0,0.0
2026-03-29 14:35:00+00:00,0.0,0.0
2026-03-29 14:40:00+00:00,0.0,0.0
2026-03-29 14:45:00+00:00,0.0,0.0
2026-03-29 14:50:00+00:00,0.0,0.0
2026-03-29 14:55:00+00:00,0.0,0.0
2026-03-29 15:00:00+00:00,0.0,0.0
2026-03-29 15:05:00+00:00,0.0,0.0
2026-03-29 15:10:00+00:00,0.0,0.0
2026-03-29 15:15:00+00:00,0.0,0.0
2026-03-29 15:20:00+00:00,0.0,0.0
2026-03-29 15:25:00+00:00,0.0,0.0
2026-03-29 15:30:00+00:00,0.0,0.0
2026-03-29 15:35:00+00:00,0.0,0.0
2026-03-29 15:40:00+00:00,0.0,0.0
2026-03-29 15:45:00+00:00,0.0,0.0
2026-03-29 15:50:00+00:00,0.0,0.0
2026-03-29 15:55:00+00:00,0.0,0.0
2026-03-29 16:00:00+00:00,0.0,0.0
2026-03-29 16:05:00+00:00,0.0,0.0
2026-03-29 16:10:00+00:00,0.0,0.0
2026-03-29 16:15:00+00:00,0.0,0.0
2026-03-29 16:20:00+00:00,0.0,0.0
2026-03-29 16:25:00+00:00,0.0,0.0
2026-03-29 16:30:00+00:00,0.0,0.0
2026-03-29 16:35:00+00:00,0.0,0.0
2026-03-29 16:40:00+00:00,0.0,0.0
2026-03-29 16:45:00+00:00,0.0,0.0
2026-03-29 16:50:00+00:00,0.0,0.0
2026-03-29 16:55:00+00:00,0.0,0.0
2026-03-29 17:00:00+00:00,0.0,0.0
2026-03-29 17:05:00+00:00,0.0,0.0
2026-03-29 17:10:00+00:00,0.0,0.0
2026-03-29 17:15:00+00:00,0.0,0.0
2026-03-29 17:20:00+00:00,0.0,0.0
2026-03-29 17:25:00+00:00,0.0,0.0
2026-03-29 17:30:00+00:00,0.0,0.0
2026-03-29 17:35:00+00:00,0.0,0.0
2026-03-29 17:40:00+00:00,0.0,0.0
2026-03-29 17:45:00+00:00,0.0,0.0
2026-03-29 17:50:00+00:00,0.0,0.0
2026-03-29 17:55:00+00:00,0.0,0.0
2026-03-29 18:00:00+00:00,0.0,0.0
2026-03-29 18:05:00+00:00,0.0,0.0
2026-03-29 18:10:00+00:00,0.0,0.0
2026-03-29 18:15:00+00:00,0.0,0.0
2026-03-29 18:20:00+00:00,0.0,0.0
2026-03-29 18:25:00+00:00,0.0,0.0
2026-03-29 18:30:00+00:00,0.0,0.0
2026-03-29 18:35:00+00:00,0.0,0.0
2026-03-29 18:40:00+00:00,0.0,0.0
2026-03-29 18:45:00+00:00,0.0,0.0
2026-03-29 18:50:00+00:00,0.0,0.0
2026-03-29 18:55:00+00:00,0.0,0.0
2026-03-29 19:00:00+00:00,0.0,0.0
2026-03-29 19:05:00+00:00,0.0,0.0
2026-03-29 19:10:00+00:00,0.0,0.0
2026-03-29 19:15:00+00:00,0.0,0.0
2026-03-29 19:20:00+00:00,0.0,0.0
2026-03-29 19:25:00+00:00,0.0,0.0
2026-03-29 19:30:00+00:00,0.0,0.0
2026-03-29 19:35:00+00:00,0.0,0.0
2026-03-29 19:40:00+00:00,0.0,0.0
2026-03-29 19:45:00+00:00,0.0,0.0
2026-03-29 19:50:00+00:00,0.0,0.0
2026-03-29 19:55:00+00:00,0.0,0.0
2026-03-29 20:00:00+00:00,0.0,0.0
2026-03-29 20:05:00+00:00,0.0,0.0
2026-03-29 20:10:00+00:00,0.0,0.0
2026-03-29 20:15:00+00:00,0.0,0.0
2026-03-29 20:20:00+00:00,0.0,0.0
2026-03-29 20:25:00+00:00,0.0,0.0
2026-03-29 20:30:00+00:00,0.0,0.0
2026-03-29 20:35:00+00:00,0.0,0.0
2026-03-29 20:40:00+00:00,0.0,0.0
2026-03-29 20:45:00+00:00,0.0,0.0
2026-03-29 20:50:00+00:00,0.0,0.0
2026-03-29 20:55:00+00:00,0.0,0.0
2026-03-29 21:00:00+00:00,0.0,0.0
2026-03-29 21:05:00+00:00,0.0,0.0
2026-03-29 21:10:00+00:00,0.0,0.0
2026-03-29 21:15:00+00:00,0.0,0.0
2026-03-29 21:20:00+00:00,0.0,0.0
2026-03-29 21:25:00+00:00,0.0,0.0
2026-03-29 21:30:00+00:00,0.0,0.0
2026-03-29 21:35:00+00:00,0.0,0.0
2026-03-29 21:40:00+00:00,0.0,0.0
2026-03-29 21:45:00+00:00,0.0,0.0
2026-03-29 21:50:00+00:00,0.0,0.0
2026-03-29 21:55:00+00:00,0.0,0.0
2026-03-29 22:00:00+00:00,0.0,0.0
2026-03-29 22:05:00+00:00,0.0,0.0
2026-03-29 22:10:00+00:00,0.0,0.0
2026-03-29 22:15:00+00:00,0.0,0.0
2026-03-29 22:20:00+00:00,0.0,0.0
2026-03-29 22:25:00+00:00,0.0,0.0
2026-03-29 22:30:00+00:00,0.0,0.0
2026-03-29 22:35:00+00:00,0.0,0.0
2026-03-29 22:40:00+00:00,0.0,0.0
2026-03-29 22:45:00+00:00,0.0,0.0
2026-03-29 22:50:00+00:00,0.0,0.0
2026-03-29 22:55:00+00:00,0.0,0.0
2026-03-29 23:00:00+00:00,0.0,0.0
2026-03-29 23:05:00+00:00,0.0,0.0
2026-03-29 23:10:00+00:00,0.0,0.0
2026-03-29 23:15:00+00:00,0.0,0.0
2026-03-29 23:20:00+00:00,0.0,0.0
2026-03-29 23:25:00+00:00,0.0,0.0
2026-03-29 23:30:00+00:00,0.0,0.0
2026-03-29 23:35:00+00:00,0.0,0.0
2026-03-29 23:40:00+00:00,0.0,0.0
2026-03-29 23:45:00+00:00,0.0,0.0
2026-03-29 23:50:00+00:00,0.0,0.0
2026-03-29 23:55:00+00:00,0.0,0.0
2026-03-30 00:00:00+00:00,0.0,0.0
2026-03-30 00:05:00+00:00,0.0,0.0
2026-03-30 00:10:00+00:00,0.0,0.0
2026-03-30 00:15:00+00:00,0.0,0.0
2026-03-30 00:20:00+00:00,0.0,0.0
2026-03-30 00:25:00+00:00,0.0,0.0
2026-03-30 00:30:00+00:00,0.0,0.0
2026-03-30 00:35:00+00:00,0.0,0.0
2026-03-30 00:40:00+00:00,0.0,0.0
2026-03-30 00:45:00+00:00,0.0,0.0
2026-03-30 00:50:00+00:00,0.0,0.0
2026-03-30 00:55:00+00:00,0.0,0.0
2026-03-30 01:00:00+00:00,0.0,0.0
2026-03-30 01:05:00+00:00,0.0,0.0
2026-03-30 01:10:00+00:00,0.0,0.0
2026-03-30 01:15:00+00:00,0.0,0.0
2026-03-30 01:20:00+00:00,0.0,0.0
2026-03-30 01:25:00+00:00,0.0,0.0
2026-03-30 01:30:00+00:00,0.0,0.0
2026-03-30 01:35:00+00:00,0.0,0.0
2026-03-30 01:40:00+00:00,0.0,0.0
2026-03-30 01:45:00+00:00,0.0,0.0
2026-03-30 01:50:00+00:00,0.0,0.0
2026-03-30 01:55:00+00:00,0.0,0.0
2026-03-30 02:00:00+00:00,0.0,0.0
2026-03-30 02:05:00+00:00,0.0,0.0
2026-03-30 02:10:00+00:00,0.0,0.0
2026-03-30 02:15:00+00:00,0.0,0.0
2026-03-30 02:20:00+00:00,0.0,0.0
2026-03-30 02:25:00+00:00,0.0,0.0
2026-03-30 02:30:00+00:00,0.0,0.0
2026-03-30 02:35:00+00:00,0.0,0.0
2026-03-30 02:40:00+00:00,0.0,0.0
2026-03-30 02:45:00+00:00,0.0,0.0
2026-03-30 02:50:00+00:00,0.0,0.0
2026-03-30 02:55:00+00:00,0.0,0.0
2026-03-30 03:00:00+00:00,0.0,0.0
2026-03-30 03:05:00+00:00,0.0,0.0
2026-03-30 03:10:00+00:00,0.0,0.0
2026-03-30 03:15:00+00:00,0.0,0.0
2026-03-30 03:20:00+00:00,0.0,0.0
2026-03-30 03:25:00+00:00,0.0,0.0
2026-03-30 03:30:00+00:00,0.0,0.0
2026-03-30 03:35:00+00:00,0.0,0.0
2026-03-30 03:40:00+00:00,0.0,0.0
2026-03-30 03:45:00+00:00,0.0,0.0
2026-03-30 03:50:00+00:00,0.0,0.0
2026-03-30 03:55:00+00:00,0.0,0.0
2026-03-30 04:00:00+00:00,0.0,0.0
2026-03-30 04:05:00+00:00,0.0,0.0
2026-03-30 04:10:00+00:00,0.0,0.0
2026-03-30 04:15:00+00:00,0.0,0.0
2026-03-30 04:20:00+00:00,0.0,0.0
2026-03-30 04:25:00+00:00,0.0,0.0
2026-03-30 04:30:00+00:00,0.0,0.0
2026-03-30 04:35:00+00:00,0.0,0.0
2026-03-30 04:40:00+00:00,0.0,0.0
2026-03-30 04:45:00+00:00,0.0,0.0
2026-03-30 04:50:00+00:00,0.0,0.0
2026-03-30 04:55:00+00:00,0.0,0.0
2026-03-30 05:00:00+00:00,0.0,0.0
2026-03-30 05:05:00+00:00,0.0,0.0
2026-03-30 05:10:00+00:00,0.0,0.0
2026-03-30 05:15:00+00:00,0.0,0.0
2026-03-30 05:20:00+00:00,0.0,0.0
2026-03-30 05:25:00+00:00,0.0,0.0
2026-03-30 05:30:00+00:00,0.0,0.0
2026-03-30 05:35:00+00:00,0.0,0.0
2026-03-30 05:40:00+00:00,0.0,0.0
2026-03-30 05:45:00+00:00,0.0,0.0
2026-03-30 05:50:00+00:00,0.0,0.0
2026-03-30 05:55:00+00:00,0.0,0.0
2026-03-30 06:00:00+00:00,0.0,0.0
2026-03-30 06:05:00+00:00,0.0,0.0
2026-03-30 06:10:00+00:00,0.0,0.0
2026-03-30 06:15:00+00:00,0.0,0.0
2026-03-30 06:20:00+00:00,0.0,0.0
2026-03-30 06:25:00+00:00,0.0,0.0
2026-03-30 06:30:00+00:00,0.0,0.0
2026-03-30 06:35:00+00:00,0.0,0.0
2026-03-30 06:40:00+00:00,0.0,0.0
2026-03-30 06:45:00+00:00,0.0,0.0
2026-03-30 06:50:00+00:00,0.0,0.0
2026-03-30 06:55:00+00:00,0.0,0.0
2026-03-30 07:00:00+00:00,0.0,0.0
2026-03-30 07:05:00+00:00,0.0,0.0
2026-03-30 07:10:00+00:00,0.0,0.0
2026-03-30 07:15:00+00:00,0.0,0.0
2026-03-30 07:20:00+00:00,0.0,0.0
2026-03-30 07:25:00+00:00,0.0,0.0
2026-03-30 07:30:00+00:00,0.0,0.0
2026-03-30 07:35:00+00:00,0.0,0.0
2026-03-30 07:40:00+00:00,0.0,0.0
2026-03-30 07:45:00+00:00,0.0,0.0
2026-03-30 07:50:00+00:00,0.0,0.0
2026-03-30 07:55:00+00:00,0.0,0.0
2026-03-30 08:00:00+00:00,0.0,0.0
2026-03-30 08:05:00+00:00,0.0,0.0
2026-03-30 08:10:00+00:00,0.0,0.0
2026-03-30 08:15:00+00:00,0.0,0.0
2026-03-30 08:20:00+00:00,0.0,0.0
2026-03-30 08:25:00+00:00,0.0,0.0
2026-03-30 08:30:00+00:00,0.0,0.0
2026-03-30 08:35:00+00:00,0.0,0.0
2026-03-30 08:40:00+00:00,0.0,0.0
2026-03-30 08:45:00+00:00,0.0,0.0
2026-03-30 08:50:00+00:00,0.0,0.0
2026-03-30 08:55:00+00:00,0.0,0.0
2026-03-30 09:00:00+00:00,0.0,0.0
2026-03-30 09:05:00+00:00,0.0,0.0
2026-03-30 09:10:00+00:00,0.0,0.0
2026-03-30 09:15:00+00:00,0.0,0.0
2026-03-30 09:20:00+00:00,0.0,0.0
2026-03-30 09:25:00+00:00,0.0,0.0
2026-03-30 09:30:00+00:00,0.0,0.0
2026-03-30 09:35:00+00:00,0.0,0.0
2026-03-30 09:40:00+00:00,0.0,0.0
2026-03-30 09:45:00+00:00,0.0,0.0
2026-03-30 09:50:00+00:00,0.0,0.0
2026-03-30 09:55:00+00:00,0.0,0.0
2026-03-30 10:00:00+00:00,0.0,0.0
2026-03-30 10:05:00+00:00,0.0,0.0
2026-03-30 10:10:00+00:00,0.0,0.0
2026-03-30 10:15:00+00:00,0.0,0.0
2026-03-30 10:20:00+00:00,0.0,0.0
2026-03-30 10:25:00+00:00,0.0,0.0
2026-03-30 10:30:00+00:00,0.0,0.0
2026-03-30 10:35:00+00:00,0.0,0.0
2026-03-30 10:40:00+00:00,0.0,0.0
2026-03-30 10:45:00+00:00,0.0,0.0
2026-03-30 10:50:00+00:00,0.0,0.0
2026-03-30 10:55:00+00:00,0.0,0.0
2026-03-30 11:00:00+00:00,0.0,0.0
2026-03-30 11:05:00+00:00,0.0,0.0
2026-03-30 11:10:00+00:00,0.0,0.0
2026-03-30 11:15:00+00:00,0.0,0.0
2026-03-30 11:20:00+00:00,0.0,0.0
2026-03-30 11:25:00+00:00,0.0,0.0
2026-03-30 11:30:00+00:00,0.0,0.0
2026-03-30 11:35:00+00:00,0.0,0.0
2026-03-30 11:40:00+00:00,0.0,0.0
2026-03-30 11:45:00+00:00,0.0,0.0
2026-03-30 11:50:00+00:00,0.0,0.0
2026-03-30 11:55:00+00:00,0.0,0.0
2026-03-30 12:00:00+00:00,0.0,0.0
2026-03-30 12:05:00+00:00,0.0,0.0
2026-03-30 12:10:00+00:00,0.0,0.0
2026-03-30 12:15:00+00:00,0.0,0.0
2026-03-30 12:20:00+00:00,0.0,0.0
2026-03-30 12:25:00+00:00,0.0,0.0
2026-03-30 12:30:00+00:00,0.0,0.0
2026-03-30 12:35:00+00:00,0.0,0.0
2026-03-30 12:40:00+00:00,0.0,0.0
2026-03-30 12:45:00+00:00,0.0,0.0
2026-03-30 12:50:00+00:00,0.0,0.0
2026-03-30 12:55:00+00:00,0.0,0.0
2026-03-30 13:00:00+00:00,0.0,0.0
2026-03-30 13:05:00+00:00,0.0,0.0
2026-03-30 13:10:00+00:00,0.0,0.0
2026-03-30 13:15:00+00:00,0.0,0.0
2026-03-30 13:20:00+00:00,0.0,0.0
2026-03-30 13:25:00+00:00,0.0,0.0
2026-03-30 13:30:00+00:00,0.0,0.0
2026-03-30 13:35:00+00:00,0.0,0.0
2026-03-30 13:40:00+00:00,0.0,0.0
2026-03-30 13:45:00+00:00,0.0,0.0
2026-03-30 13:50:00+00:00,0.0,0.0
2026-03-30 13:55:00+00:00,0.0,0.0
2026-03-30 14:00:00+00:00,0.0,0.0
2026-03-30 14:05:00+00:00,0.0,0.0
2026-03-30 14:10:00+00:00,0.0,0.0
2026-03-30 14:15:00+00:00,0.0,0.0
2026-03-30 14:20:00+00:00,0.0,0.0
2026-03-30 14:25:00+00:00,0.0,0.0
2026-03-30 14:30:00+00:00,0.0,0.0
2026-03-30 14:35:00+00:00,0.0,0.0
2026-03-30 14:40:00+00:00,0.0,0.0
2026-03-30 14:45:00+00:00,0.0,0.0
2026-03-30 14:50:00+00:00,0.0,0.0
2026-03-30 14:55:00+00:00,0.0,0.0
2026-03-30 15:00:00+00:00,0.0,0.0
2026-03-30 15:05:00+00:00,0.0,0.0
2026-03-30 15:10:00+00:00,0.0,0.0
2026-03-30 15:15:00+00:00,0.0,0.0
2026-03-30 15:20:00+00:00,0.0,0.0
2026-03-30 15:25:00+00:00,0.0,0.0
2026-03-30 15:30:00+00:00,0.0,0.0
2026-03-30 15:35:00+00:00,0.0,0.0
2026-03-30 15:40:00+00:00,0.0,0.0
2026-03-30 15:45:00+00:00,0.0,0.0
2026-03-30 15:50:00+00:00,0.0,0.0
2026-03-30 15:55:00+00:00,0.0,0.0
2026-03-30 16:00:00+00:00,0.0,0.0
2026-03-30 16:05:00+00:00,0.0,0.0
2026-03-30 16:10:00+00:00,0.0,0.0
2026-03-30 16:15:00+00:00,0.0,0.0
2026-03-30 16:20:00+00:00,0.0,0.0
2026-03-30 16:25:00+00:00,0.0,0.0
2026-03-30 16:30:00+00:00,0.0,0.0
2026-03-30 16:35:00+00:00,0.0,0.0
2026-03-30 16:40:00+00:00,0.0,0.0
2026-03-30 16:45:00+00:00,0.0,0.0
2026-03-30 16:50:00+00:00,0.0,0.0
2026-03-30 16:55:00+00:00,0.0,0.0
2026-03-30 17:00:00+00:00,0.0,0.0
2026-03-30 17:05:00+00:00,0.0,0.0
2026-03-30 17:10:00+00:00,0.0,0.0
2026-03-30 17:15:00+00:00,0.0,0.0
2026-03-30 17:20:00+00:00,0.0,0.0
2026-03-30 17:25:00+00:00,0.0,0.0
2026-03-30 17:30:00+00:00,0.0,0.0
2026-03-30 17:35:00+00:00,0.0,0.0
2026-03-30 17:40:00+00:00,0.0,0.0
2026-03-30 17:45:00+00:00,0.0,0.0
2026-03-30 17:50:00+00:00,0.0,0.0
2026-03-30 17:55:00+00:00,0.0,0.0
2026-03-30 18:00:00+00:00,0.0,0.0
2026-03-30 18:05:00+00:00,0.0,0.0
2026-03-30 18:10:00+00:00,0.0,0.0
2026-03-30 18:15:00+00:00,0.0,0.0
2026-03-30 18:20:00+00:00,0.0,0.0
2026-03-30 18:25:00+00:00,0.0,0.0
2026-03-30 18:30:00+00:00,0.0,0.0
2026-03-30 18:35:00+00:00,0.0,0.0
2026-03-30 18:40:00+00:00,0.0,0.0
2026-03-30 18:45:00+00:00,0.0,0.0
2026-03-30 18:50:00+00:00,0.0,0.0
2026-03-30 18:55:00+00:00,0.0,0.0
2026-03-30 19:00:00+00:00,0.0,0.0
2026-03-30 19:05:00+00:00,0.0,0.0
2026-03-30 19:10:00+00:00,0.0,0.0
2026-03-30 19:15:00+00:00,0.0,0.0
2026-03-30 19:20:00+00:00,0.0,0.0
2026-03-30 19:25:00+00:00,0.0,0.0
2026-03-30 19:30:00+00:00,0.0,0.0
2026-03-30 19:35:00+00:00,0.0,0.0
2026-03-30 19:40:00+00:00,0.0,0.0
2026-03-30 19:45:00+00:00,0.0,0.0
2026-03-30 19:50:00+00:00,0.0,0.0
2026-03-30 19:55:00+00:00,0.0,0.0
2026-03-30 20:00:00+00:00,0.0,0.0
2026-03-30 20:05:00+00:00,0.0,0.0
2026-03-30 20:10:00+00:00,0.0,0.0
2026-03-30 20:15:00+00:00,0.0,0.0
2026-03-30 20:20:00+00:00,0.0,0.0
2026-03-30 20:25:00+00:00,0.0,0.0
2026-03-30 20:30:00+00:00,0.0,0.0
2026-03-30 20:35:00+00:00,0.0,0.0
2026-03-30 20:40:00+00:00,0.0,0.0
2026-03-30 20:45:00+00:00,0.0,0.0
2026-03-30 20:50:00+00:00,0.0,0.0
2026-03-30 20:55:00+00:00,0.0,0.0
2026-03-30 21:00:00+00:00,0.0,0.0
2026-03-30 21:05:00+00:00,0.0,0.0
2026-03-30 21:10:00+00:00,0.0,0.0
2026-03-30 21:15:00+00:00,0.0,0.0
2026-03-30 21:20:00+00:00,0.0,0.0
2026-03-30 21:25:00+00:00,0.0,0.0
2026-03-30 21:30:00+00:00,0.0,0.0
2026-03-30 21:35:00+00:00,0.0,0.0
2026-03-30 21:40:00+00:00,0.0,0.0
2026-03-30 21:45:00+00:00,0.0,0.0
2026-03-30 21:50:00+00:00,0.0,0.0
2026-03-30 21:55:00+00:00,0.0,0.0
2026-03-30 22:00:00+00:00,0.0,0.0
2026-03-30 22:05:00+00:00,0.0,0.0
2026-03-30 22:10:00+00:00,0.0,0.0
2026-03-30 22:15:00+00:00,0.0,0.0
2026-03-30 22:20:00+00:00,0.0,0.0
2026-03-30 22:25:00+00:00,0.0,0.0
2026-03-30 22:30:00+00:00,0.0,0.0
2026-03-30 22:35:00+00:00,0.0,0.0
2026-03-30 22:40:00+00:00,0.0,0.0
2026-03-30 22:45:00+00:00,0.0,0.0
2026-03-30 22:50:00+00:00,0.0,0.0
2026-03-30 22:55:00+00:00,0.0,0.0
2026-03-30 23:00:00+00:00,0.0,0.0
2026-03-30 23:05:00+00:00,0.0,0.0
2026-03-30 23:10:00+00:00,0.0,0.0
2026-03-30 23:15:00+00:00,0.0,0.0
2026-03-30 23:20:00+00:00,0.0,0.0
2026-03-30 23:25:00+00:00,0.0,0.0
2026-03-30 23:30:00+00:00,0.0,0.0
2026-03-30 23:35:00+00:00,0.0,0.0
2026-03-30 23:40:00+00:00,0.0,0.0
2026-03-30 23:45:00+00:00,0.0,0.0
2026-03-30 23:50:00+00:00,0.0,0.0
2026-03-30 23:55:00+00:00,0.0,0.0
2026-03-31 00:00:00+00:00,0.0,0.0
2026-03-31 00:05:00+00:00,0.0,0.0
2026-03-31 00:10:00+00:00,0.0,0.0
2026-03-31 00:15:00+00:00,0.0,0.0
2026-03-31 00:20:00+00:00,0.0,0.0
2026-03-31 00:25:00+00:00,0.0,0.0
2026-03-31 00:30:00+00:00,0.0,0.0
2026-03-31 00:35:00+00:00,0.0,0.0
2026-03-31 00:40:00+00:00,0.0,0.0
2026-03-31 00:45:00+00:00,0.0,0.0
2026-03-31 00:50:00+00:00,0.0,0.0
2026-03-31 00:55:00+00:00,0.0,0.0
2026-03-31 01:00:00+00:00,0.0,0.0
2026-03-31 01:05:00+00:00,0.0,0.0
2026-03-31 01:10:00+00:00,0.0,0.0
2026-03-31 01:15:00+00:00,0.0,0.0
2026-03-31 01:20:00+00:00,0.0,0.0
2026-03-31 01:25:00+00:00,0.0,0.0
2026-03-31 01:30:00+00:00,0.0,0.0
2026-03-31 01:35:00+00:00,0.0,0.0
2026-03-31 01:40:00+00:00,0.0,0.0
2026-03-31 01:45:00+00:00,0.0,0.0
2026-03-31 01:50:00+00:00,0.0,0.0
2026-03-31 01:55:00+00:00,0.0,0.0
2026-03-31 02:00:00+00:00,0.0,0.0
2026-03-31 02:05:00+00:00,0.0,0.0
2026-03-31 02:10:00+00:00,0.0,0.0
2026-03-31 02:15:00+00:00,0.0,0.0
2026-03-31 02:20:00+00:00,0.0,0.0
2026-03-31 02:25:00+00:00,0.0,0.0
2026-03-31 02:30:00+00:00,0.0,0.0
2026-03-31 02:35:00+00:00,0.0,0.0
2026-03-31 02:40:00+00:00,0.0,0.0
2026-03-31 02:45:00+00:00,0.0,0.0
2026-03-31 02:50:00+00:00,0.0,0.0
2026-03-31 02:55:00+00:00,0.0,0.0
2026-03-31 03:00:00+00:00,0.0,0.0
2026-03-31 03:05:00+00:00,0.0,0.0
2026-03-31 03:10:00+00:00,0.0,0.0
2026-03-31 03:15:00+00:00,0.0,0.0
2026-03-31 03:20:00+00:00,0.0,0.0
2026-03-31 03:25:00+00:00,0.0,0.0
2026-03-31 03:30:00+00:00,0.0,0.0
2026-03-31 03:35:00+00:00,0.0,0.0
2026-03-31 03:40:00+00:00,0.0,0.0
2026-03-31 03:45:00+00:00,0.0,0.0
2026-03-31 03:50:00+00:00,0.0,0.0
2026-03-31 03:55:00+00:00,0.0,0.0
2026-03-31 04:00:00+00:00,0.0,0.0
2026-03-31 04:05:00+00:00,0.0,0.0
2026-03-31 04:10:00+00:00,0.0,0.0
2026-03-31 04:15:00+00:00,0.0,0.0
2026-03-31 04:20:00+00:00,0.0,0.0
2026-03-31 04:25:00+00:00,0.0,0.0
2026-03-31 04:30:00+00:00,0.0,0.0
2026-03-31 04:35:00+00:00,0.0,0.0
2026-03-31 04:40:00+00:00,0.0,0.0
2026-03-31 04:45:00+00:00,0.0,0.0
2026-03-31 04:50:00+00:00,0.0,0.0
2026-03-31 04:55:00+00:00,0.0,0.0
2026-03-31 05:00:00+00:00,0.0,0.0
2026-03-31 05:05:00+00:00,0.0,0.0
2026-03-31 05:10:00+00:00,0.0,0.0
2026-03-31 05:15:00+00:00,0.0,0.0
2026-03-31 05:20:00+00:00,0.0,0.0
2026-03-31 05:25:00+00:00,0.0,0.0
2026-03-31 05:30:00+00:00,0.0,0.0
2026-03-31 05:35:00+00:00,0.0,0.0
2026-03-31 05:40:00+00:00,0.0,0.0
2026-03-31 05:45:00+00:00,0.0,0.0
2026-03-31 05:50:00+00:00,0.0,0.0
2026-03-31 05:55:00+00:00,0.0,0.0
2026-03-31 06:00:00+00:00,0.0,0.0
2026-03-31 06:05:00+00:00,0.0,0.0
2026-03-31 06:10:00+00:00,0.0,0.0
2026-03-31 06:15:00+00:00,0.0,0.0
2026-03-31 06:20:00+00:00,0.0,0.0
2026-03-31 06:25:00+00:00,0.0,0.0
2026-03-31 06:30:00+00:00,0.0,0.0
2026-03-31 06:35:00+00:00,0.0,0.0
2026-03-31 06:40:00+00:00,0.0,0.0
2026-03-31 06:45:00+00:00,0.0,0.0
2026-03-31 06:50:00+00:00,0.0,0.0
2026-03-31 06:55:00+00:00,0.0,0.0
2026-03-31 07:00:00+00:00,0.0,0.0
2026-03-31 07:05:00+00:00,0.0,0.0
2026-03-31 07:10:00+00:00,0.0,0.0
2026-03-31 07:15:00+00:00,0.0,0.0
2026-03-31 07:20:00+00:00,0.0,0.0
2026-03-31 07:25:00+00:00,0.0,0.0
2026-03-31 07:30:00+00:00,0.0,0.0
2026-03-31 07:35:00+00:00,0.0,0.0
2026-03-31 07:40:00+00:00,0.0,0.0
2026-03-31 07:45:00+00:00,0.0,0.0
2026-03-31 07:50:00+00:00,0.0,0.0
2026-03-31 07:55:00+00:00,0.0,0.0
2026-03-31 08:00:00+00:00,0.0,0.0
2026-03-31 08:05:00+00:00,0.0,0.0
2026-03-31 08:10:00+00:00,0.0,0.0
2026-03-31 08:15:00+00:00,0.0,0.0
2026-03-31 08:20:00+00:00,0.0,0.0
2026-03-31 08:25:00+00:00,0.0,0.0
2026-03-31 08:30:00+00:00,0.0,0.0
2026-03-31 08:35:00+00:00,0.0,0.0
2026-03-31 08:40:00+00:00,0.0,0.0
2026-03-31 08:45:00+00:00,0.0,0.0
2026-03-31 08:50:00+00:00,0.0,0.0
2026-03-31 08:55:00+00:00,0.0,0.0
2026-03-31 09:00:00+00:00,0.0,0.0
2026-03-31 09:05:00+00:00,0.0,0.0
2026-03-31 09:10:00+00:00,0.0,0.0
2026-03-31 09:15:00+00:00,0.0,0.0
2026-03-31 09:20:00+00:00,0.0,0.0
2026-03-31 09:25:00+00:00,0.0,0.0
2026-03-31 09:30:00+00:00,0.0,0.0
2026-03-31 09:35:00+00:00,0.0,0.0
2026-03-31 09:40:00+00:00,0.0,0.0
2026-03-31 09:45:00+00:00,0.0,0.0
2026-03-31 09:50:00+00:00,0.0,0.0
2026-03-31 09:55:00+00:00,0.0,0.0
2026-03-31 10:00:00+00:00,0.0,0.0
2026-03-31 10:05:00+00:00,0.0,0.0
2026-03-31 10:10:00+00:00,0.0,0.0
2026-03-31 10:15:00+00:00,0.0,0.0
2026-03-31 10:20:00+00:00,0.0,0.0
2026-03-31 10:25:00+00:00,0.0,0.0
2026-03-31 10:30:00+00:00,0.0,0.0
2026-03-31 10:35:00+00:00,0.0,0.0
2026-03-31 10:40:00+00:00,0.0,0.0
2026-03-31 10:45:00+00:00,0.0,0.0
2026-03-31 10:50:00+00:00,0.0,0.0
2026-03-31 10:55:00+00:00,0.0,0.0
2026-03-31 11:00:00+00:00,0.0,0.0
2026-03-31 11:05:00+00:00,0.0,0.0
2026-03-31 11:10:00+00:00,0.0,0.0
2026-03-31 11:15:00+00:00,0.0,0.0
2026-03-31 11:20:00+00:00,0.0,0.0
2026-03-31 11:25:00+00:00,0.0,0.0
2026-03-31 11:30:00+00:00,0.0,0.0
2026-03-31 11:35:00+00:00,0.0,0.0
2026-03-31 11:40:00+00:00,0.0,0.0
2026-03-31 11:45:00+00:00,0.0,0.0
2026-03-31 11:50:00+00:00,0.0,0.0
2026-03-31 11:55:00+00:00,0.0,0.0
2026-03-31 12:00:00+00:00,0.0,0.0
2026-03-31 12:05:00+00:00,0.0,0.0
2026-03-31 12:10:00+00:00,0.0,0.0
2026-03-31 12:15:00+00:00,0.0,0.0
2026-03-31 12:20:00+00:00,0.0,0.0
2026-03-31 12:25:00+00:00,0.0,0.0
2026-03-31 12:30:00+00:00,0.0,0.0
2026-03-31 12:35:00+00:00,0.0,0.0
2026-03-31 12:40:00+00:00,0.0,0.0
2026-03-31 12:45:00+00:00,0.0,0.0
2026-03-31 12:50:00+00:00,0.0,0.0
2026-03-31 12:55:00+00:00,0.0,0.0
2026-03-31 13:00:00+00:00,0.0,0.0
2026-03-31 13:05:00+00:00,0.0,0.0
2026-03-31 13:10:00+00:00,0.0,0.0
2026-03-31 13:15:00+00:00,0.0,0.0
2026-03-31 13:20:00+00:00,0.0,0.0
2026-03-31 13:25:00+00:00,0.0,0.0
2026-03-31 13:30:00+00:00,0.0,0.0
2026-03-31 13:35:00+00:00,0.0,0.0
2026-03-31 13:40:00+00:00,0.0,0.0
2026-03-31 13:45:00+00:00,0.0,0.0
2026-03-31 13:50:00+00:00,0.0,0.0
2026-03-31 13:55:00+00:00,0.0,0.0
2026-03-31 14:00:00+00:00,0.0,0.0
2026-03-31 14:05:00+00:00,0.0,0.0
2026-03-31 14:10:00+00:00,0.0,0.0
2026-03-31 14:15:00+00:00,0.0,0.0
2026-03-31 14:20:00+00:00,0.0,0.0
2026-03-31 14:25:00+00:00,0.0,0.0
2026-03-31 14:30:00+00:00,0.0,0.0
2026-03-31 14:35:00+00:00,0.0,0.0
2026-03-31 14:40:00+00:00,0.0,0.0
2026-03-31 14:45:00+00:00,0.0,0.0
2026-03-31 14:50:00+00:00,0.0,0.0
2026-03-31 14:55:00+00:00,0.0,0.0
2026-03-31 15:00:00+00:00,0.0,0.0
2026-03-31 15:05:00+00:00,0.0,0.0
2026-03-31 15:10:00+00:00,0.0,0.0
2026-03-31 15:15:00+00:00,0.0,0.0
2026-03-31 15:20:00+00:00,0.0,0.0
2026-03-31 15:25:00+00:00,0.0,0.0
2026-03-31 15:30:00+00:00,0.0,0.0
2026-03-31 15:35:00+00:00,0.0,0.0
2026-03-31 15:40:00+00:00,0.0,0.0
2026-03-31 15:45:00+00:00,0.0,0.0
2026-03-31 15:50:00+00:00,0.0,0.0
2026-03-31 15:55:00+00:00,0.0,0.0
2026-03-31 16:00:00+00:00,0.0,0.0
2026-03-31 16:05:00+00:00,0.0,0.0
2026-03-31 16:10:00+00:00,0.0,0.0
2026-03-31 16:15:00+00:00,0.0,0.0
2026-03-31 16:20:00+00:00,0.0,0.0
2026-03-31 16:25:00+00:00,0.0,0.0
2026-03-31 16:30:00+00:00,0.0,0.0
2026-03-31 16:35:00+00:00,0.0,0.0
2026-03-31 16:40:00+00:00,0.0,0.0
2026-03-31 16:45:00+00:00,0.0,0.0
2026-03-31 16:50:00+00:00,0.0,0.0
2026-03-31 16:55:00+00:00,0.0,0.0
2026-03-31 17:00:00+00:00,0.0,0.0
2026-03-31 17:05:00+00:00,0.0,0.0
2026-03-31 17:10:00+00:00,0.0,0.0
2026-03-31 17:15:00+00:00,0.0,0.0
2026-03-31 17:20:00+00:00,0.0,0.0
2026-03-31 17:25:00+00:00,0.0,0.0
2026-03-31 17:30:00+00:00,0.0,0.0
2026-03-31 17:35:00+00:00,0.0,0.0
2026-03-31 17:40:00+00:00,0.0,0.0
2026-03-31 17:45:00+00:00,0.0,0.0
2026-03-31 17:50:00+00:00,0.0,0.0
2026-03-31 17:55:00+00:00,0.0,0.0
2026-03-31 18:00:00+00:00,0.0,0.0
2026-03-31 18:05:00+00:00,0.0,0.0
2026-03-31 18:10:00+00:00,0.0,0.0
2026-03-31 18:15:00+00:00,0.0,0.0
2026-03-31 18:20:00+00:00,0.0,0.0
2026-03-31 18:25:00+00:00,0.0,0.0
2026-03-31 18:30:00+00:00,0.0,0.0
2026-03-31 18:35:00+00:00,0.0,0.0
2026-03-31 18:40:00+00:00,0.0,0.0
2026-03-31 18:45:00+00:00,0.0,0.0
2026-03-31 18:50:00+00:00,0.0,0.0
2026-03-31 18:55:00+00:00,0.0,0.0
2026-03-31 19:00:00+00:00,0.0,0.0
2026-03-31 19:05:00+00:00,0.0,0.0
2026-03-31 19:10:00+00:00,0.0,0.0
2026-03-31 19:15:00+00:00,0.0,0.0
2026-03-31 19:20:00+00:00,0.0,0.0
2026-03-31 19:25:00+00:00,0.0,0.0
2026-03-31 19:30:00+00:00,0.0,0.0
2026-03-31 19:35:00+00:00,0.0,0.0
2026-03-31 19:40:00+00:00,0.0,0.0
2026-03-31 19:45:00+00:00,0.0,0.0
2026-03-31 19:50:00+00:00,0.0,0.0
2026-03-31 19:55:00+00:00,0.0,0.0
2026-03-31 20:00:00+00:00,0.0,0.0
2026-03-31 20:05:00+00:00,0.0,0.0
2026-03-31 20:10:00+00:00,0.0,0.0
2026-03-31 20:15:00+00:00,0.0,0.0
2026-03-31 20:20:00+00:00,0.0,0.0
2026-03-31 20:25:00+00:00,0.0,0.0
2026-03-31 20:30:00+00:00,0.0,0.0
2026-03-31 20:35:00+00:00,0.0,0.0
2026-03-31 20:40:00+00:00,0.0,0.0
2026-03-31 20:45:00+00:00,0.0,0.0
2026-03-31 20:50:00+00:00,0.0,0.0
2026-03-31 20:55:00+00:00,0.0,0.0
2026-03-31 21:00:00+00:00,0.0,0.0
2026-03-31 21:05:00+00:00,0.0,0.0
2026-03-31 21:10:00+00:00,0.0,0.0
2026-03-31 21:15:00+00:00,0.0,0.0
2026-03-31 21:20:00+00:00,0.0,0.0
2026-03-31 21:25:00+00:00,0.0,0.0
2026-03-31 21:30:00+00:00,0.0,0.0
2026-03-31 21:35:00+00:00,0.0,0.0
2026-03-31 21:40:00+00:00,0.0,0.0
2026-03-31 21:45:00+00:00,0.0,0.0
2026-03-31 21:50:00+00:00,0.0,0.0
2026-03-31 21:55:00+00:00,0.0,0.0
2026-03-31 22:00:00+00:00,0.0,0.0
2026-03-31 22:05:00+00:00,0.0,0.0
2026-03-31 22:10:00+00:00,0.0,0.0
2026-03-31 22:15:00+00:00,0.0,0.0
2026-03-31 22:20:00+00:00,0.0,0.0
2026-03-31 22:25:00+00:00,0.0,0.0
2026-03-31 22:30:00+00:00,0.0,0.0
2026-03-31 22:35:00+00:00,0.0,0.0
2026-03-31 22:40:00+00:00,0.0,0.0
2026-03-31 22:45:00+00:00,0.0,0.0
2026-03-31 22:50:00+00:00,0.0,0.0
2026-03-31 22:55:00+00:00,0.0,0.0
2026-03-31 23:00:00+00:00,0.0,0.0
2026-03-31 23:05:00+00:00,0.0,0.0
2026-03-31 23:10:00+00:00,0.0,0.0
2026-03-31 23:15:00+00:00,0.0,0.0
2026-03-31 23:20:00+00:00,0.0,0.0
2026-03-31 23:25:00+00:00,0.0,0.0
2026-03-31 23:30:00+00:00,0.0,0.0
2026-03-31 23:35:00+00:00,0.0,0.0
2026-03-31 23:40:00+00:00,0.0,0.0
2026-03-31 23:45:00+00:00,0.0,0.0
2026-03-31 23:50:00+00:00,0.0,0.0
2026-03-31 23:55:00+00:00,0.0,0.0
2026-04-01 00:00:00+00:00,0.0,0.0
2026-04-01 00:05:00+00:00,0.0,0.0
2026-04-01 00:10:00+00:00,0.0,0.0
2026-04-01 00:15:00+00:00,0.0,0.0
2026-04-01 00:20:00+00:00,0.0,0.0
2026-04-01 00:25:00+00:00,0.0,0.0
2026-04-01 00:30:00+00:00,0.0,0.0
2026-04-01 00:35:00+00:00,0.0,0.0
2026-04-01 00:40:00+00:00,0.0,0.0
2026-04-01 00:45:00+00:00,0.0,0.0
2026-04-01 00:50:00+00:00,0.0,0.0
2026-04-01 00:55:00+00:00,0.0,0.0
2026-04-01 01:00:00+00:00,0.0,0.0
2026-04-01 01:05:00+00:00,0.0,0.0
2026-04-01 01:10:00+00:00,0.0,0.0
2026-04-01 01:15:00+00:00,0.0,0.0
2026-04-01 01:20:00+00:00,0.0,0.0
2026-04-01 01:25:00+00:00,0.0,0.0
2026-04-01 01:30:00+00:00,0.0,0.0
2026-04-01 01:35:00+00:00,0.0,0.0
2026-04-01 01:40:00+00:00,0.0,0.0
2026-04-01 01:45:00+00:00,0.0,0.0
2026-04-01 01:50:00+00:00,0.0,0.0
2026-04-01 01:55:00+00:00,0.0,0.0
2026-04-01 02:00:00+00:00,0.0,0.0
2026-04-01 02:05:00+00:00,0.0,0.0
2026-04-01 02:10:00+00:00,0.0,0.0
2026-04-01 02:15:00+00:00,0.0,0.0
2026-04-01 02:20:00+00:00,0.0,0.0
2026-04-01 02:25:00+00:00,0.0,0.0
2026-04-01 02:30:00+00:00,0.0,0.0
2026-04-01 02:35:00+00:00,0.0,0.0
2026-04-01 02:40:00+00:00,0.0,0.0
2026-04-01 02:45:00+00:00,0.0,0.0
2026-04-01 02:50:00+00:00,0.0,0.0
2026-04-01 02:55:00+00:00,0.0,0.0
2026-04-01 03:00:00+00:00,0.0,0.0
2026-04-01 03:05:00+00:00,0.0,0.0
2026-04-01 03:10:00+00:00,0.0,0.0
2026-04-01 03:15:00+00:00,0.0,0.0
2026-04-01 03:20:00+00:00,0.0,0.0
2026-04-01 03:25:00+00:00,0.0,0.0
2026-04-01 03:30:00+00:00,0.0,0.0
2026-04-01 03:35:00+00:00,0.0,0.0
2026-04-01 03:40:00+00:00,0.0,0.0
2026-04-01 03:45:00+00:00,0.0,0.0
2026-04-01 03:50:00+00:00,0.0,0.0
2026-04-01 03:55:00+00:00,0.0,0.0
2026-04-01 04:00:00+00:00,0.0,0.0
2026-04-01 04:05:00+00:00,0.0,0.0
2026-04-01 04:10:00+00:00,0.0,0.0
2026-04-01 04:15:00+00:00,0.0,0.0
2026-04-01 04:20:00+00:00,0.0,0.0
2026-04-01 04:25:00+00:00,0.0,0.0
2026-04-01 04:30:00+00:00,0.0,0.0
2026-04-01 04:35:00+00:00,0.0,0.0
2026-04-01 04:40:00+00:00,0.0,0.0
2026-04-01 04:45:00+00:00,0.0,0.0
2026-04-01 04:50:00+00:00,0.0,0.0
2026-04-01 04:55:00+00:00,0.0,0.0
2026-04-01 05:00:00+00:00,0.0,0.0
2026-04-01 05:05:00+00:00,0.0,0.0
2026-04-01 05:10:00+00:00,0.0,0.0
2026-04-01 05:15:00+00:00,0.0,0.0
2026-04-01 05:20:00+00:00,0.0,0.0
2026-04-01 05:25:00+00:00,0.0,0.0
2026-04-01 05:30:00+00:00,0.0,0.0
2026-04-01 05:35:00+00:00,0.0,0.0
2026-04-01 05:40:00+00:00,0.0,0.0
2026-04-01 05:45:00+00:00,0.0,0.0
2026-04-01 05:50:00+00:00,0.0,0.0
2026-04-01 05:55:00+00:00,0.0,0.0
2026-04-01 06:00:00+00:00,0.0,0.0
2026-04-01 06:05:00+00:00,0.0,0.0
2026-04-01 06:10:00+00:00,0.0,0.0
2026-04-01 06:15:00+00:00,0.0,0.0
2026-04-01 06:20:00+00:00,0.0,0.0
2026-04-01 06:25:00+00:00,0.0,0.0
2026-04-01 06:30:00+00:00,0.0,0.0
2026-04-01 06:35:00+00:00,0.0,0.0
2026-04-01 06:40:00+00:00,0.0,0.0
2026-04-01 06:45:00+00:00,0.0,0.0
2026-04-01 06:50:00+00:00,0.0,0.0
2026-04-01 06:55:00+00:00,0.0,0.0
2026-04-01 07:00:00+00:00,0.0,0.0
2026-04-01 07:05:00+00:00,0.0,0.0
2026-04-01 07:10:00+00:00,0.0,0.0
2026-04-01 07:15:00+00:00,0.0,0.0
2026-04-01 07:20:00+00:00,0.0,0.0
2026-04-01 07:25:00+00:00,0.0,0.0
2026-04-01 07:30:00+00:00,0.0,0.0
2026-04-01 07:35:00+00:00,0.0,0.0
2026-04-01 07:40:00+00:00,0.0,0.0
2026-04-01 07:45:00+00:00,0.0,0.0
2026-04-01 07:50:00+00:00,0.0,0.0
2026-04-01 07:55:00+00:00,0.0,0.0
2026-04-01 08:00:00+00:00,0.0,0.0
2026-04-01 08:05:00+00:00,0.0,0.0
2026-04-01 08:10:00+00:00,0.0,0.0
2026-04-01 08:15:00+00:00,0.0,0.0
2026-04-01 08:20:00+00:00,0.0,0.0
2026-04-01 08:25:00+00:00,0.0,0.0
2026-04-01 08:30:00+00:00,0.0,0.0
2026-04-01 08:35:00+00:00,0.0,0.0
2026-04-01 08:40:00+00:00,0.0,0.0
2026-04-01 08:45:00+00:00,0.0,0.0
2026-04-01 08:50:00+00:00,0.0,0.0
2026-04-01 08:55:00+00:00,0.0,0.0
2026-04-01 09:00:00+00:00,0.0,0.0
2026-04-01 09:05:00+00:00,0.0,0.0
2026-04-01 09:10:00+00:00,0.0,0.0
2026-04-01 09:15:00+00:00,0.0,0.0
2026-04-01 09:20:00+00:00,0.0,0.0
2026-04-01 09:25:00+00:00,0.0,0.0
2026-04-01 09:30:00+00:00,0.0,0.0
2026-04-01 09:35:00+00:00,0.0,0.0
2026-04-01 09:40:00+00:00,0.0,0.0
2026-04-01 09:45:00+00:00,0.0,0.0
2026-04-01 09:50:00+00:00,0.0,0.0
2026-04-01 09:55:00+00:00,0.0,0.0
2026-04-01 10:00:00+00:00,0.0,0.0
2026-04-01 10:05:00+00:00,0.0,0.0
2026-04-01 10:10:00+00:00,0.0,0.0
2026-04-01 10:15:00+00:00,0.0,0.0
2026-04-01 10:20:00+00:00,0.0,0.0
2026-04-01 10:25:00+00:00,0.0,0.0
2026-04-01 10:30:00+00:00,0.0,0.0
2026-04-01 10:35:00+00:00,0.0,0.0
2026-04-01 10:40:00+00:00,0.0,0.0
2026-04-01 10:45:00+00:00,0.0,0.0
2026-04-01 10:50:00+00:00,0.0,0.0
2026-04-01 10:55:00+00:00,0.0,0.0
2026-04-01 11:00:00+00:00,0.0,0.0
2026-04-01 11:05:00+00:00,0.0,0.0
2026-04-01 11:10:00+00:00,0.0,0.0
2026-04-01 11:15:00+00:00,0.0,0.0
2026-04-01 11:20:00+00:00,0.0,0.0
2026-04-01 11:25:00+00:00,0.0,0.0
2026-04-01 11:30:00+00:00,0.0,0.0
2026-04-01 11:35:00+00:00,0.0,0.0
2026-04-01 11:40:00+00:00,0.0,0.0
2026-04-01 11:45:00+00:00,0.0,0.0
2026-04-01 11:50:00+00:00,0.0,0.0
2026-04-01 11:55:00+00:00,0.0,0.0
2026-04-01 12:00:00+00:00,0.0,0.0
2026-04-01 12:05:00+00:00,0.0,0.0
2026-04-01 12:10:00+00:00,0.0,0.0
2026-04-01 12:15:00+00:00,0.0,0.0
2026-04-01 12:20:00+00:00,0.0,0.0
2026-04-01 12:25:00+00:00,0.0,0.0
2026-04-01 12:30:00+00:00,0.0,0.0
2026-04-01 12:35:00+00:00,0.0,0.0
2026-04-01 12:40:00+00:00,0.0,0.0
2026-04-01 12:45:00+00:00,0.0,0.0
2026-04-01 12:50:00+00:00,0.0,0.0
2026-04-01 12:55:00+00:00,0.0,0.0
2026-04-01 13:00:00+00:00,0.0,0.0
2026-04-01 13:05:00+00:00,0.0,0.0
2026-04-01 13:10:00+00:00,0.0,0.0
2026-04-01 13:15:00+00:00,0.0,0.0
2026-04-01 13:20:00+00:00,0.0,0.0
2026-04-01 13:25:00+00:00,0.0,0.0
2026-04-01 13:30:00+00:00,0.0,0.0
2026-04-01 13:35:00+00:00,0.0,0.0
2026-04-01 13:40:00+00:00,0.0,0.0
2026-04-01 13:45:00+00:00,0.0,0.0
2026-04-01 13:50:00+00:00,0.0,0.0
2026-04-01 13:55:00+00:00,0.0,0.0
2026-04-01 14:00:00+00:00,0.0,0.0
2026-04-01 14:05:00+00:00,0.0,0.0
2026-04-01 14:10:00+00:00,0.0,0.0
2026-04-01 14:15:00+00:00,0.0,0.0
2026-04-01 14:20:00+00:00,0.0,0.0
2026-04-01 14:25:00+00:00,0.0,0.0
2026-04-01 14:30:00+00:00,0.0,0.0
2026-04-01 14:35:00+00:00,0.0,0.0
2026-04-01 14:40:00+00:00,0.0,0.0
2026-04-01 14:45:00+00:00,0.0,0.0
2026-04-01 14:50:00+00:00,0.0,0.0
2026-04-01 14:55:00+00:00,0.0,0.0
2026-04-01 15:00:00+00:00,0.0,0.0
2026-04-01 15:05:00+00:00,0.0,0.0
2026-04-01 15:10:00+00:00,0.0,0.0
2026-04-01 15:15:00+00:00,0.0,0.0
2026-04-01 15:20:00+00:00,0.0,0.0
2026-04-01 15:25:00+00:00,0.0,0.0
2026-04-01 15:30:00+00:00,0.0,0.0
2026-04-01 15:35:00+00:00,0.0,0.0
2026-04-01 15:40:00+00:00,0.0,0.0
2026-04-01 15:45:00+00:00,0.0,0.0
2026-04-01 15:50:00+00:00,0.0,0.0
2026-04-01 15:55:00+00:00,0.0,0.0
2026-04-01 16:00:00+00:00,0.0,0.0
2026-04-01 16:05:00+00:00,0.0,0.0
2026-04-01 16:10:00+00:00,0.0,0.0
2026-04-01 16:15:00+00:00,0.0,0.0
2026-04-01 16:20:00+00:00,0.0,0.0
2026-04-01 16:25:00+00:00,0.0,0.0
2026-04-01 16:30:00+00:00,0.0,0.0
2026-04-01 16:35:00+00:00,0.0,0.0
2026-04-01 16:40:00+00:00,0.0,0.0
2026-04-01 16:45:00+00:00,0.0,0.0
2026-04-01 16:50:00+00:00,0.0,0.0
2026-04-01 16:55:00+00:00,0.0,0.0
2026-04-01 17:00:00+00:00,0.0,0.0
2026-04-01 17:05:00+00:00,0.0,0.0
2026-04-01 17:10:00+00:00,0.0,0.0
2026-04-01 17:15:00+00:00,0.0,0.0
2026-04-01 17:20:00+00:00,0.0,0.0
2026-04-01 17:25:00+00:00,0.0,0.0
2026-04-01 17:30:00+00:00,0.0,0.0
2026-04-01 17:35:00+00:00,0.0,0.0
2026-04-01 17:40:00+00:00,0.0,0.0
2026-04-01 17:45:00+00:00,0.0,0.0
2026-04-01 17:50:00+00:00,0.0,0.0
2026-04-01 17:55:00+00:00,0.0,0.0
2026-04-01 18:00:00+00:00,0.0,0.0
2026-04-01 18:05:00+00:00,0.0,0.0
2026-04-01 18:10:00+00:00,0.0,0.0
2026-04-01 18:15:00+00:00,0.0,0.0
2026-04-01 18:20:00+00:00,0.0,0.0
2026-04-01 18:25:00+00:00,0.0,0.0
2026-04-01 18:30:00+00:00,0.0,0.0
2026-04-01 18:35:00+00:00,0.0,0.0
2026-04-01 18:40:00+00:00,0.0,0.0
2026-04-01 18:45:00+00:00,0.0,0.0
2026-04-01 18:50:00+00:00,0.0,0.0
2026-04-01 18:55:00+00:00,0.0,0.0
2026-04-01 19:00:00+00:00,0.0,0.0
2026-04-01 19:05:00+00:00,0.0,0.0
2026-04-01 19:10:00+00:00,0.0,0.0
2026-04-01 19:15:00+00:00,0.0,0.0
2026-04-01 19:20:00+00:00,0.0,0.0
2026-04-01 19:25:00+00:00,0.0,0.0
2026-04-01 19:30:00+00:00,0.0,0.0
2026-04-01 19:35:00+00:00,0.0,0.0
2026-04-01 19:40:00+00:00,0.0,0.0
2026-04-01 19:45:00+00:00,0.0,0.0
2026-04-01 19:50:00+00:00,0.0,0.0
2026-04-01 19:55:00+00:00,0.0,0.0
2026-04-01 20:00:00+00:00,0.0,0.0
2026-04-01 20:05:00+00:00,0.0,0.0
2026-04-01 20:10:00+00:00,0.0,0.0
2026-04-01 20:15:00+00:00,0.0,0.0
2026-04-01 20:20:00+00:00,0.0,0.0
2026-04-01 20:25:00+00:00,0.0,0.0
2026-04-01 20:30:00+00:00,0.0,0.0
2026-04-01 20:35:00+00:00,0.0,0.0
2026-04-01 20:40:00+00:00,0.0,0.0
2026-04-01 20:45:00+00:00,0.0,0.0
2026-04-01 20:50:00+00:00,0.0,0.0
2026-04-01 20:55:00+00:00,0.0,0.0
2026-04-01 21:00:00+00:00,0.0,0.0
2026-04-01 21:05:00+00:00,0.0,0.0
2026-04-01 21:10:00+00:00,0.0,0.0
2026-04-01 21:15:00+00:00,0.0,0.0
2026-04-01 21:20:00+00:00,0.0,0.0
2026-04-01 21:25:00+00:00,0.0,0.0
2026-04-01 21:30:00+00:00,0.0,0.0
2026-04-01 21:35:00+00:00,0.0,0.0
2026-04-01 21:40:00+00:00,0.0,0.0
2026-04-01 21:45:00+00:00,0.0,0.0
2026-04-01 21:50:00+00:00,0.0,0.0
2026-04-01 21:55:00+00:00,0.0,0.0
2026-04-01 22:00:00+00:00,0.0,0.0
2026-04-01 22:05:00+00:00,0.0,0.0
2026-04-01 22:10:00+00:00,0.0,0.0
2026-04-01 22:15:00+00:00,0.0,0.0
2026-04-01 22:20:00+00:00,0.0,0.0
2026-04-01 22:25:00+00:00,0.0,0.0
2026-04-01 22:30:00+00:00,0.0,0.0
2026-04-01 22:35:00+00:00,0.0,0.0
2026-04-01 22:40:00+00:00,0.0,0.0
2026-04-01 22:45:00+00:00,0.0,0.0
2026-04-01 22:50:00+00:00,0.0,0.0
2026-04-01 22:55:00+00:00,0.0,0.0
2026-04-01 23:00:00+00:00,0.0,0.0
2026-04-01 23:05:00+00:00,0.0,0.0
2026-04-01 23:10:00+00:00,0.0,0.0
2026-04-01 23:15:00+00:00,0.0,0.0
2026-04-01 23:20:00+00:00,0.0,0.0
2026-04-01 23:25:00+00:00,0.0,0.0
2026-04-01 23:30:00+00:00,0.0,0.0
2026-04-01 23:35:00+00:00,0.0,0.0
2026-04-01 23:40:00+00:00,0.0,0.0
2026-04-01 23:45:00+00:00,0.0,0.0
2026-04-01 23:50:00+00:00,0.0,0.0
2026-04-01 23:55:00+00:00,0.0,0.0
2026-04-02 00:00:00+00:00,0.0,0.0
2026-04-02 00:05:00+00:00,0.0,0.0
2026-04-02 00:10:00+00:00,0.0,0.0
2026-04-02 00:15:00+00:00,0.0,0.0
2026-04-02 00:20:00+00:00,0.0,0.0
2026-04-02 00:25:00+00:00,0.0,0.0
2026-04-02 00:30:00+00:00,0.0,0.0
2026-04-02 00:35:00+00:00,0.0,0.0
2026-04-02 00:40:00+00:00,0.0,0.0
2026-04-02 00:45:00+00:00,0.0,0.0
2026-04-02 00:50:00+00:00,0.0,0.0
2026-04-02 00:55:00+00:00,0.0,0.0
2026-04-02 01:00:00+00:00,0.0,0.0
2026-04-02 01:05:00+00:00,0.0,0.0
2026-04-02 01:10:00+00:00,0.0,0.0
2026-04-02 01:15:00+00:00,0.0,0.0
2026-04-02 01:20:00+00:00,0.0,0.0
2026-04-02 01:25:00+00:00,0.0,0.0
2026-04-02 01:30:00+00:00,0.0,0.0
2026-04-02 01:35:00+00:00,0.0,0.0
2026-04-02 01:40:00+00:00,0.0,0.0
2026-04-02 01:45:00+00:00,0.0,0.0
2026-04-02 01:50:00+00:00,0.0,0.0
2026-04-02 01:55:00+00:00,0.0,0.0
2026-04-02 02:00:00+00:00,0.0,0.0
2026-04-02 02:05:00+00:00,0.0,0.0
2026-04-02 02:10:00+00:00,0.0,0.0
2026-04-02 02:15:00+00:00,0.0,0.0
2026-04-02 02:20:00+00:00,0.0,0.0
2026-04-02 02:25:00+00:00,0.0,0.0
2026-04-02 02:30:00+00:00,0.0,0.0
2026-04-02 02:35:00+00:00,0.0,0.0
2026-04-02 02:40:00+00:00,0.0,0.0
2026-04-02 02:45:00+00:00,0.0,0.0
2026-04-02 02:50:00+00:00,0.0,0.0
2026-04-02 02:55:00+00:00,0.0,0.0
2026-04-02 03:00:00+00:00,0.0,0.0
2026-04-02 03:05:00+00:00,0.0,0.0
2026-04-02 03:10:00+00:00,0.0,0.0
2026-04-02 03:15:00+00:00,0.0,0.0
2026-04-02 03:20:00+00:00,0.0,0.0
2026-04-02 03:25:00+00:00,0.0,0.0
2026-04-02 03:30:00+00:00,0.0,0.0
2026-04-02 03:35:00+00:00,0.0,0.0
2026-04-02 03:40:00+00:00,0.0,0.0
2026-04-02 03:45:00+00:00,0.0,0.0
2026-04-02 03:50:00+00:00,0.0,0.0
2026-04-02 03:55:00+00:00,0.0,0.0
2026-04-02 04:00:00+00:00,0.0,0.0
2026-04-02 04:05:00+00:00,0.0,0.0
2026-04-02 04:10:00+00:00,0.0,0.0
2026-04-02 04:15:00+00:00,0.0,0.0
2026-04-02 04:20:00+00:00,0.0,0.0
2026-04-02 04:25:00+00:00,0.0,0.0
2026-04-02 04:30:00+00:00,0.0,0.0
2026-04-02 04:35:00+00:00,0.0,0.0
2026-04-02 04:40:00+00:00,0.0,0.0
2026-04-02 04:45:00+00:00,0.0,0.0
2026-04-02 04:50:00+00:00,0.0,0.0
2026-04-02 04:55:00+00:00,0.0,0.0
2026-04-02 05:00:00+00:00,0.0,0.0
2026-04-02 05:05:00+00:00,0.0,0.0
2026-04-02 05:10:00+00:00,0.0,0.0
2026-04-02 05:15:00+00:00,0.0,0.0
2026-04-02 05:20:00+00:00,0.0,0.0
2026-04-02 05:25:00+00:00,0.0,0.0
2026-04-02 05:30:00+00:00,0.0,0.0
2026-04-02 05:35:00+00:00,0.0,0.0
2026-04-02 05:40:00+00:00,0.0,0.0
2026-04-02 05:45:00+00:00,0.0,0.0
2026-04-02 05:50:00+00:00,0.0,0.0
2026-04-02 05:55:00+00:00,0.0,0.0
2026-04-02 06:00:00+00:00,0.0,0.0
2026-04-02 06:05:00+00:00,0.0,0.0
2026-04-02 06:10:00+00:00,0.0,0.0
2026-04-02 06:15:00+00:00,0.0,0.0
2026-04-02 06:20:00+00:00,0.0,0.0
2026-04-02 06:25:00+00:00,0.0,0.0
2026-04-02 06:30:00+00:00,0.0,0.0
2026-04-02 06:35:00+00:00,0.0,0.0
2026-04-02 06:40:00+00:00,0.0,0.0
2026-04-02 06:45:00+00:00,0.0,0.0
2026-04-02 06:50:00+00:00,0.0,0.0
2026-04-02 06:55:00+00:00,0.0,0.0
2026-04-02 07:00:00+00:00,0.0,0.0
2026-04-02 07:05:00+00:00,0.0,0.0
2026-04-02 07:10:00+00:00,0.0,0.0
2026-04-02 07:15:00+00:00,0.0,0.0
2026-04-02 07:20:00+00:00,0.0,0.0
2026-04-02 07:25:00+00:00,0.0,0.0
2026-04-02 07:30:00+00:00,0.0,0.0
2026-04-02 07:35:00+00:00,0.0,0.0
2026-04-02 07:40:00+00:00,0.0,0.0
2026-04-02 07:45:00+00:00,0.0,0.0
2026-04-02 07:50:00+00:00,0.0,0.0
2026-04-02 07:55:00+00:00,0.0,0.0
2026-04-02 08:00:00+00:00,0.0,0.0
2026-04-02 08:05:00+00:00,0.0,0.0
2026-04-02 08:10:00+00:00,0.0,0.0
2026-04-02 08:15:00+00:00,0.0,0.0
2026-04-02 08:20:00+00:00,0.0,0.0
2026-04-02 08:25:00+00:00,0.0,0.0
2026-04-02 08:30:00+00:00,0.0,0.0
2026-04-02 08:35:00+00:00,0.0,0.0
2026-04-02 08:40:00+00:00,0.0,0.0
2026-04-02 08:45:00+00:00,0.0,0.0
2026-04-02 08:50:00+00:00,0.0,0.0
2026-04-02 08:55:00+00:00,0.0,0.0
2026-04-02 09:00:00+00:00,0.0,0.0
2026-04-02 09:05:00+00:00,0.0,0.0
2026-04-02 09:10:00+00:00,0.0,0.0
2026-04-02 09:15:00+00:00,0.0,0.0
2026-04-02 09:20:00+00:00,0.0,0.0
2026-04-02 09:25:00+00:00,0.0,0.0
2026-04-02 09:30:00+00:00,0.0,0.0
2026-04-02 09:35:00+00:00,0.0,0.0
2026-04-02 09:40:00+00:00,0.0,0.0
2026-04-02 09:45:00+00:00,0.0,0.0
2026-04-02 09:50:00+00:00,0.0,0.0
2026-04-02 09:55:00+00:00,0.0,0.0
2026-04-02 10:00:00+00:00,0.0,0.0
2026-04-02 10:05:00+00:00,0.0,0.0
2026-04-02 10:10:00+00:00,0.0,0.0
2026-04-02 10:15:00+00:00,0.0,0.0
2026-04-02 10:20:00+00:00,0.0,0.0
2026-04-02 10:25:00+00:00,0.0,0.0
2026-04-02 10:30:00+00:00,0.0,0.0
2026-04-02 10:35:00+00:00,0.0,0.0
2026-04-02 10:40:00+00:00,0.0,0.0
2026-04-02 10:45:00+00:00,0.0,0.0
2026-04-02 10:50:00+00:00,0.0,0.0
2026-04-02 10:55:00+00:00,0.0,0.0
2026-04-02 11:00:00+00:00,0.0,0.0
2026-04-02 11:05:00+00:00,0.0,0.0
2026-04-02 11:10:00+00:00,0.0,0.0
2026-04-02 11:15:00+00:00,0.0,0.0
2026-04-02 11:20:00+00:00,0.0,0.0
2026-04-02 11:25:00+00:00,0.0,0.0
2026-04-02 11:30:00+00:00,0.0,0.0
2026-04-02 11:35:00+00:00,0.0,0.0
2026-04-02 11:40:00+00:00,0.0,0.0
2026-04-02 11:45:00+00:00,0.0,0.0
2026-04-02 11:50:00+00:00,0.0,0.0
2026-04-02 11:55:00+00:00,0.0,0.0
2026-04-02 12:00:00+00:00,0.0,0.0
2026-04-02 12:05:00+00:00,0.0,0.0
2026-04-02 12:10:00+00:00,0.0,0.0
2026-04-02 12:15:00+00:00,0.0,0.0
2026-04-02 12:20:00+00:00,0.0,0.0
2026-04-02 12:25:00+00:00,0.0,0.0
2026-04-02 12:30:00+00:00,0.0,0.0
2026-04-02 12:35:00+00:00,0.0,0.0
2026-04-02 12:40:00+00:00,0.0,0.0
2026-04-02 12:45:00+00:00,0.0,0.0
2026-04-02 12:50:00+00:00,0.0,0.0
2026-04-02 12:55:00+00:00,0.0,0.0
2026-04-02 13:00:00+00:00,0.0,0.0
2026-04-02 13:05:00+00:00,0.0,0.0
2026-04-02 13:10:00+00:00,0.0,0.0
2026-04-02 13:15:00+00:00,0.0,0.0
2026-04-02 13:20:00+00:00,0.0,0.0
2026-04-02 13:25:00+00:00,0.0,0.0
2026-04-02 13:30:00+00:00,0.0,0.0
2026-04-02 13:35:00+00:00,0.0,0.0
2026-04-02 13:40:00+00:00,0.0,0.0
2026-04-02 13:45:00+00:00,0.0,0.0
2026-04-02 13:50:00+00:00,0.0,0.0
2026-04-02 13:55:00+00:00,0.0,0.0
2026-04-02 14:00:00+00:00,0.0,0.0
2026-04-02 14:05:00+00:00,0.0,0.0
2026-04-02 14:10:00+00:00,0.0,0.0
2026-04-02 14:15:00+00:00,0.0,0.0
2026-04-02 14:20:00+00:00,0.0,0.0
2026-04-02 14:25:00+00:00,0.0,0.0
2026-04-02 14:30:00+00:00,0.0,0.0
2026-04-02 14:35:00+00:00,0.0,0.0
2026-04-02 14:40:00+00:00,0.0,0.0
2026-04-02 14:45:00+00:00,0.0,0.0
2026-04-02 14:50:00+00:00,0.0,0.0
2026-04-02 14:55:00+00:00,0.0,0.0
2026-04-02 15:00:00+00:00,0.0,0.0
2026-04-02 15:05:00+00:00,0.0,0.0
2026-04-02 15:10:00+00:00,0.0,0.0
2026-04-02 15:15:00+00:00,0.0,0.0
2026-04-02 15:20:00+00:00,0.0,0.0
2026-04-02 15:25:00+00:00,0.0,0.0
2026-04-02 15:30:00+00:00,0.0,0.0
2026-04-02 15:35:00+00:00,0.0,0.0
2026-04-02 15:40:00+00:00,0.0,0.0
2026-04-02 15:45:00+00:00,0.0,0.0
2026-04-02 15:50:00+00:00,0.0,0.0
2026-04-02 15:55:00+00:00,0.0,0.0
2026-04-02 16:00:00+00:00,0.0,0.0
2026-04-02 16:05:00+00:00,0.0,0.0
2026-04-02 16:10:00+00:00,0.0,0.0
2026-04-02 16:15:00+00:00,0.0,0.0
2026-04-02 16:20:00+00:00,0.0,0.0
2026-04-02 16:25:00+00:00,0.0,0.0
2026-04-02 16:30:00+00:00,0.0,0.0
2026-04-02 16:35:00+00:00,0.0,0.0
2026-04-02 16:40:00+00:00,0.0,0.0
2026-04-02 16:45:00+00:00,0.0,0.0
2026-04-02 16:50:00+00:00,0.0,0.0
2026-04-02 16:55:00+00:00,0.0,0.0
2026-04-02 17:00:00+00:00,0.0,0.0
2026-04-02 17:05:00+00:00,0.0,0.0
2026-04-02 17:10:00+00:00,0.0,0.0
2026-04-02 17:15:00+00:00,0.0,0.0
2026-04-02 17:20:00+00:00,0.0,0.0
2026-04-02 17:25:00+00:00,0.0,0.0
2026-04-02 17:30:00+00:00,0.0,0.0
2026-04-02 17:35:00+00:00,0.0,0.0
2026-04-02 17:40:00+00:00,0.0,0.0
2026-04-02 17:45:00+00:00,0.0,0.0
2026-04-02 17:50:00+00:00,0.0,0.0
2026-04-02 17:55:00+00:00,0.0,0.0
2026-04-02 18:00:00+00:00,0.0,0.0
2026-04-02 18:05:00+00:00,0.0,0.0
2026-04-02 18:10:00+00:00,0.0,0.0
2026-04-02 18:15:00+00:00,0.0,0.0
2026-04-02 18:20:00+00:00,0.0,0.0
2026-04-02 18:25:00+00:00,0.0,0.0
2026-04-02 18:30:00+00:00,0.0,0.0
2026-04-02 18:35:00+00:00,0.0,0.0
2026-04-02 18:40:00+00:00,0.0,0.0
2026-04-02 18:45:00+00:00,0.0,0.0
2026-04-02 18:50:00+00:00,0.0,0.0
2026-04-02 18:55:00+00:00,0.0,0.0
2026-04-02 19:00:00+00:00,0.0,0.0
2026-04-02 19:05:00+00:00,0.0,0.0
2026-04-02 19:10:00+00:00,0.0,0.0
2026-04-02 19:15:00+00:00,0.0,0.0
2026-04-02 19:20:00+00:00,0.0,0.0
2026-04-02 19:25:00+00:00,0.0,0.0
2026-04-02 19:30:00+00:00,0.0,0.0
2026-04-02 19:35:00+00:00,0.0,0.0
2026-04-02 19:40:00+00:00,0.0,0.0
2026-04-02 19:45:00+00:00,0.0,0.0
2026-04-02 19:50:00+00:00,0.0,0.0
2026-04-02 19:55:00+00:00,0.0,0.0
2026-04-02 20:00:00+00:00,0.0,0.0
2026-04-02 20:05:00+00:00,0.0,0.0
2026-04-02 20:10:00+00:00,0.0,0.0
2026-04-02 20:15:00+00:00,0.0,0.0
2026-04-02 20:20:00+00:00,0.0,0.0
2026-04-02 20:25:00+00:00,0.0,0.0
2026-04-02 20:30:00+00:00,0.0,0.0
2026-04-02 20:35:00+00:00,0.0,0.0
2026-04-02 20:40:00+00:00,0.0,0.0
2026-04-02 20:45:00+00:00,0.0,0.0
2026-04-02 20:50:00+00:00,0.0,0.0
2026-04-02 20:55:00+00:00,0.0,0.0
2026-04-02 21:00:00+00:00,0.0,0.0
2026-04-02 21:05:00+00:00,0.0,0.0
2026-04-02 21:10:00+00:00,0.0,0.0
2026-04-02 21:15:00+00:00,0.0,0.0
2026-04-02 21:20:00+00:00,0.0,0.0
2026-04-02 21:25:00+00:00,0.0,0.0
2026-04-02 21:30:00+00:00,0.0,0.0
2026-04-02 21:35:00+00:00,0.0,0.0
2026-04-02 21:40:00+00:00,0.0,0.0
2026-04-02 21:45:00+00:00,0.0,0.0
2026-04-02 21:50:00+00:00,0.0,0.0
2026-04-02 21:55:00+00:00,0.0,0.0
2026-04-02 22:00:00+00:00,0.0,0.0
2026-04-02 22:05:00+00:00,0.0,0.0
2026-04-02 22:10:00+00:00,0.0,0.0
2026-04-02 22:15:00+00:00,0.0,0.0
2026-04-02 22:20:00+00:00,0.0,0.0
2026-04-02 22:25:00+00:00,0.0,0.0
2026-04-02 22:30:00+00:00,0.0,0.0
2026-04-02 22:35:00+00:00,0.0,0.0
2026-04-02 22:40:00+00:00,0.0,0.0
2026-04-02 22:45:00+00:00,0.0,0.0
2026-04-02 22:50:00+00:00,0.0,0.0
2026-04-02 22:55:00+00:00,0.0,0.0
2026-04-02 23:00:00+00:00,0.0,0.0
2026-04-02 23:05:00+00:00,0.0,0.0
2026-04-02 23:10:00+00:00,0.0,0.0
2026-04-02 23:15:00+00:00,0.0,0.0
2026-04-02 23:20:00+00:00,0.0,0.0
2026-04-02 23:25:00+00:00,0.0,0.0
2026-04-02 23:30:00+00:00,0.0,0.0
2026-04-02 23:35:00+00:00,0.0,0.0
2026-04-02 23:40:00+00:00,0.0,0.0
2026-04-02 23:45:00+00:00,0.0,0.0
2026-04-02 23:50:00+00:00,0.0,0.0
2026-04-02 23:55:00+00:00,0.0,0.0
2026-04-03 00:00:00+00:00,0.0,0.0
2026-04-03 00:05:00+00:00,0.0,0.0
2026-04-03 00:10:00+00:00,0.0,0.0
2026-04-03 00:15:00+00:00,0.0,0.0
2026-04-03 00:20:00+00:00,0.0,0.0
2026-04-03 00:25:00+00:00,0.0,0.0
2026-04-03 00:30:00+00:00,0.0,0.0
2026-04-03 00:35:00+00:00,0.0,0.0
2026-04-03 00:40:00+00:00,0.0,0.0
2026-04-03 00:45:00+00:00,0.0,0.0
2026-04-03 00:50:00+00:00,0.0,0.0
2026-04-03 00:55:00+00:00,0.0,0.0
2026-04-03 01:00:00+00:00,0.0,0.0
2026-04-03 01:05:00+00:00,0.0,0.0
2026-04-03 01:10:00+00:00,0.0,0.0
2026-04-03 01:15:00+00:00,0.0,0.0
2026-04-03 01:20:00+00:00,0.0,0.0
2026-04-03 01:25:00+00:00,0.0,0.0
2026-04-03 01:30:00+00:00,0.0,0.0
2026-04-03 01:35:00+00:00,0.0,0.0
2026-04-03 01:40:00+00:00,0.0,0.0
2026-04-03 01:45:00+00:00,0.0,0.0
2026-04-03 01:50:00+00:00,0.0,0.0
2026-04-03 01:55:00+00:00,0.0,0.0
2026-04-03 02:00:00+00:00,0.0,0.0
2026-04-03 02:05:00+00:00,0.0,0.0
2026-04-03 02:10:00+00:00,0.0,0.0
2026-04-03 02:15:00+00:00,0.0,0.0
2026-04-03 02:20:00+00:00,0.0,0.0
2026-04-03 02:25:00+00:00,0.0,0.0
2026-04-03 02:30:00+00:00,0.0,0.0
2026-04-03 02:35:00+00:00,0.0,0.0
2026-04-03 02:40:00+00:00,0.0,0.0
2026-04-03 02:45:00+00:00,0.0,0.0
2026-04-03 02:50:00+00:00,0.0,0.0
2026-04-03 02:55:00+00:00,0.0,0.0
2026-04-03 03:00:00+00:00,0.0,0.0
2026-04-03 03:05:00+00:00,0.0,0.0
2026-04-03 03:10:00+00:00,0.0,0.0
2026-04-03 03:15:00+00:00,0.0,0.0
2026-04-03 03:20:00+00:00,0.0,0.0
2026-04-03 03:25:00+00:00,0.0,0.0
2026-04-03 03:30:00+00:00,0.0,0.0
2026-04-03 03:35:00+00:00,0.0,0.0
2026-04-03 03:40:00+00:00,0.0,0.0
2026-04-03 03:45:00+00:00,0.0,0.0
2026-04-03 03:50:00+00:00,0.0,0.0
2026-04-03 03:55:00+00:00,0.0,0.0
2026-04-03 04:00:00+00:00,0.0,0.0
2026-04-03 04:05:00+00:00,0.0,0.0
2026-04-03 04:10:00+00:00,0.0,0.0
2026-04-03 04:15:00+00:00,0.0,0.0
2026-04-03 04:20:00+00:00,0.0,0.0
2026-04-03 04:25:00+00:00,0.0,0.0
2026-04-03 04:30:00+00:00,0.0,0.0
2026-04-03 04:35:00+00:00,0.0,0.0
2026-04-03 04:40:00+00:00,0.0,0.0
2026-04-03 04:45:00+00:00,0.0,0.0
2026-04-03 04:50:00+00:00,0.0,0.0
2026-04-03 04:55:00+00:00,0.0,0.0
2026-04-03 05:00:00+00:00,0.0,0.0
2026-04-03 05:05:00+00:00,0.0,0.0
2026-04-03 05:10:00+00:00,0.0,0.0
2026-04-03 05:15:00+00:00,0.0,0.0
2026-04-03 05:20:00+00:00,0.0,0.0
2026-04-03 05:25:00+00:00,0.0,0.0
2026-04-03 05:30:00+00:00,0.0,0.0
2026-04-03 05:35:00+00:00,0.0,0.0
2026-04-03 05:40:00+00:00,0.0,0.0
2026-04-03 05:45:00+00:00,0.0,0.0
2026-04-03 05:50:00+00:00,0.0,0.0
2026-04-03 05:55:00+00:00,0.0,0.0
2026-04-03 06:00:00+00:00,0.0,0.0
2026-04-03 06:05:00+00:00,0.0,0.0
2026-04-03 06:10:00+00:00,0.0,0.0
2026-04-03 06:15:00+00:00,0.0,0.0
2026-04-03 06:20:00+00:00,0.0,0.0
2026-04-03 06:25:00+00:00,0.0,0.0
2026-04-03 06:30:00+00:00,0.0,0.0
2026-04-03 06:35:00+00:00,0.0,0.0
2026-04-03 06:40:00+00:00,0.0,0.0
2026-04-03 06:45:00+00:00,0.0,0.0
2026-04-03 06:50:00+00:00,0.0,0.0
2026-04-03 06:55:00+00:00,0.0,0.0
2026-04-03 07:00:00+00:00,0.0,0.0
2026-04-03 07:05:00+00:00,0.0,0.0
2026-04-03 07:10:00+00:00,0.0,0.0
2026-04-03 07:15:00+00:00,0.0,0.0
2026-04-03 07:20:00+00:00,0.0,0.0
2026-04-03 07:25:00+00:00,0.0,0.0
2026-04-03 07:30:00+00:00,0.0,0.0
2026-04-03 07:35:00+00:00,0.0,0.0
2026-04-03 07:40:00+00:00,0.0,0.0
2026-04-03 07:45:00+00:00,0.0,0.0
2026-04-03 07:50:00+00:00,0.0,0.0
2026-04-03 07:55:00+00:00,0.0,0.0
2026-04-03 08:00:00+00:00,0.0,0.0
2026-04-03 08:05:00+00:00,0.0,0.0
2026-04-03 08:10:00+00:00,0.0,0.0
2026-04-03 08:15:00+00:00,0.0,0.0
2026-04-03 08:20:00+00:00,0.0,0.0
2026-04-03 08:25:00+00:00,0.0,0.0
2026-04-03 08:30:00+00:00,0.0,0.0
2026-04-03 08:35:00+00:00,0.0,0.0
2026-04-03 08:40:00+00:00,0.0,0.0
2026-04-03 08:45:00+00:00,0.0,0.0
2026-04-03 08:50:00+00:00,0.0,0.0
2026-04-03 08:55:00+00:00,0.0,0.0
2026-04-03 09:00:00+00:00,0.0,0.0
2026-04-03 09:05:00+00:00,0.0,0.0
2026-04-03 09:10:00+00:00,0.0,0.0
2026-04-03 09:15:00+00:00,0.0,0.0
2026-04-03 09:20:00+00:00,0.0,0.0
2026-04-03 09:25:00+00:00,0.0,0.0
2026-04-03 09:30:00+00:00,0.0,0.0
2026-04-03 09:35:00+00:00,0.0,0.0
2026-04-03 09:40:00+00:00,0.0,0.0
2026-04-03 09:45:00+00:00,0.0,0.0
2026-04-03 09:50:00+00:00,0.0,0.0
2026-04-03 09:55:00+00:00,0.0,0.0
2026-04-03 10:00:00+00:00,0.0,0.0
2026-04-03 10:05:00+00:00,0.0,0.0
2026-04-03 10:10:00+00:00,0.0,0.0
2026-04-03 10:15:00+00:00,0.0,0.0
2026-04-03 10:20:00+00:00,0.0,0.0
2026-04-03 10:25:00+00:00,0.0,0.0
2026-04-03 10:30:00+00:00,0.0,0.0
2026-04-03 10:35:00+00:00,0.0,0.0
2026-04-03 10:40:00+00:00,0.0,0.0
2026-04-03 10:45:00+00:00,0.0,0.0
2026-04-03 10:50:00+00:00,0.0,0.0
2026-04-03 10:55:00+00:00,0.0,0.0
2026-04-03 11:00:00+00:00,0.0,0.0
2026-04-03 11:05:00+00:00,0.0,0.0
2026-04-03 11:10:00+00:00,0.0,0.0
2026-04-03 11:15:00+00:00,0.0,0.0
2026-04-03 11:20:00+00:00,0.0,0.0
2026-04-03 11:25:00+00:00,0.0,0.0
2026-04-03 11:30:00+00:00,0.0,0.0
2026-04-03 11:35:00+00:00,0.0,0.0
2026-04-03 11:40:00+00:00,0.0,0.0
2026-04-03 11:45:00+00:00,0.0,0.0
2026-04-03 11:50:00+00:00,0.0,0.0
2026-04-03 11:55:00+00:00,0.0,0.0
2026-04-03 12:00:00+00:00,0.0,0.0
2026-04-03 12:05:00+00:00,0.0,0.0
2026-04-03 12:10:00+00:00,0.0,0.0
2026-04-03 12:15:00+00:00,0.0,0.0
2026-04-03 12:20:00+00:00,0.0,0.0
2026-04-03 12:25:00+00:00,0.0,0.0
2026-04-03 12:30:00+00:00,0.0,0.0
2026-04-03 12:35:00+00:00,0.0,0.0
2026-04-03 12:40:00+00:00,0.0,0.0
2026-04-03 12:45:00+00:00,0.0,0.0
2026-04-03 12:50:00+00:00,0.0,0.0
2026-04-03 12:55:00+00:00,0.0,0.0
2026-04-03 13:00:00+00:00,0.0,0.0
2026-04-03 13:05:00+00:00,0.0,0.0
2026-04-03 13:10:00+00:00,0.0,0.0
2026-04-03 13:15:00+00:00,0.0,0.0
2026-04-03 13:20:00+00:00,0.0,0.0
2026-04-03 13:25:00+00:00,0.0,0.0
2026-04-03 13:30:00+00:00,0.0,0.0
2026-04-03 13:35:00+00:00,0.0,0.0
2026-04-03 13:40:00+00:00,0.0,0.0
2026-04-03 13:45:00+00:00,0.0,0.0
2026-04-03 13:50:00+00:00,0.0,0.0
2026-04-03 13:55:00+00:00,0.0,0.0
2026-04-03 14:00:00+00:00,0.0,0.0
2026-04-03 14:05:00+00:00,0.0,0.0
2026-04-03 14:10:00+00:00,0.0,0.0
2026-04-03 14:15:00+00:00,0.0,0.0
2026-04-03 14:20:00+00:00,0.0,0.0
2026-04-03 14:25:00+00:00,0.0,0.0
2026-04-03 14:30:00+00:00,0.0,0.0
2026-04-03 14:35:00+00:00,0.0,0.0
2026-04-03 14:40:00+00:00,0.0,0.0
2026-04-03 14:45:00+00:00,0.0,0.0
2026-04-03 14:50:00+00:00,0.0,0.0
2026-04-03 14:55:00+00:00,0.0,0.0
2026-04-03 15:00:00+00:00,0.0,0.0
2026-04-03 15:05:00+00:00,0.0,0.0
2026-04-03 15:10:00+00:00,0.0,0.0
2026-04-03 15:15:00+00:00,0.0,0.0
2026-04-03 15:20:00+00:00,0.0,0.0
2026-04-03 15:25:00+00:00,0.0,0.0
2026-04-03 15:30:00+00:00,0.0,0.0
2026-04-03 15:35:00+00:00,0.0,0.0
2026-04-03 15:40:00+00:00,0.0,0.0
2026-04-03 15:45:00+00:00,0.0,0.0
2026-04-03 15:50:00+00:00,0.0,0.0
2026-04-03 15:55:00+00:00,0.0,0.0
2026-04-03 16:00:00+00:00,0.0,0.0
2026-04-03 16:05:00+00:00,0.0,0.0
2026-04-03 16:10:00+00:00,0.0,0.0
2026-04-03 16:15:00+00:00,0.0,0.0
2026-04-03 16:20:00+00:00,0.0,0.0
2026-04-03 16:25:00+00:00,0.0,0.0
2026-04-03 16:30:00+00:00,0.0,0.0
2026-04-03 16:35:00+00:00,0.0,0.0
2026-04-03 16:40:00+00:00,0.0,0.0
2026-04-03 16:45:00+00:00,0.0,0.0
2026-04-03 16:50:00+00:00,0.0,0.0
2026-04-03 16:55:00+00:00,0.0,0.0
2026-04-03 17:00:00+00:00,0.0,0.0
2026-04-03 17:05:00+00:00,0.0,0.0
2026-04-03 17:10:00+00:00,0.0,0.0
2026-04-03 17:15:00+00:00,0.0,0.0
2026-04-03 17:20:00+00:00,0.0,0.0
2026-04-03 17:25:00+00:00,0.0,0.0
2026-04-03 17:30:00+00:00,0.0,0.0
2026-04-03 17:35:00+00:00,0.0,0.0
2026-04-03 17:40:00+00:00,0.0,0.0
2026-04-03 17:45:00+00:00,0.0,0.0
2026-04-03 17:50:00+00:00,0.0,0.0
2026-04-03 17:55:00+00:00,0.0,0.0
2026-04-03 18:00:00+00:00,0.0,0.0
2026-04-03 18:05:00+00:00,0.0,0.0
2026-04-03 18:10:00+00:00,0.0,0.0
2026-04-03 18:15:00+00:00,0.0,0.0
2026-04-03 18:20:00+00:00,0.0,0.0
2026-04-03 18:25:00+00:00,0.0,0.0
2026-04-03 18:30:00+00:00,0.0,0.0
2026-04-03 18:35:00+00:00,0.0,0.0
2026-04-03 18:40:00+00:00,0.0,0.0
2026-04-03 18:45:00+00:00,0.0,0.0
2026-04-03 18:50:00+00:00,0.0,0.0
2026-04-03 18:55:00+00:00,0.0,0.0
2026-04-03 19:00:00+00:00,0.0,0.0
2026-04-03 19:05:00+00:00,0.0,0.0
2026-04-03 19:10:00+00:00,0.0,0.0
2026-04-03 19:15:00+00:00,0.0,0.0
2026-04-03 19:20:00+00:00,0.0,0.0
2026-04-03 19:25:00+00:00,0.0,0.0
2026-04-03 19:30:00+00:00,0.0,0.0
2026-04-03 19:35:00+00:00,0.0,0.0
2026-04-03 19:40:00+00:00,0.0,0.0
2026-04-03 19:45:00+00:00,0.0,0.0
2026-04-03 19:50:00+00:00,0.0,0.0
2026-04-03 19:55:00+00:00,0.0,0.0
2026-04-03 20:00:00+00:00,0.0,0.0
2026-04-03 20:05:00+00:00,0.0,0.0
2026-04-03 20:10:00+00:00,0.0,0.0
2026-04-03 20:15:00+00:00,0.0,0.0
2026-04-03 20:20:00+00:00,0.0,0.0
2026-04-03 20:25:00+00:00,0.0,0.0
2026-04-03 20:30:00+00:00,0.0,0.0
2026-04-03 20:35:00+00:00,0.0,0.0
2026-04-03 20:40:00+00:00,0.0,0.0
2026-04-03 20:45:00+00:00,0.0,0.0
2026-04-03 20:50:00+00:00,0.0,0.0
2026-04-03 20:55:00+00:00,0.0,0.0
2026-04-03 21:00:00+00:00,0.0,0.0
2026-04-03 21:05:00+00:00,0.0,0.0
2026-04-03 21:10:00+00:00,0.0,0.0
2026-04-03 21:15:00+00:00,0.0,0.0
2026-04-03 21:20:00+00:00,0.0,0.0
2026-04-03 21:25:00+00:00,0.0,0.0
2026-04-03 21:30:00+00:00,0.0,0.0
2026-04-03 21:35:00+00:00,0.0,0.0
2026-04-03 21:40:00+00:00,0.0,0.0
2026-04-03 21:45:00+00:00,0.0,0.0
2026-04-03 21:50:00+00:00,0.0,0.0
2026-04-03 21:55:00+00:00,0.0,0.0
2026-04-03 22:00:00+00:00,0.0,0.0
2026-04-03 22:05:00+00:00,0.0,0.0
2026-04-03 22:10:00+00:00,0.0,0.0
2026-04-03 22:15:00+00:00,0.0,0.0
2026-04-03 22:20:00+00:00,0.0,0.0
2026-04-03 22:25:00+00:00,0.0,0.0
2026-04-03 22:30:00+00:00,0.0,0.0
2026-04-03 22:35:00+00:00,0.0,0.0
2026-04-03 22:40:00+00:00,0.0,0.0
2026-04-03 22:45:00+00:00,0.0,0.0
2026-04-03 22:50:00+00:00,0.0,0.0
2026-04-03 22:55:00+00:00,0.0,0.0
2026-04-03 23:00:00+00:00,0.0,0.0
2026-04-03 23:05:00+00:00,0.0,0.0
2026-04-03 23:10:00+00:00,0.0,0.0
2026-04-03 23:15:00+00:00,0.0,0.0
2026-04-03 23:20:00+00:00,0.0,0.0
2026-04-03 23:25:00+00:00,0.0,0.0
2026-04-03 23:30:00+00:00,0.0,0.0
2026-04-03 23:35:00+00:00,0.0,0.0
2026-04-03 23:40:00+00:00,0.0,0.0
2026-04-03 23:45:00+00:00,0.0,0.0
2026-04-03 23:50:00+00:00,0.0,0.0
2026-04-03 23:55:00+00:00,0.0,0.0
2026-04-04 00:00:00+00:00,0.0,0.0
2026-04-04 00:05:00+00:00,0.0,0.0
2026-04-04 00:10:00+00:00,0.0,0.0
2026-04-04 00:15:00+00:00,0.0,0.0
2026-04-04 00:20:00+00:00,0.0,0.0
2026-04-04 00:25:00+00:00,0.0,0.0
2026-04-04 00:30:00+00:00,0.0,0.0
2026-04-04 00:35:00+00:00,0.0,0.0
2026-04-04 00:40:00+00:00,0.0,0.0
2026-04-04 00:45:00+00:00,0.0,0.0
2026-04-04 00:50:00+00:00,0.0,0.0
2026-04-04 00:55:00+00:00,0.0,0.0
2026-04-04 01:00:00+00:00,0.0,0.0
2026-04-04 01:05:00+00:00,0.0,0.0
2026-04-04 01:10:00+00:00,0.0,0.0
2026-04-04 01:15:00+00:00,0.0,0.0
2026-04-04 01:20:00+00:00,0.0,0.0
2026-04-04 01:25:00+00:00,0.0,0.0
2026-04-04 01:30:00+00:00,0.0,0.0
2026-04-04 01:35:00+00:00,0.0,0.0
2026-04-04 01:40:00+00:00,0.0,0.0
2026-04-04 01:45:00+00:00,0.0,0.0
2026-04-04 01:50:00+00:00,0.0,0.0
2026-04-04 01:55:00+00:00,0.0,0.0
2026-04-04 02:00:00+00:00,0.0,0.0
2026-04-04 02:05:00+00:00,0.0,0.0
2026-04-04 02:10:00+00:00,0.0,0.0
2026-04-04 02:15:00+00:00,0.0,0.0
2026-04-04 02:20:00+00:00,0.0,0.0
2026-04-04 02:25:00+00:00,0.0,0.0
2026-04-04 02:30:00+00:00,0.0,0.0
2026-04-04 02:35:00+00:00,0.0,0.0
2026-04-04 02:40:00+00:00,0.0,0.0
2026-04-04 02:45:00+00:00,0.0,0.0
2026-04-04 02:50:00+00:00,0.0,0.0
2026-04-04 02:55:00+00:00,0.0,0.0
2026-04-04 03:00:00+00:00,0.0,0.0
2026-04-04 03:05:00+00:00,0.0,0.0
2026-04-04 03:10:00+00:00,0.0,0.0
2026-04-04 03:15:00+00:00,0.0,0.0
2026-04-04 03:20:00+00:00,0.0,0.0
2026-04-04 03:25:00+00:00,0.0,0.0
2026-04-04 03:30:00+00:00,0.0,0.0
2026-04-04 03:35:00+00:00,0.0,0.0
2026-04-04 03:40:00+00:00,0.0,0.0
2026-04-04 03:45:00+00:00,0.0,0.0
2026-04-04 03:50:00+00:00,0.0,0.0
2026-04-04 03:55:00+00:00,0.0,0.0
2026-04-04 04:00:00+00:00,0.0,0.0
2026-04-04 04:05:00+00:00,0.0,0.0
2026-04-04 04:10:00+00:00,0.0,0.0
2026-04-04 04:15:00+00:00,0.0,0.0
2026-04-04 04:20:00+00:00,0.0,0.0
2026-04-04 04:25:00+00:00,0.0,0.0
2026-04-04 04:30:00+00:00,0.0,0.0
2026-04-04 04:35:00+00:00,0.0,0.0
2026-04-04 04:40:00+00:00,0.0,0.0
2026-04-04 04:45:00+00:00,0.0,0.0
2026-04-04 04:50:00+00:00,0.0,0.0
2026-04-04 04:55:00+00:00,0.0,0.0
2026-04-04 05:00:00+00:00,0.0,0.0
2026-04-04 05:05:00+00:00,0.0,0.0
2026-04-04 05:10:00+00:00,0.0,0.0
2026-04-04 05:15:00+00:00,0.0,0.0
2026-04-04 05:20:00+00:00,0.0,0.0
2026-04-04 05:25:00+00:00,0.0,0.0
2026-04-04 05:30:00+00:00,0.0,0.0
2026-04-04 05:35:00+00:00,0.0,0.0
2026-04-04 05:40:00+00:00,0.0,0.0
2026-04-04 05:45:00+00:00,0.0,0.0
2026-04-04 05:50:00+00:00,0.0,0.0
2026-04-04 05:55:00+00:00,0.0,0.0
2026-04-04 06:00:00+00:00,0.0,0.0
2026-04-04 06:05:00+00:00,0.0,0.0
2026-04-04 06:10:00+00:00,0.0,0.0
2026-04-04 06:15:00+00:00,0.0,0.0
2026-04-04 06:20:00+00:00,0.0,0.0
2026-04-04 06:25:00+00:00,0.0,0.0
2026-04-04 06:30:00+00:00,0.0,0.0
2026-04-04 06:35:00+00:00,0.0,0.0
2026-04-04 06:40:00+00:00,0.0,0.0
2026-04-04 06:45:00+00:00,0.0,0.0
2026-04-04 06:50:00+00:00,0.0,0.0
2026-04-04 06:55:00+00:00,0.0,0.0
2026-04-04 07:00:00+00:00,0.0,0.0
2026-04-04 07:05:00+00:00,0.0,0.0
2026-04-04 07:10:00+00:00,0.0,0.0
2026-04-04 07:15:00+00:00,0.0,0.0
2026-04-04 07:20:00+00:00,0.0,0.0
2026-04-04 07:25:00+00:00,0.0,0.0
2026-04-04 07:30:00+00:00,0.0,0.0
2026-04-04 07:35:00+00:00,0.0,0.0
2026-04-04 07:40:00+00:00,0.0,0.0
2026-04-04 07:45:00+00:00,0.0,0.0
2026-04-04 07:50:00+00:00,0.0,0.0
2026-04-04 07:55:00+00:00,0.0,0.0
2026-04-04 08:00:00+00:00,0.0,0.0
2026-04-04 08:05:00+00:00,0.0,0.0
2026-04-04 08:10:00+00:00,0.0,0.0
2026-04-04 08:15:00+00:00,0.0,0.0
2026-04-04 08:20:00+00:00,0.0,0.0
2026-04-04 08:25:00+00:00,0.0,0.0
2026-04-04 08:30:00+00:00,0.0,0.0
2026-04-04 08:35:00+00:00,0.0,0.0
2026-04-04 08:40:00+00:00,0.0,0.0
2026-04-04 08:45:00+00:00,0.0,0.0
2026-04-04 08:50:00+00:00,0.0,0.0
2026-04-04 08:55:00+00:00,0.0,0.0
2026-04-04 09:00:00+00:00,0.0,0.0
2026-04-04 09:05:00+00:00,0.0,0.0
2026-04-04 09:10:00+00:00,0.0,0.0
2026-04-04 09:15:00+00:00,0.0,0.0
2026-04-04 09:20:00+00:00,0.0,0.0
2026-04-04 09:25:00+00:00,0.0,0.0
2026-04-04 09:30:00+00:00,0.0,0.0
2026-04-04 09:35:00+00:00,0.0,0.0
2026-04-04 09:40:00+00:00,0.0,0.0
2026-04-04 09:45:00+00:00,0.0,0.0
2026-04-04 09:50:00+00:00,0.0,0.0
2026-04-04 09:55:00+00:00,0.0,0.0
2026-04-04 10:00:00+00:00,0.0,0.0
2026-04-04 10:05:00+00:00,0.0,0.0
2026-04-04 10:10:00+00:00,0.0,0.0
2026-04-04 10:15:00+00:00,0.0,0.0
2026-04-04 10:20:00+00:00,0.0,0.0
2026-04-04 10:25:00+00:00,0.0,0.0
2026-04-04 10:30:00+00:00,0.0,0.0
2026-04-04 10:35:00+00:00,0.0,0.0
2026-04-04 10:40:00+00:00,0.0,0.0
2026-04-04 10:45:00+00:00,0.0,0.0
2026-04-04 10:50:00+00:00,0.0,0.0
2026-04-04 10:55:00+00:00,0.0,0.0
2026-04-04 11:00:00+00:00,0.0,0.0
2026-04-04 11:05:00+00:00,0.0,0.0
2026-04-04 11:10:00+00:00,0.0,0.0
2026-04-04 11:15:00+00:00,0.0,0.0
2026-04-04 11:20:00+00:00,0.0,0.0
2026-04-04 11:25:00+00:00,0.0,0.0
2026-04-04 11:30:00+00:00,0.0,0.0
2026-04-04 11:35:00+00:00,0.0,0.0
2026-04-04 11:40:00+00:00,0.0,0.0
2026-04-04 11:45:00+00:00,0.0,0.0
2026-04-04 11:50:00+00:00,0.0,0.0
2026-04-04 11:55:00+00:00,0.0,0.0
2026-04-04 12:00:00+00:00,0.0,0.0
2026-04-04 12:05:00+00:00,0.0,0.0
2026-04-04 12:10:00+00:00,0.0,0.0
2026-04-04 12:15:00+00:00,0.0,0.0
2026-04-04 12:20:00+00:00,0.0,0.0
2026-04-04 12:25:00+00:00,0.0,0.0
2026-04-04 12:30:00+00:00,0.0,0.0
2026-04-04 12:35:00+00:00,0.0,0.0
2026-04-04 12:40:00+00:00,0.0,0.0
2026-04-04 12:45:00+00:00,0.0,0.0
2026-04-04 12:50:00+00:00,0.0,0.0
2026-04-04 12:55:00+00:00,0.0,0.0
2026-04-04 13:00:00+00:00,0.0,0.0
2026-04-04 13:05:00+00:00,0.0,0.0
2026-04-04 13:10:00+00:00,0.0,0.0
2026-04-04 13:15:00+00:00,0.0,0.0
2026-04-04 13:20:00+00:00,0.0,0.0
2026-04-04 13:25:00+00:00,0.0,0.0
2026-04-04 13:30:00+00:00,0.0,0.0
2026-04-04 13:35:00+00:00,0.0,0.0
2026-04-04 13:40:00+00:00,0.0,0.0
2026-04-04 13:45:00+00:00,0.0,0.0
2026-04-04 13:50:00+00:00,0.0,0.0
2026-04-04 13:55:00+00:00,0.0,0.0
2026-04-04 14:00:00+00:00,0.0,0.0
2026-04-04 14:05:00+00:00,0.0,0.0
2026-04-04 14:10:00+00:00,0.0,0.0
2026-04-04 14:15:00+00:00,0.0,0.0
2026-04-04 14:20:00+00:00,0.0,0.0
2026-04-04 14:25:00+00:00,0.0,0.0
2026-04-04 14:30:00+00:00,0.0,0.0
2026-04-04 14:35:00+00:00,0.0,0.0
2026-04-04 14:40:00+00:00,0.0,0.0
2026-04-04 14:45:00+00:00,0.0,0.0
2026-04-04 14:50:00+00:00,0.0,0.0
2026-04-04 14:55:00+00:00,0.0,0.0
2026-04-04 15:00:00+00:00,0.0,0.0
2026-04-04 15:05:00+00:00,0.0,0.0
2026-04-04 15:10:00+00:00,0.0,0.0
2026-04-04 15:15:00+00:00,0.0,0.0
2026-04-04 15:20:00+00:00,0.0,0.0
2026-04-04 15:25:00+00:00,0.0,0.0
2026-04-04 15:30:00+00:00,0.0,0.0
2026-04-04 15:35:00+00:00,0.0,0.0
2026-04-04 15:40:00+00:00,0.0,0.0
2026-04-04 15:45:00+00:00,0.0,0.0
2026-04-04 15:50:00+00:00,0.0,0.0
2026-04-04 15:55:00+00:00,0.0,0.0
2026-04-04 16:00:00+00:00,0.0,0.0
2026-04-04 16:05:00+00:00,0.0,0.0
2026-04-04 16:10:00+00:00,0.0,0.0
2026-04-04 16:15:00+00:00,0.0,0.0
2026-04-04 16:20:00+00:00,0.0,0.0
2026-04-04 16:25:00+00:00,0.0,0.0
2026-04-04 16:30:00+00:00,0.0,0.0
2026-04-04 16:35:00+00:00,0.0,0.0
2026-04-04 16:40:00+00:00,0.0,0.0
2026-04-04 16:45:00+00:00,0.0,0.0
2026-04-04 16:50:00+00:00,0.0,0.0
2026-04-04 16:55:00+00:00,0.0,0.0
2026-04-04 17:00:00+00:00,0.0,0.0
2026-04-04 17:05:00+00:00,0.0,0.0
2026-04-04 17:10:00+00:00,0.0,0.0
2026-04-04 17:15:00+00:00,0.0,0.0
2026-04-04 17:20:00+00:00,0.0,0.0
2026-04-04 17:25:00+00:00,0.0,0.0
2026-04-04 17:30:00+00:00,0.0,0.0
2026-04-04 17:35:00+00:00,0.0,0.0
2026-04-04 17:40:00+00:00,0.0,0.0
2026-04-04 17:45:00+00:00,0.0,0.0
2026-04-04 17:50:00+00:00,0.0,0.0
2026-04-04 17:55:00+00:00,0.0,0.0
2026-04-04 18:00:00+00:00,0.0,0.0
2026-04-04 18:05:00+00:00,0.0,0.0
2026-04-04 18:10:00+00:00,0.0,0.0
2026-04-04 18:15:00+00:00,0.0,0.0
2026-04-04 18:20:00+00:00,0.0,0.0
2026-04-04 18:25:00+00:00,0.0,0.0
2026-04-04 18:30:00+00:00,0.0,0.0
2026-04-04 18:35:00+00:00,0.0,0.0
2026-04-04 18:40:00+00:00,0.0,0.0
2026-04-04 18:45:00+00:00,0.0,0.0
2026-04-04 18:50:00+00:00,0.0,0.0
2026-04-04 18:55:00+00:00,0.0,0.0
2026-04-04 19:00:00+00:00,0.0,0.0
2026-04-04 19:05:00+00:00,0.0,0.0
2026-04-04 19:10:00+00:00,0.0,0.0
2026-04-04 19:15:00+00:00,0.0,0.0
2026-04-04 19:20:00+00:00,0.0,0.0
2026-04-04 19:25:00+00:00,0.0,0.0
2026-04-04 19:30:00+00:00,0.0,0.0
2026-04-04 19:35:00+00:00,0.0,0.0
2026-04-04 19:40:00+00:00,0.0,0.0
2026-04-04 19:45:00+00:00,0.0,0.0
2026-04-04 19:50:00+00:00,0.0,0.0
2026-04-04 19:55:00+00:00,0.0,0.0
2026-04-04 20:00:00+00:00,0.0,0.0
2026-04-04 20:05:00+00:00,0.0,0.0
2026-04-04 20:10:00+00:00,0.0,0.0
2026-04-04 20:15:00+00:00,0.0,0.0
2026-04-04 20:20:00+00:00,0.0,0.0
2026-04-04 20:25:00+00:00,0.0,0.0
2026-04-04 20:30:00+00:00,0.0,0.0
2026-04-04 20:35:00+00:00,0.0,0.0
2026-04-04 20:40:00+00:00,0.0,0.0
2026-04-04 20:45:00+00:00,0.0,0.0
2026-04-04 20:50:00+00:00,0.0,0.0
2026-04-04 20:55:00+00:00,0.0,0.0
2026-04-04 21:00:00+00:00,0.0,0.0
2026-04-04 21:05:00+00:00,0.0,0.0
2026-04-04 21:10:00+00:00,0.0,0.0
2026-04-04 21:15:00+00:00,0.0,0.0
2026-04-04 21:20:00+00:00,0.0,0.0
2026-04-04 21:25:00+00:00,0.0,0.0
2026-04-04 21:30:00+00:00,0.0,0.0
2026-04-04 21:35:00+00:00,0.0,0.0
2026-04-04 21:40:00+00:00,0.0,0.0
2026-04-04 21:45:00+00:00,0.0,0.0
2026-04-04 21:50:00+00:00,0.0,0.0
2026-04-04 21:55:00+00:00,0.0,0.0
2026-04-04 22:00:00+00:00,0.0,0.0
2026-04-04 22:05:00+00:00,0.0,0.0
2026-04-04 22:10:00+00:00,0.0,0.0
2026-04-04 22:15:00+00:00,0.0,0.0
2026-04-04 22:20:00+00:00,0.0,0.0
2026-04-04 22:25:00+00:00,0.0,0.0
2026-04-04 22:30:00+00:00,0.0,0.0
2026-04-04 22:35:00+00:00,0.0,0.0
2026-04-04 22:40:00+00:00,0.0,0.0
2026-04-04 22:45:00+00:00,0.0,0.0
2026-04-04 22:50:00+00:00,0.0,0.0
2026-04-04 22:55:00+00:00,0.0,0.0
2026-04-04 23:00:00+00:00,0.0,0.0
2026-04-04 23:05:00+00:00,0.0,0.0
2026-04-04 23:10:00+00:00,0.0,0.0
2026-04-04 23:15:00+00:00,0.0,0.0
2026-04-04 23:20:00+00:00,0.0,0.0
2026-04-04 23:25:00+00:00,0.0,0.0
2026-04-04 23:30:00+00:00,0.0,0.0
2026-04-04 23:35:00+00:00,0.0,0.0
2026-04-04 23:40:00+00:00,0.0,0.0
2026-04-04 23:45:00+00:00,0.0,0.0
2026-04-04 23:50:00+00:00,0.0,0.0
2026-04-04 23:55:00+00:00,0.0,0.0
2026-04-05 00:00:00+00:00,0.0,0.0
2026-04-05 00:05:00+00:00,0.0,0.0
2026-04-05 00:10:00+00:00,0.0,0.0
2026-04-05 00:15:00+00:00,0.0,0.0
2026-04-05 00:20:00+00:00,0.0,0.0
2026-04-05 00:25:00+00:00,0.0,0.0
2026-04-05 00:30:00+00:00,0.0,0.0
2026-04-05 00:35:00+00:00,0.0,0.0
2026-04-05 00:40:00+00:00,0.0,0.0
2026-04-05 00:45:00+00:00,0.0,0.0
2026-04-05 00:50:00+00:00,0.0,0.0
2026-04-05 00:55:00+00:00,0.0,0.0
2026-04-05 01:00:00+00:00,0.0,0.0
2026-04-05 01:05:00+00:00,0.0,0.0
2026-04-05 01:10:00+00:00,0.0,0.0
2026-04-05 01:15:00+00:00,0.0,0.0
2026-04-05 01:20:00+00:00,0.0,0.0
2026-04-05 01:25:00+00:00,0.0,0.0
2026-04-05 01:30:00+00:00,0.0,0.0
2026-04-05 01:35:00+00:00,0.0,0.0
2026-04-05 01:40:00+00:00,0.0,0.0
2026-04-05 01:45:00+00:00,0.0,0.0
2026-04-05 01:50:00+00:00,0.0,0.0
2026-04-05 01:55:00+00:00,0.0,0.0
2026-04-05 02:00:00+00:00,0.0,0.0
2026-04-05 02:05:00+00:00,0.0,0.0
2026-04-05 02:10:00+00:00,0.0,0.0
2026-04-05 02:15:00+00:00,0.0,0.0
2026-04-05 02:20:00+00:00,0.0,0.0
2026-04-05 02:25:00+00:00,0.0,0.0
2026-04-05 02:30:00+00:00,0.0,0.0
2026-04-05 02:35:00+00:00,0.0,0.0
2026-04-05 02:40:00+00:00,0.0,0.0
2026-04-05 02:45:00+00:00,0.0,0.0
2026-04-05 02:50:00+00:00,0.0,0.0
2026-04-05 02:55:00+00:00,0.0,0.0
2026-04-05 03:00:00+00:00,0.0,0.0
2026-04-05 03:05:00+00:00,0.0,0.0
2026-04-05 03:10:00+00:00,0.0,0.0
2026-04-05 03:15:00+00:00,0.0,0.0
2026-04-05 03:20:00+00:00,0.0,0.0
2026-04-05 03:25:00+00:00,0.0,0.0
2026-04-05 03:30:00+00:00,0.0,0.0
2026-04-05 03:35:00+00:00,0.0,0.0
2026-04-05 03:40:00+00:00,0.0,0.0
2026-04-05 03:45:00+00:00,0.0,0.0
2026-04-05 03:50:00+00:00,0.0,0.0
2026-04-05 03:55:00+00:00,0.0,0.0
2026-04-05 04:00:00+00:00,0.0,0.0
2026-04-05 04:05:00+00:00,0.0,0.0
2026-04-05 04:10:00+00:00,0.0,0.0
2026-04-05 04:15:00+00:00,0.0,0.0
2026-04-05 04:20:00+00:00,0.0,0.0
2026-04-05 04:25:00+00:00,0.0,0.0
2026-04-05 04:30:00+00:00,0.0,0.0
2026-04-05 04:35:00+00:00,0.0,0.0
2026-04-05 04:40:00+00:00,0.0,0.0
2026-04-05 04:45:00+00:00,0.0,0.0
2026-04-05 04:50:00+00:00,0.0,0.0
2026-04-05 04:55:00+00:00,0.0,0.0
2026-04-05 05:00:00+00:00,0.0,0.0
2026-04-05 05:05:00+00:00,0.0,0.0
2026-04-05 05:10:00+00:00,0.0,0.0
2026-04-05 05:15:00+00:00,0.0,0.0
2026-04-05 05:20:00+00:00,0.0,0.0
2026-04-05 05:25:00+00:00,0.0,0.0
2026-04-05 05:30:00+00:00,0.0,0.0
2026-04-05 05:35:00+00:00,0.0,0.0
2026-04-05 05:40:00+00:00,0.0,0.0
2026-04-05 05:45:00+00:00,0.0,0.0
2026-04-05 05:50:00+00:00,0.0,0.0
2026-04-05 05:55:00+00:00,0.0,0.0
2026-04-05 06:00:00+00:00,0.0,0.0
2026-04-05 06:05:00+00:00,0.0,0.0
2026-04-05 06:10:00+00:00,0.0,0.0
2026-04-05 06:15:00+00:00,0.0,0.0
2026-04-05 06:20:00+00:00,0.0,0.0
2026-04-05 06:25:00+00:00,0.0,0.0
2026-04-05 06:30:00+00:00,0.0,0.0
2026-04-05 06:35:00+00:00,0.0,0.0
2026-04-05 06:40:00+00:00,0.0,0.0
2026-04-05 06:45:00+00:00,0.0,0.0
2026-04-05 06:50:00+00:00,0.0,0.0
2026-04-05 06:55:00+00:00,0.0,0.0
2026-04-05 07:00:00+00:00,0.0,0.0
2026-04-05 07:05:00+00:00,0.0,0.0
2026-04-05 07:10:00+00:00,0.0,0.0
2026-04-05 07:15:00+00:00,0.0,0.0
2026-04-05 07:20:00+00:00,0.0,0.0
2026-04-05 07:25:00+00:00,0.0,0.0
2026-04-05 07:30:00+00:00,0.0,0.0
2026-04-05 07:35:00+00:00,0.0,0.0
2026-04-05 07:40:00+00:00,0.0,0.0
2026-04-05 07:45:00+00:00,0.0,0.0
2026-04-05 07:50:00+00:00,0.0,0.0
2026-04-05 07:55:00+00:00,0.0,0.0
2026-04-05 08:00:00+00:00,0.0,0.0
2026-04-05 08:05:00+00:00,0.0,0.0
2026-04-05 08:10:00+00:00,0.0,0.0
2026-04-05 08:15:00+00:00,0.0,0.0
2026-04-05 08:20:00+00:00,0.0,0.0
2026-04-05 08:25:00+00:00,0.0,0.0
2026-04-05 08:30:00+00:00,0.0,0.0
2026-04-05 08:35:00+00:00,0.0,0.0
2026-04-05 08:40:00+00:00,0.0,0.0
2026-04-05 08:45:00+00:00,0.0,0.0
2026-04-05 08:50:00+00:00,0.0,0.0
2026-04-05 08:55:00+00:00,0.0,0.0
2026-04-05 09:00:00+00:00,0.0,0.0
2026-04-05 09:05:00+00:00,0.0,0.0
2026-04-05 09:10:00+00:00,0.0,0.0
2026-04-05 09:15:00+00:00,0.0,0.0
2026-04-05 09:20:00+00:00,0.0,0.0
2026-04-05 09:25:00+00:00,0.0,0.0
2026-04-05 09:30:00+00:00,0.0,0.0
2026-04-05 09:35:00+00:00,0.0,0.0
2026-04-05 09:40:00+00:00,0.0,0.0
2026-04-05 09:45:00+00:00,0.0,0.0
2026-04-05 09:50:00+00:00,0.0,0.0
2026-04-05 09:55:00+00:00,0.0,0.0
2026-04-05 10:00:00+00:00,0.0,0.0
2026-04-05 10:05:00+00:00,0.0,0.0
2026-04-05 10:10:00+00:00,0.0,0.0
2026-04-05 10:15:00+00:00,0.0,0.0
2026-04-05 10:20:00+00:00,0.0,0.0
2026-04-05 10:25:00+00:00,0.0,0.0
2026-04-05 10:30:00+00:00,0.0,0.0
2026-04-05 10:35:00+00:00,0.0,0.0
2026-04-05 10:40:00+00:00,0.0,0.0
2026-04-05 10:45:00+00:00,0.0,0.0
2026-04-05 10:50:00+00:00,0.0,0.0
2026-04-05 10:55:00+00:00,0.0,0.0
2026-04-05 11:00:00+00:00,0.0,0.0
2026-04-05 11:05:00+00:00,0.0,0.0
2026-04-05 11:10:00+00:00,0.0,0.0
2026-04-05 11:15:00+00:00,0.0,0.0
2026-04-05 11:20:00+00:00,0.0,0.0
2026-04-05 11:25:00+00:00,0.0,0.0
2026-04-05 11:30:00+00:00,0.0,0.0
2026-04-05 11:35:00+00:00,0.0,0.0
2026-04-05 11:40:00+00:00,0.0,0.0
2026-04-05 11:45:00+00:00,0.0,0.0
2026-04-05 11:50:00+00:00,0.0,0.0
2026-04-05 11:55:00+00:00,0.0,0.0
2026-04-05 12:00:00+00:00,0.0,0.0
2026-04-05 12:05:00+00:00,0.0,0.0
2026-04-05 12:10:00+00:00,0.0,0.0
2026-04-05 12:15:00+00:00,0.0,0.0
2026-04-05 12:20:00+00:00,0.0,0.0
2026-04-05 12:25:00+00:00,0.0,0.0
2026-04-05 12:30:00+00:00,0.0,0.0
2026-04-05 12:35:00+00:00,0.0,0.0
2026-04-05 12:40:00+00:00,0.0,0.0
2026-04-05 12:45:00+00:00,0.0,0.0
2026-04-05 12:50:00+00:00,0.0,0.0
2026-04-05 12:55:00+00:00,0.0,0.0
2026-04-05 13:00:00+00:00,0.0,0.0
2026-04-05 13:05:00+00:00,0.0,0.0
2026-04-05 13:10:00+00:00,0.0,0.0
2026-04-05 13:15:00+00:00,0.0,0.0
2026-04-05 13:20:00+00:00,0.0,0.0
2026-04-05 13:25:00+00:00,0.0,0.0
2026-04-05 13:30:00+00:00,0.0,0.0
2026-04-05 13:35:00+00:00,0.0,0.0
2026-04-05 13:40:00+00:00,0.0,0.0
2026-04-05 13:45:00+00:00,0.0,0.0
2026-04-05 13:50:00+00:00,0.0,0.0
2026-04-05 13:55:00+00:00,0.0,0.0
2026-04-05 14:00:00+00:00,0.0,0.0
2026-04-05 14:05:00+00:00,0.0,0.0
2026-04-05 14:10:00+00:00,0.0,0.0
2026-04-05 14:15:00+00:00,0.0,0.0
2026-04-05 14:20:00+00:00,0.0,0.0
2026-04-05 14:25:00+00:00,0.0,0.0
2026-04-05 14:30:00+00:00,0.0,0.0
2026-04-05 14:35:00+00:00,0.0,0.0
2026-04-05 14:40:00+00:00,0.0,0.0
2026-04-05 14:45:00+00:00,0.0,0.0
2026-04-05 14:50:00+00:00,0.0,0.0
2026-04-05 14:55:00+00:00,0.0,0.0
2026-04-05 15:00:00+00:00,0.0,0.0
2026-04-05 15:05:00+00:00,0.0,0.0
2026-04-05 15:10:00+00:00,0.0,0.0
2026-04-05 15:15:00+00:00,0.0,0.0
2026-04-05 15:20:00+00:00,0.0,0.0
2026-04-05 15:25:00+00:00,0.0,0.0
2026-04-05 15:30:00+00:00,0.0,0.0
2026-04-05 15:35:00+00:00,0.0,0.0
2026-04-05 15:40:00+00:00,0.0,0.0
2026-04-05 15:45:00+00:00,0.0,0.0
2026-04-05 15:50:00+00:00,0.0,0.0
2026-04-05 15:55:00+00:00,0.0,0.0
2026-04-05 16:00:00+00:00,0.0,0.0
2026-04-05 16:05:00+00:00,0.0,0.0
2026-04-05 16:10:00+00:00,0.0,0.0
2026-04-05 16:15:00+00:00,0.0,0.0
2026-04-05 16:20:00+00:00,0.0,0.0
2026-04-05 16:25:00+00:00,0.0,0.0
2026-04-05 16:30:00+00:00,0.0,0.0
2026-04-05 16:35:00+00:00,0.0,0.0
2026-04-05 16:40:00+00:00,0.0,0.0
2026-04-05 16:45:00+00:00,0.0,0.0
2026-04-05 16:50:00+00:00,0.0,0.0
2026-04-05 16:55:00+00:00,0.0,0.0
2026-04-05 17:00:00+00:00,0.0,0.0
2026-04-05 17:05:00+00:00,0.0,0.0
2026-04-05 17:10:00+00:00,0.0,0.0
2026-04-05 17:15:00+00:00,0.0,0.0
2026-04-05 17:20:00+00:00,0.0,0.0
2026-04-05 17:25:00+00:00,0.0,0.0
2026-04-05 17:30:00+00:00,0.0,0.0
2026-04-05 17:35:00+00:00,0.0,0.0
2026-04-05 17:40:00+00:00,0.0,0.0
2026-04-05 17:45:00+00:00,0.0,0.0
2026-04-05 17:50:00+00:00,0.0,0.0
2026-04-05 17:55:00+00:00,0.0,0.0
2026-04-05 18:00:00+00:00,0.0,0.0
2026-04-05 18:05:00+00:00,0.0,0.0
2026-04-05 18:10:00+00:00,0.0,0.0
2026-04-05 18:15:00+00:00,0.0,0.0
2026-04-05 18:20:00+00:00,0.0,0.0
2026-04-05 18:25:00+00:00,0.0,0.0
2026-04-05 18:30:00+00:00,0.0,0.0
2026-04-05 18:35:00+00:00,0.0,0.0
2026-04-05 18:40:00+00:00,0.0,0.0
2026-04-05 18:45:00+00:00,0.0,0.0
2026-04-05 18:50:00+00:00,0.0,0.0
2026-04-05 18:55:00+00:00,0.0,0.0
2026-04-05 19:00:00+00:00,0.0,0.0
2026-04-05 19:05:00+00:00,0.0,0.0
2026-04-05 19:10:00+00:00,0.0,0.0
2026-04-05 19:15:00+00:00,0.0,0.0
2026-04-05 19:20:00+00:00,0.0,0.0
2026-04-05 19:25:00+00:00,0.0,0.0
2026-04-05 19:30:00+00:00,0.0,0.0
2026-04-05 19:35:00+00:00,0.0,0.0
2026-04-05 19:40:00+00:00,0.0,0.0
2026-04-05 19:45:00+00:00,0.0,0.0
2026-04-05 19:50:00+00:00,0.0,0.0
2026-04-05 19:55:00+00:00,0.0,0.0
2026-04-05 20:00:00+00:00,0.0,0.0
2026-04-05 20:05:00+00:00,0.0,0.0
2026-04-05 20:10:00+00:00,0.0,0.0
2026-04-05 20:15:00+00:00,0.0,0.0
2026-04-05 20:20:00+00:00,0.0,0.0
2026-04-05 20:25:00+00:00,0.0,0.0
2026-04-05 20:30:00+00:00,0.0,0.0
2026-04-05 20:35:00+00:00,0.0,0.0
2026-04-05 20:40:00+00:00,0.0,0.0
2026-04-05 20:45:00+00:00,0.0,0.0
2026-04-05 20:50:00+00:00,0.0,0.0
2026-04-05 20:55:00+00:00,0.0,0.0
2026-04-05 21:00:00+00:00,0.0,0.0
2026-04-05 21:05:00+00:00,0.0,0.0
2026-04-05 21:10:00+00:00,0.0,0.0
2026-04-05 21:15:00+00:00,0.0,0.0
2026-04-05 21:20:00+00:00,0.0,0.0
2026-04-05 21:25:00+00:00,0.0,0.0
2026-04-05 21:30:00+00:00,0.0,0.0
2026-04-05 21:35:00+00:00,0.0,0.0
2026-04-05 21:40:00+00:00,0.0,0.0
2026-04-05 21:45:00+00:00,0.0,0.0
2026-04-05 21:50:00+00:00,0.0,0.0
2026-04-05 21:55:00+00:00,0.0,0.0
2026-04-05 22:00:00+00:00,0.0,0.0
2026-04-05 22:05:00+00:00,0.0,0.0
2026-04-05 22:10:00+00:00,0.0,0.0
2026-04-05 22:15:00+00:00,0.0,0.0
2026-04-05 22:20:00+00:00,0.0,0.0
2026-04-05 22:25:00+00:00,0.0,0.0
2026-04-05 22:30:00+00:00,0.0,0.0
2026-04-05 22:35:00+00:00,0.0,0.0
2026-04-05 22:40:00+00:00,0.0,0.0
2026-04-05 22:45:00+00:00,0.0,0.0
2026-04-05 22:50:00+00:00,0.0,0.0
2026-04-05 22:55:00+00:00,0.0,0.0
2026-04-05 23:00:00+00:00,0.0,0.0
2026-04-05 23:05:00+00:00,0.0,0.0
2026-04-05 23:10:00+00:00,0.0,0.0
2026-04-05 23:15:00+00:00,0.0,0.0
2026-04-05 23:20:00+00:00,0.0,0.0
2026-04-05 23:25:00+00:00,0.0,0.0
2026-04-05 23:30:00+00:00,0.0,0.0
2026-04-05 23:35:00+00:00,0.0,0.0
2026-04-05 23:40:00+00:00,0.0,0.0
2026-04-05 23:45:00+00:00,0.0,0.0
2026-04-05 23:50:00+00:00,0.0,0.0
2026-04-05 23:55:00+00:00,0.0,0.0
2026-04-06 00:00:00+00:00,0.0,0.0
2026-04-06 00:05:00+00:00,0.0,0.0
2026-04-06 00:10:00+00:00,0.0,0.0
2026-04-06 00:15:00+00:00,0.0,0.0
2026-04-06 00:20:00+00:00,0.0,0.0
2026-04-06 00:25:00+00:00,0.0,0.0
2026-04-06 00:30:00+00:00,0.0,0.0
2026-04-06 00:35:00+00:00,0.0,0.0
2026-04-06 00:40:00+00:00,0.0,0.0
2026-04-06 00:45:00+00:00,0.0,0.0
2026-04-06 00:50:00+00:00,0.0,0.0
2026-04-06 00:55:00+00:00,0.0,0.0
2026-04-06 01:00:00+00:00,0.0,0.0
2026-04-06 01:05:00+00:00,0.0,0.0
2026-04-06 01:10:00+00:00,0.0,0.0
2026-04-06 01:15:00+00:00,0.0,0.0
2026-04-06 01:20:00+00:00,0.0,0.0
2026-04-06 01:25:00+00:00,0.0,0.0
2026-04-06 01:30:00+00:00,0.0,0.0
2026-04-06 01:35:00+00:00,0.0,0.0
2026-04-06 01:40:00+00:00,0.0,0.0
2026-04-06 01:45:00+00:00,0.0,0.0
2026-04-06 01:50:00+00:00,0.0,0.0
2026-04-06 01:55:00+00:00,0.0,0.0
2026-04-06 02:00:00+00:00,0.0,0.0
2026-04-06 02:05:00+00:00,0.0,0.0
2026-04-06 02:10:00+00:00,0.0,0.0
2026-04-06 02:15:00+00:00,0.0,0.0
2026-04-06 02:20:00+00:00,0.0,0.0
2026-04-06 02:25:00+00:00,0.0,0.0
2026-04-06 02:30:00+00:00,0.0,0.0
2026-04-06 02:35:00+00:00,0.0,0.0
2026-04-06 02:40:00+00:00,0.0,0.0
2026-04-06 02:45:00+00:00,0.0,0.0
2026-04-06 02:50:00+00:00,0.0,0.0
2026-04-06 02:55:00+00:00,0.0,0.0
2026-04-06 03:00:00+00:00,0.0,0.0
2026-04-06 03:05:00+00:00,0.0,0.0
2026-04-06 03:10:00+00:00,0.0,0.0
2026-04-06 03:15:00+00:00,0.0,0.0
2026-04-06 03:20:00+00:00,0.0,0.0
2026-04-06 03:25:00+00:00,0.0,0.0
2026-04-06 03:30:00+00:00,0.0,0.0
2026-04-06 03:35:00+00:00,0.0,0.0
2026-04-06 03:40:00+00:00,0.0,0.0
2026-04-06 03:45:00+00:00,0.0,0.0
2026-04-06 03:50:00+00:00,0.0,0.0
2026-04-06 03:55:00+00:00,0.0,0.0
2026-04-06 04:00:00+00:00,0.0,0.0
2026-04-06 04:05:00+00:00,0.0,0.0
2026-04-06 04:10:00+00:00,0.0,0.0
2026-04-06 04:15:00+00:00,0.0,0.0
2026-04-06 04:20:00+00:00,0.0,0.0
2026-04-06 04:25:00+00:00,0.0,0.0
2026-04-06 04:30:00+00:00,0.0,0.0
2026-04-06 04:35:00+00:00,0.0,0.0
2026-04-06 04:40:00+00:00,0.0,0.0
2026-04-06 04:45:00+00:00,0.0,0.0
2026-04-06 04:50:00+00:00,0.0,0.0
2026-04-06 04:55:00+00:00,0.0,0.0
2026-04-06 05:00:00+00:00,0.0,0.0
2026-04-06 05:05:00+00:00,0.0,0.0
2026-04-06 05:10:00+00:00,0.0,0.0
2026-04-06 05:15:00+00:00,0.0,0.0
2026-04-06 05:20:00+00:00,0.0,0.0
2026-04-06 05:25:00+00:00,0.0,0.0
2026-04-06 05:30:00+00:00,0.0,0.0
2026-04-06 05:35:00+00:00,0.0,0.0
2026-04-06 05:40:00+00:00,0.0,0.0
2026-04-06 05:45:00+00:00,0.0,0.0
2026-04-06 05:50:00+00:00,0.0,0.0
2026-04-06 05:55:00+00:00,0.0,0.0
2026-04-06 06:00:00+00:00,0.0,0.0
2026-04-06 06:05:00+00:00,0.0,0.0
2026-04-06 06:10:00+00:00,0.0,0.0
2026-04-06 06:15:00+00:00,0.0,0.0
2026-04-06 06:20:00+00:00,0.0,0.0
2026-04-06 06:25:00+00:00,0.0,0.0
2026-04-06 06:30:00+00:00,0.0,0.0
2026-04-06 06:35:00+00:00,0.0,0.0
2026-04-06 06:40:00+00:00,0.0,0.0
2026-04-06 06:45:00+00:00,0.0,0.0
2026-04-06 06:50:00+00:00,0.0,0.0
2026-04-06 06:55:00+00:00,0.0,0.0
2026-04-06 07:00:00+00:00,0.0,0.0
2026-04-06 07:05:00+00:00,0.0,0.0
2026-04-06 07:10:00+00:00,0.0,0.0
2026-04-06 07:15:00+00:00,0.0,0.0
2026-04-06 07:20:00+00:00,0.0,0.0
2026-04-06 07:25:00+00:00,0.0,0.0
2026-04-06 07:30:00+00:00,0.0,0.0
2026-04-06 07:35:00+00:00,0.0,0.0
2026-04-06 07:40:00+00:00,0.0,0.0
2026-04-06 07:45:00+00:00,0.0,0.0
2026-04-06 07:50:00+00:00,0.0,0.0
2026-04-06 07:55:00+00:00,0.0,0.0
2026-04-06 08:00:00+00:00,0.0,0.0
2026-04-06 08:05:00+00:00,0.0,0.0
2026-04-06 08:10:00+00:00,0.0,0.0
2026-04-06 08:15:00+00:00,0.0,0.0
2026-04-06 08:20:00+00:00,0.0,0.0
2026-04-06 08:25:00+00:00,0.0,0.0
2026-04-06 08:30:00+00:00,0.0,0.0
2026-04-06 08:35:00+00:00,0.0,0.0
2026-04-06 08:40:00+00:00,0.0,0.0
2026-04-06 08:45:00+00:00,0.0,0.0
2026-04-06 08:50:00+00:00,0.0,0.0
2026-04-06 08:55:00+00:00,0.0,0.0
2026-04-06 09:00:00+00:00,0.0,0.0
2026-04-06 09:05:00+00:00,0.0,0.0
2026-04-06 09:10:00+00:00,0.0,0.0
2026-04-06 09:15:00+00:00,0.0,0.0
2026-04-06 09:20:00+00:00,0.0,0.0
2026-04-06 09:25:00+00:00,0.0,0.0
2026-04-06 09:30:00+00:00,0.0,0.0
2026-04-06 09:35:00+00:00,0.0,0.0
2026-04-06 09:40:00+00:00,0.0,0.0
2026-04-06 09:45:00+00:00,0.0,0.0
2026-04-06 09:50:00+00:00,0.0,0.0
2026-04-06 09:55:00+00:00,0.0,0.0
2026-04-06 10:00:00+00:00,0.0,0.0
2026-04-06 10:05:00+00:00,0.0,0.0
2026-04-06 10:10:00+00:00,0.0,0.0
2026-04-06 10:15:00+00:00,0.0,0.0
2026-04-06 10:20:00+00:00,0.0,0.0
2026-04-06 10:25:00+00:00,0.0,0.0
2026-04-06 10:30:00+00:00,0.0,0.0
2026-04-06 10:35:00+00:00,0.0,0.0
2026-04-06 10:40:00+00:00,0.0,0.0
2026-04-06 10:45:00+00:00,0.0,0.0
2026-04-06 10:50:00+00:00,0.0,0.0
2026-04-06 10:55:00+00:00,0.0,0.0
2026-04-06 11:00:00+00:00,0.0,0.0
2026-04-06 11:05:00+00:00,0.0,0.0
2026-04-06 11:10:00+00:00,0.0,0.0
2026-04-06 11:15:00+00:00,0.0,0.0
2026-04-06 11:20:00+00:00,0.0,0.0
2026-04-06 11:25:00+00:00,0.0,0.0
2026-04-06 11:30:00+00:00,0.0,0.0
2026-04-06 11:35:00+00:00,0.0,0.0
2026-04-06 11:40:00+00:00,0.0,0.0
2026-04-06 11:45:00+00:00,0.0,0.0
2026-04-06 11:50:00+00:00,0.0,0.0
2026-04-06 11:55:00+00:00,0.0,0.0
2026-04-06 12:00:00+00:00,0.0,0.0
2026-04-06 12:05:00+00:00,0.0,0.0
2026-04-06 12:10:00+00:00,0.0,0.0
2026-04-06 12:15:00+00:00,0.0,0.0
2026-04-06 12:20:00+00:00,0.0,0.0
2026-04-06 12:25:00+00:00,0.0,0.0
2026-04-06 12:30:00+00:00,0.0,0.0
2026-04-06 12:35:00+00:00,0.0,0.0
2026-04-06 12:40:00+00:00,0.0,0.0
2026-04-06 12:45:00+00:00,0.0,0.0
2026-04-06 12:50:00+00:00,0.0,0.0
2026-04-06 12:55:00+00:00,0.0,0.0
2026-04-06 13:00:00+00:00,0.0,0.0
2026-04-06 13:05:00+00:00,0.0,0.0
2026-04-06 13:10:00+00:00,0.0,0.0
2026-04-06 13:15:00+00:00,0.0,0.0
2026-04-06 13:20:00+00:00,0.0,0.0
2026-04-06 13:25:00+00:00,0.0,0.0
2026-04-06 13:30:00+00:00,0.0,0.0
2026-04-06 13:35:00+00:00,0.0,0.0
2026-04-06 13:40:00+00:00,0.0,0.0
2026-04-06 13:45:00+00:00,0.0,0.0
2026-04-06 13:50:00+00:00,0.0,0.0
2026-04-06 13:55:00+00:00,0.0,0.0
2026-04-06 14:00:00+00:00,0.0,0.0
2026-04-06 14:05:00+00:00,0.0,0.0
2026-04-06 14:10:00+00:00,0.0,0.0
2026-04-06 14:15:00+00:00,0.0,0.0
2026-04-06 14:20:00+00:00,0.0,0.0
2026-04-06 14:25:00+00:00,0.0,0.0
2026-04-06 14:30:00+00:00,0.0,0.0
2026-04-06 14:35:00+00:00,0.0,0.0
2026-04-06 14:40:00+00:00,0.0,0.0
2026-04-06 14:45:00+00:00,0.0,0.0
2026-04-06 14:50:00+00:00,0.0,0.0
2026-04-06 14:55:00+00:00,0.0,0.0
2026-04-06 15:00:00+00:00,0.0,0.0
2026-04-06 15:05:00+00:00,0.0,0.0
2026-04-06 15:10:00+00:00,0.0,0.0
2026-04-06 15:15:00+00:00,0.0,0.0
2026-04-06 15:20:00+00:00,0.0,0.0
2026-04-06 15:25:00+00:00,0.0,0.0
2026-04-06 15:30:00+00:00,0.0,0.0
2026-04-06 15:35:00+00:00,0.0,0.0
2026-04-06 15:40:00+00:00,0.0,0.0
2026-04-06 15:45:00+00:00,0.0,0.0
2026-04-06 15:50:00+00:00,0.0,0.0
2026-04-06 15:55:00+00:00,0.0,0.0
2026-04-06 16:00:00+00:00,0.0,0.0
2026-04-06 16:05:00+00:00,0.0,0.0
2026-04-06 16:10:00+00:00,0.0,0.0
2026-04-06 16:15:00+00:00,0.0,0.0
2026-04-06 16:20:00+00:00,0.0,0.0
2026-04-06 16:25:00+00:00,0.0,0.0
2026-04-06 16:30:00+00:00,0.0,0.0
2026-04-06 16:35:00+00:00,0.0,0.0
2026-04-06 16:40:00+00:00,0.0,0.0
2026-04-06 16:45:00+00:00,0.0,0.0
2026-04-06 16:50:00+00:00,0.0,0.0
2026-04-06 16:55:00+00:00,0.0,0.0
2026-04-06 17:00:00+00:00,0.0,0.0
2026-04-06 17:05:00+00:00,0.0,0.0
2026-04-06 17:10:00+00:00,0.0,0.0
2026-04-06 17:15:00+00:00,0.0,0.0
2026-04-06 17:20:00+00:00,0.0,0.0
2026-04-06 17:25:00+00:00,0.0,0.0
2026-04-06 17:30:00+00:00,0.0,0.0
2026-04-06 17:35:00+00:00,0.0,0.0
2026-04-06 17:40:00+00:00,0.0,0.0
2026-04-06 17:45:00+00:00,0.0,0.0
2026-04-06 17:50:00+00:00,0.0,0.0
2026-04-06 17:55:00+00:00,0.0,0.0
2026-04-06 18:00:00+00:00,0.0,0.0
2026-04-06 18:05:00+00:00,0.0,0.0
2026-04-06 18:10:00+00:00,0.0,0.0
2026-04-06 18:15:00+00:00,0.0,0.0
2026-04-06 18:20:00+00:00,0.0,0.0
2026-04-06 18:25:00+00:00,0.0,0.0
2026-04-06 18:30:00+00:00,0.0,0.0
2026-04-06 18:35:00+00:00,0.0,0.0
2026-04-06 18:40:00+00:00,0.0,0.0
2026-04-06 18:45:00+00:00,0.0,0.0
2026-04-06 18:50:00+00:00,0.0,0.0
2026-04-06 18:55:00+00:00,0.0,0.0
2026-04-06 19:00:00+00:00,0.0,0.0
2026-04-06 19:05:00+00:00,0.0,0.0
2026-04-06 19:10:00+00:00,0.0,0.0
2026-04-06 19:15:00+00:00,0.0,0.0
2026-04-06 19:20:00+00:00,0.0,0.0
2026-04-06 19:25:00+00:00,0.0,0.0
2026-04-06 19:30:00+00:00,0.0,0.0
2026-04-06 19:35:00+00:00,0.0,0.0
2026-04-06 19:40:00+00:00,0.0,0.0
2026-04-06 19:45:00+00:00,0.0,0.0
2026-04-06 19:50:00+00:00,0.0,0.0
2026-04-06 19:55:00+00:00,0.0,0.0
2026-04-06 20:00:00+00:00,0.0,0.0
2026-04-06 20:05:00+00:00,0.0,0.0
2026-04-06 20:10:00+00:00,0.0,0.0
2026-04-06 20:15:00+00:00,0.0,0.0
2026-04-06 20:20:00+00:00,0.0,0.0
2026-04-06 20:25:00+00:00,0.0,0.0
2026-04-06 20:30:00+00:00,0.0,0.0
2026-04-06 20:35:00+00:00,0.0,0.0
2026-04-06 20:40:00+00:00,0.0,0.0
2026-04-06 20:45:00+00:00,0.0,0.0
2026-04-06 20:50:00+00:00,0.0,0.0
2026-04-06 20:55:00+00:00,0.0,0.0
2026-04-06 21:00:00+00:00,0.0,0.0
2026-04-06 21:05:00+00:00,0.0,0.0
2026-04-06 21:10:00+00:00,0.0,0.0
2026-04-06 21:15:00+00:00,0.0,0.0
2026-04-06 21:20:00+00:00,0.0,0.0
2026-04-06 21:25:00+00:00,0.0,0.0
2026-04-06 21:30:00+00:00,0.0,0.0
2026-04-06 21:35:00+00:00,0.0,0.0
2026-04-06 21:40:00+00:00,0.0,0.0
2026-04-06 21:45:00+00:00,0.0,0.0
2026-04-06 21:50:00+00:00,0.0,0.0
2026-04-06 21:55:00+00:00,0.0,0.0
2026-04-06 22:00:00+00:00,0.0,0.0
2026-04-06 22:05:00+00:00,0.0,0.0
2026-04-06 22:10:00+00:00,0.0,0.0
2026-04-06 22:15:00+00:00,0.0,0.0
2026-04-06 22:20:00+00:00,0.0,0.0
2026-04-06 22:25:00+00:00,0.0,0.0
2026-04-06 22:30:00+00:00,0.0,0.0
2026-04-06 22:35:00+00:00,0.0,0.0
2026-04-06 22:40:00+00:00,0.0,0.0
2026-04-06 22:45:00+00:00,0.0,0.0
2026-04-06 22:50:00+00:00,0.0,0.0
2026-04-06 22:55:00+00:00,0.0,0.0
2026-04-06 23:00:00+00:00,0.0,0.0
2026-04-06 23:05:00+00:00,0.0,0.0
2026-04-06 23:10:00+00:00,0.0,0.0
2026-04-06 23:15:00+00:00,0.0,0.0
2026-04-06 23:20:00+00:00,0.0,0.0
2026-04-06 23:25:00+00:00,0.0,0.0
2026-04-06 23:30:00+00:00,0.0,0.0
2026-04-06 23:35:00+00:00,0.0,0.0
2026-04-06 23:40:00+00:00,0.0,0.0
2026-04-06 23:45:00+00:00,0.0,0.0
2026-04-06 23:50:00+00:00,0.0,0.0
2026-04-06 23:55:00+00:00,0.0,0.0
2026-04-07 00:00:00+00:00,0.0,0.0
2026-04-07 00:05:00+00:00,0.0,0.0
2026-04-07 00:10:00+00:00,0.0,0.0
2026-04-07 00:15:00+00:00,0.0,0.0
2026-04-07 00:20:00+00:00,0.0,0.0
2026-04-07 00:25:00+00:00,0.0,0.0
2026-04-07 00:30:00+00:00,0.0,0.0
2026-04-07 00:35:00+00:00,0.0,0.0
2026-04-07 00:40:00+00:00,0.0,0.0
2026-04-07 00:45:00+00:00,0.0,0.0
2026-04-07 00:50:00+00:00,0.0,0.0
2026-04-07 00:55:00+00:00,0.0,0.0
2026-04-07 01:00:00+00:00,0.0,0.0
2026-04-07 01:05:00+00:00,0.0,0.0
2026-04-07 01:10:00+00:00,0.0,0.0
2026-04-07 01:15:00+00:00,0.0,0.0
2026-04-07 01:20:00+00:00,0.0,0.0
2026-04-07 01:25:00+00:00,0.0,0.0
2026-04-07 01:30:00+00:00,0.0,0.0
2026-04-07 01:35:00+00:00,0.0,0.0
2026-04-07 01:40:00+00:00,0.0,0.0
2026-04-07 01:45:00+00:00,0.0,0.0
2026-04-07 01:50:00+00:00,0.0,0.0
2026-04-07 01:55:00+00:00,0.0,0.0
2026-04-07 02:00:00+00:00,0.0,0.0
2026-04-07 02:05:00+00:00,0.0,0.0
2026-04-07 02:10:00+00:00,0.0,0.0
2026-04-07 02:15:00+00:00,0.0,0.0
2026-04-07 02:20:00+00:00,0.0,0.0
2026-04-07 02:25:00+00:00,0.0,0.0
2026-04-07 02:30:00+00:00,0.0,0.0
2026-04-07 02:35:00+00:00,0.0,0.0
2026-04-07 02:40:00+00:00,0.0,0.0
2026-04-07 02:45:00+00:00,0.0,0.0
2026-04-07 02:50:00+00:00,0.0,0.0
2026-04-07 02:55:00+00:00,0.0,0.0
2026-04-07 03:00:00+00:00,0.0,0.0
2026-04-07 03:05:00+00:00,0.0,0.0
2026-04-07 03:10:00+00:00,0.0,0.0
2026-04-07 03:15:00+00:00,0.0,0.0
2026-04-07 03:20:00+00:00,0.0,0.0
2026-04-07 03:25:00+00:00,0.0,0.0
2026-04-07 03:30:00+00:00,0.0,0.0
2026-04-07 03:35:00+00:00,0.0,0.0
2026-04-07 03:40:00+00:00,0.0,0.0
2026-04-07 03:45:00+00:00,0.0,0.0
2026-04-07 03:50:00+00:00,0.0,0.0
2026-04-07 03:55:00+00:00,0.0,0.0
2026-04-07 04:00:00+00:00,0.0,0.0
2026-04-07 04:05:00+00:00,0.0,0.0
2026-04-07 04:10:00+00:00,0.0,0.0
2026-04-07 04:15:00+00:00,0.0,0.0
2026-04-07 04:20:00+00:00,0.0,0.0
2026-04-07 04:25:00+00:00,0.0,0.0
2026-04-07 04:30:00+00:00,0.0,0.0
2026-04-07 04:35:00+00:00,0.0,0.0
2026-04-07 04:40:00+00:00,0.0,0.0
2026-04-07 04:45:00+00:00,0.0,0.0
2026-04-07 04:50:00+00:00,0.0,0.0
2026-04-07 04:55:00+00:00,0.0,0.0
2026-04-07 05:00:00+00:00,0.0,0.0
2026-04-07 05:05:00+00:00,0.0,0.0
2026-04-07 05:10:00+00:00,0.0,0.0
2026-04-07 05:15:00+00:00,0.0,0.0
2026-04-07 05:20:00+00:00,0.0,0.0
2026-04-07 05:25:00+00:00,0.0,0.0
2026-04-07 05:30:00+00:00,0.0,0.0
2026-04-07 05:35:00+00:00,0.0,0.0
2026-04-07 05:40:00+00:00,0.0,0.0
2026-04-07 05:45:00+00:00,0.0,0.0
2026-04-07 05:50:00+00:00,0.0,0.0
2026-04-07 05:55:00+00:00,0.0,0.0
2026-04-07 06:00:00+00:00,0.0,0.0
2026-04-07 06:05:00+00:00,0.0,0.0
2026-04-07 06:10:00+00:00,0.0,0.0
2026-04-07 06:15:00+00:00,0.0,0.0
2026-04-07 06:20:00+00:00,0.0,0.0
2026-04-07 06:25:00+00:00,0.0,0.0
2026-04-07 06:30:00+00:00,0.0,0.0
2026-04-07 06:35:00+00:00,0.0,0.0
2026-04-07 06:40:00+00:00,0.0,0.0
2026-04-07 06:45:00+00:00,0.0,0.0
2026-04-07 06:50:00+00:00,0.0,0.0
2026-04-07 06:55:00+00:00,0.0,0.0
2026-04-07 07:00:00+00:00,0.0,0.0
2026-04-07 07:05:00+00:00,0.0,0.0
2026-04-07 07:10:00+00:00,0.0,0.0
2026-04-07 07:15:00+00:00,0.0,0.0
2026-04-07 07:20:00+00:00,0.0,0.0
2026-04-07 07:25:00+00:00,0.0,0.0
2026-04-07 07:30:00+00:00,0.0,0.0
2026-04-07 07:35:00+00:00,0.0,0.0
2026-04-07 07:40:00+00:00,0.0,0.0
2026-04-07 07:45:00+00:00,0.0,0.0
2026-04-07 07:50:00+00:00,0.0,0.0
2026-04-07 07:55:00+00:00,0.0,0.0
2026-04-07 08:00:00+00:00,0.0,0.0
2026-04-07 08:05:00+00:00,0.0,0.0
2026-04-07 08:10:00+00:00,0.0,0.0
2026-04-07 08:15:00+00:00,0.0,0.0
2026-04-07 08:20:00+00:00,0.0,0.0
2026-04-07 08:25:00+00:00,0.0,0.0
2026-04-07 08:30:00+00:00,0.0,0.0
2026-04-07 08:35:00+00:00,0.0,0.0
2026-04-07 08:40:00+00:00,0.0,0.0
2026-04-07 08:45:00+00:00,0.0,0.0
2026-04-07 08:50:00+00:00,0.0,0.0
2026-04-07 08:55:00+00:00,0.0,0.0
2026-04-07 09:00:00+00:00,0.0,0.0
2026-04-07 09:05:00+00:00,0.0,0.0
2026-04-07 09:10:00+00:00,0.0,0.0
2026-04-07 09:15:00+00:00,0.0,0.0
2026-04-07 09:20:00+00:00,0.0,0.0
2026-04-07 09:25:00+00:00,0.0,0.0
2026-04-07 09:30:00+00:00,0.0,0.0
2026-04-07 09:35:00+00:00,0.0,0.0
2026-04-07 09:40:00+00:00,0.0,0.0
2026-04-07 09:45:00+00:00,0.0,0.0
2026-04-07 09:50:00+00:00,0.0,0.0
2026-04-07 09:55:00+00:00,0.0,0.0
2026-04-07 10:00:00+00:00,0.0,0.0
2026-04-07 10:05:00+00:00,0.0,0.0
2026-04-07 10:10:00+00:00,0.0,0.0
2026-04-07 10:15:00+00:00,0.0,0.0
2026-04-07 10:20:00+00:00,0.0,0.0
2026-04-07 10:25:00+00:00,0.0,0.0
2026-04-07 10:30:00+00:00,0.0,0.0
2026-04-07 10:35:00+00:00,0.0,0.0
2026-04-07 10:40:00+00:00,0.0,0.0
2026-04-07 10:45:00+00:00,0.0,0.0
2026-04-07 10:50:00+00:00,0.0,0.0
2026-04-07 10:55:00+00:00,0.0,0.0
2026-04-07 11:00:00+00:00,0.0,0.0
2026-04-07 11:05:00+00:00,0.0,0.0
2026-04-07 11:10:00+00:00,0.0,0.0
2026-04-07 11:15:00+00:00,0.0,0.0
2026-04-07 11:20:00+00:00,0.0,0.0
2026-04-07 11:25:00+00:00,0.0,0.0
2026-04-07 11:30:00+00:00,0.0,0.0
2026-04-07 11:35:00+00:00,0.0,0.0
2026-04-07 11:40:00+00:00,0.0,0.0
2026-04-07 11:45:00+00:00,0.0,0.0
2026-04-07 11:50:00+00:00,0.0,0.0
2026-04-07 11:55:00+00:00,0.0,0.0
2026-04-07 12:00:00+00:00,0.0,0.0
2026-04-07 12:05:00+00:00,0.0,0.0
2026-04-07 12:10:00+00:00,0.0,0.0
2026-04-07 12:15:00+00:00,0.0,0.0
2026-04-07 12:20:00+00:00,0.0,0.0
2026-04-07 12:25:00+00:00,0.0,0.0
2026-04-07 12:30:00+00:00,0.0,0.0
2026-04-07 12:35:00+00:00,0.0,0.0
2026-04-07 12:40:00+00:00,0.0,0.0
2026-04-07 12:45:00+00:00,0.0,0.0
2026-04-07 12:50:00+00:00,0.0,0.0
2026-04-07 12:55:00+00:00,0.0,0.0
2026-04-07 13:00:00+00:00,0.0,0.0
2026-04-07 13:05:00+00:00,0.0,0.0
2026-04-07 13:10:00+00:00,0.0,0.0
2026-04-07 13:15:00+00:00,0.0,0.0
2026-04-07 13:20:00+00:00,0.0,0.0
2026-04-07 13:25:00+00:00,0.0,0.0
2026-04-07 13:30:00+00:00,0.0,0.0
2026-04-07 13:35:00+00:00,0.0,0.0
2026-04-07 13:40:00+00:00,0.0,0.0
2026-04-07 13:45:00+00:00,0.0,0.0
2026-04-07 13:50:00+00:00,0.0,0.0
2026-04-07 13:55:00+00:00,0.0,0.0
2026-04-07 14:00:00+00:00,0.0,0.0
2026-04-07 14:05:00+00:00,0.0,0.0
2026-04-07 14:10:00+00:00,0.0,0.0
2026-04-07 14:15:00+00:00,0.0,0.0
2026-04-07 14:20:00+00:00,0.0,0.0
2026-04-07 14:25:00+00:00,0.0,0.0
2026-04-07 14:30:00+00:00,0.0,0.0
2026-04-07 14:35:00+00:00,0.0,0.0
2026-04-07 14:40:00+00:00,0.0,0.0
2026-04-07 14:45:00+00:00,0.0,0.0
2026-04-07 14:50:00+00:00,0.0,0.0
2026-04-07 14:55:00+00:00,0.0,0.0
2026-04-07 15:00:00+00:00,0.0,0.0
2026-04-07 15:05:00+00:00,0.0,0.0
2026-04-07 15:10:00+00:00,0.0,0.0
2026-04-07 15:15:00+00:00,0.0,0.0
2026-04-07 15:20:00+00:00,0.0,0.0
2026-04-07 15:25:00+00:00,0.0,0.0
2026-04-07 15:30:00+00:00,0.0,0.0
2026-04-07 15:35:00+00:00,0.0,0.0
2026-04-07 15:40:00+00:00,0.0,0.0
2026-04-07 15:45:00+00:00,0.0,0.0
2026-04-07 15:50:00+00:00,0.0,0.0
2026-04-07 15:55:00+00:00,0.0,0.0
2026-04-07 16:00:00+00:00,0.0,0.0
2026-04-07 16:05:00+00:00,0.0,0.0
2026-04-07 16:10:00+00:00,0.0,0.0
2026-04-07 16:15:00+00:00,0.0,0.0
2026-04-07 16:20:00+00:00,0.0,0.0
2026-04-07 16:25:00+00:00,0.0,0.0
2026-04-07 16:30:00+00:00,0.0,0.0
2026-04-07 16:35:00+00:00,0.0,0.0
2026-04-07 16:40:00+00:00,0.0,0.0
2026-04-07 16:45:00+00:00,0.0,0.0
2026-04-07 16:50:00+00:00,0.0,0.0
2026-04-07 16:55:00+00:00,0.0,0.0
2026-04-07 17:00:00+00:00,0.0,0.0
2026-04-07 17:05:00+00:00,0.0,0.0
2026-04-07 17:10:00+00:00,0.0,0.0
2026-04-07 17:15:00+00:00,0.0,0.0
2026-04-07 17:20:00+00:00,0.0,0.0
2026-04-07 17:25:00+00:00,0.0,0.0
2026-04-07 17:30:00+00:00,0.0,0.0
2026-04-07 17:35:00+00:00,0.0,0.0
2026-04-07 17:40:00+00:00,0.0,0.0
2026-04-07 17:45:00+00:00,0.0,0.0
2026-04-07 17:50:00+00:00,0.0,0.0
2026-04-07 17:55:00+00:00,0.0,0.0
2026-04-07 18:00:00+00:00,0.0,0.0
2026-04-07 18:05:00+00:00,0.0,0.0
2026-04-07 18:10:00+00:00,0.0,0.0
2026-04-07 18:15:00+00:00,0.0,0.0
2026-04-07 18:20:00+00:00,0.0,0.0
2026-04-07 18:25:00+00:00,0.0,0.0
2026-04-07 18:30:00+00:00,0.0,0.0
2026-04-07 18:35:00+00:00,0.0,0.0
2026-04-07 18:40:00+00:00,0.0,0.0
2026-04-07 18:45:00+00:00,0.0,0.0
2026-04-07 18:50:00+00:00,0.0,0.0
2026-04-07 18:55:00+00:00,0.0,0.0
2026-04-07 19:00:00+00:00,0.0,0.0
2026-04-07 19:05:00+00:00,0.0,0.0
2026-04-07 19:10:00+00:00,0.0,0.0
2026-04-07 19:15:00+00:00,0.0,0.0
2026-04-07 19:20:00+00:00,0.0,0.0
2026-04-07 19:25:00+00:00,0.0,0.0
2026-04-07 19:30:00+00:00,0.0,0.0
2026-04-07 19:35:00+00:00,0.0,0.0
2026-04-07 19:40:00+00:00,0.0,0.0
2026-04-07 19:45:00+00:00,0.0,0.0
2026-04-07 19:50:00+00:00,0.0,0.0
2026-04-07 19:55:00+00:00,0.0,0.0
2026-04-07 20:00:00+00:00,0.0,0.0
2026-04-07 20:05:00+00:00,0.0,0.0
2026-04-07 20:10:00+00:00,0.0,0.0
2026-04-07 20:15:00+00:00,0.0,0.0
2026-04-07 20:20:00+00:00,0.0,0.0
2026-04-07 20:25:00+00:00,0.0,0.0
2026-04-07 20:30:00+00:00,0.0,0.0
2026-04-07 20:35:00+00:00,0.0,0.0
2026-04-07 20:40:00+00:00,0.0,0.0
2026-04-07 20:45:00+00:00,0.0,0.0
2026-04-07 20:50:00+00:00,0.0,0.0
2026-04-07 20:55:00+00:00,0.0,0.0
2026-04-07 21:00:00+00:00,0.0,0.0
2026-04-07 21:05:00+00:00,0.0,0.0
2026-04-07 21:10:00+00:00,0.0,0.0
2026-04-07 21:15:00+00:00,0.0,0.0
2026-04-07 21:20:00+00:00,0.0,0.0
2026-04-07 21:25:00+00:00,0.0,0.0
2026-04-07 21:30:00+00:00,0.0,0.0
2026-04-07 21:35:00+00:00,0.0,0.0
2026-04-07 21:40:00+00:00,0.0,0.0
2026-04-07 21:45:00+00:00,0.0,0.0
2026-04-07 21:50:00+00:00,0.0,0.0
2026-04-07 21:55:00+00:00,0.0,0.0
2026-04-07 22:00:00+00:00,0.0,0.0
2026-04-07 22:05:00+00:00,0.0,0.0
2026-04-07 22:10:00+00:00,0.0,0.0
2026-04-07 22:15:00+00:00,0.0,0.0
2026-04-07 22:20:00+00:00,0.0,0.0
2026-04-07 22:25:00+00:00,0.0,0.0
2026-04-07 22:30:00+00:00,0.0,0.0
2026-04-07 22:35:00+00:00,0.0,0.0
2026-04-07 22:40:00+00:00,0.0,0.0
2026-04-07 22:45:00+00:00,0.0,0.0
2026-04-07 22:50:00+00:00,0.0,0.0
2026-04-07 22:55:00+00:00,0.0,0.0
2026-04-07 23:00:00+00:00,0.0,0.0
2026-04-07 23:05:00+00:00,0.0,0.0
2026-04-07 23:10:00+00:00,0.0,0.0
2026-04-07 23:15:00+00:00,0.0,0.0
2026-04-07 23:20:00+00:00,0.0,0.0
2026-04-07 23:25:00+00:00,0.0,0.0
2026-04-07 23:30:00+00:00,0.0,0.0
2026-04-07 23:35:00+00:00,0.0,0.0
2026-04-07 23:40:00+00:00,0.0,0.0
2026-04-07 23:45:00+00:00,0.0,0.0
2026-04-07 23:50:00+00:00,0.0,0.0
2026-04-07 23:55:00+00:00,0.0,0.0
2026-04-08 00:00:00+00:00,0.0,0.0
2026-04-08 00:05:00+00:00,0.0,0.0
2026-04-08 00:10:00+00:00,0.0,0.0
2026-04-08 00:15:00+00:00,0.0,0.0
2026-04-08 00:20:00+00:00,0.0,0.0
2026-04-08 00:25:00+00:00,0.0,0.0
2026-04-08 00:30:00+00:00,0.0,0.0
2026-04-08 00:35:00+00:00,0.0,0.0
2026-04-08 00:40:00+00:00,0.0,0.0
2026-04-08 00:45:00+00:00,0.0,0.0
2026-04-08 00:50:00+00:00,0.0,0.0
2026-04-08 00:55:00+00:00,0.0,0.0
2026-04-08 01:00:00+00:00,0.0,0.0
2026-04-08 01:05:00+00:00,0.0,0.0
2026-04-08 01:10:00+00:00,0.0,0.0
2026-04-08 01:15:00+00:00,0.0,0.0
2026-04-08 01:20:00+00:00,0.0,0.0
2026-04-08 01:25:00+00:00,0.0,0.0
2026-04-08 01:30:00+00:00,0.0,0.0
2026-04-08 01:35:00+00:00,0.0,0.0
2026-04-08 01:40:00+00:00,0.0,0.0
2026-04-08 01:45:00+00:00,0.0,0.0
2026-04-08 01:50:00+00:00,0.0,0.0
2026-04-08 01:55:00+00:00,0.0,0.0
2026-04-08 02:00:00+00:00,0.0,0.0
2026-04-08 02:05:00+00:00,0.0,0.0
2026-04-08 02:10:00+00:00,0.0,0.0
2026-04-08 02:15:00+00:00,0.0,0.0
2026-04-08 02:20:00+00:00,0.0,0.0
2026-04-08 02:25:00+00:00,0.0,0.0
2026-04-08 02:30:00+00:00,0.0,0.0
2026-04-08 02:35:00+00:00,0.0,0.0
2026-04-08 02:40:00+00:00,0.0,0.0
2026-04-08 02:45:00+00:00,0.0,0.0
2026-04-08 02:50:00+00:00,0.0,0.0
2026-04-08 02:55:00+00:00,0.0,0.0
2026-04-08 03:00:00+00:00,0.0,0.0
2026-04-08 03:05:00+00:00,0.0,0.0
2026-04-08 03:10:00+00:00,0.0,0.0
2026-04-08 03:15:00+00:00,0.0,0.0
2026-04-08 03:20:00+00:00,0.0,0.0
2026-04-08 03:25:00+00:00,0.0,0.0
2026-04-08 03:30:00+00:00,0.0,0.0
2026-04-08 03:35:00+00:00,0.0,0.0
2026-04-08 03:40:00+00:00,0.0,0.0
2026-04-08 03:45:00+00:00,0.0,0.0
2026-04-08 03:50:00+00:00,0.0,0.0
2026-04-08 03:55:00+00:00,0.0,0.0
2026-04-08 04:00:00+00:00,0.0,0.0
2026-04-08 04:05:00+00:00,0.0,0.0
2026-04-08 04:10:00+00:00,0.0,0.0
2026-04-08 04:15:00+00:00,0.0,0.0
2026-04-08 04:20:00+00:00,0.0,0.0
2026-04-08 04:25:00+00:00,0.0,0.0
2026-04-08 04:30:00+00:00,0.0,0.0
2026-04-08 04:35:00+00:00,0.0,0.0
2026-04-08 04:40:00+00:00,0.0,0.0
2026-04-08 04:45:00+00:00,0.0,0.0
2026-04-08 04:50:00+00:00,0.0,0.0
2026-04-08 04:55:00+00:00,0.0,0.0
2026-04-08 05:00:00+00:00,0.0,0.0
2026-04-08 05:05:00+00:00,0.0,0.0
2026-04-08 05:10:00+00:00,0.0,0.0
2026-04-08 05:15:00+00:00,0.0,0.0
2026-04-08 05:20:00+00:00,0.0,0.0
2026-04-08 05:25:00+00:00,0.0,0.0
2026-04-08 05:30:00+00:00,0.0,0.0
2026-04-08 05:35:00+00:00,0.0,0.0
2026-04-08 05:40:00+00:00,0.0,0.0
2026-04-08 05:45:00+00:00,0.0,0.0
2026-04-08 05:50:00+00:00,0.0,0.0
2026-04-08 05:55:00+00:00,0.0,0.0
2026-04-08 06:00:00+00:00,0.0,0.0
2026-04-08 06:05:00+00:00,0.0,0.0
2026-04-08 06:10:00+00:00,0.0,0.0
2026-04-08 06:15:00+00:00,0.0,0.0
2026-04-08 06:20:00+00:00,0.0,0.0
2026-04-08 06:25:00+00:00,0.0,0.0
2026-04-08 06:30:00+00:00,0.0,0.0
2026-04-08 06:35:00+00:00,0.0,0.0
2026-04-08 06:40:00+00:00,0.0,0.0
2026-04-08 06:45:00+00:00,0.0,0.0
2026-04-08 06:50:00+00:00,0.0,0.0
2026-04-08 06:55:00+00:00,0.0,0.0
2026-04-08 07:00:00+00:00,0.0,0.0
2026-04-08 07:05:00+00:00,0.0,0.0
2026-04-08 07:10:00+00:00,0.0,0.0
2026-04-08 07:15:00+00:00,0.0,0.0
2026-04-08 07:20:00+00:00,0.0,0.0
2026-04-08 07:25:00+00:00,0.0,0.0
2026-04-08 07:30:00+00:00,0.0,0.0
2026-04-08 07:35:00+00:00,0.0,0.0
2026-04-08 07:40:00+00:00,0.0,0.0
2026-04-08 07:45:00+00:00,0.0,0.0
2026-04-08 07:50:00+00:00,0.0,0.0
2026-04-08 07:55:00+00:00,0.0,0.0
2026-04-08 08:00:00+00:00,0.0,0.0
2026-04-08 08:05:00+00:00,0.0,0.0
2026-04-08 08:10:00+00:00,0.0,0.0
2026-04-08 08:15:00+00:00,0.0,0.0
2026-04-08 08:20:00+00:00,0.0,0.0
2026-04-08 08:25:00+00:00,0.0,0.0
2026-04-08 08:30:00+00:00,0.0,0.0
2026-04-08 08:35:00+00:00,0.0,0.0
2026-04-08 08:40:00+00:00,0.0,0.0
2026-04-08 08:45:00+00:00,0.0,0.0
2026-04-08 08:50:00+00:00,0.0,0.0
2026-04-08 08:55:00+00:00,0.0,0.0
2026-04-08 09:00:00+00:00,0.0,0.0
2026-04-08 09:05:00+00:00,0.0,0.0
2026-04-08 09:10:00+00:00,0.0,0.0
2026-04-08 09:15:00+00:00,0.0,0.0
2026-04-08 09:20:00+00:00,0.0,0.0
2026-04-08 09:25:00+00:00,0.0,0.0
2026-04-08 09:30:00+00:00,0.0,0.0
2026-04-08 09:35:00+00:00,0.0,0.0
2026-04-08 09:40:00+00:00,0.0,0.0
2026-04-08 09:45:00+00:00,0.0,0.0
2026-04-08 09:50:00+00:00,0.0,0.0
2026-04-08 09:55:00+00:00,0.0,0.0
2026-04-08 10:00:00+00:00,0.0,0.0
2026-04-08 10:05:00+00:00,0.0,0.0
2026-04-08 10:10:00+00:00,0.0,0.0
2026-04-08 10:15:00+00:00,0.0,0.0
2026-04-08 10:20:00+00:00,0.0,0.0
2026-04-08 10:25:00+00:00,0.0,0.0
2026-04-08 10:30:00+00:00,0.0,0.0
2026-04-08 10:35:00+00:00,0.0,0.0
2026-04-08 10:40:00+00:00,0.0,0.0
2026-04-08 10:45:00+00:00,0.0,0.0
2026-04-08 10:50:00+00:00,0.0,0.0
2026-04-08 10:55:00+00:00,0.0,0.0
2026-04-08 11:00:00+00:00,0.0,0.0
2026-04-08 11:05:00+00:00,0.0,0.0
2026-04-08 11:10:00+00:00,0.0,0.0
2026-04-08 11:15:00+00:00,0.0,0.0
2026-04-08 11:20:00+00:00,0.0,0.0
2026-04-08 11:25:00+00:00,0.0,0.0
2026-04-08 11:30:00+00:00,0.0,0.0
2026-04-08 11:35:00+00:00,0.0,0.0
2026-04-08 11:40:00+00:00,0.0,0.0
2026-04-08 11:45:00+00:00,0.0,0.0
2026-04-08 11:50:00+00:00,0.0,0.0
2026-04-08 11:55:00+00:00,0.0,0.0
2026-04-08 12:00:00+00:00,0.0,0.0
2026-04-08 12:05:00+00:00,0.0,0.0
2026-04-08 12:10:00+00:00,0.0,0.0
2026-04-08 12:15:00+00:00,0.0,0.0
2026-04-08 12:20:00+00:00,0.0,0.0
2026-04-08 12:25:00+00:00,0.0,0.0
2026-04-08 12:30:00+00:00,0.0,0.0
2026-04-08 12:35:00+00:00,0.0,0.0
2026-04-08 12:40:00+00:00,0.0,0.0
2026-04-08 12:45:00+00:00,0.0,0.0
2026-04-08 12:50:00+00:00,0.0,0.0
2026-04-08 12:55:00+00:00,0.0,0.0
2026-04-08 13:00:00+00:00,0.0,0.0
2026-04-08 13:05:00+00:00,0.0,0.0
2026-04-08 13:10:00+00:00,0.0,0.0
2026-04-08 13:15:00+00:00,0.0,0.0
2026-04-08 13:20:00+00:00,0.0,0.0
2026-04-08 13:25:00+00:00,0.0,0.0
2026-04-08 13:30:00+00:00,0.0,0.0
2026-04-08 13:35:00+00:00,0.0,0.0
2026-04-08 13:40:00+00:00,0.0,0.0
2026-04-08 13:45:00+00:00,0.0,0.0
2026-04-08 13:50:00+00:00,0.0,0.0
2026-04-08 13:55:00+00:00,0.0,0.0
2026-04-08 14:00:00+00:00,0.0,0.0
2026-04-08 14:05:00+00:00,0.0,0.0
2026-04-08 14:10:00+00:00,0.0,0.0
2026-04-08 14:15:00+00:00,0.0,0.0
2026-04-08 14:20:00+00:00,0.0,0.0
2026-04-08 14:25:00+00:00,0.0,0.0
2026-04-08 14:30:00+00:00,0.0,0.0
2026-04-08 14:35:00+00:00,0.0,0.0
2026-04-08 14:40:00+00:00,0.0,0.0
2026-04-08 14:45:00+00:00,0.0,0.0
2026-04-08 14:50:00+00:00,0.0,0.0
2026-04-08 14:55:00+00:00,0.0,0.0
2026-04-08 15:00:00+00:00,0.0,0.0
2026-04-08 15:05:00+00:00,0.0,0.0
2026-04-08 15:10:00+00:00,0.0,0.0
2026-04-08 15:15:00+00:00,0.0,0.0
2026-04-08 15:20:00+00:00,0.0,0.0
2026-04-08 15:25:00+00:00,0.0,0.0
2026-04-08 15:30:00+00:00,0.0,0.0
2026-04-08 15:35:00+00:00,0.0,0.0
2026-04-08 15:40:00+00:00,0.0,0.0
2026-04-08 15:45:00+00:00,0.0,0.0
2026-04-08 15:50:00+00:00,0.0,0.0
2026-04-08 15:55:00+00:00,0.0,0.0
2026-04-08 16:00:00+00:00,0.0,0.0
2026-04-08 16:05:00+00:00,0.0,0.0
2026-04-08 16:10:00+00:00,0.0,0.0
2026-04-08 16:15:00+00:00,0.0,0.0
2026-04-08 16:20:00+00:00,0.0,0.0
2026-04-08 16:25:00+00:00,0.0,0.0
2026-04-08 16:30:00+00:00,0.0,0.0
2026-04-08 16:35:00+00:00,0.0,0.0
2026-04-08 16:40:00+00:00,0.0,0.0
2026-04-08 16:45:00+00:00,0.0,0.0
2026-04-08 16:50:00+00:00,0.0,0.0
2026-04-08 16:55:00+00:00,0.0,0.0
2026-04-08 17:00:00+00:00,0.0,0.0
2026-04-08 17:05:00+00:00,0.0,0.0
2026-04-08 17:10:00+00:00,0.0,0.0
2026-04-08 17:15:00+00:00,0.0,0.0
2026-04-08 17:20:00+00:00,0.0,0.0
2026-04-08 17:25:00+00:00,0.0,0.0
2026-04-08 17:30:00+00:00,0.0,0.0
2026-04-08 17:35:00+00:00,0.0,0.0
2026-04-08 17:40:00+00:00,0.0,0.0
2026-04-08 17:45:00+00:00,0.0,0.0
2026-04-08 17:50:00+00:00,0.0,0.0
2026-04-08 17:55:00+00:00,0.0,0.0
2026-04-08 18:00:00+00:00,0.0,0.0
2026-04-08 18:05:00+00:00,0.0,0.0
2026-04-08 18:10:00+00:00,0.0,0.0
2026-04-08 18:15:00+00:00,0.0,0.0
2026-04-08 18:20:00+00:00,0.0,0.0
2026-04-08 18:25:00+00:00,0.0,0.0
2026-04-08 18:30:00+00:00,0.0,0.0
2026-04-08 18:35:00+00:00,0.0,0.0
2026-04-08 18:40:00+00:00,0.0,0.0
2026-04-08 18:45:00+00:00,0.0,0.0
2026-04-08 18:50:00+00:00,0.0,0.0
2026-04-08 18:55:00+00:00,0.0,0.0
2026-04-08 19:00:00+00:00,0.0,0.0
2026-04-08 19:05:00+00:00,0.0,0.0
2026-04-08 19:10:00+00:00,0.0,0.0
2026-04-08 19:15:00+00:00,0.0,0.0
2026-04-08 19:20:00+00:00,0.0,0.0
2026-04-08 19:25:00+00:00,0.0,0.0
2026-04-08 19:30:00+00:00,0.0,0.0
2026-04-08 19:35:00+00:00,0.0,0.0
2026-04-08 19:40:00+00:00,0.0,0.0
2026-04-08 19:45:00+00:00,0.0,0.0
2026-04-08 19:50:00+00:00,0.0,0.0
2026-04-08 19:55:00+00:00,0.0,0.0
2026-04-08 20:00:00+00:00,0.0,0.0
2026-04-08 20:05:00+00:00,0.0,0.0
2026-04-08 20:10:00+00:00,0.0,0.0
2026-04-08 20:15:00+00:00,0.0,0.0
2026-04-08 20:20:00+00:00,0.0,0.0
2026-04-08 20:25:00+00:00,0.0,0.0
2026-04-08 20:30:00+00:00,0.0,0.0
2026-04-08 20:35:00+00:00,0.0,0.0
2026-04-08 20:40:00+00:00,0.0,0.0
2026-04-08 20:45:00+00:00,0.0,0.0
2026-04-08 20:50:00+00:00,0.0,0.0
2026-04-08 20:55:00+00:00,0.0,0.0
2026-04-08 21:00:00+00:00,0.0,0.0
2026-04-08 21:05:00+00:00,0.0,0.0
2026-04-08 21:10:00+00:00,0.0,0.0
2026-04-08 21:15:00+00:00,0.0,0.0
2026-04-08 21:20:00+00:00,0.0,0.0
2026-04-08 21:25:00+00:00,0.0,0.0
2026-04-08 21:30:00+00:00,0.0,0.0
2026-04-08 21:35:00+00:00,0.0,0.0
2026-04-08 21:40:00+00:00,0.0,0.0
2026-04-08 21:45:00+00:00,0.0,0.0
2026-04-08 21:50:00+00:00,0.0,0.0
2026-04-08 21:55:00+00:00,0.0,0.0
2026-04-08 22:00:00+00:00,0.0,0.0
2026-04-08 22:05:00+00:00,0.0,0.0
2026-04-08 22:10:00+00:00,0.0,0.0
2026-04-08 22:15:00+00:00,0.0,0.0
2026-04-08 22:20:00+00:00,0.0,0.0
2026-04-08 22:25:00+00:00,0.0,0.0
2026-04-08 22:30:00+00:00,0.0,0.0
2026-04-08 22:35:00+00:00,0.0,0.0
2026-04-08 22:40:00+00:00,0.0,0.0
2026-04-08 22:45:00+00:00,0.0,0.0
2026-04-08 22:50:00+00:00,0.0,0.0
2026-04-08 22:55:00+00:00,0.0,0.0
2026-04-08 23:00:00+00:00,0.0,0.0
2026-04-08 23:05:00+00:00,0.0,0.0
2026-04-08 23:10:00+00:00,0.0,0.0
2026-04-08 23:15:00+00:00,0.0,0.0
2026-04-08 23:20:00+00:00,0.0,0.0
2026-04-08 23:25:00+00:00,0.0,0.0
2026-04-08 23:30:00+00:00,0.0,0.0
2026-04-08 23:35:00+00:00,0.0,0.0
2026-04-08 23:40:00+00:00,0.0,0.0
2026-04-08 23:45:00+00:00,0.0,0.0
2026-04-08 23:50:00+00:00,0.0,0.0
2026-04-08 23:55:00+00:00,0.0,0.0
2026-04-09 00:00:00+00:00,0.0,0.0
2026-04-09 00:05:00+00:00,0.0,0.0
2026-04-09 00:10:00+00:00,0.0,0.0
2026-04-09 00:15:00+00:00,0.0,0.0
2026-04-09 00:20:00+00:00,0.0,0.0
2026-04-09 00:25:00+00:00,0.0,0.0
2026-04-09 00:30:00+00:00,0.0,0.0
2026-04-09 00:35:00+00:00,0.0,0.0
2026-04-09 00:40:00+00:00,0.0,0.0
2026-04-09 00:45:00+00:00,0.0,0.0
2026-04-09 00:50:00+00:00,0.0,0.0
2026-04-09 00:55:00+00:00,0.0,0.0
2026-04-09 01:00:00+00:00,0.0,0.0
2026-04-09 01:05:00+00:00,0.0,0.0
2026-04-09 01:10:00+00:00,0.0,0.0
2026-04-09 01:15:00+00:00,0.0,0.0
2026-04-09 01:20:00+00:00,0.0,0.0
2026-04-09 01:25:00+00:00,0.0,0.0
2026-04-09 01:30:00+00:00,0.0,0.0
2026-04-09 01:35:00+00:00,0.0,0.0
2026-04-09 01:40:00+00:00,0.0,0.0
2026-04-09 01:45:00+00:00,0.0,0.0
2026-04-09 01:50:00+00:00,0.0,0.0
2026-04-09 01:55:00+00:00,0.0,0.0
2026-04-09 02:00:00+00:00,0.0,0.0
2026-04-09 02:05:00+00:00,0.0,0.0
2026-04-09 02:10:00+00:00,0.0,0.0
2026-04-09 02:15:00+00:00,0.0,0.0
2026-04-09 02:20:00+00:00,0.0,0.0
2026-04-09 02:25:00+00:00,0.0,0.0
2026-04-09 02:30:00+00:00,0.0,0.0
2026-04-09 02:35:00+00:00,0.0,0.0
2026-04-09 02:40:00+00:00,0.0,0.0
2026-04-09 02:45:00+00:00,0.0,0.0
2026-04-09 02:50:00+00:00,0.0,0.0
2026-04-09 02:55:00+00:00,0.0,0.0
2026-04-09 03:00:00+00:00,0.0,0.0
2026-04-09 03:05:00+00:00,0.0,0.0
2026-04-09 03:10:00+00:00,0.0,0.0
2026-04-09 03:15:00+00:00,0.0,0.0
2026-04-09 03:20:00+00:00,0.0,0.0
2026-04-09 03:25:00+00:00,0.0,0.0
2026-04-09 03:30:00+00:00,0.0,0.0
2026-04-09 03:35:00+00:00,0.0,0.0
2026-04-09 03:40:00+00:00,0.0,0.0
2026-04-09 03:45:00+00:00,0.0,0.0
2026-04-09 03:50:00+00:00,0.0,0.0
2026-04-09 03:55:00+00:00,0.0,0.0
2026-04-09 04:00:00+00:00,0.0,0.0
2026-04-09 04:05:00+00:00,0.0,0.0
2026-04-09 04:10:00+00:00,0.0,0.0
2026-04-09 04:15:00+00:00,0.0,0.0
2026-04-09 04:20:00+00:00,0.0,0.0
2026-04-09 04:25:00+00:00,0.0,0.0
2026-04-09 04:30:00+00:00,0.0,0.0
2026-04-09 04:35:00+00:00,0.0,0.0
2026-04-09 04:40:00+00:00,0.0,0.0
2026-04-09 04:45:00+00:00,0.0,0.0
2026-04-09 04:50:00+00:00,0.0,0.0
2026-04-09 04:55:00+00:00,0.0,0.0
2026-04-09 05:00:00+00:00,0.0,0.0
2026-04-09 05:05:00+00:00,0.0,0.0
2026-04-09 05:10:00+00:00,0.0,0.0
2026-04-09 05:15:00+00:00,0.0,0.0
2026-04-09 05:20:00+00:00,0.0,0.0
2026-04-09 05:25:00+00:00,0.0,0.0
2026-04-09 05:30:00+00:00,0.0,0.0
2026-04-09 05:35:00+00:00,0.0,0.0
2026-04-09 05:40:00+00:00,0.0,0.0
2026-04-09 05:45:00+00:00,0.0,0.0
2026-04-09 05:50:00+00:00,0.0,0.0
2026-04-09 05:55:00+00:00,0.0,0.0
2026-04-09 06:00:00+00:00,0.0,0.0
2026-04-09 06:05:00+00:00,0.0,0.0
2026-04-09 06:10:00+00:00,0.0,0.0
2026-04-09 06:15:00+00:00,0.0,0.0
2026-04-09 06:20:00+00:00,0.0,0.0
2026-04-09 06:25:00+00:00,0.0,0.0
2026-04-09 06:30:00+00:00,0.0,0.0
2026-04-09 06:35:00+00:00,0.0,0.0
2026-04-09 06:40:00+00:00,0.0,0.0
2026-04-09 06:45:00+00:00,0.0,0.0
2026-04-09 06:50:00+00:00,0.0,0.0
2026-04-09 06:55:00+00:00,0.0,0.0
2026-04-09 07:00:00+00:00,0.0,0.0
2026-04-09 07:05:00+00:00,0.0,0.0
2026-04-09 07:10:00+00:00,0.0,0.0
2026-04-09 07:15:00+00:00,0.0,0.0
2026-04-09 07:20:00+00:00,0.0,0.0
2026-04-09 07:25:00+00:00,0.0,0.0
2026-04-09 07:30:00+00:00,0.0,0.0
2026-04-09 07:35:00+00:00,0.0,0.0
2026-04-09 07:40:00+00:00,0.0,0.0
2026-04-09 07:45:00+00:00,0.0,0.0
2026-04-09 07:50:00+00:00,0.0,0.0
2026-04-09 07:55:00+00:00,0.0,0.0
2026-04-09 08:00:00+00:00,0.0,0.0
2026-04-09 08:05:00+00:00,0.0,0.0
2026-04-09 08:10:00+00:00,0.0,0.0
2026-04-09 08:15:00+00:00,0.0,0.0
2026-04-09 08:20:00+00:00,0.0,0.0
2026-04-09 08:25:00+00:00,0.0,0.0
2026-04-09 08:30:00+00:00,0.0,0.0
2026-04-09 08:35:00+00:00,0.0,0.0
2026-04-09 08:40:00+00:00,0.0,0.0
2026-04-09 08:45:00+00:00,0.0,0.0
2026-04-09 08:50:00+00:00,0.0,0.0
2026-04-09 08:55:00+00:00,0.0,0.0
2026-04-09 09:00:00+00:00,0.0,0.0
2026-04-09 09:05:00+00:00,0.0,0.0
2026-04-09 09:10:00+00:00,0.0,0.0
2026-04-09 09:15:00+00:00,0.0,0.0
2026-04-09 09:20:00+00:00,0.0,0.0
2026-04-09 09:25:00+00:00,0.0,0.0
2026-04-09 09:30:00+00:00,0.0,0.0
2026-04-09 09:35:00+00:00,0.0,13.894198810315658
2026-04-09 09:40:00+00:00,0.0,0.928623473908667
2026-04-09 09:45:00+00:00,0.0,0.019966738743686818
2026-04-09 09:50:00+00:00,0.0,0.015020229334494317
2026-04-09 09:55:00+00:00,0.0,0.010495808264552764
2026-04-09 10:00:00+00:00,0.0,-0.09757810109640808
2026-04-09 10:05:00+00:00,0.0,0.1098091135244541
2026-04-09 10:10:00+00:00,0.0,0.009792249311553647
2026-04-09 10:15:00+00:00,0.0,0.012571110112384432
2026-04-09 10:20:00+00:00,0.0,0.020533606227955303
2026-04-09 10:25:00+00:00,0.0,-0.08643208608688191
2026-04-09 10:30:00+00:00,0.0,0.12286392533760448
2026-04-09 10:35:00+00:00,0.0,0.01670743431437316
2026-04-09 10:40:00+00:00,0.0,0.021987572864290428
2026-04-09 10:45:00+00:00,0.0,0.015736447806400378
2026-04-09 10:50:00+00:00,0.0,0.013003997149979796
2026-04-09 10:55:00+00:00,0.0,-0.0994392860750608
2026-04-09 11:00:00+00:00,0.0,0.10992912155911583
2026-04-09 11:05:00+00:00,0.0,0.005625520417353869
2026-04-09 11:10:00+00:00,0.0,0.00632982342561661
2026-04-09 11:15:00+00:00,0.0,0.010334542071325004
2026-04-09 11:20:00+00:00,0.0,-0.0943111226481026
2026-04-09 11:25:00+00:00,0.0,0.12541778831312733
2026-04-09 11:30:00+00:00,0.0,0.011389128340287158
2026-04-09 11:35:00+00:00,0.0,0.015495228767846925
2026-04-09 11:40:00+00:00,0.0,0.016546485332002092
2026-04-09 11:45:00+00:00,0.0,0.013838005549235532
2026-04-09 11:50:00+00:00,0.0,-0.09939660457830435
2026-04-09 11:55:00+00:00,0.0,0.11087002343969132
2026-04-09 12:00:00+00:00,0.0,0.007432771298953256
2026-04-09 12:05:00+00:00,0.0,0.0070565506849114
2026-04-09 12:10:00+00:00,0.0,0.015955020773860795
2026-04-09 12:15:00+00:00,0.0,-0.0934004518328102
2026-04-09 12:20:00+00:00,0.0,0.12056808079209524
2026-04-09 12:25:00+00:00,0.0,0.009833264777435957
2026-04-09 12:30:00+00:00,0.0,0.010924861595571045
2026-04-09 12:35:00+00:00,0.0,0.009122399236408896
2026-04-09 12:40:00+00:00,0.0,-0.0929076130906008
2026-04-09 12:45:00+00:00,0.0,0.11316656848580209
2026-04-09 12:50:00+00:00,0.0,0.005184582379348157
2026-04-09 12:55:00+00:00,0.0,0.003814506822001462
2026-04-09 13:00:00+00:00,0.0,0.000963350223765147
2026-04-09 13:05:00+00:00,0.0,-0.1001680478188085
2026-04-09 13:10:00+00:00,0.0,0.11471132511311133
2026-04-09 13:15:00+00:00,0.0,0.012355391965135354
2026-04-09 13:20:00+00:00,0.0,0.015277049454670788
2026-04-09 13:25:00+00:00,0.0,0.014896586539407508
2026-04-09 13:30:00+00:00,0.0,-0.09289323163926078
2026-04-09 13:35:00+00:00,0.0,0.11644811162499558
2026-04-09 13:40:00+00:00,0.0,0.011270344822463585
2026-04-09 13:45:00+00:00,0.0,0.01595076310500687
2026-04-09 13:50:00+00:00,0.0,0.01887452160219638
2026-04-09 13:55:00+00:00,0.0,0.016711094225616563
2026-04-09 14:00:00+00:00,0.0,-0.0951633230628115
2026-04-09 14:05:00+00:00,0.0,0.11227812985765695
2026-04-09 14:10:00+00:00,0.0,0.008937656161169372
2026-04-09 14:15:00+00:00,0.0,0.01486083221629464
2026-04-09 14:20:00+00:00,0.0,0.011673313381557193
2026-04-09 14:25:00+00:00,0.0,-0.09101717947757493
2026-04-09 14:30:00+00:00,0.0,0.1145365885058709
2026-04-09 14:35:00+00:00,0.0,0.00457188206429926
2026-04-09 14:40:00+00:00,0.0,0.009219543757270188
2026-04-09 14:45:00+00:00,0.0,0.011248854584820833
2026-04-09 14:50:00+00:00,0.0,-0.09439376630396445
2026-04-09 14:55:00+00:00,0.0,0.11330251047783868
2026-04-09 15:00:00+00:00,0.0,0.0036842601095639083
2026-04-09 15:05:00+00:00,0.0,0.00359030822856532
2026-04-09 15:10:00+00:00,0.0,0.0028488576758043394
2026-04-09 15:15:00+00:00,0.0,-0.1012891499298938
2026-04-09 15:20:00+00:00,0.0,0.11282664580982171
2026-04-09 15:25:00+00:00,0.0,0.009984862191146249
2026-04-09 15:30:00+00:00,0.0,0.01003304273057637
2026-04-09 15:35:00+00:00,0.0,0.008879129010372466
2026-04-09 15:40:00+00:00,0.0,-0.09716954211897288
2026-04-09 15:45:00+00:00,0.0,0.11286394638489128
2026-04-09 15:50:00+00:00,0.0,0.007906256811363477
2026-04-09 15:55:00+00:00,0.0,0.009691791637058245
2026-04-09 16:00:00+00:00,0.0,0.006942029271762351
2026-04-09 16:05:00+00:00,0.0,0.004452844238056031
2026-04-09 16:10:00+00:00,0.0,-0.09997689251509456
2026-04-09 16:15:00+00:00,0.0,0.113303465504071
2026-04-09 16:20:00+00:00,0.0,0.009055720065093809
2026-04-09 16:25:00+00:00,0.0,0.011964495454355628
2026-04-09 16:30:00+00:00,0.0,0.006661881314968809
2026-04-09 16:35:00+00:00,0.0,-0.09999488714112204
2026-04-09 16:40:00+00:00,0.0,0.11228167167998926
2026-04-09 16:45:00+00:00,0.0,0.0080624394194313
2026-04-09 16:50:00+00:00,0.0,0.006969310039076859
2026-04-09 16:55:00+00:00,0.0,0.004560170903754823
2026-04-09 17:00:00+00:00,0.0,-0.10053585444410018
2026-04-09 17:05:00+00:00,0.0,0.10924267597219028
2026-04-09 17:10:00+00:00,0.0,0.00525564652511612
2026-04-09 17:15:00+00:00,0.0,0.0077849143765078566
2026-04-09 17:20:00+00:00,0.0,0.007276189173280656
2026-04-09 17:25:00+00:00,0.0,-0.10003225128001247
2026-04-09 17:30:00+00:00,0.0,0.10959496034980454
2026-04-09 17:35:00+00:00,0.0,0.006714065844912298
2026-04-09 17:40:00+00:00,0.0,0.005395954165628325
2026-04-09 17:45:00+00:00,0.0,0.003179015252221973
2026-04-09 17:50:00+00:00,0.0,-0.10047622093724762
2026-04-09 17:55:00+00:00,0.0,0.11125357824229276
2026-04-09 18:00:00+00:00,0.0,0.006097603882253111
2026-04-09 18:05:00+00:00,0.0,0.008490538600607778
2026-04-09 18:10:00+00:00,0.0,0.006191287064257978
2026-04-09 18:15:00+00:00,0.0,-0.09991886137432715
2026-04-09 18:20:00+00:00,7.8804263442924,0.11045998372780375
2026-04-09 18:25:00+00:00,2.871544080512641,0.0032902501217684232
2026-04-09 18:30:00+00:00,0.8909740214889226,0.004753702397922055
2026-04-09 18:35:00+00:00,0.459105676954783,0.0056107354940877485
2026-04-09 18:40:00+00:00,0.1584112708036436,-0.10188031729816593
2026-04-09 18:45:00+00:00,0.3116908328516548,0.10932895037941393
2026-04-09 18:50:00+00:00,0.15999715075265897,0.005357722055324032
2026-04-09 18:55:00+00:00,0.1345188472333998,0.005221346138688077
2026-04-09 19:00:00+00:00,0.1180065592645203,0.0028936926202174362
2026-04-09 19:05:00+00:00,-0.0029238106653703966,-0.10305045083904218
2026-04-09 19:10:00+00:00,0.18876236319708362,0.1089999595433806
2026-04-09 19:15:00+00:00,0.07739663955515752,0.004668307658695525
2026-04-09 19:20:00+00:00,0.06908059869724781,0.005247947708886258
2026-04-09 19:25:00+00:00,0.058354728587774574,0.003107787150110397
2026-04-09 19:30:00+00:00,-0.05485263912271954,-0.10357314156781428
2026-04-09 19:35:00+00:00,0.15235855624470318,0.10721858116808392
2026-04-09 19:40:00+00:00,0.041392069219984506,0.0033958157476785544
2026-04-09 19:45:00+00:00,0.03942966491789157,0.00558551944118868
2026-04-09 19:50:00+00:00,-0.07412056559883418,-0.09988962564216664
2026-04-09 19:55:00+00:00,0.13711934995908592,0.1088676242014106
2026-04-09 20:00:00+00:00,0.03066984016380303,0.0031182765954849145
2026-04-09 20:05:00+00:00,0.04044696457985175,0.005876248929643779
2026-04-09 20:10:00+00:00,0.03557931250976054,0.005514332165954983
2026-04-09 20:15:00+00:00,-0.06888322536968516,-0.10145253104459151
2026-04-09 20:20:00+00:00,0.13316643005483542,0.1079042547550344
2026-04-09 20:25:00+00:00,0.02516486962983322,0.002185808677493739
2026-04-09 20:30:00+00:00,0.04224317127549959,0.0032285219635266316
2026-04-09 20:35:00+00:00,0.03777724539594551,-0.10158647443576818
2026-04-09 20:40:00+00:00,-0.07363062495928752,0.10895633580606479
2026-04-09 20:45:00+00:00,0.13891922754601715,0.003691907104826697
2026-04-09 20:50:00+00:00,0.03186818679024839,0.0032826447761262756
2026-04-09 20:55:00+00:00,0.030806526281169866,0.003443149311795679
2026-04-09 21:00:00+00:00,-0.06695426749150357,-0.10099806770982767
2026-04-09 21:05:00+00:00,0.13366059027626598,0.10870412669703455
2026-04-09 21:10:00+00:00,0.028557212344987093,0.0030524987060793762
2026-04-09 21:15:00+00:00,0.02923516242061197,0.003523412080156163
2026-04-09 21:20:00+00:00,0.027175899613332888,0.003575056965710033
2026-04-09 21:25:00+00:00,-0.08028014229592806,-0.10288991036913941
2026-04-09 21:30:00+00:00,0.12477553479262582,0.10892968989625196
2026-04-09 21:35:00+00:00,0.02882804847665099,0.004736355980197615
2026-04-09 21:40:00+00:00,0.034233356108655855,0.004229039699266579
2026-04-09 21:45:00+00:00,0.019366311028285565,0.0030367242264208727
2026-04-09 21:50:00+00:00,-0.08570751275530242,-0.10249559051260348
2026-04-09 21:55:00+00:00,0.12473516086914316,0.10721600640424
2026-04-09 22:00:00+00:00,0.017897060788076402,0.002602655454717606
2026-04-09 22:05:00+00:00,0.02399136383882805,0.003254798638149481
2026-04-09 22:10:00+00:00,-0.08507419589295928,-0.10187874918694106
2026-04-09 22:15:00+00:00,0.13415069369884236,0.10947805225856477
2026-04-09 22:20:00+00:00,0.018337693687017875,0.002718577732442995
2026-04-09 22:25:00+00:00,0.013775603378503476,0.0023063498604916077
2026-04-09 22:30:00+00:00,0.017868833047788968,0.0018815392706788003
2026-04-09 22:35:00+00:00,-0.08917021742439069,-0.10287565258789755
2026-04-09 22:40:00+00:00,0.11799127905652362,0.1073358542405245
2026-04-09 22:45:00+00:00,0.01771102972201355,0.00300355433514099
2026-04-09 22:50:00+00:00,0.017811311231874072,0.0028144429394370007
2026-04-09 22:55:00+00:00,0.015935716398201905,0.003006887477507547
2026-04-09 23:00:00+00:00,-0.09873988348381602,-0.1036902842797538
2026-04-09 23:05:00+00:00,0.11927887808630899,0.10784393216510146
2026-04-09 23:10:00+00:00,0.018528985140116916,0.00286374749878604
2026-04-09 23:15:00+00:00,0.0141413665775314,0.0019740734711959362
2026-04-09 23:20:00+00:00,-0.09069987195224805,-0.10283999651844056
2026-04-09 23:25:00+00:00,0.11882055208030984,0.10824186034102112
2026-04-09 23:30:00+00:00,0.013173727522280743,0.002226448498920064
2026-04-09 23:35:00+00:00,0.015460683295200894,0.004477243588777213
2026-04-09 23:40:00+00:00,0.020820189097346287,0.004636395924812575
2026-04-09 23:45:00+00:00,-0.08606206926515192,-0.10145327731766862
2026-04-09 23:50:00+00:00,0.1095120157910241,0.10632477013164099
2026-04-09 23:55:00+00:00,0.013117235567170482,0.0010526077639454456
2026-04-10 00:00:00+00:00,0.013813930156537424,0.0017654721382207583
2026-04-10 00:05:00+00:00,0.01042496425130146,0.0023016179762542777
2026-04-10 00:10:00+00:00,-0.09266268873038719,-0.10315072930465519
2026-04-10 00:15:00+00:00,0.11821074963499356,0.10832438562835378
2026-04-10 00:20:00+00:00,0.012702343428401264,0.0030239189123086874
2026-04-10 00:25:00+00:00,0.007401737207262116,0.0020419765239054755
2026-04-10 00:30:00+00:00,0.01348218078408081,0.0024803677240541333
2026-04-10 00:35:00+00:00,-0.09331949218113245,-0.10249587236380187
2026-04-10 00:40:00+00:00,0.1213758767278037,0.10885353297115152
2026-04-10 00:45:00+00:00,-0.907681789773715,-0.9147707633269739
2026-04-10 00:50:00+00:00,0.9284493590453149,0.9201520549967022
2026-04-10 00:55:00+00:00,0.009755494571910717,0.0018953576315077214
2026-04-10 01:00:00+00:00,0.00747777888871326,0.0015279344537830752
2026-04-10 01:05:00+00:00,0.006802272118676456,0.0016114227495798161
2026-04-10 01:10:00+00:00,-0.09457518695285572,-0.10261017882848478
2026-04-10 01:15:00+00:00,0.11576242882109788,0.10825803161050729
2026-04-10 01:20:00+00:00,0.01254883013528385,0.0027005348927708894
2026-04-10 01:25:00+00:00,0.006468519443911802,0.001717839250460429
2026-04-10 01:30:00+00:00,-2.301595847369061,-2.3022230761330604
