timestep,video,shorts
2026-03-07 02:40:00+00:00,750.0,-43.72727272727269
2026-03-07 02:45:00+00:00,-240.0,-38.454545454545496
2026-03-07 02:50:00+00:00,843.3333333333333,-59.5454545454545
2026-03-07 02:55:00+00:00,294.0,0.090909090909065
2026-03-07 03:00:00+00:00,185.91666666666677,42.27272727272725
2026-03-07 03:05:00+00:00,895.0,-51.606060606060566
2026-03-07 03:10:00+00:00,61.0,37.083333333333314
2026-03-07 03:15:00+00:00,-243.0,18.66666666666669
2026-03-07 03:20:00+00:00,-178.5,-27.41666666666669
2026-03-07 03:25:00+00:00,-48.75,-36.15384615384613
2026-03-07 03:30:00+00:00,-46.0,39.84615384615381
2026-03-07 03:35:00+00:00,25.5,-73.38461538461536
2026-03-07 03:40:00+00:00,-315.25,24.07692307692304
2026-03-07 03:45:00+00:00,-450.25,48.61538461538464
2026-03-07 03:50:00+00:00,100.79999999999995,65.61538461538464
2026-03-07 03:55:00+00:00,29.600000000000136,-55.46153846153851
2026-03-07 04:00:00+00:00,-97.40000000000008,-155.07692307692307
2026-03-07 04:05:00+00:00,-21.40000000000009,19.23076923076925
2026-03-07 04:10:00+00:00,-458.4333333333332,53.19230769230768
2026-03-07 04:15:00+00:00,197.8333333333333,279.1428571428571
2026-03-07 04:20:00+00:00,-216.16666666666677,-201.49999999999997
2026-03-07 04:25:00+00:00,62.66666666666674,25.0
2026-03-07 04:30:00+00:00,140.66666666666674,-49.785714285714334
2026-03-07 04:35:00+00:00,-238.0,-13.0
2026-03-07 04:40:00+00:00,600.8333333333333,13.285714285714334
2026-03-07 04:45:00+00:00,191.0,57.92857142857139
2026-03-07 04:50:00+00:00,20.14285714285711,-24.64285714285711
2026-03-07 04:55:00+00:00,-250.6428571428571,-33.71428571428572
2026-03-07 05:00:00+00:00,-73.75,-143.42857142857144
2026-03-07 05:05:00+00:00,301.375,140.3571428571429
2026-03-07 05:10:00+00:00,-160.0,-8.428571428571445
2026-03-07 05:15:00+00:00,-200.34722222222217,10.285714285714278
2026-03-07 05:20:00+00:00,-143.87777777777774,-128.8125
2026-03-07 05:25:00+00:00,134.29999999999995,-19.625
2026-03-07 05:30:00+00:00,-127.70000000000005,81.0625
2026-03-07 05:35:00+00:00,182.75,-10.125
2026-03-07 05:40:00+00:00,405.0,167.0625
2026-03-07 05:45:00+00:00,-96.33333333333326,-94.0
2026-03-07 05:50:00+00:00,-212.75,-44.3125
2026-03-07 05:55:00+00:00,2.333333333333257,-49.125
2026-03-07 06:00:00+00:00,-88.16666666666674,20.875
2026-03-07 06:05:00+00:00,-56.75,29.600000000000023
2026-03-07 06:10:00+00:00,-73.29761904761904,-94.26666666666668
2026-03-07 06:15:00+00:00,477.2142857142858,142.37254901960782
2026-03-07 06:20:00+00:00,-62.78571428571422,5.764705882352985
2026-03-07 06:25:00+00:00,-193.71428571428575,-99.47058823529414
2026-03-07 06:30:00+00:00,-134.07142857142867,-2.647058823529392
2026-03-07 06:35:00+00:00,45.64285714285734,12.0
2026-03-07 06:40:00+00:00,293.21428571428555,-4.352941176470608
2026-03-07 06:45:00+00:00,-67.78571428571422,118.05882352941175
2026-03-07 06:50:00+00:00,-48.14285714285711,-16.176470588235304
2026-03-07 06:55:00+00:00,-261.7142857142858,-129.47058823529412
2026-03-07 07:00:00+00:00,-178.78571428571422,-33.823529411764696
2026-03-07 07:05:00+00:00,168.6428571428571,8.133986928104576
2026-03-07 07:10:00+00:00,-9.533333333333305,78.83333333333331
2026-03-07 07:15:00+00:00,-59.4666666666667,37.865497076023416
2026-03-07 07:20:00+00:00,11.368421052631676,-96.26315789473684
2026-03-07 07:25:00+00:00,-481.263157894737,-35.57894736842107
2026-03-07 07:30:00+00:00,-40.15526315789464,-45.84210526315789
2026-03-07 07:35:00+00:00,115.64999999999998,-50.157894736842096
2026-03-07 07:40:00+00:00,-9.076190476190504,29.57894736842105
2026-03-07 07:45:00+00:00,405.9047619047618,165.21052631578945
2026-03-07 07:50:00+00:00,-63.809523809523625,-0.5263157894736423
2026-03-07 07:55:00+00:00,-235.52380952380963,-117.47368421052632
2026-03-07 08:00:00+00:00,-209.8571428571429,-79.57894736842107
2026-03-07 08:05:00+00:00,117.85714285714288,56.63157894736844
2026-03-07 08:10:00+00:00,28.28571428571433,47.31578947368419
2026-03-07 08:15:00+00:00,199.95238095238085,47.94736842105263
2026-03-07 08:20:00+00:00,-138.28571428571422,-55.4736842105263
2026-03-07 08:25:00+00:00,356.0952380952381,38.94736842105263
2026-03-07 08:30:00+00:00,-718.1428571428571,-121.26315789473684
2026-03-07 08:35:00+00:00,443.19047619047615,121.5263157894737
2026-03-07 08:40:00+00:00,-156.57142857142856,-93.84210526315792
2026-03-07 08:45:00+00:00,265.42857142857144,39.68421052631581
2026-03-07 08:50:00+00:00,-466.4285714285714,13.4736842105263
2026-03-07 08:55:00+00:00,435.57142857142856,50.26315789473685
2026-03-07 09:00:00+00:00,-361.5238095238095,-101.68421052631578
2026-03-07 09:05:00+00:00,32.904761904761926,3.421052631578931
2026-03-07 09:10:00+00:00,68.76190476190482,35.5263157894737
2026-03-07 09:15:00+00:00,62.66666666666663,64.52631578947367
2026-03-07 09:20:00+00:00,-32.61904761904759,-40.0
2026-03-07 09:25:00+00:00,-330.66666666666674,-109.73684210526316
2026-03-07 09:30:00+00:00,252.66666666666677,54.73684210526315
2026-03-07 09:35:00+00:00,-71.04761904761904,-33.89473684210526
2026-03-07 09:40:00+00:00,164.04761904761904,148.4736842105263
2026-03-07 09:45:00+00:00,-61.428571428571445,-122.99999999999996
2026-03-07 09:50:00+00:00,53.52380952380952,87.89473684210526
2026-03-07 09:55:00+00:00,8.428571428571445,-33.10526315789474
2026-03-07 10:00:00+00:00,126.5238095238094,37.52631578947367
2026-03-07 10:05:00+00:00,-129.80952380952374,-94.89473684210526
2026-03-07 10:10:00+00:00,88.7619047619047,72.21052631578948
2026-03-07 10:15:00+00:00,-368.095238095238,-57.84210526315789
2026-03-07 10:20:00+00:00,-72.42857142857144,38.36842105263156
2026-03-07 10:25:00+00:00,95.80952380952374,-105.89473684210525
2026-03-07 10:30:00+00:00,-172.9047619047618,-9.26315789473685
2026-03-07 10:35:00+00:00,541.2380952380952,156.5263157894737
2026-03-07 10:40:00+00:00,-163.6190476190476,-58.4736842105263
2026-03-07 10:45:00+00:00,108.66666666666664,-52.21052631578948
2026-03-07 10:50:00+00:00,-425.04761904761904,13.84210526315789
2026-03-07 10:55:00+00:00,-164.66666666666669,-18.84210526315789
2026-03-07 11:00:00+00:00,227.4285714285715,-13.15789473684211
2026-03-07 11:05:00+00:00,17.857142857142776,-29.78947368421053
2026-03-07 11:10:00+00:00,360.33333333333337,112.8421052631579
2026-03-07 11:15:00+00:00,-304.80952380952385,-14.05263157894737
2026-03-07 11:20:00+00:00,164.3809523809524,-27.47368421052633
2026-03-07 11:25:00+00:00,-581.4761904761905,-73.57894736842104
2026-03-07 11:30:00+00:00,-3.047619047619037,-8.368421052631575
2026-03-07 11:35:00+00:00,-76.52380952380952,-37.736842105263165
2026-03-07 11:40:00+00:00,45.904761904761926,-5.210526315789473
2026-03-07 11:45:00+00:00,571.2857142857142,125.78947368421056
2026-03-07 11:50:00+00:00,27.238095238095298,-42.736842105263165
2026-03-07 11:55:00+00:00,199.90476190476195,76.89473684210525
2026-03-07 12:00:00+00:00,-50.80952380952385,92.6842105263158
2026-03-07 12:05:00+00:00,45.28571428571422,-61.78947368421055
2026-03-07 12:10:00+00:00,114.80952380952384,-17.73684210526315
2026-03-07 12:15:00+00:00,-392.71428571428567,-22.0
2026-03-07 12:20:00+00:00,142.09523809523807,-0.0526315789473699
2026-03-07 12:25:00+00:00,-646.8571428571429,-121.73684210526316
2026-03-07 12:30:00+00:00,305.04761904761904,24.315789473684205
2026-03-07 12:35:00+00:00,212.7619047619048,65.26315789473684
2026-03-07 12:40:00+00:00,-46.904761904761926,-14.4736842105263
2026-03-07 12:45:00+00:00,331.3809523809524,115.0
2026-03-07 12:50:00+00:00,-374.0,-144.31578947368422
2026-03-07 12:55:00+00:00,-8.095238095238074,42.26315789473685
2026-03-07 13:00:00+00:00,-520.047619047619,-104.15789473684212
2026-03-07 13:05:00+00:00,164.0,38.6842105263158
2026-03-07 13:10:00+00:00,463.6190476190477,15.368421052631575
2026-03-07 13:15:00+00:00,68.38095238095241,37.26315789473685
2026-03-07 13:20:00+00:00,40.95238095238085,12.89473684210526
2026-03-07 13:25:00+00:00,-126.04761904761904,16.73684210526315
2026-03-07 13:30:00+00:00,148.71428571428578,-24.42105263157893
2026-03-07 13:35:00+00:00,125.66666666666664,42.68421052631578
2026-03-07 13:40:00+00:00,-113.23809523809518,6.6842105263157805
2026-03-07 13:45:00+00:00,-8.333333333333371,33.89473684210526
2026-03-07 13:50:00+00:00,81.80952380952374,-32.42105263157893
2026-03-07 13:55:00+00:00,-469.19047619047615,-98.31578947368422
2026-03-07 14:00:00+00:00,-2.047619047619037,14.315789473684204
2026-03-07 14:05:00+00:00,196.47619047619048,18.736842105263165
2026-03-07 14:10:00+00:00,230.0952380952382,86.31578947368422
2026-03-07 14:15:00+00:00,78.3809523809523,-72.42105263157896
2026-03-07 14:20:00+00:00,-151.0,11.21052631578948
2026-03-07 14:25:00+00:00,-394.28571428571433,-31.26315789473685
2026-03-07 14:30:00+00:00,623.6190476190476,156.6842105263158
2026-03-07 14:35:00+00:00,-137.8571428571429,-120.21052631578948
2026-03-07 14:40:00+00:00,206.33333333333348,110.42105263157896
2026-03-07 14:45:00+00:00,33.523809523809405,-24.42105263157896
2026-03-07 14:50:00+00:00,-200.42857142857133,-54.42105263157896
2026-03-07 14:55:00+00:00,-626.3809523809524,-81.52631578947368
2026-03-07 15:00:00+00:00,96.85714285714288,20.315789473684205
2026-03-07 15:05:00+00:00,45.38095238095241,24.63157894736844
2026-03-07 15:10:00+00:00,23.571428571428555,-55.5263157894737
2026-03-07 15:15:00+00:00,126.09523809523807,24.684210526315795
2026-03-07 15:20:00+00:00,69.23809523809518,-5.15789473684211
2026-03-07 15:25:00+00:00,-196.47619047619048,-31.10526315789473
2026-03-07 15:30:00+00:00,-298.7619047619047,-45.57894736842106
2026-03-07 15:35:00+00:00,468.71428571428567,114.5263157894737
2026-03-07 15:40:00+00:00,626.4285714285716,117.89473684210525
2026-03-07 15:45:00+00:00,155.85714285714266,53.68421052631584
2026-03-07 15:50:00+00:00,367.0952380952383,73.52631578947364
2026-03-07 15:55:00+00:00,-495.1904761904764,-21.68421052631578
2026-03-07 16:00:00+00:00,-544.2857142857142,-250.6315789473684
2026-03-07 16:05:00+00:00,-57.19047619047615,62.40263157894736
2026-03-07 16:10:00+00:00,38.33333333333326,-31.599999999999994
2026-03-07 16:15:00+00:00,-191.7619047619047,-38.85
2026-03-07 16:20:00+00:00,-251.66666666666669,-29.10000000000001
2026-03-07 16:25:00+00:00,597.3809523809523,120.6
2026-03-07 16:30:00+00:00,-64.7619047619047,84.15
2026-03-07 16:35:00+00:00,-180.3809523809524,-172.85000000000002
2026-03-07 16:40:00+00:00,85.19047619047615,41.3
2026-03-07 16:45:00+00:00,183.09523809523807,72.1
2026-03-07 16:50:00+00:00,-29.476190476190368,-7.75
2026-03-07 16:55:00+00:00,-549.6666666666667,-136.45
2026-03-07 17:00:00+00:00,356.1904761904762,136.85
2026-03-07 17:05:00+00:00,123.42857142857144,-26.40000000000001
2026-03-07 17:10:00+00:00,-267.9047619047619,-29.549999999999983
2026-03-07 17:15:00+00:00,163.6190476190476,59.04999999999998
2026-03-07 17:20:00+00:00,134.6190476190476,-65.6
2026-03-07 17:25:00+00:00,-177.95238095238096,34.5
2026-03-07 17:30:00+00:00,-243.57142857142856,-64.6
2026-03-07 17:35:00+00:00,373.6666666666666,112.15
2026-03-07 17:40:00+00:00,5.428571428571445,-80.45000000000002
2026-03-07 17:45:00+00:00,-139.3809523809523,41.0
2026-03-07 17:50:00+00:00,28.761904761904702,12.400000000000006
2026-03-07 17:55:00+00:00,62.285714285714334,60.55000000000001
2026-03-07 18:00:00+00:00,23.857142857142776,-103.3
2026-03-07 18:05:00+00:00,-317.2380952380952,-30.0
2026-03-07 18:10:00+00:00,-67.14285714285711,-13.949999999999989
2026-03-07 18:15:00+00:00,224.9047619047618,49.85
2026-03-07 18:20:00+00:00,-21.857142857142776,-49.35
2026-03-07 18:25:00+00:00,-37.285714285714334,37.25
2026-03-07 18:30:00+00:00,-17.619047619047592,3.8499999999999934
2026-03-07 18:35:00+00:00,-215.33333333333337,-78.4
2026-03-07 18:40:00+00:00,97.85714285714288,32.099999999999994
2026-03-07 18:45:00+00:00,266.33333333333337,16.650000000000006
2026-03-07 18:50:00+00:00,-10.285714285714334,54.6
2026-03-07 18:55:00+00:00,72.80952380952385,68.25000000000003
2026-03-07 19:00:00+00:00,-401.7142857142858,-163.20000000000002
2026-03-07 19:05:00+00:00,-27.76190476190476,1.2999999999999972
2026-03-07 19:10:00+00:00,222.4761904761905,94.2
2026-03-07 19:15:00+00:00,39.19047619047615,-7.150000000000006
2026-03-07 19:20:00+00:00,-72.33333333333337,-2.300000000000012
2026-03-07 19:25:00+00:00,20.0,-87.49999999999999
2026-03-07 19:30:00+00:00,-304.4285714285714,0.7999999999999972
2026-03-07 19:35:00+00:00,137.52380952380958,69.75
2026-03-07 19:40:00+00:00,269.57142857142856,13.300000000000011
2026-03-07 19:45:00+00:00,-115.66666666666674,-10.75
2026-03-07 19:50:00+00:00,-53.04761904761904,0.2999999999999829
2026-03-07 19:55:00+00:00,-615.1428571428571,-181.1
2026-03-07 20:00:00+00:00,0.0,0.0
2026-03-07 20:05:00+00:00,0.0,0.0
2026-03-07 20:10:00+00:00,0.0,0.0
2026-03-07 20:15:00+00:00,0.0,0.0
2026-03-07 20:20:00+00:00,0.0,0.0
2026-03-07 20:25:00+00:00,0.0,0.0
2026-03-07 20:30:00+00:00,0.0,0.0
2026-03-07 20:35:00+00:00,0.0,0.0
2026-03-07 20:40:00+00:00,0.0,0.0
2026-03-07 20:45:00+00:00,0.0,0.0
2026-03-07 20:50:00+00:00,0.0,0.0
2026-03-07 20:55:00+00:00,0.0,0.0
2026-03-07 21:00:00+00:00,0.0,0.0
2026-03-07 21:05:00+00:00,0.0,0.0
2026-03-07 21:10:00+00:00,0.0,0.0
2026-03-07 21:15:00+00:00,0.0,0.0
2026-03-07 21:20:00+00:00,0.0,0.0
2026-03-07 21:25:00+00:00,0.0,0.0
2026-03-07 21:30:00+00:00,0.0,0.0
2026-03-07 21:35:00+00:00,0.0,0.0
2026-03-07 21:40:00+00:00,0.0,0.0
2026-03-07 21:45:00+00:00,0.0,0.0
2026-03-07 21:50:00+00:00,0.0,0.0
2026-03-07 21:55:00+00:00,0.0,0.0
2026-03-07 22:00:00+00:00,0.0,0.0
2026-03-07 22:05:00+00:00,0.0,0.0
2026-03-07 22:10:00+00:00,0.0,0.0
2026-03-07 22:15:00+00:00,0.0,0.0
2026-03-07 22:20:00+00:00,0.0,0.0
2026-03-07 22:25:00+00:00,0.0,0.0
2026-03-07 22:30:00+00:00,0.0,0.0
2026-03-07 22:35:00+00:00,0.0,0.0
2026-03-07 22:40:00+00:00,0.0,0.0
2026-03-07 22:45:00+00:00,0.0,0.0
2026-03-07 22:50:00+00:00,0.0,0.0
2026-03-07 22:55:00+00:00,0.0,0.0
2026-03-07 23:00:00+00:00,0.0,0.0
2026-03-07 23:05:00+00:00,0.0,0.0
2026-03-07 23:10:00+00:00,0.0,0.0
2026-03-07 23:15:00+00:00,0.0,0.0
2026-03-07 23:20:00+00:00,0.0,0.0
2026-03-07 23:25:00+00:00,0.0,0.0
2026-03-07 23:30:00+00:00,0.0,0.0
2026-03-07 23:35:00+00:00,0.0,0.0
2026-03-07 23:40:00+00:00,0.0,0.0
2026-03-07 23:45:00+00:00,0.0,0.0
2026-03-07 23:50:00+00:00,0.0,0.0
2026-03-07 23:55:00+00:00,0.0,0.0
2026-03-08 00:00:00+00:00,0.0,0.0
2026-03-08 00:05:00+00:00,0.0,0.0
2026-03-08 00:10:00+00:00,0.0,0.0
2026-03-08 00:15:00+00:00,0.0,0.0
2026-03-08 00:20:00+00:00,0.0,0.0
2026-03-08 00:25:00+00:00,0.0,0.0
2026-03-08 00:30:00+00:00,0.0,0.0
2026-03-08 00:35:00+00:00,0.0,0.0
2026-03-08 00:40:00+00:00,0.0,0.0
2026-03-08 00:45:00+00:00,0.0,0.0
2026-03-08 00:50:00+00:00,0.0,0.0
2026-03-08 00:55:00+00:00,0.0,0.0
2026-03-08 01:00:00+00:00,0.0,0.0
2026-03-08 01:05:00+00:00,0.0,0.0
2026-03-08 01:10:00+00:00,0.0,0.0
2026-03-08 01:15:00+00:00,0.0,0.0
2026-03-08 01:20:00+00:00,0.0,0.0
2026-03-08 01:25:00+00:00,0.0,0.0
2026-03-08 01:30:00+00:00,0.0,0.0
2026-03-08 01:35:00+00:00,0.0,0.0
2026-03-08 01:40:00+00:00,0.0,0.0
2026-03-08 01:45:00+00:00,0.0,0.0
2026-03-08 01:50:00+00:00,0.0,0.0
2026-03-08 01:55:00+00:00,0.0,0.0
2026-03-08 02:00:00+00:00,0.0,0.0
2026-03-08 02:05:00+00:00,0.0,0.0
2026-03-08 02:10:00+00:00,0.0,0.0
2026-03-08 02:15:00+00:00,0.0,0.0
2026-03-08 02:20:00+00:00,0.0,0.0
2026-03-08 02:25:00+00:00,0.0,0.0
2026-03-08 02:30:00+00:00,0.0,0.0
2026-03-08 02:35:00+00:00,0.0,0.0
2026-03-08 02:40:00+00:00,0.0,0.0
2026-03-08 02:45:00+00:00,0.0,0.0
2026-03-08 02:50:00+00:00,0.0,0.0
2026-03-08 02:55:00+00:00,0.0,0.0
2026-03-08 03:00:00+00:00,0.0,0.0
2026-03-08 03:05:00+00:00,0.0,0.0
2026-03-08 03:10:00+00:00,0.0,0.0
2026-03-08 03:15:00+00:00,0.0,0.0
2026-03-08 03:20:00+00:00,0.0,0.0
2026-03-08 03:25:00+00:00,0.0,0.0
2026-03-08 03:30:00+00:00,0.0,0.0
2026-03-08 03:35:00+00:00,0.0,0.0
2026-03-08 03:40:00+00:00,0.0,0.0
2026-03-08 03:45:00+00:00,0.0,0.0
2026-03-08 03:50:00+00:00,0.0,0.0
2026-03-08 03:55:00+00:00,0.0,0.0
2026-03-08 04:00:00+00:00,0.0,0.0
2026-03-08 04:05:00+00:00,0.0,0.0
2026-03-08 04:10:00+00:00,0.0,0.0
2026-03-08 04:15:00+00:00,0.0,0.0
2026-03-08 04:20:00+00:00,0.0,0.0
2026-03-08 04:25:00+00:00,0.0,0.0
2026-03-08 04:30:00+00:00,0.0,0.0
2026-03-08 04:35:00+00:00,0.0,0.0
2026-03-08 04:40:00+00:00,0.0,0.0
2026-03-08 04:45:00+00:00,0.0,0.0
2026-03-08 04:50:00+00:00,0.0,0.0
2026-03-08 04:55:00+00:00,0.0,0.0
2026-03-08 05:00:00+00:00,0.0,0.0
2026-03-08 05:05:00+00:00,0.0,0.0
2026-03-08 05:10:00+00:00,0.0,0.0
2026-03-08 05:15:00+00:00,0.0,0.0
2026-03-08 05:20:00+00:00,0.0,0.0
2026-03-08 05:25:00+00:00,0.0,0.0
2026-03-08 05:30:00+00:00,0.0,0.0
2026-03-08 05:35:00+00:00,0.0,0.0
2026-03-08 05:40:00+00:00,0.0,0.0
2026-03-08 05:45:00+00:00,0.0,0.0
2026-03-08 05:50:00+00:00,0.0,0.0
2026-03-08 05:55:00+00:00,0.0,0.0
2026-03-08 06:00:00+00:00,0.0,0.0
2026-03-08 06:05:00+00:00,0.0,0.0
2026-03-08 06:10:00+00:00,0.0,0.0
2026-03-08 06:15:00+00:00,0.0,0.0
2026-03-08 06:20:00+00:00,0.0,0.0
2026-03-08 06:25:00+00:00,0.0,0.0
2026-03-08 06:30:00+00:00,0.0,0.0
2026-03-08 06:35:00+00:00,0.0,0.0
2026-03-08 06:40:00+00:00,0.0,0.0
2026-03-08 06:45:00+00:00,0.0,0.0
2026-03-08 06:50:00+00:00,0.0,0.0
2026-03-08 06:55:00+00:00,0.0,0.0
2026-03-08 07:00:00+00:00,0.0,0.0
2026-03-08 07:05:00+00:00,0.0,0.0
2026-03-08 07:10:00+00:00,0.0,0.0
2026-03-08 07:15:00+00:00,0.0,0.0
2026-03-08 07:20:00+00:00,0.0,0.0
2026-03-08 07:25:00+00:00,0.0,0.0
2026-03-08 07:30:00+00:00,0.0,0.0
2026-03-08 07:35:00+00:00,0.0,0.0
2026-03-08 07:40:00+00:00,0.0,0.0
2026-03-08 07:45:00+00:00,0.0,0.0
2026-03-08 07:50:00+00:00,0.0,0.0
2026-03-08 07:55:00+00:00,0.0,0.0
2026-03-08 08:00:00+00:00,0.0,0.0
2026-03-08 08:05:00+00:00,0.0,0.0
2026-03-08 08:10:00+00:00,0.0,0.0
2026-03-08 08:15:00+00:00,0.0,0.0
2026-03-08 08:20:00+00:00,0.0,0.0
2026-03-08 08:25:00+00:00,0.0,0.0
2026-03-08 08:30:00+00:00,0.0,0.0
2026-03-08 08:35:00+00:00,0.0,0.0
2026-03-08 08:40:00+00:00,0.0,0.0
2026-03-08 08:45:00+00:00,0.0,0.0
2026-03-08 08:50:00+00:00,0.0,0.0
2026-03-08 08:55:00+00:00,0.0,0.0
2026-03-08 09:00:00+00:00,0.0,0.0
2026-03-08 09:05:00+00:00,0.0,0.0
2026-03-08 09:10:00+00:00,0.0,0.0
2026-03-08 09:15:00+00:00,0.0,0.0
2026-03-08 09:20:00+00:00,0.0,0.0
2026-03-08 09:25:00+00:00,0.0,0.0
2026-03-08 09:30:00+00:00,0.0,0.0
2026-03-08 09:35:00+00:00,0.0,0.0
2026-03-08 09:40:00+00:00,0.0,0.0
2026-03-08 09:45:00+00:00,0.0,0.0
2026-03-08 09:50:00+00:00,0.0,0.0
2026-03-08 09:55:00+00:00,0.0,0.0
2026-03-08 10:00:00+00:00,0.0,0.0
2026-03-08 10:05:00+00:00,0.0,0.0
2026-03-08 10:10:00+00:00,0.0,0.0
2026-03-08 10:15:00+00:00,0.0,0.0
2026-03-08 10:20:00+00:00,0.0,0.0
2026-03-08 10:25:00+00:00,0.0,0.0
2026-03-08 10:30:00+00:00,0.0,0.0
2026-03-08 10:35:00+00:00,0.0,0.0
2026-03-08 10:40:00+00:00,0.0,0.0
2026-03-08 10:45:00+00:00,0.0,0.0
2026-03-08 10:50:00+00:00,0.0,0.0
2026-03-08 10:55:00+00:00,0.0,0.0
2026-03-08 11:00:00+00:00,0.0,0.0
2026-03-08 11:05:00+00:00,0.0,0.0
2026-03-08 11:10:00+00:00,0.0,0.0
2026-03-08 11:15:00+00:00,0.0,0.0
2026-03-08 11:20:00+00:00,0.0,0.0
2026-03-08 11:25:00+00:00,0.0,0.0
2026-03-08 11:30:00+00:00,0.0,0.0
2026-03-08 11:35:00+00:00,0.0,0.0
2026-03-08 11:40:00+00:00,0.0,0.0
2026-03-08 11:45:00+00:00,0.0,0.0
2026-03-08 11:50:00+00:00,0.0,0.0
2026-03-08 11:55:00+00:00,0.0,0.0
2026-03-08 12:00:00+00:00,0.0,0.0
2026-03-08 12:05:00+00:00,0.0,0.0
2026-03-08 12:10:00+00:00,0.0,0.0
2026-03-08 12:15:00+00:00,0.0,0.0
2026-03-08 12:20:00+00:00,0.0,0.0
2026-03-08 12:25:00+00:00,0.0,0.0
2026-03-08 12:30:00+00:00,0.0,0.0
2026-03-08 12:35:00+00:00,0.0,0.0
2026-03-08 12:40:00+00:00,0.0,0.0
2026-03-08 12:45:00+00:00,0.0,0.0
2026-03-08 12:50:00+00:00,0.0,0.0
2026-03-08 12:55:00+00:00,0.0,0.0
2026-03-08 13:00:00+00:00,0.0,0.0
2026-03-08 13:05:00+00:00,0.0,0.0
2026-03-08 13:10:00+00:00,0.0,0.0
2026-03-08 13:15:00+00:00,0.0,0.0
2026-03-08 13:20:00+00:00,0.0,0.0
2026-03-08 13:25:00+00:00,0.0,0.0
2026-03-08 13:30:00+00:00,0.0,0.0
2026-03-08 13:35:00+00:00,0.0,0.0
2026-03-08 13:40:00+00:00,0.0,0.0
2026-03-08 13:45:00+00:00,0.0,0.0
2026-03-08 13:50:00+00:00,0.0,0.0
2026-03-08 13:55:00+00:00,0.0,0.0
2026-03-08 14:00:00+00:00,0.0,0.0
2026-03-08 14:05:00+00:00,0.0,0.0
2026-03-08 14:10:00+00:00,0.0,0.0
2026-03-08 14:15:00+00:00,0.0,0.0
2026-03-08 14:20:00+00:00,0.0,0.0
2026-03-08 14:25:00+00:00,0.0,0.0
2026-03-08 14:30:00+00:00,0.0,0.0
2026-03-08 14:35:00+00:00,0.0,0.0
2026-03-08 14:40:00+00:00,0.0,0.0
2026-03-08 14:45:00+00:00,0.0,0.0
2026-03-08 14:50:00+00:00,0.0,0.0
2026-03-08 14:55:00+00:00,0.0,0.0
2026-03-08 15:00:00+00:00,0.0,0.0
2026-03-08 15:05:00+00:00,0.0,0.0
2026-03-08 15:10:00+00:00,0.0,0.0
2026-03-08 15:15:00+00:00,0.0,0.0
2026-03-08 15:20:00+00:00,0.0,0.0
2026-03-08 15:25:00+00:00,0.0,0.0
2026-03-08 15:30:00+00:00,0.0,0.0
2026-03-08 15:35:00+00:00,0.0,0.0
2026-03-08 15:40:00+00:00,0.0,0.0
2026-03-08 15:45:00+00:00,0.0,0.0
2026-03-08 15:50:00+00:00,0.0,0.0
2026-03-08 15:55:00+00:00,0.0,0.0
2026-03-08 16:00:00+00:00,0.0,0.0
2026-03-08 16:05:00+00:00,0.0,0.0
2026-03-08 16:10:00+00:00,0.0,0.0
2026-03-08 16:15:00+00:00,0.0,0.0
2026-03-08 16:20:00+00:00,0.0,0.0
2026-03-08 16:25:00+00:00,0.0,0.0
2026-03-08 16:30:00+00:00,0.0,0.0
2026-03-08 16:35:00+00:00,0.0,0.0
2026-03-08 16:40:00+00:00,0.0,0.0
2026-03-08 16:45:00+00:00,0.0,0.0
2026-03-08 16:50:00+00:00,0.0,0.0
2026-03-08 16:55:00+00:00,0.0,0.0
2026-03-08 17:00:00+00:00,0.0,0.0
2026-03-08 17:05:00+00:00,0.0,0.0
2026-03-08 17:10:00+00:00,0.0,0.0
2026-03-08 17:15:00+00:00,0.0,0.0
2026-03-08 17:20:00+00:00,0.0,0.0
2026-03-08 17:25:00+00:00,0.0,0.0
2026-03-08 17:30:00+00:00,0.0,0.0
2026-03-08 17:35:00+00:00,0.0,0.0
2026-03-08 17:40:00+00:00,0.0,0.0
2026-03-08 17:45:00+00:00,0.0,0.0
2026-03-08 17:50:00+00:00,0.0,0.0
2026-03-08 17:55:00+00:00,0.0,0.0
2026-03-08 18:00:00+00:00,0.0,0.0
2026-03-08 18:05:00+00:00,0.0,0.0
2026-03-08 18:10:00+00:00,0.0,0.0
2026-03-08 18:15:00+00:00,0.0,0.0
2026-03-08 18:20:00+00:00,0.0,0.0
2026-03-08 18:25:00+00:00,0.0,0.0
2026-03-08 18:30:00+00:00,0.0,0.0
2026-03-08 18:35:00+00:00,0.0,0.0
2026-03-08 18:40:00+00:00,0.0,0.0
2026-03-08 18:45:00+00:00,0.0,0.0
2026-03-08 18:50:00+00:00,0.0,0.0
2026-03-08 18:55:00+00:00,0.0,0.0
2026-03-08 19:00:00+00:00,0.0,0.0
2026-03-08 19:05:00+00:00,0.0,0.0
2026-03-08 19:10:00+00:00,0.0,0.0
2026-03-08 19:15:00+00:00,0.0,0.0
2026-03-08 19:20:00+00:00,0.0,0.0
2026-03-08 19:25:00+00:00,0.0,0.0
2026-03-08 19:30:00+00:00,0.0,0.0
2026-03-08 19:35:00+00:00,0.0,0.0
2026-03-08 19:40:00+00:00,0.0,0.0
2026-03-08 19:45:00+00:00,0.0,0.0
2026-03-08 19:50:00+00:00,0.0,0.0
2026-03-08 19:55:00+00:00,0.0,0.0
2026-03-08 20:00:00+00:00,0.0,0.0
2026-03-08 20:05:00+00:00,0.0,0.0
2026-03-08 20:10:00+00:00,0.0,0.0
2026-03-08 20:15:00+00:00,0.0,0.0
2026-03-08 20:20:00+00:00,0.0,0.0
2026-03-08 20:25:00+00:00,0.0,0.0
2026-03-08 20:30:00+00:00,0.0,0.0
2026-03-08 20:35:00+00:00,0.0,0.0
2026-03-08 20:40:00+00:00,0.0,0.0
2026-03-08 20:45:00+00:00,0.0,0.0
2026-03-08 20:50:00+00:00,0.0,0.0
2026-03-08 20:55:00+00:00,0.0,0.0
2026-03-08 21:00:00+00:00,0.0,0.0
2026-03-08 21:05:00+00:00,0.0,0.0
2026-03-08 21:10:00+00:00,0.0,0.0
2026-03-08 21:15:00+00:00,0.0,0.0
2026-03-08 21:20:00+00:00,0.0,0.0
2026-03-08 21:25:00+00:00,0.0,0.0
2026-03-08 21:30:00+00:00,0.0,0.0
2026-03-08 21:35:00+00:00,0.0,0.0
2026-03-08 21:40:00+00:00,0.0,0.0
2026-03-08 21:45:00+00:00,0.0,0.0
2026-03-08 21:50:00+00:00,0.0,0.0
2026-03-08 21:55:00+00:00,0.0,0.0
2026-03-08 22:00:00+00:00,0.0,0.0
2026-03-08 22:05:00+00:00,0.0,0.0
2026-03-08 22:10:00+00:00,0.0,0.0
2026-03-08 22:15:00+00:00,0.0,0.0
2026-03-08 22:20:00+00:00,0.0,0.0
2026-03-08 22:25:00+00:00,0.0,0.0
2026-03-08 22:30:00+00:00,0.0,0.0
2026-03-08 22:35:00+00:00,0.0,0.0
2026-03-08 22:40:00+00:00,0.0,0.0
2026-03-08 22:45:00+00:00,0.0,0.0
2026-03-08 22:50:00+00:00,0.0,0.0
2026-03-08 22:55:00+00:00,0.0,0.0
2026-03-08 23:00:00+00:00,0.0,0.0
2026-03-08 23:05:00+00:00,0.0,0.0
2026-03-08 23:10:00+00:00,0.0,0.0
2026-03-08 23:15:00+00:00,0.0,0.0
2026-03-08 23:20:00+00:00,0.0,0.0
2026-03-08 23:25:00+00:00,0.0,0.0
2026-03-08 23:30:00+00:00,0.0,0.0
2026-03-08 23:35:00+00:00,0.0,0.0
2026-03-08 23:40:00+00:00,0.0,0.0
2026-03-08 23:45:00+00:00,0.0,0.0
2026-03-08 23:50:00+00:00,0.0,0.0
2026-03-08 23:55:00+00:00,0.0,0.0
2026-03-09 00:00:00+00:00,0.0,0.0
2026-03-09 00:05:00+00:00,0.0,0.0
2026-03-09 00:10:00+00:00,0.0,0.0
2026-03-09 00:15:00+00:00,0.0,0.0
2026-03-09 00:20:00+00:00,0.0,0.0
2026-03-09 00:25:00+00:00,0.0,0.0
2026-03-09 00:30:00+00:00,0.0,0.0
2026-03-09 00:35:00+00:00,0.0,0.0
2026-03-09 00:40:00+00:00,0.0,0.0
2026-03-09 00:45:00+00:00,0.0,0.0
2026-03-09 00:50:00+00:00,0.0,0.0
2026-03-09 00:55:00+00:00,0.0,0.0
2026-03-09 01:00:00+00:00,0.0,0.0
2026-03-09 01:05:00+00:00,0.0,0.0
2026-03-09 01:10:00+00:00,0.0,0.0
2026-03-09 01:15:00+00:00,0.0,0.0
2026-03-09 01:20:00+00:00,0.0,0.0
2026-03-09 01:25:00+00:00,0.0,0.0
2026-03-09 01:30:00+00:00,0.0,0.0
2026-03-09 01:35:00+00:00,0.0,0.0
2026-03-09 01:40:00+00:00,0.0,0.0
2026-03-09 01:45:00+00:00,0.0,0.0
2026-03-09 01:50:00+00:00,0.0,0.0
2026-03-09 01:55:00+00:00,0.0,0.0
2026-03-09 02:00:00+00:00,0.0,0.0
2026-03-09 02:05:00+00:00,0.0,0.0
2026-03-09 02:10:00+00:00,0.0,0.0
2026-03-09 02:15:00+00:00,0.0,0.0
2026-03-09 02:20:00+00:00,0.0,0.0
2026-03-09 02:25:00+00:00,0.0,0.0
2026-03-09 02:30:00+00:00,0.0,0.0
2026-03-09 02:35:00+00:00,0.0,0.0
2026-03-09 02:40:00+00:00,0.0,0.0
2026-03-09 02:45:00+00:00,0.0,0.0
2026-03-09 02:50:00+00:00,0.0,0.0
2026-03-09 02:55:00+00:00,0.0,0.0
2026-03-09 03:00:00+00:00,0.0,0.0
2026-03-09 03:05:00+00:00,0.0,0.0
2026-03-09 03:10:00+00:00,0.0,0.0
2026-03-09 03:15:00+00:00,0.0,0.0
2026-03-09 03:20:00+00:00,0.0,0.0
2026-03-09 03:25:00+00:00,0.0,0.0
2026-03-09 03:30:00+00:00,0.0,0.0
2026-03-09 03:35:00+00:00,0.0,0.0
2026-03-09 03:40:00+00:00,0.0,0.0
2026-03-09 03:45:00+00:00,0.0,0.0
2026-03-09 03:50:00+00:00,0.0,0.0
2026-03-09 03:55:00+00:00,0.0,0.0
2026-03-09 04:00:00+00:00,0.0,0.0
2026-03-09 04:05:00+00:00,0.0,0.0
2026-03-09 04:10:00+00:00,0.0,0.0
2026-03-09 04:15:00+00:00,0.0,0.0
2026-03-09 04:20:00+00:00,0.0,0.0
2026-03-09 04:25:00+00:00,0.0,0.0
2026-03-09 04:30:00+00:00,0.0,0.0
2026-03-09 04:35:00+00:00,0.0,0.0
2026-03-09 04:40:00+00:00,0.0,0.0
2026-03-09 04:45:00+00:00,0.0,0.0
2026-03-09 04:50:00+00:00,0.0,0.0
2026-03-09 04:55:00+00:00,0.0,0.0
2026-03-09 05:00:00+00:00,0.0,0.0
2026-03-09 05:05:00+00:00,0.0,0.0
2026-03-09 05:10:00+00:00,0.0,0.0
2026-03-09 05:15:00+00:00,0.0,0.0
2026-03-09 05:20:00+00:00,0.0,0.0
2026-03-09 05:25:00+00:00,0.0,0.0
2026-03-09 05:30:00+00:00,0.0,0.0
2026-03-09 05:35:00+00:00,0.0,0.0
2026-03-09 05:40:00+00:00,0.0,0.0
2026-03-09 05:45:00+00:00,0.0,0.0
2026-03-09 05:50:00+00:00,0.0,0.0
2026-03-09 05:55:00+00:00,0.0,0.0
2026-03-09 06:00:00+00:00,0.0,0.0
2026-03-09 06:05:00+00:00,0.0,0.0
2026-03-09 06:10:00+00:00,0.0,0.0
2026-03-09 06:15:00+00:00,0.0,0.0
2026-03-09 06:20:00+00:00,0.0,0.0
2026-03-09 06:25:00+00:00,0.0,0.0
2026-03-09 06:30:00+00:00,0.0,0.0
2026-03-09 06:35:00+00:00,0.0,0.0
2026-03-09 06:40:00+00:00,0.0,0.0
2026-03-09 06:45:00+00:00,0.0,0.0
2026-03-09 06:50:00+00:00,0.0,0.0
2026-03-09 06:55:00+00:00,0.0,0.0
2026-03-09 07:00:00+00:00,0.0,0.0
2026-03-09 07:05:00+00:00,0.0,0.0
2026-03-09 07:10:00+00:00,0.0,0.0
2026-03-09 07:15:00+00:00,0.0,0.0
2026-03-09 07:20:00+00:00,0.0,0.0
2026-03-09 07:25:00+00:00,0.0,0.0
2026-03-09 07:30:00+00:00,0.0,0.0
2026-03-09 07:35:00+00:00,0.0,0.0
2026-03-09 07:40:00+00:00,0.0,0.0
2026-03-09 07:45:00+00:00,0.0,0.0
2026-03-09 07:50:00+00:00,0.0,0.0
2026-03-09 07:55:00+00:00,0.0,0.0
2026-03-09 08:00:00+00:00,0.0,0.0
2026-03-09 08:05:00+00:00,0.0,0.0
2026-03-09 08:10:00+00:00,0.0,0.0
2026-03-09 08:15:00+00:00,0.0,0.0
2026-03-09 08:20:00+00:00,0.0,0.0
2026-03-09 08:25:00+00:00,0.0,0.0
2026-03-09 08:30:00+00:00,0.0,0.0
2026-03-09 08:35:00+00:00,0.0,0.0
2026-03-09 08:40:00+00:00,0.0,0.0
2026-03-09 08:45:00+00:00,0.0,0.0
2026-03-09 08:50:00+00:00,0.0,0.0
2026-03-09 08:55:00+00:00,0.0,0.0
2026-03-09 09:00:00+00:00,0.0,0.0
2026-03-09 09:05:00+00:00,0.0,0.0
2026-03-09 09:10:00+00:00,0.0,0.0
2026-03-09 09:15:00+00:00,0.0,0.0
2026-03-09 09:20:00+00:00,0.0,0.0
2026-03-09 09:25:00+00:00,0.0,0.0
2026-03-09 09:30:00+00:00,0.0,0.0
2026-03-09 09:35:00+00:00,0.0,0.0
2026-03-09 09:40:00+00:00,0.0,0.0
2026-03-09 09:45:00+00:00,0.0,0.0
2026-03-09 09:50:00+00:00,0.0,0.0
2026-03-09 09:55:00+00:00,0.0,0.0
2026-03-09 10:00:00+00:00,0.0,0.0
2026-03-09 10:05:00+00:00,0.0,0.0
2026-03-09 10:10:00+00:00,0.0,0.0
2026-03-09 10:15:00+00:00,0.0,0.0
2026-03-09 10:20:00+00:00,0.0,0.0
2026-03-09 10:25:00+00:00,0.0,0.0
2026-03-09 10:30:00+00:00,0.0,0.0
2026-03-09 10:35:00+00:00,0.0,0.0
2026-03-09 10:40:00+00:00,0.0,0.0
2026-03-09 10:45:00+00:00,0.0,0.0
2026-03-09 10:50:00+00:00,0.0,0.0
2026-03-09 10:55:00+00:00,0.0,0.0
2026-03-09 11:00:00+00:00,0.0,0.0
2026-03-09 11:05:00+00:00,0.0,0.0
2026-03-09 11:10:00+00:00,0.0,0.0
2026-03-09 11:15:00+00:00,0.0,0.0
2026-03-09 11:20:00+00:00,0.0,0.0
2026-03-09 11:25:00+00:00,0.0,0.0
2026-03-09 11:30:00+00:00,0.0,0.0
2026-03-09 11:35:00+00:00,0.0,0.0
2026-03-09 11:40:00+00:00,0.0,0.0
2026-03-09 11:45:00+00:00,0.0,0.0
2026-03-09 11:50:00+00:00,0.0,0.0
2026-03-09 11:55:00+00:00,0.0,0.0
2026-03-09 12:00:00+00:00,0.0,0.0
2026-03-09 12:05:00+00:00,0.0,0.0
2026-03-09 12:10:00+00:00,0.0,0.0
2026-03-09 12:15:00+00:00,0.0,0.0
2026-03-09 12:20:00+00:00,0.0,0.0
2026-03-09 12:25:00+00:00,0.0,0.0
2026-03-09 12:30:00+00:00,0.0,0.0
2026-03-09 12:35:00+00:00,0.0,0.0
2026-03-09 12:40:00+00:00,0.0,0.0
2026-03-09 12:45:00+00:00,0.0,0.0
2026-03-09 12:50:00+00:00,0.0,0.0
2026-03-09 12:55:00+00:00,0.0,0.0
2026-03-09 13:00:00+00:00,0.0,0.0
2026-03-09 13:05:00+00:00,0.0,0.0
2026-03-09 13:10:00+00:00,0.0,0.0
2026-03-09 13:15:00+00:00,0.0,0.0
2026-03-09 13:20:00+00:00,0.0,0.0
2026-03-09 13:25:00+00:00,0.0,0.0
2026-03-09 13:30:00+00:00,0.0,0.0
2026-03-09 13:35:00+00:00,0.0,0.0
2026-03-09 13:40:00+00:00,0.0,0.0
2026-03-09 13:45:00+00:00,0.0,0.0
2026-03-09 13:50:00+00:00,0.0,0.0
2026-03-09 13:55:00+00:00,0.0,0.0
2026-03-09 14:00:00+00:00,0.0,0.0
2026-03-09 14:05:00+00:00,0.0,0.0
2026-03-09 14:10:00+00:00,0.0,0.0
2026-03-09 14:15:00+00:00,0.0,0.0
2026-03-09 14:20:00+00:00,0.0,0.0
2026-03-09 14:25:00+00:00,0.0,0.0
2026-03-09 14:30:00+00:00,0.0,0.0
2026-03-09 14:35:00+00:00,0.0,0.0
2026-03-09 14:40:00+00:00,0.0,0.0
2026-03-09 14:45:00+00:00,0.0,0.0
2026-03-09 14:50:00+00:00,0.0,0.0
2026-03-09 14:55:00+00:00,0.0,0.0
2026-03-09 15:00:00+00:00,0.0,0.0
2026-03-09 15:05:00+00:00,0.0,0.0
2026-03-09 15:10:00+00:00,0.0,0.0
2026-03-09 15:15:00+00:00,0.0,0.0
2026-03-09 15:20:00+00:00,0.0,0.0
2026-03-09 15:25:00+00:00,0.0,0.0
2026-03-09 15:30:00+00:00,0.0,0.0
2026-03-09 15:35:00+00:00,0.0,0.0
2026-03-09 15:40:00+00:00,0.0,0.0
2026-03-09 15:45:00+00:00,0.0,0.0
2026-03-09 15:50:00+00:00,0.0,0.0
2026-03-09 15:55:00+00:00,0.0,0.0
2026-03-09 16:00:00+00:00,0.0,0.0
2026-03-09 16:05:00+00:00,0.0,0.0
2026-03-09 16:10:00+00:00,0.0,0.0
2026-03-09 16:15:00+00:00,0.0,0.0
2026-03-09 16:20:00+00:00,0.0,0.0
2026-03-09 16:25:00+00:00,0.0,0.0
2026-03-09 16:30:00+00:00,0.0,0.0
2026-03-09 16:35:00+00:00,0.0,0.0
2026-03-09 16:40:00+00:00,0.0,0.0
2026-03-09 16:45:00+00:00,0.0,0.0
2026-03-09 16:50:00+00:00,0.0,0.0
2026-03-09 16:55:00+00:00,0.0,0.0
2026-03-09 17:00:00+00:00,0.0,0.0
2026-03-09 17:05:00+00:00,0.0,0.0
2026-03-09 17:10:00+00:00,0.0,0.0
2026-03-09 17:15:00+00:00,0.0,0.0
2026-03-09 17:20:00+00:00,0.0,0.0
2026-03-09 17:25:00+00:00,0.0,0.0
2026-03-09 17:30:00+00:00,0.0,0.0
2026-03-09 17:35:00+00:00,0.0,0.0
2026-03-09 17:40:00+00:00,0.0,0.0
2026-03-09 17:45:00+00:00,0.0,0.0
2026-03-09 17:50:00+00:00,0.0,0.0
2026-03-09 17:55:00+00:00,0.0,0.0
2026-03-09 18:00:00+00:00,0.0,0.0
2026-03-09 18:05:00+00:00,0.0,0.0
2026-03-09 18:10:00+00:00,0.0,0.0
2026-03-09 18:15:00+00:00,0.0,0.0
2026-03-09 18:20:00+00:00,0.0,0.0
2026-03-09 18:25:00+00:00,0.0,0.0
2026-03-09 18:30:00+00:00,0.0,0.0
2026-03-09 18:35:00+00:00,0.0,0.0
2026-03-09 18:40:00+00:00,0.0,0.0
2026-03-09 18:45:00+00:00,0.0,0.0
2026-03-09 18:50:00+00:00,0.0,0.0
2026-03-09 18:55:00+00:00,0.0,0.0
2026-03-09 19:00:00+00:00,0.0,0.0
2026-03-09 19:05:00+00:00,0.0,0.0
2026-03-09 19:10:00+00:00,0.0,0.0
2026-03-09 19:15:00+00:00,0.0,0.0
2026-03-09 19:20:00+00:00,0.0,0.0
2026-03-09 19:25:00+00:00,0.0,0.0
2026-03-09 19:30:00+00:00,0.0,0.0
2026-03-09 19:35:00+00:00,0.0,0.0
2026-03-09 19:40:00+00:00,0.0,0.0
2026-03-09 19:45:00+00:00,0.0,0.0
2026-03-09 19:50:00+00:00,0.0,0.0
2026-03-09 19:55:00+00:00,0.0,0.0
2026-03-09 20:00:00+00:00,0.0,0.0
2026-03-09 20:05:00+00:00,0.0,0.0
2026-03-09 20:10:00+00:00,0.0,0.0
2026-03-09 20:15:00+00:00,0.0,0.0
2026-03-09 20:20:00+00:00,0.0,0.0
2026-03-09 20:25:00+00:00,0.0,0.0
2026-03-09 20:30:00+00:00,0.0,0.0
2026-03-09 20:35:00+00:00,0.0,0.0
2026-03-09 20:40:00+00:00,0.0,0.0
2026-03-09 20:45:00+00:00,0.0,0.0
2026-03-09 20:50:00+00:00,0.0,0.0
2026-03-09 20:55:00+00:00,0.0,0.0
2026-03-09 21:00:00+00:00,0.0,0.0
2026-03-09 21:05:00+00:00,0.0,0.0
2026-03-09 21:10:00+00:00,0.0,0.0
2026-03-09 21:15:00+00:00,0.0,0.0
2026-03-09 21:20:00+00:00,0.0,0.0
2026-03-09 21:25:00+00:00,0.0,0.0
2026-03-09 21:30:00+00:00,0.0,0.0
2026-03-09 21:35:00+00:00,0.0,0.0
2026-03-09 21:40:00+00:00,0.0,0.0
2026-03-09 21:45:00+00:00,0.0,0.0
2026-03-09 21:50:00+00:00,0.0,0.0
2026-03-09 21:55:00+00:00,0.0,0.0
2026-03-09 22:00:00+00:00,0.0,0.0
2026-03-09 22:05:00+00:00,0.0,0.0
2026-03-09 22:10:00+00:00,0.0,0.0
2026-03-09 22:15:00+00:00,0.0,0.0
2026-03-09 22:20:00+00:00,0.0,0.0
2026-03-09 22:25:00+00:00,0.0,0.0
2026-03-09 22:30:00+00:00,0.0,0.0
2026-03-09 22:35:00+00:00,0.0,0.0
2026-03-09 22:40:00+00:00,0.0,0.0
2026-03-09 22:45:00+00:00,0.0,0.0
2026-03-09 22:50:00+00:00,0.0,0.0
2026-03-09 22:55:00+00:00,0.0,0.0
2026-03-09 23:00:00+00:00,0.0,0.0
2026-03-09 23:05:00+00:00,0.0,0.0
2026-03-09 23:10:00+00:00,0.0,0.0
2026-03-09 23:15:00+00:00,0.0,0.0
2026-03-09 23:20:00+00:00,0.0,0.0
2026-03-09 23:25:00+00:00,0.0,0.0
2026-03-09 23:30:00+00:00,0.0,0.0
2026-03-09 23:35:00+00:00,0.0,0.0
2026-03-09 23:40:00+00:00,0.0,0.0
2026-03-09 23:45:00+00:00,0.0,0.0
2026-03-09 23:50:00+00:00,0.0,0.0
2026-03-09 23:55:00+00:00,0.0,0.0
2026-03-10 00:00:00+00:00,0.0,0.0
2026-03-10 00:05:00+00:00,0.0,0.0
2026-03-10 00:10:00+00:00,0.0,0.0
2026-03-10 00:15:00+00:00,0.0,0.0
2026-03-10 00:20:00+00:00,0.0,0.0
2026-03-10 00:25:00+00:00,0.0,0.0
2026-03-10 00:30:00+00:00,0.0,0.0
2026-03-10 00:35:00+00:00,0.0,0.0
2026-03-10 00:40:00+00:00,0.0,0.0
2026-03-10 00:45:00+00:00,0.0,0.0
2026-03-10 00:50:00+00:00,0.0,0.0
2026-03-10 00:55:00+00:00,0.0,0.0
2026-03-10 01:00:00+00:00,0.0,0.0
2026-03-10 01:05:00+00:00,0.0,0.0
2026-03-10 01:10:00+00:00,0.0,0.0
2026-03-10 01:15:00+00:00,0.0,0.0
2026-03-10 01:20:00+00:00,0.0,0.0
2026-03-10 01:25:00+00:00,0.0,0.0
2026-03-10 01:30:00+00:00,0.0,0.0
2026-03-10 01:35:00+00:00,0.0,0.0
2026-03-10 01:40:00+00:00,0.0,0.0
2026-03-10 01:45:00+00:00,0.0,0.0
2026-03-10 01:50:00+00:00,0.0,0.0
2026-03-10 01:55:00+00:00,0.0,0.0
2026-03-10 02:00:00+00:00,0.0,0.0
2026-03-10 02:05:00+00:00,0.0,0.0
2026-03-10 02:10:00+00:00,0.0,0.0
2026-03-10 02:15:00+00:00,0.0,0.0
2026-03-10 02:20:00+00:00,0.0,0.0
2026-03-10 02:25:00+00:00,0.0,0.0
2026-03-10 02:30:00+00:00,0.0,0.0
2026-03-10 02:35:00+00:00,0.0,0.0
2026-03-10 02:40:00+00:00,0.0,0.0
2026-03-10 02:45:00+00:00,0.0,0.0
2026-03-10 02:50:00+00:00,0.0,0.0
2026-03-10 02:55:00+00:00,0.0,0.0
2026-03-10 03:00:00+00:00,0.0,0.0
2026-03-10 03:05:00+00:00,0.0,0.0
2026-03-10 03:10:00+00:00,0.0,0.0
2026-03-10 03:15:00+00:00,0.0,0.0
2026-03-10 03:20:00+00:00,0.0,0.0
2026-03-10 03:25:00+00:00,0.0,0.0
2026-03-10 03:30:00+00:00,0.0,0.0
2026-03-10 03:35:00+00:00,0.0,0.0
2026-03-10 03:40:00+00:00,0.0,0.0
2026-03-10 03:45:00+00:00,0.0,0.0
2026-03-10 03:50:00+00:00,0.0,0.0
2026-03-10 03:55:00+00:00,0.0,0.0
2026-03-10 04:00:00+00:00,0.0,0.0
2026-03-10 04:05:00+00:00,0.0,0.0
2026-03-10 04:10:00+00:00,0.0,0.0
2026-03-10 04:15:00+00:00,0.0,0.0
2026-03-10 04:20:00+00:00,0.0,0.0
2026-03-10 04:25:00+00:00,0.0,0.0
2026-03-10 04:30:00+00:00,0.0,0.0
2026-03-10 04:35:00+00:00,0.0,0.0
2026-03-10 04:40:00+00:00,0.0,0.0
2026-03-10 04:45:00+00:00,0.0,0.0
2026-03-10 04:50:00+00:00,0.0,0.0
2026-03-10 04:55:00+00:00,0.0,0.0
2026-03-10 05:00:00+00:00,0.0,0.0
2026-03-10 05:05:00+00:00,0.0,0.0
2026-03-10 05:10:00+00:00,0.0,0.0
2026-03-10 05:15:00+00:00,0.0,0.0
2026-03-10 05:20:00+00:00,0.0,0.0
2026-03-10 05:25:00+00:00,0.0,0.0
2026-03-10 05:30:00+00:00,0.0,0.0
2026-03-10 05:35:00+00:00,0.0,0.0
2026-03-10 05:40:00+00:00,0.0,0.0
2026-03-10 05:45:00+00:00,0.0,0.0
2026-03-10 05:50:00+00:00,0.0,0.0
2026-03-10 05:55:00+00:00,0.0,0.0
2026-03-10 06:00:00+00:00,0.0,0.0
2026-03-10 06:05:00+00:00,0.0,0.0
2026-03-10 06:10:00+00:00,0.0,0.0
2026-03-10 06:15:00+00:00,0.0,0.0
2026-03-10 06:20:00+00:00,0.0,0.0
2026-03-10 06:25:00+00:00,0.0,0.0
2026-03-10 06:30:00+00:00,0.0,0.0
2026-03-10 06:35:00+00:00,0.0,0.0
2026-03-10 06:40:00+00:00,0.0,0.0
2026-03-10 06:45:00+00:00,0.0,0.0
2026-03-10 06:50:00+00:00,0.0,0.0
2026-03-10 06:55:00+00:00,0.0,0.0
2026-03-10 07:00:00+00:00,0.0,0.0
2026-03-10 07:05:00+00:00,0.0,0.0
2026-03-10 07:10:00+00:00,0.0,0.0
2026-03-10 07:15:00+00:00,0.0,0.0
2026-03-10 07:20:00+00:00,0.0,0.0
2026-03-10 07:25:00+00:00,0.0,0.0
2026-03-10 07:30:00+00:00,0.0,0.0
2026-03-10 07:35:00+00:00,0.0,0.0
2026-03-10 07:40:00+00:00,0.0,0.0
2026-03-10 07:45:00+00:00,0.0,0.0
2026-03-10 07:50:00+00:00,0.0,0.0
2026-03-10 07:55:00+00:00,0.0,0.0
2026-03-10 08:00:00+00:00,0.0,0.0
2026-03-10 08:05:00+00:00,0.0,0.0
2026-03-10 08:10:00+00:00,0.0,0.0
2026-03-10 08:15:00+00:00,0.0,0.0
2026-03-10 08:20:00+00:00,0.0,0.0
2026-03-10 08:25:00+00:00,0.0,0.0
2026-03-10 08:30:00+00:00,0.0,0.0
2026-03-10 08:35:00+00:00,0.0,0.0
2026-03-10 08:40:00+00:00,0.0,0.0
2026-03-10 08:45:00+00:00,0.0,0.0
2026-03-10 08:50:00+00:00,0.0,0.0
2026-03-10 08:55:00+00:00,0.0,0.0
2026-03-10 09:00:00+00:00,0.0,0.0
2026-03-10 09:05:00+00:00,0.0,0.0
2026-03-10 09:10:00+00:00,0.0,0.0
2026-03-10 09:15:00+00:00,0.0,0.0
2026-03-10 09:20:00+00:00,0.0,0.0
2026-03-10 09:25:00+00:00,0.0,0.0
2026-03-10 09:30:00+00:00,0.0,0.0
2026-03-10 09:35:00+00:00,0.0,0.0
2026-03-10 09:40:00+00:00,0.0,0.0
2026-03-10 09:45:00+00:00,0.0,0.0
2026-03-10 09:50:00+00:00,0.0,0.0
2026-03-10 09:55:00+00:00,0.0,0.0
2026-03-10 10:00:00+00:00,0.0,0.0
2026-03-10 10:05:00+00:00,0.0,0.0
2026-03-10 10:10:00+00:00,0.0,0.0
2026-03-10 10:15:00+00:00,0.0,0.0
2026-03-10 10:20:00+00:00,0.0,0.0
2026-03-10 10:25:00+00:00,0.0,0.0
2026-03-10 10:30:00+00:00,0.0,0.0
2026-03-10 10:35:00+00:00,0.0,0.0
2026-03-10 10:40:00+00:00,0.0,0.0
2026-03-10 10:45:00+00:00,0.0,0.0
2026-03-10 10:50:00+00:00,0.0,0.0
2026-03-10 10:55:00+00:00,0.0,0.0
2026-03-10 11:00:00+00:00,0.0,0.0
2026-03-10 11:05:00+00:00,0.0,0.0
2026-03-10 11:10:00+00:00,0.0,0.0
2026-03-10 11:15:00+00:00,0.0,0.0
2026-03-10 11:20:00+00:00,0.0,0.0
2026-03-10 11:25:00+00:00,0.0,0.0
2026-03-10 11:30:00+00:00,0.0,0.0
2026-03-10 11:35:00+00:00,0.0,0.0
2026-03-10 11:40:00+00:00,0.0,0.0
2026-03-10 11:45:00+00:00,0.0,0.0
2026-03-10 11:50:00+00:00,0.0,0.0
2026-03-10 11:55:00+00:00,0.0,0.0
2026-03-10 12:00:00+00:00,0.0,0.0
2026-03-10 12:05:00+00:00,0.0,0.0
2026-03-10 12:10:00+00:00,0.0,0.0
2026-03-10 12:15:00+00:00,0.0,0.0
2026-03-10 12:20:00+00:00,0.0,0.0
2026-03-10 12:25:00+00:00,0.0,0.0
2026-03-10 12:30:00+00:00,0.0,0.0
2026-03-10 12:35:00+00:00,0.0,0.0
2026-03-10 12:40:00+00:00,0.0,0.0
2026-03-10 12:45:00+00:00,0.0,0.0
2026-03-10 12:50:00+00:00,0.0,0.0
2026-03-10 12:55:00+00:00,0.0,0.0
2026-03-10 13:00:00+00:00,0.0,0.0
2026-03-10 13:05:00+00:00,0.0,0.0
2026-03-10 13:10:00+00:00,0.0,0.0
2026-03-10 13:15:00+00:00,0.0,0.0
2026-03-10 13:20:00+00:00,0.0,0.0
2026-03-10 13:25:00+00:00,0.0,0.0
2026-03-10 13:30:00+00:00,0.0,0.0
2026-03-10 13:35:00+00:00,0.0,0.0
2026-03-10 13:40:00+00:00,0.0,0.0
2026-03-10 13:45:00+00:00,0.0,0.0
2026-03-10 13:50:00+00:00,0.0,0.0
2026-03-10 13:55:00+00:00,0.0,0.0
2026-03-10 14:00:00+00:00,0.0,0.0
2026-03-10 14:05:00+00:00,0.0,0.0
2026-03-10 14:10:00+00:00,0.0,0.0
2026-03-10 14:15:00+00:00,0.0,0.0
2026-03-10 14:20:00+00:00,0.0,0.0
2026-03-10 14:25:00+00:00,0.0,0.0
2026-03-10 14:30:00+00:00,0.0,0.0
2026-03-10 14:35:00+00:00,0.0,0.0
2026-03-10 14:40:00+00:00,0.0,0.0
2026-03-10 14:45:00+00:00,0.0,0.0
2026-03-10 14:50:00+00:00,0.0,0.0
2026-03-10 14:55:00+00:00,0.0,0.0
2026-03-10 15:00:00+00:00,0.0,0.0
2026-03-10 15:05:00+00:00,0.0,0.0
2026-03-10 15:10:00+00:00,0.0,0.0
2026-03-10 15:15:00+00:00,0.0,0.0
2026-03-10 15:20:00+00:00,0.0,0.0
2026-03-10 15:25:00+00:00,0.0,0.0
2026-03-10 15:30:00+00:00,0.0,0.0
2026-03-10 15:35:00+00:00,0.0,0.0
2026-03-10 15:40:00+00:00,0.0,0.0
2026-03-10 15:45:00+00:00,0.0,0.0
2026-03-10 15:50:00+00:00,0.0,0.0
2026-03-10 15:55:00+00:00,0.0,0.0
2026-03-10 16:00:00+00:00,0.0,0.0
2026-03-10 16:05:00+00:00,0.0,0.0
2026-03-10 16:10:00+00:00,0.0,0.0
2026-03-10 16:15:00+00:00,0.0,0.0
2026-03-10 16:20:00+00:00,0.0,0.0
2026-03-10 16:25:00+00:00,0.0,0.0
2026-03-10 16:30:00+00:00,0.0,0.0
2026-03-10 16:35:00+00:00,0.0,0.0
2026-03-10 16:40:00+00:00,0.0,0.0
2026-03-10 16:45:00+00:00,0.0,0.0
2026-03-10 16:50:00+00:00,0.0,0.0
2026-03-10 16:55:00+00:00,0.0,0.0
2026-03-10 17:00:00+00:00,0.0,0.0
2026-03-10 17:05:00+00:00,0.0,0.0
2026-03-10 17:10:00+00:00,0.0,0.0
2026-03-10 17:15:00+00:00,0.0,0.0
2026-03-10 17:20:00+00:00,0.0,0.0
2026-03-10 17:25:00+00:00,0.0,0.0
2026-03-10 17:30:00+00:00,0.0,0.0
2026-03-10 17:35:00+00:00,0.0,0.0
2026-03-10 17:40:00+00:00,0.0,0.0
2026-03-10 17:45:00+00:00,0.0,0.0
2026-03-10 17:50:00+00:00,0.0,0.0
2026-03-10 17:55:00+00:00,0.0,0.0
2026-03-10 18:00:00+00:00,0.0,0.0
2026-03-10 18:05:00+00:00,0.0,0.0
2026-03-10 18:10:00+00:00,0.0,0.0
2026-03-10 18:15:00+00:00,0.0,0.0
2026-03-10 18:20:00+00:00,0.0,0.0
2026-03-10 18:25:00+00:00,0.0,0.0
2026-03-10 18:30:00+00:00,0.0,0.0
2026-03-10 18:35:00+00:00,0.0,0.0
2026-03-10 18:40:00+00:00,0.0,0.0
2026-03-10 18:45:00+00:00,0.0,0.0
2026-03-10 18:50:00+00:00,0.0,0.0
2026-03-10 18:55:00+00:00,0.0,0.0
2026-03-10 19:00:00+00:00,0.0,0.0
2026-03-10 19:05:00+00:00,0.0,0.0
2026-03-10 19:10:00+00:00,0.0,0.0
2026-03-10 19:15:00+00:00,0.0,0.0
2026-03-10 19:20:00+00:00,0.0,0.0
2026-03-10 19:25:00+00:00,0.0,0.0
2026-03-10 19:30:00+00:00,0.0,0.0
2026-03-10 19:35:00+00:00,0.0,0.0
2026-03-10 19:40:00+00:00,0.0,0.0
2026-03-10 19:45:00+00:00,0.0,0.0
2026-03-10 19:50:00+00:00,0.0,0.0
2026-03-10 19:55:00+00:00,0.0,0.0
2026-03-10 20:00:00+00:00,0.0,0.0
2026-03-10 20:05:00+00:00,0.0,0.0
2026-03-10 20:10:00+00:00,0.0,0.0
2026-03-10 20:15:00+00:00,0.0,0.0
2026-03-10 20:20:00+00:00,0.0,0.0
2026-03-10 20:25:00+00:00,0.0,0.0
2026-03-10 20:30:00+00:00,0.0,0.0
2026-03-10 20:35:00+00:00,0.0,0.0
2026-03-10 20:40:00+00:00,0.0,0.0
2026-03-10 20:45:00+00:00,0.0,0.0
2026-03-10 20:50:00+00:00,0.0,0.0
2026-03-10 20:55:00+00:00,0.0,0.0
2026-03-10 21:00:00+00:00,0.0,0.0
2026-03-10 21:05:00+00:00,0.0,0.0
2026-03-10 21:10:00+00:00,0.0,0.0
2026-03-10 21:15:00+00:00,0.0,0.0
2026-03-10 21:20:00+00:00,0.0,0.0
2026-03-10 21:25:00+00:00,0.0,0.0
2026-03-10 21:30:00+00:00,0.0,0.0
2026-03-10 21:35:00+00:00,0.0,0.0
2026-03-10 21:40:00+00:00,0.0,0.0
2026-03-10 21:45:00+00:00,0.0,0.0
2026-03-10 21:50:00+00:00,0.0,0.0
2026-03-10 21:55:00+00:00,0.0,0.0
2026-03-10 22:00:00+00:00,0.0,0.0
2026-03-10 22:05:00+00:00,0.0,0.0
2026-03-10 22:10:00+00:00,0.0,0.0
2026-03-10 22:15:00+00:00,0.0,0.0
2026-03-10 22:20:00+00:00,0.0,0.0
2026-03-10 22:25:00+00:00,0.0,0.0
2026-03-10 22:30:00+00:00,0.0,0.0
2026-03-10 22:35:00+00:00,0.0,0.0
2026-03-10 22:40:00+00:00,0.0,0.0
2026-03-10 22:45:00+00:00,0.0,0.0
2026-03-10 22:50:00+00:00,0.0,0.0
2026-03-10 22:55:00+00:00,0.0,0.0
2026-03-10 23:00:00+00:00,0.0,0.0
2026-03-10 23:05:00+00:00,0.0,0.0
2026-03-10 23:10:00+00:00,0.0,0.0
2026-03-10 23:15:00+00:00,0.0,0.0
2026-03-10 23:20:00+00:00,0.0,0.0
2026-03-10 23:25:00+00:00,0.0,0.0
2026-03-10 23:30:00+00:00,0.0,0.0
2026-03-10 23:35:00+00:00,0.0,0.0
2026-03-10 23:40:00+00:00,0.0,0.0
2026-03-10 23:45:00+00:00,0.0,0.0
2026-03-10 23:50:00+00:00,0.0,0.0
2026-03-10 23:55:00+00:00,0.0,0.0
2026-03-11 00:00:00+00:00,0.0,0.0
2026-03-11 00:05:00+00:00,0.0,0.0
2026-03-11 00:10:00+00:00,0.0,0.0
2026-03-11 00:15:00+00:00,0.0,0.0
2026-03-11 00:20:00+00:00,0.0,0.0
2026-03-11 00:25:00+00:00,0.0,0.0
2026-03-11 00:30:00+00:00,0.0,0.0
2026-03-11 00:35:00+00:00,0.0,0.0
2026-03-11 00:40:00+00:00,0.0,0.0
2026-03-11 00:45:00+00:00,0.0,0.0
2026-03-11 00:50:00+00:00,0.0,0.0
2026-03-11 00:55:00+00:00,0.0,0.0
2026-03-11 01:00:00+00:00,0.0,0.0
2026-03-11 01:05:00+00:00,0.0,0.0
2026-03-11 01:10:00+00:00,0.0,0.0
2026-03-11 01:15:00+00:00,0.0,0.0
2026-03-11 01:20:00+00:00,0.0,0.0
2026-03-11 01:25:00+00:00,0.0,0.0
2026-03-11 01:30:00+00:00,0.0,0.0
2026-03-11 01:35:00+00:00,0.0,0.0
2026-03-11 01:40:00+00:00,0.0,0.0
2026-03-11 01:45:00+00:00,0.0,0.0
2026-03-11 01:50:00+00:00,0.0,0.0
2026-03-11 01:55:00+00:00,0.0,0.0
2026-03-11 02:00:00+00:00,0.0,0.0
2026-03-11 02:05:00+00:00,0.0,0.0
2026-03-11 02:10:00+00:00,0.0,0.0
2026-03-11 02:15:00+00:00,0.0,0.0
2026-03-11 02:20:00+00:00,0.0,0.0
2026-03-11 02:25:00+00:00,0.0,0.0
2026-03-11 02:30:00+00:00,0.0,0.0
2026-03-11 02:35:00+00:00,0.0,0.0
2026-03-11 02:40:00+00:00,0.0,0.0
2026-03-11 02:45:00+00:00,0.0,0.0
2026-03-11 02:50:00+00:00,0.0,0.0
2026-03-11 02:55:00+00:00,0.0,0.0
2026-03-11 03:00:00+00:00,0.0,0.0
2026-03-11 03:05:00+00:00,0.0,0.0
2026-03-11 03:10:00+00:00,0.0,0.0
2026-03-11 03:15:00+00:00,0.0,0.0
2026-03-11 03:20:00+00:00,0.0,0.0
2026-03-11 03:25:00+00:00,0.0,0.0
2026-03-11 03:30:00+00:00,0.0,0.0
2026-03-11 03:35:00+00:00,0.0,0.0
2026-03-11 03:40:00+00:00,0.0,0.0
2026-03-11 03:45:00+00:00,0.0,0.0
2026-03-11 03:50:00+00:00,0.0,0.0
2026-03-11 03:55:00+00:00,0.0,0.0
2026-03-11 04:00:00+00:00,0.0,0.0
2026-03-11 04:05:00+00:00,0.0,0.0
2026-03-11 04:10:00+00:00,0.0,0.0
2026-03-11 04:15:00+00:00,0.0,0.0
2026-03-11 04:20:00+00:00,0.0,0.0
2026-03-11 04:25:00+00:00,0.0,0.0
2026-03-11 04:30:00+00:00,0.0,0.0
2026-03-11 04:35:00+00:00,0.0,0.0
2026-03-11 04:40:00+00:00,0.0,0.0
2026-03-11 04:45:00+00:00,0.0,0.0
2026-03-11 04:50:00+00:00,0.0,0.0
2026-03-11 04:55:00+00:00,0.0,0.0
2026-03-11 05:00:00+00:00,0.0,0.0
2026-03-11 05:05:00+00:00,0.0,0.0
2026-03-11 05:10:00+00:00,0.0,0.0
2026-03-11 05:15:00+00:00,0.0,0.0
2026-03-11 05:20:00+00:00,0.0,0.0
2026-03-11 05:25:00+00:00,0.0,0.0
2026-03-11 05:30:00+00:00,0.0,0.0
2026-03-11 05:35:00+00:00,0.0,0.0
2026-03-11 05:40:00+00:00,0.0,0.0
2026-03-11 05:45:00+00:00,0.0,0.0
2026-03-11 05:50:00+00:00,0.0,0.0
2026-03-11 05:55:00+00:00,0.0,0.0
2026-03-11 06:00:00+00:00,0.0,0.0
2026-03-11 06:05:00+00:00,0.0,0.0
2026-03-11 06:10:00+00:00,0.0,0.0
2026-03-11 06:15:00+00:00,0.0,0.0
2026-03-11 06:20:00+00:00,0.0,0.0
2026-03-11 06:25:00+00:00,0.0,0.0
2026-03-11 06:30:00+00:00,0.0,0.0
2026-03-11 06:35:00+00:00,0.0,0.0
2026-03-11 06:40:00+00:00,0.0,0.0
2026-03-11 06:45:00+00:00,0.0,0.0
2026-03-11 06:50:00+00:00,0.0,0.0
2026-03-11 06:55:00+00:00,0.0,0.0
2026-03-11 07:00:00+00:00,0.0,0.0
2026-03-11 07:05:00+00:00,0.0,0.0
2026-03-11 07:10:00+00:00,0.0,0.0
2026-03-11 07:15:00+00:00,0.0,0.0
2026-03-11 07:20:00+00:00,0.0,0.0
2026-03-11 07:25:00+00:00,0.0,0.0
2026-03-11 07:30:00+00:00,0.0,0.0
2026-03-11 07:35:00+00:00,0.0,0.0
2026-03-11 07:40:00+00:00,0.0,0.0
2026-03-11 07:45:00+00:00,0.0,0.0
2026-03-11 07:50:00+00:00,0.0,0.0
2026-03-11 07:55:00+00:00,0.0,0.0
2026-03-11 08:00:00+00:00,0.0,0.0
2026-03-11 08:05:00+00:00,0.0,0.0
2026-03-11 08:10:00+00:00,0.0,0.0
2026-03-11 08:15:00+00:00,0.0,0.0
2026-03-11 08:20:00+00:00,0.0,0.0
2026-03-11 08:25:00+00:00,0.0,0.0
2026-03-11 08:30:00+00:00,0.0,0.0
2026-03-11 08:35:00+00:00,0.0,0.0
2026-03-11 08:40:00+00:00,0.0,0.0
2026-03-11 08:45:00+00:00,0.0,0.0
2026-03-11 08:50:00+00:00,0.0,0.0
2026-03-11 08:55:00+00:00,0.0,0.0
2026-03-11 09:00:00+00:00,0.0,0.0
2026-03-11 09:05:00+00:00,0.0,0.0
2026-03-11 09:10:00+00:00,0.0,0.0
2026-03-11 09:15:00+00:00,0.0,0.0
2026-03-11 09:20:00+00:00,0.0,0.0
2026-03-11 09:25:00+00:00,0.0,0.0
2026-03-11 09:30:00+00:00,0.0,0.0
2026-03-11 09:35:00+00:00,0.0,0.0
2026-03-11 09:40:00+00:00,0.0,0.0
2026-03-11 09:45:00+00:00,0.0,0.0
2026-03-11 09:50:00+00:00,0.0,0.0
2026-03-11 09:55:00+00:00,0.0,0.0
2026-03-11 10:00:00+00:00,0.0,0.0
2026-03-11 10:05:00+00:00,0.0,0.0
2026-03-11 10:10:00+00:00,0.0,0.0
2026-03-11 10:15:00+00:00,0.0,0.0
2026-03-11 10:20:00+00:00,0.0,0.0
2026-03-11 10:25:00+00:00,0.0,0.0
2026-03-11 10:30:00+00:00,0.0,0.0
2026-03-11 10:35:00+00:00,0.0,0.0
2026-03-11 10:40:00+00:00,0.0,0.0
2026-03-11 10:45:00+00:00,0.0,0.0
2026-03-11 10:50:00+00:00,0.0,0.0
2026-03-11 10:55:00+00:00,0.0,0.0
2026-03-11 11:00:00+00:00,0.0,0.0
2026-03-11 11:05:00+00:00,0.0,0.0
2026-03-11 11:10:00+00:00,0.0,0.0
2026-03-11 11:15:00+00:00,0.0,0.0
2026-03-11 11:20:00+00:00,0.0,0.0
2026-03-11 11:25:00+00:00,0.0,0.0
2026-03-11 11:30:00+00:00,0.0,0.0
2026-03-11 11:35:00+00:00,0.0,0.0
2026-03-11 11:40:00+00:00,0.0,0.0
2026-03-11 11:45:00+00:00,0.0,0.0
2026-03-11 11:50:00+00:00,0.0,0.0
2026-03-11 11:55:00+00:00,0.0,0.0
2026-03-11 12:00:00+00:00,0.0,0.0
2026-03-11 12:05:00+00:00,0.0,0.0
2026-03-11 12:10:00+00:00,0.0,0.0
2026-03-11 12:15:00+00:00,0.0,0.0
2026-03-11 12:20:00+00:00,0.0,0.0
2026-03-11 12:25:00+00:00,0.0,0.0
2026-03-11 12:30:00+00:00,0.0,0.0
2026-03-11 12:35:00+00:00,0.0,0.0
2026-03-11 12:40:00+00:00,0.0,0.0
2026-03-11 12:45:00+00:00,0.0,0.0
2026-03-11 12:50:00+00:00,0.0,0.0
2026-03-11 12:55:00+00:00,0.0,0.0
2026-03-11 13:00:00+00:00,0.0,0.0
2026-03-11 13:05:00+00:00,0.0,0.0
2026-03-11 13:10:00+00:00,0.0,0.0
2026-03-11 13:15:00+00:00,0.0,0.0
2026-03-11 13:20:00+00:00,0.0,0.0
2026-03-11 13:25:00+00:00,0.0,0.0
2026-03-11 13:30:00+00:00,0.0,0.0
2026-03-11 13:35:00+00:00,0.0,0.0
2026-03-11 13:40:00+00:00,0.0,0.0
2026-03-11 13:45:00+00:00,0.0,0.0
2026-03-11 13:50:00+00:00,0.0,0.0
2026-03-11 13:55:00+00:00,0.0,0.0
2026-03-11 14:00:00+00:00,0.0,0.0
2026-03-11 14:05:00+00:00,0.0,0.0
2026-03-11 14:10:00+00:00,0.0,0.0
2026-03-11 14:15:00+00:00,0.0,0.0
2026-03-11 14:20:00+00:00,0.0,0.0
2026-03-11 14:25:00+00:00,0.0,0.0
2026-03-11 14:30:00+00:00,0.0,0.0
2026-03-11 14:35:00+00:00,0.0,0.0
2026-03-11 14:40:00+00:00,0.0,0.0
2026-03-11 14:45:00+00:00,0.0,0.0
2026-03-11 14:50:00+00:00,0.0,0.0
2026-03-11 14:55:00+00:00,0.0,0.0
2026-03-11 15:00:00+00:00,0.0,0.0
2026-03-11 15:05:00+00:00,0.0,0.0
2026-03-11 15:10:00+00:00,0.0,0.0
2026-03-11 15:15:00+00:00,0.0,0.0
2026-03-11 15:20:00+00:00,0.0,0.0
2026-03-11 15:25:00+00:00,0.0,0.0
2026-03-11 15:30:00+00:00,0.0,0.0
2026-03-11 15:35:00+00:00,0.0,0.0
2026-03-11 15:40:00+00:00,0.0,0.0
2026-03-11 15:45:00+00:00,0.0,0.0
2026-03-11 15:50:00+00:00,0.0,0.0
2026-03-11 15:55:00+00:00,0.0,0.0
2026-03-11 16:00:00+00:00,0.0,0.0
2026-03-11 16:05:00+00:00,0.0,0.0
2026-03-11 16:10:00+00:00,0.0,0.0
2026-03-11 16:15:00+00:00,0.0,0.0
2026-03-11 16:20:00+00:00,0.0,0.0
2026-03-11 16:25:00+00:00,0.0,0.0
2026-03-11 16:30:00+00:00,0.0,0.0
2026-03-11 16:35:00+00:00,0.0,0.0
2026-03-11 16:40:00+00:00,0.0,0.0
2026-03-11 16:45:00+00:00,0.0,0.0
2026-03-11 16:50:00+00:00,0.0,0.0
2026-03-11 16:55:00+00:00,0.0,0.0
2026-03-11 17:00:00+00:00,0.0,0.0
2026-03-11 17:05:00+00:00,0.0,0.0
2026-03-11 17:10:00+00:00,0.0,0.0
2026-03-11 17:15:00+00:00,0.0,0.0
2026-03-11 17:20:00+00:00,0.0,0.0
2026-03-11 17:25:00+00:00,0.0,0.0
2026-03-11 17:30:00+00:00,0.0,0.0
2026-03-11 17:35:00+00:00,0.0,0.0
2026-03-11 17:40:00+00:00,0.0,0.0
2026-03-11 17:45:00+00:00,0.0,0.0
2026-03-11 17:50:00+00:00,0.0,0.0
2026-03-11 17:55:00+00:00,0.0,0.0
2026-03-11 18:00:00+00:00,0.0,0.0
2026-03-11 18:05:00+00:00,0.0,0.0
2026-03-11 18:10:00+00:00,0.0,0.0
2026-03-11 18:15:00+00:00,0.0,0.0
2026-03-11 18:20:00+00:00,0.0,0.0
2026-03-11 18:25:00+00:00,0.0,0.0
2026-03-11 18:30:00+00:00,0.0,0.0
2026-03-11 18:35:00+00:00,0.0,0.0
2026-03-11 18:40:00+00:00,0.0,0.0
2026-03-11 18:45:00+00:00,0.0,0.0
2026-03-11 18:50:00+00:00,0.0,0.0
2026-03-11 18:55:00+00:00,0.0,0.0
2026-03-11 19:00:00+00:00,0.0,0.0
2026-03-11 19:05:00+00:00,0.0,0.0
2026-03-11 19:10:00+00:00,0.0,0.0
2026-03-11 19:15:00+00:00,0.0,0.0
2026-03-11 19:20:00+00:00,0.0,0.0
2026-03-11 19:25:00+00:00,0.0,0.0
2026-03-11 19:30:00+00:00,0.0,0.0
2026-03-11 19:35:00+00:00,0.0,0.0
2026-03-11 19:40:00+00:00,0.0,0.0
2026-03-11 19:45:00+00:00,0.0,0.0
2026-03-11 19:50:00+00:00,0.0,0.0
2026-03-11 19:55:00+00:00,0.0,0.0
2026-03-11 20:00:00+00:00,0.0,0.0
2026-03-11 20:05:00+00:00,0.0,0.0
2026-03-11 20:10:00+00:00,0.0,0.0
2026-03-11 20:15:00+00:00,0.0,0.0
2026-03-11 20:20:00+00:00,0.0,0.0
2026-03-11 20:25:00+00:00,0.0,0.0
2026-03-11 20:30:00+00:00,0.0,0.0
2026-03-11 20:35:00+00:00,0.0,0.0
2026-03-11 20:40:00+00:00,0.0,0.0
2026-03-11 20:45:00+00:00,0.0,0.0
2026-03-11 20:50:00+00:00,0.0,0.0
2026-03-11 20:55:00+00:00,0.0,0.0
2026-03-11 21:00:00+00:00,0.0,0.0
2026-03-11 21:05:00+00:00,0.0,0.0
2026-03-11 21:10:00+00:00,0.0,0.0
2026-03-11 21:15:00+00:00,0.0,0.0
2026-03-11 21:20:00+00:00,0.0,0.0
2026-03-11 21:25:00+00:00,0.0,0.0
2026-03-11 21:30:00+00:00,0.0,0.0
2026-03-11 21:35:00+00:00,0.0,0.0
2026-03-11 21:40:00+00:00,0.0,0.0
2026-03-11 21:45:00+00:00,0.0,0.0
2026-03-11 21:50:00+00:00,0.0,0.0
2026-03-11 21:55:00+00:00,0.0,0.0
2026-03-11 22:00:00+00:00,0.0,0.0
2026-03-11 22:05:00+00:00,0.0,0.0
2026-03-11 22:10:00+00:00,0.0,0.0
2026-03-11 22:15:00+00:00,0.0,0.0
2026-03-11 22:20:00+00:00,0.0,0.0
2026-03-11 22:25:00+00:00,0.0,0.0
2026-03-11 22:30:00+00:00,0.0,0.0
2026-03-11 22:35:00+00:00,0.0,0.0
2026-03-11 22:40:00+00:00,0.0,0.0
2026-03-11 22:45:00+00:00,0.0,0.0
2026-03-11 22:50:00+00:00,0.0,0.0
2026-03-11 22:55:00+00:00,0.0,0.0
2026-03-11 23:00:00+00:00,0.0,0.0
2026-03-11 23:05:00+00:00,0.0,0.0
2026-03-11 23:10:00+00:00,0.0,0.0
2026-03-11 23:15:00+00:00,0.0,0.0
2026-03-11 23:20:00+00:00,0.0,0.0
2026-03-11 23:25:00+00:00,0.0,0.0
2026-03-11 23:30:00+00:00,0.0,0.0
2026-03-11 23:35:00+00:00,0.0,0.0
2026-03-11 23:40:00+00:00,0.0,0.0
2026-03-11 23:45:00+00:00,0.0,0.0
2026-03-11 23:50:00+00:00,0.0,0.0
2026-03-11 23:55:00+00:00,0.0,0.0
2026-03-12 00:00:00+00:00,0.0,0.0
2026-03-12 00:05:00+00:00,0.0,0.0
2026-03-12 00:10:00+00:00,0.0,0.0
2026-03-12 00:15:00+00:00,0.0,0.0
2026-03-12 00:20:00+00:00,0.0,0.0
2026-03-12 00:25:00+00:00,0.0,0.0
2026-03-12 00:30:00+00:00,0.0,0.0
2026-03-12 00:35:00+00:00,0.0,0.0
2026-03-12 00:40:00+00:00,0.0,0.0
2026-03-12 00:45:00+00:00,0.0,0.0
2026-03-12 00:50:00+00:00,0.0,0.0
2026-03-12 00:55:00+00:00,0.0,0.0
2026-03-12 01:00:00+00:00,0.0,0.0
2026-03-12 01:05:00+00:00,0.0,0.0
2026-03-12 01:10:00+00:00,0.0,0.0
2026-03-12 01:15:00+00:00,0.0,0.0
2026-03-12 01:20:00+00:00,0.0,0.0
2026-03-12 01:25:00+00:00,0.0,0.0
2026-03-12 01:30:00+00:00,0.0,0.0
2026-03-12 01:35:00+00:00,0.0,0.0
2026-03-12 01:40:00+00:00,0.0,0.0
2026-03-12 01:45:00+00:00,0.0,0.0
2026-03-12 01:50:00+00:00,0.0,0.0
2026-03-12 01:55:00+00:00,0.0,0.0
2026-03-12 02:00:00+00:00,0.0,0.0
2026-03-12 02:05:00+00:00,0.0,0.0
2026-03-12 02:10:00+00:00,0.0,0.0
2026-03-12 02:15:00+00:00,0.0,0.0
2026-03-12 02:20:00+00:00,0.0,0.0
2026-03-12 02:25:00+00:00,0.0,0.0
2026-03-12 02:30:00+00:00,0.0,0.0
2026-03-12 02:35:00+00:00,0.0,0.0
2026-03-12 02:40:00+00:00,0.0,0.0
2026-03-12 02:45:00+00:00,0.0,0.0
2026-03-12 02:50:00+00:00,0.0,0.0
2026-03-12 02:55:00+00:00,0.0,0.0
2026-03-12 03:00:00+00:00,0.0,0.0
2026-03-12 03:05:00+00:00,0.0,0.0
2026-03-12 03:10:00+00:00,0.0,0.0
2026-03-12 03:15:00+00:00,0.0,0.0
2026-03-12 03:20:00+00:00,0.0,0.0
2026-03-12 03:25:00+00:00,0.0,0.0
2026-03-12 03:30:00+00:00,0.0,0.0
2026-03-12 03:35:00+00:00,0.0,0.0
2026-03-12 03:40:00+00:00,0.0,0.0
2026-03-12 03:45:00+00:00,0.0,0.0
2026-03-12 03:50:00+00:00,0.0,0.0
2026-03-12 03:55:00+00:00,0.0,0.0
2026-03-12 04:00:00+00:00,0.0,0.0
2026-03-12 04:05:00+00:00,0.0,0.0
2026-03-12 04:10:00+00:00,0.0,0.0
2026-03-12 04:15:00+00:00,0.0,0.0
2026-03-12 04:20:00+00:00,0.0,0.0
2026-03-12 04:25:00+00:00,0.0,0.0
2026-03-12 04:30:00+00:00,0.0,0.0
2026-03-12 04:35:00+00:00,0.0,0.0
2026-03-12 04:40:00+00:00,0.0,0.0
2026-03-12 04:45:00+00:00,0.0,0.0
2026-03-12 04:50:00+00:00,0.0,0.0
2026-03-12 04:55:00+00:00,0.0,0.0
2026-03-12 05:00:00+00:00,0.0,0.0
2026-03-12 05:05:00+00:00,0.0,0.0
2026-03-12 05:10:00+00:00,0.0,0.0
2026-03-12 05:15:00+00:00,0.0,0.0
2026-03-12 05:20:00+00:00,0.0,0.0
2026-03-12 05:25:00+00:00,0.0,0.0
2026-03-12 05:30:00+00:00,0.0,0.0
2026-03-12 05:35:00+00:00,0.0,0.0
2026-03-12 05:40:00+00:00,0.0,0.0
2026-03-12 05:45:00+00:00,0.0,0.0
2026-03-12 05:50:00+00:00,0.0,0.0
2026-03-12 05:55:00+00:00,0.0,0.0
2026-03-12 06:00:00+00:00,0.0,0.0
2026-03-12 06:05:00+00:00,0.0,0.0
2026-03-12 06:10:00+00:00,0.0,0.0
2026-03-12 06:15:00+00:00,0.0,0.0
2026-03-12 06:20:00+00:00,0.0,0.0
2026-03-12 06:25:00+00:00,0.0,0.0
2026-03-12 06:30:00+00:00,0.0,0.0
2026-03-12 06:35:00+00:00,0.0,0.0
2026-03-12 06:40:00+00:00,0.0,0.0
2026-03-12 06:45:00+00:00,0.0,0.0
2026-03-12 06:50:00+00:00,0.0,0.0
2026-03-12 06:55:00+00:00,0.0,0.0
2026-03-12 07:00:00+00:00,0.0,0.0
2026-03-12 07:05:00+00:00,0.0,0.0
2026-03-12 07:10:00+00:00,0.0,0.0
2026-03-12 07:15:00+00:00,0.0,0.0
2026-03-12 07:20:00+00:00,0.0,0.0
2026-03-12 07:25:00+00:00,0.0,0.0
2026-03-12 07:30:00+00:00,0.0,0.0
2026-03-12 07:35:00+00:00,0.0,0.0
2026-03-12 07:40:00+00:00,0.0,0.0
2026-03-12 07:45:00+00:00,0.0,0.0
2026-03-12 07:50:00+00:00,0.0,0.0
2026-03-12 07:55:00+00:00,0.0,0.0
2026-03-12 08:00:00+00:00,0.0,0.0
2026-03-12 08:05:00+00:00,0.0,0.0
2026-03-12 08:10:00+00:00,0.0,0.0
2026-03-12 08:15:00+00:00,0.0,0.0
2026-03-12 08:20:00+00:00,0.0,0.0
2026-03-12 08:25:00+00:00,0.0,0.0
2026-03-12 08:30:00+00:00,0.0,0.0
2026-03-12 08:35:00+00:00,0.0,0.0
2026-03-12 08:40:00+00:00,0.0,0.0
2026-03-12 08:45:00+00:00,0.0,0.0
2026-03-12 08:50:00+00:00,0.0,0.0
2026-03-12 08:55:00+00:00,0.0,0.0
2026-03-12 09:00:00+00:00,0.0,0.0
2026-03-12 09:05:00+00:00,0.0,0.0
2026-03-12 09:10:00+00:00,0.0,0.0
2026-03-12 09:15:00+00:00,0.0,0.0
2026-03-12 09:20:00+00:00,0.0,0.0
2026-03-12 09:25:00+00:00,0.0,0.0
2026-03-12 09:30:00+00:00,0.0,0.0
2026-03-12 09:35:00+00:00,0.0,0.0
2026-03-12 09:40:00+00:00,0.0,0.0
2026-03-12 09:45:00+00:00,0.0,0.0
2026-03-12 09:50:00+00:00,0.0,0.0
2026-03-12 09:55:00+00:00,0.0,0.0
2026-03-12 10:00:00+00:00,0.0,0.0
2026-03-12 10:05:00+00:00,0.0,0.0
2026-03-12 10:10:00+00:00,0.0,0.0
2026-03-12 10:15:00+00:00,0.0,0.0
2026-03-12 10:20:00+00:00,0.0,0.0
2026-03-12 10:25:00+00:00,0.0,0.0
2026-03-12 10:30:00+00:00,0.0,0.0
2026-03-12 10:35:00+00:00,0.0,0.0
2026-03-12 10:40:00+00:00,0.0,0.0
2026-03-12 10:45:00+00:00,0.0,0.0
2026-03-12 10:50:00+00:00,0.0,0.0
2026-03-12 10:55:00+00:00,0.0,0.0
2026-03-12 11:00:00+00:00,0.0,0.0
2026-03-12 11:05:00+00:00,0.0,0.0
2026-03-12 11:10:00+00:00,0.0,0.0
2026-03-12 11:15:00+00:00,0.0,0.0
2026-03-12 11:20:00+00:00,0.0,0.0
2026-03-12 11:25:00+00:00,0.0,0.0
2026-03-12 11:30:00+00:00,0.0,0.0
2026-03-12 11:35:00+00:00,0.0,0.0
2026-03-12 11:40:00+00:00,0.0,0.0
2026-03-12 11:45:00+00:00,0.0,0.0
2026-03-12 11:50:00+00:00,0.0,0.0
2026-03-12 11:55:00+00:00,0.0,0.0
2026-03-12 12:00:00+00:00,0.0,0.0
2026-03-12 12:05:00+00:00,0.0,0.0
2026-03-12 12:10:00+00:00,0.0,0.0
2026-03-12 12:15:00+00:00,0.0,0.0
2026-03-12 12:20:00+00:00,0.0,0.0
2026-03-12 12:25:00+00:00,0.0,0.0
2026-03-12 12:30:00+00:00,0.0,0.0
2026-03-12 12:35:00+00:00,0.0,0.0
2026-03-12 12:40:00+00:00,0.0,0.0
2026-03-12 12:45:00+00:00,0.0,0.0
2026-03-12 12:50:00+00:00,0.0,0.0
2026-03-12 12:55:00+00:00,0.0,0.0
2026-03-12 13:00:00+00:00,0.0,0.0
2026-03-12 13:05:00+00:00,0.0,0.0
2026-03-12 13:10:00+00:00,0.0,0.0
2026-03-12 13:15:00+00:00,0.0,0.0
2026-03-12 13:20:00+00:00,0.0,0.0
2026-03-12 13:25:00+00:00,0.0,0.0
2026-03-12 13:30:00+00:00,0.0,0.0
2026-03-12 13:35:00+00:00,0.0,0.0
2026-03-12 13:40:00+00:00,0.0,0.0
2026-03-12 13:45:00+00:00,0.0,0.0
2026-03-12 13:50:00+00:00,0.0,0.0
2026-03-12 13:55:00+00:00,0.0,0.0
2026-03-12 14:00:00+00:00,0.0,0.0
2026-03-12 14:05:00+00:00,0.0,0.0
2026-03-12 14:10:00+00:00,0.0,0.0
2026-03-12 14:15:00+00:00,0.0,0.0
2026-03-12 14:20:00+00:00,0.0,0.0
2026-03-12 14:25:00+00:00,0.0,0.0
2026-03-12 14:30:00+00:00,0.0,0.0
2026-03-12 14:35:00+00:00,0.0,0.0
2026-03-12 14:40:00+00:00,0.0,0.0
2026-03-12 14:45:00+00:00,0.0,0.0
2026-03-12 14:50:00+00:00,0.0,0.0
2026-03-12 14:55:00+00:00,0.0,0.0
2026-03-12 15:00:00+00:00,0.0,0.0
2026-03-12 15:05:00+00:00,0.0,0.0
2026-03-12 15:10:00+00:00,0.0,0.0
2026-03-12 15:15:00+00:00,0.0,0.0
2026-03-12 15:20:00+00:00,0.0,0.0
2026-03-12 15:25:00+00:00,0.0,0.0
2026-03-12 15:30:00+00:00,0.0,0.0
2026-03-12 15:35:00+00:00,0.0,0.0
2026-03-12 15:40:00+00:00,0.0,0.0
2026-03-12 15:45:00+00:00,0.0,0.0
2026-03-12 15:50:00+00:00,0.0,0.0
2026-03-12 15:55:00+00:00,0.0,0.0
2026-03-12 16:00:00+00:00,0.0,0.0
2026-03-12 16:05:00+00:00,0.0,0.0
2026-03-12 16:10:00+00:00,0.0,0.0
2026-03-12 16:15:00+00:00,0.0,0.0
2026-03-12 16:20:00+00:00,0.0,0.0
2026-03-12 16:25:00+00:00,0.0,0.0
2026-03-12 16:30:00+00:00,0.0,0.0
2026-03-12 16:35:00+00:00,0.0,0.0
2026-03-12 16:40:00+00:00,0.0,0.0
2026-03-12 16:45:00+00:00,0.0,0.0
2026-03-12 16:50:00+00:00,0.0,0.0
2026-03-12 16:55:00+00:00,0.0,0.0
2026-03-12 17:00:00+00:00,0.0,0.0
2026-03-12 17:05:00+00:00,0.0,0.0
2026-03-12 17:10:00+00:00,0.0,0.0
2026-03-12 17:15:00+00:00,0.0,0.0
2026-03-12 17:20:00+00:00,0.0,0.0
2026-03-12 17:25:00+00:00,0.0,0.0
2026-03-12 17:30:00+00:00,0.0,0.0
2026-03-12 17:35:00+00:00,0.0,0.0
2026-03-12 17:40:00+00:00,0.0,0.0
2026-03-12 17:45:00+00:00,0.0,0.0
2026-03-12 17:50:00+00:00,0.0,0.0
2026-03-12 17:55:00+00:00,0.0,0.0
2026-03-12 18:00:00+00:00,0.0,0.0
2026-03-12 18:05:00+00:00,0.0,0.0
2026-03-12 18:10:00+00:00,0.0,0.0
2026-03-12 18:15:00+00:00,0.0,0.0
2026-03-12 18:20:00+00:00,0.0,0.0
2026-03-12 18:25:00+00:00,0.0,0.0
2026-03-12 18:30:00+00:00,0.0,0.0
2026-03-12 18:35:00+00:00,0.0,0.0
2026-03-12 18:40:00+00:00,0.0,0.0
2026-03-12 18:45:00+00:00,0.0,0.0
2026-03-12 18:50:00+00:00,0.0,0.0
2026-03-12 18:55:00+00:00,0.0,0.0
2026-03-12 19:00:00+00:00,0.0,0.0
2026-03-12 19:05:00+00:00,0.0,0.0
2026-03-12 19:10:00+00:00,0.0,0.0
2026-03-12 19:15:00+00:00,0.0,0.0
2026-03-12 19:20:00+00:00,0.0,0.0
2026-03-12 19:25:00+00:00,0.0,0.0
2026-03-12 19:30:00+00:00,0.0,0.0
2026-03-12 19:35:00+00:00,0.0,0.0
2026-03-12 19:40:00+00:00,0.0,0.0
2026-03-12 19:45:00+00:00,0.0,0.0
2026-03-12 19:50:00+00:00,0.0,0.0
2026-03-12 19:55:00+00:00,0.0,0.0
2026-03-12 20:00:00+00:00,0.0,0.0
2026-03-12 20:05:00+00:00,0.0,0.0
2026-03-12 20:10:00+00:00,0.0,0.0
2026-03-12 20:15:00+00:00,0.0,0.0
2026-03-12 20:20:00+00:00,0.0,0.0
2026-03-12 20:25:00+00:00,0.0,0.0
2026-03-12 20:30:00+00:00,0.0,0.0
2026-03-12 20:35:00+00:00,0.0,0.0
2026-03-12 20:40:00+00:00,0.0,0.0
2026-03-12 20:45:00+00:00,0.0,0.0
2026-03-12 20:50:00+00:00,0.0,0.0
2026-03-12 20:55:00+00:00,0.0,0.0
2026-03-12 21:00:00+00:00,0.0,0.0
2026-03-12 21:05:00+00:00,0.0,0.0
2026-03-12 21:10:00+00:00,0.0,0.0
2026-03-12 21:15:00+00:00,0.0,0.0
2026-03-12 21:20:00+00:00,0.0,0.0
2026-03-12 21:25:00+00:00,0.0,0.0
2026-03-12 21:30:00+00:00,0.0,0.0
2026-03-12 21:35:00+00:00,0.0,0.0
2026-03-12 21:40:00+00:00,0.0,0.0
2026-03-12 21:45:00+00:00,0.0,0.0
2026-03-12 21:50:00+00:00,0.0,0.0
2026-03-12 21:55:00+00:00,0.0,0.0
2026-03-12 22:00:00+00:00,0.0,0.0
2026-03-12 22:05:00+00:00,0.0,0.0
2026-03-12 22:10:00+00:00,0.0,0.0
2026-03-12 22:15:00+00:00,0.0,0.0
2026-03-12 22:20:00+00:00,0.0,0.0
2026-03-12 22:25:00+00:00,0.0,0.0
2026-03-12 22:30:00+00:00,0.0,0.0
2026-03-12 22:35:00+00:00,0.0,0.0
2026-03-12 22:40:00+00:00,0.0,0.0
2026-03-12 22:45:00+00:00,0.0,0.0
2026-03-12 22:50:00+00:00,0.0,0.0
2026-03-12 22:55:00+00:00,0.0,0.0
2026-03-12 23:00:00+00:00,0.0,0.0
2026-03-12 23:05:00+00:00,0.0,0.0
2026-03-12 23:10:00+00:00,0.0,0.0
2026-03-12 23:15:00+00:00,0.0,0.0
2026-03-12 23:20:00+00:00,0.0,0.0
2026-03-12 23:25:00+00:00,0.0,0.0
2026-03-12 23:30:00+00:00,0.0,0.0
2026-03-12 23:35:00+00:00,0.0,0.0
2026-03-12 23:40:00+00:00,0.0,0.0
2026-03-12 23:45:00+00:00,0.0,0.0
2026-03-12 23:50:00+00:00,0.0,0.0
2026-03-12 23:55:00+00:00,0.0,0.0
2026-03-13 00:00:00+00:00,0.0,0.0
2026-03-13 00:05:00+00:00,0.0,0.0
2026-03-13 00:10:00+00:00,0.0,0.0
2026-03-13 00:15:00+00:00,0.0,0.0
2026-03-13 00:20:00+00:00,0.0,0.0
2026-03-13 00:25:00+00:00,0.0,0.0
2026-03-13 00:30:00+00:00,0.0,0.0
2026-03-13 00:35:00+00:00,0.0,0.0
2026-03-13 00:40:00+00:00,0.0,0.0
2026-03-13 00:45:00+00:00,0.0,0.0
2026-03-13 00:50:00+00:00,0.0,0.0
2026-03-13 00:55:00+00:00,0.0,0.0
2026-03-13 01:00:00+00:00,0.0,0.0
2026-03-13 01:05:00+00:00,0.0,0.0
2026-03-13 01:10:00+00:00,0.0,0.0
2026-03-13 01:15:00+00:00,0.0,0.0
2026-03-13 01:20:00+00:00,0.0,0.0
2026-03-13 01:25:00+00:00,0.0,0.0
2026-03-13 01:30:00+00:00,0.0,0.0
2026-03-13 01:35:00+00:00,0.0,0.0
2026-03-13 01:40:00+00:00,0.0,0.0
2026-03-13 01:45:00+00:00,0.0,0.0
2026-03-13 01:50:00+00:00,0.0,0.0
2026-03-13 01:55:00+00:00,0.0,0.0
2026-03-13 02:00:00+00:00,0.0,0.0
2026-03-13 02:05:00+00:00,0.0,0.0
2026-03-13 02:10:00+00:00,0.0,0.0
2026-03-13 02:15:00+00:00,0.0,0.0
2026-03-13 02:20:00+00:00,0.0,0.0
2026-03-13 02:25:00+00:00,0.0,0.0
2026-03-13 02:30:00+00:00,0.0,0.0
2026-03-13 02:35:00+00:00,0.0,0.0
2026-03-13 02:40:00+00:00,0.0,0.0
2026-03-13 02:45:00+00:00,0.0,0.0
2026-03-13 02:50:00+00:00,0.0,0.0
2026-03-13 02:55:00+00:00,0.0,0.0
2026-03-13 03:00:00+00:00,0.0,0.0
2026-03-13 03:05:00+00:00,0.0,0.0
2026-03-13 03:10:00+00:00,0.0,0.0
2026-03-13 03:15:00+00:00,0.0,0.0
2026-03-13 03:20:00+00:00,0.0,0.0
2026-03-13 03:25:00+00:00,0.0,0.0
2026-03-13 03:30:00+00:00,0.0,0.0
2026-03-13 03:35:00+00:00,0.0,0.0
2026-03-13 03:40:00+00:00,0.0,0.0
2026-03-13 03:45:00+00:00,0.0,0.0
2026-03-13 03:50:00+00:00,0.0,0.0
2026-03-13 03:55:00+00:00,0.0,0.0
2026-03-13 04:00:00+00:00,0.0,0.0
2026-03-13 04:05:00+00:00,0.0,0.0
2026-03-13 04:10:00+00:00,0.0,0.0
2026-03-13 04:15:00+00:00,0.0,0.0
2026-03-13 04:20:00+00:00,0.0,0.0
2026-03-13 04:25:00+00:00,0.0,0.0
2026-03-13 04:30:00+00:00,0.0,0.0
2026-03-13 04:35:00+00:00,0.0,0.0
2026-03-13 04:40:00+00:00,0.0,0.0
2026-03-13 04:45:00+00:00,0.0,0.0
2026-03-13 04:50:00+00:00,0.0,0.0
2026-03-13 04:55:00+00:00,0.0,0.0
2026-03-13 05:00:00+00:00,0.0,0.0
2026-03-13 05:05:00+00:00,0.0,0.0
2026-03-13 05:10:00+00:00,0.0,0.0
2026-03-13 05:15:00+00:00,0.0,0.0
2026-03-13 05:20:00+00:00,0.0,0.0
2026-03-13 05:25:00+00:00,0.0,0.0
2026-03-13 05:30:00+00:00,0.0,0.0
2026-03-13 05:35:00+00:00,0.0,0.0
2026-03-13 05:40:00+00:00,0.0,0.0
2026-03-13 05:45:00+00:00,0.0,0.0
2026-03-13 05:50:00+00:00,0.0,0.0
2026-03-13 05:55:00+00:00,0.0,0.0
2026-03-13 06:00:00+00:00,0.0,0.0
2026-03-13 06:05:00+00:00,0.0,0.0
2026-03-13 06:10:00+00:00,0.0,0.0
2026-03-13 06:15:00+00:00,0.0,0.0
2026-03-13 06:20:00+00:00,0.0,0.0
2026-03-13 06:25:00+00:00,0.0,0.0
2026-03-13 06:30:00+00:00,0.0,0.0
2026-03-13 06:35:00+00:00,0.0,0.0
2026-03-13 06:40:00+00:00,0.0,0.0
2026-03-13 06:45:00+00:00,0.0,0.0
2026-03-13 06:50:00+00:00,0.0,0.0
2026-03-13 06:55:00+00:00,0.0,0.0
2026-03-13 07:00:00+00:00,0.0,0.0
2026-03-13 07:05:00+00:00,0.0,0.0
2026-03-13 07:10:00+00:00,0.0,0.0
2026-03-13 07:15:00+00:00,0.0,0.0
2026-03-13 07:20:00+00:00,0.0,0.0
2026-03-13 07:25:00+00:00,0.0,0.0
2026-03-13 07:30:00+00:00,0.0,0.0
2026-03-13 07:35:00+00:00,0.0,0.0
2026-03-13 07:40:00+00:00,0.0,0.0
2026-03-13 07:45:00+00:00,0.0,0.0
2026-03-13 07:50:00+00:00,0.0,0.0
2026-03-13 07:55:00+00:00,0.0,0.0
2026-03-13 08:00:00+00:00,0.0,0.0
2026-03-13 08:05:00+00:00,0.0,0.0
2026-03-13 08:10:00+00:00,0.0,0.0
2026-03-13 08:15:00+00:00,0.0,0.0
2026-03-13 08:20:00+00:00,0.0,0.0
2026-03-13 08:25:00+00:00,0.0,0.0
2026-03-13 08:30:00+00:00,0.0,0.0
2026-03-13 08:35:00+00:00,0.0,0.0
2026-03-13 08:40:00+00:00,0.0,0.0
2026-03-13 08:45:00+00:00,0.0,0.0
2026-03-13 08:50:00+00:00,0.0,0.0
2026-03-13 08:55:00+00:00,0.0,0.0
2026-03-13 09:00:00+00:00,0.0,0.0
2026-03-13 09:05:00+00:00,0.0,0.0
2026-03-13 09:10:00+00:00,0.0,0.0
2026-03-13 09:15:00+00:00,0.0,0.0
2026-03-13 09:20:00+00:00,0.0,0.0
2026-03-13 09:25:00+00:00,0.0,0.0
2026-03-13 09:30:00+00:00,0.0,0.0
2026-03-13 09:35:00+00:00,0.0,0.0
2026-03-13 09:40:00+00:00,0.0,0.0
2026-03-13 09:45:00+00:00,0.0,0.0
2026-03-13 09:50:00+00:00,0.0,0.0
2026-03-13 09:55:00+00:00,0.0,0.0
2026-03-13 10:00:00+00:00,0.0,0.0
2026-03-13 10:05:00+00:00,0.0,0.0
2026-03-13 10:10:00+00:00,0.0,0.0
2026-03-13 10:15:00+00:00,0.0,0.0
2026-03-13 10:20:00+00:00,0.0,0.0
2026-03-13 10:25:00+00:00,0.0,0.0
2026-03-13 10:30:00+00:00,0.0,0.0
2026-03-13 10:35:00+00:00,0.0,0.0
2026-03-13 10:40:00+00:00,0.0,0.0
2026-03-13 10:45:00+00:00,0.0,0.0
2026-03-13 10:50:00+00:00,0.0,0.0
2026-03-13 10:55:00+00:00,0.0,0.0
2026-03-13 11:00:00+00:00,0.0,0.0
2026-03-13 11:05:00+00:00,0.0,0.0
2026-03-13 11:10:00+00:00,0.0,0.0
2026-03-13 11:15:00+00:00,0.0,0.0
2026-03-13 11:20:00+00:00,0.0,0.0
2026-03-13 11:25:00+00:00,0.0,0.0
2026-03-13 11:30:00+00:00,0.0,0.0
2026-03-13 11:35:00+00:00,0.0,0.0
2026-03-13 11:40:00+00:00,0.0,0.0
2026-03-13 11:45:00+00:00,0.0,0.0
2026-03-13 11:50:00+00:00,0.0,0.0
2026-03-13 11:55:00+00:00,0.0,0.0
2026-03-13 12:00:00+00:00,0.0,0.0
2026-03-13 12:05:00+00:00,0.0,0.0
2026-03-13 12:10:00+00:00,0.0,0.0
2026-03-13 12:15:00+00:00,0.0,0.0
2026-03-13 12:20:00+00:00,0.0,0.0
2026-03-13 12:25:00+00:00,0.0,0.0
2026-03-13 12:30:00+00:00,0.0,0.0
2026-03-13 12:35:00+00:00,0.0,0.0
2026-03-13 12:40:00+00:00,0.0,0.0
2026-03-13 12:45:00+00:00,0.0,0.0
2026-03-13 12:50:00+00:00,0.0,0.0
2026-03-13 12:55:00+00:00,0.0,0.0
2026-03-13 13:00:00+00:00,0.0,0.0
2026-03-13 13:05:00+00:00,0.0,0.0
2026-03-13 13:10:00+00:00,0.0,0.0
2026-03-13 13:15:00+00:00,0.0,0.0
2026-03-13 13:20:00+00:00,0.0,0.0
2026-03-13 13:25:00+00:00,0.0,0.0
2026-03-13 13:30:00+00:00,0.0,0.0
2026-03-13 13:35:00+00:00,0.0,0.0
2026-03-13 13:40:00+00:00,0.0,0.0
2026-03-13 13:45:00+00:00,0.0,0.0
2026-03-13 13:50:00+00:00,0.0,0.0
2026-03-13 13:55:00+00:00,0.0,0.0
2026-03-13 14:00:00+00:00,0.0,0.0
2026-03-13 14:05:00+00:00,0.0,0.0
2026-03-13 14:10:00+00:00,0.0,0.0
2026-03-13 14:15:00+00:00,0.0,0.0
2026-03-13 14:20:00+00:00,0.0,0.0
2026-03-13 14:25:00+00:00,0.0,0.0
2026-03-13 14:30:00+00:00,0.0,0.0
2026-03-13 14:35:00+00:00,0.0,0.0
2026-03-13 14:40:00+00:00,0.0,0.0
2026-03-13 14:45:00+00:00,0.0,0.0
2026-03-13 14:50:00+00:00,0.0,0.0
2026-03-13 14:55:00+00:00,0.0,0.0
2026-03-13 15:00:00+00:00,0.0,0.0
2026-03-13 15:05:00+00:00,0.0,0.0
2026-03-13 15:10:00+00:00,0.0,0.0
2026-03-13 15:15:00+00:00,0.0,0.0
2026-03-13 15:20:00+00:00,0.0,0.0
2026-03-13 15:25:00+00:00,0.0,0.0
2026-03-13 15:30:00+00:00,0.0,0.0
2026-03-13 15:35:00+00:00,0.0,0.0
2026-03-13 15:40:00+00:00,0.0,0.0
2026-03-13 15:45:00+00:00,0.0,0.0
2026-03-13 15:50:00+00:00,0.0,0.0
2026-03-13 15:55:00+00:00,0.0,0.0
2026-03-13 16:00:00+00:00,0.0,0.0
2026-03-13 16:05:00+00:00,0.0,0.0
2026-03-13 16:10:00+00:00,0.0,0.0
2026-03-13 16:15:00+00:00,0.0,0.0
2026-03-13 16:20:00+00:00,0.0,0.0
2026-03-13 16:25:00+00:00,0.0,0.0
2026-03-13 16:30:00+00:00,0.0,0.0
2026-03-13 16:35:00+00:00,0.0,0.0
2026-03-13 16:40:00+00:00,0.0,0.0
2026-03-13 16:45:00+00:00,0.0,0.0
2026-03-13 16:50:00+00:00,0.0,0.0
2026-03-13 16:55:00+00:00,0.0,0.0
2026-03-13 17:00:00+00:00,0.0,0.0
2026-03-13 17:05:00+00:00,0.0,0.0
2026-03-13 17:10:00+00:00,0.0,0.0
2026-03-13 17:15:00+00:00,0.0,0.0
2026-03-13 17:20:00+00:00,0.0,0.0
2026-03-13 17:25:00+00:00,0.0,0.0
2026-03-13 17:30:00+00:00,0.0,0.0
2026-03-13 17:35:00+00:00,0.0,0.0
2026-03-13 17:40:00+00:00,0.0,0.0
2026-03-13 17:45:00+00:00,0.0,0.0
2026-03-13 17:50:00+00:00,0.0,0.0
2026-03-13 17:55:00+00:00,0.0,0.0
2026-03-13 18:00:00+00:00,0.0,0.0
2026-03-13 18:05:00+00:00,0.0,0.0
2026-03-13 18:10:00+00:00,0.0,0.0
2026-03-13 18:15:00+00:00,0.0,0.0
2026-03-13 18:20:00+00:00,0.0,0.0
2026-03-13 18:25:00+00:00,0.0,0.0
2026-03-13 18:30:00+00:00,0.0,0.0
2026-03-13 18:35:00+00:00,0.0,0.0
2026-03-13 18:40:00+00:00,0.0,0.0
2026-03-13 18:45:00+00:00,0.0,0.0
2026-03-13 18:50:00+00:00,0.0,0.0
2026-03-13 18:55:00+00:00,0.0,0.0
2026-03-13 19:00:00+00:00,0.0,0.0
2026-03-13 19:05:00+00:00,0.0,0.0
2026-03-13 19:10:00+00:00,0.0,0.0
2026-03-13 19:15:00+00:00,0.0,0.0
2026-03-13 19:20:00+00:00,0.0,0.0
2026-03-13 19:25:00+00:00,0.0,0.0
2026-03-13 19:30:00+00:00,0.0,0.0
2026-03-13 19:35:00+00:00,0.0,0.0
2026-03-13 19:40:00+00:00,0.0,0.0
2026-03-13 19:45:00+00:00,0.0,0.0
2026-03-13 19:50:00+00:00,0.0,0.0
2026-03-13 19:55:00+00:00,0.0,0.0
2026-03-13 20:00:00+00:00,0.0,0.0
2026-03-13 20:05:00+00:00,0.0,0.0
2026-03-13 20:10:00+00:00,0.0,0.0
2026-03-13 20:15:00+00:00,0.0,0.0
2026-03-13 20:20:00+00:00,0.0,0.0
2026-03-13 20:25:00+00:00,0.0,0.0
2026-03-13 20:30:00+00:00,0.0,0.0
2026-03-13 20:35:00+00:00,0.0,0.0
2026-03-13 20:40:00+00:00,0.0,0.0
2026-03-13 20:45:00+00:00,0.0,0.0
2026-03-13 20:50:00+00:00,0.0,0.0
2026-03-13 20:55:00+00:00,0.0,0.0
2026-03-13 21:00:00+00:00,0.0,0.0
2026-03-13 21:05:00+00:00,0.0,0.0
2026-03-13 21:10:00+00:00,0.0,0.0
2026-03-13 21:15:00+00:00,0.0,0.0
2026-03-13 21:20:00+00:00,0.0,0.0
2026-03-13 21:25:00+00:00,0.0,0.0
2026-03-13 21:30:00+00:00,0.0,0.0
2026-03-13 21:35:00+00:00,0.0,0.0
2026-03-13 21:40:00+00:00,0.0,0.0
2026-03-13 21:45:00+00:00,0.0,0.0
2026-03-13 21:50:00+00:00,0.0,0.0
2026-03-13 21:55:00+00:00,0.0,0.0
2026-03-13 22:00:00+00:00,0.0,0.0
2026-03-13 22:05:00+00:00,0.0,0.0
2026-03-13 22:10:00+00:00,0.0,0.0
2026-03-13 22:15:00+00:00,0.0,0.0
2026-03-13 22:20:00+00:00,0.0,0.0
2026-03-13 22:25:00+00:00,0.0,0.0
2026-03-13 22:30:00+00:00,0.0,0.0
2026-03-13 22:35:00+00:00,0.0,0.0
2026-03-13 22:40:00+00:00,0.0,0.0
2026-03-13 22:45:00+00:00,0.0,0.0
2026-03-13 22:50:00+00:00,0.0,0.0
2026-03-13 22:55:00+00:00,0.0,0.0
2026-03-13 23:00:00+00:00,0.0,0.0
2026-03-13 23:05:00+00:00,0.0,0.0
2026-03-13 23:10:00+00:00,0.0,0.0
2026-03-13 23:15:00+00:00,0.0,0.0
2026-03-13 23:20:00+00:00,0.0,0.0
2026-03-13 23:25:00+00:00,0.0,0.0
2026-03-13 23:30:00+00:00,0.0,0.0
2026-03-13 23:35:00+00:00,0.0,0.0
2026-03-13 23:40:00+00:00,0.0,0.0
2026-03-13 23:45:00+00:00,0.0,0.0
2026-03-13 23:50:00+00:00,0.0,0.0
2026-03-13 23:55:00+00:00,0.0,0.0
2026-03-14 00:00:00+00:00,0.0,0.0
2026-03-14 00:05:00+00:00,0.0,0.0
2026-03-14 00:10:00+00:00,0.0,0.0
2026-03-14 00:15:00+00:00,0.0,0.0
2026-03-14 00:20:00+00:00,0.0,0.0
2026-03-14 00:25:00+00:00,0.0,0.0
2026-03-14 00:30:00+00:00,0.0,0.0
2026-03-14 00:35:00+00:00,0.0,0.0
2026-03-14 00:40:00+00:00,0.0,0.0
2026-03-14 00:45:00+00:00,0.0,0.0
2026-03-14 00:50:00+00:00,0.0,0.0
2026-03-14 00:55:00+00:00,0.0,0.0
2026-03-14 01:00:00+00:00,0.0,0.0
2026-03-14 01:05:00+00:00,0.0,0.0
2026-03-14 01:10:00+00:00,0.0,0.0
2026-03-14 01:15:00+00:00,0.0,0.0
2026-03-14 01:20:00+00:00,0.0,0.0
2026-03-14 01:25:00+00:00,0.0,0.0
2026-03-14 01:30:00+00:00,0.0,0.0
2026-03-14 01:35:00+00:00,0.0,0.0
2026-03-14 01:40:00+00:00,0.0,0.0
2026-03-14 01:45:00+00:00,0.0,0.0
2026-03-14 01:50:00+00:00,0.0,0.0
2026-03-14 01:55:00+00:00,0.0,0.0
2026-03-14 02:00:00+00:00,0.0,0.0
2026-03-14 02:05:00+00:00,0.0,0.0
2026-03-14 02:10:00+00:00,0.0,0.0
2026-03-14 02:15:00+00:00,0.0,0.0
2026-03-14 02:20:00+00:00,0.0,0.0
2026-03-14 02:25:00+00:00,0.0,0.0
2026-03-14 02:30:00+00:00,0.0,0.0
2026-03-14 02:35:00+00:00,0.0,0.0
2026-03-14 02:40:00+00:00,0.0,0.0
2026-03-14 02:45:00+00:00,0.0,0.0
2026-03-14 02:50:00+00:00,0.0,0.0
2026-03-14 02:55:00+00:00,0.0,0.0
2026-03-14 03:00:00+00:00,0.0,0.0
2026-03-14 03:05:00+00:00,0.0,0.0
2026-03-14 03:10:00+00:00,0.0,0.0
2026-03-14 03:15:00+00:00,0.0,0.0
2026-03-14 03:20:00+00:00,0.0,0.0
2026-03-14 03:25:00+00:00,0.0,0.0
2026-03-14 03:30:00+00:00,0.0,0.0
2026-03-14 03:35:00+00:00,0.0,0.0
2026-03-14 03:40:00+00:00,0.0,0.0
2026-03-14 03:45:00+00:00,0.0,0.0
2026-03-14 03:50:00+00:00,0.0,0.0
2026-03-14 03:55:00+00:00,0.0,0.0
2026-03-14 04:00:00+00:00,0.0,0.0
2026-03-14 04:05:00+00:00,0.0,0.0
2026-03-14 04:10:00+00:00,0.0,0.0
2026-03-14 04:15:00+00:00,0.0,0.0
2026-03-14 04:20:00+00:00,0.0,0.0
2026-03-14 04:25:00+00:00,0.0,0.0
2026-03-14 04:30:00+00:00,0.0,0.0
2026-03-14 04:35:00+00:00,0.0,0.0
2026-03-14 04:40:00+00:00,0.0,0.0
2026-03-14 04:45:00+00:00,0.0,0.0
2026-03-14 04:50:00+00:00,0.0,0.0
2026-03-14 04:55:00+00:00,0.0,0.0
2026-03-14 05:00:00+00:00,0.0,0.0
2026-03-14 05:05:00+00:00,0.0,0.0
2026-03-14 05:10:00+00:00,0.0,0.0
2026-03-14 05:15:00+00:00,0.0,0.0
2026-03-14 05:20:00+00:00,0.0,0.0
2026-03-14 05:25:00+00:00,0.0,0.0
2026-03-14 05:30:00+00:00,0.0,0.0
2026-03-14 05:35:00+00:00,0.0,0.0
2026-03-14 05:40:00+00:00,0.0,0.0
2026-03-14 05:45:00+00:00,0.0,0.0
2026-03-14 05:50:00+00:00,0.0,0.0
2026-03-14 05:55:00+00:00,0.0,0.0
2026-03-14 06:00:00+00:00,0.0,0.0
2026-03-14 06:05:00+00:00,0.0,0.0
2026-03-14 06:10:00+00:00,0.0,0.0
2026-03-14 06:15:00+00:00,0.0,0.0
2026-03-14 06:20:00+00:00,0.0,0.0
2026-03-14 06:25:00+00:00,0.0,0.0
2026-03-14 06:30:00+00:00,0.0,0.0
2026-03-14 06:35:00+00:00,0.0,0.0
2026-03-14 06:40:00+00:00,0.0,0.0
2026-03-14 06:45:00+00:00,0.0,0.0
2026-03-14 06:50:00+00:00,0.0,0.0
2026-03-14 06:55:00+00:00,0.0,0.0
2026-03-14 07:00:00+00:00,0.0,0.0
2026-03-14 07:05:00+00:00,0.0,0.0
2026-03-14 07:10:00+00:00,0.0,0.0
2026-03-14 07:15:00+00:00,0.0,0.0
2026-03-14 07:20:00+00:00,0.0,0.0
2026-03-14 07:25:00+00:00,0.0,0.0
2026-03-14 07:30:00+00:00,0.0,0.0
2026-03-14 07:35:00+00:00,0.0,0.0
2026-03-14 07:40:00+00:00,0.0,0.0
2026-03-14 07:45:00+00:00,0.0,0.0
2026-03-14 07:50:00+00:00,0.0,0.0
2026-03-14 07:55:00+00:00,0.0,0.0
2026-03-14 08:00:00+00:00,0.0,0.0
2026-03-14 08:05:00+00:00,0.0,0.0
2026-03-14 08:10:00+00:00,0.0,0.0
2026-03-14 08:15:00+00:00,0.0,0.0
2026-03-14 08:20:00+00:00,0.0,0.0
2026-03-14 08:25:00+00:00,0.0,0.0
2026-03-14 08:30:00+00:00,0.0,0.0
2026-03-14 08:35:00+00:00,0.0,0.0
2026-03-14 08:40:00+00:00,0.0,0.0
2026-03-14 08:45:00+00:00,0.0,0.0
2026-03-14 08:50:00+00:00,0.0,0.0
2026-03-14 08:55:00+00:00,0.0,0.0
2026-03-14 09:00:00+00:00,0.0,0.0
2026-03-14 09:05:00+00:00,0.0,0.0
2026-03-14 09:10:00+00:00,0.0,0.0
2026-03-14 09:15:00+00:00,0.0,0.0
2026-03-14 09:20:00+00:00,0.0,0.0
2026-03-14 09:25:00+00:00,0.0,0.0
2026-03-14 09:30:00+00:00,0.0,0.0
2026-03-14 09:35:00+00:00,0.0,0.0
2026-03-14 09:40:00+00:00,0.0,0.0
2026-03-14 09:45:00+00:00,0.0,0.0
2026-03-14 09:50:00+00:00,0.0,0.0
2026-03-14 09:55:00+00:00,0.0,0.0
2026-03-14 10:00:00+00:00,0.0,0.0
2026-03-14 10:05:00+00:00,0.0,0.0
2026-03-14 10:10:00+00:00,0.0,0.0
2026-03-14 10:15:00+00:00,0.0,0.0
2026-03-14 10:20:00+00:00,0.0,0.0
2026-03-14 10:25:00+00:00,0.0,0.0
2026-03-14 10:30:00+00:00,0.0,0.0
2026-03-14 10:35:00+00:00,0.0,0.0
2026-03-14 10:40:00+00:00,0.0,0.0
2026-03-14 10:45:00+00:00,0.0,0.0
2026-03-14 10:50:00+00:00,0.0,0.0
2026-03-14 10:55:00+00:00,0.0,0.0
2026-03-14 11:00:00+00:00,0.0,0.0
2026-03-14 11:05:00+00:00,0.0,0.0
2026-03-14 11:10:00+00:00,0.0,0.0
2026-03-14 11:15:00+00:00,0.0,0.0
2026-03-14 11:20:00+00:00,0.0,0.0
2026-03-14 11:25:00+00:00,0.0,0.0
2026-03-14 11:30:00+00:00,0.0,0.0
2026-03-14 11:35:00+00:00,0.0,0.0
2026-03-14 11:40:00+00:00,0.0,0.0
2026-03-14 11:45:00+00:00,0.0,0.0
2026-03-14 11:50:00+00:00,0.0,0.0
2026-03-14 11:55:00+00:00,0.0,0.0
2026-03-14 12:00:00+00:00,0.0,0.0
2026-03-14 12:05:00+00:00,0.0,0.0
2026-03-14 12:10:00+00:00,0.0,0.0
2026-03-14 12:15:00+00:00,0.0,0.0
2026-03-14 12:20:00+00:00,0.0,0.0
2026-03-14 12:25:00+00:00,0.0,0.0
2026-03-14 12:30:00+00:00,0.0,0.0
2026-03-14 12:35:00+00:00,0.0,0.0
2026-03-14 12:40:00+00:00,0.0,0.0
2026-03-14 12:45:00+00:00,0.0,0.0
2026-03-14 12:50:00+00:00,0.0,0.0
2026-03-14 12:55:00+00:00,0.0,0.0
2026-03-14 13:00:00+00:00,0.0,0.0
2026-03-14 13:05:00+00:00,0.0,0.0
2026-03-14 13:10:00+00:00,0.0,0.0
2026-03-14 13:15:00+00:00,0.0,0.0
2026-03-14 13:20:00+00:00,0.0,0.0
2026-03-14 13:25:00+00:00,0.0,0.0
2026-03-14 13:30:00+00:00,0.0,0.0
2026-03-14 13:35:00+00:00,0.0,0.0
2026-03-14 13:40:00+00:00,0.0,0.0
2026-03-14 13:45:00+00:00,0.0,0.0
2026-03-14 13:50:00+00:00,0.0,0.0
2026-03-14 13:55:00+00:00,0.0,0.0
2026-03-14 14:00:00+00:00,0.0,0.0
2026-03-14 14:05:00+00:00,0.0,0.0
2026-03-14 14:10:00+00:00,0.0,0.0
2026-03-14 14:15:00+00:00,0.0,0.0
2026-03-14 14:20:00+00:00,0.0,0.0
2026-03-14 14:25:00+00:00,0.0,0.0
2026-03-14 14:30:00+00:00,0.0,0.0
2026-03-14 14:35:00+00:00,0.0,0.0
2026-03-14 14:40:00+00:00,0.0,0.0
2026-03-14 14:45:00+00:00,0.0,0.0
2026-03-14 14:50:00+00:00,0.0,0.0
2026-03-14 14:55:00+00:00,0.0,0.0
2026-03-14 15:00:00+00:00,0.0,0.0
2026-03-14 15:05:00+00:00,0.0,0.0
2026-03-14 15:10:00+00:00,0.0,0.0
2026-03-14 15:15:00+00:00,0.0,0.0
2026-03-14 15:20:00+00:00,0.0,0.0
2026-03-14 15:25:00+00:00,0.0,0.0
2026-03-14 15:30:00+00:00,0.0,0.0
2026-03-14 15:35:00+00:00,0.0,0.0
2026-03-14 15:40:00+00:00,0.0,0.0
2026-03-14 15:45:00+00:00,0.0,0.0
2026-03-14 15:50:00+00:00,0.0,0.0
2026-03-14 15:55:00+00:00,0.0,0.0
2026-03-14 16:00:00+00:00,0.0,0.0
2026-03-14 16:05:00+00:00,0.0,0.0
2026-03-14 16:10:00+00:00,0.0,0.0
2026-03-14 16:15:00+00:00,0.0,0.0
2026-03-14 16:20:00+00:00,0.0,0.0
2026-03-14 16:25:00+00:00,0.0,0.0
2026-03-14 16:30:00+00:00,0.0,0.0
2026-03-14 16:35:00+00:00,0.0,0.0
2026-03-14 16:40:00+00:00,0.0,0.0
2026-03-14 16:45:00+00:00,0.0,0.0
2026-03-14 16:50:00+00:00,0.0,0.0
2026-03-14 16:55:00+00:00,0.0,0.0
2026-03-14 17:00:00+00:00,0.0,0.0
2026-03-14 17:05:00+00:00,0.0,0.0
2026-03-14 17:10:00+00:00,0.0,0.0
2026-03-14 17:15:00+00:00,0.0,0.0
2026-03-14 17:20:00+00:00,0.0,0.0
2026-03-14 17:25:00+00:00,0.0,0.0
2026-03-14 17:30:00+00:00,0.0,0.0
2026-03-14 17:35:00+00:00,0.0,0.0
2026-03-14 17:40:00+00:00,0.0,0.0
2026-03-14 17:45:00+00:00,0.0,0.0
2026-03-14 17:50:00+00:00,0.0,0.0
2026-03-14 17:55:00+00:00,0.0,0.0
2026-03-14 18:00:00+00:00,0.0,0.0
2026-03-14 18:05:00+00:00,0.0,0.0
2026-03-14 18:10:00+00:00,0.0,0.0
2026-03-14 18:15:00+00:00,0.0,0.0
2026-03-14 18:20:00+00:00,0.0,0.0
2026-03-14 18:25:00+00:00,0.0,0.0
2026-03-14 18:30:00+00:00,0.0,0.0
2026-03-14 18:35:00+00:00,0.0,0.0
2026-03-14 18:40:00+00:00,0.0,0.0
2026-03-14 18:45:00+00:00,0.0,0.0
2026-03-14 18:50:00+00:00,0.0,0.0
2026-03-14 18:55:00+00:00,0.0,0.0
2026-03-14 19:00:00+00:00,0.0,0.0
2026-03-14 19:05:00+00:00,0.0,0.0
2026-03-14 19:10:00+00:00,0.0,0.0
2026-03-14 19:15:00+00:00,0.0,0.0
2026-03-14 19:20:00+00:00,0.0,0.0
2026-03-14 19:25:00+00:00,0.0,0.0
2026-03-14 19:30:00+00:00,0.0,0.0
2026-03-14 19:35:00+00:00,0.0,0.0
2026-03-14 19:40:00+00:00,0.0,0.0
2026-03-14 19:45:00+00:00,0.0,0.0
2026-03-14 19:50:00+00:00,0.0,0.0
2026-03-14 19:55:00+00:00,0.0,0.0
2026-03-14 20:00:00+00:00,0.0,0.0
2026-03-14 20:05:00+00:00,0.0,0.0
2026-03-14 20:10:00+00:00,0.0,0.0
2026-03-14 20:15:00+00:00,0.0,0.0
2026-03-14 20:20:00+00:00,0.0,0.0
2026-03-14 20:25:00+00:00,0.0,0.0
2026-03-14 20:30:00+00:00,0.0,0.0
2026-03-14 20:35:00+00:00,0.0,0.0
2026-03-14 20:40:00+00:00,0.0,0.0
2026-03-14 20:45:00+00:00,0.0,0.0
2026-03-14 20:50:00+00:00,0.0,0.0
2026-03-14 20:55:00+00:00,0.0,0.0
2026-03-14 21:00:00+00:00,0.0,0.0
2026-03-14 21:05:00+00:00,0.0,0.0
2026-03-14 21:10:00+00:00,0.0,0.0
2026-03-14 21:15:00+00:00,0.0,0.0
2026-03-14 21:20:00+00:00,0.0,0.0
2026-03-14 21:25:00+00:00,0.0,0.0
2026-03-14 21:30:00+00:00,0.0,0.0
2026-03-14 21:35:00+00:00,0.0,0.0
2026-03-14 21:40:00+00:00,0.0,0.0
2026-03-14 21:45:00+00:00,0.0,0.0
2026-03-14 21:50:00+00:00,0.0,0.0
2026-03-14 21:55:00+00:00,0.0,0.0
2026-03-14 22:00:00+00:00,0.0,0.0
2026-03-14 22:05:00+00:00,0.0,0.0
2026-03-14 22:10:00+00:00,0.0,0.0
2026-03-14 22:15:00+00:00,0.0,0.0
2026-03-14 22:20:00+00:00,0.0,0.0
2026-03-14 22:25:00+00:00,0.0,0.0
2026-03-14 22:30:00+00:00,0.0,0.0
2026-03-14 22:35:00+00:00,0.0,0.0
2026-03-14 22:40:00+00:00,0.0,0.0
2026-03-14 22:45:00+00:00,0.0,0.0
2026-03-14 22:50:00+00:00,0.0,0.0
2026-03-14 22:55:00+00:00,0.0,0.0
2026-03-14 23:00:00+00:00,0.0,0.0
2026-03-14 23:05:00+00:00,0.0,0.0
2026-03-14 23:10:00+00:00,0.0,0.0
2026-03-14 23:15:00+00:00,0.0,0.0
2026-03-14 23:20:00+00:00,0.0,0.0
2026-03-14 23:25:00+00:00,0.0,0.0
2026-03-14 23:30:00+00:00,0.0,0.0
2026-03-14 23:35:00+00:00,0.0,0.0
2026-03-14 23:40:00+00:00,0.0,0.0
2026-03-14 23:45:00+00:00,0.0,0.0
2026-03-14 23:50:00+00:00,0.0,0.0
2026-03-14 23:55:00+00:00,0.0,0.0
2026-03-15 00:00:00+00:00,0.0,0.0
2026-03-15 00:05:00+00:00,0.0,0.0
2026-03-15 00:10:00+00:00,0.0,0.0
2026-03-15 00:15:00+00:00,0.0,0.0
2026-03-15 00:20:00+00:00,0.0,0.0
2026-03-15 00:25:00+00:00,0.0,0.0
2026-03-15 00:30:00+00:00,0.0,0.0
2026-03-15 00:35:00+00:00,0.0,0.0
2026-03-15 00:40:00+00:00,0.0,0.0
2026-03-15 00:45:00+00:00,0.0,0.0
2026-03-15 00:50:00+00:00,0.0,0.0
2026-03-15 00:55:00+00:00,0.0,0.0
2026-03-15 01:00:00+00:00,0.0,0.0
2026-03-15 01:05:00+00:00,0.0,0.0
2026-03-15 01:10:00+00:00,0.0,0.0
2026-03-15 01:15:00+00:00,0.0,0.0
2026-03-15 01:20:00+00:00,0.0,0.0
2026-03-15 01:25:00+00:00,0.0,0.0
2026-03-15 01:30:00+00:00,0.0,0.0
2026-03-15 01:35:00+00:00,0.0,0.0
2026-03-15 01:40:00+00:00,0.0,0.0
2026-03-15 01:45:00+00:00,0.0,0.0
2026-03-15 01:50:00+00:00,0.0,0.0
2026-03-15 01:55:00+00:00,0.0,0.0
2026-03-15 02:00:00+00:00,0.0,0.0
2026-03-15 02:05:00+00:00,0.0,0.0
2026-03-15 02:10:00+00:00,0.0,0.0
2026-03-15 02:15:00+00:00,0.0,0.0
2026-03-15 02:20:00+00:00,0.0,0.0
2026-03-15 02:25:00+00:00,0.0,0.0
2026-03-15 02:30:00+00:00,0.0,0.0
2026-03-15 02:35:00+00:00,0.0,0.0
2026-03-15 02:40:00+00:00,0.0,0.0
2026-03-15 02:45:00+00:00,0.0,0.0
2026-03-15 02:50:00+00:00,0.0,0.0
2026-03-15 02:55:00+00:00,0.0,0.0
2026-03-15 03:00:00+00:00,0.0,0.0
2026-03-15 03:05:00+00:00,0.0,0.0
2026-03-15 03:10:00+00:00,0.0,0.0
2026-03-15 03:15:00+00:00,0.0,0.0
2026-03-15 03:20:00+00:00,0.0,0.0
2026-03-15 03:25:00+00:00,0.0,0.0
2026-03-15 03:30:00+00:00,0.0,0.0
2026-03-15 03:35:00+00:00,0.0,0.0
2026-03-15 03:40:00+00:00,0.0,0.0
2026-03-15 03:45:00+00:00,0.0,0.0
2026-03-15 03:50:00+00:00,0.0,0.0
2026-03-15 03:55:00+00:00,0.0,0.0
2026-03-15 04:00:00+00:00,0.0,0.0
2026-03-15 04:05:00+00:00,0.0,0.0
2026-03-15 04:10:00+00:00,0.0,0.0
2026-03-15 04:15:00+00:00,0.0,0.0
2026-03-15 04:20:00+00:00,0.0,0.0
2026-03-15 04:25:00+00:00,0.0,0.0
2026-03-15 04:30:00+00:00,0.0,0.0
2026-03-15 04:35:00+00:00,0.0,0.0
2026-03-15 04:40:00+00:00,0.0,0.0
2026-03-15 04:45:00+00:00,0.0,0.0
2026-03-15 04:50:00+00:00,0.0,0.0
2026-03-15 04:55:00+00:00,0.0,0.0
2026-03-15 05:00:00+00:00,0.0,0.0
2026-03-15 05:05:00+00:00,0.0,0.0
2026-03-15 05:10:00+00:00,0.0,0.0
2026-03-15 05:15:00+00:00,0.0,0.0
2026-03-15 05:20:00+00:00,0.0,0.0
2026-03-15 05:25:00+00:00,0.0,0.0
2026-03-15 05:30:00+00:00,0.0,0.0
2026-03-15 05:35:00+00:00,0.0,0.0
2026-03-15 05:40:00+00:00,0.0,0.0
2026-03-15 05:45:00+00:00,0.0,0.0
2026-03-15 05:50:00+00:00,0.0,0.0
2026-03-15 05:55:00+00:00,0.0,0.0
2026-03-15 06:00:00+00:00,0.0,0.0
2026-03-15 06:05:00+00:00,0.0,0.0
2026-03-15 06:10:00+00:00,0.0,0.0
2026-03-15 06:15:00+00:00,0.0,0.0
2026-03-15 06:20:00+00:00,0.0,0.0
2026-03-15 06:25:00+00:00,0.0,0.0
2026-03-15 06:30:00+00:00,0.0,0.0
2026-03-15 06:35:00+00:00,0.0,0.0
2026-03-15 06:40:00+00:00,0.0,0.0
2026-03-15 06:45:00+00:00,0.0,0.0
2026-03-15 06:50:00+00:00,0.0,0.0
2026-03-15 06:55:00+00:00,0.0,0.0
2026-03-15 07:00:00+00:00,0.0,0.0
2026-03-15 07:05:00+00:00,0.0,0.0
2026-03-15 07:10:00+00:00,0.0,0.0
2026-03-15 07:15:00+00:00,0.0,0.0
2026-03-15 07:20:00+00:00,0.0,0.0
2026-03-15 07:25:00+00:00,0.0,0.0
2026-03-15 07:30:00+00:00,0.0,0.0
2026-03-15 07:35:00+00:00,0.0,0.0
2026-03-15 07:40:00+00:00,0.0,0.0
2026-03-15 07:45:00+00:00,0.0,0.0
2026-03-15 07:50:00+00:00,0.0,0.0
2026-03-15 07:55:00+00:00,0.0,0.0
2026-03-15 08:00:00+00:00,0.0,0.0
2026-03-15 08:05:00+00:00,0.0,0.0
2026-03-15 08:10:00+00:00,0.0,0.0
2026-03-15 08:15:00+00:00,0.0,0.0
2026-03-15 08:20:00+00:00,0.0,0.0
2026-03-15 08:25:00+00:00,0.0,0.0
2026-03-15 08:30:00+00:00,0.0,0.0
2026-03-15 08:35:00+00:00,0.0,0.0
2026-03-15 08:40:00+00:00,0.0,0.0
2026-03-15 08:45:00+00:00,0.0,0.0
2026-03-15 08:50:00+00:00,0.0,0.0
2026-03-15 08:55:00+00:00,0.0,0.0
2026-03-15 09:00:00+00:00,0.0,0.0
2026-03-15 09:05:00+00:00,0.0,0.0
2026-03-15 09:10:00+00:00,0.0,0.0
2026-03-15 09:15:00+00:00,0.0,0.0
2026-03-15 09:20:00+00:00,0.0,0.0
2026-03-15 09:25:00+00:00,0.0,0.0
2026-03-15 09:30:00+00:00,0.0,0.0
2026-03-15 09:35:00+00:00,0.0,0.0
2026-03-15 09:40:00+00:00,0.0,0.0
2026-03-15 09:45:00+00:00,0.0,0.0
2026-03-15 09:50:00+00:00,0.0,0.0
2026-03-15 09:55:00+00:00,0.0,0.0
2026-03-15 10:00:00+00:00,0.0,0.0
2026-03-15 10:05:00+00:00,0.0,0.0
2026-03-15 10:10:00+00:00,0.0,0.0
2026-03-15 10:15:00+00:00,0.0,0.0
2026-03-15 10:20:00+00:00,0.0,0.0
2026-03-15 10:25:00+00:00,0.0,0.0
2026-03-15 10:30:00+00:00,0.0,0.0
2026-03-15 10:35:00+00:00,0.0,0.0
2026-03-15 10:40:00+00:00,0.0,0.0
2026-03-15 10:45:00+00:00,0.0,0.0
2026-03-15 10:50:00+00:00,0.0,0.0
2026-03-15 10:55:00+00:00,0.0,0.0
2026-03-15 11:00:00+00:00,0.0,0.0
2026-03-15 11:05:00+00:00,0.0,0.0
2026-03-15 11:10:00+00:00,0.0,0.0
2026-03-15 11:15:00+00:00,0.0,0.0
2026-03-15 11:20:00+00:00,0.0,0.0
2026-03-15 11:25:00+00:00,0.0,0.0
2026-03-15 11:30:00+00:00,0.0,0.0
2026-03-15 11:35:00+00:00,0.0,0.0
2026-03-15 11:40:00+00:00,0.0,0.0
2026-03-15 11:45:00+00:00,0.0,0.0
2026-03-15 11:50:00+00:00,0.0,0.0
2026-03-15 11:55:00+00:00,0.0,0.0
2026-03-15 12:00:00+00:00,0.0,0.0
2026-03-15 12:05:00+00:00,0.0,0.0
2026-03-15 12:10:00+00:00,0.0,0.0
2026-03-15 12:15:00+00:00,0.0,0.0
2026-03-15 12:20:00+00:00,0.0,0.0
2026-03-15 12:25:00+00:00,0.0,0.0
2026-03-15 12:30:00+00:00,0.0,0.0
2026-03-15 12:35:00+00:00,0.0,0.0
2026-03-15 12:40:00+00:00,0.0,0.0
2026-03-15 12:45:00+00:00,0.0,0.0
2026-03-15 12:50:00+00:00,0.0,0.0
2026-03-15 12:55:00+00:00,0.0,0.0
2026-03-15 13:00:00+00:00,0.0,0.0
2026-03-15 13:05:00+00:00,0.0,0.0
2026-03-15 13:10:00+00:00,0.0,0.0
2026-03-15 13:15:00+00:00,0.0,0.0
2026-03-15 13:20:00+00:00,0.0,0.0
2026-03-15 13:25:00+00:00,0.0,0.0
2026-03-15 13:30:00+00:00,0.0,0.0
2026-03-15 13:35:00+00:00,0.0,0.0
2026-03-15 13:40:00+00:00,0.0,0.0
2026-03-15 13:45:00+00:00,0.0,0.0
2026-03-15 13:50:00+00:00,0.0,0.0
2026-03-15 13:55:00+00:00,0.0,0.0
2026-03-15 14:00:00+00:00,0.0,0.0
2026-03-15 14:05:00+00:00,0.0,0.0
2026-03-15 14:10:00+00:00,0.0,0.0
2026-03-15 14:15:00+00:00,0.0,0.0
2026-03-15 14:20:00+00:00,0.0,0.0
2026-03-15 14:25:00+00:00,0.0,0.0
2026-03-15 14:30:00+00:00,0.0,0.0
2026-03-15 14:35:00+00:00,0.0,0.0
2026-03-15 14:40:00+00:00,0.0,0.0
2026-03-15 14:45:00+00:00,0.0,0.0
2026-03-15 14:50:00+00:00,0.0,0.0
2026-03-15 14:55:00+00:00,0.0,0.0
2026-03-15 15:00:00+00:00,0.0,0.0
2026-03-15 15:05:00+00:00,0.0,0.0
2026-03-15 15:10:00+00:00,0.0,0.0
2026-03-15 15:15:00+00:00,0.0,0.0
2026-03-15 15:20:00+00:00,0.0,0.0
2026-03-15 15:25:00+00:00,0.0,0.0
2026-03-15 15:30:00+00:00,0.0,0.0
2026-03-15 15:35:00+00:00,0.0,0.0
2026-03-15 15:40:00+00:00,0.0,0.0
2026-03-15 15:45:00+00:00,0.0,0.0
2026-03-15 15:50:00+00:00,0.0,0.0
2026-03-15 15:55:00+00:00,0.0,0.0
2026-03-15 16:00:00+00:00,0.0,0.0
2026-03-15 16:05:00+00:00,0.0,0.0
2026-03-15 16:10:00+00:00,0.0,0.0
2026-03-15 16:15:00+00:00,0.0,0.0
2026-03-15 16:20:00+00:00,0.0,0.0
2026-03-15 16:25:00+00:00,0.0,0.0
2026-03-15 16:30:00+00:00,0.0,0.0
2026-03-15 16:35:00+00:00,0.0,0.0
2026-03-15 16:40:00+00:00,0.0,0.0
2026-03-15 16:45:00+00:00,0.0,0.0
2026-03-15 16:50:00+00:00,0.0,0.0
2026-03-15 16:55:00+00:00,0.0,0.0
2026-03-15 17:00:00+00:00,0.0,0.0
2026-03-15 17:05:00+00:00,0.0,0.0
2026-03-15 17:10:00+00:00,0.0,0.0
2026-03-15 17:15:00+00:00,0.0,0.0
2026-03-15 17:20:00+00:00,0.0,0.0
2026-03-15 17:25:00+00:00,0.0,0.0
2026-03-15 17:30:00+00:00,0.0,0.0
2026-03-15 17:35:00+00:00,0.0,0.0
2026-03-15 17:40:00+00:00,0.0,0.0
2026-03-15 17:45:00+00:00,0.0,0.0
2026-03-15 17:50:00+00:00,0.0,0.0
2026-03-15 17:55:00+00:00,0.0,0.0
2026-03-15 18:00:00+00:00,0.0,0.0
2026-03-15 18:05:00+00:00,0.0,0.0
2026-03-15 18:10:00+00:00,0.0,0.0
2026-03-15 18:15:00+00:00,0.0,0.0
2026-03-15 18:20:00+00:00,0.0,0.0
2026-03-15 18:25:00+00:00,0.0,0.0
2026-03-15 18:30:00+00:00,0.0,0.0
2026-03-15 18:35:00+00:00,0.0,0.0
2026-03-15 18:40:00+00:00,0.0,0.0
2026-03-15 18:45:00+00:00,0.0,0.0
2026-03-15 18:50:00+00:00,0.0,0.0
2026-03-15 18:55:00+00:00,0.0,0.0
2026-03-15 19:00:00+00:00,0.0,0.0
2026-03-15 19:05:00+00:00,0.0,0.0
2026-03-15 19:10:00+00:00,0.0,0.0
2026-03-15 19:15:00+00:00,0.0,0.0
2026-03-15 19:20:00+00:00,0.0,0.0
2026-03-15 19:25:00+00:00,0.0,0.0
2026-03-15 19:30:00+00:00,0.0,0.0
2026-03-15 19:35:00+00:00,0.0,0.0
2026-03-15 19:40:00+00:00,0.0,0.0
2026-03-15 19:45:00+00:00,0.0,0.0
2026-03-15 19:50:00+00:00,0.0,0.0
2026-03-15 19:55:00+00:00,0.0,0.0
2026-03-15 20:00:00+00:00,0.0,0.0
2026-03-15 20:05:00+00:00,0.0,0.0
2026-03-15 20:10:00+00:00,0.0,0.0
2026-03-15 20:15:00+00:00,0.0,0.0
2026-03-15 20:20:00+00:00,0.0,0.0
2026-03-15 20:25:00+00:00,0.0,0.0
2026-03-15 20:30:00+00:00,0.0,0.0
2026-03-15 20:35:00+00:00,0.0,0.0
2026-03-15 20:40:00+00:00,0.0,0.0
2026-03-15 20:45:00+00:00,0.0,0.0
2026-03-15 20:50:00+00:00,0.0,0.0
2026-03-15 20:55:00+00:00,0.0,0.0
2026-03-15 21:00:00+00:00,0.0,0.0
2026-03-15 21:05:00+00:00,0.0,0.0
2026-03-15 21:10:00+00:00,0.0,0.0
2026-03-15 21:15:00+00:00,0.0,0.0
2026-03-15 21:20:00+00:00,0.0,0.0
2026-03-15 21:25:00+00:00,0.0,0.0
2026-03-15 21:30:00+00:00,0.0,0.0
2026-03-15 21:35:00+00:00,0.0,0.0
2026-03-15 21:40:00+00:00,0.0,0.0
2026-03-15 21:45:00+00:00,0.0,0.0
2026-03-15 21:50:00+00:00,0.0,0.0
2026-03-15 21:55:00+00:00,0.0,0.0
2026-03-15 22:00:00+00:00,0.0,0.0
2026-03-15 22:05:00+00:00,0.0,0.0
2026-03-15 22:10:00+00:00,0.0,0.0
2026-03-15 22:15:00+00:00,0.0,0.0
2026-03-15 22:20:00+00:00,0.0,0.0
2026-03-15 22:25:00+00:00,0.0,0.0
2026-03-15 22:30:00+00:00,0.0,0.0
2026-03-15 22:35:00+00:00,0.0,0.0
2026-03-15 22:40:00+00:00,0.0,0.0
2026-03-15 22:45:00+00:00,0.0,0.0
2026-03-15 22:50:00+00:00,0.0,0.0
2026-03-15 22:55:00+00:00,0.0,0.0
2026-03-15 23:00:00+00:00,0.0,0.0
2026-03-15 23:05:00+00:00,0.0,0.0
2026-03-15 23:10:00+00:00,0.0,0.0
2026-03-15 23:15:00+00:00,0.0,0.0
2026-03-15 23:20:00+00:00,0.0,0.0
2026-03-15 23:25:00+00:00,0.0,0.0
2026-03-15 23:30:00+00:00,0.0,0.0
2026-03-15 23:35:00+00:00,0.0,0.0
2026-03-15 23:40:00+00:00,0.0,0.0
2026-03-15 23:45:00+00:00,0.0,0.0
2026-03-15 23:50:00+00:00,0.0,0.0
2026-03-15 23:55:00+00:00,0.0,0.0
2026-03-16 00:00:00+00:00,0.0,0.0
2026-03-16 00:05:00+00:00,0.0,0.0
2026-03-16 00:10:00+00:00,0.0,0.0
2026-03-16 00:15:00+00:00,0.0,0.0
2026-03-16 00:20:00+00:00,0.0,0.0
2026-03-16 00:25:00+00:00,0.0,0.0
2026-03-16 00:30:00+00:00,0.0,0.0
2026-03-16 00:35:00+00:00,0.0,0.0
2026-03-16 00:40:00+00:00,0.0,0.0
2026-03-16 00:45:00+00:00,0.0,0.0
2026-03-16 00:50:00+00:00,0.0,0.0
2026-03-16 00:55:00+00:00,0.0,0.0
2026-03-16 01:00:00+00:00,0.0,0.0
2026-03-16 01:05:00+00:00,0.0,0.0
2026-03-16 01:10:00+00:00,0.0,0.0
2026-03-16 01:15:00+00:00,0.0,0.0
2026-03-16 01:20:00+00:00,0.0,0.0
2026-03-16 01:25:00+00:00,0.0,0.0
2026-03-16 01:30:00+00:00,0.0,0.0
2026-03-16 01:35:00+00:00,0.0,0.0
2026-03-16 01:40:00+00:00,0.0,0.0
2026-03-16 01:45:00+00:00,0.0,0.0
2026-03-16 01:50:00+00:00,0.0,0.0
2026-03-16 01:55:00+00:00,0.0,0.0
2026-03-16 02:00:00+00:00,0.0,0.0
2026-03-16 02:05:00+00:00,0.0,0.0
2026-03-16 02:10:00+00:00,0.0,0.0
2026-03-16 02:15:00+00:00,0.0,0.0
2026-03-16 02:20:00+00:00,0.0,0.0
2026-03-16 02:25:00+00:00,0.0,0.0
2026-03-16 02:30:00+00:00,0.0,0.0
2026-03-16 02:35:00+00:00,0.0,0.0
2026-03-16 02:40:00+00:00,0.0,0.0
2026-03-16 02:45:00+00:00,0.0,0.0
2026-03-16 02:50:00+00:00,0.0,0.0
2026-03-16 02:55:00+00:00,0.0,0.0
2026-03-16 03:00:00+00:00,0.0,0.0
2026-03-16 03:05:00+00:00,0.0,0.0
2026-03-16 03:10:00+00:00,0.0,0.0
2026-03-16 03:15:00+00:00,0.0,0.0
2026-03-16 03:20:00+00:00,0.0,0.0
2026-03-16 03:25:00+00:00,0.0,0.0
2026-03-16 03:30:00+00:00,0.0,0.0
2026-03-16 03:35:00+00:00,0.0,0.0
2026-03-16 03:40:00+00:00,0.0,0.0
2026-03-16 03:45:00+00:00,0.0,0.0
2026-03-16 03:50:00+00:00,0.0,0.0
2026-03-16 03:55:00+00:00,0.0,0.0
2026-03-16 04:00:00+00:00,0.0,0.0
2026-03-16 04:05:00+00:00,0.0,0.0
2026-03-16 04:10:00+00:00,0.0,0.0
2026-03-16 04:15:00+00:00,0.0,0.0
2026-03-16 04:20:00+00:00,0.0,0.0
2026-03-16 04:25:00+00:00,0.0,0.0
2026-03-16 04:30:00+00:00,0.0,0.0
2026-03-16 04:35:00+00:00,0.0,0.0
2026-03-16 04:40:00+00:00,0.0,0.0
2026-03-16 04:45:00+00:00,0.0,0.0
2026-03-16 04:50:00+00:00,0.0,0.0
2026-03-16 04:55:00+00:00,0.0,0.0
2026-03-16 05:00:00+00:00,0.0,0.0
2026-03-16 05:05:00+00:00,0.0,0.0
2026-03-16 05:10:00+00:00,0.0,0.0
2026-03-16 05:15:00+00:00,0.0,0.0
2026-03-16 05:20:00+00:00,0.0,0.0
2026-03-16 05:25:00+00:00,0.0,0.0
2026-03-16 05:30:00+00:00,0.0,0.0
2026-03-16 05:35:00+00:00,0.0,0.0
2026-03-16 05:40:00+00:00,0.0,0.0
2026-03-16 05:45:00+00:00,0.0,0.0
2026-03-16 05:50:00+00:00,0.0,0.0
2026-03-16 05:55:00+00:00,0.0,0.0
2026-03-16 06:00:00+00:00,0.0,0.0
2026-03-16 06:05:00+00:00,0.0,0.0
2026-03-16 06:10:00+00:00,0.0,0.0
2026-03-16 06:15:00+00:00,0.0,0.0
2026-03-16 06:20:00+00:00,0.0,0.0
2026-03-16 06:25:00+00:00,0.0,0.0
2026-03-16 06:30:00+00:00,0.0,0.0
2026-03-16 06:35:00+00:00,0.0,0.0
2026-03-16 06:40:00+00:00,0.0,0.0
2026-03-16 06:45:00+00:00,0.0,0.0
2026-03-16 06:50:00+00:00,0.0,0.0
2026-03-16 06:55:00+00:00,0.0,0.0
2026-03-16 07:00:00+00:00,0.0,0.0
2026-03-16 07:05:00+00:00,0.0,0.0
2026-03-16 07:10:00+00:00,0.0,0.0
2026-03-16 07:15:00+00:00,0.0,0.0
2026-03-16 07:20:00+00:00,0.0,0.0
2026-03-16 07:25:00+00:00,0.0,0.0
2026-03-16 07:30:00+00:00,0.0,0.0
2026-03-16 07:35:00+00:00,0.0,0.0
2026-03-16 07:40:00+00:00,0.0,0.0
2026-03-16 07:45:00+00:00,0.0,0.0
2026-03-16 07:50:00+00:00,0.0,0.0
2026-03-16 07:55:00+00:00,0.0,0.0
2026-03-16 08:00:00+00:00,0.0,0.0
2026-03-16 08:05:00+00:00,0.0,0.0
2026-03-16 08:10:00+00:00,0.0,0.0
2026-03-16 08:15:00+00:00,0.0,0.0
2026-03-16 08:20:00+00:00,0.0,0.0
2026-03-16 08:25:00+00:00,0.0,0.0
2026-03-16 08:30:00+00:00,0.0,0.0
2026-03-16 08:35:00+00:00,0.0,0.0
2026-03-16 08:40:00+00:00,0.0,0.0
2026-03-16 08:45:00+00:00,0.0,0.0
2026-03-16 08:50:00+00:00,0.0,0.0
2026-03-16 08:55:00+00:00,0.0,0.0
2026-03-16 09:00:00+00:00,0.0,0.0
2026-03-16 09:05:00+00:00,0.0,0.0
2026-03-16 09:10:00+00:00,0.0,0.0
2026-03-16 09:15:00+00:00,0.0,0.0
2026-03-16 09:20:00+00:00,0.0,0.0
2026-03-16 09:25:00+00:00,0.0,0.0
2026-03-16 09:30:00+00:00,0.0,0.0
2026-03-16 09:35:00+00:00,0.0,0.0
2026-03-16 09:40:00+00:00,0.0,0.0
2026-03-16 09:45:00+00:00,0.0,0.0
2026-03-16 09:50:00+00:00,0.0,0.0
2026-03-16 09:55:00+00:00,0.0,0.0
2026-03-16 10:00:00+00:00,0.0,0.0
2026-03-16 10:05:00+00:00,0.0,0.0
2026-03-16 10:10:00+00:00,0.0,0.0
2026-03-16 10:15:00+00:00,0.0,0.0
2026-03-16 10:20:00+00:00,0.0,0.0
2026-03-16 10:25:00+00:00,0.0,0.0
2026-03-16 10:30:00+00:00,0.0,0.0
2026-03-16 10:35:00+00:00,0.0,0.0
2026-03-16 10:40:00+00:00,0.0,0.0
2026-03-16 10:45:00+00:00,0.0,0.0
2026-03-16 10:50:00+00:00,0.0,0.0
2026-03-16 10:55:00+00:00,0.0,0.0
2026-03-16 11:00:00+00:00,0.0,0.0
2026-03-16 11:05:00+00:00,0.0,0.0
2026-03-16 11:10:00+00:00,0.0,0.0
2026-03-16 11:15:00+00:00,0.0,0.0
2026-03-16 11:20:00+00:00,0.0,0.0
2026-03-16 11:25:00+00:00,0.0,0.0
2026-03-16 11:30:00+00:00,0.0,0.0
2026-03-16 11:35:00+00:00,0.0,0.0
2026-03-16 11:40:00+00:00,0.0,0.0
2026-03-16 11:45:00+00:00,0.0,0.0
2026-03-16 11:50:00+00:00,0.0,0.0
2026-03-16 11:55:00+00:00,0.0,0.0
2026-03-16 12:00:00+00:00,0.0,0.0
2026-03-16 12:05:00+00:00,0.0,0.0
2026-03-16 12:10:00+00:00,0.0,0.0
2026-03-16 12:15:00+00:00,0.0,0.0
2026-03-16 12:20:00+00:00,0.0,0.0
2026-03-16 12:25:00+00:00,0.0,0.0
2026-03-16 12:30:00+00:00,0.0,0.0
2026-03-16 12:35:00+00:00,0.0,0.0
2026-03-16 12:40:00+00:00,0.0,0.0
2026-03-16 12:45:00+00:00,0.0,0.0
2026-03-16 12:50:00+00:00,0.0,0.0
2026-03-16 12:55:00+00:00,0.0,0.0
2026-03-16 13:00:00+00:00,0.0,0.0
2026-03-16 13:05:00+00:00,0.0,0.0
2026-03-16 13:10:00+00:00,0.0,0.0
2026-03-16 13:15:00+00:00,0.0,0.0
2026-03-16 13:20:00+00:00,0.0,0.0
2026-03-16 13:25:00+00:00,0.0,0.0
2026-03-16 13:30:00+00:00,0.0,0.0
2026-03-16 13:35:00+00:00,0.0,0.0
2026-03-16 13:40:00+00:00,0.0,0.0
2026-03-16 13:45:00+00:00,0.0,0.0
2026-03-16 13:50:00+00:00,0.0,0.0
2026-03-16 13:55:00+00:00,0.0,0.0
2026-03-16 14:00:00+00:00,0.0,0.0
2026-03-16 14:05:00+00:00,0.0,0.0
2026-03-16 14:10:00+00:00,0.0,0.0
2026-03-16 14:15:00+00:00,0.0,0.0
2026-03-16 14:20:00+00:00,0.0,0.0
2026-03-16 14:25:00+00:00,0.0,0.0
2026-03-16 14:30:00+00:00,0.0,0.0
2026-03-16 14:35:00+00:00,0.0,0.0
2026-03-16 14:40:00+00:00,0.0,0.0
2026-03-16 14:45:00+00:00,0.0,0.0
2026-03-16 14:50:00+00:00,0.0,0.0
2026-03-16 14:55:00+00:00,0.0,0.0
2026-03-16 15:00:00+00:00,0.0,0.0
2026-03-16 15:05:00+00:00,0.0,0.0
2026-03-16 15:10:00+00:00,0.0,0.0
2026-03-16 15:15:00+00:00,0.0,0.0
2026-03-16 15:20:00+00:00,0.0,0.0
2026-03-16 15:25:00+00:00,0.0,0.0
2026-03-16 15:30:00+00:00,0.0,0.0
2026-03-16 15:35:00+00:00,0.0,0.0
2026-03-16 15:40:00+00:00,0.0,0.0
2026-03-16 15:45:00+00:00,0.0,0.0
2026-03-16 15:50:00+00:00,0.0,0.0
2026-03-16 15:55:00+00:00,0.0,0.0
2026-03-16 16:00:00+00:00,0.0,0.0
2026-03-16 16:05:00+00:00,0.0,0.0
2026-03-16 16:10:00+00:00,0.0,0.0
2026-03-16 16:15:00+00:00,0.0,0.0
2026-03-16 16:20:00+00:00,0.0,0.0
2026-03-16 16:25:00+00:00,0.0,0.0
2026-03-16 16:30:00+00:00,0.0,0.0
2026-03-16 16:35:00+00:00,0.0,0.0
2026-03-16 16:40:00+00:00,0.0,0.0
2026-03-16 16:45:00+00:00,0.0,0.0
2026-03-16 16:50:00+00:00,0.0,0.0
2026-03-16 16:55:00+00:00,0.0,0.0
2026-03-16 17:00:00+00:00,0.0,0.0
2026-03-16 17:05:00+00:00,0.0,0.0
2026-03-16 17:10:00+00:00,0.0,0.0
2026-03-16 17:15:00+00:00,0.0,0.0
2026-03-16 17:20:00+00:00,0.0,0.0
2026-03-16 17:25:00+00:00,0.0,0.0
2026-03-16 17:30:00+00:00,0.0,0.0
2026-03-16 17:35:00+00:00,0.0,0.0
2026-03-16 17:40:00+00:00,0.0,0.0
2026-03-16 17:45:00+00:00,0.0,0.0
2026-03-16 17:50:00+00:00,0.0,0.0
2026-03-16 17:55:00+00:00,0.0,0.0
2026-03-16 18:00:00+00:00,0.0,0.0
2026-03-16 18:05:00+00:00,0.0,0.0
2026-03-16 18:10:00+00:00,0.0,0.0
2026-03-16 18:15:00+00:00,0.0,0.0
2026-03-16 18:20:00+00:00,0.0,0.0
2026-03-16 18:25:00+00:00,0.0,0.0
2026-03-16 18:30:00+00:00,0.0,0.0
2026-03-16 18:35:00+00:00,0.0,0.0
2026-03-16 18:40:00+00:00,0.0,0.0
2026-03-16 18:45:00+00:00,0.0,0.0
2026-03-16 18:50:00+00:00,0.0,0.0
2026-03-16 18:55:00+00:00,0.0,0.0
2026-03-16 19:00:00+00:00,0.0,0.0
2026-03-16 19:05:00+00:00,0.0,0.0
2026-03-16 19:10:00+00:00,0.0,0.0
2026-03-16 19:15:00+00:00,0.0,0.0
2026-03-16 19:20:00+00:00,0.0,0.0
2026-03-16 19:25:00+00:00,0.0,0.0
2026-03-16 19:30:00+00:00,0.0,0.0
2026-03-16 19:35:00+00:00,0.0,0.0
2026-03-16 19:40:00+00:00,0.0,0.0
2026-03-16 19:45:00+00:00,0.0,0.0
2026-03-16 19:50:00+00:00,0.0,0.0
2026-03-16 19:55:00+00:00,0.0,0.0
2026-03-16 20:00:00+00:00,0.0,0.0
2026-03-16 20:05:00+00:00,0.0,0.0
2026-03-16 20:10:00+00:00,0.0,0.0
2026-03-16 20:15:00+00:00,0.0,0.0
2026-03-16 20:20:00+00:00,0.0,0.0
2026-03-16 20:25:00+00:00,0.0,0.0
2026-03-16 20:30:00+00:00,0.0,0.0
2026-03-16 20:35:00+00:00,0.0,0.0
2026-03-16 20:40:00+00:00,0.0,0.0
2026-03-16 20:45:00+00:00,0.0,0.0
2026-03-16 20:50:00+00:00,0.0,0.0
2026-03-16 20:55:00+00:00,0.0,0.0
2026-03-16 21:00:00+00:00,0.0,0.0
2026-03-16 21:05:00+00:00,0.0,0.0
2026-03-16 21:10:00+00:00,0.0,0.0
2026-03-16 21:15:00+00:00,0.0,0.0
2026-03-16 21:20:00+00:00,0.0,0.0
2026-03-16 21:25:00+00:00,0.0,0.0
2026-03-16 21:30:00+00:00,0.0,0.0
2026-03-16 21:35:00+00:00,0.0,0.0
2026-03-16 21:40:00+00:00,0.0,0.0
2026-03-16 21:45:00+00:00,0.0,0.0
2026-03-16 21:50:00+00:00,0.0,0.0
2026-03-16 21:55:00+00:00,0.0,0.0
2026-03-16 22:00:00+00:00,0.0,0.0
2026-03-16 22:05:00+00:00,0.0,0.0
2026-03-16 22:10:00+00:00,0.0,0.0
2026-03-16 22:15:00+00:00,0.0,0.0
2026-03-16 22:20:00+00:00,0.0,0.0
2026-03-16 22:25:00+00:00,0.0,0.0
2026-03-16 22:30:00+00:00,0.0,0.0
2026-03-16 22:35:00+00:00,0.0,0.0
2026-03-16 22:40:00+00:00,0.0,0.0
2026-03-16 22:45:00+00:00,0.0,0.0
2026-03-16 22:50:00+00:00,0.0,0.0
2026-03-16 22:55:00+00:00,0.0,0.0
2026-03-16 23:00:00+00:00,0.0,0.0
2026-03-16 23:05:00+00:00,0.0,0.0
2026-03-16 23:10:00+00:00,0.0,0.0
2026-03-16 23:15:00+00:00,0.0,0.0
2026-03-16 23:20:00+00:00,0.0,0.0
2026-03-16 23:25:00+00:00,0.0,0.0
2026-03-16 23:30:00+00:00,0.0,0.0
2026-03-16 23:35:00+00:00,0.0,0.0
2026-03-16 23:40:00+00:00,0.0,0.0
2026-03-16 23:45:00+00:00,0.0,0.0
2026-03-16 23:50:00+00:00,0.0,0.0
2026-03-16 23:55:00+00:00,0.0,0.0
2026-03-17 00:00:00+00:00,0.0,0.0
2026-03-17 00:05:00+00:00,0.0,0.0
2026-03-17 00:10:00+00:00,0.0,0.0
2026-03-17 00:15:00+00:00,0.0,0.0
2026-03-17 00:20:00+00:00,0.0,0.0
2026-03-17 00:25:00+00:00,0.0,0.0
2026-03-17 00:30:00+00:00,0.0,0.0
2026-03-17 00:35:00+00:00,0.0,0.0
2026-03-17 00:40:00+00:00,0.0,0.0
2026-03-17 00:45:00+00:00,0.0,0.0
2026-03-17 00:50:00+00:00,0.0,0.0
2026-03-17 00:55:00+00:00,0.0,0.0
2026-03-17 01:00:00+00:00,0.0,0.0
2026-03-17 01:05:00+00:00,0.0,0.0
2026-03-17 01:10:00+00:00,0.0,0.0
2026-03-17 01:15:00+00:00,0.0,0.0
2026-03-17 01:20:00+00:00,0.0,0.0
2026-03-17 01:25:00+00:00,0.0,0.0
2026-03-17 01:30:00+00:00,0.0,0.0
2026-03-17 01:35:00+00:00,0.0,0.0
2026-03-17 01:40:00+00:00,0.0,0.0
2026-03-17 01:45:00+00:00,0.0,0.0
2026-03-17 01:50:00+00:00,0.0,0.0
2026-03-17 01:55:00+00:00,0.0,0.0
2026-03-17 02:00:00+00:00,0.0,0.0
2026-03-17 02:05:00+00:00,0.0,0.0
2026-03-17 02:10:00+00:00,0.0,0.0
2026-03-17 02:15:00+00:00,0.0,0.0
2026-03-17 02:20:00+00:00,0.0,0.0
2026-03-17 02:25:00+00:00,0.0,0.0
2026-03-17 02:30:00+00:00,0.0,0.0
2026-03-17 02:35:00+00:00,0.0,0.0
2026-03-17 02:40:00+00:00,0.0,0.0
2026-03-17 02:45:00+00:00,0.0,0.0
2026-03-17 02:50:00+00:00,0.0,0.0
2026-03-17 02:55:00+00:00,0.0,0.0
2026-03-17 03:00:00+00:00,0.0,0.0
2026-03-17 03:05:00+00:00,0.0,0.0
2026-03-17 03:10:00+00:00,0.0,0.0
2026-03-17 03:15:00+00:00,0.0,0.0
2026-03-17 03:20:00+00:00,0.0,0.0
2026-03-17 03:25:00+00:00,0.0,0.0
2026-03-17 03:30:00+00:00,0.0,0.0
2026-03-17 03:35:00+00:00,0.0,0.0
2026-03-17 03:40:00+00:00,0.0,0.0
2026-03-17 03:45:00+00:00,0.0,0.0
2026-03-17 03:50:00+00:00,0.0,0.0
2026-03-17 03:55:00+00:00,0.0,0.0
2026-03-17 04:00:00+00:00,0.0,0.0
2026-03-17 04:05:00+00:00,0.0,0.0
2026-03-17 04:10:00+00:00,0.0,0.0
2026-03-17 04:15:00+00:00,0.0,0.0
2026-03-17 04:20:00+00:00,0.0,0.0
2026-03-17 04:25:00+00:00,0.0,0.0
2026-03-17 04:30:00+00:00,0.0,0.0
2026-03-17 04:35:00+00:00,0.0,0.0
2026-03-17 04:40:00+00:00,0.0,0.0
2026-03-17 04:45:00+00:00,0.0,0.0
2026-03-17 04:50:00+00:00,0.0,0.0
2026-03-17 04:55:00+00:00,0.0,0.0
2026-03-17 05:00:00+00:00,0.0,0.0
2026-03-17 05:05:00+00:00,0.0,0.0
2026-03-17 05:10:00+00:00,0.0,0.0
2026-03-17 05:15:00+00:00,0.0,0.0
2026-03-17 05:20:00+00:00,0.0,0.0
2026-03-17 05:25:00+00:00,0.0,0.0
2026-03-17 05:30:00+00:00,0.0,0.0
2026-03-17 05:35:00+00:00,0.0,0.0
2026-03-17 05:40:00+00:00,0.0,0.0
2026-03-17 05:45:00+00:00,0.0,0.0
2026-03-17 05:50:00+00:00,0.0,0.0
2026-03-17 05:55:00+00:00,0.0,0.0
2026-03-17 06:00:00+00:00,0.0,0.0
2026-03-17 06:05:00+00:00,0.0,0.0
2026-03-17 06:10:00+00:00,0.0,0.0
2026-03-17 06:15:00+00:00,0.0,0.0
2026-03-17 06:20:00+00:00,0.0,0.0
2026-03-17 06:25:00+00:00,0.0,0.0
2026-03-17 06:30:00+00:00,0.0,0.0
2026-03-17 06:35:00+00:00,0.0,0.0
2026-03-17 06:40:00+00:00,0.0,0.0
2026-03-17 06:45:00+00:00,0.0,0.0
2026-03-17 06:50:00+00:00,0.0,0.0
2026-03-17 06:55:00+00:00,0.0,0.0
2026-03-17 07:00:00+00:00,0.0,0.0
2026-03-17 07:05:00+00:00,0.0,0.0
2026-03-17 07:10:00+00:00,0.0,0.0
2026-03-17 07:15:00+00:00,0.0,0.0
2026-03-17 07:20:00+00:00,0.0,0.0
2026-03-17 07:25:00+00:00,0.0,0.0
2026-03-17 07:30:00+00:00,0.0,0.0
2026-03-17 07:35:00+00:00,0.0,0.0
2026-03-17 07:40:00+00:00,0.0,0.0
2026-03-17 07:45:00+00:00,0.0,0.0
2026-03-17 07:50:00+00:00,0.0,0.0
2026-03-17 07:55:00+00:00,0.0,0.0
2026-03-17 08:00:00+00:00,0.0,0.0
2026-03-17 08:05:00+00:00,0.0,0.0
2026-03-17 08:10:00+00:00,0.0,0.0
2026-03-17 08:15:00+00:00,0.0,0.0
2026-03-17 08:20:00+00:00,0.0,0.0
2026-03-17 08:25:00+00:00,0.0,0.0
2026-03-17 08:30:00+00:00,0.0,0.0
2026-03-17 08:35:00+00:00,0.0,0.0
2026-03-17 08:40:00+00:00,0.0,0.0
2026-03-17 08:45:00+00:00,0.0,0.0
2026-03-17 08:50:00+00:00,0.0,0.0
2026-03-17 08:55:00+00:00,0.0,0.0
2026-03-17 09:00:00+00:00,0.0,0.0
2026-03-17 09:05:00+00:00,0.0,0.0
2026-03-17 09:10:00+00:00,0.0,0.0
2026-03-17 09:15:00+00:00,0.0,0.0
2026-03-17 09:20:00+00:00,0.0,0.0
2026-03-17 09:25:00+00:00,0.0,0.0
2026-03-17 09:30:00+00:00,0.0,0.0
2026-03-17 09:35:00+00:00,0.0,0.0
2026-03-17 09:40:00+00:00,0.0,0.0
2026-03-17 09:45:00+00:00,0.0,0.0
2026-03-17 09:50:00+00:00,0.0,0.0
2026-03-17 09:55:00+00:00,0.0,0.0
2026-03-17 10:00:00+00:00,0.0,0.0
2026-03-17 10:05:00+00:00,0.0,0.0
2026-03-17 10:10:00+00:00,0.0,0.0
2026-03-17 10:15:00+00:00,0.0,0.0
2026-03-17 10:20:00+00:00,0.0,0.0
2026-03-17 10:25:00+00:00,0.0,0.0
2026-03-17 10:30:00+00:00,0.0,0.0
2026-03-17 10:35:00+00:00,0.0,0.0
2026-03-17 10:40:00+00:00,0.0,0.0
2026-03-17 10:45:00+00:00,0.0,0.0
2026-03-17 10:50:00+00:00,0.0,0.0
2026-03-17 10:55:00+00:00,0.0,0.0
2026-03-17 11:00:00+00:00,0.0,0.0
2026-03-17 11:05:00+00:00,0.0,0.0
2026-03-17 11:10:00+00:00,0.0,0.0
2026-03-17 11:15:00+00:00,0.0,0.0
2026-03-17 11:20:00+00:00,0.0,0.0
2026-03-17 11:25:00+00:00,0.0,0.0
2026-03-17 11:30:00+00:00,0.0,0.0
2026-03-17 11:35:00+00:00,0.0,0.0
2026-03-17 11:40:00+00:00,0.0,0.0
2026-03-17 11:45:00+00:00,0.0,0.0
2026-03-17 11:50:00+00:00,0.0,0.0
2026-03-17 11:55:00+00:00,0.0,0.0
2026-03-17 12:00:00+00:00,0.0,0.0
2026-03-17 12:05:00+00:00,0.0,0.0
2026-03-17 12:10:00+00:00,0.0,0.0
2026-03-17 12:15:00+00:00,0.0,0.0
2026-03-17 12:20:00+00:00,0.0,0.0
2026-03-17 12:25:00+00:00,0.0,0.0
2026-03-17 12:30:00+00:00,0.0,0.0
2026-03-17 12:35:00+00:00,0.0,0.0
2026-03-17 12:40:00+00:00,0.0,0.0
2026-03-17 12:45:00+00:00,0.0,0.0
2026-03-17 12:50:00+00:00,0.0,0.0
2026-03-17 12:55:00+00:00,0.0,0.0
2026-03-17 13:00:00+00:00,0.0,0.0
2026-03-17 13:05:00+00:00,0.0,0.0
2026-03-17 13:10:00+00:00,0.0,0.0
2026-03-17 13:15:00+00:00,0.0,0.0
2026-03-17 13:20:00+00:00,0.0,0.0
2026-03-17 13:25:00+00:00,0.0,0.0
2026-03-17 13:30:00+00:00,0.0,0.0
2026-03-17 13:35:00+00:00,0.0,0.0
2026-03-17 13:40:00+00:00,0.0,0.0
2026-03-17 13:45:00+00:00,0.0,0.0
2026-03-17 13:50:00+00:00,0.0,0.0
2026-03-17 13:55:00+00:00,0.0,0.0
2026-03-17 14:00:00+00:00,0.0,0.0
2026-03-17 14:05:00+00:00,0.0,0.0
2026-03-17 14:10:00+00:00,0.0,0.0
2026-03-17 14:15:00+00:00,0.0,0.0
2026-03-17 14:20:00+00:00,0.0,0.0
2026-03-17 14:25:00+00:00,0.0,0.0
2026-03-17 14:30:00+00:00,0.0,0.0
2026-03-17 14:35:00+00:00,0.0,0.0
2026-03-17 14:40:00+00:00,0.0,0.0
2026-03-17 14:45:00+00:00,0.0,0.0
2026-03-17 14:50:00+00:00,0.0,0.0
2026-03-17 14:55:00+00:00,0.0,0.0
2026-03-17 15:00:00+00:00,0.0,0.0
2026-03-17 15:05:00+00:00,0.0,0.0
2026-03-17 15:10:00+00:00,0.0,0.0
2026-03-17 15:15:00+00:00,0.0,0.0
2026-03-17 15:20:00+00:00,0.0,0.0
2026-03-17 15:25:00+00:00,0.0,0.0
2026-03-17 15:30:00+00:00,0.0,0.0
2026-03-17 15:35:00+00:00,0.0,0.0
2026-03-17 15:40:00+00:00,0.0,0.0
2026-03-17 15:45:00+00:00,0.0,0.0
2026-03-17 15:50:00+00:00,0.0,0.0
2026-03-17 15:55:00+00:00,0.0,0.0
2026-03-17 16:00:00+00:00,0.0,0.0
2026-03-17 16:05:00+00:00,0.0,0.0
2026-03-17 16:10:00+00:00,0.0,0.0
2026-03-17 16:15:00+00:00,0.0,0.0
2026-03-17 16:20:00+00:00,0.0,0.0
2026-03-17 16:25:00+00:00,0.0,0.0
2026-03-17 16:30:00+00:00,0.0,0.0
2026-03-17 16:35:00+00:00,0.0,0.0
2026-03-17 16:40:00+00:00,0.0,0.0
2026-03-17 16:45:00+00:00,0.0,0.0
2026-03-17 16:50:00+00:00,0.0,0.0
2026-03-17 16:55:00+00:00,0.0,0.0
2026-03-17 17:00:00+00:00,0.0,0.0
2026-03-17 17:05:00+00:00,0.0,0.0
2026-03-17 17:10:00+00:00,0.0,0.0
2026-03-17 17:15:00+00:00,0.0,0.0
2026-03-17 17:20:00+00:00,0.0,0.0
2026-03-17 17:25:00+00:00,0.0,0.0
2026-03-17 17:30:00+00:00,0.0,0.0
2026-03-17 17:35:00+00:00,0.0,0.0
2026-03-17 17:40:00+00:00,0.0,0.0
2026-03-17 17:45:00+00:00,0.0,0.0
2026-03-17 17:50:00+00:00,0.0,0.0
2026-03-17 17:55:00+00:00,0.0,0.0
2026-03-17 18:00:00+00:00,0.0,0.0
2026-03-17 18:05:00+00:00,0.0,0.0
2026-03-17 18:10:00+00:00,0.0,0.0
2026-03-17 18:15:00+00:00,0.0,0.0
2026-03-17 18:20:00+00:00,0.0,0.0
2026-03-17 18:25:00+00:00,0.0,0.0
2026-03-17 18:30:00+00:00,0.0,0.0
2026-03-17 18:35:00+00:00,0.0,0.0
2026-03-17 18:40:00+00:00,0.0,0.0
2026-03-17 18:45:00+00:00,0.0,0.0
2026-03-17 18:50:00+00:00,0.0,0.0
2026-03-17 18:55:00+00:00,0.0,0.0
2026-03-17 19:00:00+00:00,0.0,0.0
2026-03-17 19:05:00+00:00,0.0,0.0
2026-03-17 19:10:00+00:00,0.0,0.0
2026-03-17 19:15:00+00:00,0.0,0.0
2026-03-17 19:20:00+00:00,0.0,0.0
2026-03-17 19:25:00+00:00,0.0,0.0
2026-03-17 19:30:00+00:00,0.0,0.0
2026-03-17 19:35:00+00:00,0.0,0.0
2026-03-17 19:40:00+00:00,0.0,0.0
2026-03-17 19:45:00+00:00,0.0,0.0
2026-03-17 19:50:00+00:00,0.0,0.0
2026-03-17 19:55:00+00:00,0.0,0.0
2026-03-17 20:00:00+00:00,0.0,0.0
2026-03-17 20:05:00+00:00,0.0,0.0
2026-03-17 20:10:00+00:00,0.0,0.0
2026-03-17 20:15:00+00:00,0.0,0.0
2026-03-17 20:20:00+00:00,0.0,0.0
2026-03-17 20:25:00+00:00,0.0,0.0
2026-03-17 20:30:00+00:00,0.0,0.0
2026-03-17 20:35:00+00:00,0.0,0.0
2026-03-17 20:40:00+00:00,0.0,0.0
2026-03-17 20:45:00+00:00,0.0,0.0
2026-03-17 20:50:00+00:00,0.0,0.0
2026-03-17 20:55:00+00:00,0.0,0.0
2026-03-17 21:00:00+00:00,0.0,0.0
2026-03-17 21:05:00+00:00,0.0,0.0
2026-03-17 21:10:00+00:00,0.0,0.0
2026-03-17 21:15:00+00:00,0.0,0.0
2026-03-17 21:20:00+00:00,0.0,0.0
2026-03-17 21:25:00+00:00,0.0,0.0
2026-03-17 21:30:00+00:00,0.0,0.0
2026-03-17 21:35:00+00:00,0.0,0.0
2026-03-17 21:40:00+00:00,0.0,0.0
2026-03-17 21:45:00+00:00,0.0,0.0
2026-03-17 21:50:00+00:00,0.0,0.0
2026-03-17 21:55:00+00:00,0.0,0.0
2026-03-17 22:00:00+00:00,0.0,0.0
2026-03-17 22:05:00+00:00,0.0,0.0
2026-03-17 22:10:00+00:00,0.0,0.0
2026-03-17 22:15:00+00:00,0.0,0.0
2026-03-17 22:20:00+00:00,0.0,0.0
2026-03-17 22:25:00+00:00,0.0,0.0
2026-03-17 22:30:00+00:00,0.0,0.0
2026-03-17 22:35:00+00:00,0.0,0.0
2026-03-17 22:40:00+00:00,0.0,0.0
2026-03-17 22:45:00+00:00,0.0,0.0
2026-03-17 22:50:00+00:00,0.0,0.0
2026-03-17 22:55:00+00:00,0.0,0.0
2026-03-17 23:00:00+00:00,0.0,0.0
2026-03-17 23:05:00+00:00,0.0,0.0
2026-03-17 23:10:00+00:00,0.0,0.0
2026-03-17 23:15:00+00:00,0.0,0.0
2026-03-17 23:20:00+00:00,0.0,0.0
2026-03-17 23:25:00+00:00,0.0,0.0
2026-03-17 23:30:00+00:00,0.0,0.0
2026-03-17 23:35:00+00:00,0.0,0.0
2026-03-17 23:40:00+00:00,0.0,0.0
2026-03-17 23:45:00+00:00,0.0,0.0
2026-03-17 23:50:00+00:00,0.0,0.0
2026-03-17 23:55:00+00:00,0.0,0.0
2026-03-18 00:00:00+00:00,0.0,0.0
2026-03-18 00:05:00+00:00,0.0,0.0
2026-03-18 00:10:00+00:00,0.0,0.0
2026-03-18 00:15:00+00:00,0.0,0.0
2026-03-18 00:20:00+00:00,0.0,0.0
2026-03-18 00:25:00+00:00,0.0,0.0
2026-03-18 00:30:00+00:00,0.0,0.0
2026-03-18 00:35:00+00:00,0.0,0.0
2026-03-18 00:40:00+00:00,0.0,0.0
2026-03-18 00:45:00+00:00,0.0,0.0
2026-03-18 00:50:00+00:00,0.0,0.0
2026-03-18 00:55:00+00:00,0.0,0.0
2026-03-18 01:00:00+00:00,0.0,0.0
2026-03-18 01:05:00+00:00,0.0,0.0
2026-03-18 01:10:00+00:00,0.0,0.0
2026-03-18 01:15:00+00:00,0.0,0.0
2026-03-18 01:20:00+00:00,0.0,0.0
2026-03-18 01:25:00+00:00,0.0,0.0
2026-03-18 01:30:00+00:00,0.0,0.0
2026-03-18 01:35:00+00:00,0.0,0.0
2026-03-18 01:40:00+00:00,0.0,0.0
2026-03-18 01:45:00+00:00,0.0,0.0
2026-03-18 01:50:00+00:00,0.0,0.0
2026-03-18 01:55:00+00:00,0.0,0.0
2026-03-18 02:00:00+00:00,0.0,0.0
2026-03-18 02:05:00+00:00,0.0,0.0
2026-03-18 02:10:00+00:00,0.0,0.0
2026-03-18 02:15:00+00:00,0.0,0.0
2026-03-18 02:20:00+00:00,0.0,0.0
2026-03-18 02:25:00+00:00,0.0,0.0
2026-03-18 02:30:00+00:00,0.0,0.0
2026-03-18 02:35:00+00:00,0.0,0.0
2026-03-18 02:40:00+00:00,0.0,0.0
2026-03-18 02:45:00+00:00,0.0,0.0
2026-03-18 02:50:00+00:00,0.0,0.0
2026-03-18 02:55:00+00:00,0.0,0.0
2026-03-18 03:00:00+00:00,0.0,0.0
2026-03-18 03:05:00+00:00,0.0,0.0
2026-03-18 03:10:00+00:00,0.0,0.0
2026-03-18 03:15:00+00:00,0.0,0.0
2026-03-18 03:20:00+00:00,0.0,0.0
2026-03-18 03:25:00+00:00,0.0,0.0
2026-03-18 03:30:00+00:00,0.0,0.0
2026-03-18 03:35:00+00:00,0.0,0.0
2026-03-18 03:40:00+00:00,0.0,0.0
2026-03-18 03:45:00+00:00,0.0,0.0
2026-03-18 03:50:00+00:00,0.0,0.0
2026-03-18 03:55:00+00:00,0.0,0.0
2026-03-18 04:00:00+00:00,0.0,0.0
2026-03-18 04:05:00+00:00,0.0,0.0
2026-03-18 04:10:00+00:00,0.0,0.0
2026-03-18 04:15:00+00:00,0.0,0.0
2026-03-18 04:20:00+00:00,0.0,0.0
2026-03-18 04:25:00+00:00,0.0,0.0
2026-03-18 04:30:00+00:00,0.0,0.0
2026-03-18 04:35:00+00:00,0.0,0.0
2026-03-18 04:40:00+00:00,0.0,0.0
2026-03-18 04:45:00+00:00,0.0,0.0
2026-03-18 04:50:00+00:00,0.0,0.0
2026-03-18 04:55:00+00:00,0.0,0.0
2026-03-18 05:00:00+00:00,0.0,0.0
2026-03-18 05:05:00+00:00,0.0,0.0
2026-03-18 05:10:00+00:00,0.0,0.0
2026-03-18 05:15:00+00:00,0.0,0.0
2026-03-18 05:20:00+00:00,0.0,0.0
2026-03-18 05:25:00+00:00,0.0,0.0
2026-03-18 05:30:00+00:00,0.0,0.0
2026-03-18 05:35:00+00:00,0.0,0.0
2026-03-18 05:40:00+00:00,0.0,0.0
2026-03-18 05:45:00+00:00,0.0,0.0
2026-03-18 05:50:00+00:00,0.0,0.0
2026-03-18 05:55:00+00:00,0.0,0.0
2026-03-18 06:00:00+00:00,0.0,0.0
2026-03-18 06:05:00+00:00,0.0,0.0
2026-03-18 06:10:00+00:00,0.0,0.0
2026-03-18 06:15:00+00:00,0.0,0.0
2026-03-18 06:20:00+00:00,0.0,0.0
2026-03-18 06:25:00+00:00,0.0,0.0
2026-03-18 06:30:00+00:00,0.0,0.0
2026-03-18 06:35:00+00:00,0.0,0.0
2026-03-18 06:40:00+00:00,0.0,0.0
2026-03-18 06:45:00+00:00,0.0,0.0
2026-03-18 06:50:00+00:00,0.0,0.0
2026-03-18 06:55:00+00:00,0.0,0.0
2026-03-18 07:00:00+00:00,0.0,0.0
2026-03-18 07:05:00+00:00,0.0,0.0
2026-03-18 07:10:00+00:00,0.0,0.0
2026-03-18 07:15:00+00:00,0.0,0.0
2026-03-18 07:20:00+00:00,0.0,0.0
2026-03-18 07:25:00+00:00,0.0,0.0
2026-03-18 07:30:00+00:00,0.0,0.0
2026-03-18 07:35:00+00:00,0.0,0.0
2026-03-18 07:40:00+00:00,0.0,0.0
2026-03-18 07:45:00+00:00,0.0,0.0
2026-03-18 07:50:00+00:00,0.0,0.0
2026-03-18 07:55:00+00:00,0.0,0.0
2026-03-18 08:00:00+00:00,0.0,0.0
2026-03-18 08:05:00+00:00,0.0,0.0
2026-03-18 08:10:00+00:00,0.0,0.0
2026-03-18 08:15:00+00:00,0.0,0.0
2026-03-18 08:20:00+00:00,0.0,0.0
2026-03-18 08:25:00+00:00,0.0,0.0
2026-03-18 08:30:00+00:00,0.0,0.0
2026-03-18 08:35:00+00:00,0.0,0.0
2026-03-18 08:40:00+00:00,0.0,0.0
2026-03-18 08:45:00+00:00,0.0,0.0
2026-03-18 08:50:00+00:00,0.0,0.0
2026-03-18 08:55:00+00:00,0.0,0.0
2026-03-18 09:00:00+00:00,0.0,0.0
2026-03-18 09:05:00+00:00,0.0,0.0
2026-03-18 09:10:00+00:00,0.0,0.0
2026-03-18 09:15:00+00:00,0.0,0.0
2026-03-18 09:20:00+00:00,0.0,0.0
2026-03-18 09:25:00+00:00,0.0,0.0
2026-03-18 09:30:00+00:00,0.0,0.0
2026-03-18 09:35:00+00:00,0.0,0.0
2026-03-18 09:40:00+00:00,0.0,0.0
2026-03-18 09:45:00+00:00,0.0,0.0
2026-03-18 09:50:00+00:00,0.0,0.0
2026-03-18 09:55:00+00:00,0.0,0.0
2026-03-18 10:00:00+00:00,0.0,0.0
2026-03-18 10:05:00+00:00,0.0,0.0
2026-03-18 10:10:00+00:00,0.0,0.0
2026-03-18 10:15:00+00:00,0.0,0.0
2026-03-18 10:20:00+00:00,0.0,0.0
2026-03-18 10:25:00+00:00,0.0,0.0
2026-03-18 10:30:00+00:00,0.0,0.0
2026-03-18 10:35:00+00:00,0.0,0.0
2026-03-18 10:40:00+00:00,0.0,0.0
2026-03-18 10:45:00+00:00,0.0,0.0
2026-03-18 10:50:00+00:00,0.0,0.0
2026-03-18 10:55:00+00:00,0.0,0.0
2026-03-18 11:00:00+00:00,0.0,0.0
2026-03-18 11:05:00+00:00,0.0,0.0
2026-03-18 11:10:00+00:00,0.0,0.0
2026-03-18 11:15:00+00:00,0.0,0.0
2026-03-18 11:20:00+00:00,0.0,0.0
2026-03-18 11:25:00+00:00,0.0,0.0
2026-03-18 11:30:00+00:00,0.0,0.0
2026-03-18 11:35:00+00:00,0.0,0.0
2026-03-18 11:40:00+00:00,0.0,0.0
2026-03-18 11:45:00+00:00,0.0,0.0
2026-03-18 11:50:00+00:00,0.0,0.0
2026-03-18 11:55:00+00:00,0.0,0.0
2026-03-18 12:00:00+00:00,0.0,0.0
2026-03-18 12:05:00+00:00,0.0,0.0
2026-03-18 12:10:00+00:00,0.0,0.0
2026-03-18 12:15:00+00:00,0.0,0.0
2026-03-18 12:20:00+00:00,0.0,0.0
2026-03-18 12:25:00+00:00,0.0,0.0
2026-03-18 12:30:00+00:00,0.0,0.0
2026-03-18 12:35:00+00:00,0.0,0.0
2026-03-18 12:40:00+00:00,0.0,0.0
2026-03-18 12:45:00+00:00,0.0,0.0
2026-03-18 12:50:00+00:00,0.0,0.0
2026-03-18 12:55:00+00:00,0.0,0.0
2026-03-18 13:00:00+00:00,0.0,0.0
2026-03-18 13:05:00+00:00,0.0,0.0
2026-03-18 13:10:00+00:00,0.0,0.0
2026-03-18 13:15:00+00:00,0.0,0.0
2026-03-18 13:20:00+00:00,0.0,0.0
2026-03-18 13:25:00+00:00,0.0,0.0
2026-03-18 13:30:00+00:00,0.0,0.0
2026-03-18 13:35:00+00:00,0.0,0.0
2026-03-18 13:40:00+00:00,0.0,0.0
2026-03-18 13:45:00+00:00,0.0,0.0
2026-03-18 13:50:00+00:00,0.0,0.0
2026-03-18 13:55:00+00:00,0.0,0.0
2026-03-18 14:00:00+00:00,0.0,0.0
2026-03-18 14:05:00+00:00,0.0,0.0
2026-03-18 14:10:00+00:00,0.0,0.0
2026-03-18 14:15:00+00:00,0.0,0.0
2026-03-18 14:20:00+00:00,0.0,0.0
2026-03-18 14:25:00+00:00,0.0,0.0
2026-03-18 14:30:00+00:00,0.0,0.0
2026-03-18 14:35:00+00:00,0.0,0.0
2026-03-18 14:40:00+00:00,0.0,0.0
2026-03-18 14:45:00+00:00,0.0,0.0
2026-03-18 14:50:00+00:00,0.0,0.0
2026-03-18 14:55:00+00:00,0.0,0.0
2026-03-18 15:00:00+00:00,0.0,0.0
2026-03-18 15:05:00+00:00,0.0,0.0
2026-03-18 15:10:00+00:00,0.0,0.0
2026-03-18 15:15:00+00:00,0.0,0.0
2026-03-18 15:20:00+00:00,0.0,0.0
2026-03-18 15:25:00+00:00,0.0,0.0
2026-03-18 15:30:00+00:00,0.0,0.0
2026-03-18 15:35:00+00:00,0.0,0.0
2026-03-18 15:40:00+00:00,0.0,0.0
2026-03-18 15:45:00+00:00,0.0,0.0
2026-03-18 15:50:00+00:00,0.0,0.0
2026-03-18 15:55:00+00:00,0.0,0.0
2026-03-18 16:00:00+00:00,0.0,0.0
2026-03-18 16:05:00+00:00,0.0,0.0
2026-03-18 16:10:00+00:00,0.0,0.0
2026-03-18 16:15:00+00:00,0.0,0.0
2026-03-18 16:20:00+00:00,0.0,0.0
2026-03-18 16:25:00+00:00,0.0,0.0
2026-03-18 16:30:00+00:00,0.0,0.0
2026-03-18 16:35:00+00:00,0.0,0.0
2026-03-18 16:40:00+00:00,0.0,0.0
2026-03-18 16:45:00+00:00,0.0,0.0
2026-03-18 16:50:00+00:00,0.0,0.0
2026-03-18 16:55:00+00:00,0.0,0.0
2026-03-18 17:00:00+00:00,0.0,0.0
2026-03-18 17:05:00+00:00,0.0,0.0
2026-03-18 17:10:00+00:00,0.0,0.0
2026-03-18 17:15:00+00:00,0.0,0.0
2026-03-18 17:20:00+00:00,0.0,0.0
2026-03-18 17:25:00+00:00,0.0,0.0
2026-03-18 17:30:00+00:00,0.0,0.0
2026-03-18 17:35:00+00:00,0.0,0.0
2026-03-18 17:40:00+00:00,0.0,0.0
2026-03-18 17:45:00+00:00,0.0,0.0
2026-03-18 17:50:00+00:00,0.0,0.0
2026-03-18 17:55:00+00:00,0.0,0.0
2026-03-18 18:00:00+00:00,0.0,0.0
2026-03-18 18:05:00+00:00,0.0,0.0
2026-03-18 18:10:00+00:00,0.0,0.0
2026-03-18 18:15:00+00:00,0.0,0.0
2026-03-18 18:20:00+00:00,0.0,0.0
2026-03-18 18:25:00+00:00,0.0,0.0
2026-03-18 18:30:00+00:00,0.0,0.0
2026-03-18 18:35:00+00:00,0.0,0.0
2026-03-18 18:40:00+00:00,0.0,0.0
2026-03-18 18:45:00+00:00,0.0,0.0
2026-03-18 18:50:00+00:00,0.0,0.0
2026-03-18 18:55:00+00:00,0.0,0.0
2026-03-18 19:00:00+00:00,0.0,0.0
2026-03-18 19:05:00+00:00,0.0,0.0
2026-03-18 19:10:00+00:00,0.0,0.0
2026-03-18 19:15:00+00:00,0.0,0.0
2026-03-18 19:20:00+00:00,0.0,0.0
2026-03-18 19:25:00+00:00,0.0,0.0
2026-03-18 19:30:00+00:00,0.0,0.0
2026-03-18 19:35:00+00:00,0.0,0.0
2026-03-18 19:40:00+00:00,0.0,0.0
2026-03-18 19:45:00+00:00,0.0,0.0
2026-03-18 19:50:00+00:00,0.0,0.0
2026-03-18 19:55:00+00:00,0.0,0.0
2026-03-18 20:00:00+00:00,0.0,0.0
2026-03-18 20:05:00+00:00,0.0,0.0
2026-03-18 20:10:00+00:00,0.0,0.0
2026-03-18 20:15:00+00:00,0.0,0.0
2026-03-18 20:20:00+00:00,0.0,0.0
2026-03-18 20:25:00+00:00,0.0,0.0
2026-03-18 20:30:00+00:00,0.0,0.0
2026-03-18 20:35:00+00:00,0.0,0.0
2026-03-18 20:40:00+00:00,0.0,0.0
2026-03-18 20:45:00+00:00,0.0,0.0
2026-03-18 20:50:00+00:00,0.0,0.0
2026-03-18 20:55:00+00:00,0.0,0.0
2026-03-18 21:00:00+00:00,0.0,0.0
2026-03-18 21:05:00+00:00,0.0,0.0
2026-03-18 21:10:00+00:00,0.0,0.0
2026-03-18 21:15:00+00:00,0.0,0.0
2026-03-18 21:20:00+00:00,0.0,0.0
2026-03-18 21:25:00+00:00,0.0,0.0
2026-03-18 21:30:00+00:00,0.0,0.0
2026-03-18 21:35:00+00:00,0.0,0.0
2026-03-18 21:40:00+00:00,0.0,0.0
2026-03-18 21:45:00+00:00,0.0,0.0
2026-03-18 21:50:00+00:00,0.0,0.0
2026-03-18 21:55:00+00:00,0.0,0.0
2026-03-18 22:00:00+00:00,0.0,0.0
2026-03-18 22:05:00+00:00,0.0,0.0
2026-03-18 22:10:00+00:00,0.0,0.0
2026-03-18 22:15:00+00:00,0.0,0.0
2026-03-18 22:20:00+00:00,0.0,0.0
2026-03-18 22:25:00+00:00,0.0,0.0
2026-03-18 22:30:00+00:00,0.0,0.0
2026-03-18 22:35:00+00:00,0.0,0.0
2026-03-18 22:40:00+00:00,0.0,0.0
2026-03-18 22:45:00+00:00,0.0,0.0
2026-03-18 22:50:00+00:00,0.0,0.0
2026-03-18 22:55:00+00:00,0.0,0.0
2026-03-18 23:00:00+00:00,0.0,0.0
2026-03-18 23:05:00+00:00,0.0,0.0
2026-03-18 23:10:00+00:00,0.0,0.0
2026-03-18 23:15:00+00:00,0.0,0.0
2026-03-18 23:20:00+00:00,0.0,0.0
2026-03-18 23:25:00+00:00,0.0,0.0
2026-03-18 23:30:00+00:00,0.0,0.0
2026-03-18 23:35:00+00:00,0.0,0.0
2026-03-18 23:40:00+00:00,0.0,0.0
2026-03-18 23:45:00+00:00,0.0,0.0
2026-03-18 23:50:00+00:00,0.0,0.0
2026-03-18 23:55:00+00:00,0.0,0.0
2026-03-19 00:00:00+00:00,0.0,0.0
2026-03-19 00:05:00+00:00,0.0,0.0
2026-03-19 00:10:00+00:00,0.0,0.0
2026-03-19 00:15:00+00:00,0.0,0.0
2026-03-19 00:20:00+00:00,0.0,0.0
2026-03-19 00:25:00+00:00,0.0,0.0
2026-03-19 00:30:00+00:00,0.0,0.0
2026-03-19 00:35:00+00:00,0.0,0.0
2026-03-19 00:40:00+00:00,0.0,0.0
2026-03-19 00:45:00+00:00,0.0,0.0
2026-03-19 00:50:00+00:00,0.0,0.0
2026-03-19 00:55:00+00:00,0.0,0.0
2026-03-19 01:00:00+00:00,0.0,0.0
2026-03-19 01:05:00+00:00,0.0,0.0
2026-03-19 01:10:00+00:00,0.0,0.0
2026-03-19 01:15:00+00:00,0.0,0.0
2026-03-19 01:20:00+00:00,0.0,0.0
2026-03-19 01:25:00+00:00,0.0,0.0
2026-03-19 01:30:00+00:00,0.0,0.0
2026-03-19 01:35:00+00:00,0.0,0.0
2026-03-19 01:40:00+00:00,0.0,0.0
2026-03-19 01:45:00+00:00,0.0,0.0
2026-03-19 01:50:00+00:00,0.0,0.0
2026-03-19 01:55:00+00:00,0.0,0.0
2026-03-19 02:00:00+00:00,0.0,0.0
2026-03-19 02:05:00+00:00,0.0,0.0
2026-03-19 02:10:00+00:00,0.0,0.0
2026-03-19 02:15:00+00:00,0.0,0.0
2026-03-19 02:20:00+00:00,0.0,0.0
2026-03-19 02:25:00+00:00,0.0,0.0
2026-03-19 02:30:00+00:00,0.0,0.0
2026-03-19 02:35:00+00:00,0.0,0.0
2026-03-19 02:40:00+00:00,0.0,0.0
2026-03-19 02:45:00+00:00,0.0,0.0
2026-03-19 02:50:00+00:00,0.0,0.0
2026-03-19 02:55:00+00:00,0.0,0.0
2026-03-19 03:00:00+00:00,0.0,0.0
2026-03-19 03:05:00+00:00,0.0,0.0
2026-03-19 03:10:00+00:00,0.0,0.0
2026-03-19 03:15:00+00:00,0.0,0.0
2026-03-19 03:20:00+00:00,0.0,0.0
2026-03-19 03:25:00+00:00,0.0,0.0
2026-03-19 03:30:00+00:00,0.0,0.0
2026-03-19 03:35:00+00:00,0.0,0.0
2026-03-19 03:40:00+00:00,0.0,0.0
2026-03-19 03:45:00+00:00,0.0,0.0
2026-03-19 03:50:00+00:00,0.0,0.0
2026-03-19 03:55:00+00:00,0.0,0.0
2026-03-19 04:00:00+00:00,0.0,0.0
2026-03-19 04:05:00+00:00,0.0,0.0
2026-03-19 04:10:00+00:00,0.0,0.0
2026-03-19 04:15:00+00:00,0.0,0.0
2026-03-19 04:20:00+00:00,0.0,0.0
2026-03-19 04:25:00+00:00,0.0,0.0
2026-03-19 04:30:00+00:00,0.0,0.0
2026-03-19 04:35:00+00:00,0.0,0.0
2026-03-19 04:40:00+00:00,0.0,0.0
2026-03-19 04:45:00+00:00,0.0,0.0
2026-03-19 04:50:00+00:00,0.0,0.0
2026-03-19 04:55:00+00:00,0.0,0.0
2026-03-19 05:00:00+00:00,0.0,0.0
2026-03-19 05:05:00+00:00,0.0,0.0
2026-03-19 05:10:00+00:00,0.0,0.0
2026-03-19 05:15:00+00:00,0.0,0.0
2026-03-19 05:20:00+00:00,0.0,0.0
2026-03-19 05:25:00+00:00,0.0,0.0
2026-03-19 05:30:00+00:00,0.0,0.0
2026-03-19 05:35:00+00:00,0.0,0.0
2026-03-19 05:40:00+00:00,0.0,0.0
2026-03-19 05:45:00+00:00,0.0,0.0
2026-03-19 05:50:00+00:00,0.0,0.0
2026-03-19 05:55:00+00:00,0.0,0.0
2026-03-19 06:00:00+00:00,0.0,0.0
2026-03-19 06:05:00+00:00,0.0,0.0
2026-03-19 06:10:00+00:00,0.0,0.0
2026-03-19 06:15:00+00:00,0.0,0.0
2026-03-19 06:20:00+00:00,0.0,0.0
2026-03-19 06:25:00+00:00,0.0,0.0
2026-03-19 06:30:00+00:00,0.0,0.0
2026-03-19 06:35:00+00:00,0.0,0.0
2026-03-19 06:40:00+00:00,0.0,0.0
2026-03-19 06:45:00+00:00,0.0,0.0
2026-03-19 06:50:00+00:00,0.0,0.0
2026-03-19 06:55:00+00:00,0.0,0.0
2026-03-19 07:00:00+00:00,0.0,0.0
2026-03-19 07:05:00+00:00,0.0,0.0
2026-03-19 07:10:00+00:00,0.0,0.0
2026-03-19 07:15:00+00:00,0.0,0.0
2026-03-19 07:20:00+00:00,0.0,0.0
2026-03-19 07:25:00+00:00,0.0,0.0
2026-03-19 07:30:00+00:00,0.0,0.0
2026-03-19 07:35:00+00:00,0.0,0.0
2026-03-19 07:40:00+00:00,0.0,0.0
2026-03-19 07:45:00+00:00,0.0,0.0
2026-03-19 07:50:00+00:00,0.0,0.0
2026-03-19 07:55:00+00:00,0.0,0.0
2026-03-19 08:00:00+00:00,0.0,0.0
2026-03-19 08:05:00+00:00,0.0,0.0
2026-03-19 08:10:00+00:00,0.0,0.0
2026-03-19 08:15:00+00:00,0.0,0.0
2026-03-19 08:20:00+00:00,0.0,0.0
2026-03-19 08:25:00+00:00,0.0,0.0
2026-03-19 08:30:00+00:00,0.0,0.0
2026-03-19 08:35:00+00:00,0.0,0.0
2026-03-19 08:40:00+00:00,0.0,0.0
2026-03-19 08:45:00+00:00,0.0,0.0
2026-03-19 08:50:00+00:00,0.0,0.0
2026-03-19 08:55:00+00:00,0.0,0.0
2026-03-19 09:00:00+00:00,0.0,0.0
2026-03-19 09:05:00+00:00,0.0,0.0
2026-03-19 09:10:00+00:00,0.0,0.0
2026-03-19 09:15:00+00:00,0.0,0.0
2026-03-19 09:20:00+00:00,0.0,0.0
2026-03-19 09:25:00+00:00,0.0,0.0
2026-03-19 09:30:00+00:00,0.0,0.0
2026-03-19 09:35:00+00:00,0.0,0.0
2026-03-19 09:40:00+00:00,0.0,0.0
2026-03-19 09:45:00+00:00,0.0,0.0
2026-03-19 09:50:00+00:00,0.0,0.0
2026-03-19 09:55:00+00:00,0.0,0.0
2026-03-19 10:00:00+00:00,0.0,0.0
2026-03-19 10:05:00+00:00,0.0,0.0
2026-03-19 10:10:00+00:00,0.0,0.0
2026-03-19 10:15:00+00:00,0.0,0.0
2026-03-19 10:20:00+00:00,0.0,0.0
2026-03-19 10:25:00+00:00,0.0,0.0
2026-03-19 10:30:00+00:00,0.0,0.0
2026-03-19 10:35:00+00:00,0.0,0.0
2026-03-19 10:40:00+00:00,0.0,0.0
2026-03-19 10:45:00+00:00,0.0,0.0
2026-03-19 10:50:00+00:00,0.0,0.0
2026-03-19 10:55:00+00:00,0.0,0.0
2026-03-19 11:00:00+00:00,0.0,0.0
2026-03-19 11:05:00+00:00,0.0,0.0
2026-03-19 11:10:00+00:00,0.0,0.0
2026-03-19 11:15:00+00:00,0.0,0.0
2026-03-19 11:20:00+00:00,0.0,0.0
2026-03-19 11:25:00+00:00,0.0,0.0
2026-03-19 11:30:00+00:00,0.0,0.0
2026-03-19 11:35:00+00:00,0.0,0.0
2026-03-19 11:40:00+00:00,0.0,0.0
2026-03-19 11:45:00+00:00,0.0,0.0
2026-03-19 11:50:00+00:00,0.0,0.0
2026-03-19 11:55:00+00:00,0.0,0.0
2026-03-19 12:00:00+00:00,0.0,0.0
2026-03-19 12:05:00+00:00,0.0,0.0
2026-03-19 12:10:00+00:00,0.0,0.0
2026-03-19 12:15:00+00:00,0.0,0.0
2026-03-19 12:20:00+00:00,0.0,0.0
2026-03-19 12:25:00+00:00,0.0,0.0
2026-03-19 12:30:00+00:00,0.0,0.0
2026-03-19 12:35:00+00:00,0.0,0.0
2026-03-19 12:40:00+00:00,0.0,0.0
2026-03-19 12:45:00+00:00,0.0,0.0
2026-03-19 12:50:00+00:00,0.0,0.0
2026-03-19 12:55:00+00:00,0.0,0.0
2026-03-19 13:00:00+00:00,0.0,0.0
2026-03-19 13:05:00+00:00,0.0,0.0
2026-03-19 13:10:00+00:00,0.0,0.0
2026-03-19 13:15:00+00:00,0.0,0.0
2026-03-19 13:20:00+00:00,0.0,0.0
2026-03-19 13:25:00+00:00,0.0,0.0
2026-03-19 13:30:00+00:00,0.0,0.0
2026-03-19 13:35:00+00:00,0.0,0.0
2026-03-19 13:40:00+00:00,0.0,0.0
2026-03-19 13:45:00+00:00,0.0,0.0
2026-03-19 13:50:00+00:00,0.0,0.0
2026-03-19 13:55:00+00:00,0.0,0.0
2026-03-19 14:00:00+00:00,0.0,0.0
2026-03-19 14:05:00+00:00,0.0,0.0
2026-03-19 14:10:00+00:00,0.0,0.0
2026-03-19 14:15:00+00:00,0.0,0.0
2026-03-19 14:20:00+00:00,0.0,0.0
2026-03-19 14:25:00+00:00,0.0,0.0
2026-03-19 14:30:00+00:00,0.0,0.0
2026-03-19 14:35:00+00:00,0.0,0.0
2026-03-19 14:40:00+00:00,0.0,0.0
2026-03-19 14:45:00+00:00,0.0,0.0
2026-03-19 14:50:00+00:00,0.0,0.0
2026-03-19 14:55:00+00:00,0.0,0.0
2026-03-19 15:00:00+00:00,0.0,0.0
2026-03-19 15:05:00+00:00,0.0,0.0
2026-03-19 15:10:00+00:00,0.0,0.0
2026-03-19 15:15:00+00:00,0.0,0.0
2026-03-19 15:20:00+00:00,0.0,0.0
2026-03-19 15:25:00+00:00,0.0,0.0
2026-03-19 15:30:00+00:00,0.0,0.0
2026-03-19 15:35:00+00:00,0.0,0.0
2026-03-19 15:40:00+00:00,0.0,0.0
2026-03-19 15:45:00+00:00,0.0,0.0
2026-03-19 15:50:00+00:00,0.0,0.0
2026-03-19 15:55:00+00:00,0.0,0.0
2026-03-19 16:00:00+00:00,0.0,0.0
2026-03-19 16:05:00+00:00,0.0,0.0
2026-03-19 16:10:00+00:00,0.0,0.0
2026-03-19 16:15:00+00:00,0.0,0.0
2026-03-19 16:20:00+00:00,0.0,0.0
2026-03-19 16:25:00+00:00,0.0,0.0
2026-03-19 16:30:00+00:00,0.0,0.0
2026-03-19 16:35:00+00:00,0.0,0.0
2026-03-19 16:40:00+00:00,0.0,0.0
2026-03-19 16:45:00+00:00,0.0,0.0
2026-03-19 16:50:00+00:00,0.0,0.0
2026-03-19 16:55:00+00:00,0.0,0.0
2026-03-19 17:00:00+00:00,0.0,0.0
2026-03-19 17:05:00+00:00,0.0,0.0
2026-03-19 17:10:00+00:00,0.0,0.0
2026-03-19 17:15:00+00:00,0.0,0.0
2026-03-19 17:20:00+00:00,0.0,0.0
2026-03-19 17:25:00+00:00,0.0,0.0
2026-03-19 17:30:00+00:00,0.0,0.0
2026-03-19 17:35:00+00:00,0.0,0.0
2026-03-19 17:40:00+00:00,0.0,0.0
2026-03-19 17:45:00+00:00,0.0,0.0
2026-03-19 17:50:00+00:00,0.0,0.0
2026-03-19 17:55:00+00:00,0.0,0.0
2026-03-19 18:00:00+00:00,0.0,0.0
2026-03-19 18:05:00+00:00,0.0,0.0
2026-03-19 18:10:00+00:00,0.0,0.0
2026-03-19 18:15:00+00:00,0.0,0.0
2026-03-19 18:20:00+00:00,0.0,0.0
2026-03-19 18:25:00+00:00,0.0,0.0
2026-03-19 18:30:00+00:00,0.0,0.0
2026-03-19 18:35:00+00:00,0.0,0.0
2026-03-19 18:40:00+00:00,0.0,0.0
2026-03-19 18:45:00+00:00,0.0,0.0
2026-03-19 18:50:00+00:00,0.0,0.0
2026-03-19 18:55:00+00:00,0.0,0.0
2026-03-19 19:00:00+00:00,0.0,0.0
2026-03-19 19:05:00+00:00,0.0,0.0
2026-03-19 19:10:00+00:00,0.0,0.0
2026-03-19 19:15:00+00:00,0.0,0.0
2026-03-19 19:20:00+00:00,0.0,0.0
2026-03-19 19:25:00+00:00,0.0,0.0
2026-03-19 19:30:00+00:00,0.0,0.0
2026-03-19 19:35:00+00:00,0.0,0.0
2026-03-19 19:40:00+00:00,0.0,0.0
2026-03-19 19:45:00+00:00,0.0,0.0
2026-03-19 19:50:00+00:00,0.0,0.0
2026-03-19 19:55:00+00:00,0.0,0.0
2026-03-19 20:00:00+00:00,0.0,0.0
2026-03-19 20:05:00+00:00,0.0,0.0
2026-03-19 20:10:00+00:00,0.0,0.0
2026-03-19 20:15:00+00:00,0.0,0.0
2026-03-19 20:20:00+00:00,0.0,0.0
2026-03-19 20:25:00+00:00,0.0,0.0
2026-03-19 20:30:00+00:00,0.0,0.0
2026-03-19 20:35:00+00:00,0.0,0.0
2026-03-19 20:40:00+00:00,0.0,0.0
2026-03-19 20:45:00+00:00,0.0,0.0
2026-03-19 20:50:00+00:00,0.0,0.0
2026-03-19 20:55:00+00:00,0.0,0.0
2026-03-19 21:00:00+00:00,0.0,0.0
2026-03-19 21:05:00+00:00,0.0,0.0
2026-03-19 21:10:00+00:00,0.0,0.0
2026-03-19 21:15:00+00:00,0.0,0.0
2026-03-19 21:20:00+00:00,0.0,0.0
2026-03-19 21:25:00+00:00,0.0,0.0
2026-03-19 21:30:00+00:00,0.0,0.0
2026-03-19 21:35:00+00:00,0.0,0.0
2026-03-19 21:40:00+00:00,0.0,0.0
2026-03-19 21:45:00+00:00,0.0,0.0
2026-03-19 21:50:00+00:00,0.0,0.0
2026-03-19 21:55:00+00:00,0.0,0.0
2026-03-19 22:00:00+00:00,0.0,0.0
2026-03-19 22:05:00+00:00,0.0,0.0
2026-03-19 22:10:00+00:00,0.0,0.0
2026-03-19 22:15:00+00:00,0.0,0.0
2026-03-19 22:20:00+00:00,0.0,0.0
2026-03-19 22:25:00+00:00,0.0,0.0
2026-03-19 22:30:00+00:00,0.0,0.0
2026-03-19 22:35:00+00:00,0.0,0.0
2026-03-19 22:40:00+00:00,0.0,0.0
2026-03-19 22:45:00+00:00,0.0,0.0
2026-03-19 22:50:00+00:00,0.0,0.0
2026-03-19 22:55:00+00:00,0.0,0.0
2026-03-19 23:00:00+00:00,0.0,0.0
2026-03-19 23:05:00+00:00,0.0,0.0
2026-03-19 23:10:00+00:00,0.0,0.0
2026-03-19 23:15:00+00:00,0.0,0.0
2026-03-19 23:20:00+00:00,0.0,0.0
2026-03-19 23:25:00+00:00,0.0,0.0
2026-03-19 23:30:00+00:00,0.0,0.0
2026-03-19 23:35:00+00:00,0.0,0.0
2026-03-19 23:40:00+00:00,0.0,0.0
2026-03-19 23:45:00+00:00,0.0,0.0
2026-03-19 23:50:00+00:00,0.0,0.0
2026-03-19 23:55:00+00:00,0.0,0.0
2026-03-20 00:00:00+00:00,0.0,0.0
2026-03-20 00:05:00+00:00,0.0,0.0
2026-03-20 00:10:00+00:00,0.0,0.0
2026-03-20 00:15:00+00:00,0.0,0.0
2026-03-20 00:20:00+00:00,0.0,0.0
2026-03-20 00:25:00+00:00,0.0,0.0
2026-03-20 00:30:00+00:00,0.0,0.0
2026-03-20 00:35:00+00:00,0.0,0.0
2026-03-20 00:40:00+00:00,0.0,0.0
2026-03-20 00:45:00+00:00,0.0,0.0
2026-03-20 00:50:00+00:00,0.0,0.0
2026-03-20 00:55:00+00:00,0.0,0.0
2026-03-20 01:00:00+00:00,0.0,0.0
2026-03-20 01:05:00+00:00,0.0,0.0
2026-03-20 01:10:00+00:00,0.0,0.0
2026-03-20 01:15:00+00:00,0.0,0.0
2026-03-20 01:20:00+00:00,0.0,0.0
2026-03-20 01:25:00+00:00,0.0,0.0
2026-03-20 01:30:00+00:00,0.0,0.0
2026-03-20 01:35:00+00:00,0.0,0.0
2026-03-20 01:40:00+00:00,0.0,0.0
2026-03-20 01:45:00+00:00,0.0,0.0
2026-03-20 01:50:00+00:00,0.0,0.0
2026-03-20 01:55:00+00:00,0.0,0.0
2026-03-20 02:00:00+00:00,0.0,0.0
2026-03-20 02:05:00+00:00,0.0,0.0
2026-03-20 02:10:00+00:00,0.0,0.0
2026-03-20 02:15:00+00:00,0.0,0.0
2026-03-20 02:20:00+00:00,0.0,0.0
2026-03-20 02:25:00+00:00,0.0,0.0
2026-03-20 02:30:00+00:00,0.0,0.0
2026-03-20 02:35:00+00:00,0.0,0.0
2026-03-20 02:40:00+00:00,0.0,0.0
2026-03-20 02:45:00+00:00,0.0,0.0
2026-03-20 02:50:00+00:00,0.0,0.0
2026-03-20 02:55:00+00:00,0.0,0.0
2026-03-20 03:00:00+00:00,0.0,0.0
2026-03-20 03:05:00+00:00,0.0,0.0
2026-03-20 03:10:00+00:00,0.0,0.0
2026-03-20 03:15:00+00:00,0.0,0.0
2026-03-20 03:20:00+00:00,0.0,0.0
2026-03-20 03:25:00+00:00,0.0,0.0
2026-03-20 03:30:00+00:00,0.0,0.0
2026-03-20 03:35:00+00:00,0.0,0.0
2026-03-20 03:40:00+00:00,0.0,0.0
2026-03-20 03:45:00+00:00,0.0,0.0
2026-03-20 03:50:00+00:00,0.0,0.0
2026-03-20 03:55:00+00:00,0.0,0.0
2026-03-20 04:00:00+00:00,0.0,0.0
2026-03-20 04:05:00+00:00,0.0,0.0
2026-03-20 04:10:00+00:00,0.0,0.0
2026-03-20 04:15:00+00:00,0.0,0.0
2026-03-20 04:20:00+00:00,0.0,0.0
2026-03-20 04:25:00+00:00,0.0,0.0
2026-03-20 04:30:00+00:00,0.0,0.0
2026-03-20 04:35:00+00:00,0.0,0.0
2026-03-20 04:40:00+00:00,0.0,0.0
2026-03-20 04:45:00+00:00,0.0,0.0
2026-03-20 04:50:00+00:00,0.0,0.0
2026-03-20 04:55:00+00:00,0.0,0.0
2026-03-20 05:00:00+00:00,0.0,0.0
2026-03-20 05:05:00+00:00,0.0,0.0
2026-03-20 05:10:00+00:00,0.0,0.0
2026-03-20 05:15:00+00:00,0.0,0.0
2026-03-20 05:20:00+00:00,0.0,0.0
2026-03-20 05:25:00+00:00,0.0,0.0
2026-03-20 05:30:00+00:00,0.0,0.0
2026-03-20 05:35:00+00:00,0.0,0.0
2026-03-20 05:40:00+00:00,0.0,0.0
2026-03-20 05:45:00+00:00,0.0,0.0
2026-03-20 05:50:00+00:00,0.0,0.0
2026-03-20 05:55:00+00:00,0.0,0.0
2026-03-20 06:00:00+00:00,0.0,0.0
2026-03-20 06:05:00+00:00,0.0,0.0
2026-03-20 06:10:00+00:00,0.0,0.0
2026-03-20 06:15:00+00:00,0.0,0.0
2026-03-20 06:20:00+00:00,0.0,0.0
2026-03-20 06:25:00+00:00,0.0,0.0
2026-03-20 06:30:00+00:00,0.0,0.0
2026-03-20 06:35:00+00:00,0.0,0.0
2026-03-20 06:40:00+00:00,0.0,0.0
2026-03-20 06:45:00+00:00,0.0,0.0
2026-03-20 06:50:00+00:00,0.0,0.0
2026-03-20 06:55:00+00:00,0.0,0.0
2026-03-20 07:00:00+00:00,0.0,0.0
2026-03-20 07:05:00+00:00,0.0,0.0
2026-03-20 07:10:00+00:00,0.0,0.0
2026-03-20 07:15:00+00:00,0.0,0.0
2026-03-20 07:20:00+00:00,0.0,0.0
2026-03-20 07:25:00+00:00,0.0,0.0
2026-03-20 07:30:00+00:00,0.0,0.0
2026-03-20 07:35:00+00:00,0.0,0.0
2026-03-20 07:40:00+00:00,0.0,0.0
2026-03-20 07:45:00+00:00,0.0,0.0
2026-03-20 07:50:00+00:00,0.0,0.0
2026-03-20 07:55:00+00:00,0.0,0.0
2026-03-20 08:00:00+00:00,0.0,0.0
2026-03-20 08:05:00+00:00,0.0,0.0
2026-03-20 08:10:00+00:00,0.0,0.0
2026-03-20 08:15:00+00:00,0.0,0.0
2026-03-20 08:20:00+00:00,0.0,0.0
2026-03-20 08:25:00+00:00,0.0,0.0
2026-03-20 08:30:00+00:00,0.0,0.0
2026-03-20 08:35:00+00:00,0.0,0.0
2026-03-20 08:40:00+00:00,0.0,0.0
2026-03-20 08:45:00+00:00,0.0,0.0
2026-03-20 08:50:00+00:00,0.0,0.0
2026-03-20 08:55:00+00:00,0.0,0.0
2026-03-20 09:00:00+00:00,0.0,0.0
2026-03-20 09:05:00+00:00,0.0,0.0
2026-03-20 09:10:00+00:00,0.0,0.0
2026-03-20 09:15:00+00:00,0.0,0.0
2026-03-20 09:20:00+00:00,0.0,0.0
2026-03-20 09:25:00+00:00,0.0,0.0
2026-03-20 09:30:00+00:00,0.0,0.0
2026-03-20 09:35:00+00:00,0.0,0.0
2026-03-20 09:40:00+00:00,0.0,0.0
2026-03-20 09:45:00+00:00,0.0,0.0
2026-03-20 09:50:00+00:00,0.0,0.0
2026-03-20 09:55:00+00:00,0.0,0.0
2026-03-20 10:00:00+00:00,0.0,0.0
2026-03-20 10:05:00+00:00,0.0,0.0
2026-03-20 10:10:00+00:00,0.0,0.0
2026-03-20 10:15:00+00:00,0.0,0.0
2026-03-20 10:20:00+00:00,0.0,0.0
2026-03-20 10:25:00+00:00,0.0,0.0
2026-03-20 10:30:00+00:00,0.0,0.0
2026-03-20 10:35:00+00:00,0.0,0.0
2026-03-20 10:40:00+00:00,0.0,0.0
2026-03-20 10:45:00+00:00,0.0,0.0
2026-03-20 10:50:00+00:00,0.0,0.0
2026-03-20 10:55:00+00:00,0.0,0.0
2026-03-20 11:00:00+00:00,0.0,0.0
2026-03-20 11:05:00+00:00,0.0,0.0
2026-03-20 11:10:00+00:00,0.0,0.0
2026-03-20 11:15:00+00:00,0.0,0.0
2026-03-20 11:20:00+00:00,0.0,0.0
2026-03-20 11:25:00+00:00,0.0,0.0
2026-03-20 11:30:00+00:00,0.0,0.0
2026-03-20 11:35:00+00:00,0.0,0.0
2026-03-20 11:40:00+00:00,0.0,0.0
2026-03-20 11:45:00+00:00,0.0,0.0
2026-03-20 11:50:00+00:00,0.0,0.0
2026-03-20 11:55:00+00:00,0.0,0.0
2026-03-20 12:00:00+00:00,0.0,0.0
2026-03-20 12:05:00+00:00,0.0,0.0
2026-03-20 12:10:00+00:00,0.0,0.0
2026-03-20 12:15:00+00:00,0.0,0.0
2026-03-20 12:20:00+00:00,0.0,0.0
2026-03-20 12:25:00+00:00,0.0,0.0
2026-03-20 12:30:00+00:00,0.0,0.0
2026-03-20 12:35:00+00:00,0.0,0.0
2026-03-20 12:40:00+00:00,0.0,0.0
2026-03-20 12:45:00+00:00,0.0,0.0
2026-03-20 12:50:00+00:00,0.0,0.0
2026-03-20 12:55:00+00:00,0.0,0.0
2026-03-20 13:00:00+00:00,0.0,0.0
2026-03-20 13:05:00+00:00,0.0,0.0
2026-03-20 13:10:00+00:00,0.0,0.0
2026-03-20 13:15:00+00:00,0.0,0.0
2026-03-20 13:20:00+00:00,0.0,0.0
2026-03-20 13:25:00+00:00,0.0,0.0
2026-03-20 13:30:00+00:00,0.0,0.0
2026-03-20 13:35:00+00:00,0.0,0.0
2026-03-20 13:40:00+00:00,0.0,0.0
2026-03-20 13:45:00+00:00,0.0,0.0
2026-03-20 13:50:00+00:00,0.0,0.0
2026-03-20 13:55:00+00:00,0.0,0.0
2026-03-20 14:00:00+00:00,0.0,0.0
2026-03-20 14:05:00+00:00,0.0,0.0
2026-03-20 14:10:00+00:00,0.0,0.0
2026-03-20 14:15:00+00:00,0.0,0.0
2026-03-20 14:20:00+00:00,0.0,0.0
2026-03-20 14:25:00+00:00,0.0,0.0
2026-03-20 14:30:00+00:00,0.0,0.0
2026-03-20 14:35:00+00:00,0.0,0.0
2026-03-20 14:40:00+00:00,0.0,0.0
2026-03-20 14:45:00+00:00,0.0,0.0
2026-03-20 14:50:00+00:00,0.0,0.0
2026-03-20 14:55:00+00:00,0.0,0.0
2026-03-20 15:00:00+00:00,0.0,0.0
2026-03-20 15:05:00+00:00,0.0,0.0
2026-03-20 15:10:00+00:00,0.0,0.0
2026-03-20 15:15:00+00:00,0.0,0.0
2026-03-20 15:20:00+00:00,0.0,0.0
2026-03-20 15:25:00+00:00,0.0,0.0
2026-03-20 15:30:00+00:00,0.0,0.0
2026-03-20 15:35:00+00:00,0.0,0.0
2026-03-20 15:40:00+00:00,0.0,0.0
2026-03-20 15:45:00+00:00,0.0,0.0
2026-03-20 15:50:00+00:00,0.0,0.0
2026-03-20 15:55:00+00:00,0.0,0.0
2026-03-20 16:00:00+00:00,0.0,0.0
2026-03-20 16:05:00+00:00,0.0,0.0
2026-03-20 16:10:00+00:00,0.0,0.0
2026-03-20 16:15:00+00:00,0.0,0.0
2026-03-20 16:20:00+00:00,0.0,0.0
2026-03-20 16:25:00+00:00,0.0,0.0
2026-03-20 16:30:00+00:00,0.0,0.0
2026-03-20 16:35:00+00:00,0.0,0.0
2026-03-20 16:40:00+00:00,0.0,0.0
2026-03-20 16:45:00+00:00,0.0,0.0
2026-03-20 16:50:00+00:00,0.0,0.0
2026-03-20 16:55:00+00:00,0.0,0.0
2026-03-20 17:00:00+00:00,0.0,0.0
2026-03-20 17:05:00+00:00,0.0,0.0
2026-03-20 17:10:00+00:00,0.0,0.0
2026-03-20 17:15:00+00:00,0.0,0.0
2026-03-20 17:20:00+00:00,0.0,0.0
2026-03-20 17:25:00+00:00,0.0,0.0
2026-03-20 17:30:00+00:00,0.0,0.0
2026-03-20 17:35:00+00:00,0.0,0.0
2026-03-20 17:40:00+00:00,0.0,0.0
2026-03-20 17:45:00+00:00,0.0,0.0
2026-03-20 17:50:00+00:00,0.0,0.0
2026-03-20 17:55:00+00:00,0.0,0.0
2026-03-20 18:00:00+00:00,0.0,0.0
2026-03-20 18:05:00+00:00,0.0,0.0
2026-03-20 18:10:00+00:00,0.0,0.0
2026-03-20 18:15:00+00:00,0.0,0.0
2026-03-20 18:20:00+00:00,0.0,0.0
2026-03-20 18:25:00+00:00,0.0,0.0
2026-03-20 18:30:00+00:00,0.0,0.0
2026-03-20 18:35:00+00:00,0.0,0.0
2026-03-20 18:40:00+00:00,0.0,0.0
2026-03-20 18:45:00+00:00,0.0,0.0
2026-03-20 18:50:00+00:00,0.0,0.0
2026-03-20 18:55:00+00:00,0.0,0.0
2026-03-20 19:00:00+00:00,0.0,0.0
2026-03-20 19:05:00+00:00,0.0,0.0
2026-03-20 19:10:00+00:00,0.0,0.0
2026-03-20 19:15:00+00:00,0.0,0.0
2026-03-20 19:20:00+00:00,0.0,0.0
2026-03-20 19:25:00+00:00,0.0,0.0
2026-03-20 19:30:00+00:00,0.0,0.0
2026-03-20 19:35:00+00:00,0.0,0.0
2026-03-20 19:40:00+00:00,0.0,0.0
2026-03-20 19:45:00+00:00,0.0,0.0
2026-03-20 19:50:00+00:00,0.0,0.0
2026-03-20 19:55:00+00:00,0.0,0.0
2026-03-20 20:00:00+00:00,0.0,0.0
2026-03-20 20:05:00+00:00,0.0,0.0
2026-03-20 20:10:00+00:00,0.0,0.0
2026-03-20 20:15:00+00:00,0.0,0.0
2026-03-20 20:20:00+00:00,0.0,0.0
2026-03-20 20:25:00+00:00,0.0,0.0
2026-03-20 20:30:00+00:00,0.0,0.0
2026-03-20 20:35:00+00:00,0.0,0.0
2026-03-20 20:40:00+00:00,0.0,0.0
2026-03-20 20:45:00+00:00,0.0,0.0
2026-03-20 20:50:00+00:00,0.0,0.0
2026-03-20 20:55:00+00:00,0.0,0.0
2026-03-20 21:00:00+00:00,0.0,0.0
2026-03-20 21:05:00+00:00,0.0,0.0
2026-03-20 21:10:00+00:00,0.0,0.0
2026-03-20 21:15:00+00:00,0.0,0.0
2026-03-20 21:20:00+00:00,0.0,0.0
2026-03-20 21:25:00+00:00,0.0,0.0
2026-03-20 21:30:00+00:00,0.0,0.0
2026-03-20 21:35:00+00:00,0.0,0.0
2026-03-20 21:40:00+00:00,0.0,0.0
2026-03-20 21:45:00+00:00,0.0,0.0
2026-03-20 21:50:00+00:00,0.0,0.0
2026-03-20 21:55:00+00:00,0.0,0.0
2026-03-20 22:00:00+00:00,0.0,0.0
2026-03-20 22:05:00+00:00,0.0,0.0
2026-03-20 22:10:00+00:00,0.0,0.0
2026-03-20 22:15:00+00:00,0.0,0.0
2026-03-20 22:20:00+00:00,0.0,0.0
2026-03-20 22:25:00+00:00,0.0,0.0
2026-03-20 22:30:00+00:00,0.0,0.0
2026-03-20 22:35:00+00:00,0.0,0.0
2026-03-20 22:40:00+00:00,0.0,0.0
2026-03-20 22:45:00+00:00,0.0,0.0
2026-03-20 22:50:00+00:00,0.0,0.0
2026-03-20 22:55:00+00:00,0.0,0.0
2026-03-20 23:00:00+00:00,0.0,0.0
2026-03-20 23:05:00+00:00,0.0,0.0
2026-03-20 23:10:00+00:00,0.0,0.0
2026-03-20 23:15:00+00:00,0.0,0.0
2026-03-20 23:20:00+00:00,0.0,0.0
2026-03-20 23:25:00+00:00,0.0,0.0
2026-03-20 23:30:00+00:00,0.0,0.0
2026-03-20 23:35:00+00:00,0.0,0.0
2026-03-20 23:40:00+00:00,0.0,0.0
2026-03-20 23:45:00+00:00,0.0,0.0
2026-03-20 23:50:00+00:00,0.0,0.0
2026-03-20 23:55:00+00:00,0.0,0.0
2026-03-21 00:00:00+00:00,0.0,0.0
2026-03-21 00:05:00+00:00,0.0,0.0
2026-03-21 00:10:00+00:00,0.0,0.0
2026-03-21 00:15:00+00:00,0.0,0.0
2026-03-21 00:20:00+00:00,0.0,0.0
2026-03-21 00:25:00+00:00,0.0,0.0
2026-03-21 00:30:00+00:00,0.0,0.0
2026-03-21 00:35:00+00:00,0.0,0.0
2026-03-21 00:40:00+00:00,0.0,0.0
2026-03-21 00:45:00+00:00,0.0,0.0
2026-03-21 00:50:00+00:00,0.0,0.0
2026-03-21 00:55:00+00:00,0.0,0.0
2026-03-21 01:00:00+00:00,0.0,0.0
2026-03-21 01:05:00+00:00,0.0,0.0
2026-03-21 01:10:00+00:00,0.0,0.0
2026-03-21 01:15:00+00:00,0.0,0.0
2026-03-21 01:20:00+00:00,0.0,0.0
2026-03-21 01:25:00+00:00,0.0,0.0
2026-03-21 01:30:00+00:00,0.0,0.0
2026-03-21 01:35:00+00:00,0.0,0.0
2026-03-21 01:40:00+00:00,0.0,0.0
2026-03-21 01:45:00+00:00,0.0,0.0
2026-03-21 01:50:00+00:00,0.0,0.0
2026-03-21 01:55:00+00:00,0.0,0.0
2026-03-21 02:00:00+00:00,0.0,0.0
2026-03-21 02:05:00+00:00,0.0,0.0
2026-03-21 02:10:00+00:00,0.0,0.0
2026-03-21 02:15:00+00:00,0.0,0.0
2026-03-21 02:20:00+00:00,0.0,0.0
2026-03-21 02:25:00+00:00,0.0,0.0
2026-03-21 02:30:00+00:00,0.0,0.0
2026-03-21 02:35:00+00:00,0.0,0.0
2026-03-21 02:40:00+00:00,0.0,0.0
2026-03-21 02:45:00+00:00,0.0,0.0
2026-03-21 02:50:00+00:00,0.0,0.0
2026-03-21 02:55:00+00:00,0.0,0.0
2026-03-21 03:00:00+00:00,0.0,0.0
2026-03-21 03:05:00+00:00,0.0,0.0
2026-03-21 03:10:00+00:00,0.0,0.0
2026-03-21 03:15:00+00:00,0.0,0.0
2026-03-21 03:20:00+00:00,0.0,0.0
2026-03-21 03:25:00+00:00,0.0,0.0
2026-03-21 03:30:00+00:00,0.0,0.0
2026-03-21 03:35:00+00:00,0.0,0.0
2026-03-21 03:40:00+00:00,0.0,0.0
2026-03-21 03:45:00+00:00,0.0,0.0
2026-03-21 03:50:00+00:00,0.0,0.0
2026-03-21 03:55:00+00:00,0.0,0.0
2026-03-21 04:00:00+00:00,0.0,0.0
2026-03-21 04:05:00+00:00,0.0,0.0
2026-03-21 04:10:00+00:00,0.0,0.0
2026-03-21 04:15:00+00:00,0.0,0.0
2026-03-21 04:20:00+00:00,0.0,0.0
2026-03-21 04:25:00+00:00,0.0,0.0
2026-03-21 04:30:00+00:00,0.0,0.0
2026-03-21 04:35:00+00:00,0.0,0.0
2026-03-21 04:40:00+00:00,0.0,0.0
2026-03-21 04:45:00+00:00,0.0,0.0
2026-03-21 04:50:00+00:00,0.0,0.0
2026-03-21 04:55:00+00:00,0.0,0.0
2026-03-21 05:00:00+00:00,0.0,0.0
2026-03-21 05:05:00+00:00,0.0,0.0
2026-03-21 05:10:00+00:00,0.0,0.0
2026-03-21 05:15:00+00:00,0.0,0.0
2026-03-21 05:20:00+00:00,0.0,0.0
2026-03-21 05:25:00+00:00,0.0,0.0
2026-03-21 05:30:00+00:00,0.0,0.0
2026-03-21 05:35:00+00:00,0.0,0.0
2026-03-21 05:40:00+00:00,0.0,0.0
2026-03-21 05:45:00+00:00,0.0,0.0
2026-03-21 05:50:00+00:00,0.0,0.0
2026-03-21 05:55:00+00:00,0.0,0.0
2026-03-21 06:00:00+00:00,0.0,0.0
2026-03-21 06:05:00+00:00,0.0,0.0
2026-03-21 06:10:00+00:00,0.0,0.0
2026-03-21 06:15:00+00:00,0.0,0.0
2026-03-21 06:20:00+00:00,0.0,0.0
2026-03-21 06:25:00+00:00,0.0,0.0
2026-03-21 06:30:00+00:00,0.0,0.0
2026-03-21 06:35:00+00:00,0.0,0.0
2026-03-21 06:40:00+00:00,0.0,0.0
2026-03-21 06:45:00+00:00,0.0,0.0
2026-03-21 06:50:00+00:00,0.0,0.0
2026-03-21 06:55:00+00:00,0.0,0.0
2026-03-21 07:00:00+00:00,0.0,0.0
2026-03-21 07:05:00+00:00,0.0,0.0
2026-03-21 07:10:00+00:00,0.0,0.0
2026-03-21 07:15:00+00:00,0.0,0.0
2026-03-21 07:20:00+00:00,0.0,0.0
2026-03-21 07:25:00+00:00,0.0,0.0
2026-03-21 07:30:00+00:00,0.0,0.0
2026-03-21 07:35:00+00:00,0.0,0.0
2026-03-21 07:40:00+00:00,0.0,0.0
2026-03-21 07:45:00+00:00,0.0,0.0
2026-03-21 07:50:00+00:00,0.0,0.0
2026-03-21 07:55:00+00:00,0.0,0.0
2026-03-21 08:00:00+00:00,0.0,0.0
2026-03-21 08:05:00+00:00,0.0,0.0
2026-03-21 08:10:00+00:00,0.0,0.0
2026-03-21 08:15:00+00:00,0.0,0.0
2026-03-21 08:20:00+00:00,0.0,0.0
2026-03-21 08:25:00+00:00,0.0,0.0
2026-03-21 08:30:00+00:00,0.0,0.0
2026-03-21 08:35:00+00:00,0.0,0.0
2026-03-21 08:40:00+00:00,0.0,0.0
2026-03-21 08:45:00+00:00,0.0,0.0
2026-03-21 08:50:00+00:00,0.0,0.0
2026-03-21 08:55:00+00:00,0.0,0.0
2026-03-21 09:00:00+00:00,0.0,0.0
2026-03-21 09:05:00+00:00,0.0,0.0
2026-03-21 09:10:00+00:00,0.0,0.0
2026-03-21 09:15:00+00:00,0.0,0.0
2026-03-21 09:20:00+00:00,0.0,0.0
2026-03-21 09:25:00+00:00,0.0,0.0
2026-03-21 09:30:00+00:00,0.0,0.0
2026-03-21 09:35:00+00:00,0.0,0.0
2026-03-21 09:40:00+00:00,0.0,0.0
2026-03-21 09:45:00+00:00,0.0,0.0
2026-03-21 09:50:00+00:00,0.0,0.0
2026-03-21 09:55:00+00:00,0.0,0.0
2026-03-21 10:00:00+00:00,0.0,0.0
2026-03-21 10:05:00+00:00,0.0,0.0
2026-03-21 10:10:00+00:00,0.0,0.0
2026-03-21 10:15:00+00:00,0.0,0.0
2026-03-21 10:20:00+00:00,0.0,0.0
2026-03-21 10:25:00+00:00,0.0,0.0
2026-03-21 10:30:00+00:00,0.0,0.0
2026-03-21 10:35:00+00:00,0.0,0.0
2026-03-21 10:40:00+00:00,0.0,0.0
2026-03-21 10:45:00+00:00,0.0,0.0
2026-03-21 10:50:00+00:00,0.0,0.0
2026-03-21 10:55:00+00:00,0.0,0.0
2026-03-21 11:00:00+00:00,0.0,0.0
2026-03-21 11:05:00+00:00,0.0,0.0
2026-03-21 11:10:00+00:00,0.0,0.0
2026-03-21 11:15:00+00:00,0.0,0.0
2026-03-21 11:20:00+00:00,0.0,0.0
2026-03-21 11:25:00+00:00,0.0,0.0
2026-03-21 11:30:00+00:00,0.0,0.0
2026-03-21 11:35:00+00:00,0.0,0.0
2026-03-21 11:40:00+00:00,0.0,0.0
2026-03-21 11:45:00+00:00,0.0,0.0
2026-03-21 11:50:00+00:00,0.0,0.0
2026-03-21 11:55:00+00:00,0.0,0.0
2026-03-21 12:00:00+00:00,0.0,0.0
2026-03-21 12:05:00+00:00,0.0,0.0
2026-03-21 12:10:00+00:00,0.0,0.0
2026-03-21 12:15:00+00:00,0.0,0.0
2026-03-21 12:20:00+00:00,0.0,0.0
2026-03-21 12:25:00+00:00,0.0,0.0
2026-03-21 12:30:00+00:00,0.0,0.0
2026-03-21 12:35:00+00:00,0.0,0.0
2026-03-21 12:40:00+00:00,0.0,0.0
2026-03-21 12:45:00+00:00,0.0,0.0
2026-03-21 12:50:00+00:00,0.0,0.0
2026-03-21 12:55:00+00:00,0.0,0.0
2026-03-21 13:00:00+00:00,0.0,0.0
2026-03-21 13:05:00+00:00,0.0,0.0
2026-03-21 13:10:00+00:00,0.0,0.0
2026-03-21 13:15:00+00:00,0.0,0.0
2026-03-21 13:20:00+00:00,0.0,0.0
2026-03-21 13:25:00+00:00,0.0,0.0
2026-03-21 13:30:00+00:00,0.0,0.0
2026-03-21 13:35:00+00:00,0.0,0.0
2026-03-21 13:40:00+00:00,0.0,0.0
2026-03-21 13:45:00+00:00,0.0,0.0
2026-03-21 13:50:00+00:00,0.0,0.0
2026-03-21 13:55:00+00:00,0.0,0.0
2026-03-21 14:00:00+00:00,0.0,0.0
2026-03-21 14:05:00+00:00,0.0,0.0
2026-03-21 14:10:00+00:00,0.0,0.0
2026-03-21 14:15:00+00:00,0.0,0.0
2026-03-21 14:20:00+00:00,0.0,0.0
2026-03-21 14:25:00+00:00,0.0,0.0
2026-03-21 14:30:00+00:00,0.0,0.0
2026-03-21 14:35:00+00:00,0.0,0.0
2026-03-21 14:40:00+00:00,0.0,0.0
2026-03-21 14:45:00+00:00,0.0,0.0
2026-03-21 14:50:00+00:00,0.0,0.0
2026-03-21 14:55:00+00:00,0.0,0.0
2026-03-21 15:00:00+00:00,0.0,0.0
2026-03-21 15:05:00+00:00,0.0,0.0
2026-03-21 15:10:00+00:00,0.0,0.0
2026-03-21 15:15:00+00:00,0.0,0.0
2026-03-21 15:20:00+00:00,0.0,0.0
2026-03-21 15:25:00+00:00,0.0,0.0
2026-03-21 15:30:00+00:00,0.0,0.0
2026-03-21 15:35:00+00:00,0.0,0.0
2026-03-21 15:40:00+00:00,0.0,0.0
2026-03-21 15:45:00+00:00,0.0,0.0
2026-03-21 15:50:00+00:00,0.0,0.0
2026-03-21 15:55:00+00:00,0.0,0.0
2026-03-21 16:00:00+00:00,0.0,0.0
2026-03-21 16:05:00+00:00,0.0,0.0
2026-03-21 16:10:00+00:00,0.0,0.0
2026-03-21 16:15:00+00:00,0.0,0.0
2026-03-21 16:20:00+00:00,0.0,0.0
2026-03-21 16:25:00+00:00,0.0,0.0
2026-03-21 16:30:00+00:00,0.0,0.0
2026-03-21 16:35:00+00:00,0.0,0.0
2026-03-21 16:40:00+00:00,0.0,0.0
2026-03-21 16:45:00+00:00,0.0,0.0
2026-03-21 16:50:00+00:00,0.0,0.0
2026-03-21 16:55:00+00:00,0.0,0.0
2026-03-21 17:00:00+00:00,0.0,0.0
2026-03-21 17:05:00+00:00,0.0,0.0
2026-03-21 17:10:00+00:00,0.0,0.0
2026-03-21 17:15:00+00:00,0.0,0.0
2026-03-21 17:20:00+00:00,0.0,0.0
2026-03-21 17:25:00+00:00,0.0,0.0
2026-03-21 17:30:00+00:00,0.0,0.0
2026-03-21 17:35:00+00:00,0.0,0.0
2026-03-21 17:40:00+00:00,0.0,0.0
2026-03-21 17:45:00+00:00,0.0,0.0
2026-03-21 17:50:00+00:00,0.0,0.0
2026-03-21 17:55:00+00:00,0.0,0.0
2026-03-21 18:00:00+00:00,0.0,0.0
2026-03-21 18:05:00+00:00,0.0,0.0
2026-03-21 18:10:00+00:00,0.0,0.0
2026-03-21 18:15:00+00:00,0.0,0.0
2026-03-21 18:20:00+00:00,0.0,0.0
2026-03-21 18:25:00+00:00,0.0,0.0
2026-03-21 18:30:00+00:00,0.0,0.0
2026-03-21 18:35:00+00:00,0.0,0.0
2026-03-21 18:40:00+00:00,0.0,0.0
2026-03-21 18:45:00+00:00,0.0,0.0
2026-03-21 18:50:00+00:00,0.0,0.0
2026-03-21 18:55:00+00:00,0.0,0.0
2026-03-21 19:00:00+00:00,0.0,0.0
2026-03-21 19:05:00+00:00,0.0,0.0
2026-03-21 19:10:00+00:00,0.0,0.0
2026-03-21 19:15:00+00:00,0.0,0.0
2026-03-21 19:20:00+00:00,0.0,0.0
2026-03-21 19:25:00+00:00,0.0,0.0
2026-03-21 19:30:00+00:00,0.0,0.0
2026-03-21 19:35:00+00:00,0.0,0.0
2026-03-21 19:40:00+00:00,0.0,0.0
2026-03-21 19:45:00+00:00,0.0,0.0
2026-03-21 19:50:00+00:00,0.0,0.0
2026-03-21 19:55:00+00:00,0.0,0.0
2026-03-21 20:00:00+00:00,0.0,0.0
2026-03-21 20:05:00+00:00,0.0,0.0
2026-03-21 20:10:00+00:00,0.0,0.0
2026-03-21 20:15:00+00:00,0.0,0.0
2026-03-21 20:20:00+00:00,0.0,0.0
2026-03-21 20:25:00+00:00,0.0,0.0
2026-03-21 20:30:00+00:00,0.0,0.0
2026-03-21 20:35:00+00:00,0.0,0.0
2026-03-21 20:40:00+00:00,0.0,0.0
2026-03-21 20:45:00+00:00,0.0,0.0
2026-03-21 20:50:00+00:00,0.0,0.0
2026-03-21 20:55:00+00:00,0.0,0.0
2026-03-21 21:00:00+00:00,0.0,0.0
2026-03-21 21:05:00+00:00,0.0,0.0
2026-03-21 21:10:00+00:00,0.0,0.0
2026-03-21 21:15:00+00:00,0.0,0.0
2026-03-21 21:20:00+00:00,0.0,0.0
2026-03-21 21:25:00+00:00,0.0,0.0
2026-03-21 21:30:00+00:00,0.0,0.0
2026-03-21 21:35:00+00:00,0.0,0.0
2026-03-21 21:40:00+00:00,0.0,0.0
2026-03-21 21:45:00+00:00,0.0,0.0
2026-03-21 21:50:00+00:00,0.0,0.0
2026-03-21 21:55:00+00:00,0.0,0.0
2026-03-21 22:00:00+00:00,0.0,0.0
2026-03-21 22:05:00+00:00,0.0,0.0
2026-03-21 22:10:00+00:00,0.0,0.0
2026-03-21 22:15:00+00:00,0.0,0.0
2026-03-21 22:20:00+00:00,0.0,0.0
2026-03-21 22:25:00+00:00,0.0,0.0
2026-03-21 22:30:00+00:00,0.0,0.0
2026-03-21 22:35:00+00:00,0.0,0.0
2026-03-21 22:40:00+00:00,0.0,0.0
2026-03-21 22:45:00+00:00,0.0,0.0
2026-03-21 22:50:00+00:00,0.0,0.0
2026-03-21 22:55:00+00:00,0.0,0.0
2026-03-21 23:00:00+00:00,0.0,0.0
2026-03-21 23:05:00+00:00,0.0,0.0
2026-03-21 23:10:00+00:00,0.0,0.0
2026-03-21 23:15:00+00:00,0.0,0.0
2026-03-21 23:20:00+00:00,0.0,0.0
2026-03-21 23:25:00+00:00,0.0,0.0
2026-03-21 23:30:00+00:00,0.0,0.0
2026-03-21 23:35:00+00:00,0.0,0.0
2026-03-21 23:40:00+00:00,0.0,0.0
2026-03-21 23:45:00+00:00,0.0,0.0
2026-03-21 23:50:00+00:00,0.0,0.0
2026-03-21 23:55:00+00:00,0.0,0.0
2026-03-22 00:00:00+00:00,0.0,0.0
2026-03-22 00:05:00+00:00,0.0,0.0
2026-03-22 00:10:00+00:00,0.0,0.0
2026-03-22 00:15:00+00:00,0.0,0.0
2026-03-22 00:20:00+00:00,0.0,0.0
2026-03-22 00:25:00+00:00,0.0,0.0
2026-03-22 00:30:00+00:00,0.0,0.0
2026-03-22 00:35:00+00:00,0.0,0.0
2026-03-22 00:40:00+00:00,0.0,0.0
2026-03-22 00:45:00+00:00,0.0,0.0
2026-03-22 00:50:00+00:00,0.0,0.0
2026-03-22 00:55:00+00:00,0.0,0.0
2026-03-22 01:00:00+00:00,0.0,0.0
2026-03-22 01:05:00+00:00,0.0,0.0
2026-03-22 01:10:00+00:00,0.0,0.0
2026-03-22 01:15:00+00:00,0.0,0.0
2026-03-22 01:20:00+00:00,0.0,0.0
2026-03-22 01:25:00+00:00,0.0,0.0
2026-03-22 01:30:00+00:00,0.0,0.0
2026-03-22 01:35:00+00:00,0.0,0.0
2026-03-22 01:40:00+00:00,0.0,0.0
2026-03-22 01:45:00+00:00,0.0,0.0
2026-03-22 01:50:00+00:00,0.0,0.0
2026-03-22 01:55:00+00:00,0.0,0.0
2026-03-22 02:00:00+00:00,0.0,0.0
2026-03-22 02:05:00+00:00,0.0,0.0
2026-03-22 02:10:00+00:00,0.0,0.0
2026-03-22 02:15:00+00:00,0.0,0.0
2026-03-22 02:20:00+00:00,0.0,0.0
2026-03-22 02:25:00+00:00,0.0,0.0
2026-03-22 02:30:00+00:00,0.0,0.0
2026-03-22 02:35:00+00:00,0.0,0.0
2026-03-22 02:40:00+00:00,0.0,0.0
2026-03-22 02:45:00+00:00,0.0,0.0
2026-03-22 02:50:00+00:00,0.0,0.0
2026-03-22 02:55:00+00:00,0.0,0.0
2026-03-22 03:00:00+00:00,0.0,0.0
2026-03-22 03:05:00+00:00,0.0,0.0
2026-03-22 03:10:00+00:00,0.0,0.0
2026-03-22 03:15:00+00:00,0.0,0.0
2026-03-22 03:20:00+00:00,0.0,0.0
2026-03-22 03:25:00+00:00,0.0,0.0
2026-03-22 03:30:00+00:00,0.0,0.0
2026-03-22 03:35:00+00:00,0.0,0.0
2026-03-22 03:40:00+00:00,0.0,0.0
2026-03-22 03:45:00+00:00,0.0,0.0
2026-03-22 03:50:00+00:00,0.0,0.0
2026-03-22 03:55:00+00:00,0.0,0.0
2026-03-22 04:00:00+00:00,0.0,0.0
2026-03-22 04:05:00+00:00,0.0,0.0
2026-03-22 04:10:00+00:00,0.0,0.0
2026-03-22 04:15:00+00:00,0.0,0.0
2026-03-22 04:20:00+00:00,0.0,0.0
2026-03-22 04:25:00+00:00,0.0,0.0
2026-03-22 04:30:00+00:00,0.0,0.0
2026-03-22 04:35:00+00:00,0.0,0.0
2026-03-22 04:40:00+00:00,0.0,0.0
2026-03-22 04:45:00+00:00,0.0,0.0
2026-03-22 04:50:00+00:00,0.0,0.0
2026-03-22 04:55:00+00:00,0.0,0.0
2026-03-22 05:00:00+00:00,0.0,0.0
2026-03-22 05:05:00+00:00,0.0,0.0
2026-03-22 05:10:00+00:00,0.0,0.0
2026-03-22 05:15:00+00:00,0.0,0.0
2026-03-22 05:20:00+00:00,0.0,0.0
2026-03-22 05:25:00+00:00,0.0,0.0
2026-03-22 05:30:00+00:00,0.0,0.0
2026-03-22 05:35:00+00:00,0.0,0.0
2026-03-22 05:40:00+00:00,0.0,0.0
2026-03-22 05:45:00+00:00,0.0,0.0
2026-03-22 05:50:00+00:00,0.0,0.0
2026-03-22 05:55:00+00:00,0.0,0.0
2026-03-22 06:00:00+00:00,0.0,0.0
2026-03-22 06:05:00+00:00,0.0,0.0
2026-03-22 06:10:00+00:00,0.0,0.0
2026-03-22 06:15:00+00:00,0.0,0.0
2026-03-22 06:20:00+00:00,0.0,0.0
2026-03-22 06:25:00+00:00,0.0,0.0
2026-03-22 06:30:00+00:00,0.0,0.0
2026-03-22 06:35:00+00:00,0.0,0.0
2026-03-22 06:40:00+00:00,0.0,0.0
2026-03-22 06:45:00+00:00,0.0,0.0
2026-03-22 06:50:00+00:00,0.0,0.0
2026-03-22 06:55:00+00:00,0.0,0.0
2026-03-22 07:00:00+00:00,0.0,0.0
2026-03-22 07:05:00+00:00,0.0,0.0
2026-03-22 07:10:00+00:00,0.0,0.0
2026-03-22 07:15:00+00:00,0.0,0.0
2026-03-22 07:20:00+00:00,0.0,0.0
2026-03-22 07:25:00+00:00,0.0,0.0
2026-03-22 07:30:00+00:00,0.0,0.0
2026-03-22 07:35:00+00:00,0.0,0.0
2026-03-22 07:40:00+00:00,0.0,0.0
2026-03-22 07:45:00+00:00,0.0,0.0
2026-03-22 07:50:00+00:00,0.0,0.0
2026-03-22 07:55:00+00:00,0.0,0.0
2026-03-22 08:00:00+00:00,0.0,0.0
2026-03-22 08:05:00+00:00,0.0,0.0
2026-03-22 08:10:00+00:00,0.0,0.0
2026-03-22 08:15:00+00:00,0.0,0.0
2026-03-22 08:20:00+00:00,0.0,0.0
2026-03-22 08:25:00+00:00,0.0,0.0
2026-03-22 08:30:00+00:00,0.0,0.0
2026-03-22 08:35:00+00:00,0.0,0.0
2026-03-22 08:40:00+00:00,0.0,0.0
2026-03-22 08:45:00+00:00,0.0,0.0
2026-03-22 08:50:00+00:00,0.0,0.0
2026-03-22 08:55:00+00:00,0.0,0.0
2026-03-22 09:00:00+00:00,0.0,0.0
2026-03-22 09:05:00+00:00,0.0,0.0
2026-03-22 09:10:00+00:00,0.0,0.0
2026-03-22 09:15:00+00:00,0.0,0.0
2026-03-22 09:20:00+00:00,0.0,0.0
2026-03-22 09:25:00+00:00,0.0,0.0
2026-03-22 09:30:00+00:00,0.0,0.0
2026-03-22 09:35:00+00:00,0.0,0.0
2026-03-22 09:40:00+00:00,0.0,0.0
2026-03-22 09:45:00+00:00,0.0,0.0
2026-03-22 09:50:00+00:00,0.0,0.0
2026-03-22 09:55:00+00:00,0.0,0.0
2026-03-22 10:00:00+00:00,0.0,0.0
2026-03-22 10:05:00+00:00,0.0,0.0
2026-03-22 10:10:00+00:00,0.0,0.0
2026-03-22 10:15:00+00:00,0.0,0.0
2026-03-22 10:20:00+00:00,0.0,0.0
2026-03-22 10:25:00+00:00,0.0,0.0
2026-03-22 10:30:00+00:00,0.0,0.0
2026-03-22 10:35:00+00:00,0.0,0.0
2026-03-22 10:40:00+00:00,0.0,0.0
2026-03-22 10:45:00+00:00,0.0,0.0
2026-03-22 10:50:00+00:00,0.0,0.0
2026-03-22 10:55:00+00:00,0.0,0.0
2026-03-22 11:00:00+00:00,0.0,0.0
2026-03-22 11:05:00+00:00,0.0,0.0
2026-03-22 11:10:00+00:00,0.0,0.0
2026-03-22 11:15:00+00:00,0.0,0.0
2026-03-22 11:20:00+00:00,0.0,0.0
2026-03-22 11:25:00+00:00,0.0,0.0
2026-03-22 11:30:00+00:00,0.0,0.0
2026-03-22 11:35:00+00:00,0.0,0.0
2026-03-22 11:40:00+00:00,0.0,0.0
2026-03-22 11:45:00+00:00,0.0,0.0
2026-03-22 11:50:00+00:00,0.0,0.0
2026-03-22 11:55:00+00:00,0.0,0.0
2026-03-22 12:00:00+00:00,0.0,0.0
2026-03-22 12:05:00+00:00,0.0,0.0
2026-03-22 12:10:00+00:00,0.0,0.0
2026-03-22 12:15:00+00:00,0.0,0.0
2026-03-22 12:20:00+00:00,0.0,0.0
2026-03-22 12:25:00+00:00,0.0,0.0
2026-03-22 12:30:00+00:00,0.0,0.0
2026-03-22 12:35:00+00:00,0.0,0.0
2026-03-22 12:40:00+00:00,0.0,0.0
2026-03-22 12:45:00+00:00,0.0,0.0
2026-03-22 12:50:00+00:00,0.0,0.0
2026-03-22 12:55:00+00:00,0.0,0.0
2026-03-22 13:00:00+00:00,0.0,0.0
2026-03-22 13:05:00+00:00,0.0,0.0
2026-03-22 13:10:00+00:00,0.0,0.0
2026-03-22 13:15:00+00:00,0.0,0.0
2026-03-22 13:20:00+00:00,0.0,0.0
2026-03-22 13:25:00+00:00,0.0,0.0
2026-03-22 13:30:00+00:00,0.0,0.0
2026-03-22 13:35:00+00:00,0.0,0.0
2026-03-22 13:40:00+00:00,0.0,0.0
2026-03-22 13:45:00+00:00,0.0,0.0
2026-03-22 13:50:00+00:00,0.0,0.0
2026-03-22 13:55:00+00:00,0.0,0.0
2026-03-22 14:00:00+00:00,0.0,0.0
2026-03-22 14:05:00+00:00,0.0,0.0
2026-03-22 14:10:00+00:00,0.0,0.0
2026-03-22 14:15:00+00:00,0.0,0.0
2026-03-22 14:20:00+00:00,0.0,0.0
2026-03-22 14:25:00+00:00,0.0,0.0
2026-03-22 14:30:00+00:00,0.0,0.0
2026-03-22 14:35:00+00:00,0.0,0.0
2026-03-22 14:40:00+00:00,0.0,0.0
2026-03-22 14:45:00+00:00,0.0,0.0
2026-03-22 14:50:00+00:00,0.0,0.0
2026-03-22 14:55:00+00:00,0.0,0.0
2026-03-22 15:00:00+00:00,0.0,0.0
2026-03-22 15:05:00+00:00,0.0,0.0
2026-03-22 15:10:00+00:00,0.0,0.0
2026-03-22 15:15:00+00:00,0.0,0.0
2026-03-22 15:20:00+00:00,0.0,0.0
2026-03-22 15:25:00+00:00,0.0,0.0
2026-03-22 15:30:00+00:00,0.0,0.0
2026-03-22 15:35:00+00:00,0.0,0.0
2026-03-22 15:40:00+00:00,0.0,0.0
2026-03-22 15:45:00+00:00,0.0,0.0
2026-03-22 15:50:00+00:00,0.0,0.0
2026-03-22 15:55:00+00:00,0.0,0.0
2026-03-22 16:00:00+00:00,0.0,0.0
2026-03-22 16:05:00+00:00,0.0,0.0
2026-03-22 16:10:00+00:00,0.0,0.0
2026-03-22 16:15:00+00:00,0.0,0.0
2026-03-22 16:20:00+00:00,0.0,0.0
2026-03-22 16:25:00+00:00,0.0,0.0
2026-03-22 16:30:00+00:00,0.0,0.0
2026-03-22 16:35:00+00:00,0.0,0.0
2026-03-22 16:40:00+00:00,0.0,0.0
2026-03-22 16:45:00+00:00,0.0,0.0
2026-03-22 16:50:00+00:00,0.0,0.0
2026-03-22 16:55:00+00:00,0.0,0.0
2026-03-22 17:00:00+00:00,0.0,0.0
2026-03-22 17:05:00+00:00,0.0,0.0
2026-03-22 17:10:00+00:00,0.0,0.0
2026-03-22 17:15:00+00:00,0.0,0.0
2026-03-22 17:20:00+00:00,0.0,0.0
2026-03-22 17:25:00+00:00,0.0,0.0
2026-03-22 17:30:00+00:00,0.0,0.0
2026-03-22 17:35:00+00:00,0.0,0.0
2026-03-22 17:40:00+00:00,0.0,0.0
2026-03-22 17:45:00+00:00,0.0,0.0
2026-03-22 17:50:00+00:00,0.0,0.0
2026-03-22 17:55:00+00:00,0.0,0.0
2026-03-22 18:00:00+00:00,0.0,0.0
2026-03-22 18:05:00+00:00,0.0,0.0
2026-03-22 18:10:00+00:00,0.0,0.0
2026-03-22 18:15:00+00:00,0.0,0.0
2026-03-22 18:20:00+00:00,0.0,0.0
2026-03-22 18:25:00+00:00,0.0,0.0
2026-03-22 18:30:00+00:00,0.0,0.0
2026-03-22 18:35:00+00:00,0.0,0.0
2026-03-22 18:40:00+00:00,0.0,0.0
2026-03-22 18:45:00+00:00,0.0,0.0
2026-03-22 18:50:00+00:00,0.0,0.0
2026-03-22 18:55:00+00:00,0.0,0.0
2026-03-22 19:00:00+00:00,0.0,0.0
2026-03-22 19:05:00+00:00,0.0,0.0
2026-03-22 19:10:00+00:00,0.0,0.0
2026-03-22 19:15:00+00:00,0.0,0.0
2026-03-22 19:20:00+00:00,0.0,0.0
2026-03-22 19:25:00+00:00,0.0,0.0
2026-03-22 19:30:00+00:00,0.0,0.0
2026-03-22 19:35:00+00:00,0.0,0.0
2026-03-22 19:40:00+00:00,0.0,0.0
2026-03-22 19:45:00+00:00,0.0,0.0
2026-03-22 19:50:00+00:00,0.0,0.0
2026-03-22 19:55:00+00:00,0.0,0.0
2026-03-22 20:00:00+00:00,0.0,0.0
2026-03-22 20:05:00+00:00,0.0,0.0
2026-03-22 20:10:00+00:00,0.0,0.0
2026-03-22 20:15:00+00:00,0.0,0.0
2026-03-22 20:20:00+00:00,0.0,0.0
2026-03-22 20:25:00+00:00,0.0,0.0
2026-03-22 20:30:00+00:00,0.0,0.0
2026-03-22 20:35:00+00:00,0.0,0.0
2026-03-22 20:40:00+00:00,0.0,0.0
2026-03-22 20:45:00+00:00,0.0,0.0
2026-03-22 20:50:00+00:00,0.0,0.0
2026-03-22 20:55:00+00:00,0.0,0.0
2026-03-22 21:00:00+00:00,0.0,0.0
2026-03-22 21:05:00+00:00,0.0,0.0
2026-03-22 21:10:00+00:00,0.0,0.0
2026-03-22 21:15:00+00:00,0.0,0.0
2026-03-22 21:20:00+00:00,0.0,0.0
2026-03-22 21:25:00+00:00,0.0,0.0
2026-03-22 21:30:00+00:00,0.0,0.0
2026-03-22 21:35:00+00:00,0.0,0.0
2026-03-22 21:40:00+00:00,0.0,0.0
2026-03-22 21:45:00+00:00,0.0,0.0
2026-03-22 21:50:00+00:00,0.0,0.0
2026-03-22 21:55:00+00:00,0.0,0.0
2026-03-22 22:00:00+00:00,0.0,0.0
2026-03-22 22:05:00+00:00,0.0,0.0
2026-03-22 22:10:00+00:00,0.0,0.0
2026-03-22 22:15:00+00:00,0.0,0.0
2026-03-22 22:20:00+00:00,0.0,0.0
2026-03-22 22:25:00+00:00,0.0,0.0
2026-03-22 22:30:00+00:00,0.0,0.0
2026-03-22 22:35:00+00:00,0.0,0.0
2026-03-22 22:40:00+00:00,0.0,0.0
2026-03-22 22:45:00+00:00,0.0,0.0
2026-03-22 22:50:00+00:00,0.0,0.0
2026-03-22 22:55:00+00:00,0.0,0.0
2026-03-22 23:00:00+00:00,0.0,0.0
2026-03-22 23:05:00+00:00,0.0,0.0
2026-03-22 23:10:00+00:00,0.0,0.0
2026-03-22 23:15:00+00:00,0.0,0.0
2026-03-22 23:20:00+00:00,0.0,0.0
2026-03-22 23:25:00+00:00,0.0,0.0
2026-03-22 23:30:00+00:00,0.0,0.0
2026-03-22 23:35:00+00:00,0.0,0.0
2026-03-22 23:40:00+00:00,0.0,0.0
2026-03-22 23:45:00+00:00,0.0,0.0
2026-03-22 23:50:00+00:00,0.0,0.0
2026-03-22 23:55:00+00:00,0.0,0.0
2026-03-23 00:00:00+00:00,0.0,0.0
2026-03-23 00:05:00+00:00,0.0,0.0
2026-03-23 00:10:00+00:00,0.0,0.0
2026-03-23 00:15:00+00:00,0.0,0.0
2026-03-23 00:20:00+00:00,0.0,0.0
2026-03-23 00:25:00+00:00,0.0,0.0
2026-03-23 00:30:00+00:00,0.0,0.0
2026-03-23 00:35:00+00:00,0.0,0.0
2026-03-23 00:40:00+00:00,0.0,0.0
2026-03-23 00:45:00+00:00,0.0,0.0
2026-03-23 00:50:00+00:00,0.0,0.0
2026-03-23 00:55:00+00:00,0.0,0.0
2026-03-23 01:00:00+00:00,0.0,0.0
2026-03-23 01:05:00+00:00,0.0,0.0
2026-03-23 01:10:00+00:00,0.0,0.0
2026-03-23 01:15:00+00:00,0.0,0.0
2026-03-23 01:20:00+00:00,0.0,0.0
2026-03-23 01:25:00+00:00,0.0,0.0
2026-03-23 01:30:00+00:00,0.0,0.0
2026-03-23 01:35:00+00:00,0.0,0.0
2026-03-23 01:40:00+00:00,0.0,0.0
2026-03-23 01:45:00+00:00,0.0,0.0
2026-03-23 01:50:00+00:00,0.0,0.0
2026-03-23 01:55:00+00:00,0.0,0.0
2026-03-23 02:00:00+00:00,0.0,0.0
2026-03-23 02:05:00+00:00,0.0,0.0
2026-03-23 02:10:00+00:00,0.0,0.0
2026-03-23 02:15:00+00:00,0.0,0.0
2026-03-23 02:20:00+00:00,0.0,0.0
2026-03-23 02:25:00+00:00,0.0,0.0
2026-03-23 02:30:00+00:00,0.0,0.0
2026-03-23 02:35:00+00:00,0.0,0.0
2026-03-23 02:40:00+00:00,0.0,0.0
2026-03-23 02:45:00+00:00,0.0,0.0
2026-03-23 02:50:00+00:00,0.0,0.0
2026-03-23 02:55:00+00:00,0.0,0.0
2026-03-23 03:00:00+00:00,0.0,0.0
2026-03-23 03:05:00+00:00,0.0,0.0
2026-03-23 03:10:00+00:00,0.0,0.0
2026-03-23 03:15:00+00:00,0.0,0.0
2026-03-23 03:20:00+00:00,0.0,0.0
2026-03-23 03:25:00+00:00,0.0,0.0
2026-03-23 03:30:00+00:00,0.0,0.0
2026-03-23 03:35:00+00:00,0.0,0.0
2026-03-23 03:40:00+00:00,0.0,0.0
2026-03-23 03:45:00+00:00,0.0,0.0
2026-03-23 03:50:00+00:00,0.0,0.0
2026-03-23 03:55:00+00:00,0.0,0.0
2026-03-23 04:00:00+00:00,0.0,0.0
2026-03-23 04:05:00+00:00,0.0,0.0
2026-03-23 04:10:00+00:00,0.0,0.0
2026-03-23 04:15:00+00:00,0.0,0.0
2026-03-23 04:20:00+00:00,0.0,0.0
2026-03-23 04:25:00+00:00,0.0,0.0
2026-03-23 04:30:00+00:00,0.0,0.0
2026-03-23 04:35:00+00:00,0.0,0.0
2026-03-23 04:40:00+00:00,0.0,0.0
2026-03-23 04:45:00+00:00,0.0,0.0
2026-03-23 04:50:00+00:00,0.0,0.0
2026-03-23 04:55:00+00:00,0.0,0.0
2026-03-23 05:00:00+00:00,0.0,0.0
2026-03-23 05:05:00+00:00,0.0,0.0
2026-03-23 05:10:00+00:00,0.0,0.0
2026-03-23 05:15:00+00:00,0.0,0.0
2026-03-23 05:20:00+00:00,0.0,0.0
2026-03-23 05:25:00+00:00,0.0,0.0
2026-03-23 05:30:00+00:00,0.0,0.0
2026-03-23 05:35:00+00:00,0.0,0.0
2026-03-23 05:40:00+00:00,0.0,0.0
2026-03-23 05:45:00+00:00,0.0,0.0
2026-03-23 05:50:00+00:00,0.0,0.0
2026-03-23 05:55:00+00:00,0.0,0.0
2026-03-23 06:00:00+00:00,0.0,0.0
2026-03-23 06:05:00+00:00,0.0,0.0
2026-03-23 06:10:00+00:00,0.0,0.0
2026-03-23 06:15:00+00:00,0.0,0.0
2026-03-23 06:20:00+00:00,0.0,0.0
2026-03-23 06:25:00+00:00,0.0,0.0
2026-03-23 06:30:00+00:00,0.0,0.0
2026-03-23 06:35:00+00:00,0.0,0.0
2026-03-23 06:40:00+00:00,0.0,0.0
2026-03-23 06:45:00+00:00,0.0,0.0
2026-03-23 06:50:00+00:00,0.0,0.0
2026-03-23 06:55:00+00:00,0.0,0.0
2026-03-23 07:00:00+00:00,0.0,0.0
2026-03-23 07:05:00+00:00,0.0,0.0
2026-03-23 07:10:00+00:00,0.0,0.0
2026-03-23 07:15:00+00:00,0.0,0.0
2026-03-23 07:20:00+00:00,0.0,0.0
2026-03-23 07:25:00+00:00,0.0,0.0
2026-03-23 07:30:00+00:00,0.0,0.0
2026-03-23 07:35:00+00:00,0.0,0.0
2026-03-23 07:40:00+00:00,0.0,0.0
2026-03-23 07:45:00+00:00,0.0,0.0
2026-03-23 07:50:00+00:00,0.0,0.0
2026-03-23 07:55:00+00:00,0.0,0.0
2026-03-23 08:00:00+00:00,0.0,0.0
2026-03-23 08:05:00+00:00,0.0,0.0
2026-03-23 08:10:00+00:00,0.0,0.0
2026-03-23 08:15:00+00:00,0.0,0.0
2026-03-23 08:20:00+00:00,0.0,0.0
2026-03-23 08:25:00+00:00,0.0,0.0
2026-03-23 08:30:00+00:00,0.0,0.0
2026-03-23 08:35:00+00:00,0.0,0.0
2026-03-23 08:40:00+00:00,0.0,0.0
2026-03-23 08:45:00+00:00,0.0,0.0
2026-03-23 08:50:00+00:00,0.8070175438596491,0.0
2026-03-23 08:55:00+00:00,70.33333333333334,48.0
2026-03-23 09:00:00+00:00,-7.789473684210527,-4.333333333333336
2026-03-23 09:05:00+00:00,2.8070175438596507,13.333333333333336
2026-03-23 09:10:00+00:00,-9.508771929824569,-12.666666666666664
2026-03-23 09:15:00+00:00,-9.578947368421048,-14.666666666666668
2026-03-23 09:20:00+00:00,-19.80701754385965,9.666666666666668
2026-03-23 09:25:00+00:00,-11.982456140350877,-24.66666666666667
2026-03-23 09:30:00+00:00,3.4951603145795502,-3.666666666666666
2026-03-23 09:35:00+00:00,0.586206896551726,-6.0
2026-03-23 09:40:00+00:00,26.86206896551724,21.666666666666668
2026-03-23 09:45:00+00:00,11.206896551724135,11.666666666666668
2026-03-23 09:50:00+00:00,0.1621858562244327,0.3333333333333286
2026-03-23 09:55:00+00:00,-25.305084745762716,-5.666666666666664
2026-03-23 10:00:00+00:00,1.8644067796610173,-19.666666666666664
2026-03-23 10:05:00+00:00,13.3728813559322,16.333333333333336
2026-03-23 10:10:00+00:00,-2.694915254237287,11.999999999999996
2026-03-23 10:15:00+00:00,-0.2711864406779654,-12.999999999999996
2026-03-23 10:20:00+00:00,-12.305084745762713,-9.333333333333336
2026-03-23 10:25:00+00:00,14.610169491525426,5.333333333333336
2026-03-23 10:30:00+00:00,9.16949152542373,10.333333333333332
2026-03-23 10:35:00+00:00,-5.9661016949152526,-11.0
2026-03-23 10:40:00+00:00,0.6271186440677923,-1.333333333333332
2026-03-23 10:45:00+00:00,-14.322033898305088,0.0
2026-03-23 10:50:00+00:00,-2.966101694915253,-2.0
2026-03-23 10:55:00+00:00,-19.322033898305083,-17.666666666666668
2026-03-23 11:00:00+00:00,4.5593220338983045,5.333333333333334
2026-03-23 11:05:00+00:00,21.52542372881356,12.999999999999998
2026-03-23 11:10:00+00:00,13.186440677966104,-4.0
2026-03-23 11:15:00+00:00,6.169491525423723,19.666666666666668
2026-03-23 11:20:00+00:00,-11.075423728813554,6.333333333333336
2026-03-23 11:25:00+00:00,-16.28333333333334,-26.333333333333336
2026-03-23 11:30:00+00:00,17.1,27.666666666666664
2026-03-23 11:35:00+00:00,-8.549999999999997,-12.0
2026-03-23 11:40:00+00:00,27.03333333333333,10.0
2026-03-23 11:45:00+00:00,-6.033333333333331,-0.6666666666666643
2026-03-23 11:50:00+00:00,-3.433333333333337,13.333333333333336
2026-03-23 11:55:00+00:00,3.6000000000000014,8.333333333333329
2026-03-23 12:00:00+00:00,-18.3,-30.0
2026-03-23 12:05:00+00:00,36.24999999999999,18.333333333333336
2026-03-23 12:10:00+00:00,-8.433333333333323,18.0
2026-03-23 12:15:00+00:00,-4.983333333333334,-7.0
2026-03-23 12:20:00+00:00,-20.750000000000007,-8.0
2026-03-23 12:25:00+00:00,-23.98333333333333,-44.0
2026-03-23 12:30:00+00:00,14.099999999999998,32.333333333333336
2026-03-23 12:35:00+00:00,1.9166666666666716,-6.333333333333336
2026-03-23 12:40:00+00:00,24.08333333333333,-4.666666666666664
2026-03-23 12:45:00+00:00,25.3,60.66666666666666
2026-03-23 12:50:00+00:00,-8.133333333333326,-6.0
2026-03-23 12:55:00+00:00,10.5,32.66666666666667
2026-03-23 13:00:00+00:00,-22.766666666666666,-64.33333333333334
2026-03-23 13:05:00+00:00,7.233333333333334,8.333333333333329
2026-03-23 13:10:00+00:00,27.05,31.000000000000007
2026-03-23 13:15:00+00:00,-16.46666666666667,-10.666666666666671
2026-03-23 13:20:00+00:00,-12.650000000000006,-0.6666666666666714
2026-03-23 13:25:00+00:00,-36.85,-34.666666666666664
2026-03-23 13:30:00+00:00,6.5,-14.416666666666664
2026-03-23 13:35:00+00:00,48.91666666666667,26.0
2026-03-23 13:40:00+00:00,6.199999999999989,16.0
2026-03-23 13:45:00+00:00,-1.4666666666666544,4.75
2026-03-23 13:50:00+00:00,-39.66666666666667,-44.75
2026-03-23 13:55:00+00:00,-3.183333333333337,15.25
2026-03-23 14:00:00+00:00,4.5,6.25
2026-03-23 14:05:00+00:00,31.5,19.75
2026-03-23 14:10:00+00:00,-9.766666666666666,-22.0
2026-03-23 14:15:00+00:00,0.6500000000000057,3.5
2026-03-23 14:20:00+00:00,3.7666666666666657,27.75
2026-03-23 14:25:00+00:00,-1.3666666666666742,-18.75
2026-03-23 14:30:00+00:00,-3.549999999999997,3.5
2026-03-23 14:35:00+00:00,-16.15197740112994,-29.75
2026-03-23 14:40:00+00:00,3.355932203389827,-3.25
2026-03-23 14:45:00+00:00,-10.457627118644062,4.25
2026-03-23 14:50:00+00:00,28.508474576271176,0.0
2026-03-23 14:55:00+00:00,22.01694915254238,37.75
2026-03-23 15:00:00+00:00,-4.271186440677965,5.0
2026-03-23 15:05:00+00:00,-25.55932203389831,-34.25
2026-03-23 15:10:00+00:00,27.83050847457628,9.75
2026-03-23 15:15:00+00:00,-21.01694915254238,3.25
2026-03-23 15:20:00+00:00,-40.42372881355932,-23.75
2026-03-23 15:25:00+00:00,33.50847457627119,19.0
2026-03-23 15:30:00+00:00,-2.949152542372886,-16.5
2026-03-23 15:35:00+00:00,8.711864406779668,4.25
2026-03-23 15:40:00+00:00,14.084745762711862,55.5
2026-03-23 15:45:00+00:00,-2.7288135593220346,-34.75
2026-03-23 15:50:00+00:00,-13.118644067796607,15.0
2026-03-23 15:55:00+00:00,-18.2542372881356,-26.0
2026-03-23 16:00:00+00:00,-15.576271186440678,-21.25
2026-03-23 16:05:00+00:00,11.813559322033903,24.75
2026-03-23 16:10:00+00:00,-0.1864406779661038,-16.0
2026-03-23 16:15:00+00:00,-0.6779661016949134,-6.25
2026-03-23 16:20:00+00:00,2.423728813559322,19.5
2026-03-23 16:25:00+00:00,15.830508474576265,13.5
2026-03-23 16:30:00+00:00,2.525423728813564,-15.5
2026-03-23 16:35:00+00:00,-16.271186440677965,7.75
2026-03-23 16:40:00+00:00,21.44067796610169,9.0
2026-03-23 16:45:00+00:00,-14.389830508474574,3.0
2026-03-23 16:50:00+00:00,1.3728813559322075,-12.75
2026-03-23 16:55:00+00:00,-1.0847457627118615,-6.5
2026-03-23 17:00:00+00:00,-6.576271186440678,24.75
2026-03-23 17:05:00+00:00,26.42372881355932,-15.0
2026-03-23 17:10:00+00:00,-4.305084745762713,-0.25
2026-03-23 17:15:00+00:00,-12.440677966101704,23.75
2026-03-23 17:20:00+00:00,-12.305084745762706,-15.5
2026-03-23 17:25:00+00:00,-19.610169491525426,-47.25
2026-03-23 17:30:00+00:00,-2.084745762711861,17.0
2026-03-23 17:35:00+00:00,5.508474576271183,3.5
2026-03-23 17:40:00+00:00,11.864406779661016,-10.75
2026-03-23 17:45:00+00:00,8.949152542372886,15.5
2026-03-23 17:50:00+00:00,-6.593220338983052,9.5
2026-03-23 17:55:00+00:00,0.3898305084745743,-22.25
2026-03-23 18:00:00+00:00,-2.805223673242565,23.5
2026-03-23 18:05:00+00:00,7.918032786885242,-20.75
2026-03-23 18:10:00+00:00,4.377049180327873,13.75
2026-03-23 18:15:00+00:00,11.0,9.0
2026-03-23 18:20:00+00:00,-7.06557377049181,3.0
2026-03-23 18:25:00+00:00,-17.26229508196721,-8.5
2026-03-23 18:30:00+00:00,-17.640666314119514,-26.25
2026-03-23 18:35:00+00:00,8.258064516129032,1.25
2026-03-23 18:40:00+00:00,6.274193548387096,5.75
2026-03-23 18:45:00+00:00,20.822580645161292,19.5
2026-03-23 18:50:00+00:00,-1.8064516129032315,-4.5
2026-03-23 18:55:00+00:00,-24.08064516129032,10.5
2026-03-23 19:00:00+00:00,-12.7547363031234,-34.75
2026-03-23 19:05:00+00:00,10.587301587301589,5.0
2026-03-23 19:10:00+00:00,-5.841269841269842,4.75
2026-03-23 19:15:00+00:00,-7.554834054834053,-10.166666666666668
2026-03-23 19:20:00+00:00,36.89393939393939,69.0
2026-03-23 19:25:00+00:00,-7.0151515151515085,36.66666666666667
2026-03-23 19:30:00+00:00,1.6666666666666643,-59.33333333333333
2026-03-23 19:35:00+00:00,-0.6212121212121247,34.33333333333333
2026-03-23 19:40:00+00:00,-2.924242424242422,-18.66666666666667
2026-03-23 19:45:00+00:00,-18.196969696969692,-8.333333333333329
2026-03-23 19:50:00+00:00,-2.212121212121211,-12.666666666666671
2026-03-23 19:55:00+00:00,-4.924242424242429,-24.33333333333333
2026-03-23 20:00:00+00:00,4.257575757575758,3.333333333333336
2026-03-23 20:05:00+00:00,19.939393939393945,31.333333333333336
2026-03-23 20:10:00+00:00,-5.727272727272727,6.666666666666657
2026-03-23 20:15:00+00:00,-13.81818181818182,-36.66666666666666
2026-03-23 20:20:00+00:00,-20.51515151515152,-26.33333333333333
2026-03-23 20:25:00+00:00,14.030303030303028,20.33333333333333
2026-03-23 20:30:00+00:00,-2.5757575757575744,-3.3333333333333286
2026-03-23 20:35:00+00:00,7.393939393939391,-17.000000000000004
2026-03-23 20:40:00+00:00,9.45454545454546,76.0
2026-03-23 20:45:00+00:00,7.818181818181813,-23.0
2026-03-23 20:50:00+00:00,-25.5,7.0
2026-03-23 20:55:00+00:00,0.8181818181818166,-36.83333333333333
2026-03-23 21:00:00+00:00,6.951831750339217,22.25
2026-03-23 21:05:00+00:00,-6.940298507462689,-10.75
2026-03-23 21:10:00+00:00,3.5406057945566296,12.25
2026-03-23 21:15:00+00:00,16.79411764705882,25.25
2026-03-23 21:20:00+00:00,-4.834398976982094,-8.5
2026-03-23 21:25:00+00:00,9.31884057971014,-36.75
2026-03-23 21:30:00+00:00,-9.415113871635604,1.5
2026-03-23 21:35:00+00:00,-10.017857142857146,-1.5
2026-03-23 21:40:00+00:00,-1.5839041095890425,4.25
2026-03-23 21:45:00+00:00,-1.5890410958904084,3.833333333333336
2026-03-23 21:50:00+00:00,-4.4246575342465775,-8.0
2026-03-23 21:55:00+00:00,-2.5616438356164366,-4.0
2026-03-23 22:00:00+00:00,4.945205479452053,-1.3333333333333357
2026-03-23 22:05:00+00:00,2.657534246575345,-6.0
2026-03-23 22:10:00+00:00,2.6301369863013697,-0.75
2026-03-23 22:15:00+00:00,8.643835616438352,40.5
2026-03-23 22:20:00+00:00,-5.397260273972599,-7.0
2026-03-23 22:25:00+00:00,2.6358756016290243,8.75
2026-03-23 22:30:00+00:00,8.103850425768236,-1.75
2026-03-23 22:35:00+00:00,-6.082191780821923,9.5
2026-03-23 22:40:00+00:00,-4.534246575342465,-20.25
2026-03-23 22:45:00+00:00,9.539614957423176,22.75
2026-03-23 22:50:00+00:00,-3.391891891891888,-10.5
2026-03-23 22:55:00+00:00,-3.4729729729729755,-7.75
2026-03-23 23:00:00+00:00,3.396291640477685,-4.5
2026-03-23 23:05:00+00:00,-25.357925688318627,23.5
2026-03-23 23:10:00+00:00,22.02298850574713,-10.25
