timestep,S,V,target_S,target_V,pred_target_S,pred_target_V
2026-03-07 02:40:00+00:00,5114.0,750.0,-481.0,750.0,559.5008345702349,-115.59452771323893
2026-03-07 02:45:00+00:00,4691.0,1530.0,-423.0,780.0,449.20155179216465,-228.88579789249314
2026-03-07 02:50:00+00:00,4036.0,4060.0,-655.0,2530.0,224.75290166240333,-517.6583410216354
2026-03-07 02:55:00+00:00,4037.0,4942.0,1.0,882.0,174.72698286458703,-585.7595792039983
2026-03-07 03:00:00+00:00,4502.0,7333.0,465.0,2391.0,57.841159605322815,-674.3766769692958
2026-03-07 03:05:00+00:00,4292.0,10913.0,-210.0,3580.0,-167.20249524098446,-613.3449170319413
2026-03-07 03:10:00+00:00,4737.0,11157.0,445.0,244.0,-186.78190965608778,-576.4605631171769
2026-03-07 03:15:00+00:00,4961.0,10185.0,224.0,-972.0,-120.69186992796358,-617.456804640704
2026-03-07 03:20:00+00:00,4632.0,9471.0,-329.0,-714.0,-75.88963665274352,-657.7785098408277
2026-03-07 03:25:00+00:00,4548.0,9276.0,-84.0,-195.0,-64.54385461624078,-666.3473010510763
2026-03-07 03:30:00+00:00,5066.0,9092.0,518.0,-184.0,-42.00709471649556,-648.8063729904477
2026-03-07 03:35:00+00:00,4112.0,9194.0,-954.0,102.0,-65.88562505852131,-686.4772492700301
2026-03-07 03:40:00+00:00,4425.0,7933.0,313.0,-1261.0,17.204405389783457,-683.5729779399024
2026-03-07 03:45:00+00:00,5057.0,7665.0,632.0,-268.0,59.34506239359612,-659.4322764777363
2026-03-07 03:50:00+00:00,5910.0,8169.0,853.0,504.0,57.379632569052525,-628.8085090769906
2026-03-07 03:55:00+00:00,5189.0,8317.0,-721.0,148.0,17.49294085241923,-654.9369892832308
2026-03-07 04:00:00+00:00,3173.0,7830.0,-2016.0,-487.0,-13.457119547409913,-727.6831962642051
2026-03-07 04:05:00+00:00,3423.0,7723.0,250.0,-107.0,-2.007422710409833,-717.3995545889089
2026-03-07 04:10:00+00:00,4431.0,6517.0,1008.0,-1206.0,105.70827587819267,-655.8856119025454
2026-03-07 04:15:00+00:00,8339.0,7704.0,3908.0,1187.0,243.7653632278796,-544.3654976082794
2026-03-07 04:20:00+00:00,5518.0,6407.0,-2821.0,-1297.0,177.83228043896347,-620.2547310798113
2026-03-07 04:25:00+00:00,5868.0,6783.0,350.0,376.0,170.0202661351234,-619.7275540931779
2026-03-07 04:30:00+00:00,5171.0,7627.0,-697.0,844.0,67.0775398072839,-655.1662977498297
2026-03-07 04:35:00+00:00,4989.0,6199.0,-182.0,-1428.0,159.36903631412517,-628.2653240879765
2026-03-07 04:40:00+00:00,5175.0,11438.0,186.0,5239.0,-210.30106071633037,-535.124534942925
2026-03-07 04:45:00+00:00,5986.0,12775.0,811.0,1337.0,-327.31581054160426,-375.00208012903965
2026-03-07 04:50:00+00:00,5641.0,12916.0,-345.0,141.0,-330.8658640323915,-380.7622943540746
2026-03-07 04:55:00+00:00,5169.0,12756.0,-472.0,-160.0,-306.1262987824887,-424.4754401296782
2026-03-07 05:00:00+00:00,3161.0,12166.0,-2008.0,-590.0,-206.63853411315117,-590.0073945088193
2026-03-07 05:05:00+00:00,5126.0,14577.0,1965.0,2411.0,-436.30031397168364,-215.23138175805062
2026-03-07 05:10:00+00:00,5008.0,13297.0,-118.0,-1280.0,-339.6992782114087,-378.35032606196603
2026-03-07 05:15:00+00:00,5152.0,13156.0,144.0,-141.0,-334.6587042042997,-384.75150023038657
2026-03-07 05:20:00+00:00,3827.0,13179.0,-1325.0,23.0,-283.9141415210615,-461.96964666652195
2026-03-07 05:25:00+00:00,3513.0,14522.0,-314.0,1343.0,-335.6149616870895,-329.4817407341592
2026-03-07 05:30:00+00:00,4810.0,15894.0,1297.0,1372.0,-508.0737179639523,-42.494242054104035
2026-03-07 05:35:00+00:00,4648.0,18087.0,-162.0,2193.0,-639.2713136465685,345.93510321729735
2026-03-07 05:40:00+00:00,7321.0,22947.0,2673.0,4860.0,-1395.0163495789166,1865.1560672647843
2026-03-07 05:45:00+00:00,5817.0,21791.0,-1504.0,-1156.0,-1061.8044492402612,1362.7050003499571
2026-03-07 05:50:00+00:00,5108.0,19238.0,-709.0,-2553.0,-770.402163243118,635.9262625807945
2026-03-07 05:55:00+00:00,4322.0,19266.0,-786.0,28.0,-675.5588046370997,573.3171062657048
2026-03-07 06:00:00+00:00,4365.0,18208.0,43.0,-1058.0,-616.0049418305734,347.38849129293664
2026-03-07 06:05:00+00:00,4809.0,17527.0,444.0,-681.0,-618.5195824865172,247.2139258142788
2026-03-07 06:10:00+00:00,3395.0,19422.0,-1414.0,1895.0,-561.7560964556767,526.9725820769798
2026-03-07 06:15:00+00:00,6268.0,26103.0,2873.0,6681.0,-1508.4829028552465,2843.314330760111
2026-03-07 06:20:00+00:00,6366.0,25224.0,98.0,-879.0,-1449.8481912639586,2530.870226155944
2026-03-07 06:25:00+00:00,4675.0,22512.0,-1691.0,-2712.0,-933.3005774271352,1457.3857543884112
2026-03-07 06:30:00+00:00,4630.0,20635.0,-45.0,-1877.0,-803.3686122565308,933.4467642313799
2026-03-07 06:35:00+00:00,4834.0,21274.0,204.0,639.0,-875.8786735976039,1121.9026889991485
2026-03-07 06:40:00+00:00,4760.0,25379.0,-74.0,4105.0,-1139.716340328325,2400.935565439285
2026-03-07 06:45:00+00:00,6767.0,24430.0,2007.0,-949.0,-1450.6996848820706,2296.4511495449437
2026-03-07 06:50:00+00:00,6492.0,23756.0,-275.0,-674.0,-1339.9046593910032,2038.667317493432
2026-03-07 06:55:00+00:00,4291.0,20092.0,-2201.0,-3664.0,-721.508470975058,765.6571473800319
2026-03-07 07:00:00+00:00,3716.0,17589.0,-575.0,-2503.0,-509.449031916484,171.59703623000004
2026-03-07 07:05:00+00:00,4081.0,21375.0,365.0,3786.0,-765.894651979509,1075.9993069967184
2026-03-07 07:10:00+00:00,5500.0,21232.0,1419.0,-143.0,-970.854065446406,1175.0266003507056
2026-03-07 07:15:00+00:00,6525.0,23052.0,1025.0,1820.0,-1280.8845699492574,1814.8694220569205
2026-03-07 07:20:00+00:00,4696.0,25980.0,-1829.0,2928.0,-1166.0508441334855,2610.7519862022436
2026-03-07 07:25:00+00:00,4020.0,16836.0,-676.0,-9144.0,-499.41201105271443,57.30144696737675
2026-03-07 07:30:00+00:00,3149.0,16919.0,-871.0,83.0,-416.8345438537606,4.7914769158181985
2026-03-07 07:35:00+00:00,2196.0,19232.0,-953.0,2313.0,-385.13917481051396,379.0637431320605
2026-03-07 07:40:00+00:00,2758.0,20003.0,562.0,771.0,-495.1786027348953,604.0783826493687
2026-03-07 07:45:00+00:00,5897.0,28527.0,3139.0,8524.0,-1632.728556904956,3770.1036121892175
2026-03-07 07:50:00+00:00,5887.0,27187.0,-10.0,-1340.0,-1519.2769114789435,3217.1672971845355
2026-03-07 07:55:00+00:00,3655.0,22241.0,-2232.0,-4946.0,-742.1093082072956,1274.3862867385192
2026-03-07 08:00:00+00:00,2143.0,17834.0,-1512.0,-4407.0,-335.2767254269506,90.92434130595433
2026-03-07 08:05:00+00:00,3219.0,20309.0,1076.0,2475.0,-577.6726560557429,719.9144582573973
2026-03-07 08:10:00+00:00,4118.0,20903.0,899.0,594.0,-744.3990776830212,954.3381146622538
2026-03-07 08:15:00+00:00,5029.0,25102.0,911.0,4199.0,-1175.9746765862308,2334.040467391933
2026-03-07 08:20:00+00:00,3975.0,22198.0,-1054.0,-2904.0,-795.082589337765,1294.513336243045
2026-03-07 08:25:00+00:00,4715.0,29676.0,740.0,7478.0,-1415.44340046486,4112.562913463176
2026-03-07 08:30:00+00:00,2411.0,14595.0,-2304.0,-15081.0,-258.77817230568127,-393.56174699451384
2026-03-07 08:35:00+00:00,4720.0,23902.0,2309.0,9307.0,-1033.242086880702,1893.8633673905558
2026-03-07 08:40:00+00:00,2937.0,20614.0,-1783.0,-3288.0,-547.3056138683381,768.8414738107471
2026-03-07 08:45:00+00:00,3691.0,26188.0,754.0,5574.0,-953.413150688332,2567.6003216388094
2026-03-07 08:50:00+00:00,3947.0,16393.0,256.0,-9795.0,-467.83261725486767,-24.29995480438686
2026-03-07 08:55:00+00:00,4902.0,25540.0,955.0,9147.0,-1180.3924023731454,2474.9901666149435
2026-03-07 09:00:00+00:00,2970.0,17948.0,-1932.0,-7592.0,-441.07798185881535,180.24695941582377
2026-03-07 09:05:00+00:00,3035.0,18639.0,65.0,691.0,-478.3817376904594,325.0987364455223
2026-03-07 09:10:00+00:00,3710.0,20083.0,675.0,1444.0,-639.0168022323007,710.2278342185158
2026-03-07 09:15:00+00:00,4936.0,21399.0,1226.0,1316.0,-899.8602271456652,1165.9509475910165
2026-03-07 09:20:00+00:00,4176.0,20714.0,-760.0,-685.0,-742.0662134896224,910.943019346691
2026-03-07 09:25:00+00:00,2091.0,13770.0,-2085.0,-6944.0,-209.1271836648489,-508.13337820698234
2026-03-07 09:30:00+00:00,3131.0,19076.0,1040.0,5306.0,-510.00670056993505,426.7639560044409
2026-03-07 09:35:00+00:00,2487.0,17584.0,-644.0,-1492.0,-369.28873674511675,72.06040632207062
2026-03-07 09:40:00+00:00,5308.0,21029.0,2821.0,3445.0,-927.8880960411162,1101.4873621685472
2026-03-07 09:45:00+00:00,2971.0,19739.0,-2337.0,-1290.0,-516.0842087467533,561.7165272042619
2026-03-07 09:50:00+00:00,4641.0,20863.0,1670.0,1124.0,-819.8356552571324,993.7083081367568
2026-03-07 09:55:00+00:00,4012.0,21040.0,-629.0,177.0,-736.020776466602,980.0519758459823
2026-03-07 10:00:00+00:00,4725.0,23697.0,713.0,2657.0,-1020.5521398118015,1828.214201518491
2026-03-07 10:05:00+00:00,2922.0,20971.0,-1803.0,-2726.0,-559.6165321722692,857.6864400344422
2026-03-07 10:10:00+00:00,4294.0,22835.0,1372.0,1864.0,-887.6885015649368,1514.438412615915
2026-03-07 10:15:00+00:00,3195.0,15105.0,-1099.0,-7730.0,-340.04520315555027,-274.13639048561157
2026-03-07 10:20:00+00:00,3924.0,13584.0,729.0,-1521.0,-310.64402087556766,-413.63968039612377
2026-03-07 10:25:00+00:00,1912.0,15596.0,-2012.0,2012.0,-245.75234448070472,-295.63917618331294
2026-03-07 10:30:00+00:00,1736.0,11965.0,-176.0,-3631.0,-139.9414582056539,-682.7376401192154
2026-03-07 10:35:00+00:00,4710.0,23331.0,2974.0,11366.0,-993.5078773684345,1710.58614654006
2026-03-07 10:40:00+00:00,3599.0,19895.0,-1111.0,-3436.0,-613.4984742124784,655.055895483085
2026-03-07 10:45:00+00:00,2607.0,22177.0,-992.0,2282.0,-552.0530202358202,1150.1036946336721
2026-03-07 10:50:00+00:00,2870.0,13251.0,263.0,-8926.0,-239.3052932524379,-512.5421876828118
2026-03-07 10:55:00+00:00,2512.0,9793.0,-358.0,-3458.0,-96.83473519407549,-742.4947867561176
2026-03-07 11:00:00+00:00,2262.0,14569.0,-250.0,4776.0,-246.24885329235704,-406.65537359154604
2026-03-07 11:05:00+00:00,1696.0,14944.0,-566.0,375.0,-209.1658879359997,-398.1264175485091
2026-03-07 11:10:00+00:00,3840.0,22511.0,2144.0,7567.0,-788.8271031273279,1371.3425673874144
2026-03-07 11:15:00+00:00,3573.0,16110.0,-267.0,-6401.0,-419.47701396442045,-98.21973991322898
2026-03-07 11:20:00+00:00,3051.0,19562.0,-522.0,3452.0,-520.0809722198351,528.2256302904922
2026-03-07 11:25:00+00:00,1653.0,7351.0,-1398.0,-12211.0,-28.68573525242065,-770.2148221720197
2026-03-07 11:30:00+00:00,1494.0,7287.0,-159.0,-64.0,-29.9895246267975,-773.5714021068245
2026-03-07 11:35:00+00:00,777.0,5680.0,-717.0,-1607.0,-22.231363851691803,-714.9308987439371
2026-03-07 11:40:00+00:00,678.0,6644.0,-99.0,964.0,-34.66647334935825,-773.7817462537625
2026-03-07 11:45:00+00:00,3068.0,18641.0,2390.0,11997.0,-482.7290988420686,328.3230560103169
2026-03-07 11:50:00+00:00,2256.0,19213.0,-812.0,572.0,-393.2221917111777,380.19556330179313
2026-03-07 11:55:00+00:00,3717.0,23411.0,1461.0,4198.0,-814.11395295133,1629.6583419657302
2026-03-07 12:00:00+00:00,5478.0,22344.0,1761.0,-1067.0,-1053.4144508757431,1489.7660122323668
2026-03-07 12:05:00+00:00,4304.0,23295.0,-1174.0,951.0,-917.3231995318185,1656.1799180876333
2026-03-07 12:10:00+00:00,3967.0,25706.0,-337.0,2411.0,-989.5645730927315,2425.3086725335174
2026-03-07 12:15:00+00:00,3549.0,17459.0,-418.0,-8247.0,-484.71894983081756,133.70015800681486
2026-03-07 12:20:00+00:00,3548.0,20443.0,-1.0,2984.0,-633.610563833717,783.5069499675524
2026-03-07 12:25:00+00:00,1235.0,6859.0,-2313.0,-13584.0,-26.62062696458009,-766.2995825891926
2026-03-07 12:30:00+00:00,1697.0,13265.0,462.0,6406.0,-169.15580739248247,-582.1571363755776
2026-03-07 12:35:00+00:00,2937.0,17733.0,1240.0,4468.0,-428.2224788208531,136.23094147159279
2026-03-07 12:40:00+00:00,2662.0,16748.0,-275.0,-985.0,-358.70556278374914,-61.89816341482817
2026-03-07 12:45:00+00:00,4847.0,23707.0,2185.0,6959.0,-1043.7992003250856,1844.6170666977239
2026-03-07 12:50:00+00:00,2105.0,15853.0,-2742.0,-7854.0,-271.80207952232274,-244.68550031846536
2026-03-07 12:55:00+00:00,2908.0,15683.0,803.0,-170.0,-340.9166817526861,-212.01050798172508
2026-03-07 13:00:00+00:00,929.0,4762.0,-1979.0,-10921.0,-5.090786792284215,-640.6735000449225
2026-03-07 13:05:00+00:00,1664.0,8206.0,735.0,3444.0,-48.51686057022468,-787.4899395518515
2026-03-07 13:10:00+00:00,1956.0,17942.0,292.0,9736.0,-314.56469067435717,96.08623608249654
2026-03-07 13:15:00+00:00,2664.0,19378.0,708.0,1436.0,-457.52111176538807,452.3945418077173
2026-03-07 13:20:00+00:00,2909.0,20238.0,245.0,860.0,-527.4867109302461,674.006486641067
2026-03-07 13:25:00+00:00,3227.0,17591.0,318.0,-2647.0,-455.4427721236216,132.73742125410905
2026-03-07 13:30:00+00:00,2763.0,20714.0,-464.0,3123.0,-523.5804170261624,777.4237757186246
2026-03-07 13:35:00+00:00,3574.0,23353.0,811.0,2639.0,-783.8801154354136,1596.4609318093974
2026-03-07 13:40:00+00:00,3701.0,20975.0,127.0,-2378.0,-684.1847230742532,933.2504595269556
2026-03-07 13:45:00+00:00,4345.0,20800.0,644.0,-175.0,-772.2739737221476,949.1501015060473
2026-03-07 13:50:00+00:00,3729.0,22518.0,-616.0,1718.0,-769.5332046332161,1361.9873144227809
2026-03-07 13:55:00+00:00,1861.0,12665.0,-1868.0,-9853.0,-164.06020662600207,-624.4061805633743
2026-03-07 14:00:00+00:00,2133.0,12622.0,272.0,-43.0,-177.5597807045541,-612.1993126028259
2026-03-07 14:05:00+00:00,2489.0,16748.0,356.0,4126.0,-340.24299785869545,-75.11558629298703
2026-03-07 14:10:00+00:00,4129.0,21580.0,1640.0,4832.0,-785.4057676468606,1136.5246011073307
2026-03-07 14:15:00+00:00,2753.0,23226.0,-1376.0,1646.0,-619.2972142102813,1470.4647658949966
2026-03-07 14:20:00+00:00,2966.0,20055.0,213.0,-3171.0,-528.5480262006885,635.3985635180602
2026-03-07 14:25:00+00:00,2372.0,11775.0,-594.0,-8280.0,-161.59590194926875,-660.707949008273
2026-03-07 14:30:00+00:00,5349.0,24871.0,2977.0,13096.0,-1222.9582334043678,2289.7960310780354
2026-03-07 14:35:00+00:00,3065.0,21976.0,-2284.0,-2895.0,-626.1985093339555,1140.1819936800111
2026-03-07 14:40:00+00:00,5163.0,26309.0,2098.0,4333.0,-1290.7437640469518,2788.8609801362254
2026-03-07 14:45:00+00:00,4699.0,27013.0,-464.0,704.0,-1235.0183172682503,3001.8514363045297
2026-03-07 14:50:00+00:00,3665.0,22804.0,-1034.0,-4209.0,-772.892862402617,1439.6810521703294
2026-03-07 14:55:00+00:00,2116.0,9650.0,-1549.0,-13154.0,-88.15990534131005,-763.2452075157879
2026-03-07 15:00:00+00:00,2502.0,11684.0,386.0,2034.0,-163.32612895860393,-659.5911294162697
2026-03-07 15:05:00+00:00,2970.0,12637.0,468.0,953.0,-219.0867579885631,-562.7288028997547
2026-03-07 15:10:00+00:00,1915.0,13132.0,-1055.0,495.0,-179.63464122622338,-581.2020630923312
2026-03-07 15:15:00+00:00,2384.0,15780.0,469.0,2648.0,-296.4306023566201,-235.31263918485615
2026-03-07 15:20:00+00:00,2286.0,17234.0,-98.0,1454.0,-333.87679028213887,-7.172177554606246
2026-03-07 15:25:00+00:00,1695.0,13108.0,-591.0,-4126.0,-165.27966225696585,-596.5266053383616
2026-03-07 15:30:00+00:00,829.0,6834.0,-866.0,-6274.0,-33.96017659141164,-777.912673059735
2026-03-07 15:35:00+00:00,3005.0,16677.0,2176.0,9843.0,-391.52487335370336,-47.71030675644701
2026-03-07 15:40:00+00:00,5245.0,29832.0,2240.0,13155.0,-1568.6739900381672,4254.1634295578715
2026-03-07 15:45:00+00:00,6265.0,33105.0,1020.0,3273.0,-2125.2367597521497,5989.167177058141
2026-03-07 15:50:00+00:00,7662.0,40814.0,1397.0,7709.0,-3372.9482629786144,10879.617630333843
2026-03-07 15:55:00+00:00,7250.0,30415.0,-412.0,-10399.0,-2146.1870969463644,4797.8295714120795
2026-03-07 16:00:00+00:00,2488.0,18985.0,-4762.0,-11430.0,-418.4639368209325,351.2816148295282
2026-03-07 16:05:00+00:00,3867.0,17784.0,1379.0,-1201.0,-536.3386773410454,221.3934241883784
2026-03-07 16:10:00+00:00,3235.0,18589.0,-632.0,805.0,-501.7818599818532,331.6327725007917
2026-03-07 16:15:00+00:00,2458.0,14562.0,-777.0,-4027.0,-261.28697484970087,-394.48721930351303
2026-03-07 16:20:00+00:00,1876.0,9277.0,-582.0,-5285.0,-75.44312464125318,-779.402908255459
2026-03-07 16:25:00+00:00,4288.0,21822.0,2412.0,12545.0,-825.4934479787944,1219.38954969798
2026-03-07 16:30:00+00:00,5971.0,20462.0,1683.0,-1360.0,-972.9674262431209,1014.404034233085
2026-03-07 16:35:00+00:00,2514.0,16674.0,-3457.0,-3788.0,-340.3091842033785,-85.56310064367472
2026-03-07 16:40:00+00:00,3340.0,18463.0,826.0,1789.0,-509.123760511292,314.3162898912565
2026-03-07 16:45:00+00:00,4782.0,22308.0,1442.0,3845.0,-937.6319804722816,1408.2807706368426
2026-03-07 16:50:00+00:00,4627.0,21689.0,-155.0,-619.0,-871.5734451951668,1215.8424906128475
2026-03-07 16:55:00+00:00,1898.0,10146.0,-2729.0,-11543.0,-98.82417959329703,-760.9220489947677
2026-03-07 17:00:00+00:00,4635.0,17626.0,2737.0,7480.0,-607.8052118760263,252.5546808029661
2026-03-07 17:05:00+00:00,4107.0,20218.0,-528.0,2592.0,-703.1385283500954,779.6760747507045
2026-03-07 17:10:00+00:00,3516.0,14592.0,-591.0,-5626.0,-339.27999101887826,-320.37519498206126
2026-03-07 17:15:00+00:00,4697.0,18028.0,1181.0,3436.0,-640.6147087307111,337.90363391702556
2026-03-07 17:20:00+00:00,3385.0,20855.0,-1312.0,2827.0,-628.6511816579676,872.1204459554003
2026-03-07 17:25:00+00:00,4075.0,17118.0,690.0,-3737.0,-520.8059861749996,112.16907903551848
2026-03-07 17:30:00+00:00,2783.0,12003.0,-1292.0,-5115.0,-185.61562236976084,-622.8928871707939
2026-03-07 17:35:00+00:00,5026.0,19850.0,2243.0,7847.0,-803.8742157194249,773.6095837902583
2026-03-07 17:40:00+00:00,3417.0,19964.0,-1609.0,114.0,-590.8345669207442,654.9132614290293
2026-03-07 17:45:00+00:00,4237.0,17037.0,820.0,-2927.0,-531.8427360591718,110.0456706009058
2026-03-07 17:50:00+00:00,4485.0,17641.0,248.0,604.0,-593.5243696990764,243.41812909494521
2026-03-07 17:55:00+00:00,5696.0,18949.0,1211.0,1308.0,-815.8864863330066,620.9088289549668
2026-03-07 18:00:00+00:00,3630.0,19450.0,-2066.0,501.0,-595.1611017144446,554.1814455908358
2026-03-07 18:05:00+00:00,3030.0,12788.0,-600.0,-6662.0,-228.232284699631,-546.1187976912491
2026-03-07 18:10:00+00:00,2751.0,11378.0,-279.0,-1410.0,-160.19405099638945,-665.1432666836469
2026-03-07 18:15:00+00:00,3748.0,16101.0,997.0,4723.0,-434.42695362997875,-86.80034659424601
2026-03-07 18:20:00+00:00,2761.0,15642.0,-987.0,-459.0,-326.175853979259,-228.5359419674606
2026-03-07 18:25:00+00:00,3506.0,14859.0,745.0,-783.0,-351.7732496766147,-286.15062950092033
2026-03-07 18:30:00+00:00,3583.0,14489.0,77.0,-370.0,-338.62605364204717,-329.01899213394273
2026-03-07 18:35:00+00:00,2015.0,9967.0,-1568.0,-4522.0,-96.00424204501543,-760.4876948097701
2026-03-07 18:40:00+00:00,2657.0,12022.0,642.0,2055.0,-181.45461123552903,-628.4432239438398
2026-03-07 18:45:00+00:00,2990.0,17615.0,333.0,5593.0,-429.4659742810357,118.2192623786832
2026-03-07 18:50:00+00:00,4082.0,17399.0,1092.0,-216.0,-537.6393167000987,164.8157871643941
2026-03-07 18:55:00+00:00,5447.0,18928.0,1365.0,1529.0,-786.5910818156569,594.6346913927413
2026-03-07 19:00:00+00:00,2183.0,10492.0,-3264.0,-8436.0,-114.73815547402887,-735.9696301081435
2026-03-07 19:05:00+00:00,2209.0,9909.0,26.0,-583.0,-97.18648209304284,-753.1908419520894
2026-03-07 19:10:00+00:00,4093.0,14581.0,1884.0,4672.0,-376.4417156746903,-283.4020322690693
2026-03-07 19:15:00+00:00,3950.0,15404.0,-143.0,823.0,-413.12239374293284,-179.18098321606232
2026-03-07 19:20:00+00:00,3904.0,13885.0,-46.0,-1519.0,-326.17491798455364,-381.13557725850177
2026-03-07 19:25:00+00:00,2154.0,14305.0,-1750.0,420.0,-229.68086487400845,-445.13634471109634
2026-03-07 19:30:00+00:00,2170.0,7912.0,16.0,-6393.0,-35.657405084822386,-764.8562302494095
2026-03-07 19:35:00+00:00,3565.0,10800.0,1395.0,2888.0,-152.35136846907722,-655.3402321680511
2026-03-07 19:40:00+00:00,3831.0,16461.0,266.0,5661.0,-461.04705424375527,-21.607799125689972
2026-03-07 19:45:00+00:00,3616.0,14032.0,-215.0,-2429.0,-317.5430032984171,-382.4141270877872
2026-03-07 19:50:00+00:00,3622.0,12918.0,6.0,-1114.0,-261.1131831525681,-499.5346015505402
2026-03-07 19:55:00+00:00,0.0,0.0,-3622.0,-12918.0,-45.30443810654572,2.3033240917705378
2026-03-07 20:00:00+00:00,0.0,0.0,0.0,0.0,-45.30443810654572,2.3033240917705378
2026-03-07 20:05:00+00:00,0.0,0.0,0.0,0.0,-45.30443810654572,2.3033240917705378
2026-03-07 20:10:00+00:00,0.0,0.0,0.0,0.0,-45.30443810654572,2.3033240917705378
2026-03-07 20:15:00+00:00,0.0,0.0,0.0,0.0,-45.30443810654572,2.3033240917705378
2026-03-07 20:20:00+00:00,0.0,0.0,0.0,0.0,-45.30443810654572,2.3033240917705378
2026-03-07 20:25:00+00:00,0.0,0.0,0.0,0.0,-45.30443810654572,2.3033240917705378
2026-03-07 20:30:00+00:00,0.0,0.0,0.0,0.0,-45.30443810654572,2.3033240917705378
2026-03-07 20:35:00+00:00,0.0,0.0,0.0,0.0,-45.30443810654572,2.3033240917705378
2026-03-07 20:40:00+00:00,0.0,0.0,0.0,0.0,-45.30443810654572,2.3033240917705378
2026-03-07 20:45:00+00:00,0.0,0.0,0.0,0.0,-45.30443810654572,2.3033240917705378
2026-03-07 20:50:00+00:00,0.0,0.0,0.0,0.0,-45.30443810654572,2.3033240917705378
2026-03-07 20:55:00+00:00,0.0,0.0,0.0,0.0,-45.30443810654572,2.3033240917705378
2026-03-07 21:00:00+00:00,0.0,0.0,0.0,0.0,-45.30443810654572,2.3033240917705378
2026-03-07 21:05:00+00:00,0.0,0.0,0.0,0.0,-45.30443810654572,2.3033240917705378
2026-03-07 21:10:00+00:00,0.0,0.0,0.0,0.0,-45.30443810654572,2.3033240917705378
2026-03-07 21:15:00+00:00,0.0,0.0,0.0,0.0,-45.30443810654572,2.3033240917705378
2026-03-07 21:20:00+00:00,0.0,0.0,0.0,0.0,-45.30443810654572,2.3033240917705378
2026-03-07 21:25:00+00:00,0.0,0.0,0.0,0.0,-45.30443810654572,2.3033240917705378
2026-03-07 21:30:00+00:00,0.0,0.0,0.0,0.0,-45.30443810654572,2.3033240917705378
2026-03-07 21:35:00+00:00,0.0,0.0,0.0,0.0,-45.30443810654572,2.3033240917705378
2026-03-07 21:40:00+00:00,0.0,0.0,0.0,0.0,-45.30443810654572,2.3033240917705378
2026-03-07 21:45:00+00:00,0.0,0.0,0.0,0.0,-45.30443810654572,2.3033240917705378
2026-03-07 21:50:00+00:00,0.0,0.0,0.0,0.0,-45.30443810654572,2.3033240917705378
2026-03-07 21:55:00+00:00,0.0,0.0,0.0,0.0,-45.30443810654572,2.3033240917705378
2026-03-07 22:00:00+00:00,0.0,0.0,0.0,0.0,-45.30443810654572,2.3033240917705378
2026-03-07 22:05:00+00:00,0.0,0.0,0.0,0.0,-45.30443810654572,2.3033240917705378
2026-03-07 22:10:00+00:00,0.0,0.0,0.0,0.0,-45.30443810654572,2.3033240917705378
2026-03-07 22:15:00+00:00,0.0,0.0,0.0,0.0,-45.30443810654572,2.3033240917705378
2026-03-07 22:20:00+00:00,0.0,0.0,0.0,0.0,-45.30443810654572,2.3033240917705378
2026-03-07 22:25:00+00:00,0.0,0.0,0.0,0.0,-45.30443810654572,2.3033240917705378
2026-03-07 22:30:00+00:00,0.0,0.0,0.0,0.0,-45.30443810654572,2.3033240917705378
2026-03-07 22:35:00+00:00,0.0,0.0,0.0,0.0,-45.30443810654572,2.3033240917705378
2026-03-07 22:40:00+00:00,0.0,0.0,0.0,0.0,-45.30443810654572,2.3033240917705378
2026-03-07 22:45:00+00:00,0.0,0.0,0.0,0.0,-45.30443810654572,2.3033240917705378
2026-03-07 22:50:00+00:00,0.0,0.0,0.0,0.0,-45.30443810654572,2.3033240917705378
2026-03-07 22:55:00+00:00,0.0,0.0,0.0,0.0,-45.30443810654572,2.3033240917705378
2026-03-07 23:00:00+00:00,0.0,0.0,0.0,0.0,-45.30443810654572,2.3033240917705378
2026-03-07 23:05:00+00:00,0.0,0.0,0.0,0.0,-45.30443810654572,2.3033240917705378
2026-03-07 23:10:00+00:00,0.0,0.0,0.0,0.0,-45.30443810654572,2.3033240917705378
2026-03-07 23:15:00+00:00,0.0,0.0,0.0,0.0,-45.30443810654572,2.3033240917705378
2026-03-07 23:20:00+00:00,0.0,0.0,0.0,0.0,-45.30443810654572,2.3033240917705378
2026-03-07 23:25:00+00:00,0.0,0.0,0.0,0.0,-45.30443810654572,2.3033240917705378
2026-03-07 23:30:00+00:00,0.0,0.0,0.0,0.0,-45.30443810654572,2.3033240917705378
2026-03-07 23:35:00+00:00,0.0,0.0,0.0,0.0,-45.30443810654572,2.3033240917705378
2026-03-07 23:40:00+00:00,0.0,0.0,0.0,0.0,-45.30443810654572,2.3033240917705378
2026-03-07 23:45:00+00:00,0.0,0.0,0.0,0.0,-45.30443810654572,2.3033240917705378
2026-03-07 23:50:00+00:00,0.0,0.0,0.0,0.0,-45.30443810654572,2.3033240917705378
2026-03-07 23:55:00+00:00,0.0,0.0,0.0,0.0,-45.30443810654572,2.3033240917705378
2026-03-08 00:00:00+00:00,0.0,0.0,0.0,0.0,-45.30443810654572,2.3033240917705378
2026-03-08 00:05:00+00:00,0.0,0.0,0.0,0.0,-45.30443810654572,2.3033240917705378
2026-03-08 00:10:00+00:00,0.0,0.0,0.0,0.0,-45.30443810654572,2.3033240917705378
2026-03-08 00:15:00+00:00,0.0,0.0,0.0,0.0,-45.30443810654572,2.3033240917705378
2026-03-08 00:20:00+00:00,0.0,0.0,0.0,0.0,-45.30443810654572,2.3033240917705378
2026-03-08 00:25:00+00:00,0.0,0.0,0.0,0.0,-45.30443810654572,2.3033240917705378
2026-03-08 00:30:00+00:00,0.0,0.0,0.0,0.0,-45.30443810654572,2.3033240917705378
2026-03-08 00:35:00+00:00,0.0,0.0,0.0,0.0,-45.30443810654572,2.3033240917705378
2026-03-08 00:40:00+00:00,0.0,0.0,0.0,0.0,-45.30443810654572,2.3033240917705378
2026-03-08 00:45:00+00:00,0.0,0.0,0.0,0.0,-45.30443810654572,2.3033240917705378
2026-03-08 00:50:00+00:00,0.0,0.0,0.0,0.0,-45.30443810654572,2.3033240917705378
2026-03-08 00:55:00+00:00,0.0,0.0,0.0,0.0,-45.30443810654572,2.3033240917705378
2026-03-08 01:00:00+00:00,0.0,0.0,0.0,0.0,-45.30443810654572,2.3033240917705378
2026-03-08 01:05:00+00:00,0.0,0.0,0.0,0.0,-45.30443810654572,2.3033240917705378
2026-03-08 01:10:00+00:00,0.0,0.0,0.0,0.0,-45.30443810654572,2.3033240917705378
2026-03-08 01:15:00+00:00,0.0,0.0,0.0,0.0,-45.30443810654572,2.3033240917705378
2026-03-08 01:20:00+00:00,0.0,0.0,0.0,0.0,-45.30443810654572,2.3033240917705378
2026-03-08 01:25:00+00:00,0.0,0.0,0.0,0.0,-45.30443810654572,2.3033240917705378
2026-03-08 01:30:00+00:00,0.0,0.0,0.0,0.0,-45.30443810654572,2.3033240917705378
2026-03-08 01:35:00+00:00,0.0,0.0,0.0,0.0,-45.30443810654572,2.3033240917705378
2026-03-08 01:40:00+00:00,0.0,0.0,0.0,0.0,-45.30443810654572,2.3033240917705378
2026-03-08 01:45:00+00:00,0.0,0.0,0.0,0.0,-45.30443810654572,2.3033240917705378
2026-03-08 01:50:00+00:00,0.0,0.0,0.0,0.0,-45.30443810654572,2.3033240917705378
2026-03-08 01:55:00+00:00,0.0,0.0,0.0,0.0,-45.30443810654572,2.3033240917705378
2026-03-08 02:00:00+00:00,0.0,0.0,0.0,0.0,-45.30443810654572,2.3033240917705378
2026-03-08 02:05:00+00:00,0.0,0.0,0.0,0.0,-45.30443810654572,2.3033240917705378
2026-03-08 02:10:00+00:00,0.0,0.0,0.0,0.0,-45.30443810654572,2.3033240917705378
2026-03-08 02:15:00+00:00,0.0,0.0,0.0,0.0,-45.30443810654572,2.3033240917705378
2026-03-08 02:20:00+00:00,0.0,0.0,0.0,0.0,-45.30443810654572,2.3033240917705378
2026-03-08 02:25:00+00:00,0.0,0.0,0.0,0.0,-45.30443810654572,2.3033240917705378
2026-03-08 02:30:00+00:00,0.0,0.0,0.0,0.0,-45.30443810654572,2.3033240917705378
2026-03-08 02:35:00+00:00,0.0,0.0,0.0,0.0,-45.30443810654572,2.3033240917705378
2026-03-08 02:40:00+00:00,0.0,0.0,0.0,0.0,-45.30443810654572,2.3033240917705378
2026-03-08 02:45:00+00:00,0.0,0.0,0.0,0.0,-45.30443810654572,2.3033240917705378
2026-03-08 02:50:00+00:00,0.0,0.0,0.0,0.0,-45.30443810654572,2.3033240917705378
2026-03-08 02:55:00+00:00,0.0,0.0,0.0,0.0,-45.30443810654572,2.3033240917705378
2026-03-08 03:00:00+00:00,0.0,0.0,0.0,0.0,-45.30443810654572,2.3033240917705378
2026-03-08 03:05:00+00:00,0.0,0.0,0.0,0.0,-45.30443810654572,2.3033240917705378
2026-03-08 03:10:00+00:00,0.0,0.0,0.0,0.0,-45.30443810654572,2.3033240917705378
2026-03-08 03:15:00+00:00,0.0,0.0,0.0,0.0,-45.30443810654572,2.3033240917705378
2026-03-08 03:20:00+00:00,0.0,0.0,0.0,0.0,-45.30443810654572,2.3033240917705378
2026-03-08 03:25:00+00:00,0.0,0.0,0.0,0.0,-45.30443810654572,2.3033240917705378
2026-03-08 03:30:00+00:00,0.0,0.0,0.0,0.0,-45.30443810654572,2.3033240917705378
2026-03-08 03:35:00+00:00,0.0,0.0,0.0,0.0,-45.30443810654572,2.3033240917705378
2026-03-08 03:40:00+00:00,0.0,0.0,0.0,0.0,-45.30443810654572,2.3033240917705378
2026-03-08 03:45:00+00:00,0.0,0.0,0.0,0.0,-45.30443810654572,2.3033240917705378
2026-03-08 03:50:00+00:00,0.0,0.0,0.0,0.0,-45.30443810654572,2.3033240917705378
2026-03-08 03:55:00+00:00,0.0,0.0,0.0,0.0,-45.30443810654572,2.3033240917705378
2026-03-08 04:00:00+00:00,0.0,0.0,0.0,0.0,-45.30443810654572,2.3033240917705378
2026-03-08 04:05:00+00:00,0.0,0.0,0.0,0.0,-45.30443810654572,2.3033240917705378
2026-03-08 04:10:00+00:00,0.0,0.0,0.0,0.0,-45.30443810654572,2.3033240917705378
2026-03-08 04:15:00+00:00,0.0,0.0,0.0,0.0,-45.30443810654572,2.3033240917705378
2026-03-08 04:20:00+00:00,0.0,0.0,0.0,0.0,-45.30443810654572,2.3033240917705378
2026-03-08 04:25:00+00:00,0.0,0.0,0.0,0.0,-45.30443810654572,2.3033240917705378
2026-03-08 04:30:00+00:00,0.0,0.0,0.0,0.0,-45.30443810654572,2.3033240917705378
2026-03-08 04:35:00+00:00,0.0,0.0,0.0,0.0,-45.30443810654572,2.3033240917705378
2026-03-08 04:40:00+00:00,0.0,0.0,0.0,0.0,-45.30443810654572,2.3033240917705378
2026-03-08 04:45:00+00:00,0.0,0.0,0.0,0.0,-45.30443810654572,2.3033240917705378
2026-03-08 04:50:00+00:00,0.0,0.0,0.0,0.0,-45.30443810654572,2.3033240917705378
2026-03-08 04:55:00+00:00,0.0,0.0,0.0,0.0,-45.30443810654572,2.3033240917705378
2026-03-08 05:00:00+00:00,0.0,0.0,0.0,0.0,-45.30443810654572,2.3033240917705378
2026-03-08 05:05:00+00:00,0.0,0.0,0.0,0.0,-45.30443810654572,2.3033240917705378
2026-03-08 05:10:00+00:00,0.0,0.0,0.0,0.0,-45.30443810654572,2.3033240917705378
2026-03-08 05:15:00+00:00,0.0,0.0,0.0,0.0,-45.30443810654572,2.3033240917705378
2026-03-08 05:20:00+00:00,0.0,0.0,0.0,0.0,-45.30443810654572,2.3033240917705378
2026-03-08 05:25:00+00:00,0.0,0.0,0.0,0.0,-45.30443810654572,2.3033240917705378
2026-03-08 05:30:00+00:00,0.0,0.0,0.0,0.0,-45.30443810654572,2.3033240917705378
2026-03-08 05:35:00+00:00,0.0,0.0,0.0,0.0,-45.30443810654572,2.3033240917705378
2026-03-08 05:40:00+00:00,0.0,0.0,0.0,0.0,-45.30443810654572,2.3033240917705378
2026-03-08 05:45:00+00:00,0.0,0.0,0.0,0.0,-45.30443810654572,2.3033240917705378
2026-03-08 05:50:00+00:00,0.0,0.0,0.0,0.0,-45.30443810654572,2.3033240917705378
2026-03-08 05:55:00+00:00,0.0,0.0,0.0,0.0,-45.30443810654572,2.3033240917705378
2026-03-08 06:00:00+00:00,0.0,0.0,0.0,0.0,-45.30443810654572,2.3033240917705378
2026-03-08 06:05:00+00:00,0.0,0.0,0.0,0.0,-45.30443810654572,2.3033240917705378
2026-03-08 06:10:00+00:00,0.0,0.0,0.0,0.0,-45.30443810654572,2.3033240917705378
2026-03-08 06:15:00+00:00,0.0,0.0,0.0,0.0,-45.30443810654572,2.3033240917705378
2026-03-08 06:20:00+00:00,0.0,0.0,0.0,0.0,-45.30443810654572,2.3033240917705378
2026-03-08 06:25:00+00:00,0.0,0.0,0.0,0.0,-45.30443810654572,2.3033240917705378
2026-03-08 06:30:00+00:00,0.0,0.0,0.0,0.0,-45.30443810654572,2.3033240917705378
2026-03-08 06:35:00+00:00,0.0,0.0,0.0,0.0,-45.30443810654572,2.3033240917705378
2026-03-08 06:40:00+00:00,0.0,0.0,0.0,0.0,-45.30443810654572,2.3033240917705378
2026-03-08 06:45:00+00:00,0.0,0.0,0.0,0.0,-45.30443810654572,2.3033240917705378
2026-03-08 06:50:00+00:00,0.0,0.0,0.0,0.0,-45.30443810654572,2.3033240917705378
2026-03-08 06:55:00+00:00,0.0,0.0,0.0,0.0,-45.30443810654572,2.3033240917705378
2026-03-08 07:00:00+00:00,0.0,0.0,0.0,0.0,-45.30443810654572,2.3033240917705378
2026-03-08 07:05:00+00:00,0.0,0.0,0.0,0.0,-45.30443810654572,2.3033240917705378
2026-03-08 07:10:00+00:00,0.0,0.0,0.0,0.0,-45.30443810654572,2.3033240917705378
2026-03-08 07:15:00+00:00,0.0,0.0,0.0,0.0,-45.30443810654572,2.3033240917705378
2026-03-08 07:20:00+00:00,0.0,0.0,0.0,0.0,-45.30443810654572,2.3033240917705378
2026-03-08 07:25:00+00:00,0.0,0.0,0.0,0.0,-45.30443810654572,2.3033240917705378
2026-03-08 07:30:00+00:00,0.0,0.0,0.0,0.0,-45.30443810654572,2.3033240917705378
2026-03-08 07:35:00+00:00,0.0,0.0,0.0,0.0,-45.30443810654572,2.3033240917705378
2026-03-08 07:40:00+00:00,0.0,0.0,0.0,0.0,-45.30443810654572,2.3033240917705378
2026-03-08 07:45:00+00:00,0.0,0.0,0.0,0.0,-45.30443810654572,2.3033240917705378
2026-03-08 07:50:00+00:00,0.0,0.0,0.0,0.0,-45.30443810654572,2.3033240917705378
2026-03-08 07:55:00+00:00,0.0,0.0,0.0,0.0,-45.30443810654572,2.3033240917705378
2026-03-08 08:00:00+00:00,0.0,0.0,0.0,0.0,-45.30443810654572,2.3033240917705378
2026-03-08 08:05:00+00:00,0.0,0.0,0.0,0.0,-45.30443810654572,2.3033240917705378
2026-03-08 08:10:00+00:00,0.0,0.0,0.0,0.0,-45.30443810654572,2.3033240917705378
2026-03-08 08:15:00+00:00,0.0,0.0,0.0,0.0,-45.30443810654572,2.3033240917705378
2026-03-08 08:20:00+00:00,0.0,0.0,0.0,0.0,-45.30443810654572,2.3033240917705378
2026-03-08 08:25:00+00:00,0.0,0.0,0.0,0.0,-45.30443810654572,2.3033240917705378
2026-03-08 08:30:00+00:00,0.0,0.0,0.0,0.0,-45.30443810654572,2.3033240917705378
2026-03-08 08:35:00+00:00,0.0,0.0,0.0,0.0,-45.30443810654572,2.3033240917705378
2026-03-08 08:40:00+00:00,0.0,0.0,0.0,0.0,-45.30443810654572,2.3033240917705378
2026-03-08 08:45:00+00:00,0.0,0.0,0.0,0.0,-45.30443810654572,2.3033240917705378
2026-03-08 08:50:00+00:00,0.0,0.0,0.0,0.0,-45.30443810654572,2.3033240917705378
2026-03-08 08:55:00+00:00,0.0,0.0,0.0,0.0,-45.30443810654572,2.3033240917705378
2026-03-08 09:00:00+00:00,0.0,0.0,0.0,0.0,-45.30443810654572,2.3033240917705378
2026-03-08 09:05:00+00:00,0.0,0.0,0.0,0.0,-45.30443810654572,2.3033240917705378
2026-03-08 09:10:00+00:00,0.0,0.0,0.0,0.0,-45.30443810654572,2.3033240917705378
2026-03-08 09:15:00+00:00,0.0,0.0,0.0,0.0,-45.30443810654572,2.3033240917705378
2026-03-08 09:20:00+00:00,0.0,0.0,0.0,0.0,-45.30443810654572,2.3033240917705378
2026-03-08 09:25:00+00:00,0.0,0.0,0.0,0.0,-45.30443810654572,2.3033240917705378
2026-03-08 09:30:00+00:00,0.0,0.0,0.0,0.0,-45.30443810654572,2.3033240917705378
2026-03-08 09:35:00+00:00,0.0,0.0,0.0,0.0,-45.30443810654572,2.3033240917705378
2026-03-08 09:40:00+00:00,0.0,0.0,0.0,0.0,-45.30443810654572,2.3033240917705378
2026-03-08 09:45:00+00:00,0.0,0.0,0.0,0.0,-45.30443810654572,2.3033240917705378
2026-03-08 09:50:00+00:00,0.0,0.0,0.0,0.0,-45.30443810654572,2.3033240917705378
2026-03-08 09:55:00+00:00,0.0,0.0,0.0,0.0,-45.30443810654572,2.3033240917705378
2026-03-08 10:00:00+00:00,0.0,0.0,0.0,0.0,-45.30443810654572,2.3033240917705378
2026-03-08 10:05:00+00:00,0.0,0.0,0.0,0.0,-45.30443810654572,2.3033240917705378
2026-03-08 10:10:00+00:00,0.0,0.0,0.0,0.0,-45.30443810654572,2.3033240917705378
2026-03-08 10:15:00+00:00,0.0,0.0,0.0,0.0,-45.30443810654572,2.3033240917705378
2026-03-08 10:20:00+00:00,0.0,0.0,0.0,0.0,-45.30443810654572,2.3033240917705378
2026-03-08 10:25:00+00:00,0.0,0.0,0.0,0.0,-45.30443810654572,2.3033240917705378
2026-03-08 10:30:00+00:00,0.0,0.0,0.0,0.0,-45.30443810654572,2.3033240917705378
2026-03-08 10:35:00+00:00,0.0,0.0,0.0,0.0,-45.30443810654572,2.3033240917705378
2026-03-08 10:40:00+00:00,0.0,0.0,0.0,0.0,-45.30443810654572,2.3033240917705378
2026-03-08 10:45:00+00:00,0.0,0.0,0.0,0.0,-45.30443810654572,2.3033240917705378
2026-03-08 10:50:00+00:00,0.0,0.0,0.0,0.0,-45.30443810654572,2.3033240917705378
2026-03-08 10:55:00+00:00,0.0,0.0,0.0,0.0,-45.30443810654572,2.3033240917705378
2026-03-08 11:00:00+00:00,0.0,0.0,0.0,0.0,-45.30443810654572,2.3033240917705378
2026-03-08 11:05:00+00:00,0.0,0.0,0.0,0.0,-45.30443810654572,2.3033240917705378
2026-03-08 11:10:00+00:00,0.0,0.0,0.0,0.0,-45.30443810654572,2.3033240917705378
2026-03-08 11:15:00+00:00,0.0,0.0,0.0,0.0,-45.30443810654572,2.3033240917705378
2026-03-08 11:20:00+00:00,0.0,0.0,0.0,0.0,-45.30443810654572,2.3033240917705378
2026-03-08 11:25:00+00:00,0.0,0.0,0.0,0.0,-45.30443810654572,2.3033240917705378
2026-03-08 11:30:00+00:00,0.0,0.0,0.0,0.0,-45.30443810654572,2.3033240917705378
2026-03-08 11:35:00+00:00,0.0,0.0,0.0,0.0,-45.30443810654572,2.3033240917705378
2026-03-08 11:40:00+00:00,0.0,0.0,0.0,0.0,-45.30443810654572,2.3033240917705378
2026-03-08 11:45:00+00:00,0.0,0.0,0.0,0.0,-45.30443810654572,2.3033240917705378
2026-03-08 11:50:00+00:00,0.0,0.0,0.0,0.0,-45.30443810654572,2.3033240917705378
2026-03-08 11:55:00+00:00,0.0,0.0,0.0,0.0,-45.30443810654572,2.3033240917705378
2026-03-08 12:00:00+00:00,0.0,0.0,0.0,0.0,-45.30443810654572,2.3033240917705378
2026-03-08 12:05:00+00:00,0.0,0.0,0.0,0.0,-45.30443810654572,2.3033240917705378
2026-03-08 12:10:00+00:00,0.0,0.0,0.0,0.0,-45.30443810654572,2.3033240917705378
2026-03-08 12:15:00+00:00,0.0,0.0,0.0,0.0,-45.30443810654572,2.3033240917705378
2026-03-08 12:20:00+00:00,0.0,0.0,0.0,0.0,-45.30443810654572,2.3033240917705378
2026-03-08 12:25:00+00:00,0.0,0.0,0.0,0.0,-45.30443810654572,2.3033240917705378
2026-03-08 12:30:00+00:00,0.0,0.0,0.0,0.0,-45.30443810654572,2.3033240917705378
2026-03-08 12:35:00+00:00,0.0,0.0,0.0,0.0,-45.30443810654572,2.3033240917705378
2026-03-08 12:40:00+00:00,0.0,0.0,0.0,0.0,-45.30443810654572,2.3033240917705378
2026-03-08 12:45:00+00:00,0.0,0.0,0.0,0.0,-45.30443810654572,2.3033240917705378
2026-03-08 12:50:00+00:00,0.0,0.0,0.0,0.0,-45.30443810654572,2.3033240917705378
2026-03-08 12:55:00+00:00,0.0,0.0,0.0,0.0,-45.30443810654572,2.3033240917705378
2026-03-08 13:00:00+00:00,0.0,0.0,0.0,0.0,-45.30443810654572,2.3033240917705378
2026-03-08 13:05:00+00:00,0.0,0.0,0.0,0.0,-45.30443810654572,2.3033240917705378
2026-03-08 13:10:00+00:00,0.0,0.0,0.0,0.0,-45.30443810654572,2.3033240917705378
2026-03-08 13:15:00+00:00,0.0,0.0,0.0,0.0,-45.30443810654572,2.3033240917705378
2026-03-08 13:20:00+00:00,0.0,0.0,0.0,0.0,-45.30443810654572,2.3033240917705378
2026-03-08 13:25:00+00:00,0.0,0.0,0.0,0.0,-45.30443810654572,2.3033240917705378
2026-03-08 13:30:00+00:00,0.0,0.0,0.0,0.0,-45.30443810654572,2.3033240917705378
2026-03-08 13:35:00+00:00,0.0,0.0,0.0,0.0,-45.30443810654572,2.3033240917705378
2026-03-08 13:40:00+00:00,0.0,0.0,0.0,0.0,-45.30443810654572,2.3033240917705378
2026-03-08 13:45:00+00:00,0.0,0.0,0.0,0.0,-45.30443810654572,2.3033240917705378
2026-03-08 13:50:00+00:00,0.0,0.0,0.0,0.0,-45.30443810654572,2.3033240917705378
2026-03-08 13:55:00+00:00,0.0,0.0,0.0,0.0,-45.30443810654572,2.3033240917705378
2026-03-08 14:00:00+00:00,0.0,0.0,0.0,0.0,-45.30443810654572,2.3033240917705378
2026-03-08 14:05:00+00:00,0.0,0.0,0.0,0.0,-45.30443810654572,2.3033240917705378
2026-03-08 14:10:00+00:00,0.0,0.0,0.0,0.0,-45.30443810654572,2.3033240917705378
2026-03-08 14:15:00+00:00,0.0,0.0,0.0,0.0,-45.30443810654572,2.3033240917705378
2026-03-08 14:20:00+00:00,0.0,0.0,0.0,0.0,-45.30443810654572,2.3033240917705378
2026-03-08 14:25:00+00:00,0.0,0.0,0.0,0.0,-45.30443810654572,2.3033240917705378
2026-03-08 14:30:00+00:00,0.0,0.0,0.0,0.0,-45.30443810654572,2.3033240917705378
2026-03-08 14:35:00+00:00,0.0,0.0,0.0,0.0,-45.30443810654572,2.3033240917705378
2026-03-08 14:40:00+00:00,0.0,0.0,0.0,0.0,-45.30443810654572,2.3033240917705378
2026-03-08 14:45:00+00:00,0.0,0.0,0.0,0.0,-45.30443810654572,2.3033240917705378
2026-03-08 14:50:00+00:00,0.0,0.0,0.0,0.0,-45.30443810654572,2.3033240917705378
2026-03-08 14:55:00+00:00,0.0,0.0,0.0,0.0,-45.30443810654572,2.3033240917705378
2026-03-08 15:00:00+00:00,0.0,0.0,0.0,0.0,-45.30443810654572,2.3033240917705378
2026-03-08 15:05:00+00:00,0.0,0.0,0.0,0.0,-45.30443810654572,2.3033240917705378
2026-03-08 15:10:00+00:00,0.0,0.0,0.0,0.0,-45.30443810654572,2.3033240917705378
2026-03-08 15:15:00+00:00,0.0,0.0,0.0,0.0,-45.30443810654572,2.3033240917705378
2026-03-08 15:20:00+00:00,0.0,0.0,0.0,0.0,-45.30443810654572,2.3033240917705378
2026-03-08 15:25:00+00:00,0.0,0.0,0.0,0.0,-45.30443810654572,2.3033240917705378
2026-03-08 15:30:00+00:00,0.0,0.0,0.0,0.0,-45.30443810654572,2.3033240917705378
2026-03-08 15:35:00+00:00,0.0,0.0,0.0,0.0,-45.30443810654572,2.3033240917705378
2026-03-08 15:40:00+00:00,0.0,0.0,0.0,0.0,-45.30443810654572,2.3033240917705378
2026-03-08 15:45:00+00:00,0.0,0.0,0.0,0.0,-45.30443810654572,2.3033240917705378
2026-03-08 15:50:00+00:00,0.0,0.0,0.0,0.0,-45.30443810654572,2.3033240917705378
2026-03-08 15:55:00+00:00,0.0,0.0,0.0,0.0,-45.30443810654572,2.3033240917705378
2026-03-08 16:00:00+00:00,0.0,0.0,0.0,0.0,-45.30443810654572,2.3033240917705378
2026-03-08 16:05:00+00:00,0.0,0.0,0.0,0.0,-45.30443810654572,2.3033240917705378
2026-03-08 16:10:00+00:00,0.0,0.0,0.0,0.0,-45.30443810654572,2.3033240917705378
2026-03-08 16:15:00+00:00,0.0,0.0,0.0,0.0,-45.30443810654572,2.3033240917705378
2026-03-08 16:20:00+00:00,0.0,0.0,0.0,0.0,-45.30443810654572,2.3033240917705378
2026-03-08 16:25:00+00:00,0.0,0.0,0.0,0.0,-45.30443810654572,2.3033240917705378
2026-03-08 16:30:00+00:00,0.0,0.0,0.0,0.0,-45.30443810654572,2.3033240917705378
2026-03-08 16:35:00+00:00,0.0,0.0,0.0,0.0,-45.30443810654572,2.3033240917705378
2026-03-08 16:40:00+00:00,0.0,0.0,0.0,0.0,-45.30443810654572,2.3033240917705378
2026-03-08 16:45:00+00:00,0.0,0.0,0.0,0.0,-45.30443810654572,2.3033240917705378
2026-03-08 16:50:00+00:00,0.0,0.0,0.0,0.0,-45.30443810654572,2.3033240917705378
2026-03-08 16:55:00+00:00,0.0,0.0,0.0,0.0,-45.30443810654572,2.3033240917705378
2026-03-08 17:00:00+00:00,0.0,0.0,0.0,0.0,-45.30443810654572,2.3033240917705378
2026-03-08 17:05:00+00:00,0.0,0.0,0.0,0.0,-45.30443810654572,2.3033240917705378
2026-03-08 17:10:00+00:00,0.0,0.0,0.0,0.0,-45.30443810654572,2.3033240917705378
2026-03-08 17:15:00+00:00,0.0,0.0,0.0,0.0,-45.30443810654572,2.3033240917705378
2026-03-08 17:20:00+00:00,0.0,0.0,0.0,0.0,-45.30443810654572,2.3033240917705378
2026-03-08 17:25:00+00:00,0.0,0.0,0.0,0.0,-45.30443810654572,2.3033240917705378
2026-03-08 17:30:00+00:00,0.0,0.0,0.0,0.0,-45.30443810654572,2.3033240917705378
2026-03-08 17:35:00+00:00,0.0,0.0,0.0,0.0,-45.30443810654572,2.3033240917705378
2026-03-08 17:40:00+00:00,0.0,0.0,0.0,0.0,-45.30443810654572,2.3033240917705378
2026-03-08 17:45:00+00:00,0.0,0.0,0.0,0.0,-45.30443810654572,2.3033240917705378
2026-03-08 17:50:00+00:00,0.0,0.0,0.0,0.0,-45.30443810654572,2.3033240917705378
2026-03-08 17:55:00+00:00,0.0,0.0,0.0,0.0,-45.30443810654572,2.3033240917705378
2026-03-08 18:00:00+00:00,0.0,0.0,0.0,0.0,-45.30443810654572,2.3033240917705378
2026-03-08 18:05:00+00:00,0.0,0.0,0.0,0.0,-45.30443810654572,2.3033240917705378
2026-03-08 18:10:00+00:00,0.0,0.0,0.0,0.0,-45.30443810654572,2.3033240917705378
2026-03-08 18:15:00+00:00,0.0,0.0,0.0,0.0,-45.30443810654572,2.3033240917705378
2026-03-08 18:20:00+00:00,0.0,0.0,0.0,0.0,-45.30443810654572,2.3033240917705378
2026-03-08 18:25:00+00:00,0.0,0.0,0.0,0.0,-45.30443810654572,2.3033240917705378
2026-03-08 18:30:00+00:00,0.0,0.0,0.0,0.0,-45.30443810654572,2.3033240917705378
2026-03-08 18:35:00+00:00,0.0,0.0,0.0,0.0,-45.30443810654572,2.3033240917705378
2026-03-08 18:40:00+00:00,0.0,0.0,0.0,0.0,-45.30443810654572,2.3033240917705378
2026-03-08 18:45:00+00:00,0.0,0.0,0.0,0.0,-45.30443810654572,2.3033240917705378
2026-03-08 18:50:00+00:00,0.0,0.0,0.0,0.0,-45.30443810654572,2.3033240917705378
2026-03-08 18:55:00+00:00,0.0,0.0,0.0,0.0,-45.30443810654572,2.3033240917705378
2026-03-08 19:00:00+00:00,0.0,0.0,0.0,0.0,-45.30443810654572,2.3033240917705378
2026-03-08 19:05:00+00:00,0.0,0.0,0.0,0.0,-45.30443810654572,2.3033240917705378
2026-03-08 19:10:00+00:00,0.0,0.0,0.0,0.0,-45.30443810654572,2.3033240917705378
2026-03-08 19:15:00+00:00,0.0,0.0,0.0,0.0,-45.30443810654572,2.3033240917705378
2026-03-08 19:20:00+00:00,0.0,0.0,0.0,0.0,-45.30443810654572,2.3033240917705378
2026-03-08 19:25:00+00:00,0.0,0.0,0.0,0.0,-45.30443810654572,2.3033240917705378
2026-03-08 19:30:00+00:00,0.0,0.0,0.0,0.0,-45.30443810654572,2.3033240917705378
2026-03-08 19:35:00+00:00,0.0,0.0,0.0,0.0,-45.30443810654572,2.3033240917705378
2026-03-08 19:40:00+00:00,0.0,0.0,0.0,0.0,-45.30443810654572,2.3033240917705378
2026-03-08 19:45:00+00:00,0.0,0.0,0.0,0.0,-45.30443810654572,2.3033240917705378
2026-03-08 19:50:00+00:00,0.0,0.0,0.0,0.0,-45.30443810654572,2.3033240917705378
2026-03-08 19:55:00+00:00,0.0,0.0,0.0,0.0,-45.30443810654572,2.3033240917705378
2026-03-08 20:00:00+00:00,0.0,0.0,0.0,0.0,-45.30443810654572,2.3033240917705378
2026-03-08 20:05:00+00:00,0.0,0.0,0.0,0.0,-45.30443810654572,2.3033240917705378
2026-03-08 20:10:00+00:00,0.0,0.0,0.0,0.0,-45.30443810654572,2.3033240917705378
2026-03-08 20:15:00+00:00,0.0,0.0,0.0,0.0,-45.30443810654572,2.3033240917705378
2026-03-08 20:20:00+00:00,0.0,0.0,0.0,0.0,-45.30443810654572,2.3033240917705378
2026-03-08 20:25:00+00:00,0.0,0.0,0.0,0.0,-45.30443810654572,2.3033240917705378
2026-03-08 20:30:00+00:00,0.0,0.0,0.0,0.0,-45.30443810654572,2.3033240917705378
2026-03-08 20:35:00+00:00,0.0,0.0,0.0,0.0,-45.30443810654572,2.3033240917705378
2026-03-08 20:40:00+00:00,0.0,0.0,0.0,0.0,-45.30443810654572,2.3033240917705378
2026-03-08 20:45:00+00:00,0.0,0.0,0.0,0.0,-45.30443810654572,2.3033240917705378
2026-03-08 20:50:00+00:00,0.0,0.0,0.0,0.0,-45.30443810654572,2.3033240917705378
2026-03-08 20:55:00+00:00,0.0,0.0,0.0,0.0,-45.30443810654572,2.3033240917705378
2026-03-08 21:00:00+00:00,0.0,0.0,0.0,0.0,-45.30443810654572,2.3033240917705378
2026-03-08 21:05:00+00:00,0.0,0.0,0.0,0.0,-45.30443810654572,2.3033240917705378
2026-03-08 21:10:00+00:00,0.0,0.0,0.0,0.0,-45.30443810654572,2.3033240917705378
2026-03-08 21:15:00+00:00,0.0,0.0,0.0,0.0,-45.30443810654572,2.3033240917705378
2026-03-08 21:20:00+00:00,0.0,0.0,0.0,0.0,-45.30443810654572,2.3033240917705378
2026-03-08 21:25:00+00:00,0.0,0.0,0.0,0.0,-45.30443810654572,2.3033240917705378
2026-03-08 21:30:00+00:00,0.0,0.0,0.0,0.0,-45.30443810654572,2.3033240917705378
2026-03-08 21:35:00+00:00,0.0,0.0,0.0,0.0,-45.30443810654572,2.3033240917705378
2026-03-08 21:40:00+00:00,0.0,0.0,0.0,0.0,-45.30443810654572,2.3033240917705378
2026-03-08 21:45:00+00:00,0.0,0.0,0.0,0.0,-45.30443810654572,2.3033240917705378
2026-03-08 21:50:00+00:00,0.0,0.0,0.0,0.0,-45.30443810654572,2.3033240917705378
2026-03-08 21:55:00+00:00,0.0,0.0,0.0,0.0,-45.30443810654572,2.3033240917705378
2026-03-08 22:00:00+00:00,0.0,0.0,0.0,0.0,-45.30443810654572,2.3033240917705378
2026-03-08 22:05:00+00:00,0.0,0.0,0.0,0.0,-45.30443810654572,2.3033240917705378
2026-03-08 22:10:00+00:00,0.0,0.0,0.0,0.0,-45.30443810654572,2.3033240917705378
2026-03-08 22:15:00+00:00,0.0,0.0,0.0,0.0,-45.30443810654572,2.3033240917705378
2026-03-08 22:20:00+00:00,0.0,0.0,0.0,0.0,-45.30443810654572,2.3033240917705378
2026-03-08 22:25:00+00:00,0.0,0.0,0.0,0.0,-45.30443810654572,2.3033240917705378
2026-03-08 22:30:00+00:00,0.0,0.0,0.0,0.0,-45.30443810654572,2.3033240917705378
2026-03-08 22:35:00+00:00,0.0,0.0,0.0,0.0,-45.30443810654572,2.3033240917705378
2026-03-08 22:40:00+00:00,0.0,0.0,0.0,0.0,-45.30443810654572,2.3033240917705378
2026-03-08 22:45:00+00:00,0.0,0.0,0.0,0.0,-45.30443810654572,2.3033240917705378
2026-03-08 22:50:00+00:00,0.0,0.0,0.0,0.0,-45.30443810654572,2.3033240917705378
2026-03-08 22:55:00+00:00,0.0,0.0,0.0,0.0,-45.30443810654572,2.3033240917705378
2026-03-08 23:00:00+00:00,0.0,0.0,0.0,0.0,-45.30443810654572,2.3033240917705378
2026-03-08 23:05:00+00:00,0.0,0.0,0.0,0.0,-45.30443810654572,2.3033240917705378
2026-03-08 23:10:00+00:00,0.0,0.0,0.0,0.0,-45.30443810654572,2.3033240917705378
2026-03-08 23:15:00+00:00,0.0,0.0,0.0,0.0,-45.30443810654572,2.3033240917705378
2026-03-08 23:20:00+00:00,0.0,0.0,0.0,0.0,-45.30443810654572,2.3033240917705378
2026-03-08 23:25:00+00:00,0.0,0.0,0.0,0.0,-45.30443810654572,2.3033240917705378
2026-03-08 23:30:00+00:00,0.0,0.0,0.0,0.0,-45.30443810654572,2.3033240917705378
2026-03-08 23:35:00+00:00,0.0,0.0,0.0,0.0,-45.30443810654572,2.3033240917705378
2026-03-08 23:40:00+00:00,0.0,0.0,0.0,0.0,-45.30443810654572,2.3033240917705378
2026-03-08 23:45:00+00:00,0.0,0.0,0.0,0.0,-45.30443810654572,2.3033240917705378
2026-03-08 23:50:00+00:00,0.0,0.0,0.0,0.0,-45.30443810654572,2.3033240917705378
2026-03-08 23:55:00+00:00,0.0,0.0,0.0,0.0,-45.30443810654572,2.3033240917705378
2026-03-09 00:00:00+00:00,0.0,0.0,0.0,0.0,-45.30443810654572,2.3033240917705378
2026-03-09 00:05:00+00:00,0.0,0.0,0.0,0.0,-45.30443810654572,2.3033240917705378
2026-03-09 00:10:00+00:00,0.0,0.0,0.0,0.0,-45.30443810654572,2.3033240917705378
2026-03-09 00:15:00+00:00,0.0,0.0,0.0,0.0,-45.30443810654572,2.3033240917705378
2026-03-09 00:20:00+00:00,0.0,0.0,0.0,0.0,-45.30443810654572,2.3033240917705378
2026-03-09 00:25:00+00:00,0.0,0.0,0.0,0.0,-45.30443810654572,2.3033240917705378
2026-03-09 00:30:00+00:00,0.0,0.0,0.0,0.0,-45.30443810654572,2.3033240917705378
2026-03-09 00:35:00+00:00,0.0,0.0,0.0,0.0,-45.30443810654572,2.3033240917705378
2026-03-09 00:40:00+00:00,0.0,0.0,0.0,0.0,-45.30443810654572,2.3033240917705378
2026-03-09 00:45:00+00:00,0.0,0.0,0.0,0.0,-45.30443810654572,2.3033240917705378
2026-03-09 00:50:00+00:00,0.0,0.0,0.0,0.0,-45.30443810654572,2.3033240917705378
2026-03-09 00:55:00+00:00,0.0,0.0,0.0,0.0,-45.30443810654572,2.3033240917705378
2026-03-09 01:00:00+00:00,0.0,0.0,0.0,0.0,-45.30443810654572,2.3033240917705378
2026-03-09 01:05:00+00:00,0.0,0.0,0.0,0.0,-45.30443810654572,2.3033240917705378
2026-03-09 01:10:00+00:00,0.0,0.0,0.0,0.0,-45.30443810654572,2.3033240917705378
2026-03-09 01:15:00+00:00,0.0,0.0,0.0,0.0,-45.30443810654572,2.3033240917705378
2026-03-09 01:20:00+00:00,0.0,0.0,0.0,0.0,-45.30443810654572,2.3033240917705378
2026-03-09 01:25:00+00:00,0.0,0.0,0.0,0.0,-45.30443810654572,2.3033240917705378
2026-03-09 01:30:00+00:00,0.0,0.0,0.0,0.0,-45.30443810654572,2.3033240917705378
2026-03-09 01:35:00+00:00,0.0,0.0,0.0,0.0,-45.30443810654572,2.3033240917705378
2026-03-09 01:40:00+00:00,0.0,0.0,0.0,0.0,-45.30443810654572,2.3033240917705378
2026-03-09 01:45:00+00:00,0.0,0.0,0.0,0.0,-45.30443810654572,2.3033240917705378
2026-03-09 01:50:00+00:00,0.0,0.0,0.0,0.0,-45.30443810654572,2.3033240917705378
2026-03-09 01:55:00+00:00,0.0,0.0,0.0,0.0,-45.30443810654572,2.3033240917705378
2026-03-09 02:00:00+00:00,0.0,0.0,0.0,0.0,-45.30443810654572,2.3033240917705378
2026-03-09 02:05:00+00:00,0.0,0.0,0.0,0.0,-45.30443810654572,2.3033240917705378
2026-03-09 02:10:00+00:00,0.0,0.0,0.0,0.0,-45.30443810654572,2.3033240917705378
2026-03-09 02:15:00+00:00,0.0,0.0,0.0,0.0,-45.30443810654572,2.3033240917705378
2026-03-09 02:20:00+00:00,0.0,0.0,0.0,0.0,-45.30443810654572,2.3033240917705378
2026-03-09 02:25:00+00:00,0.0,0.0,0.0,0.0,-45.30443810654572,2.3033240917705378
2026-03-09 02:30:00+00:00,0.0,0.0,0.0,0.0,-45.30443810654572,2.3033240917705378
2026-03-09 02:35:00+00:00,0.0,0.0,0.0,0.0,-45.30443810654572,2.3033240917705378
2026-03-09 02:40:00+00:00,0.0,0.0,0.0,0.0,-45.30443810654572,2.3033240917705378
2026-03-09 02:45:00+00:00,0.0,0.0,0.0,0.0,-45.30443810654572,2.3033240917705378
2026-03-09 02:50:00+00:00,0.0,0.0,0.0,0.0,-45.30443810654572,2.3033240917705378
2026-03-09 02:55:00+00:00,0.0,0.0,0.0,0.0,-45.30443810654572,2.3033240917705378
2026-03-09 03:00:00+00:00,0.0,0.0,0.0,0.0,-45.30443810654572,2.3033240917705378
2026-03-09 03:05:00+00:00,0.0,0.0,0.0,0.0,-45.30443810654572,2.3033240917705378
2026-03-09 03:10:00+00:00,0.0,0.0,0.0,0.0,-45.30443810654572,2.3033240917705378
2026-03-09 03:15:00+00:00,0.0,0.0,0.0,0.0,-45.30443810654572,2.3033240917705378
2026-03-09 03:20:00+00:00,0.0,0.0,0.0,0.0,-45.30443810654572,2.3033240917705378
2026-03-09 03:25:00+00:00,0.0,0.0,0.0,0.0,-45.30443810654572,2.3033240917705378
2026-03-09 03:30:00+00:00,0.0,0.0,0.0,0.0,-45.30443810654572,2.3033240917705378
2026-03-09 03:35:00+00:00,0.0,0.0,0.0,0.0,-45.30443810654572,2.3033240917705378
2026-03-09 03:40:00+00:00,0.0,0.0,0.0,0.0,-45.30443810654572,2.3033240917705378
2026-03-09 03:45:00+00:00,0.0,0.0,0.0,0.0,-45.30443810654572,2.3033240917705378
2026-03-09 03:50:00+00:00,0.0,0.0,0.0,0.0,-45.30443810654572,2.3033240917705378
2026-03-09 03:55:00+00:00,0.0,0.0,0.0,0.0,-45.30443810654572,2.3033240917705378
2026-03-09 04:00:00+00:00,0.0,0.0,0.0,0.0,-45.30443810654572,2.3033240917705378
2026-03-09 04:05:00+00:00,0.0,0.0,0.0,0.0,-45.30443810654572,2.3033240917705378
2026-03-09 04:10:00+00:00,0.0,0.0,0.0,0.0,-45.30443810654572,2.3033240917705378
2026-03-09 04:15:00+00:00,0.0,0.0,0.0,0.0,-45.30443810654572,2.3033240917705378
2026-03-09 04:20:00+00:00,0.0,0.0,0.0,0.0,-45.30443810654572,2.3033240917705378
2026-03-09 04:25:00+00:00,0.0,0.0,0.0,0.0,-45.30443810654572,2.3033240917705378
2026-03-09 04:30:00+00:00,0.0,0.0,0.0,0.0,-45.30443810654572,2.3033240917705378
2026-03-09 04:35:00+00:00,0.0,0.0,0.0,0.0,-45.30443810654572,2.3033240917705378
2026-03-09 04:40:00+00:00,0.0,0.0,0.0,0.0,-45.30443810654572,2.3033240917705378
2026-03-09 04:45:00+00:00,0.0,0.0,0.0,0.0,-45.30443810654572,2.3033240917705378
2026-03-09 04:50:00+00:00,0.0,0.0,0.0,0.0,-45.30443810654572,2.3033240917705378
2026-03-09 04:55:00+00:00,0.0,0.0,0.0,0.0,-45.30443810654572,2.3033240917705378
2026-03-09 05:00:00+00:00,0.0,0.0,0.0,0.0,-45.30443810654572,2.3033240917705378
2026-03-09 05:05:00+00:00,0.0,0.0,0.0,0.0,-45.30443810654572,2.3033240917705378
2026-03-09 05:10:00+00:00,0.0,0.0,0.0,0.0,-45.30443810654572,2.3033240917705378
2026-03-09 05:15:00+00:00,0.0,0.0,0.0,0.0,-45.30443810654572,2.3033240917705378
2026-03-09 05:20:00+00:00,0.0,0.0,0.0,0.0,-45.30443810654572,2.3033240917705378
2026-03-09 05:25:00+00:00,0.0,0.0,0.0,0.0,-45.30443810654572,2.3033240917705378
2026-03-09 05:30:00+00:00,0.0,0.0,0.0,0.0,-45.30443810654572,2.3033240917705378
2026-03-09 05:35:00+00:00,0.0,0.0,0.0,0.0,-45.30443810654572,2.3033240917705378
2026-03-09 05:40:00+00:00,0.0,0.0,0.0,0.0,-45.30443810654572,2.3033240917705378
2026-03-09 05:45:00+00:00,0.0,0.0,0.0,0.0,-45.30443810654572,2.3033240917705378
2026-03-09 05:50:00+00:00,0.0,0.0,0.0,0.0,-45.30443810654572,2.3033240917705378
2026-03-09 05:55:00+00:00,0.0,0.0,0.0,0.0,-45.30443810654572,2.3033240917705378
2026-03-09 06:00:00+00:00,0.0,0.0,0.0,0.0,-45.30443810654572,2.3033240917705378
2026-03-09 06:05:00+00:00,0.0,0.0,0.0,0.0,-45.30443810654572,2.3033240917705378
2026-03-09 06:10:00+00:00,0.0,0.0,0.0,0.0,-45.30443810654572,2.3033240917705378
2026-03-09 06:15:00+00:00,0.0,0.0,0.0,0.0,-45.30443810654572,2.3033240917705378
2026-03-09 06:20:00+00:00,0.0,0.0,0.0,0.0,-45.30443810654572,2.3033240917705378
2026-03-09 06:25:00+00:00,0.0,0.0,0.0,0.0,-45.30443810654572,2.3033240917705378
2026-03-09 06:30:00+00:00,0.0,0.0,0.0,0.0,-45.30443810654572,2.3033240917705378
2026-03-09 06:35:00+00:00,0.0,0.0,0.0,0.0,-45.30443810654572,2.3033240917705378
2026-03-09 06:40:00+00:00,0.0,0.0,0.0,0.0,-45.30443810654572,2.3033240917705378
2026-03-09 06:45:00+00:00,0.0,0.0,0.0,0.0,-45.30443810654572,2.3033240917705378
2026-03-09 06:50:00+00:00,0.0,0.0,0.0,0.0,-45.30443810654572,2.3033240917705378
2026-03-09 06:55:00+00:00,0.0,0.0,0.0,0.0,-45.30443810654572,2.3033240917705378
2026-03-09 07:00:00+00:00,0.0,0.0,0.0,0.0,-45.30443810654572,2.3033240917705378
2026-03-09 07:05:00+00:00,0.0,0.0,0.0,0.0,-45.30443810654572,2.3033240917705378
2026-03-09 07:10:00+00:00,0.0,0.0,0.0,0.0,-45.30443810654572,2.3033240917705378
2026-03-09 07:15:00+00:00,0.0,0.0,0.0,0.0,-45.30443810654572,2.3033240917705378
2026-03-09 07:20:00+00:00,0.0,0.0,0.0,0.0,-45.30443810654572,2.3033240917705378
2026-03-09 07:25:00+00:00,0.0,0.0,0.0,0.0,-45.30443810654572,2.3033240917705378
2026-03-09 07:30:00+00:00,0.0,0.0,0.0,0.0,-45.30443810654572,2.3033240917705378
2026-03-09 07:35:00+00:00,0.0,0.0,0.0,0.0,-45.30443810654572,2.3033240917705378
2026-03-09 07:40:00+00:00,0.0,0.0,0.0,0.0,-45.30443810654572,2.3033240917705378
2026-03-09 07:45:00+00:00,0.0,0.0,0.0,0.0,-45.30443810654572,2.3033240917705378
2026-03-09 07:50:00+00:00,0.0,0.0,0.0,0.0,-45.30443810654572,2.3033240917705378
2026-03-09 07:55:00+00:00,0.0,0.0,0.0,0.0,-45.30443810654572,2.3033240917705378
2026-03-09 08:00:00+00:00,0.0,0.0,0.0,0.0,-45.30443810654572,2.3033240917705378
2026-03-09 08:05:00+00:00,0.0,0.0,0.0,0.0,-45.30443810654572,2.3033240917705378
2026-03-09 08:10:00+00:00,0.0,0.0,0.0,0.0,-45.30443810654572,2.3033240917705378
2026-03-09 08:15:00+00:00,0.0,0.0,0.0,0.0,-45.30443810654572,2.3033240917705378
2026-03-09 08:20:00+00:00,0.0,0.0,0.0,0.0,-45.30443810654572,2.3033240917705378
2026-03-09 08:25:00+00:00,0.0,0.0,0.0,0.0,-45.30443810654572,2.3033240917705378
2026-03-09 08:30:00+00:00,0.0,0.0,0.0,0.0,-45.30443810654572,2.3033240917705378
2026-03-09 08:35:00+00:00,0.0,0.0,0.0,0.0,-45.30443810654572,2.3033240917705378
2026-03-09 08:40:00+00:00,0.0,0.0,0.0,0.0,-45.30443810654572,2.3033240917705378
2026-03-09 08:45:00+00:00,0.0,0.0,0.0,0.0,-45.30443810654572,2.3033240917705378
2026-03-09 08:50:00+00:00,0.0,0.0,0.0,0.0,-45.30443810654572,2.3033240917705378
2026-03-09 08:55:00+00:00,0.0,0.0,0.0,0.0,-45.30443810654572,2.3033240917705378
2026-03-09 09:00:00+00:00,0.0,0.0,0.0,0.0,-45.30443810654572,2.3033240917705378
2026-03-09 09:05:00+00:00,0.0,0.0,0.0,0.0,-45.30443810654572,2.3033240917705378
2026-03-09 09:10:00+00:00,0.0,0.0,0.0,0.0,-45.30443810654572,2.3033240917705378
2026-03-09 09:15:00+00:00,0.0,0.0,0.0,0.0,-45.30443810654572,2.3033240917705378
2026-03-09 09:20:00+00:00,0.0,0.0,0.0,0.0,-45.30443810654572,2.3033240917705378
2026-03-09 09:25:00+00:00,0.0,0.0,0.0,0.0,-45.30443810654572,2.3033240917705378
2026-03-09 09:30:00+00:00,0.0,0.0,0.0,0.0,-45.30443810654572,2.3033240917705378
2026-03-09 09:35:00+00:00,0.0,0.0,0.0,0.0,-45.30443810654572,2.3033240917705378
2026-03-09 09:40:00+00:00,0.0,0.0,0.0,0.0,-45.30443810654572,2.3033240917705378
2026-03-09 09:45:00+00:00,0.0,0.0,0.0,0.0,-45.30443810654572,2.3033240917705378
2026-03-09 09:50:00+00:00,0.0,0.0,0.0,0.0,-45.30443810654572,2.3033240917705378
2026-03-09 09:55:00+00:00,0.0,0.0,0.0,0.0,-45.30443810654572,2.3033240917705378
2026-03-09 10:00:00+00:00,0.0,0.0,0.0,0.0,-45.30443810654572,2.3033240917705378
2026-03-09 10:05:00+00:00,0.0,0.0,0.0,0.0,-45.30443810654572,2.3033240917705378
2026-03-09 10:10:00+00:00,0.0,0.0,0.0,0.0,-45.30443810654572,2.3033240917705378
2026-03-09 10:15:00+00:00,0.0,0.0,0.0,0.0,-45.30443810654572,2.3033240917705378
2026-03-09 10:20:00+00:00,0.0,0.0,0.0,0.0,-45.30443810654572,2.3033240917705378
2026-03-09 10:25:00+00:00,0.0,0.0,0.0,0.0,-45.30443810654572,2.3033240917705378
2026-03-09 10:30:00+00:00,0.0,0.0,0.0,0.0,-45.30443810654572,2.3033240917705378
2026-03-09 10:35:00+00:00,0.0,0.0,0.0,0.0,-45.30443810654572,2.3033240917705378
2026-03-09 10:40:00+00:00,0.0,0.0,0.0,0.0,-45.30443810654572,2.3033240917705378
2026-03-09 10:45:00+00:00,0.0,0.0,0.0,0.0,-45.30443810654572,2.3033240917705378
2026-03-09 10:50:00+00:00,0.0,0.0,0.0,0.0,-45.30443810654572,2.3033240917705378
2026-03-09 10:55:00+00:00,0.0,0.0,0.0,0.0,-45.30443810654572,2.3033240917705378
2026-03-09 11:00:00+00:00,0.0,0.0,0.0,0.0,-45.30443810654572,2.3033240917705378
2026-03-09 11:05:00+00:00,0.0,0.0,0.0,0.0,-45.30443810654572,2.3033240917705378
2026-03-09 11:10:00+00:00,0.0,0.0,0.0,0.0,-45.30443810654572,2.3033240917705378
2026-03-09 11:15:00+00:00,0.0,0.0,0.0,0.0,-45.30443810654572,2.3033240917705378
2026-03-09 11:20:00+00:00,0.0,0.0,0.0,0.0,-45.30443810654572,2.3033240917705378
2026-03-09 11:25:00+00:00,0.0,0.0,0.0,0.0,-45.30443810654572,2.3033240917705378
2026-03-09 11:30:00+00:00,0.0,0.0,0.0,0.0,-45.30443810654572,2.3033240917705378
2026-03-09 11:35:00+00:00,0.0,0.0,0.0,0.0,-45.30443810654572,2.3033240917705378
2026-03-09 11:40:00+00:00,0.0,0.0,0.0,0.0,-45.30443810654572,2.3033240917705378
2026-03-09 11:45:00+00:00,0.0,0.0,0.0,0.0,-45.30443810654572,2.3033240917705378
2026-03-09 11:50:00+00:00,0.0,0.0,0.0,0.0,-45.30443810654572,2.3033240917705378
2026-03-09 11:55:00+00:00,0.0,0.0,0.0,0.0,-45.30443810654572,2.3033240917705378
2026-03-09 12:00:00+00:00,0.0,0.0,0.0,0.0,-45.30443810654572,2.3033240917705378
2026-03-09 12:05:00+00:00,0.0,0.0,0.0,0.0,-45.30443810654572,2.3033240917705378
2026-03-09 12:10:00+00:00,0.0,0.0,0.0,0.0,-45.30443810654572,2.3033240917705378
2026-03-09 12:15:00+00:00,0.0,0.0,0.0,0.0,-45.30443810654572,2.3033240917705378
2026-03-09 12:20:00+00:00,0.0,0.0,0.0,0.0,-45.30443810654572,2.3033240917705378
2026-03-09 12:25:00+00:00,0.0,0.0,0.0,0.0,-45.30443810654572,2.3033240917705378
2026-03-09 12:30:00+00:00,0.0,0.0,0.0,0.0,-45.30443810654572,2.3033240917705378
2026-03-09 12:35:00+00:00,0.0,0.0,0.0,0.0,-45.30443810654572,2.3033240917705378
2026-03-09 12:40:00+00:00,0.0,0.0,0.0,0.0,-45.30443810654572,2.3033240917705378
2026-03-09 12:45:00+00:00,0.0,0.0,0.0,0.0,-45.30443810654572,2.3033240917705378
2026-03-09 12:50:00+00:00,0.0,0.0,0.0,0.0,-45.30443810654572,2.3033240917705378
2026-03-09 12:55:00+00:00,0.0,0.0,0.0,0.0,-45.30443810654572,2.3033240917705378
2026-03-09 13:00:00+00:00,0.0,0.0,0.0,0.0,-45.30443810654572,2.3033240917705378
2026-03-09 13:05:00+00:00,0.0,0.0,0.0,0.0,-45.30443810654572,2.3033240917705378
2026-03-09 13:10:00+00:00,0.0,0.0,0.0,0.0,-45.30443810654572,2.3033240917705378
2026-03-09 13:15:00+00:00,0.0,0.0,0.0,0.0,-45.30443810654572,2.3033240917705378
2026-03-09 13:20:00+00:00,0.0,0.0,0.0,0.0,-45.30443810654572,2.3033240917705378
2026-03-09 13:25:00+00:00,0.0,0.0,0.0,0.0,-45.30443810654572,2.3033240917705378
2026-03-09 13:30:00+00:00,0.0,0.0,0.0,0.0,-45.30443810654572,2.3033240917705378
2026-03-09 13:35:00+00:00,0.0,0.0,0.0,0.0,-45.30443810654572,2.3033240917705378
2026-03-09 13:40:00+00:00,0.0,0.0,0.0,0.0,-45.30443810654572,2.3033240917705378
2026-03-09 13:45:00+00:00,0.0,0.0,0.0,0.0,-45.30443810654572,2.3033240917705378
2026-03-09 13:50:00+00:00,0.0,0.0,0.0,0.0,-45.30443810654572,2.3033240917705378
2026-03-09 13:55:00+00:00,0.0,0.0,0.0,0.0,-45.30443810654572,2.3033240917705378
2026-03-09 14:00:00+00:00,0.0,0.0,0.0,0.0,-45.30443810654572,2.3033240917705378
2026-03-09 14:05:00+00:00,0.0,0.0,0.0,0.0,-45.30443810654572,2.3033240917705378
2026-03-09 14:10:00+00:00,0.0,0.0,0.0,0.0,-45.30443810654572,2.3033240917705378
2026-03-09 14:15:00+00:00,0.0,0.0,0.0,0.0,-45.30443810654572,2.3033240917705378
2026-03-09 14:20:00+00:00,0.0,0.0,0.0,0.0,-45.30443810654572,2.3033240917705378
2026-03-09 14:25:00+00:00,0.0,0.0,0.0,0.0,-45.30443810654572,2.3033240917705378
2026-03-09 14:30:00+00:00,0.0,0.0,0.0,0.0,-45.30443810654572,2.3033240917705378
2026-03-09 14:35:00+00:00,0.0,0.0,0.0,0.0,-45.30443810654572,2.3033240917705378
2026-03-09 14:40:00+00:00,0.0,0.0,0.0,0.0,-45.30443810654572,2.3033240917705378
2026-03-09 14:45:00+00:00,0.0,0.0,0.0,0.0,-45.30443810654572,2.3033240917705378
2026-03-09 14:50:00+00:00,0.0,0.0,0.0,0.0,-45.30443810654572,2.3033240917705378
2026-03-09 14:55:00+00:00,0.0,0.0,0.0,0.0,-45.30443810654572,2.3033240917705378
2026-03-09 15:00:00+00:00,0.0,0.0,0.0,0.0,-45.30443810654572,2.3033240917705378
2026-03-09 15:05:00+00:00,0.0,0.0,0.0,0.0,-45.30443810654572,2.3033240917705378
2026-03-09 15:10:00+00:00,0.0,0.0,0.0,0.0,-45.30443810654572,2.3033240917705378
2026-03-09 15:15:00+00:00,0.0,0.0,0.0,0.0,-45.30443810654572,2.3033240917705378
2026-03-09 15:20:00+00:00,0.0,0.0,0.0,0.0,-45.30443810654572,2.3033240917705378
2026-03-09 15:25:00+00:00,0.0,0.0,0.0,0.0,-45.30443810654572,2.3033240917705378
2026-03-09 15:30:00+00:00,0.0,0.0,0.0,0.0,-45.30443810654572,2.3033240917705378
2026-03-09 15:35:00+00:00,0.0,0.0,0.0,0.0,-45.30443810654572,2.3033240917705378
2026-03-09 15:40:00+00:00,0.0,0.0,0.0,0.0,-45.30443810654572,2.3033240917705378
2026-03-09 15:45:00+00:00,0.0,0.0,0.0,0.0,-45.30443810654572,2.3033240917705378
2026-03-09 15:50:00+00:00,0.0,0.0,0.0,0.0,-45.30443810654572,2.3033240917705378
2026-03-09 15:55:00+00:00,0.0,0.0,0.0,0.0,-45.30443810654572,2.3033240917705378
2026-03-09 16:00:00+00:00,0.0,0.0,0.0,0.0,-45.30443810654572,2.3033240917705378
2026-03-09 16:05:00+00:00,0.0,0.0,0.0,0.0,-45.30443810654572,2.3033240917705378
2026-03-09 16:10:00+00:00,0.0,0.0,0.0,0.0,-45.30443810654572,2.3033240917705378
2026-03-09 16:15:00+00:00,0.0,0.0,0.0,0.0,-45.30443810654572,2.3033240917705378
2026-03-09 16:20:00+00:00,0.0,0.0,0.0,0.0,-45.30443810654572,2.3033240917705378
2026-03-09 16:25:00+00:00,0.0,0.0,0.0,0.0,-45.30443810654572,2.3033240917705378
2026-03-09 16:30:00+00:00,0.0,0.0,0.0,0.0,-45.30443810654572,2.3033240917705378
2026-03-09 16:35:00+00:00,0.0,0.0,0.0,0.0,-45.30443810654572,2.3033240917705378
2026-03-09 16:40:00+00:00,0.0,0.0,0.0,0.0,-45.30443810654572,2.3033240917705378
2026-03-09 16:45:00+00:00,0.0,0.0,0.0,0.0,-45.30443810654572,2.3033240917705378
2026-03-09 16:50:00+00:00,0.0,0.0,0.0,0.0,-45.30443810654572,2.3033240917705378
2026-03-09 16:55:00+00:00,0.0,0.0,0.0,0.0,-45.30443810654572,2.3033240917705378
2026-03-09 17:00:00+00:00,0.0,0.0,0.0,0.0,-45.30443810654572,2.3033240917705378
2026-03-09 17:05:00+00:00,0.0,0.0,0.0,0.0,-45.30443810654572,2.3033240917705378
2026-03-09 17:10:00+00:00,0.0,0.0,0.0,0.0,-45.30443810654572,2.3033240917705378
2026-03-09 17:15:00+00:00,0.0,0.0,0.0,0.0,-45.30443810654572,2.3033240917705378
2026-03-09 17:20:00+00:00,0.0,0.0,0.0,0.0,-45.30443810654572,2.3033240917705378
2026-03-09 17:25:00+00:00,0.0,0.0,0.0,0.0,-45.30443810654572,2.3033240917705378
2026-03-09 17:30:00+00:00,0.0,0.0,0.0,0.0,-45.30443810654572,2.3033240917705378
2026-03-09 17:35:00+00:00,0.0,0.0,0.0,0.0,-45.30443810654572,2.3033240917705378
2026-03-09 17:40:00+00:00,0.0,0.0,0.0,0.0,-45.30443810654572,2.3033240917705378
2026-03-09 17:45:00+00:00,0.0,0.0,0.0,0.0,-45.30443810654572,2.3033240917705378
2026-03-09 17:50:00+00:00,0.0,0.0,0.0,0.0,-45.30443810654572,2.3033240917705378
2026-03-09 17:55:00+00:00,0.0,0.0,0.0,0.0,-45.30443810654572,2.3033240917705378
2026-03-09 18:00:00+00:00,0.0,0.0,0.0,0.0,-45.30443810654572,2.3033240917705378
2026-03-09 18:05:00+00:00,0.0,0.0,0.0,0.0,-45.30443810654572,2.3033240917705378
2026-03-09 18:10:00+00:00,0.0,0.0,0.0,0.0,-45.30443810654572,2.3033240917705378
2026-03-09 18:15:00+00:00,0.0,0.0,0.0,0.0,-45.30443810654572,2.3033240917705378
2026-03-09 18:20:00+00:00,0.0,0.0,0.0,0.0,-45.30443810654572,2.3033240917705378
2026-03-09 18:25:00+00:00,0.0,0.0,0.0,0.0,-45.30443810654572,2.3033240917705378
2026-03-09 18:30:00+00:00,0.0,0.0,0.0,0.0,-45.30443810654572,2.3033240917705378
2026-03-09 18:35:00+00:00,0.0,0.0,0.0,0.0,-45.30443810654572,2.3033240917705378
2026-03-09 18:40:00+00:00,0.0,0.0,0.0,0.0,-45.30443810654572,2.3033240917705378
2026-03-09 18:45:00+00:00,0.0,0.0,0.0,0.0,-45.30443810654572,2.3033240917705378
2026-03-09 18:50:00+00:00,0.0,0.0,0.0,0.0,-45.30443810654572,2.3033240917705378
2026-03-09 18:55:00+00:00,0.0,0.0,0.0,0.0,-45.30443810654572,2.3033240917705378
2026-03-09 19:00:00+00:00,0.0,0.0,0.0,0.0,-45.30443810654572,2.3033240917705378
2026-03-09 19:05:00+00:00,0.0,0.0,0.0,0.0,-45.30443810654572,2.3033240917705378
2026-03-09 19:10:00+00:00,0.0,0.0,0.0,0.0,-45.30443810654572,2.3033240917705378
2026-03-09 19:15:00+00:00,0.0,0.0,0.0,0.0,-45.30443810654572,2.3033240917705378
2026-03-09 19:20:00+00:00,0.0,0.0,0.0,0.0,-45.30443810654572,2.3033240917705378
2026-03-09 19:25:00+00:00,0.0,0.0,0.0,0.0,-45.30443810654572,2.3033240917705378
2026-03-09 19:30:00+00:00,0.0,0.0,0.0,0.0,-45.30443810654572,2.3033240917705378
2026-03-09 19:35:00+00:00,0.0,0.0,0.0,0.0,-45.30443810654572,2.3033240917705378
2026-03-09 19:40:00+00:00,0.0,0.0,0.0,0.0,-45.30443810654572,2.3033240917705378
2026-03-09 19:45:00+00:00,0.0,0.0,0.0,0.0,-45.30443810654572,2.3033240917705378
2026-03-09 19:50:00+00:00,0.0,0.0,0.0,0.0,-45.30443810654572,2.3033240917705378
2026-03-09 19:55:00+00:00,0.0,0.0,0.0,0.0,-45.30443810654572,2.3033240917705378
2026-03-09 20:00:00+00:00,0.0,0.0,0.0,0.0,-45.30443810654572,2.3033240917705378
2026-03-09 20:05:00+00:00,0.0,0.0,0.0,0.0,-45.30443810654572,2.3033240917705378
2026-03-09 20:10:00+00:00,0.0,0.0,0.0,0.0,-45.30443810654572,2.3033240917705378
2026-03-09 20:15:00+00:00,0.0,0.0,0.0,0.0,-45.30443810654572,2.3033240917705378
2026-03-09 20:20:00+00:00,0.0,0.0,0.0,0.0,-45.30443810654572,2.3033240917705378
2026-03-09 20:25:00+00:00,0.0,0.0,0.0,0.0,-45.30443810654572,2.3033240917705378
2026-03-09 20:30:00+00:00,0.0,0.0,0.0,0.0,-45.30443810654572,2.3033240917705378
2026-03-09 20:35:00+00:00,0.0,0.0,0.0,0.0,-45.30443810654572,2.3033240917705378
2026-03-09 20:40:00+00:00,0.0,0.0,0.0,0.0,-45.30443810654572,2.3033240917705378
2026-03-09 20:45:00+00:00,0.0,0.0,0.0,0.0,-45.30443810654572,2.3033240917705378
2026-03-09 20:50:00+00:00,0.0,0.0,0.0,0.0,-45.30443810654572,2.3033240917705378
2026-03-09 20:55:00+00:00,0.0,0.0,0.0,0.0,-45.30443810654572,2.3033240917705378
2026-03-09 21:00:00+00:00,0.0,0.0,0.0,0.0,-45.30443810654572,2.3033240917705378
2026-03-09 21:05:00+00:00,0.0,0.0,0.0,0.0,-45.30443810654572,2.3033240917705378
2026-03-09 21:10:00+00:00,0.0,0.0,0.0,0.0,-45.30443810654572,2.3033240917705378
2026-03-09 21:15:00+00:00,0.0,0.0,0.0,0.0,-45.30443810654572,2.3033240917705378
2026-03-09 21:20:00+00:00,0.0,0.0,0.0,0.0,-45.30443810654572,2.3033240917705378
2026-03-09 21:25:00+00:00,0.0,0.0,0.0,0.0,-45.30443810654572,2.3033240917705378
2026-03-09 21:30:00+00:00,0.0,0.0,0.0,0.0,-45.30443810654572,2.3033240917705378
2026-03-09 21:35:00+00:00,0.0,0.0,0.0,0.0,-45.30443810654572,2.3033240917705378
2026-03-09 21:40:00+00:00,0.0,0.0,0.0,0.0,-45.30443810654572,2.3033240917705378
2026-03-09 21:45:00+00:00,0.0,0.0,0.0,0.0,-45.30443810654572,2.3033240917705378
2026-03-09 21:50:00+00:00,0.0,0.0,0.0,0.0,-45.30443810654572,2.3033240917705378
2026-03-09 21:55:00+00:00,0.0,0.0,0.0,0.0,-45.30443810654572,2.3033240917705378
2026-03-09 22:00:00+00:00,0.0,0.0,0.0,0.0,-45.30443810654572,2.3033240917705378
2026-03-09 22:05:00+00:00,0.0,0.0,0.0,0.0,-45.30443810654572,2.3033240917705378
2026-03-09 22:10:00+00:00,0.0,0.0,0.0,0.0,-45.30443810654572,2.3033240917705378
2026-03-09 22:15:00+00:00,0.0,0.0,0.0,0.0,-45.30443810654572,2.3033240917705378
2026-03-09 22:20:00+00:00,0.0,0.0,0.0,0.0,-45.30443810654572,2.3033240917705378
2026-03-09 22:25:00+00:00,0.0,0.0,0.0,0.0,-45.30443810654572,2.3033240917705378
2026-03-09 22:30:00+00:00,0.0,0.0,0.0,0.0,-45.30443810654572,2.3033240917705378
2026-03-09 22:35:00+00:00,0.0,0.0,0.0,0.0,-45.30443810654572,2.3033240917705378
2026-03-09 22:40:00+00:00,0.0,0.0,0.0,0.0,-45.30443810654572,2.3033240917705378
2026-03-09 22:45:00+00:00,0.0,0.0,0.0,0.0,-45.30443810654572,2.3033240917705378
2026-03-09 22:50:00+00:00,0.0,0.0,0.0,0.0,-45.30443810654572,2.3033240917705378
2026-03-09 22:55:00+00:00,0.0,0.0,0.0,0.0,-45.30443810654572,2.3033240917705378
2026-03-09 23:00:00+00:00,0.0,0.0,0.0,0.0,-45.30443810654572,2.3033240917705378
2026-03-09 23:05:00+00:00,0.0,0.0,0.0,0.0,-45.30443810654572,2.3033240917705378
2026-03-09 23:10:00+00:00,0.0,0.0,0.0,0.0,-45.30443810654572,2.3033240917705378
2026-03-09 23:15:00+00:00,0.0,0.0,0.0,0.0,-45.30443810654572,2.3033240917705378
2026-03-09 23:20:00+00:00,0.0,0.0,0.0,0.0,-45.30443810654572,2.3033240917705378
2026-03-09 23:25:00+00:00,0.0,0.0,0.0,0.0,-45.30443810654572,2.3033240917705378
2026-03-09 23:30:00+00:00,0.0,0.0,0.0,0.0,-45.30443810654572,2.3033240917705378
2026-03-09 23:35:00+00:00,0.0,0.0,0.0,0.0,-45.30443810654572,2.3033240917705378
2026-03-09 23:40:00+00:00,0.0,0.0,0.0,0.0,-45.30443810654572,2.3033240917705378
2026-03-09 23:45:00+00:00,0.0,0.0,0.0,0.0,-45.30443810654572,2.3033240917705378
2026-03-09 23:50:00+00:00,0.0,0.0,0.0,0.0,-45.30443810654572,2.3033240917705378
2026-03-09 23:55:00+00:00,0.0,0.0,0.0,0.0,-45.30443810654572,2.3033240917705378
2026-03-10 00:00:00+00:00,0.0,0.0,0.0,0.0,-45.30443810654572,2.3033240917705378
2026-03-10 00:05:00+00:00,0.0,0.0,0.0,0.0,-45.30443810654572,2.3033240917705378
2026-03-10 00:10:00+00:00,0.0,0.0,0.0,0.0,-45.30443810654572,2.3033240917705378
2026-03-10 00:15:00+00:00,0.0,0.0,0.0,0.0,-45.30443810654572,2.3033240917705378
2026-03-10 00:20:00+00:00,0.0,0.0,0.0,0.0,-45.30443810654572,2.3033240917705378
2026-03-10 00:25:00+00:00,0.0,0.0,0.0,0.0,-45.30443810654572,2.3033240917705378
2026-03-10 00:30:00+00:00,0.0,0.0,0.0,0.0,-45.30443810654572,2.3033240917705378
2026-03-10 00:35:00+00:00,0.0,0.0,0.0,0.0,-45.30443810654572,2.3033240917705378
2026-03-10 00:40:00+00:00,0.0,0.0,0.0,0.0,-45.30443810654572,2.3033240917705378
2026-03-10 00:45:00+00:00,0.0,0.0,0.0,0.0,-45.30443810654572,2.3033240917705378
2026-03-10 00:50:00+00:00,0.0,0.0,0.0,0.0,-45.30443810654572,2.3033240917705378
2026-03-10 00:55:00+00:00,0.0,0.0,0.0,0.0,-45.30443810654572,2.3033240917705378
2026-03-10 01:00:00+00:00,0.0,0.0,0.0,0.0,-45.30443810654572,2.3033240917705378
2026-03-10 01:05:00+00:00,0.0,0.0,0.0,0.0,-45.30443810654572,2.3033240917705378
2026-03-10 01:10:00+00:00,0.0,0.0,0.0,0.0,-45.30443810654572,2.3033240917705378
2026-03-10 01:15:00+00:00,0.0,0.0,0.0,0.0,-45.30443810654572,2.3033240917705378
2026-03-10 01:20:00+00:00,0.0,0.0,0.0,0.0,-45.30443810654572,2.3033240917705378
2026-03-10 01:25:00+00:00,0.0,0.0,0.0,0.0,-45.30443810654572,2.3033240917705378
2026-03-10 01:30:00+00:00,0.0,0.0,0.0,0.0,-45.30443810654572,2.3033240917705378
2026-03-10 01:35:00+00:00,0.0,0.0,0.0,0.0,-45.30443810654572,2.3033240917705378
2026-03-10 01:40:00+00:00,0.0,0.0,0.0,0.0,-45.30443810654572,2.3033240917705378
2026-03-10 01:45:00+00:00,0.0,0.0,0.0,0.0,-45.30443810654572,2.3033240917705378
2026-03-10 01:50:00+00:00,0.0,0.0,0.0,0.0,-45.30443810654572,2.3033240917705378
2026-03-10 01:55:00+00:00,0.0,0.0,0.0,0.0,-45.30443810654572,2.3033240917705378
2026-03-10 02:00:00+00:00,0.0,0.0,0.0,0.0,-45.30443810654572,2.3033240917705378
2026-03-10 02:05:00+00:00,0.0,0.0,0.0,0.0,-45.30443810654572,2.3033240917705378
2026-03-10 02:10:00+00:00,0.0,0.0,0.0,0.0,-45.30443810654572,2.3033240917705378
2026-03-10 02:15:00+00:00,0.0,0.0,0.0,0.0,-45.30443810654572,2.3033240917705378
2026-03-10 02:20:00+00:00,0.0,0.0,0.0,0.0,-45.30443810654572,2.3033240917705378
2026-03-10 02:25:00+00:00,0.0,0.0,0.0,0.0,-45.30443810654572,2.3033240917705378
2026-03-10 02:30:00+00:00,0.0,0.0,0.0,0.0,-45.30443810654572,2.3033240917705378
2026-03-10 02:35:00+00:00,0.0,0.0,0.0,0.0,-45.30443810654572,2.3033240917705378
2026-03-10 02:40:00+00:00,0.0,0.0,0.0,0.0,-45.30443810654572,2.3033240917705378
2026-03-10 02:45:00+00:00,0.0,0.0,0.0,0.0,-45.30443810654572,2.3033240917705378
2026-03-10 02:50:00+00:00,0.0,0.0,0.0,0.0,-45.30443810654572,2.3033240917705378
2026-03-10 02:55:00+00:00,0.0,0.0,0.0,0.0,-45.30443810654572,2.3033240917705378
2026-03-10 03:00:00+00:00,0.0,0.0,0.0,0.0,-45.30443810654572,2.3033240917705378
2026-03-10 03:05:00+00:00,0.0,0.0,0.0,0.0,-45.30443810654572,2.3033240917705378
2026-03-10 03:10:00+00:00,0.0,0.0,0.0,0.0,-45.30443810654572,2.3033240917705378
2026-03-10 03:15:00+00:00,0.0,0.0,0.0,0.0,-45.30443810654572,2.3033240917705378
2026-03-10 03:20:00+00:00,0.0,0.0,0.0,0.0,-45.30443810654572,2.3033240917705378
2026-03-10 03:25:00+00:00,0.0,0.0,0.0,0.0,-45.30443810654572,2.3033240917705378
2026-03-10 03:30:00+00:00,0.0,0.0,0.0,0.0,-45.30443810654572,2.3033240917705378
2026-03-10 03:35:00+00:00,0.0,0.0,0.0,0.0,-45.30443810654572,2.3033240917705378
2026-03-10 03:40:00+00:00,0.0,0.0,0.0,0.0,-45.30443810654572,2.3033240917705378
2026-03-10 03:45:00+00:00,0.0,0.0,0.0,0.0,-45.30443810654572,2.3033240917705378
2026-03-10 03:50:00+00:00,0.0,0.0,0.0,0.0,-45.30443810654572,2.3033240917705378
2026-03-10 03:55:00+00:00,0.0,0.0,0.0,0.0,-45.30443810654572,2.3033240917705378
2026-03-10 04:00:00+00:00,0.0,0.0,0.0,0.0,-45.30443810654572,2.3033240917705378
2026-03-10 04:05:00+00:00,0.0,0.0,0.0,0.0,-45.30443810654572,2.3033240917705378
2026-03-10 04:10:00+00:00,0.0,0.0,0.0,0.0,-45.30443810654572,2.3033240917705378
2026-03-10 04:15:00+00:00,0.0,0.0,0.0,0.0,-45.30443810654572,2.3033240917705378
2026-03-10 04:20:00+00:00,0.0,0.0,0.0,0.0,-45.30443810654572,2.3033240917705378
2026-03-10 04:25:00+00:00,0.0,0.0,0.0,0.0,-45.30443810654572,2.3033240917705378
2026-03-10 04:30:00+00:00,0.0,0.0,0.0,0.0,-45.30443810654572,2.3033240917705378
2026-03-10 04:35:00+00:00,0.0,0.0,0.0,0.0,-45.30443810654572,2.3033240917705378
2026-03-10 04:40:00+00:00,0.0,0.0,0.0,0.0,-45.30443810654572,2.3033240917705378
2026-03-10 04:45:00+00:00,0.0,0.0,0.0,0.0,-45.30443810654572,2.3033240917705378
2026-03-10 04:50:00+00:00,0.0,0.0,0.0,0.0,-45.30443810654572,2.3033240917705378
2026-03-10 04:55:00+00:00,0.0,0.0,0.0,0.0,-45.30443810654572,2.3033240917705378
2026-03-10 05:00:00+00:00,0.0,0.0,0.0,0.0,-45.30443810654572,2.3033240917705378
2026-03-10 05:05:00+00:00,0.0,0.0,0.0,0.0,-45.30443810654572,2.3033240917705378
2026-03-10 05:10:00+00:00,0.0,0.0,0.0,0.0,-45.30443810654572,2.3033240917705378
2026-03-10 05:15:00+00:00,0.0,0.0,0.0,0.0,-45.30443810654572,2.3033240917705378
2026-03-10 05:20:00+00:00,0.0,0.0,0.0,0.0,-45.30443810654572,2.3033240917705378
2026-03-10 05:25:00+00:00,0.0,0.0,0.0,0.0,-45.30443810654572,2.3033240917705378
2026-03-10 05:30:00+00:00,0.0,0.0,0.0,0.0,-45.30443810654572,2.3033240917705378
2026-03-10 05:35:00+00:00,0.0,0.0,0.0,0.0,-45.30443810654572,2.3033240917705378
2026-03-10 05:40:00+00:00,0.0,0.0,0.0,0.0,-45.30443810654572,2.3033240917705378
2026-03-10 05:45:00+00:00,0.0,0.0,0.0,0.0,-45.30443810654572,2.3033240917705378
2026-03-10 05:50:00+00:00,0.0,0.0,0.0,0.0,-45.30443810654572,2.3033240917705378
2026-03-10 05:55:00+00:00,0.0,0.0,0.0,0.0,-45.30443810654572,2.3033240917705378
2026-03-10 06:00:00+00:00,0.0,0.0,0.0,0.0,-45.30443810654572,2.3033240917705378
2026-03-10 06:05:00+00:00,0.0,0.0,0.0,0.0,-45.30443810654572,2.3033240917705378
2026-03-10 06:10:00+00:00,0.0,0.0,0.0,0.0,-45.30443810654572,2.3033240917705378
2026-03-10 06:15:00+00:00,0.0,0.0,0.0,0.0,-45.30443810654572,2.3033240917705378
2026-03-10 06:20:00+00:00,0.0,0.0,0.0,0.0,-45.30443810654572,2.3033240917705378
2026-03-10 06:25:00+00:00,0.0,0.0,0.0,0.0,-45.30443810654572,2.3033240917705378
2026-03-10 06:30:00+00:00,0.0,0.0,0.0,0.0,-45.30443810654572,2.3033240917705378
2026-03-10 06:35:00+00:00,0.0,0.0,0.0,0.0,-45.30443810654572,2.3033240917705378
2026-03-10 06:40:00+00:00,0.0,0.0,0.0,0.0,-45.30443810654572,2.3033240917705378
2026-03-10 06:45:00+00:00,0.0,0.0,0.0,0.0,-45.30443810654572,2.3033240917705378
2026-03-10 06:50:00+00:00,0.0,0.0,0.0,0.0,-45.30443810654572,2.3033240917705378
2026-03-10 06:55:00+00:00,0.0,0.0,0.0,0.0,-45.30443810654572,2.3033240917705378
2026-03-10 07:00:00+00:00,0.0,0.0,0.0,0.0,-45.30443810654572,2.3033240917705378
2026-03-10 07:05:00+00:00,0.0,0.0,0.0,0.0,-45.30443810654572,2.3033240917705378
2026-03-10 07:10:00+00:00,0.0,0.0,0.0,0.0,-45.30443810654572,2.3033240917705378
2026-03-10 07:15:00+00:00,0.0,0.0,0.0,0.0,-45.30443810654572,2.3033240917705378
2026-03-10 07:20:00+00:00,0.0,0.0,0.0,0.0,-45.30443810654572,2.3033240917705378
2026-03-10 07:25:00+00:00,0.0,0.0,0.0,0.0,-45.30443810654572,2.3033240917705378
2026-03-10 07:30:00+00:00,0.0,0.0,0.0,0.0,-45.30443810654572,2.3033240917705378
2026-03-10 07:35:00+00:00,0.0,0.0,0.0,0.0,-45.30443810654572,2.3033240917705378
2026-03-10 07:40:00+00:00,0.0,0.0,0.0,0.0,-45.30443810654572,2.3033240917705378
2026-03-10 07:45:00+00:00,0.0,0.0,0.0,0.0,-45.30443810654572,2.3033240917705378
2026-03-10 07:50:00+00:00,0.0,0.0,0.0,0.0,-45.30443810654572,2.3033240917705378
2026-03-10 07:55:00+00:00,0.0,0.0,0.0,0.0,-45.30443810654572,2.3033240917705378
2026-03-10 08:00:00+00:00,0.0,0.0,0.0,0.0,-45.30443810654572,2.3033240917705378
2026-03-10 08:05:00+00:00,0.0,0.0,0.0,0.0,-45.30443810654572,2.3033240917705378
2026-03-10 08:10:00+00:00,0.0,0.0,0.0,0.0,-45.30443810654572,2.3033240917705378
2026-03-10 08:15:00+00:00,0.0,0.0,0.0,0.0,-45.30443810654572,2.3033240917705378
2026-03-10 08:20:00+00:00,0.0,0.0,0.0,0.0,-45.30443810654572,2.3033240917705378
2026-03-10 08:25:00+00:00,0.0,0.0,0.0,0.0,-45.30443810654572,2.3033240917705378
2026-03-10 08:30:00+00:00,0.0,0.0,0.0,0.0,-45.30443810654572,2.3033240917705378
2026-03-10 08:35:00+00:00,0.0,0.0,0.0,0.0,-45.30443810654572,2.3033240917705378
2026-03-10 08:40:00+00:00,0.0,0.0,0.0,0.0,-45.30443810654572,2.3033240917705378
2026-03-10 08:45:00+00:00,0.0,0.0,0.0,0.0,-45.30443810654572,2.3033240917705378
2026-03-10 08:50:00+00:00,0.0,0.0,0.0,0.0,-45.30443810654572,2.3033240917705378
2026-03-10 08:55:00+00:00,0.0,0.0,0.0,0.0,-45.30443810654572,2.3033240917705378
2026-03-10 09:00:00+00:00,0.0,0.0,0.0,0.0,-45.30443810654572,2.3033240917705378
2026-03-10 09:05:00+00:00,0.0,0.0,0.0,0.0,-45.30443810654572,2.3033240917705378
2026-03-10 09:10:00+00:00,0.0,0.0,0.0,0.0,-45.30443810654572,2.3033240917705378
2026-03-10 09:15:00+00:00,0.0,0.0,0.0,0.0,-45.30443810654572,2.3033240917705378
2026-03-10 09:20:00+00:00,0.0,0.0,0.0,0.0,-45.30443810654572,2.3033240917705378
2026-03-10 09:25:00+00:00,0.0,0.0,0.0,0.0,-45.30443810654572,2.3033240917705378
2026-03-10 09:30:00+00:00,0.0,0.0,0.0,0.0,-45.30443810654572,2.3033240917705378
2026-03-10 09:35:00+00:00,0.0,0.0,0.0,0.0,-45.30443810654572,2.3033240917705378
2026-03-10 09:40:00+00:00,0.0,0.0,0.0,0.0,-45.30443810654572,2.3033240917705378
2026-03-10 09:45:00+00:00,0.0,0.0,0.0,0.0,-45.30443810654572,2.3033240917705378
2026-03-10 09:50:00+00:00,0.0,0.0,0.0,0.0,-45.30443810654572,2.3033240917705378
2026-03-10 09:55:00+00:00,0.0,0.0,0.0,0.0,-45.30443810654572,2.3033240917705378
2026-03-10 10:00:00+00:00,0.0,0.0,0.0,0.0,-45.30443810654572,2.3033240917705378
2026-03-10 10:05:00+00:00,0.0,0.0,0.0,0.0,-45.30443810654572,2.3033240917705378
2026-03-10 10:10:00+00:00,0.0,0.0,0.0,0.0,-45.30443810654572,2.3033240917705378
2026-03-10 10:15:00+00:00,0.0,0.0,0.0,0.0,-45.30443810654572,2.3033240917705378
2026-03-10 10:20:00+00:00,0.0,0.0,0.0,0.0,-45.30443810654572,2.3033240917705378
2026-03-10 10:25:00+00:00,0.0,0.0,0.0,0.0,-45.30443810654572,2.3033240917705378
2026-03-10 10:30:00+00:00,0.0,0.0,0.0,0.0,-45.30443810654572,2.3033240917705378
2026-03-10 10:35:00+00:00,0.0,0.0,0.0,0.0,-45.30443810654572,2.3033240917705378
2026-03-10 10:40:00+00:00,0.0,0.0,0.0,0.0,-45.30443810654572,2.3033240917705378
2026-03-10 10:45:00+00:00,0.0,0.0,0.0,0.0,-45.30443810654572,2.3033240917705378
2026-03-10 10:50:00+00:00,0.0,0.0,0.0,0.0,-45.30443810654572,2.3033240917705378
2026-03-10 10:55:00+00:00,0.0,0.0,0.0,0.0,-45.30443810654572,2.3033240917705378
2026-03-10 11:00:00+00:00,0.0,0.0,0.0,0.0,-45.30443810654572,2.3033240917705378
2026-03-10 11:05:00+00:00,0.0,0.0,0.0,0.0,-45.30443810654572,2.3033240917705378
2026-03-10 11:10:00+00:00,0.0,0.0,0.0,0.0,-45.30443810654572,2.3033240917705378
2026-03-10 11:15:00+00:00,0.0,0.0,0.0,0.0,-45.30443810654572,2.3033240917705378
2026-03-10 11:20:00+00:00,0.0,0.0,0.0,0.0,-45.30443810654572,2.3033240917705378
2026-03-10 11:25:00+00:00,0.0,0.0,0.0,0.0,-45.30443810654572,2.3033240917705378
2026-03-10 11:30:00+00:00,0.0,0.0,0.0,0.0,-45.30443810654572,2.3033240917705378
2026-03-10 11:35:00+00:00,0.0,0.0,0.0,0.0,-45.30443810654572,2.3033240917705378
2026-03-10 11:40:00+00:00,0.0,0.0,0.0,0.0,-45.30443810654572,2.3033240917705378
2026-03-10 11:45:00+00:00,0.0,0.0,0.0,0.0,-45.30443810654572,2.3033240917705378
2026-03-10 11:50:00+00:00,0.0,0.0,0.0,0.0,-45.30443810654572,2.3033240917705378
2026-03-10 11:55:00+00:00,0.0,0.0,0.0,0.0,-45.30443810654572,2.3033240917705378
2026-03-10 12:00:00+00:00,0.0,0.0,0.0,0.0,-45.30443810654572,2.3033240917705378
2026-03-10 12:05:00+00:00,0.0,0.0,0.0,0.0,-45.30443810654572,2.3033240917705378
2026-03-10 12:10:00+00:00,0.0,0.0,0.0,0.0,-45.30443810654572,2.3033240917705378
2026-03-10 12:15:00+00:00,0.0,0.0,0.0,0.0,-45.30443810654572,2.3033240917705378
2026-03-10 12:20:00+00:00,0.0,0.0,0.0,0.0,-45.30443810654572,2.3033240917705378
2026-03-10 12:25:00+00:00,0.0,0.0,0.0,0.0,-45.30443810654572,2.3033240917705378
2026-03-10 12:30:00+00:00,0.0,0.0,0.0,0.0,-45.30443810654572,2.3033240917705378
2026-03-10 12:35:00+00:00,0.0,0.0,0.0,0.0,-45.30443810654572,2.3033240917705378
2026-03-10 12:40:00+00:00,0.0,0.0,0.0,0.0,-45.30443810654572,2.3033240917705378
2026-03-10 12:45:00+00:00,0.0,0.0,0.0,0.0,-45.30443810654572,2.3033240917705378
2026-03-10 12:50:00+00:00,0.0,0.0,0.0,0.0,-45.30443810654572,2.3033240917705378
2026-03-10 12:55:00+00:00,0.0,0.0,0.0,0.0,-45.30443810654572,2.3033240917705378
2026-03-10 13:00:00+00:00,0.0,0.0,0.0,0.0,-45.30443810654572,2.3033240917705378
2026-03-10 13:05:00+00:00,0.0,0.0,0.0,0.0,-45.30443810654572,2.3033240917705378
2026-03-10 13:10:00+00:00,0.0,0.0,0.0,0.0,-45.30443810654572,2.3033240917705378
2026-03-10 13:15:00+00:00,0.0,0.0,0.0,0.0,-45.30443810654572,2.3033240917705378
2026-03-10 13:20:00+00:00,0.0,0.0,0.0,0.0,-45.30443810654572,2.3033240917705378
2026-03-10 13:25:00+00:00,0.0,0.0,0.0,0.0,-45.30443810654572,2.3033240917705378
2026-03-10 13:30:00+00:00,0.0,0.0,0.0,0.0,-45.30443810654572,2.3033240917705378
2026-03-10 13:35:00+00:00,0.0,0.0,0.0,0.0,-45.30443810654572,2.3033240917705378
2026-03-10 13:40:00+00:00,0.0,0.0,0.0,0.0,-45.30443810654572,2.3033240917705378
2026-03-10 13:45:00+00:00,0.0,0.0,0.0,0.0,-45.30443810654572,2.3033240917705378
2026-03-10 13:50:00+00:00,0.0,0.0,0.0,0.0,-45.30443810654572,2.3033240917705378
2026-03-10 13:55:00+00:00,0.0,0.0,0.0,0.0,-45.30443810654572,2.3033240917705378
2026-03-10 14:00:00+00:00,0.0,0.0,0.0,0.0,-45.30443810654572,2.3033240917705378
2026-03-10 14:05:00+00:00,0.0,0.0,0.0,0.0,-45.30443810654572,2.3033240917705378
2026-03-10 14:10:00+00:00,0.0,0.0,0.0,0.0,-45.30443810654572,2.3033240917705378
2026-03-10 14:15:00+00:00,0.0,0.0,0.0,0.0,-45.30443810654572,2.3033240917705378
2026-03-10 14:20:00+00:00,0.0,0.0,0.0,0.0,-45.30443810654572,2.3033240917705378
2026-03-10 14:25:00+00:00,0.0,0.0,0.0,0.0,-45.30443810654572,2.3033240917705378
2026-03-10 14:30:00+00:00,0.0,0.0,0.0,0.0,-45.30443810654572,2.3033240917705378
2026-03-10 14:35:00+00:00,0.0,0.0,0.0,0.0,-45.30443810654572,2.3033240917705378
2026-03-10 14:40:00+00:00,0.0,0.0,0.0,0.0,-45.30443810654572,2.3033240917705378
2026-03-10 14:45:00+00:00,0.0,0.0,0.0,0.0,-45.30443810654572,2.3033240917705378
2026-03-10 14:50:00+00:00,0.0,0.0,0.0,0.0,-45.30443810654572,2.3033240917705378
2026-03-10 14:55:00+00:00,0.0,0.0,0.0,0.0,-45.30443810654572,2.3033240917705378
2026-03-10 15:00:00+00:00,0.0,0.0,0.0,0.0,-45.30443810654572,2.3033240917705378
2026-03-10 15:05:00+00:00,0.0,0.0,0.0,0.0,-45.30443810654572,2.3033240917705378
2026-03-10 15:10:00+00:00,0.0,0.0,0.0,0.0,-45.30443810654572,2.3033240917705378
2026-03-10 15:15:00+00:00,0.0,0.0,0.0,0.0,-45.30443810654572,2.3033240917705378
2026-03-10 15:20:00+00:00,0.0,0.0,0.0,0.0,-45.30443810654572,2.3033240917705378
2026-03-10 15:25:00+00:00,0.0,0.0,0.0,0.0,-45.30443810654572,2.3033240917705378
2026-03-10 15:30:00+00:00,0.0,0.0,0.0,0.0,-45.30443810654572,2.3033240917705378
2026-03-10 15:35:00+00:00,0.0,0.0,0.0,0.0,-45.30443810654572,2.3033240917705378
2026-03-10 15:40:00+00:00,0.0,0.0,0.0,0.0,-45.30443810654572,2.3033240917705378
2026-03-10 15:45:00+00:00,0.0,0.0,0.0,0.0,-45.30443810654572,2.3033240917705378
2026-03-10 15:50:00+00:00,0.0,0.0,0.0,0.0,-45.30443810654572,2.3033240917705378
2026-03-10 15:55:00+00:00,0.0,0.0,0.0,0.0,-45.30443810654572,2.3033240917705378
2026-03-10 16:00:00+00:00,0.0,0.0,0.0,0.0,-45.30443810654572,2.3033240917705378
2026-03-10 16:05:00+00:00,0.0,0.0,0.0,0.0,-45.30443810654572,2.3033240917705378
2026-03-10 16:10:00+00:00,0.0,0.0,0.0,0.0,-45.30443810654572,2.3033240917705378
2026-03-10 16:15:00+00:00,0.0,0.0,0.0,0.0,-45.30443810654572,2.3033240917705378
2026-03-10 16:20:00+00:00,0.0,0.0,0.0,0.0,-45.30443810654572,2.3033240917705378
2026-03-10 16:25:00+00:00,0.0,0.0,0.0,0.0,-45.30443810654572,2.3033240917705378
2026-03-10 16:30:00+00:00,0.0,0.0,0.0,0.0,-45.30443810654572,2.3033240917705378
2026-03-10 16:35:00+00:00,0.0,0.0,0.0,0.0,-45.30443810654572,2.3033240917705378
2026-03-10 16:40:00+00:00,0.0,0.0,0.0,0.0,-45.30443810654572,2.3033240917705378
2026-03-10 16:45:00+00:00,0.0,0.0,0.0,0.0,-45.30443810654572,2.3033240917705378
2026-03-10 16:50:00+00:00,0.0,0.0,0.0,0.0,-45.30443810654572,2.3033240917705378
2026-03-10 16:55:00+00:00,0.0,0.0,0.0,0.0,-45.30443810654572,2.3033240917705378
2026-03-10 17:00:00+00:00,0.0,0.0,0.0,0.0,-45.30443810654572,2.3033240917705378
2026-03-10 17:05:00+00:00,0.0,0.0,0.0,0.0,-45.30443810654572,2.3033240917705378
2026-03-10 17:10:00+00:00,0.0,0.0,0.0,0.0,-45.30443810654572,2.3033240917705378
2026-03-10 17:15:00+00:00,0.0,0.0,0.0,0.0,-45.30443810654572,2.3033240917705378
2026-03-10 17:20:00+00:00,0.0,0.0,0.0,0.0,-45.30443810654572,2.3033240917705378
2026-03-10 17:25:00+00:00,0.0,0.0,0.0,0.0,-45.30443810654572,2.3033240917705378
2026-03-10 17:30:00+00:00,0.0,0.0,0.0,0.0,-45.30443810654572,2.3033240917705378
2026-03-10 17:35:00+00:00,0.0,0.0,0.0,0.0,-45.30443810654572,2.3033240917705378
2026-03-10 17:40:00+00:00,0.0,0.0,0.0,0.0,-45.30443810654572,2.3033240917705378
2026-03-10 17:45:00+00:00,0.0,0.0,0.0,0.0,-45.30443810654572,2.3033240917705378
2026-03-10 17:50:00+00:00,0.0,0.0,0.0,0.0,-45.30443810654572,2.3033240917705378
2026-03-10 17:55:00+00:00,0.0,0.0,0.0,0.0,-45.30443810654572,2.3033240917705378
2026-03-10 18:00:00+00:00,0.0,0.0,0.0,0.0,-45.30443810654572,2.3033240917705378
2026-03-10 18:05:00+00:00,0.0,0.0,0.0,0.0,-45.30443810654572,2.3033240917705378
2026-03-10 18:10:00+00:00,0.0,0.0,0.0,0.0,-45.30443810654572,2.3033240917705378
2026-03-10 18:15:00+00:00,0.0,0.0,0.0,0.0,-45.30443810654572,2.3033240917705378
2026-03-10 18:20:00+00:00,0.0,0.0,0.0,0.0,-45.30443810654572,2.3033240917705378
2026-03-10 18:25:00+00:00,0.0,0.0,0.0,0.0,-45.30443810654572,2.3033240917705378
2026-03-10 18:30:00+00:00,0.0,0.0,0.0,0.0,-45.30443810654572,2.3033240917705378
2026-03-10 18:35:00+00:00,0.0,0.0,0.0,0.0,-45.30443810654572,2.3033240917705378
2026-03-10 18:40:00+00:00,0.0,0.0,0.0,0.0,-45.30443810654572,2.3033240917705378
2026-03-10 18:45:00+00:00,0.0,0.0,0.0,0.0,-45.30443810654572,2.3033240917705378
2026-03-10 18:50:00+00:00,0.0,0.0,0.0,0.0,-45.30443810654572,2.3033240917705378
2026-03-10 18:55:00+00:00,0.0,0.0,0.0,0.0,-45.30443810654572,2.3033240917705378
2026-03-10 19:00:00+00:00,0.0,0.0,0.0,0.0,-45.30443810654572,2.3033240917705378
2026-03-10 19:05:00+00:00,0.0,0.0,0.0,0.0,-45.30443810654572,2.3033240917705378
2026-03-10 19:10:00+00:00,0.0,0.0,0.0,0.0,-45.30443810654572,2.3033240917705378
2026-03-10 19:15:00+00:00,0.0,0.0,0.0,0.0,-45.30443810654572,2.3033240917705378
2026-03-10 19:20:00+00:00,0.0,0.0,0.0,0.0,-45.30443810654572,2.3033240917705378
2026-03-10 19:25:00+00:00,0.0,0.0,0.0,0.0,-45.30443810654572,2.3033240917705378
2026-03-10 19:30:00+00:00,0.0,0.0,0.0,0.0,-45.30443810654572,2.3033240917705378
2026-03-10 19:35:00+00:00,0.0,0.0,0.0,0.0,-45.30443810654572,2.3033240917705378
2026-03-10 19:40:00+00:00,0.0,0.0,0.0,0.0,-45.30443810654572,2.3033240917705378
2026-03-10 19:45:00+00:00,0.0,0.0,0.0,0.0,-45.30443810654572,2.3033240917705378
2026-03-10 19:50:00+00:00,0.0,0.0,0.0,0.0,-45.30443810654572,2.3033240917705378
2026-03-10 19:55:00+00:00,0.0,0.0,0.0,0.0,-45.30443810654572,2.3033240917705378
2026-03-10 20:00:00+00:00,0.0,0.0,0.0,0.0,-45.30443810654572,2.3033240917705378
2026-03-10 20:05:00+00:00,0.0,0.0,0.0,0.0,-45.30443810654572,2.3033240917705378
2026-03-10 20:10:00+00:00,0.0,0.0,0.0,0.0,-45.30443810654572,2.3033240917705378
2026-03-10 20:15:00+00:00,0.0,0.0,0.0,0.0,-45.30443810654572,2.3033240917705378
2026-03-10 20:20:00+00:00,0.0,0.0,0.0,0.0,-45.30443810654572,2.3033240917705378
2026-03-10 20:25:00+00:00,0.0,0.0,0.0,0.0,-45.30443810654572,2.3033240917705378
2026-03-10 20:30:00+00:00,0.0,0.0,0.0,0.0,-45.30443810654572,2.3033240917705378
2026-03-10 20:35:00+00:00,0.0,0.0,0.0,0.0,-45.30443810654572,2.3033240917705378
2026-03-10 20:40:00+00:00,0.0,0.0,0.0,0.0,-45.30443810654572,2.3033240917705378
2026-03-10 20:45:00+00:00,0.0,0.0,0.0,0.0,-45.30443810654572,2.3033240917705378
2026-03-10 20:50:00+00:00,0.0,0.0,0.0,0.0,-45.30443810654572,2.3033240917705378
2026-03-10 20:55:00+00:00,0.0,0.0,0.0,0.0,-45.30443810654572,2.3033240917705378
2026-03-10 21:00:00+00:00,0.0,0.0,0.0,0.0,-45.30443810654572,2.3033240917705378
2026-03-10 21:05:00+00:00,0.0,0.0,0.0,0.0,-45.30443810654572,2.3033240917705378
2026-03-10 21:10:00+00:00,0.0,0.0,0.0,0.0,-45.30443810654572,2.3033240917705378
2026-03-10 21:15:00+00:00,0.0,0.0,0.0,0.0,-45.30443810654572,2.3033240917705378
2026-03-10 21:20:00+00:00,0.0,0.0,0.0,0.0,-45.30443810654572,2.3033240917705378
2026-03-10 21:25:00+00:00,0.0,0.0,0.0,0.0,-45.30443810654572,2.3033240917705378
2026-03-10 21:30:00+00:00,0.0,0.0,0.0,0.0,-45.30443810654572,2.3033240917705378
2026-03-10 21:35:00+00:00,0.0,0.0,0.0,0.0,-45.30443810654572,2.3033240917705378
2026-03-10 21:40:00+00:00,0.0,0.0,0.0,0.0,-45.30443810654572,2.3033240917705378
2026-03-10 21:45:00+00:00,0.0,0.0,0.0,0.0,-45.30443810654572,2.3033240917705378
2026-03-10 21:50:00+00:00,0.0,0.0,0.0,0.0,-45.30443810654572,2.3033240917705378
2026-03-10 21:55:00+00:00,0.0,0.0,0.0,0.0,-45.30443810654572,2.3033240917705378
2026-03-10 22:00:00+00:00,0.0,0.0,0.0,0.0,-45.30443810654572,2.3033240917705378
2026-03-10 22:05:00+00:00,0.0,0.0,0.0,0.0,-45.30443810654572,2.3033240917705378
2026-03-10 22:10:00+00:00,0.0,0.0,0.0,0.0,-45.30443810654572,2.3033240917705378
2026-03-10 22:15:00+00:00,0.0,0.0,0.0,0.0,-45.30443810654572,2.3033240917705378
2026-03-10 22:20:00+00:00,0.0,0.0,0.0,0.0,-45.30443810654572,2.3033240917705378
2026-03-10 22:25:00+00:00,0.0,0.0,0.0,0.0,-45.30443810654572,2.3033240917705378
2026-03-10 22:30:00+00:00,0.0,0.0,0.0,0.0,-45.30443810654572,2.3033240917705378
2026-03-10 22:35:00+00:00,0.0,0.0,0.0,0.0,-45.30443810654572,2.3033240917705378
2026-03-10 22:40:00+00:00,0.0,0.0,0.0,0.0,-45.30443810654572,2.3033240917705378
2026-03-10 22:45:00+00:00,0.0,0.0,0.0,0.0,-45.30443810654572,2.3033240917705378
2026-03-10 22:50:00+00:00,0.0,0.0,0.0,0.0,-45.30443810654572,2.3033240917705378
2026-03-10 22:55:00+00:00,0.0,0.0,0.0,0.0,-45.30443810654572,2.3033240917705378
2026-03-10 23:00:00+00:00,0.0,0.0,0.0,0.0,-45.30443810654572,2.3033240917705378
2026-03-10 23:05:00+00:00,0.0,0.0,0.0,0.0,-45.30443810654572,2.3033240917705378
2026-03-10 23:10:00+00:00,0.0,0.0,0.0,0.0,-45.30443810654572,2.3033240917705378
2026-03-10 23:15:00+00:00,0.0,0.0,0.0,0.0,-45.30443810654572,2.3033240917705378
2026-03-10 23:20:00+00:00,0.0,0.0,0.0,0.0,-45.30443810654572,2.3033240917705378
2026-03-10 23:25:00+00:00,0.0,0.0,0.0,0.0,-45.30443810654572,2.3033240917705378
2026-03-10 23:30:00+00:00,0.0,0.0,0.0,0.0,-45.30443810654572,2.3033240917705378
2026-03-10 23:35:00+00:00,0.0,0.0,0.0,0.0,-45.30443810654572,2.3033240917705378
2026-03-10 23:40:00+00:00,0.0,0.0,0.0,0.0,-45.30443810654572,2.3033240917705378
2026-03-10 23:45:00+00:00,0.0,0.0,0.0,0.0,-45.30443810654572,2.3033240917705378
2026-03-10 23:50:00+00:00,0.0,0.0,0.0,0.0,-45.30443810654572,2.3033240917705378
2026-03-10 23:55:00+00:00,0.0,0.0,0.0,0.0,-45.30443810654572,2.3033240917705378
2026-03-11 00:00:00+00:00,0.0,0.0,0.0,0.0,-45.30443810654572,2.3033240917705378
2026-03-11 00:05:00+00:00,0.0,0.0,0.0,0.0,-45.30443810654572,2.3033240917705378
2026-03-11 00:10:00+00:00,0.0,0.0,0.0,0.0,-45.30443810654572,2.3033240917705378
2026-03-11 00:15:00+00:00,0.0,0.0,0.0,0.0,-45.30443810654572,2.3033240917705378
2026-03-11 00:20:00+00:00,0.0,0.0,0.0,0.0,-45.30443810654572,2.3033240917705378
2026-03-11 00:25:00+00:00,0.0,0.0,0.0,0.0,-45.30443810654572,2.3033240917705378
2026-03-11 00:30:00+00:00,0.0,0.0,0.0,0.0,-45.30443810654572,2.3033240917705378
2026-03-11 00:35:00+00:00,0.0,0.0,0.0,0.0,-45.30443810654572,2.3033240917705378
2026-03-11 00:40:00+00:00,0.0,0.0,0.0,0.0,-45.30443810654572,2.3033240917705378
2026-03-11 00:45:00+00:00,0.0,0.0,0.0,0.0,-45.30443810654572,2.3033240917705378
2026-03-11 00:50:00+00:00,0.0,0.0,0.0,0.0,-45.30443810654572,2.3033240917705378
2026-03-11 00:55:00+00:00,0.0,0.0,0.0,0.0,-45.30443810654572,2.3033240917705378
2026-03-11 01:00:00+00:00,0.0,0.0,0.0,0.0,-45.30443810654572,2.3033240917705378
2026-03-11 01:05:00+00:00,0.0,0.0,0.0,0.0,-45.30443810654572,2.3033240917705378
2026-03-11 01:10:00+00:00,0.0,0.0,0.0,0.0,-45.30443810654572,2.3033240917705378
2026-03-11 01:15:00+00:00,0.0,0.0,0.0,0.0,-45.30443810654572,2.3033240917705378
2026-03-11 01:20:00+00:00,0.0,0.0,0.0,0.0,-45.30443810654572,2.3033240917705378
2026-03-11 01:25:00+00:00,0.0,0.0,0.0,0.0,-45.30443810654572,2.3033240917705378
2026-03-11 01:30:00+00:00,0.0,0.0,0.0,0.0,-45.30443810654572,2.3033240917705378
2026-03-11 01:35:00+00:00,0.0,0.0,0.0,0.0,-45.30443810654572,2.3033240917705378
2026-03-11 01:40:00+00:00,0.0,0.0,0.0,0.0,-45.30443810654572,2.3033240917705378
2026-03-11 01:45:00+00:00,0.0,0.0,0.0,0.0,-45.30443810654572,2.3033240917705378
2026-03-11 01:50:00+00:00,0.0,0.0,0.0,0.0,-45.30443810654572,2.3033240917705378
2026-03-11 01:55:00+00:00,0.0,0.0,0.0,0.0,-45.30443810654572,2.3033240917705378
2026-03-11 02:00:00+00:00,0.0,0.0,0.0,0.0,-45.30443810654572,2.3033240917705378
2026-03-11 02:05:00+00:00,0.0,0.0,0.0,0.0,-45.30443810654572,2.3033240917705378
2026-03-11 02:10:00+00:00,0.0,0.0,0.0,0.0,-45.30443810654572,2.3033240917705378
2026-03-11 02:15:00+00:00,0.0,0.0,0.0,0.0,-45.30443810654572,2.3033240917705378
2026-03-11 02:20:00+00:00,0.0,0.0,0.0,0.0,-45.30443810654572,2.3033240917705378
2026-03-11 02:25:00+00:00,0.0,0.0,0.0,0.0,-45.30443810654572,2.3033240917705378
2026-03-11 02:30:00+00:00,0.0,0.0,0.0,0.0,-45.30443810654572,2.3033240917705378
2026-03-11 02:35:00+00:00,0.0,0.0,0.0,0.0,-45.30443810654572,2.3033240917705378
2026-03-11 02:40:00+00:00,0.0,0.0,0.0,0.0,-45.30443810654572,2.3033240917705378
2026-03-11 02:45:00+00:00,0.0,0.0,0.0,0.0,-45.30443810654572,2.3033240917705378
2026-03-11 02:50:00+00:00,0.0,0.0,0.0,0.0,-45.30443810654572,2.3033240917705378
2026-03-11 02:55:00+00:00,0.0,0.0,0.0,0.0,-45.30443810654572,2.3033240917705378
2026-03-11 03:00:00+00:00,0.0,0.0,0.0,0.0,-45.30443810654572,2.3033240917705378
2026-03-11 03:05:00+00:00,0.0,0.0,0.0,0.0,-45.30443810654572,2.3033240917705378
2026-03-11 03:10:00+00:00,0.0,0.0,0.0,0.0,-45.30443810654572,2.3033240917705378
2026-03-11 03:15:00+00:00,0.0,0.0,0.0,0.0,-45.30443810654572,2.3033240917705378
2026-03-11 03:20:00+00:00,0.0,0.0,0.0,0.0,-45.30443810654572,2.3033240917705378
2026-03-11 03:25:00+00:00,0.0,0.0,0.0,0.0,-45.30443810654572,2.3033240917705378
2026-03-11 03:30:00+00:00,0.0,0.0,0.0,0.0,-45.30443810654572,2.3033240917705378
2026-03-11 03:35:00+00:00,0.0,0.0,0.0,0.0,-45.30443810654572,2.3033240917705378
2026-03-11 03:40:00+00:00,0.0,0.0,0.0,0.0,-45.30443810654572,2.3033240917705378
2026-03-11 03:45:00+00:00,0.0,0.0,0.0,0.0,-45.30443810654572,2.3033240917705378
2026-03-11 03:50:00+00:00,0.0,0.0,0.0,0.0,-45.30443810654572,2.3033240917705378
2026-03-11 03:55:00+00:00,0.0,0.0,0.0,0.0,-45.30443810654572,2.3033240917705378
2026-03-11 04:00:00+00:00,0.0,0.0,0.0,0.0,-45.30443810654572,2.3033240917705378
2026-03-11 04:05:00+00:00,0.0,0.0,0.0,0.0,-45.30443810654572,2.3033240917705378
2026-03-11 04:10:00+00:00,0.0,0.0,0.0,0.0,-45.30443810654572,2.3033240917705378
2026-03-11 04:15:00+00:00,0.0,0.0,0.0,0.0,-45.30443810654572,2.3033240917705378
2026-03-11 04:20:00+00:00,0.0,0.0,0.0,0.0,-45.30443810654572,2.3033240917705378
2026-03-11 04:25:00+00:00,0.0,0.0,0.0,0.0,-45.30443810654572,2.3033240917705378
2026-03-11 04:30:00+00:00,0.0,0.0,0.0,0.0,-45.30443810654572,2.3033240917705378
2026-03-11 04:35:00+00:00,0.0,0.0,0.0,0.0,-45.30443810654572,2.3033240917705378
2026-03-11 04:40:00+00:00,0.0,0.0,0.0,0.0,-45.30443810654572,2.3033240917705378
2026-03-11 04:45:00+00:00,0.0,0.0,0.0,0.0,-45.30443810654572,2.3033240917705378
2026-03-11 04:50:00+00:00,0.0,0.0,0.0,0.0,-45.30443810654572,2.3033240917705378
2026-03-11 04:55:00+00:00,0.0,0.0,0.0,0.0,-45.30443810654572,2.3033240917705378
2026-03-11 05:00:00+00:00,0.0,0.0,0.0,0.0,-45.30443810654572,2.3033240917705378
2026-03-11 05:05:00+00:00,0.0,0.0,0.0,0.0,-45.30443810654572,2.3033240917705378
2026-03-11 05:10:00+00:00,0.0,0.0,0.0,0.0,-45.30443810654572,2.3033240917705378
2026-03-11 05:15:00+00:00,0.0,0.0,0.0,0.0,-45.30443810654572,2.3033240917705378
2026-03-11 05:20:00+00:00,0.0,0.0,0.0,0.0,-45.30443810654572,2.3033240917705378
2026-03-11 05:25:00+00:00,0.0,0.0,0.0,0.0,-45.30443810654572,2.3033240917705378
2026-03-11 05:30:00+00:00,0.0,0.0,0.0,0.0,-45.30443810654572,2.3033240917705378
2026-03-11 05:35:00+00:00,0.0,0.0,0.0,0.0,-45.30443810654572,2.3033240917705378
2026-03-11 05:40:00+00:00,0.0,0.0,0.0,0.0,-45.30443810654572,2.3033240917705378
2026-03-11 05:45:00+00:00,0.0,0.0,0.0,0.0,-45.30443810654572,2.3033240917705378
2026-03-11 05:50:00+00:00,0.0,0.0,0.0,0.0,-45.30443810654572,2.3033240917705378
2026-03-11 05:55:00+00:00,0.0,0.0,0.0,0.0,-45.30443810654572,2.3033240917705378
2026-03-11 06:00:00+00:00,0.0,0.0,0.0,0.0,-45.30443810654572,2.3033240917705378
2026-03-11 06:05:00+00:00,0.0,0.0,0.0,0.0,-45.30443810654572,2.3033240917705378
2026-03-11 06:10:00+00:00,0.0,0.0,0.0,0.0,-45.30443810654572,2.3033240917705378
2026-03-11 06:15:00+00:00,0.0,0.0,0.0,0.0,-45.30443810654572,2.3033240917705378
2026-03-11 06:20:00+00:00,0.0,0.0,0.0,0.0,-45.30443810654572,2.3033240917705378
2026-03-11 06:25:00+00:00,0.0,0.0,0.0,0.0,-45.30443810654572,2.3033240917705378
2026-03-11 06:30:00+00:00,0.0,0.0,0.0,0.0,-45.30443810654572,2.3033240917705378
2026-03-11 06:35:00+00:00,0.0,0.0,0.0,0.0,-45.30443810654572,2.3033240917705378
2026-03-11 06:40:00+00:00,0.0,0.0,0.0,0.0,-45.30443810654572,2.3033240917705378
2026-03-11 06:45:00+00:00,0.0,0.0,0.0,0.0,-45.30443810654572,2.3033240917705378
2026-03-11 06:50:00+00:00,0.0,0.0,0.0,0.0,-45.30443810654572,2.3033240917705378
2026-03-11 06:55:00+00:00,0.0,0.0,0.0,0.0,-45.30443810654572,2.3033240917705378
2026-03-11 07:00:00+00:00,0.0,0.0,0.0,0.0,-45.30443810654572,2.3033240917705378
2026-03-11 07:05:00+00:00,0.0,0.0,0.0,0.0,-45.30443810654572,2.3033240917705378
2026-03-11 07:10:00+00:00,0.0,0.0,0.0,0.0,-45.30443810654572,2.3033240917705378
2026-03-11 07:15:00+00:00,0.0,0.0,0.0,0.0,-45.30443810654572,2.3033240917705378
2026-03-11 07:20:00+00:00,0.0,0.0,0.0,0.0,-45.30443810654572,2.3033240917705378
2026-03-11 07:25:00+00:00,0.0,0.0,0.0,0.0,-45.30443810654572,2.3033240917705378
2026-03-11 07:30:00+00:00,0.0,0.0,0.0,0.0,-45.30443810654572,2.3033240917705378
2026-03-11 07:35:00+00:00,0.0,0.0,0.0,0.0,-45.30443810654572,2.3033240917705378
2026-03-11 07:40:00+00:00,0.0,0.0,0.0,0.0,-45.30443810654572,2.3033240917705378
2026-03-11 07:45:00+00:00,0.0,0.0,0.0,0.0,-45.30443810654572,2.3033240917705378
2026-03-11 07:50:00+00:00,0.0,0.0,0.0,0.0,-45.30443810654572,2.3033240917705378
2026-03-11 07:55:00+00:00,0.0,0.0,0.0,0.0,-45.30443810654572,2.3033240917705378
2026-03-11 08:00:00+00:00,0.0,0.0,0.0,0.0,-45.30443810654572,2.3033240917705378
2026-03-11 08:05:00+00:00,0.0,0.0,0.0,0.0,-45.30443810654572,2.3033240917705378
2026-03-11 08:10:00+00:00,0.0,0.0,0.0,0.0,-45.30443810654572,2.3033240917705378
2026-03-11 08:15:00+00:00,0.0,0.0,0.0,0.0,-45.30443810654572,2.3033240917705378
2026-03-11 08:20:00+00:00,0.0,0.0,0.0,0.0,-45.30443810654572,2.3033240917705378
2026-03-11 08:25:00+00:00,0.0,0.0,0.0,0.0,-45.30443810654572,2.3033240917705378
2026-03-11 08:30:00+00:00,0.0,0.0,0.0,0.0,-45.30443810654572,2.3033240917705378
2026-03-11 08:35:00+00:00,0.0,0.0,0.0,0.0,-45.30443810654572,2.3033240917705378
2026-03-11 08:40:00+00:00,0.0,0.0,0.0,0.0,-45.30443810654572,2.3033240917705378
2026-03-11 08:45:00+00:00,0.0,0.0,0.0,0.0,-45.30443810654572,2.3033240917705378
2026-03-11 08:50:00+00:00,0.0,0.0,0.0,0.0,-45.30443810654572,2.3033240917705378
2026-03-11 08:55:00+00:00,0.0,0.0,0.0,0.0,-45.30443810654572,2.3033240917705378
2026-03-11 09:00:00+00:00,0.0,0.0,0.0,0.0,-45.30443810654572,2.3033240917705378
2026-03-11 09:05:00+00:00,0.0,0.0,0.0,0.0,-45.30443810654572,2.3033240917705378
2026-03-11 09:10:00+00:00,0.0,0.0,0.0,0.0,-45.30443810654572,2.3033240917705378
2026-03-11 09:15:00+00:00,0.0,0.0,0.0,0.0,-45.30443810654572,2.3033240917705378
2026-03-11 09:20:00+00:00,0.0,0.0,0.0,0.0,-45.30443810654572,2.3033240917705378
2026-03-11 09:25:00+00:00,0.0,0.0,0.0,0.0,-45.30443810654572,2.3033240917705378
2026-03-11 09:30:00+00:00,0.0,0.0,0.0,0.0,-45.30443810654572,2.3033240917705378
2026-03-11 09:35:00+00:00,0.0,0.0,0.0,0.0,-45.30443810654572,2.3033240917705378
2026-03-11 09:40:00+00:00,0.0,0.0,0.0,0.0,-45.30443810654572,2.3033240917705378
2026-03-11 09:45:00+00:00,0.0,0.0,0.0,0.0,-45.30443810654572,2.3033240917705378
2026-03-11 09:50:00+00:00,0.0,0.0,0.0,0.0,-45.30443810654572,2.3033240917705378
2026-03-11 09:55:00+00:00,0.0,0.0,0.0,0.0,-45.30443810654572,2.3033240917705378
2026-03-11 10:00:00+00:00,0.0,0.0,0.0,0.0,-45.30443810654572,2.3033240917705378
2026-03-11 10:05:00+00:00,0.0,0.0,0.0,0.0,-45.30443810654572,2.3033240917705378
2026-03-11 10:10:00+00:00,0.0,0.0,0.0,0.0,-45.30443810654572,2.3033240917705378
2026-03-11 10:15:00+00:00,0.0,0.0,0.0,0.0,-45.30443810654572,2.3033240917705378
2026-03-11 10:20:00+00:00,0.0,0.0,0.0,0.0,-45.30443810654572,2.3033240917705378
2026-03-11 10:25:00+00:00,0.0,0.0,0.0,0.0,-45.30443810654572,2.3033240917705378
2026-03-11 10:30:00+00:00,0.0,0.0,0.0,0.0,-45.30443810654572,2.3033240917705378
2026-03-11 10:35:00+00:00,0.0,0.0,0.0,0.0,-45.30443810654572,2.3033240917705378
2026-03-11 10:40:00+00:00,0.0,0.0,0.0,0.0,-45.30443810654572,2.3033240917705378
2026-03-11 10:45:00+00:00,0.0,0.0,0.0,0.0,-45.30443810654572,2.3033240917705378
2026-03-11 10:50:00+00:00,0.0,0.0,0.0,0.0,-45.30443810654572,2.3033240917705378
2026-03-11 10:55:00+00:00,0.0,0.0,0.0,0.0,-45.30443810654572,2.3033240917705378
2026-03-11 11:00:00+00:00,0.0,0.0,0.0,0.0,-45.30443810654572,2.3033240917705378
2026-03-11 11:05:00+00:00,0.0,0.0,0.0,0.0,-45.30443810654572,2.3033240917705378
2026-03-11 11:10:00+00:00,0.0,0.0,0.0,0.0,-45.30443810654572,2.3033240917705378
2026-03-11 11:15:00+00:00,0.0,0.0,0.0,0.0,-45.30443810654572,2.3033240917705378
2026-03-11 11:20:00+00:00,0.0,0.0,0.0,0.0,-45.30443810654572,2.3033240917705378
2026-03-11 11:25:00+00:00,0.0,0.0,0.0,0.0,-45.30443810654572,2.3033240917705378
2026-03-11 11:30:00+00:00,0.0,0.0,0.0,0.0,-45.30443810654572,2.3033240917705378
2026-03-11 11:35:00+00:00,0.0,0.0,0.0,0.0,-45.30443810654572,2.3033240917705378
2026-03-11 11:40:00+00:00,0.0,0.0,0.0,0.0,-45.30443810654572,2.3033240917705378
2026-03-11 11:45:00+00:00,0.0,0.0,0.0,0.0,-45.30443810654572,2.3033240917705378
2026-03-11 11:50:00+00:00,0.0,0.0,0.0,0.0,-45.30443810654572,2.3033240917705378
2026-03-11 11:55:00+00:00,0.0,0.0,0.0,0.0,-45.30443810654572,2.3033240917705378
2026-03-11 12:00:00+00:00,0.0,0.0,0.0,0.0,-45.30443810654572,2.3033240917705378
2026-03-11 12:05:00+00:00,0.0,0.0,0.0,0.0,-45.30443810654572,2.3033240917705378
2026-03-11 12:10:00+00:00,0.0,0.0,0.0,0.0,-45.30443810654572,2.3033240917705378
2026-03-11 12:15:00+00:00,0.0,0.0,0.0,0.0,-45.30443810654572,2.3033240917705378
2026-03-11 12:20:00+00:00,0.0,0.0,0.0,0.0,-45.30443810654572,2.3033240917705378
2026-03-11 12:25:00+00:00,0.0,0.0,0.0,0.0,-45.30443810654572,2.3033240917705378
2026-03-11 12:30:00+00:00,0.0,0.0,0.0,0.0,-45.30443810654572,2.3033240917705378
2026-03-11 12:35:00+00:00,0.0,0.0,0.0,0.0,-45.30443810654572,2.3033240917705378
2026-03-11 12:40:00+00:00,0.0,0.0,0.0,0.0,-45.30443810654572,2.3033240917705378
2026-03-11 12:45:00+00:00,0.0,0.0,0.0,0.0,-45.30443810654572,2.3033240917705378
2026-03-11 12:50:00+00:00,0.0,0.0,0.0,0.0,-45.30443810654572,2.3033240917705378
2026-03-11 12:55:00+00:00,0.0,0.0,0.0,0.0,-45.30443810654572,2.3033240917705378
2026-03-11 13:00:00+00:00,0.0,0.0,0.0,0.0,-45.30443810654572,2.3033240917705378
2026-03-11 13:05:00+00:00,0.0,0.0,0.0,0.0,-45.30443810654572,2.3033240917705378
2026-03-11 13:10:00+00:00,0.0,0.0,0.0,0.0,-45.30443810654572,2.3033240917705378
2026-03-11 13:15:00+00:00,0.0,0.0,0.0,0.0,-45.30443810654572,2.3033240917705378
2026-03-11 13:20:00+00:00,0.0,0.0,0.0,0.0,-45.30443810654572,2.3033240917705378
2026-03-11 13:25:00+00:00,0.0,0.0,0.0,0.0,-45.30443810654572,2.3033240917705378
2026-03-11 13:30:00+00:00,0.0,0.0,0.0,0.0,-45.30443810654572,2.3033240917705378
2026-03-11 13:35:00+00:00,0.0,0.0,0.0,0.0,-45.30443810654572,2.3033240917705378
2026-03-11 13:40:00+00:00,0.0,0.0,0.0,0.0,-45.30443810654572,2.3033240917705378
2026-03-11 13:45:00+00:00,0.0,0.0,0.0,0.0,-45.30443810654572,2.3033240917705378
2026-03-11 13:50:00+00:00,0.0,0.0,0.0,0.0,-45.30443810654572,2.3033240917705378
2026-03-11 13:55:00+00:00,0.0,0.0,0.0,0.0,-45.30443810654572,2.3033240917705378
2026-03-11 14:00:00+00:00,0.0,0.0,0.0,0.0,-45.30443810654572,2.3033240917705378
2026-03-11 14:05:00+00:00,0.0,0.0,0.0,0.0,-45.30443810654572,2.3033240917705378
2026-03-11 14:10:00+00:00,0.0,0.0,0.0,0.0,-45.30443810654572,2.3033240917705378
2026-03-11 14:15:00+00:00,0.0,0.0,0.0,0.0,-45.30443810654572,2.3033240917705378
2026-03-11 14:20:00+00:00,0.0,0.0,0.0,0.0,-45.30443810654572,2.3033240917705378
2026-03-11 14:25:00+00:00,0.0,0.0,0.0,0.0,-45.30443810654572,2.3033240917705378
2026-03-11 14:30:00+00:00,0.0,0.0,0.0,0.0,-45.30443810654572,2.3033240917705378
2026-03-11 14:35:00+00:00,0.0,0.0,0.0,0.0,-45.30443810654572,2.3033240917705378
2026-03-11 14:40:00+00:00,0.0,0.0,0.0,0.0,-45.30443810654572,2.3033240917705378
2026-03-11 14:45:00+00:00,0.0,0.0,0.0,0.0,-45.30443810654572,2.3033240917705378
2026-03-11 14:50:00+00:00,0.0,0.0,0.0,0.0,-45.30443810654572,2.3033240917705378
2026-03-11 14:55:00+00:00,0.0,0.0,0.0,0.0,-45.30443810654572,2.3033240917705378
2026-03-11 15:00:00+00:00,0.0,0.0,0.0,0.0,-45.30443810654572,2.3033240917705378
2026-03-11 15:05:00+00:00,0.0,0.0,0.0,0.0,-45.30443810654572,2.3033240917705378
2026-03-11 15:10:00+00:00,0.0,0.0,0.0,0.0,-45.30443810654572,2.3033240917705378
2026-03-11 15:15:00+00:00,0.0,0.0,0.0,0.0,-45.30443810654572,2.3033240917705378
2026-03-11 15:20:00+00:00,0.0,0.0,0.0,0.0,-45.30443810654572,2.3033240917705378
2026-03-11 15:25:00+00:00,0.0,0.0,0.0,0.0,-45.30443810654572,2.3033240917705378
2026-03-11 15:30:00+00:00,0.0,0.0,0.0,0.0,-45.30443810654572,2.3033240917705378
2026-03-11 15:35:00+00:00,0.0,0.0,0.0,0.0,-45.30443810654572,2.3033240917705378
2026-03-11 15:40:00+00:00,0.0,0.0,0.0,0.0,-45.30443810654572,2.3033240917705378
2026-03-11 15:45:00+00:00,0.0,0.0,0.0,0.0,-45.30443810654572,2.3033240917705378
2026-03-11 15:50:00+00:00,0.0,0.0,0.0,0.0,-45.30443810654572,2.3033240917705378
2026-03-11 15:55:00+00:00,0.0,0.0,0.0,0.0,-45.30443810654572,2.3033240917705378
2026-03-11 16:00:00+00:00,0.0,0.0,0.0,0.0,-45.30443810654572,2.3033240917705378
2026-03-11 16:05:00+00:00,0.0,0.0,0.0,0.0,-45.30443810654572,2.3033240917705378
2026-03-11 16:10:00+00:00,0.0,0.0,0.0,0.0,-45.30443810654572,2.3033240917705378
2026-03-11 16:15:00+00:00,0.0,0.0,0.0,0.0,-45.30443810654572,2.3033240917705378
2026-03-11 16:20:00+00:00,0.0,0.0,0.0,0.0,-45.30443810654572,2.3033240917705378
2026-03-11 16:25:00+00:00,0.0,0.0,0.0,0.0,-45.30443810654572,2.3033240917705378
2026-03-11 16:30:00+00:00,0.0,0.0,0.0,0.0,-45.30443810654572,2.3033240917705378
2026-03-11 16:35:00+00:00,0.0,0.0,0.0,0.0,-45.30443810654572,2.3033240917705378
2026-03-11 16:40:00+00:00,0.0,0.0,0.0,0.0,-45.30443810654572,2.3033240917705378
2026-03-11 16:45:00+00:00,0.0,0.0,0.0,0.0,-45.30443810654572,2.3033240917705378
2026-03-11 16:50:00+00:00,0.0,0.0,0.0,0.0,-45.30443810654572,2.3033240917705378
2026-03-11 16:55:00+00:00,0.0,0.0,0.0,0.0,-45.30443810654572,2.3033240917705378
2026-03-11 17:00:00+00:00,0.0,0.0,0.0,0.0,-45.30443810654572,2.3033240917705378
2026-03-11 17:05:00+00:00,0.0,0.0,0.0,0.0,-45.30443810654572,2.3033240917705378
2026-03-11 17:10:00+00:00,0.0,0.0,0.0,0.0,-45.30443810654572,2.3033240917705378
2026-03-11 17:15:00+00:00,0.0,0.0,0.0,0.0,-45.30443810654572,2.3033240917705378
2026-03-11 17:20:00+00:00,0.0,0.0,0.0,0.0,-45.30443810654572,2.3033240917705378
2026-03-11 17:25:00+00:00,0.0,0.0,0.0,0.0,-45.30443810654572,2.3033240917705378
2026-03-11 17:30:00+00:00,0.0,0.0,0.0,0.0,-45.30443810654572,2.3033240917705378
2026-03-11 17:35:00+00:00,0.0,0.0,0.0,0.0,-45.30443810654572,2.3033240917705378
2026-03-11 17:40:00+00:00,0.0,0.0,0.0,0.0,-45.30443810654572,2.3033240917705378
2026-03-11 17:45:00+00:00,0.0,0.0,0.0,0.0,-45.30443810654572,2.3033240917705378
2026-03-11 17:50:00+00:00,0.0,0.0,0.0,0.0,-45.30443810654572,2.3033240917705378
2026-03-11 17:55:00+00:00,0.0,0.0,0.0,0.0,-45.30443810654572,2.3033240917705378
2026-03-11 18:00:00+00:00,0.0,0.0,0.0,0.0,-45.30443810654572,2.3033240917705378
2026-03-11 18:05:00+00:00,0.0,0.0,0.0,0.0,-45.30443810654572,2.3033240917705378
2026-03-11 18:10:00+00:00,0.0,0.0,0.0,0.0,-45.30443810654572,2.3033240917705378
2026-03-11 18:15:00+00:00,0.0,0.0,0.0,0.0,-45.30443810654572,2.3033240917705378
2026-03-11 18:20:00+00:00,0.0,0.0,0.0,0.0,-45.30443810654572,2.3033240917705378
2026-03-11 18:25:00+00:00,0.0,0.0,0.0,0.0,-45.30443810654572,2.3033240917705378
2026-03-11 18:30:00+00:00,0.0,0.0,0.0,0.0,-45.30443810654572,2.3033240917705378
2026-03-11 18:35:00+00:00,0.0,0.0,0.0,0.0,-45.30443810654572,2.3033240917705378
2026-03-11 18:40:00+00:00,0.0,0.0,0.0,0.0,-45.30443810654572,2.3033240917705378
2026-03-11 18:45:00+00:00,0.0,0.0,0.0,0.0,-45.30443810654572,2.3033240917705378
2026-03-11 18:50:00+00:00,0.0,0.0,0.0,0.0,-45.30443810654572,2.3033240917705378
2026-03-11 18:55:00+00:00,0.0,0.0,0.0,0.0,-45.30443810654572,2.3033240917705378
2026-03-11 19:00:00+00:00,0.0,0.0,0.0,0.0,-45.30443810654572,2.3033240917705378
2026-03-11 19:05:00+00:00,0.0,0.0,0.0,0.0,-45.30443810654572,2.3033240917705378
2026-03-11 19:10:00+00:00,0.0,0.0,0.0,0.0,-45.30443810654572,2.3033240917705378
2026-03-11 19:15:00+00:00,0.0,0.0,0.0,0.0,-45.30443810654572,2.3033240917705378
2026-03-11 19:20:00+00:00,0.0,0.0,0.0,0.0,-45.30443810654572,2.3033240917705378
2026-03-11 19:25:00+00:00,0.0,0.0,0.0,0.0,-45.30443810654572,2.3033240917705378
2026-03-11 19:30:00+00:00,0.0,0.0,0.0,0.0,-45.30443810654572,2.3033240917705378
2026-03-11 19:35:00+00:00,0.0,0.0,0.0,0.0,-45.30443810654572,2.3033240917705378
2026-03-11 19:40:00+00:00,0.0,0.0,0.0,0.0,-45.30443810654572,2.3033240917705378
2026-03-11 19:45:00+00:00,0.0,0.0,0.0,0.0,-45.30443810654572,2.3033240917705378
2026-03-11 19:50:00+00:00,0.0,0.0,0.0,0.0,-45.30443810654572,2.3033240917705378
2026-03-11 19:55:00+00:00,0.0,0.0,0.0,0.0,-45.30443810654572,2.3033240917705378
2026-03-11 20:00:00+00:00,0.0,0.0,0.0,0.0,-45.30443810654572,2.3033240917705378
2026-03-11 20:05:00+00:00,0.0,0.0,0.0,0.0,-45.30443810654572,2.3033240917705378
2026-03-11 20:10:00+00:00,0.0,0.0,0.0,0.0,-45.30443810654572,2.3033240917705378
2026-03-11 20:15:00+00:00,0.0,0.0,0.0,0.0,-45.30443810654572,2.3033240917705378
2026-03-11 20:20:00+00:00,0.0,0.0,0.0,0.0,-45.30443810654572,2.3033240917705378
2026-03-11 20:25:00+00:00,0.0,0.0,0.0,0.0,-45.30443810654572,2.3033240917705378
2026-03-11 20:30:00+00:00,0.0,0.0,0.0,0.0,-45.30443810654572,2.3033240917705378
2026-03-11 20:35:00+00:00,0.0,0.0,0.0,0.0,-45.30443810654572,2.3033240917705378
2026-03-11 20:40:00+00:00,0.0,0.0,0.0,0.0,-45.30443810654572,2.3033240917705378
2026-03-11 20:45:00+00:00,0.0,0.0,0.0,0.0,-45.30443810654572,2.3033240917705378
2026-03-11 20:50:00+00:00,0.0,0.0,0.0,0.0,-45.30443810654572,2.3033240917705378
2026-03-11 20:55:00+00:00,0.0,0.0,0.0,0.0,-45.30443810654572,2.3033240917705378
2026-03-11 21:00:00+00:00,0.0,0.0,0.0,0.0,-45.30443810654572,2.3033240917705378
2026-03-11 21:05:00+00:00,0.0,0.0,0.0,0.0,-45.30443810654572,2.3033240917705378
2026-03-11 21:10:00+00:00,0.0,0.0,0.0,0.0,-45.30443810654572,2.3033240917705378
2026-03-11 21:15:00+00:00,0.0,0.0,0.0,0.0,-45.30443810654572,2.3033240917705378
2026-03-11 21:20:00+00:00,0.0,0.0,0.0,0.0,-45.30443810654572,2.3033240917705378
2026-03-11 21:25:00+00:00,0.0,0.0,0.0,0.0,-45.30443810654572,2.3033240917705378
2026-03-11 21:30:00+00:00,0.0,0.0,0.0,0.0,-45.30443810654572,2.3033240917705378
2026-03-11 21:35:00+00:00,0.0,0.0,0.0,0.0,-45.30443810654572,2.3033240917705378
2026-03-11 21:40:00+00:00,0.0,0.0,0.0,0.0,-45.30443810654572,2.3033240917705378
2026-03-11 21:45:00+00:00,0.0,0.0,0.0,0.0,-45.30443810654572,2.3033240917705378
2026-03-11 21:50:00+00:00,0.0,0.0,0.0,0.0,-45.30443810654572,2.3033240917705378
2026-03-11 21:55:00+00:00,0.0,0.0,0.0,0.0,-45.30443810654572,2.3033240917705378
2026-03-11 22:00:00+00:00,0.0,0.0,0.0,0.0,-45.30443810654572,2.3033240917705378
2026-03-11 22:05:00+00:00,0.0,0.0,0.0,0.0,-45.30443810654572,2.3033240917705378
2026-03-11 22:10:00+00:00,0.0,0.0,0.0,0.0,-45.30443810654572,2.3033240917705378
2026-03-11 22:15:00+00:00,0.0,0.0,0.0,0.0,-45.30443810654572,2.3033240917705378
2026-03-11 22:20:00+00:00,0.0,0.0,0.0,0.0,-45.30443810654572,2.3033240917705378
2026-03-11 22:25:00+00:00,0.0,0.0,0.0,0.0,-45.30443810654572,2.3033240917705378
2026-03-11 22:30:00+00:00,0.0,0.0,0.0,0.0,-45.30443810654572,2.3033240917705378
2026-03-11 22:35:00+00:00,0.0,0.0,0.0,0.0,-45.30443810654572,2.3033240917705378
2026-03-11 22:40:00+00:00,0.0,0.0,0.0,0.0,-45.30443810654572,2.3033240917705378
2026-03-11 22:45:00+00:00,0.0,0.0,0.0,0.0,-45.30443810654572,2.3033240917705378
2026-03-11 22:50:00+00:00,0.0,0.0,0.0,0.0,-45.30443810654572,2.3033240917705378
2026-03-11 22:55:00+00:00,0.0,0.0,0.0,0.0,-45.30443810654572,2.3033240917705378
2026-03-11 23:00:00+00:00,0.0,0.0,0.0,0.0,-45.30443810654572,2.3033240917705378
2026-03-11 23:05:00+00:00,0.0,0.0,0.0,0.0,-45.30443810654572,2.3033240917705378
2026-03-11 23:10:00+00:00,0.0,0.0,0.0,0.0,-45.30443810654572,2.3033240917705378
2026-03-11 23:15:00+00:00,0.0,0.0,0.0,0.0,-45.30443810654572,2.3033240917705378
2026-03-11 23:20:00+00:00,0.0,0.0,0.0,0.0,-45.30443810654572,2.3033240917705378
2026-03-11 23:25:00+00:00,0.0,0.0,0.0,0.0,-45.30443810654572,2.3033240917705378
2026-03-11 23:30:00+00:00,0.0,0.0,0.0,0.0,-45.30443810654572,2.3033240917705378
2026-03-11 23:35:00+00:00,0.0,0.0,0.0,0.0,-45.30443810654572,2.3033240917705378
2026-03-11 23:40:00+00:00,0.0,0.0,0.0,0.0,-45.30443810654572,2.3033240917705378
2026-03-11 23:45:00+00:00,0.0,0.0,0.0,0.0,-45.30443810654572,2.3033240917705378
2026-03-11 23:50:00+00:00,0.0,0.0,0.0,0.0,-45.30443810654572,2.3033240917705378
2026-03-11 23:55:00+00:00,0.0,0.0,0.0,0.0,-45.30443810654572,2.3033240917705378
2026-03-12 00:00:00+00:00,0.0,0.0,0.0,0.0,-45.30443810654572,2.3033240917705378
2026-03-12 00:05:00+00:00,0.0,0.0,0.0,0.0,-45.30443810654572,2.3033240917705378
2026-03-12 00:10:00+00:00,0.0,0.0,0.0,0.0,-45.30443810654572,2.3033240917705378
2026-03-12 00:15:00+00:00,0.0,0.0,0.0,0.0,-45.30443810654572,2.3033240917705378
2026-03-12 00:20:00+00:00,0.0,0.0,0.0,0.0,-45.30443810654572,2.3033240917705378
2026-03-12 00:25:00+00:00,0.0,0.0,0.0,0.0,-45.30443810654572,2.3033240917705378
2026-03-12 00:30:00+00:00,0.0,0.0,0.0,0.0,-45.30443810654572,2.3033240917705378
2026-03-12 00:35:00+00:00,0.0,0.0,0.0,0.0,-45.30443810654572,2.3033240917705378
2026-03-12 00:40:00+00:00,0.0,0.0,0.0,0.0,-45.30443810654572,2.3033240917705378
2026-03-12 00:45:00+00:00,0.0,0.0,0.0,0.0,-45.30443810654572,2.3033240917705378
2026-03-12 00:50:00+00:00,0.0,0.0,0.0,0.0,-45.30443810654572,2.3033240917705378
2026-03-12 00:55:00+00:00,0.0,0.0,0.0,0.0,-45.30443810654572,2.3033240917705378
2026-03-12 01:00:00+00:00,0.0,0.0,0.0,0.0,-45.30443810654572,2.3033240917705378
2026-03-12 01:05:00+00:00,0.0,0.0,0.0,0.0,-45.30443810654572,2.3033240917705378
2026-03-12 01:10:00+00:00,0.0,0.0,0.0,0.0,-45.30443810654572,2.3033240917705378
2026-03-12 01:15:00+00:00,0.0,0.0,0.0,0.0,-45.30443810654572,2.3033240917705378
2026-03-12 01:20:00+00:00,0.0,0.0,0.0,0.0,-45.30443810654572,2.3033240917705378
2026-03-12 01:25:00+00:00,0.0,0.0,0.0,0.0,-45.30443810654572,2.3033240917705378
2026-03-12 01:30:00+00:00,0.0,0.0,0.0,0.0,-45.30443810654572,2.3033240917705378
2026-03-12 01:35:00+00:00,0.0,0.0,0.0,0.0,-45.30443810654572,2.3033240917705378
2026-03-12 01:40:00+00:00,0.0,0.0,0.0,0.0,-45.30443810654572,2.3033240917705378
2026-03-12 01:45:00+00:00,0.0,0.0,0.0,0.0,-45.30443810654572,2.3033240917705378
2026-03-12 01:50:00+00:00,0.0,0.0,0.0,0.0,-45.30443810654572,2.3033240917705378
2026-03-12 01:55:00+00:00,0.0,0.0,0.0,0.0,-45.30443810654572,2.3033240917705378
2026-03-12 02:00:00+00:00,0.0,0.0,0.0,0.0,-45.30443810654572,2.3033240917705378
2026-03-12 02:05:00+00:00,0.0,0.0,0.0,0.0,-45.30443810654572,2.3033240917705378
2026-03-12 02:10:00+00:00,0.0,0.0,0.0,0.0,-45.30443810654572,2.3033240917705378
2026-03-12 02:15:00+00:00,0.0,0.0,0.0,0.0,-45.30443810654572,2.3033240917705378
2026-03-12 02:20:00+00:00,0.0,0.0,0.0,0.0,-45.30443810654572,2.3033240917705378
2026-03-12 02:25:00+00:00,0.0,0.0,0.0,0.0,-45.30443810654572,2.3033240917705378
2026-03-12 02:30:00+00:00,0.0,0.0,0.0,0.0,-45.30443810654572,2.3033240917705378
2026-03-12 02:35:00+00:00,0.0,0.0,0.0,0.0,-45.30443810654572,2.3033240917705378
2026-03-12 02:40:00+00:00,0.0,0.0,0.0,0.0,-45.30443810654572,2.3033240917705378
2026-03-12 02:45:00+00:00,0.0,0.0,0.0,0.0,-45.30443810654572,2.3033240917705378
2026-03-12 02:50:00+00:00,0.0,0.0,0.0,0.0,-45.30443810654572,2.3033240917705378
2026-03-12 02:55:00+00:00,0.0,0.0,0.0,0.0,-45.30443810654572,2.3033240917705378
2026-03-12 03:00:00+00:00,0.0,0.0,0.0,0.0,-45.30443810654572,2.3033240917705378
2026-03-12 03:05:00+00:00,0.0,0.0,0.0,0.0,-45.30443810654572,2.3033240917705378
2026-03-12 03:10:00+00:00,0.0,0.0,0.0,0.0,-45.30443810654572,2.3033240917705378
2026-03-12 03:15:00+00:00,0.0,0.0,0.0,0.0,-45.30443810654572,2.3033240917705378
2026-03-12 03:20:00+00:00,0.0,0.0,0.0,0.0,-45.30443810654572,2.3033240917705378
2026-03-12 03:25:00+00:00,0.0,0.0,0.0,0.0,-45.30443810654572,2.3033240917705378
2026-03-12 03:30:00+00:00,0.0,0.0,0.0,0.0,-45.30443810654572,2.3033240917705378
2026-03-12 03:35:00+00:00,0.0,0.0,0.0,0.0,-45.30443810654572,2.3033240917705378
2026-03-12 03:40:00+00:00,0.0,0.0,0.0,0.0,-45.30443810654572,2.3033240917705378
2026-03-12 03:45:00+00:00,0.0,0.0,0.0,0.0,-45.30443810654572,2.3033240917705378
2026-03-12 03:50:00+00:00,0.0,0.0,0.0,0.0,-45.30443810654572,2.3033240917705378
2026-03-12 03:55:00+00:00,0.0,0.0,0.0,0.0,-45.30443810654572,2.3033240917705378
2026-03-12 04:00:00+00:00,0.0,0.0,0.0,0.0,-45.30443810654572,2.3033240917705378
2026-03-12 04:05:00+00:00,0.0,0.0,0.0,0.0,-45.30443810654572,2.3033240917705378
2026-03-12 04:10:00+00:00,0.0,0.0,0.0,0.0,-45.30443810654572,2.3033240917705378
2026-03-12 04:15:00+00:00,0.0,0.0,0.0,0.0,-45.30443810654572,2.3033240917705378
2026-03-12 04:20:00+00:00,0.0,0.0,0.0,0.0,-45.30443810654572,2.3033240917705378
2026-03-12 04:25:00+00:00,0.0,0.0,0.0,0.0,-45.30443810654572,2.3033240917705378
2026-03-12 04:30:00+00:00,0.0,0.0,0.0,0.0,-45.30443810654572,2.3033240917705378
2026-03-12 04:35:00+00:00,0.0,0.0,0.0,0.0,-45.30443810654572,2.3033240917705378
2026-03-12 04:40:00+00:00,0.0,0.0,0.0,0.0,-45.30443810654572,2.3033240917705378
2026-03-12 04:45:00+00:00,0.0,0.0,0.0,0.0,-45.30443810654572,2.3033240917705378
2026-03-12 04:50:00+00:00,0.0,0.0,0.0,0.0,-45.30443810654572,2.3033240917705378
2026-03-12 04:55:00+00:00,0.0,0.0,0.0,0.0,-45.30443810654572,2.3033240917705378
2026-03-12 05:00:00+00:00,0.0,0.0,0.0,0.0,-45.30443810654572,2.3033240917705378
2026-03-12 05:05:00+00:00,0.0,0.0,0.0,0.0,-45.30443810654572,2.3033240917705378
2026-03-12 05:10:00+00:00,0.0,0.0,0.0,0.0,-45.30443810654572,2.3033240917705378
2026-03-12 05:15:00+00:00,0.0,0.0,0.0,0.0,-45.30443810654572,2.3033240917705378
2026-03-12 05:20:00+00:00,0.0,0.0,0.0,0.0,-45.30443810654572,2.3033240917705378
2026-03-12 05:25:00+00:00,0.0,0.0,0.0,0.0,-45.30443810654572,2.3033240917705378
2026-03-12 05:30:00+00:00,0.0,0.0,0.0,0.0,-45.30443810654572,2.3033240917705378
2026-03-12 05:35:00+00:00,0.0,0.0,0.0,0.0,-45.30443810654572,2.3033240917705378
2026-03-12 05:40:00+00:00,0.0,0.0,0.0,0.0,-45.30443810654572,2.3033240917705378
2026-03-12 05:45:00+00:00,0.0,0.0,0.0,0.0,-45.30443810654572,2.3033240917705378
2026-03-12 05:50:00+00:00,0.0,0.0,0.0,0.0,-45.30443810654572,2.3033240917705378
2026-03-12 05:55:00+00:00,0.0,0.0,0.0,0.0,-45.30443810654572,2.3033240917705378
2026-03-12 06:00:00+00:00,0.0,0.0,0.0,0.0,-45.30443810654572,2.3033240917705378
2026-03-12 06:05:00+00:00,0.0,0.0,0.0,0.0,-45.30443810654572,2.3033240917705378
2026-03-12 06:10:00+00:00,0.0,0.0,0.0,0.0,-45.30443810654572,2.3033240917705378
2026-03-12 06:15:00+00:00,0.0,0.0,0.0,0.0,-45.30443810654572,2.3033240917705378
2026-03-12 06:20:00+00:00,0.0,0.0,0.0,0.0,-45.30443810654572,2.3033240917705378
2026-03-12 06:25:00+00:00,0.0,0.0,0.0,0.0,-45.30443810654572,2.3033240917705378
2026-03-12 06:30:00+00:00,0.0,0.0,0.0,0.0,-45.30443810654572,2.3033240917705378
2026-03-12 06:35:00+00:00,0.0,0.0,0.0,0.0,-45.30443810654572,2.3033240917705378
2026-03-12 06:40:00+00:00,0.0,0.0,0.0,0.0,-45.30443810654572,2.3033240917705378
2026-03-12 06:45:00+00:00,0.0,0.0,0.0,0.0,-45.30443810654572,2.3033240917705378
2026-03-12 06:50:00+00:00,0.0,0.0,0.0,0.0,-45.30443810654572,2.3033240917705378
2026-03-12 06:55:00+00:00,0.0,0.0,0.0,0.0,-45.30443810654572,2.3033240917705378
2026-03-12 07:00:00+00:00,0.0,0.0,0.0,0.0,-45.30443810654572,2.3033240917705378
2026-03-12 07:05:00+00:00,0.0,0.0,0.0,0.0,-45.30443810654572,2.3033240917705378
2026-03-12 07:10:00+00:00,0.0,0.0,0.0,0.0,-45.30443810654572,2.3033240917705378
2026-03-12 07:15:00+00:00,0.0,0.0,0.0,0.0,-45.30443810654572,2.3033240917705378
2026-03-12 07:20:00+00:00,0.0,0.0,0.0,0.0,-45.30443810654572,2.3033240917705378
2026-03-12 07:25:00+00:00,0.0,0.0,0.0,0.0,-45.30443810654572,2.3033240917705378
2026-03-12 07:30:00+00:00,0.0,0.0,0.0,0.0,-45.30443810654572,2.3033240917705378
2026-03-12 07:35:00+00:00,0.0,0.0,0.0,0.0,-45.30443810654572,2.3033240917705378
2026-03-12 07:40:00+00:00,0.0,0.0,0.0,0.0,-45.30443810654572,2.3033240917705378
2026-03-12 07:45:00+00:00,0.0,0.0,0.0,0.0,-45.30443810654572,2.3033240917705378
2026-03-12 07:50:00+00:00,0.0,0.0,0.0,0.0,-45.30443810654572,2.3033240917705378
2026-03-12 07:55:00+00:00,0.0,0.0,0.0,0.0,-45.30443810654572,2.3033240917705378
2026-03-12 08:00:00+00:00,0.0,0.0,0.0,0.0,-45.30443810654572,2.3033240917705378
2026-03-12 08:05:00+00:00,0.0,0.0,0.0,0.0,-45.30443810654572,2.3033240917705378
2026-03-12 08:10:00+00:00,0.0,0.0,0.0,0.0,-45.30443810654572,2.3033240917705378
2026-03-12 08:15:00+00:00,0.0,0.0,0.0,0.0,-45.30443810654572,2.3033240917705378
2026-03-12 08:20:00+00:00,0.0,0.0,0.0,0.0,-45.30443810654572,2.3033240917705378
2026-03-12 08:25:00+00:00,0.0,0.0,0.0,0.0,-45.30443810654572,2.3033240917705378
2026-03-12 08:30:00+00:00,0.0,0.0,0.0,0.0,-45.30443810654572,2.3033240917705378
2026-03-12 08:35:00+00:00,0.0,0.0,0.0,0.0,-45.30443810654572,2.3033240917705378
2026-03-12 08:40:00+00:00,0.0,0.0,0.0,0.0,-45.30443810654572,2.3033240917705378
2026-03-12 08:45:00+00:00,0.0,0.0,0.0,0.0,-45.30443810654572,2.3033240917705378
2026-03-12 08:50:00+00:00,0.0,0.0,0.0,0.0,-45.30443810654572,2.3033240917705378
2026-03-12 08:55:00+00:00,0.0,0.0,0.0,0.0,-45.30443810654572,2.3033240917705378
2026-03-12 09:00:00+00:00,0.0,0.0,0.0,0.0,-45.30443810654572,2.3033240917705378
2026-03-12 09:05:00+00:00,0.0,0.0,0.0,0.0,-45.30443810654572,2.3033240917705378
2026-03-12 09:10:00+00:00,0.0,0.0,0.0,0.0,-45.30443810654572,2.3033240917705378
2026-03-12 09:15:00+00:00,0.0,0.0,0.0,0.0,-45.30443810654572,2.3033240917705378
2026-03-12 09:20:00+00:00,0.0,0.0,0.0,0.0,-45.30443810654572,2.3033240917705378
2026-03-12 09:25:00+00:00,0.0,0.0,0.0,0.0,-45.30443810654572,2.3033240917705378
2026-03-12 09:30:00+00:00,0.0,0.0,0.0,0.0,-45.30443810654572,2.3033240917705378
2026-03-12 09:35:00+00:00,0.0,0.0,0.0,0.0,-45.30443810654572,2.3033240917705378
2026-03-12 09:40:00+00:00,0.0,0.0,0.0,0.0,-45.30443810654572,2.3033240917705378
2026-03-12 09:45:00+00:00,0.0,0.0,0.0,0.0,-45.30443810654572,2.3033240917705378
2026-03-12 09:50:00+00:00,0.0,0.0,0.0,0.0,-45.30443810654572,2.3033240917705378
2026-03-12 09:55:00+00:00,0.0,0.0,0.0,0.0,-45.30443810654572,2.3033240917705378
2026-03-12 10:00:00+00:00,0.0,0.0,0.0,0.0,-45.30443810654572,2.3033240917705378
2026-03-12 10:05:00+00:00,0.0,0.0,0.0,0.0,-45.30443810654572,2.3033240917705378
2026-03-12 10:10:00+00:00,0.0,0.0,0.0,0.0,-45.30443810654572,2.3033240917705378
2026-03-12 10:15:00+00:00,0.0,0.0,0.0,0.0,-45.30443810654572,2.3033240917705378
2026-03-12 10:20:00+00:00,0.0,0.0,0.0,0.0,-45.30443810654572,2.3033240917705378
2026-03-12 10:25:00+00:00,0.0,0.0,0.0,0.0,-45.30443810654572,2.3033240917705378
2026-03-12 10:30:00+00:00,0.0,0.0,0.0,0.0,-45.30443810654572,2.3033240917705378
2026-03-12 10:35:00+00:00,0.0,0.0,0.0,0.0,-45.30443810654572,2.3033240917705378
2026-03-12 10:40:00+00:00,0.0,0.0,0.0,0.0,-45.30443810654572,2.3033240917705378
2026-03-12 10:45:00+00:00,0.0,0.0,0.0,0.0,-45.30443810654572,2.3033240917705378
2026-03-12 10:50:00+00:00,0.0,0.0,0.0,0.0,-45.30443810654572,2.3033240917705378
2026-03-12 10:55:00+00:00,0.0,0.0,0.0,0.0,-45.30443810654572,2.3033240917705378
2026-03-12 11:00:00+00:00,0.0,0.0,0.0,0.0,-45.30443810654572,2.3033240917705378
2026-03-12 11:05:00+00:00,0.0,0.0,0.0,0.0,-45.30443810654572,2.3033240917705378
2026-03-12 11:10:00+00:00,0.0,0.0,0.0,0.0,-45.30443810654572,2.3033240917705378
2026-03-12 11:15:00+00:00,0.0,0.0,0.0,0.0,-45.30443810654572,2.3033240917705378
2026-03-12 11:20:00+00:00,0.0,0.0,0.0,0.0,-45.30443810654572,2.3033240917705378
2026-03-12 11:25:00+00:00,0.0,0.0,0.0,0.0,-45.30443810654572,2.3033240917705378
2026-03-12 11:30:00+00:00,0.0,0.0,0.0,0.0,-45.30443810654572,2.3033240917705378
2026-03-12 11:35:00+00:00,0.0,0.0,0.0,0.0,-45.30443810654572,2.3033240917705378
2026-03-12 11:40:00+00:00,0.0,0.0,0.0,0.0,-45.30443810654572,2.3033240917705378
2026-03-12 11:45:00+00:00,0.0,0.0,0.0,0.0,-45.30443810654572,2.3033240917705378
2026-03-12 11:50:00+00:00,0.0,0.0,0.0,0.0,-45.30443810654572,2.3033240917705378
2026-03-12 11:55:00+00:00,0.0,0.0,0.0,0.0,-45.30443810654572,2.3033240917705378
2026-03-12 12:00:00+00:00,0.0,0.0,0.0,0.0,-45.30443810654572,2.3033240917705378
2026-03-12 12:05:00+00:00,0.0,0.0,0.0,0.0,-45.30443810654572,2.3033240917705378
2026-03-12 12:10:00+00:00,0.0,0.0,0.0,0.0,-45.30443810654572,2.3033240917705378
2026-03-12 12:15:00+00:00,0.0,0.0,0.0,0.0,-45.30443810654572,2.3033240917705378
2026-03-12 12:20:00+00:00,0.0,0.0,0.0,0.0,-45.30443810654572,2.3033240917705378
2026-03-12 12:25:00+00:00,0.0,0.0,0.0,0.0,-45.30443810654572,2.3033240917705378
2026-03-12 12:30:00+00:00,0.0,0.0,0.0,0.0,-45.30443810654572,2.3033240917705378
2026-03-12 12:35:00+00:00,0.0,0.0,0.0,0.0,-45.30443810654572,2.3033240917705378
2026-03-12 12:40:00+00:00,0.0,0.0,0.0,0.0,-45.30443810654572,2.3033240917705378
2026-03-12 12:45:00+00:00,0.0,0.0,0.0,0.0,-45.30443810654572,2.3033240917705378
2026-03-12 12:50:00+00:00,0.0,0.0,0.0,0.0,-45.30443810654572,2.3033240917705378
2026-03-12 12:55:00+00:00,0.0,0.0,0.0,0.0,-45.30443810654572,2.3033240917705378
2026-03-12 13:00:00+00:00,0.0,0.0,0.0,0.0,-45.30443810654572,2.3033240917705378
2026-03-12 13:05:00+00:00,0.0,0.0,0.0,0.0,-45.30443810654572,2.3033240917705378
2026-03-12 13:10:00+00:00,0.0,0.0,0.0,0.0,-45.30443810654572,2.3033240917705378
2026-03-12 13:15:00+00:00,0.0,0.0,0.0,0.0,-45.30443810654572,2.3033240917705378
2026-03-12 13:20:00+00:00,0.0,0.0,0.0,0.0,-45.30443810654572,2.3033240917705378
2026-03-12 13:25:00+00:00,0.0,0.0,0.0,0.0,-45.30443810654572,2.3033240917705378
2026-03-12 13:30:00+00:00,0.0,0.0,0.0,0.0,-45.30443810654572,2.3033240917705378
2026-03-12 13:35:00+00:00,0.0,0.0,0.0,0.0,-45.30443810654572,2.3033240917705378
2026-03-12 13:40:00+00:00,0.0,0.0,0.0,0.0,-45.30443810654572,2.3033240917705378
2026-03-12 13:45:00+00:00,0.0,0.0,0.0,0.0,-45.30443810654572,2.3033240917705378
2026-03-12 13:50:00+00:00,0.0,0.0,0.0,0.0,-45.30443810654572,2.3033240917705378
2026-03-12 13:55:00+00:00,0.0,0.0,0.0,0.0,-45.30443810654572,2.3033240917705378
2026-03-12 14:00:00+00:00,0.0,0.0,0.0,0.0,-45.30443810654572,2.3033240917705378
2026-03-12 14:05:00+00:00,0.0,0.0,0.0,0.0,-45.30443810654572,2.3033240917705378
2026-03-12 14:10:00+00:00,0.0,0.0,0.0,0.0,-45.30443810654572,2.3033240917705378
2026-03-12 14:15:00+00:00,0.0,0.0,0.0,0.0,-45.30443810654572,2.3033240917705378
2026-03-12 14:20:00+00:00,0.0,0.0,0.0,0.0,-45.30443810654572,2.3033240917705378
2026-03-12 14:25:00+00:00,0.0,0.0,0.0,0.0,-45.30443810654572,2.3033240917705378
2026-03-12 14:30:00+00:00,0.0,0.0,0.0,0.0,-45.30443810654572,2.3033240917705378
2026-03-12 14:35:00+00:00,0.0,0.0,0.0,0.0,-45.30443810654572,2.3033240917705378
2026-03-12 14:40:00+00:00,0.0,0.0,0.0,0.0,-45.30443810654572,2.3033240917705378
2026-03-12 14:45:00+00:00,0.0,0.0,0.0,0.0,-45.30443810654572,2.3033240917705378
2026-03-12 14:50:00+00:00,0.0,0.0,0.0,0.0,-45.30443810654572,2.3033240917705378
2026-03-12 14:55:00+00:00,0.0,0.0,0.0,0.0,-45.30443810654572,2.3033240917705378
2026-03-12 15:00:00+00:00,0.0,0.0,0.0,0.0,-45.30443810654572,2.3033240917705378
2026-03-12 15:05:00+00:00,0.0,0.0,0.0,0.0,-45.30443810654572,2.3033240917705378
2026-03-12 15:10:00+00:00,0.0,0.0,0.0,0.0,-45.30443810654572,2.3033240917705378
2026-03-12 15:15:00+00:00,0.0,0.0,0.0,0.0,-45.30443810654572,2.3033240917705378
2026-03-12 15:20:00+00:00,0.0,0.0,0.0,0.0,-45.30443810654572,2.3033240917705378
2026-03-12 15:25:00+00:00,0.0,0.0,0.0,0.0,-45.30443810654572,2.3033240917705378
2026-03-12 15:30:00+00:00,0.0,0.0,0.0,0.0,-45.30443810654572,2.3033240917705378
2026-03-12 15:35:00+00:00,0.0,0.0,0.0,0.0,-45.30443810654572,2.3033240917705378
2026-03-12 15:40:00+00:00,0.0,0.0,0.0,0.0,-45.30443810654572,2.3033240917705378
2026-03-12 15:45:00+00:00,0.0,0.0,0.0,0.0,-45.30443810654572,2.3033240917705378
2026-03-12 15:50:00+00:00,0.0,0.0,0.0,0.0,-45.30443810654572,2.3033240917705378
2026-03-12 15:55:00+00:00,0.0,0.0,0.0,0.0,-45.30443810654572,2.3033240917705378
2026-03-12 16:00:00+00:00,0.0,0.0,0.0,0.0,-45.30443810654572,2.3033240917705378
2026-03-12 16:05:00+00:00,0.0,0.0,0.0,0.0,-45.30443810654572,2.3033240917705378
2026-03-12 16:10:00+00:00,0.0,0.0,0.0,0.0,-45.30443810654572,2.3033240917705378
2026-03-12 16:15:00+00:00,0.0,0.0,0.0,0.0,-45.30443810654572,2.3033240917705378
2026-03-12 16:20:00+00:00,0.0,0.0,0.0,0.0,-45.30443810654572,2.3033240917705378
2026-03-12 16:25:00+00:00,0.0,0.0,0.0,0.0,-45.30443810654572,2.3033240917705378
2026-03-12 16:30:00+00:00,0.0,0.0,0.0,0.0,-45.30443810654572,2.3033240917705378
2026-03-12 16:35:00+00:00,0.0,0.0,0.0,0.0,-45.30443810654572,2.3033240917705378
2026-03-12 16:40:00+00:00,0.0,0.0,0.0,0.0,-45.30443810654572,2.3033240917705378
2026-03-12 16:45:00+00:00,0.0,0.0,0.0,0.0,-45.30443810654572,2.3033240917705378
2026-03-12 16:50:00+00:00,0.0,0.0,0.0,0.0,-45.30443810654572,2.3033240917705378
2026-03-12 16:55:00+00:00,0.0,0.0,0.0,0.0,-45.30443810654572,2.3033240917705378
2026-03-12 17:00:00+00:00,0.0,0.0,0.0,0.0,-45.30443810654572,2.3033240917705378
2026-03-12 17:05:00+00:00,0.0,0.0,0.0,0.0,-45.30443810654572,2.3033240917705378
2026-03-12 17:10:00+00:00,0.0,0.0,0.0,0.0,-45.30443810654572,2.3033240917705378
2026-03-12 17:15:00+00:00,0.0,0.0,0.0,0.0,-45.30443810654572,2.3033240917705378
2026-03-12 17:20:00+00:00,0.0,0.0,0.0,0.0,-45.30443810654572,2.3033240917705378
2026-03-12 17:25:00+00:00,0.0,0.0,0.0,0.0,-45.30443810654572,2.3033240917705378
2026-03-12 17:30:00+00:00,0.0,0.0,0.0,0.0,-45.30443810654572,2.3033240917705378
2026-03-12 17:35:00+00:00,0.0,0.0,0.0,0.0,-45.30443810654572,2.3033240917705378
2026-03-12 17:40:00+00:00,0.0,0.0,0.0,0.0,-45.30443810654572,2.3033240917705378
2026-03-12 17:45:00+00:00,0.0,0.0,0.0,0.0,-45.30443810654572,2.3033240917705378
2026-03-12 17:50:00+00:00,0.0,0.0,0.0,0.0,-45.30443810654572,2.3033240917705378
2026-03-12 17:55:00+00:00,0.0,0.0,0.0,0.0,-45.30443810654572,2.3033240917705378
2026-03-12 18:00:00+00:00,0.0,0.0,0.0,0.0,-45.30443810654572,2.3033240917705378
2026-03-12 18:05:00+00:00,0.0,0.0,0.0,0.0,-45.30443810654572,2.3033240917705378
2026-03-12 18:10:00+00:00,0.0,0.0,0.0,0.0,-45.30443810654572,2.3033240917705378
2026-03-12 18:15:00+00:00,0.0,0.0,0.0,0.0,-45.30443810654572,2.3033240917705378
2026-03-12 18:20:00+00:00,0.0,0.0,0.0,0.0,-45.30443810654572,2.3033240917705378
2026-03-12 18:25:00+00:00,0.0,0.0,0.0,0.0,-45.30443810654572,2.3033240917705378
2026-03-12 18:30:00+00:00,0.0,0.0,0.0,0.0,-45.30443810654572,2.3033240917705378
2026-03-12 18:35:00+00:00,0.0,0.0,0.0,0.0,-45.30443810654572,2.3033240917705378
2026-03-12 18:40:00+00:00,0.0,0.0,0.0,0.0,-45.30443810654572,2.3033240917705378
2026-03-12 18:45:00+00:00,0.0,0.0,0.0,0.0,-45.30443810654572,2.3033240917705378
2026-03-12 18:50:00+00:00,0.0,0.0,0.0,0.0,-45.30443810654572,2.3033240917705378
2026-03-12 18:55:00+00:00,0.0,0.0,0.0,0.0,-45.30443810654572,2.3033240917705378
2026-03-12 19:00:00+00:00,0.0,0.0,0.0,0.0,-45.30443810654572,2.3033240917705378
2026-03-12 19:05:00+00:00,0.0,0.0,0.0,0.0,-45.30443810654572,2.3033240917705378
2026-03-12 19:10:00+00:00,0.0,0.0,0.0,0.0,-45.30443810654572,2.3033240917705378
2026-03-12 19:15:00+00:00,0.0,0.0,0.0,0.0,-45.30443810654572,2.3033240917705378
2026-03-12 19:20:00+00:00,0.0,0.0,0.0,0.0,-45.30443810654572,2.3033240917705378
2026-03-12 19:25:00+00:00,0.0,0.0,0.0,0.0,-45.30443810654572,2.3033240917705378
2026-03-12 19:30:00+00:00,0.0,0.0,0.0,0.0,-45.30443810654572,2.3033240917705378
2026-03-12 19:35:00+00:00,0.0,0.0,0.0,0.0,-45.30443810654572,2.3033240917705378
2026-03-12 19:40:00+00:00,0.0,0.0,0.0,0.0,-45.30443810654572,2.3033240917705378
2026-03-12 19:45:00+00:00,0.0,0.0,0.0,0.0,-45.30443810654572,2.3033240917705378
2026-03-12 19:50:00+00:00,0.0,0.0,0.0,0.0,-45.30443810654572,2.3033240917705378
2026-03-12 19:55:00+00:00,0.0,0.0,0.0,0.0,-45.30443810654572,2.3033240917705378
2026-03-12 20:00:00+00:00,0.0,0.0,0.0,0.0,-45.30443810654572,2.3033240917705378
2026-03-12 20:05:00+00:00,0.0,0.0,0.0,0.0,-45.30443810654572,2.3033240917705378
2026-03-12 20:10:00+00:00,0.0,0.0,0.0,0.0,-45.30443810654572,2.3033240917705378
2026-03-12 20:15:00+00:00,0.0,0.0,0.0,0.0,-45.30443810654572,2.3033240917705378
2026-03-12 20:20:00+00:00,0.0,0.0,0.0,0.0,-45.30443810654572,2.3033240917705378
2026-03-12 20:25:00+00:00,0.0,0.0,0.0,0.0,-45.30443810654572,2.3033240917705378
2026-03-12 20:30:00+00:00,0.0,0.0,0.0,0.0,-45.30443810654572,2.3033240917705378
2026-03-12 20:35:00+00:00,0.0,0.0,0.0,0.0,-45.30443810654572,2.3033240917705378
2026-03-12 20:40:00+00:00,0.0,0.0,0.0,0.0,-45.30443810654572,2.3033240917705378
2026-03-12 20:45:00+00:00,0.0,0.0,0.0,0.0,-45.30443810654572,2.3033240917705378
2026-03-12 20:50:00+00:00,0.0,0.0,0.0,0.0,-45.30443810654572,2.3033240917705378
2026-03-12 20:55:00+00:00,0.0,0.0,0.0,0.0,-45.30443810654572,2.3033240917705378
2026-03-12 21:00:00+00:00,0.0,0.0,0.0,0.0,-45.30443810654572,2.3033240917705378
2026-03-12 21:05:00+00:00,0.0,0.0,0.0,0.0,-45.30443810654572,2.3033240917705378
2026-03-12 21:10:00+00:00,0.0,0.0,0.0,0.0,-45.30443810654572,2.3033240917705378
2026-03-12 21:15:00+00:00,0.0,0.0,0.0,0.0,-45.30443810654572,2.3033240917705378
2026-03-12 21:20:00+00:00,0.0,0.0,0.0,0.0,-45.30443810654572,2.3033240917705378
2026-03-12 21:25:00+00:00,0.0,0.0,0.0,0.0,-45.30443810654572,2.3033240917705378
2026-03-12 21:30:00+00:00,0.0,0.0,0.0,0.0,-45.30443810654572,2.3033240917705378
2026-03-12 21:35:00+00:00,0.0,0.0,0.0,0.0,-45.30443810654572,2.3033240917705378
2026-03-12 21:40:00+00:00,0.0,0.0,0.0,0.0,-45.30443810654572,2.3033240917705378
2026-03-12 21:45:00+00:00,0.0,0.0,0.0,0.0,-45.30443810654572,2.3033240917705378
2026-03-12 21:50:00+00:00,0.0,0.0,0.0,0.0,-45.30443810654572,2.3033240917705378
2026-03-12 21:55:00+00:00,0.0,0.0,0.0,0.0,-45.30443810654572,2.3033240917705378
2026-03-12 22:00:00+00:00,0.0,0.0,0.0,0.0,-45.30443810654572,2.3033240917705378
2026-03-12 22:05:00+00:00,0.0,0.0,0.0,0.0,-45.30443810654572,2.3033240917705378
2026-03-12 22:10:00+00:00,0.0,0.0,0.0,0.0,-45.30443810654572,2.3033240917705378
2026-03-12 22:15:00+00:00,0.0,0.0,0.0,0.0,-45.30443810654572,2.3033240917705378
2026-03-12 22:20:00+00:00,0.0,0.0,0.0,0.0,-45.30443810654572,2.3033240917705378
2026-03-12 22:25:00+00:00,0.0,0.0,0.0,0.0,-45.30443810654572,2.3033240917705378
2026-03-12 22:30:00+00:00,0.0,0.0,0.0,0.0,-45.30443810654572,2.3033240917705378
2026-03-12 22:35:00+00:00,0.0,0.0,0.0,0.0,-45.30443810654572,2.3033240917705378
2026-03-12 22:40:00+00:00,0.0,0.0,0.0,0.0,-45.30443810654572,2.3033240917705378
2026-03-12 22:45:00+00:00,0.0,0.0,0.0,0.0,-45.30443810654572,2.3033240917705378
2026-03-12 22:50:00+00:00,0.0,0.0,0.0,0.0,-45.30443810654572,2.3033240917705378
2026-03-12 22:55:00+00:00,0.0,0.0,0.0,0.0,-45.30443810654572,2.3033240917705378
2026-03-12 23:00:00+00:00,0.0,0.0,0.0,0.0,-45.30443810654572,2.3033240917705378
2026-03-12 23:05:00+00:00,0.0,0.0,0.0,0.0,-45.30443810654572,2.3033240917705378
2026-03-12 23:10:00+00:00,0.0,0.0,0.0,0.0,-45.30443810654572,2.3033240917705378
2026-03-12 23:15:00+00:00,0.0,0.0,0.0,0.0,-45.30443810654572,2.3033240917705378
2026-03-12 23:20:00+00:00,0.0,0.0,0.0,0.0,-45.30443810654572,2.3033240917705378
2026-03-12 23:25:00+00:00,0.0,0.0,0.0,0.0,-45.30443810654572,2.3033240917705378
2026-03-12 23:30:00+00:00,0.0,0.0,0.0,0.0,-45.30443810654572,2.3033240917705378
2026-03-12 23:35:00+00:00,0.0,0.0,0.0,0.0,-45.30443810654572,2.3033240917705378
2026-03-12 23:40:00+00:00,0.0,0.0,0.0,0.0,-45.30443810654572,2.3033240917705378
2026-03-12 23:45:00+00:00,0.0,0.0,0.0,0.0,-45.30443810654572,2.3033240917705378
2026-03-12 23:50:00+00:00,0.0,0.0,0.0,0.0,-45.30443810654572,2.3033240917705378
2026-03-12 23:55:00+00:00,0.0,0.0,0.0,0.0,-45.30443810654572,2.3033240917705378
2026-03-13 00:00:00+00:00,0.0,0.0,0.0,0.0,-45.30443810654572,2.3033240917705378
2026-03-13 00:05:00+00:00,0.0,0.0,0.0,0.0,-45.30443810654572,2.3033240917705378
2026-03-13 00:10:00+00:00,0.0,0.0,0.0,0.0,-45.30443810654572,2.3033240917705378
2026-03-13 00:15:00+00:00,0.0,0.0,0.0,0.0,-45.30443810654572,2.3033240917705378
2026-03-13 00:20:00+00:00,0.0,0.0,0.0,0.0,-45.30443810654572,2.3033240917705378
2026-03-13 00:25:00+00:00,0.0,0.0,0.0,0.0,-45.30443810654572,2.3033240917705378
2026-03-13 00:30:00+00:00,0.0,0.0,0.0,0.0,-45.30443810654572,2.3033240917705378
2026-03-13 00:35:00+00:00,0.0,0.0,0.0,0.0,-45.30443810654572,2.3033240917705378
2026-03-13 00:40:00+00:00,0.0,0.0,0.0,0.0,-45.30443810654572,2.3033240917705378
2026-03-13 00:45:00+00:00,0.0,0.0,0.0,0.0,-45.30443810654572,2.3033240917705378
2026-03-13 00:50:00+00:00,0.0,0.0,0.0,0.0,-45.30443810654572,2.3033240917705378
2026-03-13 00:55:00+00:00,0.0,0.0,0.0,0.0,-45.30443810654572,2.3033240917705378
2026-03-13 01:00:00+00:00,0.0,0.0,0.0,0.0,-45.30443810654572,2.3033240917705378
2026-03-13 01:05:00+00:00,0.0,0.0,0.0,0.0,-45.30443810654572,2.3033240917705378
2026-03-13 01:10:00+00:00,0.0,0.0,0.0,0.0,-45.30443810654572,2.3033240917705378
2026-03-13 01:15:00+00:00,0.0,0.0,0.0,0.0,-45.30443810654572,2.3033240917705378
2026-03-13 01:20:00+00:00,0.0,0.0,0.0,0.0,-45.30443810654572,2.3033240917705378
2026-03-13 01:25:00+00:00,0.0,0.0,0.0,0.0,-45.30443810654572,2.3033240917705378
2026-03-13 01:30:00+00:00,0.0,0.0,0.0,0.0,-45.30443810654572,2.3033240917705378
2026-03-13 01:35:00+00:00,0.0,0.0,0.0,0.0,-45.30443810654572,2.3033240917705378
2026-03-13 01:40:00+00:00,0.0,0.0,0.0,0.0,-45.30443810654572,2.3033240917705378
2026-03-13 01:45:00+00:00,0.0,0.0,0.0,0.0,-45.30443810654572,2.3033240917705378
2026-03-13 01:50:00+00:00,0.0,0.0,0.0,0.0,-45.30443810654572,2.3033240917705378
2026-03-13 01:55:00+00:00,0.0,0.0,0.0,0.0,-45.30443810654572,2.3033240917705378
2026-03-13 02:00:00+00:00,0.0,0.0,0.0,0.0,-45.30443810654572,2.3033240917705378
2026-03-13 02:05:00+00:00,0.0,0.0,0.0,0.0,-45.30443810654572,2.3033240917705378
2026-03-13 02:10:00+00:00,0.0,0.0,0.0,0.0,-45.30443810654572,2.3033240917705378
2026-03-13 02:15:00+00:00,0.0,0.0,0.0,0.0,-45.30443810654572,2.3033240917705378
2026-03-13 02:20:00+00:00,0.0,0.0,0.0,0.0,-45.30443810654572,2.3033240917705378
2026-03-13 02:25:00+00:00,0.0,0.0,0.0,0.0,-45.30443810654572,2.3033240917705378
2026-03-13 02:30:00+00:00,0.0,0.0,0.0,0.0,-45.30443810654572,2.3033240917705378
2026-03-13 02:35:00+00:00,0.0,0.0,0.0,0.0,-45.30443810654572,2.3033240917705378
2026-03-13 02:40:00+00:00,0.0,0.0,0.0,0.0,-45.30443810654572,2.3033240917705378
2026-03-13 02:45:00+00:00,0.0,0.0,0.0,0.0,-45.30443810654572,2.3033240917705378
2026-03-13 02:50:00+00:00,0.0,0.0,0.0,0.0,-45.30443810654572,2.3033240917705378
2026-03-13 02:55:00+00:00,0.0,0.0,0.0,0.0,-45.30443810654572,2.3033240917705378
2026-03-13 03:00:00+00:00,0.0,0.0,0.0,0.0,-45.30443810654572,2.3033240917705378
2026-03-13 03:05:00+00:00,0.0,0.0,0.0,0.0,-45.30443810654572,2.3033240917705378
2026-03-13 03:10:00+00:00,0.0,0.0,0.0,0.0,-45.30443810654572,2.3033240917705378
2026-03-13 03:15:00+00:00,0.0,0.0,0.0,0.0,-45.30443810654572,2.3033240917705378
2026-03-13 03:20:00+00:00,0.0,0.0,0.0,0.0,-45.30443810654572,2.3033240917705378
2026-03-13 03:25:00+00:00,0.0,0.0,0.0,0.0,-45.30443810654572,2.3033240917705378
2026-03-13 03:30:00+00:00,0.0,0.0,0.0,0.0,-45.30443810654572,2.3033240917705378
2026-03-13 03:35:00+00:00,0.0,0.0,0.0,0.0,-45.30443810654572,2.3033240917705378
2026-03-13 03:40:00+00:00,0.0,0.0,0.0,0.0,-45.30443810654572,2.3033240917705378
2026-03-13 03:45:00+00:00,0.0,0.0,0.0,0.0,-45.30443810654572,2.3033240917705378
2026-03-13 03:50:00+00:00,0.0,0.0,0.0,0.0,-45.30443810654572,2.3033240917705378
2026-03-13 03:55:00+00:00,0.0,0.0,0.0,0.0,-45.30443810654572,2.3033240917705378
2026-03-13 04:00:00+00:00,0.0,0.0,0.0,0.0,-45.30443810654572,2.3033240917705378
2026-03-13 04:05:00+00:00,0.0,0.0,0.0,0.0,-45.30443810654572,2.3033240917705378
2026-03-13 04:10:00+00:00,0.0,0.0,0.0,0.0,-45.30443810654572,2.3033240917705378
2026-03-13 04:15:00+00:00,0.0,0.0,0.0,0.0,-45.30443810654572,2.3033240917705378
2026-03-13 04:20:00+00:00,0.0,0.0,0.0,0.0,-45.30443810654572,2.3033240917705378
2026-03-13 04:25:00+00:00,0.0,0.0,0.0,0.0,-45.30443810654572,2.3033240917705378
2026-03-13 04:30:00+00:00,0.0,0.0,0.0,0.0,-45.30443810654572,2.3033240917705378
2026-03-13 04:35:00+00:00,0.0,0.0,0.0,0.0,-45.30443810654572,2.3033240917705378
2026-03-13 04:40:00+00:00,0.0,0.0,0.0,0.0,-45.30443810654572,2.3033240917705378
2026-03-13 04:45:00+00:00,0.0,0.0,0.0,0.0,-45.30443810654572,2.3033240917705378
2026-03-13 04:50:00+00:00,0.0,0.0,0.0,0.0,-45.30443810654572,2.3033240917705378
2026-03-13 04:55:00+00:00,0.0,0.0,0.0,0.0,-45.30443810654572,2.3033240917705378
2026-03-13 05:00:00+00:00,0.0,0.0,0.0,0.0,-45.30443810654572,2.3033240917705378
2026-03-13 05:05:00+00:00,0.0,0.0,0.0,0.0,-45.30443810654572,2.3033240917705378
2026-03-13 05:10:00+00:00,0.0,0.0,0.0,0.0,-45.30443810654572,2.3033240917705378
2026-03-13 05:15:00+00:00,0.0,0.0,0.0,0.0,-45.30443810654572,2.3033240917705378
2026-03-13 05:20:00+00:00,0.0,0.0,0.0,0.0,-45.30443810654572,2.3033240917705378
2026-03-13 05:25:00+00:00,0.0,0.0,0.0,0.0,-45.30443810654572,2.3033240917705378
2026-03-13 05:30:00+00:00,0.0,0.0,0.0,0.0,-45.30443810654572,2.3033240917705378
2026-03-13 05:35:00+00:00,0.0,0.0,0.0,0.0,-45.30443810654572,2.3033240917705378
2026-03-13 05:40:00+00:00,0.0,0.0,0.0,0.0,-45.30443810654572,2.3033240917705378
2026-03-13 05:45:00+00:00,0.0,0.0,0.0,0.0,-45.30443810654572,2.3033240917705378
2026-03-13 05:50:00+00:00,0.0,0.0,0.0,0.0,-45.30443810654572,2.3033240917705378
2026-03-13 05:55:00+00:00,0.0,0.0,0.0,0.0,-45.30443810654572,2.3033240917705378
2026-03-13 06:00:00+00:00,0.0,0.0,0.0,0.0,-45.30443810654572,2.3033240917705378
2026-03-13 06:05:00+00:00,0.0,0.0,0.0,0.0,-45.30443810654572,2.3033240917705378
2026-03-13 06:10:00+00:00,0.0,0.0,0.0,0.0,-45.30443810654572,2.3033240917705378
2026-03-13 06:15:00+00:00,0.0,0.0,0.0,0.0,-45.30443810654572,2.3033240917705378
2026-03-13 06:20:00+00:00,0.0,0.0,0.0,0.0,-45.30443810654572,2.3033240917705378
2026-03-13 06:25:00+00:00,0.0,0.0,0.0,0.0,-45.30443810654572,2.3033240917705378
2026-03-13 06:30:00+00:00,0.0,0.0,0.0,0.0,-45.30443810654572,2.3033240917705378
2026-03-13 06:35:00+00:00,0.0,0.0,0.0,0.0,-45.30443810654572,2.3033240917705378
2026-03-13 06:40:00+00:00,0.0,0.0,0.0,0.0,-45.30443810654572,2.3033240917705378
2026-03-13 06:45:00+00:00,0.0,0.0,0.0,0.0,-45.30443810654572,2.3033240917705378
2026-03-13 06:50:00+00:00,0.0,0.0,0.0,0.0,-45.30443810654572,2.3033240917705378
2026-03-13 06:55:00+00:00,0.0,0.0,0.0,0.0,-45.30443810654572,2.3033240917705378
2026-03-13 07:00:00+00:00,0.0,0.0,0.0,0.0,-45.30443810654572,2.3033240917705378
2026-03-13 07:05:00+00:00,0.0,0.0,0.0,0.0,-45.30443810654572,2.3033240917705378
2026-03-13 07:10:00+00:00,0.0,0.0,0.0,0.0,-45.30443810654572,2.3033240917705378
2026-03-13 07:15:00+00:00,0.0,0.0,0.0,0.0,-45.30443810654572,2.3033240917705378
2026-03-13 07:20:00+00:00,0.0,0.0,0.0,0.0,-45.30443810654572,2.3033240917705378
2026-03-13 07:25:00+00:00,0.0,0.0,0.0,0.0,-45.30443810654572,2.3033240917705378
2026-03-13 07:30:00+00:00,0.0,0.0,0.0,0.0,-45.30443810654572,2.3033240917705378
2026-03-13 07:35:00+00:00,0.0,0.0,0.0,0.0,-45.30443810654572,2.3033240917705378
2026-03-13 07:40:00+00:00,0.0,0.0,0.0,0.0,-45.30443810654572,2.3033240917705378
2026-03-13 07:45:00+00:00,0.0,0.0,0.0,0.0,-45.30443810654572,2.3033240917705378
2026-03-13 07:50:00+00:00,0.0,0.0,0.0,0.0,-45.30443810654572,2.3033240917705378
2026-03-13 07:55:00+00:00,0.0,0.0,0.0,0.0,-45.30443810654572,2.3033240917705378
2026-03-13 08:00:00+00:00,0.0,0.0,0.0,0.0,-45.30443810654572,2.3033240917705378
2026-03-13 08:05:00+00:00,0.0,0.0,0.0,0.0,-45.30443810654572,2.3033240917705378
2026-03-13 08:10:00+00:00,0.0,0.0,0.0,0.0,-45.30443810654572,2.3033240917705378
2026-03-13 08:15:00+00:00,0.0,0.0,0.0,0.0,-45.30443810654572,2.3033240917705378
2026-03-13 08:20:00+00:00,0.0,0.0,0.0,0.0,-45.30443810654572,2.3033240917705378
2026-03-13 08:25:00+00:00,0.0,0.0,0.0,0.0,-45.30443810654572,2.3033240917705378
2026-03-13 08:30:00+00:00,0.0,0.0,0.0,0.0,-45.30443810654572,2.3033240917705378
2026-03-13 08:35:00+00:00,0.0,0.0,0.0,0.0,-45.30443810654572,2.3033240917705378
2026-03-13 08:40:00+00:00,0.0,0.0,0.0,0.0,-45.30443810654572,2.3033240917705378
2026-03-13 08:45:00+00:00,0.0,0.0,0.0,0.0,-45.30443810654572,2.3033240917705378
2026-03-13 08:50:00+00:00,0.0,0.0,0.0,0.0,-45.30443810654572,2.3033240917705378
2026-03-13 08:55:00+00:00,0.0,0.0,0.0,0.0,-45.30443810654572,2.3033240917705378
2026-03-13 09:00:00+00:00,0.0,0.0,0.0,0.0,-45.30443810654572,2.3033240917705378
2026-03-13 09:05:00+00:00,0.0,0.0,0.0,0.0,-45.30443810654572,2.3033240917705378
2026-03-13 09:10:00+00:00,0.0,0.0,0.0,0.0,-45.30443810654572,2.3033240917705378
2026-03-13 09:15:00+00:00,0.0,0.0,0.0,0.0,-45.30443810654572,2.3033240917705378
2026-03-13 09:20:00+00:00,0.0,0.0,0.0,0.0,-45.30443810654572,2.3033240917705378
2026-03-13 09:25:00+00:00,0.0,0.0,0.0,0.0,-45.30443810654572,2.3033240917705378
2026-03-13 09:30:00+00:00,0.0,0.0,0.0,0.0,-45.30443810654572,2.3033240917705378
2026-03-13 09:35:00+00:00,0.0,0.0,0.0,0.0,-45.30443810654572,2.3033240917705378
2026-03-13 09:40:00+00:00,0.0,0.0,0.0,0.0,-45.30443810654572,2.3033240917705378
2026-03-13 09:45:00+00:00,0.0,0.0,0.0,0.0,-45.30443810654572,2.3033240917705378
2026-03-13 09:50:00+00:00,0.0,0.0,0.0,0.0,-45.30443810654572,2.3033240917705378
2026-03-13 09:55:00+00:00,0.0,0.0,0.0,0.0,-45.30443810654572,2.3033240917705378
2026-03-13 10:00:00+00:00,0.0,0.0,0.0,0.0,-45.30443810654572,2.3033240917705378
2026-03-13 10:05:00+00:00,0.0,0.0,0.0,0.0,-45.30443810654572,2.3033240917705378
2026-03-13 10:10:00+00:00,0.0,0.0,0.0,0.0,-45.30443810654572,2.3033240917705378
2026-03-13 10:15:00+00:00,0.0,0.0,0.0,0.0,-45.30443810654572,2.3033240917705378
2026-03-13 10:20:00+00:00,0.0,0.0,0.0,0.0,-45.30443810654572,2.3033240917705378
2026-03-13 10:25:00+00:00,0.0,0.0,0.0,0.0,-45.30443810654572,2.3033240917705378
2026-03-13 10:30:00+00:00,0.0,0.0,0.0,0.0,-45.30443810654572,2.3033240917705378
2026-03-13 10:35:00+00:00,0.0,0.0,0.0,0.0,-45.30443810654572,2.3033240917705378
2026-03-13 10:40:00+00:00,0.0,0.0,0.0,0.0,-45.30443810654572,2.3033240917705378
2026-03-13 10:45:00+00:00,0.0,0.0,0.0,0.0,-45.30443810654572,2.3033240917705378
2026-03-13 10:50:00+00:00,0.0,0.0,0.0,0.0,-45.30443810654572,2.3033240917705378
2026-03-13 10:55:00+00:00,0.0,0.0,0.0,0.0,-45.30443810654572,2.3033240917705378
2026-03-13 11:00:00+00:00,0.0,0.0,0.0,0.0,-45.30443810654572,2.3033240917705378
2026-03-13 11:05:00+00:00,0.0,0.0,0.0,0.0,-45.30443810654572,2.3033240917705378
2026-03-13 11:10:00+00:00,0.0,0.0,0.0,0.0,-45.30443810654572,2.3033240917705378
2026-03-13 11:15:00+00:00,0.0,0.0,0.0,0.0,-45.30443810654572,2.3033240917705378
2026-03-13 11:20:00+00:00,0.0,0.0,0.0,0.0,-45.30443810654572,2.3033240917705378
2026-03-13 11:25:00+00:00,0.0,0.0,0.0,0.0,-45.30443810654572,2.3033240917705378
2026-03-13 11:30:00+00:00,0.0,0.0,0.0,0.0,-45.30443810654572,2.3033240917705378
2026-03-13 11:35:00+00:00,0.0,0.0,0.0,0.0,-45.30443810654572,2.3033240917705378
2026-03-13 11:40:00+00:00,0.0,0.0,0.0,0.0,-45.30443810654572,2.3033240917705378
2026-03-13 11:45:00+00:00,0.0,0.0,0.0,0.0,-45.30443810654572,2.3033240917705378
2026-03-13 11:50:00+00:00,0.0,0.0,0.0,0.0,-45.30443810654572,2.3033240917705378
2026-03-13 11:55:00+00:00,0.0,0.0,0.0,0.0,-45.30443810654572,2.3033240917705378
2026-03-13 12:00:00+00:00,0.0,0.0,0.0,0.0,-45.30443810654572,2.3033240917705378
2026-03-13 12:05:00+00:00,0.0,0.0,0.0,0.0,-45.30443810654572,2.3033240917705378
2026-03-13 12:10:00+00:00,0.0,0.0,0.0,0.0,-45.30443810654572,2.3033240917705378
2026-03-13 12:15:00+00:00,0.0,0.0,0.0,0.0,-45.30443810654572,2.3033240917705378
2026-03-13 12:20:00+00:00,0.0,0.0,0.0,0.0,-45.30443810654572,2.3033240917705378
2026-03-13 12:25:00+00:00,0.0,0.0,0.0,0.0,-45.30443810654572,2.3033240917705378
2026-03-13 12:30:00+00:00,0.0,0.0,0.0,0.0,-45.30443810654572,2.3033240917705378
2026-03-13 12:35:00+00:00,0.0,0.0,0.0,0.0,-45.30443810654572,2.3033240917705378
2026-03-13 12:40:00+00:00,0.0,0.0,0.0,0.0,-45.30443810654572,2.3033240917705378
2026-03-13 12:45:00+00:00,0.0,0.0,0.0,0.0,-45.30443810654572,2.3033240917705378
2026-03-13 12:50:00+00:00,0.0,0.0,0.0,0.0,-45.30443810654572,2.3033240917705378
2026-03-13 12:55:00+00:00,0.0,0.0,0.0,0.0,-45.30443810654572,2.3033240917705378
2026-03-13 13:00:00+00:00,0.0,0.0,0.0,0.0,-45.30443810654572,2.3033240917705378
2026-03-13 13:05:00+00:00,0.0,0.0,0.0,0.0,-45.30443810654572,2.3033240917705378
2026-03-13 13:10:00+00:00,0.0,0.0,0.0,0.0,-45.30443810654572,2.3033240917705378
2026-03-13 13:15:00+00:00,0.0,0.0,0.0,0.0,-45.30443810654572,2.3033240917705378
2026-03-13 13:20:00+00:00,0.0,0.0,0.0,0.0,-45.30443810654572,2.3033240917705378
2026-03-13 13:25:00+00:00,0.0,0.0,0.0,0.0,-45.30443810654572,2.3033240917705378
2026-03-13 13:30:00+00:00,0.0,0.0,0.0,0.0,-45.30443810654572,2.3033240917705378
2026-03-13 13:35:00+00:00,0.0,0.0,0.0,0.0,-45.30443810654572,2.3033240917705378
2026-03-13 13:40:00+00:00,0.0,0.0,0.0,0.0,-45.30443810654572,2.3033240917705378
2026-03-13 13:45:00+00:00,0.0,0.0,0.0,0.0,-45.30443810654572,2.3033240917705378
2026-03-13 13:50:00+00:00,0.0,0.0,0.0,0.0,-45.30443810654572,2.3033240917705378
2026-03-13 13:55:00+00:00,0.0,0.0,0.0,0.0,-45.30443810654572,2.3033240917705378
2026-03-13 14:00:00+00:00,0.0,0.0,0.0,0.0,-45.30443810654572,2.3033240917705378
2026-03-13 14:05:00+00:00,0.0,0.0,0.0,0.0,-45.30443810654572,2.3033240917705378
2026-03-13 14:10:00+00:00,0.0,0.0,0.0,0.0,-45.30443810654572,2.3033240917705378
2026-03-13 14:15:00+00:00,0.0,0.0,0.0,0.0,-45.30443810654572,2.3033240917705378
2026-03-13 14:20:00+00:00,0.0,0.0,0.0,0.0,-45.30443810654572,2.3033240917705378
2026-03-13 14:25:00+00:00,0.0,0.0,0.0,0.0,-45.30443810654572,2.3033240917705378
2026-03-13 14:30:00+00:00,0.0,0.0,0.0,0.0,-45.30443810654572,2.3033240917705378
2026-03-13 14:35:00+00:00,0.0,0.0,0.0,0.0,-45.30443810654572,2.3033240917705378
2026-03-13 14:40:00+00:00,0.0,0.0,0.0,0.0,-45.30443810654572,2.3033240917705378
2026-03-13 14:45:00+00:00,0.0,0.0,0.0,0.0,-45.30443810654572,2.3033240917705378
2026-03-13 14:50:00+00:00,0.0,0.0,0.0,0.0,-45.30443810654572,2.3033240917705378
2026-03-13 14:55:00+00:00,0.0,0.0,0.0,0.0,-45.30443810654572,2.3033240917705378
2026-03-13 15:00:00+00:00,0.0,0.0,0.0,0.0,-45.30443810654572,2.3033240917705378
2026-03-13 15:05:00+00:00,0.0,0.0,0.0,0.0,-45.30443810654572,2.3033240917705378
2026-03-13 15:10:00+00:00,0.0,0.0,0.0,0.0,-45.30443810654572,2.3033240917705378
2026-03-13 15:15:00+00:00,0.0,0.0,0.0,0.0,-45.30443810654572,2.3033240917705378
2026-03-13 15:20:00+00:00,0.0,0.0,0.0,0.0,-45.30443810654572,2.3033240917705378
2026-03-13 15:25:00+00:00,0.0,0.0,0.0,0.0,-45.30443810654572,2.3033240917705378
2026-03-13 15:30:00+00:00,0.0,0.0,0.0,0.0,-45.30443810654572,2.3033240917705378
2026-03-13 15:35:00+00:00,0.0,0.0,0.0,0.0,-45.30443810654572,2.3033240917705378
2026-03-13 15:40:00+00:00,0.0,0.0,0.0,0.0,-45.30443810654572,2.3033240917705378
2026-03-13 15:45:00+00:00,0.0,0.0,0.0,0.0,-45.30443810654572,2.3033240917705378
2026-03-13 15:50:00+00:00,0.0,0.0,0.0,0.0,-45.30443810654572,2.3033240917705378
2026-03-13 15:55:00+00:00,0.0,0.0,0.0,0.0,-45.30443810654572,2.3033240917705378
2026-03-13 16:00:00+00:00,0.0,0.0,0.0,0.0,-45.30443810654572,2.3033240917705378
2026-03-13 16:05:00+00:00,0.0,0.0,0.0,0.0,-45.30443810654572,2.3033240917705378
2026-03-13 16:10:00+00:00,0.0,0.0,0.0,0.0,-45.30443810654572,2.3033240917705378
2026-03-13 16:15:00+00:00,0.0,0.0,0.0,0.0,-45.30443810654572,2.3033240917705378
2026-03-13 16:20:00+00:00,0.0,0.0,0.0,0.0,-45.30443810654572,2.3033240917705378
2026-03-13 16:25:00+00:00,0.0,0.0,0.0,0.0,-45.30443810654572,2.3033240917705378
2026-03-13 16:30:00+00:00,0.0,0.0,0.0,0.0,-45.30443810654572,2.3033240917705378
2026-03-13 16:35:00+00:00,0.0,0.0,0.0,0.0,-45.30443810654572,2.3033240917705378
2026-03-13 16:40:00+00:00,0.0,0.0,0.0,0.0,-45.30443810654572,2.3033240917705378
2026-03-13 16:45:00+00:00,0.0,0.0,0.0,0.0,-45.30443810654572,2.3033240917705378
2026-03-13 16:50:00+00:00,0.0,0.0,0.0,0.0,-45.30443810654572,2.3033240917705378
2026-03-13 16:55:00+00:00,0.0,0.0,0.0,0.0,-45.30443810654572,2.3033240917705378
2026-03-13 17:00:00+00:00,0.0,0.0,0.0,0.0,-45.30443810654572,2.3033240917705378
2026-03-13 17:05:00+00:00,0.0,0.0,0.0,0.0,-45.30443810654572,2.3033240917705378
2026-03-13 17:10:00+00:00,0.0,0.0,0.0,0.0,-45.30443810654572,2.3033240917705378
2026-03-13 17:15:00+00:00,0.0,0.0,0.0,0.0,-45.30443810654572,2.3033240917705378
2026-03-13 17:20:00+00:00,0.0,0.0,0.0,0.0,-45.30443810654572,2.3033240917705378
2026-03-13 17:25:00+00:00,0.0,0.0,0.0,0.0,-45.30443810654572,2.3033240917705378
2026-03-13 17:30:00+00:00,0.0,0.0,0.0,0.0,-45.30443810654572,2.3033240917705378
2026-03-13 17:35:00+00:00,0.0,0.0,0.0,0.0,-45.30443810654572,2.3033240917705378
2026-03-13 17:40:00+00:00,0.0,0.0,0.0,0.0,-45.30443810654572,2.3033240917705378
2026-03-13 17:45:00+00:00,0.0,0.0,0.0,0.0,-45.30443810654572,2.3033240917705378
2026-03-13 17:50:00+00:00,0.0,0.0,0.0,0.0,-45.30443810654572,2.3033240917705378
2026-03-13 17:55:00+00:00,0.0,0.0,0.0,0.0,-45.30443810654572,2.3033240917705378
2026-03-13 18:00:00+00:00,0.0,0.0,0.0,0.0,-45.30443810654572,2.3033240917705378
2026-03-13 18:05:00+00:00,0.0,0.0,0.0,0.0,-45.30443810654572,2.3033240917705378
2026-03-13 18:10:00+00:00,0.0,0.0,0.0,0.0,-45.30443810654572,2.3033240917705378
2026-03-13 18:15:00+00:00,0.0,0.0,0.0,0.0,-45.30443810654572,2.3033240917705378
2026-03-13 18:20:00+00:00,0.0,0.0,0.0,0.0,-45.30443810654572,2.3033240917705378
2026-03-13 18:25:00+00:00,0.0,0.0,0.0,0.0,-45.30443810654572,2.3033240917705378
2026-03-13 18:30:00+00:00,0.0,0.0,0.0,0.0,-45.30443810654572,2.3033240917705378
2026-03-13 18:35:00+00:00,0.0,0.0,0.0,0.0,-45.30443810654572,2.3033240917705378
2026-03-13 18:40:00+00:00,0.0,0.0,0.0,0.0,-45.30443810654572,2.3033240917705378
2026-03-13 18:45:00+00:00,0.0,0.0,0.0,0.0,-45.30443810654572,2.3033240917705378
2026-03-13 18:50:00+00:00,0.0,0.0,0.0,0.0,-45.30443810654572,2.3033240917705378
2026-03-13 18:55:00+00:00,0.0,0.0,0.0,0.0,-45.30443810654572,2.3033240917705378
2026-03-13 19:00:00+00:00,0.0,0.0,0.0,0.0,-45.30443810654572,2.3033240917705378
2026-03-13 19:05:00+00:00,0.0,0.0,0.0,0.0,-45.30443810654572,2.3033240917705378
2026-03-13 19:10:00+00:00,0.0,0.0,0.0,0.0,-45.30443810654572,2.3033240917705378
2026-03-13 19:15:00+00:00,0.0,0.0,0.0,0.0,-45.30443810654572,2.3033240917705378
2026-03-13 19:20:00+00:00,0.0,0.0,0.0,0.0,-45.30443810654572,2.3033240917705378
2026-03-13 19:25:00+00:00,0.0,0.0,0.0,0.0,-45.30443810654572,2.3033240917705378
2026-03-13 19:30:00+00:00,0.0,0.0,0.0,0.0,-45.30443810654572,2.3033240917705378
2026-03-13 19:35:00+00:00,0.0,0.0,0.0,0.0,-45.30443810654572,2.3033240917705378
2026-03-13 19:40:00+00:00,0.0,0.0,0.0,0.0,-45.30443810654572,2.3033240917705378
2026-03-13 19:45:00+00:00,0.0,0.0,0.0,0.0,-45.30443810654572,2.3033240917705378
2026-03-13 19:50:00+00:00,0.0,0.0,0.0,0.0,-45.30443810654572,2.3033240917705378
2026-03-13 19:55:00+00:00,0.0,0.0,0.0,0.0,-45.30443810654572,2.3033240917705378
2026-03-13 20:00:00+00:00,0.0,0.0,0.0,0.0,-45.30443810654572,2.3033240917705378
2026-03-13 20:05:00+00:00,0.0,0.0,0.0,0.0,-45.30443810654572,2.3033240917705378
2026-03-13 20:10:00+00:00,0.0,0.0,0.0,0.0,-45.30443810654572,2.3033240917705378
2026-03-13 20:15:00+00:00,0.0,0.0,0.0,0.0,-45.30443810654572,2.3033240917705378
2026-03-13 20:20:00+00:00,0.0,0.0,0.0,0.0,-45.30443810654572,2.3033240917705378
2026-03-13 20:25:00+00:00,0.0,0.0,0.0,0.0,-45.30443810654572,2.3033240917705378
2026-03-13 20:30:00+00:00,0.0,0.0,0.0,0.0,-45.30443810654572,2.3033240917705378
2026-03-13 20:35:00+00:00,0.0,0.0,0.0,0.0,-45.30443810654572,2.3033240917705378
2026-03-13 20:40:00+00:00,0.0,0.0,0.0,0.0,-45.30443810654572,2.3033240917705378
2026-03-13 20:45:00+00:00,0.0,0.0,0.0,0.0,-45.30443810654572,2.3033240917705378
2026-03-13 20:50:00+00:00,0.0,0.0,0.0,0.0,-45.30443810654572,2.3033240917705378
2026-03-13 20:55:00+00:00,0.0,0.0,0.0,0.0,-45.30443810654572,2.3033240917705378
2026-03-13 21:00:00+00:00,0.0,0.0,0.0,0.0,-45.30443810654572,2.3033240917705378
2026-03-13 21:05:00+00:00,0.0,0.0,0.0,0.0,-45.30443810654572,2.3033240917705378
2026-03-13 21:10:00+00:00,0.0,0.0,0.0,0.0,-45.30443810654572,2.3033240917705378
2026-03-13 21:15:00+00:00,0.0,0.0,0.0,0.0,-45.30443810654572,2.3033240917705378
2026-03-13 21:20:00+00:00,0.0,0.0,0.0,0.0,-45.30443810654572,2.3033240917705378
2026-03-13 21:25:00+00:00,0.0,0.0,0.0,0.0,-45.30443810654572,2.3033240917705378
2026-03-13 21:30:00+00:00,0.0,0.0,0.0,0.0,-45.30443810654572,2.3033240917705378
2026-03-13 21:35:00+00:00,0.0,0.0,0.0,0.0,-45.30443810654572,2.3033240917705378
2026-03-13 21:40:00+00:00,0.0,0.0,0.0,0.0,-45.30443810654572,2.3033240917705378
2026-03-13 21:45:00+00:00,0.0,0.0,0.0,0.0,-45.30443810654572,2.3033240917705378
2026-03-13 21:50:00+00:00,0.0,0.0,0.0,0.0,-45.30443810654572,2.3033240917705378
2026-03-13 21:55:00+00:00,0.0,0.0,0.0,0.0,-45.30443810654572,2.3033240917705378
2026-03-13 22:00:00+00:00,0.0,0.0,0.0,0.0,-45.30443810654572,2.3033240917705378
2026-03-13 22:05:00+00:00,0.0,0.0,0.0,0.0,-45.30443810654572,2.3033240917705378
2026-03-13 22:10:00+00:00,0.0,0.0,0.0,0.0,-45.30443810654572,2.3033240917705378
2026-03-13 22:15:00+00:00,0.0,0.0,0.0,0.0,-45.30443810654572,2.3033240917705378
2026-03-13 22:20:00+00:00,0.0,0.0,0.0,0.0,-45.30443810654572,2.3033240917705378
2026-03-13 22:25:00+00:00,0.0,0.0,0.0,0.0,-45.30443810654572,2.3033240917705378
2026-03-13 22:30:00+00:00,0.0,0.0,0.0,0.0,-45.30443810654572,2.3033240917705378
2026-03-13 22:35:00+00:00,0.0,0.0,0.0,0.0,-45.30443810654572,2.3033240917705378
2026-03-13 22:40:00+00:00,0.0,0.0,0.0,0.0,-45.30443810654572,2.3033240917705378
2026-03-13 22:45:00+00:00,0.0,0.0,0.0,0.0,-45.30443810654572,2.3033240917705378
2026-03-13 22:50:00+00:00,0.0,0.0,0.0,0.0,-45.30443810654572,2.3033240917705378
2026-03-13 22:55:00+00:00,0.0,0.0,0.0,0.0,-45.30443810654572,2.3033240917705378
2026-03-13 23:00:00+00:00,0.0,0.0,0.0,0.0,-45.30443810654572,2.3033240917705378
2026-03-13 23:05:00+00:00,0.0,0.0,0.0,0.0,-45.30443810654572,2.3033240917705378
2026-03-13 23:10:00+00:00,0.0,0.0,0.0,0.0,-45.30443810654572,2.3033240917705378
2026-03-13 23:15:00+00:00,0.0,0.0,0.0,0.0,-45.30443810654572,2.3033240917705378
2026-03-13 23:20:00+00:00,0.0,0.0,0.0,0.0,-45.30443810654572,2.3033240917705378
2026-03-13 23:25:00+00:00,0.0,0.0,0.0,0.0,-45.30443810654572,2.3033240917705378
2026-03-13 23:30:00+00:00,0.0,0.0,0.0,0.0,-45.30443810654572,2.3033240917705378
2026-03-13 23:35:00+00:00,0.0,0.0,0.0,0.0,-45.30443810654572,2.3033240917705378
2026-03-13 23:40:00+00:00,0.0,0.0,0.0,0.0,-45.30443810654572,2.3033240917705378
2026-03-13 23:45:00+00:00,0.0,0.0,0.0,0.0,-45.30443810654572,2.3033240917705378
2026-03-13 23:50:00+00:00,0.0,0.0,0.0,0.0,-45.30443810654572,2.3033240917705378
2026-03-13 23:55:00+00:00,0.0,0.0,0.0,0.0,-45.30443810654572,2.3033240917705378
2026-03-14 00:00:00+00:00,0.0,0.0,0.0,0.0,-45.30443810654572,2.3033240917705378
2026-03-14 00:05:00+00:00,0.0,0.0,0.0,0.0,-45.30443810654572,2.3033240917705378
2026-03-14 00:10:00+00:00,0.0,0.0,0.0,0.0,-45.30443810654572,2.3033240917705378
2026-03-14 00:15:00+00:00,0.0,0.0,0.0,0.0,-45.30443810654572,2.3033240917705378
2026-03-14 00:20:00+00:00,0.0,0.0,0.0,0.0,-45.30443810654572,2.3033240917705378
2026-03-14 00:25:00+00:00,0.0,0.0,0.0,0.0,-45.30443810654572,2.3033240917705378
2026-03-14 00:30:00+00:00,0.0,0.0,0.0,0.0,-45.30443810654572,2.3033240917705378
2026-03-14 00:35:00+00:00,0.0,0.0,0.0,0.0,-45.30443810654572,2.3033240917705378
2026-03-14 00:40:00+00:00,0.0,0.0,0.0,0.0,-45.30443810654572,2.3033240917705378
2026-03-14 00:45:00+00:00,0.0,0.0,0.0,0.0,-45.30443810654572,2.3033240917705378
2026-03-14 00:50:00+00:00,0.0,0.0,0.0,0.0,-45.30443810654572,2.3033240917705378
2026-03-14 00:55:00+00:00,0.0,0.0,0.0,0.0,-45.30443810654572,2.3033240917705378
2026-03-14 01:00:00+00:00,0.0,0.0,0.0,0.0,-45.30443810654572,2.3033240917705378
2026-03-14 01:05:00+00:00,0.0,0.0,0.0,0.0,-45.30443810654572,2.3033240917705378
2026-03-14 01:10:00+00:00,0.0,0.0,0.0,0.0,-45.30443810654572,2.3033240917705378
2026-03-14 01:15:00+00:00,0.0,0.0,0.0,0.0,-45.30443810654572,2.3033240917705378
2026-03-14 01:20:00+00:00,0.0,0.0,0.0,0.0,-45.30443810654572,2.3033240917705378
2026-03-14 01:25:00+00:00,0.0,0.0,0.0,0.0,-45.30443810654572,2.3033240917705378
2026-03-14 01:30:00+00:00,0.0,0.0,0.0,0.0,-45.30443810654572,2.3033240917705378
2026-03-14 01:35:00+00:00,0.0,0.0,0.0,0.0,-45.30443810654572,2.3033240917705378
2026-03-14 01:40:00+00:00,0.0,0.0,0.0,0.0,-45.30443810654572,2.3033240917705378
2026-03-14 01:45:00+00:00,0.0,0.0,0.0,0.0,-45.30443810654572,2.3033240917705378
2026-03-14 01:50:00+00:00,0.0,0.0,0.0,0.0,-45.30443810654572,2.3033240917705378
2026-03-14 01:55:00+00:00,0.0,0.0,0.0,0.0,-45.30443810654572,2.3033240917705378
2026-03-14 02:00:00+00:00,0.0,0.0,0.0,0.0,-45.30443810654572,2.3033240917705378
2026-03-14 02:05:00+00:00,0.0,0.0,0.0,0.0,-45.30443810654572,2.3033240917705378
2026-03-14 02:10:00+00:00,0.0,0.0,0.0,0.0,-45.30443810654572,2.3033240917705378
2026-03-14 02:15:00+00:00,0.0,0.0,0.0,0.0,-45.30443810654572,2.3033240917705378
2026-03-14 02:20:00+00:00,0.0,0.0,0.0,0.0,-45.30443810654572,2.3033240917705378
2026-03-14 02:25:00+00:00,0.0,0.0,0.0,0.0,-45.30443810654572,2.3033240917705378
2026-03-14 02:30:00+00:00,0.0,0.0,0.0,0.0,-45.30443810654572,2.3033240917705378
2026-03-14 02:35:00+00:00,0.0,0.0,0.0,0.0,-45.30443810654572,2.3033240917705378
2026-03-14 02:40:00+00:00,0.0,0.0,0.0,0.0,-45.30443810654572,2.3033240917705378
2026-03-14 02:45:00+00:00,0.0,0.0,0.0,0.0,-45.30443810654572,2.3033240917705378
2026-03-14 02:50:00+00:00,0.0,0.0,0.0,0.0,-45.30443810654572,2.3033240917705378
2026-03-14 02:55:00+00:00,0.0,0.0,0.0,0.0,-45.30443810654572,2.3033240917705378
2026-03-14 03:00:00+00:00,0.0,0.0,0.0,0.0,-45.30443810654572,2.3033240917705378
2026-03-14 03:05:00+00:00,0.0,0.0,0.0,0.0,-45.30443810654572,2.3033240917705378
2026-03-14 03:10:00+00:00,0.0,0.0,0.0,0.0,-45.30443810654572,2.3033240917705378
2026-03-14 03:15:00+00:00,0.0,0.0,0.0,0.0,-45.30443810654572,2.3033240917705378
2026-03-14 03:20:00+00:00,0.0,0.0,0.0,0.0,-45.30443810654572,2.3033240917705378
2026-03-14 03:25:00+00:00,0.0,0.0,0.0,0.0,-45.30443810654572,2.3033240917705378
2026-03-14 03:30:00+00:00,0.0,0.0,0.0,0.0,-45.30443810654572,2.3033240917705378
2026-03-14 03:35:00+00:00,0.0,0.0,0.0,0.0,-45.30443810654572,2.3033240917705378
2026-03-14 03:40:00+00:00,0.0,0.0,0.0,0.0,-45.30443810654572,2.3033240917705378
2026-03-14 03:45:00+00:00,0.0,0.0,0.0,0.0,-45.30443810654572,2.3033240917705378
2026-03-14 03:50:00+00:00,0.0,0.0,0.0,0.0,-45.30443810654572,2.3033240917705378
2026-03-14 03:55:00+00:00,0.0,0.0,0.0,0.0,-45.30443810654572,2.3033240917705378
2026-03-14 04:00:00+00:00,0.0,0.0,0.0,0.0,-45.30443810654572,2.3033240917705378
2026-03-14 04:05:00+00:00,0.0,0.0,0.0,0.0,-45.30443810654572,2.3033240917705378
2026-03-14 04:10:00+00:00,0.0,0.0,0.0,0.0,-45.30443810654572,2.3033240917705378
2026-03-14 04:15:00+00:00,0.0,0.0,0.0,0.0,-45.30443810654572,2.3033240917705378
2026-03-14 04:20:00+00:00,0.0,0.0,0.0,0.0,-45.30443810654572,2.3033240917705378
2026-03-14 04:25:00+00:00,0.0,0.0,0.0,0.0,-45.30443810654572,2.3033240917705378
2026-03-14 04:30:00+00:00,0.0,0.0,0.0,0.0,-45.30443810654572,2.3033240917705378
2026-03-14 04:35:00+00:00,0.0,0.0,0.0,0.0,-45.30443810654572,2.3033240917705378
2026-03-14 04:40:00+00:00,0.0,0.0,0.0,0.0,-45.30443810654572,2.3033240917705378
2026-03-14 04:45:00+00:00,0.0,0.0,0.0,0.0,-45.30443810654572,2.3033240917705378
2026-03-14 04:50:00+00:00,0.0,0.0,0.0,0.0,-45.30443810654572,2.3033240917705378
2026-03-14 04:55:00+00:00,0.0,0.0,0.0,0.0,-45.30443810654572,2.3033240917705378
2026-03-14 05:00:00+00:00,0.0,0.0,0.0,0.0,-45.30443810654572,2.3033240917705378
2026-03-14 05:05:00+00:00,0.0,0.0,0.0,0.0,-45.30443810654572,2.3033240917705378
2026-03-14 05:10:00+00:00,0.0,0.0,0.0,0.0,-45.30443810654572,2.3033240917705378
2026-03-14 05:15:00+00:00,0.0,0.0,0.0,0.0,-45.30443810654572,2.3033240917705378
2026-03-14 05:20:00+00:00,0.0,0.0,0.0,0.0,-45.30443810654572,2.3033240917705378
2026-03-14 05:25:00+00:00,0.0,0.0,0.0,0.0,-45.30443810654572,2.3033240917705378
2026-03-14 05:30:00+00:00,0.0,0.0,0.0,0.0,-45.30443810654572,2.3033240917705378
2026-03-14 05:35:00+00:00,0.0,0.0,0.0,0.0,-45.30443810654572,2.3033240917705378
2026-03-14 05:40:00+00:00,0.0,0.0,0.0,0.0,-45.30443810654572,2.3033240917705378
2026-03-14 05:45:00+00:00,0.0,0.0,0.0,0.0,-45.30443810654572,2.3033240917705378
2026-03-14 05:50:00+00:00,0.0,0.0,0.0,0.0,-45.30443810654572,2.3033240917705378
2026-03-14 05:55:00+00:00,0.0,0.0,0.0,0.0,-45.30443810654572,2.3033240917705378
2026-03-14 06:00:00+00:00,0.0,0.0,0.0,0.0,-45.30443810654572,2.3033240917705378
2026-03-14 06:05:00+00:00,0.0,0.0,0.0,0.0,-45.30443810654572,2.3033240917705378
2026-03-14 06:10:00+00:00,0.0,0.0,0.0,0.0,-45.30443810654572,2.3033240917705378
2026-03-14 06:15:00+00:00,0.0,0.0,0.0,0.0,-45.30443810654572,2.3033240917705378
2026-03-14 06:20:00+00:00,0.0,0.0,0.0,0.0,-45.30443810654572,2.3033240917705378
2026-03-14 06:25:00+00:00,0.0,0.0,0.0,0.0,-45.30443810654572,2.3033240917705378
2026-03-14 06:30:00+00:00,0.0,0.0,0.0,0.0,-45.30443810654572,2.3033240917705378
2026-03-14 06:35:00+00:00,0.0,0.0,0.0,0.0,-45.30443810654572,2.3033240917705378
2026-03-14 06:40:00+00:00,0.0,0.0,0.0,0.0,-45.30443810654572,2.3033240917705378
2026-03-14 06:45:00+00:00,0.0,0.0,0.0,0.0,-45.30443810654572,2.3033240917705378
2026-03-14 06:50:00+00:00,0.0,0.0,0.0,0.0,-45.30443810654572,2.3033240917705378
2026-03-14 06:55:00+00:00,0.0,0.0,0.0,0.0,-45.30443810654572,2.3033240917705378
2026-03-14 07:00:00+00:00,0.0,0.0,0.0,0.0,-45.30443810654572,2.3033240917705378
2026-03-14 07:05:00+00:00,0.0,0.0,0.0,0.0,-45.30443810654572,2.3033240917705378
2026-03-14 07:10:00+00:00,0.0,0.0,0.0,0.0,-45.30443810654572,2.3033240917705378
2026-03-14 07:15:00+00:00,0.0,0.0,0.0,0.0,-45.30443810654572,2.3033240917705378
2026-03-14 07:20:00+00:00,0.0,0.0,0.0,0.0,-45.30443810654572,2.3033240917705378
2026-03-14 07:25:00+00:00,0.0,0.0,0.0,0.0,-45.30443810654572,2.3033240917705378
2026-03-14 07:30:00+00:00,0.0,0.0,0.0,0.0,-45.30443810654572,2.3033240917705378
2026-03-14 07:35:00+00:00,0.0,0.0,0.0,0.0,-45.30443810654572,2.3033240917705378
2026-03-14 07:40:00+00:00,0.0,0.0,0.0,0.0,-45.30443810654572,2.3033240917705378
2026-03-14 07:45:00+00:00,0.0,0.0,0.0,0.0,-45.30443810654572,2.3033240917705378
2026-03-14 07:50:00+00:00,0.0,0.0,0.0,0.0,-45.30443810654572,2.3033240917705378
2026-03-14 07:55:00+00:00,0.0,0.0,0.0,0.0,-45.30443810654572,2.3033240917705378
2026-03-14 08:00:00+00:00,0.0,0.0,0.0,0.0,-45.30443810654572,2.3033240917705378
2026-03-14 08:05:00+00:00,0.0,0.0,0.0,0.0,-45.30443810654572,2.3033240917705378
2026-03-14 08:10:00+00:00,0.0,0.0,0.0,0.0,-45.30443810654572,2.3033240917705378
2026-03-14 08:15:00+00:00,0.0,0.0,0.0,0.0,-45.30443810654572,2.3033240917705378
2026-03-14 08:20:00+00:00,0.0,0.0,0.0,0.0,-45.30443810654572,2.3033240917705378
2026-03-14 08:25:00+00:00,0.0,0.0,0.0,0.0,-45.30443810654572,2.3033240917705378
2026-03-14 08:30:00+00:00,0.0,0.0,0.0,0.0,-45.30443810654572,2.3033240917705378
2026-03-14 08:35:00+00:00,0.0,0.0,0.0,0.0,-45.30443810654572,2.3033240917705378
2026-03-14 08:40:00+00:00,0.0,0.0,0.0,0.0,-45.30443810654572,2.3033240917705378
2026-03-14 08:45:00+00:00,0.0,0.0,0.0,0.0,-45.30443810654572,2.3033240917705378
2026-03-14 08:50:00+00:00,0.0,0.0,0.0,0.0,-45.30443810654572,2.3033240917705378
2026-03-14 08:55:00+00:00,0.0,0.0,0.0,0.0,-45.30443810654572,2.3033240917705378
2026-03-14 09:00:00+00:00,0.0,0.0,0.0,0.0,-45.30443810654572,2.3033240917705378
2026-03-14 09:05:00+00:00,0.0,0.0,0.0,0.0,-45.30443810654572,2.3033240917705378
2026-03-14 09:10:00+00:00,0.0,0.0,0.0,0.0,-45.30443810654572,2.3033240917705378
2026-03-14 09:15:00+00:00,0.0,0.0,0.0,0.0,-45.30443810654572,2.3033240917705378
2026-03-14 09:20:00+00:00,0.0,0.0,0.0,0.0,-45.30443810654572,2.3033240917705378
2026-03-14 09:25:00+00:00,0.0,0.0,0.0,0.0,-45.30443810654572,2.3033240917705378
2026-03-14 09:30:00+00:00,0.0,0.0,0.0,0.0,-45.30443810654572,2.3033240917705378
2026-03-14 09:35:00+00:00,0.0,0.0,0.0,0.0,-45.30443810654572,2.3033240917705378
2026-03-14 09:40:00+00:00,0.0,0.0,0.0,0.0,-45.30443810654572,2.3033240917705378
2026-03-14 09:45:00+00:00,0.0,0.0,0.0,0.0,-45.30443810654572,2.3033240917705378
2026-03-14 09:50:00+00:00,0.0,0.0,0.0,0.0,-45.30443810654572,2.3033240917705378
2026-03-14 09:55:00+00:00,0.0,0.0,0.0,0.0,-45.30443810654572,2.3033240917705378
2026-03-14 10:00:00+00:00,0.0,0.0,0.0,0.0,-45.30443810654572,2.3033240917705378
2026-03-14 10:05:00+00:00,0.0,0.0,0.0,0.0,-45.30443810654572,2.3033240917705378
2026-03-14 10:10:00+00:00,0.0,0.0,0.0,0.0,-45.30443810654572,2.3033240917705378
2026-03-14 10:15:00+00:00,0.0,0.0,0.0,0.0,-45.30443810654572,2.3033240917705378
2026-03-14 10:20:00+00:00,0.0,0.0,0.0,0.0,-45.30443810654572,2.3033240917705378
2026-03-14 10:25:00+00:00,0.0,0.0,0.0,0.0,-45.30443810654572,2.3033240917705378
2026-03-14 10:30:00+00:00,0.0,0.0,0.0,0.0,-45.30443810654572,2.3033240917705378
2026-03-14 10:35:00+00:00,0.0,0.0,0.0,0.0,-45.30443810654572,2.3033240917705378
2026-03-14 10:40:00+00:00,0.0,0.0,0.0,0.0,-45.30443810654572,2.3033240917705378
2026-03-14 10:45:00+00:00,0.0,0.0,0.0,0.0,-45.30443810654572,2.3033240917705378
2026-03-14 10:50:00+00:00,0.0,0.0,0.0,0.0,-45.30443810654572,2.3033240917705378
2026-03-14 10:55:00+00:00,0.0,0.0,0.0,0.0,-45.30443810654572,2.3033240917705378
2026-03-14 11:00:00+00:00,0.0,0.0,0.0,0.0,-45.30443810654572,2.3033240917705378
2026-03-14 11:05:00+00:00,0.0,0.0,0.0,0.0,-45.30443810654572,2.3033240917705378
2026-03-14 11:10:00+00:00,0.0,0.0,0.0,0.0,-45.30443810654572,2.3033240917705378
2026-03-14 11:15:00+00:00,0.0,0.0,0.0,0.0,-45.30443810654572,2.3033240917705378
2026-03-14 11:20:00+00:00,0.0,0.0,0.0,0.0,-45.30443810654572,2.3033240917705378
2026-03-14 11:25:00+00:00,0.0,0.0,0.0,0.0,-45.30443810654572,2.3033240917705378
2026-03-14 11:30:00+00:00,0.0,0.0,0.0,0.0,-45.30443810654572,2.3033240917705378
2026-03-14 11:35:00+00:00,0.0,0.0,0.0,0.0,-45.30443810654572,2.3033240917705378
2026-03-14 11:40:00+00:00,0.0,0.0,0.0,0.0,-45.30443810654572,2.3033240917705378
2026-03-14 11:45:00+00:00,0.0,0.0,0.0,0.0,-45.30443810654572,2.3033240917705378
2026-03-14 11:50:00+00:00,0.0,0.0,0.0,0.0,-45.30443810654572,2.3033240917705378
2026-03-14 11:55:00+00:00,0.0,0.0,0.0,0.0,-45.30443810654572,2.3033240917705378
2026-03-14 12:00:00+00:00,0.0,0.0,0.0,0.0,-45.30443810654572,2.3033240917705378
2026-03-14 12:05:00+00:00,0.0,0.0,0.0,0.0,-45.30443810654572,2.3033240917705378
2026-03-14 12:10:00+00:00,0.0,0.0,0.0,0.0,-45.30443810654572,2.3033240917705378
2026-03-14 12:15:00+00:00,0.0,0.0,0.0,0.0,-45.30443810654572,2.3033240917705378
2026-03-14 12:20:00+00:00,0.0,0.0,0.0,0.0,-45.30443810654572,2.3033240917705378
2026-03-14 12:25:00+00:00,0.0,0.0,0.0,0.0,-45.30443810654572,2.3033240917705378
2026-03-14 12:30:00+00:00,0.0,0.0,0.0,0.0,-45.30443810654572,2.3033240917705378
2026-03-14 12:35:00+00:00,0.0,0.0,0.0,0.0,-45.30443810654572,2.3033240917705378
2026-03-14 12:40:00+00:00,0.0,0.0,0.0,0.0,-45.30443810654572,2.3033240917705378
2026-03-14 12:45:00+00:00,0.0,0.0,0.0,0.0,-45.30443810654572,2.3033240917705378
2026-03-14 12:50:00+00:00,0.0,0.0,0.0,0.0,-45.30443810654572,2.3033240917705378
2026-03-14 12:55:00+00:00,0.0,0.0,0.0,0.0,-45.30443810654572,2.3033240917705378
2026-03-14 13:00:00+00:00,0.0,0.0,0.0,0.0,-45.30443810654572,2.3033240917705378
2026-03-14 13:05:00+00:00,0.0,0.0,0.0,0.0,-45.30443810654572,2.3033240917705378
2026-03-14 13:10:00+00:00,0.0,0.0,0.0,0.0,-45.30443810654572,2.3033240917705378
2026-03-14 13:15:00+00:00,0.0,0.0,0.0,0.0,-45.30443810654572,2.3033240917705378
2026-03-14 13:20:00+00:00,0.0,0.0,0.0,0.0,-45.30443810654572,2.3033240917705378
2026-03-14 13:25:00+00:00,0.0,0.0,0.0,0.0,-45.30443810654572,2.3033240917705378
2026-03-14 13:30:00+00:00,0.0,0.0,0.0,0.0,-45.30443810654572,2.3033240917705378
2026-03-14 13:35:00+00:00,0.0,0.0,0.0,0.0,-45.30443810654572,2.3033240917705378
2026-03-14 13:40:00+00:00,0.0,0.0,0.0,0.0,-45.30443810654572,2.3033240917705378
2026-03-14 13:45:00+00:00,0.0,0.0,0.0,0.0,-45.30443810654572,2.3033240917705378
2026-03-14 13:50:00+00:00,0.0,0.0,0.0,0.0,-45.30443810654572,2.3033240917705378
2026-03-14 13:55:00+00:00,0.0,0.0,0.0,0.0,-45.30443810654572,2.3033240917705378
2026-03-14 14:00:00+00:00,0.0,0.0,0.0,0.0,-45.30443810654572,2.3033240917705378
2026-03-14 14:05:00+00:00,0.0,0.0,0.0,0.0,-45.30443810654572,2.3033240917705378
2026-03-14 14:10:00+00:00,0.0,0.0,0.0,0.0,-45.30443810654572,2.3033240917705378
2026-03-14 14:15:00+00:00,0.0,0.0,0.0,0.0,-45.30443810654572,2.3033240917705378
2026-03-14 14:20:00+00:00,0.0,0.0,0.0,0.0,-45.30443810654572,2.3033240917705378
2026-03-14 14:25:00+00:00,0.0,0.0,0.0,0.0,-45.30443810654572,2.3033240917705378
2026-03-14 14:30:00+00:00,0.0,0.0,0.0,0.0,-45.30443810654572,2.3033240917705378
2026-03-14 14:35:00+00:00,0.0,0.0,0.0,0.0,-45.30443810654572,2.3033240917705378
2026-03-14 14:40:00+00:00,0.0,0.0,0.0,0.0,-45.30443810654572,2.3033240917705378
2026-03-14 14:45:00+00:00,0.0,0.0,0.0,0.0,-45.30443810654572,2.3033240917705378
2026-03-14 14:50:00+00:00,0.0,0.0,0.0,0.0,-45.30443810654572,2.3033240917705378
2026-03-14 14:55:00+00:00,0.0,0.0,0.0,0.0,-45.30443810654572,2.3033240917705378
2026-03-14 15:00:00+00:00,0.0,0.0,0.0,0.0,-45.30443810654572,2.3033240917705378
2026-03-14 15:05:00+00:00,0.0,0.0,0.0,0.0,-45.30443810654572,2.3033240917705378
2026-03-14 15:10:00+00:00,0.0,0.0,0.0,0.0,-45.30443810654572,2.3033240917705378
2026-03-14 15:15:00+00:00,0.0,0.0,0.0,0.0,-45.30443810654572,2.3033240917705378
2026-03-14 15:20:00+00:00,0.0,0.0,0.0,0.0,-45.30443810654572,2.3033240917705378
2026-03-14 15:25:00+00:00,0.0,0.0,0.0,0.0,-45.30443810654572,2.3033240917705378
2026-03-14 15:30:00+00:00,0.0,0.0,0.0,0.0,-45.30443810654572,2.3033240917705378
2026-03-14 15:35:00+00:00,0.0,0.0,0.0,0.0,-45.30443810654572,2.3033240917705378
2026-03-14 15:40:00+00:00,0.0,0.0,0.0,0.0,-45.30443810654572,2.3033240917705378
2026-03-14 15:45:00+00:00,0.0,0.0,0.0,0.0,-45.30443810654572,2.3033240917705378
2026-03-14 15:50:00+00:00,0.0,0.0,0.0,0.0,-45.30443810654572,2.3033240917705378
2026-03-14 15:55:00+00:00,0.0,0.0,0.0,0.0,-45.30443810654572,2.3033240917705378
2026-03-14 16:00:00+00:00,0.0,0.0,0.0,0.0,-45.30443810654572,2.3033240917705378
2026-03-14 16:05:00+00:00,0.0,0.0,0.0,0.0,-45.30443810654572,2.3033240917705378
2026-03-14 16:10:00+00:00,0.0,0.0,0.0,0.0,-45.30443810654572,2.3033240917705378
2026-03-14 16:15:00+00:00,0.0,0.0,0.0,0.0,-45.30443810654572,2.3033240917705378
2026-03-14 16:20:00+00:00,0.0,0.0,0.0,0.0,-45.30443810654572,2.3033240917705378
2026-03-14 16:25:00+00:00,0.0,0.0,0.0,0.0,-45.30443810654572,2.3033240917705378
2026-03-14 16:30:00+00:00,0.0,0.0,0.0,0.0,-45.30443810654572,2.3033240917705378
2026-03-14 16:35:00+00:00,0.0,0.0,0.0,0.0,-45.30443810654572,2.3033240917705378
2026-03-14 16:40:00+00:00,0.0,0.0,0.0,0.0,-45.30443810654572,2.3033240917705378
2026-03-14 16:45:00+00:00,0.0,0.0,0.0,0.0,-45.30443810654572,2.3033240917705378
2026-03-14 16:50:00+00:00,0.0,0.0,0.0,0.0,-45.30443810654572,2.3033240917705378
2026-03-14 16:55:00+00:00,0.0,0.0,0.0,0.0,-45.30443810654572,2.3033240917705378
2026-03-14 17:00:00+00:00,0.0,0.0,0.0,0.0,-45.30443810654572,2.3033240917705378
2026-03-14 17:05:00+00:00,0.0,0.0,0.0,0.0,-45.30443810654572,2.3033240917705378
2026-03-14 17:10:00+00:00,0.0,0.0,0.0,0.0,-45.30443810654572,2.3033240917705378
2026-03-14 17:15:00+00:00,0.0,0.0,0.0,0.0,-45.30443810654572,2.3033240917705378
2026-03-14 17:20:00+00:00,0.0,0.0,0.0,0.0,-45.30443810654572,2.3033240917705378
2026-03-14 17:25:00+00:00,0.0,0.0,0.0,0.0,-45.30443810654572,2.3033240917705378
2026-03-14 17:30:00+00:00,0.0,0.0,0.0,0.0,-45.30443810654572,2.3033240917705378
2026-03-14 17:35:00+00:00,0.0,0.0,0.0,0.0,-45.30443810654572,2.3033240917705378
2026-03-14 17:40:00+00:00,0.0,0.0,0.0,0.0,-45.30443810654572,2.3033240917705378
2026-03-14 17:45:00+00:00,0.0,0.0,0.0,0.0,-45.30443810654572,2.3033240917705378
2026-03-14 17:50:00+00:00,0.0,0.0,0.0,0.0,-45.30443810654572,2.3033240917705378
2026-03-14 17:55:00+00:00,0.0,0.0,0.0,0.0,-45.30443810654572,2.3033240917705378
2026-03-14 18:00:00+00:00,0.0,0.0,0.0,0.0,-45.30443810654572,2.3033240917705378
2026-03-14 18:05:00+00:00,0.0,0.0,0.0,0.0,-45.30443810654572,2.3033240917705378
2026-03-14 18:10:00+00:00,0.0,0.0,0.0,0.0,-45.30443810654572,2.3033240917705378
2026-03-14 18:15:00+00:00,0.0,0.0,0.0,0.0,-45.30443810654572,2.3033240917705378
2026-03-14 18:20:00+00:00,0.0,0.0,0.0,0.0,-45.30443810654572,2.3033240917705378
2026-03-14 18:25:00+00:00,0.0,0.0,0.0,0.0,-45.30443810654572,2.3033240917705378
2026-03-14 18:30:00+00:00,0.0,0.0,0.0,0.0,-45.30443810654572,2.3033240917705378
2026-03-14 18:35:00+00:00,0.0,0.0,0.0,0.0,-45.30443810654572,2.3033240917705378
2026-03-14 18:40:00+00:00,0.0,0.0,0.0,0.0,-45.30443810654572,2.3033240917705378
2026-03-14 18:45:00+00:00,0.0,0.0,0.0,0.0,-45.30443810654572,2.3033240917705378
2026-03-14 18:50:00+00:00,0.0,0.0,0.0,0.0,-45.30443810654572,2.3033240917705378
2026-03-14 18:55:00+00:00,0.0,0.0,0.0,0.0,-45.30443810654572,2.3033240917705378
2026-03-14 19:00:00+00:00,0.0,0.0,0.0,0.0,-45.30443810654572,2.3033240917705378
2026-03-14 19:05:00+00:00,0.0,0.0,0.0,0.0,-45.30443810654572,2.3033240917705378
2026-03-14 19:10:00+00:00,0.0,0.0,0.0,0.0,-45.30443810654572,2.3033240917705378
2026-03-14 19:15:00+00:00,0.0,0.0,0.0,0.0,-45.30443810654572,2.3033240917705378
2026-03-14 19:20:00+00:00,0.0,0.0,0.0,0.0,-45.30443810654572,2.3033240917705378
2026-03-14 19:25:00+00:00,0.0,0.0,0.0,0.0,-45.30443810654572,2.3033240917705378
2026-03-14 19:30:00+00:00,0.0,0.0,0.0,0.0,-45.30443810654572,2.3033240917705378
2026-03-14 19:35:00+00:00,0.0,0.0,0.0,0.0,-45.30443810654572,2.3033240917705378
2026-03-14 19:40:00+00:00,0.0,0.0,0.0,0.0,-45.30443810654572,2.3033240917705378
2026-03-14 19:45:00+00:00,0.0,0.0,0.0,0.0,-45.30443810654572,2.3033240917705378
2026-03-14 19:50:00+00:00,0.0,0.0,0.0,0.0,-45.30443810654572,2.3033240917705378
2026-03-14 19:55:00+00:00,0.0,0.0,0.0,0.0,-45.30443810654572,2.3033240917705378
2026-03-14 20:00:00+00:00,0.0,0.0,0.0,0.0,-45.30443810654572,2.3033240917705378
2026-03-14 20:05:00+00:00,0.0,0.0,0.0,0.0,-45.30443810654572,2.3033240917705378
2026-03-14 20:10:00+00:00,0.0,0.0,0.0,0.0,-45.30443810654572,2.3033240917705378
2026-03-14 20:15:00+00:00,0.0,0.0,0.0,0.0,-45.30443810654572,2.3033240917705378
2026-03-14 20:20:00+00:00,0.0,0.0,0.0,0.0,-45.30443810654572,2.3033240917705378
2026-03-14 20:25:00+00:00,0.0,0.0,0.0,0.0,-45.30443810654572,2.3033240917705378
2026-03-14 20:30:00+00:00,0.0,0.0,0.0,0.0,-45.30443810654572,2.3033240917705378
2026-03-14 20:35:00+00:00,0.0,0.0,0.0,0.0,-45.30443810654572,2.3033240917705378
2026-03-14 20:40:00+00:00,0.0,0.0,0.0,0.0,-45.30443810654572,2.3033240917705378
2026-03-14 20:45:00+00:00,0.0,0.0,0.0,0.0,-45.30443810654572,2.3033240917705378
2026-03-14 20:50:00+00:00,0.0,0.0,0.0,0.0,-45.30443810654572,2.3033240917705378
2026-03-14 20:55:00+00:00,0.0,0.0,0.0,0.0,-45.30443810654572,2.3033240917705378
2026-03-14 21:00:00+00:00,0.0,0.0,0.0,0.0,-45.30443810654572,2.3033240917705378
2026-03-14 21:05:00+00:00,0.0,0.0,0.0,0.0,-45.30443810654572,2.3033240917705378
2026-03-14 21:10:00+00:00,0.0,0.0,0.0,0.0,-45.30443810654572,2.3033240917705378
2026-03-14 21:15:00+00:00,0.0,0.0,0.0,0.0,-45.30443810654572,2.3033240917705378
2026-03-14 21:20:00+00:00,0.0,0.0,0.0,0.0,-45.30443810654572,2.3033240917705378
2026-03-14 21:25:00+00:00,0.0,0.0,0.0,0.0,-45.30443810654572,2.3033240917705378
2026-03-14 21:30:00+00:00,0.0,0.0,0.0,0.0,-45.30443810654572,2.3033240917705378
2026-03-14 21:35:00+00:00,0.0,0.0,0.0,0.0,-45.30443810654572,2.3033240917705378
2026-03-14 21:40:00+00:00,0.0,0.0,0.0,0.0,-45.30443810654572,2.3033240917705378
2026-03-14 21:45:00+00:00,0.0,0.0,0.0,0.0,-45.30443810654572,2.3033240917705378
2026-03-14 21:50:00+00:00,0.0,0.0,0.0,0.0,-45.30443810654572,2.3033240917705378
2026-03-14 21:55:00+00:00,0.0,0.0,0.0,0.0,-45.30443810654572,2.3033240917705378
2026-03-14 22:00:00+00:00,0.0,0.0,0.0,0.0,-45.30443810654572,2.3033240917705378
2026-03-14 22:05:00+00:00,0.0,0.0,0.0,0.0,-45.30443810654572,2.3033240917705378
2026-03-14 22:10:00+00:00,0.0,0.0,0.0,0.0,-45.30443810654572,2.3033240917705378
2026-03-14 22:15:00+00:00,0.0,0.0,0.0,0.0,-45.30443810654572,2.3033240917705378
2026-03-14 22:20:00+00:00,0.0,0.0,0.0,0.0,-45.30443810654572,2.3033240917705378
2026-03-14 22:25:00+00:00,0.0,0.0,0.0,0.0,-45.30443810654572,2.3033240917705378
2026-03-14 22:30:00+00:00,0.0,0.0,0.0,0.0,-45.30443810654572,2.3033240917705378
2026-03-14 22:35:00+00:00,0.0,0.0,0.0,0.0,-45.30443810654572,2.3033240917705378
2026-03-14 22:40:00+00:00,0.0,0.0,0.0,0.0,-45.30443810654572,2.3033240917705378
2026-03-14 22:45:00+00:00,0.0,0.0,0.0,0.0,-45.30443810654572,2.3033240917705378
2026-03-14 22:50:00+00:00,0.0,0.0,0.0,0.0,-45.30443810654572,2.3033240917705378
2026-03-14 22:55:00+00:00,0.0,0.0,0.0,0.0,-45.30443810654572,2.3033240917705378
2026-03-14 23:00:00+00:00,0.0,0.0,0.0,0.0,-45.30443810654572,2.3033240917705378
2026-03-14 23:05:00+00:00,0.0,0.0,0.0,0.0,-45.30443810654572,2.3033240917705378
2026-03-14 23:10:00+00:00,0.0,0.0,0.0,0.0,-45.30443810654572,2.3033240917705378
2026-03-14 23:15:00+00:00,0.0,0.0,0.0,0.0,-45.30443810654572,2.3033240917705378
2026-03-14 23:20:00+00:00,0.0,0.0,0.0,0.0,-45.30443810654572,2.3033240917705378
2026-03-14 23:25:00+00:00,0.0,0.0,0.0,0.0,-45.30443810654572,2.3033240917705378
2026-03-14 23:30:00+00:00,0.0,0.0,0.0,0.0,-45.30443810654572,2.3033240917705378
2026-03-14 23:35:00+00:00,0.0,0.0,0.0,0.0,-45.30443810654572,2.3033240917705378
2026-03-14 23:40:00+00:00,0.0,0.0,0.0,0.0,-45.30443810654572,2.3033240917705378
2026-03-14 23:45:00+00:00,0.0,0.0,0.0,0.0,-45.30443810654572,2.3033240917705378
2026-03-14 23:50:00+00:00,0.0,0.0,0.0,0.0,-45.30443810654572,2.3033240917705378
2026-03-14 23:55:00+00:00,0.0,0.0,0.0,0.0,-45.30443810654572,2.3033240917705378
2026-03-15 00:00:00+00:00,0.0,0.0,0.0,0.0,-45.30443810654572,2.3033240917705378
2026-03-15 00:05:00+00:00,0.0,0.0,0.0,0.0,-45.30443810654572,2.3033240917705378
2026-03-15 00:10:00+00:00,0.0,0.0,0.0,0.0,-45.30443810654572,2.3033240917705378
2026-03-15 00:15:00+00:00,0.0,0.0,0.0,0.0,-45.30443810654572,2.3033240917705378
2026-03-15 00:20:00+00:00,0.0,0.0,0.0,0.0,-45.30443810654572,2.3033240917705378
2026-03-15 00:25:00+00:00,0.0,0.0,0.0,0.0,-45.30443810654572,2.3033240917705378
2026-03-15 00:30:00+00:00,0.0,0.0,0.0,0.0,-45.30443810654572,2.3033240917705378
2026-03-15 00:35:00+00:00,0.0,0.0,0.0,0.0,-45.30443810654572,2.3033240917705378
2026-03-15 00:40:00+00:00,0.0,0.0,0.0,0.0,-45.30443810654572,2.3033240917705378
2026-03-15 00:45:00+00:00,0.0,0.0,0.0,0.0,-45.30443810654572,2.3033240917705378
2026-03-15 00:50:00+00:00,0.0,0.0,0.0,0.0,-45.30443810654572,2.3033240917705378
2026-03-15 00:55:00+00:00,0.0,0.0,0.0,0.0,-45.30443810654572,2.3033240917705378
2026-03-15 01:00:00+00:00,0.0,0.0,0.0,0.0,-45.30443810654572,2.3033240917705378
2026-03-15 01:05:00+00:00,0.0,0.0,0.0,0.0,-45.30443810654572,2.3033240917705378
2026-03-15 01:10:00+00:00,0.0,0.0,0.0,0.0,-45.30443810654572,2.3033240917705378
2026-03-15 01:15:00+00:00,0.0,0.0,0.0,0.0,-45.30443810654572,2.3033240917705378
2026-03-15 01:20:00+00:00,0.0,0.0,0.0,0.0,-45.30443810654572,2.3033240917705378
2026-03-15 01:25:00+00:00,0.0,0.0,0.0,0.0,-45.30443810654572,2.3033240917705378
2026-03-15 01:30:00+00:00,0.0,0.0,0.0,0.0,-45.30443810654572,2.3033240917705378
2026-03-15 01:35:00+00:00,0.0,0.0,0.0,0.0,-45.30443810654572,2.3033240917705378
2026-03-15 01:40:00+00:00,0.0,0.0,0.0,0.0,-45.30443810654572,2.3033240917705378
2026-03-15 01:45:00+00:00,0.0,0.0,0.0,0.0,-45.30443810654572,2.3033240917705378
2026-03-15 01:50:00+00:00,0.0,0.0,0.0,0.0,-45.30443810654572,2.3033240917705378
2026-03-15 01:55:00+00:00,0.0,0.0,0.0,0.0,-45.30443810654572,2.3033240917705378
2026-03-15 02:00:00+00:00,0.0,0.0,0.0,0.0,-45.30443810654572,2.3033240917705378
2026-03-15 02:05:00+00:00,0.0,0.0,0.0,0.0,-45.30443810654572,2.3033240917705378
2026-03-15 02:10:00+00:00,0.0,0.0,0.0,0.0,-45.30443810654572,2.3033240917705378
2026-03-15 02:15:00+00:00,0.0,0.0,0.0,0.0,-45.30443810654572,2.3033240917705378
2026-03-15 02:20:00+00:00,0.0,0.0,0.0,0.0,-45.30443810654572,2.3033240917705378
2026-03-15 02:25:00+00:00,0.0,0.0,0.0,0.0,-45.30443810654572,2.3033240917705378
2026-03-15 02:30:00+00:00,0.0,0.0,0.0,0.0,-45.30443810654572,2.3033240917705378
2026-03-15 02:35:00+00:00,0.0,0.0,0.0,0.0,-45.30443810654572,2.3033240917705378
2026-03-15 02:40:00+00:00,0.0,0.0,0.0,0.0,-45.30443810654572,2.3033240917705378
2026-03-15 02:45:00+00:00,0.0,0.0,0.0,0.0,-45.30443810654572,2.3033240917705378
2026-03-15 02:50:00+00:00,0.0,0.0,0.0,0.0,-45.30443810654572,2.3033240917705378
2026-03-15 02:55:00+00:00,0.0,0.0,0.0,0.0,-45.30443810654572,2.3033240917705378
2026-03-15 03:00:00+00:00,0.0,0.0,0.0,0.0,-45.30443810654572,2.3033240917705378
2026-03-15 03:05:00+00:00,0.0,0.0,0.0,0.0,-45.30443810654572,2.3033240917705378
2026-03-15 03:10:00+00:00,0.0,0.0,0.0,0.0,-45.30443810654572,2.3033240917705378
2026-03-15 03:15:00+00:00,0.0,0.0,0.0,0.0,-45.30443810654572,2.3033240917705378
2026-03-15 03:20:00+00:00,0.0,0.0,0.0,0.0,-45.30443810654572,2.3033240917705378
2026-03-15 03:25:00+00:00,0.0,0.0,0.0,0.0,-45.30443810654572,2.3033240917705378
2026-03-15 03:30:00+00:00,0.0,0.0,0.0,0.0,-45.30443810654572,2.3033240917705378
2026-03-15 03:35:00+00:00,0.0,0.0,0.0,0.0,-45.30443810654572,2.3033240917705378
2026-03-15 03:40:00+00:00,0.0,0.0,0.0,0.0,-45.30443810654572,2.3033240917705378
2026-03-15 03:45:00+00:00,0.0,0.0,0.0,0.0,-45.30443810654572,2.3033240917705378
2026-03-15 03:50:00+00:00,0.0,0.0,0.0,0.0,-45.30443810654572,2.3033240917705378
2026-03-15 03:55:00+00:00,0.0,0.0,0.0,0.0,-45.30443810654572,2.3033240917705378
2026-03-15 04:00:00+00:00,0.0,0.0,0.0,0.0,-45.30443810654572,2.3033240917705378
2026-03-15 04:05:00+00:00,0.0,0.0,0.0,0.0,-45.30443810654572,2.3033240917705378
2026-03-15 04:10:00+00:00,0.0,0.0,0.0,0.0,-45.30443810654572,2.3033240917705378
2026-03-15 04:15:00+00:00,0.0,0.0,0.0,0.0,-45.30443810654572,2.3033240917705378
2026-03-15 04:20:00+00:00,0.0,0.0,0.0,0.0,-45.30443810654572,2.3033240917705378
2026-03-15 04:25:00+00:00,0.0,0.0,0.0,0.0,-45.30443810654572,2.3033240917705378
2026-03-15 04:30:00+00:00,0.0,0.0,0.0,0.0,-45.30443810654572,2.3033240917705378
2026-03-15 04:35:00+00:00,0.0,0.0,0.0,0.0,-45.30443810654572,2.3033240917705378
2026-03-15 04:40:00+00:00,0.0,0.0,0.0,0.0,-45.30443810654572,2.3033240917705378
2026-03-15 04:45:00+00:00,0.0,0.0,0.0,0.0,-45.30443810654572,2.3033240917705378
2026-03-15 04:50:00+00:00,0.0,0.0,0.0,0.0,-45.30443810654572,2.3033240917705378
2026-03-15 04:55:00+00:00,0.0,0.0,0.0,0.0,-45.30443810654572,2.3033240917705378
2026-03-15 05:00:00+00:00,0.0,0.0,0.0,0.0,-45.30443810654572,2.3033240917705378
2026-03-15 05:05:00+00:00,0.0,0.0,0.0,0.0,-45.30443810654572,2.3033240917705378
2026-03-15 05:10:00+00:00,0.0,0.0,0.0,0.0,-45.30443810654572,2.3033240917705378
2026-03-15 05:15:00+00:00,0.0,0.0,0.0,0.0,-45.30443810654572,2.3033240917705378
2026-03-15 05:20:00+00:00,0.0,0.0,0.0,0.0,-45.30443810654572,2.3033240917705378
2026-03-15 05:25:00+00:00,0.0,0.0,0.0,0.0,-45.30443810654572,2.3033240917705378
2026-03-15 05:30:00+00:00,0.0,0.0,0.0,0.0,-45.30443810654572,2.3033240917705378
2026-03-15 05:35:00+00:00,0.0,0.0,0.0,0.0,-45.30443810654572,2.3033240917705378
2026-03-15 05:40:00+00:00,0.0,0.0,0.0,0.0,-45.30443810654572,2.3033240917705378
2026-03-15 05:45:00+00:00,0.0,0.0,0.0,0.0,-45.30443810654572,2.3033240917705378
2026-03-15 05:50:00+00:00,0.0,0.0,0.0,0.0,-45.30443810654572,2.3033240917705378
2026-03-15 05:55:00+00:00,0.0,0.0,0.0,0.0,-45.30443810654572,2.3033240917705378
2026-03-15 06:00:00+00:00,0.0,0.0,0.0,0.0,-45.30443810654572,2.3033240917705378
2026-03-15 06:05:00+00:00,0.0,0.0,0.0,0.0,-45.30443810654572,2.3033240917705378
2026-03-15 06:10:00+00:00,0.0,0.0,0.0,0.0,-45.30443810654572,2.3033240917705378
2026-03-15 06:15:00+00:00,0.0,0.0,0.0,0.0,-45.30443810654572,2.3033240917705378
2026-03-15 06:20:00+00:00,0.0,0.0,0.0,0.0,-45.30443810654572,2.3033240917705378
2026-03-15 06:25:00+00:00,0.0,0.0,0.0,0.0,-45.30443810654572,2.3033240917705378
2026-03-15 06:30:00+00:00,0.0,0.0,0.0,0.0,-45.30443810654572,2.3033240917705378
2026-03-15 06:35:00+00:00,0.0,0.0,0.0,0.0,-45.30443810654572,2.3033240917705378
2026-03-15 06:40:00+00:00,0.0,0.0,0.0,0.0,-45.30443810654572,2.3033240917705378
2026-03-15 06:45:00+00:00,0.0,0.0,0.0,0.0,-45.30443810654572,2.3033240917705378
2026-03-15 06:50:00+00:00,0.0,0.0,0.0,0.0,-45.30443810654572,2.3033240917705378
2026-03-15 06:55:00+00:00,0.0,0.0,0.0,0.0,-45.30443810654572,2.3033240917705378
2026-03-15 07:00:00+00:00,0.0,0.0,0.0,0.0,-45.30443810654572,2.3033240917705378
2026-03-15 07:05:00+00:00,0.0,0.0,0.0,0.0,-45.30443810654572,2.3033240917705378
2026-03-15 07:10:00+00:00,0.0,0.0,0.0,0.0,-45.30443810654572,2.3033240917705378
2026-03-15 07:15:00+00:00,0.0,0.0,0.0,0.0,-45.30443810654572,2.3033240917705378
2026-03-15 07:20:00+00:00,0.0,0.0,0.0,0.0,-45.30443810654572,2.3033240917705378
2026-03-15 07:25:00+00:00,0.0,0.0,0.0,0.0,-45.30443810654572,2.3033240917705378
2026-03-15 07:30:00+00:00,0.0,0.0,0.0,0.0,-45.30443810654572,2.3033240917705378
2026-03-15 07:35:00+00:00,0.0,0.0,0.0,0.0,-45.30443810654572,2.3033240917705378
2026-03-15 07:40:00+00:00,0.0,0.0,0.0,0.0,-45.30443810654572,2.3033240917705378
2026-03-15 07:45:00+00:00,0.0,0.0,0.0,0.0,-45.30443810654572,2.3033240917705378
2026-03-15 07:50:00+00:00,0.0,0.0,0.0,0.0,-45.30443810654572,2.3033240917705378
2026-03-15 07:55:00+00:00,0.0,0.0,0.0,0.0,-45.30443810654572,2.3033240917705378
2026-03-15 08:00:00+00:00,0.0,0.0,0.0,0.0,-45.30443810654572,2.3033240917705378
2026-03-15 08:05:00+00:00,0.0,0.0,0.0,0.0,-45.30443810654572,2.3033240917705378
2026-03-15 08:10:00+00:00,0.0,0.0,0.0,0.0,-45.30443810654572,2.3033240917705378
2026-03-15 08:15:00+00:00,0.0,0.0,0.0,0.0,-45.30443810654572,2.3033240917705378
2026-03-15 08:20:00+00:00,0.0,0.0,0.0,0.0,-45.30443810654572,2.3033240917705378
2026-03-15 08:25:00+00:00,0.0,0.0,0.0,0.0,-45.30443810654572,2.3033240917705378
2026-03-15 08:30:00+00:00,0.0,0.0,0.0,0.0,-45.30443810654572,2.3033240917705378
2026-03-15 08:35:00+00:00,0.0,0.0,0.0,0.0,-45.30443810654572,2.3033240917705378
2026-03-15 08:40:00+00:00,0.0,0.0,0.0,0.0,-45.30443810654572,2.3033240917705378
2026-03-15 08:45:00+00:00,0.0,0.0,0.0,0.0,-45.30443810654572,2.3033240917705378
2026-03-15 08:50:00+00:00,0.0,0.0,0.0,0.0,-45.30443810654572,2.3033240917705378
2026-03-15 08:55:00+00:00,0.0,0.0,0.0,0.0,-45.30443810654572,2.3033240917705378
2026-03-15 09:00:00+00:00,0.0,0.0,0.0,0.0,-45.30443810654572,2.3033240917705378
2026-03-15 09:05:00+00:00,0.0,0.0,0.0,0.0,-45.30443810654572,2.3033240917705378
2026-03-15 09:10:00+00:00,0.0,0.0,0.0,0.0,-45.30443810654572,2.3033240917705378
2026-03-15 09:15:00+00:00,0.0,0.0,0.0,0.0,-45.30443810654572,2.3033240917705378
2026-03-15 09:20:00+00:00,0.0,0.0,0.0,0.0,-45.30443810654572,2.3033240917705378
2026-03-15 09:25:00+00:00,0.0,0.0,0.0,0.0,-45.30443810654572,2.3033240917705378
2026-03-15 09:30:00+00:00,0.0,0.0,0.0,0.0,-45.30443810654572,2.3033240917705378
2026-03-15 09:35:00+00:00,0.0,0.0,0.0,0.0,-45.30443810654572,2.3033240917705378
2026-03-15 09:40:00+00:00,0.0,0.0,0.0,0.0,-45.30443810654572,2.3033240917705378
2026-03-15 09:45:00+00:00,0.0,0.0,0.0,0.0,-45.30443810654572,2.3033240917705378
2026-03-15 09:50:00+00:00,0.0,0.0,0.0,0.0,-45.30443810654572,2.3033240917705378
2026-03-15 09:55:00+00:00,0.0,0.0,0.0,0.0,-45.30443810654572,2.3033240917705378
2026-03-15 10:00:00+00:00,0.0,0.0,0.0,0.0,-45.30443810654572,2.3033240917705378
2026-03-15 10:05:00+00:00,0.0,0.0,0.0,0.0,-45.30443810654572,2.3033240917705378
2026-03-15 10:10:00+00:00,0.0,0.0,0.0,0.0,-45.30443810654572,2.3033240917705378
2026-03-15 10:15:00+00:00,0.0,0.0,0.0,0.0,-45.30443810654572,2.3033240917705378
2026-03-15 10:20:00+00:00,0.0,0.0,0.0,0.0,-45.30443810654572,2.3033240917705378
2026-03-15 10:25:00+00:00,0.0,0.0,0.0,0.0,-45.30443810654572,2.3033240917705378
2026-03-15 10:30:00+00:00,0.0,0.0,0.0,0.0,-45.30443810654572,2.3033240917705378
2026-03-15 10:35:00+00:00,0.0,0.0,0.0,0.0,-45.30443810654572,2.3033240917705378
2026-03-15 10:40:00+00:00,0.0,0.0,0.0,0.0,-45.30443810654572,2.3033240917705378
2026-03-15 10:45:00+00:00,0.0,0.0,0.0,0.0,-45.30443810654572,2.3033240917705378
2026-03-15 10:50:00+00:00,0.0,0.0,0.0,0.0,-45.30443810654572,2.3033240917705378
2026-03-15 10:55:00+00:00,0.0,0.0,0.0,0.0,-45.30443810654572,2.3033240917705378
2026-03-15 11:00:00+00:00,0.0,0.0,0.0,0.0,-45.30443810654572,2.3033240917705378
2026-03-15 11:05:00+00:00,0.0,0.0,0.0,0.0,-45.30443810654572,2.3033240917705378
2026-03-15 11:10:00+00:00,0.0,0.0,0.0,0.0,-45.30443810654572,2.3033240917705378
2026-03-15 11:15:00+00:00,0.0,0.0,0.0,0.0,-45.30443810654572,2.3033240917705378
2026-03-15 11:20:00+00:00,0.0,0.0,0.0,0.0,-45.30443810654572,2.3033240917705378
2026-03-15 11:25:00+00:00,0.0,0.0,0.0,0.0,-45.30443810654572,2.3033240917705378
2026-03-15 11:30:00+00:00,0.0,0.0,0.0,0.0,-45.30443810654572,2.3033240917705378
2026-03-15 11:35:00+00:00,0.0,0.0,0.0,0.0,-45.30443810654572,2.3033240917705378
2026-03-15 11:40:00+00:00,0.0,0.0,0.0,0.0,-45.30443810654572,2.3033240917705378
2026-03-15 11:45:00+00:00,0.0,0.0,0.0,0.0,-45.30443810654572,2.3033240917705378
2026-03-15 11:50:00+00:00,0.0,0.0,0.0,0.0,-45.30443810654572,2.3033240917705378
2026-03-15 11:55:00+00:00,0.0,0.0,0.0,0.0,-45.30443810654572,2.3033240917705378
2026-03-15 12:00:00+00:00,0.0,0.0,0.0,0.0,-45.30443810654572,2.3033240917705378
2026-03-15 12:05:00+00:00,0.0,0.0,0.0,0.0,-45.30443810654572,2.3033240917705378
2026-03-15 12:10:00+00:00,0.0,0.0,0.0,0.0,-45.30443810654572,2.3033240917705378
2026-03-15 12:15:00+00:00,0.0,0.0,0.0,0.0,-45.30443810654572,2.3033240917705378
2026-03-15 12:20:00+00:00,0.0,0.0,0.0,0.0,-45.30443810654572,2.3033240917705378
2026-03-15 12:25:00+00:00,0.0,0.0,0.0,0.0,-45.30443810654572,2.3033240917705378
2026-03-15 12:30:00+00:00,0.0,0.0,0.0,0.0,-45.30443810654572,2.3033240917705378
2026-03-15 12:35:00+00:00,0.0,0.0,0.0,0.0,-45.30443810654572,2.3033240917705378
2026-03-15 12:40:00+00:00,0.0,0.0,0.0,0.0,-45.30443810654572,2.3033240917705378
2026-03-15 12:45:00+00:00,0.0,0.0,0.0,0.0,-45.30443810654572,2.3033240917705378
2026-03-15 12:50:00+00:00,0.0,0.0,0.0,0.0,-45.30443810654572,2.3033240917705378
2026-03-15 12:55:00+00:00,0.0,0.0,0.0,0.0,-45.30443810654572,2.3033240917705378
2026-03-15 13:00:00+00:00,0.0,0.0,0.0,0.0,-45.30443810654572,2.3033240917705378
2026-03-15 13:05:00+00:00,0.0,0.0,0.0,0.0,-45.30443810654572,2.3033240917705378
2026-03-15 13:10:00+00:00,0.0,0.0,0.0,0.0,-45.30443810654572,2.3033240917705378
2026-03-15 13:15:00+00:00,0.0,0.0,0.0,0.0,-45.30443810654572,2.3033240917705378
2026-03-15 13:20:00+00:00,0.0,0.0,0.0,0.0,-45.30443810654572,2.3033240917705378
2026-03-15 13:25:00+00:00,0.0,0.0,0.0,0.0,-45.30443810654572,2.3033240917705378
2026-03-15 13:30:00+00:00,0.0,0.0,0.0,0.0,-45.30443810654572,2.3033240917705378
2026-03-15 13:35:00+00:00,0.0,0.0,0.0,0.0,-45.30443810654572,2.3033240917705378
2026-03-15 13:40:00+00:00,0.0,0.0,0.0,0.0,-45.30443810654572,2.3033240917705378
2026-03-15 13:45:00+00:00,0.0,0.0,0.0,0.0,-45.30443810654572,2.3033240917705378
2026-03-15 13:50:00+00:00,0.0,0.0,0.0,0.0,-45.30443810654572,2.3033240917705378
2026-03-15 13:55:00+00:00,0.0,0.0,0.0,0.0,-45.30443810654572,2.3033240917705378
2026-03-15 14:00:00+00:00,0.0,0.0,0.0,0.0,-45.30443810654572,2.3033240917705378
2026-03-15 14:05:00+00:00,0.0,0.0,0.0,0.0,-45.30443810654572,2.3033240917705378
2026-03-15 14:10:00+00:00,0.0,0.0,0.0,0.0,-45.30443810654572,2.3033240917705378
2026-03-15 14:15:00+00:00,0.0,0.0,0.0,0.0,-45.30443810654572,2.3033240917705378
2026-03-15 14:20:00+00:00,0.0,0.0,0.0,0.0,-45.30443810654572,2.3033240917705378
2026-03-15 14:25:00+00:00,0.0,0.0,0.0,0.0,-45.30443810654572,2.3033240917705378
2026-03-15 14:30:00+00:00,0.0,0.0,0.0,0.0,-45.30443810654572,2.3033240917705378
2026-03-15 14:35:00+00:00,0.0,0.0,0.0,0.0,-45.30443810654572,2.3033240917705378
2026-03-15 14:40:00+00:00,0.0,0.0,0.0,0.0,-45.30443810654572,2.3033240917705378
2026-03-15 14:45:00+00:00,0.0,0.0,0.0,0.0,-45.30443810654572,2.3033240917705378
2026-03-15 14:50:00+00:00,0.0,0.0,0.0,0.0,-45.30443810654572,2.3033240917705378
2026-03-15 14:55:00+00:00,0.0,0.0,0.0,0.0,-45.30443810654572,2.3033240917705378
2026-03-15 15:00:00+00:00,0.0,0.0,0.0,0.0,-45.30443810654572,2.3033240917705378
2026-03-15 15:05:00+00:00,0.0,0.0,0.0,0.0,-45.30443810654572,2.3033240917705378
2026-03-15 15:10:00+00:00,0.0,0.0,0.0,0.0,-45.30443810654572,2.3033240917705378
2026-03-15 15:15:00+00:00,0.0,0.0,0.0,0.0,-45.30443810654572,2.3033240917705378
2026-03-15 15:20:00+00:00,0.0,0.0,0.0,0.0,-45.30443810654572,2.3033240917705378
2026-03-15 15:25:00+00:00,0.0,0.0,0.0,0.0,-45.30443810654572,2.3033240917705378
2026-03-15 15:30:00+00:00,0.0,0.0,0.0,0.0,-45.30443810654572,2.3033240917705378
2026-03-15 15:35:00+00:00,0.0,0.0,0.0,0.0,-45.30443810654572,2.3033240917705378
2026-03-15 15:40:00+00:00,0.0,0.0,0.0,0.0,-45.30443810654572,2.3033240917705378
2026-03-15 15:45:00+00:00,0.0,0.0,0.0,0.0,-45.30443810654572,2.3033240917705378
2026-03-15 15:50:00+00:00,0.0,0.0,0.0,0.0,-45.30443810654572,2.3033240917705378
2026-03-15 15:55:00+00:00,0.0,0.0,0.0,0.0,-45.30443810654572,2.3033240917705378
2026-03-15 16:00:00+00:00,0.0,0.0,0.0,0.0,-45.30443810654572,2.3033240917705378
2026-03-15 16:05:00+00:00,0.0,0.0,0.0,0.0,-45.30443810654572,2.3033240917705378
2026-03-15 16:10:00+00:00,0.0,0.0,0.0,0.0,-45.30443810654572,2.3033240917705378
2026-03-15 16:15:00+00:00,0.0,0.0,0.0,0.0,-45.30443810654572,2.3033240917705378
2026-03-15 16:20:00+00:00,0.0,0.0,0.0,0.0,-45.30443810654572,2.3033240917705378
2026-03-15 16:25:00+00:00,0.0,0.0,0.0,0.0,-45.30443810654572,2.3033240917705378
2026-03-15 16:30:00+00:00,0.0,0.0,0.0,0.0,-45.30443810654572,2.3033240917705378
2026-03-15 16:35:00+00:00,0.0,0.0,0.0,0.0,-45.30443810654572,2.3033240917705378
2026-03-15 16:40:00+00:00,0.0,0.0,0.0,0.0,-45.30443810654572,2.3033240917705378
2026-03-15 16:45:00+00:00,0.0,0.0,0.0,0.0,-45.30443810654572,2.3033240917705378
2026-03-15 16:50:00+00:00,0.0,0.0,0.0,0.0,-45.30443810654572,2.3033240917705378
2026-03-15 16:55:00+00:00,0.0,0.0,0.0,0.0,-45.30443810654572,2.3033240917705378
2026-03-15 17:00:00+00:00,0.0,0.0,0.0,0.0,-45.30443810654572,2.3033240917705378
2026-03-15 17:05:00+00:00,0.0,0.0,0.0,0.0,-45.30443810654572,2.3033240917705378
2026-03-15 17:10:00+00:00,0.0,0.0,0.0,0.0,-45.30443810654572,2.3033240917705378
2026-03-15 17:15:00+00:00,0.0,0.0,0.0,0.0,-45.30443810654572,2.3033240917705378
2026-03-15 17:20:00+00:00,0.0,0.0,0.0,0.0,-45.30443810654572,2.3033240917705378
2026-03-15 17:25:00+00:00,0.0,0.0,0.0,0.0,-45.30443810654572,2.3033240917705378
2026-03-15 17:30:00+00:00,0.0,0.0,0.0,0.0,-45.30443810654572,2.3033240917705378
2026-03-15 17:35:00+00:00,0.0,0.0,0.0,0.0,-45.30443810654572,2.3033240917705378
2026-03-15 17:40:00+00:00,0.0,0.0,0.0,0.0,-45.30443810654572,2.3033240917705378
2026-03-15 17:45:00+00:00,0.0,0.0,0.0,0.0,-45.30443810654572,2.3033240917705378
2026-03-15 17:50:00+00:00,0.0,0.0,0.0,0.0,-45.30443810654572,2.3033240917705378
2026-03-15 17:55:00+00:00,0.0,0.0,0.0,0.0,-45.30443810654572,2.3033240917705378
2026-03-15 18:00:00+00:00,0.0,0.0,0.0,0.0,-45.30443810654572,2.3033240917705378
2026-03-15 18:05:00+00:00,0.0,0.0,0.0,0.0,-45.30443810654572,2.3033240917705378
2026-03-15 18:10:00+00:00,0.0,0.0,0.0,0.0,-45.30443810654572,2.3033240917705378
2026-03-15 18:15:00+00:00,0.0,0.0,0.0,0.0,-45.30443810654572,2.3033240917705378
2026-03-15 18:20:00+00:00,0.0,0.0,0.0,0.0,-45.30443810654572,2.3033240917705378
2026-03-15 18:25:00+00:00,0.0,0.0,0.0,0.0,-45.30443810654572,2.3033240917705378
2026-03-15 18:30:00+00:00,0.0,0.0,0.0,0.0,-45.30443810654572,2.3033240917705378
2026-03-15 18:35:00+00:00,0.0,0.0,0.0,0.0,-45.30443810654572,2.3033240917705378
2026-03-15 18:40:00+00:00,0.0,0.0,0.0,0.0,-45.30443810654572,2.3033240917705378
2026-03-15 18:45:00+00:00,0.0,0.0,0.0,0.0,-45.30443810654572,2.3033240917705378
2026-03-15 18:50:00+00:00,0.0,0.0,0.0,0.0,-45.30443810654572,2.3033240917705378
2026-03-15 18:55:00+00:00,0.0,0.0,0.0,0.0,-45.30443810654572,2.3033240917705378
2026-03-15 19:00:00+00:00,0.0,0.0,0.0,0.0,-45.30443810654572,2.3033240917705378
2026-03-15 19:05:00+00:00,0.0,0.0,0.0,0.0,-45.30443810654572,2.3033240917705378
2026-03-15 19:10:00+00:00,0.0,0.0,0.0,0.0,-45.30443810654572,2.3033240917705378
2026-03-15 19:15:00+00:00,0.0,0.0,0.0,0.0,-45.30443810654572,2.3033240917705378
2026-03-15 19:20:00+00:00,0.0,0.0,0.0,0.0,-45.30443810654572,2.3033240917705378
2026-03-15 19:25:00+00:00,0.0,0.0,0.0,0.0,-45.30443810654572,2.3033240917705378
2026-03-15 19:30:00+00:00,0.0,0.0,0.0,0.0,-45.30443810654572,2.3033240917705378
2026-03-15 19:35:00+00:00,0.0,0.0,0.0,0.0,-45.30443810654572,2.3033240917705378
2026-03-15 19:40:00+00:00,0.0,0.0,0.0,0.0,-45.30443810654572,2.3033240917705378
2026-03-15 19:45:00+00:00,0.0,0.0,0.0,0.0,-45.30443810654572,2.3033240917705378
2026-03-15 19:50:00+00:00,0.0,0.0,0.0,0.0,-45.30443810654572,2.3033240917705378
2026-03-15 19:55:00+00:00,0.0,0.0,0.0,0.0,-45.30443810654572,2.3033240917705378
2026-03-15 20:00:00+00:00,0.0,0.0,0.0,0.0,-45.30443810654572,2.3033240917705378
2026-03-15 20:05:00+00:00,0.0,0.0,0.0,0.0,-45.30443810654572,2.3033240917705378
2026-03-15 20:10:00+00:00,0.0,0.0,0.0,0.0,-45.30443810654572,2.3033240917705378
2026-03-15 20:15:00+00:00,0.0,0.0,0.0,0.0,-45.30443810654572,2.3033240917705378
2026-03-15 20:20:00+00:00,0.0,0.0,0.0,0.0,-45.30443810654572,2.3033240917705378
2026-03-15 20:25:00+00:00,0.0,0.0,0.0,0.0,-45.30443810654572,2.3033240917705378
2026-03-15 20:30:00+00:00,0.0,0.0,0.0,0.0,-45.30443810654572,2.3033240917705378
2026-03-15 20:35:00+00:00,0.0,0.0,0.0,0.0,-45.30443810654572,2.3033240917705378
2026-03-15 20:40:00+00:00,0.0,0.0,0.0,0.0,-45.30443810654572,2.3033240917705378
2026-03-15 20:45:00+00:00,0.0,0.0,0.0,0.0,-45.30443810654572,2.3033240917705378
2026-03-15 20:50:00+00:00,0.0,0.0,0.0,0.0,-45.30443810654572,2.3033240917705378
2026-03-15 20:55:00+00:00,0.0,0.0,0.0,0.0,-45.30443810654572,2.3033240917705378
2026-03-15 21:00:00+00:00,0.0,0.0,0.0,0.0,-45.30443810654572,2.3033240917705378
2026-03-15 21:05:00+00:00,0.0,0.0,0.0,0.0,-45.30443810654572,2.3033240917705378
2026-03-15 21:10:00+00:00,0.0,0.0,0.0,0.0,-45.30443810654572,2.3033240917705378
2026-03-15 21:15:00+00:00,0.0,0.0,0.0,0.0,-45.30443810654572,2.3033240917705378
2026-03-15 21:20:00+00:00,0.0,0.0,0.0,0.0,-45.30443810654572,2.3033240917705378
2026-03-15 21:25:00+00:00,0.0,0.0,0.0,0.0,-45.30443810654572,2.3033240917705378
2026-03-15 21:30:00+00:00,0.0,0.0,0.0,0.0,-45.30443810654572,2.3033240917705378
2026-03-15 21:35:00+00:00,0.0,0.0,0.0,0.0,-45.30443810654572,2.3033240917705378
2026-03-15 21:40:00+00:00,0.0,0.0,0.0,0.0,-45.30443810654572,2.3033240917705378
2026-03-15 21:45:00+00:00,0.0,0.0,0.0,0.0,-45.30443810654572,2.3033240917705378
2026-03-15 21:50:00+00:00,0.0,0.0,0.0,0.0,-45.30443810654572,2.3033240917705378
2026-03-15 21:55:00+00:00,0.0,0.0,0.0,0.0,-45.30443810654572,2.3033240917705378
2026-03-15 22:00:00+00:00,0.0,0.0,0.0,0.0,-45.30443810654572,2.3033240917705378
2026-03-15 22:05:00+00:00,0.0,0.0,0.0,0.0,-45.30443810654572,2.3033240917705378
2026-03-15 22:10:00+00:00,0.0,0.0,0.0,0.0,-45.30443810654572,2.3033240917705378
2026-03-15 22:15:00+00:00,0.0,0.0,0.0,0.0,-45.30443810654572,2.3033240917705378
2026-03-15 22:20:00+00:00,0.0,0.0,0.0,0.0,-45.30443810654572,2.3033240917705378
2026-03-15 22:25:00+00:00,0.0,0.0,0.0,0.0,-45.30443810654572,2.3033240917705378
2026-03-15 22:30:00+00:00,0.0,0.0,0.0,0.0,-45.30443810654572,2.3033240917705378
2026-03-15 22:35:00+00:00,0.0,0.0,0.0,0.0,-45.30443810654572,2.3033240917705378
2026-03-15 22:40:00+00:00,0.0,0.0,0.0,0.0,-45.30443810654572,2.3033240917705378
2026-03-15 22:45:00+00:00,0.0,0.0,0.0,0.0,-45.30443810654572,2.3033240917705378
2026-03-15 22:50:00+00:00,0.0,0.0,0.0,0.0,-45.30443810654572,2.3033240917705378
2026-03-15 22:55:00+00:00,0.0,0.0,0.0,0.0,-45.30443810654572,2.3033240917705378
2026-03-15 23:00:00+00:00,0.0,0.0,0.0,0.0,-45.30443810654572,2.3033240917705378
2026-03-15 23:05:00+00:00,0.0,0.0,0.0,0.0,-45.30443810654572,2.3033240917705378
2026-03-15 23:10:00+00:00,0.0,0.0,0.0,0.0,-45.30443810654572,2.3033240917705378
2026-03-15 23:15:00+00:00,0.0,0.0,0.0,0.0,-45.30443810654572,2.3033240917705378
2026-03-15 23:20:00+00:00,0.0,0.0,0.0,0.0,-45.30443810654572,2.3033240917705378
2026-03-15 23:25:00+00:00,0.0,0.0,0.0,0.0,-45.30443810654572,2.3033240917705378
2026-03-15 23:30:00+00:00,0.0,0.0,0.0,0.0,-45.30443810654572,2.3033240917705378
2026-03-15 23:35:00+00:00,0.0,0.0,0.0,0.0,-45.30443810654572,2.3033240917705378
2026-03-15 23:40:00+00:00,0.0,0.0,0.0,0.0,-45.30443810654572,2.3033240917705378
2026-03-15 23:45:00+00:00,0.0,0.0,0.0,0.0,-45.30443810654572,2.3033240917705378
2026-03-15 23:50:00+00:00,0.0,0.0,0.0,0.0,-45.30443810654572,2.3033240917705378
2026-03-15 23:55:00+00:00,0.0,0.0,0.0,0.0,-45.30443810654572,2.3033240917705378
2026-03-16 00:00:00+00:00,0.0,0.0,0.0,0.0,-45.30443810654572,2.3033240917705378
2026-03-16 00:05:00+00:00,0.0,0.0,0.0,0.0,-45.30443810654572,2.3033240917705378
2026-03-16 00:10:00+00:00,0.0,0.0,0.0,0.0,-45.30443810654572,2.3033240917705378
2026-03-16 00:15:00+00:00,0.0,0.0,0.0,0.0,-45.30443810654572,2.3033240917705378
2026-03-16 00:20:00+00:00,0.0,0.0,0.0,0.0,-45.30443810654572,2.3033240917705378
2026-03-16 00:25:00+00:00,0.0,0.0,0.0,0.0,-45.30443810654572,2.3033240917705378
2026-03-16 00:30:00+00:00,0.0,0.0,0.0,0.0,-45.30443810654572,2.3033240917705378
2026-03-16 00:35:00+00:00,0.0,0.0,0.0,0.0,-45.30443810654572,2.3033240917705378
2026-03-16 00:40:00+00:00,0.0,0.0,0.0,0.0,-45.30443810654572,2.3033240917705378
2026-03-16 00:45:00+00:00,0.0,0.0,0.0,0.0,-45.30443810654572,2.3033240917705378
2026-03-16 00:50:00+00:00,0.0,0.0,0.0,0.0,-45.30443810654572,2.3033240917705378
2026-03-16 00:55:00+00:00,0.0,0.0,0.0,0.0,-45.30443810654572,2.3033240917705378
2026-03-16 01:00:00+00:00,0.0,0.0,0.0,0.0,-45.30443810654572,2.3033240917705378
2026-03-16 01:05:00+00:00,0.0,0.0,0.0,0.0,-45.30443810654572,2.3033240917705378
2026-03-16 01:10:00+00:00,0.0,0.0,0.0,0.0,-45.30443810654572,2.3033240917705378
2026-03-16 01:15:00+00:00,0.0,0.0,0.0,0.0,-45.30443810654572,2.3033240917705378
2026-03-16 01:20:00+00:00,0.0,0.0,0.0,0.0,-45.30443810654572,2.3033240917705378
2026-03-16 01:25:00+00:00,0.0,0.0,0.0,0.0,-45.30443810654572,2.3033240917705378
2026-03-16 01:30:00+00:00,0.0,0.0,0.0,0.0,-45.30443810654572,2.3033240917705378
2026-03-16 01:35:00+00:00,0.0,0.0,0.0,0.0,-45.30443810654572,2.3033240917705378
2026-03-16 01:40:00+00:00,0.0,0.0,0.0,0.0,-45.30443810654572,2.3033240917705378
2026-03-16 01:45:00+00:00,0.0,0.0,0.0,0.0,-45.30443810654572,2.3033240917705378
2026-03-16 01:50:00+00:00,0.0,0.0,0.0,0.0,-45.30443810654572,2.3033240917705378
2026-03-16 01:55:00+00:00,0.0,0.0,0.0,0.0,-45.30443810654572,2.3033240917705378
2026-03-16 02:00:00+00:00,0.0,0.0,0.0,0.0,-45.30443810654572,2.3033240917705378
2026-03-16 02:05:00+00:00,0.0,0.0,0.0,0.0,-45.30443810654572,2.3033240917705378
2026-03-16 02:10:00+00:00,0.0,0.0,0.0,0.0,-45.30443810654572,2.3033240917705378
2026-03-16 02:15:00+00:00,0.0,0.0,0.0,0.0,-45.30443810654572,2.3033240917705378
2026-03-16 02:20:00+00:00,0.0,0.0,0.0,0.0,-45.30443810654572,2.3033240917705378
2026-03-16 02:25:00+00:00,0.0,0.0,0.0,0.0,-45.30443810654572,2.3033240917705378
2026-03-16 02:30:00+00:00,0.0,0.0,0.0,0.0,-45.30443810654572,2.3033240917705378
2026-03-16 02:35:00+00:00,0.0,0.0,0.0,0.0,-45.30443810654572,2.3033240917705378
2026-03-16 02:40:00+00:00,0.0,0.0,0.0,0.0,-45.30443810654572,2.3033240917705378
2026-03-16 02:45:00+00:00,0.0,0.0,0.0,0.0,-45.30443810654572,2.3033240917705378
2026-03-16 02:50:00+00:00,0.0,0.0,0.0,0.0,-45.30443810654572,2.3033240917705378
2026-03-16 02:55:00+00:00,0.0,0.0,0.0,0.0,-45.30443810654572,2.3033240917705378
2026-03-16 03:00:00+00:00,0.0,0.0,0.0,0.0,-45.30443810654572,2.3033240917705378
2026-03-16 03:05:00+00:00,0.0,0.0,0.0,0.0,-45.30443810654572,2.3033240917705378
2026-03-16 03:10:00+00:00,0.0,0.0,0.0,0.0,-45.30443810654572,2.3033240917705378
2026-03-16 03:15:00+00:00,0.0,0.0,0.0,0.0,-45.30443810654572,2.3033240917705378
2026-03-16 03:20:00+00:00,0.0,0.0,0.0,0.0,-45.30443810654572,2.3033240917705378
2026-03-16 03:25:00+00:00,0.0,0.0,0.0,0.0,-45.30443810654572,2.3033240917705378
2026-03-16 03:30:00+00:00,0.0,0.0,0.0,0.0,-45.30443810654572,2.3033240917705378
2026-03-16 03:35:00+00:00,0.0,0.0,0.0,0.0,-45.30443810654572,2.3033240917705378
2026-03-16 03:40:00+00:00,0.0,0.0,0.0,0.0,-45.30443810654572,2.3033240917705378
2026-03-16 03:45:00+00:00,0.0,0.0,0.0,0.0,-45.30443810654572,2.3033240917705378
2026-03-16 03:50:00+00:00,0.0,0.0,0.0,0.0,-45.30443810654572,2.3033240917705378
2026-03-16 03:55:00+00:00,0.0,0.0,0.0,0.0,-45.30443810654572,2.3033240917705378
2026-03-16 04:00:00+00:00,0.0,0.0,0.0,0.0,-45.30443810654572,2.3033240917705378
2026-03-16 04:05:00+00:00,0.0,0.0,0.0,0.0,-45.30443810654572,2.3033240917705378
2026-03-16 04:10:00+00:00,0.0,0.0,0.0,0.0,-45.30443810654572,2.3033240917705378
2026-03-16 04:15:00+00:00,0.0,0.0,0.0,0.0,-45.30443810654572,2.3033240917705378
2026-03-16 04:20:00+00:00,0.0,0.0,0.0,0.0,-45.30443810654572,2.3033240917705378
2026-03-16 04:25:00+00:00,0.0,0.0,0.0,0.0,-45.30443810654572,2.3033240917705378
2026-03-16 04:30:00+00:00,0.0,0.0,0.0,0.0,-45.30443810654572,2.3033240917705378
2026-03-16 04:35:00+00:00,0.0,0.0,0.0,0.0,-45.30443810654572,2.3033240917705378
2026-03-16 04:40:00+00:00,0.0,0.0,0.0,0.0,-45.30443810654572,2.3033240917705378
2026-03-16 04:45:00+00:00,0.0,0.0,0.0,0.0,-45.30443810654572,2.3033240917705378
2026-03-16 04:50:00+00:00,0.0,0.0,0.0,0.0,-45.30443810654572,2.3033240917705378
2026-03-16 04:55:00+00:00,0.0,0.0,0.0,0.0,-45.30443810654572,2.3033240917705378
2026-03-16 05:00:00+00:00,0.0,0.0,0.0,0.0,-45.30443810654572,2.3033240917705378
2026-03-16 05:05:00+00:00,0.0,0.0,0.0,0.0,-45.30443810654572,2.3033240917705378
2026-03-16 05:10:00+00:00,0.0,0.0,0.0,0.0,-45.30443810654572,2.3033240917705378
2026-03-16 05:15:00+00:00,0.0,0.0,0.0,0.0,-45.30443810654572,2.3033240917705378
2026-03-16 05:20:00+00:00,0.0,0.0,0.0,0.0,-45.30443810654572,2.3033240917705378
2026-03-16 05:25:00+00:00,0.0,0.0,0.0,0.0,-45.30443810654572,2.3033240917705378
2026-03-16 05:30:00+00:00,0.0,0.0,0.0,0.0,-45.30443810654572,2.3033240917705378
2026-03-16 05:35:00+00:00,0.0,0.0,0.0,0.0,-45.30443810654572,2.3033240917705378
2026-03-16 05:40:00+00:00,0.0,0.0,0.0,0.0,-45.30443810654572,2.3033240917705378
2026-03-16 05:45:00+00:00,0.0,0.0,0.0,0.0,-45.30443810654572,2.3033240917705378
2026-03-16 05:50:00+00:00,0.0,0.0,0.0,0.0,-45.30443810654572,2.3033240917705378
2026-03-16 05:55:00+00:00,0.0,0.0,0.0,0.0,-45.30443810654572,2.3033240917705378
2026-03-16 06:00:00+00:00,0.0,0.0,0.0,0.0,-45.30443810654572,2.3033240917705378
2026-03-16 06:05:00+00:00,0.0,0.0,0.0,0.0,-45.30443810654572,2.3033240917705378
2026-03-16 06:10:00+00:00,0.0,0.0,0.0,0.0,-45.30443810654572,2.3033240917705378
2026-03-16 06:15:00+00:00,0.0,0.0,0.0,0.0,-45.30443810654572,2.3033240917705378
2026-03-16 06:20:00+00:00,0.0,0.0,0.0,0.0,-45.30443810654572,2.3033240917705378
2026-03-16 06:25:00+00:00,0.0,0.0,0.0,0.0,-45.30443810654572,2.3033240917705378
2026-03-16 06:30:00+00:00,0.0,0.0,0.0,0.0,-45.30443810654572,2.3033240917705378
2026-03-16 06:35:00+00:00,0.0,0.0,0.0,0.0,-45.30443810654572,2.3033240917705378
2026-03-16 06:40:00+00:00,0.0,0.0,0.0,0.0,-45.30443810654572,2.3033240917705378
2026-03-16 06:45:00+00:00,0.0,0.0,0.0,0.0,-45.30443810654572,2.3033240917705378
2026-03-16 06:50:00+00:00,0.0,0.0,0.0,0.0,-45.30443810654572,2.3033240917705378
2026-03-16 06:55:00+00:00,0.0,0.0,0.0,0.0,-45.30443810654572,2.3033240917705378
2026-03-16 07:00:00+00:00,0.0,0.0,0.0,0.0,-45.30443810654572,2.3033240917705378
2026-03-16 07:05:00+00:00,0.0,0.0,0.0,0.0,-45.30443810654572,2.3033240917705378
2026-03-16 07:10:00+00:00,0.0,0.0,0.0,0.0,-45.30443810654572,2.3033240917705378
2026-03-16 07:15:00+00:00,0.0,0.0,0.0,0.0,-45.30443810654572,2.3033240917705378
2026-03-16 07:20:00+00:00,0.0,0.0,0.0,0.0,-45.30443810654572,2.3033240917705378
2026-03-16 07:25:00+00:00,0.0,0.0,0.0,0.0,-45.30443810654572,2.3033240917705378
2026-03-16 07:30:00+00:00,0.0,0.0,0.0,0.0,-45.30443810654572,2.3033240917705378
2026-03-16 07:35:00+00:00,0.0,0.0,0.0,0.0,-45.30443810654572,2.3033240917705378
2026-03-16 07:40:00+00:00,0.0,0.0,0.0,0.0,-45.30443810654572,2.3033240917705378
2026-03-16 07:45:00+00:00,0.0,0.0,0.0,0.0,-45.30443810654572,2.3033240917705378
2026-03-16 07:50:00+00:00,0.0,0.0,0.0,0.0,-45.30443810654572,2.3033240917705378
2026-03-16 07:55:00+00:00,0.0,0.0,0.0,0.0,-45.30443810654572,2.3033240917705378
2026-03-16 08:00:00+00:00,0.0,0.0,0.0,0.0,-45.30443810654572,2.3033240917705378
2026-03-16 08:05:00+00:00,0.0,0.0,0.0,0.0,-45.30443810654572,2.3033240917705378
2026-03-16 08:10:00+00:00,0.0,0.0,0.0,0.0,-45.30443810654572,2.3033240917705378
2026-03-16 08:15:00+00:00,0.0,0.0,0.0,0.0,-45.30443810654572,2.3033240917705378
2026-03-16 08:20:00+00:00,0.0,0.0,0.0,0.0,-45.30443810654572,2.3033240917705378
2026-03-16 08:25:00+00:00,0.0,0.0,0.0,0.0,-45.30443810654572,2.3033240917705378
2026-03-16 08:30:00+00:00,0.0,0.0,0.0,0.0,-45.30443810654572,2.3033240917705378
2026-03-16 08:35:00+00:00,0.0,0.0,0.0,0.0,-45.30443810654572,2.3033240917705378
2026-03-16 08:40:00+00:00,0.0,0.0,0.0,0.0,-45.30443810654572,2.3033240917705378
2026-03-16 08:45:00+00:00,0.0,0.0,0.0,0.0,-45.30443810654572,2.3033240917705378
2026-03-16 08:50:00+00:00,0.0,0.0,0.0,0.0,-45.30443810654572,2.3033240917705378
2026-03-16 08:55:00+00:00,0.0,0.0,0.0,0.0,-45.30443810654572,2.3033240917705378
2026-03-16 09:00:00+00:00,0.0,0.0,0.0,0.0,-45.30443810654572,2.3033240917705378
2026-03-16 09:05:00+00:00,0.0,0.0,0.0,0.0,-45.30443810654572,2.3033240917705378
2026-03-16 09:10:00+00:00,0.0,0.0,0.0,0.0,-45.30443810654572,2.3033240917705378
2026-03-16 09:15:00+00:00,0.0,0.0,0.0,0.0,-45.30443810654572,2.3033240917705378
2026-03-16 09:20:00+00:00,0.0,0.0,0.0,0.0,-45.30443810654572,2.3033240917705378
2026-03-16 09:25:00+00:00,0.0,0.0,0.0,0.0,-45.30443810654572,2.3033240917705378
2026-03-16 09:30:00+00:00,0.0,0.0,0.0,0.0,-45.30443810654572,2.3033240917705378
2026-03-16 09:35:00+00:00,0.0,0.0,0.0,0.0,-45.30443810654572,2.3033240917705378
2026-03-16 09:40:00+00:00,0.0,0.0,0.0,0.0,-45.30443810654572,2.3033240917705378
2026-03-16 09:45:00+00:00,0.0,0.0,0.0,0.0,-45.30443810654572,2.3033240917705378
2026-03-16 09:50:00+00:00,0.0,0.0,0.0,0.0,-45.30443810654572,2.3033240917705378
2026-03-16 09:55:00+00:00,0.0,0.0,0.0,0.0,-45.30443810654572,2.3033240917705378
2026-03-16 10:00:00+00:00,0.0,0.0,0.0,0.0,-45.30443810654572,2.3033240917705378
2026-03-16 10:05:00+00:00,0.0,0.0,0.0,0.0,-45.30443810654572,2.3033240917705378
2026-03-16 10:10:00+00:00,0.0,0.0,0.0,0.0,-45.30443810654572,2.3033240917705378
2026-03-16 10:15:00+00:00,0.0,0.0,0.0,0.0,-45.30443810654572,2.3033240917705378
2026-03-16 10:20:00+00:00,0.0,0.0,0.0,0.0,-45.30443810654572,2.3033240917705378
2026-03-16 10:25:00+00:00,0.0,0.0,0.0,0.0,-45.30443810654572,2.3033240917705378
2026-03-16 10:30:00+00:00,0.0,0.0,0.0,0.0,-45.30443810654572,2.3033240917705378
2026-03-16 10:35:00+00:00,0.0,0.0,0.0,0.0,-45.30443810654572,2.3033240917705378
2026-03-16 10:40:00+00:00,0.0,0.0,0.0,0.0,-45.30443810654572,2.3033240917705378
2026-03-16 10:45:00+00:00,0.0,0.0,0.0,0.0,-45.30443810654572,2.3033240917705378
2026-03-16 10:50:00+00:00,0.0,0.0,0.0,0.0,-45.30443810654572,2.3033240917705378
2026-03-16 10:55:00+00:00,0.0,0.0,0.0,0.0,-45.30443810654572,2.3033240917705378
2026-03-16 11:00:00+00:00,0.0,0.0,0.0,0.0,-45.30443810654572,2.3033240917705378
2026-03-16 11:05:00+00:00,0.0,0.0,0.0,0.0,-45.30443810654572,2.3033240917705378
2026-03-16 11:10:00+00:00,0.0,0.0,0.0,0.0,-45.30443810654572,2.3033240917705378
2026-03-16 11:15:00+00:00,0.0,0.0,0.0,0.0,-45.30443810654572,2.3033240917705378
2026-03-16 11:20:00+00:00,0.0,0.0,0.0,0.0,-45.30443810654572,2.3033240917705378
2026-03-16 11:25:00+00:00,0.0,0.0,0.0,0.0,-45.30443810654572,2.3033240917705378
2026-03-16 11:30:00+00:00,0.0,0.0,0.0,0.0,-45.30443810654572,2.3033240917705378
2026-03-16 11:35:00+00:00,0.0,0.0,0.0,0.0,-45.30443810654572,2.3033240917705378
2026-03-16 11:40:00+00:00,0.0,0.0,0.0,0.0,-45.30443810654572,2.3033240917705378
2026-03-16 11:45:00+00:00,0.0,0.0,0.0,0.0,-45.30443810654572,2.3033240917705378
2026-03-16 11:50:00+00:00,0.0,0.0,0.0,0.0,-45.30443810654572,2.3033240917705378
2026-03-16 11:55:00+00:00,0.0,0.0,0.0,0.0,-45.30443810654572,2.3033240917705378
2026-03-16 12:00:00+00:00,0.0,0.0,0.0,0.0,-45.30443810654572,2.3033240917705378
2026-03-16 12:05:00+00:00,0.0,0.0,0.0,0.0,-45.30443810654572,2.3033240917705378
2026-03-16 12:10:00+00:00,0.0,0.0,0.0,0.0,-45.30443810654572,2.3033240917705378
2026-03-16 12:15:00+00:00,0.0,0.0,0.0,0.0,-45.30443810654572,2.3033240917705378
2026-03-16 12:20:00+00:00,0.0,0.0,0.0,0.0,-45.30443810654572,2.3033240917705378
2026-03-16 12:25:00+00:00,0.0,0.0,0.0,0.0,-45.30443810654572,2.3033240917705378
2026-03-16 12:30:00+00:00,0.0,0.0,0.0,0.0,-45.30443810654572,2.3033240917705378
2026-03-16 12:35:00+00:00,0.0,0.0,0.0,0.0,-45.30443810654572,2.3033240917705378
2026-03-16 12:40:00+00:00,0.0,0.0,0.0,0.0,-45.30443810654572,2.3033240917705378
2026-03-16 12:45:00+00:00,0.0,0.0,0.0,0.0,-45.30443810654572,2.3033240917705378
2026-03-16 12:50:00+00:00,0.0,0.0,0.0,0.0,-45.30443810654572,2.3033240917705378
2026-03-16 12:55:00+00:00,0.0,0.0,0.0,0.0,-45.30443810654572,2.3033240917705378
2026-03-16 13:00:00+00:00,0.0,0.0,0.0,0.0,-45.30443810654572,2.3033240917705378
2026-03-16 13:05:00+00:00,0.0,0.0,0.0,0.0,-45.30443810654572,2.3033240917705378
2026-03-16 13:10:00+00:00,0.0,0.0,0.0,0.0,-45.30443810654572,2.3033240917705378
2026-03-16 13:15:00+00:00,0.0,0.0,0.0,0.0,-45.30443810654572,2.3033240917705378
2026-03-16 13:20:00+00:00,0.0,0.0,0.0,0.0,-45.30443810654572,2.3033240917705378
2026-03-16 13:25:00+00:00,0.0,0.0,0.0,0.0,-45.30443810654572,2.3033240917705378
2026-03-16 13:30:00+00:00,0.0,0.0,0.0,0.0,-45.30443810654572,2.3033240917705378
2026-03-16 13:35:00+00:00,0.0,0.0,0.0,0.0,-45.30443810654572,2.3033240917705378
2026-03-16 13:40:00+00:00,0.0,0.0,0.0,0.0,-45.30443810654572,2.3033240917705378
2026-03-16 13:45:00+00:00,0.0,0.0,0.0,0.0,-45.30443810654572,2.3033240917705378
2026-03-16 13:50:00+00:00,0.0,0.0,0.0,0.0,-45.30443810654572,2.3033240917705378
2026-03-16 13:55:00+00:00,0.0,0.0,0.0,0.0,-45.30443810654572,2.3033240917705378
2026-03-16 14:00:00+00:00,0.0,0.0,0.0,0.0,-45.30443810654572,2.3033240917705378
2026-03-16 14:05:00+00:00,0.0,0.0,0.0,0.0,-45.30443810654572,2.3033240917705378
2026-03-16 14:10:00+00:00,0.0,0.0,0.0,0.0,-45.30443810654572,2.3033240917705378
2026-03-16 14:15:00+00:00,0.0,0.0,0.0,0.0,-45.30443810654572,2.3033240917705378
2026-03-16 14:20:00+00:00,0.0,0.0,0.0,0.0,-45.30443810654572,2.3033240917705378
2026-03-16 14:25:00+00:00,0.0,0.0,0.0,0.0,-45.30443810654572,2.3033240917705378
2026-03-16 14:30:00+00:00,0.0,0.0,0.0,0.0,-45.30443810654572,2.3033240917705378
2026-03-16 14:35:00+00:00,0.0,0.0,0.0,0.0,-45.30443810654572,2.3033240917705378
2026-03-16 14:40:00+00:00,0.0,0.0,0.0,0.0,-45.30443810654572,2.3033240917705378
2026-03-16 14:45:00+00:00,0.0,0.0,0.0,0.0,-45.30443810654572,2.3033240917705378
2026-03-16 14:50:00+00:00,0.0,0.0,0.0,0.0,-45.30443810654572,2.3033240917705378
2026-03-16 14:55:00+00:00,0.0,0.0,0.0,0.0,-45.30443810654572,2.3033240917705378
2026-03-16 15:00:00+00:00,0.0,0.0,0.0,0.0,-45.30443810654572,2.3033240917705378
2026-03-16 15:05:00+00:00,0.0,0.0,0.0,0.0,-45.30443810654572,2.3033240917705378
2026-03-16 15:10:00+00:00,0.0,0.0,0.0,0.0,-45.30443810654572,2.3033240917705378
2026-03-16 15:15:00+00:00,0.0,0.0,0.0,0.0,-45.30443810654572,2.3033240917705378
2026-03-16 15:20:00+00:00,0.0,0.0,0.0,0.0,-45.30443810654572,2.3033240917705378
2026-03-16 15:25:00+00:00,0.0,0.0,0.0,0.0,-45.30443810654572,2.3033240917705378
2026-03-16 15:30:00+00:00,0.0,0.0,0.0,0.0,-45.30443810654572,2.3033240917705378
2026-03-16 15:35:00+00:00,0.0,0.0,0.0,0.0,-45.30443810654572,2.3033240917705378
2026-03-16 15:40:00+00:00,0.0,0.0,0.0,0.0,-45.30443810654572,2.3033240917705378
2026-03-16 15:45:00+00:00,0.0,0.0,0.0,0.0,-45.30443810654572,2.3033240917705378
2026-03-16 15:50:00+00:00,0.0,0.0,0.0,0.0,-45.30443810654572,2.3033240917705378
2026-03-16 15:55:00+00:00,0.0,0.0,0.0,0.0,-45.30443810654572,2.3033240917705378
2026-03-16 16:00:00+00:00,0.0,0.0,0.0,0.0,-45.30443810654572,2.3033240917705378
2026-03-16 16:05:00+00:00,0.0,0.0,0.0,0.0,-45.30443810654572,2.3033240917705378
2026-03-16 16:10:00+00:00,0.0,0.0,0.0,0.0,-45.30443810654572,2.3033240917705378
2026-03-16 16:15:00+00:00,0.0,0.0,0.0,0.0,-45.30443810654572,2.3033240917705378
2026-03-16 16:20:00+00:00,0.0,0.0,0.0,0.0,-45.30443810654572,2.3033240917705378
2026-03-16 16:25:00+00:00,0.0,0.0,0.0,0.0,-45.30443810654572,2.3033240917705378
2026-03-16 16:30:00+00:00,0.0,0.0,0.0,0.0,-45.30443810654572,2.3033240917705378
2026-03-16 16:35:00+00:00,0.0,0.0,0.0,0.0,-45.30443810654572,2.3033240917705378
2026-03-16 16:40:00+00:00,0.0,0.0,0.0,0.0,-45.30443810654572,2.3033240917705378
2026-03-16 16:45:00+00:00,0.0,0.0,0.0,0.0,-45.30443810654572,2.3033240917705378
2026-03-16 16:50:00+00:00,0.0,0.0,0.0,0.0,-45.30443810654572,2.3033240917705378
2026-03-16 16:55:00+00:00,0.0,0.0,0.0,0.0,-45.30443810654572,2.3033240917705378
2026-03-16 17:00:00+00:00,0.0,0.0,0.0,0.0,-45.30443810654572,2.3033240917705378
2026-03-16 17:05:00+00:00,0.0,0.0,0.0,0.0,-45.30443810654572,2.3033240917705378
2026-03-16 17:10:00+00:00,0.0,0.0,0.0,0.0,-45.30443810654572,2.3033240917705378
2026-03-16 17:15:00+00:00,0.0,0.0,0.0,0.0,-45.30443810654572,2.3033240917705378
2026-03-16 17:20:00+00:00,0.0,0.0,0.0,0.0,-45.30443810654572,2.3033240917705378
2026-03-16 17:25:00+00:00,0.0,0.0,0.0,0.0,-45.30443810654572,2.3033240917705378
2026-03-16 17:30:00+00:00,0.0,0.0,0.0,0.0,-45.30443810654572,2.3033240917705378
2026-03-16 17:35:00+00:00,0.0,0.0,0.0,0.0,-45.30443810654572,2.3033240917705378
2026-03-16 17:40:00+00:00,0.0,0.0,0.0,0.0,-45.30443810654572,2.3033240917705378
2026-03-16 17:45:00+00:00,0.0,0.0,0.0,0.0,-45.30443810654572,2.3033240917705378
2026-03-16 17:50:00+00:00,0.0,0.0,0.0,0.0,-45.30443810654572,2.3033240917705378
2026-03-16 17:55:00+00:00,0.0,0.0,0.0,0.0,-45.30443810654572,2.3033240917705378
2026-03-16 18:00:00+00:00,0.0,0.0,0.0,0.0,-45.30443810654572,2.3033240917705378
2026-03-16 18:05:00+00:00,0.0,0.0,0.0,0.0,-45.30443810654572,2.3033240917705378
2026-03-16 18:10:00+00:00,0.0,0.0,0.0,0.0,-45.30443810654572,2.3033240917705378
2026-03-16 18:15:00+00:00,0.0,0.0,0.0,0.0,-45.30443810654572,2.3033240917705378
2026-03-16 18:20:00+00:00,0.0,0.0,0.0,0.0,-45.30443810654572,2.3033240917705378
2026-03-16 18:25:00+00:00,0.0,0.0,0.0,0.0,-45.30443810654572,2.3033240917705378
2026-03-16 18:30:00+00:00,0.0,0.0,0.0,0.0,-45.30443810654572,2.3033240917705378
2026-03-16 18:35:00+00:00,0.0,0.0,0.0,0.0,-45.30443810654572,2.3033240917705378
2026-03-16 18:40:00+00:00,0.0,0.0,0.0,0.0,-45.30443810654572,2.3033240917705378
2026-03-16 18:45:00+00:00,0.0,0.0,0.0,0.0,-45.30443810654572,2.3033240917705378
2026-03-16 18:50:00+00:00,0.0,0.0,0.0,0.0,-45.30443810654572,2.3033240917705378
2026-03-16 18:55:00+00:00,0.0,0.0,0.0,0.0,-45.30443810654572,2.3033240917705378
2026-03-16 19:00:00+00:00,0.0,0.0,0.0,0.0,-45.30443810654572,2.3033240917705378
2026-03-16 19:05:00+00:00,0.0,0.0,0.0,0.0,-45.30443810654572,2.3033240917705378
2026-03-16 19:10:00+00:00,0.0,0.0,0.0,0.0,-45.30443810654572,2.3033240917705378
2026-03-16 19:15:00+00:00,0.0,0.0,0.0,0.0,-45.30443810654572,2.3033240917705378
2026-03-16 19:20:00+00:00,0.0,0.0,0.0,0.0,-45.30443810654572,2.3033240917705378
2026-03-16 19:25:00+00:00,0.0,0.0,0.0,0.0,-45.30443810654572,2.3033240917705378
2026-03-16 19:30:00+00:00,0.0,0.0,0.0,0.0,-45.30443810654572,2.3033240917705378
2026-03-16 19:35:00+00:00,0.0,0.0,0.0,0.0,-45.30443810654572,2.3033240917705378
2026-03-16 19:40:00+00:00,0.0,0.0,0.0,0.0,-45.30443810654572,2.3033240917705378
2026-03-16 19:45:00+00:00,0.0,0.0,0.0,0.0,-45.30443810654572,2.3033240917705378
2026-03-16 19:50:00+00:00,0.0,0.0,0.0,0.0,-45.30443810654572,2.3033240917705378
2026-03-16 19:55:00+00:00,0.0,0.0,0.0,0.0,-45.30443810654572,2.3033240917705378
2026-03-16 20:00:00+00:00,0.0,0.0,0.0,0.0,-45.30443810654572,2.3033240917705378
2026-03-16 20:05:00+00:00,0.0,0.0,0.0,0.0,-45.30443810654572,2.3033240917705378
2026-03-16 20:10:00+00:00,0.0,0.0,0.0,0.0,-45.30443810654572,2.3033240917705378
2026-03-16 20:15:00+00:00,0.0,0.0,0.0,0.0,-45.30443810654572,2.3033240917705378
2026-03-16 20:20:00+00:00,0.0,0.0,0.0,0.0,-45.30443810654572,2.3033240917705378
2026-03-16 20:25:00+00:00,0.0,0.0,0.0,0.0,-45.30443810654572,2.3033240917705378
2026-03-16 20:30:00+00:00,0.0,0.0,0.0,0.0,-45.30443810654572,2.3033240917705378
2026-03-16 20:35:00+00:00,0.0,0.0,0.0,0.0,-45.30443810654572,2.3033240917705378
2026-03-16 20:40:00+00:00,0.0,0.0,0.0,0.0,-45.30443810654572,2.3033240917705378
2026-03-16 20:45:00+00:00,0.0,0.0,0.0,0.0,-45.30443810654572,2.3033240917705378
2026-03-16 20:50:00+00:00,0.0,0.0,0.0,0.0,-45.30443810654572,2.3033240917705378
2026-03-16 20:55:00+00:00,0.0,0.0,0.0,0.0,-45.30443810654572,2.3033240917705378
2026-03-16 21:00:00+00:00,0.0,0.0,0.0,0.0,-45.30443810654572,2.3033240917705378
2026-03-16 21:05:00+00:00,0.0,0.0,0.0,0.0,-45.30443810654572,2.3033240917705378
2026-03-16 21:10:00+00:00,0.0,0.0,0.0,0.0,-45.30443810654572,2.3033240917705378
2026-03-16 21:15:00+00:00,0.0,0.0,0.0,0.0,-45.30443810654572,2.3033240917705378
2026-03-16 21:20:00+00:00,0.0,0.0,0.0,0.0,-45.30443810654572,2.3033240917705378
2026-03-16 21:25:00+00:00,0.0,0.0,0.0,0.0,-45.30443810654572,2.3033240917705378
2026-03-16 21:30:00+00:00,0.0,0.0,0.0,0.0,-45.30443810654572,2.3033240917705378
2026-03-16 21:35:00+00:00,0.0,0.0,0.0,0.0,-45.30443810654572,2.3033240917705378
2026-03-16 21:40:00+00:00,0.0,0.0,0.0,0.0,-45.30443810654572,2.3033240917705378
2026-03-16 21:45:00+00:00,0.0,0.0,0.0,0.0,-45.30443810654572,2.3033240917705378
2026-03-16 21:50:00+00:00,0.0,0.0,0.0,0.0,-45.30443810654572,2.3033240917705378
2026-03-16 21:55:00+00:00,0.0,0.0,0.0,0.0,-45.30443810654572,2.3033240917705378
2026-03-16 22:00:00+00:00,0.0,0.0,0.0,0.0,-45.30443810654572,2.3033240917705378
2026-03-16 22:05:00+00:00,0.0,0.0,0.0,0.0,-45.30443810654572,2.3033240917705378
2026-03-16 22:10:00+00:00,0.0,0.0,0.0,0.0,-45.30443810654572,2.3033240917705378
2026-03-16 22:15:00+00:00,0.0,0.0,0.0,0.0,-45.30443810654572,2.3033240917705378
2026-03-16 22:20:00+00:00,0.0,0.0,0.0,0.0,-45.30443810654572,2.3033240917705378
2026-03-16 22:25:00+00:00,0.0,0.0,0.0,0.0,-45.30443810654572,2.3033240917705378
2026-03-16 22:30:00+00:00,0.0,0.0,0.0,0.0,-45.30443810654572,2.3033240917705378
2026-03-16 22:35:00+00:00,0.0,0.0,0.0,0.0,-45.30443810654572,2.3033240917705378
2026-03-16 22:40:00+00:00,0.0,0.0,0.0,0.0,-45.30443810654572,2.3033240917705378
2026-03-16 22:45:00+00:00,0.0,0.0,0.0,0.0,-45.30443810654572,2.3033240917705378
2026-03-16 22:50:00+00:00,0.0,0.0,0.0,0.0,-45.30443810654572,2.3033240917705378
2026-03-16 22:55:00+00:00,0.0,0.0,0.0,0.0,-45.30443810654572,2.3033240917705378
2026-03-16 23:00:00+00:00,0.0,0.0,0.0,0.0,-45.30443810654572,2.3033240917705378
2026-03-16 23:05:00+00:00,0.0,0.0,0.0,0.0,-45.30443810654572,2.3033240917705378
2026-03-16 23:10:00+00:00,0.0,0.0,0.0,0.0,-45.30443810654572,2.3033240917705378
2026-03-16 23:15:00+00:00,0.0,0.0,0.0,0.0,-45.30443810654572,2.3033240917705378
2026-03-16 23:20:00+00:00,0.0,0.0,0.0,0.0,-45.30443810654572,2.3033240917705378
2026-03-16 23:25:00+00:00,0.0,0.0,0.0,0.0,-45.30443810654572,2.3033240917705378
2026-03-16 23:30:00+00:00,0.0,0.0,0.0,0.0,-45.30443810654572,2.3033240917705378
2026-03-16 23:35:00+00:00,0.0,0.0,0.0,0.0,-45.30443810654572,2.3033240917705378
2026-03-16 23:40:00+00:00,0.0,0.0,0.0,0.0,-45.30443810654572,2.3033240917705378
2026-03-16 23:45:00+00:00,0.0,0.0,0.0,0.0,-45.30443810654572,2.3033240917705378
2026-03-16 23:50:00+00:00,0.0,0.0,0.0,0.0,-45.30443810654572,2.3033240917705378
2026-03-16 23:55:00+00:00,0.0,0.0,0.0,0.0,-45.30443810654572,2.3033240917705378
2026-03-17 00:00:00+00:00,0.0,0.0,0.0,0.0,-45.30443810654572,2.3033240917705378
2026-03-17 00:05:00+00:00,0.0,0.0,0.0,0.0,-45.30443810654572,2.3033240917705378
2026-03-17 00:10:00+00:00,0.0,0.0,0.0,0.0,-45.30443810654572,2.3033240917705378
2026-03-17 00:15:00+00:00,0.0,0.0,0.0,0.0,-45.30443810654572,2.3033240917705378
2026-03-17 00:20:00+00:00,0.0,0.0,0.0,0.0,-45.30443810654572,2.3033240917705378
2026-03-17 00:25:00+00:00,0.0,0.0,0.0,0.0,-45.30443810654572,2.3033240917705378
2026-03-17 00:30:00+00:00,0.0,0.0,0.0,0.0,-45.30443810654572,2.3033240917705378
2026-03-17 00:35:00+00:00,0.0,0.0,0.0,0.0,-45.30443810654572,2.3033240917705378
2026-03-17 00:40:00+00:00,0.0,0.0,0.0,0.0,-45.30443810654572,2.3033240917705378
2026-03-17 00:45:00+00:00,0.0,0.0,0.0,0.0,-45.30443810654572,2.3033240917705378
2026-03-17 00:50:00+00:00,0.0,0.0,0.0,0.0,-45.30443810654572,2.3033240917705378
2026-03-17 00:55:00+00:00,0.0,0.0,0.0,0.0,-45.30443810654572,2.3033240917705378
2026-03-17 01:00:00+00:00,0.0,0.0,0.0,0.0,-45.30443810654572,2.3033240917705378
2026-03-17 01:05:00+00:00,0.0,0.0,0.0,0.0,-45.30443810654572,2.3033240917705378
2026-03-17 01:10:00+00:00,0.0,0.0,0.0,0.0,-45.30443810654572,2.3033240917705378
2026-03-17 01:15:00+00:00,0.0,0.0,0.0,0.0,-45.30443810654572,2.3033240917705378
2026-03-17 01:20:00+00:00,0.0,0.0,0.0,0.0,-45.30443810654572,2.3033240917705378
2026-03-17 01:25:00+00:00,0.0,0.0,0.0,0.0,-45.30443810654572,2.3033240917705378
2026-03-17 01:30:00+00:00,0.0,0.0,0.0,0.0,-45.30443810654572,2.3033240917705378
2026-03-17 01:35:00+00:00,0.0,0.0,0.0,0.0,-45.30443810654572,2.3033240917705378
2026-03-17 01:40:00+00:00,0.0,0.0,0.0,0.0,-45.30443810654572,2.3033240917705378
2026-03-17 01:45:00+00:00,0.0,0.0,0.0,0.0,-45.30443810654572,2.3033240917705378
2026-03-17 01:50:00+00:00,0.0,0.0,0.0,0.0,-45.30443810654572,2.3033240917705378
2026-03-17 01:55:00+00:00,0.0,0.0,0.0,0.0,-45.30443810654572,2.3033240917705378
2026-03-17 02:00:00+00:00,0.0,0.0,0.0,0.0,-45.30443810654572,2.3033240917705378
2026-03-17 02:05:00+00:00,0.0,0.0,0.0,0.0,-45.30443810654572,2.3033240917705378
2026-03-17 02:10:00+00:00,0.0,0.0,0.0,0.0,-45.30443810654572,2.3033240917705378
2026-03-17 02:15:00+00:00,0.0,0.0,0.0,0.0,-45.30443810654572,2.3033240917705378
2026-03-17 02:20:00+00:00,0.0,0.0,0.0,0.0,-45.30443810654572,2.3033240917705378
2026-03-17 02:25:00+00:00,0.0,0.0,0.0,0.0,-45.30443810654572,2.3033240917705378
2026-03-17 02:30:00+00:00,0.0,0.0,0.0,0.0,-45.30443810654572,2.3033240917705378
2026-03-17 02:35:00+00:00,0.0,0.0,0.0,0.0,-45.30443810654572,2.3033240917705378
2026-03-17 02:40:00+00:00,0.0,0.0,0.0,0.0,-45.30443810654572,2.3033240917705378
2026-03-17 02:45:00+00:00,0.0,0.0,0.0,0.0,-45.30443810654572,2.3033240917705378
2026-03-17 02:50:00+00:00,0.0,0.0,0.0,0.0,-45.30443810654572,2.3033240917705378
2026-03-17 02:55:00+00:00,0.0,0.0,0.0,0.0,-45.30443810654572,2.3033240917705378
2026-03-17 03:00:00+00:00,0.0,0.0,0.0,0.0,-45.30443810654572,2.3033240917705378
2026-03-17 03:05:00+00:00,0.0,0.0,0.0,0.0,-45.30443810654572,2.3033240917705378
2026-03-17 03:10:00+00:00,0.0,0.0,0.0,0.0,-45.30443810654572,2.3033240917705378
2026-03-17 03:15:00+00:00,0.0,0.0,0.0,0.0,-45.30443810654572,2.3033240917705378
2026-03-17 03:20:00+00:00,0.0,0.0,0.0,0.0,-45.30443810654572,2.3033240917705378
2026-03-17 03:25:00+00:00,0.0,0.0,0.0,0.0,-45.30443810654572,2.3033240917705378
2026-03-17 03:30:00+00:00,0.0,0.0,0.0,0.0,-45.30443810654572,2.3033240917705378
2026-03-17 03:35:00+00:00,0.0,0.0,0.0,0.0,-45.30443810654572,2.3033240917705378
2026-03-17 03:40:00+00:00,0.0,0.0,0.0,0.0,-45.30443810654572,2.3033240917705378
2026-03-17 03:45:00+00:00,0.0,0.0,0.0,0.0,-45.30443810654572,2.3033240917705378
2026-03-17 03:50:00+00:00,0.0,0.0,0.0,0.0,-45.30443810654572,2.3033240917705378
2026-03-17 03:55:00+00:00,0.0,0.0,0.0,0.0,-45.30443810654572,2.3033240917705378
2026-03-17 04:00:00+00:00,0.0,0.0,0.0,0.0,-45.30443810654572,2.3033240917705378
2026-03-17 04:05:00+00:00,0.0,0.0,0.0,0.0,-45.30443810654572,2.3033240917705378
2026-03-17 04:10:00+00:00,0.0,0.0,0.0,0.0,-45.30443810654572,2.3033240917705378
2026-03-17 04:15:00+00:00,0.0,0.0,0.0,0.0,-45.30443810654572,2.3033240917705378
2026-03-17 04:20:00+00:00,0.0,0.0,0.0,0.0,-45.30443810654572,2.3033240917705378
2026-03-17 04:25:00+00:00,0.0,0.0,0.0,0.0,-45.30443810654572,2.3033240917705378
2026-03-17 04:30:00+00:00,0.0,0.0,0.0,0.0,-45.30443810654572,2.3033240917705378
2026-03-17 04:35:00+00:00,0.0,0.0,0.0,0.0,-45.30443810654572,2.3033240917705378
2026-03-17 04:40:00+00:00,0.0,0.0,0.0,0.0,-45.30443810654572,2.3033240917705378
2026-03-17 04:45:00+00:00,0.0,0.0,0.0,0.0,-45.30443810654572,2.3033240917705378
2026-03-17 04:50:00+00:00,0.0,0.0,0.0,0.0,-45.30443810654572,2.3033240917705378
2026-03-17 04:55:00+00:00,0.0,0.0,0.0,0.0,-45.30443810654572,2.3033240917705378
2026-03-17 05:00:00+00:00,0.0,0.0,0.0,0.0,-45.30443810654572,2.3033240917705378
2026-03-17 05:05:00+00:00,0.0,0.0,0.0,0.0,-45.30443810654572,2.3033240917705378
2026-03-17 05:10:00+00:00,0.0,0.0,0.0,0.0,-45.30443810654572,2.3033240917705378
2026-03-17 05:15:00+00:00,0.0,0.0,0.0,0.0,-45.30443810654572,2.3033240917705378
2026-03-17 05:20:00+00:00,0.0,0.0,0.0,0.0,-45.30443810654572,2.3033240917705378
2026-03-17 05:25:00+00:00,0.0,0.0,0.0,0.0,-45.30443810654572,2.3033240917705378
2026-03-17 05:30:00+00:00,0.0,0.0,0.0,0.0,-45.30443810654572,2.3033240917705378
2026-03-17 05:35:00+00:00,0.0,0.0,0.0,0.0,-45.30443810654572,2.3033240917705378
2026-03-17 05:40:00+00:00,0.0,0.0,0.0,0.0,-45.30443810654572,2.3033240917705378
2026-03-17 05:45:00+00:00,0.0,0.0,0.0,0.0,-45.30443810654572,2.3033240917705378
2026-03-17 05:50:00+00:00,0.0,0.0,0.0,0.0,-45.30443810654572,2.3033240917705378
2026-03-17 05:55:00+00:00,0.0,0.0,0.0,0.0,-45.30443810654572,2.3033240917705378
2026-03-17 06:00:00+00:00,0.0,0.0,0.0,0.0,-45.30443810654572,2.3033240917705378
2026-03-17 06:05:00+00:00,0.0,0.0,0.0,0.0,-45.30443810654572,2.3033240917705378
2026-03-17 06:10:00+00:00,0.0,0.0,0.0,0.0,-45.30443810654572,2.3033240917705378
2026-03-17 06:15:00+00:00,0.0,0.0,0.0,0.0,-45.30443810654572,2.3033240917705378
2026-03-17 06:20:00+00:00,0.0,0.0,0.0,0.0,-45.30443810654572,2.3033240917705378
2026-03-17 06:25:00+00:00,0.0,0.0,0.0,0.0,-45.30443810654572,2.3033240917705378
2026-03-17 06:30:00+00:00,0.0,0.0,0.0,0.0,-45.30443810654572,2.3033240917705378
2026-03-17 06:35:00+00:00,0.0,0.0,0.0,0.0,-45.30443810654572,2.3033240917705378
2026-03-17 06:40:00+00:00,0.0,0.0,0.0,0.0,-45.30443810654572,2.3033240917705378
2026-03-17 06:45:00+00:00,0.0,0.0,0.0,0.0,-45.30443810654572,2.3033240917705378
2026-03-17 06:50:00+00:00,0.0,0.0,0.0,0.0,-45.30443810654572,2.3033240917705378
2026-03-17 06:55:00+00:00,0.0,0.0,0.0,0.0,-45.30443810654572,2.3033240917705378
2026-03-17 07:00:00+00:00,0.0,0.0,0.0,0.0,-45.30443810654572,2.3033240917705378
2026-03-17 07:05:00+00:00,0.0,0.0,0.0,0.0,-45.30443810654572,2.3033240917705378
2026-03-17 07:10:00+00:00,0.0,0.0,0.0,0.0,-45.30443810654572,2.3033240917705378
2026-03-17 07:15:00+00:00,0.0,0.0,0.0,0.0,-45.30443810654572,2.3033240917705378
2026-03-17 07:20:00+00:00,0.0,0.0,0.0,0.0,-45.30443810654572,2.3033240917705378
2026-03-17 07:25:00+00:00,0.0,0.0,0.0,0.0,-45.30443810654572,2.3033240917705378
2026-03-17 07:30:00+00:00,0.0,0.0,0.0,0.0,-45.30443810654572,2.3033240917705378
2026-03-17 07:35:00+00:00,0.0,0.0,0.0,0.0,-45.30443810654572,2.3033240917705378
2026-03-17 07:40:00+00:00,0.0,0.0,0.0,0.0,-45.30443810654572,2.3033240917705378
2026-03-17 07:45:00+00:00,0.0,0.0,0.0,0.0,-45.30443810654572,2.3033240917705378
2026-03-17 07:50:00+00:00,0.0,0.0,0.0,0.0,-45.30443810654572,2.3033240917705378
2026-03-17 07:55:00+00:00,0.0,0.0,0.0,0.0,-45.30443810654572,2.3033240917705378
2026-03-17 08:00:00+00:00,0.0,0.0,0.0,0.0,-45.30443810654572,2.3033240917705378
2026-03-17 08:05:00+00:00,0.0,0.0,0.0,0.0,-45.30443810654572,2.3033240917705378
2026-03-17 08:10:00+00:00,0.0,0.0,0.0,0.0,-45.30443810654572,2.3033240917705378
2026-03-17 08:15:00+00:00,0.0,0.0,0.0,0.0,-45.30443810654572,2.3033240917705378
2026-03-17 08:20:00+00:00,0.0,0.0,0.0,0.0,-45.30443810654572,2.3033240917705378
2026-03-17 08:25:00+00:00,0.0,0.0,0.0,0.0,-45.30443810654572,2.3033240917705378
2026-03-17 08:30:00+00:00,0.0,0.0,0.0,0.0,-45.30443810654572,2.3033240917705378
2026-03-17 08:35:00+00:00,0.0,0.0,0.0,0.0,-45.30443810654572,2.3033240917705378
2026-03-17 08:40:00+00:00,0.0,0.0,0.0,0.0,-45.30443810654572,2.3033240917705378
2026-03-17 08:45:00+00:00,0.0,0.0,0.0,0.0,-45.30443810654572,2.3033240917705378
2026-03-17 08:50:00+00:00,0.0,0.0,0.0,0.0,-45.30443810654572,2.3033240917705378
2026-03-17 08:55:00+00:00,0.0,0.0,0.0,0.0,-45.30443810654572,2.3033240917705378
2026-03-17 09:00:00+00:00,0.0,0.0,0.0,0.0,-45.30443810654572,2.3033240917705378
2026-03-17 09:05:00+00:00,0.0,0.0,0.0,0.0,-45.30443810654572,2.3033240917705378
2026-03-17 09:10:00+00:00,0.0,0.0,0.0,0.0,-45.30443810654572,2.3033240917705378
2026-03-17 09:15:00+00:00,0.0,0.0,0.0,0.0,-45.30443810654572,2.3033240917705378
2026-03-17 09:20:00+00:00,0.0,0.0,0.0,0.0,-45.30443810654572,2.3033240917705378
2026-03-17 09:25:00+00:00,0.0,0.0,0.0,0.0,-45.30443810654572,2.3033240917705378
2026-03-17 09:30:00+00:00,0.0,0.0,0.0,0.0,-45.30443810654572,2.3033240917705378
2026-03-17 09:35:00+00:00,0.0,0.0,0.0,0.0,-45.30443810654572,2.3033240917705378
2026-03-17 09:40:00+00:00,0.0,0.0,0.0,0.0,-45.30443810654572,2.3033240917705378
2026-03-17 09:45:00+00:00,0.0,0.0,0.0,0.0,-45.30443810654572,2.3033240917705378
2026-03-17 09:50:00+00:00,0.0,0.0,0.0,0.0,-45.30443810654572,2.3033240917705378
2026-03-17 09:55:00+00:00,0.0,0.0,0.0,0.0,-45.30443810654572,2.3033240917705378
2026-03-17 10:00:00+00:00,0.0,0.0,0.0,0.0,-45.30443810654572,2.3033240917705378
2026-03-17 10:05:00+00:00,0.0,0.0,0.0,0.0,-45.30443810654572,2.3033240917705378
2026-03-17 10:10:00+00:00,0.0,0.0,0.0,0.0,-45.30443810654572,2.3033240917705378
2026-03-17 10:15:00+00:00,0.0,0.0,0.0,0.0,-45.30443810654572,2.3033240917705378
2026-03-17 10:20:00+00:00,0.0,0.0,0.0,0.0,-45.30443810654572,2.3033240917705378
2026-03-17 10:25:00+00:00,0.0,0.0,0.0,0.0,-45.30443810654572,2.3033240917705378
2026-03-17 10:30:00+00:00,0.0,0.0,0.0,0.0,-45.30443810654572,2.3033240917705378
2026-03-17 10:35:00+00:00,0.0,0.0,0.0,0.0,-45.30443810654572,2.3033240917705378
2026-03-17 10:40:00+00:00,0.0,0.0,0.0,0.0,-45.30443810654572,2.3033240917705378
2026-03-17 10:45:00+00:00,0.0,0.0,0.0,0.0,-45.30443810654572,2.3033240917705378
2026-03-17 10:50:00+00:00,0.0,0.0,0.0,0.0,-45.30443810654572,2.3033240917705378
2026-03-17 10:55:00+00:00,0.0,0.0,0.0,0.0,-45.30443810654572,2.3033240917705378
2026-03-17 11:00:00+00:00,0.0,0.0,0.0,0.0,-45.30443810654572,2.3033240917705378
2026-03-17 11:05:00+00:00,0.0,0.0,0.0,0.0,-45.30443810654572,2.3033240917705378
2026-03-17 11:10:00+00:00,0.0,0.0,0.0,0.0,-45.30443810654572,2.3033240917705378
2026-03-17 11:15:00+00:00,0.0,0.0,0.0,0.0,-45.30443810654572,2.3033240917705378
2026-03-17 11:20:00+00:00,0.0,0.0,0.0,0.0,-45.30443810654572,2.3033240917705378
2026-03-17 11:25:00+00:00,0.0,0.0,0.0,0.0,-45.30443810654572,2.3033240917705378
2026-03-17 11:30:00+00:00,0.0,0.0,0.0,0.0,-45.30443810654572,2.3033240917705378
2026-03-17 11:35:00+00:00,0.0,0.0,0.0,0.0,-45.30443810654572,2.3033240917705378
2026-03-17 11:40:00+00:00,0.0,0.0,0.0,0.0,-45.30443810654572,2.3033240917705378
2026-03-17 11:45:00+00:00,0.0,0.0,0.0,0.0,-45.30443810654572,2.3033240917705378
2026-03-17 11:50:00+00:00,0.0,0.0,0.0,0.0,-45.30443810654572,2.3033240917705378
2026-03-17 11:55:00+00:00,0.0,0.0,0.0,0.0,-45.30443810654572,2.3033240917705378
2026-03-17 12:00:00+00:00,0.0,0.0,0.0,0.0,-45.30443810654572,2.3033240917705378
2026-03-17 12:05:00+00:00,0.0,0.0,0.0,0.0,-45.30443810654572,2.3033240917705378
2026-03-17 12:10:00+00:00,0.0,0.0,0.0,0.0,-45.30443810654572,2.3033240917705378
2026-03-17 12:15:00+00:00,0.0,0.0,0.0,0.0,-45.30443810654572,2.3033240917705378
2026-03-17 12:20:00+00:00,0.0,0.0,0.0,0.0,-45.30443810654572,2.3033240917705378
2026-03-17 12:25:00+00:00,0.0,0.0,0.0,0.0,-45.30443810654572,2.3033240917705378
2026-03-17 12:30:00+00:00,0.0,0.0,0.0,0.0,-45.30443810654572,2.3033240917705378
2026-03-17 12:35:00+00:00,0.0,0.0,0.0,0.0,-45.30443810654572,2.3033240917705378
2026-03-17 12:40:00+00:00,0.0,0.0,0.0,0.0,-45.30443810654572,2.3033240917705378
2026-03-17 12:45:00+00:00,0.0,0.0,0.0,0.0,-45.30443810654572,2.3033240917705378
2026-03-17 12:50:00+00:00,0.0,0.0,0.0,0.0,-45.30443810654572,2.3033240917705378
2026-03-17 12:55:00+00:00,0.0,0.0,0.0,0.0,-45.30443810654572,2.3033240917705378
2026-03-17 13:00:00+00:00,0.0,0.0,0.0,0.0,-45.30443810654572,2.3033240917705378
2026-03-17 13:05:00+00:00,0.0,0.0,0.0,0.0,-45.30443810654572,2.3033240917705378
2026-03-17 13:10:00+00:00,0.0,0.0,0.0,0.0,-45.30443810654572,2.3033240917705378
2026-03-17 13:15:00+00:00,0.0,0.0,0.0,0.0,-45.30443810654572,2.3033240917705378
2026-03-17 13:20:00+00:00,0.0,0.0,0.0,0.0,-45.30443810654572,2.3033240917705378
2026-03-17 13:25:00+00:00,0.0,0.0,0.0,0.0,-45.30443810654572,2.3033240917705378
2026-03-17 13:30:00+00:00,0.0,0.0,0.0,0.0,-45.30443810654572,2.3033240917705378
2026-03-17 13:35:00+00:00,0.0,0.0,0.0,0.0,-45.30443810654572,2.3033240917705378
2026-03-17 13:40:00+00:00,0.0,0.0,0.0,0.0,-45.30443810654572,2.3033240917705378
2026-03-17 13:45:00+00:00,0.0,0.0,0.0,0.0,-45.30443810654572,2.3033240917705378
2026-03-17 13:50:00+00:00,0.0,0.0,0.0,0.0,-45.30443810654572,2.3033240917705378
2026-03-17 13:55:00+00:00,0.0,0.0,0.0,0.0,-45.30443810654572,2.3033240917705378
2026-03-17 14:00:00+00:00,0.0,0.0,0.0,0.0,-45.30443810654572,2.3033240917705378
2026-03-17 14:05:00+00:00,0.0,0.0,0.0,0.0,-45.30443810654572,2.3033240917705378
2026-03-17 14:10:00+00:00,0.0,0.0,0.0,0.0,-45.30443810654572,2.3033240917705378
2026-03-17 14:15:00+00:00,0.0,0.0,0.0,0.0,-45.30443810654572,2.3033240917705378
2026-03-17 14:20:00+00:00,0.0,0.0,0.0,0.0,-45.30443810654572,2.3033240917705378
2026-03-17 14:25:00+00:00,0.0,0.0,0.0,0.0,-45.30443810654572,2.3033240917705378
2026-03-17 14:30:00+00:00,0.0,0.0,0.0,0.0,-45.30443810654572,2.3033240917705378
2026-03-17 14:35:00+00:00,0.0,0.0,0.0,0.0,-45.30443810654572,2.3033240917705378
2026-03-17 14:40:00+00:00,0.0,0.0,0.0,0.0,-45.30443810654572,2.3033240917705378
2026-03-17 14:45:00+00:00,0.0,0.0,0.0,0.0,-45.30443810654572,2.3033240917705378
2026-03-17 14:50:00+00:00,0.0,0.0,0.0,0.0,-45.30443810654572,2.3033240917705378
2026-03-17 14:55:00+00:00,0.0,0.0,0.0,0.0,-45.30443810654572,2.3033240917705378
2026-03-17 15:00:00+00:00,0.0,0.0,0.0,0.0,-45.30443810654572,2.3033240917705378
2026-03-17 15:05:00+00:00,0.0,0.0,0.0,0.0,-45.30443810654572,2.3033240917705378
2026-03-17 15:10:00+00:00,0.0,0.0,0.0,0.0,-45.30443810654572,2.3033240917705378
2026-03-17 15:15:00+00:00,0.0,0.0,0.0,0.0,-45.30443810654572,2.3033240917705378
2026-03-17 15:20:00+00:00,0.0,0.0,0.0,0.0,-45.30443810654572,2.3033240917705378
2026-03-17 15:25:00+00:00,0.0,0.0,0.0,0.0,-45.30443810654572,2.3033240917705378
2026-03-17 15:30:00+00:00,0.0,0.0,0.0,0.0,-45.30443810654572,2.3033240917705378
2026-03-17 15:35:00+00:00,0.0,0.0,0.0,0.0,-45.30443810654572,2.3033240917705378
2026-03-17 15:40:00+00:00,0.0,0.0,0.0,0.0,-45.30443810654572,2.3033240917705378
2026-03-17 15:45:00+00:00,0.0,0.0,0.0,0.0,-45.30443810654572,2.3033240917705378
2026-03-17 15:50:00+00:00,0.0,0.0,0.0,0.0,-45.30443810654572,2.3033240917705378
2026-03-17 15:55:00+00:00,0.0,0.0,0.0,0.0,-45.30443810654572,2.3033240917705378
2026-03-17 16:00:00+00:00,0.0,0.0,0.0,0.0,-45.30443810654572,2.3033240917705378
2026-03-17 16:05:00+00:00,0.0,0.0,0.0,0.0,-45.30443810654572,2.3033240917705378
2026-03-17 16:10:00+00:00,0.0,0.0,0.0,0.0,-45.30443810654572,2.3033240917705378
2026-03-17 16:15:00+00:00,0.0,0.0,0.0,0.0,-45.30443810654572,2.3033240917705378
2026-03-17 16:20:00+00:00,0.0,0.0,0.0,0.0,-45.30443810654572,2.3033240917705378
2026-03-17 16:25:00+00:00,0.0,0.0,0.0,0.0,-45.30443810654572,2.3033240917705378
2026-03-17 16:30:00+00:00,0.0,0.0,0.0,0.0,-45.30443810654572,2.3033240917705378
2026-03-17 16:35:00+00:00,0.0,0.0,0.0,0.0,-45.30443810654572,2.3033240917705378
2026-03-17 16:40:00+00:00,0.0,0.0,0.0,0.0,-45.30443810654572,2.3033240917705378
2026-03-17 16:45:00+00:00,0.0,0.0,0.0,0.0,-45.30443810654572,2.3033240917705378
2026-03-17 16:50:00+00:00,0.0,0.0,0.0,0.0,-45.30443810654572,2.3033240917705378
2026-03-17 16:55:00+00:00,0.0,0.0,0.0,0.0,-45.30443810654572,2.3033240917705378
2026-03-17 17:00:00+00:00,0.0,0.0,0.0,0.0,-45.30443810654572,2.3033240917705378
2026-03-17 17:05:00+00:00,0.0,0.0,0.0,0.0,-45.30443810654572,2.3033240917705378
2026-03-17 17:10:00+00:00,0.0,0.0,0.0,0.0,-45.30443810654572,2.3033240917705378
2026-03-17 17:15:00+00:00,0.0,0.0,0.0,0.0,-45.30443810654572,2.3033240917705378
2026-03-17 17:20:00+00:00,0.0,0.0,0.0,0.0,-45.30443810654572,2.3033240917705378
2026-03-17 17:25:00+00:00,0.0,0.0,0.0,0.0,-45.30443810654572,2.3033240917705378
2026-03-17 17:30:00+00:00,0.0,0.0,0.0,0.0,-45.30443810654572,2.3033240917705378
2026-03-17 17:35:00+00:00,0.0,0.0,0.0,0.0,-45.30443810654572,2.3033240917705378
2026-03-17 17:40:00+00:00,0.0,0.0,0.0,0.0,-45.30443810654572,2.3033240917705378
2026-03-17 17:45:00+00:00,0.0,0.0,0.0,0.0,-45.30443810654572,2.3033240917705378
2026-03-17 17:50:00+00:00,0.0,0.0,0.0,0.0,-45.30443810654572,2.3033240917705378
2026-03-17 17:55:00+00:00,0.0,0.0,0.0,0.0,-45.30443810654572,2.3033240917705378
2026-03-17 18:00:00+00:00,0.0,0.0,0.0,0.0,-45.30443810654572,2.3033240917705378
2026-03-17 18:05:00+00:00,0.0,0.0,0.0,0.0,-45.30443810654572,2.3033240917705378
2026-03-17 18:10:00+00:00,0.0,0.0,0.0,0.0,-45.30443810654572,2.3033240917705378
2026-03-17 18:15:00+00:00,0.0,0.0,0.0,0.0,-45.30443810654572,2.3033240917705378
2026-03-17 18:20:00+00:00,0.0,0.0,0.0,0.0,-45.30443810654572,2.3033240917705378
2026-03-17 18:25:00+00:00,0.0,0.0,0.0,0.0,-45.30443810654572,2.3033240917705378
2026-03-17 18:30:00+00:00,0.0,0.0,0.0,0.0,-45.30443810654572,2.3033240917705378
2026-03-17 18:35:00+00:00,0.0,0.0,0.0,0.0,-45.30443810654572,2.3033240917705378
2026-03-17 18:40:00+00:00,0.0,0.0,0.0,0.0,-45.30443810654572,2.3033240917705378
2026-03-17 18:45:00+00:00,0.0,0.0,0.0,0.0,-45.30443810654572,2.3033240917705378
2026-03-17 18:50:00+00:00,0.0,0.0,0.0,0.0,-45.30443810654572,2.3033240917705378
2026-03-17 18:55:00+00:00,0.0,0.0,0.0,0.0,-45.30443810654572,2.3033240917705378
2026-03-17 19:00:00+00:00,0.0,0.0,0.0,0.0,-45.30443810654572,2.3033240917705378
2026-03-17 19:05:00+00:00,0.0,0.0,0.0,0.0,-45.30443810654572,2.3033240917705378
2026-03-17 19:10:00+00:00,0.0,0.0,0.0,0.0,-45.30443810654572,2.3033240917705378
2026-03-17 19:15:00+00:00,0.0,0.0,0.0,0.0,-45.30443810654572,2.3033240917705378
2026-03-17 19:20:00+00:00,0.0,0.0,0.0,0.0,-45.30443810654572,2.3033240917705378
2026-03-17 19:25:00+00:00,0.0,0.0,0.0,0.0,-45.30443810654572,2.3033240917705378
2026-03-17 19:30:00+00:00,0.0,0.0,0.0,0.0,-45.30443810654572,2.3033240917705378
2026-03-17 19:35:00+00:00,0.0,0.0,0.0,0.0,-45.30443810654572,2.3033240917705378
2026-03-17 19:40:00+00:00,0.0,0.0,0.0,0.0,-45.30443810654572,2.3033240917705378
2026-03-17 19:45:00+00:00,0.0,0.0,0.0,0.0,-45.30443810654572,2.3033240917705378
2026-03-17 19:50:00+00:00,0.0,0.0,0.0,0.0,-45.30443810654572,2.3033240917705378
2026-03-17 19:55:00+00:00,0.0,0.0,0.0,0.0,-45.30443810654572,2.3033240917705378
2026-03-17 20:00:00+00:00,0.0,0.0,0.0,0.0,-45.30443810654572,2.3033240917705378
2026-03-17 20:05:00+00:00,0.0,0.0,0.0,0.0,-45.30443810654572,2.3033240917705378
2026-03-17 20:10:00+00:00,0.0,0.0,0.0,0.0,-45.30443810654572,2.3033240917705378
2026-03-17 20:15:00+00:00,0.0,0.0,0.0,0.0,-45.30443810654572,2.3033240917705378
2026-03-17 20:20:00+00:00,0.0,0.0,0.0,0.0,-45.30443810654572,2.3033240917705378
2026-03-17 20:25:00+00:00,0.0,0.0,0.0,0.0,-45.30443810654572,2.3033240917705378
2026-03-17 20:30:00+00:00,0.0,0.0,0.0,0.0,-45.30443810654572,2.3033240917705378
2026-03-17 20:35:00+00:00,0.0,0.0,0.0,0.0,-45.30443810654572,2.3033240917705378
2026-03-17 20:40:00+00:00,0.0,0.0,0.0,0.0,-45.30443810654572,2.3033240917705378
2026-03-17 20:45:00+00:00,0.0,0.0,0.0,0.0,-45.30443810654572,2.3033240917705378
2026-03-17 20:50:00+00:00,0.0,0.0,0.0,0.0,-45.30443810654572,2.3033240917705378
2026-03-17 20:55:00+00:00,0.0,0.0,0.0,0.0,-45.30443810654572,2.3033240917705378
2026-03-17 21:00:00+00:00,0.0,0.0,0.0,0.0,-45.30443810654572,2.3033240917705378
2026-03-17 21:05:00+00:00,0.0,0.0,0.0,0.0,-45.30443810654572,2.3033240917705378
2026-03-17 21:10:00+00:00,0.0,0.0,0.0,0.0,-45.30443810654572,2.3033240917705378
2026-03-17 21:15:00+00:00,0.0,0.0,0.0,0.0,-45.30443810654572,2.3033240917705378
2026-03-17 21:20:00+00:00,0.0,0.0,0.0,0.0,-45.30443810654572,2.3033240917705378
2026-03-17 21:25:00+00:00,0.0,0.0,0.0,0.0,-45.30443810654572,2.3033240917705378
2026-03-17 21:30:00+00:00,0.0,0.0,0.0,0.0,-45.30443810654572,2.3033240917705378
2026-03-17 21:35:00+00:00,0.0,0.0,0.0,0.0,-45.30443810654572,2.3033240917705378
2026-03-17 21:40:00+00:00,0.0,0.0,0.0,0.0,-45.30443810654572,2.3033240917705378
2026-03-17 21:45:00+00:00,0.0,0.0,0.0,0.0,-45.30443810654572,2.3033240917705378
2026-03-17 21:50:00+00:00,0.0,0.0,0.0,0.0,-45.30443810654572,2.3033240917705378
2026-03-17 21:55:00+00:00,0.0,0.0,0.0,0.0,-45.30443810654572,2.3033240917705378
2026-03-17 22:00:00+00:00,0.0,0.0,0.0,0.0,-45.30443810654572,2.3033240917705378
2026-03-17 22:05:00+00:00,0.0,0.0,0.0,0.0,-45.30443810654572,2.3033240917705378
2026-03-17 22:10:00+00:00,0.0,0.0,0.0,0.0,-45.30443810654572,2.3033240917705378
2026-03-17 22:15:00+00:00,0.0,0.0,0.0,0.0,-45.30443810654572,2.3033240917705378
2026-03-17 22:20:00+00:00,0.0,0.0,0.0,0.0,-45.30443810654572,2.3033240917705378
2026-03-17 22:25:00+00:00,0.0,0.0,0.0,0.0,-45.30443810654572,2.3033240917705378
2026-03-17 22:30:00+00:00,0.0,0.0,0.0,0.0,-45.30443810654572,2.3033240917705378
2026-03-17 22:35:00+00:00,0.0,0.0,0.0,0.0,-45.30443810654572,2.3033240917705378
2026-03-17 22:40:00+00:00,0.0,0.0,0.0,0.0,-45.30443810654572,2.3033240917705378
2026-03-17 22:45:00+00:00,0.0,0.0,0.0,0.0,-45.30443810654572,2.3033240917705378
2026-03-17 22:50:00+00:00,0.0,0.0,0.0,0.0,-45.30443810654572,2.3033240917705378
2026-03-17 22:55:00+00:00,0.0,0.0,0.0,0.0,-45.30443810654572,2.3033240917705378
2026-03-17 23:00:00+00:00,0.0,0.0,0.0,0.0,-45.30443810654572,2.3033240917705378
2026-03-17 23:05:00+00:00,0.0,0.0,0.0,0.0,-45.30443810654572,2.3033240917705378
2026-03-17 23:10:00+00:00,0.0,0.0,0.0,0.0,-45.30443810654572,2.3033240917705378
2026-03-17 23:15:00+00:00,0.0,0.0,0.0,0.0,-45.30443810654572,2.3033240917705378
2026-03-17 23:20:00+00:00,0.0,0.0,0.0,0.0,-45.30443810654572,2.3033240917705378
2026-03-17 23:25:00+00:00,0.0,0.0,0.0,0.0,-45.30443810654572,2.3033240917705378
2026-03-17 23:30:00+00:00,0.0,0.0,0.0,0.0,-45.30443810654572,2.3033240917705378
2026-03-17 23:35:00+00:00,0.0,0.0,0.0,0.0,-45.30443810654572,2.3033240917705378
2026-03-17 23:40:00+00:00,0.0,0.0,0.0,0.0,-45.30443810654572,2.3033240917705378
2026-03-17 23:45:00+00:00,0.0,0.0,0.0,0.0,-45.30443810654572,2.3033240917705378
2026-03-17 23:50:00+00:00,0.0,0.0,0.0,0.0,-45.30443810654572,2.3033240917705378
2026-03-17 23:55:00+00:00,0.0,0.0,0.0,0.0,-45.30443810654572,2.3033240917705378
2026-03-18 00:00:00+00:00,0.0,0.0,0.0,0.0,-45.30443810654572,2.3033240917705378
2026-03-18 00:05:00+00:00,0.0,0.0,0.0,0.0,-45.30443810654572,2.3033240917705378
2026-03-18 00:10:00+00:00,0.0,0.0,0.0,0.0,-45.30443810654572,2.3033240917705378
2026-03-18 00:15:00+00:00,0.0,0.0,0.0,0.0,-45.30443810654572,2.3033240917705378
2026-03-18 00:20:00+00:00,0.0,0.0,0.0,0.0,-45.30443810654572,2.3033240917705378
2026-03-18 00:25:00+00:00,0.0,0.0,0.0,0.0,-45.30443810654572,2.3033240917705378
2026-03-18 00:30:00+00:00,0.0,0.0,0.0,0.0,-45.30443810654572,2.3033240917705378
2026-03-18 00:35:00+00:00,0.0,0.0,0.0,0.0,-45.30443810654572,2.3033240917705378
2026-03-18 00:40:00+00:00,0.0,0.0,0.0,0.0,-45.30443810654572,2.3033240917705378
2026-03-18 00:45:00+00:00,0.0,0.0,0.0,0.0,-45.30443810654572,2.3033240917705378
2026-03-18 00:50:00+00:00,0.0,0.0,0.0,0.0,-45.30443810654572,2.3033240917705378
2026-03-18 00:55:00+00:00,0.0,0.0,0.0,0.0,-45.30443810654572,2.3033240917705378
2026-03-18 01:00:00+00:00,0.0,0.0,0.0,0.0,-45.30443810654572,2.3033240917705378
2026-03-18 01:05:00+00:00,0.0,0.0,0.0,0.0,-45.30443810654572,2.3033240917705378
2026-03-18 01:10:00+00:00,0.0,0.0,0.0,0.0,-45.30443810654572,2.3033240917705378
2026-03-18 01:15:00+00:00,0.0,0.0,0.0,0.0,-45.30443810654572,2.3033240917705378
2026-03-18 01:20:00+00:00,0.0,0.0,0.0,0.0,-45.30443810654572,2.3033240917705378
2026-03-18 01:25:00+00:00,0.0,0.0,0.0,0.0,-45.30443810654572,2.3033240917705378
2026-03-18 01:30:00+00:00,0.0,0.0,0.0,0.0,-45.30443810654572,2.3033240917705378
2026-03-18 01:35:00+00:00,0.0,0.0,0.0,0.0,-45.30443810654572,2.3033240917705378
2026-03-18 01:40:00+00:00,0.0,0.0,0.0,0.0,-45.30443810654572,2.3033240917705378
2026-03-18 01:45:00+00:00,0.0,0.0,0.0,0.0,-45.30443810654572,2.3033240917705378
2026-03-18 01:50:00+00:00,0.0,0.0,0.0,0.0,-45.30443810654572,2.3033240917705378
2026-03-18 01:55:00+00:00,0.0,0.0,0.0,0.0,-45.30443810654572,2.3033240917705378
2026-03-18 02:00:00+00:00,0.0,0.0,0.0,0.0,-45.30443810654572,2.3033240917705378
2026-03-18 02:05:00+00:00,0.0,0.0,0.0,0.0,-45.30443810654572,2.3033240917705378
2026-03-18 02:10:00+00:00,0.0,0.0,0.0,0.0,-45.30443810654572,2.3033240917705378
2026-03-18 02:15:00+00:00,0.0,0.0,0.0,0.0,-45.30443810654572,2.3033240917705378
2026-03-18 02:20:00+00:00,0.0,0.0,0.0,0.0,-45.30443810654572,2.3033240917705378
2026-03-18 02:25:00+00:00,0.0,0.0,0.0,0.0,-45.30443810654572,2.3033240917705378
2026-03-18 02:30:00+00:00,0.0,0.0,0.0,0.0,-45.30443810654572,2.3033240917705378
2026-03-18 02:35:00+00:00,0.0,0.0,0.0,0.0,-45.30443810654572,2.3033240917705378
2026-03-18 02:40:00+00:00,0.0,0.0,0.0,0.0,-45.30443810654572,2.3033240917705378
2026-03-18 02:45:00+00:00,0.0,0.0,0.0,0.0,-45.30443810654572,2.3033240917705378
2026-03-18 02:50:00+00:00,0.0,0.0,0.0,0.0,-45.30443810654572,2.3033240917705378
2026-03-18 02:55:00+00:00,0.0,0.0,0.0,0.0,-45.30443810654572,2.3033240917705378
2026-03-18 03:00:00+00:00,0.0,0.0,0.0,0.0,-45.30443810654572,2.3033240917705378
2026-03-18 03:05:00+00:00,0.0,0.0,0.0,0.0,-45.30443810654572,2.3033240917705378
2026-03-18 03:10:00+00:00,0.0,0.0,0.0,0.0,-45.30443810654572,2.3033240917705378
2026-03-18 03:15:00+00:00,0.0,0.0,0.0,0.0,-45.30443810654572,2.3033240917705378
2026-03-18 03:20:00+00:00,0.0,0.0,0.0,0.0,-45.30443810654572,2.3033240917705378
2026-03-18 03:25:00+00:00,0.0,0.0,0.0,0.0,-45.30443810654572,2.3033240917705378
2026-03-18 03:30:00+00:00,0.0,0.0,0.0,0.0,-45.30443810654572,2.3033240917705378
2026-03-18 03:35:00+00:00,0.0,0.0,0.0,0.0,-45.30443810654572,2.3033240917705378
2026-03-18 03:40:00+00:00,0.0,0.0,0.0,0.0,-45.30443810654572,2.3033240917705378
2026-03-18 03:45:00+00:00,0.0,0.0,0.0,0.0,-45.30443810654572,2.3033240917705378
2026-03-18 03:50:00+00:00,0.0,0.0,0.0,0.0,-45.30443810654572,2.3033240917705378
2026-03-18 03:55:00+00:00,0.0,0.0,0.0,0.0,-45.30443810654572,2.3033240917705378
2026-03-18 04:00:00+00:00,0.0,0.0,0.0,0.0,-45.30443810654572,2.3033240917705378
2026-03-18 04:05:00+00:00,0.0,0.0,0.0,0.0,-45.30443810654572,2.3033240917705378
2026-03-18 04:10:00+00:00,0.0,0.0,0.0,0.0,-45.30443810654572,2.3033240917705378
2026-03-18 04:15:00+00:00,0.0,0.0,0.0,0.0,-45.30443810654572,2.3033240917705378
2026-03-18 04:20:00+00:00,0.0,0.0,0.0,0.0,-45.30443810654572,2.3033240917705378
2026-03-18 04:25:00+00:00,0.0,0.0,0.0,0.0,-45.30443810654572,2.3033240917705378
2026-03-18 04:30:00+00:00,0.0,0.0,0.0,0.0,-45.30443810654572,2.3033240917705378
2026-03-18 04:35:00+00:00,0.0,0.0,0.0,0.0,-45.30443810654572,2.3033240917705378
2026-03-18 04:40:00+00:00,0.0,0.0,0.0,0.0,-45.30443810654572,2.3033240917705378
2026-03-18 04:45:00+00:00,0.0,0.0,0.0,0.0,-45.30443810654572,2.3033240917705378
2026-03-18 04:50:00+00:00,0.0,0.0,0.0,0.0,-45.30443810654572,2.3033240917705378
2026-03-18 04:55:00+00:00,0.0,0.0,0.0,0.0,-45.30443810654572,2.3033240917705378
2026-03-18 05:00:00+00:00,0.0,0.0,0.0,0.0,-45.30443810654572,2.3033240917705378
2026-03-18 05:05:00+00:00,0.0,0.0,0.0,0.0,-45.30443810654572,2.3033240917705378
2026-03-18 05:10:00+00:00,0.0,0.0,0.0,0.0,-45.30443810654572,2.3033240917705378
2026-03-18 05:15:00+00:00,0.0,0.0,0.0,0.0,-45.30443810654572,2.3033240917705378
2026-03-18 05:20:00+00:00,0.0,0.0,0.0,0.0,-45.30443810654572,2.3033240917705378
2026-03-18 05:25:00+00:00,0.0,0.0,0.0,0.0,-45.30443810654572,2.3033240917705378
2026-03-18 05:30:00+00:00,0.0,0.0,0.0,0.0,-45.30443810654572,2.3033240917705378
2026-03-18 05:35:00+00:00,0.0,0.0,0.0,0.0,-45.30443810654572,2.3033240917705378
2026-03-18 05:40:00+00:00,0.0,0.0,0.0,0.0,-45.30443810654572,2.3033240917705378
2026-03-18 05:45:00+00:00,0.0,0.0,0.0,0.0,-45.30443810654572,2.3033240917705378
2026-03-18 05:50:00+00:00,0.0,0.0,0.0,0.0,-45.30443810654572,2.3033240917705378
2026-03-18 05:55:00+00:00,0.0,0.0,0.0,0.0,-45.30443810654572,2.3033240917705378
2026-03-18 06:00:00+00:00,0.0,0.0,0.0,0.0,-45.30443810654572,2.3033240917705378
2026-03-18 06:05:00+00:00,0.0,0.0,0.0,0.0,-45.30443810654572,2.3033240917705378
2026-03-18 06:10:00+00:00,0.0,0.0,0.0,0.0,-45.30443810654572,2.3033240917705378
2026-03-18 06:15:00+00:00,0.0,0.0,0.0,0.0,-45.30443810654572,2.3033240917705378
2026-03-18 06:20:00+00:00,0.0,0.0,0.0,0.0,-45.30443810654572,2.3033240917705378
2026-03-18 06:25:00+00:00,0.0,0.0,0.0,0.0,-45.30443810654572,2.3033240917705378
2026-03-18 06:30:00+00:00,0.0,0.0,0.0,0.0,-45.30443810654572,2.3033240917705378
2026-03-18 06:35:00+00:00,0.0,0.0,0.0,0.0,-45.30443810654572,2.3033240917705378
2026-03-18 06:40:00+00:00,0.0,0.0,0.0,0.0,-45.30443810654572,2.3033240917705378
2026-03-18 06:45:00+00:00,0.0,0.0,0.0,0.0,-45.30443810654572,2.3033240917705378
2026-03-18 06:50:00+00:00,0.0,0.0,0.0,0.0,-45.30443810654572,2.3033240917705378
2026-03-18 06:55:00+00:00,0.0,0.0,0.0,0.0,-45.30443810654572,2.3033240917705378
2026-03-18 07:00:00+00:00,0.0,0.0,0.0,0.0,-45.30443810654572,2.3033240917705378
2026-03-18 07:05:00+00:00,0.0,0.0,0.0,0.0,-45.30443810654572,2.3033240917705378
2026-03-18 07:10:00+00:00,0.0,0.0,0.0,0.0,-45.30443810654572,2.3033240917705378
2026-03-18 07:15:00+00:00,0.0,0.0,0.0,0.0,-45.30443810654572,2.3033240917705378
2026-03-18 07:20:00+00:00,0.0,0.0,0.0,0.0,-45.30443810654572,2.3033240917705378
2026-03-18 07:25:00+00:00,0.0,0.0,0.0,0.0,-45.30443810654572,2.3033240917705378
2026-03-18 07:30:00+00:00,0.0,0.0,0.0,0.0,-45.30443810654572,2.3033240917705378
2026-03-18 07:35:00+00:00,0.0,0.0,0.0,0.0,-45.30443810654572,2.3033240917705378
2026-03-18 07:40:00+00:00,0.0,0.0,0.0,0.0,-45.30443810654572,2.3033240917705378
2026-03-18 07:45:00+00:00,0.0,0.0,0.0,0.0,-45.30443810654572,2.3033240917705378
2026-03-18 07:50:00+00:00,0.0,0.0,0.0,0.0,-45.30443810654572,2.3033240917705378
2026-03-18 07:55:00+00:00,0.0,0.0,0.0,0.0,-45.30443810654572,2.3033240917705378
2026-03-18 08:00:00+00:00,0.0,0.0,0.0,0.0,-45.30443810654572,2.3033240917705378
2026-03-18 08:05:00+00:00,0.0,0.0,0.0,0.0,-45.30443810654572,2.3033240917705378
2026-03-18 08:10:00+00:00,0.0,0.0,0.0,0.0,-45.30443810654572,2.3033240917705378
2026-03-18 08:15:00+00:00,0.0,0.0,0.0,0.0,-45.30443810654572,2.3033240917705378
2026-03-18 08:20:00+00:00,0.0,0.0,0.0,0.0,-45.30443810654572,2.3033240917705378
2026-03-18 08:25:00+00:00,0.0,0.0,0.0,0.0,-45.30443810654572,2.3033240917705378
2026-03-18 08:30:00+00:00,0.0,0.0,0.0,0.0,-45.30443810654572,2.3033240917705378
2026-03-18 08:35:00+00:00,0.0,0.0,0.0,0.0,-45.30443810654572,2.3033240917705378
2026-03-18 08:40:00+00:00,0.0,0.0,0.0,0.0,-45.30443810654572,2.3033240917705378
2026-03-18 08:45:00+00:00,0.0,0.0,0.0,0.0,-45.30443810654572,2.3033240917705378
2026-03-18 08:50:00+00:00,0.0,0.0,0.0,0.0,-45.30443810654572,2.3033240917705378
2026-03-18 08:55:00+00:00,0.0,0.0,0.0,0.0,-45.30443810654572,2.3033240917705378
2026-03-18 09:00:00+00:00,0.0,0.0,0.0,0.0,-45.30443810654572,2.3033240917705378
2026-03-18 09:05:00+00:00,0.0,0.0,0.0,0.0,-45.30443810654572,2.3033240917705378
2026-03-18 09:10:00+00:00,0.0,0.0,0.0,0.0,-45.30443810654572,2.3033240917705378
2026-03-18 09:15:00+00:00,0.0,0.0,0.0,0.0,-45.30443810654572,2.3033240917705378
2026-03-18 09:20:00+00:00,0.0,0.0,0.0,0.0,-45.30443810654572,2.3033240917705378
2026-03-18 09:25:00+00:00,0.0,0.0,0.0,0.0,-45.30443810654572,2.3033240917705378
2026-03-18 09:30:00+00:00,0.0,0.0,0.0,0.0,-45.30443810654572,2.3033240917705378
2026-03-18 09:35:00+00:00,0.0,0.0,0.0,0.0,-45.30443810654572,2.3033240917705378
2026-03-18 09:40:00+00:00,0.0,0.0,0.0,0.0,-45.30443810654572,2.3033240917705378
2026-03-18 09:45:00+00:00,0.0,0.0,0.0,0.0,-45.30443810654572,2.3033240917705378
2026-03-18 09:50:00+00:00,0.0,0.0,0.0,0.0,-45.30443810654572,2.3033240917705378
2026-03-18 09:55:00+00:00,0.0,0.0,0.0,0.0,-45.30443810654572,2.3033240917705378
2026-03-18 10:00:00+00:00,0.0,0.0,0.0,0.0,-45.30443810654572,2.3033240917705378
2026-03-18 10:05:00+00:00,0.0,0.0,0.0,0.0,-45.30443810654572,2.3033240917705378
2026-03-18 10:10:00+00:00,0.0,0.0,0.0,0.0,-45.30443810654572,2.3033240917705378
2026-03-18 10:15:00+00:00,0.0,0.0,0.0,0.0,-45.30443810654572,2.3033240917705378
2026-03-18 10:20:00+00:00,0.0,0.0,0.0,0.0,-45.30443810654572,2.3033240917705378
2026-03-18 10:25:00+00:00,0.0,0.0,0.0,0.0,-45.30443810654572,2.3033240917705378
2026-03-18 10:30:00+00:00,0.0,0.0,0.0,0.0,-45.30443810654572,2.3033240917705378
2026-03-18 10:35:00+00:00,0.0,0.0,0.0,0.0,-45.30443810654572,2.3033240917705378
2026-03-18 10:40:00+00:00,0.0,0.0,0.0,0.0,-45.30443810654572,2.3033240917705378
2026-03-18 10:45:00+00:00,0.0,0.0,0.0,0.0,-45.30443810654572,2.3033240917705378
2026-03-18 10:50:00+00:00,0.0,0.0,0.0,0.0,-45.30443810654572,2.3033240917705378
2026-03-18 10:55:00+00:00,0.0,0.0,0.0,0.0,-45.30443810654572,2.3033240917705378
2026-03-18 11:00:00+00:00,0.0,0.0,0.0,0.0,-45.30443810654572,2.3033240917705378
2026-03-18 11:05:00+00:00,0.0,0.0,0.0,0.0,-45.30443810654572,2.3033240917705378
2026-03-18 11:10:00+00:00,0.0,0.0,0.0,0.0,-45.30443810654572,2.3033240917705378
2026-03-18 11:15:00+00:00,0.0,0.0,0.0,0.0,-45.30443810654572,2.3033240917705378
2026-03-18 11:20:00+00:00,0.0,0.0,0.0,0.0,-45.30443810654572,2.3033240917705378
2026-03-18 11:25:00+00:00,0.0,0.0,0.0,0.0,-45.30443810654572,2.3033240917705378
2026-03-18 11:30:00+00:00,0.0,0.0,0.0,0.0,-45.30443810654572,2.3033240917705378
2026-03-18 11:35:00+00:00,0.0,0.0,0.0,0.0,-45.30443810654572,2.3033240917705378
2026-03-18 11:40:00+00:00,0.0,0.0,0.0,0.0,-45.30443810654572,2.3033240917705378
2026-03-18 11:45:00+00:00,0.0,0.0,0.0,0.0,-45.30443810654572,2.3033240917705378
2026-03-18 11:50:00+00:00,0.0,0.0,0.0,0.0,-45.30443810654572,2.3033240917705378
2026-03-18 11:55:00+00:00,0.0,0.0,0.0,0.0,-45.30443810654572,2.3033240917705378
2026-03-18 12:00:00+00:00,0.0,0.0,0.0,0.0,-45.30443810654572,2.3033240917705378
2026-03-18 12:05:00+00:00,0.0,0.0,0.0,0.0,-45.30443810654572,2.3033240917705378
2026-03-18 12:10:00+00:00,0.0,0.0,0.0,0.0,-45.30443810654572,2.3033240917705378
2026-03-18 12:15:00+00:00,0.0,0.0,0.0,0.0,-45.30443810654572,2.3033240917705378
2026-03-18 12:20:00+00:00,0.0,0.0,0.0,0.0,-45.30443810654572,2.3033240917705378
2026-03-18 12:25:00+00:00,0.0,0.0,0.0,0.0,-45.30443810654572,2.3033240917705378
2026-03-18 12:30:00+00:00,0.0,0.0,0.0,0.0,-45.30443810654572,2.3033240917705378
2026-03-18 12:35:00+00:00,0.0,0.0,0.0,0.0,-45.30443810654572,2.3033240917705378
2026-03-18 12:40:00+00:00,0.0,0.0,0.0,0.0,-45.30443810654572,2.3033240917705378
2026-03-18 12:45:00+00:00,0.0,0.0,0.0,0.0,-45.30443810654572,2.3033240917705378
2026-03-18 12:50:00+00:00,0.0,0.0,0.0,0.0,-45.30443810654572,2.3033240917705378
2026-03-18 12:55:00+00:00,0.0,0.0,0.0,0.0,-45.30443810654572,2.3033240917705378
2026-03-18 13:00:00+00:00,0.0,0.0,0.0,0.0,-45.30443810654572,2.3033240917705378
2026-03-18 13:05:00+00:00,0.0,0.0,0.0,0.0,-45.30443810654572,2.3033240917705378
2026-03-18 13:10:00+00:00,0.0,0.0,0.0,0.0,-45.30443810654572,2.3033240917705378
2026-03-18 13:15:00+00:00,0.0,0.0,0.0,0.0,-45.30443810654572,2.3033240917705378
2026-03-18 13:20:00+00:00,0.0,0.0,0.0,0.0,-45.30443810654572,2.3033240917705378
2026-03-18 13:25:00+00:00,0.0,0.0,0.0,0.0,-45.30443810654572,2.3033240917705378
2026-03-18 13:30:00+00:00,0.0,0.0,0.0,0.0,-45.30443810654572,2.3033240917705378
2026-03-18 13:35:00+00:00,0.0,0.0,0.0,0.0,-45.30443810654572,2.3033240917705378
2026-03-18 13:40:00+00:00,0.0,0.0,0.0,0.0,-45.30443810654572,2.3033240917705378
2026-03-18 13:45:00+00:00,0.0,0.0,0.0,0.0,-45.30443810654572,2.3033240917705378
2026-03-18 13:50:00+00:00,0.0,0.0,0.0,0.0,-45.30443810654572,2.3033240917705378
2026-03-18 13:55:00+00:00,0.0,0.0,0.0,0.0,-45.30443810654572,2.3033240917705378
2026-03-18 14:00:00+00:00,0.0,0.0,0.0,0.0,-45.30443810654572,2.3033240917705378
2026-03-18 14:05:00+00:00,0.0,0.0,0.0,0.0,-45.30443810654572,2.3033240917705378
2026-03-18 14:10:00+00:00,0.0,0.0,0.0,0.0,-45.30443810654572,2.3033240917705378
2026-03-18 14:15:00+00:00,0.0,0.0,0.0,0.0,-45.30443810654572,2.3033240917705378
2026-03-18 14:20:00+00:00,0.0,0.0,0.0,0.0,-45.30443810654572,2.3033240917705378
2026-03-18 14:25:00+00:00,0.0,0.0,0.0,0.0,-45.30443810654572,2.3033240917705378
2026-03-18 14:30:00+00:00,0.0,0.0,0.0,0.0,-45.30443810654572,2.3033240917705378
2026-03-18 14:35:00+00:00,0.0,0.0,0.0,0.0,-45.30443810654572,2.3033240917705378
2026-03-18 14:40:00+00:00,0.0,0.0,0.0,0.0,-45.30443810654572,2.3033240917705378
2026-03-18 14:45:00+00:00,0.0,0.0,0.0,0.0,-45.30443810654572,2.3033240917705378
2026-03-18 14:50:00+00:00,0.0,0.0,0.0,0.0,-45.30443810654572,2.3033240917705378
2026-03-18 14:55:00+00:00,0.0,0.0,0.0,0.0,-45.30443810654572,2.3033240917705378
2026-03-18 15:00:00+00:00,0.0,0.0,0.0,0.0,-45.30443810654572,2.3033240917705378
2026-03-18 15:05:00+00:00,0.0,0.0,0.0,0.0,-45.30443810654572,2.3033240917705378
2026-03-18 15:10:00+00:00,0.0,0.0,0.0,0.0,-45.30443810654572,2.3033240917705378
2026-03-18 15:15:00+00:00,0.0,0.0,0.0,0.0,-45.30443810654572,2.3033240917705378
2026-03-18 15:20:00+00:00,0.0,0.0,0.0,0.0,-45.30443810654572,2.3033240917705378
2026-03-18 15:25:00+00:00,0.0,0.0,0.0,0.0,-45.30443810654572,2.3033240917705378
2026-03-18 15:30:00+00:00,0.0,0.0,0.0,0.0,-45.30443810654572,2.3033240917705378
2026-03-18 15:35:00+00:00,0.0,0.0,0.0,0.0,-45.30443810654572,2.3033240917705378
2026-03-18 15:40:00+00:00,0.0,0.0,0.0,0.0,-45.30443810654572,2.3033240917705378
2026-03-18 15:45:00+00:00,0.0,0.0,0.0,0.0,-45.30443810654572,2.3033240917705378
2026-03-18 15:50:00+00:00,0.0,0.0,0.0,0.0,-45.30443810654572,2.3033240917705378
2026-03-18 15:55:00+00:00,0.0,0.0,0.0,0.0,-45.30443810654572,2.3033240917705378
2026-03-18 16:00:00+00:00,0.0,0.0,0.0,0.0,-45.30443810654572,2.3033240917705378
2026-03-18 16:05:00+00:00,0.0,0.0,0.0,0.0,-45.30443810654572,2.3033240917705378
2026-03-18 16:10:00+00:00,0.0,0.0,0.0,0.0,-45.30443810654572,2.3033240917705378
2026-03-18 16:15:00+00:00,0.0,0.0,0.0,0.0,-45.30443810654572,2.3033240917705378
2026-03-18 16:20:00+00:00,0.0,0.0,0.0,0.0,-45.30443810654572,2.3033240917705378
2026-03-18 16:25:00+00:00,0.0,0.0,0.0,0.0,-45.30443810654572,2.3033240917705378
2026-03-18 16:30:00+00:00,0.0,0.0,0.0,0.0,-45.30443810654572,2.3033240917705378
2026-03-18 16:35:00+00:00,0.0,0.0,0.0,0.0,-45.30443810654572,2.3033240917705378
2026-03-18 16:40:00+00:00,0.0,0.0,0.0,0.0,-45.30443810654572,2.3033240917705378
2026-03-18 16:45:00+00:00,0.0,0.0,0.0,0.0,-45.30443810654572,2.3033240917705378
2026-03-18 16:50:00+00:00,0.0,0.0,0.0,0.0,-45.30443810654572,2.3033240917705378
2026-03-18 16:55:00+00:00,0.0,0.0,0.0,0.0,-45.30443810654572,2.3033240917705378
2026-03-18 17:00:00+00:00,0.0,0.0,0.0,0.0,-45.30443810654572,2.3033240917705378
2026-03-18 17:05:00+00:00,0.0,0.0,0.0,0.0,-45.30443810654572,2.3033240917705378
2026-03-18 17:10:00+00:00,0.0,0.0,0.0,0.0,-45.30443810654572,2.3033240917705378
2026-03-18 17:15:00+00:00,0.0,0.0,0.0,0.0,-45.30443810654572,2.3033240917705378
2026-03-18 17:20:00+00:00,0.0,0.0,0.0,0.0,-45.30443810654572,2.3033240917705378
2026-03-18 17:25:00+00:00,0.0,0.0,0.0,0.0,-45.30443810654572,2.3033240917705378
2026-03-18 17:30:00+00:00,0.0,0.0,0.0,0.0,-45.30443810654572,2.3033240917705378
2026-03-18 17:35:00+00:00,0.0,0.0,0.0,0.0,-45.30443810654572,2.3033240917705378
2026-03-18 17:40:00+00:00,0.0,0.0,0.0,0.0,-45.30443810654572,2.3033240917705378
2026-03-18 17:45:00+00:00,0.0,0.0,0.0,0.0,-45.30443810654572,2.3033240917705378
2026-03-18 17:50:00+00:00,0.0,0.0,0.0,0.0,-45.30443810654572,2.3033240917705378
2026-03-18 17:55:00+00:00,0.0,0.0,0.0,0.0,-45.30443810654572,2.3033240917705378
2026-03-18 18:00:00+00:00,0.0,0.0,0.0,0.0,-45.30443810654572,2.3033240917705378
2026-03-18 18:05:00+00:00,0.0,0.0,0.0,0.0,-45.30443810654572,2.3033240917705378
2026-03-18 18:10:00+00:00,0.0,0.0,0.0,0.0,-45.30443810654572,2.3033240917705378
2026-03-18 18:15:00+00:00,0.0,0.0,0.0,0.0,-45.30443810654572,2.3033240917705378
2026-03-18 18:20:00+00:00,0.0,0.0,0.0,0.0,-45.30443810654572,2.3033240917705378
2026-03-18 18:25:00+00:00,0.0,0.0,0.0,0.0,-45.30443810654572,2.3033240917705378
2026-03-18 18:30:00+00:00,0.0,0.0,0.0,0.0,-45.30443810654572,2.3033240917705378
2026-03-18 18:35:00+00:00,0.0,0.0,0.0,0.0,-45.30443810654572,2.3033240917705378
2026-03-18 18:40:00+00:00,0.0,0.0,0.0,0.0,-45.30443810654572,2.3033240917705378
2026-03-18 18:45:00+00:00,0.0,0.0,0.0,0.0,-45.30443810654572,2.3033240917705378
2026-03-18 18:50:00+00:00,0.0,0.0,0.0,0.0,-45.30443810654572,2.3033240917705378
2026-03-18 18:55:00+00:00,0.0,0.0,0.0,0.0,-45.30443810654572,2.3033240917705378
2026-03-18 19:00:00+00:00,0.0,0.0,0.0,0.0,-45.30443810654572,2.3033240917705378
2026-03-18 19:05:00+00:00,0.0,0.0,0.0,0.0,-45.30443810654572,2.3033240917705378
2026-03-18 19:10:00+00:00,0.0,0.0,0.0,0.0,-45.30443810654572,2.3033240917705378
2026-03-18 19:15:00+00:00,0.0,0.0,0.0,0.0,-45.30443810654572,2.3033240917705378
2026-03-18 19:20:00+00:00,0.0,0.0,0.0,0.0,-45.30443810654572,2.3033240917705378
2026-03-18 19:25:00+00:00,0.0,0.0,0.0,0.0,-45.30443810654572,2.3033240917705378
2026-03-18 19:30:00+00:00,0.0,0.0,0.0,0.0,-45.30443810654572,2.3033240917705378
2026-03-18 19:35:00+00:00,0.0,0.0,0.0,0.0,-45.30443810654572,2.3033240917705378
2026-03-18 19:40:00+00:00,0.0,0.0,0.0,0.0,-45.30443810654572,2.3033240917705378
2026-03-18 19:45:00+00:00,0.0,0.0,0.0,0.0,-45.30443810654572,2.3033240917705378
2026-03-18 19:50:00+00:00,0.0,0.0,0.0,0.0,-45.30443810654572,2.3033240917705378
2026-03-18 19:55:00+00:00,0.0,0.0,0.0,0.0,-45.30443810654572,2.3033240917705378
2026-03-18 20:00:00+00:00,0.0,0.0,0.0,0.0,-45.30443810654572,2.3033240917705378
2026-03-18 20:05:00+00:00,0.0,0.0,0.0,0.0,-45.30443810654572,2.3033240917705378
2026-03-18 20:10:00+00:00,0.0,0.0,0.0,0.0,-45.30443810654572,2.3033240917705378
2026-03-18 20:15:00+00:00,0.0,0.0,0.0,0.0,-45.30443810654572,2.3033240917705378
2026-03-18 20:20:00+00:00,0.0,0.0,0.0,0.0,-45.30443810654572,2.3033240917705378
2026-03-18 20:25:00+00:00,0.0,0.0,0.0,0.0,-45.30443810654572,2.3033240917705378
2026-03-18 20:30:00+00:00,0.0,0.0,0.0,0.0,-45.30443810654572,2.3033240917705378
2026-03-18 20:35:00+00:00,0.0,0.0,0.0,0.0,-45.30443810654572,2.3033240917705378
2026-03-18 20:40:00+00:00,0.0,0.0,0.0,0.0,-45.30443810654572,2.3033240917705378
2026-03-18 20:45:00+00:00,0.0,0.0,0.0,0.0,-45.30443810654572,2.3033240917705378
2026-03-18 20:50:00+00:00,0.0,0.0,0.0,0.0,-45.30443810654572,2.3033240917705378
2026-03-18 20:55:00+00:00,0.0,0.0,0.0,0.0,-45.30443810654572,2.3033240917705378
2026-03-18 21:00:00+00:00,0.0,0.0,0.0,0.0,-45.30443810654572,2.3033240917705378
2026-03-18 21:05:00+00:00,0.0,0.0,0.0,0.0,-45.30443810654572,2.3033240917705378
2026-03-18 21:10:00+00:00,0.0,0.0,0.0,0.0,-45.30443810654572,2.3033240917705378
2026-03-18 21:15:00+00:00,0.0,0.0,0.0,0.0,-45.30443810654572,2.3033240917705378
2026-03-18 21:20:00+00:00,0.0,0.0,0.0,0.0,-45.30443810654572,2.3033240917705378
2026-03-18 21:25:00+00:00,0.0,0.0,0.0,0.0,-45.30443810654572,2.3033240917705378
2026-03-18 21:30:00+00:00,0.0,0.0,0.0,0.0,-45.30443810654572,2.3033240917705378
2026-03-18 21:35:00+00:00,0.0,0.0,0.0,0.0,-45.30443810654572,2.3033240917705378
2026-03-18 21:40:00+00:00,0.0,0.0,0.0,0.0,-45.30443810654572,2.3033240917705378
2026-03-18 21:45:00+00:00,0.0,0.0,0.0,0.0,-45.30443810654572,2.3033240917705378
2026-03-18 21:50:00+00:00,0.0,0.0,0.0,0.0,-45.30443810654572,2.3033240917705378
2026-03-18 21:55:00+00:00,0.0,0.0,0.0,0.0,-45.30443810654572,2.3033240917705378
2026-03-18 22:00:00+00:00,0.0,0.0,0.0,0.0,-45.30443810654572,2.3033240917705378
2026-03-18 22:05:00+00:00,0.0,0.0,0.0,0.0,-45.30443810654572,2.3033240917705378
2026-03-18 22:10:00+00:00,0.0,0.0,0.0,0.0,-45.30443810654572,2.3033240917705378
2026-03-18 22:15:00+00:00,0.0,0.0,0.0,0.0,-45.30443810654572,2.3033240917705378
2026-03-18 22:20:00+00:00,0.0,0.0,0.0,0.0,-45.30443810654572,2.3033240917705378
2026-03-18 22:25:00+00:00,0.0,0.0,0.0,0.0,-45.30443810654572,2.3033240917705378
2026-03-18 22:30:00+00:00,0.0,0.0,0.0,0.0,-45.30443810654572,2.3033240917705378
2026-03-18 22:35:00+00:00,0.0,0.0,0.0,0.0,-45.30443810654572,2.3033240917705378
2026-03-18 22:40:00+00:00,0.0,0.0,0.0,0.0,-45.30443810654572,2.3033240917705378
2026-03-18 22:45:00+00:00,0.0,0.0,0.0,0.0,-45.30443810654572,2.3033240917705378
2026-03-18 22:50:00+00:00,0.0,0.0,0.0,0.0,-45.30443810654572,2.3033240917705378
2026-03-18 22:55:00+00:00,0.0,0.0,0.0,0.0,-45.30443810654572,2.3033240917705378
2026-03-18 23:00:00+00:00,0.0,0.0,0.0,0.0,-45.30443810654572,2.3033240917705378
2026-03-18 23:05:00+00:00,0.0,0.0,0.0,0.0,-45.30443810654572,2.3033240917705378
2026-03-18 23:10:00+00:00,0.0,0.0,0.0,0.0,-45.30443810654572,2.3033240917705378
2026-03-18 23:15:00+00:00,0.0,0.0,0.0,0.0,-45.30443810654572,2.3033240917705378
2026-03-18 23:20:00+00:00,0.0,0.0,0.0,0.0,-45.30443810654572,2.3033240917705378
2026-03-18 23:25:00+00:00,0.0,0.0,0.0,0.0,-45.30443810654572,2.3033240917705378
2026-03-18 23:30:00+00:00,0.0,0.0,0.0,0.0,-45.30443810654572,2.3033240917705378
2026-03-18 23:35:00+00:00,0.0,0.0,0.0,0.0,-45.30443810654572,2.3033240917705378
2026-03-18 23:40:00+00:00,0.0,0.0,0.0,0.0,-45.30443810654572,2.3033240917705378
2026-03-18 23:45:00+00:00,0.0,0.0,0.0,0.0,-45.30443810654572,2.3033240917705378
2026-03-18 23:50:00+00:00,0.0,0.0,0.0,0.0,-45.30443810654572,2.3033240917705378
2026-03-18 23:55:00+00:00,0.0,0.0,0.0,0.0,-45.30443810654572,2.3033240917705378
2026-03-19 00:00:00+00:00,0.0,0.0,0.0,0.0,-45.30443810654572,2.3033240917705378
2026-03-19 00:05:00+00:00,0.0,0.0,0.0,0.0,-45.30443810654572,2.3033240917705378
2026-03-19 00:10:00+00:00,0.0,0.0,0.0,0.0,-45.30443810654572,2.3033240917705378
2026-03-19 00:15:00+00:00,0.0,0.0,0.0,0.0,-45.30443810654572,2.3033240917705378
2026-03-19 00:20:00+00:00,0.0,0.0,0.0,0.0,-45.30443810654572,2.3033240917705378
2026-03-19 00:25:00+00:00,0.0,0.0,0.0,0.0,-45.30443810654572,2.3033240917705378
2026-03-19 00:30:00+00:00,0.0,0.0,0.0,0.0,-45.30443810654572,2.3033240917705378
2026-03-19 00:35:00+00:00,0.0,0.0,0.0,0.0,-45.30443810654572,2.3033240917705378
2026-03-19 00:40:00+00:00,0.0,0.0,0.0,0.0,-45.30443810654572,2.3033240917705378
2026-03-19 00:45:00+00:00,0.0,0.0,0.0,0.0,-45.30443810654572,2.3033240917705378
2026-03-19 00:50:00+00:00,0.0,0.0,0.0,0.0,-45.30443810654572,2.3033240917705378
2026-03-19 00:55:00+00:00,0.0,0.0,0.0,0.0,-45.30443810654572,2.3033240917705378
2026-03-19 01:00:00+00:00,0.0,0.0,0.0,0.0,-45.30443810654572,2.3033240917705378
2026-03-19 01:05:00+00:00,0.0,0.0,0.0,0.0,-45.30443810654572,2.3033240917705378
2026-03-19 01:10:00+00:00,0.0,0.0,0.0,0.0,-45.30443810654572,2.3033240917705378
2026-03-19 01:15:00+00:00,0.0,0.0,0.0,0.0,-45.30443810654572,2.3033240917705378
2026-03-19 01:20:00+00:00,0.0,0.0,0.0,0.0,-45.30443810654572,2.3033240917705378
2026-03-19 01:25:00+00:00,0.0,0.0,0.0,0.0,-45.30443810654572,2.3033240917705378
2026-03-19 01:30:00+00:00,0.0,0.0,0.0,0.0,-45.30443810654572,2.3033240917705378
2026-03-19 01:35:00+00:00,0.0,0.0,0.0,0.0,-45.30443810654572,2.3033240917705378
2026-03-19 01:40:00+00:00,0.0,0.0,0.0,0.0,-45.30443810654572,2.3033240917705378
2026-03-19 01:45:00+00:00,0.0,0.0,0.0,0.0,-45.30443810654572,2.3033240917705378
2026-03-19 01:50:00+00:00,0.0,0.0,0.0,0.0,-45.30443810654572,2.3033240917705378
2026-03-19 01:55:00+00:00,0.0,0.0,0.0,0.0,-45.30443810654572,2.3033240917705378
2026-03-19 02:00:00+00:00,0.0,0.0,0.0,0.0,-45.30443810654572,2.3033240917705378
2026-03-19 02:05:00+00:00,0.0,0.0,0.0,0.0,-45.30443810654572,2.3033240917705378
2026-03-19 02:10:00+00:00,0.0,0.0,0.0,0.0,-45.30443810654572,2.3033240917705378
2026-03-19 02:15:00+00:00,0.0,0.0,0.0,0.0,-45.30443810654572,2.3033240917705378
2026-03-19 02:20:00+00:00,0.0,0.0,0.0,0.0,-45.30443810654572,2.3033240917705378
2026-03-19 02:25:00+00:00,0.0,0.0,0.0,0.0,-45.30443810654572,2.3033240917705378
2026-03-19 02:30:00+00:00,0.0,0.0,0.0,0.0,-45.30443810654572,2.3033240917705378
2026-03-19 02:35:00+00:00,0.0,0.0,0.0,0.0,-45.30443810654572,2.3033240917705378
2026-03-19 02:40:00+00:00,0.0,0.0,0.0,0.0,-45.30443810654572,2.3033240917705378
2026-03-19 02:45:00+00:00,0.0,0.0,0.0,0.0,-45.30443810654572,2.3033240917705378
2026-03-19 02:50:00+00:00,0.0,0.0,0.0,0.0,-45.30443810654572,2.3033240917705378
2026-03-19 02:55:00+00:00,0.0,0.0,0.0,0.0,-45.30443810654572,2.3033240917705378
2026-03-19 03:00:00+00:00,0.0,0.0,0.0,0.0,-45.30443810654572,2.3033240917705378
2026-03-19 03:05:00+00:00,0.0,0.0,0.0,0.0,-45.30443810654572,2.3033240917705378
2026-03-19 03:10:00+00:00,0.0,0.0,0.0,0.0,-45.30443810654572,2.3033240917705378
2026-03-19 03:15:00+00:00,0.0,0.0,0.0,0.0,-45.30443810654572,2.3033240917705378
2026-03-19 03:20:00+00:00,0.0,0.0,0.0,0.0,-45.30443810654572,2.3033240917705378
2026-03-19 03:25:00+00:00,0.0,0.0,0.0,0.0,-45.30443810654572,2.3033240917705378
2026-03-19 03:30:00+00:00,0.0,0.0,0.0,0.0,-45.30443810654572,2.3033240917705378
2026-03-19 03:35:00+00:00,0.0,0.0,0.0,0.0,-45.30443810654572,2.3033240917705378
2026-03-19 03:40:00+00:00,0.0,0.0,0.0,0.0,-45.30443810654572,2.3033240917705378
2026-03-19 03:45:00+00:00,0.0,0.0,0.0,0.0,-45.30443810654572,2.3033240917705378
2026-03-19 03:50:00+00:00,0.0,0.0,0.0,0.0,-45.30443810654572,2.3033240917705378
2026-03-19 03:55:00+00:00,0.0,0.0,0.0,0.0,-45.30443810654572,2.3033240917705378
2026-03-19 04:00:00+00:00,0.0,0.0,0.0,0.0,-45.30443810654572,2.3033240917705378
2026-03-19 04:05:00+00:00,0.0,0.0,0.0,0.0,-45.30443810654572,2.3033240917705378
2026-03-19 04:10:00+00:00,0.0,0.0,0.0,0.0,-45.30443810654572,2.3033240917705378
2026-03-19 04:15:00+00:00,0.0,0.0,0.0,0.0,-45.30443810654572,2.3033240917705378
2026-03-19 04:20:00+00:00,0.0,0.0,0.0,0.0,-45.30443810654572,2.3033240917705378
2026-03-19 04:25:00+00:00,0.0,0.0,0.0,0.0,-45.30443810654572,2.3033240917705378
2026-03-19 04:30:00+00:00,0.0,0.0,0.0,0.0,-45.30443810654572,2.3033240917705378
2026-03-19 04:35:00+00:00,0.0,0.0,0.0,0.0,-45.30443810654572,2.3033240917705378
2026-03-19 04:40:00+00:00,0.0,0.0,0.0,0.0,-45.30443810654572,2.3033240917705378
2026-03-19 04:45:00+00:00,0.0,0.0,0.0,0.0,-45.30443810654572,2.3033240917705378
2026-03-19 04:50:00+00:00,0.0,0.0,0.0,0.0,-45.30443810654572,2.3033240917705378
2026-03-19 04:55:00+00:00,0.0,0.0,0.0,0.0,-45.30443810654572,2.3033240917705378
2026-03-19 05:00:00+00:00,0.0,0.0,0.0,0.0,-45.30443810654572,2.3033240917705378
2026-03-19 05:05:00+00:00,0.0,0.0,0.0,0.0,-45.30443810654572,2.3033240917705378
2026-03-19 05:10:00+00:00,0.0,0.0,0.0,0.0,-45.30443810654572,2.3033240917705378
2026-03-19 05:15:00+00:00,0.0,0.0,0.0,0.0,-45.30443810654572,2.3033240917705378
2026-03-19 05:20:00+00:00,0.0,0.0,0.0,0.0,-45.30443810654572,2.3033240917705378
2026-03-19 05:25:00+00:00,0.0,0.0,0.0,0.0,-45.30443810654572,2.3033240917705378
2026-03-19 05:30:00+00:00,0.0,0.0,0.0,0.0,-45.30443810654572,2.3033240917705378
2026-03-19 05:35:00+00:00,0.0,0.0,0.0,0.0,-45.30443810654572,2.3033240917705378
2026-03-19 05:40:00+00:00,0.0,0.0,0.0,0.0,-45.30443810654572,2.3033240917705378
2026-03-19 05:45:00+00:00,0.0,0.0,0.0,0.0,-45.30443810654572,2.3033240917705378
2026-03-19 05:50:00+00:00,0.0,0.0,0.0,0.0,-45.30443810654572,2.3033240917705378
2026-03-19 05:55:00+00:00,0.0,0.0,0.0,0.0,-45.30443810654572,2.3033240917705378
2026-03-19 06:00:00+00:00,0.0,0.0,0.0,0.0,-45.30443810654572,2.3033240917705378
2026-03-19 06:05:00+00:00,0.0,0.0,0.0,0.0,-45.30443810654572,2.3033240917705378
2026-03-19 06:10:00+00:00,0.0,0.0,0.0,0.0,-45.30443810654572,2.3033240917705378
2026-03-19 06:15:00+00:00,0.0,0.0,0.0,0.0,-45.30443810654572,2.3033240917705378
2026-03-19 06:20:00+00:00,0.0,0.0,0.0,0.0,-45.30443810654572,2.3033240917705378
2026-03-19 06:25:00+00:00,0.0,0.0,0.0,0.0,-45.30443810654572,2.3033240917705378
2026-03-19 06:30:00+00:00,0.0,0.0,0.0,0.0,-45.30443810654572,2.3033240917705378
2026-03-19 06:35:00+00:00,0.0,0.0,0.0,0.0,-45.30443810654572,2.3033240917705378
2026-03-19 06:40:00+00:00,0.0,0.0,0.0,0.0,-45.30443810654572,2.3033240917705378
2026-03-19 06:45:00+00:00,0.0,0.0,0.0,0.0,-45.30443810654572,2.3033240917705378
2026-03-19 06:50:00+00:00,0.0,0.0,0.0,0.0,-45.30443810654572,2.3033240917705378
2026-03-19 06:55:00+00:00,0.0,0.0,0.0,0.0,-45.30443810654572,2.3033240917705378
2026-03-19 07:00:00+00:00,0.0,0.0,0.0,0.0,-45.30443810654572,2.3033240917705378
2026-03-19 07:05:00+00:00,0.0,0.0,0.0,0.0,-45.30443810654572,2.3033240917705378
2026-03-19 07:10:00+00:00,0.0,0.0,0.0,0.0,-45.30443810654572,2.3033240917705378
2026-03-19 07:15:00+00:00,0.0,0.0,0.0,0.0,-45.30443810654572,2.3033240917705378
2026-03-19 07:20:00+00:00,0.0,0.0,0.0,0.0,-45.30443810654572,2.3033240917705378
2026-03-19 07:25:00+00:00,0.0,0.0,0.0,0.0,-45.30443810654572,2.3033240917705378
2026-03-19 07:30:00+00:00,0.0,0.0,0.0,0.0,-45.30443810654572,2.3033240917705378
2026-03-19 07:35:00+00:00,0.0,0.0,0.0,0.0,-45.30443810654572,2.3033240917705378
2026-03-19 07:40:00+00:00,0.0,0.0,0.0,0.0,-45.30443810654572,2.3033240917705378
2026-03-19 07:45:00+00:00,0.0,0.0,0.0,0.0,-45.30443810654572,2.3033240917705378
2026-03-19 07:50:00+00:00,0.0,0.0,0.0,0.0,-45.30443810654572,2.3033240917705378
2026-03-19 07:55:00+00:00,0.0,0.0,0.0,0.0,-45.30443810654572,2.3033240917705378
2026-03-19 08:00:00+00:00,0.0,0.0,0.0,0.0,-45.30443810654572,2.3033240917705378
2026-03-19 08:05:00+00:00,0.0,0.0,0.0,0.0,-45.30443810654572,2.3033240917705378
2026-03-19 08:10:00+00:00,0.0,0.0,0.0,0.0,-45.30443810654572,2.3033240917705378
2026-03-19 08:15:00+00:00,0.0,0.0,0.0,0.0,-45.30443810654572,2.3033240917705378
2026-03-19 08:20:00+00:00,0.0,0.0,0.0,0.0,-45.30443810654572,2.3033240917705378
2026-03-19 08:25:00+00:00,0.0,0.0,0.0,0.0,-45.30443810654572,2.3033240917705378
2026-03-19 08:30:00+00:00,0.0,0.0,0.0,0.0,-45.30443810654572,2.3033240917705378
2026-03-19 08:35:00+00:00,0.0,0.0,0.0,0.0,-45.30443810654572,2.3033240917705378
2026-03-19 08:40:00+00:00,0.0,0.0,0.0,0.0,-45.30443810654572,2.3033240917705378
2026-03-19 08:45:00+00:00,0.0,0.0,0.0,0.0,-45.30443810654572,2.3033240917705378
2026-03-19 08:50:00+00:00,0.0,0.0,0.0,0.0,-45.30443810654572,2.3033240917705378
2026-03-19 08:55:00+00:00,0.0,0.0,0.0,0.0,-45.30443810654572,2.3033240917705378
2026-03-19 09:00:00+00:00,0.0,0.0,0.0,0.0,-45.30443810654572,2.3033240917705378
2026-03-19 09:05:00+00:00,0.0,0.0,0.0,0.0,-45.30443810654572,2.3033240917705378
2026-03-19 09:10:00+00:00,0.0,0.0,0.0,0.0,-45.30443810654572,2.3033240917705378
2026-03-19 09:15:00+00:00,0.0,0.0,0.0,0.0,-45.30443810654572,2.3033240917705378
2026-03-19 09:20:00+00:00,0.0,0.0,0.0,0.0,-45.30443810654572,2.3033240917705378
2026-03-19 09:25:00+00:00,0.0,0.0,0.0,0.0,-45.30443810654572,2.3033240917705378
2026-03-19 09:30:00+00:00,0.0,0.0,0.0,0.0,-45.30443810654572,2.3033240917705378
2026-03-19 09:35:00+00:00,0.0,0.0,0.0,0.0,-45.30443810654572,2.3033240917705378
2026-03-19 09:40:00+00:00,0.0,0.0,0.0,0.0,-45.30443810654572,2.3033240917705378
2026-03-19 09:45:00+00:00,0.0,0.0,0.0,0.0,-45.30443810654572,2.3033240917705378
2026-03-19 09:50:00+00:00,0.0,0.0,0.0,0.0,-45.30443810654572,2.3033240917705378
2026-03-19 09:55:00+00:00,0.0,0.0,0.0,0.0,-45.30443810654572,2.3033240917705378
2026-03-19 10:00:00+00:00,0.0,0.0,0.0,0.0,-45.30443810654572,2.3033240917705378
2026-03-19 10:05:00+00:00,0.0,0.0,0.0,0.0,-45.30443810654572,2.3033240917705378
2026-03-19 10:10:00+00:00,0.0,0.0,0.0,0.0,-45.30443810654572,2.3033240917705378
2026-03-19 10:15:00+00:00,0.0,0.0,0.0,0.0,-45.30443810654572,2.3033240917705378
2026-03-19 10:20:00+00:00,0.0,0.0,0.0,0.0,-45.30443810654572,2.3033240917705378
2026-03-19 10:25:00+00:00,0.0,0.0,0.0,0.0,-45.30443810654572,2.3033240917705378
2026-03-19 10:30:00+00:00,0.0,0.0,0.0,0.0,-45.30443810654572,2.3033240917705378
2026-03-19 10:35:00+00:00,0.0,0.0,0.0,0.0,-45.30443810654572,2.3033240917705378
2026-03-19 10:40:00+00:00,0.0,0.0,0.0,0.0,-45.30443810654572,2.3033240917705378
2026-03-19 10:45:00+00:00,0.0,0.0,0.0,0.0,-45.30443810654572,2.3033240917705378
2026-03-19 10:50:00+00:00,0.0,0.0,0.0,0.0,-45.30443810654572,2.3033240917705378
2026-03-19 10:55:00+00:00,0.0,0.0,0.0,0.0,-45.30443810654572,2.3033240917705378
2026-03-19 11:00:00+00:00,0.0,0.0,0.0,0.0,-45.30443810654572,2.3033240917705378
2026-03-19 11:05:00+00:00,0.0,0.0,0.0,0.0,-45.30443810654572,2.3033240917705378
2026-03-19 11:10:00+00:00,0.0,0.0,0.0,0.0,-45.30443810654572,2.3033240917705378
2026-03-19 11:15:00+00:00,0.0,0.0,0.0,0.0,-45.30443810654572,2.3033240917705378
2026-03-19 11:20:00+00:00,0.0,0.0,0.0,0.0,-45.30443810654572,2.3033240917705378
2026-03-19 11:25:00+00:00,0.0,0.0,0.0,0.0,-45.30443810654572,2.3033240917705378
2026-03-19 11:30:00+00:00,0.0,0.0,0.0,0.0,-45.30443810654572,2.3033240917705378
2026-03-19 11:35:00+00:00,0.0,0.0,0.0,0.0,-45.30443810654572,2.3033240917705378
2026-03-19 11:40:00+00:00,0.0,0.0,0.0,0.0,-45.30443810654572,2.3033240917705378
2026-03-19 11:45:00+00:00,0.0,0.0,0.0,0.0,-45.30443810654572,2.3033240917705378
2026-03-19 11:50:00+00:00,0.0,0.0,0.0,0.0,-45.30443810654572,2.3033240917705378
2026-03-19 11:55:00+00:00,0.0,0.0,0.0,0.0,-45.30443810654572,2.3033240917705378
2026-03-19 12:00:00+00:00,0.0,0.0,0.0,0.0,-45.30443810654572,2.3033240917705378
2026-03-19 12:05:00+00:00,0.0,0.0,0.0,0.0,-45.30443810654572,2.3033240917705378
2026-03-19 12:10:00+00:00,0.0,0.0,0.0,0.0,-45.30443810654572,2.3033240917705378
2026-03-19 12:15:00+00:00,0.0,0.0,0.0,0.0,-45.30443810654572,2.3033240917705378
2026-03-19 12:20:00+00:00,0.0,0.0,0.0,0.0,-45.30443810654572,2.3033240917705378
2026-03-19 12:25:00+00:00,0.0,0.0,0.0,0.0,-45.30443810654572,2.3033240917705378
2026-03-19 12:30:00+00:00,0.0,0.0,0.0,0.0,-45.30443810654572,2.3033240917705378
2026-03-19 12:35:00+00:00,0.0,0.0,0.0,0.0,-45.30443810654572,2.3033240917705378
2026-03-19 12:40:00+00:00,0.0,0.0,0.0,0.0,-45.30443810654572,2.3033240917705378
2026-03-19 12:45:00+00:00,0.0,0.0,0.0,0.0,-45.30443810654572,2.3033240917705378
2026-03-19 12:50:00+00:00,0.0,0.0,0.0,0.0,-45.30443810654572,2.3033240917705378
2026-03-19 12:55:00+00:00,0.0,0.0,0.0,0.0,-45.30443810654572,2.3033240917705378
2026-03-19 13:00:00+00:00,0.0,0.0,0.0,0.0,-45.30443810654572,2.3033240917705378
2026-03-19 13:05:00+00:00,0.0,0.0,0.0,0.0,-45.30443810654572,2.3033240917705378
2026-03-19 13:10:00+00:00,0.0,0.0,0.0,0.0,-45.30443810654572,2.3033240917705378
2026-03-19 13:15:00+00:00,0.0,0.0,0.0,0.0,-45.30443810654572,2.3033240917705378
2026-03-19 13:20:00+00:00,0.0,0.0,0.0,0.0,-45.30443810654572,2.3033240917705378
2026-03-19 13:25:00+00:00,0.0,0.0,0.0,0.0,-45.30443810654572,2.3033240917705378
2026-03-19 13:30:00+00:00,0.0,0.0,0.0,0.0,-45.30443810654572,2.3033240917705378
2026-03-19 13:35:00+00:00,0.0,0.0,0.0,0.0,-45.30443810654572,2.3033240917705378
2026-03-19 13:40:00+00:00,0.0,0.0,0.0,0.0,-45.30443810654572,2.3033240917705378
2026-03-19 13:45:00+00:00,0.0,0.0,0.0,0.0,-45.30443810654572,2.3033240917705378
2026-03-19 13:50:00+00:00,0.0,0.0,0.0,0.0,-45.30443810654572,2.3033240917705378
2026-03-19 13:55:00+00:00,0.0,0.0,0.0,0.0,-45.30443810654572,2.3033240917705378
2026-03-19 14:00:00+00:00,0.0,0.0,0.0,0.0,-45.30443810654572,2.3033240917705378
2026-03-19 14:05:00+00:00,0.0,0.0,0.0,0.0,-45.30443810654572,2.3033240917705378
2026-03-19 14:10:00+00:00,0.0,0.0,0.0,0.0,-45.30443810654572,2.3033240917705378
2026-03-19 14:15:00+00:00,0.0,0.0,0.0,0.0,-45.30443810654572,2.3033240917705378
2026-03-19 14:20:00+00:00,0.0,0.0,0.0,0.0,-45.30443810654572,2.3033240917705378
2026-03-19 14:25:00+00:00,0.0,0.0,0.0,0.0,-45.30443810654572,2.3033240917705378
2026-03-19 14:30:00+00:00,0.0,0.0,0.0,0.0,-45.30443810654572,2.3033240917705378
2026-03-19 14:35:00+00:00,0.0,0.0,0.0,0.0,-45.30443810654572,2.3033240917705378
2026-03-19 14:40:00+00:00,0.0,0.0,0.0,0.0,-45.30443810654572,2.3033240917705378
2026-03-19 14:45:00+00:00,0.0,0.0,0.0,0.0,-45.30443810654572,2.3033240917705378
2026-03-19 14:50:00+00:00,0.0,0.0,0.0,0.0,-45.30443810654572,2.3033240917705378
2026-03-19 14:55:00+00:00,0.0,0.0,0.0,0.0,-45.30443810654572,2.3033240917705378
2026-03-19 15:00:00+00:00,0.0,0.0,0.0,0.0,-45.30443810654572,2.3033240917705378
2026-03-19 15:05:00+00:00,0.0,0.0,0.0,0.0,-45.30443810654572,2.3033240917705378
2026-03-19 15:10:00+00:00,0.0,0.0,0.0,0.0,-45.30443810654572,2.3033240917705378
2026-03-19 15:15:00+00:00,0.0,0.0,0.0,0.0,-45.30443810654572,2.3033240917705378
2026-03-19 15:20:00+00:00,0.0,0.0,0.0,0.0,-45.30443810654572,2.3033240917705378
2026-03-19 15:25:00+00:00,0.0,0.0,0.0,0.0,-45.30443810654572,2.3033240917705378
2026-03-19 15:30:00+00:00,0.0,0.0,0.0,0.0,-45.30443810654572,2.3033240917705378
2026-03-19 15:35:00+00:00,0.0,0.0,0.0,0.0,-45.30443810654572,2.3033240917705378
2026-03-19 15:40:00+00:00,0.0,0.0,0.0,0.0,-45.30443810654572,2.3033240917705378
2026-03-19 15:45:00+00:00,0.0,0.0,0.0,0.0,-45.30443810654572,2.3033240917705378
2026-03-19 15:50:00+00:00,0.0,0.0,0.0,0.0,-45.30443810654572,2.3033240917705378
2026-03-19 15:55:00+00:00,0.0,0.0,0.0,0.0,-45.30443810654572,2.3033240917705378
2026-03-19 16:00:00+00:00,0.0,0.0,0.0,0.0,-45.30443810654572,2.3033240917705378
2026-03-19 16:05:00+00:00,0.0,0.0,0.0,0.0,-45.30443810654572,2.3033240917705378
2026-03-19 16:10:00+00:00,0.0,0.0,0.0,0.0,-45.30443810654572,2.3033240917705378
2026-03-19 16:15:00+00:00,0.0,0.0,0.0,0.0,-45.30443810654572,2.3033240917705378
2026-03-19 16:20:00+00:00,0.0,0.0,0.0,0.0,-45.30443810654572,2.3033240917705378
2026-03-19 16:25:00+00:00,0.0,0.0,0.0,0.0,-45.30443810654572,2.3033240917705378
2026-03-19 16:30:00+00:00,0.0,0.0,0.0,0.0,-45.30443810654572,2.3033240917705378
2026-03-19 16:35:00+00:00,0.0,0.0,0.0,0.0,-45.30443810654572,2.3033240917705378
2026-03-19 16:40:00+00:00,0.0,0.0,0.0,0.0,-45.30443810654572,2.3033240917705378
2026-03-19 16:45:00+00:00,0.0,0.0,0.0,0.0,-45.30443810654572,2.3033240917705378
2026-03-19 16:50:00+00:00,0.0,0.0,0.0,0.0,-45.30443810654572,2.3033240917705378
2026-03-19 16:55:00+00:00,0.0,0.0,0.0,0.0,-45.30443810654572,2.3033240917705378
2026-03-19 17:00:00+00:00,0.0,0.0,0.0,0.0,-45.30443810654572,2.3033240917705378
2026-03-19 17:05:00+00:00,0.0,0.0,0.0,0.0,-45.30443810654572,2.3033240917705378
2026-03-19 17:10:00+00:00,0.0,0.0,0.0,0.0,-45.30443810654572,2.3033240917705378
2026-03-19 17:15:00+00:00,0.0,0.0,0.0,0.0,-45.30443810654572,2.3033240917705378
2026-03-19 17:20:00+00:00,0.0,0.0,0.0,0.0,-45.30443810654572,2.3033240917705378
2026-03-19 17:25:00+00:00,0.0,0.0,0.0,0.0,-45.30443810654572,2.3033240917705378
2026-03-19 17:30:00+00:00,0.0,0.0,0.0,0.0,-45.30443810654572,2.3033240917705378
2026-03-19 17:35:00+00:00,0.0,0.0,0.0,0.0,-45.30443810654572,2.3033240917705378
2026-03-19 17:40:00+00:00,0.0,0.0,0.0,0.0,-45.30443810654572,2.3033240917705378
2026-03-19 17:45:00+00:00,0.0,0.0,0.0,0.0,-45.30443810654572,2.3033240917705378
2026-03-19 17:50:00+00:00,0.0,0.0,0.0,0.0,-45.30443810654572,2.3033240917705378
2026-03-19 17:55:00+00:00,0.0,0.0,0.0,0.0,-45.30443810654572,2.3033240917705378
2026-03-19 18:00:00+00:00,0.0,0.0,0.0,0.0,-45.30443810654572,2.3033240917705378
2026-03-19 18:05:00+00:00,0.0,0.0,0.0,0.0,-45.30443810654572,2.3033240917705378
2026-03-19 18:10:00+00:00,0.0,0.0,0.0,0.0,-45.30443810654572,2.3033240917705378
2026-03-19 18:15:00+00:00,0.0,0.0,0.0,0.0,-45.30443810654572,2.3033240917705378
2026-03-19 18:20:00+00:00,0.0,0.0,0.0,0.0,-45.30443810654572,2.3033240917705378
2026-03-19 18:25:00+00:00,0.0,0.0,0.0,0.0,-45.30443810654572,2.3033240917705378
2026-03-19 18:30:00+00:00,0.0,0.0,0.0,0.0,-45.30443810654572,2.3033240917705378
2026-03-19 18:35:00+00:00,0.0,0.0,0.0,0.0,-45.30443810654572,2.3033240917705378
2026-03-19 18:40:00+00:00,0.0,0.0,0.0,0.0,-45.30443810654572,2.3033240917705378
2026-03-19 18:45:00+00:00,0.0,0.0,0.0,0.0,-45.30443810654572,2.3033240917705378
2026-03-19 18:50:00+00:00,0.0,0.0,0.0,0.0,-45.30443810654572,2.3033240917705378
2026-03-19 18:55:00+00:00,0.0,0.0,0.0,0.0,-45.30443810654572,2.3033240917705378
2026-03-19 19:00:00+00:00,0.0,0.0,0.0,0.0,-45.30443810654572,2.3033240917705378
2026-03-19 19:05:00+00:00,0.0,0.0,0.0,0.0,-45.30443810654572,2.3033240917705378
2026-03-19 19:10:00+00:00,0.0,0.0,0.0,0.0,-45.30443810654572,2.3033240917705378
2026-03-19 19:15:00+00:00,0.0,0.0,0.0,0.0,-45.30443810654572,2.3033240917705378
2026-03-19 19:20:00+00:00,0.0,0.0,0.0,0.0,-45.30443810654572,2.3033240917705378
2026-03-19 19:25:00+00:00,0.0,0.0,0.0,0.0,-45.30443810654572,2.3033240917705378
2026-03-19 19:30:00+00:00,0.0,0.0,0.0,0.0,-45.30443810654572,2.3033240917705378
2026-03-19 19:35:00+00:00,0.0,0.0,0.0,0.0,-45.30443810654572,2.3033240917705378
2026-03-19 19:40:00+00:00,0.0,0.0,0.0,0.0,-45.30443810654572,2.3033240917705378
2026-03-19 19:45:00+00:00,0.0,0.0,0.0,0.0,-45.30443810654572,2.3033240917705378
2026-03-19 19:50:00+00:00,0.0,0.0,0.0,0.0,-45.30443810654572,2.3033240917705378
2026-03-19 19:55:00+00:00,0.0,0.0,0.0,0.0,-45.30443810654572,2.3033240917705378
2026-03-19 20:00:00+00:00,0.0,0.0,0.0,0.0,-45.30443810654572,2.3033240917705378
2026-03-19 20:05:00+00:00,0.0,0.0,0.0,0.0,-45.30443810654572,2.3033240917705378
2026-03-19 20:10:00+00:00,0.0,0.0,0.0,0.0,-45.30443810654572,2.3033240917705378
2026-03-19 20:15:00+00:00,0.0,0.0,0.0,0.0,-45.30443810654572,2.3033240917705378
2026-03-19 20:20:00+00:00,0.0,0.0,0.0,0.0,-45.30443810654572,2.3033240917705378
2026-03-19 20:25:00+00:00,0.0,0.0,0.0,0.0,-45.30443810654572,2.3033240917705378
2026-03-19 20:30:00+00:00,0.0,0.0,0.0,0.0,-45.30443810654572,2.3033240917705378
2026-03-19 20:35:00+00:00,0.0,0.0,0.0,0.0,-45.30443810654572,2.3033240917705378
2026-03-19 20:40:00+00:00,0.0,0.0,0.0,0.0,-45.30443810654572,2.3033240917705378
2026-03-19 20:45:00+00:00,0.0,0.0,0.0,0.0,-45.30443810654572,2.3033240917705378
2026-03-19 20:50:00+00:00,0.0,0.0,0.0,0.0,-45.30443810654572,2.3033240917705378
2026-03-19 20:55:00+00:00,0.0,0.0,0.0,0.0,-45.30443810654572,2.3033240917705378
2026-03-19 21:00:00+00:00,0.0,0.0,0.0,0.0,-45.30443810654572,2.3033240917705378
2026-03-19 21:05:00+00:00,0.0,0.0,0.0,0.0,-45.30443810654572,2.3033240917705378
2026-03-19 21:10:00+00:00,0.0,0.0,0.0,0.0,-45.30443810654572,2.3033240917705378
2026-03-19 21:15:00+00:00,0.0,0.0,0.0,0.0,-45.30443810654572,2.3033240917705378
2026-03-19 21:20:00+00:00,0.0,0.0,0.0,0.0,-45.30443810654572,2.3033240917705378
2026-03-19 21:25:00+00:00,0.0,0.0,0.0,0.0,-45.30443810654572,2.3033240917705378
2026-03-19 21:30:00+00:00,0.0,0.0,0.0,0.0,-45.30443810654572,2.3033240917705378
2026-03-19 21:35:00+00:00,0.0,0.0,0.0,0.0,-45.30443810654572,2.3033240917705378
2026-03-19 21:40:00+00:00,0.0,0.0,0.0,0.0,-45.30443810654572,2.3033240917705378
2026-03-19 21:45:00+00:00,0.0,0.0,0.0,0.0,-45.30443810654572,2.3033240917705378
2026-03-19 21:50:00+00:00,0.0,0.0,0.0,0.0,-45.30443810654572,2.3033240917705378
2026-03-19 21:55:00+00:00,0.0,0.0,0.0,0.0,-45.30443810654572,2.3033240917705378
2026-03-19 22:00:00+00:00,0.0,0.0,0.0,0.0,-45.30443810654572,2.3033240917705378
2026-03-19 22:05:00+00:00,0.0,0.0,0.0,0.0,-45.30443810654572,2.3033240917705378
2026-03-19 22:10:00+00:00,0.0,0.0,0.0,0.0,-45.30443810654572,2.3033240917705378
2026-03-19 22:15:00+00:00,0.0,0.0,0.0,0.0,-45.30443810654572,2.3033240917705378
2026-03-19 22:20:00+00:00,0.0,0.0,0.0,0.0,-45.30443810654572,2.3033240917705378
2026-03-19 22:25:00+00:00,0.0,0.0,0.0,0.0,-45.30443810654572,2.3033240917705378
2026-03-19 22:30:00+00:00,0.0,0.0,0.0,0.0,-45.30443810654572,2.3033240917705378
2026-03-19 22:35:00+00:00,0.0,0.0,0.0,0.0,-45.30443810654572,2.3033240917705378
2026-03-19 22:40:00+00:00,0.0,0.0,0.0,0.0,-45.30443810654572,2.3033240917705378
2026-03-19 22:45:00+00:00,0.0,0.0,0.0,0.0,-45.30443810654572,2.3033240917705378
2026-03-19 22:50:00+00:00,0.0,0.0,0.0,0.0,-45.30443810654572,2.3033240917705378
2026-03-19 22:55:00+00:00,0.0,0.0,0.0,0.0,-45.30443810654572,2.3033240917705378
2026-03-19 23:00:00+00:00,0.0,0.0,0.0,0.0,-45.30443810654572,2.3033240917705378
2026-03-19 23:05:00+00:00,0.0,0.0,0.0,0.0,-45.30443810654572,2.3033240917705378
2026-03-19 23:10:00+00:00,0.0,0.0,0.0,0.0,-45.30443810654572,2.3033240917705378
2026-03-19 23:15:00+00:00,0.0,0.0,0.0,0.0,-45.30443810654572,2.3033240917705378
2026-03-19 23:20:00+00:00,0.0,0.0,0.0,0.0,-45.30443810654572,2.3033240917705378
2026-03-19 23:25:00+00:00,0.0,0.0,0.0,0.0,-45.30443810654572,2.3033240917705378
2026-03-19 23:30:00+00:00,0.0,0.0,0.0,0.0,-45.30443810654572,2.3033240917705378
2026-03-19 23:35:00+00:00,0.0,0.0,0.0,0.0,-45.30443810654572,2.3033240917705378
2026-03-19 23:40:00+00:00,0.0,0.0,0.0,0.0,-45.30443810654572,2.3033240917705378
2026-03-19 23:45:00+00:00,0.0,0.0,0.0,0.0,-45.30443810654572,2.3033240917705378
2026-03-19 23:50:00+00:00,0.0,0.0,0.0,0.0,-45.30443810654572,2.3033240917705378
2026-03-19 23:55:00+00:00,0.0,0.0,0.0,0.0,-45.30443810654572,2.3033240917705378
2026-03-20 00:00:00+00:00,0.0,0.0,0.0,0.0,-45.30443810654572,2.3033240917705378
2026-03-20 00:05:00+00:00,0.0,0.0,0.0,0.0,-45.30443810654572,2.3033240917705378
2026-03-20 00:10:00+00:00,0.0,0.0,0.0,0.0,-45.30443810654572,2.3033240917705378
2026-03-20 00:15:00+00:00,0.0,0.0,0.0,0.0,-45.30443810654572,2.3033240917705378
2026-03-20 00:20:00+00:00,0.0,0.0,0.0,0.0,-45.30443810654572,2.3033240917705378
2026-03-20 00:25:00+00:00,0.0,0.0,0.0,0.0,-45.30443810654572,2.3033240917705378
2026-03-20 00:30:00+00:00,0.0,0.0,0.0,0.0,-45.30443810654572,2.3033240917705378
2026-03-20 00:35:00+00:00,0.0,0.0,0.0,0.0,-45.30443810654572,2.3033240917705378
2026-03-20 00:40:00+00:00,0.0,0.0,0.0,0.0,-45.30443810654572,2.3033240917705378
2026-03-20 00:45:00+00:00,0.0,0.0,0.0,0.0,-45.30443810654572,2.3033240917705378
2026-03-20 00:50:00+00:00,0.0,0.0,0.0,0.0,-45.30443810654572,2.3033240917705378
2026-03-20 00:55:00+00:00,0.0,0.0,0.0,0.0,-45.30443810654572,2.3033240917705378
2026-03-20 01:00:00+00:00,0.0,0.0,0.0,0.0,-45.30443810654572,2.3033240917705378
2026-03-20 01:05:00+00:00,0.0,0.0,0.0,0.0,-45.30443810654572,2.3033240917705378
2026-03-20 01:10:00+00:00,0.0,0.0,0.0,0.0,-45.30443810654572,2.3033240917705378
2026-03-20 01:15:00+00:00,0.0,0.0,0.0,0.0,-45.30443810654572,2.3033240917705378
2026-03-20 01:20:00+00:00,0.0,0.0,0.0,0.0,-45.30443810654572,2.3033240917705378
2026-03-20 01:25:00+00:00,0.0,0.0,0.0,0.0,-45.30443810654572,2.3033240917705378
2026-03-20 01:30:00+00:00,0.0,0.0,0.0,0.0,-45.30443810654572,2.3033240917705378
2026-03-20 01:35:00+00:00,0.0,0.0,0.0,0.0,-45.30443810654572,2.3033240917705378
2026-03-20 01:40:00+00:00,0.0,0.0,0.0,0.0,-45.30443810654572,2.3033240917705378
2026-03-20 01:45:00+00:00,0.0,0.0,0.0,0.0,-45.30443810654572,2.3033240917705378
2026-03-20 01:50:00+00:00,0.0,0.0,0.0,0.0,-45.30443810654572,2.3033240917705378
2026-03-20 01:55:00+00:00,0.0,0.0,0.0,0.0,-45.30443810654572,2.3033240917705378
2026-03-20 02:00:00+00:00,0.0,0.0,0.0,0.0,-45.30443810654572,2.3033240917705378
2026-03-20 02:05:00+00:00,0.0,0.0,0.0,0.0,-45.30443810654572,2.3033240917705378
2026-03-20 02:10:00+00:00,0.0,0.0,0.0,0.0,-45.30443810654572,2.3033240917705378
2026-03-20 02:15:00+00:00,0.0,0.0,0.0,0.0,-45.30443810654572,2.3033240917705378
2026-03-20 02:20:00+00:00,0.0,0.0,0.0,0.0,-45.30443810654572,2.3033240917705378
2026-03-20 02:25:00+00:00,0.0,0.0,0.0,0.0,-45.30443810654572,2.3033240917705378
2026-03-20 02:30:00+00:00,0.0,0.0,0.0,0.0,-45.30443810654572,2.3033240917705378
2026-03-20 02:35:00+00:00,0.0,0.0,0.0,0.0,-45.30443810654572,2.3033240917705378
2026-03-20 02:40:00+00:00,0.0,0.0,0.0,0.0,-45.30443810654572,2.3033240917705378
2026-03-20 02:45:00+00:00,0.0,0.0,0.0,0.0,-45.30443810654572,2.3033240917705378
2026-03-20 02:50:00+00:00,0.0,0.0,0.0,0.0,-45.30443810654572,2.3033240917705378
2026-03-20 02:55:00+00:00,0.0,0.0,0.0,0.0,-45.30443810654572,2.3033240917705378
2026-03-20 03:00:00+00:00,0.0,0.0,0.0,0.0,-45.30443810654572,2.3033240917705378
2026-03-20 03:05:00+00:00,0.0,0.0,0.0,0.0,-45.30443810654572,2.3033240917705378
2026-03-20 03:10:00+00:00,0.0,0.0,0.0,0.0,-45.30443810654572,2.3033240917705378
2026-03-20 03:15:00+00:00,0.0,0.0,0.0,0.0,-45.30443810654572,2.3033240917705378
2026-03-20 03:20:00+00:00,0.0,0.0,0.0,0.0,-45.30443810654572,2.3033240917705378
2026-03-20 03:25:00+00:00,0.0,0.0,0.0,0.0,-45.30443810654572,2.3033240917705378
2026-03-20 03:30:00+00:00,0.0,0.0,0.0,0.0,-45.30443810654572,2.3033240917705378
2026-03-20 03:35:00+00:00,0.0,0.0,0.0,0.0,-45.30443810654572,2.3033240917705378
2026-03-20 03:40:00+00:00,0.0,0.0,0.0,0.0,-45.30443810654572,2.3033240917705378
2026-03-20 03:45:00+00:00,0.0,0.0,0.0,0.0,-45.30443810654572,2.3033240917705378
2026-03-20 03:50:00+00:00,0.0,0.0,0.0,0.0,-45.30443810654572,2.3033240917705378
2026-03-20 03:55:00+00:00,0.0,0.0,0.0,0.0,-45.30443810654572,2.3033240917705378
2026-03-20 04:00:00+00:00,0.0,0.0,0.0,0.0,-45.30443810654572,2.3033240917705378
2026-03-20 04:05:00+00:00,0.0,0.0,0.0,0.0,-45.30443810654572,2.3033240917705378
2026-03-20 04:10:00+00:00,0.0,0.0,0.0,0.0,-45.30443810654572,2.3033240917705378
2026-03-20 04:15:00+00:00,0.0,0.0,0.0,0.0,-45.30443810654572,2.3033240917705378
2026-03-20 04:20:00+00:00,0.0,0.0,0.0,0.0,-45.30443810654572,2.3033240917705378
2026-03-20 04:25:00+00:00,0.0,0.0,0.0,0.0,-45.30443810654572,2.3033240917705378
2026-03-20 04:30:00+00:00,0.0,0.0,0.0,0.0,-45.30443810654572,2.3033240917705378
2026-03-20 04:35:00+00:00,0.0,0.0,0.0,0.0,-45.30443810654572,2.3033240917705378
2026-03-20 04:40:00+00:00,0.0,0.0,0.0,0.0,-45.30443810654572,2.3033240917705378
2026-03-20 04:45:00+00:00,0.0,0.0,0.0,0.0,-45.30443810654572,2.3033240917705378
2026-03-20 04:50:00+00:00,0.0,0.0,0.0,0.0,-45.30443810654572,2.3033240917705378
2026-03-20 04:55:00+00:00,0.0,0.0,0.0,0.0,-45.30443810654572,2.3033240917705378
2026-03-20 05:00:00+00:00,0.0,0.0,0.0,0.0,-45.30443810654572,2.3033240917705378
2026-03-20 05:05:00+00:00,0.0,0.0,0.0,0.0,-45.30443810654572,2.3033240917705378
2026-03-20 05:10:00+00:00,0.0,0.0,0.0,0.0,-45.30443810654572,2.3033240917705378
2026-03-20 05:15:00+00:00,0.0,0.0,0.0,0.0,-45.30443810654572,2.3033240917705378
2026-03-20 05:20:00+00:00,0.0,0.0,0.0,0.0,-45.30443810654572,2.3033240917705378
2026-03-20 05:25:00+00:00,0.0,0.0,0.0,0.0,-45.30443810654572,2.3033240917705378
2026-03-20 05:30:00+00:00,0.0,0.0,0.0,0.0,-45.30443810654572,2.3033240917705378
2026-03-20 05:35:00+00:00,0.0,0.0,0.0,0.0,-45.30443810654572,2.3033240917705378
2026-03-20 05:40:00+00:00,0.0,0.0,0.0,0.0,-45.30443810654572,2.3033240917705378
2026-03-20 05:45:00+00:00,0.0,0.0,0.0,0.0,-45.30443810654572,2.3033240917705378
2026-03-20 05:50:00+00:00,0.0,0.0,0.0,0.0,-45.30443810654572,2.3033240917705378
2026-03-20 05:55:00+00:00,0.0,0.0,0.0,0.0,-45.30443810654572,2.3033240917705378
2026-03-20 06:00:00+00:00,0.0,0.0,0.0,0.0,-45.30443810654572,2.3033240917705378
2026-03-20 06:05:00+00:00,0.0,0.0,0.0,0.0,-45.30443810654572,2.3033240917705378
2026-03-20 06:10:00+00:00,0.0,0.0,0.0,0.0,-45.30443810654572,2.3033240917705378
2026-03-20 06:15:00+00:00,0.0,0.0,0.0,0.0,-45.30443810654572,2.3033240917705378
2026-03-20 06:20:00+00:00,0.0,0.0,0.0,0.0,-45.30443810654572,2.3033240917705378
2026-03-20 06:25:00+00:00,0.0,0.0,0.0,0.0,-45.30443810654572,2.3033240917705378
2026-03-20 06:30:00+00:00,0.0,0.0,0.0,0.0,-45.30443810654572,2.3033240917705378
2026-03-20 06:35:00+00:00,0.0,0.0,0.0,0.0,-45.30443810654572,2.3033240917705378
2026-03-20 06:40:00+00:00,0.0,0.0,0.0,0.0,-45.30443810654572,2.3033240917705378
2026-03-20 06:45:00+00:00,0.0,0.0,0.0,0.0,-45.30443810654572,2.3033240917705378
2026-03-20 06:50:00+00:00,0.0,0.0,0.0,0.0,-45.30443810654572,2.3033240917705378
2026-03-20 06:55:00+00:00,0.0,0.0,0.0,0.0,-45.30443810654572,2.3033240917705378
2026-03-20 07:00:00+00:00,0.0,0.0,0.0,0.0,-45.30443810654572,2.3033240917705378
2026-03-20 07:05:00+00:00,0.0,0.0,0.0,0.0,-45.30443810654572,2.3033240917705378
2026-03-20 07:10:00+00:00,0.0,0.0,0.0,0.0,-45.30443810654572,2.3033240917705378
2026-03-20 07:15:00+00:00,0.0,0.0,0.0,0.0,-45.30443810654572,2.3033240917705378
2026-03-20 07:20:00+00:00,0.0,0.0,0.0,0.0,-45.30443810654572,2.3033240917705378
2026-03-20 07:25:00+00:00,0.0,0.0,0.0,0.0,-45.30443810654572,2.3033240917705378
2026-03-20 07:30:00+00:00,0.0,0.0,0.0,0.0,-45.30443810654572,2.3033240917705378
2026-03-20 07:35:00+00:00,0.0,0.0,0.0,0.0,-45.30443810654572,2.3033240917705378
2026-03-20 07:40:00+00:00,0.0,0.0,0.0,0.0,-45.30443810654572,2.3033240917705378
2026-03-20 07:45:00+00:00,0.0,0.0,0.0,0.0,-45.30443810654572,2.3033240917705378
2026-03-20 07:50:00+00:00,0.0,0.0,0.0,0.0,-45.30443810654572,2.3033240917705378
2026-03-20 07:55:00+00:00,0.0,0.0,0.0,0.0,-45.30443810654572,2.3033240917705378
2026-03-20 08:00:00+00:00,0.0,0.0,0.0,0.0,-45.30443810654572,2.3033240917705378
2026-03-20 08:05:00+00:00,0.0,0.0,0.0,0.0,-45.30443810654572,2.3033240917705378
2026-03-20 08:10:00+00:00,0.0,0.0,0.0,0.0,-45.30443810654572,2.3033240917705378
2026-03-20 08:15:00+00:00,0.0,0.0,0.0,0.0,-45.30443810654572,2.3033240917705378
2026-03-20 08:20:00+00:00,0.0,0.0,0.0,0.0,-45.30443810654572,2.3033240917705378
2026-03-20 08:25:00+00:00,0.0,0.0,0.0,0.0,-45.30443810654572,2.3033240917705378
2026-03-20 08:30:00+00:00,0.0,0.0,0.0,0.0,-45.30443810654572,2.3033240917705378
2026-03-20 08:35:00+00:00,0.0,0.0,0.0,0.0,-45.30443810654572,2.3033240917705378
2026-03-20 08:40:00+00:00,0.0,0.0,0.0,0.0,-45.30443810654572,2.3033240917705378
2026-03-20 08:45:00+00:00,0.0,0.0,0.0,0.0,-45.30443810654572,2.3033240917705378
2026-03-20 08:50:00+00:00,0.0,0.0,0.0,0.0,-45.30443810654572,2.3033240917705378
2026-03-20 08:55:00+00:00,0.0,0.0,0.0,0.0,-45.30443810654572,2.3033240917705378
2026-03-20 09:00:00+00:00,0.0,0.0,0.0,0.0,-45.30443810654572,2.3033240917705378
2026-03-20 09:05:00+00:00,0.0,0.0,0.0,0.0,-45.30443810654572,2.3033240917705378
2026-03-20 09:10:00+00:00,0.0,0.0,0.0,0.0,-45.30443810654572,2.3033240917705378
2026-03-20 09:15:00+00:00,0.0,0.0,0.0,0.0,-45.30443810654572,2.3033240917705378
2026-03-20 09:20:00+00:00,0.0,0.0,0.0,0.0,-45.30443810654572,2.3033240917705378
2026-03-20 09:25:00+00:00,0.0,0.0,0.0,0.0,-45.30443810654572,2.3033240917705378
2026-03-20 09:30:00+00:00,0.0,0.0,0.0,0.0,-45.30443810654572,2.3033240917705378
2026-03-20 09:35:00+00:00,0.0,0.0,0.0,0.0,-45.30443810654572,2.3033240917705378
2026-03-20 09:40:00+00:00,0.0,0.0,0.0,0.0,-45.30443810654572,2.3033240917705378
2026-03-20 09:45:00+00:00,0.0,0.0,0.0,0.0,-45.30443810654572,2.3033240917705378
2026-03-20 09:50:00+00:00,0.0,0.0,0.0,0.0,-45.30443810654572,2.3033240917705378
2026-03-20 09:55:00+00:00,0.0,0.0,0.0,0.0,-45.30443810654572,2.3033240917705378
2026-03-20 10:00:00+00:00,0.0,0.0,0.0,0.0,-45.30443810654572,2.3033240917705378
2026-03-20 10:05:00+00:00,0.0,0.0,0.0,0.0,-45.30443810654572,2.3033240917705378
2026-03-20 10:10:00+00:00,0.0,0.0,0.0,0.0,-45.30443810654572,2.3033240917705378
2026-03-20 10:15:00+00:00,0.0,0.0,0.0,0.0,-45.30443810654572,2.3033240917705378
2026-03-20 10:20:00+00:00,0.0,0.0,0.0,0.0,-45.30443810654572,2.3033240917705378
2026-03-20 10:25:00+00:00,0.0,0.0,0.0,0.0,-45.30443810654572,2.3033240917705378
2026-03-20 10:30:00+00:00,0.0,0.0,0.0,0.0,-45.30443810654572,2.3033240917705378
2026-03-20 10:35:00+00:00,0.0,0.0,0.0,0.0,-45.30443810654572,2.3033240917705378
2026-03-20 10:40:00+00:00,0.0,0.0,0.0,0.0,-45.30443810654572,2.3033240917705378
2026-03-20 10:45:00+00:00,0.0,0.0,0.0,0.0,-45.30443810654572,2.3033240917705378
2026-03-20 10:50:00+00:00,0.0,0.0,0.0,0.0,-45.30443810654572,2.3033240917705378
2026-03-20 10:55:00+00:00,0.0,0.0,0.0,0.0,-45.30443810654572,2.3033240917705378
2026-03-20 11:00:00+00:00,0.0,0.0,0.0,0.0,-45.30443810654572,2.3033240917705378
2026-03-20 11:05:00+00:00,0.0,0.0,0.0,0.0,-45.30443810654572,2.3033240917705378
2026-03-20 11:10:00+00:00,0.0,0.0,0.0,0.0,-45.30443810654572,2.3033240917705378
2026-03-20 11:15:00+00:00,0.0,0.0,0.0,0.0,-45.30443810654572,2.3033240917705378
2026-03-20 11:20:00+00:00,0.0,0.0,0.0,0.0,-45.30443810654572,2.3033240917705378
2026-03-20 11:25:00+00:00,0.0,0.0,0.0,0.0,-45.30443810654572,2.3033240917705378
2026-03-20 11:30:00+00:00,0.0,0.0,0.0,0.0,-45.30443810654572,2.3033240917705378
2026-03-20 11:35:00+00:00,0.0,0.0,0.0,0.0,-45.30443810654572,2.3033240917705378
2026-03-20 11:40:00+00:00,0.0,0.0,0.0,0.0,-45.30443810654572,2.3033240917705378
2026-03-20 11:45:00+00:00,0.0,0.0,0.0,0.0,-45.30443810654572,2.3033240917705378
2026-03-20 11:50:00+00:00,0.0,0.0,0.0,0.0,-45.30443810654572,2.3033240917705378
2026-03-20 11:55:00+00:00,0.0,0.0,0.0,0.0,-45.30443810654572,2.3033240917705378
2026-03-20 12:00:00+00:00,0.0,0.0,0.0,0.0,-45.30443810654572,2.3033240917705378
2026-03-20 12:05:00+00:00,0.0,0.0,0.0,0.0,-45.30443810654572,2.3033240917705378
2026-03-20 12:10:00+00:00,0.0,0.0,0.0,0.0,-45.30443810654572,2.3033240917705378
2026-03-20 12:15:00+00:00,0.0,0.0,0.0,0.0,-45.30443810654572,2.3033240917705378
2026-03-20 12:20:00+00:00,0.0,0.0,0.0,0.0,-45.30443810654572,2.3033240917705378
2026-03-20 12:25:00+00:00,0.0,0.0,0.0,0.0,-45.30443810654572,2.3033240917705378
2026-03-20 12:30:00+00:00,0.0,0.0,0.0,0.0,-45.30443810654572,2.3033240917705378
2026-03-20 12:35:00+00:00,0.0,0.0,0.0,0.0,-45.30443810654572,2.3033240917705378
2026-03-20 12:40:00+00:00,0.0,0.0,0.0,0.0,-45.30443810654572,2.3033240917705378
2026-03-20 12:45:00+00:00,0.0,0.0,0.0,0.0,-45.30443810654572,2.3033240917705378
2026-03-20 12:50:00+00:00,0.0,0.0,0.0,0.0,-45.30443810654572,2.3033240917705378
2026-03-20 12:55:00+00:00,0.0,0.0,0.0,0.0,-45.30443810654572,2.3033240917705378
2026-03-20 13:00:00+00:00,0.0,0.0,0.0,0.0,-45.30443810654572,2.3033240917705378
2026-03-20 13:05:00+00:00,0.0,0.0,0.0,0.0,-45.30443810654572,2.3033240917705378
2026-03-20 13:10:00+00:00,0.0,0.0,0.0,0.0,-45.30443810654572,2.3033240917705378
2026-03-20 13:15:00+00:00,0.0,0.0,0.0,0.0,-45.30443810654572,2.3033240917705378
2026-03-20 13:20:00+00:00,0.0,0.0,0.0,0.0,-45.30443810654572,2.3033240917705378
2026-03-20 13:25:00+00:00,0.0,0.0,0.0,0.0,-45.30443810654572,2.3033240917705378
2026-03-20 13:30:00+00:00,0.0,0.0,0.0,0.0,-45.30443810654572,2.3033240917705378
2026-03-20 13:35:00+00:00,0.0,0.0,0.0,0.0,-45.30443810654572,2.3033240917705378
2026-03-20 13:40:00+00:00,0.0,0.0,0.0,0.0,-45.30443810654572,2.3033240917705378
2026-03-20 13:45:00+00:00,0.0,0.0,0.0,0.0,-45.30443810654572,2.3033240917705378
2026-03-20 13:50:00+00:00,0.0,0.0,0.0,0.0,-45.30443810654572,2.3033240917705378
2026-03-20 13:55:00+00:00,0.0,0.0,0.0,0.0,-45.30443810654572,2.3033240917705378
2026-03-20 14:00:00+00:00,0.0,0.0,0.0,0.0,-45.30443810654572,2.3033240917705378
2026-03-20 14:05:00+00:00,0.0,0.0,0.0,0.0,-45.30443810654572,2.3033240917705378
2026-03-20 14:10:00+00:00,0.0,0.0,0.0,0.0,-45.30443810654572,2.3033240917705378
2026-03-20 14:15:00+00:00,0.0,0.0,0.0,0.0,-45.30443810654572,2.3033240917705378
2026-03-20 14:20:00+00:00,0.0,0.0,0.0,0.0,-45.30443810654572,2.3033240917705378
2026-03-20 14:25:00+00:00,0.0,0.0,0.0,0.0,-45.30443810654572,2.3033240917705378
2026-03-20 14:30:00+00:00,0.0,0.0,0.0,0.0,-45.30443810654572,2.3033240917705378
2026-03-20 14:35:00+00:00,0.0,0.0,0.0,0.0,-45.30443810654572,2.3033240917705378
2026-03-20 14:40:00+00:00,0.0,0.0,0.0,0.0,-45.30443810654572,2.3033240917705378
2026-03-20 14:45:00+00:00,0.0,0.0,0.0,0.0,-45.30443810654572,2.3033240917705378
2026-03-20 14:50:00+00:00,0.0,0.0,0.0,0.0,-45.30443810654572,2.3033240917705378
2026-03-20 14:55:00+00:00,0.0,0.0,0.0,0.0,-45.30443810654572,2.3033240917705378
2026-03-20 15:00:00+00:00,0.0,0.0,0.0,0.0,-45.30443810654572,2.3033240917705378
2026-03-20 15:05:00+00:00,0.0,0.0,0.0,0.0,-45.30443810654572,2.3033240917705378
2026-03-20 15:10:00+00:00,0.0,0.0,0.0,0.0,-45.30443810654572,2.3033240917705378
2026-03-20 15:15:00+00:00,0.0,0.0,0.0,0.0,-45.30443810654572,2.3033240917705378
2026-03-20 15:20:00+00:00,0.0,0.0,0.0,0.0,-45.30443810654572,2.3033240917705378
2026-03-20 15:25:00+00:00,0.0,0.0,0.0,0.0,-45.30443810654572,2.3033240917705378
2026-03-20 15:30:00+00:00,0.0,0.0,0.0,0.0,-45.30443810654572,2.3033240917705378
2026-03-20 15:35:00+00:00,0.0,0.0,0.0,0.0,-45.30443810654572,2.3033240917705378
2026-03-20 15:40:00+00:00,0.0,0.0,0.0,0.0,-45.30443810654572,2.3033240917705378
2026-03-20 15:45:00+00:00,0.0,0.0,0.0,0.0,-45.30443810654572,2.3033240917705378
2026-03-20 15:50:00+00:00,0.0,0.0,0.0,0.0,-45.30443810654572,2.3033240917705378
2026-03-20 15:55:00+00:00,0.0,0.0,0.0,0.0,-45.30443810654572,2.3033240917705378
2026-03-20 16:00:00+00:00,0.0,0.0,0.0,0.0,-45.30443810654572,2.3033240917705378
2026-03-20 16:05:00+00:00,0.0,0.0,0.0,0.0,-45.30443810654572,2.3033240917705378
2026-03-20 16:10:00+00:00,0.0,0.0,0.0,0.0,-45.30443810654572,2.3033240917705378
2026-03-20 16:15:00+00:00,0.0,0.0,0.0,0.0,-45.30443810654572,2.3033240917705378
2026-03-20 16:20:00+00:00,0.0,0.0,0.0,0.0,-45.30443810654572,2.3033240917705378
2026-03-20 16:25:00+00:00,0.0,0.0,0.0,0.0,-45.30443810654572,2.3033240917705378
2026-03-20 16:30:00+00:00,0.0,0.0,0.0,0.0,-45.30443810654572,2.3033240917705378
2026-03-20 16:35:00+00:00,0.0,0.0,0.0,0.0,-45.30443810654572,2.3033240917705378
2026-03-20 16:40:00+00:00,0.0,0.0,0.0,0.0,-45.30443810654572,2.3033240917705378
2026-03-20 16:45:00+00:00,0.0,0.0,0.0,0.0,-45.30443810654572,2.3033240917705378
2026-03-20 16:50:00+00:00,0.0,0.0,0.0,0.0,-45.30443810654572,2.3033240917705378
2026-03-20 16:55:00+00:00,0.0,0.0,0.0,0.0,-45.30443810654572,2.3033240917705378
2026-03-20 17:00:00+00:00,0.0,0.0,0.0,0.0,-45.30443810654572,2.3033240917705378
2026-03-20 17:05:00+00:00,0.0,0.0,0.0,0.0,-45.30443810654572,2.3033240917705378
2026-03-20 17:10:00+00:00,0.0,0.0,0.0,0.0,-45.30443810654572,2.3033240917705378
2026-03-20 17:15:00+00:00,0.0,0.0,0.0,0.0,-45.30443810654572,2.3033240917705378
2026-03-20 17:20:00+00:00,0.0,0.0,0.0,0.0,-45.30443810654572,2.3033240917705378
2026-03-20 17:25:00+00:00,0.0,0.0,0.0,0.0,-45.30443810654572,2.3033240917705378
2026-03-20 17:30:00+00:00,0.0,0.0,0.0,0.0,-45.30443810654572,2.3033240917705378
2026-03-20 17:35:00+00:00,0.0,0.0,0.0,0.0,-45.30443810654572,2.3033240917705378
2026-03-20 17:40:00+00:00,0.0,0.0,0.0,0.0,-45.30443810654572,2.3033240917705378
2026-03-20 17:45:00+00:00,0.0,0.0,0.0,0.0,-45.30443810654572,2.3033240917705378
2026-03-20 17:50:00+00:00,0.0,0.0,0.0,0.0,-45.30443810654572,2.3033240917705378
2026-03-20 17:55:00+00:00,0.0,0.0,0.0,0.0,-45.30443810654572,2.3033240917705378
2026-03-20 18:00:00+00:00,0.0,0.0,0.0,0.0,-45.30443810654572,2.3033240917705378
2026-03-20 18:05:00+00:00,0.0,0.0,0.0,0.0,-45.30443810654572,2.3033240917705378
2026-03-20 18:10:00+00:00,0.0,0.0,0.0,0.0,-45.30443810654572,2.3033240917705378
2026-03-20 18:15:00+00:00,0.0,0.0,0.0,0.0,-45.30443810654572,2.3033240917705378
2026-03-20 18:20:00+00:00,0.0,0.0,0.0,0.0,-45.30443810654572,2.3033240917705378
2026-03-20 18:25:00+00:00,0.0,0.0,0.0,0.0,-45.30443810654572,2.3033240917705378
2026-03-20 18:30:00+00:00,0.0,0.0,0.0,0.0,-45.30443810654572,2.3033240917705378
2026-03-20 18:35:00+00:00,0.0,0.0,0.0,0.0,-45.30443810654572,2.3033240917705378
2026-03-20 18:40:00+00:00,0.0,0.0,0.0,0.0,-45.30443810654572,2.3033240917705378
2026-03-20 18:45:00+00:00,0.0,0.0,0.0,0.0,-45.30443810654572,2.3033240917705378
2026-03-20 18:50:00+00:00,0.0,0.0,0.0,0.0,-45.30443810654572,2.3033240917705378
2026-03-20 18:55:00+00:00,0.0,0.0,0.0,0.0,-45.30443810654572,2.3033240917705378
2026-03-20 19:00:00+00:00,0.0,0.0,0.0,0.0,-45.30443810654572,2.3033240917705378
2026-03-20 19:05:00+00:00,0.0,0.0,0.0,0.0,-45.30443810654572,2.3033240917705378
2026-03-20 19:10:00+00:00,0.0,0.0,0.0,0.0,-45.30443810654572,2.3033240917705378
2026-03-20 19:15:00+00:00,0.0,0.0,0.0,0.0,-45.30443810654572,2.3033240917705378
2026-03-20 19:20:00+00:00,0.0,0.0,0.0,0.0,-45.30443810654572,2.3033240917705378
2026-03-20 19:25:00+00:00,0.0,0.0,0.0,0.0,-45.30443810654572,2.3033240917705378
2026-03-20 19:30:00+00:00,0.0,0.0,0.0,0.0,-45.30443810654572,2.3033240917705378
2026-03-20 19:35:00+00:00,0.0,0.0,0.0,0.0,-45.30443810654572,2.3033240917705378
2026-03-20 19:40:00+00:00,0.0,0.0,0.0,0.0,-45.30443810654572,2.3033240917705378
2026-03-20 19:45:00+00:00,0.0,0.0,0.0,0.0,-45.30443810654572,2.3033240917705378
2026-03-20 19:50:00+00:00,0.0,0.0,0.0,0.0,-45.30443810654572,2.3033240917705378
2026-03-20 19:55:00+00:00,0.0,0.0,0.0,0.0,-45.30443810654572,2.3033240917705378
2026-03-20 20:00:00+00:00,0.0,0.0,0.0,0.0,-45.30443810654572,2.3033240917705378
2026-03-20 20:05:00+00:00,0.0,0.0,0.0,0.0,-45.30443810654572,2.3033240917705378
2026-03-20 20:10:00+00:00,0.0,0.0,0.0,0.0,-45.30443810654572,2.3033240917705378
2026-03-20 20:15:00+00:00,0.0,0.0,0.0,0.0,-45.30443810654572,2.3033240917705378
2026-03-20 20:20:00+00:00,0.0,0.0,0.0,0.0,-45.30443810654572,2.3033240917705378
2026-03-20 20:25:00+00:00,0.0,0.0,0.0,0.0,-45.30443810654572,2.3033240917705378
2026-03-20 20:30:00+00:00,0.0,0.0,0.0,0.0,-45.30443810654572,2.3033240917705378
2026-03-20 20:35:00+00:00,0.0,0.0,0.0,0.0,-45.30443810654572,2.3033240917705378
2026-03-20 20:40:00+00:00,0.0,0.0,0.0,0.0,-45.30443810654572,2.3033240917705378
2026-03-20 20:45:00+00:00,0.0,0.0,0.0,0.0,-45.30443810654572,2.3033240917705378
2026-03-20 20:50:00+00:00,0.0,0.0,0.0,0.0,-45.30443810654572,2.3033240917705378
2026-03-20 20:55:00+00:00,0.0,0.0,0.0,0.0,-45.30443810654572,2.3033240917705378
2026-03-20 21:00:00+00:00,0.0,0.0,0.0,0.0,-45.30443810654572,2.3033240917705378
2026-03-20 21:05:00+00:00,0.0,0.0,0.0,0.0,-45.30443810654572,2.3033240917705378
2026-03-20 21:10:00+00:00,0.0,0.0,0.0,0.0,-45.30443810654572,2.3033240917705378
2026-03-20 21:15:00+00:00,0.0,0.0,0.0,0.0,-45.30443810654572,2.3033240917705378
2026-03-20 21:20:00+00:00,0.0,0.0,0.0,0.0,-45.30443810654572,2.3033240917705378
2026-03-20 21:25:00+00:00,0.0,0.0,0.0,0.0,-45.30443810654572,2.3033240917705378
2026-03-20 21:30:00+00:00,0.0,0.0,0.0,0.0,-45.30443810654572,2.3033240917705378
2026-03-20 21:35:00+00:00,0.0,0.0,0.0,0.0,-45.30443810654572,2.3033240917705378
2026-03-20 21:40:00+00:00,0.0,0.0,0.0,0.0,-45.30443810654572,2.3033240917705378
2026-03-20 21:45:00+00:00,0.0,0.0,0.0,0.0,-45.30443810654572,2.3033240917705378
2026-03-20 21:50:00+00:00,0.0,0.0,0.0,0.0,-45.30443810654572,2.3033240917705378
2026-03-20 21:55:00+00:00,0.0,0.0,0.0,0.0,-45.30443810654572,2.3033240917705378
2026-03-20 22:00:00+00:00,0.0,0.0,0.0,0.0,-45.30443810654572,2.3033240917705378
2026-03-20 22:05:00+00:00,0.0,0.0,0.0,0.0,-45.30443810654572,2.3033240917705378
2026-03-20 22:10:00+00:00,0.0,0.0,0.0,0.0,-45.30443810654572,2.3033240917705378
2026-03-20 22:15:00+00:00,0.0,0.0,0.0,0.0,-45.30443810654572,2.3033240917705378
2026-03-20 22:20:00+00:00,0.0,0.0,0.0,0.0,-45.30443810654572,2.3033240917705378
2026-03-20 22:25:00+00:00,0.0,0.0,0.0,0.0,-45.30443810654572,2.3033240917705378
2026-03-20 22:30:00+00:00,0.0,0.0,0.0,0.0,-45.30443810654572,2.3033240917705378
2026-03-20 22:35:00+00:00,0.0,0.0,0.0,0.0,-45.30443810654572,2.3033240917705378
2026-03-20 22:40:00+00:00,0.0,0.0,0.0,0.0,-45.30443810654572,2.3033240917705378
2026-03-20 22:45:00+00:00,0.0,0.0,0.0,0.0,-45.30443810654572,2.3033240917705378
2026-03-20 22:50:00+00:00,0.0,0.0,0.0,0.0,-45.30443810654572,2.3033240917705378
2026-03-20 22:55:00+00:00,0.0,0.0,0.0,0.0,-45.30443810654572,2.3033240917705378
2026-03-20 23:00:00+00:00,0.0,0.0,0.0,0.0,-45.30443810654572,2.3033240917705378
2026-03-20 23:05:00+00:00,0.0,0.0,0.0,0.0,-45.30443810654572,2.3033240917705378
2026-03-20 23:10:00+00:00,0.0,0.0,0.0,0.0,-45.30443810654572,2.3033240917705378
2026-03-20 23:15:00+00:00,0.0,0.0,0.0,0.0,-45.30443810654572,2.3033240917705378
2026-03-20 23:20:00+00:00,0.0,0.0,0.0,0.0,-45.30443810654572,2.3033240917705378
2026-03-20 23:25:00+00:00,0.0,0.0,0.0,0.0,-45.30443810654572,2.3033240917705378
2026-03-20 23:30:00+00:00,0.0,0.0,0.0,0.0,-45.30443810654572,2.3033240917705378
2026-03-20 23:35:00+00:00,0.0,0.0,0.0,0.0,-45.30443810654572,2.3033240917705378
2026-03-20 23:40:00+00:00,0.0,0.0,0.0,0.0,-45.30443810654572,2.3033240917705378
2026-03-20 23:45:00+00:00,0.0,0.0,0.0,0.0,-45.30443810654572,2.3033240917705378
2026-03-20 23:50:00+00:00,0.0,0.0,0.0,0.0,-45.30443810654572,2.3033240917705378
2026-03-20 23:55:00+00:00,0.0,0.0,0.0,0.0,-45.30443810654572,2.3033240917705378
2026-03-21 00:00:00+00:00,0.0,0.0,0.0,0.0,-45.30443810654572,2.3033240917705378
2026-03-21 00:05:00+00:00,0.0,0.0,0.0,0.0,-45.30443810654572,2.3033240917705378
2026-03-21 00:10:00+00:00,0.0,0.0,0.0,0.0,-45.30443810654572,2.3033240917705378
2026-03-21 00:15:00+00:00,0.0,0.0,0.0,0.0,-45.30443810654572,2.3033240917705378
2026-03-21 00:20:00+00:00,0.0,0.0,0.0,0.0,-45.30443810654572,2.3033240917705378
2026-03-21 00:25:00+00:00,0.0,0.0,0.0,0.0,-45.30443810654572,2.3033240917705378
2026-03-21 00:30:00+00:00,0.0,0.0,0.0,0.0,-45.30443810654572,2.3033240917705378
2026-03-21 00:35:00+00:00,0.0,0.0,0.0,0.0,-45.30443810654572,2.3033240917705378
2026-03-21 00:40:00+00:00,0.0,0.0,0.0,0.0,-45.30443810654572,2.3033240917705378
2026-03-21 00:45:00+00:00,0.0,0.0,0.0,0.0,-45.30443810654572,2.3033240917705378
2026-03-21 00:50:00+00:00,0.0,0.0,0.0,0.0,-45.30443810654572,2.3033240917705378
2026-03-21 00:55:00+00:00,0.0,0.0,0.0,0.0,-45.30443810654572,2.3033240917705378
2026-03-21 01:00:00+00:00,0.0,0.0,0.0,0.0,-45.30443810654572,2.3033240917705378
2026-03-21 01:05:00+00:00,0.0,0.0,0.0,0.0,-45.30443810654572,2.3033240917705378
2026-03-21 01:10:00+00:00,0.0,0.0,0.0,0.0,-45.30443810654572,2.3033240917705378
2026-03-21 01:15:00+00:00,0.0,0.0,0.0,0.0,-45.30443810654572,2.3033240917705378
2026-03-21 01:20:00+00:00,0.0,0.0,0.0,0.0,-45.30443810654572,2.3033240917705378
2026-03-21 01:25:00+00:00,0.0,0.0,0.0,0.0,-45.30443810654572,2.3033240917705378
2026-03-21 01:30:00+00:00,0.0,0.0,0.0,0.0,-45.30443810654572,2.3033240917705378
2026-03-21 01:35:00+00:00,0.0,0.0,0.0,0.0,-45.30443810654572,2.3033240917705378
2026-03-21 01:40:00+00:00,0.0,0.0,0.0,0.0,-45.30443810654572,2.3033240917705378
2026-03-21 01:45:00+00:00,0.0,0.0,0.0,0.0,-45.30443810654572,2.3033240917705378
2026-03-21 01:50:00+00:00,0.0,0.0,0.0,0.0,-45.30443810654572,2.3033240917705378
2026-03-21 01:55:00+00:00,0.0,0.0,0.0,0.0,-45.30443810654572,2.3033240917705378
2026-03-21 02:00:00+00:00,0.0,0.0,0.0,0.0,-45.30443810654572,2.3033240917705378
2026-03-21 02:05:00+00:00,0.0,0.0,0.0,0.0,-45.30443810654572,2.3033240917705378
2026-03-21 02:10:00+00:00,0.0,0.0,0.0,0.0,-45.30443810654572,2.3033240917705378
2026-03-21 02:15:00+00:00,0.0,0.0,0.0,0.0,-45.30443810654572,2.3033240917705378
2026-03-21 02:20:00+00:00,0.0,0.0,0.0,0.0,-45.30443810654572,2.3033240917705378
2026-03-21 02:25:00+00:00,0.0,0.0,0.0,0.0,-45.30443810654572,2.3033240917705378
2026-03-21 02:30:00+00:00,0.0,0.0,0.0,0.0,-45.30443810654572,2.3033240917705378
2026-03-21 02:35:00+00:00,0.0,0.0,0.0,0.0,-45.30443810654572,2.3033240917705378
2026-03-21 02:40:00+00:00,0.0,0.0,0.0,0.0,-45.30443810654572,2.3033240917705378
2026-03-21 02:45:00+00:00,0.0,0.0,0.0,0.0,-45.30443810654572,2.3033240917705378
2026-03-21 02:50:00+00:00,0.0,0.0,0.0,0.0,-45.30443810654572,2.3033240917705378
2026-03-21 02:55:00+00:00,0.0,0.0,0.0,0.0,-45.30443810654572,2.3033240917705378
2026-03-21 03:00:00+00:00,0.0,0.0,0.0,0.0,-45.30443810654572,2.3033240917705378
2026-03-21 03:05:00+00:00,0.0,0.0,0.0,0.0,-45.30443810654572,2.3033240917705378
2026-03-21 03:10:00+00:00,0.0,0.0,0.0,0.0,-45.30443810654572,2.3033240917705378
2026-03-21 03:15:00+00:00,0.0,0.0,0.0,0.0,-45.30443810654572,2.3033240917705378
2026-03-21 03:20:00+00:00,0.0,0.0,0.0,0.0,-45.30443810654572,2.3033240917705378
2026-03-21 03:25:00+00:00,0.0,0.0,0.0,0.0,-45.30443810654572,2.3033240917705378
2026-03-21 03:30:00+00:00,0.0,0.0,0.0,0.0,-45.30443810654572,2.3033240917705378
2026-03-21 03:35:00+00:00,0.0,0.0,0.0,0.0,-45.30443810654572,2.3033240917705378
2026-03-21 03:40:00+00:00,0.0,0.0,0.0,0.0,-45.30443810654572,2.3033240917705378
2026-03-21 03:45:00+00:00,0.0,0.0,0.0,0.0,-45.30443810654572,2.3033240917705378
2026-03-21 03:50:00+00:00,0.0,0.0,0.0,0.0,-45.30443810654572,2.3033240917705378
2026-03-21 03:55:00+00:00,0.0,0.0,0.0,0.0,-45.30443810654572,2.3033240917705378
2026-03-21 04:00:00+00:00,0.0,0.0,0.0,0.0,-45.30443810654572,2.3033240917705378
2026-03-21 04:05:00+00:00,0.0,0.0,0.0,0.0,-45.30443810654572,2.3033240917705378
2026-03-21 04:10:00+00:00,0.0,0.0,0.0,0.0,-45.30443810654572,2.3033240917705378
2026-03-21 04:15:00+00:00,0.0,0.0,0.0,0.0,-45.30443810654572,2.3033240917705378
2026-03-21 04:20:00+00:00,0.0,0.0,0.0,0.0,-45.30443810654572,2.3033240917705378
2026-03-21 04:25:00+00:00,0.0,0.0,0.0,0.0,-45.30443810654572,2.3033240917705378
2026-03-21 04:30:00+00:00,0.0,0.0,0.0,0.0,-45.30443810654572,2.3033240917705378
2026-03-21 04:35:00+00:00,0.0,0.0,0.0,0.0,-45.30443810654572,2.3033240917705378
2026-03-21 04:40:00+00:00,0.0,0.0,0.0,0.0,-45.30443810654572,2.3033240917705378
2026-03-21 04:45:00+00:00,0.0,0.0,0.0,0.0,-45.30443810654572,2.3033240917705378
2026-03-21 04:50:00+00:00,0.0,0.0,0.0,0.0,-45.30443810654572,2.3033240917705378
2026-03-21 04:55:00+00:00,0.0,0.0,0.0,0.0,-45.30443810654572,2.3033240917705378
2026-03-21 05:00:00+00:00,0.0,0.0,0.0,0.0,-45.30443810654572,2.3033240917705378
2026-03-21 05:05:00+00:00,0.0,0.0,0.0,0.0,-45.30443810654572,2.3033240917705378
2026-03-21 05:10:00+00:00,0.0,0.0,0.0,0.0,-45.30443810654572,2.3033240917705378
2026-03-21 05:15:00+00:00,0.0,0.0,0.0,0.0,-45.30443810654572,2.3033240917705378
2026-03-21 05:20:00+00:00,0.0,0.0,0.0,0.0,-45.30443810654572,2.3033240917705378
2026-03-21 05:25:00+00:00,0.0,0.0,0.0,0.0,-45.30443810654572,2.3033240917705378
2026-03-21 05:30:00+00:00,0.0,0.0,0.0,0.0,-45.30443810654572,2.3033240917705378
2026-03-21 05:35:00+00:00,0.0,0.0,0.0,0.0,-45.30443810654572,2.3033240917705378
2026-03-21 05:40:00+00:00,0.0,0.0,0.0,0.0,-45.30443810654572,2.3033240917705378
2026-03-21 05:45:00+00:00,0.0,0.0,0.0,0.0,-45.30443810654572,2.3033240917705378
2026-03-21 05:50:00+00:00,0.0,0.0,0.0,0.0,-45.30443810654572,2.3033240917705378
2026-03-21 05:55:00+00:00,0.0,0.0,0.0,0.0,-45.30443810654572,2.3033240917705378
2026-03-21 06:00:00+00:00,0.0,0.0,0.0,0.0,-45.30443810654572,2.3033240917705378
2026-03-21 06:05:00+00:00,0.0,0.0,0.0,0.0,-45.30443810654572,2.3033240917705378
2026-03-21 06:10:00+00:00,0.0,0.0,0.0,0.0,-45.30443810654572,2.3033240917705378
2026-03-21 06:15:00+00:00,0.0,0.0,0.0,0.0,-45.30443810654572,2.3033240917705378
2026-03-21 06:20:00+00:00,0.0,0.0,0.0,0.0,-45.30443810654572,2.3033240917705378
2026-03-21 06:25:00+00:00,0.0,0.0,0.0,0.0,-45.30443810654572,2.3033240917705378
2026-03-21 06:30:00+00:00,0.0,0.0,0.0,0.0,-45.30443810654572,2.3033240917705378
2026-03-21 06:35:00+00:00,0.0,0.0,0.0,0.0,-45.30443810654572,2.3033240917705378
2026-03-21 06:40:00+00:00,0.0,0.0,0.0,0.0,-45.30443810654572,2.3033240917705378
2026-03-21 06:45:00+00:00,0.0,0.0,0.0,0.0,-45.30443810654572,2.3033240917705378
2026-03-21 06:50:00+00:00,0.0,0.0,0.0,0.0,-45.30443810654572,2.3033240917705378
2026-03-21 06:55:00+00:00,0.0,0.0,0.0,0.0,-45.30443810654572,2.3033240917705378
2026-03-21 07:00:00+00:00,0.0,0.0,0.0,0.0,-45.30443810654572,2.3033240917705378
2026-03-21 07:05:00+00:00,0.0,0.0,0.0,0.0,-45.30443810654572,2.3033240917705378
2026-03-21 07:10:00+00:00,0.0,0.0,0.0,0.0,-45.30443810654572,2.3033240917705378
2026-03-21 07:15:00+00:00,0.0,0.0,0.0,0.0,-45.30443810654572,2.3033240917705378
2026-03-21 07:20:00+00:00,0.0,0.0,0.0,0.0,-45.30443810654572,2.3033240917705378
2026-03-21 07:25:00+00:00,0.0,0.0,0.0,0.0,-45.30443810654572,2.3033240917705378
2026-03-21 07:30:00+00:00,0.0,0.0,0.0,0.0,-45.30443810654572,2.3033240917705378
2026-03-21 07:35:00+00:00,0.0,0.0,0.0,0.0,-45.30443810654572,2.3033240917705378
2026-03-21 07:40:00+00:00,0.0,0.0,0.0,0.0,-45.30443810654572,2.3033240917705378
2026-03-21 07:45:00+00:00,0.0,0.0,0.0,0.0,-45.30443810654572,2.3033240917705378
2026-03-21 07:50:00+00:00,0.0,0.0,0.0,0.0,-45.30443810654572,2.3033240917705378
2026-03-21 07:55:00+00:00,0.0,0.0,0.0,0.0,-45.30443810654572,2.3033240917705378
2026-03-21 08:00:00+00:00,0.0,0.0,0.0,0.0,-45.30443810654572,2.3033240917705378
2026-03-21 08:05:00+00:00,0.0,0.0,0.0,0.0,-45.30443810654572,2.3033240917705378
2026-03-21 08:10:00+00:00,0.0,0.0,0.0,0.0,-45.30443810654572,2.3033240917705378
2026-03-21 08:15:00+00:00,0.0,0.0,0.0,0.0,-45.30443810654572,2.3033240917705378
2026-03-21 08:20:00+00:00,0.0,0.0,0.0,0.0,-45.30443810654572,2.3033240917705378
2026-03-21 08:25:00+00:00,0.0,0.0,0.0,0.0,-45.30443810654572,2.3033240917705378
2026-03-21 08:30:00+00:00,0.0,0.0,0.0,0.0,-45.30443810654572,2.3033240917705378
2026-03-21 08:35:00+00:00,0.0,0.0,0.0,0.0,-45.30443810654572,2.3033240917705378
2026-03-21 08:40:00+00:00,0.0,0.0,0.0,0.0,-45.30443810654572,2.3033240917705378
2026-03-21 08:45:00+00:00,0.0,0.0,0.0,0.0,-45.30443810654572,2.3033240917705378
2026-03-21 08:50:00+00:00,0.0,0.0,0.0,0.0,-45.30443810654572,2.3033240917705378
2026-03-21 08:55:00+00:00,0.0,0.0,0.0,0.0,-45.30443810654572,2.3033240917705378
2026-03-21 09:00:00+00:00,0.0,0.0,0.0,0.0,-45.30443810654572,2.3033240917705378
2026-03-21 09:05:00+00:00,0.0,0.0,0.0,0.0,-45.30443810654572,2.3033240917705378
2026-03-21 09:10:00+00:00,0.0,0.0,0.0,0.0,-45.30443810654572,2.3033240917705378
2026-03-21 09:15:00+00:00,0.0,0.0,0.0,0.0,-45.30443810654572,2.3033240917705378
2026-03-21 09:20:00+00:00,0.0,0.0,0.0,0.0,-45.30443810654572,2.3033240917705378
2026-03-21 09:25:00+00:00,0.0,0.0,0.0,0.0,-45.30443810654572,2.3033240917705378
2026-03-21 09:30:00+00:00,0.0,0.0,0.0,0.0,-45.30443810654572,2.3033240917705378
2026-03-21 09:35:00+00:00,0.0,0.0,0.0,0.0,-45.30443810654572,2.3033240917705378
2026-03-21 09:40:00+00:00,0.0,0.0,0.0,0.0,-45.30443810654572,2.3033240917705378
2026-03-21 09:45:00+00:00,0.0,0.0,0.0,0.0,-45.30443810654572,2.3033240917705378
2026-03-21 09:50:00+00:00,0.0,0.0,0.0,0.0,-45.30443810654572,2.3033240917705378
2026-03-21 09:55:00+00:00,0.0,0.0,0.0,0.0,-45.30443810654572,2.3033240917705378
2026-03-21 10:00:00+00:00,0.0,0.0,0.0,0.0,-45.30443810654572,2.3033240917705378
2026-03-21 10:05:00+00:00,0.0,0.0,0.0,0.0,-45.30443810654572,2.3033240917705378
2026-03-21 10:10:00+00:00,0.0,0.0,0.0,0.0,-45.30443810654572,2.3033240917705378
2026-03-21 10:15:00+00:00,0.0,0.0,0.0,0.0,-45.30443810654572,2.3033240917705378
2026-03-21 10:20:00+00:00,0.0,0.0,0.0,0.0,-45.30443810654572,2.3033240917705378
2026-03-21 10:25:00+00:00,0.0,0.0,0.0,0.0,-45.30443810654572,2.3033240917705378
2026-03-21 10:30:00+00:00,0.0,0.0,0.0,0.0,-45.30443810654572,2.3033240917705378
2026-03-21 10:35:00+00:00,0.0,0.0,0.0,0.0,-45.30443810654572,2.3033240917705378
2026-03-21 10:40:00+00:00,0.0,0.0,0.0,0.0,-45.30443810654572,2.3033240917705378
2026-03-21 10:45:00+00:00,0.0,0.0,0.0,0.0,-45.30443810654572,2.3033240917705378
2026-03-21 10:50:00+00:00,0.0,0.0,0.0,0.0,-45.30443810654572,2.3033240917705378
2026-03-21 10:55:00+00:00,0.0,0.0,0.0,0.0,-45.30443810654572,2.3033240917705378
2026-03-21 11:00:00+00:00,0.0,0.0,0.0,0.0,-45.30443810654572,2.3033240917705378
2026-03-21 11:05:00+00:00,0.0,0.0,0.0,0.0,-45.30443810654572,2.3033240917705378
2026-03-21 11:10:00+00:00,0.0,0.0,0.0,0.0,-45.30443810654572,2.3033240917705378
2026-03-21 11:15:00+00:00,0.0,0.0,0.0,0.0,-45.30443810654572,2.3033240917705378
2026-03-21 11:20:00+00:00,0.0,0.0,0.0,0.0,-45.30443810654572,2.3033240917705378
2026-03-21 11:25:00+00:00,0.0,0.0,0.0,0.0,-45.30443810654572,2.3033240917705378
2026-03-21 11:30:00+00:00,0.0,0.0,0.0,0.0,-45.30443810654572,2.3033240917705378
2026-03-21 11:35:00+00:00,0.0,0.0,0.0,0.0,-45.30443810654572,2.3033240917705378
2026-03-21 11:40:00+00:00,0.0,0.0,0.0,0.0,-45.30443810654572,2.3033240917705378
2026-03-21 11:45:00+00:00,0.0,0.0,0.0,0.0,-45.30443810654572,2.3033240917705378
2026-03-21 11:50:00+00:00,0.0,0.0,0.0,0.0,-45.30443810654572,2.3033240917705378
2026-03-21 11:55:00+00:00,0.0,0.0,0.0,0.0,-45.30443810654572,2.3033240917705378
2026-03-21 12:00:00+00:00,0.0,0.0,0.0,0.0,-45.30443810654572,2.3033240917705378
2026-03-21 12:05:00+00:00,0.0,0.0,0.0,0.0,-45.30443810654572,2.3033240917705378
2026-03-21 12:10:00+00:00,0.0,0.0,0.0,0.0,-45.30443810654572,2.3033240917705378
2026-03-21 12:15:00+00:00,0.0,0.0,0.0,0.0,-45.30443810654572,2.3033240917705378
2026-03-21 12:20:00+00:00,0.0,0.0,0.0,0.0,-45.30443810654572,2.3033240917705378
2026-03-21 12:25:00+00:00,0.0,0.0,0.0,0.0,-45.30443810654572,2.3033240917705378
2026-03-21 12:30:00+00:00,0.0,0.0,0.0,0.0,-45.30443810654572,2.3033240917705378
2026-03-21 12:35:00+00:00,0.0,0.0,0.0,0.0,-45.30443810654572,2.3033240917705378
2026-03-21 12:40:00+00:00,0.0,0.0,0.0,0.0,-45.30443810654572,2.3033240917705378
2026-03-21 12:45:00+00:00,0.0,0.0,0.0,0.0,-45.30443810654572,2.3033240917705378
2026-03-21 12:50:00+00:00,0.0,0.0,0.0,0.0,-45.30443810654572,2.3033240917705378
2026-03-21 12:55:00+00:00,0.0,0.0,0.0,0.0,-45.30443810654572,2.3033240917705378
2026-03-21 13:00:00+00:00,0.0,0.0,0.0,0.0,-45.30443810654572,2.3033240917705378
2026-03-21 13:05:00+00:00,0.0,0.0,0.0,0.0,-45.30443810654572,2.3033240917705378
2026-03-21 13:10:00+00:00,0.0,0.0,0.0,0.0,-45.30443810654572,2.3033240917705378
2026-03-21 13:15:00+00:00,0.0,0.0,0.0,0.0,-45.30443810654572,2.3033240917705378
2026-03-21 13:20:00+00:00,0.0,0.0,0.0,0.0,-45.30443810654572,2.3033240917705378
2026-03-21 13:25:00+00:00,0.0,0.0,0.0,0.0,-45.30443810654572,2.3033240917705378
2026-03-21 13:30:00+00:00,0.0,0.0,0.0,0.0,-45.30443810654572,2.3033240917705378
2026-03-21 13:35:00+00:00,0.0,0.0,0.0,0.0,-45.30443810654572,2.3033240917705378
2026-03-21 13:40:00+00:00,0.0,0.0,0.0,0.0,-45.30443810654572,2.3033240917705378
2026-03-21 13:45:00+00:00,0.0,0.0,0.0,0.0,-45.30443810654572,2.3033240917705378
2026-03-21 13:50:00+00:00,0.0,0.0,0.0,0.0,-45.30443810654572,2.3033240917705378
2026-03-21 13:55:00+00:00,0.0,0.0,0.0,0.0,-45.30443810654572,2.3033240917705378
2026-03-21 14:00:00+00:00,0.0,0.0,0.0,0.0,-45.30443810654572,2.3033240917705378
2026-03-21 14:05:00+00:00,0.0,0.0,0.0,0.0,-45.30443810654572,2.3033240917705378
2026-03-21 14:10:00+00:00,0.0,0.0,0.0,0.0,-45.30443810654572,2.3033240917705378
2026-03-21 14:15:00+00:00,0.0,0.0,0.0,0.0,-45.30443810654572,2.3033240917705378
2026-03-21 14:20:00+00:00,0.0,0.0,0.0,0.0,-45.30443810654572,2.3033240917705378
2026-03-21 14:25:00+00:00,0.0,0.0,0.0,0.0,-45.30443810654572,2.3033240917705378
2026-03-21 14:30:00+00:00,0.0,0.0,0.0,0.0,-45.30443810654572,2.3033240917705378
2026-03-21 14:35:00+00:00,0.0,0.0,0.0,0.0,-45.30443810654572,2.3033240917705378
2026-03-21 14:40:00+00:00,0.0,0.0,0.0,0.0,-45.30443810654572,2.3033240917705378
2026-03-21 14:45:00+00:00,0.0,0.0,0.0,0.0,-45.30443810654572,2.3033240917705378
2026-03-21 14:50:00+00:00,0.0,0.0,0.0,0.0,-45.30443810654572,2.3033240917705378
2026-03-21 14:55:00+00:00,0.0,0.0,0.0,0.0,-45.30443810654572,2.3033240917705378
2026-03-21 15:00:00+00:00,0.0,0.0,0.0,0.0,-45.30443810654572,2.3033240917705378
2026-03-21 15:05:00+00:00,0.0,0.0,0.0,0.0,-45.30443810654572,2.3033240917705378
2026-03-21 15:10:00+00:00,0.0,0.0,0.0,0.0,-45.30443810654572,2.3033240917705378
2026-03-21 15:15:00+00:00,0.0,0.0,0.0,0.0,-45.30443810654572,2.3033240917705378
2026-03-21 15:20:00+00:00,0.0,0.0,0.0,0.0,-45.30443810654572,2.3033240917705378
2026-03-21 15:25:00+00:00,0.0,0.0,0.0,0.0,-45.30443810654572,2.3033240917705378
2026-03-21 15:30:00+00:00,0.0,0.0,0.0,0.0,-45.30443810654572,2.3033240917705378
2026-03-21 15:35:00+00:00,0.0,0.0,0.0,0.0,-45.30443810654572,2.3033240917705378
2026-03-21 15:40:00+00:00,0.0,0.0,0.0,0.0,-45.30443810654572,2.3033240917705378
2026-03-21 15:45:00+00:00,0.0,0.0,0.0,0.0,-45.30443810654572,2.3033240917705378
2026-03-21 15:50:00+00:00,0.0,0.0,0.0,0.0,-45.30443810654572,2.3033240917705378
2026-03-21 15:55:00+00:00,0.0,0.0,0.0,0.0,-45.30443810654572,2.3033240917705378
2026-03-21 16:00:00+00:00,0.0,0.0,0.0,0.0,-45.30443810654572,2.3033240917705378
2026-03-21 16:05:00+00:00,0.0,0.0,0.0,0.0,-45.30443810654572,2.3033240917705378
2026-03-21 16:10:00+00:00,0.0,0.0,0.0,0.0,-45.30443810654572,2.3033240917705378
2026-03-21 16:15:00+00:00,0.0,0.0,0.0,0.0,-45.30443810654572,2.3033240917705378
2026-03-21 16:20:00+00:00,0.0,0.0,0.0,0.0,-45.30443810654572,2.3033240917705378
2026-03-21 16:25:00+00:00,0.0,0.0,0.0,0.0,-45.30443810654572,2.3033240917705378
2026-03-21 16:30:00+00:00,0.0,0.0,0.0,0.0,-45.30443810654572,2.3033240917705378
2026-03-21 16:35:00+00:00,0.0,0.0,0.0,0.0,-45.30443810654572,2.3033240917705378
2026-03-21 16:40:00+00:00,0.0,0.0,0.0,0.0,-45.30443810654572,2.3033240917705378
2026-03-21 16:45:00+00:00,0.0,0.0,0.0,0.0,-45.30443810654572,2.3033240917705378
2026-03-21 16:50:00+00:00,0.0,0.0,0.0,0.0,-45.30443810654572,2.3033240917705378
2026-03-21 16:55:00+00:00,0.0,0.0,0.0,0.0,-45.30443810654572,2.3033240917705378
2026-03-21 17:00:00+00:00,0.0,0.0,0.0,0.0,-45.30443810654572,2.3033240917705378
2026-03-21 17:05:00+00:00,0.0,0.0,0.0,0.0,-45.30443810654572,2.3033240917705378
2026-03-21 17:10:00+00:00,0.0,0.0,0.0,0.0,-45.30443810654572,2.3033240917705378
2026-03-21 17:15:00+00:00,0.0,0.0,0.0,0.0,-45.30443810654572,2.3033240917705378
2026-03-21 17:20:00+00:00,0.0,0.0,0.0,0.0,-45.30443810654572,2.3033240917705378
2026-03-21 17:25:00+00:00,0.0,0.0,0.0,0.0,-45.30443810654572,2.3033240917705378
2026-03-21 17:30:00+00:00,0.0,0.0,0.0,0.0,-45.30443810654572,2.3033240917705378
2026-03-21 17:35:00+00:00,0.0,0.0,0.0,0.0,-45.30443810654572,2.3033240917705378
2026-03-21 17:40:00+00:00,0.0,0.0,0.0,0.0,-45.30443810654572,2.3033240917705378
2026-03-21 17:45:00+00:00,0.0,0.0,0.0,0.0,-45.30443810654572,2.3033240917705378
2026-03-21 17:50:00+00:00,0.0,0.0,0.0,0.0,-45.30443810654572,2.3033240917705378
2026-03-21 17:55:00+00:00,0.0,0.0,0.0,0.0,-45.30443810654572,2.3033240917705378
2026-03-21 18:00:00+00:00,0.0,0.0,0.0,0.0,-45.30443810654572,2.3033240917705378
2026-03-21 18:05:00+00:00,0.0,0.0,0.0,0.0,-45.30443810654572,2.3033240917705378
2026-03-21 18:10:00+00:00,0.0,0.0,0.0,0.0,-45.30443810654572,2.3033240917705378
2026-03-21 18:15:00+00:00,0.0,0.0,0.0,0.0,-45.30443810654572,2.3033240917705378
2026-03-21 18:20:00+00:00,0.0,0.0,0.0,0.0,-45.30443810654572,2.3033240917705378
2026-03-21 18:25:00+00:00,0.0,0.0,0.0,0.0,-45.30443810654572,2.3033240917705378
2026-03-21 18:30:00+00:00,0.0,0.0,0.0,0.0,-45.30443810654572,2.3033240917705378
2026-03-21 18:35:00+00:00,0.0,0.0,0.0,0.0,-45.30443810654572,2.3033240917705378
2026-03-21 18:40:00+00:00,0.0,0.0,0.0,0.0,-45.30443810654572,2.3033240917705378
2026-03-21 18:45:00+00:00,0.0,0.0,0.0,0.0,-45.30443810654572,2.3033240917705378
2026-03-21 18:50:00+00:00,0.0,0.0,0.0,0.0,-45.30443810654572,2.3033240917705378
2026-03-21 18:55:00+00:00,0.0,0.0,0.0,0.0,-45.30443810654572,2.3033240917705378
2026-03-21 19:00:00+00:00,0.0,0.0,0.0,0.0,-45.30443810654572,2.3033240917705378
2026-03-21 19:05:00+00:00,0.0,0.0,0.0,0.0,-45.30443810654572,2.3033240917705378
2026-03-21 19:10:00+00:00,0.0,0.0,0.0,0.0,-45.30443810654572,2.3033240917705378
2026-03-21 19:15:00+00:00,0.0,0.0,0.0,0.0,-45.30443810654572,2.3033240917705378
2026-03-21 19:20:00+00:00,0.0,0.0,0.0,0.0,-45.30443810654572,2.3033240917705378
2026-03-21 19:25:00+00:00,0.0,0.0,0.0,0.0,-45.30443810654572,2.3033240917705378
2026-03-21 19:30:00+00:00,0.0,0.0,0.0,0.0,-45.30443810654572,2.3033240917705378
2026-03-21 19:35:00+00:00,0.0,0.0,0.0,0.0,-45.30443810654572,2.3033240917705378
2026-03-21 19:40:00+00:00,0.0,0.0,0.0,0.0,-45.30443810654572,2.3033240917705378
2026-03-21 19:45:00+00:00,0.0,0.0,0.0,0.0,-45.30443810654572,2.3033240917705378
2026-03-21 19:50:00+00:00,0.0,0.0,0.0,0.0,-45.30443810654572,2.3033240917705378
2026-03-21 19:55:00+00:00,0.0,0.0,0.0,0.0,-45.30443810654572,2.3033240917705378
2026-03-21 20:00:00+00:00,0.0,0.0,0.0,0.0,-45.30443810654572,2.3033240917705378
2026-03-21 20:05:00+00:00,0.0,0.0,0.0,0.0,-45.30443810654572,2.3033240917705378
2026-03-21 20:10:00+00:00,0.0,0.0,0.0,0.0,-45.30443810654572,2.3033240917705378
2026-03-21 20:15:00+00:00,0.0,0.0,0.0,0.0,-45.30443810654572,2.3033240917705378
2026-03-21 20:20:00+00:00,0.0,0.0,0.0,0.0,-45.30443810654572,2.3033240917705378
2026-03-21 20:25:00+00:00,0.0,0.0,0.0,0.0,-45.30443810654572,2.3033240917705378
2026-03-21 20:30:00+00:00,0.0,0.0,0.0,0.0,-45.30443810654572,2.3033240917705378
2026-03-21 20:35:00+00:00,0.0,0.0,0.0,0.0,-45.30443810654572,2.3033240917705378
2026-03-21 20:40:00+00:00,0.0,0.0,0.0,0.0,-45.30443810654572,2.3033240917705378
2026-03-21 20:45:00+00:00,0.0,0.0,0.0,0.0,-45.30443810654572,2.3033240917705378
2026-03-21 20:50:00+00:00,0.0,0.0,0.0,0.0,-45.30443810654572,2.3033240917705378
2026-03-21 20:55:00+00:00,0.0,0.0,0.0,0.0,-45.30443810654572,2.3033240917705378
2026-03-21 21:00:00+00:00,0.0,0.0,0.0,0.0,-45.30443810654572,2.3033240917705378
2026-03-21 21:05:00+00:00,0.0,0.0,0.0,0.0,-45.30443810654572,2.3033240917705378
2026-03-21 21:10:00+00:00,0.0,0.0,0.0,0.0,-45.30443810654572,2.3033240917705378
2026-03-21 21:15:00+00:00,0.0,0.0,0.0,0.0,-45.30443810654572,2.3033240917705378
2026-03-21 21:20:00+00:00,0.0,0.0,0.0,0.0,-45.30443810654572,2.3033240917705378
2026-03-21 21:25:00+00:00,0.0,0.0,0.0,0.0,-45.30443810654572,2.3033240917705378
2026-03-21 21:30:00+00:00,0.0,0.0,0.0,0.0,-45.30443810654572,2.3033240917705378
2026-03-21 21:35:00+00:00,0.0,0.0,0.0,0.0,-45.30443810654572,2.3033240917705378
2026-03-21 21:40:00+00:00,0.0,0.0,0.0,0.0,-45.30443810654572,2.3033240917705378
2026-03-21 21:45:00+00:00,0.0,0.0,0.0,0.0,-45.30443810654572,2.3033240917705378
2026-03-21 21:50:00+00:00,0.0,0.0,0.0,0.0,-45.30443810654572,2.3033240917705378
2026-03-21 21:55:00+00:00,0.0,0.0,0.0,0.0,-45.30443810654572,2.3033240917705378
2026-03-21 22:00:00+00:00,0.0,0.0,0.0,0.0,-45.30443810654572,2.3033240917705378
2026-03-21 22:05:00+00:00,0.0,0.0,0.0,0.0,-45.30443810654572,2.3033240917705378
2026-03-21 22:10:00+00:00,0.0,0.0,0.0,0.0,-45.30443810654572,2.3033240917705378
2026-03-21 22:15:00+00:00,0.0,0.0,0.0,0.0,-45.30443810654572,2.3033240917705378
2026-03-21 22:20:00+00:00,0.0,0.0,0.0,0.0,-45.30443810654572,2.3033240917705378
2026-03-21 22:25:00+00:00,0.0,0.0,0.0,0.0,-45.30443810654572,2.3033240917705378
2026-03-21 22:30:00+00:00,0.0,0.0,0.0,0.0,-45.30443810654572,2.3033240917705378
2026-03-21 22:35:00+00:00,0.0,0.0,0.0,0.0,-45.30443810654572,2.3033240917705378
2026-03-21 22:40:00+00:00,0.0,0.0,0.0,0.0,-45.30443810654572,2.3033240917705378
2026-03-21 22:45:00+00:00,0.0,0.0,0.0,0.0,-45.30443810654572,2.3033240917705378
2026-03-21 22:50:00+00:00,0.0,0.0,0.0,0.0,-45.30443810654572,2.3033240917705378
2026-03-21 22:55:00+00:00,0.0,0.0,0.0,0.0,-45.30443810654572,2.3033240917705378
2026-03-21 23:00:00+00:00,0.0,0.0,0.0,0.0,-45.30443810654572,2.3033240917705378
2026-03-21 23:05:00+00:00,0.0,0.0,0.0,0.0,-45.30443810654572,2.3033240917705378
2026-03-21 23:10:00+00:00,0.0,0.0,0.0,0.0,-45.30443810654572,2.3033240917705378
2026-03-21 23:15:00+00:00,0.0,0.0,0.0,0.0,-45.30443810654572,2.3033240917705378
2026-03-21 23:20:00+00:00,0.0,0.0,0.0,0.0,-45.30443810654572,2.3033240917705378
2026-03-21 23:25:00+00:00,0.0,0.0,0.0,0.0,-45.30443810654572,2.3033240917705378
2026-03-21 23:30:00+00:00,0.0,0.0,0.0,0.0,-45.30443810654572,2.3033240917705378
2026-03-21 23:35:00+00:00,0.0,0.0,0.0,0.0,-45.30443810654572,2.3033240917705378
2026-03-21 23:40:00+00:00,0.0,0.0,0.0,0.0,-45.30443810654572,2.3033240917705378
2026-03-21 23:45:00+00:00,0.0,0.0,0.0,0.0,-45.30443810654572,2.3033240917705378
2026-03-21 23:50:00+00:00,0.0,0.0,0.0,0.0,-45.30443810654572,2.3033240917705378
2026-03-21 23:55:00+00:00,0.0,0.0,0.0,0.0,-45.30443810654572,2.3033240917705378
2026-03-22 00:00:00+00:00,0.0,0.0,0.0,0.0,-45.30443810654572,2.3033240917705378
2026-03-22 00:05:00+00:00,0.0,0.0,0.0,0.0,-45.30443810654572,2.3033240917705378
2026-03-22 00:10:00+00:00,0.0,0.0,0.0,0.0,-45.30443810654572,2.3033240917705378
2026-03-22 00:15:00+00:00,0.0,0.0,0.0,0.0,-45.30443810654572,2.3033240917705378
2026-03-22 00:20:00+00:00,0.0,0.0,0.0,0.0,-45.30443810654572,2.3033240917705378
2026-03-22 00:25:00+00:00,0.0,0.0,0.0,0.0,-45.30443810654572,2.3033240917705378
2026-03-22 00:30:00+00:00,0.0,0.0,0.0,0.0,-45.30443810654572,2.3033240917705378
2026-03-22 00:35:00+00:00,0.0,0.0,0.0,0.0,-45.30443810654572,2.3033240917705378
2026-03-22 00:40:00+00:00,0.0,0.0,0.0,0.0,-45.30443810654572,2.3033240917705378
2026-03-22 00:45:00+00:00,0.0,0.0,0.0,0.0,-45.30443810654572,2.3033240917705378
2026-03-22 00:50:00+00:00,0.0,0.0,0.0,0.0,-45.30443810654572,2.3033240917705378
2026-03-22 00:55:00+00:00,0.0,0.0,0.0,0.0,-45.30443810654572,2.3033240917705378
2026-03-22 01:00:00+00:00,0.0,0.0,0.0,0.0,-45.30443810654572,2.3033240917705378
2026-03-22 01:05:00+00:00,0.0,0.0,0.0,0.0,-45.30443810654572,2.3033240917705378
2026-03-22 01:10:00+00:00,0.0,0.0,0.0,0.0,-45.30443810654572,2.3033240917705378
2026-03-22 01:15:00+00:00,0.0,0.0,0.0,0.0,-45.30443810654572,2.3033240917705378
2026-03-22 01:20:00+00:00,0.0,0.0,0.0,0.0,-45.30443810654572,2.3033240917705378
2026-03-22 01:25:00+00:00,0.0,0.0,0.0,0.0,-45.30443810654572,2.3033240917705378
2026-03-22 01:30:00+00:00,0.0,0.0,0.0,0.0,-45.30443810654572,2.3033240917705378
2026-03-22 01:35:00+00:00,0.0,0.0,0.0,0.0,-45.30443810654572,2.3033240917705378
2026-03-22 01:40:00+00:00,0.0,0.0,0.0,0.0,-45.30443810654572,2.3033240917705378
2026-03-22 01:45:00+00:00,0.0,0.0,0.0,0.0,-45.30443810654572,2.3033240917705378
2026-03-22 01:50:00+00:00,0.0,0.0,0.0,0.0,-45.30443810654572,2.3033240917705378
2026-03-22 01:55:00+00:00,0.0,0.0,0.0,0.0,-45.30443810654572,2.3033240917705378
2026-03-22 02:00:00+00:00,0.0,0.0,0.0,0.0,-45.30443810654572,2.3033240917705378
2026-03-22 02:05:00+00:00,0.0,0.0,0.0,0.0,-45.30443810654572,2.3033240917705378
2026-03-22 02:10:00+00:00,0.0,0.0,0.0,0.0,-45.30443810654572,2.3033240917705378
2026-03-22 02:15:00+00:00,0.0,0.0,0.0,0.0,-45.30443810654572,2.3033240917705378
2026-03-22 02:20:00+00:00,0.0,0.0,0.0,0.0,-45.30443810654572,2.3033240917705378
2026-03-22 02:25:00+00:00,0.0,0.0,0.0,0.0,-45.30443810654572,2.3033240917705378
2026-03-22 02:30:00+00:00,0.0,0.0,0.0,0.0,-45.30443810654572,2.3033240917705378
2026-03-22 02:35:00+00:00,0.0,0.0,0.0,0.0,-45.30443810654572,2.3033240917705378
2026-03-22 02:40:00+00:00,0.0,0.0,0.0,0.0,-45.30443810654572,2.3033240917705378
2026-03-22 02:45:00+00:00,0.0,0.0,0.0,0.0,-45.30443810654572,2.3033240917705378
2026-03-22 02:50:00+00:00,0.0,0.0,0.0,0.0,-45.30443810654572,2.3033240917705378
2026-03-22 02:55:00+00:00,0.0,0.0,0.0,0.0,-45.30443810654572,2.3033240917705378
2026-03-22 03:00:00+00:00,0.0,0.0,0.0,0.0,-45.30443810654572,2.3033240917705378
2026-03-22 03:05:00+00:00,0.0,0.0,0.0,0.0,-45.30443810654572,2.3033240917705378
2026-03-22 03:10:00+00:00,0.0,0.0,0.0,0.0,-45.30443810654572,2.3033240917705378
2026-03-22 03:15:00+00:00,0.0,0.0,0.0,0.0,-45.30443810654572,2.3033240917705378
2026-03-22 03:20:00+00:00,0.0,0.0,0.0,0.0,-45.30443810654572,2.3033240917705378
2026-03-22 03:25:00+00:00,0.0,0.0,0.0,0.0,-45.30443810654572,2.3033240917705378
2026-03-22 03:30:00+00:00,0.0,0.0,0.0,0.0,-45.30443810654572,2.3033240917705378
2026-03-22 03:35:00+00:00,0.0,0.0,0.0,0.0,-45.30443810654572,2.3033240917705378
2026-03-22 03:40:00+00:00,0.0,0.0,0.0,0.0,-45.30443810654572,2.3033240917705378
2026-03-22 03:45:00+00:00,0.0,0.0,0.0,0.0,-45.30443810654572,2.3033240917705378
2026-03-22 03:50:00+00:00,0.0,0.0,0.0,0.0,-45.30443810654572,2.3033240917705378
2026-03-22 03:55:00+00:00,0.0,0.0,0.0,0.0,-45.30443810654572,2.3033240917705378
2026-03-22 04:00:00+00:00,0.0,0.0,0.0,0.0,-45.30443810654572,2.3033240917705378
2026-03-22 04:05:00+00:00,0.0,0.0,0.0,0.0,-45.30443810654572,2.3033240917705378
2026-03-22 04:10:00+00:00,0.0,0.0,0.0,0.0,-45.30443810654572,2.3033240917705378
2026-03-22 04:15:00+00:00,0.0,0.0,0.0,0.0,-45.30443810654572,2.3033240917705378
2026-03-22 04:20:00+00:00,0.0,0.0,0.0,0.0,-45.30443810654572,2.3033240917705378
2026-03-22 04:25:00+00:00,0.0,0.0,0.0,0.0,-45.30443810654572,2.3033240917705378
2026-03-22 04:30:00+00:00,0.0,0.0,0.0,0.0,-45.30443810654572,2.3033240917705378
2026-03-22 04:35:00+00:00,0.0,0.0,0.0,0.0,-45.30443810654572,2.3033240917705378
2026-03-22 04:40:00+00:00,0.0,0.0,0.0,0.0,-45.30443810654572,2.3033240917705378
2026-03-22 04:45:00+00:00,0.0,0.0,0.0,0.0,-45.30443810654572,2.3033240917705378
2026-03-22 04:50:00+00:00,0.0,0.0,0.0,0.0,-45.30443810654572,2.3033240917705378
2026-03-22 04:55:00+00:00,0.0,0.0,0.0,0.0,-45.30443810654572,2.3033240917705378
2026-03-22 05:00:00+00:00,0.0,0.0,0.0,0.0,-45.30443810654572,2.3033240917705378
2026-03-22 05:05:00+00:00,0.0,0.0,0.0,0.0,-45.30443810654572,2.3033240917705378
2026-03-22 05:10:00+00:00,0.0,0.0,0.0,0.0,-45.30443810654572,2.3033240917705378
2026-03-22 05:15:00+00:00,0.0,0.0,0.0,0.0,-45.30443810654572,2.3033240917705378
2026-03-22 05:20:00+00:00,0.0,0.0,0.0,0.0,-45.30443810654572,2.3033240917705378
2026-03-22 05:25:00+00:00,0.0,0.0,0.0,0.0,-45.30443810654572,2.3033240917705378
2026-03-22 05:30:00+00:00,0.0,0.0,0.0,0.0,-45.30443810654572,2.3033240917705378
2026-03-22 05:35:00+00:00,0.0,0.0,0.0,0.0,-45.30443810654572,2.3033240917705378
2026-03-22 05:40:00+00:00,0.0,0.0,0.0,0.0,-45.30443810654572,2.3033240917705378
2026-03-22 05:45:00+00:00,0.0,0.0,0.0,0.0,-45.30443810654572,2.3033240917705378
2026-03-22 05:50:00+00:00,0.0,0.0,0.0,0.0,-45.30443810654572,2.3033240917705378
2026-03-22 05:55:00+00:00,0.0,0.0,0.0,0.0,-45.30443810654572,2.3033240917705378
2026-03-22 06:00:00+00:00,0.0,0.0,0.0,0.0,-45.30443810654572,2.3033240917705378
2026-03-22 06:05:00+00:00,0.0,0.0,0.0,0.0,-45.30443810654572,2.3033240917705378
2026-03-22 06:10:00+00:00,0.0,0.0,0.0,0.0,-45.30443810654572,2.3033240917705378
2026-03-22 06:15:00+00:00,0.0,0.0,0.0,0.0,-45.30443810654572,2.3033240917705378
2026-03-22 06:20:00+00:00,0.0,0.0,0.0,0.0,-45.30443810654572,2.3033240917705378
2026-03-22 06:25:00+00:00,0.0,0.0,0.0,0.0,-45.30443810654572,2.3033240917705378
2026-03-22 06:30:00+00:00,0.0,0.0,0.0,0.0,-45.30443810654572,2.3033240917705378
2026-03-22 06:35:00+00:00,0.0,0.0,0.0,0.0,-45.30443810654572,2.3033240917705378
2026-03-22 06:40:00+00:00,0.0,0.0,0.0,0.0,-45.30443810654572,2.3033240917705378
2026-03-22 06:45:00+00:00,0.0,0.0,0.0,0.0,-45.30443810654572,2.3033240917705378
2026-03-22 06:50:00+00:00,0.0,0.0,0.0,0.0,-45.30443810654572,2.3033240917705378
2026-03-22 06:55:00+00:00,0.0,0.0,0.0,0.0,-45.30443810654572,2.3033240917705378
2026-03-22 07:00:00+00:00,0.0,0.0,0.0,0.0,-45.30443810654572,2.3033240917705378
2026-03-22 07:05:00+00:00,0.0,0.0,0.0,0.0,-45.30443810654572,2.3033240917705378
2026-03-22 07:10:00+00:00,0.0,0.0,0.0,0.0,-45.30443810654572,2.3033240917705378
2026-03-22 07:15:00+00:00,0.0,0.0,0.0,0.0,-45.30443810654572,2.3033240917705378
2026-03-22 07:20:00+00:00,0.0,0.0,0.0,0.0,-45.30443810654572,2.3033240917705378
2026-03-22 07:25:00+00:00,0.0,0.0,0.0,0.0,-45.30443810654572,2.3033240917705378
2026-03-22 07:30:00+00:00,0.0,0.0,0.0,0.0,-45.30443810654572,2.3033240917705378
2026-03-22 07:35:00+00:00,0.0,0.0,0.0,0.0,-45.30443810654572,2.3033240917705378
2026-03-22 07:40:00+00:00,0.0,0.0,0.0,0.0,-45.30443810654572,2.3033240917705378
2026-03-22 07:45:00+00:00,0.0,0.0,0.0,0.0,-45.30443810654572,2.3033240917705378
2026-03-22 07:50:00+00:00,0.0,0.0,0.0,0.0,-45.30443810654572,2.3033240917705378
2026-03-22 07:55:00+00:00,0.0,0.0,0.0,0.0,-45.30443810654572,2.3033240917705378
2026-03-22 08:00:00+00:00,0.0,0.0,0.0,0.0,-45.30443810654572,2.3033240917705378
2026-03-22 08:05:00+00:00,0.0,0.0,0.0,0.0,-45.30443810654572,2.3033240917705378
2026-03-22 08:10:00+00:00,0.0,0.0,0.0,0.0,-45.30443810654572,2.3033240917705378
2026-03-22 08:15:00+00:00,0.0,0.0,0.0,0.0,-45.30443810654572,2.3033240917705378
2026-03-22 08:20:00+00:00,0.0,0.0,0.0,0.0,-45.30443810654572,2.3033240917705378
2026-03-22 08:25:00+00:00,0.0,0.0,0.0,0.0,-45.30443810654572,2.3033240917705378
2026-03-22 08:30:00+00:00,0.0,0.0,0.0,0.0,-45.30443810654572,2.3033240917705378
2026-03-22 08:35:00+00:00,0.0,0.0,0.0,0.0,-45.30443810654572,2.3033240917705378
2026-03-22 08:40:00+00:00,0.0,0.0,0.0,0.0,-45.30443810654572,2.3033240917705378
2026-03-22 08:45:00+00:00,0.0,0.0,0.0,0.0,-45.30443810654572,2.3033240917705378
2026-03-22 08:50:00+00:00,0.0,0.0,0.0,0.0,-45.30443810654572,2.3033240917705378
2026-03-22 08:55:00+00:00,0.0,0.0,0.0,0.0,-45.30443810654572,2.3033240917705378
2026-03-22 09:00:00+00:00,0.0,0.0,0.0,0.0,-45.30443810654572,2.3033240917705378
2026-03-22 09:05:00+00:00,0.0,0.0,0.0,0.0,-45.30443810654572,2.3033240917705378
2026-03-22 09:10:00+00:00,0.0,0.0,0.0,0.0,-45.30443810654572,2.3033240917705378
2026-03-22 09:15:00+00:00,0.0,0.0,0.0,0.0,-45.30443810654572,2.3033240917705378
2026-03-22 09:20:00+00:00,0.0,0.0,0.0,0.0,-45.30443810654572,2.3033240917705378
2026-03-22 09:25:00+00:00,0.0,0.0,0.0,0.0,-45.30443810654572,2.3033240917705378
2026-03-22 09:30:00+00:00,0.0,0.0,0.0,0.0,-45.30443810654572,2.3033240917705378
2026-03-22 09:35:00+00:00,0.0,0.0,0.0,0.0,-45.30443810654572,2.3033240917705378
2026-03-22 09:40:00+00:00,0.0,0.0,0.0,0.0,-45.30443810654572,2.3033240917705378
2026-03-22 09:45:00+00:00,0.0,0.0,0.0,0.0,-45.30443810654572,2.3033240917705378
2026-03-22 09:50:00+00:00,0.0,0.0,0.0,0.0,-45.30443810654572,2.3033240917705378
2026-03-22 09:55:00+00:00,0.0,0.0,0.0,0.0,-45.30443810654572,2.3033240917705378
2026-03-22 10:00:00+00:00,0.0,0.0,0.0,0.0,-45.30443810654572,2.3033240917705378
2026-03-22 10:05:00+00:00,0.0,0.0,0.0,0.0,-45.30443810654572,2.3033240917705378
2026-03-22 10:10:00+00:00,0.0,0.0,0.0,0.0,-45.30443810654572,2.3033240917705378
2026-03-22 10:15:00+00:00,0.0,0.0,0.0,0.0,-45.30443810654572,2.3033240917705378
2026-03-22 10:20:00+00:00,0.0,0.0,0.0,0.0,-45.30443810654572,2.3033240917705378
2026-03-22 10:25:00+00:00,0.0,0.0,0.0,0.0,-45.30443810654572,2.3033240917705378
2026-03-22 10:30:00+00:00,0.0,0.0,0.0,0.0,-45.30443810654572,2.3033240917705378
2026-03-22 10:35:00+00:00,0.0,0.0,0.0,0.0,-45.30443810654572,2.3033240917705378
2026-03-22 10:40:00+00:00,0.0,0.0,0.0,0.0,-45.30443810654572,2.3033240917705378
2026-03-22 10:45:00+00:00,0.0,0.0,0.0,0.0,-45.30443810654572,2.3033240917705378
2026-03-22 10:50:00+00:00,0.0,0.0,0.0,0.0,-45.30443810654572,2.3033240917705378
2026-03-22 10:55:00+00:00,0.0,0.0,0.0,0.0,-45.30443810654572,2.3033240917705378
2026-03-22 11:00:00+00:00,0.0,0.0,0.0,0.0,-45.30443810654572,2.3033240917705378
2026-03-22 11:05:00+00:00,0.0,0.0,0.0,0.0,-45.30443810654572,2.3033240917705378
2026-03-22 11:10:00+00:00,0.0,0.0,0.0,0.0,-45.30443810654572,2.3033240917705378
2026-03-22 11:15:00+00:00,0.0,0.0,0.0,0.0,-45.30443810654572,2.3033240917705378
2026-03-22 11:20:00+00:00,0.0,0.0,0.0,0.0,-45.30443810654572,2.3033240917705378
2026-03-22 11:25:00+00:00,0.0,0.0,0.0,0.0,-45.30443810654572,2.3033240917705378
2026-03-22 11:30:00+00:00,0.0,0.0,0.0,0.0,-45.30443810654572,2.3033240917705378
2026-03-22 11:35:00+00:00,0.0,0.0,0.0,0.0,-45.30443810654572,2.3033240917705378
2026-03-22 11:40:00+00:00,0.0,0.0,0.0,0.0,-45.30443810654572,2.3033240917705378
2026-03-22 11:45:00+00:00,0.0,0.0,0.0,0.0,-45.30443810654572,2.3033240917705378
2026-03-22 11:50:00+00:00,0.0,0.0,0.0,0.0,-45.30443810654572,2.3033240917705378
2026-03-22 11:55:00+00:00,0.0,0.0,0.0,0.0,-45.30443810654572,2.3033240917705378
2026-03-22 12:00:00+00:00,0.0,0.0,0.0,0.0,-45.30443810654572,2.3033240917705378
2026-03-22 12:05:00+00:00,0.0,0.0,0.0,0.0,-45.30443810654572,2.3033240917705378
2026-03-22 12:10:00+00:00,0.0,0.0,0.0,0.0,-45.30443810654572,2.3033240917705378
2026-03-22 12:15:00+00:00,0.0,0.0,0.0,0.0,-45.30443810654572,2.3033240917705378
2026-03-22 12:20:00+00:00,0.0,0.0,0.0,0.0,-45.30443810654572,2.3033240917705378
2026-03-22 12:25:00+00:00,0.0,0.0,0.0,0.0,-45.30443810654572,2.3033240917705378
2026-03-22 12:30:00+00:00,0.0,0.0,0.0,0.0,-45.30443810654572,2.3033240917705378
2026-03-22 12:35:00+00:00,0.0,0.0,0.0,0.0,-45.30443810654572,2.3033240917705378
2026-03-22 12:40:00+00:00,0.0,0.0,0.0,0.0,-45.30443810654572,2.3033240917705378
2026-03-22 12:45:00+00:00,0.0,0.0,0.0,0.0,-45.30443810654572,2.3033240917705378
2026-03-22 12:50:00+00:00,0.0,0.0,0.0,0.0,-45.30443810654572,2.3033240917705378
2026-03-22 12:55:00+00:00,0.0,0.0,0.0,0.0,-45.30443810654572,2.3033240917705378
2026-03-22 13:00:00+00:00,0.0,0.0,0.0,0.0,-45.30443810654572,2.3033240917705378
2026-03-22 13:05:00+00:00,0.0,0.0,0.0,0.0,-45.30443810654572,2.3033240917705378
2026-03-22 13:10:00+00:00,0.0,0.0,0.0,0.0,-45.30443810654572,2.3033240917705378
2026-03-22 13:15:00+00:00,0.0,0.0,0.0,0.0,-45.30443810654572,2.3033240917705378
2026-03-22 13:20:00+00:00,0.0,0.0,0.0,0.0,-45.30443810654572,2.3033240917705378
2026-03-22 13:25:00+00:00,0.0,0.0,0.0,0.0,-45.30443810654572,2.3033240917705378
2026-03-22 13:30:00+00:00,0.0,0.0,0.0,0.0,-45.30443810654572,2.3033240917705378
2026-03-22 13:35:00+00:00,0.0,0.0,0.0,0.0,-45.30443810654572,2.3033240917705378
2026-03-22 13:40:00+00:00,0.0,0.0,0.0,0.0,-45.30443810654572,2.3033240917705378
2026-03-22 13:45:00+00:00,0.0,0.0,0.0,0.0,-45.30443810654572,2.3033240917705378
2026-03-22 13:50:00+00:00,0.0,0.0,0.0,0.0,-45.30443810654572,2.3033240917705378
2026-03-22 13:55:00+00:00,0.0,0.0,0.0,0.0,-45.30443810654572,2.3033240917705378
2026-03-22 14:00:00+00:00,0.0,0.0,0.0,0.0,-45.30443810654572,2.3033240917705378
2026-03-22 14:05:00+00:00,0.0,0.0,0.0,0.0,-45.30443810654572,2.3033240917705378
2026-03-22 14:10:00+00:00,0.0,0.0,0.0,0.0,-45.30443810654572,2.3033240917705378
2026-03-22 14:15:00+00:00,0.0,0.0,0.0,0.0,-45.30443810654572,2.3033240917705378
2026-03-22 14:20:00+00:00,0.0,0.0,0.0,0.0,-45.30443810654572,2.3033240917705378
2026-03-22 14:25:00+00:00,0.0,0.0,0.0,0.0,-45.30443810654572,2.3033240917705378
2026-03-22 14:30:00+00:00,0.0,0.0,0.0,0.0,-45.30443810654572,2.3033240917705378
2026-03-22 14:35:00+00:00,0.0,0.0,0.0,0.0,-45.30443810654572,2.3033240917705378
2026-03-22 14:40:00+00:00,0.0,0.0,0.0,0.0,-45.30443810654572,2.3033240917705378
2026-03-22 14:45:00+00:00,0.0,0.0,0.0,0.0,-45.30443810654572,2.3033240917705378
2026-03-22 14:50:00+00:00,0.0,0.0,0.0,0.0,-45.30443810654572,2.3033240917705378
2026-03-22 14:55:00+00:00,0.0,0.0,0.0,0.0,-45.30443810654572,2.3033240917705378
2026-03-22 15:00:00+00:00,0.0,0.0,0.0,0.0,-45.30443810654572,2.3033240917705378
2026-03-22 15:05:00+00:00,0.0,0.0,0.0,0.0,-45.30443810654572,2.3033240917705378
2026-03-22 15:10:00+00:00,0.0,0.0,0.0,0.0,-45.30443810654572,2.3033240917705378
2026-03-22 15:15:00+00:00,0.0,0.0,0.0,0.0,-45.30443810654572,2.3033240917705378
2026-03-22 15:20:00+00:00,0.0,0.0,0.0,0.0,-45.30443810654572,2.3033240917705378
2026-03-22 15:25:00+00:00,0.0,0.0,0.0,0.0,-45.30443810654572,2.3033240917705378
2026-03-22 15:30:00+00:00,0.0,0.0,0.0,0.0,-45.30443810654572,2.3033240917705378
2026-03-22 15:35:00+00:00,0.0,0.0,0.0,0.0,-45.30443810654572,2.3033240917705378
2026-03-22 15:40:00+00:00,0.0,0.0,0.0,0.0,-45.30443810654572,2.3033240917705378
2026-03-22 15:45:00+00:00,0.0,0.0,0.0,0.0,-45.30443810654572,2.3033240917705378
2026-03-22 15:50:00+00:00,0.0,0.0,0.0,0.0,-45.30443810654572,2.3033240917705378
2026-03-22 15:55:00+00:00,0.0,0.0,0.0,0.0,-45.30443810654572,2.3033240917705378
2026-03-22 16:00:00+00:00,0.0,0.0,0.0,0.0,-45.30443810654572,2.3033240917705378
2026-03-22 16:05:00+00:00,0.0,0.0,0.0,0.0,-45.30443810654572,2.3033240917705378
2026-03-22 16:10:00+00:00,0.0,0.0,0.0,0.0,-45.30443810654572,2.3033240917705378
2026-03-22 16:15:00+00:00,0.0,0.0,0.0,0.0,-45.30443810654572,2.3033240917705378
2026-03-22 16:20:00+00:00,0.0,0.0,0.0,0.0,-45.30443810654572,2.3033240917705378
2026-03-22 16:25:00+00:00,0.0,0.0,0.0,0.0,-45.30443810654572,2.3033240917705378
2026-03-22 16:30:00+00:00,0.0,0.0,0.0,0.0,-45.30443810654572,2.3033240917705378
2026-03-22 16:35:00+00:00,0.0,0.0,0.0,0.0,-45.30443810654572,2.3033240917705378
2026-03-22 16:40:00+00:00,0.0,0.0,0.0,0.0,-45.30443810654572,2.3033240917705378
2026-03-22 16:45:00+00:00,0.0,0.0,0.0,0.0,-45.30443810654572,2.3033240917705378
2026-03-22 16:50:00+00:00,0.0,0.0,0.0,0.0,-45.30443810654572,2.3033240917705378
2026-03-22 16:55:00+00:00,0.0,0.0,0.0,0.0,-45.30443810654572,2.3033240917705378
2026-03-22 17:00:00+00:00,0.0,0.0,0.0,0.0,-45.30443810654572,2.3033240917705378
2026-03-22 17:05:00+00:00,0.0,0.0,0.0,0.0,-45.30443810654572,2.3033240917705378
2026-03-22 17:10:00+00:00,0.0,0.0,0.0,0.0,-45.30443810654572,2.3033240917705378
2026-03-22 17:15:00+00:00,0.0,0.0,0.0,0.0,-45.30443810654572,2.3033240917705378
2026-03-22 17:20:00+00:00,0.0,0.0,0.0,0.0,-45.30443810654572,2.3033240917705378
2026-03-22 17:25:00+00:00,0.0,0.0,0.0,0.0,-45.30443810654572,2.3033240917705378
2026-03-22 17:30:00+00:00,0.0,0.0,0.0,0.0,-45.30443810654572,2.3033240917705378
2026-03-22 17:35:00+00:00,0.0,0.0,0.0,0.0,-45.30443810654572,2.3033240917705378
2026-03-22 17:40:00+00:00,0.0,0.0,0.0,0.0,-45.30443810654572,2.3033240917705378
2026-03-22 17:45:00+00:00,0.0,0.0,0.0,0.0,-45.30443810654572,2.3033240917705378
2026-03-22 17:50:00+00:00,0.0,0.0,0.0,0.0,-45.30443810654572,2.3033240917705378
2026-03-22 17:55:00+00:00,0.0,0.0,0.0,0.0,-45.30443810654572,2.3033240917705378
2026-03-22 18:00:00+00:00,0.0,0.0,0.0,0.0,-45.30443810654572,2.3033240917705378
2026-03-22 18:05:00+00:00,0.0,0.0,0.0,0.0,-45.30443810654572,2.3033240917705378
2026-03-22 18:10:00+00:00,0.0,0.0,0.0,0.0,-45.30443810654572,2.3033240917705378
2026-03-22 18:15:00+00:00,0.0,0.0,0.0,0.0,-45.30443810654572,2.3033240917705378
2026-03-22 18:20:00+00:00,0.0,0.0,0.0,0.0,-45.30443810654572,2.3033240917705378
2026-03-22 18:25:00+00:00,0.0,0.0,0.0,0.0,-45.30443810654572,2.3033240917705378
2026-03-22 18:30:00+00:00,0.0,0.0,0.0,0.0,-45.30443810654572,2.3033240917705378
2026-03-22 18:35:00+00:00,0.0,0.0,0.0,0.0,-45.30443810654572,2.3033240917705378
2026-03-22 18:40:00+00:00,0.0,0.0,0.0,0.0,-45.30443810654572,2.3033240917705378
2026-03-22 18:45:00+00:00,0.0,0.0,0.0,0.0,-45.30443810654572,2.3033240917705378
2026-03-22 18:50:00+00:00,0.0,0.0,0.0,0.0,-45.30443810654572,2.3033240917705378
2026-03-22 18:55:00+00:00,0.0,0.0,0.0,0.0,-45.30443810654572,2.3033240917705378
2026-03-22 19:00:00+00:00,0.0,0.0,0.0,0.0,-45.30443810654572,2.3033240917705378
2026-03-22 19:05:00+00:00,0.0,0.0,0.0,0.0,-45.30443810654572,2.3033240917705378
2026-03-22 19:10:00+00:00,0.0,0.0,0.0,0.0,-45.30443810654572,2.3033240917705378
2026-03-22 19:15:00+00:00,0.0,0.0,0.0,0.0,-45.30443810654572,2.3033240917705378
2026-03-22 19:20:00+00:00,0.0,0.0,0.0,0.0,-45.30443810654572,2.3033240917705378
2026-03-22 19:25:00+00:00,0.0,0.0,0.0,0.0,-45.30443810654572,2.3033240917705378
2026-03-22 19:30:00+00:00,0.0,0.0,0.0,0.0,-45.30443810654572,2.3033240917705378
2026-03-22 19:35:00+00:00,0.0,0.0,0.0,0.0,-45.30443810654572,2.3033240917705378
2026-03-22 19:40:00+00:00,0.0,0.0,0.0,0.0,-45.30443810654572,2.3033240917705378
2026-03-22 19:45:00+00:00,0.0,0.0,0.0,0.0,-45.30443810654572,2.3033240917705378
2026-03-22 19:50:00+00:00,0.0,0.0,0.0,0.0,-45.30443810654572,2.3033240917705378
2026-03-22 19:55:00+00:00,0.0,0.0,0.0,0.0,-45.30443810654572,2.3033240917705378
2026-03-22 20:00:00+00:00,0.0,0.0,0.0,0.0,-45.30443810654572,2.3033240917705378
2026-03-22 20:05:00+00:00,0.0,0.0,0.0,0.0,-45.30443810654572,2.3033240917705378
2026-03-22 20:10:00+00:00,0.0,0.0,0.0,0.0,-45.30443810654572,2.3033240917705378
2026-03-22 20:15:00+00:00,0.0,0.0,0.0,0.0,-45.30443810654572,2.3033240917705378
2026-03-22 20:20:00+00:00,0.0,0.0,0.0,0.0,-45.30443810654572,2.3033240917705378
2026-03-22 20:25:00+00:00,0.0,0.0,0.0,0.0,-45.30443810654572,2.3033240917705378
2026-03-22 20:30:00+00:00,0.0,0.0,0.0,0.0,-45.30443810654572,2.3033240917705378
2026-03-22 20:35:00+00:00,0.0,0.0,0.0,0.0,-45.30443810654572,2.3033240917705378
2026-03-22 20:40:00+00:00,0.0,0.0,0.0,0.0,-45.30443810654572,2.3033240917705378
2026-03-22 20:45:00+00:00,0.0,0.0,0.0,0.0,-45.30443810654572,2.3033240917705378
2026-03-22 20:50:00+00:00,0.0,0.0,0.0,0.0,-45.30443810654572,2.3033240917705378
2026-03-22 20:55:00+00:00,0.0,0.0,0.0,0.0,-45.30443810654572,2.3033240917705378
2026-03-22 21:00:00+00:00,0.0,0.0,0.0,0.0,-45.30443810654572,2.3033240917705378
2026-03-22 21:05:00+00:00,0.0,0.0,0.0,0.0,-45.30443810654572,2.3033240917705378
2026-03-22 21:10:00+00:00,0.0,0.0,0.0,0.0,-45.30443810654572,2.3033240917705378
2026-03-22 21:15:00+00:00,0.0,0.0,0.0,0.0,-45.30443810654572,2.3033240917705378
2026-03-22 21:20:00+00:00,0.0,0.0,0.0,0.0,-45.30443810654572,2.3033240917705378
2026-03-22 21:25:00+00:00,0.0,0.0,0.0,0.0,-45.30443810654572,2.3033240917705378
2026-03-22 21:30:00+00:00,0.0,0.0,0.0,0.0,-45.30443810654572,2.3033240917705378
2026-03-22 21:35:00+00:00,0.0,0.0,0.0,0.0,-45.30443810654572,2.3033240917705378
2026-03-22 21:40:00+00:00,0.0,0.0,0.0,0.0,-45.30443810654572,2.3033240917705378
2026-03-22 21:45:00+00:00,0.0,0.0,0.0,0.0,-45.30443810654572,2.3033240917705378
2026-03-22 21:50:00+00:00,0.0,0.0,0.0,0.0,-45.30443810654572,2.3033240917705378
2026-03-22 21:55:00+00:00,0.0,0.0,0.0,0.0,-45.30443810654572,2.3033240917705378
2026-03-22 22:00:00+00:00,0.0,0.0,0.0,0.0,-45.30443810654572,2.3033240917705378
2026-03-22 22:05:00+00:00,0.0,0.0,0.0,0.0,-45.30443810654572,2.3033240917705378
2026-03-22 22:10:00+00:00,0.0,0.0,0.0,0.0,-45.30443810654572,2.3033240917705378
2026-03-22 22:15:00+00:00,0.0,0.0,0.0,0.0,-45.30443810654572,2.3033240917705378
2026-03-22 22:20:00+00:00,0.0,0.0,0.0,0.0,-45.30443810654572,2.3033240917705378
2026-03-22 22:25:00+00:00,0.0,0.0,0.0,0.0,-45.30443810654572,2.3033240917705378
2026-03-22 22:30:00+00:00,0.0,0.0,0.0,0.0,-45.30443810654572,2.3033240917705378
2026-03-22 22:35:00+00:00,0.0,0.0,0.0,0.0,-45.30443810654572,2.3033240917705378
2026-03-22 22:40:00+00:00,0.0,0.0,0.0,0.0,-45.30443810654572,2.3033240917705378
2026-03-22 22:45:00+00:00,0.0,0.0,0.0,0.0,-45.30443810654572,2.3033240917705378
2026-03-22 22:50:00+00:00,0.0,0.0,0.0,0.0,-45.30443810654572,2.3033240917705378
2026-03-22 22:55:00+00:00,0.0,0.0,0.0,0.0,-45.30443810654572,2.3033240917705378
2026-03-22 23:00:00+00:00,0.0,0.0,0.0,0.0,-45.30443810654572,2.3033240917705378
2026-03-22 23:05:00+00:00,0.0,0.0,0.0,0.0,-45.30443810654572,2.3033240917705378
2026-03-22 23:10:00+00:00,0.0,0.0,0.0,0.0,-45.30443810654572,2.3033240917705378
2026-03-22 23:15:00+00:00,0.0,0.0,0.0,0.0,-45.30443810654572,2.3033240917705378
2026-03-22 23:20:00+00:00,0.0,0.0,0.0,0.0,-45.30443810654572,2.3033240917705378
2026-03-22 23:25:00+00:00,0.0,0.0,0.0,0.0,-45.30443810654572,2.3033240917705378
2026-03-22 23:30:00+00:00,0.0,0.0,0.0,0.0,-45.30443810654572,2.3033240917705378
2026-03-22 23:35:00+00:00,0.0,0.0,0.0,0.0,-45.30443810654572,2.3033240917705378
2026-03-22 23:40:00+00:00,0.0,0.0,0.0,0.0,-45.30443810654572,2.3033240917705378
2026-03-22 23:45:00+00:00,0.0,0.0,0.0,0.0,-45.30443810654572,2.3033240917705378
2026-03-22 23:50:00+00:00,0.0,0.0,0.0,0.0,-45.30443810654572,2.3033240917705378
2026-03-22 23:55:00+00:00,0.0,0.0,0.0,0.0,-45.30443810654572,2.3033240917705378
2026-03-23 00:00:00+00:00,0.0,0.0,0.0,0.0,-45.30443810654572,2.3033240917705378
2026-03-23 00:05:00+00:00,0.0,0.0,0.0,0.0,-45.30443810654572,2.3033240917705378
2026-03-23 00:10:00+00:00,0.0,0.0,0.0,0.0,-45.30443810654572,2.3033240917705378
2026-03-23 00:15:00+00:00,0.0,0.0,0.0,0.0,-45.30443810654572,2.3033240917705378
2026-03-23 00:20:00+00:00,0.0,0.0,0.0,0.0,-45.30443810654572,2.3033240917705378
2026-03-23 00:25:00+00:00,0.0,0.0,0.0,0.0,-45.30443810654572,2.3033240917705378
2026-03-23 00:30:00+00:00,0.0,0.0,0.0,0.0,-45.30443810654572,2.3033240917705378
2026-03-23 00:35:00+00:00,0.0,0.0,0.0,0.0,-45.30443810654572,2.3033240917705378
2026-03-23 00:40:00+00:00,0.0,0.0,0.0,0.0,-45.30443810654572,2.3033240917705378
2026-03-23 00:45:00+00:00,0.0,0.0,0.0,0.0,-45.30443810654572,2.3033240917705378
2026-03-23 00:50:00+00:00,0.0,0.0,0.0,0.0,-45.30443810654572,2.3033240917705378
2026-03-23 00:55:00+00:00,0.0,0.0,0.0,0.0,-45.30443810654572,2.3033240917705378
2026-03-23 01:00:00+00:00,0.0,0.0,0.0,0.0,-45.30443810654572,2.3033240917705378
2026-03-23 01:05:00+00:00,0.0,0.0,0.0,0.0,-45.30443810654572,2.3033240917705378
2026-03-23 01:10:00+00:00,0.0,0.0,0.0,0.0,-45.30443810654572,2.3033240917705378
2026-03-23 01:15:00+00:00,0.0,0.0,0.0,0.0,-45.30443810654572,2.3033240917705378
2026-03-23 01:20:00+00:00,0.0,0.0,0.0,0.0,-45.30443810654572,2.3033240917705378
2026-03-23 01:25:00+00:00,0.0,0.0,0.0,0.0,-45.30443810654572,2.3033240917705378
2026-03-23 01:30:00+00:00,0.0,0.0,0.0,0.0,-45.30443810654572,2.3033240917705378
2026-03-23 01:35:00+00:00,0.0,0.0,0.0,0.0,-45.30443810654572,2.3033240917705378
2026-03-23 01:40:00+00:00,0.0,0.0,0.0,0.0,-45.30443810654572,2.3033240917705378
2026-03-23 01:45:00+00:00,0.0,0.0,0.0,0.0,-45.30443810654572,2.3033240917705378
2026-03-23 01:50:00+00:00,0.0,0.0,0.0,0.0,-45.30443810654572,2.3033240917705378
2026-03-23 01:55:00+00:00,0.0,0.0,0.0,0.0,-45.30443810654572,2.3033240917705378
2026-03-23 02:00:00+00:00,0.0,0.0,0.0,0.0,-45.30443810654572,2.3033240917705378
2026-03-23 02:05:00+00:00,0.0,0.0,0.0,0.0,-45.30443810654572,2.3033240917705378
2026-03-23 02:10:00+00:00,0.0,0.0,0.0,0.0,-45.30443810654572,2.3033240917705378
2026-03-23 02:15:00+00:00,0.0,0.0,0.0,0.0,-45.30443810654572,2.3033240917705378
2026-03-23 02:20:00+00:00,0.0,0.0,0.0,0.0,-45.30443810654572,2.3033240917705378
2026-03-23 02:25:00+00:00,0.0,0.0,0.0,0.0,-45.30443810654572,2.3033240917705378
2026-03-23 02:30:00+00:00,0.0,0.0,0.0,0.0,-45.30443810654572,2.3033240917705378
2026-03-23 02:35:00+00:00,0.0,0.0,0.0,0.0,-45.30443810654572,2.3033240917705378
2026-03-23 02:40:00+00:00,0.0,0.0,0.0,0.0,-45.30443810654572,2.3033240917705378
2026-03-23 02:45:00+00:00,0.0,0.0,0.0,0.0,-45.30443810654572,2.3033240917705378
2026-03-23 02:50:00+00:00,0.0,0.0,0.0,0.0,-45.30443810654572,2.3033240917705378
2026-03-23 02:55:00+00:00,0.0,0.0,0.0,0.0,-45.30443810654572,2.3033240917705378
2026-03-23 03:00:00+00:00,0.0,0.0,0.0,0.0,-45.30443810654572,2.3033240917705378
2026-03-23 03:05:00+00:00,0.0,0.0,0.0,0.0,-45.30443810654572,2.3033240917705378
2026-03-23 03:10:00+00:00,0.0,0.0,0.0,0.0,-45.30443810654572,2.3033240917705378
2026-03-23 03:15:00+00:00,0.0,0.0,0.0,0.0,-45.30443810654572,2.3033240917705378
2026-03-23 03:20:00+00:00,0.0,0.0,0.0,0.0,-45.30443810654572,2.3033240917705378
2026-03-23 03:25:00+00:00,0.0,0.0,0.0,0.0,-45.30443810654572,2.3033240917705378
2026-03-23 03:30:00+00:00,0.0,0.0,0.0,0.0,-45.30443810654572,2.3033240917705378
2026-03-23 03:35:00+00:00,0.0,0.0,0.0,0.0,-45.30443810654572,2.3033240917705378
2026-03-23 03:40:00+00:00,0.0,0.0,0.0,0.0,-45.30443810654572,2.3033240917705378
2026-03-23 03:45:00+00:00,0.0,0.0,0.0,0.0,-45.30443810654572,2.3033240917705378
2026-03-23 03:50:00+00:00,0.0,0.0,0.0,0.0,-45.30443810654572,2.3033240917705378
2026-03-23 03:55:00+00:00,0.0,0.0,0.0,0.0,-45.30443810654572,2.3033240917705378
2026-03-23 04:00:00+00:00,0.0,0.0,0.0,0.0,-45.30443810654572,2.3033240917705378
2026-03-23 04:05:00+00:00,0.0,0.0,0.0,0.0,-45.30443810654572,2.3033240917705378
2026-03-23 04:10:00+00:00,0.0,0.0,0.0,0.0,-45.30443810654572,2.3033240917705378
2026-03-23 04:15:00+00:00,0.0,0.0,0.0,0.0,-45.30443810654572,2.3033240917705378
2026-03-23 04:20:00+00:00,0.0,0.0,0.0,0.0,-45.30443810654572,2.3033240917705378
2026-03-23 04:25:00+00:00,0.0,0.0,0.0,0.0,-45.30443810654572,2.3033240917705378
2026-03-23 04:30:00+00:00,0.0,0.0,0.0,0.0,-45.30443810654572,2.3033240917705378
2026-03-23 04:35:00+00:00,0.0,0.0,0.0,0.0,-45.30443810654572,2.3033240917705378
2026-03-23 04:40:00+00:00,0.0,0.0,0.0,0.0,-45.30443810654572,2.3033240917705378
2026-03-23 04:45:00+00:00,0.0,0.0,0.0,0.0,-45.30443810654572,2.3033240917705378
2026-03-23 04:50:00+00:00,0.0,0.0,0.0,0.0,-45.30443810654572,2.3033240917705378
2026-03-23 04:55:00+00:00,0.0,0.0,0.0,0.0,-45.30443810654572,2.3033240917705378
2026-03-23 05:00:00+00:00,0.0,0.0,0.0,0.0,-45.30443810654572,2.3033240917705378
2026-03-23 05:05:00+00:00,0.0,0.0,0.0,0.0,-45.30443810654572,2.3033240917705378
2026-03-23 05:10:00+00:00,0.0,0.0,0.0,0.0,-45.30443810654572,2.3033240917705378
2026-03-23 05:15:00+00:00,0.0,0.0,0.0,0.0,-45.30443810654572,2.3033240917705378
2026-03-23 05:20:00+00:00,0.0,0.0,0.0,0.0,-45.30443810654572,2.3033240917705378
2026-03-23 05:25:00+00:00,0.0,0.0,0.0,0.0,-45.30443810654572,2.3033240917705378
2026-03-23 05:30:00+00:00,0.0,0.0,0.0,0.0,-45.30443810654572,2.3033240917705378
2026-03-23 05:35:00+00:00,0.0,0.0,0.0,0.0,-45.30443810654572,2.3033240917705378
2026-03-23 05:40:00+00:00,0.0,0.0,0.0,0.0,-45.30443810654572,2.3033240917705378
2026-03-23 05:45:00+00:00,0.0,0.0,0.0,0.0,-45.30443810654572,2.3033240917705378
2026-03-23 05:50:00+00:00,0.0,0.0,0.0,0.0,-45.30443810654572,2.3033240917705378
2026-03-23 05:55:00+00:00,0.0,0.0,0.0,0.0,-45.30443810654572,2.3033240917705378
2026-03-23 06:00:00+00:00,0.0,0.0,0.0,0.0,-45.30443810654572,2.3033240917705378
2026-03-23 06:05:00+00:00,0.0,0.0,0.0,0.0,-45.30443810654572,2.3033240917705378
2026-03-23 06:10:00+00:00,0.0,0.0,0.0,0.0,-45.30443810654572,2.3033240917705378
2026-03-23 06:15:00+00:00,0.0,0.0,0.0,0.0,-45.30443810654572,2.3033240917705378
2026-03-23 06:20:00+00:00,0.0,0.0,0.0,0.0,-45.30443810654572,2.3033240917705378
2026-03-23 06:25:00+00:00,0.0,0.0,0.0,0.0,-45.30443810654572,2.3033240917705378
2026-03-23 06:30:00+00:00,0.0,0.0,0.0,0.0,-45.30443810654572,2.3033240917705378
2026-03-23 06:35:00+00:00,0.0,0.0,0.0,0.0,-45.30443810654572,2.3033240917705378
2026-03-23 06:40:00+00:00,0.0,0.0,0.0,0.0,-45.30443810654572,2.3033240917705378
2026-03-23 06:45:00+00:00,0.0,0.0,0.0,0.0,-45.30443810654572,2.3033240917705378
2026-03-23 06:50:00+00:00,0.0,0.0,0.0,0.0,-45.30443810654572,2.3033240917705378
2026-03-23 06:55:00+00:00,0.0,0.0,0.0,0.0,-45.30443810654572,2.3033240917705378
2026-03-23 07:00:00+00:00,0.0,0.0,0.0,0.0,-45.30443810654572,2.3033240917705378
2026-03-23 07:05:00+00:00,0.0,0.0,0.0,0.0,-45.30443810654572,2.3033240917705378
2026-03-23 07:10:00+00:00,0.0,0.0,0.0,0.0,-45.30443810654572,2.3033240917705378
2026-03-23 07:15:00+00:00,0.0,0.0,0.0,0.0,-45.30443810654572,2.3033240917705378
2026-03-23 07:20:00+00:00,0.0,0.0,0.0,0.0,-45.30443810654572,2.3033240917705378
2026-03-23 07:25:00+00:00,0.0,0.0,0.0,0.0,-45.30443810654572,2.3033240917705378
2026-03-23 07:30:00+00:00,0.0,0.0,0.0,0.0,-45.30443810654572,2.3033240917705378
2026-03-23 07:35:00+00:00,0.0,0.0,0.0,0.0,-45.30443810654572,2.3033240917705378
2026-03-23 07:40:00+00:00,0.0,0.0,0.0,0.0,-45.30443810654572,2.3033240917705378
2026-03-23 07:45:00+00:00,0.0,0.0,0.0,0.0,-45.30443810654572,2.3033240917705378
2026-03-23 07:50:00+00:00,0.0,0.0,0.0,0.0,-45.30443810654572,2.3033240917705378
2026-03-23 07:55:00+00:00,0.0,0.0,0.0,0.0,-45.30443810654572,2.3033240917705378
2026-03-23 08:00:00+00:00,0.0,0.0,0.0,0.0,-45.30443810654572,2.3033240917705378
2026-03-23 08:05:00+00:00,0.0,0.0,0.0,0.0,-45.30443810654572,2.3033240917705378
2026-03-23 08:10:00+00:00,0.0,0.0,0.0,0.0,-45.30443810654572,2.3033240917705378
2026-03-23 08:15:00+00:00,0.0,0.0,0.0,0.0,-45.30443810654572,2.3033240917705378
2026-03-23 08:20:00+00:00,0.0,0.0,0.0,0.0,-45.30443810654572,2.3033240917705378
2026-03-23 08:25:00+00:00,0.0,0.0,0.0,0.0,-45.30443810654572,2.3033240917705378
2026-03-23 08:30:00+00:00,0.0,0.0,0.0,0.0,-45.30443810654572,2.3033240917705378
2026-03-23 08:35:00+00:00,0.0,0.0,0.0,0.0,-45.30443810654572,2.3033240917705378
2026-03-23 08:40:00+00:00,0.0,0.0,0.0,0.0,-45.30443810654572,2.3033240917705378
2026-03-23 08:45:00+00:00,0.0,0.0,0.0,0.0,-45.30443810654572,2.3033240917705378
2026-03-23 08:50:00+00:00,0.0,46.0,0.0,46.0,-45.30443810654572,-6.333973380999724
2026-03-23 08:55:00+00:00,144.0,4055.0,144.0,4009.0,-38.13840066325072,-589.2213831744727
2026-03-23 09:00:00+00:00,131.0,3611.0,-13.0,-444.0,-37.97429591012157,-541.1576228656932
2026-03-23 09:05:00+00:00,171.0,3771.0,40.0,160.0,-36.0908759435148,-558.3438291443699
2026-03-23 09:10:00+00:00,133.0,3229.0,-38.0,-542.0,-37.14618876467234,-496.3236706189763
2026-03-23 09:15:00+00:00,89.0,2683.0,-44.0,-546.0,-39.178593858107526,-427.6156556814864
2026-03-23 09:20:00+00:00,118.0,1554.0,29.0,-1129.0,-35.29248933738721,-264.5469597441592
2026-03-23 09:25:00+00:00,44.0,871.0,-74.0,-683.0,-41.162635997384704,-153.67621051964366
2026-03-23 09:30:00+00:00,33.0,1089.0,-11.0,218.0,-42.300937426928506,-190.32868399561252
2026-03-23 09:35:00+00:00,15.0,1123.0,-18.0,34.0,-43.94758251486568,-196.04239352470287
2026-03-23 09:40:00+00:00,80.0,2681.0,65.0,1558.0,-39.79899479441806,-427.46040290023166
2026-03-23 09:45:00+00:00,115.0,3331.0,35.0,650.0,-38.42455299967725,-508.85351772653956
2026-03-23 09:50:00+00:00,116.0,3398.0,1.0,67.0,-38.47359420179612,-516.7777805825766
2026-03-23 09:55:00+00:00,99.0,1905.0,-17.0,-1493.0,-37.40194550026411,-318.107678006648
2026-03-23 10:00:00+00:00,40.0,2015.0,-59.0,110.0,-42.18387605742753,-334.87162480364134
2026-03-23 10:05:00+00:00,89.0,2804.0,49.0,789.0,-39.33015170671592,-443.51472708392475
2026-03-23 10:10:00+00:00,125.0,2645.0,36.0,-159.0,-36.613966847306735,-422.1260370851245
2026-03-23 10:15:00+00:00,86.0,2629.0,-39.0,-16.0,-39.32086691606773,-420.4589822731061
2026-03-23 10:20:00+00:00,58.0,1903.0,-28.0,-726.0,-40.683582789379805,-318.1663621088412
2026-03-23 10:25:00+00:00,74.0,2765.0,16.0,862.0,-40.3013483792163,-438.6123277072195
2026-03-23 10:30:00+00:00,105.0,3306.0,31.0,541.0,-38.99050609814005,-506.0180759566843
2026-03-23 10:35:00+00:00,72.0,2954.0,-33.0,-352.0,-40.62871668289071,-463.03529459581466
2026-03-23 10:40:00+00:00,68.0,2991.0,-4.0,37.0,-40.925091324171454,-467.78014096819066
2026-03-23 10:45:00+00:00,68.0,2146.0,0.0,-845.0,-40.11642626882386,-353.6265146191924
2026-03-23 10:50:00+00:00,62.0,1971.0,-6.0,-175.0,-40.423139955693856,-328.2031961788319
2026-03-23 10:55:00+00:00,9.0,831.0,-53.0,-1140.0,-44.45357841160677,-146.98754564026248
2026-03-23 11:00:00+00:00,25.0,1100.0,16.0,269.0,-43.03381383167549,-192.19014984841237
2026-03-23 11:05:00+00:00,64.0,2370.0,39.0,1270.0,-40.6244941201864,-385.36137427344914
2026-03-23 11:10:00+00:00,52.0,3148.0,-12.0,778.0,-42.07410296037275,-487.6014473864714
2026-03-23 11:15:00+00:00,111.0,3512.0,59.0,364.0,-38.94856892156232,-530.1545815986999
2026-03-23 11:20:00+00:00,130.0,2907.0,19.0,-605.0,-36.74281681870461,-456.26762845727757
2026-03-23 11:25:00+00:00,51.0,1930.0,-79.0,-977.0,-41.26223085606183,-322.2388723069699
2026-03-23 11:30:00+00:00,134.0,2956.0,83.0,1026.0,-36.56941783517708,-462.45348955720704
2026-03-23 11:35:00+00:00,98.0,2443.0,-36.0,-513.0,-38.224215028833214,-395.0888608148317
2026-03-23 11:40:00+00:00,128.0,4065.0,30.0,1622.0,-38.96170158857274,-590.5587271721181
2026-03-23 11:45:00+00:00,126.0,3703.0,-2.0,-362.0,-38.419999836042855,-551.5841602778117
2026-03-23 11:50:00+00:00,166.0,3497.0,40.0,-206.0,-35.72382983948641,-527.5425515934505
2026-03-23 11:55:00+00:00,191.0,3713.0,25.0,216.0,-34.840459950285364,-551.5970642723743
2026-03-23 12:00:00+00:00,101.0,2615.0,-90.0,-1098.0,-38.25061839308993,-418.40529980372315
2026-03-23 12:05:00+00:00,156.0,4790.0,55.0,2175.0,-39.1466200754284,-659.965518910304
2026-03-23 12:10:00+00:00,210.0,4284.0,54.0,-506.0,-35.46944578453232,-611.2464594634769
2026-03-23 12:15:00+00:00,189.0,3985.0,-21.0,-299.0,-35.67519473696352,-581.0612315616671
2026-03-23 12:20:00+00:00,165.0,2740.0,-24.0,-1245.0,-34.02442000141872,-434.19287033545896
2026-03-23 12:25:00+00:00,33.0,1301.0,-132.0,-1439.0,-42.39939584543202,-224.9922329947736
2026-03-23 12:30:00+00:00,130.0,2147.0,97.0,846.0,-35.352352017654454,-353.16304720327156
2026-03-23 12:35:00+00:00,111.0,2262.0,-19.0,115.0,-36.99586658203084,-369.72339178150247
2026-03-23 12:40:00+00:00,97.0,3707.0,-14.0,1445.0,-40.02241874671701,-552.5203661551703
2026-03-23 12:45:00+00:00,279.0,5225.0,182.0,1518.0,-35.84763179900435,-693.799241488015
2026-03-23 12:50:00+00:00,261.0,4737.0,-18.0,-488.0,-34.686015034999954,-652.951039818416
2026-03-23 12:55:00+00:00,359.0,5367.0,98.0,630.0,-33.72638489406827,-702.9197691796414
2026-03-23 13:00:00+00:00,166.0,4001.0,-193.0,-1366.0,-36.90127768478055,-583.1648209946783
2026-03-23 13:05:00+00:00,191.0,4435.0,25.0,434.0,-36.78122793605883,-626.3687908712667
2026-03-23 13:10:00+00:00,284.0,6058.0,93.0,1623.0,-39.00127608151147,-752.7333376533592
2026-03-23 13:15:00+00:00,252.0,5070.0,-32.0,-988.0,-36.243195641229406,-681.8567291899427
2026-03-23 13:20:00+00:00,250.0,4311.0,-2.0,-759.0,-33.64686989285585,-613.129515234588
2026-03-23 13:25:00+00:00,146.0,2100.0,-104.0,-2211.0,-34.0205727722457,-346.24344260533815
2026-03-23 13:30:00+00:00,137.0,2490.0,-9.0,390.0,-35.47355707522722,-401.08742254853934
2026-03-23 13:35:00+00:00,241.0,5425.0,104.0,2935.0,-37.854515074545816,-710.2248379507516
2026-03-23 13:40:00+00:00,305.0,5797.0,64.0,372.0,-37.3865378691585,-735.2106700197211
2026-03-23 13:45:00+00:00,324.0,5709.0,19.0,-88.0,-36.464792766828154,-728.6875994285698
2026-03-23 13:50:00+00:00,145.0,3329.0,-179.0,-2380.0,-36.60647448667523,-508.15950190558954
2026-03-23 13:55:00+00:00,206.0,3138.0,61.0,-191.0,-32.33800161971927,-484.16346223269124
2026-03-23 14:00:00+00:00,231.0,3408.0,25.0,270.0,-31.616622245570767,-516.1669876420111
2026-03-23 14:05:00+00:00,310.0,5298.0,79.0,1890.0,-35.07284455783219,-698.7974660122691
2026-03-23 14:10:00+00:00,222.0,4712.0,-88.0,-586.0,-36.23287115591964,-651.542829769973
2026-03-23 14:15:00+00:00,236.0,4751.0,14.0,39.0,-35.77570611888284,-654.7453079625822
2026-03-23 14:20:00+00:00,347.0,4977.0,111.0,226.0,-32.22724584574843,-671.9109645593618
2026-03-23 14:25:00+00:00,272.0,4895.0,-75.0,-82.0,-34.83008261711194,-666.606053440268
2026-03-23 14:30:00+00:00,286.0,4682.0,14.0,-213.0,-33.4159162188213,-647.4577513010242
2026-03-23 14:35:00+00:00,167.0,3651.0,-119.0,-1031.0,-36.027319572178655,-545.0759846718048
2026-03-23 14:40:00+00:00,154.0,3849.0,-13.0,198.0,-37.18747748248586,-567.1508737326667
2026-03-23 14:45:00+00:00,171.0,3232.0,17.0,-617.0,-34.79373272238127,-496.1269417854485
2026-03-23 14:50:00+00:00,171.0,4914.0,0.0,1682.0,-38.841589675899996,-670.5061989531697
2026-03-23 14:55:00+00:00,322.0,6213.0,151.0,1299.0,-38.806172654894596,-761.0694849404676
2026-03-23 15:00:00+00:00,342.0,5961.0,20.0,-252.0,-37.15938014092316,-745.0139038490993
2026-03-23 15:05:00+00:00,205.0,4453.0,-137.0,-1508.0,-36.19572436419362,-627.8115087893946
2026-03-23 15:10:00+00:00,244.0,6095.0,39.0,1642.0,-40.05927979546527,-756.137428798952
2026-03-23 15:15:00+00:00,257.0,4855.0,13.0,-1240.0,-35.2800912784232,-663.4696724546869
2026-03-23 15:20:00+00:00,162.0,2470.0,-95.0,-2385.0,-33.61608510214239,-398.0737536701526
2026-03-23 15:25:00+00:00,238.0,4447.0,76.0,1977.0,-34.674600242493206,-626.5674779967949
2026-03-23 15:30:00+00:00,172.0,4273.0,-66.0,-174.0,-37.251399435693784,-610.8952267030429
2026-03-23 15:35:00+00:00,189.0,4787.0,17.0,514.0,-37.808432324145514,-658.9778139435082
2026-03-23 15:40:00+00:00,411.0,5618.0,222.0,831.0,-33.40662996389534,-720.0645297155792
2026-03-23 15:45:00+00:00,272.0,5457.0,-139.0,-161.0,-36.98141876435619,-711.8599445274621
2026-03-23 15:50:00+00:00,332.0,4683.0,60.0,-774.0,-31.44088488305111,-646.5656650777707
2026-03-23 15:55:00+00:00,228.0,3606.0,-104.0,-1077.0,-32.432747583168165,-538.9949240280721
2026-03-23 16:00:00+00:00,143.0,2687.0,-85.0,-919.0,-35.43567714310029,-427.4841481627216
2026-03-23 16:05:00+00:00,242.0,3384.0,99.0,697.0,-30.87130564447248,-513.1813360333081
2026-03-23 16:10:00+00:00,178.0,3373.0,-64.0,-11.0,-34.71117504651359,-512.8721017979902
2026-03-23 16:15:00+00:00,153.0,3333.0,-25.0,-40.0,-36.12978482032808,-508.51409053685325
2026-03-23 16:20:00+00:00,231.0,3476.0,78.0,143.0,-31.837689260701293,-524.0808614653498
2026-03-23 16:25:00+00:00,285.0,4410.0,54.0,934.0,-32.367765252499034,-622.0679140145405
2026-03-23 16:30:00+00:00,223.0,4559.0,-62.0,149.0,-35.71084689903905,-637.465955761029
2026-03-23 16:35:00+00:00,254.0,3599.0,31.0,-960.0,-30.91068416053236,-537.7764091964259
2026-03-23 16:40:00+00:00,290.0,4864.0,36.0,1265.0,-33.98731223792077,-663.5213657577347
2026-03-23 16:45:00+00:00,302.0,4015.0,12.0,-849.0,-29.894559630154465,-582.1443589167485
2026-03-23 16:50:00+00:00,251.0,4096.0,-51.0,81.0,-32.83965112050784,-591.4756324747401
2026-03-23 16:55:00+00:00,225.0,4032.0,-26.0,-64.0,-33.95404604228612,-585.330243827411
2026-03-23 17:00:00+00:00,324.0,3644.0,99.0,-388.0,-27.04875653412956,-541.6790179998204
2026-03-23 17:05:00+00:00,264.0,5203.0,-60.0,1559.0,-36.29184236016416,-692.4016638300134
2026-03-23 17:10:00+00:00,263.0,4949.0,-1.0,-254.0,-35.387004525532056,-671.4396350036931
2026-03-23 17:15:00+00:00,358.0,4215.0,95.0,-734.0,-27.95607044009496,-601.5100211418605
2026-03-23 17:20:00+00:00,296.0,3489.0,-62.0,-726.0,-28.017380857219838,-524.5484258156879
2026-03-23 17:25:00+00:00,107.0,2332.0,-189.0,-1157.0,-37.4025787944213,-379.59968311862536
2026-03-23 17:30:00+00:00,175.0,2209.0,68.0,-123.0,-32.0252576690065,-361.5658635550628
2026-03-23 17:35:00+00:00,189.0,2534.0,14.0,325.0,-31.815683840453445,-406.4677058016569
2026-03-23 17:40:00+00:00,146.0,3234.0,-43.0,700.0,-36.35064275525247,-496.73767176959547
2026-03-23 17:45:00+00:00,208.0,3762.0,62.0,528.0,-34.0369051426744,-556.7190422191953
2026-03-23 17:50:00+00:00,246.0,3373.0,38.0,-389.0,-30.59030524782745,-511.82578551588875
2026-03-23 17:55:00+00:00,157.0,3396.0,-89.0,23.0,-36.02634759860082,-515.9069499966014
2026-03-23 18:00:00+00:00,251.0,3340.0,94.0,-56.0,-30.169114290669025,-507.85326313380074
2026-03-23 18:05:00+00:00,168.0,3823.0,-83.0,483.0,-36.37769346001023,-564.0824223012715
2026-03-23 18:10:00+00:00,223.0,4090.0,55.0,267.0,-34.23893857770875,-591.380667287126
2026-03-23 18:15:00+00:00,259.0,4761.0,36.0,671.0,-34.85715497658678,-655.1390462928322
2026-03-23 18:20:00+00:00,271.0,4330.0,12.0,-431.0,-32.714921587139166,-614.5809271701838
2026-03-23 18:25:00+00:00,237.0,3277.0,-34.0,-1053.0,-30.81786268542685,-500.56331227364217
2026-03-23 18:30:00+00:00,132.0,2237.0,-105.0,-1040.0,-35.36526859649491,-365.9726134810711
2026-03-23 18:35:00+00:00,137.0,2749.0,5.0,512.0,-35.9729281535234,-435.72327254461186
2026-03-23 18:40:00+00:00,160.0,3138.0,23.0,389.0,-35.26598037422506,-484.8219511964727
2026-03-23 18:45:00+00:00,238.0,4429.0,78.0,1291.0,-34.6143092383667,-624.84200497056
2026-03-23 18:50:00+00:00,220.0,4317.0,-18.0,-112.0,-35.093553770153335,-614.3104502029934
2026-03-23 18:55:00+00:00,262.0,2824.0,42.0,-1493.0,-27.590434459373725,-443.88498317220166
2026-03-23 19:00:00+00:00,123.0,2066.0,-139.0,-758.0,-35.75182808736893,-341.53957582182164
2026-03-23 19:05:00+00:00,143.0,2733.0,20.0,667.0,-35.52825282590706,-433.5487919676169
2026-03-23 19:10:00+00:00,162.0,2365.0,19.0,-368.0,-33.37669435046361,-383.60785168868244
2026-03-23 19:15:00+00:00,91.0,1979.0,-71.0,-386.0,-38.13852261246476,-329.12002460976413
2026-03-23 19:20:00+00:00,298.0,4414.0,207.0,2435.0,-31.77730833930468,-622.1908681471639
2026-03-23 19:25:00+00:00,408.0,3951.0,110.0,-463.0,-23.926975642616885,-573.518478725385
2026-03-23 19:30:00+00:00,230.0,4061.0,-178.0,110.0,-33.79059791477853,-588.2528202699569
2026-03-23 19:35:00+00:00,333.0,4020.0,103.0,-41.0,-28.29051402627316,-582.0969547596658
2026-03-23 19:40:00+00:00,277.0,3827.0,-56.0,-193.0,-30.467955097062383,-562.6146492723487
2026-03-23 19:45:00+00:00,252.0,2626.0,-25.0,-1201.0,-27.575477165630396,-418.0690221474529
2026-03-23 19:50:00+00:00,214.0,2480.0,-38.0,-146.0,-29.845154780962122,-398.8513384147155
2026-03-23 19:55:00+00:00,141.0,2155.0,-73.0,-325.0,-34.51926568936397,-354.20209902629614
2026-03-23 20:00:00+00:00,151.0,2436.0,10.0,281.0,-34.34483351853741,-393.5366247330521
2026-03-23 20:05:00+00:00,245.0,3752.0,94.0,1316.0,-31.958000347600183,-554.9856979301612
2026-03-23 20:10:00+00:00,265.0,3374.0,20.0,-378.0,-29.43530230080758,-511.651066962476
2026-03-23 20:15:00+00:00,155.0,2462.0,-110.0,-912.0,-34.10848629285812,-397.0581896803571
2026-03-23 20:20:00+00:00,76.0,1108.0,-79.0,-1354.0,-38.393149457419526,-193.25569703990183
2026-03-23 20:25:00+00:00,137.0,2034.0,61.0,926.0,-34.594355485640115,-336.7534068238422
2026-03-23 20:30:00+00:00,127.0,1864.0,-10.0,-170.0,-35.077884344942085,-311.75967101378444
2026-03-23 20:35:00+00:00,76.0,2352.0,-51.0,488.0,-39.72371731319368,-382.7237846868711
2026-03-23 20:40:00+00:00,304.0,2976.0,228.0,624.0,-25.344608631356053,-462.6778738367006
2026-03-23 20:45:00+00:00,235.0,3492.0,-69.0,516.0,-31.65325668572648,-525.8654061116318
2026-03-23 20:50:00+00:00,256.0,1809.0,21.0,-1683.0,-24.34602785028399,-302.45160855043883
2026-03-23 20:55:00+00:00,194.0,1863.0,-62.0,54.0,-29.6225394324309,-311.0409340000283
2026-03-23 21:00:00+00:00,283.0,2357.0,89.0,494.0,-24.28434585116266,-381.19537339438875
2026-03-23 21:05:00+00:00,240.0,1892.0,-43.0,-465.0,-25.95326151109602,-314.95716662580713
2026-03-23 21:10:00+00:00,289.0,2161.0,49.0,269.0,-23.03383785357215,-353.60232982953795
2026-03-23 21:15:00+00:00,390.0,3303.0,101.0,1142.0,-21.34449311653865,-501.3644365025247
2026-03-23 21:20:00+00:00,356.0,3018.0,-34.0,-285.0,-22.058956962434976,-467.22043152268066
2026-03-23 21:25:00+00:00,209.0,3661.0,-147.0,643.0,-33.684731535098685,-545.4972528642971
2026-03-23 21:30:00+00:00,215.0,3055.0,6.0,-606.0,-31.511804164320132,-473.77907697999
2026-03-23 21:35:00+00:00,209.0,2421.0,-6.0,-634.0,-30.037435403113264,-390.83214783334205
2026-03-23 21:40:00+00:00,226.0,2339.0,17.0,-82.0,-28.517813978382318,-379.30790044653025
2026-03-23 21:45:00+00:00,181.0,2223.0,-45.0,-116.0,-31.60082930644473,-363.4910061982742
2026-03-23 21:50:00+00:00,157.0,1900.0,-24.0,-323.0,-32.720869372363445,-316.86170554059356
2026-03-23 21:55:00+00:00,145.0,1713.0,-12.0,-187.0,-33.30876484920485,-288.83772251454803
2026-03-23 22:00:00+00:00,141.0,2074.0,-4.0,361.0,-34.35853189895107,-342.5300494064394
2026-03-23 22:05:00+00:00,123.0,2268.0,-18.0,194.0,-36.101499023066225,-370.4460789749622
2026-03-23 22:10:00+00:00,161.0,2460.0,38.0,192.0,-33.66628931507497,-396.71704212361635
2026-03-23 22:15:00+00:00,323.0,3091.0,162.0,631.0,-24.592730271620695,-476.7218090145806
2026-03-23 22:20:00+00:00,295.0,2697.0,-28.0,-394.0,-24.788948531191387,-426.9361628624498
2026-03-23 22:25:00+00:00,330.0,2929.0,35.0,232.0,-23.381279275413053,-456.4029693744256
2026-03-23 22:30:00+00:00,323.0,3481.0,-7.0,552.0,-26.365572892959655,-523.1980791197437
2026-03-23 22:35:00+00:00,361.0,3037.0,38.0,-444.0,-21.821020447205917,-469.51356426827044
2026-03-23 22:40:00+00:00,280.0,2706.0,-81.0,-331.0,-25.886155261974984,-428.3032208394938
2026-03-23 22:45:00+00:00,371.0,3449.0,91.0,743.0,-23.3052643574518,-518.7472559160237
2026-03-23 22:50:00+00:00,329.0,3198.0,-42.0,-251.0,-24.694690109313772,-489.6969175090853
2026-03-23 22:55:00+00:00,298.0,2941.0,-31.0,-257.0,-25.59967588707621,-458.34859290598666
2026-03-23 23:00:00+00:00,280.0,3710.0,-18.0,769.0,-29.84250612099545,-549.7577413017989
2026-03-23 23:05:00+00:00,374.0,1547.0,94.0,-2163.0,-13.111232012040178,-261.64968943078605
2026-03-23 23:10:00+00:00,333.0,3463.0,-41.0,1916.0,-25.680141538787485,-520.9639173256633
2026-03-23 23:15:00+00:00,0.0,0.0,-333.0,-3463.0,-45.30443810654572,2.3033240917705378
2026-03-23 23:20:00+00:00,0.0,0.0,0.0,0.0,-45.30443810654572,2.3033240917705378
2026-03-23 23:25:00+00:00,0.0,0.0,0.0,0.0,-45.30443810654572,2.3033240917705378
2026-03-23 23:30:00+00:00,0.0,0.0,0.0,0.0,-45.30443810654572,2.3033240917705378
2026-03-23 23:35:00+00:00,0.0,0.0,0.0,0.0,-45.30443810654572,2.3033240917705378
2026-03-23 23:40:00+00:00,0.0,0.0,0.0,0.0,-45.30443810654572,2.3033240917705378
2026-03-23 23:45:00+00:00,0.0,0.0,0.0,0.0,-45.30443810654572,2.3033240917705378
2026-03-23 23:50:00+00:00,0.0,0.0,0.0,0.0,-45.30443810654572,2.3033240917705378
2026-03-23 23:55:00+00:00,0.0,0.0,0.0,0.0,-45.30443810654572,2.3033240917705378
2026-03-24 00:00:00+00:00,0.0,0.0,0.0,0.0,-45.30443810654572,2.3033240917705378
2026-03-24 00:05:00+00:00,0.0,0.0,0.0,0.0,-45.30443810654572,2.3033240917705378
2026-03-24 00:10:00+00:00,0.0,0.0,0.0,0.0,-45.30443810654572,2.3033240917705378
2026-03-24 00:15:00+00:00,0.0,0.0,0.0,0.0,-45.30443810654572,2.3033240917705378
2026-03-24 00:20:00+00:00,0.0,0.0,0.0,0.0,-45.30443810654572,2.3033240917705378
2026-03-24 00:25:00+00:00,0.0,0.0,0.0,0.0,-45.30443810654572,2.3033240917705378
2026-03-24 00:30:00+00:00,0.0,0.0,0.0,0.0,-45.30443810654572,2.3033240917705378
2026-03-24 00:35:00+00:00,0.0,0.0,0.0,0.0,-45.30443810654572,2.3033240917705378
2026-03-24 00:40:00+00:00,0.0,0.0,0.0,0.0,-45.30443810654572,2.3033240917705378
2026-03-24 00:45:00+00:00,0.0,0.0,0.0,0.0,-45.30443810654572,2.3033240917705378
2026-03-24 00:50:00+00:00,0.0,0.0,0.0,0.0,-45.30443810654572,2.3033240917705378
2026-03-24 00:55:00+00:00,0.0,0.0,0.0,0.0,-45.30443810654572,2.3033240917705378
2026-03-24 01:00:00+00:00,0.0,0.0,0.0,0.0,-45.30443810654572,2.3033240917705378
2026-03-24 01:05:00+00:00,0.0,0.0,0.0,0.0,-45.30443810654572,2.3033240917705378
2026-03-24 01:10:00+00:00,0.0,0.0,0.0,0.0,-45.30443810654572,2.3033240917705378
2026-03-24 01:15:00+00:00,0.0,0.0,0.0,0.0,-45.30443810654572,2.3033240917705378
2026-03-24 01:20:00+00:00,0.0,0.0,0.0,0.0,-45.30443810654572,2.3033240917705378
2026-03-24 01:25:00+00:00,0.0,0.0,0.0,0.0,-45.30443810654572,2.3033240917705378
2026-03-24 01:30:00+00:00,0.0,0.0,0.0,0.0,-45.30443810654572,2.3033240917705378
2026-03-24 01:35:00+00:00,0.0,0.0,0.0,0.0,-45.30443810654572,2.3033240917705378
2026-03-24 01:40:00+00:00,0.0,0.0,0.0,0.0,-45.30443810654572,2.3033240917705378
2026-03-24 01:45:00+00:00,0.0,0.0,0.0,0.0,-45.30443810654572,2.3033240917705378
2026-03-24 01:50:00+00:00,0.0,0.0,0.0,0.0,-45.30443810654572,2.3033240917705378
2026-03-24 01:55:00+00:00,0.0,0.0,0.0,0.0,-45.30443810654572,2.3033240917705378
2026-03-24 02:00:00+00:00,0.0,0.0,0.0,0.0,-45.30443810654572,2.3033240917705378
2026-03-24 02:05:00+00:00,0.0,0.0,0.0,0.0,-45.30443810654572,2.3033240917705378
2026-03-24 02:10:00+00:00,0.0,0.0,0.0,0.0,-45.30443810654572,2.3033240917705378
2026-03-24 02:15:00+00:00,0.0,0.0,0.0,0.0,-45.30443810654572,2.3033240917705378
2026-03-24 02:20:00+00:00,0.0,0.0,0.0,0.0,-45.30443810654572,2.3033240917705378
2026-03-24 02:25:00+00:00,0.0,0.0,0.0,0.0,-45.30443810654572,2.3033240917705378
2026-03-24 02:30:00+00:00,0.0,0.0,0.0,0.0,-45.30443810654572,2.3033240917705378
2026-03-24 02:35:00+00:00,0.0,0.0,0.0,0.0,-45.30443810654572,2.3033240917705378
2026-03-24 02:40:00+00:00,0.0,0.0,0.0,0.0,-45.30443810654572,2.3033240917705378
2026-03-24 02:45:00+00:00,0.0,0.0,0.0,0.0,-45.30443810654572,2.3033240917705378
2026-03-24 02:50:00+00:00,0.0,0.0,0.0,0.0,-45.30443810654572,2.3033240917705378
2026-03-24 02:55:00+00:00,0.0,0.0,0.0,0.0,-45.30443810654572,2.3033240917705378
2026-03-24 03:00:00+00:00,0.0,0.0,0.0,0.0,-45.30443810654572,2.3033240917705378
2026-03-24 03:05:00+00:00,0.0,0.0,0.0,0.0,-45.30443810654572,2.3033240917705378
2026-03-24 03:10:00+00:00,0.0,0.0,0.0,0.0,-45.30443810654572,2.3033240917705378
2026-03-24 03:15:00+00:00,0.0,0.0,0.0,0.0,-45.30443810654572,2.3033240917705378
2026-03-24 03:20:00+00:00,0.0,0.0,0.0,0.0,-45.30443810654572,2.3033240917705378
2026-03-24 03:25:00+00:00,0.0,0.0,0.0,0.0,-45.30443810654572,2.3033240917705378
2026-03-24 03:30:00+00:00,0.0,0.0,0.0,0.0,-45.30443810654572,2.3033240917705378
2026-03-24 03:35:00+00:00,0.0,0.0,0.0,0.0,-45.30443810654572,2.3033240917705378
2026-03-24 03:40:00+00:00,0.0,0.0,0.0,0.0,-45.30443810654572,2.3033240917705378
2026-03-24 03:45:00+00:00,0.0,0.0,0.0,0.0,-45.30443810654572,2.3033240917705378
2026-03-24 03:50:00+00:00,0.0,0.0,0.0,0.0,-45.30443810654572,2.3033240917705378
2026-03-24 03:55:00+00:00,0.0,0.0,0.0,0.0,-45.30443810654572,2.3033240917705378
2026-03-24 04:00:00+00:00,0.0,0.0,0.0,0.0,-45.30443810654572,2.3033240917705378
2026-03-24 04:05:00+00:00,0.0,0.0,0.0,0.0,-45.30443810654572,2.3033240917705378
2026-03-24 04:10:00+00:00,0.0,0.0,0.0,0.0,-45.30443810654572,2.3033240917705378
2026-03-24 04:15:00+00:00,0.0,0.0,0.0,0.0,-45.30443810654572,2.3033240917705378
2026-03-24 04:20:00+00:00,0.0,0.0,0.0,0.0,-45.30443810654572,2.3033240917705378
2026-03-24 04:25:00+00:00,0.0,0.0,0.0,0.0,-45.30443810654572,2.3033240917705378
2026-03-24 04:30:00+00:00,0.0,0.0,0.0,0.0,-45.30443810654572,2.3033240917705378
2026-03-24 04:35:00+00:00,0.0,0.0,0.0,0.0,-45.30443810654572,2.3033240917705378
2026-03-24 04:40:00+00:00,0.0,0.0,0.0,0.0,-45.30443810654572,2.3033240917705378
2026-03-24 04:45:00+00:00,0.0,0.0,0.0,0.0,-45.30443810654572,2.3033240917705378
2026-03-24 04:50:00+00:00,0.0,0.0,0.0,0.0,-45.30443810654572,2.3033240917705378
2026-03-24 04:55:00+00:00,0.0,0.0,0.0,0.0,-45.30443810654572,2.3033240917705378
2026-03-24 05:00:00+00:00,0.0,0.0,0.0,0.0,-45.30443810654572,2.3033240917705378
2026-03-24 05:05:00+00:00,0.0,0.0,0.0,0.0,-45.30443810654572,2.3033240917705378
2026-03-24 05:10:00+00:00,0.0,0.0,0.0,0.0,-45.30443810654572,2.3033240917705378
2026-03-24 05:15:00+00:00,0.0,0.0,0.0,0.0,-45.30443810654572,2.3033240917705378
2026-03-24 05:20:00+00:00,0.0,0.0,0.0,0.0,-45.30443810654572,2.3033240917705378
2026-03-24 05:25:00+00:00,0.0,0.0,0.0,0.0,-45.30443810654572,2.3033240917705378
2026-03-24 05:30:00+00:00,0.0,0.0,0.0,0.0,-45.30443810654572,2.3033240917705378
2026-03-24 05:35:00+00:00,0.0,0.0,0.0,0.0,-45.30443810654572,2.3033240917705378
2026-03-24 05:40:00+00:00,0.0,0.0,0.0,0.0,-45.30443810654572,2.3033240917705378
2026-03-24 05:45:00+00:00,0.0,0.0,0.0,0.0,-45.30443810654572,2.3033240917705378
2026-03-24 05:50:00+00:00,0.0,0.0,0.0,0.0,-45.30443810654572,2.3033240917705378
2026-03-24 05:55:00+00:00,0.0,0.0,0.0,0.0,-45.30443810654572,2.3033240917705378
2026-03-24 06:00:00+00:00,0.0,0.0,0.0,0.0,-45.30443810654572,2.3033240917705378
2026-03-24 06:05:00+00:00,0.0,0.0,0.0,0.0,-45.30443810654572,2.3033240917705378
2026-03-24 06:10:00+00:00,0.0,0.0,0.0,0.0,-45.30443810654572,2.3033240917705378
2026-03-24 06:15:00+00:00,0.0,0.0,0.0,0.0,-45.30443810654572,2.3033240917705378
2026-03-24 06:20:00+00:00,0.0,0.0,0.0,0.0,-45.30443810654572,2.3033240917705378
2026-03-24 06:25:00+00:00,0.0,0.0,0.0,0.0,-45.30443810654572,2.3033240917705378
2026-03-24 06:30:00+00:00,0.0,0.0,0.0,0.0,-45.30443810654572,2.3033240917705378
2026-03-24 06:35:00+00:00,0.0,0.0,0.0,0.0,-45.30443810654572,2.3033240917705378
2026-03-24 06:40:00+00:00,0.0,0.0,0.0,0.0,-45.30443810654572,2.3033240917705378
2026-03-24 06:45:00+00:00,0.0,0.0,0.0,0.0,-45.30443810654572,2.3033240917705378
2026-03-24 06:50:00+00:00,0.0,0.0,0.0,0.0,-45.30443810654572,2.3033240917705378
2026-03-24 06:55:00+00:00,0.0,0.0,0.0,0.0,-45.30443810654572,2.3033240917705378
2026-03-24 07:00:00+00:00,0.0,0.0,0.0,0.0,-45.30443810654572,2.3033240917705378
2026-03-24 07:05:00+00:00,0.0,0.0,0.0,0.0,-45.30443810654572,2.3033240917705378
2026-03-24 07:10:00+00:00,0.0,0.0,0.0,0.0,-45.30443810654572,2.3033240917705378
2026-03-24 07:15:00+00:00,0.0,0.0,0.0,0.0,-45.30443810654572,2.3033240917705378
2026-03-24 07:20:00+00:00,0.0,0.0,0.0,0.0,-45.30443810654572,2.3033240917705378
2026-03-24 07:25:00+00:00,0.0,0.0,0.0,0.0,-45.30443810654572,2.3033240917705378
2026-03-24 07:30:00+00:00,0.0,0.0,0.0,0.0,-45.30443810654572,2.3033240917705378
2026-03-24 07:35:00+00:00,0.0,0.0,0.0,0.0,-45.30443810654572,2.3033240917705378
2026-03-24 07:40:00+00:00,0.0,0.0,0.0,0.0,-45.30443810654572,2.3033240917705378
2026-03-24 07:45:00+00:00,0.0,0.0,0.0,0.0,-45.30443810654572,2.3033240917705378
2026-03-24 07:50:00+00:00,0.0,0.0,0.0,0.0,-45.30443810654572,2.3033240917705378
2026-03-24 07:55:00+00:00,0.0,0.0,0.0,0.0,-45.30443810654572,2.3033240917705378
2026-03-24 08:00:00+00:00,0.0,0.0,0.0,0.0,-45.30443810654572,2.3033240917705378
2026-03-24 08:05:00+00:00,0.0,0.0,0.0,0.0,-45.30443810654572,2.3033240917705378
2026-03-24 08:10:00+00:00,0.0,0.0,0.0,0.0,-45.30443810654572,2.3033240917705378
2026-03-24 08:15:00+00:00,0.0,0.0,0.0,0.0,-45.30443810654572,2.3033240917705378
2026-03-24 08:20:00+00:00,0.0,0.0,0.0,0.0,-45.30443810654572,2.3033240917705378
2026-03-24 08:25:00+00:00,0.0,0.0,0.0,0.0,-45.30443810654572,2.3033240917705378
2026-03-24 08:30:00+00:00,0.0,0.0,0.0,0.0,-45.30443810654572,2.3033240917705378
2026-03-24 08:35:00+00:00,0.0,0.0,0.0,0.0,-45.30443810654572,2.3033240917705378
2026-03-24 08:40:00+00:00,0.0,0.0,0.0,0.0,-45.30443810654572,2.3033240917705378
2026-03-24 08:45:00+00:00,0.0,0.0,0.0,0.0,-45.30443810654572,2.3033240917705378
2026-03-24 08:50:00+00:00,0.0,0.0,0.0,0.0,-45.30443810654572,2.3033240917705378
2026-03-24 08:55:00+00:00,0.0,0.0,0.0,0.0,-45.30443810654572,2.3033240917705378
2026-03-24 09:00:00+00:00,0.0,0.0,0.0,0.0,-45.30443810654572,2.3033240917705378
2026-03-24 09:05:00+00:00,0.0,0.0,0.0,0.0,-45.30443810654572,2.3033240917705378
2026-03-24 09:10:00+00:00,0.0,0.0,0.0,0.0,-45.30443810654572,2.3033240917705378
2026-03-24 09:15:00+00:00,0.0,0.0,0.0,0.0,-45.30443810654572,2.3033240917705378
2026-03-24 09:20:00+00:00,0.0,0.0,0.0,0.0,-45.30443810654572,2.3033240917705378
2026-03-24 09:25:00+00:00,0.0,0.0,0.0,0.0,-45.30443810654572,2.3033240917705378
2026-03-24 09:30:00+00:00,0.0,0.0,0.0,0.0,-45.30443810654572,2.3033240917705378
2026-03-24 09:35:00+00:00,0.0,0.0,0.0,0.0,-45.30443810654572,2.3033240917705378
2026-03-24 09:40:00+00:00,0.0,0.0,0.0,0.0,-45.30443810654572,2.3033240917705378
2026-03-24 09:45:00+00:00,0.0,0.0,0.0,0.0,-45.30443810654572,2.3033240917705378
2026-03-24 09:50:00+00:00,0.0,0.0,0.0,0.0,-45.30443810654572,2.3033240917705378
2026-03-24 09:55:00+00:00,0.0,0.0,0.0,0.0,-45.30443810654572,2.3033240917705378
2026-03-24 10:00:00+00:00,0.0,0.0,0.0,0.0,-45.30443810654572,2.3033240917705378
2026-03-24 10:05:00+00:00,0.0,0.0,0.0,0.0,-45.30443810654572,2.3033240917705378
2026-03-24 10:10:00+00:00,0.0,0.0,0.0,0.0,-45.30443810654572,2.3033240917705378
2026-03-24 10:15:00+00:00,0.0,0.0,0.0,0.0,-45.30443810654572,2.3033240917705378
2026-03-24 10:20:00+00:00,0.0,0.0,0.0,0.0,-45.30443810654572,2.3033240917705378
2026-03-24 10:25:00+00:00,0.0,0.0,0.0,0.0,-45.30443810654572,2.3033240917705378
2026-03-24 10:30:00+00:00,0.0,0.0,0.0,0.0,-45.30443810654572,2.3033240917705378
2026-03-24 10:35:00+00:00,0.0,0.0,0.0,0.0,-45.30443810654572,2.3033240917705378
2026-03-24 10:40:00+00:00,0.0,0.0,0.0,0.0,-45.30443810654572,2.3033240917705378
2026-03-24 10:45:00+00:00,0.0,0.0,0.0,0.0,-45.30443810654572,2.3033240917705378
2026-03-24 10:50:00+00:00,0.0,0.0,0.0,0.0,-45.30443810654572,2.3033240917705378
2026-03-24 10:55:00+00:00,0.0,0.0,0.0,0.0,-45.30443810654572,2.3033240917705378
2026-03-24 11:00:00+00:00,0.0,0.0,0.0,0.0,-45.30443810654572,2.3033240917705378
2026-03-24 11:05:00+00:00,0.0,0.0,0.0,0.0,-45.30443810654572,2.3033240917705378
2026-03-24 11:10:00+00:00,0.0,0.0,0.0,0.0,-45.30443810654572,2.3033240917705378
2026-03-24 11:15:00+00:00,0.0,0.0,0.0,0.0,-45.30443810654572,2.3033240917705378
2026-03-24 11:20:00+00:00,0.0,0.0,0.0,0.0,-45.30443810654572,2.3033240917705378
2026-03-24 11:25:00+00:00,0.0,0.0,0.0,0.0,-45.30443810654572,2.3033240917705378
2026-03-24 11:30:00+00:00,0.0,0.0,0.0,0.0,-45.30443810654572,2.3033240917705378
2026-03-24 11:35:00+00:00,0.0,0.0,0.0,0.0,-45.30443810654572,2.3033240917705378
2026-03-24 11:40:00+00:00,0.0,0.0,0.0,0.0,-45.30443810654572,2.3033240917705378
2026-03-24 11:45:00+00:00,0.0,0.0,0.0,0.0,-45.30443810654572,2.3033240917705378
2026-03-24 11:50:00+00:00,0.0,0.0,0.0,0.0,-45.30443810654572,2.3033240917705378
2026-03-24 11:55:00+00:00,0.0,0.0,0.0,0.0,-45.30443810654572,2.3033240917705378
2026-03-24 12:00:00+00:00,0.0,0.0,0.0,0.0,-45.30443810654572,2.3033240917705378
2026-03-24 12:05:00+00:00,0.0,0.0,0.0,0.0,-45.30443810654572,2.3033240917705378
2026-03-24 12:10:00+00:00,0.0,0.0,0.0,0.0,-45.30443810654572,2.3033240917705378
2026-03-24 12:15:00+00:00,0.0,0.0,0.0,0.0,-45.30443810654572,2.3033240917705378
2026-03-24 12:20:00+00:00,0.0,0.0,0.0,0.0,-45.30443810654572,2.3033240917705378
2026-03-24 12:25:00+00:00,0.0,0.0,0.0,0.0,-45.30443810654572,2.3033240917705378
2026-03-24 12:30:00+00:00,0.0,0.0,0.0,0.0,-45.30443810654572,2.3033240917705378
2026-03-24 12:35:00+00:00,0.0,0.0,0.0,0.0,-45.30443810654572,2.3033240917705378
2026-03-24 12:40:00+00:00,0.0,0.0,0.0,0.0,-45.30443810654572,2.3033240917705378
2026-03-24 12:45:00+00:00,0.0,0.0,0.0,0.0,-45.30443810654572,2.3033240917705378
2026-03-24 12:50:00+00:00,0.0,0.0,0.0,0.0,-45.30443810654572,2.3033240917705378
2026-03-24 12:55:00+00:00,0.0,0.0,0.0,0.0,-45.30443810654572,2.3033240917705378
2026-03-24 13:00:00+00:00,0.0,0.0,0.0,0.0,-45.30443810654572,2.3033240917705378
2026-03-24 13:05:00+00:00,0.0,0.0,0.0,0.0,-45.30443810654572,2.3033240917705378
2026-03-24 13:10:00+00:00,0.0,0.0,0.0,0.0,-45.30443810654572,2.3033240917705378
2026-03-24 13:15:00+00:00,0.0,0.0,0.0,0.0,-45.30443810654572,2.3033240917705378
2026-03-24 13:20:00+00:00,0.0,0.0,0.0,0.0,-45.30443810654572,2.3033240917705378
2026-03-24 13:25:00+00:00,0.0,0.0,0.0,0.0,-45.30443810654572,2.3033240917705378
2026-03-24 13:30:00+00:00,0.0,0.0,0.0,0.0,-45.30443810654572,2.3033240917705378
2026-03-24 13:35:00+00:00,0.0,0.0,0.0,0.0,-45.30443810654572,2.3033240917705378
2026-03-24 13:40:00+00:00,0.0,0.0,0.0,0.0,-45.30443810654572,2.3033240917705378
2026-03-24 13:45:00+00:00,0.0,0.0,0.0,0.0,-45.30443810654572,2.3033240917705378
2026-03-24 13:50:00+00:00,0.0,0.0,0.0,0.0,-45.30443810654572,2.3033240917705378
2026-03-24 13:55:00+00:00,0.0,0.0,0.0,0.0,-45.30443810654572,2.3033240917705378
2026-03-24 14:00:00+00:00,0.0,0.0,0.0,0.0,-45.30443810654572,2.3033240917705378
2026-03-24 14:05:00+00:00,0.0,0.0,0.0,0.0,-45.30443810654572,2.3033240917705378
2026-03-24 14:10:00+00:00,0.0,0.0,0.0,0.0,-45.30443810654572,2.3033240917705378
2026-03-24 14:15:00+00:00,0.0,0.0,0.0,0.0,-45.30443810654572,2.3033240917705378
2026-03-24 14:20:00+00:00,0.0,0.0,0.0,0.0,-45.30443810654572,2.3033240917705378
2026-03-24 14:25:00+00:00,0.0,0.0,0.0,0.0,-45.30443810654572,2.3033240917705378
2026-03-24 14:30:00+00:00,0.0,0.0,0.0,0.0,-45.30443810654572,2.3033240917705378
2026-03-24 14:35:00+00:00,0.0,0.0,0.0,0.0,-45.30443810654572,2.3033240917705378
2026-03-24 14:40:00+00:00,0.0,0.0,0.0,0.0,-45.30443810654572,2.3033240917705378
2026-03-24 14:45:00+00:00,0.0,0.0,0.0,0.0,-45.30443810654572,2.3033240917705378
2026-03-24 14:50:00+00:00,0.0,0.0,0.0,0.0,-45.30443810654572,2.3033240917705378
2026-03-24 14:55:00+00:00,0.0,0.0,0.0,0.0,-45.30443810654572,2.3033240917705378
2026-03-24 15:00:00+00:00,0.0,0.0,0.0,0.0,-45.30443810654572,2.3033240917705378
2026-03-24 15:05:00+00:00,0.0,0.0,0.0,0.0,-45.30443810654572,2.3033240917705378
2026-03-24 15:10:00+00:00,0.0,0.0,0.0,0.0,-45.30443810654572,2.3033240917705378
2026-03-24 15:15:00+00:00,0.0,0.0,0.0,0.0,-45.30443810654572,2.3033240917705378
2026-03-24 15:20:00+00:00,0.0,0.0,0.0,0.0,-45.30443810654572,2.3033240917705378
2026-03-24 15:25:00+00:00,0.0,0.0,0.0,0.0,-45.30443810654572,2.3033240917705378
2026-03-24 15:30:00+00:00,0.0,0.0,0.0,0.0,-45.30443810654572,2.3033240917705378
2026-03-24 15:35:00+00:00,0.0,0.0,0.0,0.0,-45.30443810654572,2.3033240917705378
2026-03-24 15:40:00+00:00,0.0,0.0,0.0,0.0,-45.30443810654572,2.3033240917705378
2026-03-24 15:45:00+00:00,0.0,0.0,0.0,0.0,-45.30443810654572,2.3033240917705378
2026-03-24 15:50:00+00:00,0.0,0.0,0.0,0.0,-45.30443810654572,2.3033240917705378
2026-03-24 15:55:00+00:00,0.0,0.0,0.0,0.0,-45.30443810654572,2.3033240917705378
2026-03-24 16:00:00+00:00,0.0,0.0,0.0,0.0,-45.30443810654572,2.3033240917705378
2026-03-24 16:05:00+00:00,0.0,0.0,0.0,0.0,-45.30443810654572,2.3033240917705378
2026-03-24 16:10:00+00:00,0.0,0.0,0.0,0.0,-45.30443810654572,2.3033240917705378
2026-03-24 16:15:00+00:00,0.0,0.0,0.0,0.0,-45.30443810654572,2.3033240917705378
2026-03-24 16:20:00+00:00,0.0,0.0,0.0,0.0,-45.30443810654572,2.3033240917705378
2026-03-24 16:25:00+00:00,0.0,0.0,0.0,0.0,-45.30443810654572,2.3033240917705378
2026-03-24 16:30:00+00:00,0.0,0.0,0.0,0.0,-45.30443810654572,2.3033240917705378
2026-03-24 16:35:00+00:00,0.0,0.0,0.0,0.0,-45.30443810654572,2.3033240917705378
2026-03-24 16:40:00+00:00,0.0,0.0,0.0,0.0,-45.30443810654572,2.3033240917705378
2026-03-24 16:45:00+00:00,0.0,0.0,0.0,0.0,-45.30443810654572,2.3033240917705378
2026-03-24 16:50:00+00:00,0.0,0.0,0.0,0.0,-45.30443810654572,2.3033240917705378
2026-03-24 16:55:00+00:00,0.0,0.0,0.0,0.0,-45.30443810654572,2.3033240917705378
2026-03-24 17:00:00+00:00,0.0,0.0,0.0,0.0,-45.30443810654572,2.3033240917705378
2026-03-24 17:05:00+00:00,0.0,0.0,0.0,0.0,-45.30443810654572,2.3033240917705378
2026-03-24 17:10:00+00:00,0.0,0.0,0.0,0.0,-45.30443810654572,2.3033240917705378
2026-03-24 17:15:00+00:00,0.0,0.0,0.0,0.0,-45.30443810654572,2.3033240917705378
2026-03-24 17:20:00+00:00,0.0,0.0,0.0,0.0,-45.30443810654572,2.3033240917705378
2026-03-24 17:25:00+00:00,0.0,0.0,0.0,0.0,-45.30443810654572,2.3033240917705378
2026-03-24 17:30:00+00:00,0.0,0.0,0.0,0.0,-45.30443810654572,2.3033240917705378
2026-03-24 17:35:00+00:00,0.0,0.0,0.0,0.0,-45.30443810654572,2.3033240917705378
2026-03-24 17:40:00+00:00,0.0,0.0,0.0,0.0,-45.30443810654572,2.3033240917705378
2026-03-24 17:45:00+00:00,0.0,0.0,0.0,0.0,-45.30443810654572,2.3033240917705378
2026-03-24 17:50:00+00:00,0.0,0.0,0.0,0.0,-45.30443810654572,2.3033240917705378
2026-03-24 17:55:00+00:00,0.0,0.0,0.0,0.0,-45.30443810654572,2.3033240917705378
2026-03-24 18:00:00+00:00,0.0,0.0,0.0,0.0,-45.30443810654572,2.3033240917705378
2026-03-24 18:05:00+00:00,1351.0,82.0,1351.0,82.0,104.6810088315556,-12.55786728414489
2026-03-24 18:10:00+00:00,1320.0,157.0,-31.0,75.0,99.66513685015103,-26.05150957032193
2026-03-24 18:15:00+00:00,1072.0,123.0,-248.0,-34.0,71.76522459158652,-20.09314042509021
2026-03-24 18:20:00+00:00,970.0,116.0,-102.0,-7.0,60.283978791235036,-18.880872208365933
2026-03-24 18:25:00+00:00,702.0,47.0,-268.0,-69.0,30.960469996386543,-6.370744748117492
2026-03-24 18:30:00+00:00,990.0,37.0,288.0,-10.0,63.649346257322,-4.480393157854041
2026-03-24 18:35:00+00:00,786.0,36.0,-204.0,-1.0,40.49995773194399,-4.330921704720937
2026-03-24 18:40:00+00:00,1214.0,104.0,428.0,68.0,88.35985723992158,-16.586479443884528
2026-03-24 18:45:00+00:00,944.0,142.0,-270.0,38.0,56.99976955557694,-23.6079218574087
2026-03-24 18:50:00+00:00,922.0,94.0,-22.0,-48.0,55.148662358778985,-14.905033377909392
2026-03-24 18:55:00+00:00,1140.0,105.0,218.0,11.0,79.82302532819367,-16.802477487753503
2026-03-24 19:00:00+00:00,1017.0,149.0,-123.0,44.0,65.13926127916871,-24.824890029732632
2026-03-24 19:05:00+00:00,903.0,117.0,-114.0,-32.0,52.71039129803117,-19.098051245684882
2026-03-24 19:10:00+00:00,807.0,44.0,-96.0,-73.0,42.776557000705395,-5.79736289301105
2026-03-24 19:15:00+00:00,936.0,139.0,129.0,95.0,56.13917604345899,-23.069863010261077
2026-03-24 19:20:00+00:00,540.0,130.0,-396.0,-9.0,12.343085598160682,-21.67387122338872
2026-03-24 19:25:00+00:00,798.0,114.0,258.0,-16.0,40.976320243414605,-18.607420646635788
2026-03-24 19:30:00+00:00,827.0,110.0,29.0,-4.0,44.26449339622222,-17.863683785206508
2026-03-24 19:35:00+00:00,819.0,110.0,-8.0,0.0,43.36906038071401,-17.867698182968358
2026-03-24 19:40:00+00:00,939.0,126.0,120.0,16.0,56.64857392452283,-20.711954599871547
2026-03-24 19:45:00+00:00,882.0,91.0,-57.0,-35.0,50.671768881434254,-14.375243462725269
2026-03-24 19:50:00+00:00,665.0,85.0,-217.0,-6.0,26.476318101961088,-13.364946044806334
2026-03-24 19:55:00+00:00,1170.0,78.0,505.0,-7.0,83.71571976934128,-11.90054394563325
2026-03-24 20:00:00+00:00,890.0,104.0,-280.0,26.0,51.410969754486175,-16.740194383638336
2026-03-24 20:05:00+00:00,853.0,80.0,-37.0,-24.0,47.53870318593516,-12.378787635807825
2026-03-24 20:10:00+00:00,833.0,115.0,-20.0,35.0,44.87782352278862,-18.77130407798392
2026-03-24 20:15:00+00:00,551.0,29.0,-282.0,-86.0,14.327407122508466,-3.0741062206532535
2026-03-24 20:20:00+00:00,984.0,91.0,433.0,62.0,62.21508967833361,-14.332900689969012
2026-03-24 20:25:00+00:00,1030.0,123.0,46.0,32.0,66.98715628780906,-20.116706764678533
2026-03-24 20:30:00+00:00,670.0,113.0,-360.0,-10.0,26.766824123558703,-18.49113743750055
2026-03-24 20:35:00+00:00,1317.0,78.0,647.0,-35.0,100.78243350161748,-11.84823816752258
2026-03-24 20:40:00+00:00,1445.0,141.0,128.0,63.0,114.51778765627046,-23.10464734808291
2026-03-24 20:45:00+00:00,1220.0,183.0,-225.0,42.0,87.69644862898454,-30.781756761182358
2026-03-24 20:50:00+00:00,804.0,59.0,-416.0,-124.0,42.26872080823694,-8.550665397695578
2026-03-24 20:55:00+00:00,866.0,88.0,62.0,29.0,48.90596750383969,-13.834539016025822
2026-03-24 21:00:00+00:00,796.0,93.0,-70.0,5.0,40.98828781117791,-14.776377663428647
2026-03-24 21:05:00+00:00,1110.0,95.0,314.0,2.0,76.53909316190756,-15.0056498495016
2026-03-24 21:10:00+00:00,933.0,116.0,-177.0,21.0,56.10365726863146,-18.900451521086236
2026-03-24 21:15:00+00:00,1074.0,121.0,141.0,5.0,72.02337091200414,-19.730355430645737
2026-03-24 21:20:00+00:00,836.0,67.0,-238.0,-54.0,45.77844768595748,-10.007099161833523
2026-03-24 21:25:00+00:00,709.0,77.0,-127.0,10.0,31.44355878306082,-11.881165835704813
2026-03-24 21:30:00+00:00,570.0,82.0,-139.0,5.0,16.00642859498787,-12.850015081263642
2026-03-24 21:35:00+00:00,1026.0,74.0,456.0,-8.0,67.2404488521682,-11.223795707065824
2026-03-24 21:40:00+00:00,1071.0,108.0,45.0,34.0,71.87737094058012,-17.37901964261492
2026-03-24 21:45:00+00:00,977.0,106.0,-94.0,-2.0,61.213711425216445,-17.062166277833207
2026-03-24 21:50:00+00:00,480.0,105.0,-497.0,-1.0,5.97927534058434,-17.11861131149932
2026-03-24 21:55:00+00:00,955.0,100.0,475.0,-5.0,58.80283746219102,-15.98221381111779
2026-03-24 22:00:00+00:00,986.0,95.0,31.0,-5.0,62.38684349730086,-15.05938803772275
2026-03-24 22:05:00+00:00,579.0,91.0,-407.0,-4.0,16.924211391370648,-14.501026405324742
2026-03-24 22:10:00+00:00,1037.0,15.0,458.0,-76.0,69.3585962243882,-0.4470097240609596
2026-03-24 22:15:00+00:00,997.0,117.0,-40.0,102.0,63.32809710895059,-19.047880397293014
2026-03-24 22:20:00+00:00,1373.0,125.0,376.0,8.0,106.42615217517562,-20.28310086180453
2026-03-24 22:25:00+00:00,685.0,122.0,-688.0,-3.0,28.339053490862657,-20.127691756733377
2026-03-24 22:30:00+00:00,914.0,102.0,229.0,-20.0,54.14179774395186,-16.364903815994257
2026-03-24 22:35:00+00:00,1057.0,107.0,143.0,5.0,70.2949914374444,-17.204709880158177
2026-03-24 22:40:00+00:00,856.0,115.0,-201.0,8.0,47.454950357080456,-18.759238075620175
2026-03-24 22:45:00+00:00,858.0,75.0,2.0,-40.0,48.16227310689535,-11.4633020789208
2026-03-24 22:50:00+00:00,809.0,63.0,-49.0,-12.0,42.785683283092695,-9.28250014409945
2026-03-24 22:55:00+00:00,286.0,82.0,-523.0,19.0,-14.900779657469151,-12.956250643852277
2026-03-24 23:00:00+00:00,514.0,46.0,228.0,-36.0,10.11598002905037,-6.226113812043793
2026-03-24 23:05:00+00:00,623.0,69.0,109.0,23.0,21.967322305962366,-10.440200071917205
2026-03-24 23:10:00+00:00,786.0,80.0,163.0,11.0,40.01323875745493,-12.403238967630012
2026-03-24 23:15:00+00:00,909.0,44.0,123.0,-36.0,54.31965856542503,-5.776889464425606
2026-03-24 23:20:00+00:00,675.0,114.0,-234.0,70.0,27.310100849489945,-18.671386425518385
2026-03-24 23:25:00+00:00,1117.0,104.0,442.0,-10.0,77.2005861209966,-16.63249904004539
2026-03-24 23:30:00+00:00,448.0,100.0,-669.0,-4.0,2.528462851839942,-16.213497863988103
2026-03-24 23:35:00+00:00,1011.0,144.0,563.0,44.0,64.53198153127657,-23.925894328035138
2026-03-24 23:40:00+00:00,1446.0,155.0,435.0,11.0,114.34988387853637,-25.60439778052029
2026-03-24 23:45:00+00:00,851.0,89.0,-595.0,-66.0,47.20569816302362,-14.0230984278966
2026-03-24 23:50:00+00:00,666.0,62.0,-185.0,-27.0,26.80278383439156,-9.139680937901407
2026-03-24 23:55:00+00:00,710.0,74.0,44.0,12.0,31.584924700236225,-11.330469203955753
2026-03-25 00:00:00+00:00,558.0,57.0,-152.0,-17.0,14.882375916337974,-8.247871889990746
2026-03-25 00:05:00+00:00,742.0,65.0,184.0,8.0,35.24938809529887,-9.66883366479115
2026-03-25 00:10:00+00:00,813.0,105.0,71.0,40.0,42.755066139004356,-16.959107427700292
2026-03-25 00:15:00+00:00,811.0,80.0,-2.0,-25.0,42.81660263572046,-12.394115336353076
2026-03-25 00:20:00+00:00,538.0,46.0,-273.0,-34.0,12.760826974062041,-6.2210775675789245
2026-03-25 00:25:00+00:00,446.0,75.0,-92.0,29.0,2.4678967398042038,-11.604262182149451
2026-03-25 00:30:00+00:00,652.0,60.0,206.0,-15.0,25.2649856975586,-8.77561794275651
2026-03-25 00:35:00+00:00,743.0,76.0,91.0,16.0,35.24621529770072,-11.68594565620148
2026-03-25 00:40:00+00:00,667.0,117.0,-76.0,41.0,26.397716305999598,-19.224012099094253
2026-03-25 00:45:00+00:00,1024.0,105.0,357.0,-12.0,66.56525253553157,-16.858040402230042
2026-03-25 00:50:00+00:00,208.0,86.0,-816.0,-19.0,-23.27617122970515,-13.727682549677366
2026-03-25 00:55:00+00:00,567.0,67.0,359.0,-19.0,15.795909915034686,-10.089316765085625
2026-03-25 01:00:00+00:00,969.0,84.0,402.0,17.0,60.607229893066965,-13.064986922777376
2026-03-25 01:05:00+00:00,553.0,108.0,-416.0,24.0,13.933919312781645,-17.63422585669336
2026-03-25 01:10:00+00:00,585.0,74.0,32.0,-34.0,17.724557485578703,-11.372665998611579
2026-03-25 01:15:00+00:00,1154.0,90.0,569.0,16.0,81.67476590953994,-14.081214959426514
2026-03-25 01:20:00+00:00,564.0,85.0,-590.0,-5.0,15.322267702639731,-13.404109232062579
2026-03-25 01:25:00+00:00,336.0,50.0,-228.0,-35.0,-9.359812365767729,-7.006347100024523
2026-03-25 01:30:00+00:00,511.0,69.0,175.0,19.0,9.620326305268382,-10.475453783171282
2026-03-25 01:35:00+00:00,397.0,54.0,-114.0,-15.0,-2.749363053558577,-7.73387248105121
2026-03-25 01:40:00+00:00,778.0,58.0,381.0,4.0,39.35821280757089,-8.374175258003211
2026-03-25 01:45:00+00:00,999.0,95.0,221.0,37.0,63.864163208543566,-15.05375419540924
2026-03-25 01:50:00+00:00,783.0,111.0,-216.0,16.0,39.33559990821778,-18.06815842437252
2026-03-25 01:55:00+00:00,562.0,68.0,-221.0,-43.0,15.236765277934893,-10.275133149250552
2026-03-25 02:00:00+00:00,695.0,107.0,133.0,39.0,29.59160455743673,-17.381407247098583
2026-03-25 02:05:00+00:00,722.0,67.0,27.0,-40.0,32.99392068903801,-10.041942309680138
2026-03-25 02:10:00+00:00,827.0,63.0,105.0,-4.0,44.81151744836816,-9.277327045165427
2026-03-25 02:15:00+00:00,691.0,90.0,-136.0,27.0,29.313641925121477,-14.271305817081467
2026-03-25 02:20:00+00:00,1037.0,55.0,346.0,-35.0,68.77482618443312,-7.75860487216547
2026-03-25 02:25:00+00:00,649.0,64.0,-388.0,9.0,24.89513127864605,-9.51245682864898
2026-03-25 02:30:00+00:00,473.0,81.0,-176.0,17.0,5.376502589464938,-12.701893582653167
2026-03-25 02:35:00+00:00,842.0,54.0,369.0,-27.0,46.60855169664643,-7.624252051258833
2026-03-25 02:40:00+00:00,1011.0,52.0,169.0,-2.0,65.84098873851622,-7.217544514458351
2026-03-25 02:45:00+00:00,890.0,106.0,-121.0,54.0,51.38591887041867,-17.104235341651158
2026-03-25 02:50:00+00:00,1088.0,60.0,198.0,-46.0,74.55420265884645,-8.656280845654194
2026-03-25 02:55:00+00:00,847.0,66.0,-241.0,6.0,47.03004572465579,-9.820728474001827
2026-03-25 03:00:00+00:00,819.0,61.0,-28.0,-5.0,43.93384522819319,-8.91316833802552
2026-03-25 03:05:00+00:00,955.0,63.0,136.0,2.0,59.30012565799171,-9.240540563856822
2026-03-25 03:10:00+00:00,476.0,77.0,-479.0,14.0,5.731059711894816,-11.96300937007456
2026-03-25 03:15:00+00:00,1088.0,69.0,612.0,-8.0,74.41639464941443,-10.293834217156967
2026-03-25 03:20:00+00:00,1352.0,83.0,264.0,14.0,104.77898080936224,-12.737868988278104
2026-03-25 03:25:00+00:00,681.0,85.0,-671.0,2.0,28.251578176720457,-13.358741975538017
2026-03-25 03:30:00+00:00,1109.0,42.0,428.0,-43.0,77.25161785476128,-5.372151770646959
2026-03-25 03:35:00+00:00,1287.0,78.0,178.0,36.0,97.28390233596448,-11.858912816116595
2026-03-25 03:40:00+00:00,832.0,68.0,-455.0,-10.0,45.316212038619426,-10.191378214128283
2026-03-25 03:45:00+00:00,1430.0,55.0,598.0,-13.0,114.49460062254627,-7.6600012271399915
2026-03-25 03:50:00+00:00,1249.0,91.0,-181.0,36.0,92.63534932009757,-14.222892505847364
2026-03-25 03:55:00+00:00,1152.0,94.0,-97.0,3.0,81.37965416016789,-14.806406923805723
2026-03-25 04:00:00+00:00,1371.0,54.0,219.0,-40.0,107.56293246639663,-7.493939225730364
2026-03-25 04:05:00+00:00,1021.0,57.0,-350.0,3.0,66.91367405838194,-8.127481013475943
2026-03-25 04:10:00+00:00,1077.0,72.0,56.0,15.0,73.10809869795077,-10.84292801670959
2026-03-25 04:15:00+00:00,609.0,63.0,-468.0,-9.0,20.46930270972952,-9.339979021144142
2026-03-25 04:20:00+00:00,1314.0,85.0,705.0,22.0,100.30277370582105,-13.113293485110262
2026-03-25 04:25:00+00:00,1553.0,83.0,239.0,-2.0,128.47265426787612,-12.661764217981547
2026-03-25 04:30:00+00:00,1002.0,97.0,-551.0,14.0,64.1770921407198,-15.41584347152938
2026-03-25 04:35:00+00:00,1514.0,50.0,512.0,-47.0,124.5505650140199,-6.7376561589187745
2026-03-25 04:40:00+00:00,1697.0,71.0,183.0,21.0,145.9536057334258,-10.460260336380305
2026-03-25 04:45:00+00:00,1583.0,74.0,-114.0,3.0,132.240187591179,-11.035766790079462
2026-03-25 04:50:00+00:00,862.0,52.0,-721.0,-22.0,48.892291236501826,-7.252889462025198
2026-03-25 04:55:00+00:00,1021.0,56.0,159.0,4.0,66.92804313289481,-7.945060427320169
2026-03-25 05:00:00+00:00,1023.0,45.0,2.0,-11.0,67.31531229728975,-5.936665714552417
2026-03-25 05:05:00+00:00,144.0,61.0,-879.0,16.0,-30.044206697493784,-9.101001096939427
2026-03-25 05:10:00+00:00,1789.0,74.0,1645.0,13.0,156.97494926038843,-10.966226472486658
2026-03-25 05:15:00+00:00,1364.0,53.0,-425.0,-21.0,106.75938362989997,-7.314745994938708
2026-03-25 05:20:00+00:00,1264.0,91.0,-100.0,38.0,94.37583175661021,-14.216665627500856
2026-03-25 05:25:00+00:00,1677.0,39.0,413.0,-52.0,144.3063931224761,-4.724053572105386
2026-03-25 05:30:00+00:00,1306.0,87.0,-371.0,48.0,99.33329384151754,-13.47742275415478
2026-03-25 05:35:00+00:00,1239.0,74.0,-67.0,-13.0,91.77256447481571,-11.151892368972296
2026-03-25 05:40:00+00:00,597.0,74.0,-642.0,0.0,19.04915374661083,-11.36861510632462
2026-03-25 05:45:00+00:00,1657.0,75.0,1060.0,1.0,141.05895651218052,-11.18993527678562
2026-03-25 05:50:00+00:00,1556.0,61.0,-101.0,-14.0,129.31076378643633,-8.708082792366925
2026-03-25 05:55:00+00:00,108.0,89.0,-1448.0,28.0,-33.91902355402048,-14.324757610621557
2026-03-25 06:00:00+00:00,0.0,0.0,-108.0,-89.0,-45.30443810654572,2.3033240917705378
2026-03-25 06:05:00+00:00,0.0,0.0,0.0,0.0,-45.30443810654572,2.3033240917705378
2026-03-25 06:10:00+00:00,0.0,0.0,0.0,0.0,-45.30443810654572,2.3033240917705378
2026-03-25 06:15:00+00:00,0.0,0.0,0.0,0.0,-45.30443810654572,2.3033240917705378
2026-03-25 06:20:00+00:00,0.0,0.0,0.0,0.0,-45.30443810654572,2.3033240917705378
2026-03-25 06:25:00+00:00,0.0,0.0,0.0,0.0,-45.30443810654572,2.3033240917705378
2026-03-25 06:30:00+00:00,0.0,0.0,0.0,0.0,-45.30443810654572,2.3033240917705378
2026-03-25 06:35:00+00:00,0.0,0.0,0.0,0.0,-45.30443810654572,2.3033240917705378
2026-03-25 06:40:00+00:00,0.0,0.0,0.0,0.0,-45.30443810654572,2.3033240917705378
2026-03-25 06:45:00+00:00,0.0,0.0,0.0,0.0,-45.30443810654572,2.3033240917705378
2026-03-25 06:50:00+00:00,0.0,0.0,0.0,0.0,-45.30443810654572,2.3033240917705378
2026-03-25 06:55:00+00:00,0.0,0.0,0.0,0.0,-45.30443810654572,2.3033240917705378
2026-03-25 07:00:00+00:00,24488.0,906.0,24488.0,906.0,4895.8941481130705,-58.59071444847431
2026-03-25 07:05:00+00:00,256.0,43.0,-24232.0,-863.0,-17.98344106186725,-5.72178175014892
2026-03-25 07:10:00+00:00,215.0,10.0,-41.0,-33.0,-22.298215666065936,0.4317558090745281
2026-03-25 07:15:00+00:00,3152.0,43.0,2937.0,33.0,331.4687796748728,-5.1537079723218095
2026-03-25 07:20:00+00:00,2955.0,82.0,-197.0,39.0,303.7231638913754,-11.95786079684851
2026-03-25 07:25:00+00:00,5129.0,145.0,2174.0,63.0,605.2859650895704,-21.382644527599478
2026-03-25 07:30:00+00:00,1629.0,102.0,-3500.0,-43.0,137.08900112055647,-16.032210601480802
2026-03-25 07:35:00+00:00,2905.0,64.0,1276.0,-38.0,297.91076531286507,-8.853803639504457
2026-03-25 07:40:00+00:00,1983.0,118.0,-922.0,54.0,179.38421247683817,-18.69839749565826
2026-03-25 07:45:00+00:00,2069.0,61.0,86.0,-57.0,191.57557210597545,-8.565329895592354
2026-03-25 07:50:00+00:00,0.0,83.0,-2069.0,22.0,-45.30443810654572,-13.249777691964397
2026-03-25 07:55:00+00:00,0.0,0.0,0.0,-83.0,-45.30443810654572,2.3033240917705378
2026-03-25 08:00:00+00:00,0.0,0.0,0.0,0.0,-45.30443810654572,2.3033240917705378
2026-03-25 08:05:00+00:00,0.0,0.0,0.0,0.0,-45.30443810654572,2.3033240917705378
2026-03-25 08:10:00+00:00,0.0,0.0,0.0,0.0,-45.30443810654572,2.3033240917705378
2026-03-25 08:15:00+00:00,0.0,0.0,0.0,0.0,-45.30443810654572,2.3033240917705378
2026-03-25 08:20:00+00:00,0.0,0.0,0.0,0.0,-45.30443810654572,2.3033240917705378
2026-03-25 08:25:00+00:00,0.0,0.0,0.0,0.0,-45.30443810654572,2.3033240917705378
2026-03-25 08:30:00+00:00,0.0,0.0,0.0,0.0,-45.30443810654572,2.3033240917705378
2026-03-25 08:35:00+00:00,0.0,0.0,0.0,0.0,-45.30443810654572,2.3033240917705378
2026-03-25 08:40:00+00:00,0.0,0.0,0.0,0.0,-45.30443810654572,2.3033240917705378
2026-03-25 08:45:00+00:00,0.0,0.0,0.0,0.0,-45.30443810654572,2.3033240917705378
2026-03-25 08:50:00+00:00,0.0,0.0,0.0,0.0,-45.30443810654572,2.3033240917705378
2026-03-25 08:55:00+00:00,0.0,0.0,0.0,0.0,-45.30443810654572,2.3033240917705378
2026-03-25 09:00:00+00:00,0.0,0.0,0.0,0.0,-45.30443810654572,2.3033240917705378
2026-03-25 09:05:00+00:00,0.0,0.0,0.0,0.0,-45.30443810654572,2.3033240917705378
2026-03-25 09:10:00+00:00,0.0,0.0,0.0,0.0,-45.30443810654572,2.3033240917705378
2026-03-25 09:15:00+00:00,0.0,0.0,0.0,0.0,-45.30443810654572,2.3033240917705378
2026-03-25 09:20:00+00:00,0.0,0.0,0.0,0.0,-45.30443810654572,2.3033240917705378
2026-03-25 09:25:00+00:00,0.0,0.0,0.0,0.0,-45.30443810654572,2.3033240917705378
2026-03-25 09:30:00+00:00,0.0,0.0,0.0,0.0,-45.30443810654572,2.3033240917705378
2026-03-25 09:35:00+00:00,0.0,0.0,0.0,0.0,-45.30443810654572,2.3033240917705378
2026-03-25 09:40:00+00:00,0.0,0.0,0.0,0.0,-45.30443810654572,2.3033240917705378
2026-03-25 09:45:00+00:00,0.0,0.0,0.0,0.0,-45.30443810654572,2.3033240917705378
2026-03-25 09:50:00+00:00,0.0,0.0,0.0,0.0,-45.30443810654572,2.3033240917705378
2026-03-25 09:55:00+00:00,0.0,0.0,0.0,0.0,-45.30443810654572,2.3033240917705378
2026-03-25 10:00:00+00:00,0.0,0.0,0.0,0.0,-45.30443810654572,2.3033240917705378
2026-03-25 10:05:00+00:00,0.0,0.0,0.0,0.0,-45.30443810654572,2.3033240917705378
2026-03-25 10:10:00+00:00,0.0,0.0,0.0,0.0,-45.30443810654572,2.3033240917705378
2026-03-25 10:15:00+00:00,0.0,0.0,0.0,0.0,-45.30443810654572,2.3033240917705378
2026-03-25 10:20:00+00:00,0.0,0.0,0.0,0.0,-45.30443810654572,2.3033240917705378
2026-03-25 10:25:00+00:00,0.0,0.0,0.0,0.0,-45.30443810654572,2.3033240917705378
2026-03-25 10:30:00+00:00,0.0,0.0,0.0,0.0,-45.30443810654572,2.3033240917705378
2026-03-25 10:35:00+00:00,0.0,0.0,0.0,0.0,-45.30443810654572,2.3033240917705378
2026-03-25 10:40:00+00:00,0.0,0.0,0.0,0.0,-45.30443810654572,2.3033240917705378
2026-03-25 10:45:00+00:00,0.0,0.0,0.0,0.0,-45.30443810654572,2.3033240917705378
2026-03-25 10:50:00+00:00,0.0,0.0,0.0,0.0,-45.30443810654572,2.3033240917705378
2026-03-25 10:55:00+00:00,0.0,0.0,0.0,0.0,-45.30443810654572,2.3033240917705378
2026-03-25 11:00:00+00:00,0.0,0.0,0.0,0.0,-45.30443810654572,2.3033240917705378
2026-03-25 11:05:00+00:00,0.0,0.0,0.0,0.0,-45.30443810654572,2.3033240917705378
2026-03-25 11:10:00+00:00,0.0,0.0,0.0,0.0,-45.30443810654572,2.3033240917705378
2026-03-25 11:15:00+00:00,0.0,0.0,0.0,0.0,-45.30443810654572,2.3033240917705378
2026-03-25 11:20:00+00:00,0.0,0.0,0.0,0.0,-45.30443810654572,2.3033240917705378
2026-03-25 11:25:00+00:00,0.0,0.0,0.0,0.0,-45.30443810654572,2.3033240917705378
2026-03-25 11:30:00+00:00,0.0,0.0,0.0,0.0,-45.30443810654572,2.3033240917705378
2026-03-25 11:35:00+00:00,0.0,0.0,0.0,0.0,-45.30443810654572,2.3033240917705378
2026-03-25 11:40:00+00:00,0.0,0.0,0.0,0.0,-45.30443810654572,2.3033240917705378
2026-03-25 11:45:00+00:00,0.0,0.0,0.0,0.0,-45.30443810654572,2.3033240917705378
2026-03-25 11:50:00+00:00,0.0,0.0,0.0,0.0,-45.30443810654572,2.3033240917705378
2026-03-25 11:55:00+00:00,0.0,0.0,0.0,0.0,-45.30443810654572,2.3033240917705378
2026-03-25 12:00:00+00:00,0.0,0.0,0.0,0.0,-45.30443810654572,2.3033240917705378
2026-03-25 12:05:00+00:00,0.0,0.0,0.0,0.0,-45.30443810654572,2.3033240917705378
2026-03-25 12:10:00+00:00,0.0,0.0,0.0,0.0,-45.30443810654572,2.3033240917705378
2026-03-25 12:15:00+00:00,0.0,0.0,0.0,0.0,-45.30443810654572,2.3033240917705378
2026-03-25 12:20:00+00:00,0.0,0.0,0.0,0.0,-45.30443810654572,2.3033240917705378
2026-03-25 12:25:00+00:00,0.0,0.0,0.0,0.0,-45.30443810654572,2.3033240917705378
2026-03-25 12:30:00+00:00,0.0,0.0,0.0,0.0,-45.30443810654572,2.3033240917705378
2026-03-25 12:35:00+00:00,0.0,0.0,0.0,0.0,-45.30443810654572,2.3033240917705378
2026-03-25 12:40:00+00:00,0.0,0.0,0.0,0.0,-45.30443810654572,2.3033240917705378
2026-03-25 12:45:00+00:00,0.0,0.0,0.0,0.0,-45.30443810654572,2.3033240917705378
2026-03-25 12:50:00+00:00,0.0,0.0,0.0,0.0,-45.30443810654572,2.3033240917705378
2026-03-25 12:55:00+00:00,0.0,0.0,0.0,0.0,-45.30443810654572,2.3033240917705378
2026-03-25 13:00:00+00:00,0.0,0.0,0.0,0.0,-45.30443810654572,2.3033240917705378
2026-03-25 13:05:00+00:00,0.0,0.0,0.0,0.0,-45.30443810654572,2.3033240917705378
2026-03-25 13:10:00+00:00,0.0,0.0,0.0,0.0,-45.30443810654572,2.3033240917705378
2026-03-25 13:15:00+00:00,0.0,0.0,0.0,0.0,-45.30443810654572,2.3033240917705378
2026-03-25 13:20:00+00:00,0.0,0.0,0.0,0.0,-45.30443810654572,2.3033240917705378
2026-03-25 13:25:00+00:00,0.0,0.0,0.0,0.0,-45.30443810654572,2.3033240917705378
2026-03-25 13:30:00+00:00,0.0,0.0,0.0,0.0,-45.30443810654572,2.3033240917705378
2026-03-25 13:35:00+00:00,0.0,0.0,0.0,0.0,-45.30443810654572,2.3033240917705378
2026-03-25 13:40:00+00:00,0.0,0.0,0.0,0.0,-45.30443810654572,2.3033240917705378
2026-03-25 13:45:00+00:00,0.0,0.0,0.0,0.0,-45.30443810654572,2.3033240917705378
2026-03-25 13:50:00+00:00,0.0,0.0,0.0,0.0,-45.30443810654572,2.3033240917705378
2026-03-25 13:55:00+00:00,0.0,0.0,0.0,0.0,-45.30443810654572,2.3033240917705378
2026-03-25 14:00:00+00:00,0.0,0.0,0.0,0.0,-45.30443810654572,2.3033240917705378
2026-03-25 14:05:00+00:00,0.0,0.0,0.0,0.0,-45.30443810654572,2.3033240917705378
2026-03-25 14:10:00+00:00,0.0,0.0,0.0,0.0,-45.30443810654572,2.3033240917705378
2026-03-25 14:15:00+00:00,0.0,0.0,0.0,0.0,-45.30443810654572,2.3033240917705378
2026-03-25 14:20:00+00:00,0.0,0.0,0.0,0.0,-45.30443810654572,2.3033240917705378
2026-03-25 14:25:00+00:00,0.0,0.0,0.0,0.0,-45.30443810654572,2.3033240917705378
2026-03-25 14:30:00+00:00,0.0,0.0,0.0,0.0,-45.30443810654572,2.3033240917705378
2026-03-25 14:35:00+00:00,0.0,0.0,0.0,0.0,-45.30443810654572,2.3033240917705378
2026-03-25 14:40:00+00:00,0.0,0.0,0.0,0.0,-45.30443810654572,2.3033240917705378
2026-03-25 14:45:00+00:00,0.0,0.0,0.0,0.0,-45.30443810654572,2.3033240917705378
2026-03-25 14:50:00+00:00,0.0,0.0,0.0,0.0,-45.30443810654572,2.3033240917705378
2026-03-25 14:55:00+00:00,0.0,0.0,0.0,0.0,-45.30443810654572,2.3033240917705378
2026-03-25 15:00:00+00:00,0.0,0.0,0.0,0.0,-45.30443810654572,2.3033240917705378
2026-03-25 15:05:00+00:00,0.0,0.0,0.0,0.0,-45.30443810654572,2.3033240917705378
2026-03-25 15:10:00+00:00,0.0,0.0,0.0,0.0,-45.30443810654572,2.3033240917705378
2026-03-25 15:15:00+00:00,0.0,0.0,0.0,0.0,-45.30443810654572,2.3033240917705378
2026-03-25 15:20:00+00:00,0.0,0.0,0.0,0.0,-45.30443810654572,2.3033240917705378
2026-03-25 15:25:00+00:00,0.0,0.0,0.0,0.0,-45.30443810654572,2.3033240917705378
2026-03-25 15:30:00+00:00,0.0,0.0,0.0,0.0,-45.30443810654572,2.3033240917705378
2026-03-25 15:35:00+00:00,0.0,0.0,0.0,0.0,-45.30443810654572,2.3033240917705378
2026-03-25 15:40:00+00:00,0.0,0.0,0.0,0.0,-45.30443810654572,2.3033240917705378
2026-03-25 15:45:00+00:00,0.0,0.0,0.0,0.0,-45.30443810654572,2.3033240917705378
2026-03-25 15:50:00+00:00,0.0,0.0,0.0,0.0,-45.30443810654572,2.3033240917705378
2026-03-25 15:55:00+00:00,0.0,0.0,0.0,0.0,-45.30443810654572,2.3033240917705378
2026-03-25 16:00:00+00:00,0.0,0.0,0.0,0.0,-45.30443810654572,2.3033240917705378
2026-03-25 16:05:00+00:00,0.0,0.0,0.0,0.0,-45.30443810654572,2.3033240917705378
2026-03-25 16:10:00+00:00,0.0,0.0,0.0,0.0,-45.30443810654572,2.3033240917705378
2026-03-25 16:15:00+00:00,0.0,0.0,0.0,0.0,-45.30443810654572,2.3033240917705378
2026-03-25 16:20:00+00:00,0.0,0.0,0.0,0.0,-45.30443810654572,2.3033240917705378
2026-03-25 16:25:00+00:00,0.0,0.0,0.0,0.0,-45.30443810654572,2.3033240917705378
2026-03-25 16:30:00+00:00,0.0,0.0,0.0,0.0,-45.30443810654572,2.3033240917705378
2026-03-25 16:35:00+00:00,0.0,0.0,0.0,0.0,-45.30443810654572,2.3033240917705378
2026-03-25 16:40:00+00:00,0.0,0.0,0.0,0.0,-45.30443810654572,2.3033240917705378
2026-03-25 16:45:00+00:00,0.0,0.0,0.0,0.0,-45.30443810654572,2.3033240917705378
2026-03-25 16:50:00+00:00,0.0,0.0,0.0,0.0,-45.30443810654572,2.3033240917705378
2026-03-25 16:55:00+00:00,0.0,0.0,0.0,0.0,-45.30443810654572,2.3033240917705378
2026-03-25 17:00:00+00:00,0.0,0.0,0.0,0.0,-45.30443810654572,2.3033240917705378
2026-03-25 17:05:00+00:00,0.0,0.0,0.0,0.0,-45.30443810654572,2.3033240917705378
2026-03-25 17:10:00+00:00,0.0,0.0,0.0,0.0,-45.30443810654572,2.3033240917705378
2026-03-25 17:15:00+00:00,0.0,0.0,0.0,0.0,-45.30443810654572,2.3033240917705378
2026-03-25 17:20:00+00:00,0.0,0.0,0.0,0.0,-45.30443810654572,2.3033240917705378
2026-03-25 17:25:00+00:00,0.0,0.0,0.0,0.0,-45.30443810654572,2.3033240917705378
2026-03-25 17:30:00+00:00,0.0,0.0,0.0,0.0,-45.30443810654572,2.3033240917705378
2026-03-25 17:35:00+00:00,0.0,0.0,0.0,0.0,-45.30443810654572,2.3033240917705378
2026-03-25 17:40:00+00:00,0.0,0.0,0.0,0.0,-45.30443810654572,2.3033240917705378
2026-03-25 17:45:00+00:00,0.0,0.0,0.0,0.0,-45.30443810654572,2.3033240917705378
2026-03-25 17:50:00+00:00,243468.0,9920.0,243468.0,9920.0,254061.46958278038,10164.837314093758
2026-03-25 17:55:00+00:00,2405.0,100.0,-241063.0,-9820.0,232.29919210975106,-15.320750543539969
2026-03-25 18:00:00+00:00,1524.0,32.0,-881.0,-68.0,126.12594805525762,-3.487368003943121
2026-03-25 18:05:00+00:00,1657.0,57.0,133.0,25.0,141.47871362914532,-7.962106072950212
2026-03-25 18:10:00+00:00,2700.0,86.0,1043.0,29.0,270.4060884401055,-12.750030716566073
2026-03-25 18:15:00+00:00,2590.0,63.0,-110.0,-23.0,257.12176033772425,-8.770650744016454
2026-03-25 18:20:00+00:00,2478.0,115.0,-112.0,52.0,241.0025828439724,-17.908322604576792
2026-03-25 18:25:00+00:00,2849.0,72.0,371.0,-43.0,290.2679764625659,-10.260913330291324
2026-03-25 18:30:00+00:00,2048.0,55.0,-801.0,-17.0,189.15394671417306,-7.504945113588475
2026-03-25 18:35:00+00:00,1298.0,65.0,-750.0,10.0,98.80324922491897,-9.503969647616929
2026-03-25 18:40:00+00:00,2145.0,59.0,847.0,-6.0,201.05840110515945,-8.18973910619565
2026-03-25 18:45:00+00:00,2104.0,70.0,-41.0,11.0,195.64201506531137,-10.151245407375201
2026-03-25 18:50:00+00:00,2574.0,85.0,470.0,15.0,254.2743350469369,-12.624723030230369
2026-03-25 18:55:00+00:00,5429.0,79.0,2855.0,-6.0,655.5877742677073,-10.546959202508818
2026-03-25 19:00:00+00:00,2524.0,112.0,-2905.0,33.0,246.93761538340922,-17.361015749635175
2026-03-25 19:05:00+00:00,2415.0,75.0,-109.0,-37.0,234.40999900215616,-10.93059605773873
2026-03-25 19:10:00+00:00,0.0,0.0,-2415.0,-75.0,-45.30443810654572,2.3033240917705378
2026-03-25 19:15:00+00:00,0.0,0.0,0.0,0.0,-45.30443810654572,2.3033240917705378
2026-03-25 19:20:00+00:00,0.0,0.0,0.0,0.0,-45.30443810654572,2.3033240917705378
2026-03-25 19:25:00+00:00,0.0,0.0,0.0,0.0,-45.30443810654572,2.3033240917705378
2026-03-25 19:30:00+00:00,0.0,0.0,0.0,0.0,-45.30443810654572,2.3033240917705378
2026-03-25 19:35:00+00:00,0.0,0.0,0.0,0.0,-45.30443810654572,2.3033240917705378
2026-03-25 19:40:00+00:00,0.0,0.0,0.0,0.0,-45.30443810654572,2.3033240917705378
2026-03-25 19:45:00+00:00,0.0,0.0,0.0,0.0,-45.30443810654572,2.3033240917705378
2026-03-25 19:50:00+00:00,0.0,0.0,0.0,0.0,-45.30443810654572,2.3033240917705378
2026-03-25 19:55:00+00:00,0.0,0.0,0.0,0.0,-45.30443810654572,2.3033240917705378
2026-03-25 20:00:00+00:00,0.0,0.0,0.0,0.0,-45.30443810654572,2.3033240917705378
2026-03-25 20:05:00+00:00,0.0,0.0,0.0,0.0,-45.30443810654572,2.3033240917705378
2026-03-25 20:10:00+00:00,0.0,0.0,0.0,0.0,-45.30443810654572,2.3033240917705378
2026-03-25 20:15:00+00:00,0.0,0.0,0.0,0.0,-45.30443810654572,2.3033240917705378
2026-03-25 20:20:00+00:00,0.0,0.0,0.0,0.0,-45.30443810654572,2.3033240917705378
2026-03-25 20:25:00+00:00,0.0,0.0,0.0,0.0,-45.30443810654572,2.3033240917705378
2026-03-25 20:30:00+00:00,0.0,0.0,0.0,0.0,-45.30443810654572,2.3033240917705378
2026-03-25 20:35:00+00:00,0.0,0.0,0.0,0.0,-45.30443810654572,2.3033240917705378
2026-03-25 20:40:00+00:00,0.0,0.0,0.0,0.0,-45.30443810654572,2.3033240917705378
2026-03-25 20:45:00+00:00,0.0,0.0,0.0,0.0,-45.30443810654572,2.3033240917705378
2026-03-25 20:50:00+00:00,0.0,0.0,0.0,0.0,-45.30443810654572,2.3033240917705378
2026-03-25 20:55:00+00:00,0.0,0.0,0.0,0.0,-45.30443810654572,2.3033240917705378
2026-03-25 21:00:00+00:00,0.0,0.0,0.0,0.0,-45.30443810654572,2.3033240917705378
2026-03-25 21:05:00+00:00,0.0,0.0,0.0,0.0,-45.30443810654572,2.3033240917705378
2026-03-25 21:10:00+00:00,0.0,0.0,0.0,0.0,-45.30443810654572,2.3033240917705378
2026-03-25 21:15:00+00:00,0.0,0.0,0.0,0.0,-45.30443810654572,2.3033240917705378
2026-03-25 21:20:00+00:00,0.0,0.0,0.0,0.0,-45.30443810654572,2.3033240917705378
2026-03-25 21:25:00+00:00,0.0,0.0,0.0,0.0,-45.30443810654572,2.3033240917705378
2026-03-25 21:30:00+00:00,0.0,0.0,0.0,0.0,-45.30443810654572,2.3033240917705378
2026-03-25 21:35:00+00:00,0.0,0.0,0.0,0.0,-45.30443810654572,2.3033240917705378
2026-03-25 21:40:00+00:00,0.0,0.0,0.0,0.0,-45.30443810654572,2.3033240917705378
2026-03-25 21:45:00+00:00,0.0,0.0,0.0,0.0,-45.30443810654572,2.3033240917705378
2026-03-25 21:50:00+00:00,0.0,0.0,0.0,0.0,-45.30443810654572,2.3033240917705378
2026-03-25 21:55:00+00:00,0.0,0.0,0.0,0.0,-45.30443810654572,2.3033240917705378
2026-03-25 22:00:00+00:00,0.0,0.0,0.0,0.0,-45.30443810654572,2.3033240917705378
2026-03-25 22:05:00+00:00,0.0,0.0,0.0,0.0,-45.30443810654572,2.3033240917705378
2026-03-25 22:10:00+00:00,0.0,0.0,0.0,0.0,-45.30443810654572,2.3033240917705378
2026-03-25 22:15:00+00:00,190421.0,2726.0,190421.0,2726.0,173287.31399574157,1933.5751440471693
2026-03-25 22:20:00+00:00,7058.0,155.0,-183363.0,-2571.0,909.2102779128082,-21.63625682924276
2026-03-25 22:25:00+00:00,3798.0,93.0,-3260.0,-62.0,416.8700058306449,-13.502782602587397
2026-03-25 22:30:00+00:00,4001.0,57.0,203.0,-36.0,447.1931622125721,-7.352611009125816
2026-03-25 22:35:00+00:00,4580.0,64.0,579.0,7.0,529.7449193910622,-8.364777003060718
2026-03-25 22:40:00+00:00,5446.0,68.0,866.0,4.0,659.0351752233746,-8.76009943392776
2026-03-25 22:45:00+00:00,4197.0,65.0,-1249.0,-3.0,474.48624453381046,-8.644363917782261
2026-03-25 22:50:00+00:00,3870.0,66.0,-327.0,1.0,428.3348629884908,-8.910564141446022
2026-03-25 22:55:00+00:00,3220.0,57.0,-650.0,-9.0,339.9313878689088,-7.555689355903485
2026-03-25 23:00:00+00:00,2980.0,60.0,-240.0,3.0,307.92827134945423,-8.138423534375338
2026-03-25 23:05:00+00:00,0.0,0.0,-2980.0,-60.0,-45.30443810654572,2.3033240917705378
2026-03-25 23:10:00+00:00,0.0,0.0,0.0,0.0,-45.30443810654572,2.3033240917705378
2026-03-25 23:15:00+00:00,0.0,0.0,0.0,0.0,-45.30443810654572,2.3033240917705378
2026-03-25 23:20:00+00:00,0.0,0.0,0.0,0.0,-45.30443810654572,2.3033240917705378
2026-03-25 23:25:00+00:00,0.0,0.0,0.0,0.0,-45.30443810654572,2.3033240917705378
2026-03-25 23:30:00+00:00,0.0,0.0,0.0,0.0,-45.30443810654572,2.3033240917705378
2026-03-25 23:35:00+00:00,0.0,0.0,0.0,0.0,-45.30443810654572,2.3033240917705378
2026-03-25 23:40:00+00:00,0.0,0.0,0.0,0.0,-45.30443810654572,2.3033240917705378
2026-03-25 23:45:00+00:00,0.0,0.0,0.0,0.0,-45.30443810654572,2.3033240917705378
2026-03-25 23:50:00+00:00,0.0,0.0,0.0,0.0,-45.30443810654572,2.3033240917705378
2026-03-25 23:55:00+00:00,0.0,0.0,0.0,0.0,-45.30443810654572,2.3033240917705378
2026-03-26 00:00:00+00:00,0.0,0.0,0.0,0.0,-45.30443810654572,2.3033240917705378
2026-03-26 00:05:00+00:00,0.0,0.0,0.0,0.0,-45.30443810654572,2.3033240917705378
2026-03-26 00:10:00+00:00,0.0,0.0,0.0,0.0,-45.30443810654572,2.3033240917705378
2026-03-26 00:15:00+00:00,0.0,0.0,0.0,0.0,-45.30443810654572,2.3033240917705378
2026-03-26 00:20:00+00:00,0.0,0.0,0.0,0.0,-45.30443810654572,2.3033240917705378
2026-03-26 00:25:00+00:00,0.0,0.0,0.0,0.0,-45.30443810654572,2.3033240917705378
2026-03-26 00:30:00+00:00,0.0,0.0,0.0,0.0,-45.30443810654572,2.3033240917705378
2026-03-26 00:35:00+00:00,0.0,0.0,0.0,0.0,-45.30443810654572,2.3033240917705378
2026-03-26 00:40:00+00:00,0.0,0.0,0.0,0.0,-45.30443810654572,2.3033240917705378
2026-03-26 00:45:00+00:00,0.0,0.0,0.0,0.0,-45.30443810654572,2.3033240917705378
2026-03-26 00:50:00+00:00,0.0,0.0,0.0,0.0,-45.30443810654572,2.3033240917705378
2026-03-26 00:55:00+00:00,0.0,0.0,0.0,0.0,-45.30443810654572,2.3033240917705378
2026-03-26 01:00:00+00:00,0.0,0.0,0.0,0.0,-45.30443810654572,2.3033240917705378
2026-03-26 01:05:00+00:00,0.0,0.0,0.0,0.0,-45.30443810654572,2.3033240917705378
2026-03-26 01:10:00+00:00,0.0,0.0,0.0,0.0,-45.30443810654572,2.3033240917705378
2026-03-26 01:15:00+00:00,0.0,0.0,0.0,0.0,-45.30443810654572,2.3033240917705378
2026-03-26 01:20:00+00:00,0.0,0.0,0.0,0.0,-45.30443810654572,2.3033240917705378
2026-03-26 01:25:00+00:00,0.0,0.0,0.0,0.0,-45.30443810654572,2.3033240917705378
2026-03-26 01:30:00+00:00,0.0,0.0,0.0,0.0,-45.30443810654572,2.3033240917705378
2026-03-26 01:35:00+00:00,0.0,0.0,0.0,0.0,-45.30443810654572,2.3033240917705378
2026-03-26 01:40:00+00:00,0.0,0.0,0.0,0.0,-45.30443810654572,2.3033240917705378
2026-03-26 01:45:00+00:00,0.0,0.0,0.0,0.0,-45.30443810654572,2.3033240917705378
2026-03-26 01:50:00+00:00,0.0,0.0,0.0,0.0,-45.30443810654572,2.3033240917705378
2026-03-26 01:55:00+00:00,0.0,0.0,0.0,0.0,-45.30443810654572,2.3033240917705378
2026-03-26 02:00:00+00:00,0.0,0.0,0.0,0.0,-45.30443810654572,2.3033240917705378
2026-03-26 02:05:00+00:00,0.0,0.0,0.0,0.0,-45.30443810654572,2.3033240917705378
2026-03-26 02:10:00+00:00,0.0,0.0,0.0,0.0,-45.30443810654572,2.3033240917705378
2026-03-26 02:15:00+00:00,0.0,0.0,0.0,0.0,-45.30443810654572,2.3033240917705378
2026-03-26 02:20:00+00:00,0.0,0.0,0.0,0.0,-45.30443810654572,2.3033240917705378
2026-03-26 02:25:00+00:00,0.0,0.0,0.0,0.0,-45.30443810654572,2.3033240917705378
2026-03-26 02:30:00+00:00,0.0,0.0,0.0,0.0,-45.30443810654572,2.3033240917705378
2026-03-26 02:35:00+00:00,0.0,0.0,0.0,0.0,-45.30443810654572,2.3033240917705378
2026-03-26 02:40:00+00:00,0.0,0.0,0.0,0.0,-45.30443810654572,2.3033240917705378
2026-03-26 02:45:00+00:00,0.0,0.0,0.0,0.0,-45.30443810654572,2.3033240917705378
2026-03-26 02:50:00+00:00,0.0,0.0,0.0,0.0,-45.30443810654572,2.3033240917705378
2026-03-26 02:55:00+00:00,0.0,0.0,0.0,0.0,-45.30443810654572,2.3033240917705378
2026-03-26 03:00:00+00:00,0.0,0.0,0.0,0.0,-45.30443810654572,2.3033240917705378
2026-03-26 03:05:00+00:00,0.0,0.0,0.0,0.0,-45.30443810654572,2.3033240917705378
2026-03-26 03:10:00+00:00,0.0,0.0,0.0,0.0,-45.30443810654572,2.3033240917705378
2026-03-26 03:15:00+00:00,0.0,0.0,0.0,0.0,-45.30443810654572,2.3033240917705378
2026-03-26 03:20:00+00:00,0.0,0.0,0.0,0.0,-45.30443810654572,2.3033240917705378
2026-03-26 03:25:00+00:00,0.0,0.0,0.0,0.0,-45.30443810654572,2.3033240917705378
2026-03-26 03:30:00+00:00,0.0,0.0,0.0,0.0,-45.30443810654572,2.3033240917705378
2026-03-26 03:35:00+00:00,0.0,0.0,0.0,0.0,-45.30443810654572,2.3033240917705378
2026-03-26 03:40:00+00:00,0.0,0.0,0.0,0.0,-45.30443810654572,2.3033240917705378
2026-03-26 03:45:00+00:00,0.0,0.0,0.0,0.0,-45.30443810654572,2.3033240917705378
2026-03-26 03:50:00+00:00,0.0,0.0,0.0,0.0,-45.30443810654572,2.3033240917705378
2026-03-26 03:55:00+00:00,0.0,0.0,0.0,0.0,-45.30443810654572,2.3033240917705378
2026-03-26 04:00:00+00:00,0.0,0.0,0.0,0.0,-45.30443810654572,2.3033240917705378
2026-03-26 04:05:00+00:00,0.0,0.0,0.0,0.0,-45.30443810654572,2.3033240917705378
2026-03-26 04:10:00+00:00,0.0,0.0,0.0,0.0,-45.30443810654572,2.3033240917705378
2026-03-26 04:15:00+00:00,0.0,0.0,0.0,0.0,-45.30443810654572,2.3033240917705378
2026-03-26 04:20:00+00:00,0.0,0.0,0.0,0.0,-45.30443810654572,2.3033240917705378
2026-03-26 04:25:00+00:00,0.0,0.0,0.0,0.0,-45.30443810654572,2.3033240917705378
2026-03-26 04:30:00+00:00,0.0,0.0,0.0,0.0,-45.30443810654572,2.3033240917705378
2026-03-26 04:35:00+00:00,0.0,0.0,0.0,0.0,-45.30443810654572,2.3033240917705378
2026-03-26 04:40:00+00:00,0.0,0.0,0.0,0.0,-45.30443810654572,2.3033240917705378
2026-03-26 04:45:00+00:00,0.0,0.0,0.0,0.0,-45.30443810654572,2.3033240917705378
2026-03-26 04:50:00+00:00,0.0,0.0,0.0,0.0,-45.30443810654572,2.3033240917705378
2026-03-26 04:55:00+00:00,0.0,0.0,0.0,0.0,-45.30443810654572,2.3033240917705378
2026-03-26 05:00:00+00:00,0.0,0.0,0.0,0.0,-45.30443810654572,2.3033240917705378
2026-03-26 05:05:00+00:00,0.0,0.0,0.0,0.0,-45.30443810654572,2.3033240917705378
2026-03-26 05:10:00+00:00,0.0,0.0,0.0,0.0,-45.30443810654572,2.3033240917705378
2026-03-26 05:15:00+00:00,0.0,0.0,0.0,0.0,-45.30443810654572,2.3033240917705378
2026-03-26 05:20:00+00:00,0.0,0.0,0.0,0.0,-45.30443810654572,2.3033240917705378
2026-03-26 05:25:00+00:00,0.0,0.0,0.0,0.0,-45.30443810654572,2.3033240917705378
2026-03-26 05:30:00+00:00,0.0,0.0,0.0,0.0,-45.30443810654572,2.3033240917705378
2026-03-26 05:35:00+00:00,0.0,0.0,0.0,0.0,-45.30443810654572,2.3033240917705378
2026-03-26 05:40:00+00:00,0.0,0.0,0.0,0.0,-45.30443810654572,2.3033240917705378
2026-03-26 05:45:00+00:00,0.0,0.0,0.0,0.0,-45.30443810654572,2.3033240917705378
2026-03-26 05:50:00+00:00,0.0,0.0,0.0,0.0,-45.30443810654572,2.3033240917705378
2026-03-26 05:55:00+00:00,0.0,0.0,0.0,0.0,-45.30443810654572,2.3033240917705378
2026-03-26 06:00:00+00:00,0.0,0.0,0.0,0.0,-45.30443810654572,2.3033240917705378
2026-03-26 06:05:00+00:00,0.0,0.0,0.0,0.0,-45.30443810654572,2.3033240917705378
2026-03-26 06:10:00+00:00,0.0,0.0,0.0,0.0,-45.30443810654572,2.3033240917705378
2026-03-26 06:15:00+00:00,0.0,0.0,0.0,0.0,-45.30443810654572,2.3033240917705378
2026-03-26 06:20:00+00:00,0.0,0.0,0.0,0.0,-45.30443810654572,2.3033240917705378
2026-03-26 06:25:00+00:00,0.0,0.0,0.0,0.0,-45.30443810654572,2.3033240917705378
2026-03-26 06:30:00+00:00,0.0,0.0,0.0,0.0,-45.30443810654572,2.3033240917705378
2026-03-26 06:35:00+00:00,0.0,0.0,0.0,0.0,-45.30443810654572,2.3033240917705378
2026-03-26 06:40:00+00:00,0.0,0.0,0.0,0.0,-45.30443810654572,2.3033240917705378
2026-03-26 06:45:00+00:00,0.0,0.0,0.0,0.0,-45.30443810654572,2.3033240917705378
2026-03-26 06:50:00+00:00,0.0,0.0,0.0,0.0,-45.30443810654572,2.3033240917705378
2026-03-26 06:55:00+00:00,0.0,0.0,0.0,0.0,-45.30443810654572,2.3033240917705378
2026-03-26 07:00:00+00:00,0.0,0.0,0.0,0.0,-45.30443810654572,2.3033240917705378
2026-03-26 07:05:00+00:00,0.0,0.0,0.0,0.0,-45.30443810654572,2.3033240917705378
2026-03-26 07:10:00+00:00,0.0,0.0,0.0,0.0,-45.30443810654572,2.3033240917705378
2026-03-26 07:15:00+00:00,0.0,0.0,0.0,0.0,-45.30443810654572,2.3033240917705378
2026-03-26 07:20:00+00:00,0.0,0.0,0.0,0.0,-45.30443810654572,2.3033240917705378
2026-03-26 07:25:00+00:00,0.0,0.0,0.0,0.0,-45.30443810654572,2.3033240917705378
2026-03-26 07:30:00+00:00,0.0,0.0,0.0,0.0,-45.30443810654572,2.3033240917705378
2026-03-26 07:35:00+00:00,0.0,0.0,0.0,0.0,-45.30443810654572,2.3033240917705378
2026-03-26 07:40:00+00:00,0.0,0.0,0.0,0.0,-45.30443810654572,2.3033240917705378
2026-03-26 07:45:00+00:00,0.0,0.0,0.0,0.0,-45.30443810654572,2.3033240917705378
2026-03-26 07:50:00+00:00,0.0,0.0,0.0,0.0,-45.30443810654572,2.3033240917705378
2026-03-26 07:55:00+00:00,0.0,0.0,0.0,0.0,-45.30443810654572,2.3033240917705378
2026-03-26 08:00:00+00:00,0.0,0.0,0.0,0.0,-45.30443810654572,2.3033240917705378
2026-03-26 08:05:00+00:00,0.0,0.0,0.0,0.0,-45.30443810654572,2.3033240917705378
2026-03-26 08:10:00+00:00,0.0,0.0,0.0,0.0,-45.30443810654572,2.3033240917705378
2026-03-26 08:15:00+00:00,0.0,0.0,0.0,0.0,-45.30443810654572,2.3033240917705378
2026-03-26 08:20:00+00:00,0.0,0.0,0.0,0.0,-45.30443810654572,2.3033240917705378
2026-03-26 08:25:00+00:00,0.0,0.0,0.0,0.0,-45.30443810654572,2.3033240917705378
2026-03-26 08:30:00+00:00,0.0,0.0,0.0,0.0,-45.30443810654572,2.3033240917705378
2026-03-26 08:35:00+00:00,0.0,0.0,0.0,0.0,-45.30443810654572,2.3033240917705378
2026-03-26 08:40:00+00:00,0.0,0.0,0.0,0.0,-45.30443810654572,2.3033240917705378
2026-03-26 08:45:00+00:00,0.0,0.0,0.0,0.0,-45.30443810654572,2.3033240917705378
2026-03-26 08:50:00+00:00,0.0,0.0,0.0,0.0,-45.30443810654572,2.3033240917705378
2026-03-26 08:55:00+00:00,0.0,0.0,0.0,0.0,-45.30443810654572,2.3033240917705378
2026-03-26 09:00:00+00:00,0.0,0.0,0.0,0.0,-45.30443810654572,2.3033240917705378
2026-03-26 09:05:00+00:00,0.0,0.0,0.0,0.0,-45.30443810654572,2.3033240917705378
2026-03-26 09:10:00+00:00,0.0,0.0,0.0,0.0,-45.30443810654572,2.3033240917705378
2026-03-26 09:15:00+00:00,0.0,0.0,0.0,0.0,-45.30443810654572,2.3033240917705378
2026-03-26 09:20:00+00:00,0.0,0.0,0.0,0.0,-45.30443810654572,2.3033240917705378
2026-03-26 09:25:00+00:00,0.0,0.0,0.0,0.0,-45.30443810654572,2.3033240917705378
2026-03-26 09:30:00+00:00,0.0,0.0,0.0,0.0,-45.30443810654572,2.3033240917705378
2026-03-26 09:35:00+00:00,0.0,0.0,0.0,0.0,-45.30443810654572,2.3033240917705378
2026-03-26 09:40:00+00:00,0.0,0.0,0.0,0.0,-45.30443810654572,2.3033240917705378
2026-03-26 09:45:00+00:00,0.0,0.0,0.0,0.0,-45.30443810654572,2.3033240917705378
2026-03-26 09:50:00+00:00,0.0,0.0,0.0,0.0,-45.30443810654572,2.3033240917705378
2026-03-26 09:55:00+00:00,0.0,0.0,0.0,0.0,-45.30443810654572,2.3033240917705378
2026-03-26 10:00:00+00:00,0.0,0.0,0.0,0.0,-45.30443810654572,2.3033240917705378
2026-03-26 10:05:00+00:00,0.0,0.0,0.0,0.0,-45.30443810654572,2.3033240917705378
2026-03-26 10:10:00+00:00,0.0,0.0,0.0,0.0,-45.30443810654572,2.3033240917705378
2026-03-26 10:15:00+00:00,0.0,0.0,0.0,0.0,-45.30443810654572,2.3033240917705378
2026-03-26 10:20:00+00:00,0.0,0.0,0.0,0.0,-45.30443810654572,2.3033240917705378
2026-03-26 10:25:00+00:00,0.0,0.0,0.0,0.0,-45.30443810654572,2.3033240917705378
2026-03-26 10:30:00+00:00,0.0,0.0,0.0,0.0,-45.30443810654572,2.3033240917705378
2026-03-26 10:35:00+00:00,0.0,0.0,0.0,0.0,-45.30443810654572,2.3033240917705378
2026-03-26 10:40:00+00:00,0.0,0.0,0.0,0.0,-45.30443810654572,2.3033240917705378
2026-03-26 10:45:00+00:00,0.0,0.0,0.0,0.0,-45.30443810654572,2.3033240917705378
2026-03-26 10:50:00+00:00,0.0,0.0,0.0,0.0,-45.30443810654572,2.3033240917705378
2026-03-26 10:55:00+00:00,0.0,0.0,0.0,0.0,-45.30443810654572,2.3033240917705378
2026-03-26 11:00:00+00:00,0.0,0.0,0.0,0.0,-45.30443810654572,2.3033240917705378
2026-03-26 11:05:00+00:00,0.0,0.0,0.0,0.0,-45.30443810654572,2.3033240917705378
2026-03-26 11:10:00+00:00,0.0,0.0,0.0,0.0,-45.30443810654572,2.3033240917705378
2026-03-26 11:15:00+00:00,0.0,0.0,0.0,0.0,-45.30443810654572,2.3033240917705378
2026-03-26 11:20:00+00:00,0.0,0.0,0.0,0.0,-45.30443810654572,2.3033240917705378
2026-03-26 11:25:00+00:00,0.0,0.0,0.0,0.0,-45.30443810654572,2.3033240917705378
2026-03-26 11:30:00+00:00,0.0,0.0,0.0,0.0,-45.30443810654572,2.3033240917705378
2026-03-26 11:35:00+00:00,0.0,0.0,0.0,0.0,-45.30443810654572,2.3033240917705378
2026-03-26 11:40:00+00:00,0.0,0.0,0.0,0.0,-45.30443810654572,2.3033240917705378
2026-03-26 11:45:00+00:00,0.0,0.0,0.0,0.0,-45.30443810654572,2.3033240917705378
2026-03-26 11:50:00+00:00,0.0,0.0,0.0,0.0,-45.30443810654572,2.3033240917705378
2026-03-26 11:55:00+00:00,0.0,0.0,0.0,0.0,-45.30443810654572,2.3033240917705378
2026-03-26 12:00:00+00:00,0.0,0.0,0.0,0.0,-45.30443810654572,2.3033240917705378
2026-03-26 12:05:00+00:00,0.0,0.0,0.0,0.0,-45.30443810654572,2.3033240917705378
2026-03-26 12:10:00+00:00,0.0,0.0,0.0,0.0,-45.30443810654572,2.3033240917705378
2026-03-26 12:15:00+00:00,0.0,0.0,0.0,0.0,-45.30443810654572,2.3033240917705378
2026-03-26 12:20:00+00:00,0.0,0.0,0.0,0.0,-45.30443810654572,2.3033240917705378
2026-03-26 12:25:00+00:00,0.0,0.0,0.0,0.0,-45.30443810654572,2.3033240917705378
2026-03-26 12:30:00+00:00,0.0,0.0,0.0,0.0,-45.30443810654572,2.3033240917705378
2026-03-26 12:35:00+00:00,0.0,0.0,0.0,0.0,-45.30443810654572,2.3033240917705378
2026-03-26 12:40:00+00:00,0.0,0.0,0.0,0.0,-45.30443810654572,2.3033240917705378
2026-03-26 12:45:00+00:00,0.0,0.0,0.0,0.0,-45.30443810654572,2.3033240917705378
2026-03-26 12:50:00+00:00,0.0,0.0,0.0,0.0,-45.30443810654572,2.3033240917705378
2026-03-26 12:55:00+00:00,0.0,0.0,0.0,0.0,-45.30443810654572,2.3033240917705378
2026-03-26 13:00:00+00:00,0.0,0.0,0.0,0.0,-45.30443810654572,2.3033240917705378
2026-03-26 13:05:00+00:00,0.0,0.0,0.0,0.0,-45.30443810654572,2.3033240917705378
2026-03-26 13:10:00+00:00,0.0,0.0,0.0,0.0,-45.30443810654572,2.3033240917705378
2026-03-26 13:15:00+00:00,0.0,0.0,0.0,0.0,-45.30443810654572,2.3033240917705378
2026-03-26 13:20:00+00:00,0.0,0.0,0.0,0.0,-45.30443810654572,2.3033240917705378
2026-03-26 13:25:00+00:00,0.0,0.0,0.0,0.0,-45.30443810654572,2.3033240917705378
2026-03-26 13:30:00+00:00,0.0,0.0,0.0,0.0,-45.30443810654572,2.3033240917705378
2026-03-26 13:35:00+00:00,0.0,0.0,0.0,0.0,-45.30443810654572,2.3033240917705378
2026-03-26 13:40:00+00:00,0.0,0.0,0.0,0.0,-45.30443810654572,2.3033240917705378
2026-03-26 13:45:00+00:00,0.0,0.0,0.0,0.0,-45.30443810654572,2.3033240917705378
2026-03-26 13:50:00+00:00,0.0,0.0,0.0,0.0,-45.30443810654572,2.3033240917705378
2026-03-26 13:55:00+00:00,0.0,0.0,0.0,0.0,-45.30443810654572,2.3033240917705378
2026-03-26 14:00:00+00:00,0.0,0.0,0.0,0.0,-45.30443810654572,2.3033240917705378
2026-03-26 14:05:00+00:00,0.0,0.0,0.0,0.0,-45.30443810654572,2.3033240917705378
2026-03-26 14:10:00+00:00,0.0,0.0,0.0,0.0,-45.30443810654572,2.3033240917705378
2026-03-26 14:15:00+00:00,0.0,0.0,0.0,0.0,-45.30443810654572,2.3033240917705378
2026-03-26 14:20:00+00:00,0.0,0.0,0.0,0.0,-45.30443810654572,2.3033240917705378
2026-03-26 14:25:00+00:00,0.0,0.0,0.0,0.0,-45.30443810654572,2.3033240917705378
2026-03-26 14:30:00+00:00,0.0,0.0,0.0,0.0,-45.30443810654572,2.3033240917705378
2026-03-26 14:35:00+00:00,0.0,0.0,0.0,0.0,-45.30443810654572,2.3033240917705378
2026-03-26 14:40:00+00:00,0.0,0.0,0.0,0.0,-45.30443810654572,2.3033240917705378
2026-03-26 14:45:00+00:00,0.0,0.0,0.0,0.0,-45.30443810654572,2.3033240917705378
2026-03-26 14:50:00+00:00,0.0,0.0,0.0,0.0,-45.30443810654572,2.3033240917705378
2026-03-26 14:55:00+00:00,0.0,0.0,0.0,0.0,-45.30443810654572,2.3033240917705378
2026-03-26 15:00:00+00:00,0.0,0.0,0.0,0.0,-45.30443810654572,2.3033240917705378
2026-03-26 15:05:00+00:00,0.0,0.0,0.0,0.0,-45.30443810654572,2.3033240917705378
2026-03-26 15:10:00+00:00,0.0,0.0,0.0,0.0,-45.30443810654572,2.3033240917705378
2026-03-26 15:15:00+00:00,0.0,0.0,0.0,0.0,-45.30443810654572,2.3033240917705378
2026-03-26 15:20:00+00:00,0.0,0.0,0.0,0.0,-45.30443810654572,2.3033240917705378
2026-03-26 15:25:00+00:00,0.0,0.0,0.0,0.0,-45.30443810654572,2.3033240917705378
2026-03-26 15:30:00+00:00,0.0,0.0,0.0,0.0,-45.30443810654572,2.3033240917705378
2026-03-26 15:35:00+00:00,0.0,0.0,0.0,0.0,-45.30443810654572,2.3033240917705378
2026-03-26 15:40:00+00:00,0.0,0.0,0.0,0.0,-45.30443810654572,2.3033240917705378
2026-03-26 15:45:00+00:00,0.0,0.0,0.0,0.0,-45.30443810654572,2.3033240917705378
2026-03-26 15:50:00+00:00,0.0,0.0,0.0,0.0,-45.30443810654572,2.3033240917705378
2026-03-26 15:55:00+00:00,0.0,0.0,0.0,0.0,-45.30443810654572,2.3033240917705378
2026-03-26 16:00:00+00:00,0.0,0.0,0.0,0.0,-45.30443810654572,2.3033240917705378
2026-03-26 16:05:00+00:00,0.0,0.0,0.0,0.0,-45.30443810654572,2.3033240917705378
2026-03-26 16:10:00+00:00,0.0,0.0,0.0,0.0,-45.30443810654572,2.3033240917705378
2026-03-26 16:15:00+00:00,0.0,0.0,0.0,0.0,-45.30443810654572,2.3033240917705378
2026-03-26 16:20:00+00:00,0.0,0.0,0.0,0.0,-45.30443810654572,2.3033240917705378
2026-03-26 16:25:00+00:00,0.0,0.0,0.0,0.0,-45.30443810654572,2.3033240917705378
2026-03-26 16:30:00+00:00,0.0,0.0,0.0,0.0,-45.30443810654572,2.3033240917705378
2026-03-26 16:35:00+00:00,0.0,0.0,0.0,0.0,-45.30443810654572,2.3033240917705378
2026-03-26 16:40:00+00:00,0.0,0.0,0.0,0.0,-45.30443810654572,2.3033240917705378
2026-03-26 16:45:00+00:00,0.0,0.0,0.0,0.0,-45.30443810654572,2.3033240917705378
2026-03-26 16:50:00+00:00,0.0,0.0,0.0,0.0,-45.30443810654572,2.3033240917705378
2026-03-26 16:55:00+00:00,0.0,0.0,0.0,0.0,-45.30443810654572,2.3033240917705378
2026-03-26 17:00:00+00:00,0.0,0.0,0.0,0.0,-45.30443810654572,2.3033240917705378
2026-03-26 17:05:00+00:00,0.0,0.0,0.0,0.0,-45.30443810654572,2.3033240917705378
2026-03-26 17:10:00+00:00,0.0,0.0,0.0,0.0,-45.30443810654572,2.3033240917705378
2026-03-26 17:15:00+00:00,0.0,0.0,0.0,0.0,-45.30443810654572,2.3033240917705378
2026-03-26 17:20:00+00:00,0.0,0.0,0.0,0.0,-45.30443810654572,2.3033240917705378
2026-03-26 17:25:00+00:00,0.0,0.0,0.0,0.0,-45.30443810654572,2.3033240917705378
2026-03-26 17:30:00+00:00,0.0,0.0,0.0,0.0,-45.30443810654572,2.3033240917705378
2026-03-26 17:35:00+00:00,0.0,0.0,0.0,0.0,-45.30443810654572,2.3033240917705378
2026-03-26 17:40:00+00:00,0.0,0.0,0.0,0.0,-45.30443810654572,2.3033240917705378
2026-03-26 17:45:00+00:00,0.0,0.0,0.0,0.0,-45.30443810654572,2.3033240917705378
2026-03-26 17:50:00+00:00,0.0,0.0,0.0,0.0,-45.30443810654572,2.3033240917705378
2026-03-26 17:55:00+00:00,0.0,0.0,0.0,0.0,-45.30443810654572,2.3033240917705378
2026-03-26 18:00:00+00:00,0.0,0.0,0.0,0.0,-45.30443810654572,2.3033240917705378
2026-03-26 18:05:00+00:00,0.0,0.0,0.0,0.0,-45.30443810654572,2.3033240917705378
2026-03-26 18:10:00+00:00,0.0,0.0,0.0,0.0,-45.30443810654572,2.3033240917705378
2026-03-26 18:15:00+00:00,0.0,0.0,0.0,0.0,-45.30443810654572,2.3033240917705378
2026-03-26 18:20:00+00:00,0.0,0.0,0.0,0.0,-45.30443810654572,2.3033240917705378
2026-03-26 18:25:00+00:00,0.0,0.0,0.0,0.0,-45.30443810654572,2.3033240917705378
2026-03-26 18:30:00+00:00,0.0,0.0,0.0,0.0,-45.30443810654572,2.3033240917705378
2026-03-26 18:35:00+00:00,0.0,0.0,0.0,0.0,-45.30443810654572,2.3033240917705378
2026-03-26 18:40:00+00:00,0.0,0.0,0.0,0.0,-45.30443810654572,2.3033240917705378
2026-03-26 18:45:00+00:00,0.0,0.0,0.0,0.0,-45.30443810654572,2.3033240917705378
2026-03-26 18:50:00+00:00,0.0,0.0,0.0,0.0,-45.30443810654572,2.3033240917705378
2026-03-26 18:55:00+00:00,0.0,0.0,0.0,0.0,-45.30443810654572,2.3033240917705378
2026-03-26 19:00:00+00:00,0.0,0.0,0.0,0.0,-45.30443810654572,2.3033240917705378
2026-03-26 19:05:00+00:00,0.0,0.0,0.0,0.0,-45.30443810654572,2.3033240917705378
2026-03-26 19:10:00+00:00,0.0,0.0,0.0,0.0,-45.30443810654572,2.3033240917705378
2026-03-26 19:15:00+00:00,0.0,0.0,0.0,0.0,-45.30443810654572,2.3033240917705378
2026-03-26 19:20:00+00:00,0.0,0.0,0.0,0.0,-45.30443810654572,2.3033240917705378
2026-03-26 19:25:00+00:00,0.0,0.0,0.0,0.0,-45.30443810654572,2.3033240917705378
2026-03-26 19:30:00+00:00,0.0,0.0,0.0,0.0,-45.30443810654572,2.3033240917705378
2026-03-26 19:35:00+00:00,0.0,0.0,0.0,0.0,-45.30443810654572,2.3033240917705378
2026-03-26 19:40:00+00:00,0.0,0.0,0.0,0.0,-45.30443810654572,2.3033240917705378
2026-03-26 19:45:00+00:00,0.0,0.0,0.0,0.0,-45.30443810654572,2.3033240917705378
2026-03-26 19:50:00+00:00,0.0,0.0,0.0,0.0,-45.30443810654572,2.3033240917705378
2026-03-26 19:55:00+00:00,0.0,0.0,0.0,0.0,-45.30443810654572,2.3033240917705378
2026-03-26 20:00:00+00:00,0.0,0.0,0.0,0.0,-45.30443810654572,2.3033240917705378
2026-03-26 20:05:00+00:00,0.0,0.0,0.0,0.0,-45.30443810654572,2.3033240917705378
2026-03-26 20:10:00+00:00,0.0,0.0,0.0,0.0,-45.30443810654572,2.3033240917705378
2026-03-26 20:15:00+00:00,0.0,0.0,0.0,0.0,-45.30443810654572,2.3033240917705378
2026-03-26 20:20:00+00:00,0.0,0.0,0.0,0.0,-45.30443810654572,2.3033240917705378
2026-03-26 20:25:00+00:00,0.0,0.0,0.0,0.0,-45.30443810654572,2.3033240917705378
2026-03-26 20:30:00+00:00,0.0,0.0,0.0,0.0,-45.30443810654572,2.3033240917705378
2026-03-26 20:35:00+00:00,0.0,0.0,0.0,0.0,-45.30443810654572,2.3033240917705378
2026-03-26 20:40:00+00:00,0.0,0.0,0.0,0.0,-45.30443810654572,2.3033240917705378
2026-03-26 20:45:00+00:00,0.0,0.0,0.0,0.0,-45.30443810654572,2.3033240917705378
2026-03-26 20:50:00+00:00,0.0,0.0,0.0,0.0,-45.30443810654572,2.3033240917705378
2026-03-26 20:55:00+00:00,0.0,0.0,0.0,0.0,-45.30443810654572,2.3033240917705378
2026-03-26 21:00:00+00:00,0.0,0.0,0.0,0.0,-45.30443810654572,2.3033240917705378
2026-03-26 21:05:00+00:00,0.0,0.0,0.0,0.0,-45.30443810654572,2.3033240917705378
2026-03-26 21:10:00+00:00,0.0,0.0,0.0,0.0,-45.30443810654572,2.3033240917705378
2026-03-26 21:15:00+00:00,0.0,0.0,0.0,0.0,-45.30443810654572,2.3033240917705378
2026-03-26 21:20:00+00:00,0.0,0.0,0.0,0.0,-45.30443810654572,2.3033240917705378
2026-03-26 21:25:00+00:00,0.0,0.0,0.0,0.0,-45.30443810654572,2.3033240917705378
2026-03-26 21:30:00+00:00,0.0,0.0,0.0,0.0,-45.30443810654572,2.3033240917705378
2026-03-26 21:35:00+00:00,0.0,0.0,0.0,0.0,-45.30443810654572,2.3033240917705378
2026-03-26 21:40:00+00:00,0.0,0.0,0.0,0.0,-45.30443810654572,2.3033240917705378
2026-03-26 21:45:00+00:00,0.0,0.0,0.0,0.0,-45.30443810654572,2.3033240917705378
2026-03-26 21:50:00+00:00,0.0,0.0,0.0,0.0,-45.30443810654572,2.3033240917705378
2026-03-26 21:55:00+00:00,0.0,0.0,0.0,0.0,-45.30443810654572,2.3033240917705378
2026-03-26 22:00:00+00:00,0.0,0.0,0.0,0.0,-45.30443810654572,2.3033240917705378
2026-03-26 22:05:00+00:00,0.0,0.0,0.0,0.0,-45.30443810654572,2.3033240917705378
2026-03-26 22:10:00+00:00,0.0,0.0,0.0,0.0,-45.30443810654572,2.3033240917705378
2026-03-26 22:15:00+00:00,0.0,0.0,0.0,0.0,-45.30443810654572,2.3033240917705378
2026-03-26 22:20:00+00:00,0.0,0.0,0.0,0.0,-45.30443810654572,2.3033240917705378
2026-03-26 22:25:00+00:00,0.0,0.0,0.0,0.0,-45.30443810654572,2.3033240917705378
2026-03-26 22:30:00+00:00,0.0,0.0,0.0,0.0,-45.30443810654572,2.3033240917705378
2026-03-26 22:35:00+00:00,0.0,0.0,0.0,0.0,-45.30443810654572,2.3033240917705378
2026-03-26 22:40:00+00:00,0.0,0.0,0.0,0.0,-45.30443810654572,2.3033240917705378
2026-03-26 22:45:00+00:00,0.0,0.0,0.0,0.0,-45.30443810654572,2.3033240917705378
2026-03-26 22:50:00+00:00,0.0,0.0,0.0,0.0,-45.30443810654572,2.3033240917705378
2026-03-26 22:55:00+00:00,0.0,0.0,0.0,0.0,-45.30443810654572,2.3033240917705378
2026-03-26 23:00:00+00:00,0.0,0.0,0.0,0.0,-45.30443810654572,2.3033240917705378
2026-03-26 23:05:00+00:00,0.0,0.0,0.0,0.0,-45.30443810654572,2.3033240917705378
2026-03-26 23:10:00+00:00,0.0,0.0,0.0,0.0,-45.30443810654572,2.3033240917705378
2026-03-26 23:15:00+00:00,0.0,0.0,0.0,0.0,-45.30443810654572,2.3033240917705378
2026-03-26 23:20:00+00:00,0.0,0.0,0.0,0.0,-45.30443810654572,2.3033240917705378
2026-03-26 23:25:00+00:00,0.0,0.0,0.0,0.0,-45.30443810654572,2.3033240917705378
2026-03-26 23:30:00+00:00,0.0,0.0,0.0,0.0,-45.30443810654572,2.3033240917705378
2026-03-26 23:35:00+00:00,0.0,0.0,0.0,0.0,-45.30443810654572,2.3033240917705378
2026-03-26 23:40:00+00:00,0.0,0.0,0.0,0.0,-45.30443810654572,2.3033240917705378
2026-03-26 23:45:00+00:00,0.0,0.0,0.0,0.0,-45.30443810654572,2.3033240917705378
2026-03-26 23:50:00+00:00,0.0,0.0,0.0,0.0,-45.30443810654572,2.3033240917705378
2026-03-26 23:55:00+00:00,0.0,0.0,0.0,0.0,-45.30443810654572,2.3033240917705378
2026-03-27 00:00:00+00:00,0.0,0.0,0.0,0.0,-45.30443810654572,2.3033240917705378
2026-03-27 00:05:00+00:00,0.0,0.0,0.0,0.0,-45.30443810654572,2.3033240917705378
2026-03-27 00:10:00+00:00,0.0,0.0,0.0,0.0,-45.30443810654572,2.3033240917705378
2026-03-27 00:15:00+00:00,0.0,0.0,0.0,0.0,-45.30443810654572,2.3033240917705378
2026-03-27 00:20:00+00:00,0.0,0.0,0.0,0.0,-45.30443810654572,2.3033240917705378
2026-03-27 00:25:00+00:00,0.0,0.0,0.0,0.0,-45.30443810654572,2.3033240917705378
2026-03-27 00:30:00+00:00,0.0,0.0,0.0,0.0,-45.30443810654572,2.3033240917705378
2026-03-27 00:35:00+00:00,0.0,0.0,0.0,0.0,-45.30443810654572,2.3033240917705378
2026-03-27 00:40:00+00:00,0.0,0.0,0.0,0.0,-45.30443810654572,2.3033240917705378
2026-03-27 00:45:00+00:00,0.0,0.0,0.0,0.0,-45.30443810654572,2.3033240917705378
2026-03-27 00:50:00+00:00,0.0,0.0,0.0,0.0,-45.30443810654572,2.3033240917705378
2026-03-27 00:55:00+00:00,0.0,0.0,0.0,0.0,-45.30443810654572,2.3033240917705378
2026-03-27 01:00:00+00:00,0.0,0.0,0.0,0.0,-45.30443810654572,2.3033240917705378
2026-03-27 01:05:00+00:00,0.0,0.0,0.0,0.0,-45.30443810654572,2.3033240917705378
2026-03-27 01:10:00+00:00,0.0,0.0,0.0,0.0,-45.30443810654572,2.3033240917705378
2026-03-27 01:15:00+00:00,0.0,0.0,0.0,0.0,-45.30443810654572,2.3033240917705378
2026-03-27 01:20:00+00:00,0.0,0.0,0.0,0.0,-45.30443810654572,2.3033240917705378
2026-03-27 01:25:00+00:00,0.0,0.0,0.0,0.0,-45.30443810654572,2.3033240917705378
2026-03-27 01:30:00+00:00,0.0,0.0,0.0,0.0,-45.30443810654572,2.3033240917705378
2026-03-27 01:35:00+00:00,0.0,0.0,0.0,0.0,-45.30443810654572,2.3033240917705378
2026-03-27 01:40:00+00:00,0.0,0.0,0.0,0.0,-45.30443810654572,2.3033240917705378
2026-03-27 01:45:00+00:00,0.0,0.0,0.0,0.0,-45.30443810654572,2.3033240917705378
2026-03-27 01:50:00+00:00,0.0,0.0,0.0,0.0,-45.30443810654572,2.3033240917705378
2026-03-27 01:55:00+00:00,0.0,0.0,0.0,0.0,-45.30443810654572,2.3033240917705378
2026-03-27 02:00:00+00:00,0.0,0.0,0.0,0.0,-45.30443810654572,2.3033240917705378
2026-03-27 02:05:00+00:00,0.0,0.0,0.0,0.0,-45.30443810654572,2.3033240917705378
2026-03-27 02:10:00+00:00,0.0,0.0,0.0,0.0,-45.30443810654572,2.3033240917705378
2026-03-27 02:15:00+00:00,0.0,0.0,0.0,0.0,-45.30443810654572,2.3033240917705378
2026-03-27 02:20:00+00:00,0.0,0.0,0.0,0.0,-45.30443810654572,2.3033240917705378
2026-03-27 02:25:00+00:00,0.0,0.0,0.0,0.0,-45.30443810654572,2.3033240917705378
2026-03-27 02:30:00+00:00,0.0,0.0,0.0,0.0,-45.30443810654572,2.3033240917705378
2026-03-27 02:35:00+00:00,0.0,0.0,0.0,0.0,-45.30443810654572,2.3033240917705378
2026-03-27 02:40:00+00:00,0.0,0.0,0.0,0.0,-45.30443810654572,2.3033240917705378
2026-03-27 02:45:00+00:00,0.0,0.0,0.0,0.0,-45.30443810654572,2.3033240917705378
2026-03-27 02:50:00+00:00,0.0,0.0,0.0,0.0,-45.30443810654572,2.3033240917705378
2026-03-27 02:55:00+00:00,0.0,0.0,0.0,0.0,-45.30443810654572,2.3033240917705378
2026-03-27 03:00:00+00:00,0.0,0.0,0.0,0.0,-45.30443810654572,2.3033240917705378
2026-03-27 03:05:00+00:00,0.0,0.0,0.0,0.0,-45.30443810654572,2.3033240917705378
2026-03-27 03:10:00+00:00,0.0,0.0,0.0,0.0,-45.30443810654572,2.3033240917705378
2026-03-27 03:15:00+00:00,0.0,0.0,0.0,0.0,-45.30443810654572,2.3033240917705378
2026-03-27 03:20:00+00:00,0.0,0.0,0.0,0.0,-45.30443810654572,2.3033240917705378
2026-03-27 03:25:00+00:00,0.0,0.0,0.0,0.0,-45.30443810654572,2.3033240917705378
2026-03-27 03:30:00+00:00,0.0,0.0,0.0,0.0,-45.30443810654572,2.3033240917705378
2026-03-27 03:35:00+00:00,0.0,0.0,0.0,0.0,-45.30443810654572,2.3033240917705378
2026-03-27 03:40:00+00:00,0.0,0.0,0.0,0.0,-45.30443810654572,2.3033240917705378
2026-03-27 03:45:00+00:00,0.0,0.0,0.0,0.0,-45.30443810654572,2.3033240917705378
2026-03-27 03:50:00+00:00,0.0,0.0,0.0,0.0,-45.30443810654572,2.3033240917705378
2026-03-27 03:55:00+00:00,0.0,0.0,0.0,0.0,-45.30443810654572,2.3033240917705378
2026-03-27 04:00:00+00:00,0.0,0.0,0.0,0.0,-45.30443810654572,2.3033240917705378
2026-03-27 04:05:00+00:00,0.0,0.0,0.0,0.0,-45.30443810654572,2.3033240917705378
2026-03-27 04:10:00+00:00,0.0,0.0,0.0,0.0,-45.30443810654572,2.3033240917705378
2026-03-27 04:15:00+00:00,0.0,0.0,0.0,0.0,-45.30443810654572,2.3033240917705378
2026-03-27 04:20:00+00:00,0.0,0.0,0.0,0.0,-45.30443810654572,2.3033240917705378
2026-03-27 04:25:00+00:00,0.0,0.0,0.0,0.0,-45.30443810654572,2.3033240917705378
2026-03-27 04:30:00+00:00,0.0,0.0,0.0,0.0,-45.30443810654572,2.3033240917705378
2026-03-27 04:35:00+00:00,0.0,0.0,0.0,0.0,-45.30443810654572,2.3033240917705378
2026-03-27 04:40:00+00:00,0.0,0.0,0.0,0.0,-45.30443810654572,2.3033240917705378
2026-03-27 04:45:00+00:00,0.0,0.0,0.0,0.0,-45.30443810654572,2.3033240917705378
2026-03-27 04:50:00+00:00,0.0,0.0,0.0,0.0,-45.30443810654572,2.3033240917705378
2026-03-27 04:55:00+00:00,0.0,0.0,0.0,0.0,-45.30443810654572,2.3033240917705378
2026-03-27 05:00:00+00:00,0.0,0.0,0.0,0.0,-45.30443810654572,2.3033240917705378
2026-03-27 05:05:00+00:00,0.0,0.0,0.0,0.0,-45.30443810654572,2.3033240917705378
2026-03-27 05:10:00+00:00,0.0,0.0,0.0,0.0,-45.30443810654572,2.3033240917705378
2026-03-27 05:15:00+00:00,0.0,0.0,0.0,0.0,-45.30443810654572,2.3033240917705378
2026-03-27 05:20:00+00:00,0.0,0.0,0.0,0.0,-45.30443810654572,2.3033240917705378
2026-03-27 05:25:00+00:00,0.0,0.0,0.0,0.0,-45.30443810654572,2.3033240917705378
2026-03-27 05:30:00+00:00,0.0,0.0,0.0,0.0,-45.30443810654572,2.3033240917705378
2026-03-27 05:35:00+00:00,0.0,0.0,0.0,0.0,-45.30443810654572,2.3033240917705378
2026-03-27 05:40:00+00:00,0.0,0.0,0.0,0.0,-45.30443810654572,2.3033240917705378
2026-03-27 05:45:00+00:00,0.0,0.0,0.0,0.0,-45.30443810654572,2.3033240917705378
2026-03-27 05:50:00+00:00,0.0,0.0,0.0,0.0,-45.30443810654572,2.3033240917705378
2026-03-27 05:55:00+00:00,0.0,0.0,0.0,0.0,-45.30443810654572,2.3033240917705378
2026-03-27 06:00:00+00:00,0.0,0.0,0.0,0.0,-45.30443810654572,2.3033240917705378
2026-03-27 06:05:00+00:00,0.0,0.0,0.0,0.0,-45.30443810654572,2.3033240917705378
2026-03-27 06:10:00+00:00,0.0,0.0,0.0,0.0,-45.30443810654572,2.3033240917705378
2026-03-27 06:15:00+00:00,0.0,0.0,0.0,0.0,-45.30443810654572,2.3033240917705378
2026-03-27 06:20:00+00:00,0.0,0.0,0.0,0.0,-45.30443810654572,2.3033240917705378
2026-03-27 06:25:00+00:00,0.0,0.0,0.0,0.0,-45.30443810654572,2.3033240917705378
2026-03-27 06:30:00+00:00,0.0,0.0,0.0,0.0,-45.30443810654572,2.3033240917705378
2026-03-27 06:35:00+00:00,0.0,0.0,0.0,0.0,-45.30443810654572,2.3033240917705378
2026-03-27 06:40:00+00:00,0.0,0.0,0.0,0.0,-45.30443810654572,2.3033240917705378
2026-03-27 06:45:00+00:00,0.0,0.0,0.0,0.0,-45.30443810654572,2.3033240917705378
2026-03-27 06:50:00+00:00,0.0,0.0,0.0,0.0,-45.30443810654572,2.3033240917705378
2026-03-27 06:55:00+00:00,0.0,0.0,0.0,0.0,-45.30443810654572,2.3033240917705378
2026-03-27 07:00:00+00:00,0.0,0.0,0.0,0.0,-45.30443810654572,2.3033240917705378
2026-03-27 07:05:00+00:00,0.0,0.0,0.0,0.0,-45.30443810654572,2.3033240917705378
2026-03-27 07:10:00+00:00,0.0,0.0,0.0,0.0,-45.30443810654572,2.3033240917705378
2026-03-27 07:15:00+00:00,0.0,0.0,0.0,0.0,-45.30443810654572,2.3033240917705378
2026-03-27 07:20:00+00:00,0.0,0.0,0.0,0.0,-45.30443810654572,2.3033240917705378
2026-03-27 07:25:00+00:00,0.0,0.0,0.0,0.0,-45.30443810654572,2.3033240917705378
2026-03-27 07:30:00+00:00,0.0,0.0,0.0,0.0,-45.30443810654572,2.3033240917705378
2026-03-27 07:35:00+00:00,0.0,0.0,0.0,0.0,-45.30443810654572,2.3033240917705378
2026-03-27 07:40:00+00:00,0.0,0.0,0.0,0.0,-45.30443810654572,2.3033240917705378
2026-03-27 07:45:00+00:00,0.0,0.0,0.0,0.0,-45.30443810654572,2.3033240917705378
2026-03-27 07:50:00+00:00,0.0,0.0,0.0,0.0,-45.30443810654572,2.3033240917705378
2026-03-27 07:55:00+00:00,0.0,0.0,0.0,0.0,-45.30443810654572,2.3033240917705378
2026-03-27 08:00:00+00:00,0.0,0.0,0.0,0.0,-45.30443810654572,2.3033240917705378
2026-03-27 08:05:00+00:00,0.0,0.0,0.0,0.0,-45.30443810654572,2.3033240917705378
2026-03-27 08:10:00+00:00,0.0,0.0,0.0,0.0,-45.30443810654572,2.3033240917705378
2026-03-27 08:15:00+00:00,0.0,0.0,0.0,0.0,-45.30443810654572,2.3033240917705378
2026-03-27 08:20:00+00:00,0.0,0.0,0.0,0.0,-45.30443810654572,2.3033240917705378
2026-03-27 08:25:00+00:00,0.0,0.0,0.0,0.0,-45.30443810654572,2.3033240917705378
2026-03-27 08:30:00+00:00,0.0,0.0,0.0,0.0,-45.30443810654572,2.3033240917705378
2026-03-27 08:35:00+00:00,0.0,0.0,0.0,0.0,-45.30443810654572,2.3033240917705378
2026-03-27 08:40:00+00:00,0.0,0.0,0.0,0.0,-45.30443810654572,2.3033240917705378
2026-03-27 08:45:00+00:00,0.0,0.0,0.0,0.0,-45.30443810654572,2.3033240917705378
2026-03-27 08:50:00+00:00,0.0,0.0,0.0,0.0,-45.30443810654572,2.3033240917705378
2026-03-27 08:55:00+00:00,0.0,0.0,0.0,0.0,-45.30443810654572,2.3033240917705378
2026-03-27 09:00:00+00:00,0.0,0.0,0.0,0.0,-45.30443810654572,2.3033240917705378
2026-03-27 09:05:00+00:00,0.0,0.0,0.0,0.0,-45.30443810654572,2.3033240917705378
2026-03-27 09:10:00+00:00,0.0,0.0,0.0,0.0,-45.30443810654572,2.3033240917705378
2026-03-27 09:15:00+00:00,0.0,0.0,0.0,0.0,-45.30443810654572,2.3033240917705378
2026-03-27 09:20:00+00:00,0.0,0.0,0.0,0.0,-45.30443810654572,2.3033240917705378
2026-03-27 09:25:00+00:00,0.0,0.0,0.0,0.0,-45.30443810654572,2.3033240917705378
2026-03-27 09:30:00+00:00,0.0,0.0,0.0,0.0,-45.30443810654572,2.3033240917705378
2026-03-27 09:35:00+00:00,0.0,0.0,0.0,0.0,-45.30443810654572,2.3033240917705378
2026-03-27 09:40:00+00:00,0.0,0.0,0.0,0.0,-45.30443810654572,2.3033240917705378
2026-03-27 09:45:00+00:00,0.0,0.0,0.0,0.0,-45.30443810654572,2.3033240917705378
2026-03-27 09:50:00+00:00,0.0,0.0,0.0,0.0,-45.30443810654572,2.3033240917705378
2026-03-27 09:55:00+00:00,0.0,0.0,0.0,0.0,-45.30443810654572,2.3033240917705378
2026-03-27 10:00:00+00:00,0.0,0.0,0.0,0.0,-45.30443810654572,2.3033240917705378
2026-03-27 10:05:00+00:00,0.0,0.0,0.0,0.0,-45.30443810654572,2.3033240917705378
2026-03-27 10:10:00+00:00,0.0,0.0,0.0,0.0,-45.30443810654572,2.3033240917705378
2026-03-27 10:15:00+00:00,0.0,0.0,0.0,0.0,-45.30443810654572,2.3033240917705378
2026-03-27 10:20:00+00:00,0.0,0.0,0.0,0.0,-45.30443810654572,2.3033240917705378
2026-03-27 10:25:00+00:00,0.0,0.0,0.0,0.0,-45.30443810654572,2.3033240917705378
2026-03-27 10:30:00+00:00,0.0,0.0,0.0,0.0,-45.30443810654572,2.3033240917705378
2026-03-27 10:35:00+00:00,0.0,0.0,0.0,0.0,-45.30443810654572,2.3033240917705378
2026-03-27 10:40:00+00:00,0.0,0.0,0.0,0.0,-45.30443810654572,2.3033240917705378
2026-03-27 10:45:00+00:00,0.0,0.0,0.0,0.0,-45.30443810654572,2.3033240917705378
2026-03-27 10:50:00+00:00,0.0,0.0,0.0,0.0,-45.30443810654572,2.3033240917705378
2026-03-27 10:55:00+00:00,0.0,0.0,0.0,0.0,-45.30443810654572,2.3033240917705378
2026-03-27 11:00:00+00:00,0.0,0.0,0.0,0.0,-45.30443810654572,2.3033240917705378
2026-03-27 11:05:00+00:00,0.0,0.0,0.0,0.0,-45.30443810654572,2.3033240917705378
2026-03-27 11:10:00+00:00,0.0,0.0,0.0,0.0,-45.30443810654572,2.3033240917705378
2026-03-27 11:15:00+00:00,0.0,0.0,0.0,0.0,-45.30443810654572,2.3033240917705378
2026-03-27 11:20:00+00:00,0.0,0.0,0.0,0.0,-45.30443810654572,2.3033240917705378
2026-03-27 11:25:00+00:00,0.0,0.0,0.0,0.0,-45.30443810654572,2.3033240917705378
2026-03-27 11:30:00+00:00,0.0,0.0,0.0,0.0,-45.30443810654572,2.3033240917705378
2026-03-27 11:35:00+00:00,0.0,0.0,0.0,0.0,-45.30443810654572,2.3033240917705378
2026-03-27 11:40:00+00:00,0.0,0.0,0.0,0.0,-45.30443810654572,2.3033240917705378
2026-03-27 11:45:00+00:00,0.0,0.0,0.0,0.0,-45.30443810654572,2.3033240917705378
2026-03-27 11:50:00+00:00,0.0,0.0,0.0,0.0,-45.30443810654572,2.3033240917705378
2026-03-27 11:55:00+00:00,0.0,0.0,0.0,0.0,-45.30443810654572,2.3033240917705378
2026-03-27 12:00:00+00:00,0.0,0.0,0.0,0.0,-45.30443810654572,2.3033240917705378
2026-03-27 12:05:00+00:00,0.0,0.0,0.0,0.0,-45.30443810654572,2.3033240917705378
2026-03-27 12:10:00+00:00,0.0,0.0,0.0,0.0,-45.30443810654572,2.3033240917705378
2026-03-27 12:15:00+00:00,0.0,0.0,0.0,0.0,-45.30443810654572,2.3033240917705378
2026-03-27 12:20:00+00:00,0.0,0.0,0.0,0.0,-45.30443810654572,2.3033240917705378
2026-03-27 12:25:00+00:00,0.0,0.0,0.0,0.0,-45.30443810654572,2.3033240917705378
2026-03-27 12:30:00+00:00,0.0,0.0,0.0,0.0,-45.30443810654572,2.3033240917705378
2026-03-27 12:35:00+00:00,0.0,0.0,0.0,0.0,-45.30443810654572,2.3033240917705378
2026-03-27 12:40:00+00:00,0.0,0.0,0.0,0.0,-45.30443810654572,2.3033240917705378
2026-03-27 12:45:00+00:00,0.0,0.0,0.0,0.0,-45.30443810654572,2.3033240917705378
2026-03-27 12:50:00+00:00,0.0,0.0,0.0,0.0,-45.30443810654572,2.3033240917705378
2026-03-27 12:55:00+00:00,0.0,0.0,0.0,0.0,-45.30443810654572,2.3033240917705378
2026-03-27 13:00:00+00:00,0.0,0.0,0.0,0.0,-45.30443810654572,2.3033240917705378
2026-03-27 13:05:00+00:00,0.0,0.0,0.0,0.0,-45.30443810654572,2.3033240917705378
2026-03-27 13:10:00+00:00,0.0,0.0,0.0,0.0,-45.30443810654572,2.3033240917705378
2026-03-27 13:15:00+00:00,0.0,0.0,0.0,0.0,-45.30443810654572,2.3033240917705378
2026-03-27 13:20:00+00:00,0.0,0.0,0.0,0.0,-45.30443810654572,2.3033240917705378
2026-03-27 13:25:00+00:00,0.0,0.0,0.0,0.0,-45.30443810654572,2.3033240917705378
2026-03-27 13:30:00+00:00,0.0,0.0,0.0,0.0,-45.30443810654572,2.3033240917705378
2026-03-27 13:35:00+00:00,0.0,0.0,0.0,0.0,-45.30443810654572,2.3033240917705378
2026-03-27 13:40:00+00:00,0.0,0.0,0.0,0.0,-45.30443810654572,2.3033240917705378
2026-03-27 13:45:00+00:00,0.0,0.0,0.0,0.0,-45.30443810654572,2.3033240917705378
2026-03-27 13:50:00+00:00,0.0,0.0,0.0,0.0,-45.30443810654572,2.3033240917705378
2026-03-27 13:55:00+00:00,0.0,0.0,0.0,0.0,-45.30443810654572,2.3033240917705378
2026-03-27 14:00:00+00:00,0.0,0.0,0.0,0.0,-45.30443810654572,2.3033240917705378
2026-03-27 14:05:00+00:00,0.0,0.0,0.0,0.0,-45.30443810654572,2.3033240917705378
2026-03-27 14:10:00+00:00,0.0,0.0,0.0,0.0,-45.30443810654572,2.3033240917705378
2026-03-27 14:15:00+00:00,0.0,0.0,0.0,0.0,-45.30443810654572,2.3033240917705378
2026-03-27 14:20:00+00:00,0.0,0.0,0.0,0.0,-45.30443810654572,2.3033240917705378
2026-03-27 14:25:00+00:00,0.0,0.0,0.0,0.0,-45.30443810654572,2.3033240917705378
2026-03-27 14:30:00+00:00,0.0,0.0,0.0,0.0,-45.30443810654572,2.3033240917705378
2026-03-27 14:35:00+00:00,0.0,0.0,0.0,0.0,-45.30443810654572,2.3033240917705378
2026-03-27 14:40:00+00:00,0.0,0.0,0.0,0.0,-45.30443810654572,2.3033240917705378
2026-03-27 14:45:00+00:00,0.0,0.0,0.0,0.0,-45.30443810654572,2.3033240917705378
2026-03-27 14:50:00+00:00,0.0,0.0,0.0,0.0,-45.30443810654572,2.3033240917705378
2026-03-27 14:55:00+00:00,0.0,0.0,0.0,0.0,-45.30443810654572,2.3033240917705378
2026-03-27 15:00:00+00:00,0.0,0.0,0.0,0.0,-45.30443810654572,2.3033240917705378
2026-03-27 15:05:00+00:00,0.0,0.0,0.0,0.0,-45.30443810654572,2.3033240917705378
2026-03-27 15:10:00+00:00,0.0,0.0,0.0,0.0,-45.30443810654572,2.3033240917705378
2026-03-27 15:15:00+00:00,0.0,0.0,0.0,0.0,-45.30443810654572,2.3033240917705378
2026-03-27 15:20:00+00:00,0.0,0.0,0.0,0.0,-45.30443810654572,2.3033240917705378
2026-03-27 15:25:00+00:00,0.0,0.0,0.0,0.0,-45.30443810654572,2.3033240917705378
2026-03-27 15:30:00+00:00,0.0,0.0,0.0,0.0,-45.30443810654572,2.3033240917705378
2026-03-27 15:35:00+00:00,0.0,0.0,0.0,0.0,-45.30443810654572,2.3033240917705378
2026-03-27 15:40:00+00:00,0.0,0.0,0.0,0.0,-45.30443810654572,2.3033240917705378
2026-03-27 15:45:00+00:00,0.0,0.0,0.0,0.0,-45.30443810654572,2.3033240917705378
2026-03-27 15:50:00+00:00,0.0,0.0,0.0,0.0,-45.30443810654572,2.3033240917705378
2026-03-27 15:55:00+00:00,0.0,0.0,0.0,0.0,-45.30443810654572,2.3033240917705378
2026-03-27 16:00:00+00:00,0.0,0.0,0.0,0.0,-45.30443810654572,2.3033240917705378
2026-03-27 16:05:00+00:00,0.0,0.0,0.0,0.0,-45.30443810654572,2.3033240917705378
2026-03-27 16:10:00+00:00,0.0,0.0,0.0,0.0,-45.30443810654572,2.3033240917705378
2026-03-27 16:15:00+00:00,0.0,0.0,0.0,0.0,-45.30443810654572,2.3033240917705378
2026-03-27 16:20:00+00:00,0.0,0.0,0.0,0.0,-45.30443810654572,2.3033240917705378
2026-03-27 16:25:00+00:00,0.0,0.0,0.0,0.0,-45.30443810654572,2.3033240917705378
2026-03-27 16:30:00+00:00,0.0,0.0,0.0,0.0,-45.30443810654572,2.3033240917705378
2026-03-27 16:35:00+00:00,0.0,0.0,0.0,0.0,-45.30443810654572,2.3033240917705378
2026-03-27 16:40:00+00:00,0.0,0.0,0.0,0.0,-45.30443810654572,2.3033240917705378
2026-03-27 16:45:00+00:00,0.0,0.0,0.0,0.0,-45.30443810654572,2.3033240917705378
2026-03-27 16:50:00+00:00,0.0,0.0,0.0,0.0,-45.30443810654572,2.3033240917705378
2026-03-27 16:55:00+00:00,0.0,0.0,0.0,0.0,-45.30443810654572,2.3033240917705378
2026-03-27 17:00:00+00:00,0.0,0.0,0.0,0.0,-45.30443810654572,2.3033240917705378
2026-03-27 17:05:00+00:00,0.0,0.0,0.0,0.0,-45.30443810654572,2.3033240917705378
2026-03-27 17:10:00+00:00,0.0,0.0,0.0,0.0,-45.30443810654572,2.3033240917705378
2026-03-27 17:15:00+00:00,0.0,0.0,0.0,0.0,-45.30443810654572,2.3033240917705378
2026-03-27 17:20:00+00:00,0.0,0.0,0.0,0.0,-45.30443810654572,2.3033240917705378
2026-03-27 17:25:00+00:00,0.0,0.0,0.0,0.0,-45.30443810654572,2.3033240917705378
2026-03-27 17:30:00+00:00,0.0,0.0,0.0,0.0,-45.30443810654572,2.3033240917705378
2026-03-27 17:35:00+00:00,0.0,0.0,0.0,0.0,-45.30443810654572,2.3033240917705378
2026-03-27 17:40:00+00:00,0.0,0.0,0.0,0.0,-45.30443810654572,2.3033240917705378
2026-03-27 17:45:00+00:00,0.0,0.0,0.0,0.0,-45.30443810654572,2.3033240917705378
2026-03-27 17:50:00+00:00,0.0,0.0,0.0,0.0,-45.30443810654572,2.3033240917705378
2026-03-27 17:55:00+00:00,0.0,0.0,0.0,0.0,-45.30443810654572,2.3033240917705378
2026-03-27 18:00:00+00:00,0.0,0.0,0.0,0.0,-45.30443810654572,2.3033240917705378
2026-03-27 18:05:00+00:00,0.0,0.0,0.0,0.0,-45.30443810654572,2.3033240917705378
2026-03-27 18:10:00+00:00,0.0,0.0,0.0,0.0,-45.30443810654572,2.3033240917705378
2026-03-27 18:15:00+00:00,0.0,0.0,0.0,0.0,-45.30443810654572,2.3033240917705378
2026-03-27 18:20:00+00:00,0.0,0.0,0.0,0.0,-45.30443810654572,2.3033240917705378
2026-03-27 18:25:00+00:00,0.0,0.0,0.0,0.0,-45.30443810654572,2.3033240917705378
2026-03-27 18:30:00+00:00,0.0,0.0,0.0,0.0,-45.30443810654572,2.3033240917705378
2026-03-27 18:35:00+00:00,0.0,0.0,0.0,0.0,-45.30443810654572,2.3033240917705378
2026-03-27 18:40:00+00:00,0.0,0.0,0.0,0.0,-45.30443810654572,2.3033240917705378
2026-03-27 18:45:00+00:00,0.0,0.0,0.0,0.0,-45.30443810654572,2.3033240917705378
2026-03-27 18:50:00+00:00,0.0,0.0,0.0,0.0,-45.30443810654572,2.3033240917705378
2026-03-27 18:55:00+00:00,0.0,0.0,0.0,0.0,-45.30443810654572,2.3033240917705378
2026-03-27 19:00:00+00:00,0.0,0.0,0.0,0.0,-45.30443810654572,2.3033240917705378
2026-03-27 19:05:00+00:00,0.0,0.0,0.0,0.0,-45.30443810654572,2.3033240917705378
2026-03-27 19:10:00+00:00,0.0,0.0,0.0,0.0,-45.30443810654572,2.3033240917705378
2026-03-27 19:15:00+00:00,0.0,0.0,0.0,0.0,-45.30443810654572,2.3033240917705378
2026-03-27 19:20:00+00:00,0.0,0.0,0.0,0.0,-45.30443810654572,2.3033240917705378
2026-03-27 19:25:00+00:00,0.0,0.0,0.0,0.0,-45.30443810654572,2.3033240917705378
2026-03-27 19:30:00+00:00,0.0,0.0,0.0,0.0,-45.30443810654572,2.3033240917705378
2026-03-27 19:35:00+00:00,0.0,0.0,0.0,0.0,-45.30443810654572,2.3033240917705378
2026-03-27 19:40:00+00:00,0.0,0.0,0.0,0.0,-45.30443810654572,2.3033240917705378
2026-03-27 19:45:00+00:00,0.0,0.0,0.0,0.0,-45.30443810654572,2.3033240917705378
2026-03-27 19:50:00+00:00,0.0,0.0,0.0,0.0,-45.30443810654572,2.3033240917705378
2026-03-27 19:55:00+00:00,0.0,0.0,0.0,0.0,-45.30443810654572,2.3033240917705378
2026-03-27 20:00:00+00:00,0.0,0.0,0.0,0.0,-45.30443810654572,2.3033240917705378
2026-03-27 20:05:00+00:00,0.0,0.0,0.0,0.0,-45.30443810654572,2.3033240917705378
2026-03-27 20:10:00+00:00,0.0,0.0,0.0,0.0,-45.30443810654572,2.3033240917705378
2026-03-27 20:15:00+00:00,0.0,0.0,0.0,0.0,-45.30443810654572,2.3033240917705378
2026-03-27 20:20:00+00:00,0.0,0.0,0.0,0.0,-45.30443810654572,2.3033240917705378
2026-03-27 20:25:00+00:00,0.0,0.0,0.0,0.0,-45.30443810654572,2.3033240917705378
2026-03-27 20:30:00+00:00,0.0,0.0,0.0,0.0,-45.30443810654572,2.3033240917705378
2026-03-27 20:35:00+00:00,0.0,0.0,0.0,0.0,-45.30443810654572,2.3033240917705378
2026-03-27 20:40:00+00:00,0.0,0.0,0.0,0.0,-45.30443810654572,2.3033240917705378
2026-03-27 20:45:00+00:00,0.0,0.0,0.0,0.0,-45.30443810654572,2.3033240917705378
2026-03-27 20:50:00+00:00,0.0,0.0,0.0,0.0,-45.30443810654572,2.3033240917705378
2026-03-27 20:55:00+00:00,0.0,0.0,0.0,0.0,-45.30443810654572,2.3033240917705378
2026-03-27 21:00:00+00:00,0.0,0.0,0.0,0.0,-45.30443810654572,2.3033240917705378
2026-03-27 21:05:00+00:00,0.0,0.0,0.0,0.0,-45.30443810654572,2.3033240917705378
2026-03-27 21:10:00+00:00,0.0,0.0,0.0,0.0,-45.30443810654572,2.3033240917705378
2026-03-27 21:15:00+00:00,0.0,0.0,0.0,0.0,-45.30443810654572,2.3033240917705378
2026-03-27 21:20:00+00:00,0.0,0.0,0.0,0.0,-45.30443810654572,2.3033240917705378
2026-03-27 21:25:00+00:00,0.0,0.0,0.0,0.0,-45.30443810654572,2.3033240917705378
2026-03-27 21:30:00+00:00,0.0,0.0,0.0,0.0,-45.30443810654572,2.3033240917705378
2026-03-27 21:35:00+00:00,0.0,0.0,0.0,0.0,-45.30443810654572,2.3033240917705378
2026-03-27 21:40:00+00:00,0.0,0.0,0.0,0.0,-45.30443810654572,2.3033240917705378
2026-03-27 21:45:00+00:00,0.0,0.0,0.0,0.0,-45.30443810654572,2.3033240917705378
2026-03-27 21:50:00+00:00,0.0,0.0,0.0,0.0,-45.30443810654572,2.3033240917705378
2026-03-27 21:55:00+00:00,0.0,0.0,0.0,0.0,-45.30443810654572,2.3033240917705378
2026-03-27 22:00:00+00:00,0.0,0.0,0.0,0.0,-45.30443810654572,2.3033240917705378
2026-03-27 22:05:00+00:00,0.0,0.0,0.0,0.0,-45.30443810654572,2.3033240917705378
2026-03-27 22:10:00+00:00,0.0,0.0,0.0,0.0,-45.30443810654572,2.3033240917705378
2026-03-27 22:15:00+00:00,0.0,0.0,0.0,0.0,-45.30443810654572,2.3033240917705378
2026-03-27 22:20:00+00:00,0.0,0.0,0.0,0.0,-45.30443810654572,2.3033240917705378
2026-03-27 22:25:00+00:00,0.0,0.0,0.0,0.0,-45.30443810654572,2.3033240917705378
2026-03-27 22:30:00+00:00,0.0,0.0,0.0,0.0,-45.30443810654572,2.3033240917705378
2026-03-27 22:35:00+00:00,0.0,0.0,0.0,0.0,-45.30443810654572,2.3033240917705378
2026-03-27 22:40:00+00:00,0.0,0.0,0.0,0.0,-45.30443810654572,2.3033240917705378
2026-03-27 22:45:00+00:00,0.0,0.0,0.0,0.0,-45.30443810654572,2.3033240917705378
2026-03-27 22:50:00+00:00,0.0,0.0,0.0,0.0,-45.30443810654572,2.3033240917705378
2026-03-27 22:55:00+00:00,0.0,0.0,0.0,0.0,-45.30443810654572,2.3033240917705378
2026-03-27 23:00:00+00:00,0.0,0.0,0.0,0.0,-45.30443810654572,2.3033240917705378
2026-03-27 23:05:00+00:00,0.0,0.0,0.0,0.0,-45.30443810654572,2.3033240917705378
2026-03-27 23:10:00+00:00,0.0,0.0,0.0,0.0,-45.30443810654572,2.3033240917705378
2026-03-27 23:15:00+00:00,0.0,0.0,0.0,0.0,-45.30443810654572,2.3033240917705378
2026-03-27 23:20:00+00:00,0.0,0.0,0.0,0.0,-45.30443810654572,2.3033240917705378
2026-03-27 23:25:00+00:00,0.0,0.0,0.0,0.0,-45.30443810654572,2.3033240917705378
2026-03-27 23:30:00+00:00,0.0,0.0,0.0,0.0,-45.30443810654572,2.3033240917705378
2026-03-27 23:35:00+00:00,0.0,0.0,0.0,0.0,-45.30443810654572,2.3033240917705378
2026-03-27 23:40:00+00:00,0.0,0.0,0.0,0.0,-45.30443810654572,2.3033240917705378
2026-03-27 23:45:00+00:00,0.0,0.0,0.0,0.0,-45.30443810654572,2.3033240917705378
2026-03-27 23:50:00+00:00,0.0,0.0,0.0,0.0,-45.30443810654572,2.3033240917705378
2026-03-27 23:55:00+00:00,0.0,0.0,0.0,0.0,-45.30443810654572,2.3033240917705378
2026-03-28 00:00:00+00:00,0.0,0.0,0.0,0.0,-45.30443810654572,2.3033240917705378
2026-03-28 00:05:00+00:00,0.0,0.0,0.0,0.0,-45.30443810654572,2.3033240917705378
2026-03-28 00:10:00+00:00,0.0,0.0,0.0,0.0,-45.30443810654572,2.3033240917705378
2026-03-28 00:15:00+00:00,0.0,0.0,0.0,0.0,-45.30443810654572,2.3033240917705378
2026-03-28 00:20:00+00:00,0.0,0.0,0.0,0.0,-45.30443810654572,2.3033240917705378
2026-03-28 00:25:00+00:00,0.0,0.0,0.0,0.0,-45.30443810654572,2.3033240917705378
2026-03-28 00:30:00+00:00,0.0,0.0,0.0,0.0,-45.30443810654572,2.3033240917705378
2026-03-28 00:35:00+00:00,0.0,0.0,0.0,0.0,-45.30443810654572,2.3033240917705378
2026-03-28 00:40:00+00:00,0.0,0.0,0.0,0.0,-45.30443810654572,2.3033240917705378
2026-03-28 00:45:00+00:00,0.0,0.0,0.0,0.0,-45.30443810654572,2.3033240917705378
2026-03-28 00:50:00+00:00,0.0,0.0,0.0,0.0,-45.30443810654572,2.3033240917705378
2026-03-28 00:55:00+00:00,0.0,0.0,0.0,0.0,-45.30443810654572,2.3033240917705378
2026-03-28 01:00:00+00:00,0.0,0.0,0.0,0.0,-45.30443810654572,2.3033240917705378
2026-03-28 01:05:00+00:00,0.0,0.0,0.0,0.0,-45.30443810654572,2.3033240917705378
2026-03-28 01:10:00+00:00,0.0,0.0,0.0,0.0,-45.30443810654572,2.3033240917705378
2026-03-28 01:15:00+00:00,0.0,0.0,0.0,0.0,-45.30443810654572,2.3033240917705378
2026-03-28 01:20:00+00:00,0.0,0.0,0.0,0.0,-45.30443810654572,2.3033240917705378
2026-03-28 01:25:00+00:00,0.0,0.0,0.0,0.0,-45.30443810654572,2.3033240917705378
2026-03-28 01:30:00+00:00,0.0,0.0,0.0,0.0,-45.30443810654572,2.3033240917705378
2026-03-28 01:35:00+00:00,0.0,0.0,0.0,0.0,-45.30443810654572,2.3033240917705378
2026-03-28 01:40:00+00:00,0.0,0.0,0.0,0.0,-45.30443810654572,2.3033240917705378
2026-03-28 01:45:00+00:00,0.0,0.0,0.0,0.0,-45.30443810654572,2.3033240917705378
2026-03-28 01:50:00+00:00,0.0,0.0,0.0,0.0,-45.30443810654572,2.3033240917705378
2026-03-28 01:55:00+00:00,0.0,0.0,0.0,0.0,-45.30443810654572,2.3033240917705378
2026-03-28 02:00:00+00:00,0.0,0.0,0.0,0.0,-45.30443810654572,2.3033240917705378
2026-03-28 02:05:00+00:00,0.0,0.0,0.0,0.0,-45.30443810654572,2.3033240917705378
2026-03-28 02:10:00+00:00,0.0,0.0,0.0,0.0,-45.30443810654572,2.3033240917705378
2026-03-28 02:15:00+00:00,0.0,0.0,0.0,0.0,-45.30443810654572,2.3033240917705378
2026-03-28 02:20:00+00:00,0.0,0.0,0.0,0.0,-45.30443810654572,2.3033240917705378
2026-03-28 02:25:00+00:00,0.0,0.0,0.0,0.0,-45.30443810654572,2.3033240917705378
2026-03-28 02:30:00+00:00,0.0,0.0,0.0,0.0,-45.30443810654572,2.3033240917705378
2026-03-28 02:35:00+00:00,0.0,0.0,0.0,0.0,-45.30443810654572,2.3033240917705378
2026-03-28 02:40:00+00:00,0.0,0.0,0.0,0.0,-45.30443810654572,2.3033240917705378
2026-03-28 02:45:00+00:00,0.0,0.0,0.0,0.0,-45.30443810654572,2.3033240917705378
2026-03-28 02:50:00+00:00,0.0,0.0,0.0,0.0,-45.30443810654572,2.3033240917705378
2026-03-28 02:55:00+00:00,0.0,0.0,0.0,0.0,-45.30443810654572,2.3033240917705378
2026-03-28 03:00:00+00:00,0.0,0.0,0.0,0.0,-45.30443810654572,2.3033240917705378
2026-03-28 03:05:00+00:00,0.0,0.0,0.0,0.0,-45.30443810654572,2.3033240917705378
2026-03-28 03:10:00+00:00,0.0,0.0,0.0,0.0,-45.30443810654572,2.3033240917705378
2026-03-28 03:15:00+00:00,0.0,0.0,0.0,0.0,-45.30443810654572,2.3033240917705378
2026-03-28 03:20:00+00:00,0.0,0.0,0.0,0.0,-45.30443810654572,2.3033240917705378
2026-03-28 03:25:00+00:00,0.0,0.0,0.0,0.0,-45.30443810654572,2.3033240917705378
2026-03-28 03:30:00+00:00,0.0,0.0,0.0,0.0,-45.30443810654572,2.3033240917705378
2026-03-28 03:35:00+00:00,0.0,0.0,0.0,0.0,-45.30443810654572,2.3033240917705378
2026-03-28 03:40:00+00:00,0.0,0.0,0.0,0.0,-45.30443810654572,2.3033240917705378
2026-03-28 03:45:00+00:00,0.0,0.0,0.0,0.0,-45.30443810654572,2.3033240917705378
2026-03-28 03:50:00+00:00,0.0,0.0,0.0,0.0,-45.30443810654572,2.3033240917705378
2026-03-28 03:55:00+00:00,0.0,0.0,0.0,0.0,-45.30443810654572,2.3033240917705378
2026-03-28 04:00:00+00:00,0.0,0.0,0.0,0.0,-45.30443810654572,2.3033240917705378
2026-03-28 04:05:00+00:00,0.0,0.0,0.0,0.0,-45.30443810654572,2.3033240917705378
2026-03-28 04:10:00+00:00,0.0,0.0,0.0,0.0,-45.30443810654572,2.3033240917705378
2026-03-28 04:15:00+00:00,0.0,0.0,0.0,0.0,-45.30443810654572,2.3033240917705378
2026-03-28 04:20:00+00:00,0.0,0.0,0.0,0.0,-45.30443810654572,2.3033240917705378
2026-03-28 04:25:00+00:00,0.0,0.0,0.0,0.0,-45.30443810654572,2.3033240917705378
2026-03-28 04:30:00+00:00,0.0,0.0,0.0,0.0,-45.30443810654572,2.3033240917705378
2026-03-28 04:35:00+00:00,0.0,0.0,0.0,0.0,-45.30443810654572,2.3033240917705378
2026-03-28 04:40:00+00:00,0.0,0.0,0.0,0.0,-45.30443810654572,2.3033240917705378
2026-03-28 04:45:00+00:00,0.0,0.0,0.0,0.0,-45.30443810654572,2.3033240917705378
2026-03-28 04:50:00+00:00,0.0,0.0,0.0,0.0,-45.30443810654572,2.3033240917705378
2026-03-28 04:55:00+00:00,0.0,0.0,0.0,0.0,-45.30443810654572,2.3033240917705378
2026-03-28 05:00:00+00:00,0.0,0.0,0.0,0.0,-45.30443810654572,2.3033240917705378
2026-03-28 05:05:00+00:00,0.0,0.0,0.0,0.0,-45.30443810654572,2.3033240917705378
2026-03-28 05:10:00+00:00,0.0,0.0,0.0,0.0,-45.30443810654572,2.3033240917705378
2026-03-28 05:15:00+00:00,0.0,0.0,0.0,0.0,-45.30443810654572,2.3033240917705378
2026-03-28 05:20:00+00:00,0.0,0.0,0.0,0.0,-45.30443810654572,2.3033240917705378
2026-03-28 05:25:00+00:00,0.0,0.0,0.0,0.0,-45.30443810654572,2.3033240917705378
2026-03-28 05:30:00+00:00,0.0,0.0,0.0,0.0,-45.30443810654572,2.3033240917705378
2026-03-28 05:35:00+00:00,0.0,0.0,0.0,0.0,-45.30443810654572,2.3033240917705378
2026-03-28 05:40:00+00:00,0.0,0.0,0.0,0.0,-45.30443810654572,2.3033240917705378
2026-03-28 05:45:00+00:00,0.0,0.0,0.0,0.0,-45.30443810654572,2.3033240917705378
2026-03-28 05:50:00+00:00,0.0,0.0,0.0,0.0,-45.30443810654572,2.3033240917705378
2026-03-28 05:55:00+00:00,0.0,0.0,0.0,0.0,-45.30443810654572,2.3033240917705378
2026-03-28 06:00:00+00:00,0.0,0.0,0.0,0.0,-45.30443810654572,2.3033240917705378
2026-03-28 06:05:00+00:00,0.0,0.0,0.0,0.0,-45.30443810654572,2.3033240917705378
2026-03-28 06:10:00+00:00,0.0,0.0,0.0,0.0,-45.30443810654572,2.3033240917705378
2026-03-28 06:15:00+00:00,0.0,0.0,0.0,0.0,-45.30443810654572,2.3033240917705378
2026-03-28 06:20:00+00:00,0.0,0.0,0.0,0.0,-45.30443810654572,2.3033240917705378
2026-03-28 06:25:00+00:00,0.0,0.0,0.0,0.0,-45.30443810654572,2.3033240917705378
2026-03-28 06:30:00+00:00,0.0,0.0,0.0,0.0,-45.30443810654572,2.3033240917705378
2026-03-28 06:35:00+00:00,0.0,0.0,0.0,0.0,-45.30443810654572,2.3033240917705378
2026-03-28 06:40:00+00:00,0.0,0.0,0.0,0.0,-45.30443810654572,2.3033240917705378
2026-03-28 06:45:00+00:00,0.0,0.0,0.0,0.0,-45.30443810654572,2.3033240917705378
2026-03-28 06:50:00+00:00,0.0,0.0,0.0,0.0,-45.30443810654572,2.3033240917705378
2026-03-28 06:55:00+00:00,0.0,0.0,0.0,0.0,-45.30443810654572,2.3033240917705378
2026-03-28 07:00:00+00:00,0.0,0.0,0.0,0.0,-45.30443810654572,2.3033240917705378
2026-03-28 07:05:00+00:00,0.0,0.0,0.0,0.0,-45.30443810654572,2.3033240917705378
2026-03-28 07:10:00+00:00,0.0,0.0,0.0,0.0,-45.30443810654572,2.3033240917705378
2026-03-28 07:15:00+00:00,0.0,0.0,0.0,0.0,-45.30443810654572,2.3033240917705378
2026-03-28 07:20:00+00:00,0.0,0.0,0.0,0.0,-45.30443810654572,2.3033240917705378
2026-03-28 07:25:00+00:00,0.0,0.0,0.0,0.0,-45.30443810654572,2.3033240917705378
2026-03-28 07:30:00+00:00,0.0,0.0,0.0,0.0,-45.30443810654572,2.3033240917705378
2026-03-28 07:35:00+00:00,0.0,0.0,0.0,0.0,-45.30443810654572,2.3033240917705378
2026-03-28 07:40:00+00:00,0.0,0.0,0.0,0.0,-45.30443810654572,2.3033240917705378
2026-03-28 07:45:00+00:00,0.0,0.0,0.0,0.0,-45.30443810654572,2.3033240917705378
2026-03-28 07:50:00+00:00,0.0,0.0,0.0,0.0,-45.30443810654572,2.3033240917705378
2026-03-28 07:55:00+00:00,0.0,0.0,0.0,0.0,-45.30443810654572,2.3033240917705378
2026-03-28 08:00:00+00:00,0.0,0.0,0.0,0.0,-45.30443810654572,2.3033240917705378
2026-03-28 08:05:00+00:00,0.0,0.0,0.0,0.0,-45.30443810654572,2.3033240917705378
2026-03-28 08:10:00+00:00,0.0,0.0,0.0,0.0,-45.30443810654572,2.3033240917705378
2026-03-28 08:15:00+00:00,0.0,0.0,0.0,0.0,-45.30443810654572,2.3033240917705378
2026-03-28 08:20:00+00:00,0.0,0.0,0.0,0.0,-45.30443810654572,2.3033240917705378
2026-03-28 08:25:00+00:00,0.0,0.0,0.0,0.0,-45.30443810654572,2.3033240917705378
2026-03-28 08:30:00+00:00,0.0,0.0,0.0,0.0,-45.30443810654572,2.3033240917705378
2026-03-28 08:35:00+00:00,0.0,0.0,0.0,0.0,-45.30443810654572,2.3033240917705378
2026-03-28 08:40:00+00:00,0.0,0.0,0.0,0.0,-45.30443810654572,2.3033240917705378
2026-03-28 08:45:00+00:00,0.0,0.0,0.0,0.0,-45.30443810654572,2.3033240917705378
2026-03-28 08:50:00+00:00,0.0,0.0,0.0,0.0,-45.30443810654572,2.3033240917705378
2026-03-28 08:55:00+00:00,0.0,0.0,0.0,0.0,-45.30443810654572,2.3033240917705378
2026-03-28 09:00:00+00:00,0.0,0.0,0.0,0.0,-45.30443810654572,2.3033240917705378
2026-03-28 09:05:00+00:00,0.0,0.0,0.0,0.0,-45.30443810654572,2.3033240917705378
2026-03-28 09:10:00+00:00,0.0,0.0,0.0,0.0,-45.30443810654572,2.3033240917705378
2026-03-28 09:15:00+00:00,0.0,0.0,0.0,0.0,-45.30443810654572,2.3033240917705378
2026-03-28 09:20:00+00:00,0.0,0.0,0.0,0.0,-45.30443810654572,2.3033240917705378
2026-03-28 09:25:00+00:00,0.0,0.0,0.0,0.0,-45.30443810654572,2.3033240917705378
2026-03-28 09:30:00+00:00,0.0,0.0,0.0,0.0,-45.30443810654572,2.3033240917705378
2026-03-28 09:35:00+00:00,0.0,0.0,0.0,0.0,-45.30443810654572,2.3033240917705378
2026-03-28 09:40:00+00:00,0.0,0.0,0.0,0.0,-45.30443810654572,2.3033240917705378
2026-03-28 09:45:00+00:00,0.0,0.0,0.0,0.0,-45.30443810654572,2.3033240917705378
2026-03-28 09:50:00+00:00,0.0,0.0,0.0,0.0,-45.30443810654572,2.3033240917705378
2026-03-28 09:55:00+00:00,0.0,0.0,0.0,0.0,-45.30443810654572,2.3033240917705378
2026-03-28 10:00:00+00:00,0.0,0.0,0.0,0.0,-45.30443810654572,2.3033240917705378
2026-03-28 10:05:00+00:00,0.0,0.0,0.0,0.0,-45.30443810654572,2.3033240917705378
2026-03-28 10:10:00+00:00,0.0,0.0,0.0,0.0,-45.30443810654572,2.3033240917705378
2026-03-28 10:15:00+00:00,0.0,0.0,0.0,0.0,-45.30443810654572,2.3033240917705378
2026-03-28 10:20:00+00:00,0.0,0.0,0.0,0.0,-45.30443810654572,2.3033240917705378
2026-03-28 10:25:00+00:00,0.0,0.0,0.0,0.0,-45.30443810654572,2.3033240917705378
2026-03-28 10:30:00+00:00,0.0,0.0,0.0,0.0,-45.30443810654572,2.3033240917705378
2026-03-28 10:35:00+00:00,0.0,0.0,0.0,0.0,-45.30443810654572,2.3033240917705378
2026-03-28 10:40:00+00:00,0.0,0.0,0.0,0.0,-45.30443810654572,2.3033240917705378
2026-03-28 10:45:00+00:00,0.0,0.0,0.0,0.0,-45.30443810654572,2.3033240917705378
2026-03-28 10:50:00+00:00,0.0,0.0,0.0,0.0,-45.30443810654572,2.3033240917705378
2026-03-28 10:55:00+00:00,0.0,0.0,0.0,0.0,-45.30443810654572,2.3033240917705378
2026-03-28 11:00:00+00:00,0.0,0.0,0.0,0.0,-45.30443810654572,2.3033240917705378
2026-03-28 11:05:00+00:00,0.0,0.0,0.0,0.0,-45.30443810654572,2.3033240917705378
2026-03-28 11:10:00+00:00,0.0,0.0,0.0,0.0,-45.30443810654572,2.3033240917705378
2026-03-28 11:15:00+00:00,0.0,0.0,0.0,0.0,-45.30443810654572,2.3033240917705378
2026-03-28 11:20:00+00:00,0.0,0.0,0.0,0.0,-45.30443810654572,2.3033240917705378
2026-03-28 11:25:00+00:00,0.0,0.0,0.0,0.0,-45.30443810654572,2.3033240917705378
2026-03-28 11:30:00+00:00,0.0,0.0,0.0,0.0,-45.30443810654572,2.3033240917705378
2026-03-28 11:35:00+00:00,0.0,0.0,0.0,0.0,-45.30443810654572,2.3033240917705378
2026-03-28 11:40:00+00:00,0.0,0.0,0.0,0.0,-45.30443810654572,2.3033240917705378
2026-03-28 11:45:00+00:00,0.0,0.0,0.0,0.0,-45.30443810654572,2.3033240917705378
2026-03-28 11:50:00+00:00,0.0,0.0,0.0,0.0,-45.30443810654572,2.3033240917705378
2026-03-28 11:55:00+00:00,0.0,0.0,0.0,0.0,-45.30443810654572,2.3033240917705378
2026-03-28 12:00:00+00:00,0.0,0.0,0.0,0.0,-45.30443810654572,2.3033240917705378
2026-03-28 12:05:00+00:00,0.0,0.0,0.0,0.0,-45.30443810654572,2.3033240917705378
2026-03-28 12:10:00+00:00,0.0,0.0,0.0,0.0,-45.30443810654572,2.3033240917705378
2026-03-28 12:15:00+00:00,0.0,0.0,0.0,0.0,-45.30443810654572,2.3033240917705378
2026-03-28 12:20:00+00:00,0.0,0.0,0.0,0.0,-45.30443810654572,2.3033240917705378
2026-03-28 12:25:00+00:00,0.0,0.0,0.0,0.0,-45.30443810654572,2.3033240917705378
2026-03-28 12:30:00+00:00,0.0,0.0,0.0,0.0,-45.30443810654572,2.3033240917705378
2026-03-28 12:35:00+00:00,0.0,0.0,0.0,0.0,-45.30443810654572,2.3033240917705378
2026-03-28 12:40:00+00:00,0.0,0.0,0.0,0.0,-45.30443810654572,2.3033240917705378
2026-03-28 12:45:00+00:00,0.0,0.0,0.0,0.0,-45.30443810654572,2.3033240917705378
2026-03-28 12:50:00+00:00,0.0,0.0,0.0,0.0,-45.30443810654572,2.3033240917705378
2026-03-28 12:55:00+00:00,0.0,0.0,0.0,0.0,-45.30443810654572,2.3033240917705378
2026-03-28 13:00:00+00:00,0.0,0.0,0.0,0.0,-45.30443810654572,2.3033240917705378
2026-03-28 13:05:00+00:00,0.0,0.0,0.0,0.0,-45.30443810654572,2.3033240917705378
2026-03-28 13:10:00+00:00,0.0,0.0,0.0,0.0,-45.30443810654572,2.3033240917705378
2026-03-28 13:15:00+00:00,0.0,0.0,0.0,0.0,-45.30443810654572,2.3033240917705378
2026-03-28 13:20:00+00:00,0.0,0.0,0.0,0.0,-45.30443810654572,2.3033240917705378
2026-03-28 13:25:00+00:00,0.0,0.0,0.0,0.0,-45.30443810654572,2.3033240917705378
2026-03-28 13:30:00+00:00,0.0,0.0,0.0,0.0,-45.30443810654572,2.3033240917705378
2026-03-28 13:35:00+00:00,0.0,0.0,0.0,0.0,-45.30443810654572,2.3033240917705378
2026-03-28 13:40:00+00:00,0.0,0.0,0.0,0.0,-45.30443810654572,2.3033240917705378
2026-03-28 13:45:00+00:00,0.0,0.0,0.0,0.0,-45.30443810654572,2.3033240917705378
2026-03-28 13:50:00+00:00,0.0,0.0,0.0,0.0,-45.30443810654572,2.3033240917705378
2026-03-28 13:55:00+00:00,0.0,0.0,0.0,0.0,-45.30443810654572,2.3033240917705378
2026-03-28 14:00:00+00:00,0.0,0.0,0.0,0.0,-45.30443810654572,2.3033240917705378
2026-03-28 14:05:00+00:00,0.0,0.0,0.0,0.0,-45.30443810654572,2.3033240917705378
2026-03-28 14:10:00+00:00,0.0,0.0,0.0,0.0,-45.30443810654572,2.3033240917705378
2026-03-28 14:15:00+00:00,0.0,0.0,0.0,0.0,-45.30443810654572,2.3033240917705378
2026-03-28 14:20:00+00:00,0.0,0.0,0.0,0.0,-45.30443810654572,2.3033240917705378
2026-03-28 14:25:00+00:00,0.0,0.0,0.0,0.0,-45.30443810654572,2.3033240917705378
2026-03-28 14:30:00+00:00,0.0,0.0,0.0,0.0,-45.30443810654572,2.3033240917705378
2026-03-28 14:35:00+00:00,0.0,0.0,0.0,0.0,-45.30443810654572,2.3033240917705378
2026-03-28 14:40:00+00:00,0.0,0.0,0.0,0.0,-45.30443810654572,2.3033240917705378
2026-03-28 14:45:00+00:00,0.0,0.0,0.0,0.0,-45.30443810654572,2.3033240917705378
2026-03-28 14:50:00+00:00,0.0,0.0,0.0,0.0,-45.30443810654572,2.3033240917705378
2026-03-28 14:55:00+00:00,0.0,0.0,0.0,0.0,-45.30443810654572,2.3033240917705378
2026-03-28 15:00:00+00:00,0.0,0.0,0.0,0.0,-45.30443810654572,2.3033240917705378
2026-03-28 15:05:00+00:00,0.0,0.0,0.0,0.0,-45.30443810654572,2.3033240917705378
2026-03-28 15:10:00+00:00,0.0,0.0,0.0,0.0,-45.30443810654572,2.3033240917705378
2026-03-28 15:15:00+00:00,0.0,0.0,0.0,0.0,-45.30443810654572,2.3033240917705378
2026-03-28 15:20:00+00:00,0.0,0.0,0.0,0.0,-45.30443810654572,2.3033240917705378
2026-03-28 15:25:00+00:00,0.0,0.0,0.0,0.0,-45.30443810654572,2.3033240917705378
2026-03-28 15:30:00+00:00,0.0,0.0,0.0,0.0,-45.30443810654572,2.3033240917705378
2026-03-28 15:35:00+00:00,0.0,0.0,0.0,0.0,-45.30443810654572,2.3033240917705378
2026-03-28 15:40:00+00:00,0.0,0.0,0.0,0.0,-45.30443810654572,2.3033240917705378
2026-03-28 15:45:00+00:00,0.0,0.0,0.0,0.0,-45.30443810654572,2.3033240917705378
2026-03-28 15:50:00+00:00,0.0,0.0,0.0,0.0,-45.30443810654572,2.3033240917705378
2026-03-28 15:55:00+00:00,0.0,0.0,0.0,0.0,-45.30443810654572,2.3033240917705378
2026-03-28 16:00:00+00:00,0.0,0.0,0.0,0.0,-45.30443810654572,2.3033240917705378
2026-03-28 16:05:00+00:00,0.0,0.0,0.0,0.0,-45.30443810654572,2.3033240917705378
2026-03-28 16:10:00+00:00,0.0,0.0,0.0,0.0,-45.30443810654572,2.3033240917705378
2026-03-28 16:15:00+00:00,0.0,0.0,0.0,0.0,-45.30443810654572,2.3033240917705378
2026-03-28 16:20:00+00:00,0.0,0.0,0.0,0.0,-45.30443810654572,2.3033240917705378
2026-03-28 16:25:00+00:00,0.0,0.0,0.0,0.0,-45.30443810654572,2.3033240917705378
2026-03-28 16:30:00+00:00,0.0,0.0,0.0,0.0,-45.30443810654572,2.3033240917705378
2026-03-28 16:35:00+00:00,0.0,0.0,0.0,0.0,-45.30443810654572,2.3033240917705378
2026-03-28 16:40:00+00:00,0.0,0.0,0.0,0.0,-45.30443810654572,2.3033240917705378
2026-03-28 16:45:00+00:00,0.0,0.0,0.0,0.0,-45.30443810654572,2.3033240917705378
2026-03-28 16:50:00+00:00,0.0,0.0,0.0,0.0,-45.30443810654572,2.3033240917705378
2026-03-28 16:55:00+00:00,0.0,0.0,0.0,0.0,-45.30443810654572,2.3033240917705378
2026-03-28 17:00:00+00:00,0.0,0.0,0.0,0.0,-45.30443810654572,2.3033240917705378
2026-03-28 17:05:00+00:00,0.0,0.0,0.0,0.0,-45.30443810654572,2.3033240917705378
2026-03-28 17:10:00+00:00,0.0,0.0,0.0,0.0,-45.30443810654572,2.3033240917705378
2026-03-28 17:15:00+00:00,0.0,0.0,0.0,0.0,-45.30443810654572,2.3033240917705378
2026-03-28 17:20:00+00:00,0.0,0.0,0.0,0.0,-45.30443810654572,2.3033240917705378
2026-03-28 17:25:00+00:00,0.0,0.0,0.0,0.0,-45.30443810654572,2.3033240917705378
2026-03-28 17:30:00+00:00,0.0,0.0,0.0,0.0,-45.30443810654572,2.3033240917705378
2026-03-28 17:35:00+00:00,0.0,0.0,0.0,0.0,-45.30443810654572,2.3033240917705378
2026-03-28 17:40:00+00:00,0.0,0.0,0.0,0.0,-45.30443810654572,2.3033240917705378
2026-03-28 17:45:00+00:00,0.0,0.0,0.0,0.0,-45.30443810654572,2.3033240917705378
2026-03-28 17:50:00+00:00,0.0,0.0,0.0,0.0,-45.30443810654572,2.3033240917705378
2026-03-28 17:55:00+00:00,0.0,0.0,0.0,0.0,-45.30443810654572,2.3033240917705378
2026-03-28 18:00:00+00:00,0.0,0.0,0.0,0.0,-45.30443810654572,2.3033240917705378
2026-03-28 18:05:00+00:00,0.0,0.0,0.0,0.0,-45.30443810654572,2.3033240917705378
2026-03-28 18:10:00+00:00,0.0,0.0,0.0,0.0,-45.30443810654572,2.3033240917705378
2026-03-28 18:15:00+00:00,0.0,0.0,0.0,0.0,-45.30443810654572,2.3033240917705378
2026-03-28 18:20:00+00:00,0.0,0.0,0.0,0.0,-45.30443810654572,2.3033240917705378
2026-03-28 18:25:00+00:00,0.0,0.0,0.0,0.0,-45.30443810654572,2.3033240917705378
2026-03-28 18:30:00+00:00,0.0,0.0,0.0,0.0,-45.30443810654572,2.3033240917705378
2026-03-28 18:35:00+00:00,0.0,0.0,0.0,0.0,-45.30443810654572,2.3033240917705378
2026-03-28 18:40:00+00:00,0.0,0.0,0.0,0.0,-45.30443810654572,2.3033240917705378
2026-03-28 18:45:00+00:00,0.0,0.0,0.0,0.0,-45.30443810654572,2.3033240917705378
2026-03-28 18:50:00+00:00,0.0,0.0,0.0,0.0,-45.30443810654572,2.3033240917705378
2026-03-28 18:55:00+00:00,0.0,0.0,0.0,0.0,-45.30443810654572,2.3033240917705378
2026-03-28 19:00:00+00:00,0.0,0.0,0.0,0.0,-45.30443810654572,2.3033240917705378
2026-03-28 19:05:00+00:00,0.0,0.0,0.0,0.0,-45.30443810654572,2.3033240917705378
2026-03-28 19:10:00+00:00,0.0,0.0,0.0,0.0,-45.30443810654572,2.3033240917705378
2026-03-28 19:15:00+00:00,0.0,0.0,0.0,0.0,-45.30443810654572,2.3033240917705378
2026-03-28 19:20:00+00:00,0.0,0.0,0.0,0.0,-45.30443810654572,2.3033240917705378
2026-03-28 19:25:00+00:00,0.0,0.0,0.0,0.0,-45.30443810654572,2.3033240917705378
2026-03-28 19:30:00+00:00,0.0,0.0,0.0,0.0,-45.30443810654572,2.3033240917705378
2026-03-28 19:35:00+00:00,0.0,0.0,0.0,0.0,-45.30443810654572,2.3033240917705378
2026-03-28 19:40:00+00:00,0.0,0.0,0.0,0.0,-45.30443810654572,2.3033240917705378
2026-03-28 19:45:00+00:00,0.0,0.0,0.0,0.0,-45.30443810654572,2.3033240917705378
2026-03-28 19:50:00+00:00,0.0,0.0,0.0,0.0,-45.30443810654572,2.3033240917705378
2026-03-28 19:55:00+00:00,0.0,0.0,0.0,0.0,-45.30443810654572,2.3033240917705378
2026-03-28 20:00:00+00:00,0.0,0.0,0.0,0.0,-45.30443810654572,2.3033240917705378
2026-03-28 20:05:00+00:00,0.0,0.0,0.0,0.0,-45.30443810654572,2.3033240917705378
2026-03-28 20:10:00+00:00,0.0,0.0,0.0,0.0,-45.30443810654572,2.3033240917705378
2026-03-28 20:15:00+00:00,0.0,0.0,0.0,0.0,-45.30443810654572,2.3033240917705378
2026-03-28 20:20:00+00:00,0.0,0.0,0.0,0.0,-45.30443810654572,2.3033240917705378
2026-03-28 20:25:00+00:00,0.0,0.0,0.0,0.0,-45.30443810654572,2.3033240917705378
2026-03-28 20:30:00+00:00,0.0,0.0,0.0,0.0,-45.30443810654572,2.3033240917705378
2026-03-28 20:35:00+00:00,0.0,0.0,0.0,0.0,-45.30443810654572,2.3033240917705378
2026-03-28 20:40:00+00:00,0.0,0.0,0.0,0.0,-45.30443810654572,2.3033240917705378
2026-03-28 20:45:00+00:00,0.0,0.0,0.0,0.0,-45.30443810654572,2.3033240917705378
2026-03-28 20:50:00+00:00,0.0,0.0,0.0,0.0,-45.30443810654572,2.3033240917705378
2026-03-28 20:55:00+00:00,0.0,0.0,0.0,0.0,-45.30443810654572,2.3033240917705378
2026-03-28 21:00:00+00:00,0.0,0.0,0.0,0.0,-45.30443810654572,2.3033240917705378
2026-03-28 21:05:00+00:00,0.0,0.0,0.0,0.0,-45.30443810654572,2.3033240917705378
2026-03-28 21:10:00+00:00,0.0,0.0,0.0,0.0,-45.30443810654572,2.3033240917705378
2026-03-28 21:15:00+00:00,0.0,0.0,0.0,0.0,-45.30443810654572,2.3033240917705378
2026-03-28 21:20:00+00:00,0.0,0.0,0.0,0.0,-45.30443810654572,2.3033240917705378
2026-03-28 21:25:00+00:00,0.0,0.0,0.0,0.0,-45.30443810654572,2.3033240917705378
2026-03-28 21:30:00+00:00,0.0,0.0,0.0,0.0,-45.30443810654572,2.3033240917705378
2026-03-28 21:35:00+00:00,0.0,0.0,0.0,0.0,-45.30443810654572,2.3033240917705378
2026-03-28 21:40:00+00:00,0.0,0.0,0.0,0.0,-45.30443810654572,2.3033240917705378
2026-03-28 21:45:00+00:00,0.0,0.0,0.0,0.0,-45.30443810654572,2.3033240917705378
2026-03-28 21:50:00+00:00,0.0,0.0,0.0,0.0,-45.30443810654572,2.3033240917705378
2026-03-28 21:55:00+00:00,0.0,0.0,0.0,0.0,-45.30443810654572,2.3033240917705378
2026-03-28 22:00:00+00:00,0.0,0.0,0.0,0.0,-45.30443810654572,2.3033240917705378
2026-03-28 22:05:00+00:00,0.0,0.0,0.0,0.0,-45.30443810654572,2.3033240917705378
2026-03-28 22:10:00+00:00,0.0,0.0,0.0,0.0,-45.30443810654572,2.3033240917705378
2026-03-28 22:15:00+00:00,0.0,0.0,0.0,0.0,-45.30443810654572,2.3033240917705378
2026-03-28 22:20:00+00:00,0.0,0.0,0.0,0.0,-45.30443810654572,2.3033240917705378
2026-03-28 22:25:00+00:00,0.0,0.0,0.0,0.0,-45.30443810654572,2.3033240917705378
2026-03-28 22:30:00+00:00,0.0,0.0,0.0,0.0,-45.30443810654572,2.3033240917705378
2026-03-28 22:35:00+00:00,0.0,0.0,0.0,0.0,-45.30443810654572,2.3033240917705378
2026-03-28 22:40:00+00:00,0.0,0.0,0.0,0.0,-45.30443810654572,2.3033240917705378
2026-03-28 22:45:00+00:00,0.0,0.0,0.0,0.0,-45.30443810654572,2.3033240917705378
2026-03-28 22:50:00+00:00,0.0,0.0,0.0,0.0,-45.30443810654572,2.3033240917705378
2026-03-28 22:55:00+00:00,0.0,0.0,0.0,0.0,-45.30443810654572,2.3033240917705378
2026-03-28 23:00:00+00:00,0.0,0.0,0.0,0.0,-45.30443810654572,2.3033240917705378
2026-03-28 23:05:00+00:00,0.0,0.0,0.0,0.0,-45.30443810654572,2.3033240917705378
2026-03-28 23:10:00+00:00,0.0,0.0,0.0,0.0,-45.30443810654572,2.3033240917705378
2026-03-28 23:15:00+00:00,0.0,0.0,0.0,0.0,-45.30443810654572,2.3033240917705378
2026-03-28 23:20:00+00:00,0.0,0.0,0.0,0.0,-45.30443810654572,2.3033240917705378
2026-03-28 23:25:00+00:00,0.0,0.0,0.0,0.0,-45.30443810654572,2.3033240917705378
2026-03-28 23:30:00+00:00,0.0,0.0,0.0,0.0,-45.30443810654572,2.3033240917705378
2026-03-28 23:35:00+00:00,0.0,0.0,0.0,0.0,-45.30443810654572,2.3033240917705378
2026-03-28 23:40:00+00:00,0.0,0.0,0.0,0.0,-45.30443810654572,2.3033240917705378
2026-03-28 23:45:00+00:00,0.0,0.0,0.0,0.0,-45.30443810654572,2.3033240917705378
2026-03-28 23:50:00+00:00,0.0,0.0,0.0,0.0,-45.30443810654572,2.3033240917705378
2026-03-28 23:55:00+00:00,0.0,0.0,0.0,0.0,-45.30443810654572,2.3033240917705378
2026-03-29 00:00:00+00:00,0.0,0.0,0.0,0.0,-45.30443810654572,2.3033240917705378
2026-03-29 00:05:00+00:00,0.0,0.0,0.0,0.0,-45.30443810654572,2.3033240917705378
2026-03-29 00:10:00+00:00,0.0,0.0,0.0,0.0,-45.30443810654572,2.3033240917705378
2026-03-29 00:15:00+00:00,0.0,0.0,0.0,0.0,-45.30443810654572,2.3033240917705378
2026-03-29 00:20:00+00:00,0.0,0.0,0.0,0.0,-45.30443810654572,2.3033240917705378
2026-03-29 00:25:00+00:00,0.0,0.0,0.0,0.0,-45.30443810654572,2.3033240917705378
2026-03-29 00:30:00+00:00,0.0,0.0,0.0,0.0,-45.30443810654572,2.3033240917705378
2026-03-29 00:35:00+00:00,0.0,0.0,0.0,0.0,-45.30443810654572,2.3033240917705378
2026-03-29 00:40:00+00:00,0.0,0.0,0.0,0.0,-45.30443810654572,2.3033240917705378
2026-03-29 00:45:00+00:00,0.0,0.0,0.0,0.0,-45.30443810654572,2.3033240917705378
2026-03-29 00:50:00+00:00,0.0,0.0,0.0,0.0,-45.30443810654572,2.3033240917705378
2026-03-29 00:55:00+00:00,0.0,0.0,0.0,0.0,-45.30443810654572,2.3033240917705378
2026-03-29 01:00:00+00:00,0.0,0.0,0.0,0.0,-45.30443810654572,2.3033240917705378
2026-03-29 01:05:00+00:00,0.0,0.0,0.0,0.0,-45.30443810654572,2.3033240917705378
2026-03-29 01:10:00+00:00,0.0,0.0,0.0,0.0,-45.30443810654572,2.3033240917705378
2026-03-29 01:15:00+00:00,0.0,0.0,0.0,0.0,-45.30443810654572,2.3033240917705378
2026-03-29 01:20:00+00:00,0.0,0.0,0.0,0.0,-45.30443810654572,2.3033240917705378
2026-03-29 01:25:00+00:00,0.0,0.0,0.0,0.0,-45.30443810654572,2.3033240917705378
2026-03-29 01:30:00+00:00,0.0,0.0,0.0,0.0,-45.30443810654572,2.3033240917705378
2026-03-29 01:35:00+00:00,0.0,0.0,0.0,0.0,-45.30443810654572,2.3033240917705378
2026-03-29 01:40:00+00:00,0.0,0.0,0.0,0.0,-45.30443810654572,2.3033240917705378
2026-03-29 01:45:00+00:00,0.0,0.0,0.0,0.0,-45.30443810654572,2.3033240917705378
2026-03-29 01:50:00+00:00,0.0,0.0,0.0,0.0,-45.30443810654572,2.3033240917705378
2026-03-29 01:55:00+00:00,0.0,0.0,0.0,0.0,-45.30443810654572,2.3033240917705378
2026-03-29 02:00:00+00:00,0.0,0.0,0.0,0.0,-45.30443810654572,2.3033240917705378
2026-03-29 02:05:00+00:00,0.0,0.0,0.0,0.0,-45.30443810654572,2.3033240917705378
2026-03-29 02:10:00+00:00,0.0,0.0,0.0,0.0,-45.30443810654572,2.3033240917705378
2026-03-29 02:15:00+00:00,0.0,0.0,0.0,0.0,-45.30443810654572,2.3033240917705378
2026-03-29 02:20:00+00:00,0.0,0.0,0.0,0.0,-45.30443810654572,2.3033240917705378
2026-03-29 02:25:00+00:00,0.0,0.0,0.0,0.0,-45.30443810654572,2.3033240917705378
2026-03-29 02:30:00+00:00,0.0,0.0,0.0,0.0,-45.30443810654572,2.3033240917705378
2026-03-29 02:35:00+00:00,0.0,0.0,0.0,0.0,-45.30443810654572,2.3033240917705378
2026-03-29 02:40:00+00:00,0.0,0.0,0.0,0.0,-45.30443810654572,2.3033240917705378
2026-03-29 02:45:00+00:00,0.0,0.0,0.0,0.0,-45.30443810654572,2.3033240917705378
2026-03-29 02:50:00+00:00,0.0,0.0,0.0,0.0,-45.30443810654572,2.3033240917705378
2026-03-29 02:55:00+00:00,0.0,0.0,0.0,0.0,-45.30443810654572,2.3033240917705378
2026-03-29 03:00:00+00:00,0.0,0.0,0.0,0.0,-45.30443810654572,2.3033240917705378
2026-03-29 03:05:00+00:00,0.0,0.0,0.0,0.0,-45.30443810654572,2.3033240917705378
2026-03-29 03:10:00+00:00,0.0,0.0,0.0,0.0,-45.30443810654572,2.3033240917705378
2026-03-29 03:15:00+00:00,0.0,0.0,0.0,0.0,-45.30443810654572,2.3033240917705378
2026-03-29 03:20:00+00:00,0.0,0.0,0.0,0.0,-45.30443810654572,2.3033240917705378
2026-03-29 03:25:00+00:00,0.0,0.0,0.0,0.0,-45.30443810654572,2.3033240917705378
2026-03-29 03:30:00+00:00,0.0,0.0,0.0,0.0,-45.30443810654572,2.3033240917705378
2026-03-29 03:35:00+00:00,0.0,0.0,0.0,0.0,-45.30443810654572,2.3033240917705378
2026-03-29 03:40:00+00:00,0.0,0.0,0.0,0.0,-45.30443810654572,2.3033240917705378
2026-03-29 03:45:00+00:00,0.0,0.0,0.0,0.0,-45.30443810654572,2.3033240917705378
2026-03-29 03:50:00+00:00,0.0,0.0,0.0,0.0,-45.30443810654572,2.3033240917705378
2026-03-29 03:55:00+00:00,0.0,0.0,0.0,0.0,-45.30443810654572,2.3033240917705378
2026-03-29 04:00:00+00:00,0.0,0.0,0.0,0.0,-45.30443810654572,2.3033240917705378
2026-03-29 04:05:00+00:00,0.0,0.0,0.0,0.0,-45.30443810654572,2.3033240917705378
2026-03-29 04:10:00+00:00,0.0,0.0,0.0,0.0,-45.30443810654572,2.3033240917705378
2026-03-29 04:15:00+00:00,0.0,0.0,0.0,0.0,-45.30443810654572,2.3033240917705378
2026-03-29 04:20:00+00:00,0.0,0.0,0.0,0.0,-45.30443810654572,2.3033240917705378
2026-03-29 04:25:00+00:00,0.0,0.0,0.0,0.0,-45.30443810654572,2.3033240917705378
2026-03-29 04:30:00+00:00,0.0,0.0,0.0,0.0,-45.30443810654572,2.3033240917705378
2026-03-29 04:35:00+00:00,0.0,0.0,0.0,0.0,-45.30443810654572,2.3033240917705378
2026-03-29 04:40:00+00:00,0.0,0.0,0.0,0.0,-45.30443810654572,2.3033240917705378
2026-03-29 04:45:00+00:00,0.0,0.0,0.0,0.0,-45.30443810654572,2.3033240917705378
2026-03-29 04:50:00+00:00,0.0,0.0,0.0,0.0,-45.30443810654572,2.3033240917705378
2026-03-29 04:55:00+00:00,0.0,0.0,0.0,0.0,-45.30443810654572,2.3033240917705378
2026-03-29 05:00:00+00:00,0.0,0.0,0.0,0.0,-45.30443810654572,2.3033240917705378
2026-03-29 05:05:00+00:00,0.0,0.0,0.0,0.0,-45.30443810654572,2.3033240917705378
2026-03-29 05:10:00+00:00,0.0,0.0,0.0,0.0,-45.30443810654572,2.3033240917705378
2026-03-29 05:15:00+00:00,0.0,0.0,0.0,0.0,-45.30443810654572,2.3033240917705378
2026-03-29 05:20:00+00:00,0.0,0.0,0.0,0.0,-45.30443810654572,2.3033240917705378
2026-03-29 05:25:00+00:00,0.0,0.0,0.0,0.0,-45.30443810654572,2.3033240917705378
2026-03-29 05:30:00+00:00,0.0,0.0,0.0,0.0,-45.30443810654572,2.3033240917705378
2026-03-29 05:35:00+00:00,0.0,0.0,0.0,0.0,-45.30443810654572,2.3033240917705378
2026-03-29 05:40:00+00:00,0.0,0.0,0.0,0.0,-45.30443810654572,2.3033240917705378
2026-03-29 05:45:00+00:00,0.0,0.0,0.0,0.0,-45.30443810654572,2.3033240917705378
2026-03-29 05:50:00+00:00,0.0,0.0,0.0,0.0,-45.30443810654572,2.3033240917705378
2026-03-29 05:55:00+00:00,0.0,0.0,0.0,0.0,-45.30443810654572,2.3033240917705378
2026-03-29 06:00:00+00:00,0.0,0.0,0.0,0.0,-45.30443810654572,2.3033240917705378
2026-03-29 06:05:00+00:00,0.0,0.0,0.0,0.0,-45.30443810654572,2.3033240917705378
2026-03-29 06:10:00+00:00,0.0,0.0,0.0,0.0,-45.30443810654572,2.3033240917705378
2026-03-29 06:15:00+00:00,0.0,0.0,0.0,0.0,-45.30443810654572,2.3033240917705378
2026-03-29 06:20:00+00:00,0.0,0.0,0.0,0.0,-45.30443810654572,2.3033240917705378
2026-03-29 06:25:00+00:00,0.0,0.0,0.0,0.0,-45.30443810654572,2.3033240917705378
2026-03-29 06:30:00+00:00,0.0,0.0,0.0,0.0,-45.30443810654572,2.3033240917705378
2026-03-29 06:35:00+00:00,0.0,0.0,0.0,0.0,-45.30443810654572,2.3033240917705378
2026-03-29 06:40:00+00:00,0.0,0.0,0.0,0.0,-45.30443810654572,2.3033240917705378
2026-03-29 06:45:00+00:00,0.0,0.0,0.0,0.0,-45.30443810654572,2.3033240917705378
2026-03-29 06:50:00+00:00,0.0,0.0,0.0,0.0,-45.30443810654572,2.3033240917705378
2026-03-29 06:55:00+00:00,0.0,0.0,0.0,0.0,-45.30443810654572,2.3033240917705378
2026-03-29 07:00:00+00:00,0.0,0.0,0.0,0.0,-45.30443810654572,2.3033240917705378
2026-03-29 07:05:00+00:00,0.0,0.0,0.0,0.0,-45.30443810654572,2.3033240917705378
2026-03-29 07:10:00+00:00,0.0,0.0,0.0,0.0,-45.30443810654572,2.3033240917705378
2026-03-29 07:15:00+00:00,0.0,0.0,0.0,0.0,-45.30443810654572,2.3033240917705378
2026-03-29 07:20:00+00:00,0.0,0.0,0.0,0.0,-45.30443810654572,2.3033240917705378
2026-03-29 07:25:00+00:00,0.0,0.0,0.0,0.0,-45.30443810654572,2.3033240917705378
2026-03-29 07:30:00+00:00,0.0,0.0,0.0,0.0,-45.30443810654572,2.3033240917705378
2026-03-29 07:35:00+00:00,0.0,0.0,0.0,0.0,-45.30443810654572,2.3033240917705378
2026-03-29 07:40:00+00:00,0.0,0.0,0.0,0.0,-45.30443810654572,2.3033240917705378
2026-03-29 07:45:00+00:00,0.0,0.0,0.0,0.0,-45.30443810654572,2.3033240917705378
2026-03-29 07:50:00+00:00,0.0,0.0,0.0,0.0,-45.30443810654572,2.3033240917705378
2026-03-29 07:55:00+00:00,0.0,0.0,0.0,0.0,-45.30443810654572,2.3033240917705378
2026-03-29 08:00:00+00:00,0.0,0.0,0.0,0.0,-45.30443810654572,2.3033240917705378
2026-03-29 08:05:00+00:00,0.0,0.0,0.0,0.0,-45.30443810654572,2.3033240917705378
2026-03-29 08:10:00+00:00,0.0,0.0,0.0,0.0,-45.30443810654572,2.3033240917705378
2026-03-29 08:15:00+00:00,0.0,0.0,0.0,0.0,-45.30443810654572,2.3033240917705378
2026-03-29 08:20:00+00:00,0.0,0.0,0.0,0.0,-45.30443810654572,2.3033240917705378
2026-03-29 08:25:00+00:00,0.0,0.0,0.0,0.0,-45.30443810654572,2.3033240917705378
2026-03-29 08:30:00+00:00,0.0,0.0,0.0,0.0,-45.30443810654572,2.3033240917705378
2026-03-29 08:35:00+00:00,0.0,0.0,0.0,0.0,-45.30443810654572,2.3033240917705378
2026-03-29 08:40:00+00:00,0.0,0.0,0.0,0.0,-45.30443810654572,2.3033240917705378
2026-03-29 08:45:00+00:00,0.0,0.0,0.0,0.0,-45.30443810654572,2.3033240917705378
2026-03-29 08:50:00+00:00,0.0,0.0,0.0,0.0,-45.30443810654572,2.3033240917705378
2026-03-29 08:55:00+00:00,0.0,0.0,0.0,0.0,-45.30443810654572,2.3033240917705378
2026-03-29 09:00:00+00:00,0.0,0.0,0.0,0.0,-45.30443810654572,2.3033240917705378
2026-03-29 09:05:00+00:00,0.0,0.0,0.0,0.0,-45.30443810654572,2.3033240917705378
2026-03-29 09:10:00+00:00,0.0,0.0,0.0,0.0,-45.30443810654572,2.3033240917705378
2026-03-29 09:15:00+00:00,0.0,0.0,0.0,0.0,-45.30443810654572,2.3033240917705378
2026-03-29 09:20:00+00:00,0.0,0.0,0.0,0.0,-45.30443810654572,2.3033240917705378
2026-03-29 09:25:00+00:00,0.0,0.0,0.0,0.0,-45.30443810654572,2.3033240917705378
2026-03-29 09:30:00+00:00,0.0,0.0,0.0,0.0,-45.30443810654572,2.3033240917705378
2026-03-29 09:35:00+00:00,0.0,0.0,0.0,0.0,-45.30443810654572,2.3033240917705378
2026-03-29 09:40:00+00:00,0.0,0.0,0.0,0.0,-45.30443810654572,2.3033240917705378
2026-03-29 09:45:00+00:00,0.0,0.0,0.0,0.0,-45.30443810654572,2.3033240917705378
2026-03-29 09:50:00+00:00,0.0,0.0,0.0,0.0,-45.30443810654572,2.3033240917705378
2026-03-29 09:55:00+00:00,0.0,0.0,0.0,0.0,-45.30443810654572,2.3033240917705378
2026-03-29 10:00:00+00:00,0.0,0.0,0.0,0.0,-45.30443810654572,2.3033240917705378
2026-03-29 10:05:00+00:00,0.0,0.0,0.0,0.0,-45.30443810654572,2.3033240917705378
2026-03-29 10:10:00+00:00,0.0,0.0,0.0,0.0,-45.30443810654572,2.3033240917705378
2026-03-29 10:15:00+00:00,0.0,0.0,0.0,0.0,-45.30443810654572,2.3033240917705378
2026-03-29 10:20:00+00:00,0.0,0.0,0.0,0.0,-45.30443810654572,2.3033240917705378
2026-03-29 10:25:00+00:00,0.0,0.0,0.0,0.0,-45.30443810654572,2.3033240917705378
2026-03-29 10:30:00+00:00,0.0,0.0,0.0,0.0,-45.30443810654572,2.3033240917705378
2026-03-29 10:35:00+00:00,0.0,0.0,0.0,0.0,-45.30443810654572,2.3033240917705378
2026-03-29 10:40:00+00:00,0.0,0.0,0.0,0.0,-45.30443810654572,2.3033240917705378
2026-03-29 10:45:00+00:00,0.0,0.0,0.0,0.0,-45.30443810654572,2.3033240917705378
2026-03-29 10:50:00+00:00,0.0,0.0,0.0,0.0,-45.30443810654572,2.3033240917705378
2026-03-29 10:55:00+00:00,0.0,0.0,0.0,0.0,-45.30443810654572,2.3033240917705378
2026-03-29 11:00:00+00:00,0.0,0.0,0.0,0.0,-45.30443810654572,2.3033240917705378
2026-03-29 11:05:00+00:00,0.0,0.0,0.0,0.0,-45.30443810654572,2.3033240917705378
2026-03-29 11:10:00+00:00,0.0,0.0,0.0,0.0,-45.30443810654572,2.3033240917705378
2026-03-29 11:15:00+00:00,0.0,0.0,0.0,0.0,-45.30443810654572,2.3033240917705378
2026-03-29 11:20:00+00:00,0.0,0.0,0.0,0.0,-45.30443810654572,2.3033240917705378
2026-03-29 11:25:00+00:00,0.0,0.0,0.0,0.0,-45.30443810654572,2.3033240917705378
2026-03-29 11:30:00+00:00,0.0,0.0,0.0,0.0,-45.30443810654572,2.3033240917705378
2026-03-29 11:35:00+00:00,0.0,0.0,0.0,0.0,-45.30443810654572,2.3033240917705378
2026-03-29 11:40:00+00:00,0.0,0.0,0.0,0.0,-45.30443810654572,2.3033240917705378
2026-03-29 11:45:00+00:00,0.0,0.0,0.0,0.0,-45.30443810654572,2.3033240917705378
2026-03-29 11:50:00+00:00,0.0,0.0,0.0,0.0,-45.30443810654572,2.3033240917705378
2026-03-29 11:55:00+00:00,0.0,0.0,0.0,0.0,-45.30443810654572,2.3033240917705378
2026-03-29 12:00:00+00:00,0.0,0.0,0.0,0.0,-45.30443810654572,2.3033240917705378
2026-03-29 12:05:00+00:00,0.0,0.0,0.0,0.0,-45.30443810654572,2.3033240917705378
2026-03-29 12:10:00+00:00,0.0,0.0,0.0,0.0,-45.30443810654572,2.3033240917705378
2026-03-29 12:15:00+00:00,0.0,0.0,0.0,0.0,-45.30443810654572,2.3033240917705378
2026-03-29 12:20:00+00:00,0.0,0.0,0.0,0.0,-45.30443810654572,2.3033240917705378
2026-03-29 12:25:00+00:00,0.0,0.0,0.0,0.0,-45.30443810654572,2.3033240917705378
2026-03-29 12:30:00+00:00,0.0,0.0,0.0,0.0,-45.30443810654572,2.3033240917705378
2026-03-29 12:35:00+00:00,0.0,0.0,0.0,0.0,-45.30443810654572,2.3033240917705378
2026-03-29 12:40:00+00:00,0.0,0.0,0.0,0.0,-45.30443810654572,2.3033240917705378
2026-03-29 12:45:00+00:00,0.0,0.0,0.0,0.0,-45.30443810654572,2.3033240917705378
2026-03-29 12:50:00+00:00,0.0,0.0,0.0,0.0,-45.30443810654572,2.3033240917705378
2026-03-29 12:55:00+00:00,0.0,0.0,0.0,0.0,-45.30443810654572,2.3033240917705378
2026-03-29 13:00:00+00:00,0.0,0.0,0.0,0.0,-45.30443810654572,2.3033240917705378
2026-03-29 13:05:00+00:00,0.0,0.0,0.0,0.0,-45.30443810654572,2.3033240917705378
2026-03-29 13:10:00+00:00,0.0,0.0,0.0,0.0,-45.30443810654572,2.3033240917705378
2026-03-29 13:15:00+00:00,0.0,0.0,0.0,0.0,-45.30443810654572,2.3033240917705378
2026-03-29 13:20:00+00:00,0.0,0.0,0.0,0.0,-45.30443810654572,2.3033240917705378
2026-03-29 13:25:00+00:00,0.0,0.0,0.0,0.0,-45.30443810654572,2.3033240917705378
2026-03-29 13:30:00+00:00,0.0,0.0,0.0,0.0,-45.30443810654572,2.3033240917705378
2026-03-29 13:35:00+00:00,0.0,0.0,0.0,0.0,-45.30443810654572,2.3033240917705378
2026-03-29 13:40:00+00:00,0.0,0.0,0.0,0.0,-45.30443810654572,2.3033240917705378
2026-03-29 13:45:00+00:00,0.0,0.0,0.0,0.0,-45.30443810654572,2.3033240917705378
2026-03-29 13:50:00+00:00,0.0,0.0,0.0,0.0,-45.30443810654572,2.3033240917705378
2026-03-29 13:55:00+00:00,0.0,0.0,0.0,0.0,-45.30443810654572,2.3033240917705378
2026-03-29 14:00:00+00:00,0.0,0.0,0.0,0.0,-45.30443810654572,2.3033240917705378
2026-03-29 14:05:00+00:00,0.0,0.0,0.0,0.0,-45.30443810654572,2.3033240917705378
2026-03-29 14:10:00+00:00,0.0,0.0,0.0,0.0,-45.30443810654572,2.3033240917705378
2026-03-29 14:15:00+00:00,0.0,0.0,0.0,0.0,-45.30443810654572,2.3033240917705378
2026-03-29 14:20:00+00:00,0.0,0.0,0.0,0.0,-45.30443810654572,2.3033240917705378
2026-03-29 14:25:00+00:00,0.0,0.0,0.0,0.0,-45.30443810654572,2.3033240917705378
2026-03-29 14:30:00+00:00,0.0,0.0,0.0,0.0,-45.30443810654572,2.3033240917705378
2026-03-29 14:35:00+00:00,0.0,0.0,0.0,0.0,-45.30443810654572,2.3033240917705378
2026-03-29 14:40:00+00:00,0.0,0.0,0.0,0.0,-45.30443810654572,2.3033240917705378
2026-03-29 14:45:00+00:00,0.0,0.0,0.0,0.0,-45.30443810654572,2.3033240917705378
2026-03-29 14:50:00+00:00,0.0,0.0,0.0,0.0,-45.30443810654572,2.3033240917705378
2026-03-29 14:55:00+00:00,0.0,0.0,0.0,0.0,-45.30443810654572,2.3033240917705378
2026-03-29 15:00:00+00:00,0.0,0.0,0.0,0.0,-45.30443810654572,2.3033240917705378
2026-03-29 15:05:00+00:00,0.0,0.0,0.0,0.0,-45.30443810654572,2.3033240917705378
2026-03-29 15:10:00+00:00,0.0,0.0,0.0,0.0,-45.30443810654572,2.3033240917705378
2026-03-29 15:15:00+00:00,0.0,0.0,0.0,0.0,-45.30443810654572,2.3033240917705378
2026-03-29 15:20:00+00:00,0.0,0.0,0.0,0.0,-45.30443810654572,2.3033240917705378
2026-03-29 15:25:00+00:00,0.0,0.0,0.0,0.0,-45.30443810654572,2.3033240917705378
2026-03-29 15:30:00+00:00,0.0,0.0,0.0,0.0,-45.30443810654572,2.3033240917705378
2026-03-29 15:35:00+00:00,0.0,0.0,0.0,0.0,-45.30443810654572,2.3033240917705378
2026-03-29 15:40:00+00:00,0.0,0.0,0.0,0.0,-45.30443810654572,2.3033240917705378
2026-03-29 15:45:00+00:00,0.0,0.0,0.0,0.0,-45.30443810654572,2.3033240917705378
2026-03-29 15:50:00+00:00,0.0,0.0,0.0,0.0,-45.30443810654572,2.3033240917705378
2026-03-29 15:55:00+00:00,0.0,0.0,0.0,0.0,-45.30443810654572,2.3033240917705378
2026-03-29 16:00:00+00:00,0.0,0.0,0.0,0.0,-45.30443810654572,2.3033240917705378
2026-03-29 16:05:00+00:00,0.0,0.0,0.0,0.0,-45.30443810654572,2.3033240917705378
2026-03-29 16:10:00+00:00,0.0,0.0,0.0,0.0,-45.30443810654572,2.3033240917705378
2026-03-29 16:15:00+00:00,0.0,0.0,0.0,0.0,-45.30443810654572,2.3033240917705378
2026-03-29 16:20:00+00:00,0.0,0.0,0.0,0.0,-45.30443810654572,2.3033240917705378
2026-03-29 16:25:00+00:00,0.0,0.0,0.0,0.0,-45.30443810654572,2.3033240917705378
2026-03-29 16:30:00+00:00,0.0,0.0,0.0,0.0,-45.30443810654572,2.3033240917705378
2026-03-29 16:35:00+00:00,0.0,0.0,0.0,0.0,-45.30443810654572,2.3033240917705378
2026-03-29 16:40:00+00:00,0.0,0.0,0.0,0.0,-45.30443810654572,2.3033240917705378
2026-03-29 16:45:00+00:00,0.0,0.0,0.0,0.0,-45.30443810654572,2.3033240917705378
2026-03-29 16:50:00+00:00,0.0,0.0,0.0,0.0,-45.30443810654572,2.3033240917705378
2026-03-29 16:55:00+00:00,0.0,0.0,0.0,0.0,-45.30443810654572,2.3033240917705378
2026-03-29 17:00:00+00:00,0.0,0.0,0.0,0.0,-45.30443810654572,2.3033240917705378
2026-03-29 17:05:00+00:00,0.0,0.0,0.0,0.0,-45.30443810654572,2.3033240917705378
2026-03-29 17:10:00+00:00,0.0,0.0,0.0,0.0,-45.30443810654572,2.3033240917705378
2026-03-29 17:15:00+00:00,0.0,0.0,0.0,0.0,-45.30443810654572,2.3033240917705378
2026-03-29 17:20:00+00:00,0.0,0.0,0.0,0.0,-45.30443810654572,2.3033240917705378
2026-03-29 17:25:00+00:00,0.0,0.0,0.0,0.0,-45.30443810654572,2.3033240917705378
2026-03-29 17:30:00+00:00,0.0,0.0,0.0,0.0,-45.30443810654572,2.3033240917705378
2026-03-29 17:35:00+00:00,0.0,0.0,0.0,0.0,-45.30443810654572,2.3033240917705378
2026-03-29 17:40:00+00:00,0.0,0.0,0.0,0.0,-45.30443810654572,2.3033240917705378
2026-03-29 17:45:00+00:00,0.0,0.0,0.0,0.0,-45.30443810654572,2.3033240917705378
2026-03-29 17:50:00+00:00,0.0,0.0,0.0,0.0,-45.30443810654572,2.3033240917705378
2026-03-29 17:55:00+00:00,0.0,0.0,0.0,0.0,-45.30443810654572,2.3033240917705378
2026-03-29 18:00:00+00:00,0.0,0.0,0.0,0.0,-45.30443810654572,2.3033240917705378
2026-03-29 18:05:00+00:00,0.0,0.0,0.0,0.0,-45.30443810654572,2.3033240917705378
2026-03-29 18:10:00+00:00,0.0,0.0,0.0,0.0,-45.30443810654572,2.3033240917705378
2026-03-29 18:15:00+00:00,0.0,0.0,0.0,0.0,-45.30443810654572,2.3033240917705378
2026-03-29 18:20:00+00:00,0.0,0.0,0.0,0.0,-45.30443810654572,2.3033240917705378
2026-03-29 18:25:00+00:00,0.0,0.0,0.0,0.0,-45.30443810654572,2.3033240917705378
2026-03-29 18:30:00+00:00,0.0,0.0,0.0,0.0,-45.30443810654572,2.3033240917705378
2026-03-29 18:35:00+00:00,0.0,0.0,0.0,0.0,-45.30443810654572,2.3033240917705378
2026-03-29 18:40:00+00:00,0.0,0.0,0.0,0.0,-45.30443810654572,2.3033240917705378
2026-03-29 18:45:00+00:00,0.0,0.0,0.0,0.0,-45.30443810654572,2.3033240917705378
2026-03-29 18:50:00+00:00,0.0,0.0,0.0,0.0,-45.30443810654572,2.3033240917705378
2026-03-29 18:55:00+00:00,0.0,0.0,0.0,0.0,-45.30443810654572,2.3033240917705378
2026-03-29 19:00:00+00:00,0.0,0.0,0.0,0.0,-45.30443810654572,2.3033240917705378
2026-03-29 19:05:00+00:00,0.0,0.0,0.0,0.0,-45.30443810654572,2.3033240917705378
2026-03-29 19:10:00+00:00,0.0,0.0,0.0,0.0,-45.30443810654572,2.3033240917705378
2026-03-29 19:15:00+00:00,0.0,0.0,0.0,0.0,-45.30443810654572,2.3033240917705378
2026-03-29 19:20:00+00:00,0.0,0.0,0.0,0.0,-45.30443810654572,2.3033240917705378
2026-03-29 19:25:00+00:00,0.0,0.0,0.0,0.0,-45.30443810654572,2.3033240917705378
2026-03-29 19:30:00+00:00,0.0,0.0,0.0,0.0,-45.30443810654572,2.3033240917705378
2026-03-29 19:35:00+00:00,0.0,0.0,0.0,0.0,-45.30443810654572,2.3033240917705378
2026-03-29 19:40:00+00:00,0.0,0.0,0.0,0.0,-45.30443810654572,2.3033240917705378
2026-03-29 19:45:00+00:00,0.0,0.0,0.0,0.0,-45.30443810654572,2.3033240917705378
2026-03-29 19:50:00+00:00,0.0,0.0,0.0,0.0,-45.30443810654572,2.3033240917705378
2026-03-29 19:55:00+00:00,0.0,0.0,0.0,0.0,-45.30443810654572,2.3033240917705378
2026-03-29 20:00:00+00:00,0.0,0.0,0.0,0.0,-45.30443810654572,2.3033240917705378
2026-03-29 20:05:00+00:00,0.0,0.0,0.0,0.0,-45.30443810654572,2.3033240917705378
2026-03-29 20:10:00+00:00,0.0,0.0,0.0,0.0,-45.30443810654572,2.3033240917705378
2026-03-29 20:15:00+00:00,0.0,0.0,0.0,0.0,-45.30443810654572,2.3033240917705378
2026-03-29 20:20:00+00:00,0.0,0.0,0.0,0.0,-45.30443810654572,2.3033240917705378
2026-03-29 20:25:00+00:00,0.0,0.0,0.0,0.0,-45.30443810654572,2.3033240917705378
2026-03-29 20:30:00+00:00,0.0,0.0,0.0,0.0,-45.30443810654572,2.3033240917705378
2026-03-29 20:35:00+00:00,0.0,0.0,0.0,0.0,-45.30443810654572,2.3033240917705378
2026-03-29 20:40:00+00:00,0.0,0.0,0.0,0.0,-45.30443810654572,2.3033240917705378
2026-03-29 20:45:00+00:00,0.0,0.0,0.0,0.0,-45.30443810654572,2.3033240917705378
2026-03-29 20:50:00+00:00,0.0,0.0,0.0,0.0,-45.30443810654572,2.3033240917705378
2026-03-29 20:55:00+00:00,0.0,0.0,0.0,0.0,-45.30443810654572,2.3033240917705378
2026-03-29 21:00:00+00:00,0.0,0.0,0.0,0.0,-45.30443810654572,2.3033240917705378
2026-03-29 21:05:00+00:00,0.0,0.0,0.0,0.0,-45.30443810654572,2.3033240917705378
2026-03-29 21:10:00+00:00,0.0,0.0,0.0,0.0,-45.30443810654572,2.3033240917705378
2026-03-29 21:15:00+00:00,0.0,0.0,0.0,0.0,-45.30443810654572,2.3033240917705378
2026-03-29 21:20:00+00:00,0.0,0.0,0.0,0.0,-45.30443810654572,2.3033240917705378
2026-03-29 21:25:00+00:00,0.0,0.0,0.0,0.0,-45.30443810654572,2.3033240917705378
2026-03-29 21:30:00+00:00,0.0,0.0,0.0,0.0,-45.30443810654572,2.3033240917705378
2026-03-29 21:35:00+00:00,0.0,0.0,0.0,0.0,-45.30443810654572,2.3033240917705378
2026-03-29 21:40:00+00:00,0.0,0.0,0.0,0.0,-45.30443810654572,2.3033240917705378
2026-03-29 21:45:00+00:00,0.0,0.0,0.0,0.0,-45.30443810654572,2.3033240917705378
2026-03-29 21:50:00+00:00,0.0,0.0,0.0,0.0,-45.30443810654572,2.3033240917705378
2026-03-29 21:55:00+00:00,0.0,0.0,0.0,0.0,-45.30443810654572,2.3033240917705378
2026-03-29 22:00:00+00:00,0.0,0.0,0.0,0.0,-45.30443810654572,2.3033240917705378
2026-03-29 22:05:00+00:00,0.0,0.0,0.0,0.0,-45.30443810654572,2.3033240917705378
2026-03-29 22:10:00+00:00,0.0,0.0,0.0,0.0,-45.30443810654572,2.3033240917705378
2026-03-29 22:15:00+00:00,0.0,0.0,0.0,0.0,-45.30443810654572,2.3033240917705378
2026-03-29 22:20:00+00:00,0.0,0.0,0.0,0.0,-45.30443810654572,2.3033240917705378
2026-03-29 22:25:00+00:00,0.0,0.0,0.0,0.0,-45.30443810654572,2.3033240917705378
2026-03-29 22:30:00+00:00,0.0,0.0,0.0,0.0,-45.30443810654572,2.3033240917705378
2026-03-29 22:35:00+00:00,0.0,0.0,0.0,0.0,-45.30443810654572,2.3033240917705378
2026-03-29 22:40:00+00:00,0.0,0.0,0.0,0.0,-45.30443810654572,2.3033240917705378
2026-03-29 22:45:00+00:00,0.0,0.0,0.0,0.0,-45.30443810654572,2.3033240917705378
2026-03-29 22:50:00+00:00,0.0,0.0,0.0,0.0,-45.30443810654572,2.3033240917705378
2026-03-29 22:55:00+00:00,0.0,0.0,0.0,0.0,-45.30443810654572,2.3033240917705378
2026-03-29 23:00:00+00:00,0.0,0.0,0.0,0.0,-45.30443810654572,2.3033240917705378
2026-03-29 23:05:00+00:00,0.0,0.0,0.0,0.0,-45.30443810654572,2.3033240917705378
2026-03-29 23:10:00+00:00,0.0,0.0,0.0,0.0,-45.30443810654572,2.3033240917705378
2026-03-29 23:15:00+00:00,0.0,0.0,0.0,0.0,-45.30443810654572,2.3033240917705378
2026-03-29 23:20:00+00:00,0.0,0.0,0.0,0.0,-45.30443810654572,2.3033240917705378
2026-03-29 23:25:00+00:00,0.0,0.0,0.0,0.0,-45.30443810654572,2.3033240917705378
2026-03-29 23:30:00+00:00,0.0,0.0,0.0,0.0,-45.30443810654572,2.3033240917705378
2026-03-29 23:35:00+00:00,0.0,0.0,0.0,0.0,-45.30443810654572,2.3033240917705378
2026-03-29 23:40:00+00:00,0.0,0.0,0.0,0.0,-45.30443810654572,2.3033240917705378
2026-03-29 23:45:00+00:00,0.0,0.0,0.0,0.0,-45.30443810654572,2.3033240917705378
2026-03-29 23:50:00+00:00,0.0,0.0,0.0,0.0,-45.30443810654572,2.3033240917705378
2026-03-29 23:55:00+00:00,0.0,0.0,0.0,0.0,-45.30443810654572,2.3033240917705378
2026-03-30 00:00:00+00:00,0.0,0.0,0.0,0.0,-45.30443810654572,2.3033240917705378
2026-03-30 00:05:00+00:00,0.0,0.0,0.0,0.0,-45.30443810654572,2.3033240917705378
2026-03-30 00:10:00+00:00,0.0,0.0,0.0,0.0,-45.30443810654572,2.3033240917705378
2026-03-30 00:15:00+00:00,0.0,0.0,0.0,0.0,-45.30443810654572,2.3033240917705378
2026-03-30 00:20:00+00:00,0.0,0.0,0.0,0.0,-45.30443810654572,2.3033240917705378
2026-03-30 00:25:00+00:00,0.0,0.0,0.0,0.0,-45.30443810654572,2.3033240917705378
2026-03-30 00:30:00+00:00,0.0,0.0,0.0,0.0,-45.30443810654572,2.3033240917705378
2026-03-30 00:35:00+00:00,0.0,0.0,0.0,0.0,-45.30443810654572,2.3033240917705378
2026-03-30 00:40:00+00:00,0.0,0.0,0.0,0.0,-45.30443810654572,2.3033240917705378
2026-03-30 00:45:00+00:00,0.0,0.0,0.0,0.0,-45.30443810654572,2.3033240917705378
2026-03-30 00:50:00+00:00,0.0,0.0,0.0,0.0,-45.30443810654572,2.3033240917705378
2026-03-30 00:55:00+00:00,0.0,0.0,0.0,0.0,-45.30443810654572,2.3033240917705378
2026-03-30 01:00:00+00:00,0.0,0.0,0.0,0.0,-45.30443810654572,2.3033240917705378
2026-03-30 01:05:00+00:00,0.0,0.0,0.0,0.0,-45.30443810654572,2.3033240917705378
2026-03-30 01:10:00+00:00,0.0,0.0,0.0,0.0,-45.30443810654572,2.3033240917705378
2026-03-30 01:15:00+00:00,0.0,0.0,0.0,0.0,-45.30443810654572,2.3033240917705378
2026-03-30 01:20:00+00:00,0.0,0.0,0.0,0.0,-45.30443810654572,2.3033240917705378
2026-03-30 01:25:00+00:00,0.0,0.0,0.0,0.0,-45.30443810654572,2.3033240917705378
2026-03-30 01:30:00+00:00,0.0,0.0,0.0,0.0,-45.30443810654572,2.3033240917705378
2026-03-30 01:35:00+00:00,0.0,0.0,0.0,0.0,-45.30443810654572,2.3033240917705378
2026-03-30 01:40:00+00:00,0.0,0.0,0.0,0.0,-45.30443810654572,2.3033240917705378
2026-03-30 01:45:00+00:00,0.0,0.0,0.0,0.0,-45.30443810654572,2.3033240917705378
2026-03-30 01:50:00+00:00,0.0,0.0,0.0,0.0,-45.30443810654572,2.3033240917705378
2026-03-30 01:55:00+00:00,0.0,0.0,0.0,0.0,-45.30443810654572,2.3033240917705378
2026-03-30 02:00:00+00:00,0.0,0.0,0.0,0.0,-45.30443810654572,2.3033240917705378
2026-03-30 02:05:00+00:00,0.0,0.0,0.0,0.0,-45.30443810654572,2.3033240917705378
2026-03-30 02:10:00+00:00,0.0,0.0,0.0,0.0,-45.30443810654572,2.3033240917705378
2026-03-30 02:15:00+00:00,0.0,0.0,0.0,0.0,-45.30443810654572,2.3033240917705378
2026-03-30 02:20:00+00:00,0.0,0.0,0.0,0.0,-45.30443810654572,2.3033240917705378
2026-03-30 02:25:00+00:00,0.0,0.0,0.0,0.0,-45.30443810654572,2.3033240917705378
2026-03-30 02:30:00+00:00,0.0,0.0,0.0,0.0,-45.30443810654572,2.3033240917705378
2026-03-30 02:35:00+00:00,0.0,0.0,0.0,0.0,-45.30443810654572,2.3033240917705378
2026-03-30 02:40:00+00:00,0.0,0.0,0.0,0.0,-45.30443810654572,2.3033240917705378
2026-03-30 02:45:00+00:00,0.0,0.0,0.0,0.0,-45.30443810654572,2.3033240917705378
2026-03-30 02:50:00+00:00,0.0,0.0,0.0,0.0,-45.30443810654572,2.3033240917705378
2026-03-30 02:55:00+00:00,0.0,0.0,0.0,0.0,-45.30443810654572,2.3033240917705378
2026-03-30 03:00:00+00:00,0.0,0.0,0.0,0.0,-45.30443810654572,2.3033240917705378
2026-03-30 03:05:00+00:00,0.0,0.0,0.0,0.0,-45.30443810654572,2.3033240917705378
2026-03-30 03:10:00+00:00,0.0,0.0,0.0,0.0,-45.30443810654572,2.3033240917705378
2026-03-30 03:15:00+00:00,0.0,0.0,0.0,0.0,-45.30443810654572,2.3033240917705378
2026-03-30 03:20:00+00:00,0.0,0.0,0.0,0.0,-45.30443810654572,2.3033240917705378
2026-03-30 03:25:00+00:00,0.0,0.0,0.0,0.0,-45.30443810654572,2.3033240917705378
2026-03-30 03:30:00+00:00,0.0,0.0,0.0,0.0,-45.30443810654572,2.3033240917705378
2026-03-30 03:35:00+00:00,0.0,0.0,0.0,0.0,-45.30443810654572,2.3033240917705378
2026-03-30 03:40:00+00:00,0.0,0.0,0.0,0.0,-45.30443810654572,2.3033240917705378
2026-03-30 03:45:00+00:00,0.0,0.0,0.0,0.0,-45.30443810654572,2.3033240917705378
2026-03-30 03:50:00+00:00,0.0,0.0,0.0,0.0,-45.30443810654572,2.3033240917705378
2026-03-30 03:55:00+00:00,0.0,0.0,0.0,0.0,-45.30443810654572,2.3033240917705378
2026-03-30 04:00:00+00:00,0.0,0.0,0.0,0.0,-45.30443810654572,2.3033240917705378
2026-03-30 04:05:00+00:00,0.0,0.0,0.0,0.0,-45.30443810654572,2.3033240917705378
2026-03-30 04:10:00+00:00,0.0,0.0,0.0,0.0,-45.30443810654572,2.3033240917705378
2026-03-30 04:15:00+00:00,0.0,0.0,0.0,0.0,-45.30443810654572,2.3033240917705378
2026-03-30 04:20:00+00:00,0.0,0.0,0.0,0.0,-45.30443810654572,2.3033240917705378
2026-03-30 04:25:00+00:00,0.0,0.0,0.0,0.0,-45.30443810654572,2.3033240917705378
2026-03-30 04:30:00+00:00,0.0,0.0,0.0,0.0,-45.30443810654572,2.3033240917705378
2026-03-30 04:35:00+00:00,0.0,0.0,0.0,0.0,-45.30443810654572,2.3033240917705378
2026-03-30 04:40:00+00:00,0.0,0.0,0.0,0.0,-45.30443810654572,2.3033240917705378
2026-03-30 04:45:00+00:00,0.0,0.0,0.0,0.0,-45.30443810654572,2.3033240917705378
2026-03-30 04:50:00+00:00,0.0,0.0,0.0,0.0,-45.30443810654572,2.3033240917705378
2026-03-30 04:55:00+00:00,0.0,0.0,0.0,0.0,-45.30443810654572,2.3033240917705378
2026-03-30 05:00:00+00:00,0.0,0.0,0.0,0.0,-45.30443810654572,2.3033240917705378
2026-03-30 05:05:00+00:00,0.0,0.0,0.0,0.0,-45.30443810654572,2.3033240917705378
2026-03-30 05:10:00+00:00,0.0,0.0,0.0,0.0,-45.30443810654572,2.3033240917705378
2026-03-30 05:15:00+00:00,0.0,0.0,0.0,0.0,-45.30443810654572,2.3033240917705378
2026-03-30 05:20:00+00:00,0.0,0.0,0.0,0.0,-45.30443810654572,2.3033240917705378
2026-03-30 05:25:00+00:00,0.0,0.0,0.0,0.0,-45.30443810654572,2.3033240917705378
2026-03-30 05:30:00+00:00,0.0,0.0,0.0,0.0,-45.30443810654572,2.3033240917705378
2026-03-30 05:35:00+00:00,0.0,0.0,0.0,0.0,-45.30443810654572,2.3033240917705378
2026-03-30 05:40:00+00:00,0.0,0.0,0.0,0.0,-45.30443810654572,2.3033240917705378
2026-03-30 05:45:00+00:00,0.0,0.0,0.0,0.0,-45.30443810654572,2.3033240917705378
2026-03-30 05:50:00+00:00,0.0,0.0,0.0,0.0,-45.30443810654572,2.3033240917705378
2026-03-30 05:55:00+00:00,0.0,0.0,0.0,0.0,-45.30443810654572,2.3033240917705378
2026-03-30 06:00:00+00:00,0.0,0.0,0.0,0.0,-45.30443810654572,2.3033240917705378
2026-03-30 06:05:00+00:00,0.0,0.0,0.0,0.0,-45.30443810654572,2.3033240917705378
2026-03-30 06:10:00+00:00,0.0,0.0,0.0,0.0,-45.30443810654572,2.3033240917705378
2026-03-30 06:15:00+00:00,0.0,0.0,0.0,0.0,-45.30443810654572,2.3033240917705378
2026-03-30 06:20:00+00:00,0.0,0.0,0.0,0.0,-45.30443810654572,2.3033240917705378
2026-03-30 06:25:00+00:00,0.0,0.0,0.0,0.0,-45.30443810654572,2.3033240917705378
2026-03-30 06:30:00+00:00,0.0,0.0,0.0,0.0,-45.30443810654572,2.3033240917705378
2026-03-30 06:35:00+00:00,0.0,0.0,0.0,0.0,-45.30443810654572,2.3033240917705378
2026-03-30 06:40:00+00:00,0.0,0.0,0.0,0.0,-45.30443810654572,2.3033240917705378
2026-03-30 06:45:00+00:00,0.0,0.0,0.0,0.0,-45.30443810654572,2.3033240917705378
2026-03-30 06:50:00+00:00,0.0,0.0,0.0,0.0,-45.30443810654572,2.3033240917705378
2026-03-30 06:55:00+00:00,0.0,0.0,0.0,0.0,-45.30443810654572,2.3033240917705378
2026-03-30 07:00:00+00:00,0.0,0.0,0.0,0.0,-45.30443810654572,2.3033240917705378
2026-03-30 07:05:00+00:00,0.0,0.0,0.0,0.0,-45.30443810654572,2.3033240917705378
2026-03-30 07:10:00+00:00,0.0,0.0,0.0,0.0,-45.30443810654572,2.3033240917705378
2026-03-30 07:15:00+00:00,0.0,0.0,0.0,0.0,-45.30443810654572,2.3033240917705378
2026-03-30 07:20:00+00:00,0.0,0.0,0.0,0.0,-45.30443810654572,2.3033240917705378
2026-03-30 07:25:00+00:00,0.0,0.0,0.0,0.0,-45.30443810654572,2.3033240917705378
2026-03-30 07:30:00+00:00,0.0,0.0,0.0,0.0,-45.30443810654572,2.3033240917705378
2026-03-30 07:35:00+00:00,0.0,0.0,0.0,0.0,-45.30443810654572,2.3033240917705378
2026-03-30 07:40:00+00:00,0.0,0.0,0.0,0.0,-45.30443810654572,2.3033240917705378
2026-03-30 07:45:00+00:00,0.0,0.0,0.0,0.0,-45.30443810654572,2.3033240917705378
2026-03-30 07:50:00+00:00,0.0,0.0,0.0,0.0,-45.30443810654572,2.3033240917705378
2026-03-30 07:55:00+00:00,0.0,0.0,0.0,0.0,-45.30443810654572,2.3033240917705378
2026-03-30 08:00:00+00:00,0.0,0.0,0.0,0.0,-45.30443810654572,2.3033240917705378
2026-03-30 08:05:00+00:00,0.0,0.0,0.0,0.0,-45.30443810654572,2.3033240917705378
2026-03-30 08:10:00+00:00,0.0,0.0,0.0,0.0,-45.30443810654572,2.3033240917705378
2026-03-30 08:15:00+00:00,0.0,0.0,0.0,0.0,-45.30443810654572,2.3033240917705378
2026-03-30 08:20:00+00:00,0.0,0.0,0.0,0.0,-45.30443810654572,2.3033240917705378
2026-03-30 08:25:00+00:00,0.0,0.0,0.0,0.0,-45.30443810654572,2.3033240917705378
2026-03-30 08:30:00+00:00,0.0,0.0,0.0,0.0,-45.30443810654572,2.3033240917705378
2026-03-30 08:35:00+00:00,0.0,0.0,0.0,0.0,-45.30443810654572,2.3033240917705378
2026-03-30 08:40:00+00:00,0.0,0.0,0.0,0.0,-45.30443810654572,2.3033240917705378
2026-03-30 08:45:00+00:00,0.0,0.0,0.0,0.0,-45.30443810654572,2.3033240917705378
2026-03-30 08:50:00+00:00,0.0,0.0,0.0,0.0,-45.30443810654572,2.3033240917705378
2026-03-30 08:55:00+00:00,0.0,0.0,0.0,0.0,-45.30443810654572,2.3033240917705378
2026-03-30 09:00:00+00:00,0.0,0.0,0.0,0.0,-45.30443810654572,2.3033240917705378
2026-03-30 09:05:00+00:00,0.0,0.0,0.0,0.0,-45.30443810654572,2.3033240917705378
2026-03-30 09:10:00+00:00,0.0,0.0,0.0,0.0,-45.30443810654572,2.3033240917705378
2026-03-30 09:15:00+00:00,0.0,0.0,0.0,0.0,-45.30443810654572,2.3033240917705378
2026-03-30 09:20:00+00:00,0.0,0.0,0.0,0.0,-45.30443810654572,2.3033240917705378
2026-03-30 09:25:00+00:00,0.0,0.0,0.0,0.0,-45.30443810654572,2.3033240917705378
2026-03-30 09:30:00+00:00,0.0,0.0,0.0,0.0,-45.30443810654572,2.3033240917705378
2026-03-30 09:35:00+00:00,0.0,0.0,0.0,0.0,-45.30443810654572,2.3033240917705378
2026-03-30 09:40:00+00:00,0.0,0.0,0.0,0.0,-45.30443810654572,2.3033240917705378
2026-03-30 09:45:00+00:00,0.0,0.0,0.0,0.0,-45.30443810654572,2.3033240917705378
2026-03-30 09:50:00+00:00,0.0,0.0,0.0,0.0,-45.30443810654572,2.3033240917705378
2026-03-30 09:55:00+00:00,0.0,0.0,0.0,0.0,-45.30443810654572,2.3033240917705378
2026-03-30 10:00:00+00:00,0.0,0.0,0.0,0.0,-45.30443810654572,2.3033240917705378
2026-03-30 10:05:00+00:00,0.0,0.0,0.0,0.0,-45.30443810654572,2.3033240917705378
2026-03-30 10:10:00+00:00,0.0,0.0,0.0,0.0,-45.30443810654572,2.3033240917705378
2026-03-30 10:15:00+00:00,0.0,0.0,0.0,0.0,-45.30443810654572,2.3033240917705378
2026-03-30 10:20:00+00:00,0.0,0.0,0.0,0.0,-45.30443810654572,2.3033240917705378
2026-03-30 10:25:00+00:00,0.0,0.0,0.0,0.0,-45.30443810654572,2.3033240917705378
2026-03-30 10:30:00+00:00,0.0,0.0,0.0,0.0,-45.30443810654572,2.3033240917705378
2026-03-30 10:35:00+00:00,0.0,0.0,0.0,0.0,-45.30443810654572,2.3033240917705378
2026-03-30 10:40:00+00:00,0.0,0.0,0.0,0.0,-45.30443810654572,2.3033240917705378
2026-03-30 10:45:00+00:00,0.0,0.0,0.0,0.0,-45.30443810654572,2.3033240917705378
2026-03-30 10:50:00+00:00,0.0,0.0,0.0,0.0,-45.30443810654572,2.3033240917705378
2026-03-30 10:55:00+00:00,0.0,0.0,0.0,0.0,-45.30443810654572,2.3033240917705378
2026-03-30 11:00:00+00:00,0.0,0.0,0.0,0.0,-45.30443810654572,2.3033240917705378
2026-03-30 11:05:00+00:00,0.0,0.0,0.0,0.0,-45.30443810654572,2.3033240917705378
2026-03-30 11:10:00+00:00,0.0,0.0,0.0,0.0,-45.30443810654572,2.3033240917705378
2026-03-30 11:15:00+00:00,0.0,0.0,0.0,0.0,-45.30443810654572,2.3033240917705378
2026-03-30 11:20:00+00:00,0.0,0.0,0.0,0.0,-45.30443810654572,2.3033240917705378
2026-03-30 11:25:00+00:00,0.0,0.0,0.0,0.0,-45.30443810654572,2.3033240917705378
2026-03-30 11:30:00+00:00,0.0,0.0,0.0,0.0,-45.30443810654572,2.3033240917705378
2026-03-30 11:35:00+00:00,0.0,0.0,0.0,0.0,-45.30443810654572,2.3033240917705378
2026-03-30 11:40:00+00:00,0.0,0.0,0.0,0.0,-45.30443810654572,2.3033240917705378
2026-03-30 11:45:00+00:00,0.0,0.0,0.0,0.0,-45.30443810654572,2.3033240917705378
2026-03-30 11:50:00+00:00,0.0,0.0,0.0,0.0,-45.30443810654572,2.3033240917705378
2026-03-30 11:55:00+00:00,0.0,0.0,0.0,0.0,-45.30443810654572,2.3033240917705378
2026-03-30 12:00:00+00:00,0.0,0.0,0.0,0.0,-45.30443810654572,2.3033240917705378
2026-03-30 12:05:00+00:00,0.0,0.0,0.0,0.0,-45.30443810654572,2.3033240917705378
2026-03-30 12:10:00+00:00,0.0,0.0,0.0,0.0,-45.30443810654572,2.3033240917705378
2026-03-30 12:15:00+00:00,0.0,0.0,0.0,0.0,-45.30443810654572,2.3033240917705378
2026-03-30 12:20:00+00:00,0.0,0.0,0.0,0.0,-45.30443810654572,2.3033240917705378
2026-03-30 12:25:00+00:00,0.0,0.0,0.0,0.0,-45.30443810654572,2.3033240917705378
2026-03-30 12:30:00+00:00,0.0,0.0,0.0,0.0,-45.30443810654572,2.3033240917705378
2026-03-30 12:35:00+00:00,0.0,0.0,0.0,0.0,-45.30443810654572,2.3033240917705378
2026-03-30 12:40:00+00:00,0.0,0.0,0.0,0.0,-45.30443810654572,2.3033240917705378
2026-03-30 12:45:00+00:00,0.0,0.0,0.0,0.0,-45.30443810654572,2.3033240917705378
2026-03-30 12:50:00+00:00,0.0,0.0,0.0,0.0,-45.30443810654572,2.3033240917705378
2026-03-30 12:55:00+00:00,0.0,0.0,0.0,0.0,-45.30443810654572,2.3033240917705378
2026-03-30 13:00:00+00:00,0.0,0.0,0.0,0.0,-45.30443810654572,2.3033240917705378
2026-03-30 13:05:00+00:00,0.0,0.0,0.0,0.0,-45.30443810654572,2.3033240917705378
2026-03-30 13:10:00+00:00,0.0,0.0,0.0,0.0,-45.30443810654572,2.3033240917705378
2026-03-30 13:15:00+00:00,0.0,0.0,0.0,0.0,-45.30443810654572,2.3033240917705378
2026-03-30 13:20:00+00:00,0.0,0.0,0.0,0.0,-45.30443810654572,2.3033240917705378
2026-03-30 13:25:00+00:00,0.0,0.0,0.0,0.0,-45.30443810654572,2.3033240917705378
2026-03-30 13:30:00+00:00,0.0,0.0,0.0,0.0,-45.30443810654572,2.3033240917705378
2026-03-30 13:35:00+00:00,0.0,0.0,0.0,0.0,-45.30443810654572,2.3033240917705378
2026-03-30 13:40:00+00:00,0.0,0.0,0.0,0.0,-45.30443810654572,2.3033240917705378
2026-03-30 13:45:00+00:00,0.0,0.0,0.0,0.0,-45.30443810654572,2.3033240917705378
2026-03-30 13:50:00+00:00,0.0,0.0,0.0,0.0,-45.30443810654572,2.3033240917705378
2026-03-30 13:55:00+00:00,0.0,0.0,0.0,0.0,-45.30443810654572,2.3033240917705378
2026-03-30 14:00:00+00:00,0.0,0.0,0.0,0.0,-45.30443810654572,2.3033240917705378
2026-03-30 14:05:00+00:00,0.0,0.0,0.0,0.0,-45.30443810654572,2.3033240917705378
2026-03-30 14:10:00+00:00,0.0,0.0,0.0,0.0,-45.30443810654572,2.3033240917705378
2026-03-30 14:15:00+00:00,0.0,0.0,0.0,0.0,-45.30443810654572,2.3033240917705378
2026-03-30 14:20:00+00:00,0.0,0.0,0.0,0.0,-45.30443810654572,2.3033240917705378
2026-03-30 14:25:00+00:00,0.0,0.0,0.0,0.0,-45.30443810654572,2.3033240917705378
2026-03-30 14:30:00+00:00,0.0,0.0,0.0,0.0,-45.30443810654572,2.3033240917705378
2026-03-30 14:35:00+00:00,0.0,0.0,0.0,0.0,-45.30443810654572,2.3033240917705378
2026-03-30 14:40:00+00:00,0.0,0.0,0.0,0.0,-45.30443810654572,2.3033240917705378
2026-03-30 14:45:00+00:00,0.0,0.0,0.0,0.0,-45.30443810654572,2.3033240917705378
2026-03-30 14:50:00+00:00,0.0,0.0,0.0,0.0,-45.30443810654572,2.3033240917705378
2026-03-30 14:55:00+00:00,0.0,0.0,0.0,0.0,-45.30443810654572,2.3033240917705378
2026-03-30 15:00:00+00:00,0.0,0.0,0.0,0.0,-45.30443810654572,2.3033240917705378
2026-03-30 15:05:00+00:00,0.0,0.0,0.0,0.0,-45.30443810654572,2.3033240917705378
2026-03-30 15:10:00+00:00,0.0,0.0,0.0,0.0,-45.30443810654572,2.3033240917705378
2026-03-30 15:15:00+00:00,0.0,0.0,0.0,0.0,-45.30443810654572,2.3033240917705378
2026-03-30 15:20:00+00:00,0.0,0.0,0.0,0.0,-45.30443810654572,2.3033240917705378
2026-03-30 15:25:00+00:00,0.0,0.0,0.0,0.0,-45.30443810654572,2.3033240917705378
2026-03-30 15:30:00+00:00,0.0,0.0,0.0,0.0,-45.30443810654572,2.3033240917705378
2026-03-30 15:35:00+00:00,0.0,0.0,0.0,0.0,-45.30443810654572,2.3033240917705378
2026-03-30 15:40:00+00:00,0.0,0.0,0.0,0.0,-45.30443810654572,2.3033240917705378
2026-03-30 15:45:00+00:00,0.0,0.0,0.0,0.0,-45.30443810654572,2.3033240917705378
2026-03-30 15:50:00+00:00,0.0,0.0,0.0,0.0,-45.30443810654572,2.3033240917705378
2026-03-30 15:55:00+00:00,0.0,0.0,0.0,0.0,-45.30443810654572,2.3033240917705378
2026-03-30 16:00:00+00:00,0.0,0.0,0.0,0.0,-45.30443810654572,2.3033240917705378
2026-03-30 16:05:00+00:00,0.0,0.0,0.0,0.0,-45.30443810654572,2.3033240917705378
2026-03-30 16:10:00+00:00,0.0,0.0,0.0,0.0,-45.30443810654572,2.3033240917705378
2026-03-30 16:15:00+00:00,0.0,0.0,0.0,0.0,-45.30443810654572,2.3033240917705378
2026-03-30 16:20:00+00:00,0.0,0.0,0.0,0.0,-45.30443810654572,2.3033240917705378
2026-03-30 16:25:00+00:00,0.0,0.0,0.0,0.0,-45.30443810654572,2.3033240917705378
2026-03-30 16:30:00+00:00,0.0,0.0,0.0,0.0,-45.30443810654572,2.3033240917705378
2026-03-30 16:35:00+00:00,0.0,0.0,0.0,0.0,-45.30443810654572,2.3033240917705378
2026-03-30 16:40:00+00:00,0.0,0.0,0.0,0.0,-45.30443810654572,2.3033240917705378
2026-03-30 16:45:00+00:00,0.0,0.0,0.0,0.0,-45.30443810654572,2.3033240917705378
2026-03-30 16:50:00+00:00,0.0,0.0,0.0,0.0,-45.30443810654572,2.3033240917705378
2026-03-30 16:55:00+00:00,0.0,0.0,0.0,0.0,-45.30443810654572,2.3033240917705378
2026-03-30 17:00:00+00:00,0.0,0.0,0.0,0.0,-45.30443810654572,2.3033240917705378
2026-03-30 17:05:00+00:00,0.0,0.0,0.0,0.0,-45.30443810654572,2.3033240917705378
2026-03-30 17:10:00+00:00,0.0,0.0,0.0,0.0,-45.30443810654572,2.3033240917705378
2026-03-30 17:15:00+00:00,0.0,0.0,0.0,0.0,-45.30443810654572,2.3033240917705378
2026-03-30 17:20:00+00:00,0.0,0.0,0.0,0.0,-45.30443810654572,2.3033240917705378
2026-03-30 17:25:00+00:00,0.0,0.0,0.0,0.0,-45.30443810654572,2.3033240917705378
2026-03-30 17:30:00+00:00,0.0,0.0,0.0,0.0,-45.30443810654572,2.3033240917705378
2026-03-30 17:35:00+00:00,0.0,0.0,0.0,0.0,-45.30443810654572,2.3033240917705378
2026-03-30 17:40:00+00:00,0.0,0.0,0.0,0.0,-45.30443810654572,2.3033240917705378
2026-03-30 17:45:00+00:00,0.0,0.0,0.0,0.0,-45.30443810654572,2.3033240917705378
2026-03-30 17:50:00+00:00,0.0,0.0,0.0,0.0,-45.30443810654572,2.3033240917705378
2026-03-30 17:55:00+00:00,0.0,0.0,0.0,0.0,-45.30443810654572,2.3033240917705378
2026-03-30 18:00:00+00:00,0.0,0.0,0.0,0.0,-45.30443810654572,2.3033240917705378
2026-03-30 18:05:00+00:00,0.0,0.0,0.0,0.0,-45.30443810654572,2.3033240917705378
2026-03-30 18:10:00+00:00,0.0,0.0,0.0,0.0,-45.30443810654572,2.3033240917705378
2026-03-30 18:15:00+00:00,0.0,0.0,0.0,0.0,-45.30443810654572,2.3033240917705378
2026-03-30 18:20:00+00:00,0.0,0.0,0.0,0.0,-45.30443810654572,2.3033240917705378
2026-03-30 18:25:00+00:00,0.0,0.0,0.0,0.0,-45.30443810654572,2.3033240917705378
2026-03-30 18:30:00+00:00,0.0,0.0,0.0,0.0,-45.30443810654572,2.3033240917705378
2026-03-30 18:35:00+00:00,0.0,0.0,0.0,0.0,-45.30443810654572,2.3033240917705378
2026-03-30 18:40:00+00:00,0.0,0.0,0.0,0.0,-45.30443810654572,2.3033240917705378
2026-03-30 18:45:00+00:00,0.0,0.0,0.0,0.0,-45.30443810654572,2.3033240917705378
2026-03-30 18:50:00+00:00,0.0,0.0,0.0,0.0,-45.30443810654572,2.3033240917705378
2026-03-30 18:55:00+00:00,0.0,0.0,0.0,0.0,-45.30443810654572,2.3033240917705378
2026-03-30 19:00:00+00:00,0.0,0.0,0.0,0.0,-45.30443810654572,2.3033240917705378
2026-03-30 19:05:00+00:00,0.0,0.0,0.0,0.0,-45.30443810654572,2.3033240917705378
2026-03-30 19:10:00+00:00,0.0,0.0,0.0,0.0,-45.30443810654572,2.3033240917705378
2026-03-30 19:15:00+00:00,0.0,0.0,0.0,0.0,-45.30443810654572,2.3033240917705378
2026-03-30 19:20:00+00:00,0.0,0.0,0.0,0.0,-45.30443810654572,2.3033240917705378
2026-03-30 19:25:00+00:00,0.0,0.0,0.0,0.0,-45.30443810654572,2.3033240917705378
2026-03-30 19:30:00+00:00,0.0,0.0,0.0,0.0,-45.30443810654572,2.3033240917705378
2026-03-30 19:35:00+00:00,0.0,0.0,0.0,0.0,-45.30443810654572,2.3033240917705378
2026-03-30 19:40:00+00:00,0.0,0.0,0.0,0.0,-45.30443810654572,2.3033240917705378
2026-03-30 19:45:00+00:00,0.0,0.0,0.0,0.0,-45.30443810654572,2.3033240917705378
2026-03-30 19:50:00+00:00,0.0,0.0,0.0,0.0,-45.30443810654572,2.3033240917705378
2026-03-30 19:55:00+00:00,0.0,0.0,0.0,0.0,-45.30443810654572,2.3033240917705378
2026-03-30 20:00:00+00:00,0.0,0.0,0.0,0.0,-45.30443810654572,2.3033240917705378
2026-03-30 20:05:00+00:00,0.0,0.0,0.0,0.0,-45.30443810654572,2.3033240917705378
2026-03-30 20:10:00+00:00,0.0,0.0,0.0,0.0,-45.30443810654572,2.3033240917705378
2026-03-30 20:15:00+00:00,0.0,0.0,0.0,0.0,-45.30443810654572,2.3033240917705378
2026-03-30 20:20:00+00:00,0.0,0.0,0.0,0.0,-45.30443810654572,2.3033240917705378
2026-03-30 20:25:00+00:00,0.0,0.0,0.0,0.0,-45.30443810654572,2.3033240917705378
2026-03-30 20:30:00+00:00,0.0,0.0,0.0,0.0,-45.30443810654572,2.3033240917705378
2026-03-30 20:35:00+00:00,0.0,0.0,0.0,0.0,-45.30443810654572,2.3033240917705378
2026-03-30 20:40:00+00:00,0.0,0.0,0.0,0.0,-45.30443810654572,2.3033240917705378
2026-03-30 20:45:00+00:00,0.0,0.0,0.0,0.0,-45.30443810654572,2.3033240917705378
2026-03-30 20:50:00+00:00,0.0,0.0,0.0,0.0,-45.30443810654572,2.3033240917705378
2026-03-30 20:55:00+00:00,0.0,0.0,0.0,0.0,-45.30443810654572,2.3033240917705378
2026-03-30 21:00:00+00:00,0.0,0.0,0.0,0.0,-45.30443810654572,2.3033240917705378
2026-03-30 21:05:00+00:00,0.0,0.0,0.0,0.0,-45.30443810654572,2.3033240917705378
2026-03-30 21:10:00+00:00,0.0,0.0,0.0,0.0,-45.30443810654572,2.3033240917705378
2026-03-30 21:15:00+00:00,0.0,0.0,0.0,0.0,-45.30443810654572,2.3033240917705378
2026-03-30 21:20:00+00:00,0.0,0.0,0.0,0.0,-45.30443810654572,2.3033240917705378
2026-03-30 21:25:00+00:00,0.0,0.0,0.0,0.0,-45.30443810654572,2.3033240917705378
2026-03-30 21:30:00+00:00,0.0,0.0,0.0,0.0,-45.30443810654572,2.3033240917705378
2026-03-30 21:35:00+00:00,0.0,0.0,0.0,0.0,-45.30443810654572,2.3033240917705378
2026-03-30 21:40:00+00:00,0.0,0.0,0.0,0.0,-45.30443810654572,2.3033240917705378
2026-03-30 21:45:00+00:00,0.0,0.0,0.0,0.0,-45.30443810654572,2.3033240917705378
2026-03-30 21:50:00+00:00,0.0,0.0,0.0,0.0,-45.30443810654572,2.3033240917705378
2026-03-30 21:55:00+00:00,0.0,0.0,0.0,0.0,-45.30443810654572,2.3033240917705378
2026-03-30 22:00:00+00:00,0.0,0.0,0.0,0.0,-45.30443810654572,2.3033240917705378
2026-03-30 22:05:00+00:00,0.0,0.0,0.0,0.0,-45.30443810654572,2.3033240917705378
2026-03-30 22:10:00+00:00,0.0,0.0,0.0,0.0,-45.30443810654572,2.3033240917705378
2026-03-30 22:15:00+00:00,0.0,0.0,0.0,0.0,-45.30443810654572,2.3033240917705378
2026-03-30 22:20:00+00:00,0.0,0.0,0.0,0.0,-45.30443810654572,2.3033240917705378
2026-03-30 22:25:00+00:00,0.0,0.0,0.0,0.0,-45.30443810654572,2.3033240917705378
2026-03-30 22:30:00+00:00,0.0,0.0,0.0,0.0,-45.30443810654572,2.3033240917705378
2026-03-30 22:35:00+00:00,0.0,0.0,0.0,0.0,-45.30443810654572,2.3033240917705378
2026-03-30 22:40:00+00:00,0.0,0.0,0.0,0.0,-45.30443810654572,2.3033240917705378
2026-03-30 22:45:00+00:00,0.0,0.0,0.0,0.0,-45.30443810654572,2.3033240917705378
2026-03-30 22:50:00+00:00,0.0,0.0,0.0,0.0,-45.30443810654572,2.3033240917705378
2026-03-30 22:55:00+00:00,0.0,0.0,0.0,0.0,-45.30443810654572,2.3033240917705378
2026-03-30 23:00:00+00:00,0.0,0.0,0.0,0.0,-45.30443810654572,2.3033240917705378
2026-03-30 23:05:00+00:00,0.0,0.0,0.0,0.0,-45.30443810654572,2.3033240917705378
2026-03-30 23:10:00+00:00,0.0,0.0,0.0,0.0,-45.30443810654572,2.3033240917705378
2026-03-30 23:15:00+00:00,0.0,0.0,0.0,0.0,-45.30443810654572,2.3033240917705378
2026-03-30 23:20:00+00:00,0.0,0.0,0.0,0.0,-45.30443810654572,2.3033240917705378
2026-03-30 23:25:00+00:00,0.0,0.0,0.0,0.0,-45.30443810654572,2.3033240917705378
2026-03-30 23:30:00+00:00,0.0,0.0,0.0,0.0,-45.30443810654572,2.3033240917705378
2026-03-30 23:35:00+00:00,0.0,0.0,0.0,0.0,-45.30443810654572,2.3033240917705378
2026-03-30 23:40:00+00:00,0.0,0.0,0.0,0.0,-45.30443810654572,2.3033240917705378
2026-03-30 23:45:00+00:00,0.0,0.0,0.0,0.0,-45.30443810654572,2.3033240917705378
2026-03-30 23:50:00+00:00,0.0,0.0,0.0,0.0,-45.30443810654572,2.3033240917705378
2026-03-30 23:55:00+00:00,0.0,0.0,0.0,0.0,-45.30443810654572,2.3033240917705378
2026-03-31 00:00:00+00:00,0.0,0.0,0.0,0.0,-45.30443810654572,2.3033240917705378
2026-03-31 00:05:00+00:00,0.0,0.0,0.0,0.0,-45.30443810654572,2.3033240917705378
2026-03-31 00:10:00+00:00,0.0,0.0,0.0,0.0,-45.30443810654572,2.3033240917705378
2026-03-31 00:15:00+00:00,0.0,0.0,0.0,0.0,-45.30443810654572,2.3033240917705378
2026-03-31 00:20:00+00:00,0.0,0.0,0.0,0.0,-45.30443810654572,2.3033240917705378
2026-03-31 00:25:00+00:00,0.0,0.0,0.0,0.0,-45.30443810654572,2.3033240917705378
2026-03-31 00:30:00+00:00,0.0,0.0,0.0,0.0,-45.30443810654572,2.3033240917705378
2026-03-31 00:35:00+00:00,0.0,0.0,0.0,0.0,-45.30443810654572,2.3033240917705378
2026-03-31 00:40:00+00:00,0.0,0.0,0.0,0.0,-45.30443810654572,2.3033240917705378
2026-03-31 00:45:00+00:00,0.0,0.0,0.0,0.0,-45.30443810654572,2.3033240917705378
2026-03-31 00:50:00+00:00,0.0,0.0,0.0,0.0,-45.30443810654572,2.3033240917705378
2026-03-31 00:55:00+00:00,0.0,0.0,0.0,0.0,-45.30443810654572,2.3033240917705378
2026-03-31 01:00:00+00:00,0.0,0.0,0.0,0.0,-45.30443810654572,2.3033240917705378
2026-03-31 01:05:00+00:00,0.0,0.0,0.0,0.0,-45.30443810654572,2.3033240917705378
2026-03-31 01:10:00+00:00,0.0,0.0,0.0,0.0,-45.30443810654572,2.3033240917705378
2026-03-31 01:15:00+00:00,0.0,0.0,0.0,0.0,-45.30443810654572,2.3033240917705378
2026-03-31 01:20:00+00:00,0.0,0.0,0.0,0.0,-45.30443810654572,2.3033240917705378
2026-03-31 01:25:00+00:00,0.0,0.0,0.0,0.0,-45.30443810654572,2.3033240917705378
2026-03-31 01:30:00+00:00,0.0,0.0,0.0,0.0,-45.30443810654572,2.3033240917705378
2026-03-31 01:35:00+00:00,0.0,0.0,0.0,0.0,-45.30443810654572,2.3033240917705378
2026-03-31 01:40:00+00:00,0.0,0.0,0.0,0.0,-45.30443810654572,2.3033240917705378
2026-03-31 01:45:00+00:00,0.0,0.0,0.0,0.0,-45.30443810654572,2.3033240917705378
2026-03-31 01:50:00+00:00,0.0,0.0,0.0,0.0,-45.30443810654572,2.3033240917705378
2026-03-31 01:55:00+00:00,0.0,0.0,0.0,0.0,-45.30443810654572,2.3033240917705378
2026-03-31 02:00:00+00:00,0.0,0.0,0.0,0.0,-45.30443810654572,2.3033240917705378
2026-03-31 02:05:00+00:00,0.0,0.0,0.0,0.0,-45.30443810654572,2.3033240917705378
2026-03-31 02:10:00+00:00,0.0,0.0,0.0,0.0,-45.30443810654572,2.3033240917705378
2026-03-31 02:15:00+00:00,0.0,0.0,0.0,0.0,-45.30443810654572,2.3033240917705378
2026-03-31 02:20:00+00:00,0.0,0.0,0.0,0.0,-45.30443810654572,2.3033240917705378
2026-03-31 02:25:00+00:00,0.0,0.0,0.0,0.0,-45.30443810654572,2.3033240917705378
2026-03-31 02:30:00+00:00,0.0,0.0,0.0,0.0,-45.30443810654572,2.3033240917705378
2026-03-31 02:35:00+00:00,0.0,0.0,0.0,0.0,-45.30443810654572,2.3033240917705378
2026-03-31 02:40:00+00:00,0.0,0.0,0.0,0.0,-45.30443810654572,2.3033240917705378
2026-03-31 02:45:00+00:00,0.0,0.0,0.0,0.0,-45.30443810654572,2.3033240917705378
2026-03-31 02:50:00+00:00,0.0,0.0,0.0,0.0,-45.30443810654572,2.3033240917705378
2026-03-31 02:55:00+00:00,0.0,0.0,0.0,0.0,-45.30443810654572,2.3033240917705378
2026-03-31 03:00:00+00:00,0.0,0.0,0.0,0.0,-45.30443810654572,2.3033240917705378
2026-03-31 03:05:00+00:00,0.0,0.0,0.0,0.0,-45.30443810654572,2.3033240917705378
2026-03-31 03:10:00+00:00,0.0,0.0,0.0,0.0,-45.30443810654572,2.3033240917705378
2026-03-31 03:15:00+00:00,0.0,0.0,0.0,0.0,-45.30443810654572,2.3033240917705378
2026-03-31 03:20:00+00:00,0.0,0.0,0.0,0.0,-45.30443810654572,2.3033240917705378
2026-03-31 03:25:00+00:00,0.0,0.0,0.0,0.0,-45.30443810654572,2.3033240917705378
2026-03-31 03:30:00+00:00,0.0,0.0,0.0,0.0,-45.30443810654572,2.3033240917705378
2026-03-31 03:35:00+00:00,0.0,0.0,0.0,0.0,-45.30443810654572,2.3033240917705378
2026-03-31 03:40:00+00:00,0.0,0.0,0.0,0.0,-45.30443810654572,2.3033240917705378
2026-03-31 03:45:00+00:00,0.0,0.0,0.0,0.0,-45.30443810654572,2.3033240917705378
2026-03-31 03:50:00+00:00,0.0,0.0,0.0,0.0,-45.30443810654572,2.3033240917705378
2026-03-31 03:55:00+00:00,0.0,0.0,0.0,0.0,-45.30443810654572,2.3033240917705378
2026-03-31 04:00:00+00:00,0.0,0.0,0.0,0.0,-45.30443810654572,2.3033240917705378
2026-03-31 04:05:00+00:00,0.0,0.0,0.0,0.0,-45.30443810654572,2.3033240917705378
2026-03-31 04:10:00+00:00,0.0,0.0,0.0,0.0,-45.30443810654572,2.3033240917705378
2026-03-31 04:15:00+00:00,0.0,0.0,0.0,0.0,-45.30443810654572,2.3033240917705378
2026-03-31 04:20:00+00:00,0.0,0.0,0.0,0.0,-45.30443810654572,2.3033240917705378
2026-03-31 04:25:00+00:00,0.0,0.0,0.0,0.0,-45.30443810654572,2.3033240917705378
2026-03-31 04:30:00+00:00,0.0,0.0,0.0,0.0,-45.30443810654572,2.3033240917705378
2026-03-31 04:35:00+00:00,0.0,0.0,0.0,0.0,-45.30443810654572,2.3033240917705378
2026-03-31 04:40:00+00:00,0.0,0.0,0.0,0.0,-45.30443810654572,2.3033240917705378
2026-03-31 04:45:00+00:00,0.0,0.0,0.0,0.0,-45.30443810654572,2.3033240917705378
2026-03-31 04:50:00+00:00,0.0,0.0,0.0,0.0,-45.30443810654572,2.3033240917705378
2026-03-31 04:55:00+00:00,0.0,0.0,0.0,0.0,-45.30443810654572,2.3033240917705378
2026-03-31 05:00:00+00:00,0.0,0.0,0.0,0.0,-45.30443810654572,2.3033240917705378
2026-03-31 05:05:00+00:00,0.0,0.0,0.0,0.0,-45.30443810654572,2.3033240917705378
2026-03-31 05:10:00+00:00,0.0,0.0,0.0,0.0,-45.30443810654572,2.3033240917705378
2026-03-31 05:15:00+00:00,0.0,0.0,0.0,0.0,-45.30443810654572,2.3033240917705378
2026-03-31 05:20:00+00:00,0.0,0.0,0.0,0.0,-45.30443810654572,2.3033240917705378
2026-03-31 05:25:00+00:00,0.0,0.0,0.0,0.0,-45.30443810654572,2.3033240917705378
2026-03-31 05:30:00+00:00,0.0,0.0,0.0,0.0,-45.30443810654572,2.3033240917705378
2026-03-31 05:35:00+00:00,0.0,0.0,0.0,0.0,-45.30443810654572,2.3033240917705378
2026-03-31 05:40:00+00:00,0.0,0.0,0.0,0.0,-45.30443810654572,2.3033240917705378
2026-03-31 05:45:00+00:00,0.0,0.0,0.0,0.0,-45.30443810654572,2.3033240917705378
2026-03-31 05:50:00+00:00,0.0,0.0,0.0,0.0,-45.30443810654572,2.3033240917705378
2026-03-31 05:55:00+00:00,0.0,0.0,0.0,0.0,-45.30443810654572,2.3033240917705378
2026-03-31 06:00:00+00:00,0.0,0.0,0.0,0.0,-45.30443810654572,2.3033240917705378
2026-03-31 06:05:00+00:00,0.0,0.0,0.0,0.0,-45.30443810654572,2.3033240917705378
2026-03-31 06:10:00+00:00,0.0,0.0,0.0,0.0,-45.30443810654572,2.3033240917705378
2026-03-31 06:15:00+00:00,0.0,0.0,0.0,0.0,-45.30443810654572,2.3033240917705378
2026-03-31 06:20:00+00:00,0.0,0.0,0.0,0.0,-45.30443810654572,2.3033240917705378
2026-03-31 06:25:00+00:00,0.0,0.0,0.0,0.0,-45.30443810654572,2.3033240917705378
2026-03-31 06:30:00+00:00,0.0,0.0,0.0,0.0,-45.30443810654572,2.3033240917705378
2026-03-31 06:35:00+00:00,0.0,0.0,0.0,0.0,-45.30443810654572,2.3033240917705378
2026-03-31 06:40:00+00:00,0.0,0.0,0.0,0.0,-45.30443810654572,2.3033240917705378
2026-03-31 06:45:00+00:00,0.0,0.0,0.0,0.0,-45.30443810654572,2.3033240917705378
2026-03-31 06:50:00+00:00,0.0,0.0,0.0,0.0,-45.30443810654572,2.3033240917705378
2026-03-31 06:55:00+00:00,0.0,0.0,0.0,0.0,-45.30443810654572,2.3033240917705378
2026-03-31 07:00:00+00:00,0.0,0.0,0.0,0.0,-45.30443810654572,2.3033240917705378
2026-03-31 07:05:00+00:00,0.0,0.0,0.0,0.0,-45.30443810654572,2.3033240917705378
2026-03-31 07:10:00+00:00,0.0,0.0,0.0,0.0,-45.30443810654572,2.3033240917705378
2026-03-31 07:15:00+00:00,0.0,0.0,0.0,0.0,-45.30443810654572,2.3033240917705378
2026-03-31 07:20:00+00:00,0.0,0.0,0.0,0.0,-45.30443810654572,2.3033240917705378
2026-03-31 07:25:00+00:00,0.0,0.0,0.0,0.0,-45.30443810654572,2.3033240917705378
2026-03-31 07:30:00+00:00,0.0,0.0,0.0,0.0,-45.30443810654572,2.3033240917705378
2026-03-31 07:35:00+00:00,0.0,0.0,0.0,0.0,-45.30443810654572,2.3033240917705378
2026-03-31 07:40:00+00:00,0.0,0.0,0.0,0.0,-45.30443810654572,2.3033240917705378
2026-03-31 07:45:00+00:00,0.0,0.0,0.0,0.0,-45.30443810654572,2.3033240917705378
2026-03-31 07:50:00+00:00,0.0,0.0,0.0,0.0,-45.30443810654572,2.3033240917705378
2026-03-31 07:55:00+00:00,0.0,0.0,0.0,0.0,-45.30443810654572,2.3033240917705378
2026-03-31 08:00:00+00:00,0.0,0.0,0.0,0.0,-45.30443810654572,2.3033240917705378
2026-03-31 08:05:00+00:00,0.0,0.0,0.0,0.0,-45.30443810654572,2.3033240917705378
2026-03-31 08:10:00+00:00,0.0,0.0,0.0,0.0,-45.30443810654572,2.3033240917705378
2026-03-31 08:15:00+00:00,0.0,0.0,0.0,0.0,-45.30443810654572,2.3033240917705378
2026-03-31 08:20:00+00:00,0.0,0.0,0.0,0.0,-45.30443810654572,2.3033240917705378
2026-03-31 08:25:00+00:00,0.0,0.0,0.0,0.0,-45.30443810654572,2.3033240917705378
2026-03-31 08:30:00+00:00,0.0,0.0,0.0,0.0,-45.30443810654572,2.3033240917705378
2026-03-31 08:35:00+00:00,0.0,0.0,0.0,0.0,-45.30443810654572,2.3033240917705378
2026-03-31 08:40:00+00:00,0.0,0.0,0.0,0.0,-45.30443810654572,2.3033240917705378
2026-03-31 08:45:00+00:00,0.0,0.0,0.0,0.0,-45.30443810654572,2.3033240917705378
2026-03-31 08:50:00+00:00,0.0,0.0,0.0,0.0,-45.30443810654572,2.3033240917705378
2026-03-31 08:55:00+00:00,0.0,0.0,0.0,0.0,-45.30443810654572,2.3033240917705378
2026-03-31 09:00:00+00:00,0.0,0.0,0.0,0.0,-45.30443810654572,2.3033240917705378
2026-03-31 09:05:00+00:00,0.0,0.0,0.0,0.0,-45.30443810654572,2.3033240917705378
2026-03-31 09:10:00+00:00,0.0,0.0,0.0,0.0,-45.30443810654572,2.3033240917705378
2026-03-31 09:15:00+00:00,0.0,0.0,0.0,0.0,-45.30443810654572,2.3033240917705378
2026-03-31 09:20:00+00:00,0.0,0.0,0.0,0.0,-45.30443810654572,2.3033240917705378
2026-03-31 09:25:00+00:00,0.0,0.0,0.0,0.0,-45.30443810654572,2.3033240917705378
2026-03-31 09:30:00+00:00,0.0,0.0,0.0,0.0,-45.30443810654572,2.3033240917705378
2026-03-31 09:35:00+00:00,0.0,0.0,0.0,0.0,-45.30443810654572,2.3033240917705378
2026-03-31 09:40:00+00:00,0.0,0.0,0.0,0.0,-45.30443810654572,2.3033240917705378
2026-03-31 09:45:00+00:00,0.0,0.0,0.0,0.0,-45.30443810654572,2.3033240917705378
2026-03-31 09:50:00+00:00,0.0,0.0,0.0,0.0,-45.30443810654572,2.3033240917705378
2026-03-31 09:55:00+00:00,0.0,0.0,0.0,0.0,-45.30443810654572,2.3033240917705378
2026-03-31 10:00:00+00:00,0.0,0.0,0.0,0.0,-45.30443810654572,2.3033240917705378
2026-03-31 10:05:00+00:00,0.0,0.0,0.0,0.0,-45.30443810654572,2.3033240917705378
2026-03-31 10:10:00+00:00,0.0,0.0,0.0,0.0,-45.30443810654572,2.3033240917705378
2026-03-31 10:15:00+00:00,0.0,0.0,0.0,0.0,-45.30443810654572,2.3033240917705378
2026-03-31 10:20:00+00:00,0.0,0.0,0.0,0.0,-45.30443810654572,2.3033240917705378
2026-03-31 10:25:00+00:00,0.0,0.0,0.0,0.0,-45.30443810654572,2.3033240917705378
2026-03-31 10:30:00+00:00,0.0,0.0,0.0,0.0,-45.30443810654572,2.3033240917705378
2026-03-31 10:35:00+00:00,0.0,0.0,0.0,0.0,-45.30443810654572,2.3033240917705378
2026-03-31 10:40:00+00:00,0.0,0.0,0.0,0.0,-45.30443810654572,2.3033240917705378
2026-03-31 10:45:00+00:00,0.0,0.0,0.0,0.0,-45.30443810654572,2.3033240917705378
2026-03-31 10:50:00+00:00,0.0,0.0,0.0,0.0,-45.30443810654572,2.3033240917705378
2026-03-31 10:55:00+00:00,0.0,0.0,0.0,0.0,-45.30443810654572,2.3033240917705378
2026-03-31 11:00:00+00:00,0.0,0.0,0.0,0.0,-45.30443810654572,2.3033240917705378
2026-03-31 11:05:00+00:00,0.0,0.0,0.0,0.0,-45.30443810654572,2.3033240917705378
2026-03-31 11:10:00+00:00,0.0,0.0,0.0,0.0,-45.30443810654572,2.3033240917705378
2026-03-31 11:15:00+00:00,0.0,0.0,0.0,0.0,-45.30443810654572,2.3033240917705378
2026-03-31 11:20:00+00:00,0.0,0.0,0.0,0.0,-45.30443810654572,2.3033240917705378
2026-03-31 11:25:00+00:00,0.0,0.0,0.0,0.0,-45.30443810654572,2.3033240917705378
2026-03-31 11:30:00+00:00,0.0,0.0,0.0,0.0,-45.30443810654572,2.3033240917705378
2026-03-31 11:35:00+00:00,0.0,0.0,0.0,0.0,-45.30443810654572,2.3033240917705378
2026-03-31 11:40:00+00:00,0.0,0.0,0.0,0.0,-45.30443810654572,2.3033240917705378
2026-03-31 11:45:00+00:00,0.0,0.0,0.0,0.0,-45.30443810654572,2.3033240917705378
2026-03-31 11:50:00+00:00,0.0,0.0,0.0,0.0,-45.30443810654572,2.3033240917705378
2026-03-31 11:55:00+00:00,0.0,0.0,0.0,0.0,-45.30443810654572,2.3033240917705378
2026-03-31 12:00:00+00:00,0.0,0.0,0.0,0.0,-45.30443810654572,2.3033240917705378
2026-03-31 12:05:00+00:00,0.0,0.0,0.0,0.0,-45.30443810654572,2.3033240917705378
2026-03-31 12:10:00+00:00,0.0,0.0,0.0,0.0,-45.30443810654572,2.3033240917705378
2026-03-31 12:15:00+00:00,0.0,0.0,0.0,0.0,-45.30443810654572,2.3033240917705378
2026-03-31 12:20:00+00:00,0.0,0.0,0.0,0.0,-45.30443810654572,2.3033240917705378
2026-03-31 12:25:00+00:00,0.0,0.0,0.0,0.0,-45.30443810654572,2.3033240917705378
2026-03-31 12:30:00+00:00,0.0,0.0,0.0,0.0,-45.30443810654572,2.3033240917705378
2026-03-31 12:35:00+00:00,0.0,0.0,0.0,0.0,-45.30443810654572,2.3033240917705378
2026-03-31 12:40:00+00:00,0.0,0.0,0.0,0.0,-45.30443810654572,2.3033240917705378
2026-03-31 12:45:00+00:00,0.0,0.0,0.0,0.0,-45.30443810654572,2.3033240917705378
2026-03-31 12:50:00+00:00,0.0,0.0,0.0,0.0,-45.30443810654572,2.3033240917705378
2026-03-31 12:55:00+00:00,0.0,0.0,0.0,0.0,-45.30443810654572,2.3033240917705378
2026-03-31 13:00:00+00:00,0.0,0.0,0.0,0.0,-45.30443810654572,2.3033240917705378
2026-03-31 13:05:00+00:00,0.0,0.0,0.0,0.0,-45.30443810654572,2.3033240917705378
2026-03-31 13:10:00+00:00,0.0,0.0,0.0,0.0,-45.30443810654572,2.3033240917705378
2026-03-31 13:15:00+00:00,0.0,0.0,0.0,0.0,-45.30443810654572,2.3033240917705378
2026-03-31 13:20:00+00:00,0.0,0.0,0.0,0.0,-45.30443810654572,2.3033240917705378
2026-03-31 13:25:00+00:00,0.0,0.0,0.0,0.0,-45.30443810654572,2.3033240917705378
2026-03-31 13:30:00+00:00,0.0,0.0,0.0,0.0,-45.30443810654572,2.3033240917705378
2026-03-31 13:35:00+00:00,0.0,0.0,0.0,0.0,-45.30443810654572,2.3033240917705378
2026-03-31 13:40:00+00:00,0.0,0.0,0.0,0.0,-45.30443810654572,2.3033240917705378
2026-03-31 13:45:00+00:00,0.0,0.0,0.0,0.0,-45.30443810654572,2.3033240917705378
2026-03-31 13:50:00+00:00,0.0,0.0,0.0,0.0,-45.30443810654572,2.3033240917705378
2026-03-31 13:55:00+00:00,0.0,0.0,0.0,0.0,-45.30443810654572,2.3033240917705378
2026-03-31 14:00:00+00:00,0.0,0.0,0.0,0.0,-45.30443810654572,2.3033240917705378
2026-03-31 14:05:00+00:00,0.0,0.0,0.0,0.0,-45.30443810654572,2.3033240917705378
2026-03-31 14:10:00+00:00,0.0,0.0,0.0,0.0,-45.30443810654572,2.3033240917705378
2026-03-31 14:15:00+00:00,0.0,0.0,0.0,0.0,-45.30443810654572,2.3033240917705378
2026-03-31 14:20:00+00:00,0.0,0.0,0.0,0.0,-45.30443810654572,2.3033240917705378
2026-03-31 14:25:00+00:00,0.0,0.0,0.0,0.0,-45.30443810654572,2.3033240917705378
2026-03-31 14:30:00+00:00,0.0,0.0,0.0,0.0,-45.30443810654572,2.3033240917705378
2026-03-31 14:35:00+00:00,0.0,0.0,0.0,0.0,-45.30443810654572,2.3033240917705378
2026-03-31 14:40:00+00:00,0.0,0.0,0.0,0.0,-45.30443810654572,2.3033240917705378
2026-03-31 14:45:00+00:00,0.0,0.0,0.0,0.0,-45.30443810654572,2.3033240917705378
2026-03-31 14:50:00+00:00,0.0,0.0,0.0,0.0,-45.30443810654572,2.3033240917705378
2026-03-31 14:55:00+00:00,0.0,0.0,0.0,0.0,-45.30443810654572,2.3033240917705378
2026-03-31 15:00:00+00:00,0.0,0.0,0.0,0.0,-45.30443810654572,2.3033240917705378
2026-03-31 15:05:00+00:00,0.0,0.0,0.0,0.0,-45.30443810654572,2.3033240917705378
2026-03-31 15:10:00+00:00,0.0,0.0,0.0,0.0,-45.30443810654572,2.3033240917705378
2026-03-31 15:15:00+00:00,0.0,0.0,0.0,0.0,-45.30443810654572,2.3033240917705378
2026-03-31 15:20:00+00:00,0.0,0.0,0.0,0.0,-45.30443810654572,2.3033240917705378
2026-03-31 15:25:00+00:00,0.0,0.0,0.0,0.0,-45.30443810654572,2.3033240917705378
2026-03-31 15:30:00+00:00,0.0,0.0,0.0,0.0,-45.30443810654572,2.3033240917705378
2026-03-31 15:35:00+00:00,0.0,0.0,0.0,0.0,-45.30443810654572,2.3033240917705378
2026-03-31 15:40:00+00:00,0.0,0.0,0.0,0.0,-45.30443810654572,2.3033240917705378
2026-03-31 15:45:00+00:00,0.0,0.0,0.0,0.0,-45.30443810654572,2.3033240917705378
2026-03-31 15:50:00+00:00,0.0,0.0,0.0,0.0,-45.30443810654572,2.3033240917705378
2026-03-31 15:55:00+00:00,0.0,0.0,0.0,0.0,-45.30443810654572,2.3033240917705378
2026-03-31 16:00:00+00:00,0.0,0.0,0.0,0.0,-45.30443810654572,2.3033240917705378
2026-03-31 16:05:00+00:00,0.0,0.0,0.0,0.0,-45.30443810654572,2.3033240917705378
2026-03-31 16:10:00+00:00,0.0,0.0,0.0,0.0,-45.30443810654572,2.3033240917705378
2026-03-31 16:15:00+00:00,0.0,0.0,0.0,0.0,-45.30443810654572,2.3033240917705378
2026-03-31 16:20:00+00:00,0.0,0.0,0.0,0.0,-45.30443810654572,2.3033240917705378
2026-03-31 16:25:00+00:00,0.0,0.0,0.0,0.0,-45.30443810654572,2.3033240917705378
2026-03-31 16:30:00+00:00,0.0,0.0,0.0,0.0,-45.30443810654572,2.3033240917705378
2026-03-31 16:35:00+00:00,0.0,0.0,0.0,0.0,-45.30443810654572,2.3033240917705378
2026-03-31 16:40:00+00:00,0.0,0.0,0.0,0.0,-45.30443810654572,2.3033240917705378
2026-03-31 16:45:00+00:00,0.0,0.0,0.0,0.0,-45.30443810654572,2.3033240917705378
2026-03-31 16:50:00+00:00,0.0,0.0,0.0,0.0,-45.30443810654572,2.3033240917705378
2026-03-31 16:55:00+00:00,0.0,0.0,0.0,0.0,-45.30443810654572,2.3033240917705378
2026-03-31 17:00:00+00:00,0.0,0.0,0.0,0.0,-45.30443810654572,2.3033240917705378
2026-03-31 17:05:00+00:00,0.0,0.0,0.0,0.0,-45.30443810654572,2.3033240917705378
2026-03-31 17:10:00+00:00,0.0,0.0,0.0,0.0,-45.30443810654572,2.3033240917705378
2026-03-31 17:15:00+00:00,0.0,0.0,0.0,0.0,-45.30443810654572,2.3033240917705378
2026-03-31 17:20:00+00:00,0.0,0.0,0.0,0.0,-45.30443810654572,2.3033240917705378
2026-03-31 17:25:00+00:00,0.0,0.0,0.0,0.0,-45.30443810654572,2.3033240917705378
2026-03-31 17:30:00+00:00,0.0,0.0,0.0,0.0,-45.30443810654572,2.3033240917705378
2026-03-31 17:35:00+00:00,0.0,0.0,0.0,0.0,-45.30443810654572,2.3033240917705378
2026-03-31 17:40:00+00:00,0.0,0.0,0.0,0.0,-45.30443810654572,2.3033240917705378
2026-03-31 17:45:00+00:00,0.0,0.0,0.0,0.0,-45.30443810654572,2.3033240917705378
2026-03-31 17:50:00+00:00,0.0,0.0,0.0,0.0,-45.30443810654572,2.3033240917705378
2026-03-31 17:55:00+00:00,0.0,0.0,0.0,0.0,-45.30443810654572,2.3033240917705378
2026-03-31 18:00:00+00:00,0.0,0.0,0.0,0.0,-45.30443810654572,2.3033240917705378
2026-03-31 18:05:00+00:00,0.0,0.0,0.0,0.0,-45.30443810654572,2.3033240917705378
2026-03-31 18:10:00+00:00,0.0,0.0,0.0,0.0,-45.30443810654572,2.3033240917705378
2026-03-31 18:15:00+00:00,0.0,0.0,0.0,0.0,-45.30443810654572,2.3033240917705378
2026-03-31 18:20:00+00:00,0.0,0.0,0.0,0.0,-45.30443810654572,2.3033240917705378
2026-03-31 18:25:00+00:00,0.0,0.0,0.0,0.0,-45.30443810654572,2.3033240917705378
2026-03-31 18:30:00+00:00,0.0,0.0,0.0,0.0,-45.30443810654572,2.3033240917705378
2026-03-31 18:35:00+00:00,0.0,0.0,0.0,0.0,-45.30443810654572,2.3033240917705378
2026-03-31 18:40:00+00:00,0.0,0.0,0.0,0.0,-45.30443810654572,2.3033240917705378
2026-03-31 18:45:00+00:00,0.0,0.0,0.0,0.0,-45.30443810654572,2.3033240917705378
2026-03-31 18:50:00+00:00,0.0,0.0,0.0,0.0,-45.30443810654572,2.3033240917705378
2026-03-31 18:55:00+00:00,0.0,0.0,0.0,0.0,-45.30443810654572,2.3033240917705378
2026-03-31 19:00:00+00:00,0.0,0.0,0.0,0.0,-45.30443810654572,2.3033240917705378
2026-03-31 19:05:00+00:00,0.0,0.0,0.0,0.0,-45.30443810654572,2.3033240917705378
2026-03-31 19:10:00+00:00,0.0,0.0,0.0,0.0,-45.30443810654572,2.3033240917705378
2026-03-31 19:15:00+00:00,0.0,0.0,0.0,0.0,-45.30443810654572,2.3033240917705378
2026-03-31 19:20:00+00:00,0.0,0.0,0.0,0.0,-45.30443810654572,2.3033240917705378
2026-03-31 19:25:00+00:00,0.0,0.0,0.0,0.0,-45.30443810654572,2.3033240917705378
2026-03-31 19:30:00+00:00,0.0,0.0,0.0,0.0,-45.30443810654572,2.3033240917705378
2026-03-31 19:35:00+00:00,0.0,0.0,0.0,0.0,-45.30443810654572,2.3033240917705378
2026-03-31 19:40:00+00:00,0.0,0.0,0.0,0.0,-45.30443810654572,2.3033240917705378
2026-03-31 19:45:00+00:00,0.0,0.0,0.0,0.0,-45.30443810654572,2.3033240917705378
2026-03-31 19:50:00+00:00,0.0,0.0,0.0,0.0,-45.30443810654572,2.3033240917705378
2026-03-31 19:55:00+00:00,0.0,0.0,0.0,0.0,-45.30443810654572,2.3033240917705378
2026-03-31 20:00:00+00:00,0.0,0.0,0.0,0.0,-45.30443810654572,2.3033240917705378
2026-03-31 20:05:00+00:00,0.0,0.0,0.0,0.0,-45.30443810654572,2.3033240917705378
2026-03-31 20:10:00+00:00,0.0,0.0,0.0,0.0,-45.30443810654572,2.3033240917705378
2026-03-31 20:15:00+00:00,0.0,0.0,0.0,0.0,-45.30443810654572,2.3033240917705378
2026-03-31 20:20:00+00:00,0.0,0.0,0.0,0.0,-45.30443810654572,2.3033240917705378
2026-03-31 20:25:00+00:00,0.0,0.0,0.0,0.0,-45.30443810654572,2.3033240917705378
2026-03-31 20:30:00+00:00,0.0,0.0,0.0,0.0,-45.30443810654572,2.3033240917705378
2026-03-31 20:35:00+00:00,0.0,0.0,0.0,0.0,-45.30443810654572,2.3033240917705378
2026-03-31 20:40:00+00:00,0.0,0.0,0.0,0.0,-45.30443810654572,2.3033240917705378
2026-03-31 20:45:00+00:00,0.0,0.0,0.0,0.0,-45.30443810654572,2.3033240917705378
2026-03-31 20:50:00+00:00,0.0,0.0,0.0,0.0,-45.30443810654572,2.3033240917705378
2026-03-31 20:55:00+00:00,0.0,0.0,0.0,0.0,-45.30443810654572,2.3033240917705378
2026-03-31 21:00:00+00:00,0.0,0.0,0.0,0.0,-45.30443810654572,2.3033240917705378
2026-03-31 21:05:00+00:00,0.0,0.0,0.0,0.0,-45.30443810654572,2.3033240917705378
2026-03-31 21:10:00+00:00,0.0,0.0,0.0,0.0,-45.30443810654572,2.3033240917705378
2026-03-31 21:15:00+00:00,0.0,0.0,0.0,0.0,-45.30443810654572,2.3033240917705378
2026-03-31 21:20:00+00:00,0.0,0.0,0.0,0.0,-45.30443810654572,2.3033240917705378
2026-03-31 21:25:00+00:00,0.0,0.0,0.0,0.0,-45.30443810654572,2.3033240917705378
2026-03-31 21:30:00+00:00,0.0,0.0,0.0,0.0,-45.30443810654572,2.3033240917705378
2026-03-31 21:35:00+00:00,0.0,0.0,0.0,0.0,-45.30443810654572,2.3033240917705378
2026-03-31 21:40:00+00:00,0.0,0.0,0.0,0.0,-45.30443810654572,2.3033240917705378
2026-03-31 21:45:00+00:00,0.0,0.0,0.0,0.0,-45.30443810654572,2.3033240917705378
2026-03-31 21:50:00+00:00,0.0,0.0,0.0,0.0,-45.30443810654572,2.3033240917705378
2026-03-31 21:55:00+00:00,0.0,0.0,0.0,0.0,-45.30443810654572,2.3033240917705378
2026-03-31 22:00:00+00:00,0.0,0.0,0.0,0.0,-45.30443810654572,2.3033240917705378
2026-03-31 22:05:00+00:00,0.0,0.0,0.0,0.0,-45.30443810654572,2.3033240917705378
2026-03-31 22:10:00+00:00,0.0,0.0,0.0,0.0,-45.30443810654572,2.3033240917705378
2026-03-31 22:15:00+00:00,0.0,0.0,0.0,0.0,-45.30443810654572,2.3033240917705378
2026-03-31 22:20:00+00:00,0.0,0.0,0.0,0.0,-45.30443810654572,2.3033240917705378
2026-03-31 22:25:00+00:00,0.0,0.0,0.0,0.0,-45.30443810654572,2.3033240917705378
2026-03-31 22:30:00+00:00,0.0,0.0,0.0,0.0,-45.30443810654572,2.3033240917705378
2026-03-31 22:35:00+00:00,0.0,0.0,0.0,0.0,-45.30443810654572,2.3033240917705378
2026-03-31 22:40:00+00:00,0.0,0.0,0.0,0.0,-45.30443810654572,2.3033240917705378
2026-03-31 22:45:00+00:00,0.0,0.0,0.0,0.0,-45.30443810654572,2.3033240917705378
2026-03-31 22:50:00+00:00,0.0,0.0,0.0,0.0,-45.30443810654572,2.3033240917705378
2026-03-31 22:55:00+00:00,0.0,0.0,0.0,0.0,-45.30443810654572,2.3033240917705378
2026-03-31 23:00:00+00:00,0.0,0.0,0.0,0.0,-45.30443810654572,2.3033240917705378
2026-03-31 23:05:00+00:00,0.0,0.0,0.0,0.0,-45.30443810654572,2.3033240917705378
2026-03-31 23:10:00+00:00,0.0,0.0,0.0,0.0,-45.30443810654572,2.3033240917705378
2026-03-31 23:15:00+00:00,0.0,0.0,0.0,0.0,-45.30443810654572,2.3033240917705378
2026-03-31 23:20:00+00:00,0.0,0.0,0.0,0.0,-45.30443810654572,2.3033240917705378
2026-03-31 23:25:00+00:00,0.0,0.0,0.0,0.0,-45.30443810654572,2.3033240917705378
2026-03-31 23:30:00+00:00,0.0,0.0,0.0,0.0,-45.30443810654572,2.3033240917705378
2026-03-31 23:35:00+00:00,0.0,0.0,0.0,0.0,-45.30443810654572,2.3033240917705378
2026-03-31 23:40:00+00:00,0.0,0.0,0.0,0.0,-45.30443810654572,2.3033240917705378
2026-03-31 23:45:00+00:00,0.0,0.0,0.0,0.0,-45.30443810654572,2.3033240917705378
2026-03-31 23:50:00+00:00,0.0,0.0,0.0,0.0,-45.30443810654572,2.3033240917705378
2026-03-31 23:55:00+00:00,0.0,0.0,0.0,0.0,-45.30443810654572,2.3033240917705378
2026-04-01 00:00:00+00:00,0.0,0.0,0.0,0.0,-45.30443810654572,2.3033240917705378
2026-04-01 00:05:00+00:00,0.0,0.0,0.0,0.0,-45.30443810654572,2.3033240917705378
2026-04-01 00:10:00+00:00,0.0,0.0,0.0,0.0,-45.30443810654572,2.3033240917705378
2026-04-01 00:15:00+00:00,0.0,0.0,0.0,0.0,-45.30443810654572,2.3033240917705378
2026-04-01 00:20:00+00:00,0.0,0.0,0.0,0.0,-45.30443810654572,2.3033240917705378
2026-04-01 00:25:00+00:00,0.0,0.0,0.0,0.0,-45.30443810654572,2.3033240917705378
2026-04-01 00:30:00+00:00,0.0,0.0,0.0,0.0,-45.30443810654572,2.3033240917705378
2026-04-01 00:35:00+00:00,0.0,0.0,0.0,0.0,-45.30443810654572,2.3033240917705378
2026-04-01 00:40:00+00:00,0.0,0.0,0.0,0.0,-45.30443810654572,2.3033240917705378
2026-04-01 00:45:00+00:00,0.0,0.0,0.0,0.0,-45.30443810654572,2.3033240917705378
2026-04-01 00:50:00+00:00,0.0,0.0,0.0,0.0,-45.30443810654572,2.3033240917705378
2026-04-01 00:55:00+00:00,0.0,0.0,0.0,0.0,-45.30443810654572,2.3033240917705378
2026-04-01 01:00:00+00:00,0.0,0.0,0.0,0.0,-45.30443810654572,2.3033240917705378
2026-04-01 01:05:00+00:00,0.0,0.0,0.0,0.0,-45.30443810654572,2.3033240917705378
2026-04-01 01:10:00+00:00,0.0,0.0,0.0,0.0,-45.30443810654572,2.3033240917705378
2026-04-01 01:15:00+00:00,0.0,0.0,0.0,0.0,-45.30443810654572,2.3033240917705378
2026-04-01 01:20:00+00:00,0.0,0.0,0.0,0.0,-45.30443810654572,2.3033240917705378
2026-04-01 01:25:00+00:00,0.0,0.0,0.0,0.0,-45.30443810654572,2.3033240917705378
2026-04-01 01:30:00+00:00,0.0,0.0,0.0,0.0,-45.30443810654572,2.3033240917705378
2026-04-01 01:35:00+00:00,0.0,0.0,0.0,0.0,-45.30443810654572,2.3033240917705378
2026-04-01 01:40:00+00:00,0.0,0.0,0.0,0.0,-45.30443810654572,2.3033240917705378
2026-04-01 01:45:00+00:00,0.0,0.0,0.0,0.0,-45.30443810654572,2.3033240917705378
2026-04-01 01:50:00+00:00,0.0,0.0,0.0,0.0,-45.30443810654572,2.3033240917705378
2026-04-01 01:55:00+00:00,0.0,0.0,0.0,0.0,-45.30443810654572,2.3033240917705378
2026-04-01 02:00:00+00:00,0.0,0.0,0.0,0.0,-45.30443810654572,2.3033240917705378
2026-04-01 02:05:00+00:00,0.0,0.0,0.0,0.0,-45.30443810654572,2.3033240917705378
2026-04-01 02:10:00+00:00,0.0,0.0,0.0,0.0,-45.30443810654572,2.3033240917705378
2026-04-01 02:15:00+00:00,0.0,0.0,0.0,0.0,-45.30443810654572,2.3033240917705378
2026-04-01 02:20:00+00:00,0.0,0.0,0.0,0.0,-45.30443810654572,2.3033240917705378
2026-04-01 02:25:00+00:00,0.0,0.0,0.0,0.0,-45.30443810654572,2.3033240917705378
2026-04-01 02:30:00+00:00,0.0,0.0,0.0,0.0,-45.30443810654572,2.3033240917705378
2026-04-01 02:35:00+00:00,0.0,0.0,0.0,0.0,-45.30443810654572,2.3033240917705378
2026-04-01 02:40:00+00:00,0.0,0.0,0.0,0.0,-45.30443810654572,2.3033240917705378
2026-04-01 02:45:00+00:00,0.0,0.0,0.0,0.0,-45.30443810654572,2.3033240917705378
2026-04-01 02:50:00+00:00,0.0,0.0,0.0,0.0,-45.30443810654572,2.3033240917705378
2026-04-01 02:55:00+00:00,0.0,0.0,0.0,0.0,-45.30443810654572,2.3033240917705378
2026-04-01 03:00:00+00:00,0.0,0.0,0.0,0.0,-45.30443810654572,2.3033240917705378
2026-04-01 03:05:00+00:00,0.0,0.0,0.0,0.0,-45.30443810654572,2.3033240917705378
2026-04-01 03:10:00+00:00,0.0,0.0,0.0,0.0,-45.30443810654572,2.3033240917705378
2026-04-01 03:15:00+00:00,0.0,0.0,0.0,0.0,-45.30443810654572,2.3033240917705378
2026-04-01 03:20:00+00:00,0.0,0.0,0.0,0.0,-45.30443810654572,2.3033240917705378
2026-04-01 03:25:00+00:00,0.0,0.0,0.0,0.0,-45.30443810654572,2.3033240917705378
2026-04-01 03:30:00+00:00,0.0,0.0,0.0,0.0,-45.30443810654572,2.3033240917705378
2026-04-01 03:35:00+00:00,0.0,0.0,0.0,0.0,-45.30443810654572,2.3033240917705378
2026-04-01 03:40:00+00:00,0.0,0.0,0.0,0.0,-45.30443810654572,2.3033240917705378
2026-04-01 03:45:00+00:00,0.0,0.0,0.0,0.0,-45.30443810654572,2.3033240917705378
2026-04-01 03:50:00+00:00,0.0,0.0,0.0,0.0,-45.30443810654572,2.3033240917705378
2026-04-01 03:55:00+00:00,0.0,0.0,0.0,0.0,-45.30443810654572,2.3033240917705378
2026-04-01 04:00:00+00:00,0.0,0.0,0.0,0.0,-45.30443810654572,2.3033240917705378
2026-04-01 04:05:00+00:00,0.0,0.0,0.0,0.0,-45.30443810654572,2.3033240917705378
2026-04-01 04:10:00+00:00,0.0,0.0,0.0,0.0,-45.30443810654572,2.3033240917705378
2026-04-01 04:15:00+00:00,0.0,0.0,0.0,0.0,-45.30443810654572,2.3033240917705378
2026-04-01 04:20:00+00:00,0.0,0.0,0.0,0.0,-45.30443810654572,2.3033240917705378
2026-04-01 04:25:00+00:00,0.0,0.0,0.0,0.0,-45.30443810654572,2.3033240917705378
2026-04-01 04:30:00+00:00,0.0,0.0,0.0,0.0,-45.30443810654572,2.3033240917705378
2026-04-01 04:35:00+00:00,0.0,0.0,0.0,0.0,-45.30443810654572,2.3033240917705378
2026-04-01 04:40:00+00:00,0.0,0.0,0.0,0.0,-45.30443810654572,2.3033240917705378
2026-04-01 04:45:00+00:00,0.0,0.0,0.0,0.0,-45.30443810654572,2.3033240917705378
2026-04-01 04:50:00+00:00,0.0,0.0,0.0,0.0,-45.30443810654572,2.3033240917705378
2026-04-01 04:55:00+00:00,0.0,0.0,0.0,0.0,-45.30443810654572,2.3033240917705378
2026-04-01 05:00:00+00:00,0.0,0.0,0.0,0.0,-45.30443810654572,2.3033240917705378
2026-04-01 05:05:00+00:00,0.0,0.0,0.0,0.0,-45.30443810654572,2.3033240917705378
2026-04-01 05:10:00+00:00,0.0,0.0,0.0,0.0,-45.30443810654572,2.3033240917705378
2026-04-01 05:15:00+00:00,0.0,0.0,0.0,0.0,-45.30443810654572,2.3033240917705378
2026-04-01 05:20:00+00:00,0.0,0.0,0.0,0.0,-45.30443810654572,2.3033240917705378
2026-04-01 05:25:00+00:00,0.0,0.0,0.0,0.0,-45.30443810654572,2.3033240917705378
2026-04-01 05:30:00+00:00,0.0,0.0,0.0,0.0,-45.30443810654572,2.3033240917705378
2026-04-01 05:35:00+00:00,0.0,0.0,0.0,0.0,-45.30443810654572,2.3033240917705378
2026-04-01 05:40:00+00:00,0.0,0.0,0.0,0.0,-45.30443810654572,2.3033240917705378
2026-04-01 05:45:00+00:00,0.0,0.0,0.0,0.0,-45.30443810654572,2.3033240917705378
2026-04-01 05:50:00+00:00,0.0,0.0,0.0,0.0,-45.30443810654572,2.3033240917705378
2026-04-01 05:55:00+00:00,0.0,0.0,0.0,0.0,-45.30443810654572,2.3033240917705378
2026-04-01 06:00:00+00:00,0.0,0.0,0.0,0.0,-45.30443810654572,2.3033240917705378
2026-04-01 06:05:00+00:00,0.0,0.0,0.0,0.0,-45.30443810654572,2.3033240917705378
2026-04-01 06:10:00+00:00,0.0,0.0,0.0,0.0,-45.30443810654572,2.3033240917705378
2026-04-01 06:15:00+00:00,0.0,0.0,0.0,0.0,-45.30443810654572,2.3033240917705378
2026-04-01 06:20:00+00:00,0.0,0.0,0.0,0.0,-45.30443810654572,2.3033240917705378
2026-04-01 06:25:00+00:00,0.0,0.0,0.0,0.0,-45.30443810654572,2.3033240917705378
2026-04-01 06:30:00+00:00,0.0,0.0,0.0,0.0,-45.30443810654572,2.3033240917705378
2026-04-01 06:35:00+00:00,0.0,0.0,0.0,0.0,-45.30443810654572,2.3033240917705378
2026-04-01 06:40:00+00:00,0.0,0.0,0.0,0.0,-45.30443810654572,2.3033240917705378
2026-04-01 06:45:00+00:00,0.0,0.0,0.0,0.0,-45.30443810654572,2.3033240917705378
2026-04-01 06:50:00+00:00,0.0,0.0,0.0,0.0,-45.30443810654572,2.3033240917705378
2026-04-01 06:55:00+00:00,0.0,0.0,0.0,0.0,-45.30443810654572,2.3033240917705378
2026-04-01 07:00:00+00:00,0.0,0.0,0.0,0.0,-45.30443810654572,2.3033240917705378
2026-04-01 07:05:00+00:00,0.0,0.0,0.0,0.0,-45.30443810654572,2.3033240917705378
2026-04-01 07:10:00+00:00,0.0,0.0,0.0,0.0,-45.30443810654572,2.3033240917705378
2026-04-01 07:15:00+00:00,0.0,0.0,0.0,0.0,-45.30443810654572,2.3033240917705378
2026-04-01 07:20:00+00:00,0.0,0.0,0.0,0.0,-45.30443810654572,2.3033240917705378
2026-04-01 07:25:00+00:00,0.0,0.0,0.0,0.0,-45.30443810654572,2.3033240917705378
2026-04-01 07:30:00+00:00,0.0,0.0,0.0,0.0,-45.30443810654572,2.3033240917705378
2026-04-01 07:35:00+00:00,0.0,0.0,0.0,0.0,-45.30443810654572,2.3033240917705378
2026-04-01 07:40:00+00:00,0.0,0.0,0.0,0.0,-45.30443810654572,2.3033240917705378
2026-04-01 07:45:00+00:00,0.0,0.0,0.0,0.0,-45.30443810654572,2.3033240917705378
2026-04-01 07:50:00+00:00,0.0,0.0,0.0,0.0,-45.30443810654572,2.3033240917705378
2026-04-01 07:55:00+00:00,0.0,0.0,0.0,0.0,-45.30443810654572,2.3033240917705378
2026-04-01 08:00:00+00:00,0.0,0.0,0.0,0.0,-45.30443810654572,2.3033240917705378
2026-04-01 08:05:00+00:00,0.0,0.0,0.0,0.0,-45.30443810654572,2.3033240917705378
2026-04-01 08:10:00+00:00,0.0,0.0,0.0,0.0,-45.30443810654572,2.3033240917705378
2026-04-01 08:15:00+00:00,0.0,0.0,0.0,0.0,-45.30443810654572,2.3033240917705378
2026-04-01 08:20:00+00:00,0.0,0.0,0.0,0.0,-45.30443810654572,2.3033240917705378
2026-04-01 08:25:00+00:00,0.0,0.0,0.0,0.0,-45.30443810654572,2.3033240917705378
2026-04-01 08:30:00+00:00,0.0,0.0,0.0,0.0,-45.30443810654572,2.3033240917705378
2026-04-01 08:35:00+00:00,0.0,0.0,0.0,0.0,-45.30443810654572,2.3033240917705378
2026-04-01 08:40:00+00:00,0.0,0.0,0.0,0.0,-45.30443810654572,2.3033240917705378
2026-04-01 08:45:00+00:00,0.0,0.0,0.0,0.0,-45.30443810654572,2.3033240917705378
2026-04-01 08:50:00+00:00,0.0,0.0,0.0,0.0,-45.30443810654572,2.3033240917705378
2026-04-01 08:55:00+00:00,0.0,0.0,0.0,0.0,-45.30443810654572,2.3033240917705378
2026-04-01 09:00:00+00:00,0.0,0.0,0.0,0.0,-45.30443810654572,2.3033240917705378
2026-04-01 09:05:00+00:00,0.0,0.0,0.0,0.0,-45.30443810654572,2.3033240917705378
2026-04-01 09:10:00+00:00,0.0,0.0,0.0,0.0,-45.30443810654572,2.3033240917705378
2026-04-01 09:15:00+00:00,0.0,0.0,0.0,0.0,-45.30443810654572,2.3033240917705378
2026-04-01 09:20:00+00:00,0.0,0.0,0.0,0.0,-45.30443810654572,2.3033240917705378
2026-04-01 09:25:00+00:00,0.0,0.0,0.0,0.0,-45.30443810654572,2.3033240917705378
2026-04-01 09:30:00+00:00,0.0,0.0,0.0,0.0,-45.30443810654572,2.3033240917705378
2026-04-01 09:35:00+00:00,0.0,0.0,0.0,0.0,-45.30443810654572,2.3033240917705378
2026-04-01 09:40:00+00:00,0.0,0.0,0.0,0.0,-45.30443810654572,2.3033240917705378
2026-04-01 09:45:00+00:00,0.0,0.0,0.0,0.0,-45.30443810654572,2.3033240917705378
2026-04-01 09:50:00+00:00,0.0,0.0,0.0,0.0,-45.30443810654572,2.3033240917705378
2026-04-01 09:55:00+00:00,0.0,0.0,0.0,0.0,-45.30443810654572,2.3033240917705378
2026-04-01 10:00:00+00:00,0.0,0.0,0.0,0.0,-45.30443810654572,2.3033240917705378
2026-04-01 10:05:00+00:00,0.0,0.0,0.0,0.0,-45.30443810654572,2.3033240917705378
2026-04-01 10:10:00+00:00,0.0,0.0,0.0,0.0,-45.30443810654572,2.3033240917705378
2026-04-01 10:15:00+00:00,0.0,0.0,0.0,0.0,-45.30443810654572,2.3033240917705378
2026-04-01 10:20:00+00:00,0.0,0.0,0.0,0.0,-45.30443810654572,2.3033240917705378
2026-04-01 10:25:00+00:00,0.0,0.0,0.0,0.0,-45.30443810654572,2.3033240917705378
2026-04-01 10:30:00+00:00,0.0,0.0,0.0,0.0,-45.30443810654572,2.3033240917705378
2026-04-01 10:35:00+00:00,0.0,0.0,0.0,0.0,-45.30443810654572,2.3033240917705378
2026-04-01 10:40:00+00:00,0.0,0.0,0.0,0.0,-45.30443810654572,2.3033240917705378
2026-04-01 10:45:00+00:00,0.0,0.0,0.0,0.0,-45.30443810654572,2.3033240917705378
2026-04-01 10:50:00+00:00,0.0,0.0,0.0,0.0,-45.30443810654572,2.3033240917705378
2026-04-01 10:55:00+00:00,0.0,0.0,0.0,0.0,-45.30443810654572,2.3033240917705378
2026-04-01 11:00:00+00:00,0.0,0.0,0.0,0.0,-45.30443810654572,2.3033240917705378
2026-04-01 11:05:00+00:00,0.0,0.0,0.0,0.0,-45.30443810654572,2.3033240917705378
2026-04-01 11:10:00+00:00,0.0,0.0,0.0,0.0,-45.30443810654572,2.3033240917705378
2026-04-01 11:15:00+00:00,0.0,0.0,0.0,0.0,-45.30443810654572,2.3033240917705378
2026-04-01 11:20:00+00:00,0.0,0.0,0.0,0.0,-45.30443810654572,2.3033240917705378
2026-04-01 11:25:00+00:00,0.0,0.0,0.0,0.0,-45.30443810654572,2.3033240917705378
2026-04-01 11:30:00+00:00,0.0,0.0,0.0,0.0,-45.30443810654572,2.3033240917705378
2026-04-01 11:35:00+00:00,0.0,0.0,0.0,0.0,-45.30443810654572,2.3033240917705378
2026-04-01 11:40:00+00:00,0.0,0.0,0.0,0.0,-45.30443810654572,2.3033240917705378
2026-04-01 11:45:00+00:00,0.0,0.0,0.0,0.0,-45.30443810654572,2.3033240917705378
2026-04-01 11:50:00+00:00,0.0,0.0,0.0,0.0,-45.30443810654572,2.3033240917705378
2026-04-01 11:55:00+00:00,0.0,0.0,0.0,0.0,-45.30443810654572,2.3033240917705378
2026-04-01 12:00:00+00:00,0.0,0.0,0.0,0.0,-45.30443810654572,2.3033240917705378
2026-04-01 12:05:00+00:00,0.0,0.0,0.0,0.0,-45.30443810654572,2.3033240917705378
2026-04-01 12:10:00+00:00,0.0,0.0,0.0,0.0,-45.30443810654572,2.3033240917705378
2026-04-01 12:15:00+00:00,0.0,0.0,0.0,0.0,-45.30443810654572,2.3033240917705378
2026-04-01 12:20:00+00:00,0.0,0.0,0.0,0.0,-45.30443810654572,2.3033240917705378
2026-04-01 12:25:00+00:00,0.0,0.0,0.0,0.0,-45.30443810654572,2.3033240917705378
2026-04-01 12:30:00+00:00,0.0,0.0,0.0,0.0,-45.30443810654572,2.3033240917705378
2026-04-01 12:35:00+00:00,0.0,0.0,0.0,0.0,-45.30443810654572,2.3033240917705378
2026-04-01 12:40:00+00:00,0.0,0.0,0.0,0.0,-45.30443810654572,2.3033240917705378
2026-04-01 12:45:00+00:00,0.0,0.0,0.0,0.0,-45.30443810654572,2.3033240917705378
2026-04-01 12:50:00+00:00,0.0,0.0,0.0,0.0,-45.30443810654572,2.3033240917705378
2026-04-01 12:55:00+00:00,0.0,0.0,0.0,0.0,-45.30443810654572,2.3033240917705378
2026-04-01 13:00:00+00:00,0.0,0.0,0.0,0.0,-45.30443810654572,2.3033240917705378
2026-04-01 13:05:00+00:00,0.0,0.0,0.0,0.0,-45.30443810654572,2.3033240917705378
2026-04-01 13:10:00+00:00,0.0,0.0,0.0,0.0,-45.30443810654572,2.3033240917705378
2026-04-01 13:15:00+00:00,0.0,0.0,0.0,0.0,-45.30443810654572,2.3033240917705378
2026-04-01 13:20:00+00:00,0.0,0.0,0.0,0.0,-45.30443810654572,2.3033240917705378
2026-04-01 13:25:00+00:00,0.0,0.0,0.0,0.0,-45.30443810654572,2.3033240917705378
2026-04-01 13:30:00+00:00,0.0,0.0,0.0,0.0,-45.30443810654572,2.3033240917705378
2026-04-01 13:35:00+00:00,0.0,0.0,0.0,0.0,-45.30443810654572,2.3033240917705378
2026-04-01 13:40:00+00:00,0.0,0.0,0.0,0.0,-45.30443810654572,2.3033240917705378
2026-04-01 13:45:00+00:00,0.0,0.0,0.0,0.0,-45.30443810654572,2.3033240917705378
2026-04-01 13:50:00+00:00,0.0,0.0,0.0,0.0,-45.30443810654572,2.3033240917705378
2026-04-01 13:55:00+00:00,0.0,0.0,0.0,0.0,-45.30443810654572,2.3033240917705378
2026-04-01 14:00:00+00:00,0.0,0.0,0.0,0.0,-45.30443810654572,2.3033240917705378
2026-04-01 14:05:00+00:00,0.0,0.0,0.0,0.0,-45.30443810654572,2.3033240917705378
2026-04-01 14:10:00+00:00,0.0,0.0,0.0,0.0,-45.30443810654572,2.3033240917705378
2026-04-01 14:15:00+00:00,0.0,0.0,0.0,0.0,-45.30443810654572,2.3033240917705378
2026-04-01 14:20:00+00:00,0.0,0.0,0.0,0.0,-45.30443810654572,2.3033240917705378
2026-04-01 14:25:00+00:00,0.0,0.0,0.0,0.0,-45.30443810654572,2.3033240917705378
2026-04-01 14:30:00+00:00,0.0,0.0,0.0,0.0,-45.30443810654572,2.3033240917705378
2026-04-01 14:35:00+00:00,0.0,0.0,0.0,0.0,-45.30443810654572,2.3033240917705378
2026-04-01 14:40:00+00:00,0.0,0.0,0.0,0.0,-45.30443810654572,2.3033240917705378
2026-04-01 14:45:00+00:00,0.0,0.0,0.0,0.0,-45.30443810654572,2.3033240917705378
2026-04-01 14:50:00+00:00,0.0,0.0,0.0,0.0,-45.30443810654572,2.3033240917705378
2026-04-01 14:55:00+00:00,0.0,0.0,0.0,0.0,-45.30443810654572,2.3033240917705378
2026-04-01 15:00:00+00:00,0.0,0.0,0.0,0.0,-45.30443810654572,2.3033240917705378
2026-04-01 15:05:00+00:00,0.0,0.0,0.0,0.0,-45.30443810654572,2.3033240917705378
2026-04-01 15:10:00+00:00,0.0,0.0,0.0,0.0,-45.30443810654572,2.3033240917705378
2026-04-01 15:15:00+00:00,0.0,0.0,0.0,0.0,-45.30443810654572,2.3033240917705378
2026-04-01 15:20:00+00:00,0.0,0.0,0.0,0.0,-45.30443810654572,2.3033240917705378
2026-04-01 15:25:00+00:00,0.0,0.0,0.0,0.0,-45.30443810654572,2.3033240917705378
2026-04-01 15:30:00+00:00,0.0,0.0,0.0,0.0,-45.30443810654572,2.3033240917705378
2026-04-01 15:35:00+00:00,0.0,0.0,0.0,0.0,-45.30443810654572,2.3033240917705378
2026-04-01 15:40:00+00:00,0.0,0.0,0.0,0.0,-45.30443810654572,2.3033240917705378
2026-04-01 15:45:00+00:00,0.0,0.0,0.0,0.0,-45.30443810654572,2.3033240917705378
2026-04-01 15:50:00+00:00,0.0,0.0,0.0,0.0,-45.30443810654572,2.3033240917705378
2026-04-01 15:55:00+00:00,0.0,0.0,0.0,0.0,-45.30443810654572,2.3033240917705378
2026-04-01 16:00:00+00:00,0.0,0.0,0.0,0.0,-45.30443810654572,2.3033240917705378
2026-04-01 16:05:00+00:00,0.0,0.0,0.0,0.0,-45.30443810654572,2.3033240917705378
2026-04-01 16:10:00+00:00,0.0,0.0,0.0,0.0,-45.30443810654572,2.3033240917705378
2026-04-01 16:15:00+00:00,0.0,0.0,0.0,0.0,-45.30443810654572,2.3033240917705378
2026-04-01 16:20:00+00:00,0.0,0.0,0.0,0.0,-45.30443810654572,2.3033240917705378
2026-04-01 16:25:00+00:00,0.0,0.0,0.0,0.0,-45.30443810654572,2.3033240917705378
2026-04-01 16:30:00+00:00,0.0,0.0,0.0,0.0,-45.30443810654572,2.3033240917705378
2026-04-01 16:35:00+00:00,0.0,0.0,0.0,0.0,-45.30443810654572,2.3033240917705378
2026-04-01 16:40:00+00:00,0.0,0.0,0.0,0.0,-45.30443810654572,2.3033240917705378
2026-04-01 16:45:00+00:00,0.0,0.0,0.0,0.0,-45.30443810654572,2.3033240917705378
2026-04-01 16:50:00+00:00,0.0,0.0,0.0,0.0,-45.30443810654572,2.3033240917705378
2026-04-01 16:55:00+00:00,0.0,0.0,0.0,0.0,-45.30443810654572,2.3033240917705378
2026-04-01 17:00:00+00:00,0.0,0.0,0.0,0.0,-45.30443810654572,2.3033240917705378
2026-04-01 17:05:00+00:00,0.0,0.0,0.0,0.0,-45.30443810654572,2.3033240917705378
2026-04-01 17:10:00+00:00,0.0,0.0,0.0,0.0,-45.30443810654572,2.3033240917705378
2026-04-01 17:15:00+00:00,0.0,0.0,0.0,0.0,-45.30443810654572,2.3033240917705378
2026-04-01 17:20:00+00:00,0.0,0.0,0.0,0.0,-45.30443810654572,2.3033240917705378
2026-04-01 17:25:00+00:00,0.0,0.0,0.0,0.0,-45.30443810654572,2.3033240917705378
2026-04-01 17:30:00+00:00,0.0,0.0,0.0,0.0,-45.30443810654572,2.3033240917705378
2026-04-01 17:35:00+00:00,0.0,0.0,0.0,0.0,-45.30443810654572,2.3033240917705378
2026-04-01 17:40:00+00:00,0.0,0.0,0.0,0.0,-45.30443810654572,2.3033240917705378
2026-04-01 17:45:00+00:00,0.0,0.0,0.0,0.0,-45.30443810654572,2.3033240917705378
2026-04-01 17:50:00+00:00,0.0,0.0,0.0,0.0,-45.30443810654572,2.3033240917705378
2026-04-01 17:55:00+00:00,0.0,0.0,0.0,0.0,-45.30443810654572,2.3033240917705378
2026-04-01 18:00:00+00:00,0.0,0.0,0.0,0.0,-45.30443810654572,2.3033240917705378
2026-04-01 18:05:00+00:00,0.0,0.0,0.0,0.0,-45.30443810654572,2.3033240917705378
2026-04-01 18:10:00+00:00,0.0,0.0,0.0,0.0,-45.30443810654572,2.3033240917705378
2026-04-01 18:15:00+00:00,0.0,0.0,0.0,0.0,-45.30443810654572,2.3033240917705378
2026-04-01 18:20:00+00:00,0.0,0.0,0.0,0.0,-45.30443810654572,2.3033240917705378
2026-04-01 18:25:00+00:00,0.0,0.0,0.0,0.0,-45.30443810654572,2.3033240917705378
2026-04-01 18:30:00+00:00,0.0,0.0,0.0,0.0,-45.30443810654572,2.3033240917705378
2026-04-01 18:35:00+00:00,0.0,0.0,0.0,0.0,-45.30443810654572,2.3033240917705378
2026-04-01 18:40:00+00:00,0.0,0.0,0.0,0.0,-45.30443810654572,2.3033240917705378
2026-04-01 18:45:00+00:00,0.0,0.0,0.0,0.0,-45.30443810654572,2.3033240917705378
2026-04-01 18:50:00+00:00,0.0,0.0,0.0,0.0,-45.30443810654572,2.3033240917705378
2026-04-01 18:55:00+00:00,0.0,0.0,0.0,0.0,-45.30443810654572,2.3033240917705378
2026-04-01 19:00:00+00:00,0.0,0.0,0.0,0.0,-45.30443810654572,2.3033240917705378
2026-04-01 19:05:00+00:00,0.0,0.0,0.0,0.0,-45.30443810654572,2.3033240917705378
2026-04-01 19:10:00+00:00,0.0,0.0,0.0,0.0,-45.30443810654572,2.3033240917705378
2026-04-01 19:15:00+00:00,0.0,0.0,0.0,0.0,-45.30443810654572,2.3033240917705378
2026-04-01 19:20:00+00:00,0.0,0.0,0.0,0.0,-45.30443810654572,2.3033240917705378
2026-04-01 19:25:00+00:00,0.0,0.0,0.0,0.0,-45.30443810654572,2.3033240917705378
2026-04-01 19:30:00+00:00,0.0,0.0,0.0,0.0,-45.30443810654572,2.3033240917705378
2026-04-01 19:35:00+00:00,0.0,0.0,0.0,0.0,-45.30443810654572,2.3033240917705378
2026-04-01 19:40:00+00:00,0.0,0.0,0.0,0.0,-45.30443810654572,2.3033240917705378
2026-04-01 19:45:00+00:00,0.0,0.0,0.0,0.0,-45.30443810654572,2.3033240917705378
2026-04-01 19:50:00+00:00,0.0,0.0,0.0,0.0,-45.30443810654572,2.3033240917705378
2026-04-01 19:55:00+00:00,0.0,0.0,0.0,0.0,-45.30443810654572,2.3033240917705378
2026-04-01 20:00:00+00:00,0.0,0.0,0.0,0.0,-45.30443810654572,2.3033240917705378
2026-04-01 20:05:00+00:00,0.0,0.0,0.0,0.0,-45.30443810654572,2.3033240917705378
2026-04-01 20:10:00+00:00,0.0,0.0,0.0,0.0,-45.30443810654572,2.3033240917705378
2026-04-01 20:15:00+00:00,0.0,0.0,0.0,0.0,-45.30443810654572,2.3033240917705378
2026-04-01 20:20:00+00:00,0.0,0.0,0.0,0.0,-45.30443810654572,2.3033240917705378
2026-04-01 20:25:00+00:00,0.0,0.0,0.0,0.0,-45.30443810654572,2.3033240917705378
2026-04-01 20:30:00+00:00,0.0,0.0,0.0,0.0,-45.30443810654572,2.3033240917705378
2026-04-01 20:35:00+00:00,0.0,0.0,0.0,0.0,-45.30443810654572,2.3033240917705378
2026-04-01 20:40:00+00:00,0.0,0.0,0.0,0.0,-45.30443810654572,2.3033240917705378
2026-04-01 20:45:00+00:00,0.0,0.0,0.0,0.0,-45.30443810654572,2.3033240917705378
2026-04-01 20:50:00+00:00,0.0,0.0,0.0,0.0,-45.30443810654572,2.3033240917705378
2026-04-01 20:55:00+00:00,0.0,0.0,0.0,0.0,-45.30443810654572,2.3033240917705378
2026-04-01 21:00:00+00:00,0.0,0.0,0.0,0.0,-45.30443810654572,2.3033240917705378
2026-04-01 21:05:00+00:00,0.0,0.0,0.0,0.0,-45.30443810654572,2.3033240917705378
2026-04-01 21:10:00+00:00,0.0,0.0,0.0,0.0,-45.30443810654572,2.3033240917705378
2026-04-01 21:15:00+00:00,0.0,0.0,0.0,0.0,-45.30443810654572,2.3033240917705378
2026-04-01 21:20:00+00:00,0.0,0.0,0.0,0.0,-45.30443810654572,2.3033240917705378
2026-04-01 21:25:00+00:00,0.0,0.0,0.0,0.0,-45.30443810654572,2.3033240917705378
2026-04-01 21:30:00+00:00,0.0,0.0,0.0,0.0,-45.30443810654572,2.3033240917705378
2026-04-01 21:35:00+00:00,0.0,0.0,0.0,0.0,-45.30443810654572,2.3033240917705378
2026-04-01 21:40:00+00:00,0.0,0.0,0.0,0.0,-45.30443810654572,2.3033240917705378
2026-04-01 21:45:00+00:00,0.0,0.0,0.0,0.0,-45.30443810654572,2.3033240917705378
2026-04-01 21:50:00+00:00,0.0,0.0,0.0,0.0,-45.30443810654572,2.3033240917705378
2026-04-01 21:55:00+00:00,0.0,0.0,0.0,0.0,-45.30443810654572,2.3033240917705378
2026-04-01 22:00:00+00:00,0.0,0.0,0.0,0.0,-45.30443810654572,2.3033240917705378
2026-04-01 22:05:00+00:00,0.0,0.0,0.0,0.0,-45.30443810654572,2.3033240917705378
2026-04-01 22:10:00+00:00,0.0,0.0,0.0,0.0,-45.30443810654572,2.3033240917705378
2026-04-01 22:15:00+00:00,0.0,0.0,0.0,0.0,-45.30443810654572,2.3033240917705378
2026-04-01 22:20:00+00:00,0.0,0.0,0.0,0.0,-45.30443810654572,2.3033240917705378
2026-04-01 22:25:00+00:00,0.0,0.0,0.0,0.0,-45.30443810654572,2.3033240917705378
2026-04-01 22:30:00+00:00,0.0,0.0,0.0,0.0,-45.30443810654572,2.3033240917705378
2026-04-01 22:35:00+00:00,0.0,0.0,0.0,0.0,-45.30443810654572,2.3033240917705378
2026-04-01 22:40:00+00:00,0.0,0.0,0.0,0.0,-45.30443810654572,2.3033240917705378
2026-04-01 22:45:00+00:00,0.0,0.0,0.0,0.0,-45.30443810654572,2.3033240917705378
2026-04-01 22:50:00+00:00,0.0,0.0,0.0,0.0,-45.30443810654572,2.3033240917705378
2026-04-01 22:55:00+00:00,0.0,0.0,0.0,0.0,-45.30443810654572,2.3033240917705378
2026-04-01 23:00:00+00:00,0.0,0.0,0.0,0.0,-45.30443810654572,2.3033240917705378
2026-04-01 23:05:00+00:00,0.0,0.0,0.0,0.0,-45.30443810654572,2.3033240917705378
2026-04-01 23:10:00+00:00,0.0,0.0,0.0,0.0,-45.30443810654572,2.3033240917705378
2026-04-01 23:15:00+00:00,0.0,0.0,0.0,0.0,-45.30443810654572,2.3033240917705378
2026-04-01 23:20:00+00:00,0.0,0.0,0.0,0.0,-45.30443810654572,2.3033240917705378
2026-04-01 23:25:00+00:00,0.0,0.0,0.0,0.0,-45.30443810654572,2.3033240917705378
2026-04-01 23:30:00+00:00,0.0,0.0,0.0,0.0,-45.30443810654572,2.3033240917705378
2026-04-01 23:35:00+00:00,0.0,0.0,0.0,0.0,-45.30443810654572,2.3033240917705378
2026-04-01 23:40:00+00:00,0.0,0.0,0.0,0.0,-45.30443810654572,2.3033240917705378
2026-04-01 23:45:00+00:00,0.0,0.0,0.0,0.0,-45.30443810654572,2.3033240917705378
2026-04-01 23:50:00+00:00,0.0,0.0,0.0,0.0,-45.30443810654572,2.3033240917705378
2026-04-01 23:55:00+00:00,0.0,0.0,0.0,0.0,-45.30443810654572,2.3033240917705378
2026-04-02 00:00:00+00:00,0.0,0.0,0.0,0.0,-45.30443810654572,2.3033240917705378
2026-04-02 00:05:00+00:00,0.0,0.0,0.0,0.0,-45.30443810654572,2.3033240917705378
2026-04-02 00:10:00+00:00,0.0,0.0,0.0,0.0,-45.30443810654572,2.3033240917705378
2026-04-02 00:15:00+00:00,0.0,0.0,0.0,0.0,-45.30443810654572,2.3033240917705378
2026-04-02 00:20:00+00:00,0.0,0.0,0.0,0.0,-45.30443810654572,2.3033240917705378
2026-04-02 00:25:00+00:00,0.0,0.0,0.0,0.0,-45.30443810654572,2.3033240917705378
2026-04-02 00:30:00+00:00,0.0,0.0,0.0,0.0,-45.30443810654572,2.3033240917705378
2026-04-02 00:35:00+00:00,0.0,0.0,0.0,0.0,-45.30443810654572,2.3033240917705378
2026-04-02 00:40:00+00:00,0.0,0.0,0.0,0.0,-45.30443810654572,2.3033240917705378
2026-04-02 00:45:00+00:00,0.0,0.0,0.0,0.0,-45.30443810654572,2.3033240917705378
2026-04-02 00:50:00+00:00,0.0,0.0,0.0,0.0,-45.30443810654572,2.3033240917705378
2026-04-02 00:55:00+00:00,0.0,0.0,0.0,0.0,-45.30443810654572,2.3033240917705378
2026-04-02 01:00:00+00:00,0.0,0.0,0.0,0.0,-45.30443810654572,2.3033240917705378
2026-04-02 01:05:00+00:00,0.0,0.0,0.0,0.0,-45.30443810654572,2.3033240917705378
2026-04-02 01:10:00+00:00,0.0,0.0,0.0,0.0,-45.30443810654572,2.3033240917705378
2026-04-02 01:15:00+00:00,0.0,0.0,0.0,0.0,-45.30443810654572,2.3033240917705378
2026-04-02 01:20:00+00:00,0.0,0.0,0.0,0.0,-45.30443810654572,2.3033240917705378
2026-04-02 01:25:00+00:00,0.0,0.0,0.0,0.0,-45.30443810654572,2.3033240917705378
2026-04-02 01:30:00+00:00,0.0,0.0,0.0,0.0,-45.30443810654572,2.3033240917705378
2026-04-02 01:35:00+00:00,0.0,0.0,0.0,0.0,-45.30443810654572,2.3033240917705378
2026-04-02 01:40:00+00:00,0.0,0.0,0.0,0.0,-45.30443810654572,2.3033240917705378
2026-04-02 01:45:00+00:00,0.0,0.0,0.0,0.0,-45.30443810654572,2.3033240917705378
2026-04-02 01:50:00+00:00,0.0,0.0,0.0,0.0,-45.30443810654572,2.3033240917705378
2026-04-02 01:55:00+00:00,0.0,0.0,0.0,0.0,-45.30443810654572,2.3033240917705378
2026-04-02 02:00:00+00:00,0.0,0.0,0.0,0.0,-45.30443810654572,2.3033240917705378
2026-04-02 02:05:00+00:00,0.0,0.0,0.0,0.0,-45.30443810654572,2.3033240917705378
2026-04-02 02:10:00+00:00,0.0,0.0,0.0,0.0,-45.30443810654572,2.3033240917705378
2026-04-02 02:15:00+00:00,0.0,0.0,0.0,0.0,-45.30443810654572,2.3033240917705378
2026-04-02 02:20:00+00:00,0.0,0.0,0.0,0.0,-45.30443810654572,2.3033240917705378
2026-04-02 02:25:00+00:00,0.0,0.0,0.0,0.0,-45.30443810654572,2.3033240917705378
2026-04-02 02:30:00+00:00,0.0,0.0,0.0,0.0,-45.30443810654572,2.3033240917705378
2026-04-02 02:35:00+00:00,0.0,0.0,0.0,0.0,-45.30443810654572,2.3033240917705378
2026-04-02 02:40:00+00:00,0.0,0.0,0.0,0.0,-45.30443810654572,2.3033240917705378
2026-04-02 02:45:00+00:00,0.0,0.0,0.0,0.0,-45.30443810654572,2.3033240917705378
2026-04-02 02:50:00+00:00,0.0,0.0,0.0,0.0,-45.30443810654572,2.3033240917705378
2026-04-02 02:55:00+00:00,0.0,0.0,0.0,0.0,-45.30443810654572,2.3033240917705378
2026-04-02 03:00:00+00:00,0.0,0.0,0.0,0.0,-45.30443810654572,2.3033240917705378
2026-04-02 03:05:00+00:00,0.0,0.0,0.0,0.0,-45.30443810654572,2.3033240917705378
2026-04-02 03:10:00+00:00,0.0,0.0,0.0,0.0,-45.30443810654572,2.3033240917705378
2026-04-02 03:15:00+00:00,0.0,0.0,0.0,0.0,-45.30443810654572,2.3033240917705378
2026-04-02 03:20:00+00:00,0.0,0.0,0.0,0.0,-45.30443810654572,2.3033240917705378
2026-04-02 03:25:00+00:00,0.0,0.0,0.0,0.0,-45.30443810654572,2.3033240917705378
2026-04-02 03:30:00+00:00,0.0,0.0,0.0,0.0,-45.30443810654572,2.3033240917705378
2026-04-02 03:35:00+00:00,0.0,0.0,0.0,0.0,-45.30443810654572,2.3033240917705378
2026-04-02 03:40:00+00:00,0.0,0.0,0.0,0.0,-45.30443810654572,2.3033240917705378
2026-04-02 03:45:00+00:00,0.0,0.0,0.0,0.0,-45.30443810654572,2.3033240917705378
2026-04-02 03:50:00+00:00,0.0,0.0,0.0,0.0,-45.30443810654572,2.3033240917705378
2026-04-02 03:55:00+00:00,0.0,0.0,0.0,0.0,-45.30443810654572,2.3033240917705378
2026-04-02 04:00:00+00:00,0.0,0.0,0.0,0.0,-45.30443810654572,2.3033240917705378
2026-04-02 04:05:00+00:00,0.0,0.0,0.0,0.0,-45.30443810654572,2.3033240917705378
2026-04-02 04:10:00+00:00,0.0,0.0,0.0,0.0,-45.30443810654572,2.3033240917705378
2026-04-02 04:15:00+00:00,0.0,0.0,0.0,0.0,-45.30443810654572,2.3033240917705378
2026-04-02 04:20:00+00:00,0.0,0.0,0.0,0.0,-45.30443810654572,2.3033240917705378
2026-04-02 04:25:00+00:00,0.0,0.0,0.0,0.0,-45.30443810654572,2.3033240917705378
2026-04-02 04:30:00+00:00,0.0,0.0,0.0,0.0,-45.30443810654572,2.3033240917705378
2026-04-02 04:35:00+00:00,0.0,0.0,0.0,0.0,-45.30443810654572,2.3033240917705378
2026-04-02 04:40:00+00:00,0.0,0.0,0.0,0.0,-45.30443810654572,2.3033240917705378
2026-04-02 04:45:00+00:00,0.0,0.0,0.0,0.0,-45.30443810654572,2.3033240917705378
2026-04-02 04:50:00+00:00,0.0,0.0,0.0,0.0,-45.30443810654572,2.3033240917705378
2026-04-02 04:55:00+00:00,0.0,0.0,0.0,0.0,-45.30443810654572,2.3033240917705378
2026-04-02 05:00:00+00:00,0.0,0.0,0.0,0.0,-45.30443810654572,2.3033240917705378
2026-04-02 05:05:00+00:00,0.0,0.0,0.0,0.0,-45.30443810654572,2.3033240917705378
2026-04-02 05:10:00+00:00,0.0,0.0,0.0,0.0,-45.30443810654572,2.3033240917705378
2026-04-02 05:15:00+00:00,0.0,0.0,0.0,0.0,-45.30443810654572,2.3033240917705378
2026-04-02 05:20:00+00:00,0.0,0.0,0.0,0.0,-45.30443810654572,2.3033240917705378
2026-04-02 05:25:00+00:00,0.0,0.0,0.0,0.0,-45.30443810654572,2.3033240917705378
2026-04-02 05:30:00+00:00,0.0,0.0,0.0,0.0,-45.30443810654572,2.3033240917705378
2026-04-02 05:35:00+00:00,0.0,0.0,0.0,0.0,-45.30443810654572,2.3033240917705378
2026-04-02 05:40:00+00:00,0.0,0.0,0.0,0.0,-45.30443810654572,2.3033240917705378
2026-04-02 05:45:00+00:00,0.0,0.0,0.0,0.0,-45.30443810654572,2.3033240917705378
2026-04-02 05:50:00+00:00,0.0,0.0,0.0,0.0,-45.30443810654572,2.3033240917705378
2026-04-02 05:55:00+00:00,0.0,0.0,0.0,0.0,-45.30443810654572,2.3033240917705378
2026-04-02 06:00:00+00:00,0.0,0.0,0.0,0.0,-45.30443810654572,2.3033240917705378
2026-04-02 06:05:00+00:00,0.0,0.0,0.0,0.0,-45.30443810654572,2.3033240917705378
2026-04-02 06:10:00+00:00,0.0,0.0,0.0,0.0,-45.30443810654572,2.3033240917705378
2026-04-02 06:15:00+00:00,0.0,0.0,0.0,0.0,-45.30443810654572,2.3033240917705378
2026-04-02 06:20:00+00:00,0.0,0.0,0.0,0.0,-45.30443810654572,2.3033240917705378
2026-04-02 06:25:00+00:00,0.0,0.0,0.0,0.0,-45.30443810654572,2.3033240917705378
2026-04-02 06:30:00+00:00,0.0,0.0,0.0,0.0,-45.30443810654572,2.3033240917705378
2026-04-02 06:35:00+00:00,0.0,0.0,0.0,0.0,-45.30443810654572,2.3033240917705378
2026-04-02 06:40:00+00:00,0.0,0.0,0.0,0.0,-45.30443810654572,2.3033240917705378
2026-04-02 06:45:00+00:00,0.0,0.0,0.0,0.0,-45.30443810654572,2.3033240917705378
2026-04-02 06:50:00+00:00,0.0,0.0,0.0,0.0,-45.30443810654572,2.3033240917705378
2026-04-02 06:55:00+00:00,0.0,0.0,0.0,0.0,-45.30443810654572,2.3033240917705378
2026-04-02 07:00:00+00:00,0.0,0.0,0.0,0.0,-45.30443810654572,2.3033240917705378
2026-04-02 07:05:00+00:00,0.0,0.0,0.0,0.0,-45.30443810654572,2.3033240917705378
2026-04-02 07:10:00+00:00,0.0,0.0,0.0,0.0,-45.30443810654572,2.3033240917705378
2026-04-02 07:15:00+00:00,0.0,0.0,0.0,0.0,-45.30443810654572,2.3033240917705378
2026-04-02 07:20:00+00:00,0.0,0.0,0.0,0.0,-45.30443810654572,2.3033240917705378
2026-04-02 07:25:00+00:00,0.0,0.0,0.0,0.0,-45.30443810654572,2.3033240917705378
2026-04-02 07:30:00+00:00,0.0,0.0,0.0,0.0,-45.30443810654572,2.3033240917705378
2026-04-02 07:35:00+00:00,0.0,0.0,0.0,0.0,-45.30443810654572,2.3033240917705378
2026-04-02 07:40:00+00:00,0.0,0.0,0.0,0.0,-45.30443810654572,2.3033240917705378
2026-04-02 07:45:00+00:00,0.0,0.0,0.0,0.0,-45.30443810654572,2.3033240917705378
2026-04-02 07:50:00+00:00,0.0,0.0,0.0,0.0,-45.30443810654572,2.3033240917705378
2026-04-02 07:55:00+00:00,0.0,0.0,0.0,0.0,-45.30443810654572,2.3033240917705378
2026-04-02 08:00:00+00:00,0.0,0.0,0.0,0.0,-45.30443810654572,2.3033240917705378
2026-04-02 08:05:00+00:00,0.0,0.0,0.0,0.0,-45.30443810654572,2.3033240917705378
2026-04-02 08:10:00+00:00,0.0,0.0,0.0,0.0,-45.30443810654572,2.3033240917705378
2026-04-02 08:15:00+00:00,0.0,0.0,0.0,0.0,-45.30443810654572,2.3033240917705378
2026-04-02 08:20:00+00:00,0.0,0.0,0.0,0.0,-45.30443810654572,2.3033240917705378
2026-04-02 08:25:00+00:00,0.0,0.0,0.0,0.0,-45.30443810654572,2.3033240917705378
2026-04-02 08:30:00+00:00,0.0,0.0,0.0,0.0,-45.30443810654572,2.3033240917705378
2026-04-02 08:35:00+00:00,0.0,0.0,0.0,0.0,-45.30443810654572,2.3033240917705378
2026-04-02 08:40:00+00:00,0.0,0.0,0.0,0.0,-45.30443810654572,2.3033240917705378
2026-04-02 08:45:00+00:00,0.0,0.0,0.0,0.0,-45.30443810654572,2.3033240917705378
2026-04-02 08:50:00+00:00,0.0,0.0,0.0,0.0,-45.30443810654572,2.3033240917705378
2026-04-02 08:55:00+00:00,0.0,0.0,0.0,0.0,-45.30443810654572,2.3033240917705378
2026-04-02 09:00:00+00:00,0.0,0.0,0.0,0.0,-45.30443810654572,2.3033240917705378
2026-04-02 09:05:00+00:00,0.0,0.0,0.0,0.0,-45.30443810654572,2.3033240917705378
2026-04-02 09:10:00+00:00,0.0,0.0,0.0,0.0,-45.30443810654572,2.3033240917705378
2026-04-02 09:15:00+00:00,0.0,0.0,0.0,0.0,-45.30443810654572,2.3033240917705378
2026-04-02 09:20:00+00:00,0.0,0.0,0.0,0.0,-45.30443810654572,2.3033240917705378
2026-04-02 09:25:00+00:00,0.0,0.0,0.0,0.0,-45.30443810654572,2.3033240917705378
2026-04-02 09:30:00+00:00,0.0,0.0,0.0,0.0,-45.30443810654572,2.3033240917705378
2026-04-02 09:35:00+00:00,0.0,0.0,0.0,0.0,-45.30443810654572,2.3033240917705378
2026-04-02 09:40:00+00:00,0.0,0.0,0.0,0.0,-45.30443810654572,2.3033240917705378
2026-04-02 09:45:00+00:00,0.0,0.0,0.0,0.0,-45.30443810654572,2.3033240917705378
2026-04-02 09:50:00+00:00,0.0,0.0,0.0,0.0,-45.30443810654572,2.3033240917705378
2026-04-02 09:55:00+00:00,0.0,0.0,0.0,0.0,-45.30443810654572,2.3033240917705378
2026-04-02 10:00:00+00:00,0.0,0.0,0.0,0.0,-45.30443810654572,2.3033240917705378
2026-04-02 10:05:00+00:00,0.0,0.0,0.0,0.0,-45.30443810654572,2.3033240917705378
2026-04-02 10:10:00+00:00,0.0,0.0,0.0,0.0,-45.30443810654572,2.3033240917705378
2026-04-02 10:15:00+00:00,0.0,0.0,0.0,0.0,-45.30443810654572,2.3033240917705378
2026-04-02 10:20:00+00:00,0.0,0.0,0.0,0.0,-45.30443810654572,2.3033240917705378
2026-04-02 10:25:00+00:00,0.0,0.0,0.0,0.0,-45.30443810654572,2.3033240917705378
2026-04-02 10:30:00+00:00,0.0,0.0,0.0,0.0,-45.30443810654572,2.3033240917705378
2026-04-02 10:35:00+00:00,0.0,0.0,0.0,0.0,-45.30443810654572,2.3033240917705378
2026-04-02 10:40:00+00:00,0.0,0.0,0.0,0.0,-45.30443810654572,2.3033240917705378
2026-04-02 10:45:00+00:00,0.0,0.0,0.0,0.0,-45.30443810654572,2.3033240917705378
2026-04-02 10:50:00+00:00,0.0,0.0,0.0,0.0,-45.30443810654572,2.3033240917705378
2026-04-02 10:55:00+00:00,0.0,0.0,0.0,0.0,-45.30443810654572,2.3033240917705378
2026-04-02 11:00:00+00:00,0.0,0.0,0.0,0.0,-45.30443810654572,2.3033240917705378
2026-04-02 11:05:00+00:00,0.0,0.0,0.0,0.0,-45.30443810654572,2.3033240917705378
2026-04-02 11:10:00+00:00,0.0,0.0,0.0,0.0,-45.30443810654572,2.3033240917705378
2026-04-02 11:15:00+00:00,0.0,0.0,0.0,0.0,-45.30443810654572,2.3033240917705378
2026-04-02 11:20:00+00:00,0.0,0.0,0.0,0.0,-45.30443810654572,2.3033240917705378
2026-04-02 11:25:00+00:00,0.0,0.0,0.0,0.0,-45.30443810654572,2.3033240917705378
2026-04-02 11:30:00+00:00,0.0,0.0,0.0,0.0,-45.30443810654572,2.3033240917705378
2026-04-02 11:35:00+00:00,0.0,0.0,0.0,0.0,-45.30443810654572,2.3033240917705378
2026-04-02 11:40:00+00:00,0.0,0.0,0.0,0.0,-45.30443810654572,2.3033240917705378
2026-04-02 11:45:00+00:00,0.0,0.0,0.0,0.0,-45.30443810654572,2.3033240917705378
2026-04-02 11:50:00+00:00,0.0,0.0,0.0,0.0,-45.30443810654572,2.3033240917705378
2026-04-02 11:55:00+00:00,0.0,0.0,0.0,0.0,-45.30443810654572,2.3033240917705378
2026-04-02 12:00:00+00:00,0.0,0.0,0.0,0.0,-45.30443810654572,2.3033240917705378
2026-04-02 12:05:00+00:00,0.0,0.0,0.0,0.0,-45.30443810654572,2.3033240917705378
2026-04-02 12:10:00+00:00,0.0,0.0,0.0,0.0,-45.30443810654572,2.3033240917705378
2026-04-02 12:15:00+00:00,0.0,0.0,0.0,0.0,-45.30443810654572,2.3033240917705378
2026-04-02 12:20:00+00:00,0.0,0.0,0.0,0.0,-45.30443810654572,2.3033240917705378
2026-04-02 12:25:00+00:00,0.0,0.0,0.0,0.0,-45.30443810654572,2.3033240917705378
2026-04-02 12:30:00+00:00,0.0,0.0,0.0,0.0,-45.30443810654572,2.3033240917705378
2026-04-02 12:35:00+00:00,0.0,0.0,0.0,0.0,-45.30443810654572,2.3033240917705378
2026-04-02 12:40:00+00:00,0.0,0.0,0.0,0.0,-45.30443810654572,2.3033240917705378
2026-04-02 12:45:00+00:00,0.0,0.0,0.0,0.0,-45.30443810654572,2.3033240917705378
2026-04-02 12:50:00+00:00,0.0,0.0,0.0,0.0,-45.30443810654572,2.3033240917705378
2026-04-02 12:55:00+00:00,0.0,0.0,0.0,0.0,-45.30443810654572,2.3033240917705378
2026-04-02 13:00:00+00:00,0.0,0.0,0.0,0.0,-45.30443810654572,2.3033240917705378
2026-04-02 13:05:00+00:00,0.0,0.0,0.0,0.0,-45.30443810654572,2.3033240917705378
2026-04-02 13:10:00+00:00,0.0,0.0,0.0,0.0,-45.30443810654572,2.3033240917705378
2026-04-02 13:15:00+00:00,0.0,0.0,0.0,0.0,-45.30443810654572,2.3033240917705378
2026-04-02 13:20:00+00:00,0.0,0.0,0.0,0.0,-45.30443810654572,2.3033240917705378
2026-04-02 13:25:00+00:00,0.0,0.0,0.0,0.0,-45.30443810654572,2.3033240917705378
2026-04-02 13:30:00+00:00,0.0,0.0,0.0,0.0,-45.30443810654572,2.3033240917705378
2026-04-02 13:35:00+00:00,0.0,0.0,0.0,0.0,-45.30443810654572,2.3033240917705378
2026-04-02 13:40:00+00:00,0.0,0.0,0.0,0.0,-45.30443810654572,2.3033240917705378
2026-04-02 13:45:00+00:00,0.0,0.0,0.0,0.0,-45.30443810654572,2.3033240917705378
2026-04-02 13:50:00+00:00,0.0,0.0,0.0,0.0,-45.30443810654572,2.3033240917705378
2026-04-02 13:55:00+00:00,0.0,0.0,0.0,0.0,-45.30443810654572,2.3033240917705378
2026-04-02 14:00:00+00:00,0.0,0.0,0.0,0.0,-45.30443810654572,2.3033240917705378
2026-04-02 14:05:00+00:00,0.0,0.0,0.0,0.0,-45.30443810654572,2.3033240917705378
2026-04-02 14:10:00+00:00,0.0,0.0,0.0,0.0,-45.30443810654572,2.3033240917705378
2026-04-02 14:15:00+00:00,0.0,0.0,0.0,0.0,-45.30443810654572,2.3033240917705378
2026-04-02 14:20:00+00:00,0.0,0.0,0.0,0.0,-45.30443810654572,2.3033240917705378
2026-04-02 14:25:00+00:00,0.0,0.0,0.0,0.0,-45.30443810654572,2.3033240917705378
2026-04-02 14:30:00+00:00,0.0,0.0,0.0,0.0,-45.30443810654572,2.3033240917705378
2026-04-02 14:35:00+00:00,0.0,0.0,0.0,0.0,-45.30443810654572,2.3033240917705378
2026-04-02 14:40:00+00:00,0.0,0.0,0.0,0.0,-45.30443810654572,2.3033240917705378
2026-04-02 14:45:00+00:00,0.0,0.0,0.0,0.0,-45.30443810654572,2.3033240917705378
2026-04-02 14:50:00+00:00,0.0,0.0,0.0,0.0,-45.30443810654572,2.3033240917705378
2026-04-02 14:55:00+00:00,0.0,0.0,0.0,0.0,-45.30443810654572,2.3033240917705378
2026-04-02 15:00:00+00:00,0.0,0.0,0.0,0.0,-45.30443810654572,2.3033240917705378
2026-04-02 15:05:00+00:00,0.0,0.0,0.0,0.0,-45.30443810654572,2.3033240917705378
2026-04-02 15:10:00+00:00,0.0,0.0,0.0,0.0,-45.30443810654572,2.3033240917705378
2026-04-02 15:15:00+00:00,0.0,0.0,0.0,0.0,-45.30443810654572,2.3033240917705378
2026-04-02 15:20:00+00:00,0.0,0.0,0.0,0.0,-45.30443810654572,2.3033240917705378
2026-04-02 15:25:00+00:00,0.0,0.0,0.0,0.0,-45.30443810654572,2.3033240917705378
2026-04-02 15:30:00+00:00,0.0,0.0,0.0,0.0,-45.30443810654572,2.3033240917705378
2026-04-02 15:35:00+00:00,0.0,0.0,0.0,0.0,-45.30443810654572,2.3033240917705378
2026-04-02 15:40:00+00:00,0.0,0.0,0.0,0.0,-45.30443810654572,2.3033240917705378
2026-04-02 15:45:00+00:00,0.0,0.0,0.0,0.0,-45.30443810654572,2.3033240917705378
2026-04-02 15:50:00+00:00,0.0,0.0,0.0,0.0,-45.30443810654572,2.3033240917705378
2026-04-02 15:55:00+00:00,0.0,0.0,0.0,0.0,-45.30443810654572,2.3033240917705378
2026-04-02 16:00:00+00:00,0.0,0.0,0.0,0.0,-45.30443810654572,2.3033240917705378
2026-04-02 16:05:00+00:00,0.0,0.0,0.0,0.0,-45.30443810654572,2.3033240917705378
2026-04-02 16:10:00+00:00,0.0,0.0,0.0,0.0,-45.30443810654572,2.3033240917705378
2026-04-02 16:15:00+00:00,0.0,0.0,0.0,0.0,-45.30443810654572,2.3033240917705378
2026-04-02 16:20:00+00:00,0.0,0.0,0.0,0.0,-45.30443810654572,2.3033240917705378
2026-04-02 16:25:00+00:00,0.0,0.0,0.0,0.0,-45.30443810654572,2.3033240917705378
2026-04-02 16:30:00+00:00,0.0,0.0,0.0,0.0,-45.30443810654572,2.3033240917705378
2026-04-02 16:35:00+00:00,0.0,0.0,0.0,0.0,-45.30443810654572,2.3033240917705378
2026-04-02 16:40:00+00:00,0.0,0.0,0.0,0.0,-45.30443810654572,2.3033240917705378
2026-04-02 16:45:00+00:00,0.0,0.0,0.0,0.0,-45.30443810654572,2.3033240917705378
2026-04-02 16:50:00+00:00,0.0,0.0,0.0,0.0,-45.30443810654572,2.3033240917705378
2026-04-02 16:55:00+00:00,0.0,0.0,0.0,0.0,-45.30443810654572,2.3033240917705378
2026-04-02 17:00:00+00:00,0.0,0.0,0.0,0.0,-45.30443810654572,2.3033240917705378
2026-04-02 17:05:00+00:00,0.0,0.0,0.0,0.0,-45.30443810654572,2.3033240917705378
2026-04-02 17:10:00+00:00,0.0,0.0,0.0,0.0,-45.30443810654572,2.3033240917705378
2026-04-02 17:15:00+00:00,0.0,0.0,0.0,0.0,-45.30443810654572,2.3033240917705378
2026-04-02 17:20:00+00:00,0.0,0.0,0.0,0.0,-45.30443810654572,2.3033240917705378
2026-04-02 17:25:00+00:00,0.0,0.0,0.0,0.0,-45.30443810654572,2.3033240917705378
2026-04-02 17:30:00+00:00,0.0,0.0,0.0,0.0,-45.30443810654572,2.3033240917705378
2026-04-02 17:35:00+00:00,0.0,0.0,0.0,0.0,-45.30443810654572,2.3033240917705378
2026-04-02 17:40:00+00:00,0.0,0.0,0.0,0.0,-45.30443810654572,2.3033240917705378
2026-04-02 17:45:00+00:00,0.0,0.0,0.0,0.0,-45.30443810654572,2.3033240917705378
2026-04-02 17:50:00+00:00,0.0,0.0,0.0,0.0,-45.30443810654572,2.3033240917705378
2026-04-02 17:55:00+00:00,0.0,0.0,0.0,0.0,-45.30443810654572,2.3033240917705378
2026-04-02 18:00:00+00:00,0.0,0.0,0.0,0.0,-45.30443810654572,2.3033240917705378
2026-04-02 18:05:00+00:00,0.0,0.0,0.0,0.0,-45.30443810654572,2.3033240917705378
2026-04-02 18:10:00+00:00,0.0,0.0,0.0,0.0,-45.30443810654572,2.3033240917705378
2026-04-02 18:15:00+00:00,0.0,0.0,0.0,0.0,-45.30443810654572,2.3033240917705378
2026-04-02 18:20:00+00:00,0.0,0.0,0.0,0.0,-45.30443810654572,2.3033240917705378
2026-04-02 18:25:00+00:00,0.0,0.0,0.0,0.0,-45.30443810654572,2.3033240917705378
2026-04-02 18:30:00+00:00,0.0,0.0,0.0,0.0,-45.30443810654572,2.3033240917705378
2026-04-02 18:35:00+00:00,0.0,0.0,0.0,0.0,-45.30443810654572,2.3033240917705378
2026-04-02 18:40:00+00:00,0.0,0.0,0.0,0.0,-45.30443810654572,2.3033240917705378
2026-04-02 18:45:00+00:00,0.0,0.0,0.0,0.0,-45.30443810654572,2.3033240917705378
2026-04-02 18:50:00+00:00,0.0,0.0,0.0,0.0,-45.30443810654572,2.3033240917705378
2026-04-02 18:55:00+00:00,0.0,0.0,0.0,0.0,-45.30443810654572,2.3033240917705378
2026-04-02 19:00:00+00:00,0.0,0.0,0.0,0.0,-45.30443810654572,2.3033240917705378
2026-04-02 19:05:00+00:00,0.0,0.0,0.0,0.0,-45.30443810654572,2.3033240917705378
2026-04-02 19:10:00+00:00,0.0,0.0,0.0,0.0,-45.30443810654572,2.3033240917705378
2026-04-02 19:15:00+00:00,0.0,0.0,0.0,0.0,-45.30443810654572,2.3033240917705378
2026-04-02 19:20:00+00:00,0.0,0.0,0.0,0.0,-45.30443810654572,2.3033240917705378
2026-04-02 19:25:00+00:00,0.0,0.0,0.0,0.0,-45.30443810654572,2.3033240917705378
2026-04-02 19:30:00+00:00,0.0,0.0,0.0,0.0,-45.30443810654572,2.3033240917705378
2026-04-02 19:35:00+00:00,0.0,0.0,0.0,0.0,-45.30443810654572,2.3033240917705378
2026-04-02 19:40:00+00:00,0.0,0.0,0.0,0.0,-45.30443810654572,2.3033240917705378
2026-04-02 19:45:00+00:00,0.0,0.0,0.0,0.0,-45.30443810654572,2.3033240917705378
2026-04-02 19:50:00+00:00,0.0,0.0,0.0,0.0,-45.30443810654572,2.3033240917705378
2026-04-02 19:55:00+00:00,0.0,0.0,0.0,0.0,-45.30443810654572,2.3033240917705378
2026-04-02 20:00:00+00:00,0.0,0.0,0.0,0.0,-45.30443810654572,2.3033240917705378
2026-04-02 20:05:00+00:00,0.0,0.0,0.0,0.0,-45.30443810654572,2.3033240917705378
2026-04-02 20:10:00+00:00,0.0,0.0,0.0,0.0,-45.30443810654572,2.3033240917705378
2026-04-02 20:15:00+00:00,0.0,0.0,0.0,0.0,-45.30443810654572,2.3033240917705378
2026-04-02 20:20:00+00:00,0.0,0.0,0.0,0.0,-45.30443810654572,2.3033240917705378
2026-04-02 20:25:00+00:00,0.0,0.0,0.0,0.0,-45.30443810654572,2.3033240917705378
2026-04-02 20:30:00+00:00,0.0,0.0,0.0,0.0,-45.30443810654572,2.3033240917705378
2026-04-02 20:35:00+00:00,0.0,0.0,0.0,0.0,-45.30443810654572,2.3033240917705378
2026-04-02 20:40:00+00:00,0.0,0.0,0.0,0.0,-45.30443810654572,2.3033240917705378
2026-04-02 20:45:00+00:00,0.0,0.0,0.0,0.0,-45.30443810654572,2.3033240917705378
2026-04-02 20:50:00+00:00,0.0,0.0,0.0,0.0,-45.30443810654572,2.3033240917705378
2026-04-02 20:55:00+00:00,0.0,0.0,0.0,0.0,-45.30443810654572,2.3033240917705378
2026-04-02 21:00:00+00:00,0.0,0.0,0.0,0.0,-45.30443810654572,2.3033240917705378
2026-04-02 21:05:00+00:00,0.0,0.0,0.0,0.0,-45.30443810654572,2.3033240917705378
2026-04-02 21:10:00+00:00,0.0,0.0,0.0,0.0,-45.30443810654572,2.3033240917705378
2026-04-02 21:15:00+00:00,0.0,0.0,0.0,0.0,-45.30443810654572,2.3033240917705378
2026-04-02 21:20:00+00:00,0.0,0.0,0.0,0.0,-45.30443810654572,2.3033240917705378
2026-04-02 21:25:00+00:00,0.0,0.0,0.0,0.0,-45.30443810654572,2.3033240917705378
2026-04-02 21:30:00+00:00,0.0,0.0,0.0,0.0,-45.30443810654572,2.3033240917705378
2026-04-02 21:35:00+00:00,0.0,0.0,0.0,0.0,-45.30443810654572,2.3033240917705378
2026-04-02 21:40:00+00:00,0.0,0.0,0.0,0.0,-45.30443810654572,2.3033240917705378
2026-04-02 21:45:00+00:00,0.0,0.0,0.0,0.0,-45.30443810654572,2.3033240917705378
2026-04-02 21:50:00+00:00,0.0,0.0,0.0,0.0,-45.30443810654572,2.3033240917705378
2026-04-02 21:55:00+00:00,0.0,0.0,0.0,0.0,-45.30443810654572,2.3033240917705378
2026-04-02 22:00:00+00:00,0.0,0.0,0.0,0.0,-45.30443810654572,2.3033240917705378
2026-04-02 22:05:00+00:00,0.0,0.0,0.0,0.0,-45.30443810654572,2.3033240917705378
2026-04-02 22:10:00+00:00,0.0,0.0,0.0,0.0,-45.30443810654572,2.3033240917705378
2026-04-02 22:15:00+00:00,0.0,0.0,0.0,0.0,-45.30443810654572,2.3033240917705378
2026-04-02 22:20:00+00:00,0.0,0.0,0.0,0.0,-45.30443810654572,2.3033240917705378
2026-04-02 22:25:00+00:00,0.0,0.0,0.0,0.0,-45.30443810654572,2.3033240917705378
2026-04-02 22:30:00+00:00,0.0,0.0,0.0,0.0,-45.30443810654572,2.3033240917705378
2026-04-02 22:35:00+00:00,0.0,0.0,0.0,0.0,-45.30443810654572,2.3033240917705378
2026-04-02 22:40:00+00:00,0.0,0.0,0.0,0.0,-45.30443810654572,2.3033240917705378
2026-04-02 22:45:00+00:00,0.0,0.0,0.0,0.0,-45.30443810654572,2.3033240917705378
2026-04-02 22:50:00+00:00,0.0,0.0,0.0,0.0,-45.30443810654572,2.3033240917705378
2026-04-02 22:55:00+00:00,0.0,0.0,0.0,0.0,-45.30443810654572,2.3033240917705378
2026-04-02 23:00:00+00:00,0.0,0.0,0.0,0.0,-45.30443810654572,2.3033240917705378
2026-04-02 23:05:00+00:00,0.0,0.0,0.0,0.0,-45.30443810654572,2.3033240917705378
2026-04-02 23:10:00+00:00,0.0,0.0,0.0,0.0,-45.30443810654572,2.3033240917705378
2026-04-02 23:15:00+00:00,0.0,0.0,0.0,0.0,-45.30443810654572,2.3033240917705378
2026-04-02 23:20:00+00:00,0.0,0.0,0.0,0.0,-45.30443810654572,2.3033240917705378
2026-04-02 23:25:00+00:00,0.0,0.0,0.0,0.0,-45.30443810654572,2.3033240917705378
2026-04-02 23:30:00+00:00,0.0,0.0,0.0,0.0,-45.30443810654572,2.3033240917705378
2026-04-02 23:35:00+00:00,0.0,0.0,0.0,0.0,-45.30443810654572,2.3033240917705378
2026-04-02 23:40:00+00:00,0.0,0.0,0.0,0.0,-45.30443810654572,2.3033240917705378
2026-04-02 23:45:00+00:00,0.0,0.0,0.0,0.0,-45.30443810654572,2.3033240917705378
2026-04-02 23:50:00+00:00,0.0,0.0,0.0,0.0,-45.30443810654572,2.3033240917705378
2026-04-02 23:55:00+00:00,0.0,0.0,0.0,0.0,-45.30443810654572,2.3033240917705378
2026-04-03 00:00:00+00:00,0.0,0.0,0.0,0.0,-45.30443810654572,2.3033240917705378
2026-04-03 00:05:00+00:00,0.0,0.0,0.0,0.0,-45.30443810654572,2.3033240917705378
2026-04-03 00:10:00+00:00,0.0,0.0,0.0,0.0,-45.30443810654572,2.3033240917705378
2026-04-03 00:15:00+00:00,0.0,0.0,0.0,0.0,-45.30443810654572,2.3033240917705378
2026-04-03 00:20:00+00:00,0.0,0.0,0.0,0.0,-45.30443810654572,2.3033240917705378
2026-04-03 00:25:00+00:00,0.0,0.0,0.0,0.0,-45.30443810654572,2.3033240917705378
2026-04-03 00:30:00+00:00,0.0,0.0,0.0,0.0,-45.30443810654572,2.3033240917705378
2026-04-03 00:35:00+00:00,0.0,0.0,0.0,0.0,-45.30443810654572,2.3033240917705378
2026-04-03 00:40:00+00:00,0.0,0.0,0.0,0.0,-45.30443810654572,2.3033240917705378
2026-04-03 00:45:00+00:00,0.0,0.0,0.0,0.0,-45.30443810654572,2.3033240917705378
2026-04-03 00:50:00+00:00,0.0,0.0,0.0,0.0,-45.30443810654572,2.3033240917705378
2026-04-03 00:55:00+00:00,0.0,0.0,0.0,0.0,-45.30443810654572,2.3033240917705378
2026-04-03 01:00:00+00:00,0.0,0.0,0.0,0.0,-45.30443810654572,2.3033240917705378
2026-04-03 01:05:00+00:00,0.0,0.0,0.0,0.0,-45.30443810654572,2.3033240917705378
2026-04-03 01:10:00+00:00,0.0,0.0,0.0,0.0,-45.30443810654572,2.3033240917705378
2026-04-03 01:15:00+00:00,0.0,0.0,0.0,0.0,-45.30443810654572,2.3033240917705378
2026-04-03 01:20:00+00:00,0.0,0.0,0.0,0.0,-45.30443810654572,2.3033240917705378
2026-04-03 01:25:00+00:00,0.0,0.0,0.0,0.0,-45.30443810654572,2.3033240917705378
2026-04-03 01:30:00+00:00,0.0,0.0,0.0,0.0,-45.30443810654572,2.3033240917705378
2026-04-03 01:35:00+00:00,0.0,0.0,0.0,0.0,-45.30443810654572,2.3033240917705378
2026-04-03 01:40:00+00:00,0.0,0.0,0.0,0.0,-45.30443810654572,2.3033240917705378
2026-04-03 01:45:00+00:00,0.0,0.0,0.0,0.0,-45.30443810654572,2.3033240917705378
2026-04-03 01:50:00+00:00,0.0,0.0,0.0,0.0,-45.30443810654572,2.3033240917705378
2026-04-03 01:55:00+00:00,0.0,0.0,0.0,0.0,-45.30443810654572,2.3033240917705378
2026-04-03 02:00:00+00:00,0.0,0.0,0.0,0.0,-45.30443810654572,2.3033240917705378
2026-04-03 02:05:00+00:00,0.0,0.0,0.0,0.0,-45.30443810654572,2.3033240917705378
2026-04-03 02:10:00+00:00,0.0,0.0,0.0,0.0,-45.30443810654572,2.3033240917705378
2026-04-03 02:15:00+00:00,0.0,0.0,0.0,0.0,-45.30443810654572,2.3033240917705378
2026-04-03 02:20:00+00:00,0.0,0.0,0.0,0.0,-45.30443810654572,2.3033240917705378
2026-04-03 02:25:00+00:00,0.0,0.0,0.0,0.0,-45.30443810654572,2.3033240917705378
2026-04-03 02:30:00+00:00,0.0,0.0,0.0,0.0,-45.30443810654572,2.3033240917705378
2026-04-03 02:35:00+00:00,0.0,0.0,0.0,0.0,-45.30443810654572,2.3033240917705378
2026-04-03 02:40:00+00:00,0.0,0.0,0.0,0.0,-45.30443810654572,2.3033240917705378
2026-04-03 02:45:00+00:00,0.0,0.0,0.0,0.0,-45.30443810654572,2.3033240917705378
2026-04-03 02:50:00+00:00,0.0,0.0,0.0,0.0,-45.30443810654572,2.3033240917705378
2026-04-03 02:55:00+00:00,0.0,0.0,0.0,0.0,-45.30443810654572,2.3033240917705378
2026-04-03 03:00:00+00:00,0.0,0.0,0.0,0.0,-45.30443810654572,2.3033240917705378
2026-04-03 03:05:00+00:00,0.0,0.0,0.0,0.0,-45.30443810654572,2.3033240917705378
2026-04-03 03:10:00+00:00,0.0,0.0,0.0,0.0,-45.30443810654572,2.3033240917705378
2026-04-03 03:15:00+00:00,0.0,0.0,0.0,0.0,-45.30443810654572,2.3033240917705378
2026-04-03 03:20:00+00:00,0.0,0.0,0.0,0.0,-45.30443810654572,2.3033240917705378
2026-04-03 03:25:00+00:00,0.0,0.0,0.0,0.0,-45.30443810654572,2.3033240917705378
2026-04-03 03:30:00+00:00,0.0,0.0,0.0,0.0,-45.30443810654572,2.3033240917705378
2026-04-03 03:35:00+00:00,0.0,0.0,0.0,0.0,-45.30443810654572,2.3033240917705378
2026-04-03 03:40:00+00:00,0.0,0.0,0.0,0.0,-45.30443810654572,2.3033240917705378
2026-04-03 03:45:00+00:00,0.0,0.0,0.0,0.0,-45.30443810654572,2.3033240917705378
2026-04-03 03:50:00+00:00,0.0,0.0,0.0,0.0,-45.30443810654572,2.3033240917705378
2026-04-03 03:55:00+00:00,0.0,0.0,0.0,0.0,-45.30443810654572,2.3033240917705378
2026-04-03 04:00:00+00:00,0.0,0.0,0.0,0.0,-45.30443810654572,2.3033240917705378
2026-04-03 04:05:00+00:00,0.0,0.0,0.0,0.0,-45.30443810654572,2.3033240917705378
2026-04-03 04:10:00+00:00,0.0,0.0,0.0,0.0,-45.30443810654572,2.3033240917705378
2026-04-03 04:15:00+00:00,0.0,0.0,0.0,0.0,-45.30443810654572,2.3033240917705378
2026-04-03 04:20:00+00:00,0.0,0.0,0.0,0.0,-45.30443810654572,2.3033240917705378
2026-04-03 04:25:00+00:00,0.0,0.0,0.0,0.0,-45.30443810654572,2.3033240917705378
2026-04-03 04:30:00+00:00,0.0,0.0,0.0,0.0,-45.30443810654572,2.3033240917705378
2026-04-03 04:35:00+00:00,0.0,0.0,0.0,0.0,-45.30443810654572,2.3033240917705378
2026-04-03 04:40:00+00:00,0.0,0.0,0.0,0.0,-45.30443810654572,2.3033240917705378
2026-04-03 04:45:00+00:00,0.0,0.0,0.0,0.0,-45.30443810654572,2.3033240917705378
2026-04-03 04:50:00+00:00,0.0,0.0,0.0,0.0,-45.30443810654572,2.3033240917705378
2026-04-03 04:55:00+00:00,0.0,0.0,0.0,0.0,-45.30443810654572,2.3033240917705378
2026-04-03 05:00:00+00:00,0.0,0.0,0.0,0.0,-45.30443810654572,2.3033240917705378
2026-04-03 05:05:00+00:00,0.0,0.0,0.0,0.0,-45.30443810654572,2.3033240917705378
2026-04-03 05:10:00+00:00,0.0,0.0,0.0,0.0,-45.30443810654572,2.3033240917705378
2026-04-03 05:15:00+00:00,0.0,0.0,0.0,0.0,-45.30443810654572,2.3033240917705378
2026-04-03 05:20:00+00:00,0.0,0.0,0.0,0.0,-45.30443810654572,2.3033240917705378
2026-04-03 05:25:00+00:00,0.0,0.0,0.0,0.0,-45.30443810654572,2.3033240917705378
2026-04-03 05:30:00+00:00,0.0,0.0,0.0,0.0,-45.30443810654572,2.3033240917705378
2026-04-03 05:35:00+00:00,0.0,0.0,0.0,0.0,-45.30443810654572,2.3033240917705378
2026-04-03 05:40:00+00:00,0.0,0.0,0.0,0.0,-45.30443810654572,2.3033240917705378
2026-04-03 05:45:00+00:00,0.0,0.0,0.0,0.0,-45.30443810654572,2.3033240917705378
2026-04-03 05:50:00+00:00,0.0,0.0,0.0,0.0,-45.30443810654572,2.3033240917705378
2026-04-03 05:55:00+00:00,0.0,0.0,0.0,0.0,-45.30443810654572,2.3033240917705378
2026-04-03 06:00:00+00:00,0.0,0.0,0.0,0.0,-45.30443810654572,2.3033240917705378
2026-04-03 06:05:00+00:00,0.0,0.0,0.0,0.0,-45.30443810654572,2.3033240917705378
2026-04-03 06:10:00+00:00,0.0,0.0,0.0,0.0,-45.30443810654572,2.3033240917705378
2026-04-03 06:15:00+00:00,0.0,0.0,0.0,0.0,-45.30443810654572,2.3033240917705378
2026-04-03 06:20:00+00:00,0.0,0.0,0.0,0.0,-45.30443810654572,2.3033240917705378
2026-04-03 06:25:00+00:00,0.0,0.0,0.0,0.0,-45.30443810654572,2.3033240917705378
2026-04-03 06:30:00+00:00,0.0,0.0,0.0,0.0,-45.30443810654572,2.3033240917705378
2026-04-03 06:35:00+00:00,0.0,0.0,0.0,0.0,-45.30443810654572,2.3033240917705378
2026-04-03 06:40:00+00:00,0.0,0.0,0.0,0.0,-45.30443810654572,2.3033240917705378
2026-04-03 06:45:00+00:00,0.0,0.0,0.0,0.0,-45.30443810654572,2.3033240917705378
2026-04-03 06:50:00+00:00,0.0,0.0,0.0,0.0,-45.30443810654572,2.3033240917705378
2026-04-03 06:55:00+00:00,0.0,0.0,0.0,0.0,-45.30443810654572,2.3033240917705378
2026-04-03 07:00:00+00:00,0.0,0.0,0.0,0.0,-45.30443810654572,2.3033240917705378
2026-04-03 07:05:00+00:00,0.0,0.0,0.0,0.0,-45.30443810654572,2.3033240917705378
2026-04-03 07:10:00+00:00,0.0,0.0,0.0,0.0,-45.30443810654572,2.3033240917705378
2026-04-03 07:15:00+00:00,0.0,0.0,0.0,0.0,-45.30443810654572,2.3033240917705378
2026-04-03 07:20:00+00:00,0.0,0.0,0.0,0.0,-45.30443810654572,2.3033240917705378
2026-04-03 07:25:00+00:00,0.0,0.0,0.0,0.0,-45.30443810654572,2.3033240917705378
2026-04-03 07:30:00+00:00,0.0,0.0,0.0,0.0,-45.30443810654572,2.3033240917705378
2026-04-03 07:35:00+00:00,0.0,0.0,0.0,0.0,-45.30443810654572,2.3033240917705378
2026-04-03 07:40:00+00:00,0.0,0.0,0.0,0.0,-45.30443810654572,2.3033240917705378
2026-04-03 07:45:00+00:00,0.0,0.0,0.0,0.0,-45.30443810654572,2.3033240917705378
2026-04-03 07:50:00+00:00,0.0,0.0,0.0,0.0,-45.30443810654572,2.3033240917705378
2026-04-03 07:55:00+00:00,0.0,0.0,0.0,0.0,-45.30443810654572,2.3033240917705378
2026-04-03 08:00:00+00:00,0.0,0.0,0.0,0.0,-45.30443810654572,2.3033240917705378
2026-04-03 08:05:00+00:00,0.0,0.0,0.0,0.0,-45.30443810654572,2.3033240917705378
2026-04-03 08:10:00+00:00,0.0,0.0,0.0,0.0,-45.30443810654572,2.3033240917705378
2026-04-03 08:15:00+00:00,0.0,0.0,0.0,0.0,-45.30443810654572,2.3033240917705378
2026-04-03 08:20:00+00:00,0.0,0.0,0.0,0.0,-45.30443810654572,2.3033240917705378
2026-04-03 08:25:00+00:00,0.0,0.0,0.0,0.0,-45.30443810654572,2.3033240917705378
2026-04-03 08:30:00+00:00,0.0,0.0,0.0,0.0,-45.30443810654572,2.3033240917705378
2026-04-03 08:35:00+00:00,0.0,0.0,0.0,0.0,-45.30443810654572,2.3033240917705378
2026-04-03 08:40:00+00:00,0.0,0.0,0.0,0.0,-45.30443810654572,2.3033240917705378
2026-04-03 08:45:00+00:00,0.0,0.0,0.0,0.0,-45.30443810654572,2.3033240917705378
2026-04-03 08:50:00+00:00,0.0,0.0,0.0,0.0,-45.30443810654572,2.3033240917705378
2026-04-03 08:55:00+00:00,0.0,0.0,0.0,0.0,-45.30443810654572,2.3033240917705378
2026-04-03 09:00:00+00:00,0.0,0.0,0.0,0.0,-45.30443810654572,2.3033240917705378
2026-04-03 09:05:00+00:00,0.0,0.0,0.0,0.0,-45.30443810654572,2.3033240917705378
2026-04-03 09:10:00+00:00,0.0,0.0,0.0,0.0,-45.30443810654572,2.3033240917705378
2026-04-03 09:15:00+00:00,0.0,0.0,0.0,0.0,-45.30443810654572,2.3033240917705378
2026-04-03 09:20:00+00:00,0.0,0.0,0.0,0.0,-45.30443810654572,2.3033240917705378
2026-04-03 09:25:00+00:00,0.0,0.0,0.0,0.0,-45.30443810654572,2.3033240917705378
2026-04-03 09:30:00+00:00,0.0,0.0,0.0,0.0,-45.30443810654572,2.3033240917705378
2026-04-03 09:35:00+00:00,0.0,0.0,0.0,0.0,-45.30443810654572,2.3033240917705378
2026-04-03 09:40:00+00:00,0.0,0.0,0.0,0.0,-45.30443810654572,2.3033240917705378
2026-04-03 09:45:00+00:00,0.0,0.0,0.0,0.0,-45.30443810654572,2.3033240917705378
2026-04-03 09:50:00+00:00,0.0,0.0,0.0,0.0,-45.30443810654572,2.3033240917705378
2026-04-03 09:55:00+00:00,0.0,0.0,0.0,0.0,-45.30443810654572,2.3033240917705378
2026-04-03 10:00:00+00:00,0.0,0.0,0.0,0.0,-45.30443810654572,2.3033240917705378
2026-04-03 10:05:00+00:00,0.0,0.0,0.0,0.0,-45.30443810654572,2.3033240917705378
2026-04-03 10:10:00+00:00,0.0,0.0,0.0,0.0,-45.30443810654572,2.3033240917705378
2026-04-03 10:15:00+00:00,0.0,0.0,0.0,0.0,-45.30443810654572,2.3033240917705378
2026-04-03 10:20:00+00:00,0.0,0.0,0.0,0.0,-45.30443810654572,2.3033240917705378
2026-04-03 10:25:00+00:00,0.0,0.0,0.0,0.0,-45.30443810654572,2.3033240917705378
2026-04-03 10:30:00+00:00,0.0,0.0,0.0,0.0,-45.30443810654572,2.3033240917705378
2026-04-03 10:35:00+00:00,0.0,0.0,0.0,0.0,-45.30443810654572,2.3033240917705378
2026-04-03 10:40:00+00:00,0.0,0.0,0.0,0.0,-45.30443810654572,2.3033240917705378
2026-04-03 10:45:00+00:00,0.0,0.0,0.0,0.0,-45.30443810654572,2.3033240917705378
2026-04-03 10:50:00+00:00,0.0,0.0,0.0,0.0,-45.30443810654572,2.3033240917705378
2026-04-03 10:55:00+00:00,0.0,0.0,0.0,0.0,-45.30443810654572,2.3033240917705378
2026-04-03 11:00:00+00:00,0.0,0.0,0.0,0.0,-45.30443810654572,2.3033240917705378
2026-04-03 11:05:00+00:00,0.0,0.0,0.0,0.0,-45.30443810654572,2.3033240917705378
2026-04-03 11:10:00+00:00,0.0,0.0,0.0,0.0,-45.30443810654572,2.3033240917705378
2026-04-03 11:15:00+00:00,0.0,0.0,0.0,0.0,-45.30443810654572,2.3033240917705378
2026-04-03 11:20:00+00:00,0.0,0.0,0.0,0.0,-45.30443810654572,2.3033240917705378
2026-04-03 11:25:00+00:00,0.0,0.0,0.0,0.0,-45.30443810654572,2.3033240917705378
2026-04-03 11:30:00+00:00,0.0,0.0,0.0,0.0,-45.30443810654572,2.3033240917705378
2026-04-03 11:35:00+00:00,0.0,0.0,0.0,0.0,-45.30443810654572,2.3033240917705378
2026-04-03 11:40:00+00:00,0.0,0.0,0.0,0.0,-45.30443810654572,2.3033240917705378
2026-04-03 11:45:00+00:00,0.0,0.0,0.0,0.0,-45.30443810654572,2.3033240917705378
2026-04-03 11:50:00+00:00,0.0,0.0,0.0,0.0,-45.30443810654572,2.3033240917705378
2026-04-03 11:55:00+00:00,0.0,0.0,0.0,0.0,-45.30443810654572,2.3033240917705378
2026-04-03 12:00:00+00:00,0.0,0.0,0.0,0.0,-45.30443810654572,2.3033240917705378
2026-04-03 12:05:00+00:00,0.0,0.0,0.0,0.0,-45.30443810654572,2.3033240917705378
2026-04-03 12:10:00+00:00,0.0,0.0,0.0,0.0,-45.30443810654572,2.3033240917705378
2026-04-03 12:15:00+00:00,0.0,0.0,0.0,0.0,-45.30443810654572,2.3033240917705378
2026-04-03 12:20:00+00:00,0.0,0.0,0.0,0.0,-45.30443810654572,2.3033240917705378
2026-04-03 12:25:00+00:00,0.0,0.0,0.0,0.0,-45.30443810654572,2.3033240917705378
2026-04-03 12:30:00+00:00,0.0,0.0,0.0,0.0,-45.30443810654572,2.3033240917705378
2026-04-03 12:35:00+00:00,0.0,0.0,0.0,0.0,-45.30443810654572,2.3033240917705378
2026-04-03 12:40:00+00:00,0.0,0.0,0.0,0.0,-45.30443810654572,2.3033240917705378
2026-04-03 12:45:00+00:00,0.0,0.0,0.0,0.0,-45.30443810654572,2.3033240917705378
2026-04-03 12:50:00+00:00,0.0,0.0,0.0,0.0,-45.30443810654572,2.3033240917705378
2026-04-03 12:55:00+00:00,0.0,0.0,0.0,0.0,-45.30443810654572,2.3033240917705378
2026-04-03 13:00:00+00:00,0.0,0.0,0.0,0.0,-45.30443810654572,2.3033240917705378
2026-04-03 13:05:00+00:00,0.0,0.0,0.0,0.0,-45.30443810654572,2.3033240917705378
2026-04-03 13:10:00+00:00,0.0,0.0,0.0,0.0,-45.30443810654572,2.3033240917705378
2026-04-03 13:15:00+00:00,0.0,0.0,0.0,0.0,-45.30443810654572,2.3033240917705378
2026-04-03 13:20:00+00:00,0.0,0.0,0.0,0.0,-45.30443810654572,2.3033240917705378
2026-04-03 13:25:00+00:00,0.0,0.0,0.0,0.0,-45.30443810654572,2.3033240917705378
2026-04-03 13:30:00+00:00,0.0,0.0,0.0,0.0,-45.30443810654572,2.3033240917705378
2026-04-03 13:35:00+00:00,0.0,0.0,0.0,0.0,-45.30443810654572,2.3033240917705378
2026-04-03 13:40:00+00:00,0.0,0.0,0.0,0.0,-45.30443810654572,2.3033240917705378
2026-04-03 13:45:00+00:00,0.0,0.0,0.0,0.0,-45.30443810654572,2.3033240917705378
2026-04-03 13:50:00+00:00,0.0,0.0,0.0,0.0,-45.30443810654572,2.3033240917705378
2026-04-03 13:55:00+00:00,0.0,0.0,0.0,0.0,-45.30443810654572,2.3033240917705378
2026-04-03 14:00:00+00:00,0.0,0.0,0.0,0.0,-45.30443810654572,2.3033240917705378
2026-04-03 14:05:00+00:00,0.0,0.0,0.0,0.0,-45.30443810654572,2.3033240917705378
2026-04-03 14:10:00+00:00,0.0,0.0,0.0,0.0,-45.30443810654572,2.3033240917705378
2026-04-03 14:15:00+00:00,0.0,0.0,0.0,0.0,-45.30443810654572,2.3033240917705378
2026-04-03 14:20:00+00:00,0.0,0.0,0.0,0.0,-45.30443810654572,2.3033240917705378
2026-04-03 14:25:00+00:00,0.0,0.0,0.0,0.0,-45.30443810654572,2.3033240917705378
2026-04-03 14:30:00+00:00,0.0,0.0,0.0,0.0,-45.30443810654572,2.3033240917705378
2026-04-03 14:35:00+00:00,0.0,0.0,0.0,0.0,-45.30443810654572,2.3033240917705378
2026-04-03 14:40:00+00:00,0.0,0.0,0.0,0.0,-45.30443810654572,2.3033240917705378
2026-04-03 14:45:00+00:00,0.0,0.0,0.0,0.0,-45.30443810654572,2.3033240917705378
2026-04-03 14:50:00+00:00,0.0,0.0,0.0,0.0,-45.30443810654572,2.3033240917705378
2026-04-03 14:55:00+00:00,0.0,0.0,0.0,0.0,-45.30443810654572,2.3033240917705378
2026-04-03 15:00:00+00:00,0.0,0.0,0.0,0.0,-45.30443810654572,2.3033240917705378
2026-04-03 15:05:00+00:00,0.0,0.0,0.0,0.0,-45.30443810654572,2.3033240917705378
2026-04-03 15:10:00+00:00,0.0,0.0,0.0,0.0,-45.30443810654572,2.3033240917705378
2026-04-03 15:15:00+00:00,0.0,0.0,0.0,0.0,-45.30443810654572,2.3033240917705378
2026-04-03 15:20:00+00:00,0.0,0.0,0.0,0.0,-45.30443810654572,2.3033240917705378
2026-04-03 15:25:00+00:00,0.0,0.0,0.0,0.0,-45.30443810654572,2.3033240917705378
2026-04-03 15:30:00+00:00,0.0,0.0,0.0,0.0,-45.30443810654572,2.3033240917705378
2026-04-03 15:35:00+00:00,0.0,0.0,0.0,0.0,-45.30443810654572,2.3033240917705378
2026-04-03 15:40:00+00:00,0.0,0.0,0.0,0.0,-45.30443810654572,2.3033240917705378
2026-04-03 15:45:00+00:00,0.0,0.0,0.0,0.0,-45.30443810654572,2.3033240917705378
2026-04-03 15:50:00+00:00,0.0,0.0,0.0,0.0,-45.30443810654572,2.3033240917705378
2026-04-03 15:55:00+00:00,0.0,0.0,0.0,0.0,-45.30443810654572,2.3033240917705378
2026-04-03 16:00:00+00:00,0.0,0.0,0.0,0.0,-45.30443810654572,2.3033240917705378
2026-04-03 16:05:00+00:00,0.0,0.0,0.0,0.0,-45.30443810654572,2.3033240917705378
2026-04-03 16:10:00+00:00,0.0,0.0,0.0,0.0,-45.30443810654572,2.3033240917705378
2026-04-03 16:15:00+00:00,0.0,0.0,0.0,0.0,-45.30443810654572,2.3033240917705378
2026-04-03 16:20:00+00:00,0.0,0.0,0.0,0.0,-45.30443810654572,2.3033240917705378
2026-04-03 16:25:00+00:00,0.0,0.0,0.0,0.0,-45.30443810654572,2.3033240917705378
2026-04-03 16:30:00+00:00,0.0,0.0,0.0,0.0,-45.30443810654572,2.3033240917705378
2026-04-03 16:35:00+00:00,0.0,0.0,0.0,0.0,-45.30443810654572,2.3033240917705378
2026-04-03 16:40:00+00:00,0.0,0.0,0.0,0.0,-45.30443810654572,2.3033240917705378
2026-04-03 16:45:00+00:00,0.0,0.0,0.0,0.0,-45.30443810654572,2.3033240917705378
2026-04-03 16:50:00+00:00,0.0,0.0,0.0,0.0,-45.30443810654572,2.3033240917705378
2026-04-03 16:55:00+00:00,0.0,0.0,0.0,0.0,-45.30443810654572,2.3033240917705378
2026-04-03 17:00:00+00:00,0.0,0.0,0.0,0.0,-45.30443810654572,2.3033240917705378
2026-04-03 17:05:00+00:00,0.0,0.0,0.0,0.0,-45.30443810654572,2.3033240917705378
2026-04-03 17:10:00+00:00,0.0,0.0,0.0,0.0,-45.30443810654572,2.3033240917705378
2026-04-03 17:15:00+00:00,0.0,0.0,0.0,0.0,-45.30443810654572,2.3033240917705378
2026-04-03 17:20:00+00:00,0.0,0.0,0.0,0.0,-45.30443810654572,2.3033240917705378
2026-04-03 17:25:00+00:00,0.0,0.0,0.0,0.0,-45.30443810654572,2.3033240917705378
2026-04-03 17:30:00+00:00,0.0,0.0,0.0,0.0,-45.30443810654572,2.3033240917705378
2026-04-03 17:35:00+00:00,0.0,0.0,0.0,0.0,-45.30443810654572,2.3033240917705378
2026-04-03 17:40:00+00:00,0.0,0.0,0.0,0.0,-45.30443810654572,2.3033240917705378
2026-04-03 17:45:00+00:00,0.0,0.0,0.0,0.0,-45.30443810654572,2.3033240917705378
2026-04-03 17:50:00+00:00,0.0,0.0,0.0,0.0,-45.30443810654572,2.3033240917705378
2026-04-03 17:55:00+00:00,0.0,0.0,0.0,0.0,-45.30443810654572,2.3033240917705378
2026-04-03 18:00:00+00:00,0.0,0.0,0.0,0.0,-45.30443810654572,2.3033240917705378
2026-04-03 18:05:00+00:00,0.0,0.0,0.0,0.0,-45.30443810654572,2.3033240917705378
2026-04-03 18:10:00+00:00,0.0,0.0,0.0,0.0,-45.30443810654572,2.3033240917705378
2026-04-03 18:15:00+00:00,0.0,0.0,0.0,0.0,-45.30443810654572,2.3033240917705378
2026-04-03 18:20:00+00:00,0.0,0.0,0.0,0.0,-45.30443810654572,2.3033240917705378
2026-04-03 18:25:00+00:00,0.0,0.0,0.0,0.0,-45.30443810654572,2.3033240917705378
2026-04-03 18:30:00+00:00,0.0,0.0,0.0,0.0,-45.30443810654572,2.3033240917705378
2026-04-03 18:35:00+00:00,0.0,0.0,0.0,0.0,-45.30443810654572,2.3033240917705378
2026-04-03 18:40:00+00:00,0.0,0.0,0.0,0.0,-45.30443810654572,2.3033240917705378
2026-04-03 18:45:00+00:00,0.0,0.0,0.0,0.0,-45.30443810654572,2.3033240917705378
2026-04-03 18:50:00+00:00,0.0,0.0,0.0,0.0,-45.30443810654572,2.3033240917705378
2026-04-03 18:55:00+00:00,0.0,0.0,0.0,0.0,-45.30443810654572,2.3033240917705378
2026-04-03 19:00:00+00:00,0.0,0.0,0.0,0.0,-45.30443810654572,2.3033240917705378
2026-04-03 19:05:00+00:00,0.0,0.0,0.0,0.0,-45.30443810654572,2.3033240917705378
2026-04-03 19:10:00+00:00,0.0,0.0,0.0,0.0,-45.30443810654572,2.3033240917705378
2026-04-03 19:15:00+00:00,0.0,0.0,0.0,0.0,-45.30443810654572,2.3033240917705378
2026-04-03 19:20:00+00:00,0.0,0.0,0.0,0.0,-45.30443810654572,2.3033240917705378
2026-04-03 19:25:00+00:00,0.0,0.0,0.0,0.0,-45.30443810654572,2.3033240917705378
2026-04-03 19:30:00+00:00,0.0,0.0,0.0,0.0,-45.30443810654572,2.3033240917705378
2026-04-03 19:35:00+00:00,0.0,0.0,0.0,0.0,-45.30443810654572,2.3033240917705378
2026-04-03 19:40:00+00:00,0.0,0.0,0.0,0.0,-45.30443810654572,2.3033240917705378
2026-04-03 19:45:00+00:00,0.0,0.0,0.0,0.0,-45.30443810654572,2.3033240917705378
2026-04-03 19:50:00+00:00,0.0,0.0,0.0,0.0,-45.30443810654572,2.3033240917705378
2026-04-03 19:55:00+00:00,0.0,0.0,0.0,0.0,-45.30443810654572,2.3033240917705378
2026-04-03 20:00:00+00:00,0.0,0.0,0.0,0.0,-45.30443810654572,2.3033240917705378
2026-04-03 20:05:00+00:00,0.0,0.0,0.0,0.0,-45.30443810654572,2.3033240917705378
2026-04-03 20:10:00+00:00,0.0,0.0,0.0,0.0,-45.30443810654572,2.3033240917705378
2026-04-03 20:15:00+00:00,0.0,0.0,0.0,0.0,-45.30443810654572,2.3033240917705378
2026-04-03 20:20:00+00:00,0.0,0.0,0.0,0.0,-45.30443810654572,2.3033240917705378
2026-04-03 20:25:00+00:00,0.0,0.0,0.0,0.0,-45.30443810654572,2.3033240917705378
2026-04-03 20:30:00+00:00,0.0,0.0,0.0,0.0,-45.30443810654572,2.3033240917705378
2026-04-03 20:35:00+00:00,0.0,0.0,0.0,0.0,-45.30443810654572,2.3033240917705378
2026-04-03 20:40:00+00:00,0.0,0.0,0.0,0.0,-45.30443810654572,2.3033240917705378
2026-04-03 20:45:00+00:00,0.0,0.0,0.0,0.0,-45.30443810654572,2.3033240917705378
2026-04-03 20:50:00+00:00,0.0,0.0,0.0,0.0,-45.30443810654572,2.3033240917705378
2026-04-03 20:55:00+00:00,0.0,0.0,0.0,0.0,-45.30443810654572,2.3033240917705378
2026-04-03 21:00:00+00:00,0.0,0.0,0.0,0.0,-45.30443810654572,2.3033240917705378
2026-04-03 21:05:00+00:00,0.0,0.0,0.0,0.0,-45.30443810654572,2.3033240917705378
2026-04-03 21:10:00+00:00,0.0,0.0,0.0,0.0,-45.30443810654572,2.3033240917705378
2026-04-03 21:15:00+00:00,0.0,0.0,0.0,0.0,-45.30443810654572,2.3033240917705378
2026-04-03 21:20:00+00:00,0.0,0.0,0.0,0.0,-45.30443810654572,2.3033240917705378
2026-04-03 21:25:00+00:00,0.0,0.0,0.0,0.0,-45.30443810654572,2.3033240917705378
2026-04-03 21:30:00+00:00,0.0,0.0,0.0,0.0,-45.30443810654572,2.3033240917705378
2026-04-03 21:35:00+00:00,0.0,0.0,0.0,0.0,-45.30443810654572,2.3033240917705378
2026-04-03 21:40:00+00:00,0.0,0.0,0.0,0.0,-45.30443810654572,2.3033240917705378
2026-04-03 21:45:00+00:00,0.0,0.0,0.0,0.0,-45.30443810654572,2.3033240917705378
2026-04-03 21:50:00+00:00,0.0,0.0,0.0,0.0,-45.30443810654572,2.3033240917705378
2026-04-03 21:55:00+00:00,0.0,0.0,0.0,0.0,-45.30443810654572,2.3033240917705378
2026-04-03 22:00:00+00:00,0.0,0.0,0.0,0.0,-45.30443810654572,2.3033240917705378
2026-04-03 22:05:00+00:00,0.0,0.0,0.0,0.0,-45.30443810654572,2.3033240917705378
2026-04-03 22:10:00+00:00,0.0,0.0,0.0,0.0,-45.30443810654572,2.3033240917705378
2026-04-03 22:15:00+00:00,0.0,0.0,0.0,0.0,-45.30443810654572,2.3033240917705378
2026-04-03 22:20:00+00:00,0.0,0.0,0.0,0.0,-45.30443810654572,2.3033240917705378
2026-04-03 22:25:00+00:00,0.0,0.0,0.0,0.0,-45.30443810654572,2.3033240917705378
2026-04-03 22:30:00+00:00,0.0,0.0,0.0,0.0,-45.30443810654572,2.3033240917705378
2026-04-03 22:35:00+00:00,0.0,0.0,0.0,0.0,-45.30443810654572,2.3033240917705378
2026-04-03 22:40:00+00:00,0.0,0.0,0.0,0.0,-45.30443810654572,2.3033240917705378
2026-04-03 22:45:00+00:00,0.0,0.0,0.0,0.0,-45.30443810654572,2.3033240917705378
2026-04-03 22:50:00+00:00,0.0,0.0,0.0,0.0,-45.30443810654572,2.3033240917705378
2026-04-03 22:55:00+00:00,0.0,0.0,0.0,0.0,-45.30443810654572,2.3033240917705378
2026-04-03 23:00:00+00:00,0.0,0.0,0.0,0.0,-45.30443810654572,2.3033240917705378
2026-04-03 23:05:00+00:00,0.0,0.0,0.0,0.0,-45.30443810654572,2.3033240917705378
2026-04-03 23:10:00+00:00,0.0,0.0,0.0,0.0,-45.30443810654572,2.3033240917705378
2026-04-03 23:15:00+00:00,0.0,0.0,0.0,0.0,-45.30443810654572,2.3033240917705378
2026-04-03 23:20:00+00:00,0.0,0.0,0.0,0.0,-45.30443810654572,2.3033240917705378
2026-04-03 23:25:00+00:00,0.0,0.0,0.0,0.0,-45.30443810654572,2.3033240917705378
2026-04-03 23:30:00+00:00,0.0,0.0,0.0,0.0,-45.30443810654572,2.3033240917705378
2026-04-03 23:35:00+00:00,0.0,0.0,0.0,0.0,-45.30443810654572,2.3033240917705378
2026-04-03 23:40:00+00:00,0.0,0.0,0.0,0.0,-45.30443810654572,2.3033240917705378
2026-04-03 23:45:00+00:00,0.0,0.0,0.0,0.0,-45.30443810654572,2.3033240917705378
2026-04-03 23:50:00+00:00,0.0,0.0,0.0,0.0,-45.30443810654572,2.3033240917705378
2026-04-03 23:55:00+00:00,0.0,0.0,0.0,0.0,-45.30443810654572,2.3033240917705378
2026-04-04 00:00:00+00:00,0.0,0.0,0.0,0.0,-45.30443810654572,2.3033240917705378
2026-04-04 00:05:00+00:00,0.0,0.0,0.0,0.0,-45.30443810654572,2.3033240917705378
2026-04-04 00:10:00+00:00,0.0,0.0,0.0,0.0,-45.30443810654572,2.3033240917705378
2026-04-04 00:15:00+00:00,0.0,0.0,0.0,0.0,-45.30443810654572,2.3033240917705378
2026-04-04 00:20:00+00:00,0.0,0.0,0.0,0.0,-45.30443810654572,2.3033240917705378
2026-04-04 00:25:00+00:00,0.0,0.0,0.0,0.0,-45.30443810654572,2.3033240917705378
2026-04-04 00:30:00+00:00,0.0,0.0,0.0,0.0,-45.30443810654572,2.3033240917705378
2026-04-04 00:35:00+00:00,0.0,0.0,0.0,0.0,-45.30443810654572,2.3033240917705378
2026-04-04 00:40:00+00:00,0.0,0.0,0.0,0.0,-45.30443810654572,2.3033240917705378
2026-04-04 00:45:00+00:00,0.0,0.0,0.0,0.0,-45.30443810654572,2.3033240917705378
2026-04-04 00:50:00+00:00,0.0,0.0,0.0,0.0,-45.30443810654572,2.3033240917705378
2026-04-04 00:55:00+00:00,0.0,0.0,0.0,0.0,-45.30443810654572,2.3033240917705378
2026-04-04 01:00:00+00:00,0.0,0.0,0.0,0.0,-45.30443810654572,2.3033240917705378
2026-04-04 01:05:00+00:00,0.0,0.0,0.0,0.0,-45.30443810654572,2.3033240917705378
2026-04-04 01:10:00+00:00,0.0,0.0,0.0,0.0,-45.30443810654572,2.3033240917705378
2026-04-04 01:15:00+00:00,0.0,0.0,0.0,0.0,-45.30443810654572,2.3033240917705378
2026-04-04 01:20:00+00:00,0.0,0.0,0.0,0.0,-45.30443810654572,2.3033240917705378
2026-04-04 01:25:00+00:00,0.0,0.0,0.0,0.0,-45.30443810654572,2.3033240917705378
2026-04-04 01:30:00+00:00,0.0,0.0,0.0,0.0,-45.30443810654572,2.3033240917705378
2026-04-04 01:35:00+00:00,0.0,0.0,0.0,0.0,-45.30443810654572,2.3033240917705378
2026-04-04 01:40:00+00:00,0.0,0.0,0.0,0.0,-45.30443810654572,2.3033240917705378
2026-04-04 01:45:00+00:00,0.0,0.0,0.0,0.0,-45.30443810654572,2.3033240917705378
2026-04-04 01:50:00+00:00,0.0,0.0,0.0,0.0,-45.30443810654572,2.3033240917705378
2026-04-04 01:55:00+00:00,0.0,0.0,0.0,0.0,-45.30443810654572,2.3033240917705378
2026-04-04 02:00:00+00:00,0.0,0.0,0.0,0.0,-45.30443810654572,2.3033240917705378
2026-04-04 02:05:00+00:00,0.0,0.0,0.0,0.0,-45.30443810654572,2.3033240917705378
2026-04-04 02:10:00+00:00,0.0,0.0,0.0,0.0,-45.30443810654572,2.3033240917705378
2026-04-04 02:15:00+00:00,0.0,0.0,0.0,0.0,-45.30443810654572,2.3033240917705378
2026-04-04 02:20:00+00:00,0.0,0.0,0.0,0.0,-45.30443810654572,2.3033240917705378
2026-04-04 02:25:00+00:00,0.0,0.0,0.0,0.0,-45.30443810654572,2.3033240917705378
2026-04-04 02:30:00+00:00,0.0,0.0,0.0,0.0,-45.30443810654572,2.3033240917705378
2026-04-04 02:35:00+00:00,0.0,0.0,0.0,0.0,-45.30443810654572,2.3033240917705378
2026-04-04 02:40:00+00:00,0.0,0.0,0.0,0.0,-45.30443810654572,2.3033240917705378
2026-04-04 02:45:00+00:00,0.0,0.0,0.0,0.0,-45.30443810654572,2.3033240917705378
2026-04-04 02:50:00+00:00,0.0,0.0,0.0,0.0,-45.30443810654572,2.3033240917705378
2026-04-04 02:55:00+00:00,0.0,0.0,0.0,0.0,-45.30443810654572,2.3033240917705378
2026-04-04 03:00:00+00:00,0.0,0.0,0.0,0.0,-45.30443810654572,2.3033240917705378
2026-04-04 03:05:00+00:00,0.0,0.0,0.0,0.0,-45.30443810654572,2.3033240917705378
2026-04-04 03:10:00+00:00,0.0,0.0,0.0,0.0,-45.30443810654572,2.3033240917705378
2026-04-04 03:15:00+00:00,0.0,0.0,0.0,0.0,-45.30443810654572,2.3033240917705378
2026-04-04 03:20:00+00:00,0.0,0.0,0.0,0.0,-45.30443810654572,2.3033240917705378
2026-04-04 03:25:00+00:00,0.0,0.0,0.0,0.0,-45.30443810654572,2.3033240917705378
2026-04-04 03:30:00+00:00,0.0,0.0,0.0,0.0,-45.30443810654572,2.3033240917705378
2026-04-04 03:35:00+00:00,0.0,0.0,0.0,0.0,-45.30443810654572,2.3033240917705378
2026-04-04 03:40:00+00:00,0.0,0.0,0.0,0.0,-45.30443810654572,2.3033240917705378
2026-04-04 03:45:00+00:00,0.0,0.0,0.0,0.0,-45.30443810654572,2.3033240917705378
2026-04-04 03:50:00+00:00,0.0,0.0,0.0,0.0,-45.30443810654572,2.3033240917705378
2026-04-04 03:55:00+00:00,0.0,0.0,0.0,0.0,-45.30443810654572,2.3033240917705378
2026-04-04 04:00:00+00:00,0.0,0.0,0.0,0.0,-45.30443810654572,2.3033240917705378
2026-04-04 04:05:00+00:00,0.0,0.0,0.0,0.0,-45.30443810654572,2.3033240917705378
2026-04-04 04:10:00+00:00,0.0,0.0,0.0,0.0,-45.30443810654572,2.3033240917705378
2026-04-04 04:15:00+00:00,0.0,0.0,0.0,0.0,-45.30443810654572,2.3033240917705378
2026-04-04 04:20:00+00:00,0.0,0.0,0.0,0.0,-45.30443810654572,2.3033240917705378
2026-04-04 04:25:00+00:00,0.0,0.0,0.0,0.0,-45.30443810654572,2.3033240917705378
2026-04-04 04:30:00+00:00,0.0,0.0,0.0,0.0,-45.30443810654572,2.3033240917705378
2026-04-04 04:35:00+00:00,0.0,0.0,0.0,0.0,-45.30443810654572,2.3033240917705378
2026-04-04 04:40:00+00:00,0.0,0.0,0.0,0.0,-45.30443810654572,2.3033240917705378
2026-04-04 04:45:00+00:00,0.0,0.0,0.0,0.0,-45.30443810654572,2.3033240917705378
2026-04-04 04:50:00+00:00,0.0,0.0,0.0,0.0,-45.30443810654572,2.3033240917705378
2026-04-04 04:55:00+00:00,0.0,0.0,0.0,0.0,-45.30443810654572,2.3033240917705378
2026-04-04 05:00:00+00:00,0.0,0.0,0.0,0.0,-45.30443810654572,2.3033240917705378
2026-04-04 05:05:00+00:00,0.0,0.0,0.0,0.0,-45.30443810654572,2.3033240917705378
2026-04-04 05:10:00+00:00,0.0,0.0,0.0,0.0,-45.30443810654572,2.3033240917705378
2026-04-04 05:15:00+00:00,0.0,0.0,0.0,0.0,-45.30443810654572,2.3033240917705378
2026-04-04 05:20:00+00:00,0.0,0.0,0.0,0.0,-45.30443810654572,2.3033240917705378
2026-04-04 05:25:00+00:00,0.0,0.0,0.0,0.0,-45.30443810654572,2.3033240917705378
2026-04-04 05:30:00+00:00,0.0,0.0,0.0,0.0,-45.30443810654572,2.3033240917705378
2026-04-04 05:35:00+00:00,0.0,0.0,0.0,0.0,-45.30443810654572,2.3033240917705378
2026-04-04 05:40:00+00:00,0.0,0.0,0.0,0.0,-45.30443810654572,2.3033240917705378
2026-04-04 05:45:00+00:00,0.0,0.0,0.0,0.0,-45.30443810654572,2.3033240917705378
2026-04-04 05:50:00+00:00,0.0,0.0,0.0,0.0,-45.30443810654572,2.3033240917705378
2026-04-04 05:55:00+00:00,0.0,0.0,0.0,0.0,-45.30443810654572,2.3033240917705378
2026-04-04 06:00:00+00:00,0.0,0.0,0.0,0.0,-45.30443810654572,2.3033240917705378
2026-04-04 06:05:00+00:00,0.0,0.0,0.0,0.0,-45.30443810654572,2.3033240917705378
2026-04-04 06:10:00+00:00,0.0,0.0,0.0,0.0,-45.30443810654572,2.3033240917705378
2026-04-04 06:15:00+00:00,0.0,0.0,0.0,0.0,-45.30443810654572,2.3033240917705378
2026-04-04 06:20:00+00:00,0.0,0.0,0.0,0.0,-45.30443810654572,2.3033240917705378
2026-04-04 06:25:00+00:00,0.0,0.0,0.0,0.0,-45.30443810654572,2.3033240917705378
2026-04-04 06:30:00+00:00,0.0,0.0,0.0,0.0,-45.30443810654572,2.3033240917705378
2026-04-04 06:35:00+00:00,0.0,0.0,0.0,0.0,-45.30443810654572,2.3033240917705378
2026-04-04 06:40:00+00:00,0.0,0.0,0.0,0.0,-45.30443810654572,2.3033240917705378
2026-04-04 06:45:00+00:00,0.0,0.0,0.0,0.0,-45.30443810654572,2.3033240917705378
2026-04-04 06:50:00+00:00,0.0,0.0,0.0,0.0,-45.30443810654572,2.3033240917705378
2026-04-04 06:55:00+00:00,0.0,0.0,0.0,0.0,-45.30443810654572,2.3033240917705378
2026-04-04 07:00:00+00:00,0.0,0.0,0.0,0.0,-45.30443810654572,2.3033240917705378
2026-04-04 07:05:00+00:00,0.0,0.0,0.0,0.0,-45.30443810654572,2.3033240917705378
2026-04-04 07:10:00+00:00,0.0,0.0,0.0,0.0,-45.30443810654572,2.3033240917705378
2026-04-04 07:15:00+00:00,0.0,0.0,0.0,0.0,-45.30443810654572,2.3033240917705378
2026-04-04 07:20:00+00:00,0.0,0.0,0.0,0.0,-45.30443810654572,2.3033240917705378
2026-04-04 07:25:00+00:00,0.0,0.0,0.0,0.0,-45.30443810654572,2.3033240917705378
2026-04-04 07:30:00+00:00,0.0,0.0,0.0,0.0,-45.30443810654572,2.3033240917705378
2026-04-04 07:35:00+00:00,0.0,0.0,0.0,0.0,-45.30443810654572,2.3033240917705378
2026-04-04 07:40:00+00:00,0.0,0.0,0.0,0.0,-45.30443810654572,2.3033240917705378
2026-04-04 07:45:00+00:00,0.0,0.0,0.0,0.0,-45.30443810654572,2.3033240917705378
2026-04-04 07:50:00+00:00,0.0,0.0,0.0,0.0,-45.30443810654572,2.3033240917705378
2026-04-04 07:55:00+00:00,0.0,0.0,0.0,0.0,-45.30443810654572,2.3033240917705378
2026-04-04 08:00:00+00:00,0.0,0.0,0.0,0.0,-45.30443810654572,2.3033240917705378
2026-04-04 08:05:00+00:00,0.0,0.0,0.0,0.0,-45.30443810654572,2.3033240917705378
2026-04-04 08:10:00+00:00,0.0,0.0,0.0,0.0,-45.30443810654572,2.3033240917705378
2026-04-04 08:15:00+00:00,0.0,0.0,0.0,0.0,-45.30443810654572,2.3033240917705378
2026-04-04 08:20:00+00:00,0.0,0.0,0.0,0.0,-45.30443810654572,2.3033240917705378
2026-04-04 08:25:00+00:00,0.0,0.0,0.0,0.0,-45.30443810654572,2.3033240917705378
2026-04-04 08:30:00+00:00,0.0,0.0,0.0,0.0,-45.30443810654572,2.3033240917705378
2026-04-04 08:35:00+00:00,0.0,0.0,0.0,0.0,-45.30443810654572,2.3033240917705378
2026-04-04 08:40:00+00:00,0.0,0.0,0.0,0.0,-45.30443810654572,2.3033240917705378
2026-04-04 08:45:00+00:00,0.0,0.0,0.0,0.0,-45.30443810654572,2.3033240917705378
2026-04-04 08:50:00+00:00,0.0,0.0,0.0,0.0,-45.30443810654572,2.3033240917705378
2026-04-04 08:55:00+00:00,0.0,0.0,0.0,0.0,-45.30443810654572,2.3033240917705378
2026-04-04 09:00:00+00:00,0.0,0.0,0.0,0.0,-45.30443810654572,2.3033240917705378
2026-04-04 09:05:00+00:00,0.0,0.0,0.0,0.0,-45.30443810654572,2.3033240917705378
2026-04-04 09:10:00+00:00,0.0,0.0,0.0,0.0,-45.30443810654572,2.3033240917705378
2026-04-04 09:15:00+00:00,0.0,0.0,0.0,0.0,-45.30443810654572,2.3033240917705378
2026-04-04 09:20:00+00:00,0.0,0.0,0.0,0.0,-45.30443810654572,2.3033240917705378
2026-04-04 09:25:00+00:00,0.0,0.0,0.0,0.0,-45.30443810654572,2.3033240917705378
2026-04-04 09:30:00+00:00,0.0,0.0,0.0,0.0,-45.30443810654572,2.3033240917705378
2026-04-04 09:35:00+00:00,0.0,0.0,0.0,0.0,-45.30443810654572,2.3033240917705378
2026-04-04 09:40:00+00:00,0.0,0.0,0.0,0.0,-45.30443810654572,2.3033240917705378
2026-04-04 09:45:00+00:00,0.0,0.0,0.0,0.0,-45.30443810654572,2.3033240917705378
2026-04-04 09:50:00+00:00,0.0,0.0,0.0,0.0,-45.30443810654572,2.3033240917705378
2026-04-04 09:55:00+00:00,0.0,0.0,0.0,0.0,-45.30443810654572,2.3033240917705378
2026-04-04 10:00:00+00:00,0.0,0.0,0.0,0.0,-45.30443810654572,2.3033240917705378
2026-04-04 10:05:00+00:00,0.0,0.0,0.0,0.0,-45.30443810654572,2.3033240917705378
2026-04-04 10:10:00+00:00,0.0,0.0,0.0,0.0,-45.30443810654572,2.3033240917705378
2026-04-04 10:15:00+00:00,0.0,0.0,0.0,0.0,-45.30443810654572,2.3033240917705378
2026-04-04 10:20:00+00:00,0.0,0.0,0.0,0.0,-45.30443810654572,2.3033240917705378
2026-04-04 10:25:00+00:00,0.0,0.0,0.0,0.0,-45.30443810654572,2.3033240917705378
2026-04-04 10:30:00+00:00,0.0,0.0,0.0,0.0,-45.30443810654572,2.3033240917705378
2026-04-04 10:35:00+00:00,0.0,0.0,0.0,0.0,-45.30443810654572,2.3033240917705378
2026-04-04 10:40:00+00:00,0.0,0.0,0.0,0.0,-45.30443810654572,2.3033240917705378
2026-04-04 10:45:00+00:00,0.0,0.0,0.0,0.0,-45.30443810654572,2.3033240917705378
2026-04-04 10:50:00+00:00,0.0,0.0,0.0,0.0,-45.30443810654572,2.3033240917705378
2026-04-04 10:55:00+00:00,0.0,0.0,0.0,0.0,-45.30443810654572,2.3033240917705378
2026-04-04 11:00:00+00:00,0.0,0.0,0.0,0.0,-45.30443810654572,2.3033240917705378
2026-04-04 11:05:00+00:00,0.0,0.0,0.0,0.0,-45.30443810654572,2.3033240917705378
2026-04-04 11:10:00+00:00,0.0,0.0,0.0,0.0,-45.30443810654572,2.3033240917705378
2026-04-04 11:15:00+00:00,0.0,0.0,0.0,0.0,-45.30443810654572,2.3033240917705378
2026-04-04 11:20:00+00:00,0.0,0.0,0.0,0.0,-45.30443810654572,2.3033240917705378
2026-04-04 11:25:00+00:00,0.0,0.0,0.0,0.0,-45.30443810654572,2.3033240917705378
2026-04-04 11:30:00+00:00,0.0,0.0,0.0,0.0,-45.30443810654572,2.3033240917705378
2026-04-04 11:35:00+00:00,0.0,0.0,0.0,0.0,-45.30443810654572,2.3033240917705378
2026-04-04 11:40:00+00:00,0.0,0.0,0.0,0.0,-45.30443810654572,2.3033240917705378
2026-04-04 11:45:00+00:00,0.0,0.0,0.0,0.0,-45.30443810654572,2.3033240917705378
2026-04-04 11:50:00+00:00,0.0,0.0,0.0,0.0,-45.30443810654572,2.3033240917705378
2026-04-04 11:55:00+00:00,0.0,0.0,0.0,0.0,-45.30443810654572,2.3033240917705378
2026-04-04 12:00:00+00:00,0.0,0.0,0.0,0.0,-45.30443810654572,2.3033240917705378
2026-04-04 12:05:00+00:00,0.0,0.0,0.0,0.0,-45.30443810654572,2.3033240917705378
2026-04-04 12:10:00+00:00,0.0,0.0,0.0,0.0,-45.30443810654572,2.3033240917705378
2026-04-04 12:15:00+00:00,0.0,0.0,0.0,0.0,-45.30443810654572,2.3033240917705378
2026-04-04 12:20:00+00:00,0.0,0.0,0.0,0.0,-45.30443810654572,2.3033240917705378
2026-04-04 12:25:00+00:00,0.0,0.0,0.0,0.0,-45.30443810654572,2.3033240917705378
2026-04-04 12:30:00+00:00,0.0,0.0,0.0,0.0,-45.30443810654572,2.3033240917705378
2026-04-04 12:35:00+00:00,0.0,0.0,0.0,0.0,-45.30443810654572,2.3033240917705378
2026-04-04 12:40:00+00:00,0.0,0.0,0.0,0.0,-45.30443810654572,2.3033240917705378
2026-04-04 12:45:00+00:00,0.0,0.0,0.0,0.0,-45.30443810654572,2.3033240917705378
2026-04-04 12:50:00+00:00,0.0,0.0,0.0,0.0,-45.30443810654572,2.3033240917705378
2026-04-04 12:55:00+00:00,0.0,0.0,0.0,0.0,-45.30443810654572,2.3033240917705378
2026-04-04 13:00:00+00:00,0.0,0.0,0.0,0.0,-45.30443810654572,2.3033240917705378
2026-04-04 13:05:00+00:00,0.0,0.0,0.0,0.0,-45.30443810654572,2.3033240917705378
2026-04-04 13:10:00+00:00,0.0,0.0,0.0,0.0,-45.30443810654572,2.3033240917705378
2026-04-04 13:15:00+00:00,0.0,0.0,0.0,0.0,-45.30443810654572,2.3033240917705378
2026-04-04 13:20:00+00:00,0.0,0.0,0.0,0.0,-45.30443810654572,2.3033240917705378
2026-04-04 13:25:00+00:00,0.0,0.0,0.0,0.0,-45.30443810654572,2.3033240917705378
2026-04-04 13:30:00+00:00,0.0,0.0,0.0,0.0,-45.30443810654572,2.3033240917705378
2026-04-04 13:35:00+00:00,0.0,0.0,0.0,0.0,-45.30443810654572,2.3033240917705378
2026-04-04 13:40:00+00:00,0.0,0.0,0.0,0.0,-45.30443810654572,2.3033240917705378
2026-04-04 13:45:00+00:00,0.0,0.0,0.0,0.0,-45.30443810654572,2.3033240917705378
2026-04-04 13:50:00+00:00,0.0,0.0,0.0,0.0,-45.30443810654572,2.3033240917705378
2026-04-04 13:55:00+00:00,0.0,0.0,0.0,0.0,-45.30443810654572,2.3033240917705378
2026-04-04 14:00:00+00:00,0.0,0.0,0.0,0.0,-45.30443810654572,2.3033240917705378
2026-04-04 14:05:00+00:00,0.0,0.0,0.0,0.0,-45.30443810654572,2.3033240917705378
2026-04-04 14:10:00+00:00,0.0,0.0,0.0,0.0,-45.30443810654572,2.3033240917705378
2026-04-04 14:15:00+00:00,0.0,0.0,0.0,0.0,-45.30443810654572,2.3033240917705378
2026-04-04 14:20:00+00:00,0.0,0.0,0.0,0.0,-45.30443810654572,2.3033240917705378
2026-04-04 14:25:00+00:00,0.0,0.0,0.0,0.0,-45.30443810654572,2.3033240917705378
2026-04-04 14:30:00+00:00,0.0,0.0,0.0,0.0,-45.30443810654572,2.3033240917705378
2026-04-04 14:35:00+00:00,0.0,0.0,0.0,0.0,-45.30443810654572,2.3033240917705378
2026-04-04 14:40:00+00:00,0.0,0.0,0.0,0.0,-45.30443810654572,2.3033240917705378
2026-04-04 14:45:00+00:00,0.0,0.0,0.0,0.0,-45.30443810654572,2.3033240917705378
2026-04-04 14:50:00+00:00,0.0,0.0,0.0,0.0,-45.30443810654572,2.3033240917705378
2026-04-04 14:55:00+00:00,0.0,0.0,0.0,0.0,-45.30443810654572,2.3033240917705378
2026-04-04 15:00:00+00:00,0.0,0.0,0.0,0.0,-45.30443810654572,2.3033240917705378
2026-04-04 15:05:00+00:00,0.0,0.0,0.0,0.0,-45.30443810654572,2.3033240917705378
2026-04-04 15:10:00+00:00,0.0,0.0,0.0,0.0,-45.30443810654572,2.3033240917705378
2026-04-04 15:15:00+00:00,0.0,0.0,0.0,0.0,-45.30443810654572,2.3033240917705378
2026-04-04 15:20:00+00:00,0.0,0.0,0.0,0.0,-45.30443810654572,2.3033240917705378
2026-04-04 15:25:00+00:00,0.0,0.0,0.0,0.0,-45.30443810654572,2.3033240917705378
2026-04-04 15:30:00+00:00,0.0,0.0,0.0,0.0,-45.30443810654572,2.3033240917705378
2026-04-04 15:35:00+00:00,0.0,0.0,0.0,0.0,-45.30443810654572,2.3033240917705378
2026-04-04 15:40:00+00:00,0.0,0.0,0.0,0.0,-45.30443810654572,2.3033240917705378
2026-04-04 15:45:00+00:00,0.0,0.0,0.0,0.0,-45.30443810654572,2.3033240917705378
2026-04-04 15:50:00+00:00,0.0,0.0,0.0,0.0,-45.30443810654572,2.3033240917705378
2026-04-04 15:55:00+00:00,0.0,0.0,0.0,0.0,-45.30443810654572,2.3033240917705378
2026-04-04 16:00:00+00:00,0.0,0.0,0.0,0.0,-45.30443810654572,2.3033240917705378
2026-04-04 16:05:00+00:00,0.0,0.0,0.0,0.0,-45.30443810654572,2.3033240917705378
2026-04-04 16:10:00+00:00,0.0,0.0,0.0,0.0,-45.30443810654572,2.3033240917705378
2026-04-04 16:15:00+00:00,0.0,0.0,0.0,0.0,-45.30443810654572,2.3033240917705378
2026-04-04 16:20:00+00:00,0.0,0.0,0.0,0.0,-45.30443810654572,2.3033240917705378
2026-04-04 16:25:00+00:00,0.0,0.0,0.0,0.0,-45.30443810654572,2.3033240917705378
2026-04-04 16:30:00+00:00,0.0,0.0,0.0,0.0,-45.30443810654572,2.3033240917705378
2026-04-04 16:35:00+00:00,0.0,0.0,0.0,0.0,-45.30443810654572,2.3033240917705378
2026-04-04 16:40:00+00:00,0.0,0.0,0.0,0.0,-45.30443810654572,2.3033240917705378
2026-04-04 16:45:00+00:00,0.0,0.0,0.0,0.0,-45.30443810654572,2.3033240917705378
2026-04-04 16:50:00+00:00,0.0,0.0,0.0,0.0,-45.30443810654572,2.3033240917705378
2026-04-04 16:55:00+00:00,0.0,0.0,0.0,0.0,-45.30443810654572,2.3033240917705378
2026-04-04 17:00:00+00:00,0.0,0.0,0.0,0.0,-45.30443810654572,2.3033240917705378
2026-04-04 17:05:00+00:00,0.0,0.0,0.0,0.0,-45.30443810654572,2.3033240917705378
2026-04-04 17:10:00+00:00,0.0,0.0,0.0,0.0,-45.30443810654572,2.3033240917705378
2026-04-04 17:15:00+00:00,0.0,0.0,0.0,0.0,-45.30443810654572,2.3033240917705378
2026-04-04 17:20:00+00:00,0.0,0.0,0.0,0.0,-45.30443810654572,2.3033240917705378
2026-04-04 17:25:00+00:00,0.0,0.0,0.0,0.0,-45.30443810654572,2.3033240917705378
2026-04-04 17:30:00+00:00,0.0,0.0,0.0,0.0,-45.30443810654572,2.3033240917705378
2026-04-04 17:35:00+00:00,0.0,0.0,0.0,0.0,-45.30443810654572,2.3033240917705378
2026-04-04 17:40:00+00:00,0.0,0.0,0.0,0.0,-45.30443810654572,2.3033240917705378
2026-04-04 17:45:00+00:00,0.0,0.0,0.0,0.0,-45.30443810654572,2.3033240917705378
2026-04-04 17:50:00+00:00,0.0,0.0,0.0,0.0,-45.30443810654572,2.3033240917705378
2026-04-04 17:55:00+00:00,0.0,0.0,0.0,0.0,-45.30443810654572,2.3033240917705378
2026-04-04 18:00:00+00:00,0.0,0.0,0.0,0.0,-45.30443810654572,2.3033240917705378
2026-04-04 18:05:00+00:00,0.0,0.0,0.0,0.0,-45.30443810654572,2.3033240917705378
2026-04-04 18:10:00+00:00,0.0,0.0,0.0,0.0,-45.30443810654572,2.3033240917705378
2026-04-04 18:15:00+00:00,0.0,0.0,0.0,0.0,-45.30443810654572,2.3033240917705378
2026-04-04 18:20:00+00:00,0.0,0.0,0.0,0.0,-45.30443810654572,2.3033240917705378
2026-04-04 18:25:00+00:00,0.0,0.0,0.0,0.0,-45.30443810654572,2.3033240917705378
2026-04-04 18:30:00+00:00,0.0,0.0,0.0,0.0,-45.30443810654572,2.3033240917705378
2026-04-04 18:35:00+00:00,0.0,0.0,0.0,0.0,-45.30443810654572,2.3033240917705378
2026-04-04 18:40:00+00:00,0.0,0.0,0.0,0.0,-45.30443810654572,2.3033240917705378
2026-04-04 18:45:00+00:00,0.0,0.0,0.0,0.0,-45.30443810654572,2.3033240917705378
2026-04-04 18:50:00+00:00,0.0,0.0,0.0,0.0,-45.30443810654572,2.3033240917705378
2026-04-04 18:55:00+00:00,0.0,0.0,0.0,0.0,-45.30443810654572,2.3033240917705378
2026-04-04 19:00:00+00:00,0.0,0.0,0.0,0.0,-45.30443810654572,2.3033240917705378
2026-04-04 19:05:00+00:00,0.0,0.0,0.0,0.0,-45.30443810654572,2.3033240917705378
2026-04-04 19:10:00+00:00,0.0,0.0,0.0,0.0,-45.30443810654572,2.3033240917705378
2026-04-04 19:15:00+00:00,0.0,0.0,0.0,0.0,-45.30443810654572,2.3033240917705378
2026-04-04 19:20:00+00:00,0.0,0.0,0.0,0.0,-45.30443810654572,2.3033240917705378
2026-04-04 19:25:00+00:00,0.0,0.0,0.0,0.0,-45.30443810654572,2.3033240917705378
2026-04-04 19:30:00+00:00,0.0,0.0,0.0,0.0,-45.30443810654572,2.3033240917705378
2026-04-04 19:35:00+00:00,0.0,0.0,0.0,0.0,-45.30443810654572,2.3033240917705378
2026-04-04 19:40:00+00:00,0.0,0.0,0.0,0.0,-45.30443810654572,2.3033240917705378
2026-04-04 19:45:00+00:00,0.0,0.0,0.0,0.0,-45.30443810654572,2.3033240917705378
2026-04-04 19:50:00+00:00,0.0,0.0,0.0,0.0,-45.30443810654572,2.3033240917705378
2026-04-04 19:55:00+00:00,0.0,0.0,0.0,0.0,-45.30443810654572,2.3033240917705378
2026-04-04 20:00:00+00:00,0.0,0.0,0.0,0.0,-45.30443810654572,2.3033240917705378
2026-04-04 20:05:00+00:00,0.0,0.0,0.0,0.0,-45.30443810654572,2.3033240917705378
2026-04-04 20:10:00+00:00,0.0,0.0,0.0,0.0,-45.30443810654572,2.3033240917705378
2026-04-04 20:15:00+00:00,0.0,0.0,0.0,0.0,-45.30443810654572,2.3033240917705378
2026-04-04 20:20:00+00:00,0.0,0.0,0.0,0.0,-45.30443810654572,2.3033240917705378
2026-04-04 20:25:00+00:00,0.0,0.0,0.0,0.0,-45.30443810654572,2.3033240917705378
2026-04-04 20:30:00+00:00,0.0,0.0,0.0,0.0,-45.30443810654572,2.3033240917705378
2026-04-04 20:35:00+00:00,0.0,0.0,0.0,0.0,-45.30443810654572,2.3033240917705378
2026-04-04 20:40:00+00:00,0.0,0.0,0.0,0.0,-45.30443810654572,2.3033240917705378
2026-04-04 20:45:00+00:00,0.0,0.0,0.0,0.0,-45.30443810654572,2.3033240917705378
2026-04-04 20:50:00+00:00,0.0,0.0,0.0,0.0,-45.30443810654572,2.3033240917705378
2026-04-04 20:55:00+00:00,0.0,0.0,0.0,0.0,-45.30443810654572,2.3033240917705378
2026-04-04 21:00:00+00:00,0.0,0.0,0.0,0.0,-45.30443810654572,2.3033240917705378
2026-04-04 21:05:00+00:00,0.0,0.0,0.0,0.0,-45.30443810654572,2.3033240917705378
2026-04-04 21:10:00+00:00,0.0,0.0,0.0,0.0,-45.30443810654572,2.3033240917705378
2026-04-04 21:15:00+00:00,0.0,0.0,0.0,0.0,-45.30443810654572,2.3033240917705378
2026-04-04 21:20:00+00:00,0.0,0.0,0.0,0.0,-45.30443810654572,2.3033240917705378
2026-04-04 21:25:00+00:00,0.0,0.0,0.0,0.0,-45.30443810654572,2.3033240917705378
2026-04-04 21:30:00+00:00,0.0,0.0,0.0,0.0,-45.30443810654572,2.3033240917705378
2026-04-04 21:35:00+00:00,0.0,0.0,0.0,0.0,-45.30443810654572,2.3033240917705378
2026-04-04 21:40:00+00:00,0.0,0.0,0.0,0.0,-45.30443810654572,2.3033240917705378
2026-04-04 21:45:00+00:00,0.0,0.0,0.0,0.0,-45.30443810654572,2.3033240917705378
2026-04-04 21:50:00+00:00,0.0,0.0,0.0,0.0,-45.30443810654572,2.3033240917705378
2026-04-04 21:55:00+00:00,0.0,0.0,0.0,0.0,-45.30443810654572,2.3033240917705378
2026-04-04 22:00:00+00:00,0.0,0.0,0.0,0.0,-45.30443810654572,2.3033240917705378
2026-04-04 22:05:00+00:00,0.0,0.0,0.0,0.0,-45.30443810654572,2.3033240917705378
2026-04-04 22:10:00+00:00,0.0,0.0,0.0,0.0,-45.30443810654572,2.3033240917705378
2026-04-04 22:15:00+00:00,0.0,0.0,0.0,0.0,-45.30443810654572,2.3033240917705378
2026-04-04 22:20:00+00:00,0.0,0.0,0.0,0.0,-45.30443810654572,2.3033240917705378
2026-04-04 22:25:00+00:00,0.0,0.0,0.0,0.0,-45.30443810654572,2.3033240917705378
2026-04-04 22:30:00+00:00,0.0,0.0,0.0,0.0,-45.30443810654572,2.3033240917705378
2026-04-04 22:35:00+00:00,0.0,0.0,0.0,0.0,-45.30443810654572,2.3033240917705378
2026-04-04 22:40:00+00:00,0.0,0.0,0.0,0.0,-45.30443810654572,2.3033240917705378
2026-04-04 22:45:00+00:00,0.0,0.0,0.0,0.0,-45.30443810654572,2.3033240917705378
2026-04-04 22:50:00+00:00,0.0,0.0,0.0,0.0,-45.30443810654572,2.3033240917705378
2026-04-04 22:55:00+00:00,0.0,0.0,0.0,0.0,-45.30443810654572,2.3033240917705378
2026-04-04 23:00:00+00:00,0.0,0.0,0.0,0.0,-45.30443810654572,2.3033240917705378
2026-04-04 23:05:00+00:00,0.0,0.0,0.0,0.0,-45.30443810654572,2.3033240917705378
2026-04-04 23:10:00+00:00,0.0,0.0,0.0,0.0,-45.30443810654572,2.3033240917705378
2026-04-04 23:15:00+00:00,0.0,0.0,0.0,0.0,-45.30443810654572,2.3033240917705378
2026-04-04 23:20:00+00:00,0.0,0.0,0.0,0.0,-45.30443810654572,2.3033240917705378
2026-04-04 23:25:00+00:00,0.0,0.0,0.0,0.0,-45.30443810654572,2.3033240917705378
2026-04-04 23:30:00+00:00,0.0,0.0,0.0,0.0,-45.30443810654572,2.3033240917705378
2026-04-04 23:35:00+00:00,0.0,0.0,0.0,0.0,-45.30443810654572,2.3033240917705378
2026-04-04 23:40:00+00:00,0.0,0.0,0.0,0.0,-45.30443810654572,2.3033240917705378
2026-04-04 23:45:00+00:00,0.0,0.0,0.0,0.0,-45.30443810654572,2.3033240917705378
2026-04-04 23:50:00+00:00,0.0,0.0,0.0,0.0,-45.30443810654572,2.3033240917705378
2026-04-04 23:55:00+00:00,0.0,0.0,0.0,0.0,-45.30443810654572,2.3033240917705378
2026-04-05 00:00:00+00:00,0.0,0.0,0.0,0.0,-45.30443810654572,2.3033240917705378
2026-04-05 00:05:00+00:00,0.0,0.0,0.0,0.0,-45.30443810654572,2.3033240917705378
2026-04-05 00:10:00+00:00,0.0,0.0,0.0,0.0,-45.30443810654572,2.3033240917705378
2026-04-05 00:15:00+00:00,0.0,0.0,0.0,0.0,-45.30443810654572,2.3033240917705378
2026-04-05 00:20:00+00:00,0.0,0.0,0.0,0.0,-45.30443810654572,2.3033240917705378
2026-04-05 00:25:00+00:00,0.0,0.0,0.0,0.0,-45.30443810654572,2.3033240917705378
2026-04-05 00:30:00+00:00,0.0,0.0,0.0,0.0,-45.30443810654572,2.3033240917705378
2026-04-05 00:35:00+00:00,0.0,0.0,0.0,0.0,-45.30443810654572,2.3033240917705378
2026-04-05 00:40:00+00:00,0.0,0.0,0.0,0.0,-45.30443810654572,2.3033240917705378
2026-04-05 00:45:00+00:00,0.0,0.0,0.0,0.0,-45.30443810654572,2.3033240917705378
2026-04-05 00:50:00+00:00,0.0,0.0,0.0,0.0,-45.30443810654572,2.3033240917705378
2026-04-05 00:55:00+00:00,0.0,0.0,0.0,0.0,-45.30443810654572,2.3033240917705378
2026-04-05 01:00:00+00:00,0.0,0.0,0.0,0.0,-45.30443810654572,2.3033240917705378
2026-04-05 01:05:00+00:00,0.0,0.0,0.0,0.0,-45.30443810654572,2.3033240917705378
2026-04-05 01:10:00+00:00,0.0,0.0,0.0,0.0,-45.30443810654572,2.3033240917705378
2026-04-05 01:15:00+00:00,0.0,0.0,0.0,0.0,-45.30443810654572,2.3033240917705378
2026-04-05 01:20:00+00:00,0.0,0.0,0.0,0.0,-45.30443810654572,2.3033240917705378
2026-04-05 01:25:00+00:00,0.0,0.0,0.0,0.0,-45.30443810654572,2.3033240917705378
2026-04-05 01:30:00+00:00,0.0,0.0,0.0,0.0,-45.30443810654572,2.3033240917705378
2026-04-05 01:35:00+00:00,0.0,0.0,0.0,0.0,-45.30443810654572,2.3033240917705378
2026-04-05 01:40:00+00:00,0.0,0.0,0.0,0.0,-45.30443810654572,2.3033240917705378
2026-04-05 01:45:00+00:00,0.0,0.0,0.0,0.0,-45.30443810654572,2.3033240917705378
2026-04-05 01:50:00+00:00,0.0,0.0,0.0,0.0,-45.30443810654572,2.3033240917705378
2026-04-05 01:55:00+00:00,0.0,0.0,0.0,0.0,-45.30443810654572,2.3033240917705378
2026-04-05 02:00:00+00:00,0.0,0.0,0.0,0.0,-45.30443810654572,2.3033240917705378
2026-04-05 02:05:00+00:00,0.0,0.0,0.0,0.0,-45.30443810654572,2.3033240917705378
2026-04-05 02:10:00+00:00,0.0,0.0,0.0,0.0,-45.30443810654572,2.3033240917705378
2026-04-05 02:15:00+00:00,0.0,0.0,0.0,0.0,-45.30443810654572,2.3033240917705378
2026-04-05 02:20:00+00:00,0.0,0.0,0.0,0.0,-45.30443810654572,2.3033240917705378
2026-04-05 02:25:00+00:00,0.0,0.0,0.0,0.0,-45.30443810654572,2.3033240917705378
2026-04-05 02:30:00+00:00,0.0,0.0,0.0,0.0,-45.30443810654572,2.3033240917705378
2026-04-05 02:35:00+00:00,0.0,0.0,0.0,0.0,-45.30443810654572,2.3033240917705378
2026-04-05 02:40:00+00:00,0.0,0.0,0.0,0.0,-45.30443810654572,2.3033240917705378
2026-04-05 02:45:00+00:00,0.0,0.0,0.0,0.0,-45.30443810654572,2.3033240917705378
2026-04-05 02:50:00+00:00,0.0,0.0,0.0,0.0,-45.30443810654572,2.3033240917705378
2026-04-05 02:55:00+00:00,0.0,0.0,0.0,0.0,-45.30443810654572,2.3033240917705378
2026-04-05 03:00:00+00:00,0.0,0.0,0.0,0.0,-45.30443810654572,2.3033240917705378
2026-04-05 03:05:00+00:00,0.0,0.0,0.0,0.0,-45.30443810654572,2.3033240917705378
2026-04-05 03:10:00+00:00,0.0,0.0,0.0,0.0,-45.30443810654572,2.3033240917705378
2026-04-05 03:15:00+00:00,0.0,0.0,0.0,0.0,-45.30443810654572,2.3033240917705378
2026-04-05 03:20:00+00:00,0.0,0.0,0.0,0.0,-45.30443810654572,2.3033240917705378
2026-04-05 03:25:00+00:00,0.0,0.0,0.0,0.0,-45.30443810654572,2.3033240917705378
2026-04-05 03:30:00+00:00,0.0,0.0,0.0,0.0,-45.30443810654572,2.3033240917705378
2026-04-05 03:35:00+00:00,0.0,0.0,0.0,0.0,-45.30443810654572,2.3033240917705378
2026-04-05 03:40:00+00:00,0.0,0.0,0.0,0.0,-45.30443810654572,2.3033240917705378
2026-04-05 03:45:00+00:00,0.0,0.0,0.0,0.0,-45.30443810654572,2.3033240917705378
2026-04-05 03:50:00+00:00,0.0,0.0,0.0,0.0,-45.30443810654572,2.3033240917705378
2026-04-05 03:55:00+00:00,0.0,0.0,0.0,0.0,-45.30443810654572,2.3033240917705378
2026-04-05 04:00:00+00:00,0.0,0.0,0.0,0.0,-45.30443810654572,2.3033240917705378
2026-04-05 04:05:00+00:00,0.0,0.0,0.0,0.0,-45.30443810654572,2.3033240917705378
2026-04-05 04:10:00+00:00,0.0,0.0,0.0,0.0,-45.30443810654572,2.3033240917705378
2026-04-05 04:15:00+00:00,0.0,0.0,0.0,0.0,-45.30443810654572,2.3033240917705378
2026-04-05 04:20:00+00:00,0.0,0.0,0.0,0.0,-45.30443810654572,2.3033240917705378
2026-04-05 04:25:00+00:00,0.0,0.0,0.0,0.0,-45.30443810654572,2.3033240917705378
2026-04-05 04:30:00+00:00,0.0,0.0,0.0,0.0,-45.30443810654572,2.3033240917705378
2026-04-05 04:35:00+00:00,0.0,0.0,0.0,0.0,-45.30443810654572,2.3033240917705378
2026-04-05 04:40:00+00:00,0.0,0.0,0.0,0.0,-45.30443810654572,2.3033240917705378
2026-04-05 04:45:00+00:00,0.0,0.0,0.0,0.0,-45.30443810654572,2.3033240917705378
2026-04-05 04:50:00+00:00,0.0,0.0,0.0,0.0,-45.30443810654572,2.3033240917705378
2026-04-05 04:55:00+00:00,0.0,0.0,0.0,0.0,-45.30443810654572,2.3033240917705378
2026-04-05 05:00:00+00:00,0.0,0.0,0.0,0.0,-45.30443810654572,2.3033240917705378
2026-04-05 05:05:00+00:00,0.0,0.0,0.0,0.0,-45.30443810654572,2.3033240917705378
2026-04-05 05:10:00+00:00,0.0,0.0,0.0,0.0,-45.30443810654572,2.3033240917705378
2026-04-05 05:15:00+00:00,0.0,0.0,0.0,0.0,-45.30443810654572,2.3033240917705378
2026-04-05 05:20:00+00:00,0.0,0.0,0.0,0.0,-45.30443810654572,2.3033240917705378
2026-04-05 05:25:00+00:00,0.0,0.0,0.0,0.0,-45.30443810654572,2.3033240917705378
2026-04-05 05:30:00+00:00,0.0,0.0,0.0,0.0,-45.30443810654572,2.3033240917705378
2026-04-05 05:35:00+00:00,0.0,0.0,0.0,0.0,-45.30443810654572,2.3033240917705378
2026-04-05 05:40:00+00:00,0.0,0.0,0.0,0.0,-45.30443810654572,2.3033240917705378
2026-04-05 05:45:00+00:00,0.0,0.0,0.0,0.0,-45.30443810654572,2.3033240917705378
2026-04-05 05:50:00+00:00,0.0,0.0,0.0,0.0,-45.30443810654572,2.3033240917705378
2026-04-05 05:55:00+00:00,0.0,0.0,0.0,0.0,-45.30443810654572,2.3033240917705378
2026-04-05 06:00:00+00:00,0.0,0.0,0.0,0.0,-45.30443810654572,2.3033240917705378
2026-04-05 06:05:00+00:00,0.0,0.0,0.0,0.0,-45.30443810654572,2.3033240917705378
2026-04-05 06:10:00+00:00,0.0,0.0,0.0,0.0,-45.30443810654572,2.3033240917705378
2026-04-05 06:15:00+00:00,0.0,0.0,0.0,0.0,-45.30443810654572,2.3033240917705378
2026-04-05 06:20:00+00:00,0.0,0.0,0.0,0.0,-45.30443810654572,2.3033240917705378
2026-04-05 06:25:00+00:00,0.0,0.0,0.0,0.0,-45.30443810654572,2.3033240917705378
2026-04-05 06:30:00+00:00,0.0,0.0,0.0,0.0,-45.30443810654572,2.3033240917705378
2026-04-05 06:35:00+00:00,0.0,0.0,0.0,0.0,-45.30443810654572,2.3033240917705378
2026-04-05 06:40:00+00:00,0.0,0.0,0.0,0.0,-45.30443810654572,2.3033240917705378
2026-04-05 06:45:00+00:00,0.0,0.0,0.0,0.0,-45.30443810654572,2.3033240917705378
2026-04-05 06:50:00+00:00,0.0,0.0,0.0,0.0,-45.30443810654572,2.3033240917705378
2026-04-05 06:55:00+00:00,0.0,0.0,0.0,0.0,-45.30443810654572,2.3033240917705378
2026-04-05 07:00:00+00:00,0.0,0.0,0.0,0.0,-45.30443810654572,2.3033240917705378
2026-04-05 07:05:00+00:00,0.0,0.0,0.0,0.0,-45.30443810654572,2.3033240917705378
2026-04-05 07:10:00+00:00,0.0,0.0,0.0,0.0,-45.30443810654572,2.3033240917705378
2026-04-05 07:15:00+00:00,0.0,0.0,0.0,0.0,-45.30443810654572,2.3033240917705378
2026-04-05 07:20:00+00:00,0.0,0.0,0.0,0.0,-45.30443810654572,2.3033240917705378
2026-04-05 07:25:00+00:00,0.0,0.0,0.0,0.0,-45.30443810654572,2.3033240917705378
2026-04-05 07:30:00+00:00,0.0,0.0,0.0,0.0,-45.30443810654572,2.3033240917705378
2026-04-05 07:35:00+00:00,0.0,0.0,0.0,0.0,-45.30443810654572,2.3033240917705378
2026-04-05 07:40:00+00:00,0.0,0.0,0.0,0.0,-45.30443810654572,2.3033240917705378
2026-04-05 07:45:00+00:00,0.0,0.0,0.0,0.0,-45.30443810654572,2.3033240917705378
2026-04-05 07:50:00+00:00,0.0,0.0,0.0,0.0,-45.30443810654572,2.3033240917705378
2026-04-05 07:55:00+00:00,0.0,0.0,0.0,0.0,-45.30443810654572,2.3033240917705378
2026-04-05 08:00:00+00:00,0.0,0.0,0.0,0.0,-45.30443810654572,2.3033240917705378
2026-04-05 08:05:00+00:00,0.0,0.0,0.0,0.0,-45.30443810654572,2.3033240917705378
2026-04-05 08:10:00+00:00,0.0,0.0,0.0,0.0,-45.30443810654572,2.3033240917705378
2026-04-05 08:15:00+00:00,0.0,0.0,0.0,0.0,-45.30443810654572,2.3033240917705378
2026-04-05 08:20:00+00:00,0.0,0.0,0.0,0.0,-45.30443810654572,2.3033240917705378
2026-04-05 08:25:00+00:00,0.0,0.0,0.0,0.0,-45.30443810654572,2.3033240917705378
2026-04-05 08:30:00+00:00,0.0,0.0,0.0,0.0,-45.30443810654572,2.3033240917705378
2026-04-05 08:35:00+00:00,0.0,0.0,0.0,0.0,-45.30443810654572,2.3033240917705378
2026-04-05 08:40:00+00:00,0.0,0.0,0.0,0.0,-45.30443810654572,2.3033240917705378
2026-04-05 08:45:00+00:00,0.0,0.0,0.0,0.0,-45.30443810654572,2.3033240917705378
2026-04-05 08:50:00+00:00,0.0,0.0,0.0,0.0,-45.30443810654572,2.3033240917705378
2026-04-05 08:55:00+00:00,0.0,0.0,0.0,0.0,-45.30443810654572,2.3033240917705378
2026-04-05 09:00:00+00:00,0.0,0.0,0.0,0.0,-45.30443810654572,2.3033240917705378
2026-04-05 09:05:00+00:00,0.0,0.0,0.0,0.0,-45.30443810654572,2.3033240917705378
2026-04-05 09:10:00+00:00,0.0,0.0,0.0,0.0,-45.30443810654572,2.3033240917705378
2026-04-05 09:15:00+00:00,0.0,0.0,0.0,0.0,-45.30443810654572,2.3033240917705378
2026-04-05 09:20:00+00:00,0.0,0.0,0.0,0.0,-45.30443810654572,2.3033240917705378
2026-04-05 09:25:00+00:00,0.0,0.0,0.0,0.0,-45.30443810654572,2.3033240917705378
2026-04-05 09:30:00+00:00,0.0,0.0,0.0,0.0,-45.30443810654572,2.3033240917705378
2026-04-05 09:35:00+00:00,0.0,0.0,0.0,0.0,-45.30443810654572,2.3033240917705378
2026-04-05 09:40:00+00:00,0.0,0.0,0.0,0.0,-45.30443810654572,2.3033240917705378
2026-04-05 09:45:00+00:00,0.0,0.0,0.0,0.0,-45.30443810654572,2.3033240917705378
2026-04-05 09:50:00+00:00,0.0,0.0,0.0,0.0,-45.30443810654572,2.3033240917705378
2026-04-05 09:55:00+00:00,0.0,0.0,0.0,0.0,-45.30443810654572,2.3033240917705378
2026-04-05 10:00:00+00:00,0.0,0.0,0.0,0.0,-45.30443810654572,2.3033240917705378
2026-04-05 10:05:00+00:00,0.0,0.0,0.0,0.0,-45.30443810654572,2.3033240917705378
2026-04-05 10:10:00+00:00,0.0,0.0,0.0,0.0,-45.30443810654572,2.3033240917705378
2026-04-05 10:15:00+00:00,0.0,0.0,0.0,0.0,-45.30443810654572,2.3033240917705378
2026-04-05 10:20:00+00:00,0.0,0.0,0.0,0.0,-45.30443810654572,2.3033240917705378
2026-04-05 10:25:00+00:00,0.0,0.0,0.0,0.0,-45.30443810654572,2.3033240917705378
2026-04-05 10:30:00+00:00,0.0,0.0,0.0,0.0,-45.30443810654572,2.3033240917705378
2026-04-05 10:35:00+00:00,0.0,0.0,0.0,0.0,-45.30443810654572,2.3033240917705378
2026-04-05 10:40:00+00:00,0.0,0.0,0.0,0.0,-45.30443810654572,2.3033240917705378
2026-04-05 10:45:00+00:00,0.0,0.0,0.0,0.0,-45.30443810654572,2.3033240917705378
2026-04-05 10:50:00+00:00,0.0,0.0,0.0,0.0,-45.30443810654572,2.3033240917705378
2026-04-05 10:55:00+00:00,0.0,0.0,0.0,0.0,-45.30443810654572,2.3033240917705378
2026-04-05 11:00:00+00:00,0.0,0.0,0.0,0.0,-45.30443810654572,2.3033240917705378
2026-04-05 11:05:00+00:00,0.0,0.0,0.0,0.0,-45.30443810654572,2.3033240917705378
2026-04-05 11:10:00+00:00,0.0,0.0,0.0,0.0,-45.30443810654572,2.3033240917705378
2026-04-05 11:15:00+00:00,0.0,0.0,0.0,0.0,-45.30443810654572,2.3033240917705378
2026-04-05 11:20:00+00:00,0.0,0.0,0.0,0.0,-45.30443810654572,2.3033240917705378
2026-04-05 11:25:00+00:00,0.0,0.0,0.0,0.0,-45.30443810654572,2.3033240917705378
2026-04-05 11:30:00+00:00,0.0,0.0,0.0,0.0,-45.30443810654572,2.3033240917705378
2026-04-05 11:35:00+00:00,0.0,0.0,0.0,0.0,-45.30443810654572,2.3033240917705378
2026-04-05 11:40:00+00:00,0.0,0.0,0.0,0.0,-45.30443810654572,2.3033240917705378
2026-04-05 11:45:00+00:00,0.0,0.0,0.0,0.0,-45.30443810654572,2.3033240917705378
2026-04-05 11:50:00+00:00,0.0,0.0,0.0,0.0,-45.30443810654572,2.3033240917705378
2026-04-05 11:55:00+00:00,0.0,0.0,0.0,0.0,-45.30443810654572,2.3033240917705378
2026-04-05 12:00:00+00:00,0.0,0.0,0.0,0.0,-45.30443810654572,2.3033240917705378
2026-04-05 12:05:00+00:00,0.0,0.0,0.0,0.0,-45.30443810654572,2.3033240917705378
2026-04-05 12:10:00+00:00,0.0,0.0,0.0,0.0,-45.30443810654572,2.3033240917705378
2026-04-05 12:15:00+00:00,0.0,0.0,0.0,0.0,-45.30443810654572,2.3033240917705378
2026-04-05 12:20:00+00:00,0.0,0.0,0.0,0.0,-45.30443810654572,2.3033240917705378
2026-04-05 12:25:00+00:00,0.0,0.0,0.0,0.0,-45.30443810654572,2.3033240917705378
2026-04-05 12:30:00+00:00,0.0,0.0,0.0,0.0,-45.30443810654572,2.3033240917705378
2026-04-05 12:35:00+00:00,0.0,0.0,0.0,0.0,-45.30443810654572,2.3033240917705378
2026-04-05 12:40:00+00:00,0.0,0.0,0.0,0.0,-45.30443810654572,2.3033240917705378
2026-04-05 12:45:00+00:00,0.0,0.0,0.0,0.0,-45.30443810654572,2.3033240917705378
2026-04-05 12:50:00+00:00,0.0,0.0,0.0,0.0,-45.30443810654572,2.3033240917705378
2026-04-05 12:55:00+00:00,0.0,0.0,0.0,0.0,-45.30443810654572,2.3033240917705378
2026-04-05 13:00:00+00:00,0.0,0.0,0.0,0.0,-45.30443810654572,2.3033240917705378
2026-04-05 13:05:00+00:00,0.0,0.0,0.0,0.0,-45.30443810654572,2.3033240917705378
2026-04-05 13:10:00+00:00,0.0,0.0,0.0,0.0,-45.30443810654572,2.3033240917705378
2026-04-05 13:15:00+00:00,0.0,0.0,0.0,0.0,-45.30443810654572,2.3033240917705378
2026-04-05 13:20:00+00:00,0.0,0.0,0.0,0.0,-45.30443810654572,2.3033240917705378
2026-04-05 13:25:00+00:00,0.0,0.0,0.0,0.0,-45.30443810654572,2.3033240917705378
2026-04-05 13:30:00+00:00,0.0,0.0,0.0,0.0,-45.30443810654572,2.3033240917705378
2026-04-05 13:35:00+00:00,0.0,0.0,0.0,0.0,-45.30443810654572,2.3033240917705378
2026-04-05 13:40:00+00:00,0.0,0.0,0.0,0.0,-45.30443810654572,2.3033240917705378
2026-04-05 13:45:00+00:00,0.0,0.0,0.0,0.0,-45.30443810654572,2.3033240917705378
2026-04-05 13:50:00+00:00,0.0,0.0,0.0,0.0,-45.30443810654572,2.3033240917705378
2026-04-05 13:55:00+00:00,0.0,0.0,0.0,0.0,-45.30443810654572,2.3033240917705378
2026-04-05 14:00:00+00:00,0.0,0.0,0.0,0.0,-45.30443810654572,2.3033240917705378
2026-04-05 14:05:00+00:00,0.0,0.0,0.0,0.0,-45.30443810654572,2.3033240917705378
2026-04-05 14:10:00+00:00,0.0,0.0,0.0,0.0,-45.30443810654572,2.3033240917705378
2026-04-05 14:15:00+00:00,0.0,0.0,0.0,0.0,-45.30443810654572,2.3033240917705378
2026-04-05 14:20:00+00:00,0.0,0.0,0.0,0.0,-45.30443810654572,2.3033240917705378
2026-04-05 14:25:00+00:00,0.0,0.0,0.0,0.0,-45.30443810654572,2.3033240917705378
2026-04-05 14:30:00+00:00,0.0,0.0,0.0,0.0,-45.30443810654572,2.3033240917705378
2026-04-05 14:35:00+00:00,0.0,0.0,0.0,0.0,-45.30443810654572,2.3033240917705378
2026-04-05 14:40:00+00:00,0.0,0.0,0.0,0.0,-45.30443810654572,2.3033240917705378
2026-04-05 14:45:00+00:00,0.0,0.0,0.0,0.0,-45.30443810654572,2.3033240917705378
2026-04-05 14:50:00+00:00,0.0,0.0,0.0,0.0,-45.30443810654572,2.3033240917705378
2026-04-05 14:55:00+00:00,0.0,0.0,0.0,0.0,-45.30443810654572,2.3033240917705378
2026-04-05 15:00:00+00:00,0.0,0.0,0.0,0.0,-45.30443810654572,2.3033240917705378
2026-04-05 15:05:00+00:00,0.0,0.0,0.0,0.0,-45.30443810654572,2.3033240917705378
2026-04-05 15:10:00+00:00,0.0,0.0,0.0,0.0,-45.30443810654572,2.3033240917705378
2026-04-05 15:15:00+00:00,0.0,0.0,0.0,0.0,-45.30443810654572,2.3033240917705378
2026-04-05 15:20:00+00:00,0.0,0.0,0.0,0.0,-45.30443810654572,2.3033240917705378
2026-04-05 15:25:00+00:00,0.0,0.0,0.0,0.0,-45.30443810654572,2.3033240917705378
2026-04-05 15:30:00+00:00,0.0,0.0,0.0,0.0,-45.30443810654572,2.3033240917705378
2026-04-05 15:35:00+00:00,0.0,0.0,0.0,0.0,-45.30443810654572,2.3033240917705378
2026-04-05 15:40:00+00:00,0.0,0.0,0.0,0.0,-45.30443810654572,2.3033240917705378
2026-04-05 15:45:00+00:00,0.0,0.0,0.0,0.0,-45.30443810654572,2.3033240917705378
2026-04-05 15:50:00+00:00,0.0,0.0,0.0,0.0,-45.30443810654572,2.3033240917705378
2026-04-05 15:55:00+00:00,0.0,0.0,0.0,0.0,-45.30443810654572,2.3033240917705378
2026-04-05 16:00:00+00:00,0.0,0.0,0.0,0.0,-45.30443810654572,2.3033240917705378
2026-04-05 16:05:00+00:00,0.0,0.0,0.0,0.0,-45.30443810654572,2.3033240917705378
2026-04-05 16:10:00+00:00,0.0,0.0,0.0,0.0,-45.30443810654572,2.3033240917705378
2026-04-05 16:15:00+00:00,0.0,0.0,0.0,0.0,-45.30443810654572,2.3033240917705378
2026-04-05 16:20:00+00:00,0.0,0.0,0.0,0.0,-45.30443810654572,2.3033240917705378
2026-04-05 16:25:00+00:00,0.0,0.0,0.0,0.0,-45.30443810654572,2.3033240917705378
2026-04-05 16:30:00+00:00,0.0,0.0,0.0,0.0,-45.30443810654572,2.3033240917705378
2026-04-05 16:35:00+00:00,0.0,0.0,0.0,0.0,-45.30443810654572,2.3033240917705378
2026-04-05 16:40:00+00:00,0.0,0.0,0.0,0.0,-45.30443810654572,2.3033240917705378
2026-04-05 16:45:00+00:00,0.0,0.0,0.0,0.0,-45.30443810654572,2.3033240917705378
2026-04-05 16:50:00+00:00,0.0,0.0,0.0,0.0,-45.30443810654572,2.3033240917705378
2026-04-05 16:55:00+00:00,0.0,0.0,0.0,0.0,-45.30443810654572,2.3033240917705378
2026-04-05 17:00:00+00:00,0.0,0.0,0.0,0.0,-45.30443810654572,2.3033240917705378
2026-04-05 17:05:00+00:00,0.0,0.0,0.0,0.0,-45.30443810654572,2.3033240917705378
2026-04-05 17:10:00+00:00,0.0,0.0,0.0,0.0,-45.30443810654572,2.3033240917705378
2026-04-05 17:15:00+00:00,0.0,0.0,0.0,0.0,-45.30443810654572,2.3033240917705378
2026-04-05 17:20:00+00:00,0.0,0.0,0.0,0.0,-45.30443810654572,2.3033240917705378
2026-04-05 17:25:00+00:00,0.0,0.0,0.0,0.0,-45.30443810654572,2.3033240917705378
2026-04-05 17:30:00+00:00,0.0,0.0,0.0,0.0,-45.30443810654572,2.3033240917705378
2026-04-05 17:35:00+00:00,0.0,0.0,0.0,0.0,-45.30443810654572,2.3033240917705378
2026-04-05 17:40:00+00:00,0.0,0.0,0.0,0.0,-45.30443810654572,2.3033240917705378
2026-04-05 17:45:00+00:00,0.0,0.0,0.0,0.0,-45.30443810654572,2.3033240917705378
2026-04-05 17:50:00+00:00,0.0,0.0,0.0,0.0,-45.30443810654572,2.3033240917705378
2026-04-05 17:55:00+00:00,0.0,0.0,0.0,0.0,-45.30443810654572,2.3033240917705378
2026-04-05 18:00:00+00:00,0.0,0.0,0.0,0.0,-45.30443810654572,2.3033240917705378
2026-04-05 18:05:00+00:00,0.0,0.0,0.0,0.0,-45.30443810654572,2.3033240917705378
2026-04-05 18:10:00+00:00,0.0,0.0,0.0,0.0,-45.30443810654572,2.3033240917705378
2026-04-05 18:15:00+00:00,0.0,0.0,0.0,0.0,-45.30443810654572,2.3033240917705378
2026-04-05 18:20:00+00:00,0.0,0.0,0.0,0.0,-45.30443810654572,2.3033240917705378
2026-04-05 18:25:00+00:00,0.0,0.0,0.0,0.0,-45.30443810654572,2.3033240917705378
2026-04-05 18:30:00+00:00,0.0,0.0,0.0,0.0,-45.30443810654572,2.3033240917705378
2026-04-05 18:35:00+00:00,0.0,0.0,0.0,0.0,-45.30443810654572,2.3033240917705378
2026-04-05 18:40:00+00:00,0.0,0.0,0.0,0.0,-45.30443810654572,2.3033240917705378
2026-04-05 18:45:00+00:00,0.0,0.0,0.0,0.0,-45.30443810654572,2.3033240917705378
2026-04-05 18:50:00+00:00,0.0,0.0,0.0,0.0,-45.30443810654572,2.3033240917705378
2026-04-05 18:55:00+00:00,0.0,0.0,0.0,0.0,-45.30443810654572,2.3033240917705378
2026-04-05 19:00:00+00:00,0.0,0.0,0.0,0.0,-45.30443810654572,2.3033240917705378
2026-04-05 19:05:00+00:00,0.0,0.0,0.0,0.0,-45.30443810654572,2.3033240917705378
2026-04-05 19:10:00+00:00,0.0,0.0,0.0,0.0,-45.30443810654572,2.3033240917705378
2026-04-05 19:15:00+00:00,0.0,0.0,0.0,0.0,-45.30443810654572,2.3033240917705378
2026-04-05 19:20:00+00:00,0.0,0.0,0.0,0.0,-45.30443810654572,2.3033240917705378
2026-04-05 19:25:00+00:00,0.0,0.0,0.0,0.0,-45.30443810654572,2.3033240917705378
2026-04-05 19:30:00+00:00,0.0,0.0,0.0,0.0,-45.30443810654572,2.3033240917705378
2026-04-05 19:35:00+00:00,0.0,0.0,0.0,0.0,-45.30443810654572,2.3033240917705378
2026-04-05 19:40:00+00:00,0.0,0.0,0.0,0.0,-45.30443810654572,2.3033240917705378
2026-04-05 19:45:00+00:00,0.0,0.0,0.0,0.0,-45.30443810654572,2.3033240917705378
2026-04-05 19:50:00+00:00,0.0,0.0,0.0,0.0,-45.30443810654572,2.3033240917705378
2026-04-05 19:55:00+00:00,0.0,0.0,0.0,0.0,-45.30443810654572,2.3033240917705378
2026-04-05 20:00:00+00:00,0.0,0.0,0.0,0.0,-45.30443810654572,2.3033240917705378
2026-04-05 20:05:00+00:00,0.0,0.0,0.0,0.0,-45.30443810654572,2.3033240917705378
2026-04-05 20:10:00+00:00,0.0,0.0,0.0,0.0,-45.30443810654572,2.3033240917705378
2026-04-05 20:15:00+00:00,0.0,0.0,0.0,0.0,-45.30443810654572,2.3033240917705378
2026-04-05 20:20:00+00:00,0.0,0.0,0.0,0.0,-45.30443810654572,2.3033240917705378
2026-04-05 20:25:00+00:00,0.0,0.0,0.0,0.0,-45.30443810654572,2.3033240917705378
2026-04-05 20:30:00+00:00,0.0,0.0,0.0,0.0,-45.30443810654572,2.3033240917705378
2026-04-05 20:35:00+00:00,0.0,0.0,0.0,0.0,-45.30443810654572,2.3033240917705378
2026-04-05 20:40:00+00:00,0.0,0.0,0.0,0.0,-45.30443810654572,2.3033240917705378
2026-04-05 20:45:00+00:00,0.0,0.0,0.0,0.0,-45.30443810654572,2.3033240917705378
2026-04-05 20:50:00+00:00,0.0,0.0,0.0,0.0,-45.30443810654572,2.3033240917705378
2026-04-05 20:55:00+00:00,0.0,0.0,0.0,0.0,-45.30443810654572,2.3033240917705378
2026-04-05 21:00:00+00:00,0.0,0.0,0.0,0.0,-45.30443810654572,2.3033240917705378
2026-04-05 21:05:00+00:00,0.0,0.0,0.0,0.0,-45.30443810654572,2.3033240917705378
2026-04-05 21:10:00+00:00,0.0,0.0,0.0,0.0,-45.30443810654572,2.3033240917705378
2026-04-05 21:15:00+00:00,0.0,0.0,0.0,0.0,-45.30443810654572,2.3033240917705378
2026-04-05 21:20:00+00:00,0.0,0.0,0.0,0.0,-45.30443810654572,2.3033240917705378
2026-04-05 21:25:00+00:00,0.0,0.0,0.0,0.0,-45.30443810654572,2.3033240917705378
2026-04-05 21:30:00+00:00,0.0,0.0,0.0,0.0,-45.30443810654572,2.3033240917705378
2026-04-05 21:35:00+00:00,0.0,0.0,0.0,0.0,-45.30443810654572,2.3033240917705378
2026-04-05 21:40:00+00:00,0.0,0.0,0.0,0.0,-45.30443810654572,2.3033240917705378
2026-04-05 21:45:00+00:00,0.0,0.0,0.0,0.0,-45.30443810654572,2.3033240917705378
2026-04-05 21:50:00+00:00,0.0,0.0,0.0,0.0,-45.30443810654572,2.3033240917705378
2026-04-05 21:55:00+00:00,0.0,0.0,0.0,0.0,-45.30443810654572,2.3033240917705378
2026-04-05 22:00:00+00:00,0.0,0.0,0.0,0.0,-45.30443810654572,2.3033240917705378
2026-04-05 22:05:00+00:00,0.0,0.0,0.0,0.0,-45.30443810654572,2.3033240917705378
2026-04-05 22:10:00+00:00,0.0,0.0,0.0,0.0,-45.30443810654572,2.3033240917705378
2026-04-05 22:15:00+00:00,0.0,0.0,0.0,0.0,-45.30443810654572,2.3033240917705378
2026-04-05 22:20:00+00:00,0.0,0.0,0.0,0.0,-45.30443810654572,2.3033240917705378
2026-04-05 22:25:00+00:00,0.0,0.0,0.0,0.0,-45.30443810654572,2.3033240917705378
2026-04-05 22:30:00+00:00,0.0,0.0,0.0,0.0,-45.30443810654572,2.3033240917705378
2026-04-05 22:35:00+00:00,0.0,0.0,0.0,0.0,-45.30443810654572,2.3033240917705378
2026-04-05 22:40:00+00:00,0.0,0.0,0.0,0.0,-45.30443810654572,2.3033240917705378
2026-04-05 22:45:00+00:00,0.0,0.0,0.0,0.0,-45.30443810654572,2.3033240917705378
2026-04-05 22:50:00+00:00,0.0,0.0,0.0,0.0,-45.30443810654572,2.3033240917705378
2026-04-05 22:55:00+00:00,0.0,0.0,0.0,0.0,-45.30443810654572,2.3033240917705378
2026-04-05 23:00:00+00:00,0.0,0.0,0.0,0.0,-45.30443810654572,2.3033240917705378
2026-04-05 23:05:00+00:00,0.0,0.0,0.0,0.0,-45.30443810654572,2.3033240917705378
2026-04-05 23:10:00+00:00,0.0,0.0,0.0,0.0,-45.30443810654572,2.3033240917705378
2026-04-05 23:15:00+00:00,0.0,0.0,0.0,0.0,-45.30443810654572,2.3033240917705378
2026-04-05 23:20:00+00:00,0.0,0.0,0.0,0.0,-45.30443810654572,2.3033240917705378
2026-04-05 23:25:00+00:00,0.0,0.0,0.0,0.0,-45.30443810654572,2.3033240917705378
2026-04-05 23:30:00+00:00,0.0,0.0,0.0,0.0,-45.30443810654572,2.3033240917705378
2026-04-05 23:35:00+00:00,0.0,0.0,0.0,0.0,-45.30443810654572,2.3033240917705378
2026-04-05 23:40:00+00:00,0.0,0.0,0.0,0.0,-45.30443810654572,2.3033240917705378
2026-04-05 23:45:00+00:00,0.0,0.0,0.0,0.0,-45.30443810654572,2.3033240917705378
2026-04-05 23:50:00+00:00,0.0,0.0,0.0,0.0,-45.30443810654572,2.3033240917705378
2026-04-05 23:55:00+00:00,0.0,0.0,0.0,0.0,-45.30443810654572,2.3033240917705378
2026-04-06 00:00:00+00:00,0.0,0.0,0.0,0.0,-45.30443810654572,2.3033240917705378
2026-04-06 00:05:00+00:00,0.0,0.0,0.0,0.0,-45.30443810654572,2.3033240917705378
2026-04-06 00:10:00+00:00,0.0,0.0,0.0,0.0,-45.30443810654572,2.3033240917705378
2026-04-06 00:15:00+00:00,0.0,0.0,0.0,0.0,-45.30443810654572,2.3033240917705378
2026-04-06 00:20:00+00:00,0.0,0.0,0.0,0.0,-45.30443810654572,2.3033240917705378
2026-04-06 00:25:00+00:00,0.0,0.0,0.0,0.0,-45.30443810654572,2.3033240917705378
2026-04-06 00:30:00+00:00,0.0,0.0,0.0,0.0,-45.30443810654572,2.3033240917705378
2026-04-06 00:35:00+00:00,0.0,0.0,0.0,0.0,-45.30443810654572,2.3033240917705378
2026-04-06 00:40:00+00:00,0.0,0.0,0.0,0.0,-45.30443810654572,2.3033240917705378
2026-04-06 00:45:00+00:00,0.0,0.0,0.0,0.0,-45.30443810654572,2.3033240917705378
2026-04-06 00:50:00+00:00,0.0,0.0,0.0,0.0,-45.30443810654572,2.3033240917705378
2026-04-06 00:55:00+00:00,0.0,0.0,0.0,0.0,-45.30443810654572,2.3033240917705378
2026-04-06 01:00:00+00:00,0.0,0.0,0.0,0.0,-45.30443810654572,2.3033240917705378
2026-04-06 01:05:00+00:00,0.0,0.0,0.0,0.0,-45.30443810654572,2.3033240917705378
2026-04-06 01:10:00+00:00,0.0,0.0,0.0,0.0,-45.30443810654572,2.3033240917705378
2026-04-06 01:15:00+00:00,0.0,0.0,0.0,0.0,-45.30443810654572,2.3033240917705378
2026-04-06 01:20:00+00:00,0.0,0.0,0.0,0.0,-45.30443810654572,2.3033240917705378
2026-04-06 01:25:00+00:00,0.0,0.0,0.0,0.0,-45.30443810654572,2.3033240917705378
2026-04-06 01:30:00+00:00,0.0,0.0,0.0,0.0,-45.30443810654572,2.3033240917705378
2026-04-06 01:35:00+00:00,0.0,0.0,0.0,0.0,-45.30443810654572,2.3033240917705378
2026-04-06 01:40:00+00:00,0.0,0.0,0.0,0.0,-45.30443810654572,2.3033240917705378
2026-04-06 01:45:00+00:00,0.0,0.0,0.0,0.0,-45.30443810654572,2.3033240917705378
2026-04-06 01:50:00+00:00,0.0,0.0,0.0,0.0,-45.30443810654572,2.3033240917705378
2026-04-06 01:55:00+00:00,0.0,0.0,0.0,0.0,-45.30443810654572,2.3033240917705378
2026-04-06 02:00:00+00:00,0.0,0.0,0.0,0.0,-45.30443810654572,2.3033240917705378
2026-04-06 02:05:00+00:00,0.0,0.0,0.0,0.0,-45.30443810654572,2.3033240917705378
2026-04-06 02:10:00+00:00,0.0,0.0,0.0,0.0,-45.30443810654572,2.3033240917705378
2026-04-06 02:15:00+00:00,0.0,0.0,0.0,0.0,-45.30443810654572,2.3033240917705378
2026-04-06 02:20:00+00:00,0.0,0.0,0.0,0.0,-45.30443810654572,2.3033240917705378
2026-04-06 02:25:00+00:00,0.0,0.0,0.0,0.0,-45.30443810654572,2.3033240917705378
2026-04-06 02:30:00+00:00,0.0,0.0,0.0,0.0,-45.30443810654572,2.3033240917705378
2026-04-06 02:35:00+00:00,0.0,0.0,0.0,0.0,-45.30443810654572,2.3033240917705378
2026-04-06 02:40:00+00:00,0.0,0.0,0.0,0.0,-45.30443810654572,2.3033240917705378
2026-04-06 02:45:00+00:00,0.0,0.0,0.0,0.0,-45.30443810654572,2.3033240917705378
2026-04-06 02:50:00+00:00,0.0,0.0,0.0,0.0,-45.30443810654572,2.3033240917705378
2026-04-06 02:55:00+00:00,0.0,0.0,0.0,0.0,-45.30443810654572,2.3033240917705378
2026-04-06 03:00:00+00:00,0.0,0.0,0.0,0.0,-45.30443810654572,2.3033240917705378
2026-04-06 03:05:00+00:00,0.0,0.0,0.0,0.0,-45.30443810654572,2.3033240917705378
2026-04-06 03:10:00+00:00,0.0,0.0,0.0,0.0,-45.30443810654572,2.3033240917705378
2026-04-06 03:15:00+00:00,0.0,0.0,0.0,0.0,-45.30443810654572,2.3033240917705378
2026-04-06 03:20:00+00:00,0.0,0.0,0.0,0.0,-45.30443810654572,2.3033240917705378
2026-04-06 03:25:00+00:00,0.0,0.0,0.0,0.0,-45.30443810654572,2.3033240917705378
2026-04-06 03:30:00+00:00,0.0,0.0,0.0,0.0,-45.30443810654572,2.3033240917705378
2026-04-06 03:35:00+00:00,0.0,0.0,0.0,0.0,-45.30443810654572,2.3033240917705378
2026-04-06 03:40:00+00:00,0.0,0.0,0.0,0.0,-45.30443810654572,2.3033240917705378
2026-04-06 03:45:00+00:00,0.0,0.0,0.0,0.0,-45.30443810654572,2.3033240917705378
2026-04-06 03:50:00+00:00,0.0,0.0,0.0,0.0,-45.30443810654572,2.3033240917705378
2026-04-06 03:55:00+00:00,0.0,0.0,0.0,0.0,-45.30443810654572,2.3033240917705378
2026-04-06 04:00:00+00:00,0.0,0.0,0.0,0.0,-45.30443810654572,2.3033240917705378
2026-04-06 04:05:00+00:00,0.0,0.0,0.0,0.0,-45.30443810654572,2.3033240917705378
2026-04-06 04:10:00+00:00,0.0,0.0,0.0,0.0,-45.30443810654572,2.3033240917705378
2026-04-06 04:15:00+00:00,0.0,0.0,0.0,0.0,-45.30443810654572,2.3033240917705378
2026-04-06 04:20:00+00:00,0.0,0.0,0.0,0.0,-45.30443810654572,2.3033240917705378
2026-04-06 04:25:00+00:00,0.0,0.0,0.0,0.0,-45.30443810654572,2.3033240917705378
2026-04-06 04:30:00+00:00,0.0,0.0,0.0,0.0,-45.30443810654572,2.3033240917705378
2026-04-06 04:35:00+00:00,0.0,0.0,0.0,0.0,-45.30443810654572,2.3033240917705378
2026-04-06 04:40:00+00:00,0.0,0.0,0.0,0.0,-45.30443810654572,2.3033240917705378
2026-04-06 04:45:00+00:00,0.0,0.0,0.0,0.0,-45.30443810654572,2.3033240917705378
2026-04-06 04:50:00+00:00,0.0,0.0,0.0,0.0,-45.30443810654572,2.3033240917705378
2026-04-06 04:55:00+00:00,0.0,0.0,0.0,0.0,-45.30443810654572,2.3033240917705378
2026-04-06 05:00:00+00:00,0.0,0.0,0.0,0.0,-45.30443810654572,2.3033240917705378
2026-04-06 05:05:00+00:00,0.0,0.0,0.0,0.0,-45.30443810654572,2.3033240917705378
2026-04-06 05:10:00+00:00,0.0,0.0,0.0,0.0,-45.30443810654572,2.3033240917705378
2026-04-06 05:15:00+00:00,0.0,0.0,0.0,0.0,-45.30443810654572,2.3033240917705378
2026-04-06 05:20:00+00:00,0.0,0.0,0.0,0.0,-45.30443810654572,2.3033240917705378
2026-04-06 05:25:00+00:00,0.0,0.0,0.0,0.0,-45.30443810654572,2.3033240917705378
2026-04-06 05:30:00+00:00,0.0,0.0,0.0,0.0,-45.30443810654572,2.3033240917705378
2026-04-06 05:35:00+00:00,0.0,0.0,0.0,0.0,-45.30443810654572,2.3033240917705378
2026-04-06 05:40:00+00:00,0.0,0.0,0.0,0.0,-45.30443810654572,2.3033240917705378
2026-04-06 05:45:00+00:00,0.0,0.0,0.0,0.0,-45.30443810654572,2.3033240917705378
2026-04-06 05:50:00+00:00,0.0,0.0,0.0,0.0,-45.30443810654572,2.3033240917705378
2026-04-06 05:55:00+00:00,0.0,0.0,0.0,0.0,-45.30443810654572,2.3033240917705378
2026-04-06 06:00:00+00:00,0.0,0.0,0.0,0.0,-45.30443810654572,2.3033240917705378
2026-04-06 06:05:00+00:00,0.0,0.0,0.0,0.0,-45.30443810654572,2.3033240917705378
2026-04-06 06:10:00+00:00,0.0,0.0,0.0,0.0,-45.30443810654572,2.3033240917705378
2026-04-06 06:15:00+00:00,0.0,0.0,0.0,0.0,-45.30443810654572,2.3033240917705378
2026-04-06 06:20:00+00:00,0.0,0.0,0.0,0.0,-45.30443810654572,2.3033240917705378
2026-04-06 06:25:00+00:00,0.0,0.0,0.0,0.0,-45.30443810654572,2.3033240917705378
2026-04-06 06:30:00+00:00,0.0,0.0,0.0,0.0,-45.30443810654572,2.3033240917705378
2026-04-06 06:35:00+00:00,0.0,0.0,0.0,0.0,-45.30443810654572,2.3033240917705378
2026-04-06 06:40:00+00:00,0.0,0.0,0.0,0.0,-45.30443810654572,2.3033240917705378
2026-04-06 06:45:00+00:00,0.0,0.0,0.0,0.0,-45.30443810654572,2.3033240917705378
2026-04-06 06:50:00+00:00,0.0,0.0,0.0,0.0,-45.30443810654572,2.3033240917705378
2026-04-06 06:55:00+00:00,0.0,0.0,0.0,0.0,-45.30443810654572,2.3033240917705378
2026-04-06 07:00:00+00:00,0.0,0.0,0.0,0.0,-45.30443810654572,2.3033240917705378
2026-04-06 07:05:00+00:00,0.0,0.0,0.0,0.0,-45.30443810654572,2.3033240917705378
2026-04-06 07:10:00+00:00,0.0,0.0,0.0,0.0,-45.30443810654572,2.3033240917705378
2026-04-06 07:15:00+00:00,0.0,0.0,0.0,0.0,-45.30443810654572,2.3033240917705378
2026-04-06 07:20:00+00:00,0.0,0.0,0.0,0.0,-45.30443810654572,2.3033240917705378
2026-04-06 07:25:00+00:00,0.0,0.0,0.0,0.0,-45.30443810654572,2.3033240917705378
2026-04-06 07:30:00+00:00,0.0,0.0,0.0,0.0,-45.30443810654572,2.3033240917705378
2026-04-06 07:35:00+00:00,0.0,0.0,0.0,0.0,-45.30443810654572,2.3033240917705378
2026-04-06 07:40:00+00:00,0.0,0.0,0.0,0.0,-45.30443810654572,2.3033240917705378
2026-04-06 07:45:00+00:00,0.0,0.0,0.0,0.0,-45.30443810654572,2.3033240917705378
2026-04-06 07:50:00+00:00,0.0,0.0,0.0,0.0,-45.30443810654572,2.3033240917705378
2026-04-06 07:55:00+00:00,0.0,0.0,0.0,0.0,-45.30443810654572,2.3033240917705378
2026-04-06 08:00:00+00:00,0.0,0.0,0.0,0.0,-45.30443810654572,2.3033240917705378
2026-04-06 08:05:00+00:00,0.0,0.0,0.0,0.0,-45.30443810654572,2.3033240917705378
2026-04-06 08:10:00+00:00,0.0,0.0,0.0,0.0,-45.30443810654572,2.3033240917705378
2026-04-06 08:15:00+00:00,0.0,0.0,0.0,0.0,-45.30443810654572,2.3033240917705378
2026-04-06 08:20:00+00:00,0.0,0.0,0.0,0.0,-45.30443810654572,2.3033240917705378
2026-04-06 08:25:00+00:00,0.0,0.0,0.0,0.0,-45.30443810654572,2.3033240917705378
2026-04-06 08:30:00+00:00,0.0,0.0,0.0,0.0,-45.30443810654572,2.3033240917705378
2026-04-06 08:35:00+00:00,0.0,0.0,0.0,0.0,-45.30443810654572,2.3033240917705378
2026-04-06 08:40:00+00:00,0.0,0.0,0.0,0.0,-45.30443810654572,2.3033240917705378
2026-04-06 08:45:00+00:00,0.0,0.0,0.0,0.0,-45.30443810654572,2.3033240917705378
2026-04-06 08:50:00+00:00,0.0,0.0,0.0,0.0,-45.30443810654572,2.3033240917705378
2026-04-06 08:55:00+00:00,0.0,0.0,0.0,0.0,-45.30443810654572,2.3033240917705378
2026-04-06 09:00:00+00:00,0.0,0.0,0.0,0.0,-45.30443810654572,2.3033240917705378
2026-04-06 09:05:00+00:00,0.0,0.0,0.0,0.0,-45.30443810654572,2.3033240917705378
2026-04-06 09:10:00+00:00,0.0,0.0,0.0,0.0,-45.30443810654572,2.3033240917705378
2026-04-06 09:15:00+00:00,0.0,0.0,0.0,0.0,-45.30443810654572,2.3033240917705378
2026-04-06 09:20:00+00:00,0.0,0.0,0.0,0.0,-45.30443810654572,2.3033240917705378
2026-04-06 09:25:00+00:00,0.0,0.0,0.0,0.0,-45.30443810654572,2.3033240917705378
2026-04-06 09:30:00+00:00,0.0,0.0,0.0,0.0,-45.30443810654572,2.3033240917705378
2026-04-06 09:35:00+00:00,0.0,0.0,0.0,0.0,-45.30443810654572,2.3033240917705378
2026-04-06 09:40:00+00:00,0.0,0.0,0.0,0.0,-45.30443810654572,2.3033240917705378
2026-04-06 09:45:00+00:00,0.0,0.0,0.0,0.0,-45.30443810654572,2.3033240917705378
2026-04-06 09:50:00+00:00,0.0,0.0,0.0,0.0,-45.30443810654572,2.3033240917705378
2026-04-06 09:55:00+00:00,0.0,0.0,0.0,0.0,-45.30443810654572,2.3033240917705378
2026-04-06 10:00:00+00:00,0.0,0.0,0.0,0.0,-45.30443810654572,2.3033240917705378
2026-04-06 10:05:00+00:00,0.0,0.0,0.0,0.0,-45.30443810654572,2.3033240917705378
2026-04-06 10:10:00+00:00,0.0,0.0,0.0,0.0,-45.30443810654572,2.3033240917705378
2026-04-06 10:15:00+00:00,0.0,0.0,0.0,0.0,-45.30443810654572,2.3033240917705378
2026-04-06 10:20:00+00:00,0.0,0.0,0.0,0.0,-45.30443810654572,2.3033240917705378
2026-04-06 10:25:00+00:00,0.0,0.0,0.0,0.0,-45.30443810654572,2.3033240917705378
2026-04-06 10:30:00+00:00,0.0,0.0,0.0,0.0,-45.30443810654572,2.3033240917705378
2026-04-06 10:35:00+00:00,0.0,0.0,0.0,0.0,-45.30443810654572,2.3033240917705378
2026-04-06 10:40:00+00:00,0.0,0.0,0.0,0.0,-45.30443810654572,2.3033240917705378
2026-04-06 10:45:00+00:00,0.0,0.0,0.0,0.0,-45.30443810654572,2.3033240917705378
2026-04-06 10:50:00+00:00,0.0,0.0,0.0,0.0,-45.30443810654572,2.3033240917705378
2026-04-06 10:55:00+00:00,0.0,0.0,0.0,0.0,-45.30443810654572,2.3033240917705378
2026-04-06 11:00:00+00:00,0.0,0.0,0.0,0.0,-45.30443810654572,2.3033240917705378
2026-04-06 11:05:00+00:00,0.0,0.0,0.0,0.0,-45.30443810654572,2.3033240917705378
2026-04-06 11:10:00+00:00,0.0,0.0,0.0,0.0,-45.30443810654572,2.3033240917705378
2026-04-06 11:15:00+00:00,0.0,0.0,0.0,0.0,-45.30443810654572,2.3033240917705378
2026-04-06 11:20:00+00:00,0.0,0.0,0.0,0.0,-45.30443810654572,2.3033240917705378
2026-04-06 11:25:00+00:00,0.0,0.0,0.0,0.0,-45.30443810654572,2.3033240917705378
2026-04-06 11:30:00+00:00,0.0,0.0,0.0,0.0,-45.30443810654572,2.3033240917705378
2026-04-06 11:35:00+00:00,0.0,0.0,0.0,0.0,-45.30443810654572,2.3033240917705378
2026-04-06 11:40:00+00:00,0.0,0.0,0.0,0.0,-45.30443810654572,2.3033240917705378
2026-04-06 11:45:00+00:00,0.0,0.0,0.0,0.0,-45.30443810654572,2.3033240917705378
2026-04-06 11:50:00+00:00,0.0,0.0,0.0,0.0,-45.30443810654572,2.3033240917705378
2026-04-06 11:55:00+00:00,0.0,0.0,0.0,0.0,-45.30443810654572,2.3033240917705378
2026-04-06 12:00:00+00:00,0.0,0.0,0.0,0.0,-45.30443810654572,2.3033240917705378
2026-04-06 12:05:00+00:00,0.0,0.0,0.0,0.0,-45.30443810654572,2.3033240917705378
2026-04-06 12:10:00+00:00,0.0,0.0,0.0,0.0,-45.30443810654572,2.3033240917705378
2026-04-06 12:15:00+00:00,0.0,0.0,0.0,0.0,-45.30443810654572,2.3033240917705378
2026-04-06 12:20:00+00:00,0.0,0.0,0.0,0.0,-45.30443810654572,2.3033240917705378
2026-04-06 12:25:00+00:00,0.0,0.0,0.0,0.0,-45.30443810654572,2.3033240917705378
2026-04-06 12:30:00+00:00,0.0,0.0,0.0,0.0,-45.30443810654572,2.3033240917705378
2026-04-06 12:35:00+00:00,0.0,0.0,0.0,0.0,-45.30443810654572,2.3033240917705378
2026-04-06 12:40:00+00:00,0.0,0.0,0.0,0.0,-45.30443810654572,2.3033240917705378
2026-04-06 12:45:00+00:00,0.0,0.0,0.0,0.0,-45.30443810654572,2.3033240917705378
2026-04-06 12:50:00+00:00,0.0,0.0,0.0,0.0,-45.30443810654572,2.3033240917705378
2026-04-06 12:55:00+00:00,0.0,0.0,0.0,0.0,-45.30443810654572,2.3033240917705378
2026-04-06 13:00:00+00:00,0.0,0.0,0.0,0.0,-45.30443810654572,2.3033240917705378
2026-04-06 13:05:00+00:00,0.0,0.0,0.0,0.0,-45.30443810654572,2.3033240917705378
2026-04-06 13:10:00+00:00,0.0,0.0,0.0,0.0,-45.30443810654572,2.3033240917705378
2026-04-06 13:15:00+00:00,0.0,0.0,0.0,0.0,-45.30443810654572,2.3033240917705378
2026-04-06 13:20:00+00:00,0.0,0.0,0.0,0.0,-45.30443810654572,2.3033240917705378
2026-04-06 13:25:00+00:00,0.0,0.0,0.0,0.0,-45.30443810654572,2.3033240917705378
2026-04-06 13:30:00+00:00,0.0,0.0,0.0,0.0,-45.30443810654572,2.3033240917705378
2026-04-06 13:35:00+00:00,0.0,0.0,0.0,0.0,-45.30443810654572,2.3033240917705378
2026-04-06 13:40:00+00:00,0.0,0.0,0.0,0.0,-45.30443810654572,2.3033240917705378
2026-04-06 13:45:00+00:00,0.0,0.0,0.0,0.0,-45.30443810654572,2.3033240917705378
2026-04-06 13:50:00+00:00,0.0,0.0,0.0,0.0,-45.30443810654572,2.3033240917705378
2026-04-06 13:55:00+00:00,0.0,0.0,0.0,0.0,-45.30443810654572,2.3033240917705378
2026-04-06 14:00:00+00:00,0.0,0.0,0.0,0.0,-45.30443810654572,2.3033240917705378
2026-04-06 14:05:00+00:00,0.0,0.0,0.0,0.0,-45.30443810654572,2.3033240917705378
2026-04-06 14:10:00+00:00,0.0,0.0,0.0,0.0,-45.30443810654572,2.3033240917705378
2026-04-06 14:15:00+00:00,0.0,0.0,0.0,0.0,-45.30443810654572,2.3033240917705378
2026-04-06 14:20:00+00:00,0.0,0.0,0.0,0.0,-45.30443810654572,2.3033240917705378
2026-04-06 14:25:00+00:00,0.0,0.0,0.0,0.0,-45.30443810654572,2.3033240917705378
2026-04-06 14:30:00+00:00,0.0,0.0,0.0,0.0,-45.30443810654572,2.3033240917705378
2026-04-06 14:35:00+00:00,0.0,0.0,0.0,0.0,-45.30443810654572,2.3033240917705378
2026-04-06 14:40:00+00:00,0.0,0.0,0.0,0.0,-45.30443810654572,2.3033240917705378
2026-04-06 14:45:00+00:00,0.0,0.0,0.0,0.0,-45.30443810654572,2.3033240917705378
2026-04-06 14:50:00+00:00,0.0,0.0,0.0,0.0,-45.30443810654572,2.3033240917705378
2026-04-06 14:55:00+00:00,0.0,0.0,0.0,0.0,-45.30443810654572,2.3033240917705378
2026-04-06 15:00:00+00:00,0.0,0.0,0.0,0.0,-45.30443810654572,2.3033240917705378
2026-04-06 15:05:00+00:00,0.0,0.0,0.0,0.0,-45.30443810654572,2.3033240917705378
2026-04-06 15:10:00+00:00,0.0,0.0,0.0,0.0,-45.30443810654572,2.3033240917705378
2026-04-06 15:15:00+00:00,0.0,0.0,0.0,0.0,-45.30443810654572,2.3033240917705378
2026-04-06 15:20:00+00:00,0.0,0.0,0.0,0.0,-45.30443810654572,2.3033240917705378
2026-04-06 15:25:00+00:00,0.0,0.0,0.0,0.0,-45.30443810654572,2.3033240917705378
2026-04-06 15:30:00+00:00,0.0,0.0,0.0,0.0,-45.30443810654572,2.3033240917705378
2026-04-06 15:35:00+00:00,0.0,0.0,0.0,0.0,-45.30443810654572,2.3033240917705378
2026-04-06 15:40:00+00:00,0.0,0.0,0.0,0.0,-45.30443810654572,2.3033240917705378
2026-04-06 15:45:00+00:00,0.0,0.0,0.0,0.0,-45.30443810654572,2.3033240917705378
2026-04-06 15:50:00+00:00,0.0,0.0,0.0,0.0,-45.30443810654572,2.3033240917705378
2026-04-06 15:55:00+00:00,0.0,0.0,0.0,0.0,-45.30443810654572,2.3033240917705378
2026-04-06 16:00:00+00:00,0.0,0.0,0.0,0.0,-45.30443810654572,2.3033240917705378
2026-04-06 16:05:00+00:00,0.0,0.0,0.0,0.0,-45.30443810654572,2.3033240917705378
2026-04-06 16:10:00+00:00,0.0,0.0,0.0,0.0,-45.30443810654572,2.3033240917705378
2026-04-06 16:15:00+00:00,0.0,0.0,0.0,0.0,-45.30443810654572,2.3033240917705378
2026-04-06 16:20:00+00:00,0.0,0.0,0.0,0.0,-45.30443810654572,2.3033240917705378
2026-04-06 16:25:00+00:00,0.0,0.0,0.0,0.0,-45.30443810654572,2.3033240917705378
2026-04-06 16:30:00+00:00,0.0,0.0,0.0,0.0,-45.30443810654572,2.3033240917705378
2026-04-06 16:35:00+00:00,0.0,0.0,0.0,0.0,-45.30443810654572,2.3033240917705378
2026-04-06 16:40:00+00:00,0.0,0.0,0.0,0.0,-45.30443810654572,2.3033240917705378
2026-04-06 16:45:00+00:00,0.0,0.0,0.0,0.0,-45.30443810654572,2.3033240917705378
2026-04-06 16:50:00+00:00,0.0,0.0,0.0,0.0,-45.30443810654572,2.3033240917705378
2026-04-06 16:55:00+00:00,0.0,0.0,0.0,0.0,-45.30443810654572,2.3033240917705378
2026-04-06 17:00:00+00:00,0.0,0.0,0.0,0.0,-45.30443810654572,2.3033240917705378
2026-04-06 17:05:00+00:00,0.0,0.0,0.0,0.0,-45.30443810654572,2.3033240917705378
2026-04-06 17:10:00+00:00,0.0,0.0,0.0,0.0,-45.30443810654572,2.3033240917705378
2026-04-06 17:15:00+00:00,0.0,0.0,0.0,0.0,-45.30443810654572,2.3033240917705378
2026-04-06 17:20:00+00:00,0.0,0.0,0.0,0.0,-45.30443810654572,2.3033240917705378
2026-04-06 17:25:00+00:00,0.0,0.0,0.0,0.0,-45.30443810654572,2.3033240917705378
2026-04-06 17:30:00+00:00,0.0,0.0,0.0,0.0,-45.30443810654572,2.3033240917705378
2026-04-06 17:35:00+00:00,0.0,0.0,0.0,0.0,-45.30443810654572,2.3033240917705378
2026-04-06 17:40:00+00:00,0.0,0.0,0.0,0.0,-45.30443810654572,2.3033240917705378
2026-04-06 17:45:00+00:00,0.0,0.0,0.0,0.0,-45.30443810654572,2.3033240917705378
2026-04-06 17:50:00+00:00,0.0,0.0,0.0,0.0,-45.30443810654572,2.3033240917705378
2026-04-06 17:55:00+00:00,0.0,0.0,0.0,0.0,-45.30443810654572,2.3033240917705378
2026-04-06 18:00:00+00:00,0.0,0.0,0.0,0.0,-45.30443810654572,2.3033240917705378
2026-04-06 18:05:00+00:00,0.0,0.0,0.0,0.0,-45.30443810654572,2.3033240917705378
2026-04-06 18:10:00+00:00,0.0,0.0,0.0,0.0,-45.30443810654572,2.3033240917705378
2026-04-06 18:15:00+00:00,0.0,0.0,0.0,0.0,-45.30443810654572,2.3033240917705378
2026-04-06 18:20:00+00:00,0.0,0.0,0.0,0.0,-45.30443810654572,2.3033240917705378
2026-04-06 18:25:00+00:00,0.0,0.0,0.0,0.0,-45.30443810654572,2.3033240917705378
2026-04-06 18:30:00+00:00,0.0,0.0,0.0,0.0,-45.30443810654572,2.3033240917705378
2026-04-06 18:35:00+00:00,0.0,0.0,0.0,0.0,-45.30443810654572,2.3033240917705378
2026-04-06 18:40:00+00:00,0.0,0.0,0.0,0.0,-45.30443810654572,2.3033240917705378
2026-04-06 18:45:00+00:00,0.0,0.0,0.0,0.0,-45.30443810654572,2.3033240917705378
2026-04-06 18:50:00+00:00,0.0,0.0,0.0,0.0,-45.30443810654572,2.3033240917705378
2026-04-06 18:55:00+00:00,0.0,0.0,0.0,0.0,-45.30443810654572,2.3033240917705378
2026-04-06 19:00:00+00:00,0.0,0.0,0.0,0.0,-45.30443810654572,2.3033240917705378
2026-04-06 19:05:00+00:00,0.0,0.0,0.0,0.0,-45.30443810654572,2.3033240917705378
2026-04-06 19:10:00+00:00,0.0,0.0,0.0,0.0,-45.30443810654572,2.3033240917705378
2026-04-06 19:15:00+00:00,0.0,0.0,0.0,0.0,-45.30443810654572,2.3033240917705378
2026-04-06 19:20:00+00:00,0.0,0.0,0.0,0.0,-45.30443810654572,2.3033240917705378
2026-04-06 19:25:00+00:00,0.0,0.0,0.0,0.0,-45.30443810654572,2.3033240917705378
2026-04-06 19:30:00+00:00,0.0,0.0,0.0,0.0,-45.30443810654572,2.3033240917705378
2026-04-06 19:35:00+00:00,0.0,0.0,0.0,0.0,-45.30443810654572,2.3033240917705378
2026-04-06 19:40:00+00:00,0.0,0.0,0.0,0.0,-45.30443810654572,2.3033240917705378
2026-04-06 19:45:00+00:00,0.0,0.0,0.0,0.0,-45.30443810654572,2.3033240917705378
2026-04-06 19:50:00+00:00,0.0,0.0,0.0,0.0,-45.30443810654572,2.3033240917705378
2026-04-06 19:55:00+00:00,0.0,0.0,0.0,0.0,-45.30443810654572,2.3033240917705378
2026-04-06 20:00:00+00:00,0.0,0.0,0.0,0.0,-45.30443810654572,2.3033240917705378
2026-04-06 20:05:00+00:00,0.0,0.0,0.0,0.0,-45.30443810654572,2.3033240917705378
2026-04-06 20:10:00+00:00,0.0,0.0,0.0,0.0,-45.30443810654572,2.3033240917705378
2026-04-06 20:15:00+00:00,0.0,0.0,0.0,0.0,-45.30443810654572,2.3033240917705378
2026-04-06 20:20:00+00:00,0.0,0.0,0.0,0.0,-45.30443810654572,2.3033240917705378
2026-04-06 20:25:00+00:00,0.0,0.0,0.0,0.0,-45.30443810654572,2.3033240917705378
2026-04-06 20:30:00+00:00,0.0,0.0,0.0,0.0,-45.30443810654572,2.3033240917705378
2026-04-06 20:35:00+00:00,0.0,0.0,0.0,0.0,-45.30443810654572,2.3033240917705378
2026-04-06 20:40:00+00:00,0.0,0.0,0.0,0.0,-45.30443810654572,2.3033240917705378
2026-04-06 20:45:00+00:00,0.0,0.0,0.0,0.0,-45.30443810654572,2.3033240917705378
2026-04-06 20:50:00+00:00,0.0,0.0,0.0,0.0,-45.30443810654572,2.3033240917705378
2026-04-06 20:55:00+00:00,0.0,0.0,0.0,0.0,-45.30443810654572,2.3033240917705378
2026-04-06 21:00:00+00:00,0.0,0.0,0.0,0.0,-45.30443810654572,2.3033240917705378
2026-04-06 21:05:00+00:00,0.0,0.0,0.0,0.0,-45.30443810654572,2.3033240917705378
2026-04-06 21:10:00+00:00,0.0,0.0,0.0,0.0,-45.30443810654572,2.3033240917705378
2026-04-06 21:15:00+00:00,0.0,0.0,0.0,0.0,-45.30443810654572,2.3033240917705378
2026-04-06 21:20:00+00:00,0.0,0.0,0.0,0.0,-45.30443810654572,2.3033240917705378
2026-04-06 21:25:00+00:00,0.0,0.0,0.0,0.0,-45.30443810654572,2.3033240917705378
2026-04-06 21:30:00+00:00,0.0,0.0,0.0,0.0,-45.30443810654572,2.3033240917705378
2026-04-06 21:35:00+00:00,0.0,0.0,0.0,0.0,-45.30443810654572,2.3033240917705378
2026-04-06 21:40:00+00:00,0.0,0.0,0.0,0.0,-45.30443810654572,2.3033240917705378
2026-04-06 21:45:00+00:00,0.0,0.0,0.0,0.0,-45.30443810654572,2.3033240917705378
2026-04-06 21:50:00+00:00,0.0,0.0,0.0,0.0,-45.30443810654572,2.3033240917705378
2026-04-06 21:55:00+00:00,0.0,0.0,0.0,0.0,-45.30443810654572,2.3033240917705378
2026-04-06 22:00:00+00:00,0.0,0.0,0.0,0.0,-45.30443810654572,2.3033240917705378
2026-04-06 22:05:00+00:00,0.0,0.0,0.0,0.0,-45.30443810654572,2.3033240917705378
2026-04-06 22:10:00+00:00,0.0,0.0,0.0,0.0,-45.30443810654572,2.3033240917705378
2026-04-06 22:15:00+00:00,0.0,0.0,0.0,0.0,-45.30443810654572,2.3033240917705378
2026-04-06 22:20:00+00:00,0.0,0.0,0.0,0.0,-45.30443810654572,2.3033240917705378
2026-04-06 22:25:00+00:00,0.0,0.0,0.0,0.0,-45.30443810654572,2.3033240917705378
2026-04-06 22:30:00+00:00,0.0,0.0,0.0,0.0,-45.30443810654572,2.3033240917705378
2026-04-06 22:35:00+00:00,0.0,0.0,0.0,0.0,-45.30443810654572,2.3033240917705378
2026-04-06 22:40:00+00:00,0.0,0.0,0.0,0.0,-45.30443810654572,2.3033240917705378
2026-04-06 22:45:00+00:00,0.0,0.0,0.0,0.0,-45.30443810654572,2.3033240917705378
2026-04-06 22:50:00+00:00,0.0,0.0,0.0,0.0,-45.30443810654572,2.3033240917705378
2026-04-06 22:55:00+00:00,0.0,0.0,0.0,0.0,-45.30443810654572,2.3033240917705378
2026-04-06 23:00:00+00:00,0.0,0.0,0.0,0.0,-45.30443810654572,2.3033240917705378
2026-04-06 23:05:00+00:00,0.0,0.0,0.0,0.0,-45.30443810654572,2.3033240917705378
2026-04-06 23:10:00+00:00,0.0,0.0,0.0,0.0,-45.30443810654572,2.3033240917705378
2026-04-06 23:15:00+00:00,0.0,0.0,0.0,0.0,-45.30443810654572,2.3033240917705378
2026-04-06 23:20:00+00:00,0.0,0.0,0.0,0.0,-45.30443810654572,2.3033240917705378
2026-04-06 23:25:00+00:00,0.0,0.0,0.0,0.0,-45.30443810654572,2.3033240917705378
2026-04-06 23:30:00+00:00,0.0,0.0,0.0,0.0,-45.30443810654572,2.3033240917705378
2026-04-06 23:35:00+00:00,0.0,0.0,0.0,0.0,-45.30443810654572,2.3033240917705378
2026-04-06 23:40:00+00:00,0.0,0.0,0.0,0.0,-45.30443810654572,2.3033240917705378
2026-04-06 23:45:00+00:00,0.0,0.0,0.0,0.0,-45.30443810654572,2.3033240917705378
2026-04-06 23:50:00+00:00,0.0,0.0,0.0,0.0,-45.30443810654572,2.3033240917705378
2026-04-06 23:55:00+00:00,0.0,0.0,0.0,0.0,-45.30443810654572,2.3033240917705378
2026-04-07 00:00:00+00:00,0.0,0.0,0.0,0.0,-45.30443810654572,2.3033240917705378
2026-04-07 00:05:00+00:00,0.0,0.0,0.0,0.0,-45.30443810654572,2.3033240917705378
2026-04-07 00:10:00+00:00,0.0,0.0,0.0,0.0,-45.30443810654572,2.3033240917705378
2026-04-07 00:15:00+00:00,0.0,0.0,0.0,0.0,-45.30443810654572,2.3033240917705378
2026-04-07 00:20:00+00:00,0.0,0.0,0.0,0.0,-45.30443810654572,2.3033240917705378
2026-04-07 00:25:00+00:00,0.0,0.0,0.0,0.0,-45.30443810654572,2.3033240917705378
2026-04-07 00:30:00+00:00,0.0,0.0,0.0,0.0,-45.30443810654572,2.3033240917705378
2026-04-07 00:35:00+00:00,0.0,0.0,0.0,0.0,-45.30443810654572,2.3033240917705378
2026-04-07 00:40:00+00:00,0.0,0.0,0.0,0.0,-45.30443810654572,2.3033240917705378
2026-04-07 00:45:00+00:00,0.0,0.0,0.0,0.0,-45.30443810654572,2.3033240917705378
2026-04-07 00:50:00+00:00,0.0,0.0,0.0,0.0,-45.30443810654572,2.3033240917705378
2026-04-07 00:55:00+00:00,0.0,0.0,0.0,0.0,-45.30443810654572,2.3033240917705378
2026-04-07 01:00:00+00:00,0.0,0.0,0.0,0.0,-45.30443810654572,2.3033240917705378
2026-04-07 01:05:00+00:00,0.0,0.0,0.0,0.0,-45.30443810654572,2.3033240917705378
2026-04-07 01:10:00+00:00,0.0,0.0,0.0,0.0,-45.30443810654572,2.3033240917705378
2026-04-07 01:15:00+00:00,0.0,0.0,0.0,0.0,-45.30443810654572,2.3033240917705378
2026-04-07 01:20:00+00:00,0.0,0.0,0.0,0.0,-45.30443810654572,2.3033240917705378
2026-04-07 01:25:00+00:00,0.0,0.0,0.0,0.0,-45.30443810654572,2.3033240917705378
2026-04-07 01:30:00+00:00,0.0,0.0,0.0,0.0,-45.30443810654572,2.3033240917705378
2026-04-07 01:35:00+00:00,0.0,0.0,0.0,0.0,-45.30443810654572,2.3033240917705378
2026-04-07 01:40:00+00:00,0.0,0.0,0.0,0.0,-45.30443810654572,2.3033240917705378
2026-04-07 01:45:00+00:00,0.0,0.0,0.0,0.0,-45.30443810654572,2.3033240917705378
2026-04-07 01:50:00+00:00,0.0,0.0,0.0,0.0,-45.30443810654572,2.3033240917705378
2026-04-07 01:55:00+00:00,0.0,0.0,0.0,0.0,-45.30443810654572,2.3033240917705378
2026-04-07 02:00:00+00:00,0.0,0.0,0.0,0.0,-45.30443810654572,2.3033240917705378
2026-04-07 02:05:00+00:00,0.0,0.0,0.0,0.0,-45.30443810654572,2.3033240917705378
2026-04-07 02:10:00+00:00,0.0,0.0,0.0,0.0,-45.30443810654572,2.3033240917705378
2026-04-07 02:15:00+00:00,0.0,0.0,0.0,0.0,-45.30443810654572,2.3033240917705378
2026-04-07 02:20:00+00:00,0.0,0.0,0.0,0.0,-45.30443810654572,2.3033240917705378
2026-04-07 02:25:00+00:00,0.0,0.0,0.0,0.0,-45.30443810654572,2.3033240917705378
2026-04-07 02:30:00+00:00,0.0,0.0,0.0,0.0,-45.30443810654572,2.3033240917705378
2026-04-07 02:35:00+00:00,0.0,0.0,0.0,0.0,-45.30443810654572,2.3033240917705378
2026-04-07 02:40:00+00:00,0.0,0.0,0.0,0.0,-45.30443810654572,2.3033240917705378
2026-04-07 02:45:00+00:00,0.0,0.0,0.0,0.0,-45.30443810654572,2.3033240917705378
2026-04-07 02:50:00+00:00,0.0,0.0,0.0,0.0,-45.30443810654572,2.3033240917705378
2026-04-07 02:55:00+00:00,0.0,0.0,0.0,0.0,-45.30443810654572,2.3033240917705378
2026-04-07 03:00:00+00:00,0.0,0.0,0.0,0.0,-45.30443810654572,2.3033240917705378
2026-04-07 03:05:00+00:00,0.0,0.0,0.0,0.0,-45.30443810654572,2.3033240917705378
2026-04-07 03:10:00+00:00,0.0,0.0,0.0,0.0,-45.30443810654572,2.3033240917705378
2026-04-07 03:15:00+00:00,0.0,0.0,0.0,0.0,-45.30443810654572,2.3033240917705378
2026-04-07 03:20:00+00:00,0.0,0.0,0.0,0.0,-45.30443810654572,2.3033240917705378
2026-04-07 03:25:00+00:00,0.0,0.0,0.0,0.0,-45.30443810654572,2.3033240917705378
2026-04-07 03:30:00+00:00,0.0,0.0,0.0,0.0,-45.30443810654572,2.3033240917705378
2026-04-07 03:35:00+00:00,0.0,0.0,0.0,0.0,-45.30443810654572,2.3033240917705378
2026-04-07 03:40:00+00:00,0.0,0.0,0.0,0.0,-45.30443810654572,2.3033240917705378
2026-04-07 03:45:00+00:00,0.0,0.0,0.0,0.0,-45.30443810654572,2.3033240917705378
2026-04-07 03:50:00+00:00,0.0,0.0,0.0,0.0,-45.30443810654572,2.3033240917705378
2026-04-07 03:55:00+00:00,0.0,0.0,0.0,0.0,-45.30443810654572,2.3033240917705378
2026-04-07 04:00:00+00:00,0.0,0.0,0.0,0.0,-45.30443810654572,2.3033240917705378
2026-04-07 04:05:00+00:00,0.0,0.0,0.0,0.0,-45.30443810654572,2.3033240917705378
2026-04-07 04:10:00+00:00,0.0,0.0,0.0,0.0,-45.30443810654572,2.3033240917705378
2026-04-07 04:15:00+00:00,0.0,0.0,0.0,0.0,-45.30443810654572,2.3033240917705378
2026-04-07 04:20:00+00:00,0.0,0.0,0.0,0.0,-45.30443810654572,2.3033240917705378
2026-04-07 04:25:00+00:00,0.0,0.0,0.0,0.0,-45.30443810654572,2.3033240917705378
2026-04-07 04:30:00+00:00,0.0,0.0,0.0,0.0,-45.30443810654572,2.3033240917705378
2026-04-07 04:35:00+00:00,0.0,0.0,0.0,0.0,-45.30443810654572,2.3033240917705378
2026-04-07 04:40:00+00:00,0.0,0.0,0.0,0.0,-45.30443810654572,2.3033240917705378
2026-04-07 04:45:00+00:00,0.0,0.0,0.0,0.0,-45.30443810654572,2.3033240917705378
2026-04-07 04:50:00+00:00,0.0,0.0,0.0,0.0,-45.30443810654572,2.3033240917705378
2026-04-07 04:55:00+00:00,0.0,0.0,0.0,0.0,-45.30443810654572,2.3033240917705378
2026-04-07 05:00:00+00:00,0.0,0.0,0.0,0.0,-45.30443810654572,2.3033240917705378
2026-04-07 05:05:00+00:00,0.0,0.0,0.0,0.0,-45.30443810654572,2.3033240917705378
2026-04-07 05:10:00+00:00,0.0,0.0,0.0,0.0,-45.30443810654572,2.3033240917705378
2026-04-07 05:15:00+00:00,0.0,0.0,0.0,0.0,-45.30443810654572,2.3033240917705378
2026-04-07 05:20:00+00:00,0.0,0.0,0.0,0.0,-45.30443810654572,2.3033240917705378
2026-04-07 05:25:00+00:00,0.0,0.0,0.0,0.0,-45.30443810654572,2.3033240917705378
2026-04-07 05:30:00+00:00,0.0,0.0,0.0,0.0,-45.30443810654572,2.3033240917705378
2026-04-07 05:35:00+00:00,0.0,0.0,0.0,0.0,-45.30443810654572,2.3033240917705378
2026-04-07 05:40:00+00:00,0.0,0.0,0.0,0.0,-45.30443810654572,2.3033240917705378
2026-04-07 05:45:00+00:00,0.0,0.0,0.0,0.0,-45.30443810654572,2.3033240917705378
2026-04-07 05:50:00+00:00,0.0,0.0,0.0,0.0,-45.30443810654572,2.3033240917705378
2026-04-07 05:55:00+00:00,0.0,0.0,0.0,0.0,-45.30443810654572,2.3033240917705378
2026-04-07 06:00:00+00:00,0.0,0.0,0.0,0.0,-45.30443810654572,2.3033240917705378
2026-04-07 06:05:00+00:00,0.0,0.0,0.0,0.0,-45.30443810654572,2.3033240917705378
2026-04-07 06:10:00+00:00,0.0,0.0,0.0,0.0,-45.30443810654572,2.3033240917705378
2026-04-07 06:15:00+00:00,0.0,0.0,0.0,0.0,-45.30443810654572,2.3033240917705378
2026-04-07 06:20:00+00:00,0.0,0.0,0.0,0.0,-45.30443810654572,2.3033240917705378
2026-04-07 06:25:00+00:00,0.0,0.0,0.0,0.0,-45.30443810654572,2.3033240917705378
2026-04-07 06:30:00+00:00,0.0,0.0,0.0,0.0,-45.30443810654572,2.3033240917705378
2026-04-07 06:35:00+00:00,0.0,0.0,0.0,0.0,-45.30443810654572,2.3033240917705378
2026-04-07 06:40:00+00:00,0.0,0.0,0.0,0.0,-45.30443810654572,2.3033240917705378
2026-04-07 06:45:00+00:00,0.0,0.0,0.0,0.0,-45.30443810654572,2.3033240917705378
2026-04-07 06:50:00+00:00,0.0,0.0,0.0,0.0,-45.30443810654572,2.3033240917705378
2026-04-07 06:55:00+00:00,0.0,0.0,0.0,0.0,-45.30443810654572,2.3033240917705378
2026-04-07 07:00:00+00:00,0.0,0.0,0.0,0.0,-45.30443810654572,2.3033240917705378
2026-04-07 07:05:00+00:00,0.0,0.0,0.0,0.0,-45.30443810654572,2.3033240917705378
2026-04-07 07:10:00+00:00,0.0,0.0,0.0,0.0,-45.30443810654572,2.3033240917705378
2026-04-07 07:15:00+00:00,0.0,0.0,0.0,0.0,-45.30443810654572,2.3033240917705378
2026-04-07 07:20:00+00:00,0.0,0.0,0.0,0.0,-45.30443810654572,2.3033240917705378
2026-04-07 07:25:00+00:00,0.0,0.0,0.0,0.0,-45.30443810654572,2.3033240917705378
2026-04-07 07:30:00+00:00,0.0,0.0,0.0,0.0,-45.30443810654572,2.3033240917705378
2026-04-07 07:35:00+00:00,0.0,0.0,0.0,0.0,-45.30443810654572,2.3033240917705378
2026-04-07 07:40:00+00:00,0.0,0.0,0.0,0.0,-45.30443810654572,2.3033240917705378
2026-04-07 07:45:00+00:00,0.0,0.0,0.0,0.0,-45.30443810654572,2.3033240917705378
2026-04-07 07:50:00+00:00,0.0,0.0,0.0,0.0,-45.30443810654572,2.3033240917705378
2026-04-07 07:55:00+00:00,0.0,0.0,0.0,0.0,-45.30443810654572,2.3033240917705378
2026-04-07 08:00:00+00:00,0.0,0.0,0.0,0.0,-45.30443810654572,2.3033240917705378
2026-04-07 08:05:00+00:00,0.0,0.0,0.0,0.0,-45.30443810654572,2.3033240917705378
2026-04-07 08:10:00+00:00,0.0,0.0,0.0,0.0,-45.30443810654572,2.3033240917705378
2026-04-07 08:15:00+00:00,0.0,0.0,0.0,0.0,-45.30443810654572,2.3033240917705378
2026-04-07 08:20:00+00:00,0.0,0.0,0.0,0.0,-45.30443810654572,2.3033240917705378
2026-04-07 08:25:00+00:00,0.0,0.0,0.0,0.0,-45.30443810654572,2.3033240917705378
2026-04-07 08:30:00+00:00,0.0,0.0,0.0,0.0,-45.30443810654572,2.3033240917705378
2026-04-07 08:35:00+00:00,0.0,0.0,0.0,0.0,-45.30443810654572,2.3033240917705378
2026-04-07 08:40:00+00:00,0.0,0.0,0.0,0.0,-45.30443810654572,2.3033240917705378
2026-04-07 08:45:00+00:00,0.0,0.0,0.0,0.0,-45.30443810654572,2.3033240917705378
2026-04-07 08:50:00+00:00,0.0,0.0,0.0,0.0,-45.30443810654572,2.3033240917705378
2026-04-07 08:55:00+00:00,0.0,0.0,0.0,0.0,-45.30443810654572,2.3033240917705378
2026-04-07 09:00:00+00:00,0.0,0.0,0.0,0.0,-45.30443810654572,2.3033240917705378
2026-04-07 09:05:00+00:00,0.0,0.0,0.0,0.0,-45.30443810654572,2.3033240917705378
2026-04-07 09:10:00+00:00,0.0,0.0,0.0,0.0,-45.30443810654572,2.3033240917705378
2026-04-07 09:15:00+00:00,0.0,0.0,0.0,0.0,-45.30443810654572,2.3033240917705378
2026-04-07 09:20:00+00:00,0.0,0.0,0.0,0.0,-45.30443810654572,2.3033240917705378
2026-04-07 09:25:00+00:00,0.0,0.0,0.0,0.0,-45.30443810654572,2.3033240917705378
2026-04-07 09:30:00+00:00,0.0,0.0,0.0,0.0,-45.30443810654572,2.3033240917705378
2026-04-07 09:35:00+00:00,0.0,0.0,0.0,0.0,-45.30443810654572,2.3033240917705378
2026-04-07 09:40:00+00:00,0.0,0.0,0.0,0.0,-45.30443810654572,2.3033240917705378
2026-04-07 09:45:00+00:00,0.0,0.0,0.0,0.0,-45.30443810654572,2.3033240917705378
2026-04-07 09:50:00+00:00,0.0,0.0,0.0,0.0,-45.30443810654572,2.3033240917705378
2026-04-07 09:55:00+00:00,0.0,0.0,0.0,0.0,-45.30443810654572,2.3033240917705378
2026-04-07 10:00:00+00:00,0.0,0.0,0.0,0.0,-45.30443810654572,2.3033240917705378
2026-04-07 10:05:00+00:00,0.0,0.0,0.0,0.0,-45.30443810654572,2.3033240917705378
2026-04-07 10:10:00+00:00,0.0,0.0,0.0,0.0,-45.30443810654572,2.3033240917705378
2026-04-07 10:15:00+00:00,0.0,0.0,0.0,0.0,-45.30443810654572,2.3033240917705378
2026-04-07 10:20:00+00:00,0.0,0.0,0.0,0.0,-45.30443810654572,2.3033240917705378
2026-04-07 10:25:00+00:00,0.0,0.0,0.0,0.0,-45.30443810654572,2.3033240917705378
2026-04-07 10:30:00+00:00,0.0,0.0,0.0,0.0,-45.30443810654572,2.3033240917705378
2026-04-07 10:35:00+00:00,0.0,0.0,0.0,0.0,-45.30443810654572,2.3033240917705378
2026-04-07 10:40:00+00:00,0.0,0.0,0.0,0.0,-45.30443810654572,2.3033240917705378
2026-04-07 10:45:00+00:00,0.0,0.0,0.0,0.0,-45.30443810654572,2.3033240917705378
2026-04-07 10:50:00+00:00,0.0,0.0,0.0,0.0,-45.30443810654572,2.3033240917705378
2026-04-07 10:55:00+00:00,0.0,0.0,0.0,0.0,-45.30443810654572,2.3033240917705378
2026-04-07 11:00:00+00:00,0.0,0.0,0.0,0.0,-45.30443810654572,2.3033240917705378
2026-04-07 11:05:00+00:00,0.0,0.0,0.0,0.0,-45.30443810654572,2.3033240917705378
2026-04-07 11:10:00+00:00,0.0,0.0,0.0,0.0,-45.30443810654572,2.3033240917705378
2026-04-07 11:15:00+00:00,0.0,0.0,0.0,0.0,-45.30443810654572,2.3033240917705378
2026-04-07 11:20:00+00:00,0.0,0.0,0.0,0.0,-45.30443810654572,2.3033240917705378
2026-04-07 11:25:00+00:00,0.0,0.0,0.0,0.0,-45.30443810654572,2.3033240917705378
2026-04-07 11:30:00+00:00,0.0,0.0,0.0,0.0,-45.30443810654572,2.3033240917705378
2026-04-07 11:35:00+00:00,0.0,0.0,0.0,0.0,-45.30443810654572,2.3033240917705378
2026-04-07 11:40:00+00:00,0.0,0.0,0.0,0.0,-45.30443810654572,2.3033240917705378
2026-04-07 11:45:00+00:00,0.0,0.0,0.0,0.0,-45.30443810654572,2.3033240917705378
2026-04-07 11:50:00+00:00,0.0,0.0,0.0,0.0,-45.30443810654572,2.3033240917705378
2026-04-07 11:55:00+00:00,0.0,0.0,0.0,0.0,-45.30443810654572,2.3033240917705378
2026-04-07 12:00:00+00:00,0.0,0.0,0.0,0.0,-45.30443810654572,2.3033240917705378
2026-04-07 12:05:00+00:00,0.0,0.0,0.0,0.0,-45.30443810654572,2.3033240917705378
2026-04-07 12:10:00+00:00,0.0,0.0,0.0,0.0,-45.30443810654572,2.3033240917705378
2026-04-07 12:15:00+00:00,0.0,0.0,0.0,0.0,-45.30443810654572,2.3033240917705378
2026-04-07 12:20:00+00:00,0.0,0.0,0.0,0.0,-45.30443810654572,2.3033240917705378
2026-04-07 12:25:00+00:00,0.0,0.0,0.0,0.0,-45.30443810654572,2.3033240917705378
2026-04-07 12:30:00+00:00,0.0,0.0,0.0,0.0,-45.30443810654572,2.3033240917705378
2026-04-07 12:35:00+00:00,0.0,0.0,0.0,0.0,-45.30443810654572,2.3033240917705378
2026-04-07 12:40:00+00:00,0.0,0.0,0.0,0.0,-45.30443810654572,2.3033240917705378
2026-04-07 12:45:00+00:00,0.0,0.0,0.0,0.0,-45.30443810654572,2.3033240917705378
2026-04-07 12:50:00+00:00,0.0,0.0,0.0,0.0,-45.30443810654572,2.3033240917705378
2026-04-07 12:55:00+00:00,0.0,0.0,0.0,0.0,-45.30443810654572,2.3033240917705378
2026-04-07 13:00:00+00:00,0.0,0.0,0.0,0.0,-45.30443810654572,2.3033240917705378
2026-04-07 13:05:00+00:00,0.0,0.0,0.0,0.0,-45.30443810654572,2.3033240917705378
2026-04-07 13:10:00+00:00,0.0,0.0,0.0,0.0,-45.30443810654572,2.3033240917705378
2026-04-07 13:15:00+00:00,0.0,0.0,0.0,0.0,-45.30443810654572,2.3033240917705378
2026-04-07 13:20:00+00:00,0.0,0.0,0.0,0.0,-45.30443810654572,2.3033240917705378
2026-04-07 13:25:00+00:00,0.0,0.0,0.0,0.0,-45.30443810654572,2.3033240917705378
2026-04-07 13:30:00+00:00,0.0,0.0,0.0,0.0,-45.30443810654572,2.3033240917705378
2026-04-07 13:35:00+00:00,0.0,0.0,0.0,0.0,-45.30443810654572,2.3033240917705378
2026-04-07 13:40:00+00:00,0.0,0.0,0.0,0.0,-45.30443810654572,2.3033240917705378
2026-04-07 13:45:00+00:00,0.0,0.0,0.0,0.0,-45.30443810654572,2.3033240917705378
2026-04-07 13:50:00+00:00,0.0,0.0,0.0,0.0,-45.30443810654572,2.3033240917705378
2026-04-07 13:55:00+00:00,0.0,0.0,0.0,0.0,-45.30443810654572,2.3033240917705378
2026-04-07 14:00:00+00:00,0.0,0.0,0.0,0.0,-45.30443810654572,2.3033240917705378
2026-04-07 14:05:00+00:00,0.0,0.0,0.0,0.0,-45.30443810654572,2.3033240917705378
2026-04-07 14:10:00+00:00,0.0,0.0,0.0,0.0,-45.30443810654572,2.3033240917705378
2026-04-07 14:15:00+00:00,0.0,0.0,0.0,0.0,-45.30443810654572,2.3033240917705378
2026-04-07 14:20:00+00:00,0.0,0.0,0.0,0.0,-45.30443810654572,2.3033240917705378
2026-04-07 14:25:00+00:00,0.0,0.0,0.0,0.0,-45.30443810654572,2.3033240917705378
2026-04-07 14:30:00+00:00,0.0,0.0,0.0,0.0,-45.30443810654572,2.3033240917705378
2026-04-07 14:35:00+00:00,0.0,0.0,0.0,0.0,-45.30443810654572,2.3033240917705378
2026-04-07 14:40:00+00:00,0.0,0.0,0.0,0.0,-45.30443810654572,2.3033240917705378
2026-04-07 14:45:00+00:00,0.0,0.0,0.0,0.0,-45.30443810654572,2.3033240917705378
2026-04-07 14:50:00+00:00,0.0,0.0,0.0,0.0,-45.30443810654572,2.3033240917705378
2026-04-07 14:55:00+00:00,0.0,0.0,0.0,0.0,-45.30443810654572,2.3033240917705378
2026-04-07 15:00:00+00:00,0.0,0.0,0.0,0.0,-45.30443810654572,2.3033240917705378
2026-04-07 15:05:00+00:00,0.0,0.0,0.0,0.0,-45.30443810654572,2.3033240917705378
2026-04-07 15:10:00+00:00,0.0,0.0,0.0,0.0,-45.30443810654572,2.3033240917705378
2026-04-07 15:15:00+00:00,0.0,0.0,0.0,0.0,-45.30443810654572,2.3033240917705378
2026-04-07 15:20:00+00:00,0.0,0.0,0.0,0.0,-45.30443810654572,2.3033240917705378
2026-04-07 15:25:00+00:00,0.0,0.0,0.0,0.0,-45.30443810654572,2.3033240917705378
2026-04-07 15:30:00+00:00,0.0,0.0,0.0,0.0,-45.30443810654572,2.3033240917705378
2026-04-07 15:35:00+00:00,0.0,0.0,0.0,0.0,-45.30443810654572,2.3033240917705378
2026-04-07 15:40:00+00:00,0.0,0.0,0.0,0.0,-45.30443810654572,2.3033240917705378
2026-04-07 15:45:00+00:00,0.0,0.0,0.0,0.0,-45.30443810654572,2.3033240917705378
2026-04-07 15:50:00+00:00,0.0,0.0,0.0,0.0,-45.30443810654572,2.3033240917705378
2026-04-07 15:55:00+00:00,0.0,0.0,0.0,0.0,-45.30443810654572,2.3033240917705378
2026-04-07 16:00:00+00:00,0.0,0.0,0.0,0.0,-45.30443810654572,2.3033240917705378
2026-04-07 16:05:00+00:00,0.0,0.0,0.0,0.0,-45.30443810654572,2.3033240917705378
2026-04-07 16:10:00+00:00,0.0,0.0,0.0,0.0,-45.30443810654572,2.3033240917705378
2026-04-07 16:15:00+00:00,0.0,0.0,0.0,0.0,-45.30443810654572,2.3033240917705378
2026-04-07 16:20:00+00:00,0.0,0.0,0.0,0.0,-45.30443810654572,2.3033240917705378
2026-04-07 16:25:00+00:00,0.0,0.0,0.0,0.0,-45.30443810654572,2.3033240917705378
2026-04-07 16:30:00+00:00,0.0,0.0,0.0,0.0,-45.30443810654572,2.3033240917705378
2026-04-07 16:35:00+00:00,0.0,0.0,0.0,0.0,-45.30443810654572,2.3033240917705378
2026-04-07 16:40:00+00:00,0.0,0.0,0.0,0.0,-45.30443810654572,2.3033240917705378
2026-04-07 16:45:00+00:00,0.0,0.0,0.0,0.0,-45.30443810654572,2.3033240917705378
2026-04-07 16:50:00+00:00,0.0,0.0,0.0,0.0,-45.30443810654572,2.3033240917705378
2026-04-07 16:55:00+00:00,0.0,0.0,0.0,0.0,-45.30443810654572,2.3033240917705378
2026-04-07 17:00:00+00:00,0.0,0.0,0.0,0.0,-45.30443810654572,2.3033240917705378
2026-04-07 17:05:00+00:00,0.0,0.0,0.0,0.0,-45.30443810654572,2.3033240917705378
2026-04-07 17:10:00+00:00,0.0,0.0,0.0,0.0,-45.30443810654572,2.3033240917705378
2026-04-07 17:15:00+00:00,0.0,0.0,0.0,0.0,-45.30443810654572,2.3033240917705378
2026-04-07 17:20:00+00:00,0.0,0.0,0.0,0.0,-45.30443810654572,2.3033240917705378
2026-04-07 17:25:00+00:00,0.0,0.0,0.0,0.0,-45.30443810654572,2.3033240917705378
2026-04-07 17:30:00+00:00,0.0,0.0,0.0,0.0,-45.30443810654572,2.3033240917705378
2026-04-07 17:35:00+00:00,0.0,0.0,0.0,0.0,-45.30443810654572,2.3033240917705378
2026-04-07 17:40:00+00:00,0.0,0.0,0.0,0.0,-45.30443810654572,2.3033240917705378
2026-04-07 17:45:00+00:00,0.0,0.0,0.0,0.0,-45.30443810654572,2.3033240917705378
2026-04-07 17:50:00+00:00,0.0,0.0,0.0,0.0,-45.30443810654572,2.3033240917705378
2026-04-07 17:55:00+00:00,0.0,0.0,0.0,0.0,-45.30443810654572,2.3033240917705378
2026-04-07 18:00:00+00:00,0.0,0.0,0.0,0.0,-45.30443810654572,2.3033240917705378
2026-04-07 18:05:00+00:00,0.0,0.0,0.0,0.0,-45.30443810654572,2.3033240917705378
2026-04-07 18:10:00+00:00,0.0,0.0,0.0,0.0,-45.30443810654572,2.3033240917705378
2026-04-07 18:15:00+00:00,0.0,0.0,0.0,0.0,-45.30443810654572,2.3033240917705378
2026-04-07 18:20:00+00:00,0.0,0.0,0.0,0.0,-45.30443810654572,2.3033240917705378
2026-04-07 18:25:00+00:00,0.0,0.0,0.0,0.0,-45.30443810654572,2.3033240917705378
2026-04-07 18:30:00+00:00,0.0,0.0,0.0,0.0,-45.30443810654572,2.3033240917705378
2026-04-07 18:35:00+00:00,0.0,0.0,0.0,0.0,-45.30443810654572,2.3033240917705378
2026-04-07 18:40:00+00:00,0.0,0.0,0.0,0.0,-45.30443810654572,2.3033240917705378
2026-04-07 18:45:00+00:00,0.0,0.0,0.0,0.0,-45.30443810654572,2.3033240917705378
2026-04-07 18:50:00+00:00,0.0,0.0,0.0,0.0,-45.30443810654572,2.3033240917705378
2026-04-07 18:55:00+00:00,0.0,0.0,0.0,0.0,-45.30443810654572,2.3033240917705378
2026-04-07 19:00:00+00:00,0.0,0.0,0.0,0.0,-45.30443810654572,2.3033240917705378
2026-04-07 19:05:00+00:00,0.0,0.0,0.0,0.0,-45.30443810654572,2.3033240917705378
2026-04-07 19:10:00+00:00,0.0,0.0,0.0,0.0,-45.30443810654572,2.3033240917705378
2026-04-07 19:15:00+00:00,0.0,0.0,0.0,0.0,-45.30443810654572,2.3033240917705378
2026-04-07 19:20:00+00:00,0.0,0.0,0.0,0.0,-45.30443810654572,2.3033240917705378
2026-04-07 19:25:00+00:00,0.0,0.0,0.0,0.0,-45.30443810654572,2.3033240917705378
2026-04-07 19:30:00+00:00,0.0,0.0,0.0,0.0,-45.30443810654572,2.3033240917705378
2026-04-07 19:35:00+00:00,0.0,0.0,0.0,0.0,-45.30443810654572,2.3033240917705378
2026-04-07 19:40:00+00:00,0.0,0.0,0.0,0.0,-45.30443810654572,2.3033240917705378
2026-04-07 19:45:00+00:00,0.0,0.0,0.0,0.0,-45.30443810654572,2.3033240917705378
2026-04-07 19:50:00+00:00,0.0,0.0,0.0,0.0,-45.30443810654572,2.3033240917705378
2026-04-07 19:55:00+00:00,0.0,0.0,0.0,0.0,-45.30443810654572,2.3033240917705378
2026-04-07 20:00:00+00:00,0.0,0.0,0.0,0.0,-45.30443810654572,2.3033240917705378
2026-04-07 20:05:00+00:00,0.0,0.0,0.0,0.0,-45.30443810654572,2.3033240917705378
2026-04-07 20:10:00+00:00,0.0,0.0,0.0,0.0,-45.30443810654572,2.3033240917705378
2026-04-07 20:15:00+00:00,0.0,0.0,0.0,0.0,-45.30443810654572,2.3033240917705378
2026-04-07 20:20:00+00:00,0.0,0.0,0.0,0.0,-45.30443810654572,2.3033240917705378
2026-04-07 20:25:00+00:00,0.0,0.0,0.0,0.0,-45.30443810654572,2.3033240917705378
2026-04-07 20:30:00+00:00,0.0,0.0,0.0,0.0,-45.30443810654572,2.3033240917705378
2026-04-07 20:35:00+00:00,0.0,0.0,0.0,0.0,-45.30443810654572,2.3033240917705378
2026-04-07 20:40:00+00:00,0.0,0.0,0.0,0.0,-45.30443810654572,2.3033240917705378
2026-04-07 20:45:00+00:00,0.0,0.0,0.0,0.0,-45.30443810654572,2.3033240917705378
2026-04-07 20:50:00+00:00,0.0,0.0,0.0,0.0,-45.30443810654572,2.3033240917705378
2026-04-07 20:55:00+00:00,0.0,0.0,0.0,0.0,-45.30443810654572,2.3033240917705378
2026-04-07 21:00:00+00:00,0.0,0.0,0.0,0.0,-45.30443810654572,2.3033240917705378
2026-04-07 21:05:00+00:00,0.0,0.0,0.0,0.0,-45.30443810654572,2.3033240917705378
2026-04-07 21:10:00+00:00,0.0,0.0,0.0,0.0,-45.30443810654572,2.3033240917705378
2026-04-07 21:15:00+00:00,0.0,0.0,0.0,0.0,-45.30443810654572,2.3033240917705378
2026-04-07 21:20:00+00:00,0.0,0.0,0.0,0.0,-45.30443810654572,2.3033240917705378
2026-04-07 21:25:00+00:00,0.0,0.0,0.0,0.0,-45.30443810654572,2.3033240917705378
2026-04-07 21:30:00+00:00,0.0,0.0,0.0,0.0,-45.30443810654572,2.3033240917705378
2026-04-07 21:35:00+00:00,0.0,0.0,0.0,0.0,-45.30443810654572,2.3033240917705378
2026-04-07 21:40:00+00:00,0.0,0.0,0.0,0.0,-45.30443810654572,2.3033240917705378
2026-04-07 21:45:00+00:00,0.0,0.0,0.0,0.0,-45.30443810654572,2.3033240917705378
2026-04-07 21:50:00+00:00,0.0,0.0,0.0,0.0,-45.30443810654572,2.3033240917705378
2026-04-07 21:55:00+00:00,0.0,0.0,0.0,0.0,-45.30443810654572,2.3033240917705378
2026-04-07 22:00:00+00:00,0.0,0.0,0.0,0.0,-45.30443810654572,2.3033240917705378
2026-04-07 22:05:00+00:00,0.0,0.0,0.0,0.0,-45.30443810654572,2.3033240917705378
2026-04-07 22:10:00+00:00,0.0,0.0,0.0,0.0,-45.30443810654572,2.3033240917705378
2026-04-07 22:15:00+00:00,0.0,0.0,0.0,0.0,-45.30443810654572,2.3033240917705378
2026-04-07 22:20:00+00:00,0.0,0.0,0.0,0.0,-45.30443810654572,2.3033240917705378
2026-04-07 22:25:00+00:00,0.0,0.0,0.0,0.0,-45.30443810654572,2.3033240917705378
2026-04-07 22:30:00+00:00,0.0,0.0,0.0,0.0,-45.30443810654572,2.3033240917705378
2026-04-07 22:35:00+00:00,0.0,0.0,0.0,0.0,-45.30443810654572,2.3033240917705378
2026-04-07 22:40:00+00:00,0.0,0.0,0.0,0.0,-45.30443810654572,2.3033240917705378
2026-04-07 22:45:00+00:00,0.0,0.0,0.0,0.0,-45.30443810654572,2.3033240917705378
2026-04-07 22:50:00+00:00,0.0,0.0,0.0,0.0,-45.30443810654572,2.3033240917705378
2026-04-07 22:55:00+00:00,0.0,0.0,0.0,0.0,-45.30443810654572,2.3033240917705378
2026-04-07 23:00:00+00:00,0.0,0.0,0.0,0.0,-45.30443810654572,2.3033240917705378
2026-04-07 23:05:00+00:00,0.0,0.0,0.0,0.0,-45.30443810654572,2.3033240917705378
2026-04-07 23:10:00+00:00,0.0,0.0,0.0,0.0,-45.30443810654572,2.3033240917705378
2026-04-07 23:15:00+00:00,0.0,0.0,0.0,0.0,-45.30443810654572,2.3033240917705378
2026-04-07 23:20:00+00:00,0.0,0.0,0.0,0.0,-45.30443810654572,2.3033240917705378
2026-04-07 23:25:00+00:00,0.0,0.0,0.0,0.0,-45.30443810654572,2.3033240917705378
2026-04-07 23:30:00+00:00,0.0,0.0,0.0,0.0,-45.30443810654572,2.3033240917705378
2026-04-07 23:35:00+00:00,0.0,0.0,0.0,0.0,-45.30443810654572,2.3033240917705378
2026-04-07 23:40:00+00:00,0.0,0.0,0.0,0.0,-45.30443810654572,2.3033240917705378
2026-04-07 23:45:00+00:00,0.0,0.0,0.0,0.0,-45.30443810654572,2.3033240917705378
2026-04-07 23:50:00+00:00,0.0,0.0,0.0,0.0,-45.30443810654572,2.3033240917705378
2026-04-07 23:55:00+00:00,0.0,0.0,0.0,0.0,-45.30443810654572,2.3033240917705378
2026-04-08 00:00:00+00:00,0.0,0.0,0.0,0.0,-45.30443810654572,2.3033240917705378
2026-04-08 00:05:00+00:00,0.0,0.0,0.0,0.0,-45.30443810654572,2.3033240917705378
2026-04-08 00:10:00+00:00,0.0,0.0,0.0,0.0,-45.30443810654572,2.3033240917705378
2026-04-08 00:15:00+00:00,0.0,0.0,0.0,0.0,-45.30443810654572,2.3033240917705378
2026-04-08 00:20:00+00:00,0.0,0.0,0.0,0.0,-45.30443810654572,2.3033240917705378
2026-04-08 00:25:00+00:00,0.0,0.0,0.0,0.0,-45.30443810654572,2.3033240917705378
2026-04-08 00:30:00+00:00,0.0,0.0,0.0,0.0,-45.30443810654572,2.3033240917705378
2026-04-08 00:35:00+00:00,0.0,0.0,0.0,0.0,-45.30443810654572,2.3033240917705378
2026-04-08 00:40:00+00:00,0.0,0.0,0.0,0.0,-45.30443810654572,2.3033240917705378
2026-04-08 00:45:00+00:00,0.0,0.0,0.0,0.0,-45.30443810654572,2.3033240917705378
2026-04-08 00:50:00+00:00,0.0,0.0,0.0,0.0,-45.30443810654572,2.3033240917705378
2026-04-08 00:55:00+00:00,0.0,0.0,0.0,0.0,-45.30443810654572,2.3033240917705378
2026-04-08 01:00:00+00:00,0.0,0.0,0.0,0.0,-45.30443810654572,2.3033240917705378
2026-04-08 01:05:00+00:00,0.0,0.0,0.0,0.0,-45.30443810654572,2.3033240917705378
2026-04-08 01:10:00+00:00,0.0,0.0,0.0,0.0,-45.30443810654572,2.3033240917705378
2026-04-08 01:15:00+00:00,0.0,0.0,0.0,0.0,-45.30443810654572,2.3033240917705378
2026-04-08 01:20:00+00:00,0.0,0.0,0.0,0.0,-45.30443810654572,2.3033240917705378
2026-04-08 01:25:00+00:00,0.0,0.0,0.0,0.0,-45.30443810654572,2.3033240917705378
2026-04-08 01:30:00+00:00,0.0,0.0,0.0,0.0,-45.30443810654572,2.3033240917705378
2026-04-08 01:35:00+00:00,0.0,0.0,0.0,0.0,-45.30443810654572,2.3033240917705378
2026-04-08 01:40:00+00:00,0.0,0.0,0.0,0.0,-45.30443810654572,2.3033240917705378
2026-04-08 01:45:00+00:00,0.0,0.0,0.0,0.0,-45.30443810654572,2.3033240917705378
2026-04-08 01:50:00+00:00,0.0,0.0,0.0,0.0,-45.30443810654572,2.3033240917705378
2026-04-08 01:55:00+00:00,0.0,0.0,0.0,0.0,-45.30443810654572,2.3033240917705378
2026-04-08 02:00:00+00:00,0.0,0.0,0.0,0.0,-45.30443810654572,2.3033240917705378
2026-04-08 02:05:00+00:00,0.0,0.0,0.0,0.0,-45.30443810654572,2.3033240917705378
2026-04-08 02:10:00+00:00,0.0,0.0,0.0,0.0,-45.30443810654572,2.3033240917705378
2026-04-08 02:15:00+00:00,0.0,0.0,0.0,0.0,-45.30443810654572,2.3033240917705378
2026-04-08 02:20:00+00:00,0.0,0.0,0.0,0.0,-45.30443810654572,2.3033240917705378
2026-04-08 02:25:00+00:00,0.0,0.0,0.0,0.0,-45.30443810654572,2.3033240917705378
2026-04-08 02:30:00+00:00,0.0,0.0,0.0,0.0,-45.30443810654572,2.3033240917705378
2026-04-08 02:35:00+00:00,0.0,0.0,0.0,0.0,-45.30443810654572,2.3033240917705378
2026-04-08 02:40:00+00:00,0.0,0.0,0.0,0.0,-45.30443810654572,2.3033240917705378
2026-04-08 02:45:00+00:00,0.0,0.0,0.0,0.0,-45.30443810654572,2.3033240917705378
2026-04-08 02:50:00+00:00,0.0,0.0,0.0,0.0,-45.30443810654572,2.3033240917705378
2026-04-08 02:55:00+00:00,0.0,0.0,0.0,0.0,-45.30443810654572,2.3033240917705378
2026-04-08 03:00:00+00:00,0.0,0.0,0.0,0.0,-45.30443810654572,2.3033240917705378
2026-04-08 03:05:00+00:00,0.0,0.0,0.0,0.0,-45.30443810654572,2.3033240917705378
2026-04-08 03:10:00+00:00,0.0,0.0,0.0,0.0,-45.30443810654572,2.3033240917705378
2026-04-08 03:15:00+00:00,0.0,0.0,0.0,0.0,-45.30443810654572,2.3033240917705378
2026-04-08 03:20:00+00:00,0.0,0.0,0.0,0.0,-45.30443810654572,2.3033240917705378
2026-04-08 03:25:00+00:00,0.0,0.0,0.0,0.0,-45.30443810654572,2.3033240917705378
2026-04-08 03:30:00+00:00,0.0,0.0,0.0,0.0,-45.30443810654572,2.3033240917705378
2026-04-08 03:35:00+00:00,0.0,0.0,0.0,0.0,-45.30443810654572,2.3033240917705378
2026-04-08 03:40:00+00:00,0.0,0.0,0.0,0.0,-45.30443810654572,2.3033240917705378
2026-04-08 03:45:00+00:00,0.0,0.0,0.0,0.0,-45.30443810654572,2.3033240917705378
2026-04-08 03:50:00+00:00,0.0,0.0,0.0,0.0,-45.30443810654572,2.3033240917705378
2026-04-08 03:55:00+00:00,0.0,0.0,0.0,0.0,-45.30443810654572,2.3033240917705378
2026-04-08 04:00:00+00:00,0.0,0.0,0.0,0.0,-45.30443810654572,2.3033240917705378
2026-04-08 04:05:00+00:00,0.0,0.0,0.0,0.0,-45.30443810654572,2.3033240917705378
2026-04-08 04:10:00+00:00,0.0,0.0,0.0,0.0,-45.30443810654572,2.3033240917705378
2026-04-08 04:15:00+00:00,0.0,0.0,0.0,0.0,-45.30443810654572,2.3033240917705378
2026-04-08 04:20:00+00:00,0.0,0.0,0.0,0.0,-45.30443810654572,2.3033240917705378
2026-04-08 04:25:00+00:00,0.0,0.0,0.0,0.0,-45.30443810654572,2.3033240917705378
2026-04-08 04:30:00+00:00,0.0,0.0,0.0,0.0,-45.30443810654572,2.3033240917705378
2026-04-08 04:35:00+00:00,0.0,0.0,0.0,0.0,-45.30443810654572,2.3033240917705378
2026-04-08 04:40:00+00:00,0.0,0.0,0.0,0.0,-45.30443810654572,2.3033240917705378
2026-04-08 04:45:00+00:00,0.0,0.0,0.0,0.0,-45.30443810654572,2.3033240917705378
2026-04-08 04:50:00+00:00,0.0,0.0,0.0,0.0,-45.30443810654572,2.3033240917705378
2026-04-08 04:55:00+00:00,0.0,0.0,0.0,0.0,-45.30443810654572,2.3033240917705378
2026-04-08 05:00:00+00:00,0.0,0.0,0.0,0.0,-45.30443810654572,2.3033240917705378
2026-04-08 05:05:00+00:00,0.0,0.0,0.0,0.0,-45.30443810654572,2.3033240917705378
2026-04-08 05:10:00+00:00,0.0,0.0,0.0,0.0,-45.30443810654572,2.3033240917705378
2026-04-08 05:15:00+00:00,0.0,0.0,0.0,0.0,-45.30443810654572,2.3033240917705378
2026-04-08 05:20:00+00:00,0.0,0.0,0.0,0.0,-45.30443810654572,2.3033240917705378
2026-04-08 05:25:00+00:00,0.0,0.0,0.0,0.0,-45.30443810654572,2.3033240917705378
2026-04-08 05:30:00+00:00,0.0,0.0,0.0,0.0,-45.30443810654572,2.3033240917705378
2026-04-08 05:35:00+00:00,0.0,0.0,0.0,0.0,-45.30443810654572,2.3033240917705378
2026-04-08 05:40:00+00:00,0.0,0.0,0.0,0.0,-45.30443810654572,2.3033240917705378
2026-04-08 05:45:00+00:00,0.0,0.0,0.0,0.0,-45.30443810654572,2.3033240917705378
2026-04-08 05:50:00+00:00,0.0,0.0,0.0,0.0,-45.30443810654572,2.3033240917705378
2026-04-08 05:55:00+00:00,0.0,0.0,0.0,0.0,-45.30443810654572,2.3033240917705378
2026-04-08 06:00:00+00:00,0.0,0.0,0.0,0.0,-45.30443810654572,2.3033240917705378
2026-04-08 06:05:00+00:00,0.0,0.0,0.0,0.0,-45.30443810654572,2.3033240917705378
2026-04-08 06:10:00+00:00,0.0,0.0,0.0,0.0,-45.30443810654572,2.3033240917705378
2026-04-08 06:15:00+00:00,0.0,0.0,0.0,0.0,-45.30443810654572,2.3033240917705378
2026-04-08 06:20:00+00:00,0.0,0.0,0.0,0.0,-45.30443810654572,2.3033240917705378
2026-04-08 06:25:00+00:00,0.0,0.0,0.0,0.0,-45.30443810654572,2.3033240917705378
2026-04-08 06:30:00+00:00,0.0,0.0,0.0,0.0,-45.30443810654572,2.3033240917705378
2026-04-08 06:35:00+00:00,0.0,0.0,0.0,0.0,-45.30443810654572,2.3033240917705378
2026-04-08 06:40:00+00:00,0.0,0.0,0.0,0.0,-45.30443810654572,2.3033240917705378
2026-04-08 06:45:00+00:00,0.0,0.0,0.0,0.0,-45.30443810654572,2.3033240917705378
2026-04-08 06:50:00+00:00,0.0,0.0,0.0,0.0,-45.30443810654572,2.3033240917705378
2026-04-08 06:55:00+00:00,0.0,0.0,0.0,0.0,-45.30443810654572,2.3033240917705378
2026-04-08 07:00:00+00:00,0.0,0.0,0.0,0.0,-45.30443810654572,2.3033240917705378
2026-04-08 07:05:00+00:00,0.0,0.0,0.0,0.0,-45.30443810654572,2.3033240917705378
2026-04-08 07:10:00+00:00,0.0,0.0,0.0,0.0,-45.30443810654572,2.3033240917705378
2026-04-08 07:15:00+00:00,0.0,0.0,0.0,0.0,-45.30443810654572,2.3033240917705378
2026-04-08 07:20:00+00:00,0.0,0.0,0.0,0.0,-45.30443810654572,2.3033240917705378
2026-04-08 07:25:00+00:00,0.0,0.0,0.0,0.0,-45.30443810654572,2.3033240917705378
2026-04-08 07:30:00+00:00,0.0,0.0,0.0,0.0,-45.30443810654572,2.3033240917705378
2026-04-08 07:35:00+00:00,0.0,0.0,0.0,0.0,-45.30443810654572,2.3033240917705378
2026-04-08 07:40:00+00:00,0.0,0.0,0.0,0.0,-45.30443810654572,2.3033240917705378
2026-04-08 07:45:00+00:00,0.0,0.0,0.0,0.0,-45.30443810654572,2.3033240917705378
2026-04-08 07:50:00+00:00,0.0,0.0,0.0,0.0,-45.30443810654572,2.3033240917705378
2026-04-08 07:55:00+00:00,0.0,0.0,0.0,0.0,-45.30443810654572,2.3033240917705378
2026-04-08 08:00:00+00:00,0.0,0.0,0.0,0.0,-45.30443810654572,2.3033240917705378
2026-04-08 08:05:00+00:00,0.0,0.0,0.0,0.0,-45.30443810654572,2.3033240917705378
2026-04-08 08:10:00+00:00,0.0,0.0,0.0,0.0,-45.30443810654572,2.3033240917705378
2026-04-08 08:15:00+00:00,0.0,0.0,0.0,0.0,-45.30443810654572,2.3033240917705378
2026-04-08 08:20:00+00:00,0.0,0.0,0.0,0.0,-45.30443810654572,2.3033240917705378
2026-04-08 08:25:00+00:00,0.0,0.0,0.0,0.0,-45.30443810654572,2.3033240917705378
2026-04-08 08:30:00+00:00,0.0,0.0,0.0,0.0,-45.30443810654572,2.3033240917705378
2026-04-08 08:35:00+00:00,0.0,0.0,0.0,0.0,-45.30443810654572,2.3033240917705378
2026-04-08 08:40:00+00:00,0.0,0.0,0.0,0.0,-45.30443810654572,2.3033240917705378
2026-04-08 08:45:00+00:00,0.0,0.0,0.0,0.0,-45.30443810654572,2.3033240917705378
2026-04-08 08:50:00+00:00,0.0,0.0,0.0,0.0,-45.30443810654572,2.3033240917705378
2026-04-08 08:55:00+00:00,0.0,0.0,0.0,0.0,-45.30443810654572,2.3033240917705378
2026-04-08 09:00:00+00:00,0.0,0.0,0.0,0.0,-45.30443810654572,2.3033240917705378
2026-04-08 09:05:00+00:00,0.0,0.0,0.0,0.0,-45.30443810654572,2.3033240917705378
2026-04-08 09:10:00+00:00,0.0,0.0,0.0,0.0,-45.30443810654572,2.3033240917705378
2026-04-08 09:15:00+00:00,0.0,0.0,0.0,0.0,-45.30443810654572,2.3033240917705378
2026-04-08 09:20:00+00:00,0.0,0.0,0.0,0.0,-45.30443810654572,2.3033240917705378
2026-04-08 09:25:00+00:00,0.0,0.0,0.0,0.0,-45.30443810654572,2.3033240917705378
2026-04-08 09:30:00+00:00,0.0,0.0,0.0,0.0,-45.30443810654572,2.3033240917705378
2026-04-08 09:35:00+00:00,0.0,0.0,0.0,0.0,-45.30443810654572,2.3033240917705378
2026-04-08 09:40:00+00:00,0.0,0.0,0.0,0.0,-45.30443810654572,2.3033240917705378
2026-04-08 09:45:00+00:00,0.0,0.0,0.0,0.0,-45.30443810654572,2.3033240917705378
2026-04-08 09:50:00+00:00,0.0,0.0,0.0,0.0,-45.30443810654572,2.3033240917705378
2026-04-08 09:55:00+00:00,0.0,0.0,0.0,0.0,-45.30443810654572,2.3033240917705378
2026-04-08 10:00:00+00:00,0.0,0.0,0.0,0.0,-45.30443810654572,2.3033240917705378
2026-04-08 10:05:00+00:00,0.0,0.0,0.0,0.0,-45.30443810654572,2.3033240917705378
2026-04-08 10:10:00+00:00,0.0,0.0,0.0,0.0,-45.30443810654572,2.3033240917705378
2026-04-08 10:15:00+00:00,0.0,0.0,0.0,0.0,-45.30443810654572,2.3033240917705378
2026-04-08 10:20:00+00:00,0.0,0.0,0.0,0.0,-45.30443810654572,2.3033240917705378
2026-04-08 10:25:00+00:00,0.0,0.0,0.0,0.0,-45.30443810654572,2.3033240917705378
2026-04-08 10:30:00+00:00,0.0,0.0,0.0,0.0,-45.30443810654572,2.3033240917705378
2026-04-08 10:35:00+00:00,0.0,0.0,0.0,0.0,-45.30443810654572,2.3033240917705378
2026-04-08 10:40:00+00:00,0.0,0.0,0.0,0.0,-45.30443810654572,2.3033240917705378
2026-04-08 10:45:00+00:00,0.0,0.0,0.0,0.0,-45.30443810654572,2.3033240917705378
2026-04-08 10:50:00+00:00,0.0,0.0,0.0,0.0,-45.30443810654572,2.3033240917705378
2026-04-08 10:55:00+00:00,0.0,0.0,0.0,0.0,-45.30443810654572,2.3033240917705378
2026-04-08 11:00:00+00:00,0.0,0.0,0.0,0.0,-45.30443810654572,2.3033240917705378
2026-04-08 11:05:00+00:00,0.0,0.0,0.0,0.0,-45.30443810654572,2.3033240917705378
2026-04-08 11:10:00+00:00,0.0,0.0,0.0,0.0,-45.30443810654572,2.3033240917705378
2026-04-08 11:15:00+00:00,0.0,0.0,0.0,0.0,-45.30443810654572,2.3033240917705378
2026-04-08 11:20:00+00:00,0.0,0.0,0.0,0.0,-45.30443810654572,2.3033240917705378
2026-04-08 11:25:00+00:00,0.0,0.0,0.0,0.0,-45.30443810654572,2.3033240917705378
2026-04-08 11:30:00+00:00,0.0,0.0,0.0,0.0,-45.30443810654572,2.3033240917705378
2026-04-08 11:35:00+00:00,0.0,0.0,0.0,0.0,-45.30443810654572,2.3033240917705378
2026-04-08 11:40:00+00:00,0.0,0.0,0.0,0.0,-45.30443810654572,2.3033240917705378
2026-04-08 11:45:00+00:00,0.0,0.0,0.0,0.0,-45.30443810654572,2.3033240917705378
2026-04-08 11:50:00+00:00,0.0,0.0,0.0,0.0,-45.30443810654572,2.3033240917705378
2026-04-08 11:55:00+00:00,0.0,0.0,0.0,0.0,-45.30443810654572,2.3033240917705378
2026-04-08 12:00:00+00:00,0.0,0.0,0.0,0.0,-45.30443810654572,2.3033240917705378
2026-04-08 12:05:00+00:00,0.0,0.0,0.0,0.0,-45.30443810654572,2.3033240917705378
2026-04-08 12:10:00+00:00,0.0,0.0,0.0,0.0,-45.30443810654572,2.3033240917705378
2026-04-08 12:15:00+00:00,0.0,0.0,0.0,0.0,-45.30443810654572,2.3033240917705378
2026-04-08 12:20:00+00:00,0.0,0.0,0.0,0.0,-45.30443810654572,2.3033240917705378
2026-04-08 12:25:00+00:00,0.0,0.0,0.0,0.0,-45.30443810654572,2.3033240917705378
2026-04-08 12:30:00+00:00,0.0,0.0,0.0,0.0,-45.30443810654572,2.3033240917705378
2026-04-08 12:35:00+00:00,0.0,0.0,0.0,0.0,-45.30443810654572,2.3033240917705378
2026-04-08 12:40:00+00:00,0.0,0.0,0.0,0.0,-45.30443810654572,2.3033240917705378
2026-04-08 12:45:00+00:00,0.0,0.0,0.0,0.0,-45.30443810654572,2.3033240917705378
2026-04-08 12:50:00+00:00,0.0,0.0,0.0,0.0,-45.30443810654572,2.3033240917705378
2026-04-08 12:55:00+00:00,0.0,0.0,0.0,0.0,-45.30443810654572,2.3033240917705378
2026-04-08 13:00:00+00:00,0.0,0.0,0.0,0.0,-45.30443810654572,2.3033240917705378
2026-04-08 13:05:00+00:00,0.0,0.0,0.0,0.0,-45.30443810654572,2.3033240917705378
2026-04-08 13:10:00+00:00,0.0,0.0,0.0,0.0,-45.30443810654572,2.3033240917705378
2026-04-08 13:15:00+00:00,0.0,0.0,0.0,0.0,-45.30443810654572,2.3033240917705378
2026-04-08 13:20:00+00:00,0.0,0.0,0.0,0.0,-45.30443810654572,2.3033240917705378
2026-04-08 13:25:00+00:00,0.0,0.0,0.0,0.0,-45.30443810654572,2.3033240917705378
2026-04-08 13:30:00+00:00,0.0,0.0,0.0,0.0,-45.30443810654572,2.3033240917705378
2026-04-08 13:35:00+00:00,0.0,0.0,0.0,0.0,-45.30443810654572,2.3033240917705378
2026-04-08 13:40:00+00:00,0.0,0.0,0.0,0.0,-45.30443810654572,2.3033240917705378
2026-04-08 13:45:00+00:00,0.0,0.0,0.0,0.0,-45.30443810654572,2.3033240917705378
2026-04-08 13:50:00+00:00,0.0,0.0,0.0,0.0,-45.30443810654572,2.3033240917705378
2026-04-08 13:55:00+00:00,0.0,0.0,0.0,0.0,-45.30443810654572,2.3033240917705378
2026-04-08 14:00:00+00:00,0.0,0.0,0.0,0.0,-45.30443810654572,2.3033240917705378
2026-04-08 14:05:00+00:00,0.0,0.0,0.0,0.0,-45.30443810654572,2.3033240917705378
2026-04-08 14:10:00+00:00,0.0,0.0,0.0,0.0,-45.30443810654572,2.3033240917705378
2026-04-08 14:15:00+00:00,0.0,0.0,0.0,0.0,-45.30443810654572,2.3033240917705378
2026-04-08 14:20:00+00:00,0.0,0.0,0.0,0.0,-45.30443810654572,2.3033240917705378
2026-04-08 14:25:00+00:00,0.0,0.0,0.0,0.0,-45.30443810654572,2.3033240917705378
2026-04-08 14:30:00+00:00,0.0,0.0,0.0,0.0,-45.30443810654572,2.3033240917705378
2026-04-08 14:35:00+00:00,0.0,0.0,0.0,0.0,-45.30443810654572,2.3033240917705378
2026-04-08 14:40:00+00:00,0.0,0.0,0.0,0.0,-45.30443810654572,2.3033240917705378
2026-04-08 14:45:00+00:00,0.0,0.0,0.0,0.0,-45.30443810654572,2.3033240917705378
2026-04-08 14:50:00+00:00,0.0,0.0,0.0,0.0,-45.30443810654572,2.3033240917705378
2026-04-08 14:55:00+00:00,0.0,0.0,0.0,0.0,-45.30443810654572,2.3033240917705378
2026-04-08 15:00:00+00:00,0.0,0.0,0.0,0.0,-45.30443810654572,2.3033240917705378
2026-04-08 15:05:00+00:00,0.0,0.0,0.0,0.0,-45.30443810654572,2.3033240917705378
2026-04-08 15:10:00+00:00,0.0,0.0,0.0,0.0,-45.30443810654572,2.3033240917705378
2026-04-08 15:15:00+00:00,0.0,0.0,0.0,0.0,-45.30443810654572,2.3033240917705378
2026-04-08 15:20:00+00:00,0.0,0.0,0.0,0.0,-45.30443810654572,2.3033240917705378
2026-04-08 15:25:00+00:00,0.0,0.0,0.0,0.0,-45.30443810654572,2.3033240917705378
2026-04-08 15:30:00+00:00,0.0,0.0,0.0,0.0,-45.30443810654572,2.3033240917705378
2026-04-08 15:35:00+00:00,0.0,0.0,0.0,0.0,-45.30443810654572,2.3033240917705378
2026-04-08 15:40:00+00:00,0.0,0.0,0.0,0.0,-45.30443810654572,2.3033240917705378
2026-04-08 15:45:00+00:00,0.0,0.0,0.0,0.0,-45.30443810654572,2.3033240917705378
2026-04-08 15:50:00+00:00,0.0,0.0,0.0,0.0,-45.30443810654572,2.3033240917705378
2026-04-08 15:55:00+00:00,0.0,0.0,0.0,0.0,-45.30443810654572,2.3033240917705378
2026-04-08 16:00:00+00:00,0.0,0.0,0.0,0.0,-45.30443810654572,2.3033240917705378
2026-04-08 16:05:00+00:00,0.0,0.0,0.0,0.0,-45.30443810654572,2.3033240917705378
2026-04-08 16:10:00+00:00,0.0,0.0,0.0,0.0,-45.30443810654572,2.3033240917705378
2026-04-08 16:15:00+00:00,0.0,0.0,0.0,0.0,-45.30443810654572,2.3033240917705378
2026-04-08 16:20:00+00:00,0.0,0.0,0.0,0.0,-45.30443810654572,2.3033240917705378
2026-04-08 16:25:00+00:00,0.0,0.0,0.0,0.0,-45.30443810654572,2.3033240917705378
2026-04-08 16:30:00+00:00,0.0,0.0,0.0,0.0,-45.30443810654572,2.3033240917705378
2026-04-08 16:35:00+00:00,0.0,0.0,0.0,0.0,-45.30443810654572,2.3033240917705378
2026-04-08 16:40:00+00:00,0.0,0.0,0.0,0.0,-45.30443810654572,2.3033240917705378
2026-04-08 16:45:00+00:00,0.0,0.0,0.0,0.0,-45.30443810654572,2.3033240917705378
2026-04-08 16:50:00+00:00,0.0,0.0,0.0,0.0,-45.30443810654572,2.3033240917705378
2026-04-08 16:55:00+00:00,0.0,0.0,0.0,0.0,-45.30443810654572,2.3033240917705378
2026-04-08 17:00:00+00:00,0.0,0.0,0.0,0.0,-45.30443810654572,2.3033240917705378
2026-04-08 17:05:00+00:00,0.0,0.0,0.0,0.0,-45.30443810654572,2.3033240917705378
2026-04-08 17:10:00+00:00,0.0,0.0,0.0,0.0,-45.30443810654572,2.3033240917705378
2026-04-08 17:15:00+00:00,0.0,0.0,0.0,0.0,-45.30443810654572,2.3033240917705378
2026-04-08 17:20:00+00:00,0.0,0.0,0.0,0.0,-45.30443810654572,2.3033240917705378
2026-04-08 17:25:00+00:00,0.0,0.0,0.0,0.0,-45.30443810654572,2.3033240917705378
2026-04-08 17:30:00+00:00,0.0,0.0,0.0,0.0,-45.30443810654572,2.3033240917705378
2026-04-08 17:35:00+00:00,0.0,0.0,0.0,0.0,-45.30443810654572,2.3033240917705378
2026-04-08 17:40:00+00:00,0.0,0.0,0.0,0.0,-45.30443810654572,2.3033240917705378
2026-04-08 17:45:00+00:00,0.0,0.0,0.0,0.0,-45.30443810654572,2.3033240917705378
2026-04-08 17:50:00+00:00,0.0,0.0,0.0,0.0,-45.30443810654572,2.3033240917705378
2026-04-08 17:55:00+00:00,0.0,0.0,0.0,0.0,-45.30443810654572,2.3033240917705378
2026-04-08 18:00:00+00:00,0.0,0.0,0.0,0.0,-45.30443810654572,2.3033240917705378
2026-04-08 18:05:00+00:00,0.0,0.0,0.0,0.0,-45.30443810654572,2.3033240917705378
2026-04-08 18:10:00+00:00,0.0,0.0,0.0,0.0,-45.30443810654572,2.3033240917705378
2026-04-08 18:15:00+00:00,0.0,0.0,0.0,0.0,-45.30443810654572,2.3033240917705378
2026-04-08 18:20:00+00:00,0.0,0.0,0.0,0.0,-45.30443810654572,2.3033240917705378
2026-04-08 18:25:00+00:00,0.0,0.0,0.0,0.0,-45.30443810654572,2.3033240917705378
2026-04-08 18:30:00+00:00,0.0,0.0,0.0,0.0,-45.30443810654572,2.3033240917705378
2026-04-08 18:35:00+00:00,0.0,0.0,0.0,0.0,-45.30443810654572,2.3033240917705378
2026-04-08 18:40:00+00:00,0.0,0.0,0.0,0.0,-45.30443810654572,2.3033240917705378
2026-04-08 18:45:00+00:00,0.0,0.0,0.0,0.0,-45.30443810654572,2.3033240917705378
2026-04-08 18:50:00+00:00,0.0,0.0,0.0,0.0,-45.30443810654572,2.3033240917705378
2026-04-08 18:55:00+00:00,0.0,0.0,0.0,0.0,-45.30443810654572,2.3033240917705378
2026-04-08 19:00:00+00:00,0.0,0.0,0.0,0.0,-45.30443810654572,2.3033240917705378
2026-04-08 19:05:00+00:00,0.0,0.0,0.0,0.0,-45.30443810654572,2.3033240917705378
2026-04-08 19:10:00+00:00,0.0,0.0,0.0,0.0,-45.30443810654572,2.3033240917705378
2026-04-08 19:15:00+00:00,0.0,0.0,0.0,0.0,-45.30443810654572,2.3033240917705378
2026-04-08 19:20:00+00:00,0.0,0.0,0.0,0.0,-45.30443810654572,2.3033240917705378
2026-04-08 19:25:00+00:00,0.0,0.0,0.0,0.0,-45.30443810654572,2.3033240917705378
2026-04-08 19:30:00+00:00,0.0,0.0,0.0,0.0,-45.30443810654572,2.3033240917705378
2026-04-08 19:35:00+00:00,0.0,0.0,0.0,0.0,-45.30443810654572,2.3033240917705378
2026-04-08 19:40:00+00:00,0.0,0.0,0.0,0.0,-45.30443810654572,2.3033240917705378
2026-04-08 19:45:00+00:00,0.0,0.0,0.0,0.0,-45.30443810654572,2.3033240917705378
2026-04-08 19:50:00+00:00,0.0,0.0,0.0,0.0,-45.30443810654572,2.3033240917705378
2026-04-08 19:55:00+00:00,0.0,0.0,0.0,0.0,-45.30443810654572,2.3033240917705378
2026-04-08 20:00:00+00:00,0.0,0.0,0.0,0.0,-45.30443810654572,2.3033240917705378
2026-04-08 20:05:00+00:00,0.0,0.0,0.0,0.0,-45.30443810654572,2.3033240917705378
2026-04-08 20:10:00+00:00,0.0,0.0,0.0,0.0,-45.30443810654572,2.3033240917705378
2026-04-08 20:15:00+00:00,0.0,0.0,0.0,0.0,-45.30443810654572,2.3033240917705378
2026-04-08 20:20:00+00:00,0.0,0.0,0.0,0.0,-45.30443810654572,2.3033240917705378
2026-04-08 20:25:00+00:00,0.0,0.0,0.0,0.0,-45.30443810654572,2.3033240917705378
2026-04-08 20:30:00+00:00,0.0,0.0,0.0,0.0,-45.30443810654572,2.3033240917705378
2026-04-08 20:35:00+00:00,0.0,0.0,0.0,0.0,-45.30443810654572,2.3033240917705378
2026-04-08 20:40:00+00:00,0.0,0.0,0.0,0.0,-45.30443810654572,2.3033240917705378
2026-04-08 20:45:00+00:00,0.0,0.0,0.0,0.0,-45.30443810654572,2.3033240917705378
2026-04-08 20:50:00+00:00,0.0,0.0,0.0,0.0,-45.30443810654572,2.3033240917705378
2026-04-08 20:55:00+00:00,0.0,0.0,0.0,0.0,-45.30443810654572,2.3033240917705378
2026-04-08 21:00:00+00:00,0.0,0.0,0.0,0.0,-45.30443810654572,2.3033240917705378
2026-04-08 21:05:00+00:00,0.0,0.0,0.0,0.0,-45.30443810654572,2.3033240917705378
2026-04-08 21:10:00+00:00,0.0,0.0,0.0,0.0,-45.30443810654572,2.3033240917705378
2026-04-08 21:15:00+00:00,0.0,0.0,0.0,0.0,-45.30443810654572,2.3033240917705378
2026-04-08 21:20:00+00:00,0.0,0.0,0.0,0.0,-45.30443810654572,2.3033240917705378
2026-04-08 21:25:00+00:00,0.0,0.0,0.0,0.0,-45.30443810654572,2.3033240917705378
2026-04-08 21:30:00+00:00,0.0,0.0,0.0,0.0,-45.30443810654572,2.3033240917705378
2026-04-08 21:35:00+00:00,0.0,0.0,0.0,0.0,-45.30443810654572,2.3033240917705378
2026-04-08 21:40:00+00:00,0.0,0.0,0.0,0.0,-45.30443810654572,2.3033240917705378
2026-04-08 21:45:00+00:00,0.0,0.0,0.0,0.0,-45.30443810654572,2.3033240917705378
2026-04-08 21:50:00+00:00,0.0,0.0,0.0,0.0,-45.30443810654572,2.3033240917705378
2026-04-08 21:55:00+00:00,0.0,0.0,0.0,0.0,-45.30443810654572,2.3033240917705378
2026-04-08 22:00:00+00:00,0.0,0.0,0.0,0.0,-45.30443810654572,2.3033240917705378
2026-04-08 22:05:00+00:00,0.0,0.0,0.0,0.0,-45.30443810654572,2.3033240917705378
2026-04-08 22:10:00+00:00,0.0,0.0,0.0,0.0,-45.30443810654572,2.3033240917705378
2026-04-08 22:15:00+00:00,0.0,0.0,0.0,0.0,-45.30443810654572,2.3033240917705378
2026-04-08 22:20:00+00:00,0.0,0.0,0.0,0.0,-45.30443810654572,2.3033240917705378
2026-04-08 22:25:00+00:00,0.0,0.0,0.0,0.0,-45.30443810654572,2.3033240917705378
2026-04-08 22:30:00+00:00,0.0,0.0,0.0,0.0,-45.30443810654572,2.3033240917705378
2026-04-08 22:35:00+00:00,0.0,0.0,0.0,0.0,-45.30443810654572,2.3033240917705378
2026-04-08 22:40:00+00:00,0.0,0.0,0.0,0.0,-45.30443810654572,2.3033240917705378
2026-04-08 22:45:00+00:00,0.0,0.0,0.0,0.0,-45.30443810654572,2.3033240917705378
2026-04-08 22:50:00+00:00,0.0,0.0,0.0,0.0,-45.30443810654572,2.3033240917705378
2026-04-08 22:55:00+00:00,0.0,0.0,0.0,0.0,-45.30443810654572,2.3033240917705378
2026-04-08 23:00:00+00:00,0.0,0.0,0.0,0.0,-45.30443810654572,2.3033240917705378
2026-04-08 23:05:00+00:00,0.0,0.0,0.0,0.0,-45.30443810654572,2.3033240917705378
2026-04-08 23:10:00+00:00,0.0,0.0,0.0,0.0,-45.30443810654572,2.3033240917705378
2026-04-08 23:15:00+00:00,0.0,0.0,0.0,0.0,-45.30443810654572,2.3033240917705378
2026-04-08 23:20:00+00:00,0.0,0.0,0.0,0.0,-45.30443810654572,2.3033240917705378
2026-04-08 23:25:00+00:00,0.0,0.0,0.0,0.0,-45.30443810654572,2.3033240917705378
2026-04-08 23:30:00+00:00,0.0,0.0,0.0,0.0,-45.30443810654572,2.3033240917705378
2026-04-08 23:35:00+00:00,0.0,0.0,0.0,0.0,-45.30443810654572,2.3033240917705378
2026-04-08 23:40:00+00:00,0.0,0.0,0.0,0.0,-45.30443810654572,2.3033240917705378
2026-04-08 23:45:00+00:00,0.0,0.0,0.0,0.0,-45.30443810654572,2.3033240917705378
2026-04-08 23:50:00+00:00,0.0,0.0,0.0,0.0,-45.30443810654572,2.3033240917705378
2026-04-08 23:55:00+00:00,0.0,0.0,0.0,0.0,-45.30443810654572,2.3033240917705378
2026-04-09 00:00:00+00:00,0.0,0.0,0.0,0.0,-45.30443810654572,2.3033240917705378
2026-04-09 00:05:00+00:00,0.0,0.0,0.0,0.0,-45.30443810654572,2.3033240917705378
2026-04-09 00:10:00+00:00,0.0,0.0,0.0,0.0,-45.30443810654572,2.3033240917705378
2026-04-09 00:15:00+00:00,0.0,0.0,0.0,0.0,-45.30443810654572,2.3033240917705378
2026-04-09 00:20:00+00:00,0.0,0.0,0.0,0.0,-45.30443810654572,2.3033240917705378
2026-04-09 00:25:00+00:00,0.0,0.0,0.0,0.0,-45.30443810654572,2.3033240917705378
2026-04-09 00:30:00+00:00,0.0,0.0,0.0,0.0,-45.30443810654572,2.3033240917705378
2026-04-09 00:35:00+00:00,0.0,0.0,0.0,0.0,-45.30443810654572,2.3033240917705378
2026-04-09 00:40:00+00:00,0.0,0.0,0.0,0.0,-45.30443810654572,2.3033240917705378
2026-04-09 00:45:00+00:00,0.0,0.0,0.0,0.0,-45.30443810654572,2.3033240917705378
2026-04-09 00:50:00+00:00,0.0,0.0,0.0,0.0,-45.30443810654572,2.3033240917705378
2026-04-09 00:55:00+00:00,0.0,0.0,0.0,0.0,-45.30443810654572,2.3033240917705378
2026-04-09 01:00:00+00:00,0.0,0.0,0.0,0.0,-45.30443810654572,2.3033240917705378
2026-04-09 01:05:00+00:00,0.0,0.0,0.0,0.0,-45.30443810654572,2.3033240917705378
2026-04-09 01:10:00+00:00,0.0,0.0,0.0,0.0,-45.30443810654572,2.3033240917705378
2026-04-09 01:15:00+00:00,0.0,0.0,0.0,0.0,-45.30443810654572,2.3033240917705378
2026-04-09 01:20:00+00:00,0.0,0.0,0.0,0.0,-45.30443810654572,2.3033240917705378
2026-04-09 01:25:00+00:00,0.0,0.0,0.0,0.0,-45.30443810654572,2.3033240917705378
2026-04-09 01:30:00+00:00,0.0,0.0,0.0,0.0,-45.30443810654572,2.3033240917705378
2026-04-09 01:35:00+00:00,0.0,0.0,0.0,0.0,-45.30443810654572,2.3033240917705378
2026-04-09 01:40:00+00:00,0.0,0.0,0.0,0.0,-45.30443810654572,2.3033240917705378
2026-04-09 01:45:00+00:00,0.0,0.0,0.0,0.0,-45.30443810654572,2.3033240917705378
2026-04-09 01:50:00+00:00,0.0,0.0,0.0,0.0,-45.30443810654572,2.3033240917705378
2026-04-09 01:55:00+00:00,0.0,0.0,0.0,0.0,-45.30443810654572,2.3033240917705378
2026-04-09 02:00:00+00:00,0.0,0.0,0.0,0.0,-45.30443810654572,2.3033240917705378
2026-04-09 02:05:00+00:00,0.0,0.0,0.0,0.0,-45.30443810654572,2.3033240917705378
2026-04-09 02:10:00+00:00,0.0,0.0,0.0,0.0,-45.30443810654572,2.3033240917705378
2026-04-09 02:15:00+00:00,0.0,0.0,0.0,0.0,-45.30443810654572,2.3033240917705378
2026-04-09 02:20:00+00:00,0.0,0.0,0.0,0.0,-45.30443810654572,2.3033240917705378
2026-04-09 02:25:00+00:00,0.0,0.0,0.0,0.0,-45.30443810654572,2.3033240917705378
2026-04-09 02:30:00+00:00,0.0,0.0,0.0,0.0,-45.30443810654572,2.3033240917705378
2026-04-09 02:35:00+00:00,0.0,0.0,0.0,0.0,-45.30443810654572,2.3033240917705378
2026-04-09 02:40:00+00:00,0.0,0.0,0.0,0.0,-45.30443810654572,2.3033240917705378
2026-04-09 02:45:00+00:00,0.0,0.0,0.0,0.0,-45.30443810654572,2.3033240917705378
2026-04-09 02:50:00+00:00,0.0,0.0,0.0,0.0,-45.30443810654572,2.3033240917705378
2026-04-09 02:55:00+00:00,0.0,0.0,0.0,0.0,-45.30443810654572,2.3033240917705378
2026-04-09 03:00:00+00:00,0.0,0.0,0.0,0.0,-45.30443810654572,2.3033240917705378
2026-04-09 03:05:00+00:00,0.0,0.0,0.0,0.0,-45.30443810654572,2.3033240917705378
2026-04-09 03:10:00+00:00,0.0,0.0,0.0,0.0,-45.30443810654572,2.3033240917705378
2026-04-09 03:15:00+00:00,0.0,0.0,0.0,0.0,-45.30443810654572,2.3033240917705378
2026-04-09 03:20:00+00:00,0.0,0.0,0.0,0.0,-45.30443810654572,2.3033240917705378
2026-04-09 03:25:00+00:00,0.0,0.0,0.0,0.0,-45.30443810654572,2.3033240917705378
2026-04-09 03:30:00+00:00,0.0,0.0,0.0,0.0,-45.30443810654572,2.3033240917705378
2026-04-09 03:35:00+00:00,0.0,0.0,0.0,0.0,-45.30443810654572,2.3033240917705378
2026-04-09 03:40:00+00:00,0.0,0.0,0.0,0.0,-45.30443810654572,2.3033240917705378
2026-04-09 03:45:00+00:00,0.0,0.0,0.0,0.0,-45.30443810654572,2.3033240917705378
2026-04-09 03:50:00+00:00,0.0,0.0,0.0,0.0,-45.30443810654572,2.3033240917705378
2026-04-09 03:55:00+00:00,0.0,0.0,0.0,0.0,-45.30443810654572,2.3033240917705378
2026-04-09 04:00:00+00:00,0.0,0.0,0.0,0.0,-45.30443810654572,2.3033240917705378
2026-04-09 04:05:00+00:00,0.0,0.0,0.0,0.0,-45.30443810654572,2.3033240917705378
2026-04-09 04:10:00+00:00,0.0,0.0,0.0,0.0,-45.30443810654572,2.3033240917705378
2026-04-09 04:15:00+00:00,0.0,0.0,0.0,0.0,-45.30443810654572,2.3033240917705378
2026-04-09 04:20:00+00:00,0.0,0.0,0.0,0.0,-45.30443810654572,2.3033240917705378
2026-04-09 04:25:00+00:00,0.0,0.0,0.0,0.0,-45.30443810654572,2.3033240917705378
2026-04-09 04:30:00+00:00,0.0,0.0,0.0,0.0,-45.30443810654572,2.3033240917705378
2026-04-09 04:35:00+00:00,0.0,0.0,0.0,0.0,-45.30443810654572,2.3033240917705378
2026-04-09 04:40:00+00:00,0.0,0.0,0.0,0.0,-45.30443810654572,2.3033240917705378
2026-04-09 04:45:00+00:00,0.0,0.0,0.0,0.0,-45.30443810654572,2.3033240917705378
2026-04-09 04:50:00+00:00,0.0,0.0,0.0,0.0,-45.30443810654572,2.3033240917705378
2026-04-09 04:55:00+00:00,0.0,0.0,0.0,0.0,-45.30443810654572,2.3033240917705378
2026-04-09 05:00:00+00:00,0.0,0.0,0.0,0.0,-45.30443810654572,2.3033240917705378
2026-04-09 05:05:00+00:00,0.0,0.0,0.0,0.0,-45.30443810654572,2.3033240917705378
2026-04-09 05:10:00+00:00,0.0,0.0,0.0,0.0,-45.30443810654572,2.3033240917705378
2026-04-09 05:15:00+00:00,0.0,0.0,0.0,0.0,-45.30443810654572,2.3033240917705378
2026-04-09 05:20:00+00:00,0.0,0.0,0.0,0.0,-45.30443810654572,2.3033240917705378
2026-04-09 05:25:00+00:00,0.0,0.0,0.0,0.0,-45.30443810654572,2.3033240917705378
2026-04-09 05:30:00+00:00,0.0,0.0,0.0,0.0,-45.30443810654572,2.3033240917705378
2026-04-09 05:35:00+00:00,0.0,0.0,0.0,0.0,-45.30443810654572,2.3033240917705378
2026-04-09 05:40:00+00:00,0.0,0.0,0.0,0.0,-45.30443810654572,2.3033240917705378
2026-04-09 05:45:00+00:00,0.0,0.0,0.0,0.0,-45.30443810654572,2.3033240917705378
2026-04-09 05:50:00+00:00,0.0,0.0,0.0,0.0,-45.30443810654572,2.3033240917705378
2026-04-09 05:55:00+00:00,0.0,0.0,0.0,0.0,-45.30443810654572,2.3033240917705378
2026-04-09 06:00:00+00:00,0.0,0.0,0.0,0.0,-45.30443810654572,2.3033240917705378
2026-04-09 06:05:00+00:00,0.0,0.0,0.0,0.0,-45.30443810654572,2.3033240917705378
2026-04-09 06:10:00+00:00,0.0,0.0,0.0,0.0,-45.30443810654572,2.3033240917705378
2026-04-09 06:15:00+00:00,0.0,0.0,0.0,0.0,-45.30443810654572,2.3033240917705378
2026-04-09 06:20:00+00:00,0.0,0.0,0.0,0.0,-45.30443810654572,2.3033240917705378
2026-04-09 06:25:00+00:00,0.0,0.0,0.0,0.0,-45.30443810654572,2.3033240917705378
2026-04-09 06:30:00+00:00,0.0,0.0,0.0,0.0,-45.30443810654572,2.3033240917705378
2026-04-09 06:35:00+00:00,0.0,0.0,0.0,0.0,-45.30443810654572,2.3033240917705378
2026-04-09 06:40:00+00:00,0.0,0.0,0.0,0.0,-45.30443810654572,2.3033240917705378
2026-04-09 06:45:00+00:00,0.0,0.0,0.0,0.0,-45.30443810654572,2.3033240917705378
2026-04-09 06:50:00+00:00,0.0,0.0,0.0,0.0,-45.30443810654572,2.3033240917705378
2026-04-09 06:55:00+00:00,0.0,0.0,0.0,0.0,-45.30443810654572,2.3033240917705378
2026-04-09 07:00:00+00:00,0.0,0.0,0.0,0.0,-45.30443810654572,2.3033240917705378
2026-04-09 07:05:00+00:00,0.0,0.0,0.0,0.0,-45.30443810654572,2.3033240917705378
2026-04-09 07:10:00+00:00,0.0,0.0,0.0,0.0,-45.30443810654572,2.3033240917705378
2026-04-09 07:15:00+00:00,0.0,0.0,0.0,0.0,-45.30443810654572,2.3033240917705378
2026-04-09 07:20:00+00:00,0.0,0.0,0.0,0.0,-45.30443810654572,2.3033240917705378
2026-04-09 07:25:00+00:00,0.0,0.0,0.0,0.0,-45.30443810654572,2.3033240917705378
2026-04-09 07:30:00+00:00,0.0,0.0,0.0,0.0,-45.30443810654572,2.3033240917705378
2026-04-09 07:35:00+00:00,0.0,0.0,0.0,0.0,-45.30443810654572,2.3033240917705378
2026-04-09 07:40:00+00:00,0.0,0.0,0.0,0.0,-45.30443810654572,2.3033240917705378
2026-04-09 07:45:00+00:00,0.0,0.0,0.0,0.0,-45.30443810654572,2.3033240917705378
2026-04-09 07:50:00+00:00,0.0,0.0,0.0,0.0,-45.30443810654572,2.3033240917705378
2026-04-09 07:55:00+00:00,0.0,0.0,0.0,0.0,-45.30443810654572,2.3033240917705378
2026-04-09 08:00:00+00:00,0.0,0.0,0.0,0.0,-45.30443810654572,2.3033240917705378
2026-04-09 08:05:00+00:00,0.0,0.0,0.0,0.0,-45.30443810654572,2.3033240917705378
2026-04-09 08:10:00+00:00,0.0,0.0,0.0,0.0,-45.30443810654572,2.3033240917705378
2026-04-09 08:15:00+00:00,0.0,0.0,0.0,0.0,-45.30443810654572,2.3033240917705378
2026-04-09 08:20:00+00:00,0.0,0.0,0.0,0.0,-45.30443810654572,2.3033240917705378
2026-04-09 08:25:00+00:00,0.0,0.0,0.0,0.0,-45.30443810654572,2.3033240917705378
2026-04-09 08:30:00+00:00,0.0,0.0,0.0,0.0,-45.30443810654572,2.3033240917705378
2026-04-09 08:35:00+00:00,0.0,0.0,0.0,0.0,-45.30443810654572,2.3033240917705378
2026-04-09 08:40:00+00:00,0.0,0.0,0.0,0.0,-45.30443810654572,2.3033240917705378
2026-04-09 08:45:00+00:00,0.0,0.0,0.0,0.0,-45.30443810654572,2.3033240917705378
2026-04-09 08:50:00+00:00,0.0,0.0,0.0,0.0,-45.30443810654572,2.3033240917705378
2026-04-09 08:55:00+00:00,0.0,0.0,0.0,0.0,-45.30443810654572,2.3033240917705378
2026-04-09 09:00:00+00:00,0.0,0.0,0.0,0.0,-45.30443810654572,2.3033240917705378
2026-04-09 09:05:00+00:00,0.0,0.0,0.0,0.0,-45.30443810654572,2.3033240917705378
2026-04-09 09:10:00+00:00,0.0,0.0,0.0,0.0,-45.30443810654572,2.3033240917705378
2026-04-09 09:15:00+00:00,0.0,0.0,0.0,0.0,-45.30443810654572,2.3033240917705378
2026-04-09 09:20:00+00:00,0.0,0.0,0.0,0.0,-45.30443810654572,2.3033240917705378
2026-04-09 09:25:00+00:00,0.0,0.0,0.0,0.0,-45.30443810654572,2.3033240917705378
2026-04-09 09:30:00+00:00,0.0,0.0,0.0,0.0,-45.30443810654572,2.3033240917705378
2026-04-09 09:35:00+00:00,172.0,0.0,172.0,0.0,-26.907973845404086,2.3033240917705378
2026-04-09 09:40:00+00:00,4853.0,0.0,4681.0,0.0,574.2542717950244,2.3033240917705378
2026-04-09 09:45:00+00:00,5778.0,0.0,925.0,0.0,715.9894045229976,2.3033240917705378
2026-04-09 09:50:00+00:00,3540.0,0.0,-2238.0,0.0,386.06699745904285,2.3033240917705378
2026-04-09 09:55:00+00:00,2481.0,0.0,-1059.0,0.0,245.39751892548372,2.3033240917705378
2026-04-09 10:00:00+00:00,2511.0,0.0,30.0,0.0,249.2459200256895,2.3033240917705378
2026-04-09 10:05:00+00:00,748.0,0.0,-1763.0,0.0,36.60487686012446,2.3033240917705378
2026-04-09 10:10:00+00:00,3757.0,0.0,3009.0,0.0,416.11660140608984,2.3033240917705378
2026-04-09 10:15:00+00:00,3589.0,0.0,-168.0,0.0,392.81597324188056,2.3033240917705378
2026-04-09 10:20:00+00:00,7296.0,0.0,3707.0,0.0,964.9946684544689,2.3033240917705378
2026-04-09 10:25:00+00:00,4681.0,0.0,-2615.0,0.0,548.733943102088,2.3033240917705378
2026-04-09 10:30:00+00:00,7172.0,0.0,2491.0,0.0,943.8895965054663,2.3033240917705378
2026-04-09 10:35:00+00:00,3585.0,0.0,-3587.0,0.0,392.2642401169662,2.3033240917705378
2026-04-09 10:40:00+00:00,8597.0,0.0,5012.0,0.0,1194.6295509704491,2.3033240917705378
2026-04-09 10:45:00+00:00,3809.0,0.0,-4788.0,0.0,423.3793115611439,2.3033240917705378
2026-04-09 10:50:00+00:00,4305.0,0.0,496.0,0.0,493.85688116845046,2.3033240917705378
2026-04-09 10:55:00+00:00,1124.0,0.0,-3181.0,0.0,79.64824661068646,2.3033240917705378
2026-04-09 11:00:00+00:00,1844.0,0.0,720.0,0.0,165.56281516724374,2.3033240917705378
2026-04-09 11:05:00+00:00,1743.0,0.0,-101.0,0.0,153.23432416192657,2.3033240917705378
2026-04-09 11:10:00+00:00,2490.0,0.0,747.0,0.0,246.5512031129144,2.3033240917705378
2026-04-09 11:15:00+00:00,3966.0,0.0,1476.0,0.0,445.45227539252534,2.3033240917705378
2026-04-09 11:20:00+00:00,3907.0,0.0,-59.0,0.0,437.13176016910757,2.3033240917705378
2026-04-09 11:25:00+00:00,8538.0,0.0,4631.0,0.0,1183.89148638266,2.3033240917705378
2026-04-09 11:30:00+00:00,2270.0,0.0,-6268.0,0.0,218.5553977954671,2.3033240917705378
2026-04-09 11:35:00+00:00,7047.0,0.0,4777.0,0.0,922.7520204553416,2.3033240917705378
2026-04-09 11:40:00+00:00,5490.0,0.0,-1557.0,0.0,671.0483636336623,2.3033240917705378
2026-04-09 11:45:00+00:00,5078.0,0.0,-412.0,0.0,608.0335996354316,2.3033240917705378
2026-04-09 11:50:00+00:00,1340.0,0.0,-3738.0,0.0,104.94099902218169,2.3033240917705378
2026-04-09 11:55:00+00:00,2524.0,0.0,1184.0,0.0,250.9160335380577,2.3033240917705378
2026-04-09 12:00:00+00:00,2659.0,0.0,135.0,0.0,268.34791223364533,2.3033240917705378
2026-04-09 12:05:00+00:00,2782.0,0.0,123.0,0.0,284.37068293011737,2.3033240917705378
2026-04-09 12:10:00+00:00,6906.0,0.0,4124.0,0.0,899.0747625306911,2.3033240917705378
2026-04-09 12:15:00+00:00,4886.0,0.0,-2020.0,0.0,579.1805425253201,2.3033240917705378
2026-04-09 12:20:00+00:00,6782.0,0.0,1896.0,0.0,878.3975832550909,2.3033240917705378
2026-04-09 12:25:00+00:00,2495.0,0.0,-4287.0,0.0,247.19244845505406,2.3033240917705378
2026-04-09 12:30:00+00:00,5569.0,0.0,3074.0,0.0,683.3028955787714,2.3033240917705378
2026-04-09 12:35:00+00:00,2833.0,0.0,-2736.0,0.0,291.05352966721665,2.3033240917705378
2026-04-09 12:40:00+00:00,5875.0,0.0,3042.0,0.0,731.2910123572171,2.3033240917705378
2026-04-09 12:45:00+00:00,2635.0,0.0,-3240.0,0.0,265.2371259471861,2.3033240917705378
2026-04-09 12:50:00+00:00,2382.0,0.0,-253.0,0.0,232.7542946468727,2.3033240917705378
2026-04-09 12:55:00+00:00,991.0,0.0,-1391.0,0.0,64.27981894199148,2.3033240917705378
2026-04-09 13:00:00+00:00,174.0,0.0,-817.0,0.0,-26.69252190606502,2.3033240917705378
2026-04-09 13:05:00+00:00,3469.0,0.0,3295.0,0.0,376.3255620628331,2.3033240917705378
2026-04-09 13:10:00+00:00,4113.0,0.0,644.0,0.0,466.31701924063105,2.3033240917705378
2026-04-09 13:15:00+00:00,6387.0,0.0,2274.0,0.0,813.4377114881179,2.3033240917705378
2026-04-09 13:20:00+00:00,6799.0,0.0,412.0,0.0,881.2243105133782,2.3033240917705378
2026-04-09 13:25:00+00:00,6472.0,0.0,-327.0,0.0,827.2998447463997,2.3033240917705378
2026-04-09 13:30:00+00:00,6001.0,0.0,-471.0,0.0,751.2916342260777,2.3033240917705378
2026-04-09 13:35:00+00:00,4989.0,0.0,-1012.0,0.0,594.6184503245598,2.3033240917705378
2026-04-09 13:40:00+00:00,4672.0,0.0,-317.0,0.0,547.4057838189829,2.3033240917705378
2026-04-09 13:45:00+00:00,9313.0,0.0,4641.0,0.0,1327.3972318501374,2.3033240917705378
2026-04-09 13:50:00+00:00,8769.0,0.0,-544.0,0.0,1226.1095150222632,2.3033240917705378
2026-04-09 13:55:00+00:00,7995.0,0.0,-774.0,0.0,1086.5110470887926,2.3033240917705378
2026-04-09 14:00:00+00:00,3970.0,0.0,-4025.0,0.0,446.01749297637804,2.3033240917705378
2026-04-09 14:05:00+00:00,3646.0,0.0,-324.0,0.0,400.6935526418986,2.3033240917705378
2026-04-09 14:10:00+00:00,5142.0,0.0,1496.0,0.0,617.7237687296316,2.3033240917705378
2026-04-09 14:15:00+00:00,7928.0,0.0,2786.0,0.0,1074.676223088364,2.3033240917705378
2026-04-09 14:20:00+00:00,5506.0,0.0,-2422.0,0.0,673.5258347268252,2.3033240917705378
2026-04-09 14:25:00+00:00,8790.0,0.0,3284.0,0.0,1229.9709296195322,2.3033240917705378
2026-04-09 14:30:00+00:00,2788.0,0.0,-6002.0,0.0,285.15570570383267,2.3033240917705378
2026-04-09 14:35:00+00:00,2315.0,0.0,-473.0,0.0,224.2469732431976,2.3033240917705378
2026-04-09 14:40:00+00:00,6226.0,0.0,3911.0,0.0,787.3564185912941,2.3033240917705378
2026-04-09 14:45:00+00:00,5421.0,0.0,-805.0,0.0,660.3902165101697,2.3033240917705378
2026-04-09 14:50:00+00:00,7446.0,0.0,2025.0,0.0,990.7068252670215,2.3033240917705378
2026-04-09 14:55:00+00:00,2733.0,0.0,-4713.0,0.0,277.9715863859964,2.3033240917705378
2026-04-09 15:00:00+00:00,1757.0,0.0,-976.0,0.0,154.93783543050455,2.3033240917705378
2026-04-09 15:05:00+00:00,2195.0,0.0,438.0,0.0,209.10925503167954,2.3033240917705378
2026-04-09 15:10:00+00:00,1495.0,0.0,-700.0,0.0,123.34529493650065,2.3033240917705378
2026-04-09 15:15:00+00:00,2410.0,0.0,915.0,0.0,236.3213610772565,2.3033240917705378
2026-04-09 15:20:00+00:00,6060.0,0.0,3650.0,0.0,760.7052931266694,2.3033240917705378
2026-04-09 15:25:00+00:00,5631.0,0.0,-429.0,0.0,692.95905126053,2.3033240917705378
2026-04-09 15:30:00+00:00,5868.0,0.0,237.0,0.0,730.1839854744999,2.3033240917705378
2026-04-09 15:35:00+00:00,4450.0,0.0,-1418.0,0.0,514.8713948696081,2.3033240917705378
2026-04-09 15:40:00+00:00,4978.0,0.0,528.0,0.0,592.9652646011351,2.3033240917705378
2026-04-09 15:45:00+00:00,4294.0,0.0,-684.0,0.0,492.27026832498194,2.3033240917705378
2026-04-09 15:50:00+00:00,4807.0,0.0,513.0,0.0,567.4034259023526,2.3033240917705378
2026-04-09 15:55:00+00:00,6756.0,0.0,1949.0,0.0,874.0792994018764,2.3033240917705378
2026-04-09 16:00:00+00:00,3369.0,0.0,-3387.0,0.0,362.68088151882597,2.3033240917705378
2026-04-09 16:05:00+00:00,2188.0,0.0,-1181.0,0.0,208.23015443653134,2.3033240917705378
2026-04-09 16:10:00+00:00,4087.0,0.0,1899.0,0.0,462.61273836876626,2.3033240917705378
2026-04-09 16:15:00+00:00,5927.0,0.0,1840.0,0.0,739.5282135684706,2.3033240917705378
2026-04-09 16:20:00+00:00,5050.0,0.0,-877.0,0.0,603.8055469710978,2.3033240917705378
2026-04-09 16:25:00+00:00,8993.0,0.0,3943.0,0.0,1267.499107116509,2.3033240917705378
2026-04-09 16:30:00+00:00,1557.0,0.0,-7436.0,0.0,130.7665342702592,2.3033240917705378
2026-04-09 16:35:00+00:00,4032.0,0.0,2475.0,0.0,454.79646867766246,2.3033240917705378
2026-04-09 16:40:00+00:00,5054.0,0.0,1022.0,0.0,604.4091297872059,2.3033240917705378
2026-04-09 16:45:00+00:00,5360.0,0.0,306.0,0.0,651.0028791876235,2.3033240917705378
2026-04-09 16:50:00+00:00,4234.0,0.0,-1126.0,0.0,483.63486284097877,2.3033240917705378
2026-04-09 16:55:00+00:00,2389.0,0.0,-1845.0,0.0,233.64541092131117,2.3033240917705378
2026-04-09 17:00:00+00:00,3813.0,0.0,1424.0,0.0,423.93897255693,2.3033240917705378
2026-04-09 17:05:00+00:00,2131.0,0.0,-1682.0,0.0,201.0879027560285,2.3033240917705378
2026-04-09 17:10:00+00:00,4456.0,0.0,2325.0,0.0,515.7449691295807,2.3033240917705378
2026-04-09 17:15:00+00:00,4974.0,0.0,518.0,0.0,592.3643715983585,2.3033240917705378
2026-04-09 17:20:00+00:00,5016.0,0.0,42.0,0.0,598.6808088875081,2.3033240917705378
2026-04-09 17:25:00+00:00,3237.0,0.0,-1779.0,0.0,344.8053848511736,2.3033240917705378
2026-04-09 17:30:00+00:00,3023.0,0.0,-214.0,0.0,316.1529862347078,2.3033240917705378
2026-04-09 17:35:00+00:00,5755.0,0.0,2732.0,0.0,712.3733985692435,2.3033240917705378
2026-04-09 17:40:00+00:00,2040.0,0.0,-3715.0,0.0,189.74494350395835,2.3033240917705378
2026-04-09 17:45:00+00:00,2309.0,0.0,269.0,0.0,223.48706129262365,2.3033240917705378
2026-04-09 17:50:00+00:00,4210.0,0.0,1901.0,0.0,480.18961950210837,2.3033240917705378
2026-04-09 17:55:00+00:00,3935.0,0.0,-275.0,0.0,441.07663919573366,2.3033240917705378
2026-04-09 18:00:00+00:00,4492.0,0.0,557.0,0.0,520.9931038304649,2.3033240917705378
2026-04-09 18:05:00+00:00,6754.0,0.0,2262.0,0.0,873.7473714668247,2.3033240917705378
2026-04-09 18:10:00+00:00,3155.0,0.0,-3599.0,0.0,333.7785426162091,2.3033240917705378
2026-04-09 18:15:00+00:00,5000.0,0.0,1845.0,0.0,596.2727066644749,2.3033240917705378
2026-04-09 18:20:00+00:00,3186.0,1514.0,-1814.0,1514.0,270.0550950653204,-237.11170895450522
2026-04-09 18:25:00+00:00,1892.0,6006.0,-1294.0,4492.0,11.531061166544838,-705.408248684028
2026-04-09 18:30:00+00:00,3929.0,6955.0,2037.0,949.0,55.654688637393384,-684.715917601202
2026-04-09 18:35:00+00:00,3797.0,6010.0,-132.0,-945.0,100.5436370368955,-653.4038634576253
2026-04-09 18:40:00+00:00,2627.0,5417.0,-1170.0,-593.0,63.9285327512993,-650.6585489639136
2026-04-09 18:45:00+00:00,3121.0,5181.0,494.0,-236.0,101.65629280937785,-623.112068579575
2026-04-09 18:50:00+00:00,4242.0,4803.0,1121.0,-378.0,198.04571400906514,-571.594788028555
2026-04-09 18:55:00+00:00,3846.0,5214.0,-396.0,411.0,146.3444536737608,-608.0814946301963
2026-04-09 19:00:00+00:00,1429.0,4413.0,-2417.0,-801.0,26.73246665706584,-599.3262865296222
2026-04-09 19:05:00+00:00,1990.0,4478.0,561.0,65.0,58.13141240953903,-593.7339782601549
2026-04-09 19:10:00+00:00,3074.0,4691.0,1084.0,213.0,120.0023907416678,-588.6107672158486
2026-04-09 19:15:00+00:00,3915.0,3361.0,841.0,-1330.0,253.07421478047618,-454.15745595840866
2026-04-09 19:20:00+00:00,3981.0,4441.0,66.0,1080.0,198.7578881357453,-550.1635368595391
2026-04-09 19:25:00+00:00,1590.0,3452.0,-2391.0,-989.0,57.48531340568338,-499.89789141423176
2026-04-09 19:30:00+00:00,1355.0,2976.0,-235.0,-476.0,49.96153967685108,-448.40953636627654
2026-04-09 19:35:00+00:00,1406.0,3357.0,51.0,381.0,46.325433072557615,-492.1751911150663
2026-04-09 19:40:00+00:00,3275.0,2925.0,1869.0,-432.0,215.1199334752345,-416.60082697872565
2026-04-09 19:45:00+00:00,4702.0,3096.0,1427.0,171.0,346.961870078631,-415.4911720990835
2026-04-09 19:50:00+00:00,4314.0,2204.0,-388.0,-892.0,361.3439003525689,-319.2410986821901
2026-04-09 19:55:00+00:00,1890.0,2587.0,-2424.0,383.0,102.3961451704943,-393.5328942624996
2026-04-09 20:00:00+00:00,2834.0,2469.0,944.0,-118.0,192.71024915825123,-367.8419887274199
2026-04-09 20:05:00+00:00,5317.0,3569.0,2483.0,1100.0,377.34079829114563,-451.9444647677641
2026-04-09 20:10:00+00:00,3505.0,3109.0,-1812.0,-460.0,227.89941332919125,-433.80643703930906
2026-04-09 20:15:00+00:00,3647.0,3447.0,142.0,338.0,223.91072067130835,-467.0022998994483
2026-04-09 20:20:00+00:00,1382.0,2698.0,-2265.0,-749.0,57.43190105416009,-413.6890113595103
2026-04-09 20:25:00+00:00,1728.0,2176.0,346.0,-522.0,98.49278235038933,-341.45278148376485
2026-04-09 20:30:00+00:00,2987.0,4611.0,1259.0,2435.0,117.53723683054412,-584.157521098208
2026-04-09 20:35:00+00:00,2842.0,3863.0,-145.0,-748.0,137.7269365835545,-521.2971616784373
2026-04-09 20:40:00+00:00,3222.0,3374.0,380.0,-489.0,189.7900906435364,-466.138206406366
2026-04-09 20:45:00+00:00,2973.0,4281.0,-249.0,907.0,130.39726438908366,-556.9899071676646
2026-04-09 20:50:00+00:00,2553.0,3497.0,-420.0,-784.0,129.00081835138909,-489.46353000365895
2026-04-09 20:55:00+00:00,2917.0,3517.0,364.0,20.0,157.72913924836723,-485.71256498667674
2026-04-09 21:00:00+00:00,3649.0,4928.0,732.0,1411.0,148.03490720677868,-593.5257874790852
2026-04-09 21:05:00+00:00,2700.0,3888.0,-949.0,-1040.0,125.93566972856377,-526.2045209826523
2026-04-09 21:10:00+00:00,2420.0,3526.0,-280.0,-362.0,117.5086856996955,-494.6292194967204
2026-04-09 21:15:00+00:00,3156.0,4011.0,736.0,485.0,155.75983382064038,-529.5062162193532
2026-04-09 21:20:00+00:00,2620.0,3663.0,-536.0,-348.0,128.2309571579605,-505.4335203562591
2026-04-09 21:25:00+00:00,2253.0,3604.0,-367.0,-59.0,102.13548918244557,-505.47625517455833
2026-04-09 21:30:00+00:00,3238.0,3110.0,985.0,-494.0,203.2172416201439,-437.70271694035165
2026-04-09 21:35:00+00:00,4321.0,4527.0,1083.0,1417.0,220.8719149062182,-549.8361890017728
2026-04-09 21:40:00+00:00,3278.0,5113.0,-1043.0,586.0,114.46292085098588,-614.8177555442263
2026-04-09 21:45:00+00:00,2299.0,2897.0,-979.0,-2216.0,128.48867999643707,-426.3235385561058
2026-04-09 21:50:00+00:00,2264.0,3097.0,-35.0,200.0,119.11979665823456,-450.038189194006
2026-04-09 21:55:00+00:00,1813.0,3540.0,-451.0,443.0,71.445023304981,-505.8948755098891
2026-04-09 22:00:00+00:00,2159.0,3046.0,346.0,-494.0,112.04083011471184,-445.64606824289746
2026-04-09 22:05:00+00:00,3082.0,4172.0,923.0,1126.0,143.0531043014295,-545.3524395149417
2026-04-09 22:10:00+00:00,3154.0,3583.0,72.0,-589.0,174.6025373870572,-488.564584060702
2026-04-09 22:15:00+00:00,3651.0,5725.0,497.0,2142.0,107.22135976959383,-642.9048617738345
2026-04-09 22:20:00+00:00,1763.0,2866.0,-1888.0,-2859.0,84.55829938214424,-429.65850818408313
2026-04-09 22:25:00+00:00,2106.0,2569.0,343.0,-297.0,121.82218708411943,-388.7229766238628
2026-04-09 22:30:00+00:00,1691.0,3350.0,-415.0,781.0,67.1977413365056,-487.02991120468516
2026-04-09 22:35:00+00:00,1932.0,3059.0,241.0,-291.0,93.2036556142643,-450.3165326675193
2026-04-09 22:40:00+00:00,2178.0,2737.0,246.0,-322.0,123.08011628739247,-408.6657172407109
2026-04-09 22:45:00+00:00,2536.0,3669.0,358.0,932.0,121.51065844001506,-507.4446998651978
2026-04-09 22:50:00+00:00,2466.0,3367.0,-70.0,-302.0,126.62347227775628,-477.0206404949886
2026-04-09 22:55:00+00:00,2750.0,3279.0,284.0,-88.0,153.28473265631573,-463.2128256808582
2026-04-09 23:00:00+00:00,988.0,1153.0,-1762.0,-2126.0,47.902908528994104,-195.8674933700236
2026-04-09 23:05:00+00:00,2709.0,3564.0,1721.0,2411.0,138.96689527404166,-493.8930497672989
2026-04-09 23:10:00+00:00,2469.0,3861.0,-240.0,297.0,109.70011117849519,-527.6752148012243
2026-04-09 23:15:00+00:00,1465.0,3131.0,-1004.0,-730.0,55.212495435013835,-465.3213674874129
2026-04-09 23:20:00+00:00,2731.0,3156.0,1266.0,25.0,156.4105850742967,-450.0169446304336
2026-04-09 23:25:00+00:00,2420.0,3331.0,-311.0,175.0,124.14998468365874,-473.8281025360881
2026-04-09 23:30:00+00:00,1810.0,2837.0,-610.0,-494.0,89.13539585469957,-425.5256060199483
2026-04-09 23:35:00+00:00,5056.0,3781.0,3246.0,944.0,335.6710095167937,-475.18408449756004
2026-04-09 23:40:00+00:00,3805.0,4753.0,-1251.0,972.0,168.29767317006392,-577.5399632730259
2026-04-09 23:45:00+00:00,3272.0,4530.0,-533.0,-223.0,140.92996129444037,-571.7399161283873
2026-04-09 23:50:00+00:00,58.0,637.0,-3214.0,-3893.0,-39.65019160100418,-113.26373237844166
2026-04-09 23:55:00+00:00,1565.0,3814.0,1507.0,3177.0,47.72295480812773,-538.7960424233787
2026-04-10 00:00:00+00:00,1657.0,3198.0,92.0,-616.0,68.23109671878792,-470.32314195418877
2026-04-10 00:05:00+00:00,2073.0,2644.0,416.0,-554.0,116.71266786073136,-398.49708128598405
2026-04-10 00:10:00+00:00,2151.0,3119.0,78.0,475.0,109.17180318485049,-454.15348405694266
2026-04-10 00:15:00+00:00,2950.0,3723.0,799.0,604.0,151.9042520539257,-505.84805564119046
2026-04-10 00:20:00+00:00,3081.0,3246.0,131.0,-477.0,183.13022508945807,-454.7282922631959
2026-04-10 00:25:00+00:00,948.0,1648.0,-2133.0,-1598.0,37.357427467941136,-272.8552830630434
2026-04-10 00:30:00+00:00,2529.0,3658.0,1581.0,2010.0,121.36339952349539,-506.4471108996538
2026-04-10 00:35:00+00:00,2882.0,3375.0,353.0,-283.0,160.60627018012153,-471.47701451683736
2026-04-10 00:40:00+00:00,3980.0,4949.0,1098.0,1574.0,170.22454703390713,-587.5230610679079
2026-04-10 00:45:00+00:00,0.0,2819.0,-3980.0,-2130.0,-45.30443810654572,-446.6092221742269
2026-04-10 00:50:00+00:00,4346.0,2528.0,4346.0,-291.0,345.1585647027862,-357.71618474203603
2026-04-10 00:55:00+00:00,1792.0,2848.0,-2554.0,320.0,87.37830602377565,-427.09607125530965
2026-04-10 01:00:00+00:00,1039.0,1987.0,-753.0,-861.0,40.75356414562559,-321.7033026669966
2026-04-10 01:05:00+00:00,1769.0,1806.0,730.0,-181.0,111.43705637389453,-289.53687726125276
2026-04-10 01:10:00+00:00,3247.0,3290.0,1478.0,1484.0,195.81187403147044,-456.9430858660543
2026-04-10 01:15:00+00:00,2261.0,3375.0,-986.0,85.0,110.02588168663166,-481.038009868111
2026-04-10 01:20:00+00:00,2706.0,3846.0,445.0,471.0,127.98751680934723,-522.051519373911
2026-04-10 01:25:00+00:00,1161.0,1482.0,-1545.0,-2364.0,59.73655652725957,-246.2294396304461
2026-04-10 01:30:00+00:00,0.0,0.0,-1161.0,-1482.0,-45.30443810654572,2.3033240917705378
