timestep,rows_captured,unique_videos_captured,total_view_count,new_view_count,seconds_since_start
2026-03-07 00:12:00+00:00,1,1,0,0.0,0.0
2026-03-07 00:12:30+00:00,1,1,2,2.0,30.0
2026-03-07 00:13:00+00:00,2,2,23,21.0,60.0
2026-03-07 00:13:30+00:00,3,3,42,19.0,90.0
2026-03-07 00:14:00+00:00,3,3,48,6.0,120.0
2026-03-07 00:14:30+00:00,3,3,109,61.0,150.0
2026-03-07 00:15:00+00:00,3,3,131,22.0,180.0
2026-03-07 00:15:30+00:00,3,3,148,17.0,210.0
2026-03-07 00:16:00+00:00,3,3,245,97.0,240.0
2026-03-07 00:16:30+00:00,3,3,283,38.0,270.0
2026-03-07 00:17:00+00:00,3,3,408,125.0,300.0
2026-03-07 00:17:30+00:00,3,3,465,57.0,330.0
2026-03-07 00:18:00+00:00,3,3,486,21.0,360.0
2026-03-07 00:18:30+00:00,0,0,0,0.0,390.0
2026-03-07 00:19:00+00:00,3,3,653,167.0,420.0
2026-03-07 00:19:30+00:00,3,3,737,84.0,450.0
2026-03-07 00:20:00+00:00,4,4,832,95.0,480.0
2026-03-07 00:20:30+00:00,4,4,1005,173.0,510.0
2026-03-07 00:21:00+00:00,4,4,1084,79.0,540.0
2026-03-07 00:21:30+00:00,4,4,1311,227.0,570.0
2026-03-07 00:22:00+00:00,4,4,1430,119.0,600.0
2026-03-07 00:22:30+00:00,4,4,1488,58.0,630.0
2026-03-07 00:23:00+00:00,4,4,1720,232.0,660.0
2026-03-07 00:23:30+00:00,4,4,1852,132.0,690.0
2026-03-07 00:24:00+00:00,4,4,1938,86.0,720.0
2026-03-07 00:24:30+00:00,4,4,2184,246.0,750.0
2026-03-07 00:25:00+00:00,4,4,2233,49.0,780.0
2026-03-07 00:25:30+00:00,4,4,2400,167.0,810.0
2026-03-07 00:26:00+00:00,4,4,2517,117.0,840.0
2026-03-07 00:26:30+00:00,4,4,2654,137.0,870.0
2026-03-07 00:27:00+00:00,4,4,2836,182.0,900.0
2026-03-07 00:27:30+00:00,4,4,2897,61.0,930.0
2026-03-07 00:28:00+00:00,4,4,3070,173.0,960.0
2026-03-07 00:28:30+00:00,4,4,3172,102.0,990.0
2026-03-07 00:29:00+00:00,4,4,3318,146.0,1020.0
2026-03-07 00:29:30+00:00,4,4,3463,145.0,1050.0
2026-03-07 00:30:00+00:00,4,4,3545,82.0,1080.0
2026-03-07 00:30:30+00:00,4,4,3656,111.0,1110.0
2026-03-07 00:31:00+00:00,4,4,3900,244.0,1140.0
2026-03-07 00:31:30+00:00,4,4,3939,39.0,1170.0
2026-03-07 00:32:00+00:00,4,4,4122,183.0,1200.0
2026-03-07 00:32:30+00:00,4,4,4255,133.0,1230.0
2026-03-07 00:33:00+00:00,4,4,4439,184.0,1260.0
2026-03-07 00:33:30+00:00,4,4,4552,113.0,1290.0
2026-03-07 00:34:00+00:00,4,4,4592,40.0,1320.0
2026-03-07 00:34:30+00:00,4,4,4697,105.0,1350.0
2026-03-07 00:35:00+00:00,4,4,4912,215.0,1380.0
2026-03-07 00:35:30+00:00,4,4,4978,66.0,1410.0
2026-03-07 00:36:00+00:00,4,4,5141,163.0,1440.0
2026-03-07 00:36:30+00:00,4,4,5244,103.0,1470.0
2026-03-07 00:37:00+00:00,4,4,5430,186.0,1500.0
2026-03-07 00:37:30+00:00,4,4,5546,116.0,1530.0
2026-03-07 00:38:00+00:00,4,4,5679,133.0,1560.0
2026-03-07 00:38:30+00:00,4,4,5790,111.0,1590.0
2026-03-07 00:39:00+00:00,4,4,5904,114.0,1620.0
2026-03-07 00:39:30+00:00,4,4,6048,144.0,1650.0
2026-03-07 00:40:00+00:00,4,4,6107,59.0,1680.0
2026-03-07 00:40:30+00:00,4,4,6278,171.0,1710.0
2026-03-07 00:41:00+00:00,4,4,6393,115.0,1740.0
2026-03-07 00:41:30+00:00,4,4,6548,155.0,1770.0
2026-03-07 00:42:00+00:00,4,4,6669,121.0,1800.0
2026-03-07 00:42:30+00:00,4,4,6744,75.0,1830.0
2026-03-07 00:43:00+00:00,4,4,6926,182.0,1860.0
2026-03-07 00:43:30+00:00,4,4,7037,111.0,1890.0
2026-03-07 00:44:00+00:00,4,4,7182,145.0,1920.0
2026-03-07 00:44:30+00:00,4,4,7263,81.0,1950.0
2026-03-07 00:45:00+00:00,4,4,7297,34.0,1980.0
2026-03-07 00:45:30+00:00,4,4,7419,122.0,2010.0
2026-03-07 00:46:00+00:00,4,4,7501,82.0,2040.0
2026-03-07 00:46:30+00:00,0,0,0,0.0,2070.0
2026-03-07 00:47:00+00:00,4,4,7590,89.0,2100.0
2026-03-07 00:47:30+00:00,4,4,7676,86.0,2130.0
2026-03-07 00:48:00+00:00,4,4,7759,83.0,2160.0
2026-03-07 00:48:30+00:00,4,4,7847,88.0,2190.0
2026-03-07 00:49:00+00:00,4,4,7898,51.0,2220.0
2026-03-07 00:49:30+00:00,4,4,8054,156.0,2250.0
2026-03-07 00:50:00+00:00,4,4,8102,48.0,2280.0
2026-03-07 00:50:30+00:00,4,4,8186,84.0,2310.0
2026-03-07 00:51:00+00:00,4,4,8339,153.0,2340.0
2026-03-07 00:51:30+00:00,4,4,8375,36.0,2370.0
2026-03-07 00:52:00+00:00,4,4,8511,136.0,2400.0
2026-03-07 00:52:30+00:00,5,5,8605,94.0,2430.0
2026-03-07 00:53:00+00:00,5,5,8641,36.0,2460.0
2026-03-07 00:53:30+00:00,6,6,8747,106.0,2490.0
2026-03-07 00:54:00+00:00,6,6,8836,89.0,2520.0
2026-03-07 00:54:30+00:00,6,6,8972,136.0,2550.0
2026-03-07 00:55:00+00:00,6,6,9087,115.0,2580.0
2026-03-07 00:55:30+00:00,6,6,9173,86.0,2610.0
2026-03-07 00:56:00+00:00,6,6,9357,184.0,2640.0
2026-03-07 00:56:30+00:00,6,6,9540,183.0,2670.0
2026-03-07 00:57:00+00:00,6,6,9695,155.0,2700.0
2026-03-07 00:57:30+00:00,6,6,9805,110.0,2730.0
2026-03-07 00:58:00+00:00,6,6,10022,217.0,2760.0
2026-03-07 00:58:30+00:00,6,6,10204,182.0,2790.0
2026-03-07 00:59:00+00:00,6,6,10282,78.0,2820.0
2026-03-07 00:59:30+00:00,6,6,10618,336.0,2850.0
2026-03-07 01:00:00+00:00,6,6,10689,71.0,2880.0
2026-03-07 01:00:30+00:00,7,7,11046,356.0,2910.0
2026-03-07 01:01:00+00:00,7,7,11089,43.0,2940.0
2026-03-07 01:01:30+00:00,7,7,11274,185.0,2970.0
2026-03-07 01:02:00+00:00,7,7,11525,251.0,3000.0
2026-03-07 01:02:30+00:00,7,7,11726,201.0,3030.0
2026-03-07 01:03:00+00:00,7,7,11885,159.0,3060.0
2026-03-07 01:03:30+00:00,7,7,12135,250.0,3090.0
2026-03-07 01:04:00+00:00,7,7,12496,361.0,3120.0
2026-03-07 01:04:30+00:00,7,7,12651,155.0,3150.0
2026-03-07 01:05:00+00:00,7,7,12868,217.0,3180.0
2026-03-07 01:05:30+00:00,7,7,13188,320.0,3210.0
2026-03-07 01:06:00+00:00,7,7,13422,234.0,3240.0
2026-03-07 01:06:30+00:00,7,7,13677,255.0,3270.0
2026-03-07 01:07:00+00:00,7,7,13908,231.0,3300.0
2026-03-07 01:07:30+00:00,7,7,14174,266.0,3330.0
2026-03-07 01:08:00+00:00,7,7,14458,284.0,3360.0
2026-03-07 01:08:30+00:00,7,7,14674,216.0,3390.0
2026-03-07 01:09:00+00:00,7,7,15022,348.0,3420.0
2026-03-07 01:09:30+00:00,7,7,15192,170.0,3450.0
2026-03-07 01:10:00+00:00,7,7,15332,140.0,3480.0
2026-03-07 01:10:30+00:00,7,7,15734,402.0,3510.0
2026-03-07 01:11:00+00:00,7,7,16056,322.0,3540.0
2026-03-07 01:11:30+00:00,7,7,16435,379.0,3570.0
2026-03-07 01:12:00+00:00,7,7,16781,346.0,3600.0
2026-03-07 01:12:30+00:00,7,7,16993,212.0,3630.0
2026-03-07 01:13:00+00:00,7,7,17469,476.0,3660.0
2026-03-07 01:13:30+00:00,7,7,17813,344.0,3690.0
2026-03-07 01:14:00+00:00,0,0,0,0.0,3720.0
2026-03-07 01:14:30+00:00,7,7,18115,302.0,3750.0
2026-03-07 01:15:00+00:00,7,7,18689,574.0,3780.0
2026-03-07 01:15:30+00:00,7,7,18858,169.0,3810.0
2026-03-07 01:16:00+00:00,7,7,19333,475.0,3840.0
2026-03-07 01:16:30+00:00,7,7,19684,351.0,3870.0
2026-03-07 01:17:00+00:00,7,7,19992,308.0,3900.0
2026-03-07 01:17:30+00:00,7,7,20430,438.0,3930.0
2026-03-07 01:18:00+00:00,7,7,20666,236.0,3960.0
2026-03-07 01:18:30+00:00,7,7,21023,357.0,3990.0
2026-03-07 01:19:00+00:00,7,7,21372,349.0,4020.0
2026-03-07 01:19:30+00:00,7,7,21491,119.0,4050.0
2026-03-07 01:20:00+00:00,8,8,21962,471.0,4080.0
2026-03-07 01:20:30+00:00,8,8,22164,202.0,4110.0
2026-03-07 01:21:00+00:00,8,8,22398,234.0,4140.0
2026-03-07 01:21:30+00:00,8,8,22889,491.0,4170.0
2026-03-07 01:22:00+00:00,8,8,23159,270.0,4200.0
2026-03-07 01:22:30+00:00,8,8,23617,458.0,4230.0
2026-03-07 01:23:00+00:00,8,8,23924,307.0,4260.0
2026-03-07 01:23:30+00:00,8,8,24126,202.0,4290.0
2026-03-07 01:24:00+00:00,8,8,24467,341.0,4320.0
2026-03-07 01:24:30+00:00,9,9,24806,339.0,4350.0
2026-03-07 01:25:00+00:00,9,9,25252,446.0,4380.0
2026-03-07 01:25:30+00:00,9,9,25628,376.0,4410.0
2026-03-07 01:26:00+00:00,9,9,25863,235.0,4440.0
2026-03-07 01:26:30+00:00,9,9,26242,379.0,4470.0
2026-03-07 01:27:00+00:00,9,9,26579,337.0,4500.0
2026-03-07 01:27:30+00:00,9,9,26810,231.0,4530.0
2026-03-07 01:28:00+00:00,9,9,27291,481.0,4560.0
2026-03-07 01:28:30+00:00,9,9,27570,279.0,4590.0
2026-03-07 01:29:00+00:00,9,9,28002,432.0,4620.0
2026-03-07 01:29:30+00:00,9,9,28323,321.0,4650.0
2026-03-07 01:30:00+00:00,9,9,28665,342.0,4680.0
2026-03-07 01:30:30+00:00,9,9,29036,371.0,4710.0
2026-03-07 01:31:00+00:00,9,9,29290,254.0,4740.0
2026-03-07 01:31:30+00:00,9,9,29792,502.0,4770.0
2026-03-07 01:32:00+00:00,9,9,30151,359.0,4800.0
2026-03-07 01:32:30+00:00,9,9,30690,539.0,4830.0
2026-03-07 01:33:00+00:00,9,9,30996,306.0,4860.0
2026-03-07 01:33:30+00:00,9,9,31323,327.0,4890.0
2026-03-07 01:34:00+00:00,9,9,31708,385.0,4920.0
2026-03-07 01:34:30+00:00,9,9,32144,436.0,4950.0
2026-03-07 01:35:00+00:00,9,9,32515,371.0,4980.0
2026-03-07 01:35:30+00:00,9,9,32840,325.0,5010.0
2026-03-07 01:36:00+00:00,9,9,33340,500.0,5040.0
2026-03-07 01:36:30+00:00,9,9,33796,456.0,5070.0
2026-03-07 01:37:00+00:00,9,9,34059,263.0,5100.0
2026-03-07 01:37:30+00:00,9,9,34827,768.0,5130.0
2026-03-07 01:38:00+00:00,9,9,35085,258.0,5160.0
2026-03-07 01:38:30+00:00,9,9,35491,406.0,5190.0
2026-03-07 01:39:00+00:00,9,9,36075,584.0,5220.0
2026-03-07 01:39:30+00:00,9,9,36311,236.0,5250.0
2026-03-07 01:40:00+00:00,9,9,36974,663.0,5280.0
2026-03-07 01:40:30+00:00,0,0,0,0.0,5310.0
2026-03-07 01:41:00+00:00,9,9,37321,347.0,5340.0
2026-03-07 01:41:30+00:00,9,9,37884,563.0,5370.0
2026-03-07 01:42:00+00:00,9,9,38270,386.0,5400.0
2026-03-07 01:42:30+00:00,9,9,38596,326.0,5430.0
2026-03-07 01:43:00+00:00,9,9,39132,536.0,5460.0
2026-03-07 01:43:30+00:00,9,9,39368,236.0,5490.0
2026-03-07 01:44:00+00:00,9,9,39802,434.0,5520.0
2026-03-07 01:44:30+00:00,9,9,40253,451.0,5550.0
2026-03-07 01:45:00+00:00,10,10,40692,439.0,5580.0
2026-03-07 01:45:30+00:00,10,10,41258,566.0,5610.0
2026-03-07 01:46:00+00:00,10,10,41620,362.0,5640.0
2026-03-07 01:46:30+00:00,10,10,41838,218.0,5670.0
2026-03-07 01:47:00+00:00,10,10,42547,709.0,5700.0
2026-03-07 01:47:30+00:00,10,10,42860,313.0,5730.0
2026-03-07 01:48:00+00:00,10,10,43457,597.0,5760.0
2026-03-07 01:48:30+00:00,10,10,43831,374.0,5790.0
2026-03-07 01:49:00+00:00,10,10,44237,406.0,5820.0
2026-03-07 01:49:30+00:00,10,10,44662,425.0,5850.0
2026-03-07 01:50:00+00:00,10,10,45137,475.0,5880.0
2026-03-07 01:50:30+00:00,10,10,45307,170.0,5910.0
2026-03-07 01:51:00+00:00,10,10,45920,613.0,5940.0
2026-03-07 01:51:30+00:00,10,10,46366,446.0,5970.0
2026-03-07 01:52:00+00:00,10,10,46891,525.0,6000.0
2026-03-07 01:52:30+00:00,10,10,47346,455.0,6030.0
2026-03-07 01:53:00+00:00,10,10,47656,310.0,6060.0
2026-03-07 01:53:30+00:00,10,10,48371,715.0,6090.0
2026-03-07 01:54:00+00:00,10,10,48622,251.0,6120.0
2026-03-07 01:54:30+00:00,10,10,49128,506.0,6150.0
2026-03-07 01:55:00+00:00,10,10,49612,484.0,6180.0
2026-03-07 01:55:30+00:00,10,10,49952,340.0,6210.0
2026-03-07 01:56:00+00:00,10,10,50617,665.0,6240.0
2026-03-07 01:56:30+00:00,10,10,50825,208.0,6270.0
2026-03-07 01:57:00+00:00,10,10,51350,525.0,6300.0
2026-03-07 01:57:30+00:00,10,10,51592,242.0,6330.0
2026-03-07 01:58:00+00:00,10,10,52028,436.0,6360.0
2026-03-07 01:58:30+00:00,10,10,52549,521.0,6390.0
2026-03-07 01:59:00+00:00,10,10,53059,510.0,6420.0
2026-03-07 01:59:30+00:00,10,10,53726,667.0,6450.0
2026-03-07 02:00:00+00:00,10,10,54129,403.0,6480.0
2026-03-07 02:00:30+00:00,10,10,54447,318.0,6510.0
2026-03-07 02:01:00+00:00,10,10,55093,646.0,6540.0
2026-03-07 02:01:30+00:00,10,10,55324,231.0,6570.0
2026-03-07 02:02:00+00:00,10,10,56006,682.0,6600.0
2026-03-07 02:02:30+00:00,10,10,56338,332.0,6630.0
2026-03-07 02:03:00+00:00,10,10,56785,447.0,6660.0
2026-03-07 02:03:30+00:00,10,10,57226,441.0,6690.0
2026-03-07 02:04:00+00:00,10,10,57492,266.0,6720.0
2026-03-07 02:04:30+00:00,10,10,57978,486.0,6750.0
2026-03-07 02:05:00+00:00,10,10,58566,588.0,6780.0
2026-03-07 02:05:30+00:00,10,10,59130,564.0,6810.0
2026-03-07 02:06:00+00:00,10,10,59606,476.0,6840.0
2026-03-07 02:06:30+00:00,0,0,0,0.0,6870.0
2026-03-07 02:07:00+00:00,10,10,60300,694.0,6900.0
2026-03-07 02:07:30+00:00,10,10,60591,291.0,6930.0
2026-03-07 02:08:00+00:00,10,10,61034,443.0,6960.0
2026-03-07 02:08:30+00:00,10,10,61609,575.0,6990.0
2026-03-07 02:09:00+00:00,10,10,62044,435.0,7020.0
2026-03-07 02:09:30+00:00,10,10,62551,507.0,7050.0
2026-03-07 02:10:00+00:00,10,10,62965,414.0,7080.0
2026-03-07 02:10:30+00:00,10,10,63378,413.0,7110.0
2026-03-07 02:11:00+00:00,10,10,64058,680.0,7140.0
2026-03-07 02:11:30+00:00,10,10,64321,263.0,7170.0
2026-03-07 02:12:00+00:00,10,10,64915,594.0,7200.0
2026-03-07 02:12:30+00:00,10,10,65295,380.0,7230.0
2026-03-07 02:13:00+00:00,10,10,65517,222.0,7260.0
2026-03-07 02:13:30+00:00,10,10,66143,626.0,7290.0
2026-03-07 02:14:00+00:00,10,10,66422,279.0,7320.0
2026-03-07 02:14:30+00:00,10,10,66735,313.0,7350.0
2026-03-07 02:15:00+00:00,10,10,67546,811.0,7380.0
2026-03-07 02:15:30+00:00,10,10,67927,381.0,7410.0
2026-03-07 02:16:00+00:00,10,10,68476,549.0,7440.0
2026-03-07 02:16:30+00:00,10,10,68686,210.0,7470.0
2026-03-07 02:17:00+00:00,10,10,69503,817.0,7500.0
2026-03-07 02:17:30+00:00,10,10,69767,264.0,7530.0
2026-03-07 02:18:00+00:00,10,10,70244,477.0,7560.0
2026-03-07 02:18:30+00:00,10,10,70633,389.0,7590.0
2026-03-07 02:19:00+00:00,10,10,70981,348.0,7620.0
2026-03-07 02:19:30+00:00,10,10,71310,329.0,7650.0
2026-03-07 02:20:00+00:00,10,10,72096,786.0,7680.0
2026-03-07 02:20:30+00:00,10,10,72379,283.0,7710.0
2026-03-07 02:21:00+00:00,10,10,73054,675.0,7740.0
2026-03-07 02:21:30+00:00,10,10,73350,296.0,7770.0
2026-03-07 02:22:00+00:00,10,10,73629,279.0,7800.0
2026-03-07 02:22:30+00:00,10,10,74232,603.0,7830.0
2026-03-07 02:23:00+00:00,10,10,74559,327.0,7860.0
2026-03-07 02:23:30+00:00,10,10,74851,292.0,7890.0
2026-03-07 02:24:00+00:00,10,10,75548,697.0,7920.0
2026-03-07 02:24:30+00:00,10,10,75850,302.0,7950.0
2026-03-07 02:25:00+00:00,10,10,76764,914.0,7980.0
2026-03-07 02:25:30+00:00,10,10,77099,335.0,8010.0
2026-03-07 02:26:00+00:00,10,10,77544,445.0,8040.0
2026-03-07 02:26:30+00:00,10,10,78019,475.0,8070.0
2026-03-07 02:27:00+00:00,10,10,78452,433.0,8100.0
2026-03-07 02:27:30+00:00,10,10,79029,577.0,8130.0
2026-03-07 02:28:00+00:00,10,10,79477,448.0,8160.0
2026-03-07 02:28:30+00:00,10,10,79892,415.0,8190.0
2026-03-07 02:29:00+00:00,10,10,80392,500.0,8220.0
2026-03-07 02:29:30+00:00,10,10,80844,452.0,8250.0
2026-03-07 02:30:00+00:00,10,10,81702,858.0,8280.0
2026-03-07 02:30:30+00:00,10,10,82012,310.0,8310.0
2026-03-07 02:31:00+00:00,11,11,82319,307.0,8340.0
2026-03-07 02:31:30+00:00,0,0,0,0.0,8370.0
2026-03-07 02:32:00+00:00,22,11,166543,1020.0,8400.0
2026-03-07 02:32:30+00:00,0,0,0,0.0,8430.0
2026-03-07 02:33:00+00:00,11,11,84113,774.0,8460.0
2026-03-07 02:33:30+00:00,11,11,84509,396.0,8490.0
2026-03-07 02:34:00+00:00,11,11,85107,598.0,8520.0
2026-03-07 02:34:30+00:00,11,11,85847,740.0,8550.0
2026-03-07 02:35:00+00:00,11,11,86155,308.0,8580.0
2026-03-07 02:35:30+00:00,11,11,87091,936.0,8610.0
2026-03-07 02:36:00+00:00,11,11,87595,504.0,8640.0
2026-03-07 02:36:30+00:00,11,11,88027,432.0,8670.0
2026-03-07 02:37:00+00:00,11,11,88747,720.0,8700.0
2026-03-07 02:37:30+00:00,11,11,89100,353.0,8730.0
2026-03-07 02:38:00+00:00,11,11,89433,333.0,8760.0
2026-03-07 02:38:30+00:00,11,11,90353,920.0,8790.0
2026-03-07 02:39:00+00:00,11,11,90827,474.0,8820.0
2026-03-07 02:39:30+00:00,11,11,91442,615.0,8850.0
2026-03-07 02:40:00+00:00,11,11,92025,583.0,8880.0
2026-03-07 02:40:30+00:00,11,11,92848,823.0,8910.0
2026-03-07 02:41:00+00:00,11,11,93289,441.0,8940.0
2026-03-07 02:41:30+00:00,11,11,93573,284.0,8970.0
2026-03-07 02:42:00+00:00,11,11,94245,672.0,9000.0
2026-03-07 02:42:30+00:00,11,11,94619,374.0,9030.0
2026-03-07 02:43:00+00:00,11,11,94911,292.0,9060.0
2026-03-07 02:43:30+00:00,11,11,95754,843.0,9090.0
2026-03-07 02:44:00+00:00,11,11,96160,406.0,9120.0
2026-03-07 02:44:30+00:00,11,11,96556,396.0,9150.0
2026-03-07 02:45:00+00:00,11,11,97138,582.0,9180.0
2026-03-07 02:45:30+00:00,11,11,97623,485.0,9210.0
2026-03-07 02:46:00+00:00,11,11,98239,616.0,9240.0
2026-03-07 02:46:30+00:00,11,11,98537,298.0,9270.0
2026-03-07 02:47:00+00:00,11,11,98876,339.0,9300.0
2026-03-07 02:47:30+00:00,11,11,99351,475.0,9330.0
2026-03-07 02:48:00+00:00,11,11,99605,254.0,9360.0
2026-03-07 02:48:30+00:00,11,11,100313,708.0,9390.0
2026-03-07 02:49:00+00:00,11,11,100694,381.0,9420.0
2026-03-07 02:49:30+00:00,11,11,101247,553.0,9450.0
2026-03-07 02:50:00+00:00,11,11,101804,557.0,9480.0
2026-03-07 02:50:30+00:00,11,11,101972,168.0,9510.0
2026-03-07 02:51:00+00:00,11,11,102608,636.0,9540.0
2026-03-07 02:51:30+00:00,11,11,102828,220.0,9570.0
2026-03-07 02:52:00+00:00,11,11,103209,381.0,9600.0
2026-03-07 02:52:30+00:00,11,11,103673,464.0,9630.0
2026-03-07 02:53:00+00:00,11,11,103874,201.0,9660.0
2026-03-07 02:53:30+00:00,11,11,104277,403.0,9690.0
2026-03-07 02:54:00+00:00,11,11,105022,745.0,9720.0
2026-03-07 02:54:30+00:00,11,11,105283,261.0,9750.0
2026-03-07 02:55:00+00:00,11,11,106013,730.0,9780.0
2026-03-07 02:55:30+00:00,11,11,106173,160.0,9810.0
2026-03-07 02:56:00+00:00,0,0,0,0.0,9840.0
2026-03-07 02:56:30+00:00,22,11,213645,829.0,9870.0
2026-03-07 02:57:00+00:00,11,11,107290,288.0,9900.0
2026-03-07 02:57:30+00:00,11,11,107828,538.0,9930.0
2026-03-07 02:58:00+00:00,11,11,108206,378.0,9960.0
2026-03-07 02:58:30+00:00,0,0,0,0.0,9990.0
2026-03-07 02:59:00+00:00,11,11,108914,708.0,10020.0
2026-03-07 02:59:30+00:00,11,11,109320,406.0,10050.0
2026-03-07 03:00:00+00:00,11,11,109756,436.0,10080.0
2026-03-07 03:00:30+00:00,11,11,110364,608.0,10110.0
2026-03-07 03:01:00+00:00,11,11,110729,365.0,10140.0
2026-03-07 03:01:30+00:00,11,11,111176,447.0,10170.0
2026-03-07 03:02:00+00:00,11,11,111603,427.0,10200.0
2026-03-07 03:02:30+00:00,11,11,111917,314.0,10230.0
2026-03-07 03:03:00+00:00,11,11,112391,474.0,10260.0
2026-03-07 03:03:30+00:00,11,11,112548,157.0,10290.0
2026-03-07 03:04:00+00:00,11,11,113451,903.0,10320.0
2026-03-07 03:04:30+00:00,11,11,113822,371.0,10350.0
2026-03-07 03:05:00+00:00,11,11,114287,465.0,10380.0
2026-03-07 03:05:30+00:00,11,11,114661,374.0,10410.0
2026-03-07 03:06:00+00:00,12,12,114863,202.0,10440.0
2026-03-07 03:06:30+00:00,12,12,115563,700.0,10470.0
2026-03-07 03:07:00+00:00,12,12,115912,349.0,10500.0
2026-03-07 03:07:30+00:00,12,12,116048,136.0,10530.0
2026-03-07 03:08:00+00:00,12,12,116592,544.0,10560.0
2026-03-07 03:08:30+00:00,12,12,116939,347.0,10590.0
2026-03-07 03:09:00+00:00,12,12,117724,785.0,10620.0
2026-03-07 03:09:30+00:00,12,12,118114,390.0,10650.0
2026-03-07 03:10:00+00:00,12,12,118403,289.0,10680.0
2026-03-07 03:10:30+00:00,12,12,119035,632.0,10710.0
2026-03-07 03:11:00+00:00,12,12,119277,242.0,10740.0
2026-03-07 03:11:30+00:00,12,12,119736,459.0,10770.0
2026-03-07 03:12:00+00:00,12,12,120300,564.0,10800.0
2026-03-07 03:12:30+00:00,12,12,120523,223.0,10830.0
2026-03-07 03:13:00+00:00,12,12,121005,482.0,10860.0
2026-03-07 03:13:30+00:00,12,12,121845,840.0,10890.0
2026-03-07 03:14:00+00:00,12,12,122113,268.0,10920.0
2026-03-07 03:14:30+00:00,12,12,122851,738.0,10950.0
2026-03-07 03:15:00+00:00,12,12,123192,341.0,10980.0
2026-03-07 03:15:30+00:00,12,12,124015,823.0,11010.0
2026-03-07 03:16:00+00:00,12,12,124270,255.0,11040.0
2026-03-07 03:16:30+00:00,12,12,124955,685.0,11070.0
2026-03-07 03:17:00+00:00,12,12,125139,184.0,11100.0
2026-03-07 03:17:30+00:00,12,12,125682,543.0,11130.0
2026-03-07 03:18:00+00:00,12,12,125921,239.0,11160.0
2026-03-07 03:18:30+00:00,12,12,127006,1085.0,11190.0
2026-03-07 03:19:00+00:00,12,12,127232,226.0,11220.0
2026-03-07 03:19:30+00:00,12,12,127812,580.0,11250.0
2026-03-07 03:20:00+00:00,12,12,128244,432.0,11280.0
2026-03-07 03:20:30+00:00,12,12,128944,700.0,11310.0
2026-03-07 03:21:00+00:00,12,12,129423,479.0,11340.0
2026-03-07 03:21:30+00:00,12,12,130062,639.0,11370.0
2026-03-07 03:22:00+00:00,12,12,130366,304.0,11400.0
2026-03-07 03:22:30+00:00,12,12,130728,362.0,11430.0
2026-03-07 03:23:00+00:00,0,0,0,0.0,11460.0
2026-03-07 03:23:30+00:00,12,12,131139,411.0,11490.0
2026-03-07 03:24:00+00:00,12,12,132209,1070.0,11520.0
2026-03-07 03:24:30+00:00,12,12,132444,235.0,11550.0
2026-03-07 03:25:00+00:00,12,12,133083,639.0,11580.0
2026-03-07 03:25:30+00:00,12,12,133386,303.0,11610.0
2026-03-07 03:26:00+00:00,13,13,134052,666.0,11640.0
2026-03-07 03:26:30+00:00,13,13,134526,474.0,11670.0
2026-03-07 03:27:00+00:00,13,13,135194,668.0,11700.0
2026-03-07 03:27:30+00:00,13,13,135479,285.0,11730.0
2026-03-07 03:28:00+00:00,13,13,135808,329.0,11760.0
2026-03-07 03:28:30+00:00,13,13,136277,469.0,11790.0
2026-03-07 03:29:00+00:00,13,13,136459,182.0,11820.0
2026-03-07 03:29:30+00:00,13,13,136992,533.0,11850.0
2026-03-07 03:30:00+00:00,13,13,137391,399.0,11880.0
2026-03-07 03:30:30+00:00,13,13,137668,277.0,11910.0
2026-03-07 03:31:00+00:00,13,13,138051,383.0,11940.0
2026-03-07 03:31:30+00:00,13,13,138551,500.0,11970.0
2026-03-07 03:32:00+00:00,13,13,139016,465.0,12000.0
2026-03-07 03:32:30+00:00,13,13,139643,627.0,12030.0
2026-03-07 03:33:00+00:00,13,13,140652,1009.0,12060.0
2026-03-07 03:33:30+00:00,13,13,140957,305.0,12090.0
2026-03-07 03:34:00+00:00,13,13,141657,700.0,12120.0
2026-03-07 03:34:30+00:00,13,13,142058,401.0,12150.0
2026-03-07 03:35:00+00:00,13,13,142414,356.0,12180.0
2026-03-07 03:35:30+00:00,13,13,142808,394.0,12210.0
2026-03-07 03:36:00+00:00,13,13,143239,431.0,12240.0
2026-03-07 03:36:30+00:00,13,13,143740,501.0,12270.0
2026-03-07 03:37:00+00:00,13,13,144164,424.0,12300.0
2026-03-07 03:37:30+00:00,13,13,144285,121.0,12330.0
2026-03-07 03:38:00+00:00,13,13,144804,519.0,12360.0
2026-03-07 03:38:30+00:00,13,13,145140,336.0,12390.0
2026-03-07 03:39:00+00:00,13,13,145721,581.0,12420.0
2026-03-07 03:39:30+00:00,13,13,146170,449.0,12450.0
2026-03-07 03:40:00+00:00,13,13,146476,306.0,12480.0
2026-03-07 03:40:30+00:00,13,13,147185,709.0,12510.0
2026-03-07 03:41:00+00:00,13,13,147370,185.0,12540.0
2026-03-07 03:41:30+00:00,13,13,147876,506.0,12570.0
2026-03-07 03:42:00+00:00,13,13,148246,370.0,12600.0
2026-03-07 03:42:30+00:00,13,13,148499,253.0,12630.0
2026-03-07 03:43:00+00:00,13,13,148913,414.0,12660.0
2026-03-07 03:43:30+00:00,13,13,149106,193.0,12690.0
2026-03-07 03:44:00+00:00,13,13,149506,400.0,12720.0
2026-03-07 03:44:30+00:00,13,13,150595,1089.0,12750.0
2026-03-07 03:45:00+00:00,13,13,150958,363.0,12780.0
2026-03-07 03:45:30+00:00,13,13,152449,1491.0,12810.0
2026-03-07 03:46:00+00:00,13,13,152704,255.0,12840.0
2026-03-07 03:46:30+00:00,13,13,153455,751.0,12870.0
2026-03-07 03:47:00+00:00,13,13,153769,314.0,12900.0
2026-03-07 03:47:30+00:00,13,13,153953,184.0,12930.0
2026-03-07 03:48:00+00:00,13,13,154515,562.0,12960.0
2026-03-07 03:48:30+00:00,13,13,155110,595.0,12990.0
2026-03-07 03:49:00+00:00,0,0,0,0.0,13020.0
2026-03-07 03:49:30+00:00,13,13,155652,542.0,13050.0
2026-03-07 03:50:00+00:00,13,13,156328,676.0,13080.0
2026-03-07 03:50:30+00:00,13,13,156559,231.0,13110.0
2026-03-07 03:51:00+00:00,13,13,158004,1445.0,13140.0
2026-03-07 03:51:30+00:00,13,13,158144,140.0,13170.0
2026-03-07 03:52:00+00:00,13,13,159096,952.0,13200.0
2026-03-07 03:52:30+00:00,13,13,159287,191.0,13230.0
2026-03-07 03:53:00+00:00,13,13,159611,324.0,13260.0
2026-03-07 03:53:30+00:00,13,13,160062,451.0,13290.0
2026-03-07 03:54:00+00:00,13,13,160683,621.0,13320.0
2026-03-07 03:54:30+00:00,13,13,161562,879.0,13350.0
2026-03-07 03:55:00+00:00,13,13,161992,430.0,13380.0
2026-03-07 03:55:30+00:00,13,13,163220,1228.0,13410.0
2026-03-07 03:56:00+00:00,13,13,163439,219.0,13440.0
2026-03-07 03:56:30+00:00,13,13,163623,184.0,13470.0
2026-03-07 03:57:00+00:00,13,13,164409,786.0,13500.0
2026-03-07 03:57:30+00:00,13,13,164687,278.0,13530.0
2026-03-07 03:58:00+00:00,13,13,165061,374.0,13560.0
2026-03-07 03:58:30+00:00,13,13,165313,252.0,13590.0
2026-03-07 03:59:00+00:00,13,13,165923,610.0,13620.0
2026-03-07 03:59:30+00:00,13,13,166751,828.0,13650.0
2026-03-07 04:00:00+00:00,13,13,166921,170.0,13680.0
2026-03-07 04:00:30+00:00,13,13,167200,279.0,13710.0
2026-03-07 04:01:00+00:00,13,13,167881,681.0,13740.0
2026-03-07 04:01:30+00:00,13,13,168341,460.0,13770.0
2026-03-07 04:02:00+00:00,13,13,168560,219.0,13800.0
2026-03-07 04:02:30+00:00,13,13,168778,218.0,13830.0
2026-03-07 04:03:00+00:00,13,13,169092,314.0,13860.0
2026-03-07 04:03:30+00:00,13,13,169407,315.0,13890.0
2026-03-07 04:04:00+00:00,13,13,169696,289.0,13920.0
2026-03-07 04:04:30+00:00,13,13,169924,228.0,13950.0
2026-03-07 04:05:00+00:00,13,13,170468,544.0,13980.0
2026-03-07 04:05:30+00:00,13,13,171116,648.0,14010.0
2026-03-07 04:06:00+00:00,13,13,171259,143.0,14040.0
2026-03-07 04:06:30+00:00,13,13,171719,460.0,14070.0
2026-03-07 04:07:00+00:00,13,13,171882,163.0,14100.0
2026-03-07 04:07:30+00:00,13,13,172177,295.0,14130.0
2026-03-07 04:08:00+00:00,13,13,172365,188.0,14160.0
2026-03-07 04:08:30+00:00,13,13,172800,435.0,14190.0
2026-03-07 04:09:00+00:00,13,13,173272,472.0,14220.0
2026-03-07 04:09:30+00:00,13,13,173347,75.0,14250.0
2026-03-07 04:10:00+00:00,13,13,173855,508.0,14280.0
2026-03-07 04:10:30+00:00,13,13,174940,1085.0,14310.0
2026-03-07 04:11:00+00:00,14,14,175188,248.0,14340.0
2026-03-07 04:11:30+00:00,14,14,175854,666.0,14370.0
2026-03-07 04:12:00+00:00,14,14,176040,186.0,14400.0
2026-03-07 04:12:30+00:00,0,0,0,0.0,14430.0
2026-03-07 04:13:00+00:00,28,14,353278,752.0,14460.0
2026-03-07 04:13:30+00:00,14,14,176938,146.0,14490.0
2026-03-07 04:14:00+00:00,0,0,0,0.0,14520.0
2026-03-07 04:14:30+00:00,14,14,177778,840.0,14550.0
2026-03-07 04:15:00+00:00,14,14,179404,1626.0,14580.0
2026-03-07 04:15:30+00:00,14,14,181181,1777.0,14610.0
2026-03-07 04:16:00+00:00,14,14,181514,333.0,14640.0
2026-03-07 04:16:30+00:00,14,14,181767,253.0,14670.0
2026-03-07 04:17:00+00:00,14,14,182669,902.0,14700.0
2026-03-07 04:17:30+00:00,14,14,182788,119.0,14730.0
2026-03-07 04:18:00+00:00,14,14,183201,413.0,14760.0
2026-03-07 04:18:30+00:00,14,14,184207,1006.0,14790.0
2026-03-07 04:19:00+00:00,14,14,184612,405.0,14820.0
2026-03-07 04:19:30+00:00,14,14,186117,1505.0,14850.0
2026-03-07 04:20:00+00:00,14,14,186458,341.0,14880.0
2026-03-07 04:20:30+00:00,14,14,187747,1289.0,14910.0
2026-03-07 04:21:00+00:00,14,14,188220,473.0,14940.0
2026-03-07 04:21:30+00:00,14,14,189055,835.0,14970.0
2026-03-07 04:22:00+00:00,14,14,189375,320.0,15000.0
2026-03-07 04:22:30+00:00,14,14,189511,136.0,15030.0
2026-03-07 04:23:00+00:00,14,14,189964,453.0,15060.0
2026-03-07 04:23:30+00:00,14,14,190258,294.0,15090.0
2026-03-07 04:24:00+00:00,14,14,191062,804.0,15120.0
2026-03-07 04:24:30+00:00,14,14,191635,573.0,15150.0
2026-03-07 04:25:00+00:00,14,14,192969,1334.0,15180.0
2026-03-07 04:25:30+00:00,14,14,194171,1202.0,15210.0
2026-03-07 04:26:00+00:00,14,14,195073,902.0,15240.0
2026-03-07 04:26:30+00:00,14,14,195628,555.0,15270.0
2026-03-07 04:27:00+00:00,14,14,195883,255.0,15300.0
2026-03-07 04:27:30+00:00,14,14,196279,396.0,15330.0
2026-03-07 04:28:00+00:00,14,14,196456,177.0,15360.0
2026-03-07 04:28:30+00:00,14,14,196840,384.0,15390.0
2026-03-07 04:29:00+00:00,14,14,197269,429.0,15420.0
2026-03-07 04:29:30+00:00,14,14,197503,234.0,15450.0
2026-03-07 04:30:00+00:00,14,14,198276,773.0,15480.0
2026-03-07 04:30:30+00:00,14,14,198966,690.0,15510.0
2026-03-07 04:31:00+00:00,14,14,199303,337.0,15540.0
2026-03-07 04:31:30+00:00,14,14,199618,315.0,15570.0
2026-03-07 04:32:00+00:00,14,14,200030,412.0,15600.0
2026-03-07 04:32:30+00:00,14,14,200141,111.0,15630.0
2026-03-07 04:33:00+00:00,14,14,200467,326.0,15660.0
2026-03-07 04:33:30+00:00,14,14,201055,588.0,15690.0
2026-03-07 04:34:00+00:00,14,14,201463,408.0,15720.0
2026-03-07 04:34:30+00:00,14,14,202674,1211.0,15750.0
2026-03-07 04:35:00+00:00,14,14,203175,501.0,15780.0
2026-03-07 04:35:30+00:00,14,14,204181,1006.0,15810.0
2026-03-07 04:36:00+00:00,14,14,204510,329.0,15840.0
2026-03-07 04:36:30+00:00,14,14,204857,347.0,15870.0
2026-03-07 04:37:00+00:00,14,14,205557,700.0,15900.0
2026-03-07 04:37:30+00:00,14,14,205959,402.0,15930.0
2026-03-07 04:38:00+00:00,14,14,206350,391.0,15960.0
2026-03-07 04:38:30+00:00,0,0,0,0.0,15990.0
2026-03-07 04:39:00+00:00,14,14,206772,422.0,16020.0
2026-03-07 04:39:30+00:00,14,14,207663,891.0,16050.0
2026-03-07 04:40:00+00:00,14,14,208221,558.0,16080.0
2026-03-07 04:40:30+00:00,14,14,208358,137.0,16110.0
2026-03-07 04:41:00+00:00,14,14,209054,696.0,16140.0
2026-03-07 04:41:30+00:00,14,14,209310,256.0,16170.0
2026-03-07 04:42:00+00:00,14,14,209658,348.0,16200.0
2026-03-07 04:42:30+00:00,14,14,210056,398.0,16230.0
2026-03-07 04:43:00+00:00,14,14,210359,303.0,16260.0
2026-03-07 04:43:30+00:00,14,14,210741,382.0,16290.0
2026-03-07 04:44:00+00:00,14,14,211267,526.0,16320.0
2026-03-07 04:44:30+00:00,14,14,212838,1571.0,16350.0
2026-03-07 04:45:00+00:00,14,14,213277,439.0,16380.0
2026-03-07 04:45:30+00:00,14,14,213551,274.0,16410.0
2026-03-07 04:46:00+00:00,14,14,214725,1174.0,16440.0
2026-03-07 04:46:30+00:00,14,14,214972,247.0,16470.0
2026-03-07 04:47:00+00:00,14,14,215625,653.0,16500.0
2026-03-07 04:47:30+00:00,14,14,215740,115.0,16530.0
2026-03-07 04:48:00+00:00,14,14,216084,344.0,16560.0
2026-03-07 04:48:30+00:00,14,14,216353,269.0,16590.0
2026-03-07 04:49:00+00:00,14,14,216985,632.0,16620.0
2026-03-07 04:49:30+00:00,14,14,218824,1839.0,16650.0
2026-03-07 04:50:00+00:00,14,14,219227,403.0,16680.0
2026-03-07 04:50:30+00:00,14,14,220188,961.0,16710.0
2026-03-07 04:51:00+00:00,14,14,220371,183.0,16740.0
2026-03-07 04:51:30+00:00,14,14,221154,783.0,16770.0
2026-03-07 04:52:00+00:00,14,14,221453,299.0,16800.0
2026-03-07 04:52:30+00:00,14,14,221569,116.0,16830.0
2026-03-07 04:53:00+00:00,14,14,221965,396.0,16860.0
2026-03-07 04:53:30+00:00,14,14,222254,289.0,16890.0
2026-03-07 04:54:00+00:00,14,14,223315,1061.0,16920.0
2026-03-07 04:54:30+00:00,14,14,224465,1150.0,16950.0
2026-03-07 04:55:00+00:00,14,14,225033,568.0,16980.0
2026-03-07 04:55:30+00:00,14,14,226627,1594.0,17010.0
2026-03-07 04:56:00+00:00,14,14,226789,162.0,17040.0
2026-03-07 04:56:30+00:00,14,14,227499,710.0,17070.0
2026-03-07 04:57:00+00:00,14,14,227673,174.0,17100.0
2026-03-07 04:57:30+00:00,14,14,227900,227.0,17130.0
2026-03-07 04:58:00+00:00,14,14,228126,226.0,17160.0
2026-03-07 04:58:30+00:00,14,14,228303,177.0,17190.0
2026-03-07 04:59:00+00:00,14,14,229036,733.0,17220.0
2026-03-07 04:59:30+00:00,14,14,229634,598.0,17250.0
2026-03-07 05:00:00+00:00,14,14,229982,348.0,17280.0
2026-03-07 05:00:30+00:00,14,14,230643,661.0,17310.0
2026-03-07 05:01:00+00:00,14,14,230709,66.0,17340.0
2026-03-07 05:01:30+00:00,14,14,231259,550.0,17370.0
2026-03-07 05:02:00+00:00,14,14,231344,85.0,17400.0
2026-03-07 05:02:30+00:00,14,14,231763,419.0,17430.0
2026-03-07 05:03:00+00:00,0,0,0,0.0,17460.0
2026-03-07 05:03:30+00:00,14,14,231878,115.0,17490.0
2026-03-07 05:04:00+00:00,14,14,232431,553.0,17520.0
2026-03-07 05:04:30+00:00,14,14,232795,364.0,17550.0
2026-03-07 05:05:00+00:00,14,14,233595,800.0,17580.0
2026-03-07 05:05:30+00:00,14,14,233969,374.0,17610.0
2026-03-07 05:06:00+00:00,14,14,234435,466.0,17640.0
2026-03-07 05:06:30+00:00,14,14,234637,202.0,17670.0
2026-03-07 05:07:00+00:00,14,14,235168,531.0,17700.0
2026-03-07 05:07:30+00:00,14,14,235311,143.0,17730.0
2026-03-07 05:08:00+00:00,14,14,235429,118.0,17760.0
2026-03-07 05:08:30+00:00,14,14,235728,299.0,17790.0
2026-03-07 05:09:00+00:00,14,14,236400,672.0,17820.0
2026-03-07 05:09:30+00:00,14,14,237921,1521.0,17850.0
2026-03-07 05:10:00+00:00,14,14,238165,244.0,17880.0
2026-03-07 05:10:30+00:00,14,14,239109,944.0,17910.0
2026-03-07 05:11:00+00:00,14,14,239257,148.0,17940.0
2026-03-07 05:11:30+00:00,14,14,239614,357.0,17970.0
2026-03-07 05:12:00+00:00,14,14,240023,409.0,18000.0
2026-03-07 05:12:30+00:00,14,14,240179,156.0,18030.0
2026-03-07 05:13:00+00:00,14,14,240578,399.0,18060.0
2026-03-07 05:13:30+00:00,14,14,240913,335.0,18090.0
2026-03-07 05:14:00+00:00,14,14,241722,809.0,18120.0
2026-03-07 05:14:30+00:00,14,14,242929,1207.0,18150.0
2026-03-07 05:15:00+00:00,14,14,243283,354.0,18180.0
2026-03-07 05:15:30+00:00,14,14,244122,839.0,18210.0
2026-03-07 05:16:00+00:00,14,14,244176,54.0,18240.0
2026-03-07 05:16:30+00:00,14,14,244809,633.0,18270.0
2026-03-07 05:17:00+00:00,14,14,244991,182.0,18300.0
2026-03-07 05:17:30+00:00,14,14,245203,212.0,18330.0
2026-03-07 05:18:00+00:00,14,14,245717,514.0,18360.0
2026-03-07 05:18:30+00:00,14,14,246504,787.0,18390.0
2026-03-07 05:19:00+00:00,14,14,246956,452.0,18420.0
2026-03-07 05:19:30+00:00,14,14,248081,1125.0,18450.0
2026-03-07 05:20:00+00:00,14,14,248335,254.0,18480.0
2026-03-07 05:20:30+00:00,14,14,249063,728.0,18510.0
2026-03-07 05:21:00+00:00,14,14,249174,111.0,18540.0
2026-03-07 05:21:30+00:00,14,14,249802,628.0,18570.0
2026-03-07 05:22:00+00:00,14,14,249894,92.0,18600.0
2026-03-07 05:22:30+00:00,14,14,250057,163.0,18630.0
2026-03-07 05:23:00+00:00,14,14,250590,533.0,18660.0
2026-03-07 05:23:30+00:00,15,15,251035,445.0,18690.0
2026-03-07 05:24:00+00:00,15,15,251366,331.0,18720.0
2026-03-07 05:24:30+00:00,16,16,251908,542.0,18750.0
2026-03-07 05:25:00+00:00,16,16,252120,212.0,18780.0
2026-03-07 05:25:30+00:00,16,16,252441,321.0,18810.0
2026-03-07 05:26:00+00:00,16,16,252792,351.0,18840.0
2026-03-07 05:26:30+00:00,16,16,253089,297.0,18870.0
2026-03-07 05:27:00+00:00,0,0,0,0.0,18900.0
2026-03-07 05:27:30+00:00,16,16,253354,265.0,18930.0
2026-03-07 05:28:00+00:00,16,16,253791,437.0,18960.0
2026-03-07 05:28:30+00:00,16,16,254012,221.0,18990.0
2026-03-07 05:29:00+00:00,16,16,254545,533.0,19020.0
2026-03-07 05:29:30+00:00,16,16,255421,876.0,19050.0
2026-03-07 05:30:00+00:00,16,16,255728,307.0,19080.0
2026-03-07 05:30:30+00:00,16,16,256095,367.0,19110.0
2026-03-07 05:31:00+00:00,16,16,256632,537.0,19140.0
2026-03-07 05:31:30+00:00,16,16,257050,418.0,19170.0
2026-03-07 05:32:00+00:00,16,16,257544,494.0,19200.0
2026-03-07 05:32:30+00:00,16,16,257648,104.0,19230.0
2026-03-07 05:33:00+00:00,16,16,258063,415.0,19260.0
2026-03-07 05:33:30+00:00,16,16,258593,530.0,19290.0
2026-03-07 05:34:00+00:00,16,16,258957,364.0,19320.0
2026-03-07 05:34:30+00:00,16,16,260231,1274.0,19350.0
2026-03-07 05:35:00+00:00,16,16,260611,380.0,19380.0
2026-03-07 05:35:30+00:00,16,16,261244,633.0,19410.0
2026-03-07 05:36:00+00:00,16,16,261546,302.0,19440.0
2026-03-07 05:36:30+00:00,16,16,261984,438.0,19470.0
2026-03-07 05:37:00+00:00,16,16,262541,557.0,19500.0
2026-03-07 05:37:30+00:00,16,16,262852,311.0,19530.0
2026-03-07 05:38:00+00:00,16,16,263244,392.0,19560.0
2026-03-07 05:38:30+00:00,16,16,263668,424.0,19590.0
2026-03-07 05:39:00+00:00,16,16,264465,797.0,19620.0
2026-03-07 05:39:30+00:00,16,16,264879,414.0,19650.0
2026-03-07 05:40:00+00:00,16,16,265843,964.0,19680.0
2026-03-07 05:40:30+00:00,16,16,266681,838.0,19710.0
2026-03-07 05:41:00+00:00,16,16,266859,178.0,19740.0
2026-03-07 05:41:30+00:00,16,16,267714,855.0,19770.0
2026-03-07 05:42:00+00:00,16,16,267928,214.0,19800.0
2026-03-07 05:42:30+00:00,16,16,268340,412.0,19830.0
2026-03-07 05:43:00+00:00,16,16,269125,785.0,19860.0
2026-03-07 05:43:30+00:00,16,16,269870,745.0,19890.0
2026-03-07 05:44:00+00:00,16,16,270514,644.0,19920.0
2026-03-07 05:44:30+00:00,16,16,272200,1686.0,19950.0
2026-03-07 05:45:00+00:00,16,16,272587,387.0,19980.0
2026-03-07 05:45:30+00:00,16,16,273536,949.0,20010.0
2026-03-07 05:46:00+00:00,16,16,274097,561.0,20040.0
2026-03-07 05:46:30+00:00,16,16,274575,478.0,20070.0
2026-03-07 05:47:00+00:00,16,16,274662,87.0,20100.0
2026-03-07 05:47:30+00:00,16,16,275026,364.0,20130.0
2026-03-07 05:48:00+00:00,16,16,275601,575.0,20160.0
2026-03-07 05:48:30+00:00,16,16,276356,755.0,20190.0
2026-03-07 05:49:00+00:00,16,16,276845,489.0,20220.0
2026-03-07 05:49:30+00:00,16,16,278017,1172.0,20250.0
2026-03-07 05:50:00+00:00,0,0,0,0.0,20280.0
2026-03-07 05:50:30+00:00,16,16,278372,355.0,20310.0
2026-03-07 05:51:00+00:00,16,16,279685,1313.0,20340.0
2026-03-07 05:51:30+00:00,16,16,280002,317.0,20370.0
2026-03-07 05:52:00+00:00,16,16,280596,594.0,20400.0
2026-03-07 05:52:30+00:00,16,16,280822,226.0,20430.0
2026-03-07 05:53:00+00:00,16,16,280970,148.0,20460.0
2026-03-07 05:53:30+00:00,16,16,281765,795.0,20490.0
2026-03-07 05:54:00+00:00,16,16,282411,646.0,20520.0
2026-03-07 05:54:30+00:00,16,16,283125,714.0,20550.0
2026-03-07 05:55:00+00:00,16,16,283882,757.0,20580.0
2026-03-07 05:55:30+00:00,16,16,284011,129.0,20610.0
2026-03-07 05:56:00+00:00,16,16,284552,541.0,20640.0
2026-03-07 05:56:30+00:00,16,16,284838,286.0,20670.0
2026-03-07 05:57:00+00:00,16,16,285363,525.0,20700.0
2026-03-07 05:57:30+00:00,16,16,285672,309.0,20730.0
2026-03-07 05:58:00+00:00,15,15,272233,183.0,20760.0
2026-03-07 05:58:30+00:00,15,15,272870,637.0,20790.0
2026-03-07 05:59:00+00:00,15,15,273314,444.0,20820.0
2026-03-07 05:59:30+00:00,15,15,273825,511.0,20850.0
2026-03-07 06:00:00+00:00,15,15,274697,872.0,20880.0
2026-03-07 06:00:30+00:00,15,15,275743,1046.0,20910.0
2026-03-07 06:01:00+00:00,15,15,275908,165.0,20940.0
2026-03-07 06:01:30+00:00,15,15,276169,261.0,20970.0
2026-03-07 06:02:00+00:00,15,15,276420,251.0,21000.0
2026-03-07 06:02:30+00:00,15,15,276568,148.0,21030.0
2026-03-07 06:03:00+00:00,15,15,276717,149.0,21060.0
2026-03-07 06:03:30+00:00,15,15,277272,555.0,21090.0
2026-03-07 06:04:00+00:00,15,15,277662,390.0,21120.0
2026-03-07 06:04:30+00:00,15,15,278190,528.0,21150.0
2026-03-07 06:05:00+00:00,15,15,278982,792.0,21180.0
2026-03-07 06:05:30+00:00,15,15,279769,787.0,21210.0
2026-03-07 06:06:00+00:00,15,15,279946,177.0,21240.0
2026-03-07 06:06:30+00:00,15,15,280272,326.0,21270.0
2026-03-07 06:07:00+00:00,15,15,280472,200.0,21300.0
2026-03-07 06:07:30+00:00,15,15,280576,104.0,21330.0
2026-03-07 06:08:00+00:00,15,15,281113,537.0,21360.0
2026-03-07 06:08:30+00:00,15,15,281529,416.0,21390.0
2026-03-07 06:09:00+00:00,15,15,282047,518.0,21420.0
2026-03-07 06:09:30+00:00,15,15,282999,952.0,21450.0
2026-03-07 06:10:00+00:00,15,15,283159,160.0,21480.0
2026-03-07 06:10:30+00:00,0,0,0,0.0,21510.0
2026-03-07 06:11:00+00:00,30,15,567638,732.0,21540.0
2026-03-07 06:11:30+00:00,15,15,284149,258.0,21570.0
2026-03-07 06:12:00+00:00,15,15,284450,301.0,21600.0
2026-03-07 06:12:30+00:00,0,0,0,0.0,21630.0
2026-03-07 06:13:00+00:00,15,15,285156,706.0,21660.0
2026-03-07 06:13:30+00:00,15,15,285404,248.0,21690.0
2026-03-07 06:14:00+00:00,15,15,285574,170.0,21720.0
2026-03-07 06:14:30+00:00,15,15,286394,820.0,21750.0
2026-03-07 06:15:00+00:00,15,15,288011,1617.0,21780.0
2026-03-07 06:15:30+00:00,15,15,288138,127.0,21810.0
2026-03-07 06:16:00+00:00,15,15,289183,1045.0,21840.0
2026-03-07 06:16:30+00:00,15,15,289277,94.0,21870.0
2026-03-07 06:17:00+00:00,15,15,289788,511.0,21900.0
2026-03-07 06:17:30+00:00,15,15,289926,138.0,21930.0
2026-03-07 06:18:00+00:00,15,15,290049,123.0,21960.0
2026-03-07 06:18:30+00:00,15,15,290692,643.0,21990.0
2026-03-07 06:19:00+00:00,17,17,291424,732.0,22020.0
2026-03-07 06:19:30+00:00,17,17,292662,1238.0,22050.0
2026-03-07 06:20:00+00:00,17,17,293136,474.0,22080.0
2026-03-07 06:20:30+00:00,17,17,293192,56.0,22110.0
2026-03-07 06:21:00+00:00,17,17,294400,1208.0,22140.0
2026-03-07 06:21:30+00:00,17,17,294487,87.0,22170.0
2026-03-07 06:22:00+00:00,17,17,294918,431.0,22200.0
2026-03-07 06:22:30+00:00,17,17,295245,327.0,22230.0
2026-03-07 06:23:00+00:00,17,17,295451,206.0,22260.0
2026-03-07 06:23:30+00:00,17,17,296362,911.0,22290.0
2026-03-07 06:24:00+00:00,17,17,296834,472.0,22320.0
2026-03-07 06:24:30+00:00,17,17,299028,2194.0,22350.0
2026-03-07 06:25:00+00:00,17,17,299286,258.0,22380.0
2026-03-07 06:25:30+00:00,17,17,299431,145.0,22410.0
2026-03-07 06:26:00+00:00,17,17,300281,850.0,22440.0
2026-03-07 06:26:30+00:00,17,17,300542,261.0,22470.0
2026-03-07 06:27:00+00:00,17,17,301182,640.0,22500.0
2026-03-07 06:27:30+00:00,17,17,301356,174.0,22530.0
2026-03-07 06:28:00+00:00,17,17,301874,518.0,22560.0
2026-03-07 06:28:30+00:00,17,17,302222,348.0,22590.0
2026-03-07 06:29:00+00:00,17,17,302751,529.0,22620.0
2026-03-07 06:29:30+00:00,17,17,303703,952.0,22650.0
2026-03-07 06:30:00+00:00,17,17,304008,305.0,22680.0
2026-03-07 06:30:30+00:00,17,17,304340,332.0,22710.0
2026-03-07 06:31:00+00:00,17,17,304914,574.0,22740.0
2026-03-07 06:31:30+00:00,17,17,305389,475.0,22770.0
2026-03-07 06:32:00+00:00,17,17,305706,317.0,22800.0
2026-03-07 06:32:30+00:00,17,17,305935,229.0,22830.0
2026-03-07 06:33:00+00:00,17,17,306530,595.0,22860.0
2026-03-07 06:33:30+00:00,17,17,306929,399.0,22890.0
2026-03-07 06:34:00+00:00,17,17,307459,530.0,22920.0
2026-03-07 06:34:30+00:00,17,17,308333,874.0,22950.0
2026-03-07 06:35:00+00:00,17,17,308730,397.0,22980.0
2026-03-07 06:35:30+00:00,17,17,309523,793.0,23010.0
2026-03-07 06:36:00+00:00,17,17,309852,329.0,23040.0
2026-03-07 06:36:30+00:00,0,0,0,0.0,23070.0
2026-03-07 06:37:00+00:00,17,17,310069,217.0,23100.0
2026-03-07 06:37:30+00:00,17,17,310557,488.0,23130.0
2026-03-07 06:38:00+00:00,17,17,310732,175.0,23160.0
2026-03-07 06:38:30+00:00,17,17,311313,581.0,23190.0
2026-03-07 06:39:00+00:00,17,17,311855,542.0,23220.0
2026-03-07 06:39:30+00:00,17,17,313167,1312.0,23250.0
2026-03-07 06:40:00+00:00,17,17,313410,243.0,23280.0
2026-03-07 06:40:30+00:00,17,17,313733,323.0,23310.0
2026-03-07 06:41:00+00:00,17,17,314461,728.0,23340.0
2026-03-07 06:41:30+00:00,17,17,314652,191.0,23370.0
2026-03-07 06:42:00+00:00,17,17,315364,712.0,23400.0
2026-03-07 06:42:30+00:00,17,17,315698,334.0,23430.0
2026-03-07 06:43:00+00:00,17,17,316267,569.0,23460.0
2026-03-07 06:43:30+00:00,17,17,316707,440.0,23490.0
2026-03-07 06:44:00+00:00,17,17,317265,558.0,23520.0
2026-03-07 06:44:30+00:00,17,17,317927,662.0,23550.0
2026-03-07 06:45:00+00:00,17,17,319295,1368.0,23580.0
2026-03-07 06:45:30+00:00,17,17,319409,114.0,23610.0
2026-03-07 06:46:00+00:00,17,17,320264,855.0,23640.0
2026-03-07 06:46:30+00:00,17,17,320634,370.0,23670.0
2026-03-07 06:47:00+00:00,17,17,321060,426.0,23700.0
2026-03-07 06:47:30+00:00,17,17,321433,373.0,23730.0
2026-03-07 06:48:00+00:00,17,17,321916,483.0,23760.0
2026-03-07 06:48:30+00:00,17,17,322423,507.0,23790.0
2026-03-07 06:49:00+00:00,17,17,323260,837.0,23820.0
2026-03-07 06:49:30+00:00,17,17,324694,1434.0,23850.0
2026-03-07 06:50:00+00:00,17,17,325102,408.0,23880.0
2026-03-07 06:50:30+00:00,17,17,326253,1151.0,23910.0
2026-03-07 06:51:00+00:00,17,17,326607,354.0,23940.0
2026-03-07 06:51:30+00:00,17,17,326809,202.0,23970.0
2026-03-07 06:52:00+00:00,17,17,327407,598.0,24000.0
2026-03-07 06:52:30+00:00,17,17,327597,190.0,24030.0
2026-03-07 06:53:00+00:00,17,17,328393,796.0,24060.0
2026-03-07 06:53:30+00:00,17,17,328992,599.0,24090.0
2026-03-07 06:54:00+00:00,17,17,329423,431.0,24120.0
2026-03-07 06:54:30+00:00,17,17,331186,1763.0,24150.0
2026-03-07 06:55:00+00:00,17,17,331485,299.0,24180.0
2026-03-07 06:55:30+00:00,17,17,332386,901.0,24210.0
2026-03-07 06:56:00+00:00,17,17,332919,533.0,24240.0
2026-03-07 06:56:30+00:00,17,17,333242,323.0,24270.0
2026-03-07 06:57:00+00:00,17,17,333510,268.0,24300.0
2026-03-07 06:57:30+00:00,17,17,333720,210.0,24330.0
2026-03-07 06:58:00+00:00,0,0,0,0.0,24360.0
2026-03-07 06:58:30+00:00,17,17,334206,486.0,24390.0
2026-03-07 06:59:00+00:00,17,17,334501,295.0,24420.0
2026-03-07 06:59:30+00:00,17,17,335477,976.0,24450.0
2026-03-07 07:00:00+00:00,17,17,335655,178.0,24480.0
2026-03-07 07:00:30+00:00,17,17,336008,353.0,24510.0
2026-03-07 07:01:00+00:00,17,17,336507,499.0,24540.0
2026-03-07 07:01:30+00:00,17,17,336654,147.0,24570.0
2026-03-07 07:02:00+00:00,17,17,337064,410.0,24600.0
2026-03-07 07:02:30+00:00,17,17,337308,244.0,24630.0
2026-03-07 07:03:00+00:00,17,17,337437,129.0,24660.0
2026-03-07 07:03:30+00:00,17,17,337914,477.0,24690.0
2026-03-07 07:04:00+00:00,17,17,338373,459.0,24720.0
2026-03-07 07:04:30+00:00,17,17,339193,820.0,24750.0
2026-03-07 07:05:00+00:00,17,17,339453,260.0,24780.0
2026-03-07 07:05:30+00:00,17,17,339754,301.0,24810.0
2026-03-07 07:06:00+00:00,17,17,340368,614.0,24840.0
2026-03-07 07:06:30+00:00,17,17,340686,318.0,24870.0
2026-03-07 07:07:00+00:00,17,17,340928,242.0,24900.0
2026-03-07 07:07:30+00:00,17,17,341067,139.0,24930.0
2026-03-07 07:08:00+00:00,17,17,341547,480.0,24960.0
2026-03-07 07:08:30+00:00,17,17,341733,186.0,24990.0
2026-03-07 07:09:00+00:00,17,17,342134,401.0,25020.0
2026-03-07 07:09:30+00:00,18,18,343274,1140.0,25050.0
2026-03-07 07:10:00+00:00,18,18,343374,100.0,25080.0
2026-03-07 07:10:30+00:00,18,18,343522,148.0,25110.0
2026-03-07 07:11:00+00:00,18,18,343953,431.0,25140.0
2026-03-07 07:11:30+00:00,18,18,344206,253.0,25170.0
2026-03-07 07:12:00+00:00,18,18,344768,562.0,25200.0
2026-03-07 07:12:30+00:00,18,18,345151,383.0,25230.0
2026-03-07 07:13:00+00:00,18,18,345730,579.0,25260.0
2026-03-07 07:13:30+00:00,18,18,346215,485.0,25290.0
2026-03-07 07:14:00+00:00,18,18,347094,879.0,25320.0
2026-03-07 07:14:30+00:00,18,18,348774,1680.0,25350.0
2026-03-07 07:15:00+00:00,18,18,349112,338.0,25380.0
2026-03-07 07:15:30+00:00,18,18,349895,783.0,25410.0
2026-03-07 07:16:00+00:00,18,18,350042,147.0,25440.0
2026-03-07 07:16:30+00:00,18,18,350808,766.0,25470.0
2026-03-07 07:17:00+00:00,18,18,351053,245.0,25500.0
2026-03-07 07:17:30+00:00,18,18,351283,230.0,25530.0
2026-03-07 07:18:00+00:00,18,18,352119,836.0,25560.0
2026-03-07 07:18:30+00:00,18,18,352818,699.0,25590.0
2026-03-07 07:19:00+00:00,18,18,353421,603.0,25620.0
2026-03-07 07:19:30+00:00,19,19,355299,1878.0,25650.0
2026-03-07 07:20:00+00:00,0,0,0,0.0,25680.0
2026-03-07 07:20:30+00:00,38,19,712128,1223.0,25710.0
2026-03-07 07:21:00+00:00,0,0,0,0.0,25740.0
2026-03-07 07:21:30+00:00,19,19,356797,275.0,25770.0
2026-03-07 07:22:00+00:00,38,19,714816,768.0,25800.0
2026-03-07 07:22:30+00:00,0,0,0,0.0,25830.0
2026-03-07 07:23:00+00:00,19,19,357722,157.0,25860.0
2026-03-07 07:23:30+00:00,19,19,358402,680.0,25890.0
2026-03-07 07:24:00+00:00,19,19,359170,768.0,25920.0
2026-03-07 07:24:30+00:00,19,19,359995,825.0,25950.0
2026-03-07 07:25:00+00:00,19,19,361544,1549.0,25980.0
2026-03-07 07:25:30+00:00,19,19,361773,229.0,26010.0
2026-03-07 07:26:00+00:00,19,19,362386,613.0,26040.0
2026-03-07 07:26:30+00:00,19,19,362532,146.0,26070.0
2026-03-07 07:27:00+00:00,19,19,362793,261.0,26100.0
2026-03-07 07:27:30+00:00,19,19,362883,90.0,26130.0
2026-03-07 07:28:00+00:00,19,19,363291,408.0,26160.0
2026-03-07 07:28:30+00:00,19,19,363502,211.0,26190.0
2026-03-07 07:29:00+00:00,19,19,363749,247.0,26220.0
2026-03-07 07:29:30+00:00,19,19,364015,266.0,26250.0
2026-03-07 07:30:00+00:00,19,19,364725,710.0,26280.0
2026-03-07 07:30:30+00:00,19,19,364991,266.0,26310.0
2026-03-07 07:31:00+00:00,19,19,365110,119.0,26340.0
2026-03-07 07:31:30+00:00,19,19,365278,168.0,26370.0
2026-03-07 07:32:00+00:00,19,19,365676,398.0,26400.0
2026-03-07 07:32:30+00:00,19,19,365744,68.0,26430.0
2026-03-07 07:33:00+00:00,19,19,366087,343.0,26460.0
2026-03-07 07:33:30+00:00,19,19,366382,295.0,26490.0
2026-03-07 07:34:00+00:00,19,19,366459,77.0,26520.0
2026-03-07 07:34:30+00:00,19,19,367164,705.0,26550.0
2026-03-07 07:35:00+00:00,19,19,367303,139.0,26580.0
2026-03-07 07:35:30+00:00,19,19,367674,371.0,26610.0
2026-03-07 07:36:00+00:00,19,19,367858,184.0,26640.0
2026-03-07 07:36:30+00:00,19,19,368049,191.0,26670.0
2026-03-07 07:37:00+00:00,19,19,368221,172.0,26700.0
2026-03-07 07:37:30+00:00,19,19,368296,75.0,26730.0
2026-03-07 07:38:00+00:00,19,19,368587,291.0,26760.0
2026-03-07 07:38:30+00:00,19,19,368771,184.0,26790.0
2026-03-07 07:39:00+00:00,19,19,368957,186.0,26820.0
2026-03-07 07:39:30+00:00,19,19,369360,403.0,26850.0
2026-03-07 07:40:00+00:00,19,19,369835,475.0,26880.0
2026-03-07 07:40:30+00:00,0,0,0,0.0,26910.0
2026-03-07 07:41:00+00:00,38,19,740335,366.0,26940.0
2026-03-07 07:41:30+00:00,19,19,370401,200.0,26970.0
2026-03-07 07:42:00+00:00,19,19,370600,199.0,27000.0
2026-03-07 07:42:30+00:00,19,19,370770,170.0,27030.0
2026-03-07 07:43:00+00:00,0,0,0,0.0,27060.0
2026-03-07 07:43:30+00:00,19,19,371344,574.0,27090.0
2026-03-07 07:44:00+00:00,19,19,371711,367.0,27120.0
2026-03-07 07:44:30+00:00,19,19,372118,407.0,27150.0
2026-03-07 07:45:00+00:00,19,19,373981,1863.0,27180.0
2026-03-07 07:45:30+00:00,19,19,374156,175.0,27210.0
2026-03-07 07:46:00+00:00,19,19,374890,734.0,27240.0
2026-03-07 07:46:30+00:00,19,19,375546,656.0,27270.0
2026-03-07 07:47:00+00:00,19,19,375819,273.0,27300.0
2026-03-07 07:47:30+00:00,19,19,376018,199.0,27330.0
2026-03-07 07:48:00+00:00,19,19,376557,539.0,27360.0
2026-03-07 07:48:30+00:00,19,19,376709,152.0,27390.0
2026-03-07 07:49:00+00:00,19,19,377455,746.0,27420.0
2026-03-07 07:49:30+00:00,19,19,378015,560.0,27450.0
2026-03-07 07:50:00+00:00,19,19,379090,1075.0,27480.0
2026-03-07 07:50:30+00:00,19,19,379887,797.0,27510.0
2026-03-07 07:51:00+00:00,19,19,379990,103.0,27540.0
2026-03-07 07:51:30+00:00,19,19,380421,431.0,27570.0
2026-03-07 07:52:00+00:00,19,19,380713,292.0,27600.0
2026-03-07 07:52:30+00:00,19,19,380921,208.0,27630.0
2026-03-07 07:53:00+00:00,19,19,381584,663.0,27660.0
2026-03-07 07:53:30+00:00,19,19,381829,245.0,27690.0
2026-03-07 07:54:00+00:00,19,19,382970,1141.0,27720.0
2026-03-07 07:54:30+00:00,19,19,383902,932.0,27750.0
2026-03-07 07:55:00+00:00,19,19,384061,159.0,27780.0
2026-03-07 07:55:30+00:00,19,19,384612,551.0,27810.0
2026-03-07 07:56:00+00:00,19,19,384751,139.0,27840.0
2026-03-07 07:56:30+00:00,19,19,385215,464.0,27870.0
2026-03-07 07:57:00+00:00,19,19,385361,146.0,27900.0
2026-03-07 07:57:30+00:00,19,19,385501,140.0,27930.0
2026-03-07 07:58:00+00:00,19,19,386007,506.0,27960.0
2026-03-07 07:58:30+00:00,19,19,386271,264.0,27990.0
2026-03-07 07:59:00+00:00,19,19,386837,566.0,28020.0
2026-03-07 07:59:30+00:00,19,19,387557,720.0,28050.0
2026-03-07 08:00:00+00:00,19,19,387693,136.0,28080.0
2026-03-07 08:00:30+00:00,19,19,388168,475.0,28110.0
2026-03-07 08:01:00+00:00,19,19,388221,53.0,28140.0
2026-03-07 08:01:30+00:00,19,19,388445,224.0,28170.0
2026-03-07 08:02:00+00:00,19,19,388718,273.0,28200.0
2026-03-07 08:02:30+00:00,19,19,388769,51.0,28230.0
2026-03-07 08:03:00+00:00,0,0,0,0.0,28260.0
2026-03-07 08:03:30+00:00,19,19,389091,322.0,28290.0
2026-03-07 08:04:00+00:00,19,19,389442,351.0,28320.0
2026-03-07 08:04:30+00:00,19,19,389700,258.0,28350.0
2026-03-07 08:05:00+00:00,19,19,390253,553.0,28380.0
2026-03-07 08:05:30+00:00,19,19,390521,268.0,28410.0
2026-03-07 08:06:00+00:00,19,19,390930,409.0,28440.0
2026-03-07 08:06:30+00:00,19,19,390970,40.0,28470.0
2026-03-07 08:07:00+00:00,19,19,391406,436.0,28500.0
2026-03-07 08:07:30+00:00,19,19,391461,55.0,28530.0
2026-03-07 08:08:00+00:00,19,19,391570,109.0,28560.0
2026-03-07 08:08:30+00:00,19,19,392125,555.0,28590.0
2026-03-07 08:09:00+00:00,19,19,392358,233.0,28620.0
2026-03-07 08:09:30+00:00,19,19,392919,561.0,28650.0
2026-03-07 08:10:00+00:00,19,19,393336,417.0,28680.0
2026-03-07 08:10:30+00:00,19,19,393453,117.0,28710.0
2026-03-07 08:11:00+00:00,19,19,393785,332.0,28740.0
2026-03-07 08:11:30+00:00,19,19,394074,289.0,28770.0
2026-03-07 08:12:00+00:00,19,19,394311,237.0,28800.0
2026-03-07 08:12:30+00:00,19,19,394375,64.0,28830.0
2026-03-07 08:13:00+00:00,19,19,394523,148.0,28860.0
2026-03-07 08:13:30+00:00,19,19,395138,615.0,28890.0
2026-03-07 08:14:00+00:00,19,19,395503,365.0,28920.0
2026-03-07 08:14:30+00:00,19,19,397037,1534.0,28950.0
2026-03-07 08:15:00+00:00,19,19,397150,113.0,28980.0
2026-03-07 08:15:30+00:00,19,19,398281,1131.0,29010.0
2026-03-07 08:16:00+00:00,19,19,398313,32.0,29040.0
2026-03-07 08:16:30+00:00,19,19,398938,625.0,29070.0
2026-03-07 08:17:00+00:00,19,19,399121,183.0,29100.0
2026-03-07 08:17:30+00:00,19,19,399195,74.0,29130.0
2026-03-07 08:18:00+00:00,19,19,399864,669.0,29160.0
2026-03-07 08:18:30+00:00,19,19,400528,664.0,29190.0
2026-03-07 08:19:00+00:00,19,19,400901,373.0,29220.0
2026-03-07 08:19:30+00:00,19,19,402066,1165.0,29250.0
2026-03-07 08:20:00+00:00,19,19,402189,123.0,29280.0
2026-03-07 08:20:30+00:00,19,19,403360,1171.0,29310.0
2026-03-07 08:21:00+00:00,19,19,403377,17.0,29340.0
2026-03-07 08:21:30+00:00,19,19,403997,620.0,29370.0
2026-03-07 08:22:00+00:00,19,19,404177,180.0,29400.0
2026-03-07 08:22:30+00:00,19,19,404286,109.0,29430.0
2026-03-07 08:23:00+00:00,19,19,404922,636.0,29460.0
2026-03-07 08:23:30+00:00,19,19,405288,366.0,29490.0
2026-03-07 08:24:00+00:00,0,0,0,0.0,29520.0
2026-03-07 08:24:30+00:00,19,19,406041,753.0,29550.0
2026-03-07 08:25:00+00:00,19,19,407109,1068.0,29580.0
2026-03-07 08:25:30+00:00,19,19,407722,613.0,29610.0
2026-03-07 08:26:00+00:00,19,19,408296,574.0,29640.0
2026-03-07 08:26:30+00:00,19,19,408814,518.0,29670.0
2026-03-07 08:27:00+00:00,19,19,409166,352.0,29700.0
2026-03-07 08:27:30+00:00,19,19,409336,170.0,29730.0
2026-03-07 08:28:00+00:00,19,19,409445,109.0,29760.0
2026-03-07 08:28:30+00:00,19,19,410167,722.0,29790.0
2026-03-07 08:29:00+00:00,19,19,410543,376.0,29820.0
2026-03-07 08:29:30+00:00,19,19,410756,213.0,29850.0
2026-03-07 08:30:00+00:00,19,19,411408,652.0,29880.0
2026-03-07 08:30:30+00:00,19,19,411698,290.0,29910.0
2026-03-07 08:31:00+00:00,19,19,411732,34.0,29940.0
2026-03-07 08:31:30+00:00,19,19,411972,240.0,29970.0
2026-03-07 08:32:00+00:00,19,19,412075,103.0,30000.0
2026-03-07 08:32:30+00:00,19,19,412209,134.0,30030.0
2026-03-07 08:33:00+00:00,19,19,412251,42.0,30060.0
2026-03-07 08:33:30+00:00,19,19,412619,368.0,30090.0
2026-03-07 08:34:00+00:00,19,19,412908,289.0,30120.0
2026-03-07 08:34:30+00:00,19,19,413167,259.0,30150.0
2026-03-07 08:35:00+00:00,19,19,414785,1618.0,30180.0
2026-03-07 08:35:30+00:00,19,19,415310,525.0,30210.0
2026-03-07 08:36:00+00:00,19,19,415448,138.0,30240.0
2026-03-07 08:36:30+00:00,19,19,415806,358.0,30270.0
2026-03-07 08:37:00+00:00,19,19,415972,166.0,30300.0
2026-03-07 08:37:30+00:00,19,19,416151,179.0,30330.0
2026-03-07 08:38:00+00:00,19,19,416762,611.0,30360.0
2026-03-07 08:38:30+00:00,19,19,417118,356.0,30390.0
2026-03-07 08:39:00+00:00,19,19,417319,201.0,30420.0
2026-03-07 08:39:30+00:00,19,19,417887,568.0,30450.0
2026-03-07 08:40:00+00:00,19,19,418217,330.0,30480.0
2026-03-07 08:40:30+00:00,19,19,418276,59.0,30510.0
2026-03-07 08:41:00+00:00,19,19,418540,264.0,30540.0
2026-03-07 08:41:30+00:00,19,19,418790,250.0,30570.0
2026-03-07 08:42:00+00:00,19,19,418919,129.0,30600.0
2026-03-07 08:42:30+00:00,19,19,418994,75.0,30630.0
2026-03-07 08:43:00+00:00,19,19,419298,304.0,30660.0
2026-03-07 08:43:30+00:00,19,19,419435,137.0,30690.0
2026-03-07 08:44:00+00:00,19,19,419542,107.0,30720.0
2026-03-07 08:44:30+00:00,19,19,420824,1282.0,30750.0
2026-03-07 08:45:00+00:00,0,0,0,0.0,30780.0
2026-03-07 08:45:30+00:00,19,19,421041,217.0,30810.0
2026-03-07 08:46:00+00:00,19,19,421961,920.0,30840.0
2026-03-07 08:46:30+00:00,19,19,422017,56.0,30870.0
2026-03-07 08:47:00+00:00,19,19,422737,720.0,30900.0
2026-03-07 08:47:30+00:00,19,19,422888,151.0,30930.0
2026-03-07 08:48:00+00:00,19,19,423005,117.0,30960.0
2026-03-07 08:48:30+00:00,19,19,423627,622.0,30990.0
2026-03-07 08:49:00+00:00,19,19,424193,566.0,31020.0
2026-03-07 08:49:30+00:00,19,19,424515,322.0,31050.0
2026-03-07 08:50:00+00:00,19,19,425779,1264.0,31080.0
2026-03-07 08:50:30+00:00,19,19,426357,578.0,31110.0
2026-03-07 08:51:00+00:00,19,19,426746,389.0,31140.0
2026-03-07 08:51:30+00:00,19,19,426977,231.0,31170.0
2026-03-07 08:52:00+00:00,19,19,427267,290.0,31200.0
2026-03-07 08:52:30+00:00,19,19,427380,113.0,31230.0
2026-03-07 08:53:00+00:00,19,19,427727,347.0,31260.0
2026-03-07 08:53:30+00:00,19,19,427887,160.0,31290.0
2026-03-07 08:54:00+00:00,19,19,428114,269.0,31320.0
2026-03-07 08:54:30+00:00,19,19,428420,306.0,31350.0
2026-03-07 08:55:00+00:00,19,19,428985,565.0,31380.0
2026-03-07 08:55:30+00:00,19,19,429505,520.0,31410.0
2026-03-07 08:56:00+00:00,19,19,429874,369.0,31440.0
2026-03-07 08:56:30+00:00,19,19,430353,479.0,31470.0
2026-03-07 08:57:00+00:00,19,19,430633,280.0,31500.0
2026-03-07 08:57:30+00:00,19,19,430681,48.0,31530.0
2026-03-07 08:58:00+00:00,19,19,431273,592.0,31560.0
2026-03-07 08:58:30+00:00,19,19,431367,94.0,31590.0
2026-03-07 08:59:00+00:00,19,19,431774,407.0,31620.0
2026-03-07 08:59:30+00:00,19,19,433322,1548.0,31650.0
2026-03-07 09:00:00+00:00,19,19,433920,598.0,31680.0
2026-03-07 09:00:30+00:00,19,19,434433,513.0,31710.0
2026-03-07 09:01:00+00:00,19,19,434488,55.0,31740.0
2026-03-07 09:01:30+00:00,19,19,434745,257.0,31770.0
2026-03-07 09:02:00+00:00,19,19,434919,174.0,31800.0
2026-03-07 09:02:30+00:00,19,19,434941,22.0,31830.0
2026-03-07 09:03:00+00:00,19,19,435240,299.0,31860.0
2026-03-07 09:03:30+00:00,19,19,435467,227.0,31890.0
2026-03-07 09:04:00+00:00,19,19,435681,214.0,31920.0
2026-03-07 09:04:30+00:00,19,19,436292,611.0,31950.0
2026-03-07 09:05:00+00:00,19,19,436751,459.0,31980.0
2026-03-07 09:05:30+00:00,0,0,0,0.0,32010.0
2026-03-07 09:06:00+00:00,19,19,437037,286.0,32040.0
2026-03-07 09:06:30+00:00,19,19,437086,49.0,32070.0
2026-03-07 09:07:00+00:00,19,19,437497,411.0,32100.0
2026-03-07 09:07:30+00:00,19,19,437663,166.0,32130.0
2026-03-07 09:08:00+00:00,19,19,437807,144.0,32160.0
2026-03-07 09:08:30+00:00,19,19,438346,539.0,32190.0
2026-03-07 09:09:00+00:00,19,19,438869,523.0,32220.0
2026-03-07 09:09:30+00:00,19,19,439327,458.0,32250.0
2026-03-07 09:10:00+00:00,19,19,440357,1030.0,32280.0
2026-03-07 09:10:30+00:00,19,19,440836,479.0,32310.0
2026-03-07 09:11:00+00:00,19,19,441356,520.0,32340.0
2026-03-07 09:11:30+00:00,19,19,441601,245.0,32370.0
2026-03-07 09:12:00+00:00,19,19,441757,156.0,32400.0
2026-03-07 09:12:30+00:00,19,19,441865,108.0,32430.0
2026-03-07 09:13:00+00:00,19,19,442223,358.0,32460.0
2026-03-07 09:13:30+00:00,19,19,442363,140.0,32490.0
2026-03-07 09:14:00+00:00,19,19,442751,388.0,32520.0
2026-03-07 09:14:30+00:00,19,19,443037,286.0,32550.0
2026-03-07 09:15:00+00:00,19,19,444134,1097.0,32580.0
2026-03-07 09:15:30+00:00,19,19,444548,414.0,32610.0
2026-03-07 09:16:00+00:00,19,19,445082,534.0,32640.0
2026-03-07 09:16:30+00:00,19,19,445446,364.0,32670.0
2026-03-07 09:17:00+00:00,19,19,445539,93.0,32700.0
2026-03-07 09:17:30+00:00,19,19,445628,89.0,32730.0
2026-03-07 09:18:00+00:00,19,19,445821,193.0,32760.0
2026-03-07 09:18:30+00:00,19,19,446192,371.0,32790.0
2026-03-07 09:19:00+00:00,19,19,446697,505.0,32820.0
2026-03-07 09:19:30+00:00,19,19,447973,1276.0,32850.0
2026-03-07 09:20:00+00:00,19,19,448285,312.0,32880.0
2026-03-07 09:20:30+00:00,19,19,449975,1690.0,32910.0
2026-03-07 09:21:00+00:00,19,19,450020,45.0,32940.0
2026-03-07 09:21:30+00:00,19,19,450483,463.0,32970.0
2026-03-07 09:22:00+00:00,19,19,450644,161.0,33000.0
2026-03-07 09:22:30+00:00,19,19,450691,47.0,33030.0
2026-03-07 09:23:00+00:00,19,19,451041,350.0,33060.0
2026-03-07 09:23:30+00:00,19,19,451358,317.0,33090.0
2026-03-07 09:24:00+00:00,19,19,451425,67.0,33120.0
2026-03-07 09:24:30+00:00,19,19,452149,724.0,33150.0
2026-03-07 09:25:00+00:00,19,19,452492,343.0,33180.0
2026-03-07 09:25:30+00:00,19,19,452908,416.0,33210.0
2026-03-07 09:26:00+00:00,19,19,452969,61.0,33240.0
2026-03-07 09:26:30+00:00,0,0,0,0.0,33270.0
2026-03-07 09:27:00+00:00,19,19,453209,240.0,33300.0
2026-03-07 09:27:30+00:00,19,19,453330,121.0,33330.0
2026-03-07 09:28:00+00:00,19,19,453362,32.0,33360.0
2026-03-07 09:28:30+00:00,19,19,453682,320.0,33390.0
2026-03-07 09:29:00+00:00,19,19,454050,368.0,33420.0
2026-03-07 09:29:30+00:00,19,19,454240,190.0,33450.0
2026-03-07 09:30:00+00:00,19,19,455158,918.0,33480.0
2026-03-07 09:30:30+00:00,19,19,455622,464.0,33510.0
2026-03-07 09:31:00+00:00,19,19,456087,465.0,33540.0
2026-03-07 09:31:30+00:00,19,19,456245,158.0,33570.0
2026-03-07 09:32:00+00:00,19,19,456643,398.0,33600.0
2026-03-07 09:32:30+00:00,19,19,456729,86.0,33630.0
2026-03-07 09:33:00+00:00,19,19,456810,81.0,33660.0
2026-03-07 09:33:30+00:00,19,19,457072,262.0,33690.0
2026-03-07 09:34:00+00:00,19,19,457256,184.0,33720.0
2026-03-07 09:34:30+00:00,19,19,457371,115.0,33750.0
2026-03-07 09:35:00+00:00,19,19,457730,359.0,33780.0
2026-03-07 09:35:30+00:00,19,19,457916,186.0,33810.0
2026-03-07 09:36:00+00:00,19,19,458209,293.0,33840.0
2026-03-07 09:36:30+00:00,19,19,458597,388.0,33870.0
2026-03-07 09:37:00+00:00,19,19,458699,102.0,33900.0
2026-03-07 09:37:30+00:00,19,19,458781,82.0,33930.0
2026-03-07 09:38:00+00:00,19,19,458827,46.0,33960.0
2026-03-07 09:38:30+00:00,19,19,459463,636.0,33990.0
2026-03-07 09:39:00+00:00,19,19,459691,228.0,34020.0
2026-03-07 09:39:30+00:00,19,19,459858,167.0,34050.0
2026-03-07 09:40:00+00:00,19,19,460797,939.0,34080.0
2026-03-07 09:40:30+00:00,19,19,461552,755.0,34110.0
2026-03-07 09:41:00+00:00,19,19,461599,47.0,34140.0
2026-03-07 09:41:30+00:00,19,19,461990,391.0,34170.0
2026-03-07 09:42:00+00:00,19,19,462144,154.0,34200.0
2026-03-07 09:42:30+00:00,19,19,462168,24.0,34230.0
2026-03-07 09:43:00+00:00,19,19,462353,185.0,34260.0
2026-03-07 09:43:30+00:00,19,19,463338,985.0,34290.0
2026-03-07 09:44:00+00:00,19,19,463889,551.0,34320.0
2026-03-07 09:44:30+00:00,19,19,465166,1277.0,34350.0
2026-03-07 09:45:00+00:00,19,19,465568,402.0,34380.0
2026-03-07 09:45:30+00:00,19,19,466127,559.0,34410.0
2026-03-07 09:46:00+00:00,19,19,466137,10.0,34440.0
2026-03-07 09:46:30+00:00,19,19,466789,652.0,34470.0
2026-03-07 09:47:00+00:00,19,19,466869,80.0,34500.0
2026-03-07 09:47:30+00:00,0,0,0,0.0,34530.0
2026-03-07 09:48:00+00:00,19,19,466945,76.0,34560.0
2026-03-07 09:48:30+00:00,19,19,467427,482.0,34590.0
2026-03-07 09:49:00+00:00,19,19,467848,421.0,34620.0
2026-03-07 09:49:30+00:00,19,19,468137,289.0,34650.0
2026-03-07 09:50:00+00:00,19,19,469344,1207.0,34680.0
2026-03-07 09:50:30+00:00,19,19,469987,643.0,34710.0
2026-03-07 09:51:00+00:00,19,19,470599,612.0,34740.0
2026-03-07 09:51:30+00:00,19,19,470618,19.0,34770.0
2026-03-07 09:52:00+00:00,19,19,471203,585.0,34800.0
2026-03-07 09:52:30+00:00,19,19,471285,82.0,34830.0
2026-03-07 09:53:00+00:00,19,19,471350,65.0,34860.0
2026-03-07 09:53:30+00:00,19,19,471851,501.0,34890.0
2026-03-07 09:54:00+00:00,19,19,472098,247.0,34920.0
2026-03-07 09:54:30+00:00,19,19,472778,680.0,34950.0
2026-03-07 09:55:00+00:00,19,19,473904,1126.0,34980.0
2026-03-07 09:55:30+00:00,19,19,474365,461.0,35010.0
2026-03-07 09:56:00+00:00,19,19,475049,684.0,35040.0
2026-03-07 09:56:30+00:00,19,19,475466,417.0,35070.0
2026-03-07 09:57:00+00:00,19,19,475666,200.0,35100.0
2026-03-07 09:57:30+00:00,19,19,475737,71.0,35130.0
2026-03-07 09:58:00+00:00,19,19,475790,53.0,35160.0
2026-03-07 09:58:30+00:00,19,19,476260,470.0,35190.0
2026-03-07 09:59:00+00:00,19,19,476555,295.0,35220.0
2026-03-07 09:59:30+00:00,19,19,476790,235.0,35250.0
2026-03-07 10:00:00+00:00,19,19,477907,1117.0,35280.0
2026-03-07 10:00:30+00:00,19,19,477974,67.0,35310.0
2026-03-07 10:01:00+00:00,19,19,478530,556.0,35340.0
2026-03-07 10:01:30+00:00,19,19,479041,511.0,35370.0
2026-03-07 10:02:00+00:00,19,19,479245,204.0,35400.0
2026-03-07 10:02:30+00:00,19,19,479404,159.0,35430.0
2026-03-07 10:03:00+00:00,19,19,479849,445.0,35460.0
2026-03-07 10:03:30+00:00,19,19,480284,435.0,35490.0
2026-03-07 10:04:00+00:00,19,19,480478,194.0,35520.0
2026-03-07 10:04:30+00:00,19,19,481515,1037.0,35550.0
2026-03-07 10:05:00+00:00,19,19,482074,559.0,35580.0
2026-03-07 10:05:30+00:00,19,19,482570,496.0,35610.0
2026-03-07 10:06:00+00:00,19,19,482612,42.0,35640.0
2026-03-07 10:06:30+00:00,19,19,483164,552.0,35670.0
2026-03-07 10:07:00+00:00,19,19,483236,72.0,35700.0
2026-03-07 10:07:30+00:00,19,19,483308,72.0,35730.0
2026-03-07 10:08:00+00:00,19,19,483803,495.0,35760.0
2026-03-07 10:08:30+00:00,0,0,0,0.0,35790.0
2026-03-07 10:09:00+00:00,19,19,484342,539.0,35820.0
2026-03-07 10:09:30+00:00,19,19,484437,95.0,35850.0
2026-03-07 10:10:00+00:00,19,19,485452,1015.0,35880.0
2026-03-07 10:10:30+00:00,19,19,485854,402.0,35910.0
2026-03-07 10:11:00+00:00,19,19,486448,594.0,35940.0
2026-03-07 10:11:30+00:00,19,19,486479,31.0,35970.0
2026-03-07 10:12:00+00:00,19,19,486956,477.0,36000.0
2026-03-07 10:12:30+00:00,19,19,487037,81.0,36030.0
2026-03-07 10:13:00+00:00,19,19,487133,96.0,36060.0
2026-03-07 10:13:30+00:00,19,19,487551,418.0,36090.0
2026-03-07 10:14:00+00:00,19,19,488415,864.0,36120.0
2026-03-07 10:14:30+00:00,19,19,488731,316.0,36150.0
2026-03-07 10:15:00+00:00,19,19,489958,1227.0,36180.0
2026-03-07 10:15:30+00:00,19,19,490793,835.0,36210.0
2026-03-07 10:16:00+00:00,19,19,490815,22.0,36240.0
2026-03-07 10:16:30+00:00,19,19,491045,230.0,36270.0
2026-03-07 10:17:00+00:00,19,19,491163,118.0,36300.0
2026-03-07 10:17:30+00:00,19,19,491222,59.0,36330.0
2026-03-07 10:18:00+00:00,19,19,491381,159.0,36360.0
2026-03-07 10:18:30+00:00,19,19,491539,158.0,36390.0
2026-03-07 10:19:00+00:00,19,19,491664,125.0,36420.0
2026-03-07 10:19:30+00:00,19,19,491926,262.0,36450.0
2026-03-07 10:20:00+00:00,19,19,492533,607.0,36480.0
2026-03-07 10:20:30+00:00,19,19,492895,362.0,36510.0
2026-03-07 10:21:00+00:00,19,19,493132,237.0,36540.0
2026-03-07 10:21:30+00:00,19,19,493347,215.0,36570.0
2026-03-07 10:22:00+00:00,19,19,493447,100.0,36600.0
2026-03-07 10:22:30+00:00,19,19,493493,46.0,36630.0
2026-03-07 10:23:00+00:00,19,19,493597,104.0,36660.0
2026-03-07 10:23:30+00:00,19,19,493959,362.0,36690.0
2026-03-07 10:24:00+00:00,19,19,494796,837.0,36720.0
2026-03-07 10:24:30+00:00,19,19,495850,1054.0,36750.0
2026-03-07 10:25:00+00:00,19,19,495962,112.0,36780.0
2026-03-07 10:25:30+00:00,19,19,496802,840.0,36810.0
2026-03-07 10:26:00+00:00,19,19,496851,49.0,36840.0
2026-03-07 10:26:30+00:00,19,19,497133,282.0,36870.0
2026-03-07 10:27:00+00:00,19,19,497189,56.0,36900.0
2026-03-07 10:27:30+00:00,19,19,497243,54.0,36930.0
2026-03-07 10:28:00+00:00,19,19,497390,147.0,36960.0
2026-03-07 10:28:30+00:00,0,0,0,0.0,36990.0
2026-03-07 10:29:00+00:00,19,19,497674,284.0,37020.0
2026-03-07 10:29:30+00:00,19,19,497762,88.0,37050.0
2026-03-07 10:30:00+00:00,19,19,498298,536.0,37080.0
2026-03-07 10:30:30+00:00,19,19,498484,186.0,37110.0
2026-03-07 10:31:00+00:00,19,19,498708,224.0,37140.0
2026-03-07 10:31:30+00:00,19,19,498733,25.0,37170.0
2026-03-07 10:32:00+00:00,19,19,498933,200.0,37200.0
2026-03-07 10:32:30+00:00,19,19,498967,34.0,37230.0
2026-03-07 10:33:00+00:00,19,19,499146,179.0,37260.0
2026-03-07 10:33:30+00:00,19,19,499174,28.0,37290.0
2026-03-07 10:34:00+00:00,19,19,499388,214.0,37320.0
2026-03-07 10:34:30+00:00,19,19,499498,110.0,37350.0
2026-03-07 10:35:00+00:00,19,19,500246,748.0,37380.0
2026-03-07 10:35:30+00:00,19,19,500642,396.0,37410.0
2026-03-07 10:36:00+00:00,19,19,501055,413.0,37440.0
2026-03-07 10:36:30+00:00,19,19,501175,120.0,37470.0
2026-03-07 10:37:00+00:00,19,19,501583,408.0,37500.0
2026-03-07 10:37:30+00:00,19,19,501653,70.0,37530.0
2026-03-07 10:38:00+00:00,19,19,501723,70.0,37560.0
2026-03-07 10:38:30+00:00,19,19,502426,703.0,37590.0
2026-03-07 10:39:00+00:00,19,19,502910,484.0,37620.0
2026-03-07 10:39:30+00:00,19,19,504208,1298.0,37650.0
2026-03-07 10:40:00+00:00,19,19,504666,458.0,37680.0
2026-03-07 10:40:30+00:00,19,19,505187,521.0,37710.0
2026-03-07 10:41:00+00:00,19,19,505222,35.0,37740.0
2026-03-07 10:41:30+00:00,19,19,505648,426.0,37770.0
2026-03-07 10:42:00+00:00,19,19,505807,159.0,37800.0
2026-03-07 10:42:30+00:00,19,19,505810,3.0,37830.0
2026-03-07 10:43:00+00:00,19,19,506165,355.0,37860.0
2026-03-07 10:43:30+00:00,19,19,506728,563.0,37890.0
2026-03-07 10:44:00+00:00,19,19,506894,166.0,37920.0
2026-03-07 10:44:30+00:00,19,19,507807,913.0,37950.0
2026-03-07 10:45:00+00:00,19,19,508185,378.0,37980.0
2026-03-07 10:45:30+00:00,19,19,508195,10.0,38010.0
2026-03-07 10:46:00+00:00,19,19,508640,445.0,38040.0
2026-03-07 10:46:30+00:00,19,19,509119,479.0,38070.0
2026-03-07 10:47:00+00:00,19,19,509201,82.0,38100.0
2026-03-07 10:47:30+00:00,19,19,509219,18.0,38130.0
2026-03-07 10:48:00+00:00,19,19,509557,338.0,38160.0
2026-03-07 10:48:30+00:00,19,19,510274,717.0,38190.0
2026-03-07 10:49:00+00:00,0,0,0,0.0,38220.0
2026-03-07 10:49:30+00:00,19,19,510414,140.0,38250.0
2026-03-07 10:50:00+00:00,19,19,511403,989.0,38280.0
2026-03-07 10:50:30+00:00,19,19,511961,558.0,38310.0
2026-03-07 10:51:00+00:00,19,19,512308,347.0,38340.0
2026-03-07 10:51:30+00:00,19,19,512421,113.0,38370.0
2026-03-07 10:52:00+00:00,19,19,512651,230.0,38400.0
2026-03-07 10:52:30+00:00,19,19,512701,50.0,38430.0
2026-03-07 10:53:00+00:00,19,19,512894,193.0,38460.0
2026-03-07 10:53:30+00:00,19,19,512967,73.0,38490.0
2026-03-07 10:54:00+00:00,19,19,513047,80.0,38520.0
2026-03-07 10:54:30+00:00,19,19,513284,237.0,38550.0
2026-03-07 10:55:00+00:00,19,19,513730,446.0,38580.0
2026-03-07 10:55:30+00:00,19,19,513925,195.0,38610.0
2026-03-07 10:56:00+00:00,19,19,514123,198.0,38640.0
2026-03-07 10:56:30+00:00,19,19,514275,152.0,38670.0
2026-03-07 10:57:00+00:00,19,19,514310,35.0,38700.0
2026-03-07 10:57:30+00:00,19,19,514341,31.0,38730.0
2026-03-07 10:58:00+00:00,19,19,514389,48.0,38760.0
2026-03-07 10:58:30+00:00,19,19,514751,362.0,38790.0
2026-03-07 10:59:00+00:00,19,19,514876,125.0,38820.0
2026-03-07 10:59:30+00:00,19,19,515796,920.0,38850.0
2026-03-07 11:00:00+00:00,19,19,515867,71.0,38880.0
2026-03-07 11:00:30+00:00,19,19,516512,645.0,38910.0
2026-03-07 11:01:00+00:00,19,19,516526,14.0,38940.0
2026-03-07 11:01:30+00:00,19,19,516572,46.0,38970.0
2026-03-07 11:02:00+00:00,19,19,516786,214.0,39000.0
2026-03-07 11:02:30+00:00,19,19,516808,22.0,39030.0
2026-03-07 11:03:00+00:00,19,19,517029,221.0,39060.0
2026-03-07 11:03:30+00:00,19,19,517268,239.0,39090.0
2026-03-07 11:04:00+00:00,19,19,517507,239.0,39120.0
2026-03-07 11:04:30+00:00,19,19,518058,551.0,39150.0
2026-03-07 11:05:00+00:00,19,19,518094,36.0,39180.0
2026-03-07 11:05:30+00:00,19,19,518655,561.0,39210.0
2026-03-07 11:06:00+00:00,19,19,518714,59.0,39240.0
2026-03-07 11:06:30+00:00,19,19,518919,205.0,39270.0
2026-03-07 11:07:00+00:00,19,19,519010,91.0,39300.0
2026-03-07 11:07:30+00:00,19,19,519021,11.0,39330.0
2026-03-07 11:08:00+00:00,19,19,519338,317.0,39360.0
2026-03-07 11:08:30+00:00,19,19,519724,386.0,39390.0
2026-03-07 11:09:00+00:00,0,0,0,0.0,39420.0
2026-03-07 11:09:30+00:00,19,19,519754,30.0,39450.0
2026-03-07 11:10:00+00:00,19,19,520738,984.0,39480.0
2026-03-07 11:10:30+00:00,19,19,520825,87.0,39510.0
2026-03-07 11:11:00+00:00,19,19,521311,486.0,39540.0
2026-03-07 11:11:30+00:00,19,19,521795,484.0,39570.0
2026-03-07 11:12:00+00:00,19,19,522231,436.0,39600.0
2026-03-07 11:12:30+00:00,19,19,522326,95.0,39630.0
2026-03-07 11:13:00+00:00,19,19,522371,45.0,39660.0
2026-03-07 11:13:30+00:00,19,19,522954,583.0,39690.0
2026-03-07 11:14:00+00:00,19,19,523322,368.0,39720.0
2026-03-07 11:14:30+00:00,19,19,523594,272.0,39750.0
2026-03-07 11:15:00+00:00,19,19,524026,432.0,39780.0
2026-03-07 11:15:30+00:00,19,19,524700,674.0,39810.0
2026-03-07 11:16:00+00:00,19,19,525051,351.0,39840.0
2026-03-07 11:16:30+00:00,19,19,525242,191.0,39870.0
2026-03-07 11:17:00+00:00,19,19,525418,176.0,39900.0
2026-03-07 11:17:30+00:00,19,19,525447,29.0,39930.0
2026-03-07 11:18:00+00:00,19,19,525783,336.0,39960.0
2026-03-07 11:18:30+00:00,19,19,525954,171.0,39990.0
2026-03-07 11:19:00+00:00,19,19,526474,520.0,40020.0
2026-03-07 11:19:30+00:00,19,19,527167,693.0,40050.0
2026-03-07 11:20:00+00:00,19,19,527207,40.0,40080.0
2026-03-07 11:20:30+00:00,19,19,528508,1301.0,40110.0
2026-03-07 11:21:00+00:00,19,19,528510,2.0,40140.0
2026-03-07 11:21:30+00:00,19,19,528609,99.0,40170.0
2026-03-07 11:22:00+00:00,19,19,528961,352.0,40200.0
2026-03-07 11:22:30+00:00,19,19,529028,67.0,40230.0
2026-03-07 11:23:00+00:00,19,19,529416,388.0,40260.0
2026-03-07 11:23:30+00:00,19,19,529839,423.0,40290.0
2026-03-07 11:24:00+00:00,19,19,530170,331.0,40320.0
2026-03-07 11:24:30+00:00,19,19,530218,48.0,40350.0
2026-03-07 11:25:00+00:00,19,19,530750,532.0,40380.0
2026-03-07 11:25:30+00:00,19,19,531196,446.0,40410.0
2026-03-07 11:26:00+00:00,19,19,531230,34.0,40440.0
2026-03-07 11:26:30+00:00,19,19,531321,91.0,40470.0
2026-03-07 11:27:00+00:00,19,19,531389,68.0,40500.0
2026-03-07 11:27:30+00:00,19,19,531409,20.0,40530.0
2026-03-07 11:28:00+00:00,19,19,531506,97.0,40560.0
2026-03-07 11:28:30+00:00,19,19,531621,115.0,40590.0
2026-03-07 11:29:00+00:00,19,19,531834,213.0,40620.0
2026-03-07 11:29:30+00:00,19,19,531871,37.0,40650.0
2026-03-07 11:30:00+00:00,19,19,532339,468.0,40680.0
2026-03-07 11:30:30+00:00,0,0,0,0.0,40710.0
2026-03-07 11:31:00+00:00,19,19,532487,148.0,40740.0
2026-03-07 11:31:30+00:00,19,19,532527,40.0,40770.0
2026-03-07 11:32:00+00:00,19,19,532620,93.0,40800.0
2026-03-07 11:32:30+00:00,19,19,532624,4.0,40830.0
2026-03-07 11:33:00+00:00,19,19,532672,48.0,40860.0
2026-03-07 11:33:30+00:00,19,19,532969,297.0,40890.0
2026-03-07 11:34:00+00:00,19,19,533282,313.0,40920.0
2026-03-07 11:34:30+00:00,19,19,533365,83.0,40950.0
2026-03-07 11:35:00+00:00,19,19,533594,229.0,40980.0
2026-03-07 11:35:30+00:00,19,19,533713,119.0,41010.0
2026-03-07 11:36:00+00:00,19,19,533797,84.0,41040.0
2026-03-07 11:36:30+00:00,19,19,533824,27.0,41070.0
2026-03-07 11:37:00+00:00,19,19,533877,53.0,41100.0
2026-03-07 11:37:30+00:00,19,19,533914,37.0,41130.0
2026-03-07 11:38:00+00:00,19,19,533978,64.0,41160.0
2026-03-07 11:38:30+00:00,19,19,533989,11.0,41190.0
2026-03-07 11:39:00+00:00,19,19,534090,101.0,41220.0
2026-03-07 11:39:30+00:00,19,19,534142,52.0,41250.0
2026-03-07 11:40:00+00:00,19,19,534286,144.0,41280.0
2026-03-07 11:40:30+00:00,19,19,534381,95.0,41310.0
2026-03-07 11:41:00+00:00,19,19,534429,48.0,41340.0
2026-03-07 11:41:30+00:00,19,19,534451,22.0,41370.0
2026-03-07 11:42:00+00:00,19,19,534544,93.0,41400.0
2026-03-07 11:42:30+00:00,19,19,534556,12.0,41430.0
2026-03-07 11:43:00+00:00,19,19,534667,111.0,41460.0
2026-03-07 11:43:30+00:00,19,19,534690,23.0,41490.0
2026-03-07 11:44:00+00:00,19,19,534779,89.0,41520.0
2026-03-07 11:44:30+00:00,19,19,534820,41.0,41550.0
2026-03-07 11:45:00+00:00,19,19,535094,274.0,41580.0
2026-03-07 11:45:30+00:00,19,19,535320,226.0,41610.0
2026-03-07 11:46:00+00:00,19,19,535746,426.0,41640.0
2026-03-07 11:46:30+00:00,19,19,536000,254.0,41670.0
2026-03-07 11:47:00+00:00,19,19,536144,144.0,41700.0
2026-03-07 11:47:30+00:00,19,19,536174,30.0,41730.0
2026-03-07 11:48:00+00:00,19,19,536878,704.0,41760.0
2026-03-07 11:48:30+00:00,19,19,537194,316.0,41790.0
2026-03-07 11:49:00+00:00,19,19,537201,7.0,41820.0
2026-03-07 11:49:30+00:00,19,19,537888,687.0,41850.0
2026-03-07 11:50:00+00:00,19,19,538387,499.0,41880.0
2026-03-07 11:50:30+00:00,19,19,538408,21.0,41910.0
2026-03-07 11:51:00+00:00,19,19,538749,341.0,41940.0
2026-03-07 11:51:30+00:00,0,0,0,0.0,41970.0
2026-03-07 11:52:00+00:00,19,19,539053,304.0,42000.0
2026-03-07 11:52:30+00:00,19,19,539143,90.0,42030.0
2026-03-07 11:53:00+00:00,19,19,539180,37.0,42060.0
2026-03-07 11:53:30+00:00,19,19,539511,331.0,42090.0
2026-03-07 11:54:00+00:00,19,19,539955,444.0,42120.0
2026-03-07 11:54:30+00:00,19,19,540144,189.0,42150.0
2026-03-07 11:55:00+00:00,19,19,540650,506.0,42180.0
2026-03-07 11:55:30+00:00,19,19,541131,481.0,42210.0
2026-03-07 11:56:00+00:00,19,19,541428,297.0,42240.0
2026-03-07 11:56:30+00:00,19,19,541441,13.0,42270.0
2026-03-07 11:57:00+00:00,19,19,541884,443.0,42300.0
2026-03-07 11:57:30+00:00,19,19,541972,88.0,42330.0
2026-03-07 11:58:00+00:00,19,19,542062,90.0,42360.0
2026-03-07 11:58:30+00:00,19,19,542646,584.0,42390.0
2026-03-07 11:59:00+00:00,19,19,543155,509.0,42420.0
2026-03-07 11:59:30+00:00,19,19,543861,706.0,42450.0
2026-03-07 12:00:00+00:00,19,19,545454,1593.0,42480.0
2026-03-07 12:00:30+00:00,19,19,546305,851.0,42510.0
2026-03-07 12:01:00+00:00,19,19,546881,576.0,42540.0
2026-03-07 12:01:30+00:00,19,19,547169,288.0,42570.0
2026-03-07 12:02:00+00:00,19,19,547317,148.0,42600.0
2026-03-07 12:02:30+00:00,19,19,547320,3.0,42630.0
2026-03-07 12:03:00+00:00,19,19,547877,557.0,42660.0
2026-03-07 12:03:30+00:00,19,19,548079,202.0,42690.0
2026-03-07 12:04:00+00:00,19,19,548512,433.0,42720.0
2026-03-07 12:04:30+00:00,19,19,549339,827.0,42750.0
2026-03-07 12:05:00+00:00,19,19,549374,35.0,42780.0
2026-03-07 12:05:30+00:00,19,19,550291,917.0,42810.0
2026-03-07 12:06:00+00:00,19,19,550296,5.0,42840.0
2026-03-07 12:06:30+00:00,19,19,550507,211.0,42870.0
2026-03-07 12:07:00+00:00,19,19,550788,281.0,42900.0
2026-03-07 12:07:30+00:00,19,19,550790,2.0,42930.0
2026-03-07 12:08:00+00:00,19,19,551333,543.0,42960.0
2026-03-07 12:08:30+00:00,19,19,551430,97.0,42990.0
2026-03-07 12:09:00+00:00,19,19,552473,1043.0,43020.0
2026-03-07 12:09:30+00:00,19,19,553643,1170.0,43050.0
2026-03-07 12:10:00+00:00,19,19,553981,338.0,43080.0
2026-03-07 12:10:30+00:00,19,19,555315,1334.0,43110.0
2026-03-07 12:11:00+00:00,19,19,555342,27.0,43140.0
2026-03-07 12:11:30+00:00,19,19,556004,662.0,43170.0
2026-03-07 12:12:00+00:00,0,0,0,0.0,43200.0
2026-03-07 12:12:30+00:00,19,19,556062,58.0,43230.0
2026-03-07 12:13:00+00:00,19,19,556123,61.0,43260.0
2026-03-07 12:13:30+00:00,19,19,556782,659.0,43290.0
2026-03-07 12:14:00+00:00,19,19,557434,652.0,43320.0
2026-03-07 12:14:30+00:00,19,19,557610,176.0,43350.0
2026-03-07 12:15:00+00:00,19,19,558559,949.0,43380.0
2026-03-07 12:15:30+00:00,19,19,559126,567.0,43410.0
2026-03-07 12:16:00+00:00,19,19,559472,346.0,43440.0
2026-03-07 12:16:30+00:00,19,19,559607,135.0,43470.0
2026-03-07 12:17:00+00:00,19,19,559827,220.0,43500.0
2026-03-07 12:17:30+00:00,19,19,559924,97.0,43530.0
2026-03-07 12:18:00+00:00,19,19,559968,44.0,43560.0
2026-03-07 12:18:30+00:00,19,19,560377,409.0,43590.0
2026-03-07 12:19:00+00:00,19,19,561003,626.0,43620.0
2026-03-07 12:19:30+00:00,19,19,561159,156.0,43650.0
2026-03-07 12:20:00+00:00,19,19,561911,752.0,43680.0
2026-03-07 12:20:30+00:00,19,19,562472,561.0,43710.0
2026-03-07 12:21:00+00:00,19,19,562609,160.0,43740.0
2026-03-07 12:21:30+00:00,19,19,563121,512.0,43770.0
2026-03-07 12:22:00+00:00,19,19,563473,352.0,43800.0
2026-03-07 12:22:30+00:00,19,19,563550,77.0,43830.0
2026-03-07 12:23:00+00:00,19,19,563590,40.0,43860.0
2026-03-07 12:23:30+00:00,19,19,564051,461.0,43890.0
2026-03-07 12:24:00+00:00,19,19,564270,219.0,43920.0
2026-03-07 12:24:30+00:00,19,19,564684,414.0,43950.0
2026-03-07 12:25:00+00:00,19,19,564855,171.0,43980.0
2026-03-07 12:25:30+00:00,19,19,564861,6.0,44010.0
2026-03-07 12:26:00+00:00,19,19,564946,119.0,44040.0
2026-03-07 12:26:30+00:00,19,19,565052,106.0,44070.0
2026-03-07 12:27:00+00:00,19,19,565154,102.0,44100.0
2026-03-07 12:27:30+00:00,19,19,565178,24.0,44130.0
2026-03-07 12:28:00+00:00,19,19,565321,143.0,44160.0
2026-03-07 12:28:30+00:00,19,19,565417,130.0,44190.0
2026-03-07 12:29:00+00:00,19,19,565472,55.0,44220.0
2026-03-07 12:29:30+00:00,19,19,565851,379.0,44250.0
2026-03-07 12:30:00+00:00,19,19,565827,15.0,44280.0
2026-03-07 12:30:30+00:00,19,19,566058,231.0,44310.0
2026-03-07 12:31:00+00:00,19,19,566106,48.0,44340.0
2026-03-07 12:31:30+00:00,19,19,566257,151.0,44370.0
2026-03-07 12:32:00+00:00,0,0,0,0.0,44400.0
2026-03-07 12:32:30+00:00,19,19,566269,51.0,44430.0
2026-03-07 12:33:00+00:00,19,19,566331,62.0,44460.0
2026-03-07 12:33:30+00:00,19,19,566783,452.0,44490.0
2026-03-07 12:34:00+00:00,19,19,567224,441.0,44520.0
2026-03-07 12:34:30+00:00,19,19,567470,246.0,44550.0
2026-03-07 12:35:00+00:00,19,19,568325,909.0,44580.0
2026-03-07 12:35:30+00:00,19,19,568783,458.0,44610.0
2026-03-07 12:36:00+00:00,19,19,569068,285.0,44640.0
2026-03-07 12:36:30+00:00,19,19,569185,117.0,44670.0
2026-03-07 12:37:00+00:00,19,19,569394,209.0,44700.0
2026-03-07 12:37:30+00:00,19,19,569440,46.0,44730.0
2026-03-07 12:38:00+00:00,19,19,569706,320.0,44760.0
2026-03-07 12:38:30+00:00,19,19,569841,135.0,44790.0
2026-03-07 12:39:00+00:00,19,19,570116,275.0,44820.0
2026-03-07 12:39:30+00:00,19,19,570299,183.0,44850.0
2026-03-07 12:40:00+00:00,19,19,570853,554.0,44880.0
2026-03-07 12:40:30+00:00,19,19,571094,241.0,44910.0
2026-03-07 12:41:00+00:00,19,19,571263,233.0,44940.0
2026-03-07 12:41:30+00:00,19,19,571602,339.0,44970.0
2026-03-07 12:42:00+00:00,19,19,571629,27.0,45000.0
2026-03-07 12:42:30+00:00,19,19,571657,28.0,45030.0
2026-03-07 12:43:00+00:00,19,19,572043,386.0,45060.0
2026-03-07 12:43:30+00:00,19,19,572134,91.0,45090.0
2026-03-07 12:44:00+00:00,19,19,572541,485.0,45120.0
2026-03-07 12:44:30+00:00,19,19,572819,278.0,45150.0
2026-03-07 12:45:00+00:00,19,19,574007,1188.0,45180.0
2026-03-07 12:45:30+00:00,19,19,574705,698.0,45210.0
2026-03-07 12:46:00+00:00,19,19,575155,529.0,45240.0
2026-03-07 12:46:30+00:00,19,19,575702,547.0,45270.0
2026-03-07 12:47:00+00:00,19,19,575779,77.0,45300.0
2026-03-07 12:47:30+00:00,19,19,575844,65.0,45330.0
2026-03-07 12:48:00+00:00,19,19,576129,364.0,45360.0
2026-03-07 12:48:30+00:00,19,19,576749,620.0,45390.0
2026-03-07 12:49:00+00:00,19,19,576901,152.0,45420.0
2026-03-07 12:49:30+00:00,19,19,577508,607.0,45450.0
2026-03-07 12:50:00+00:00,19,19,577565,57.0,45480.0
2026-03-07 12:50:30+00:00,19,19,578302,737.0,45510.0
2026-03-07 12:51:00+00:00,19,19,578307,5.0,45540.0
2026-03-07 12:51:30+00:00,19,19,578662,355.0,45570.0
2026-03-07 12:52:00+00:00,19,19,578696,34.0,45600.0
2026-03-07 12:52:30+00:00,0,0,0,0.0,45630.0
2026-03-07 12:53:00+00:00,19,19,578747,51.0,45660.0
2026-03-07 12:53:30+00:00,19,19,578793,46.0,45690.0
2026-03-07 12:54:00+00:00,19,19,579608,815.0,45720.0
2026-03-07 12:54:30+00:00,19,19,579613,5.0,45750.0
2026-03-07 12:55:00+00:00,19,19,580348,735.0,45780.0
2026-03-07 12:55:30+00:00,19,19,580662,314.0,45810.0
2026-03-07 12:56:00+00:00,19,19,580969,307.0,45840.0
2026-03-07 12:56:30+00:00,19,19,580973,4.0,45870.0
2026-03-07 12:57:00+00:00,19,19,581392,419.0,45900.0
2026-03-07 12:57:30+00:00,19,19,581490,98.0,45930.0
2026-03-07 12:58:00+00:00,19,19,581524,34.0,45960.0
2026-03-07 12:58:30+00:00,19,19,581977,453.0,45990.0
2026-03-07 12:59:00+00:00,19,19,582394,417.0,46020.0
2026-03-07 12:59:30+00:00,19,19,582521,127.0,46050.0
2026-03-07 13:00:00+00:00,19,19,582809,288.0,46080.0
2026-03-07 13:00:30+00:00,19,19,583029,220.0,46110.0
2026-03-07 13:01:00+00:00,19,19,583008,2.0,46140.0
2026-03-07 13:01:30+00:00,19,19,583089,81.0,46170.0
2026-03-07 13:02:00+00:00,19,19,583104,15.0,46200.0
2026-03-07 13:02:30+00:00,19,19,583114,10.0,46230.0
2026-03-07 13:03:00+00:00,19,19,583244,130.0,46260.0
2026-03-07 13:03:30+00:00,19,19,583249,5.0,46290.0
2026-03-07 13:04:00+00:00,19,19,583388,139.0,46320.0
2026-03-07 13:04:30+00:00,19,19,583399,39.0,46350.0
2026-03-07 13:05:00+00:00,19,19,583558,159.0,46380.0
2026-03-07 13:05:30+00:00,19,19,583666,136.0,46410.0
2026-03-07 13:06:00+00:00,19,19,583791,125.0,46440.0
2026-03-07 13:06:30+00:00,19,19,583803,12.0,46470.0
2026-03-07 13:07:00+00:00,19,19,583902,99.0,46500.0
2026-03-07 13:07:30+00:00,19,19,583915,13.0,46530.0
2026-03-07 13:08:00+00:00,19,19,584123,208.0,46560.0
2026-03-07 13:08:30+00:00,19,19,584233,110.0,46590.0
2026-03-07 13:09:00+00:00,19,19,584391,158.0,46620.0
2026-03-07 13:09:30+00:00,19,19,585035,644.0,46650.0
2026-03-07 13:10:00+00:00,19,19,585082,47.0,46680.0
2026-03-07 13:10:30+00:00,19,19,585722,640.0,46710.0
2026-03-07 13:11:00+00:00,19,19,585723,1.0,46740.0
2026-03-07 13:11:30+00:00,19,19,585965,242.0,46770.0
2026-03-07 13:12:00+00:00,19,19,586038,73.0,46800.0
2026-03-07 13:12:30+00:00,19,19,586044,6.0,46830.0
2026-03-07 13:13:00+00:00,19,19,586620,576.0,46860.0
2026-03-07 13:13:30+00:00,0,0,0,0.0,46890.0
2026-03-07 13:14:00+00:00,19,19,586882,262.0,46920.0
2026-03-07 13:14:30+00:00,19,19,586991,109.0,46950.0
2026-03-07 13:15:00+00:00,19,19,587573,582.0,46980.0
2026-03-07 13:15:30+00:00,19,19,587999,426.0,47010.0
2026-03-07 13:16:00+00:00,19,19,588226,227.0,47040.0
2026-03-07 13:16:30+00:00,19,19,588231,5.0,47070.0
2026-03-07 13:17:00+00:00,19,19,588549,318.0,47100.0
2026-03-07 13:17:30+00:00,19,19,588583,34.0,47130.0
2026-03-07 13:18:00+00:00,19,19,588600,17.0,47160.0
2026-03-07 13:18:30+00:00,19,19,589114,514.0,47190.0
2026-03-07 13:19:00+00:00,19,19,589520,406.0,47220.0
2026-03-07 13:19:30+00:00,19,19,589655,135.0,47250.0
2026-03-07 13:20:00+00:00,19,19,590054,399.0,47280.0
2026-03-07 13:20:30+00:00,19,19,590453,399.0,47310.0
2026-03-07 13:21:00+00:00,19,19,590713,260.0,47340.0
2026-03-07 13:21:30+00:00,19,19,590718,5.0,47370.0
2026-03-07 13:22:00+00:00,19,19,591011,293.0,47400.0
2026-03-07 13:22:30+00:00,19,19,591033,22.0,47430.0
2026-03-07 13:23:00+00:00,19,19,591075,42.0,47460.0
2026-03-07 13:23:30+00:00,19,19,591693,618.0,47490.0
2026-03-07 13:24:00+00:00,19,19,592051,358.0,47520.0
2026-03-07 13:24:30+00:00,19,19,592564,513.0,47550.0
2026-03-07 13:25:00+00:00,19,19,592809,245.0,47580.0
2026-03-07 13:25:30+00:00,19,19,593048,239.0,47610.0
2026-03-07 13:26:00+00:00,19,19,593277,229.0,47640.0
2026-03-07 13:26:30+00:00,19,19,593293,16.0,47670.0
2026-03-07 13:27:00+00:00,19,19,593679,386.0,47700.0
2026-03-07 13:27:30+00:00,19,19,593713,34.0,47730.0
2026-03-07 13:28:00+00:00,19,19,594165,452.0,47760.0
2026-03-07 13:28:30+00:00,19,19,594202,37.0,47790.0
2026-03-07 13:29:00+00:00,19,19,594897,695.0,47820.0
2026-03-07 13:29:30+00:00,19,19,595791,894.0,47850.0
2026-03-07 13:30:00+00:00,19,19,596405,614.0,47880.0
2026-03-07 13:30:30+00:00,19,19,596406,1.0,47910.0
2026-03-07 13:31:00+00:00,19,19,596718,312.0,47940.0
2026-03-07 13:31:30+00:00,19,19,597065,347.0,47970.0
2026-03-07 13:32:00+00:00,19,19,597103,38.0,48000.0
2026-03-07 13:32:30+00:00,19,19,597156,53.0,48030.0
2026-03-07 13:33:00+00:00,19,19,597727,571.0,48060.0
2026-03-07 13:33:30+00:00,19,19,598156,429.0,48090.0
2026-03-07 13:34:00+00:00,19,19,598554,398.0,48120.0
2026-03-07 13:34:30+00:00,0,0,0,0.0,48150.0
2026-03-07 13:35:00+00:00,19,19,599157,603.0,48180.0
2026-03-07 13:35:30+00:00,19,19,599625,468.0,48210.0
2026-03-07 13:36:00+00:00,19,19,600013,388.0,48240.0
2026-03-07 13:36:30+00:00,19,19,600023,10.0,48270.0
2026-03-07 13:37:00+00:00,19,19,600412,389.0,48300.0
2026-03-07 13:37:30+00:00,19,19,600457,45.0,48330.0
2026-03-07 13:38:00+00:00,19,19,600492,35.0,48360.0
2026-03-07 13:38:30+00:00,19,19,600804,312.0,48390.0
2026-03-07 13:39:00+00:00,19,19,601746,942.0,48420.0
2026-03-07 13:39:30+00:00,19,19,602128,382.0,48450.0
2026-03-07 13:40:00+00:00,19,19,602915,787.0,48480.0
2026-03-07 13:40:30+00:00,19,19,603110,195.0,48510.0
2026-03-07 13:41:00+00:00,19,19,603822,712.0,48540.0
2026-03-07 13:41:30+00:00,19,19,604118,296.0,48570.0
2026-03-07 13:42:00+00:00,19,19,604216,98.0,48600.0
2026-03-07 13:42:30+00:00,19,19,604337,121.0,48630.0
2026-03-07 13:43:00+00:00,19,19,604393,56.0,48660.0
2026-03-07 13:43:30+00:00,19,19,605190,797.0,48690.0
2026-03-07 13:44:00+00:00,19,19,605591,401.0,48720.0
2026-03-07 13:44:30+00:00,19,19,605829,238.0,48750.0
2026-03-07 13:45:00+00:00,19,19,606572,743.0,48780.0
2026-03-07 13:45:30+00:00,19,19,607203,631.0,48810.0
2026-03-07 13:46:00+00:00,19,19,607519,316.0,48840.0
2026-03-07 13:46:30+00:00,19,19,607884,365.0,48870.0
2026-03-07 13:47:00+00:00,19,19,608000,116.0,48900.0
2026-03-07 13:47:30+00:00,19,19,608000,0.0,48930.0
2026-03-07 13:48:00+00:00,19,19,608070,70.0,48960.0
2026-03-07 13:48:30+00:00,19,19,609112,1042.0,48990.0
2026-03-07 13:49:00+00:00,19,19,609251,139.0,49020.0
2026-03-07 13:49:30+00:00,19,19,610174,923.0,49050.0
2026-03-07 13:50:00+00:00,19,19,610243,69.0,49080.0
2026-03-07 13:50:30+00:00,19,19,610634,391.0,49110.0
2026-03-07 13:51:00+00:00,19,19,610948,314.0,49140.0
2026-03-07 13:51:30+00:00,19,19,611352,404.0,49170.0
2026-03-07 13:52:00+00:00,19,19,611385,33.0,49200.0
2026-03-07 13:52:30+00:00,19,19,611439,54.0,49230.0
2026-03-07 13:53:00+00:00,19,19,611659,220.0,49260.0
2026-03-07 13:53:30+00:00,19,19,612409,750.0,49290.0
2026-03-07 13:54:00+00:00,19,19,612975,566.0,49320.0
2026-03-07 13:54:30+00:00,19,19,613903,928.0,49350.0
2026-03-07 13:55:00+00:00,19,19,614033,130.0,49380.0
2026-03-07 13:55:30+00:00,19,19,614322,289.0,49410.0
2026-03-07 13:56:00+00:00,0,0,0,0.0,49440.0
2026-03-07 13:56:30+00:00,19,19,614576,254.0,49470.0
2026-03-07 13:57:00+00:00,19,19,614808,232.0,49500.0
2026-03-07 13:57:30+00:00,19,19,614834,26.0,49530.0
2026-03-07 13:58:00+00:00,19,19,614904,70.0,49560.0
2026-03-07 13:58:30+00:00,19,19,615212,308.0,49590.0
2026-03-07 13:59:00+00:00,19,19,615674,462.0,49620.0
2026-03-07 13:59:30+00:00,19,19,615764,90.0,49650.0
2026-03-07 14:00:00+00:00,19,19,616174,410.0,49680.0
2026-03-07 14:00:30+00:00,19,19,616537,363.0,49710.0
2026-03-07 14:01:00+00:00,19,19,616742,205.0,49740.0
2026-03-07 14:01:30+00:00,19,19,616742,0.0,49770.0
2026-03-07 14:02:00+00:00,19,19,616907,165.0,49800.0
2026-03-07 14:02:30+00:00,19,19,617010,103.0,49830.0
2026-03-07 14:03:00+00:00,19,19,617361,351.0,49860.0
2026-03-07 14:03:30+00:00,19,19,617422,61.0,49890.0
2026-03-07 14:04:00+00:00,19,19,617771,349.0,49920.0
2026-03-07 14:04:30+00:00,19,19,617897,126.0,49950.0
2026-03-07 14:05:00+00:00,19,19,618399,502.0,49980.0
2026-03-07 14:05:30+00:00,19,19,618730,331.0,50010.0
2026-03-07 14:06:00+00:00,19,19,618951,221.0,50040.0
2026-03-07 14:06:30+00:00,19,19,618956,5.0,50070.0
2026-03-07 14:07:00+00:00,19,19,619258,302.0,50100.0
2026-03-07 14:07:30+00:00,19,19,619286,28.0,50130.0
2026-03-07 14:08:00+00:00,19,19,619307,21.0,50160.0
2026-03-07 14:08:30+00:00,19,19,619912,605.0,50190.0
2026-03-07 14:09:00+00:00,19,19,620006,94.0,50220.0
2026-03-07 14:09:30+00:00,19,19,620386,380.0,50250.0
2026-03-07 14:10:00+00:00,19,19,621272,886.0,50280.0
2026-03-07 14:10:30+00:00,19,19,621678,406.0,50310.0
2026-03-07 14:11:00+00:00,19,19,621992,314.0,50340.0
2026-03-07 14:11:30+00:00,19,19,622333,341.0,50370.0
2026-03-07 14:12:00+00:00,19,19,622418,85.0,50400.0
2026-03-07 14:12:30+00:00,19,19,622418,0.0,50430.0
2026-03-07 14:13:00+00:00,19,19,622946,528.0,50460.0
2026-03-07 14:13:30+00:00,19,19,623464,518.0,50490.0
2026-03-07 14:14:00+00:00,19,19,623850,386.0,50520.0
2026-03-07 14:14:30+00:00,19,19,624515,665.0,50550.0
2026-03-07 14:15:00+00:00,19,19,624545,30.0,50580.0
2026-03-07 14:15:30+00:00,19,19,625414,869.0,50610.0
2026-03-07 14:16:00+00:00,0,0,0,0.0,50640.0
2026-03-07 14:16:30+00:00,19,19,625416,2.0,50670.0
2026-03-07 14:17:00+00:00,19,19,625783,367.0,50700.0
2026-03-07 14:17:30+00:00,19,19,625818,35.0,50730.0
2026-03-07 14:18:00+00:00,19,19,625848,30.0,50760.0
2026-03-07 14:18:30+00:00,19,19,626474,626.0,50790.0
2026-03-07 14:19:00+00:00,19,19,626692,218.0,50820.0
2026-03-07 14:19:30+00:00,19,19,627268,576.0,50850.0
2026-03-07 14:20:00+00:00,19,19,628143,875.0,50880.0
2026-03-07 14:20:30+00:00,19,19,628477,334.0,50910.0
2026-03-07 14:21:00+00:00,19,19,628815,338.0,50940.0
2026-03-07 14:21:30+00:00,19,19,628815,0.0,50970.0
2026-03-07 14:22:00+00:00,19,19,629240,425.0,51000.0
2026-03-07 14:22:30+00:00,19,19,629277,37.0,51030.0
2026-03-07 14:23:00+00:00,19,19,629308,31.0,51060.0
2026-03-07 14:23:30+00:00,19,19,629310,2.0,51090.0
2026-03-07 14:24:00+00:00,19,19,629938,628.0,51120.0
2026-03-07 14:24:30+00:00,19,19,630234,296.0,51150.0
2026-03-07 14:25:00+00:00,19,19,630821,587.0,51180.0
2026-03-07 14:25:30+00:00,19,19,630848,27.0,51210.0
2026-03-07 14:26:00+00:00,19,19,631266,418.0,51240.0
2026-03-07 14:26:30+00:00,19,19,631477,211.0,51270.0
2026-03-07 14:27:00+00:00,19,19,631755,278.0,51300.0
2026-03-07 14:27:30+00:00,19,19,631886,131.0,51330.0
2026-03-07 14:28:00+00:00,19,19,631944,58.0,51360.0
2026-03-07 14:28:30+00:00,19,19,632606,662.0,51390.0
2026-03-07 14:29:00+00:00,0,0,0,0.0,51420.0
2026-03-07 14:29:30+00:00,0,0,0,0.0,51450.0
2026-03-07 14:30:00+00:00,19,19,633617,1011.0,51480.0
2026-03-07 14:30:30+00:00,19,19,634757,1140.0,51510.0
2026-03-07 14:31:00+00:00,19,19,635040,283.0,51540.0
2026-03-07 14:31:30+00:00,19,19,635418,378.0,51570.0
2026-03-07 14:32:00+00:00,19,19,635505,87.0,51600.0
2026-03-07 14:32:30+00:00,19,19,635549,44.0,51630.0
2026-03-07 14:33:00+00:00,19,19,636328,779.0,51660.0
2026-03-07 14:33:30+00:00,19,19,636807,479.0,51690.0
2026-03-07 14:34:00+00:00,19,19,637243,436.0,51720.0
2026-03-07 14:34:30+00:00,19,19,637955,712.0,51750.0
2026-03-07 14:35:00+00:00,19,19,638101,146.0,51780.0
2026-03-07 14:35:30+00:00,19,19,638837,736.0,51810.0
2026-03-07 14:36:00+00:00,19,19,638839,2.0,51840.0
2026-03-07 14:36:30+00:00,19,19,639256,417.0,51870.0
2026-03-07 14:37:00+00:00,19,19,639294,38.0,51900.0
2026-03-07 14:37:30+00:00,0,0,0,0.0,51930.0
2026-03-07 14:38:00+00:00,19,19,639350,56.0,51960.0
2026-03-07 14:38:30+00:00,19,19,640144,794.0,51990.0
2026-03-07 14:39:00+00:00,19,19,640564,420.0,52020.0
2026-03-07 14:39:30+00:00,19,19,641020,456.0,52050.0
2026-03-07 14:40:00+00:00,19,19,642001,981.0,52080.0
2026-03-07 14:40:30+00:00,19,19,642384,383.0,52110.0
2026-03-07 14:41:00+00:00,19,19,643007,623.0,52140.0
2026-03-07 14:41:30+00:00,19,19,643405,398.0,52170.0
2026-03-07 14:42:00+00:00,19,19,643803,398.0,52200.0
2026-03-07 14:42:30+00:00,19,19,644061,258.0,52230.0
2026-03-07 14:43:00+00:00,19,19,644098,37.0,52260.0
2026-03-07 14:43:30+00:00,19,19,644988,890.0,52290.0
2026-03-07 14:44:00+00:00,19,19,645838,850.0,52320.0
2026-03-07 14:44:30+00:00,19,19,646183,345.0,52350.0
2026-03-07 14:45:00+00:00,19,19,646973,790.0,52380.0
2026-03-07 14:45:30+00:00,19,19,648125,1152.0,52410.0
2026-03-07 14:46:00+00:00,19,19,648125,0.0,52440.0
2026-03-07 14:46:30+00:00,19,19,648384,259.0,52470.0
2026-03-07 14:47:00+00:00,19,19,648646,262.0,52500.0
2026-03-07 14:47:30+00:00,19,19,648679,33.0,52530.0
2026-03-07 14:48:00+00:00,19,19,648679,0.0,52560.0
2026-03-07 14:48:30+00:00,19,19,649763,1084.0,52590.0
2026-03-07 14:49:00+00:00,19,19,650632,869.0,52620.0
2026-03-07 14:49:30+00:00,19,19,650882,250.0,52650.0
2026-03-07 14:50:00+00:00,19,19,651738,856.0,52680.0
2026-03-07 14:50:30+00:00,19,19,652644,906.0,52710.0
2026-03-07 14:51:00+00:00,19,19,652644,0.0,52740.0
2026-03-07 14:51:30+00:00,19,19,652841,197.0,52770.0
2026-03-07 14:52:00+00:00,19,19,653098,257.0,52800.0
2026-03-07 14:52:30+00:00,19,19,653151,53.0,52830.0
2026-03-07 14:53:00+00:00,19,19,653792,641.0,52860.0
2026-03-07 14:53:30+00:00,19,19,654055,263.0,52890.0
2026-03-07 14:54:00+00:00,19,19,654516,461.0,52920.0
2026-03-07 14:54:30+00:00,19,19,654547,31.0,52950.0
2026-03-07 14:55:00+00:00,19,19,655085,538.0,52980.0
2026-03-07 14:55:30+00:00,19,19,655390,305.0,53010.0
2026-03-07 14:56:00+00:00,19,19,655646,256.0,53040.0
2026-03-07 14:56:30+00:00,19,19,655835,189.0,53070.0
2026-03-07 14:57:00+00:00,19,19,655854,19.0,53100.0
2026-03-07 14:57:30+00:00,19,19,655858,4.0,53130.0
2026-03-07 14:58:00+00:00,19,19,656184,326.0,53160.0
2026-03-07 14:58:30+00:00,0,0,0,0.0,53190.0
2026-03-07 14:59:00+00:00,19,19,656184,0.0,53220.0
2026-03-07 14:59:30+00:00,19,19,656663,479.0,53250.0
2026-03-07 15:00:00+00:00,19,19,657007,344.0,53280.0
2026-03-07 15:00:30+00:00,19,19,657498,491.0,53310.0
2026-03-07 15:01:00+00:00,19,19,657756,258.0,53340.0
2026-03-07 15:01:30+00:00,19,19,657756,0.0,53370.0
2026-03-07 15:02:00+00:00,19,19,658019,263.0,53400.0
2026-03-07 15:02:30+00:00,19,19,658046,27.0,53430.0
2026-03-07 15:03:00+00:00,19,19,658048,2.0,53460.0
2026-03-07 15:03:30+00:00,19,19,658604,556.0,53490.0
2026-03-07 15:04:00+00:00,19,19,658955,351.0,53520.0
2026-03-07 15:04:30+00:00,19,19,659165,210.0,53550.0
2026-03-07 15:05:00+00:00,19,19,659673,508.0,53580.0
2026-03-07 15:05:30+00:00,19,19,660056,383.0,53610.0
2026-03-07 15:06:00+00:00,19,19,660199,143.0,53640.0
2026-03-07 15:06:30+00:00,19,19,660396,197.0,53670.0
2026-03-07 15:07:00+00:00,19,19,660464,68.0,53700.0
2026-03-07 15:07:30+00:00,19,19,660494,30.0,53730.0
2026-03-07 15:08:00+00:00,19,19,660563,69.0,53760.0
2026-03-07 15:08:30+00:00,19,19,661143,580.0,53790.0
2026-03-07 15:09:00+00:00,19,19,661450,307.0,53820.0
2026-03-07 15:09:30+00:00,19,19,662135,685.0,53850.0
2026-03-07 15:10:00+00:00,19,19,662135,0.0,53880.0
2026-03-07 15:10:30+00:00,19,19,662499,364.0,53910.0
2026-03-07 15:11:00+00:00,19,19,662704,205.0,53940.0
2026-03-07 15:11:30+00:00,19,19,662704,0.0,53970.0
2026-03-07 15:12:00+00:00,19,19,662979,275.0,54000.0
2026-03-07 15:12:30+00:00,19,19,662993,14.0,54030.0
2026-03-07 15:13:00+00:00,19,19,663025,32.0,54060.0
2026-03-07 15:13:30+00:00,19,19,663457,432.0,54090.0
2026-03-07 15:14:00+00:00,19,19,663976,519.0,54120.0
2026-03-07 15:14:30+00:00,19,19,664050,74.0,54150.0
2026-03-07 15:15:00+00:00,19,19,664423,373.0,54180.0
2026-03-07 15:15:30+00:00,19,19,664833,410.0,54210.0
2026-03-07 15:16:00+00:00,19,19,665024,191.0,54240.0
2026-03-07 15:16:30+00:00,19,19,665267,243.0,54270.0
2026-03-07 15:17:00+00:00,19,19,665234,46.0,54300.0
2026-03-07 15:17:30+00:00,19,19,665255,21.0,54330.0
2026-03-07 15:18:00+00:00,19,19,665744,489.0,54360.0
2026-03-07 15:18:30+00:00,19,19,665921,177.0,54390.0
2026-03-07 15:19:00+00:00,0,0,0,0.0,54420.0
2026-03-07 15:19:30+00:00,19,19,666355,434.0,54450.0
2026-03-07 15:20:00+00:00,19,19,666898,543.0,54480.0
2026-03-07 15:20:30+00:00,19,19,666900,2.0,54510.0
2026-03-07 15:21:00+00:00,19,19,667366,466.0,54540.0
2026-03-07 15:21:30+00:00,19,19,667374,8.0,54570.0
2026-03-07 15:22:00+00:00,19,19,667548,174.0,54600.0
2026-03-07 15:22:30+00:00,19,19,667634,86.0,54630.0
2026-03-07 15:23:00+00:00,19,19,667655,21.0,54660.0
2026-03-07 15:23:30+00:00,19,19,667932,277.0,54690.0
2026-03-07 15:24:00+00:00,19,19,668527,595.0,54720.0
2026-03-07 15:24:30+00:00,19,19,668641,114.0,54750.0
2026-03-07 15:25:00+00:00,19,19,669254,613.0,54780.0
2026-03-07 15:25:30+00:00,19,19,669563,309.0,54810.0
2026-03-07 15:26:00+00:00,19,19,669780,217.0,54840.0
2026-03-07 15:26:30+00:00,19,19,669884,104.0,54870.0
2026-03-07 15:27:00+00:00,19,19,669984,100.0,54900.0
2026-03-07 15:27:30+00:00,19,19,670016,32.0,54930.0
2026-03-07 15:28:00+00:00,19,19,670041,25.0,54960.0
2026-03-07 15:28:30+00:00,19,19,670240,199.0,54990.0
2026-03-07 15:29:00+00:00,19,19,670300,60.0,55020.0
2026-03-07 15:29:30+00:00,19,19,670336,36.0,55050.0
2026-03-07 15:30:00+00:00,19,19,670381,45.0,55080.0
2026-03-07 15:30:30+00:00,19,19,670476,95.0,55110.0
2026-03-07 15:31:00+00:00,19,19,670556,80.0,55140.0
2026-03-07 15:31:30+00:00,19,19,670539,62.0,55170.0
2026-03-07 15:32:00+00:00,19,19,670568,29.0,55200.0
2026-03-07 15:32:30+00:00,19,19,670592,24.0,55230.0
2026-03-07 15:33:00+00:00,19,19,670603,11.0,55260.0
2026-03-07 15:33:30+00:00,19,19,670652,49.0,55290.0
2026-03-07 15:34:00+00:00,19,19,670872,220.0,55320.0
2026-03-07 15:34:30+00:00,19,19,671086,214.0,55350.0
2026-03-07 15:35:00+00:00,19,19,671397,311.0,55380.0
2026-03-07 15:35:30+00:00,19,19,671558,161.0,55410.0
2026-03-07 15:36:00+00:00,19,19,671738,355.0,55440.0
2026-03-07 15:36:30+00:00,19,19,671908,170.0,55470.0
2026-03-07 15:37:00+00:00,19,19,672096,188.0,55500.0
2026-03-07 15:37:30+00:00,19,19,672227,131.0,55530.0
2026-03-07 15:38:00+00:00,19,19,672281,54.0,55560.0
2026-03-07 15:38:30+00:00,19,19,673091,810.0,55590.0
2026-03-07 15:39:00+00:00,19,19,673276,185.0,55620.0
2026-03-07 15:39:30+00:00,19,19,673916,640.0,55650.0
2026-03-07 15:40:00+00:00,19,19,675239,1323.0,55680.0
2026-03-07 15:40:30+00:00,0,0,0,0.0,55710.0
2026-03-07 15:41:00+00:00,19,19,676001,762.0,55740.0
2026-03-07 15:41:30+00:00,19,19,676041,40.0,55770.0
2026-03-07 15:42:00+00:00,19,19,676381,340.0,55800.0
2026-03-07 15:42:30+00:00,19,19,676987,606.0,55830.0
2026-03-07 15:43:00+00:00,19,19,677093,106.0,55860.0
2026-03-07 15:43:30+00:00,19,19,678026,933.0,55890.0
2026-03-07 15:44:00+00:00,19,19,678627,601.0,55920.0
2026-03-07 15:44:30+00:00,19,19,679161,534.0,55950.0
2026-03-07 15:45:00+00:00,19,19,680181,1020.0,55980.0
2026-03-07 15:45:30+00:00,19,19,680350,169.0,56010.0
2026-03-07 15:46:00+00:00,19,19,681279,929.0,56040.0
2026-03-07 15:46:30+00:00,19,19,681744,465.0,56070.0
2026-03-07 15:47:00+00:00,19,19,681749,5.0,56100.0
2026-03-07 15:47:30+00:00,19,19,682083,334.0,56130.0
2026-03-07 15:48:00+00:00,19,19,682574,491.0,56160.0
2026-03-07 15:48:30+00:00,19,19,682690,116.0,56190.0
2026-03-07 15:49:00+00:00,19,19,683820,1130.0,56220.0
2026-03-07 15:49:30+00:00,19,19,685426,1606.0,56250.0
2026-03-07 15:50:00+00:00,19,19,685464,38.0,56280.0
2026-03-07 15:50:30+00:00,19,19,686626,1162.0,56310.0
2026-03-07 15:51:00+00:00,19,19,687466,840.0,56340.0
2026-03-07 15:51:30+00:00,19,19,688614,1148.0,56370.0
2026-03-07 15:52:00+00:00,19,19,689149,535.0,56400.0
2026-03-07 15:52:30+00:00,19,19,689391,242.0,56430.0
2026-03-07 15:53:00+00:00,19,19,690073,682.0,56460.0
2026-03-07 15:53:30+00:00,19,19,690272,199.0,56490.0
2026-03-07 15:54:00+00:00,19,19,691850,1578.0,56520.0
2026-03-07 15:54:30+00:00,19,19,693088,1238.0,56550.0
2026-03-07 15:55:00+00:00,19,19,694297,1209.0,56580.0
2026-03-07 15:55:30+00:00,19,19,694574,277.0,56610.0
2026-03-07 15:56:00+00:00,19,19,695683,1109.0,56640.0
2026-03-07 15:56:30+00:00,19,19,695963,280.0,56670.0
2026-03-07 15:57:00+00:00,19,19,696429,466.0,56700.0
2026-03-07 15:57:30+00:00,19,19,696571,142.0,56730.0
2026-03-07 15:58:00+00:00,19,19,696582,11.0,56760.0
2026-03-07 15:58:30+00:00,19,19,697786,1204.0,56790.0
2026-03-07 15:59:00+00:00,19,19,698589,803.0,56820.0
2026-03-07 15:59:30+00:00,19,19,700338,1749.0,56850.0
2026-03-07 16:00:00+00:00,19,19,700413,75.0,56880.0
2026-03-07 16:00:30+00:00,19,19,701049,636.0,56910.0
2026-03-07 16:01:00+00:00,0,0,0,0.0,56940.0
2026-03-07 16:01:30+00:00,19,19,701287,238.0,56970.0
2026-03-07 16:02:00+00:00,19,19,701638,351.0,57000.0
2026-03-07 16:02:30+00:00,19,19,701808,170.0,57030.0
2026-03-07 16:03:00+00:00,19,19,701789,33.0,57060.0
2026-03-07 16:03:30+00:00,19,19,701854,65.0,57090.0
2026-03-07 16:04:00+00:00,19,19,702300,446.0,57120.0
2026-03-07 16:04:30+00:00,19,19,702774,474.0,57150.0
2026-03-07 16:05:00+00:00,19,19,703137,363.0,57180.0
2026-03-07 16:05:30+00:00,19,19,703720,583.0,57210.0
2026-03-07 16:06:00+00:00,19,19,703788,68.0,57240.0
2026-03-07 16:06:30+00:00,19,19,704280,492.0,57270.0
2026-03-07 16:07:00+00:00,19,19,704631,351.0,57300.0
2026-03-07 16:07:30+00:00,19,19,704712,81.0,57330.0
2026-03-07 16:08:00+00:00,19,19,704791,79.0,57360.0
2026-03-07 16:08:30+00:00,19,19,705276,485.0,57390.0
2026-03-07 16:09:00+00:00,19,19,705928,652.0,57420.0
2026-03-07 16:09:30+00:00,20,20,706641,713.0,57450.0
2026-03-07 16:10:00+00:00,20,20,706769,128.0,57480.0
2026-03-07 16:10:30+00:00,20,20,707069,300.0,57510.0
2026-03-07 16:11:00+00:00,20,20,707322,253.0,57540.0
2026-03-07 16:11:30+00:00,20,20,707437,115.0,57570.0
2026-03-07 16:12:00+00:00,20,20,707715,278.0,57600.0
2026-03-07 16:12:30+00:00,20,20,707751,36.0,57630.0
2026-03-07 16:13:00+00:00,20,20,708265,514.0,57660.0
2026-03-07 16:13:30+00:00,20,20,708573,308.0,57690.0
2026-03-07 16:14:00+00:00,20,20,708992,419.0,57720.0
2026-03-07 16:14:30+00:00,20,20,709876,884.0,57750.0
2026-03-07 16:15:00+00:00,20,20,709986,110.0,57780.0
2026-03-07 16:15:30+00:00,20,20,710726,740.0,57810.0
2026-03-07 16:16:00+00:00,20,20,710729,3.0,57840.0
2026-03-07 16:16:30+00:00,20,20,711068,339.0,57870.0
2026-03-07 16:17:00+00:00,20,20,711125,57.0,57900.0
2026-03-07 16:17:30+00:00,20,20,711174,49.0,57930.0
2026-03-07 16:18:00+00:00,20,20,711676,502.0,57960.0
2026-03-07 16:18:30+00:00,20,20,711816,140.0,57990.0
2026-03-07 16:19:00+00:00,20,20,712159,343.0,58020.0
2026-03-07 16:19:30+00:00,20,20,712334,175.0,58050.0
2026-03-07 16:20:00+00:00,20,20,712469,135.0,58080.0
2026-03-07 16:20:30+00:00,20,20,712648,179.0,58110.0
2026-03-07 16:21:00+00:00,0,0,0,0.0,58140.0
2026-03-07 16:21:30+00:00,20,20,712651,90.0,58170.0
2026-03-07 16:22:00+00:00,20,20,712797,146.0,58200.0
2026-03-07 16:22:30+00:00,20,20,712859,62.0,58230.0
2026-03-07 16:23:00+00:00,20,20,712911,52.0,58260.0
2026-03-07 16:23:30+00:00,20,20,713266,355.0,58290.0
2026-03-07 16:24:00+00:00,20,20,713681,415.0,58320.0
2026-03-07 16:24:30+00:00,20,20,714123,442.0,58350.0
2026-03-07 16:25:00+00:00,20,20,714870,747.0,58380.0
2026-03-07 16:25:30+00:00,20,20,715038,168.0,58410.0
2026-03-07 16:26:00+00:00,20,20,715769,731.0,58440.0
2026-03-07 16:26:30+00:00,20,20,715813,44.0,58470.0
2026-03-07 16:27:00+00:00,20,20,716229,416.0,58500.0
2026-03-07 16:27:30+00:00,20,20,716438,209.0,58530.0
2026-03-07 16:28:00+00:00,20,20,716557,119.0,58560.0
2026-03-07 16:28:30+00:00,20,20,717315,758.0,58590.0
2026-03-07 16:29:00+00:00,20,20,717993,678.0,58620.0
2026-03-07 16:29:30+00:00,20,20,718411,418.0,58650.0
2026-03-07 16:30:00+00:00,20,20,719527,1116.0,58680.0
2026-03-07 16:30:30+00:00,20,20,719675,148.0,58710.0
2026-03-07 16:31:00+00:00,20,20,720731,1056.0,58740.0
2026-03-07 16:31:30+00:00,20,20,720924,193.0,58770.0
2026-03-07 16:32:00+00:00,20,20,721364,485.0,58800.0
2026-03-07 16:32:30+00:00,20,20,721391,27.0,58830.0
2026-03-07 16:33:00+00:00,20,20,721498,107.0,58860.0
2026-03-07 16:33:30+00:00,20,20,722328,830.0,58890.0
2026-03-07 16:34:00+00:00,20,20,723213,885.0,58920.0
2026-03-07 16:34:30+00:00,20,20,724337,1124.0,58950.0
2026-03-07 16:35:00+00:00,20,20,725062,725.0,58980.0
2026-03-07 16:35:30+00:00,20,20,725063,1.0,59010.0
2026-03-07 16:36:00+00:00,20,20,725274,211.0,59040.0
2026-03-07 16:36:30+00:00,20,20,725298,24.0,59070.0
2026-03-07 16:37:00+00:00,20,20,725692,394.0,59100.0
2026-03-07 16:37:30+00:00,20,20,725744,52.0,59130.0
2026-03-07 16:38:00+00:00,20,20,725820,76.0,59160.0
2026-03-07 16:38:30+00:00,20,20,726324,504.0,59190.0
2026-03-07 16:39:00+00:00,20,20,726788,464.0,59220.0
2026-03-07 16:39:30+00:00,20,20,726851,63.0,59250.0
2026-03-07 16:40:00+00:00,20,20,727928,1077.0,59280.0
2026-03-07 16:40:30+00:00,20,20,728025,97.0,59310.0
2026-03-07 16:41:00+00:00,20,20,728218,193.0,59340.0
2026-03-07 16:41:30+00:00,0,0,0,0.0,59370.0
2026-03-07 16:42:00+00:00,20,20,728032,294.0,59400.0
2026-03-07 16:42:30+00:00,20,20,728234,202.0,59430.0
2026-03-07 16:43:00+00:00,20,20,728337,103.0,59460.0
2026-03-07 16:43:30+00:00,20,20,729000,663.0,59490.0
2026-03-07 16:44:00+00:00,20,20,729371,371.0,59520.0
2026-03-07 16:44:30+00:00,20,20,729711,340.0,59550.0
2026-03-07 16:45:00+00:00,20,20,731035,1324.0,59580.0
2026-03-07 16:45:30+00:00,20,20,731638,603.0,59610.0
2026-03-07 16:46:00+00:00,20,20,731985,347.0,59640.0
2026-03-07 16:46:30+00:00,20,20,732123,138.0,59670.0
2026-03-07 16:47:00+00:00,20,20,732555,432.0,59700.0
2026-03-07 16:47:30+00:00,20,20,732641,86.0,59730.0
2026-03-07 16:48:00+00:00,20,20,732695,54.0,59760.0
2026-03-07 16:48:30+00:00,20,20,733650,955.0,59790.0
2026-03-07 16:49:00+00:00,20,20,734327,677.0,59820.0
2026-03-07 16:49:30+00:00,20,20,734493,166.0,59850.0
2026-03-07 16:50:00+00:00,20,20,735540,1047.0,59880.0
2026-03-07 16:50:30+00:00,20,20,736249,709.0,59910.0
2026-03-07 16:51:00+00:00,20,20,736502,253.0,59940.0
2026-03-07 16:51:30+00:00,20,20,736440,349.0,59970.0
2026-03-07 16:52:00+00:00,20,20,736536,96.0,60000.0
2026-03-07 16:52:30+00:00,20,20,736674,138.0,60030.0
2026-03-07 16:53:00+00:00,20,20,737237,563.0,60060.0
2026-03-07 16:53:30+00:00,20,20,737801,564.0,60090.0
2026-03-07 16:54:00+00:00,20,20,738014,213.0,60120.0
2026-03-07 16:54:30+00:00,20,20,738709,695.0,60150.0
2026-03-07 16:55:00+00:00,20,20,738748,39.0,60180.0
2026-03-07 16:55:30+00:00,20,20,738757,9.0,60210.0
2026-03-07 16:56:00+00:00,20,20,739221,464.0,60240.0
2026-03-07 16:56:30+00:00,20,20,739263,161.0,60270.0
2026-03-07 16:57:00+00:00,20,20,739434,171.0,60300.0
2026-03-07 16:57:30+00:00,20,20,739483,49.0,60330.0
2026-03-07 16:58:00+00:00,20,20,739856,373.0,60360.0
2026-03-07 16:58:30+00:00,20,20,739960,104.0,60390.0
2026-03-07 16:59:00+00:00,20,20,740293,333.0,60420.0
2026-03-07 16:59:30+00:00,20,20,740488,195.0,60450.0
2026-03-07 17:00:00+00:00,20,20,741565,1077.0,60480.0
2026-03-07 17:00:30+00:00,20,20,742172,607.0,60510.0
2026-03-07 17:01:00+00:00,20,20,742440,335.0,60540.0
2026-03-07 17:01:30+00:00,20,20,742938,498.0,60570.0
2026-03-07 17:02:00+00:00,0,0,0,0.0,60600.0
2026-03-07 17:02:30+00:00,20,20,743083,145.0,60630.0
2026-03-07 17:03:00+00:00,20,20,743190,107.0,60660.0
2026-03-07 17:03:30+00:00,20,20,743943,753.0,60690.0
2026-03-07 17:04:00+00:00,20,20,744902,959.0,60720.0
2026-03-07 17:04:30+00:00,20,20,745056,154.0,60750.0
2026-03-07 17:05:00+00:00,20,20,745190,134.0,60780.0
2026-03-07 17:05:30+00:00,20,20,746574,1384.0,60810.0
2026-03-07 17:06:00+00:00,20,20,746907,333.0,60840.0
2026-03-07 17:06:30+00:00,20,20,747026,119.0,60870.0
2026-03-07 17:07:00+00:00,20,20,747252,226.0,60900.0
2026-03-07 17:07:30+00:00,20,20,747374,122.0,60930.0
2026-03-07 17:08:00+00:00,20,20,747465,91.0,60960.0
2026-03-07 17:08:30+00:00,20,20,747982,599.0,60990.0
2026-03-07 17:09:00+00:00,20,20,748757,775.0,61020.0
2026-03-07 17:09:30+00:00,20,20,749081,324.0,61050.0
2026-03-07 17:10:00+00:00,20,20,749978,897.0,61080.0
2026-03-07 17:10:30+00:00,20,20,750494,516.0,61110.0
2026-03-07 17:11:00+00:00,20,20,750850,356.0,61140.0
2026-03-07 17:11:30+00:00,20,20,751108,258.0,61170.0
2026-03-07 17:12:00+00:00,20,20,751200,92.0,61200.0
2026-03-07 17:12:30+00:00,20,20,751294,94.0,61230.0
2026-03-07 17:13:00+00:00,20,20,751326,32.0,61260.0
2026-03-07 17:13:30+00:00,20,20,751818,492.0,61290.0
2026-03-07 17:14:00+00:00,20,20,752253,435.0,61320.0
2026-03-07 17:14:30+00:00,20,20,752597,344.0,61350.0
2026-03-07 17:15:00+00:00,20,20,753379,782.0,61380.0
2026-03-07 17:15:30+00:00,20,20,753441,62.0,61410.0
2026-03-07 17:16:00+00:00,20,20,754004,563.0,61440.0
2026-03-07 17:16:30+00:00,20,20,754061,57.0,61470.0
2026-03-07 17:17:00+00:00,20,20,754445,455.0,61500.0
2026-03-07 17:17:30+00:00,20,20,754462,17.0,61530.0
2026-03-07 17:18:00+00:00,20,20,755494,1032.0,61560.0
2026-03-07 17:18:30+00:00,20,20,755856,362.0,61590.0
2026-03-07 17:19:00+00:00,20,20,756506,650.0,61620.0
2026-03-07 17:19:30+00:00,20,20,757223,717.0,61650.0
2026-03-07 17:20:00+00:00,20,20,757405,182.0,61680.0
2026-03-07 17:20:30+00:00,20,20,758215,810.0,61710.0
2026-03-07 17:21:00+00:00,20,20,758274,59.0,61740.0
2026-03-07 17:21:30+00:00,20,20,758680,406.0,61770.0
2026-03-07 17:22:00+00:00,20,20,758750,70.0,61800.0
2026-03-07 17:22:30+00:00,0,0,0,0.0,61830.0
2026-03-07 17:23:00+00:00,20,20,758869,119.0,61860.0
2026-03-07 17:23:30+00:00,20,20,759525,656.0,61890.0
2026-03-07 17:24:00+00:00,20,20,760184,659.0,61920.0
2026-03-07 17:24:30+00:00,20,20,760608,424.0,61950.0
2026-03-07 17:25:00+00:00,20,20,760788,180.0,61980.0
2026-03-07 17:25:30+00:00,20,20,761582,932.0,62010.0
2026-03-07 17:26:00+00:00,20,20,762416,834.0,62040.0
2026-03-07 17:26:30+00:00,20,20,762687,271.0,62070.0
2026-03-07 17:27:00+00:00,20,20,762900,213.0,62100.0
2026-03-07 17:27:30+00:00,20,20,763031,131.0,62130.0
2026-03-07 17:28:00+00:00,20,20,763073,42.0,62160.0
2026-03-07 17:28:30+00:00,20,20,763697,624.0,62190.0
2026-03-07 17:29:00+00:00,20,20,764221,524.0,62220.0
2026-03-07 17:29:30+00:00,20,20,764449,324.0,62250.0
2026-03-07 17:30:00+00:00,20,20,765038,589.0,62280.0
2026-03-07 17:30:30+00:00,20,20,765316,278.0,62310.0
2026-03-07 17:31:00+00:00,20,20,765474,158.0,62340.0
2026-03-07 17:31:30+00:00,20,20,765592,118.0,62370.0
2026-03-07 17:32:00+00:00,20,20,765805,213.0,62400.0
2026-03-07 17:32:30+00:00,20,20,765868,63.0,62430.0
2026-03-07 17:33:00+00:00,20,20,765918,50.0,62460.0
2026-03-07 17:33:30+00:00,20,20,766460,542.0,62490.0
2026-03-07 17:34:00+00:00,20,20,766909,449.0,62520.0
2026-03-07 17:34:30+00:00,20,20,767232,323.0,62550.0
2026-03-07 17:35:00+00:00,20,20,767965,733.0,62580.0
2026-03-07 17:35:30+00:00,20,20,768488,523.0,62610.0
2026-03-07 17:36:00+00:00,20,20,768781,293.0,62640.0
2026-03-07 17:36:30+00:00,20,20,769137,356.0,62670.0
2026-03-07 17:37:00+00:00,20,20,769281,144.0,62700.0
2026-03-07 17:37:30+00:00,20,20,769292,11.0,62730.0
2026-03-07 17:38:00+00:00,20,20,769369,77.0,62760.0
2026-03-07 17:38:30+00:00,20,20,770911,1542.0,62790.0
2026-03-07 17:39:00+00:00,20,20,771309,398.0,62820.0
2026-03-07 17:39:30+00:00,20,20,772258,949.0,62850.0
2026-03-07 17:40:00+00:00,20,20,772316,58.0,62880.0
2026-03-07 17:40:30+00:00,20,20,772758,497.0,62910.0
2026-03-07 17:41:00+00:00,20,20,773029,271.0,62940.0
2026-03-07 17:41:30+00:00,20,20,773548,519.0,62970.0
2026-03-07 17:42:00+00:00,20,20,773587,39.0,63000.0
2026-03-07 17:42:30+00:00,20,20,773642,55.0,63030.0
2026-03-07 17:43:00+00:00,0,0,0,0.0,63060.0
2026-03-07 17:43:30+00:00,20,20,774477,835.0,63090.0
2026-03-07 17:44:00+00:00,20,20,775393,916.0,63120.0
2026-03-07 17:44:30+00:00,20,20,775445,227.0,63150.0
2026-03-07 17:45:00+00:00,20,20,776487,1042.0,63180.0
2026-03-07 17:45:30+00:00,20,20,777097,610.0,63210.0
2026-03-07 17:46:00+00:00,20,20,777431,334.0,63240.0
2026-03-07 17:46:30+00:00,20,20,777475,44.0,63270.0
2026-03-07 17:47:00+00:00,20,20,777885,410.0,63300.0
2026-03-07 17:47:30+00:00,20,20,777981,96.0,63330.0
2026-03-07 17:48:00+00:00,20,20,778052,71.0,63360.0
2026-03-07 17:48:30+00:00,20,20,778788,736.0,63390.0
2026-03-07 17:49:00+00:00,20,20,779516,728.0,63420.0
2026-03-07 17:49:30+00:00,20,20,779682,166.0,63450.0
2026-03-07 17:50:00+00:00,20,20,780585,903.0,63480.0
2026-03-07 17:50:30+00:00,20,20,780689,104.0,63510.0
2026-03-07 17:51:00+00:00,20,20,781315,626.0,63540.0
2026-03-07 17:51:30+00:00,20,20,781343,28.0,63570.0
2026-03-07 17:52:00+00:00,20,20,781799,456.0,63600.0
2026-03-07 17:52:30+00:00,20,20,781926,127.0,63630.0
2026-03-07 17:53:00+00:00,20,20,781991,65.0,63660.0
2026-03-07 17:53:30+00:00,20,20,782787,796.0,63690.0
2026-03-07 17:54:00+00:00,20,20,783542,755.0,63720.0
2026-03-07 17:54:30+00:00,20,20,784167,625.0,63750.0
2026-03-07 17:55:00+00:00,20,20,785050,883.0,63780.0
2026-03-07 17:55:30+00:00,20,20,785605,555.0,63810.0
2026-03-07 17:56:00+00:00,20,20,785897,292.0,63840.0
2026-03-07 17:56:30+00:00,20,20,786204,307.0,63870.0
2026-03-07 17:57:00+00:00,20,20,786487,283.0,63900.0
2026-03-07 17:57:30+00:00,20,20,786541,54.0,63930.0
2026-03-07 17:58:00+00:00,20,20,787417,876.0,63960.0
2026-03-07 17:58:30+00:00,20,20,787791,374.0,63990.0
2026-03-07 17:59:00+00:00,20,20,788654,863.0,64020.0
2026-03-07 17:59:30+00:00,20,20,789863,1209.0,64050.0
2026-03-07 18:00:00+00:00,20,20,789962,99.0,64080.0
2026-03-07 18:00:30+00:00,20,20,791044,1082.0,64110.0
2026-03-07 18:01:00+00:00,20,20,791075,31.0,64140.0
2026-03-07 18:01:30+00:00,20,20,791402,327.0,64170.0
2026-03-07 18:02:00+00:00,20,20,791594,192.0,64200.0
2026-03-07 18:02:30+00:00,20,20,791679,85.0,64230.0
2026-03-07 18:03:00+00:00,0,0,0,0.0,64260.0
2026-03-07 18:03:30+00:00,20,20,792378,699.0,64290.0
2026-03-07 18:04:00+00:00,20,20,792820,442.0,64320.0
2026-03-07 18:04:30+00:00,20,20,793493,673.0,64350.0
2026-03-07 18:05:00+00:00,20,20,794389,896.0,64380.0
2026-03-07 18:05:30+00:00,20,20,794918,529.0,64410.0
2026-03-07 18:06:00+00:00,20,20,795113,195.0,64440.0
2026-03-07 18:06:30+00:00,20,20,795218,105.0,64470.0
2026-03-07 18:07:00+00:00,20,20,795515,297.0,64500.0
2026-03-07 18:07:30+00:00,20,20,795533,18.0,64530.0
2026-03-07 18:08:00+00:00,20,20,795557,24.0,64560.0
2026-03-07 18:08:30+00:00,20,20,795619,62.0,64590.0
2026-03-07 18:09:00+00:00,20,20,796338,719.0,64620.0
2026-03-07 18:09:30+00:00,20,20,796523,185.0,64650.0
2026-03-07 18:10:00+00:00,20,20,796974,451.0,64680.0
2026-03-07 18:10:30+00:00,20,20,797209,235.0,64710.0
2026-03-07 18:11:00+00:00,20,20,797407,198.0,64740.0
2026-03-07 18:11:30+00:00,20,20,797594,187.0,64770.0
2026-03-07 18:12:00+00:00,20,20,797676,82.0,64800.0
2026-03-07 18:12:30+00:00,20,20,797727,51.0,64830.0
2026-03-07 18:13:00+00:00,20,20,798149,422.0,64860.0
2026-03-07 18:13:30+00:00,20,20,798186,37.0,64890.0
2026-03-07 18:14:00+00:00,20,20,798603,417.0,64920.0
2026-03-07 18:14:30+00:00,20,20,799274,671.0,64950.0
2026-03-07 18:15:00+00:00,20,20,799307,33.0,64980.0
2026-03-07 18:15:30+00:00,20,20,799692,385.0,65010.0
2026-03-07 18:16:00+00:00,20,20,800015,323.0,65040.0
2026-03-07 18:16:30+00:00,20,20,800321,306.0,65070.0
2026-03-07 18:17:00+00:00,20,20,800456,135.0,65100.0
2026-03-07 18:17:30+00:00,20,20,800463,7.0,65130.0
2026-03-07 18:18:00+00:00,20,20,801016,553.0,65160.0
2026-03-07 18:18:30+00:00,20,20,801380,364.0,65190.0
2026-03-07 18:19:00+00:00,20,20,802034,654.0,65220.0
2026-03-07 18:19:30+00:00,20,20,803022,988.0,65250.0
2026-03-07 18:20:00+00:00,20,20,803127,105.0,65280.0
2026-03-07 18:20:30+00:00,20,20,803957,830.0,65310.0
2026-03-07 18:21:00+00:00,20,20,803964,7.0,65340.0
2026-03-07 18:21:30+00:00,20,20,804329,365.0,65370.0
2026-03-07 18:22:00+00:00,20,20,804420,91.0,65400.0
2026-03-07 18:22:30+00:00,20,20,804470,50.0,65430.0
2026-03-07 18:23:00+00:00,20,20,804940,470.0,65460.0
2026-03-07 18:23:30+00:00,20,20,805639,699.0,65490.0
2026-03-07 18:24:00+00:00,0,0,0,0.0,65520.0
2026-03-07 18:24:30+00:00,20,20,805783,144.0,65550.0
2026-03-07 18:25:00+00:00,20,20,806559,776.0,65580.0
2026-03-07 18:25:30+00:00,20,20,807019,460.0,65610.0
2026-03-07 18:26:00+00:00,20,20,807349,330.0,65640.0
2026-03-07 18:26:30+00:00,20,20,807481,132.0,65670.0
2026-03-07 18:27:00+00:00,20,20,807783,302.0,65700.0
2026-03-07 18:27:30+00:00,20,20,807830,47.0,65730.0
2026-03-07 18:28:00+00:00,20,20,807860,30.0,65760.0
2026-03-07 18:28:30+00:00,20,20,808381,521.0,65790.0
2026-03-07 18:29:00+00:00,20,20,808820,439.0,65820.0
2026-03-07 18:29:30+00:00,20,20,809289,469.0,65850.0
2026-03-07 18:30:00+00:00,20,20,810012,723.0,65880.0
2026-03-07 18:30:30+00:00,20,20,810256,244.0,65910.0
2026-03-07 18:31:00+00:00,20,20,811066,810.0,65940.0
2026-03-07 18:31:30+00:00,20,20,811118,52.0,65970.0
2026-03-07 18:32:00+00:00,20,20,811436,318.0,66000.0
2026-03-07 18:32:30+00:00,20,20,811457,21.0,66030.0
2026-03-07 18:33:00+00:00,20,20,811522,65.0,66060.0
2026-03-07 18:33:30+00:00,20,20,812041,519.0,66090.0
2026-03-07 18:34:00+00:00,20,20,812311,270.0,66120.0
2026-03-07 18:34:30+00:00,20,20,812872,561.0,66150.0
2026-03-07 18:35:00+00:00,20,20,812891,19.0,66180.0
2026-03-07 18:35:30+00:00,20,20,813276,385.0,66210.0
2026-03-07 18:36:00+00:00,20,20,813276,0.0,66240.0
2026-03-07 18:36:30+00:00,20,20,813471,195.0,66270.0
2026-03-07 18:37:00+00:00,20,20,813524,53.0,66300.0
2026-03-07 18:37:30+00:00,20,20,813526,2.0,66330.0
2026-03-07 18:38:00+00:00,20,20,813876,350.0,66360.0
2026-03-07 18:38:30+00:00,20,20,814075,199.0,66390.0
2026-03-07 18:39:00+00:00,20,20,814290,215.0,66420.0
2026-03-07 18:39:30+00:00,20,20,814887,597.0,66450.0
2026-03-07 18:40:00+00:00,20,20,814902,15.0,66480.0
2026-03-07 18:40:30+00:00,20,20,815252,350.0,66510.0
2026-03-07 18:41:00+00:00,20,20,815316,64.0,66540.0
2026-03-07 18:41:30+00:00,20,20,815534,218.0,66570.0
2026-03-07 18:42:00+00:00,20,20,815568,34.0,66600.0
2026-03-07 18:42:30+00:00,20,20,815601,33.0,66630.0
2026-03-07 18:43:00+00:00,20,20,815951,350.0,66660.0
2026-03-07 18:43:30+00:00,20,20,816294,343.0,66690.0
2026-03-07 18:44:00+00:00,20,20,816605,311.0,66720.0
2026-03-07 18:44:30+00:00,20,20,817544,939.0,66750.0
2026-03-07 18:45:00+00:00,0,0,0,0.0,66780.0
2026-03-07 18:45:30+00:00,20,20,817602,58.0,66810.0
2026-03-07 18:46:00+00:00,20,20,818071,469.0,66840.0
2026-03-07 18:46:30+00:00,20,20,818338,267.0,66870.0
2026-03-07 18:47:00+00:00,20,20,818696,358.0,66900.0
2026-03-07 18:47:30+00:00,20,20,818741,45.0,66930.0
2026-03-07 18:48:00+00:00,20,20,818813,72.0,66960.0
2026-03-07 18:48:30+00:00,20,20,819451,638.0,66990.0
2026-03-07 18:49:00+00:00,20,20,820286,835.0,67020.0
2026-03-07 18:49:30+00:00,20,20,820534,248.0,67050.0
2026-03-07 18:50:00+00:00,20,20,821549,1015.0,67080.0
2026-03-07 18:50:30+00:00,20,20,821925,376.0,67110.0
2026-03-07 18:51:00+00:00,20,20,822442,517.0,67140.0
2026-03-07 18:51:30+00:00,20,20,822442,0.0,67170.0
2026-03-07 18:52:00+00:00,20,20,822866,424.0,67200.0
2026-03-07 18:52:30+00:00,20,20,822948,82.0,67230.0
2026-03-07 18:53:00+00:00,20,20,823543,595.0,67260.0
2026-03-07 18:53:30+00:00,20,20,823857,314.0,67290.0
2026-03-07 18:54:00+00:00,20,20,824369,512.0,67320.0
2026-03-07 18:54:30+00:00,20,20,824616,247.0,67350.0
2026-03-07 18:55:00+00:00,20,20,825707,1091.0,67380.0
2026-03-07 18:55:30+00:00,20,20,826174,467.0,67410.0
2026-03-07 18:56:00+00:00,20,20,826730,556.0,67440.0
2026-03-07 18:56:30+00:00,20,20,826734,4.0,67470.0
2026-03-07 18:57:00+00:00,20,20,827185,451.0,67500.0
2026-03-07 18:57:30+00:00,20,20,827247,62.0,67530.0
2026-03-07 18:58:00+00:00,20,20,827284,37.0,67560.0
2026-03-07 18:58:30+00:00,20,20,828022,738.0,67590.0
2026-03-07 18:59:00+00:00,20,20,828877,855.0,67620.0
2026-03-07 18:59:30+00:00,20,20,830063,1186.0,67650.0
2026-03-07 19:00:00+00:00,20,20,830152,89.0,67680.0
2026-03-07 19:00:30+00:00,20,20,830674,522.0,67710.0
2026-03-07 19:01:00+00:00,20,20,830899,225.0,67740.0
2026-03-07 19:01:30+00:00,20,20,831103,204.0,67770.0
2026-03-07 19:02:00+00:00,20,20,831158,55.0,67800.0
2026-03-07 19:02:30+00:00,20,20,831158,0.0,67830.0
2026-03-07 19:03:00+00:00,20,20,831623,465.0,67860.0
2026-03-07 19:03:30+00:00,20,20,831987,364.0,67890.0
2026-03-07 19:04:00+00:00,20,20,832240,253.0,67920.0
2026-03-07 19:04:30+00:00,20,20,832246,6.0,67950.0
2026-03-07 19:05:00+00:00,20,20,832933,687.0,67980.0
2026-03-07 19:05:30+00:00,0,0,0,0.0,68010.0
2026-03-07 19:06:00+00:00,20,20,833250,317.0,68040.0
2026-03-07 19:06:30+00:00,20,20,833294,44.0,68070.0
2026-03-07 19:07:00+00:00,20,20,833458,164.0,68100.0
2026-03-07 19:07:30+00:00,20,20,833491,33.0,68130.0
2026-03-07 19:08:00+00:00,20,20,833512,21.0,68160.0
2026-03-07 19:08:30+00:00,20,20,833903,391.0,68190.0
2026-03-07 19:09:00+00:00,20,20,834337,434.0,68220.0
2026-03-07 19:09:30+00:00,20,20,834455,118.0,68250.0
2026-03-07 19:10:00+00:00,20,20,835091,636.0,68280.0
2026-03-07 19:10:30+00:00,20,20,835318,227.0,68310.0
2026-03-07 19:11:00+00:00,20,20,835665,347.0,68340.0
2026-03-07 19:11:30+00:00,20,20,835665,0.0,68370.0
2026-03-07 19:12:00+00:00,20,20,836040,375.0,68400.0
2026-03-07 19:12:30+00:00,20,20,836073,33.0,68430.0
2026-03-07 19:13:00+00:00,20,20,836629,556.0,68460.0
2026-03-07 19:13:30+00:00,20,20,836911,282.0,68490.0
2026-03-07 19:14:00+00:00,20,20,837398,487.0,68520.0
2026-03-07 19:14:30+00:00,20,20,838548,1150.0,68550.0
2026-03-07 19:15:00+00:00,20,20,838577,29.0,68580.0
2026-03-07 19:15:30+00:00,20,20,839225,648.0,68610.0
2026-03-07 19:16:00+00:00,20,20,839516,291.0,68640.0
2026-03-07 19:16:30+00:00,20,20,839828,312.0,68670.0
2026-03-07 19:17:00+00:00,20,20,839925,97.0,68700.0
2026-03-07 19:17:30+00:00,20,20,839953,28.0,68730.0
2026-03-07 19:18:00+00:00,20,20,840739,786.0,68760.0
2026-03-07 19:18:30+00:00,20,20,841340,601.0,68790.0
2026-03-07 19:19:00+00:00,20,20,841664,324.0,68820.0
2026-03-07 19:19:30+00:00,20,20,842498,834.0,68850.0
2026-03-07 19:20:00+00:00,20,20,842559,61.0,68880.0
2026-03-07 19:20:30+00:00,20,20,843405,846.0,68910.0
2026-03-07 19:21:00+00:00,20,20,843430,25.0,68940.0
2026-03-07 19:21:30+00:00,20,20,843572,142.0,68970.0
2026-03-07 19:22:00+00:00,20,20,843845,273.0,69000.0
2026-03-07 19:22:30+00:00,20,20,843912,67.0,69030.0
2026-03-07 19:23:00+00:00,20,20,844431,519.0,69060.0
2026-03-07 19:23:30+00:00,20,20,844861,430.0,69090.0
2026-03-07 19:24:00+00:00,20,20,845383,522.0,69120.0
2026-03-07 19:24:30+00:00,20,20,846402,1019.0,69150.0
2026-03-07 19:25:00+00:00,20,20,846448,46.0,69180.0
2026-03-07 19:25:30+00:00,20,20,847452,1004.0,69210.0
2026-03-07 19:26:00+00:00,0,0,0,0.0,69240.0
2026-03-07 19:26:30+00:00,20,20,847453,1.0,69270.0
2026-03-07 19:27:00+00:00,20,20,847818,365.0,69300.0
2026-03-07 19:27:30+00:00,20,20,847841,23.0,69330.0
2026-03-07 19:28:00+00:00,20,20,847861,20.0,69360.0
2026-03-07 19:28:30+00:00,20,20,848139,278.0,69390.0
2026-03-07 19:29:00+00:00,20,20,848443,304.0,69420.0
2026-03-07 19:29:30+00:00,20,20,848556,113.0,69450.0
2026-03-07 19:30:00+00:00,20,20,849033,477.0,69480.0
2026-03-07 19:30:30+00:00,20,20,849249,216.0,69510.0
2026-03-07 19:31:00+00:00,20,20,849463,214.0,69540.0
2026-03-07 19:31:30+00:00,20,20,849526,63.0,69570.0
2026-03-07 19:32:00+00:00,20,20,849655,129.0,69600.0
2026-03-07 19:32:30+00:00,20,20,849689,34.0,69630.0
2026-03-07 19:33:00+00:00,20,20,849716,27.0,69660.0
2026-03-07 19:33:30+00:00,20,20,850347,631.0,69690.0
2026-03-07 19:34:00+00:00,20,20,850521,174.0,69720.0
2026-03-07 19:34:30+00:00,20,20,850726,205.0,69750.0
2026-03-07 19:35:00+00:00,20,20,851157,431.0,69780.0
2026-03-07 19:35:30+00:00,20,20,851608,451.0,69810.0
2026-03-07 19:36:00+00:00,20,20,851630,22.0,69840.0
2026-03-07 19:36:30+00:00,20,20,851690,60.0,69870.0
2026-03-07 19:37:00+00:00,20,20,851906,216.0,69900.0
2026-03-07 19:37:30+00:00,20,20,851928,22.0,69930.0
2026-03-07 19:38:00+00:00,20,20,851954,26.0,69960.0
2026-03-07 19:38:30+00:00,20,20,852672,718.0,69990.0
2026-03-07 19:39:00+00:00,20,20,853406,734.0,70020.0
2026-03-07 19:39:30+00:00,20,20,854291,885.0,70050.0
2026-03-07 19:40:00+00:00,20,20,854310,19.0,70080.0
2026-03-07 19:40:30+00:00,20,20,855233,923.0,70110.0
2026-03-07 19:41:00+00:00,20,20,855255,22.0,70140.0
2026-03-07 19:41:30+00:00,20,20,855634,379.0,70170.0
2026-03-07 19:42:00+00:00,20,20,855730,96.0,70200.0
2026-03-07 19:42:30+00:00,20,20,855754,24.0,70230.0
2026-03-07 19:43:00+00:00,20,20,856352,598.0,70260.0
2026-03-07 19:43:30+00:00,20,20,857136,784.0,70290.0
2026-03-07 19:44:00+00:00,20,20,857327,191.0,70320.0
2026-03-07 19:44:30+00:00,20,20,858122,795.0,70350.0
2026-03-07 19:45:00+00:00,20,20,858802,680.0,70380.0
2026-03-07 19:45:30+00:00,20,20,859330,528.0,70410.0
2026-03-07 19:46:00+00:00,20,20,859463,133.0,70440.0
2026-03-07 19:46:30+00:00,0,0,0,0.0,70470.0
2026-03-07 19:47:00+00:00,20,20,859721,258.0,70500.0
2026-03-07 19:47:30+00:00,20,20,859752,31.0,70530.0
2026-03-07 19:48:00+00:00,20,20,859812,60.0,70560.0
2026-03-07 19:48:30+00:00,20,20,860676,864.0,70590.0
2026-03-07 19:49:00+00:00,20,20,861504,828.0,70620.0
2026-03-07 19:49:30+00:00,20,20,861738,234.0,70650.0
2026-03-07 19:50:00+00:00,20,20,862660,922.0,70680.0
2026-03-07 19:50:30+00:00,20,20,863129,469.0,70710.0
2026-03-07 19:51:00+00:00,20,20,863657,528.0,70740.0
2026-03-07 19:51:30+00:00,20,20,863775,118.0,70770.0
2026-03-07 19:52:00+00:00,20,20,864142,367.0,70800.0
2026-03-07 19:52:30+00:00,20,20,864181,39.0,70830.0
2026-03-07 19:53:00+00:00,20,20,864217,36.0,70860.0
2026-03-07 19:53:30+00:00,20,20,864688,471.0,70890.0
2026-03-07 19:54:00+00:00,20,20,865360,672.0,70920.0
