timestep,rows_captured,unique_videos_captured,total_view_count,total_like_count,total_comment_count,new_view_count,new_like_count,new_comment_count,seconds_since_start
2026-03-07 00:12:00+00:00,1,1,0,6,2,0.0,0.0,0.0,0.0
2026-03-07 00:12:30+00:00,1,1,2,10,3,2.0,4.0,1.0,30.0
2026-03-07 00:13:00+00:00,2,2,23,18,4,21.0,4.0,0.0,60.0
2026-03-07 00:13:30+00:00,3,3,42,24,4,19.0,4.0,0.0,90.0
2026-03-07 00:14:00+00:00,3,3,48,26,4,6.0,3.0,0.0,120.0
2026-03-07 00:14:30+00:00,3,3,109,28,4,61.0,2.0,0.0,150.0
2026-03-07 00:15:00+00:00,3,3,131,31,4,22.0,3.0,0.0,180.0
2026-03-07 00:15:30+00:00,3,3,148,35,4,17.0,4.0,0.0,210.0
2026-03-07 00:16:00+00:00,3,3,245,36,5,97.0,1.0,1.0,240.0
2026-03-07 00:16:30+00:00,3,3,283,45,5,38.0,9.0,0.0,270.0
2026-03-07 00:17:00+00:00,3,3,408,50,6,125.0,5.0,1.0,300.0
2026-03-07 00:17:30+00:00,3,3,465,54,6,57.0,4.0,0.0,330.0
2026-03-07 00:18:00+00:00,3,3,486,59,7,21.0,5.0,1.0,360.0
2026-03-07 00:18:30+00:00,0,0,0,0,0,0.0,0.0,0.0,390.0
2026-03-07 00:19:00+00:00,3,3,653,69,7,167.0,10.0,0.0,420.0
2026-03-07 00:19:30+00:00,3,3,737,75,7,84.0,6.0,0.0,450.0
2026-03-07 00:20:00+00:00,4,4,832,80,7,95.0,4.0,0.0,480.0
2026-03-07 00:20:30+00:00,4,4,1005,85,7,173.0,5.0,0.0,510.0
2026-03-07 00:21:00+00:00,4,4,1084,96,7,79.0,11.0,0.0,540.0
2026-03-07 00:21:30+00:00,4,4,1311,106,8,227.0,10.0,1.0,570.0
2026-03-07 00:22:00+00:00,4,4,1430,113,9,119.0,7.0,1.0,600.0
2026-03-07 00:22:30+00:00,4,4,1488,121,9,58.0,8.0,0.0,630.0
2026-03-07 00:23:00+00:00,4,4,1720,133,9,232.0,12.0,0.0,660.0
2026-03-07 00:23:30+00:00,4,4,1852,144,11,132.0,11.0,2.0,690.0
2026-03-07 00:24:00+00:00,4,4,1938,148,12,86.0,4.0,1.0,720.0
2026-03-07 00:24:30+00:00,4,4,2184,158,12,246.0,10.0,0.0,750.0
2026-03-07 00:25:00+00:00,4,4,2233,165,12,49.0,7.0,0.0,780.0
2026-03-07 00:25:30+00:00,4,4,2400,169,12,167.0,4.0,0.0,810.0
2026-03-07 00:26:00+00:00,4,4,2517,177,12,117.0,8.0,0.0,840.0
2026-03-07 00:26:30+00:00,4,4,2654,182,12,137.0,5.0,0.0,870.0
2026-03-07 00:27:00+00:00,4,4,2836,193,13,182.0,11.0,1.0,900.0
2026-03-07 00:27:30+00:00,4,4,2897,199,13,61.0,6.0,0.0,930.0
2026-03-07 00:28:00+00:00,4,4,3070,205,14,173.0,6.0,1.0,960.0
2026-03-07 00:28:30+00:00,4,4,3172,212,14,102.0,7.0,0.0,990.0
2026-03-07 00:29:00+00:00,4,4,3318,218,15,146.0,6.0,1.0,1020.0
2026-03-07 00:29:30+00:00,4,4,3463,226,16,145.0,8.0,1.0,1050.0
2026-03-07 00:30:00+00:00,4,4,3545,236,16,82.0,10.0,0.0,1080.0
2026-03-07 00:30:30+00:00,4,4,3656,241,16,111.0,5.0,0.0,1110.0
2026-03-07 00:31:00+00:00,4,4,3900,248,16,244.0,7.0,0.0,1140.0
2026-03-07 00:31:30+00:00,4,4,3939,254,17,39.0,6.0,1.0,1170.0
2026-03-07 00:32:00+00:00,4,4,4122,258,18,183.0,4.0,1.0,1200.0
2026-03-07 00:32:30+00:00,4,4,4255,262,18,133.0,4.0,0.0,1230.0
2026-03-07 00:33:00+00:00,4,4,4439,270,18,184.0,8.0,0.0,1260.0
2026-03-07 00:33:30+00:00,4,4,4552,277,19,113.0,7.0,1.0,1290.0
2026-03-07 00:34:00+00:00,4,4,4592,285,19,40.0,8.0,0.0,1320.0
2026-03-07 00:34:30+00:00,4,4,4697,293,20,105.0,8.0,1.0,1350.0
2026-03-07 00:35:00+00:00,4,4,4912,303,20,215.0,10.0,0.0,1380.0
2026-03-07 00:35:30+00:00,4,4,4978,311,20,66.0,8.0,0.0,1410.0
2026-03-07 00:36:00+00:00,4,4,5141,316,20,163.0,5.0,0.0,1440.0
2026-03-07 00:36:30+00:00,4,4,5244,325,20,103.0,9.0,0.0,1470.0
2026-03-07 00:37:00+00:00,4,4,5430,332,20,186.0,7.0,0.0,1500.0
2026-03-07 00:37:30+00:00,4,4,5546,335,20,116.0,3.0,0.0,1530.0
2026-03-07 00:38:00+00:00,4,4,5679,338,21,133.0,3.0,1.0,1560.0
2026-03-07 00:38:30+00:00,4,4,5790,344,21,111.0,6.0,0.0,1590.0
2026-03-07 00:39:00+00:00,4,4,5904,351,21,114.0,7.0,0.0,1620.0
2026-03-07 00:39:30+00:00,4,4,6048,357,22,144.0,6.0,1.0,1650.0
2026-03-07 00:40:00+00:00,4,4,6107,366,22,59.0,9.0,0.0,1680.0
2026-03-07 00:40:30+00:00,4,4,6278,371,22,171.0,5.0,0.0,1710.0
2026-03-07 00:41:00+00:00,4,4,6393,377,23,115.0,6.0,1.0,1740.0
2026-03-07 00:41:30+00:00,4,4,6548,384,24,155.0,7.0,1.0,1770.0
2026-03-07 00:42:00+00:00,4,4,6669,390,24,121.0,6.0,0.0,1800.0
2026-03-07 00:42:30+00:00,4,4,6744,396,25,75.0,6.0,1.0,1830.0
2026-03-07 00:43:00+00:00,4,4,6926,398,26,182.0,2.0,1.0,1860.0
2026-03-07 00:43:30+00:00,4,4,7037,404,26,111.0,6.0,0.0,1890.0
2026-03-07 00:44:00+00:00,4,4,7182,407,26,145.0,3.0,0.0,1920.0
2026-03-07 00:44:30+00:00,4,4,7263,412,26,81.0,5.0,0.0,1950.0
2026-03-07 00:45:00+00:00,4,4,7297,418,26,34.0,6.0,0.0,1980.0
2026-03-07 00:45:30+00:00,4,4,7419,422,26,122.0,4.0,0.0,2010.0
2026-03-07 00:46:00+00:00,4,4,7501,426,26,82.0,4.0,0.0,2040.0
2026-03-07 00:46:30+00:00,0,0,0,0,0,0.0,0.0,0.0,2070.0
2026-03-07 00:47:00+00:00,4,4,7590,432,27,89.0,6.0,1.0,2100.0
2026-03-07 00:47:30+00:00,4,4,7676,441,27,86.0,9.0,0.0,2130.0
2026-03-07 00:48:00+00:00,4,4,7759,445,27,83.0,4.0,0.0,2160.0
2026-03-07 00:48:30+00:00,4,4,7847,449,28,88.0,4.0,1.0,2190.0
2026-03-07 00:49:00+00:00,4,4,7898,454,28,51.0,5.0,0.0,2220.0
2026-03-07 00:49:30+00:00,4,4,8054,457,29,156.0,3.0,1.0,2250.0
2026-03-07 00:50:00+00:00,4,4,8102,463,29,48.0,6.0,0.0,2280.0
2026-03-07 00:50:30+00:00,4,4,8186,465,29,84.0,2.0,0.0,2310.0
2026-03-07 00:51:00+00:00,4,4,8339,470,29,153.0,5.0,0.0,2340.0
2026-03-07 00:51:30+00:00,4,4,8375,479,29,36.0,9.0,0.0,2370.0
2026-03-07 00:52:00+00:00,4,4,8511,484,29,136.0,5.0,0.0,2400.0
2026-03-07 00:52:30+00:00,5,5,8605,490,31,94.0,4.0,0.0,2430.0
2026-03-07 00:53:00+00:00,5,5,8641,494,31,36.0,4.0,0.0,2460.0
2026-03-07 00:53:30+00:00,6,6,8747,500,31,106.0,6.0,0.0,2490.0
2026-03-07 00:54:00+00:00,6,6,8836,505,34,89.0,5.0,3.0,2520.0
2026-03-07 00:54:30+00:00,6,6,8972,510,34,136.0,5.0,0.0,2550.0
2026-03-07 00:55:00+00:00,6,6,9087,515,34,115.0,5.0,0.0,2580.0
2026-03-07 00:55:30+00:00,6,6,9173,523,35,86.0,8.0,1.0,2610.0
2026-03-07 00:56:00+00:00,6,6,9357,533,35,184.0,10.0,0.0,2640.0
2026-03-07 00:56:30+00:00,6,6,9540,547,36,183.0,14.0,1.0,2670.0
2026-03-07 00:57:00+00:00,6,6,9695,556,36,155.0,9.0,0.0,2700.0
2026-03-07 00:57:30+00:00,6,6,9805,566,36,110.0,10.0,0.0,2730.0
2026-03-07 00:58:00+00:00,6,6,10022,576,37,217.0,10.0,1.0,2760.0
2026-03-07 00:58:30+00:00,6,6,10204,581,37,182.0,5.0,0.0,2790.0
2026-03-07 00:59:00+00:00,6,6,10282,590,38,78.0,10.0,1.0,2820.0
2026-03-07 00:59:30+00:00,6,6,10618,603,39,336.0,13.0,1.0,2850.0
2026-03-07 01:00:00+00:00,6,6,10689,608,39,71.0,5.0,0.0,2880.0
2026-03-07 01:00:30+00:00,7,7,11046,620,39,356.0,10.0,0.0,2910.0
2026-03-07 01:01:00+00:00,7,7,11089,627,39,43.0,7.0,0.0,2940.0
2026-03-07 01:01:30+00:00,7,7,11274,636,39,185.0,10.0,0.0,2970.0
2026-03-07 01:02:00+00:00,7,7,11525,645,40,251.0,9.0,1.0,3000.0
2026-03-07 01:02:30+00:00,7,7,11726,660,43,201.0,15.0,3.0,3030.0
2026-03-07 01:03:00+00:00,7,7,11885,681,43,159.0,21.0,0.0,3060.0
2026-03-07 01:03:30+00:00,7,7,12135,713,44,250.0,32.0,1.0,3090.0
2026-03-07 01:04:00+00:00,7,7,12496,726,45,361.0,13.0,1.0,3120.0
2026-03-07 01:04:30+00:00,7,7,12651,738,45,155.0,12.0,0.0,3150.0
2026-03-07 01:05:00+00:00,7,7,12868,755,46,217.0,17.0,1.0,3180.0
2026-03-07 01:05:30+00:00,7,7,13188,771,48,320.0,16.0,2.0,3210.0
2026-03-07 01:06:00+00:00,7,7,13422,783,49,234.0,12.0,1.0,3240.0
2026-03-07 01:06:30+00:00,7,7,13677,802,49,255.0,19.0,0.0,3270.0
2026-03-07 01:07:00+00:00,7,7,13908,817,49,231.0,15.0,0.0,3300.0
2026-03-07 01:07:30+00:00,7,7,14174,836,49,266.0,19.0,0.0,3330.0
2026-03-07 01:08:00+00:00,7,7,14458,850,49,284.0,14.0,0.0,3360.0
2026-03-07 01:08:30+00:00,7,7,14674,861,49,216.0,11.0,0.0,3390.0
2026-03-07 01:09:00+00:00,7,7,15022,869,50,348.0,8.0,1.0,3420.0
2026-03-07 01:09:30+00:00,7,7,15192,880,50,170.0,11.0,0.0,3450.0
2026-03-07 01:10:00+00:00,7,7,15332,901,51,140.0,21.0,1.0,3480.0
2026-03-07 01:10:30+00:00,7,7,15734,921,51,402.0,20.0,0.0,3510.0
2026-03-07 01:11:00+00:00,7,7,16056,937,51,322.0,16.0,0.0,3540.0
2026-03-07 01:11:30+00:00,7,7,16435,957,51,379.0,20.0,0.0,3570.0
2026-03-07 01:12:00+00:00,7,7,16781,967,52,346.0,10.0,1.0,3600.0
2026-03-07 01:12:30+00:00,7,7,16993,986,52,212.0,19.0,0.0,3630.0
2026-03-07 01:13:00+00:00,7,7,17469,1001,53,476.0,15.0,1.0,3660.0
2026-03-07 01:13:30+00:00,7,7,17813,1018,53,344.0,17.0,0.0,3690.0
2026-03-07 01:14:00+00:00,0,0,0,0,0,0.0,0.0,0.0,3720.0
2026-03-07 01:14:30+00:00,7,7,18115,1033,53,302.0,15.0,0.0,3750.0
2026-03-07 01:15:00+00:00,7,7,18689,1048,55,574.0,15.0,2.0,3780.0
2026-03-07 01:15:30+00:00,7,7,18858,1064,55,169.0,16.0,0.0,3810.0
2026-03-07 01:16:00+00:00,7,7,19333,1078,55,475.0,14.0,0.0,3840.0
2026-03-07 01:16:30+00:00,7,7,19684,1091,55,351.0,13.0,0.0,3870.0
2026-03-07 01:17:00+00:00,7,7,19992,1107,55,308.0,16.0,0.0,3900.0
2026-03-07 01:17:30+00:00,7,7,20430,1119,56,438.0,12.0,1.0,3930.0
2026-03-07 01:18:00+00:00,7,7,20666,1131,58,236.0,12.0,2.0,3960.0
2026-03-07 01:18:30+00:00,7,7,21023,1142,58,357.0,11.0,0.0,3990.0
2026-03-07 01:19:00+00:00,7,7,21372,1153,58,349.0,11.0,0.0,4020.0
2026-03-07 01:19:30+00:00,7,7,21491,1169,59,119.0,16.0,1.0,4050.0
2026-03-07 01:20:00+00:00,8,8,21962,1185,59,471.0,15.0,0.0,4080.0
2026-03-07 01:20:30+00:00,8,8,22164,1200,62,202.0,15.0,3.0,4110.0
2026-03-07 01:21:00+00:00,8,8,22398,1222,64,234.0,22.0,2.0,4140.0
2026-03-07 01:21:30+00:00,8,8,22889,1238,64,491.0,16.0,0.0,4170.0
2026-03-07 01:22:00+00:00,8,8,23159,1253,66,270.0,15.0,2.0,4200.0
2026-03-07 01:22:30+00:00,8,8,23617,1277,72,458.0,24.0,6.0,4230.0
2026-03-07 01:23:00+00:00,8,8,23924,1294,75,307.0,17.0,3.0,4260.0
2026-03-07 01:23:30+00:00,8,8,24126,1308,75,202.0,14.0,0.0,4290.0
2026-03-07 01:24:00+00:00,8,8,24467,1326,76,341.0,18.0,1.0,4320.0
2026-03-07 01:24:30+00:00,9,9,24806,1350,77,339.0,17.0,1.0,4350.0
2026-03-07 01:25:00+00:00,9,9,25252,1374,78,446.0,24.0,1.0,4380.0
2026-03-07 01:25:30+00:00,9,9,25628,1403,80,376.0,29.0,2.0,4410.0
2026-03-07 01:26:00+00:00,9,9,25863,1414,81,235.0,11.0,1.0,4440.0
2026-03-07 01:26:30+00:00,9,9,26242,1430,84,379.0,16.0,3.0,4470.0
2026-03-07 01:27:00+00:00,9,9,26579,1443,86,337.0,13.0,2.0,4500.0
2026-03-07 01:27:30+00:00,9,9,26810,1458,87,231.0,15.0,1.0,4530.0
2026-03-07 01:28:00+00:00,9,9,27291,1475,89,481.0,17.0,2.0,4560.0
2026-03-07 01:28:30+00:00,9,9,27570,1494,89,279.0,19.0,0.0,4590.0
2026-03-07 01:29:00+00:00,9,9,28002,1515,90,432.0,21.0,1.0,4620.0
2026-03-07 01:29:30+00:00,9,9,28323,1531,90,321.0,16.0,0.0,4650.0
2026-03-07 01:30:00+00:00,9,9,28665,1553,92,342.0,22.0,2.0,4680.0
2026-03-07 01:30:30+00:00,9,9,29036,1569,92,371.0,16.0,0.0,4710.0
2026-03-07 01:31:00+00:00,9,9,29290,1591,94,254.0,22.0,2.0,4740.0
2026-03-07 01:31:30+00:00,9,9,29792,1616,95,502.0,25.0,1.0,4770.0
2026-03-07 01:32:00+00:00,9,9,30151,1639,95,359.0,23.0,0.0,4800.0
2026-03-07 01:32:30+00:00,9,9,30690,1653,96,539.0,14.0,1.0,4830.0
2026-03-07 01:33:00+00:00,9,9,30996,1666,96,306.0,13.0,0.0,4860.0
2026-03-07 01:33:30+00:00,9,9,31323,1685,96,327.0,19.0,0.0,4890.0
2026-03-07 01:34:00+00:00,9,9,31708,1709,97,385.0,24.0,1.0,4920.0
2026-03-07 01:34:30+00:00,9,9,32144,1728,98,436.0,19.0,1.0,4950.0
2026-03-07 01:35:00+00:00,9,9,32515,1743,98,371.0,15.0,0.0,4980.0
2026-03-07 01:35:30+00:00,9,9,32840,1764,100,325.0,21.0,2.0,5010.0
2026-03-07 01:36:00+00:00,9,9,33340,1781,100,500.0,17.0,0.0,5040.0
2026-03-07 01:36:30+00:00,9,9,33796,1799,100,456.0,18.0,0.0,5070.0
2026-03-07 01:37:00+00:00,9,9,34059,1822,101,263.0,23.0,1.0,5100.0
2026-03-07 01:37:30+00:00,9,9,34827,1841,102,768.0,19.0,1.0,5130.0
2026-03-07 01:38:00+00:00,9,9,35085,1859,104,258.0,18.0,2.0,5160.0
2026-03-07 01:38:30+00:00,9,9,35491,1879,104,406.0,20.0,0.0,5190.0
2026-03-07 01:39:00+00:00,9,9,36075,1901,105,584.0,22.0,1.0,5220.0
2026-03-07 01:39:30+00:00,9,9,36311,1929,105,236.0,28.0,0.0,5250.0
2026-03-07 01:40:00+00:00,9,9,36974,1946,105,663.0,17.0,0.0,5280.0
2026-03-07 01:40:30+00:00,0,0,0,0,0,0.0,0.0,0.0,5310.0
2026-03-07 01:41:00+00:00,9,9,37321,1963,106,347.0,17.0,1.0,5340.0
2026-03-07 01:41:30+00:00,9,9,37884,1984,106,563.0,21.0,0.0,5370.0
2026-03-07 01:42:00+00:00,9,9,38270,1999,106,386.0,15.0,0.0,5400.0
2026-03-07 01:42:30+00:00,9,9,38596,2021,106,326.0,22.0,0.0,5430.0
2026-03-07 01:43:00+00:00,9,9,39132,2036,106,536.0,15.0,0.0,5460.0
2026-03-07 01:43:30+00:00,9,9,39368,2062,106,236.0,26.0,0.0,5490.0
2026-03-07 01:44:00+00:00,9,9,39802,2077,107,434.0,15.0,1.0,5520.0
2026-03-07 01:44:30+00:00,9,9,40253,2091,108,451.0,14.0,1.0,5550.0
2026-03-07 01:45:00+00:00,10,10,40692,2124,110,439.0,23.0,2.0,5580.0
2026-03-07 01:45:30+00:00,10,10,41258,2140,110,566.0,16.0,0.0,5610.0
2026-03-07 01:46:00+00:00,10,10,41620,2163,111,362.0,23.0,1.0,5640.0
2026-03-07 01:46:30+00:00,10,10,41838,2180,111,218.0,17.0,0.0,5670.0
2026-03-07 01:47:00+00:00,10,10,42547,2206,112,709.0,26.0,1.0,5700.0
2026-03-07 01:47:30+00:00,10,10,42860,2235,113,313.0,29.0,1.0,5730.0
2026-03-07 01:48:00+00:00,10,10,43457,2270,114,597.0,36.0,1.0,5760.0
2026-03-07 01:48:30+00:00,10,10,43831,2291,115,374.0,21.0,1.0,5790.0
2026-03-07 01:49:00+00:00,10,10,44237,2313,116,406.0,22.0,1.0,5820.0
2026-03-07 01:49:30+00:00,10,10,44662,2331,116,425.0,18.0,0.0,5850.0
2026-03-07 01:50:00+00:00,10,10,45137,2344,116,475.0,14.0,0.0,5880.0
2026-03-07 01:50:30+00:00,10,10,45307,2356,116,170.0,14.0,0.0,5910.0
2026-03-07 01:51:00+00:00,10,10,45920,2377,117,613.0,21.0,1.0,5940.0
2026-03-07 01:51:30+00:00,10,10,46366,2395,117,446.0,18.0,0.0,5970.0
2026-03-07 01:52:00+00:00,10,10,46891,2414,117,525.0,19.0,0.0,6000.0
2026-03-07 01:52:30+00:00,10,10,47346,2433,117,455.0,19.0,0.0,6030.0
2026-03-07 01:53:00+00:00,10,10,47656,2451,118,310.0,18.0,1.0,6060.0
2026-03-07 01:53:30+00:00,10,10,48371,2471,118,715.0,20.0,0.0,6090.0
2026-03-07 01:54:00+00:00,10,10,48622,2496,119,251.0,25.0,1.0,6120.0
2026-03-07 01:54:30+00:00,10,10,49128,2519,119,506.0,23.0,0.0,6150.0
2026-03-07 01:55:00+00:00,10,10,49612,2541,119,484.0,22.0,0.0,6180.0
2026-03-07 01:55:30+00:00,10,10,49952,2556,120,340.0,15.0,1.0,6210.0
2026-03-07 01:56:00+00:00,10,10,50617,2574,120,665.0,18.0,0.0,6240.0
2026-03-07 01:56:30+00:00,10,10,50825,2593,120,208.0,19.0,0.0,6270.0
2026-03-07 01:57:00+00:00,10,10,51350,2622,121,525.0,29.0,1.0,6300.0
2026-03-07 01:57:30+00:00,10,10,51592,2643,121,242.0,21.0,0.0,6330.0
2026-03-07 01:58:00+00:00,10,10,52028,2668,121,436.0,25.0,0.0,6360.0
2026-03-07 01:58:30+00:00,10,10,52549,2698,121,521.0,30.0,0.0,6390.0
2026-03-07 01:59:00+00:00,10,10,53059,2718,122,510.0,20.0,1.0,6420.0
2026-03-07 01:59:30+00:00,10,10,53726,2738,123,667.0,20.0,1.0,6450.0
2026-03-07 02:00:00+00:00,10,10,54129,2758,125,403.0,20.0,2.0,6480.0
2026-03-07 02:00:30+00:00,10,10,54447,2778,125,318.0,20.0,0.0,6510.0
2026-03-07 02:01:00+00:00,10,10,55093,2799,125,646.0,21.0,0.0,6540.0
2026-03-07 02:01:30+00:00,10,10,55324,2821,125,231.0,22.0,0.0,6570.0
2026-03-07 02:02:00+00:00,10,10,56006,2837,125,682.0,16.0,0.0,6600.0
2026-03-07 02:02:30+00:00,10,10,56338,2857,125,332.0,20.0,0.0,6630.0
2026-03-07 02:03:00+00:00,10,10,56785,2877,126,447.0,20.0,1.0,6660.0
2026-03-07 02:03:30+00:00,10,10,57226,2896,126,441.0,19.0,0.0,6690.0
2026-03-07 02:04:00+00:00,10,10,57492,2915,127,266.0,19.0,1.0,6720.0
2026-03-07 02:04:30+00:00,10,10,57978,2937,128,486.0,22.0,1.0,6750.0
2026-03-07 02:05:00+00:00,10,10,58566,2959,129,588.0,22.0,1.0,6780.0
2026-03-07 02:05:30+00:00,10,10,59130,2990,129,564.0,31.0,0.0,6810.0
2026-03-07 02:06:00+00:00,10,10,59606,3016,130,476.0,26.0,1.0,6840.0
2026-03-07 02:06:30+00:00,0,0,0,0,0,0.0,0.0,0.0,6870.0
2026-03-07 02:07:00+00:00,10,10,60300,3033,131,694.0,17.0,1.0,6900.0
2026-03-07 02:07:30+00:00,10,10,60591,3048,131,291.0,15.0,0.0,6930.0
2026-03-07 02:08:00+00:00,10,10,61034,3060,132,443.0,12.0,1.0,6960.0
2026-03-07 02:08:30+00:00,10,10,61609,3069,132,575.0,9.0,0.0,6990.0
2026-03-07 02:09:00+00:00,10,10,62044,3082,132,435.0,14.0,0.0,7020.0
2026-03-07 02:09:30+00:00,10,10,62551,3107,133,507.0,25.0,1.0,7050.0
2026-03-07 02:10:00+00:00,10,10,62965,3128,133,414.0,21.0,0.0,7080.0
2026-03-07 02:10:30+00:00,10,10,63378,3143,134,413.0,15.0,1.0,7110.0
2026-03-07 02:11:00+00:00,10,10,64058,3161,136,680.0,18.0,2.0,7140.0
2026-03-07 02:11:30+00:00,10,10,64321,3173,137,263.0,12.0,1.0,7170.0
2026-03-07 02:12:00+00:00,10,10,64915,3188,138,594.0,15.0,1.0,7200.0
2026-03-07 02:12:30+00:00,10,10,65295,3203,138,380.0,15.0,0.0,7230.0
2026-03-07 02:13:00+00:00,10,10,65517,3230,138,222.0,27.0,0.0,7260.0
2026-03-07 02:13:30+00:00,10,10,66143,3255,139,626.0,25.0,1.0,7290.0
2026-03-07 02:14:00+00:00,10,10,66422,3273,139,279.0,18.0,0.0,7320.0
2026-03-07 02:14:30+00:00,10,10,66735,3283,139,313.0,11.0,0.0,7350.0
2026-03-07 02:15:00+00:00,10,10,67546,3303,139,811.0,20.0,0.0,7380.0
2026-03-07 02:15:30+00:00,10,10,67927,3320,139,381.0,17.0,0.0,7410.0
2026-03-07 02:16:00+00:00,10,10,68476,3338,142,549.0,18.0,3.0,7440.0
2026-03-07 02:16:30+00:00,10,10,68686,3359,142,210.0,21.0,0.0,7470.0
2026-03-07 02:17:00+00:00,10,10,69503,3380,142,817.0,21.0,1.0,7500.0
2026-03-07 02:17:30+00:00,10,10,69767,3410,143,264.0,30.0,1.0,7530.0
2026-03-07 02:18:00+00:00,10,10,70244,3432,146,477.0,22.0,3.0,7560.0
2026-03-07 02:18:30+00:00,10,10,70633,3449,146,389.0,17.0,0.0,7590.0
2026-03-07 02:19:00+00:00,10,10,70981,3467,146,348.0,18.0,0.0,7620.0
2026-03-07 02:19:30+00:00,10,10,71310,3477,146,329.0,11.0,0.0,7650.0
2026-03-07 02:20:00+00:00,10,10,72096,3488,146,786.0,11.0,0.0,7680.0
2026-03-07 02:20:30+00:00,10,10,72379,3509,146,283.0,21.0,0.0,7710.0
2026-03-07 02:21:00+00:00,10,10,73054,3524,146,675.0,15.0,0.0,7740.0
2026-03-07 02:21:30+00:00,10,10,73350,3539,147,296.0,15.0,1.0,7770.0
2026-03-07 02:22:00+00:00,10,10,73629,3558,147,279.0,19.0,0.0,7800.0
2026-03-07 02:22:30+00:00,10,10,74232,3581,147,603.0,23.0,0.0,7830.0
2026-03-07 02:23:00+00:00,10,10,74559,3595,147,327.0,14.0,0.0,7860.0
2026-03-07 02:23:30+00:00,10,10,74851,3613,147,292.0,18.0,0.0,7890.0
2026-03-07 02:24:00+00:00,10,10,75548,3636,148,697.0,23.0,1.0,7920.0
2026-03-07 02:24:30+00:00,10,10,75850,3653,147,302.0,17.0,0.0,7950.0
2026-03-07 02:25:00+00:00,10,10,76764,3674,147,914.0,21.0,0.0,7980.0
2026-03-07 02:25:30+00:00,10,10,77099,3691,147,335.0,17.0,0.0,8010.0
2026-03-07 02:26:00+00:00,10,10,77544,3714,147,445.0,23.0,0.0,8040.0
2026-03-07 02:26:30+00:00,10,10,78019,3736,148,475.0,22.0,1.0,8070.0
2026-03-07 02:27:00+00:00,10,10,78452,3762,150,433.0,26.0,2.0,8100.0
2026-03-07 02:27:30+00:00,10,10,79029,3773,152,577.0,11.0,2.0,8130.0
2026-03-07 02:28:00+00:00,10,10,79477,3788,153,448.0,15.0,1.0,8160.0
2026-03-07 02:28:30+00:00,10,10,79892,3811,153,415.0,23.0,0.0,8190.0
2026-03-07 02:29:00+00:00,10,10,80392,3833,153,500.0,22.0,0.0,8220.0
2026-03-07 02:29:30+00:00,10,10,80844,3855,154,452.0,22.0,1.0,8250.0
2026-03-07 02:30:00+00:00,10,10,81702,3879,155,858.0,24.0,1.0,8280.0
2026-03-07 02:30:30+00:00,10,10,82012,3898,155,310.0,19.0,0.0,8310.0
2026-03-07 02:31:00+00:00,11,11,82319,3928,155,307.0,30.0,0.0,8340.0
2026-03-07 02:31:30+00:00,0,0,0,0,0,0.0,0.0,0.0,8370.0
2026-03-07 02:32:00+00:00,22,11,166543,7943,312,1020.0,60.0,2.0,8400.0
2026-03-07 02:32:30+00:00,0,0,0,0,0,0.0,0.0,0.0,8430.0
2026-03-07 02:33:00+00:00,11,11,84113,4008,157,774.0,20.0,0.0,8460.0
2026-03-07 02:33:30+00:00,11,11,84509,4031,157,396.0,23.0,0.0,8490.0
2026-03-07 02:34:00+00:00,11,11,85107,4061,157,598.0,30.0,0.0,8520.0
2026-03-07 02:34:30+00:00,11,11,85847,4088,157,740.0,27.0,0.0,8550.0
2026-03-07 02:35:00+00:00,11,11,86155,4108,158,308.0,20.0,1.0,8580.0
2026-03-07 02:35:30+00:00,11,11,87091,4129,159,936.0,21.0,1.0,8610.0
2026-03-07 02:36:00+00:00,11,11,87595,4147,159,504.0,18.0,0.0,8640.0
2026-03-07 02:36:30+00:00,11,11,88027,4164,159,432.0,18.0,0.0,8670.0
2026-03-07 02:37:00+00:00,11,11,88747,4187,160,720.0,23.0,1.0,8700.0
2026-03-07 02:37:30+00:00,11,11,89100,4214,160,353.0,27.0,0.0,8730.0
2026-03-07 02:38:00+00:00,11,11,89433,4245,161,333.0,31.0,1.0,8760.0
2026-03-07 02:38:30+00:00,11,11,90353,4273,162,920.0,28.0,1.0,8790.0
2026-03-07 02:39:00+00:00,11,11,90827,4292,163,474.0,19.0,1.0,8820.0
2026-03-07 02:39:30+00:00,11,11,91442,4326,163,615.0,34.0,0.0,8850.0
2026-03-07 02:40:00+00:00,11,11,92025,4351,164,583.0,25.0,1.0,8880.0
2026-03-07 02:40:30+00:00,11,11,92848,4365,165,823.0,14.0,1.0,8910.0
2026-03-07 02:41:00+00:00,11,11,93289,4392,165,441.0,27.0,0.0,8940.0
2026-03-07 02:41:30+00:00,11,11,93573,4426,165,284.0,34.0,0.0,8970.0
2026-03-07 02:42:00+00:00,11,11,94245,4437,166,672.0,11.0,1.0,9000.0
2026-03-07 02:42:30+00:00,11,11,94619,4459,167,374.0,22.0,1.0,9030.0
2026-03-07 02:43:00+00:00,11,11,94911,4485,168,292.0,26.0,1.0,9060.0
2026-03-07 02:43:30+00:00,11,11,95754,4511,168,843.0,26.0,0.0,9090.0
2026-03-07 02:44:00+00:00,11,11,96160,4530,169,406.0,19.0,1.0,9120.0
2026-03-07 02:44:30+00:00,11,11,96556,4562,171,396.0,32.0,2.0,9150.0
2026-03-07 02:45:00+00:00,11,11,97138,4584,171,582.0,22.0,0.0,9180.0
2026-03-07 02:45:30+00:00,11,11,97623,4601,172,485.0,17.0,1.0,9210.0
2026-03-07 02:46:00+00:00,11,11,98239,4626,172,616.0,25.0,0.0,9240.0
2026-03-07 02:46:30+00:00,11,11,98537,4637,173,298.0,11.0,1.0,9270.0
2026-03-07 02:47:00+00:00,11,11,98876,4656,175,339.0,19.0,2.0,9300.0
2026-03-07 02:47:30+00:00,11,11,99351,4674,175,475.0,19.0,0.0,9330.0
2026-03-07 02:48:00+00:00,11,11,99605,4691,175,254.0,18.0,0.0,9360.0
2026-03-07 02:48:30+00:00,11,11,100313,4708,176,708.0,20.0,1.0,9390.0
2026-03-07 02:49:00+00:00,11,11,100694,4732,177,381.0,28.0,1.0,9420.0
2026-03-07 02:49:30+00:00,11,11,101247,4742,179,553.0,16.0,2.0,9450.0
2026-03-07 02:50:00+00:00,11,11,101804,4757,179,557.0,20.0,0.0,9480.0
2026-03-07 02:50:30+00:00,11,11,101972,4769,180,168.0,15.0,1.0,9510.0
2026-03-07 02:51:00+00:00,11,11,102608,4778,180,636.0,18.0,0.0,9540.0
2026-03-07 02:51:30+00:00,11,11,102828,4788,180,220.0,18.0,0.0,9570.0
2026-03-07 02:52:00+00:00,11,11,103209,4800,180,381.0,16.0,0.0,9600.0
2026-03-07 02:52:30+00:00,11,11,103673,4806,181,464.0,9.0,1.0,9630.0
2026-03-07 02:53:00+00:00,11,11,103874,4821,181,201.0,23.0,0.0,9660.0
2026-03-07 02:53:30+00:00,11,11,104277,4834,182,403.0,17.0,1.0,9690.0
2026-03-07 02:54:00+00:00,11,11,105022,4839,183,745.0,12.0,1.0,9720.0
2026-03-07 02:54:30+00:00,11,11,105283,4854,184,261.0,18.0,1.0,9750.0
2026-03-07 02:55:00+00:00,11,11,106013,4867,186,730.0,15.0,2.0,9780.0
2026-03-07 02:55:30+00:00,11,11,106173,4895,186,160.0,29.0,0.0,9810.0
2026-03-07 02:56:00+00:00,0,0,0,0,0,0.0,0.0,0.0,9840.0
2026-03-07 02:56:30+00:00,22,11,213645,9875,374,829.0,55.0,1.0,9870.0
2026-03-07 02:57:00+00:00,11,11,107290,4963,189,288.0,13.0,2.0,9900.0
2026-03-07 02:57:30+00:00,11,11,107828,4975,191,538.0,12.0,2.0,9930.0
2026-03-07 02:58:00+00:00,11,11,108206,4992,192,378.0,17.0,1.0,9960.0
2026-03-07 02:58:30+00:00,0,0,0,0,0,0.0,0.0,0.0,9990.0
2026-03-07 02:59:00+00:00,11,11,108914,5012,193,708.0,20.0,1.0,10020.0
2026-03-07 02:59:30+00:00,11,11,109320,5034,195,406.0,22.0,2.0,10050.0
2026-03-07 03:00:00+00:00,11,11,109756,5045,195,436.0,11.0,0.0,10080.0
2026-03-07 03:00:30+00:00,11,11,110364,5067,195,608.0,22.0,0.0,10110.0
2026-03-07 03:01:00+00:00,11,11,110729,5086,196,365.0,19.0,1.0,10140.0
2026-03-07 03:01:30+00:00,11,11,111176,5104,196,447.0,18.0,0.0,10170.0
2026-03-07 03:02:00+00:00,11,11,111603,5122,196,427.0,18.0,0.0,10200.0
2026-03-07 03:02:30+00:00,11,11,111917,5141,196,314.0,19.0,0.0,10230.0
2026-03-07 03:03:00+00:00,11,11,112391,5149,196,474.0,9.0,0.0,10260.0
2026-03-07 03:03:30+00:00,11,11,112548,5158,196,157.0,10.0,0.0,10290.0
2026-03-07 03:04:00+00:00,11,11,113451,5179,196,903.0,21.0,0.0,10320.0
2026-03-07 03:04:30+00:00,11,11,113822,5193,197,371.0,14.0,1.0,10350.0
2026-03-07 03:05:00+00:00,11,11,114287,5218,197,465.0,25.0,0.0,10380.0
2026-03-07 03:05:30+00:00,11,11,114661,5229,197,374.0,11.0,0.0,10410.0
2026-03-07 03:06:00+00:00,12,12,114863,5245,197,202.0,11.0,0.0,10440.0
2026-03-07 03:06:30+00:00,12,12,115563,5268,198,700.0,23.0,1.0,10470.0
2026-03-07 03:07:00+00:00,12,12,115912,5285,198,349.0,17.0,0.0,10500.0
2026-03-07 03:07:30+00:00,12,12,116048,5301,198,136.0,16.0,0.0,10530.0
2026-03-07 03:08:00+00:00,12,12,116592,5318,198,544.0,17.0,0.0,10560.0
2026-03-07 03:08:30+00:00,12,12,116939,5330,198,347.0,12.0,0.0,10590.0
2026-03-07 03:09:00+00:00,12,12,117724,5350,198,785.0,20.0,0.0,10620.0
2026-03-07 03:09:30+00:00,12,12,118114,5368,198,390.0,18.0,0.0,10650.0
2026-03-07 03:10:00+00:00,12,12,118403,5387,198,289.0,19.0,0.0,10680.0
2026-03-07 03:10:30+00:00,12,12,119035,5406,198,632.0,19.0,0.0,10710.0
2026-03-07 03:11:00+00:00,12,12,119277,5423,198,242.0,17.0,0.0,10740.0
2026-03-07 03:11:30+00:00,12,12,119736,5435,198,459.0,12.0,0.0,10770.0
2026-03-07 03:12:00+00:00,12,12,120300,5455,198,564.0,20.0,0.0,10800.0
2026-03-07 03:12:30+00:00,12,12,120523,5470,198,223.0,15.0,0.0,10830.0
2026-03-07 03:13:00+00:00,12,12,121005,5486,198,482.0,16.0,0.0,10860.0
2026-03-07 03:13:30+00:00,12,12,121845,5499,198,840.0,13.0,0.0,10890.0
2026-03-07 03:14:00+00:00,12,12,122113,5525,198,268.0,26.0,0.0,10920.0
2026-03-07 03:14:30+00:00,12,12,122851,5546,198,738.0,21.0,0.0,10950.0
2026-03-07 03:15:00+00:00,12,12,123192,5557,198,341.0,11.0,0.0,10980.0
2026-03-07 03:15:30+00:00,12,12,124015,5572,201,823.0,15.0,3.0,11010.0
2026-03-07 03:16:00+00:00,12,12,124270,5596,202,255.0,24.0,1.0,11040.0
2026-03-07 03:16:30+00:00,12,12,124955,5614,203,685.0,18.0,1.0,11070.0
2026-03-07 03:17:00+00:00,12,12,125139,5630,205,184.0,16.0,2.0,11100.0
2026-03-07 03:17:30+00:00,12,12,125682,5646,205,543.0,16.0,0.0,11130.0
2026-03-07 03:18:00+00:00,12,12,125921,5657,205,239.0,11.0,0.0,11160.0
2026-03-07 03:18:30+00:00,12,12,127006,5670,205,1085.0,14.0,0.0,11190.0
2026-03-07 03:19:00+00:00,12,12,127232,5689,206,226.0,19.0,1.0,11220.0
2026-03-07 03:19:30+00:00,12,12,127812,5710,206,580.0,21.0,0.0,11250.0
2026-03-07 03:20:00+00:00,12,12,128244,5732,206,432.0,22.0,0.0,11280.0
2026-03-07 03:20:30+00:00,12,12,128944,5750,208,700.0,18.0,2.0,11310.0
2026-03-07 03:21:00+00:00,12,12,129423,5768,208,479.0,18.0,0.0,11340.0
2026-03-07 03:21:30+00:00,12,12,130062,5784,208,639.0,16.0,0.0,11370.0
2026-03-07 03:22:00+00:00,12,12,130366,5800,208,304.0,16.0,0.0,11400.0
2026-03-07 03:22:30+00:00,12,12,130728,5813,208,362.0,13.0,0.0,11430.0
2026-03-07 03:23:00+00:00,0,0,0,0,0,0.0,0.0,0.0,11460.0
2026-03-07 03:23:30+00:00,12,12,131139,5829,208,411.0,16.0,0.0,11490.0
2026-03-07 03:24:00+00:00,12,12,132209,5851,208,1070.0,22.0,0.0,11520.0
2026-03-07 03:24:30+00:00,12,12,132444,5870,208,235.0,19.0,0.0,11550.0
2026-03-07 03:25:00+00:00,12,12,133083,5892,208,639.0,22.0,0.0,11580.0
2026-03-07 03:25:30+00:00,12,12,133386,5904,208,303.0,12.0,0.0,11610.0
2026-03-07 03:26:00+00:00,13,13,134052,5927,209,666.0,16.0,1.0,11640.0
2026-03-07 03:26:30+00:00,13,13,134526,5939,210,474.0,13.0,1.0,11670.0
2026-03-07 03:27:00+00:00,13,13,135194,5951,210,668.0,12.0,0.0,11700.0
2026-03-07 03:27:30+00:00,13,13,135479,5964,210,285.0,13.0,0.0,11730.0
2026-03-07 03:28:00+00:00,13,13,135808,5977,210,329.0,13.0,0.0,11760.0
2026-03-07 03:28:30+00:00,13,13,136277,6000,210,469.0,23.0,0.0,11790.0
2026-03-07 03:29:00+00:00,13,13,136459,6014,210,182.0,14.0,0.0,11820.0
2026-03-07 03:29:30+00:00,13,13,136992,6029,210,533.0,15.0,0.0,11850.0
2026-03-07 03:30:00+00:00,13,13,137391,6043,210,399.0,14.0,0.0,11880.0
2026-03-07 03:30:30+00:00,13,13,137668,6063,210,277.0,20.0,0.0,11910.0
2026-03-07 03:31:00+00:00,13,13,138051,6083,210,383.0,20.0,0.0,11940.0
2026-03-07 03:31:30+00:00,13,13,138551,6098,210,500.0,15.0,0.0,11970.0
2026-03-07 03:32:00+00:00,13,13,139016,6112,210,465.0,14.0,0.0,12000.0
2026-03-07 03:32:30+00:00,13,13,139643,6138,211,627.0,26.0,1.0,12030.0
2026-03-07 03:33:00+00:00,13,13,140652,6159,211,1009.0,21.0,0.0,12060.0
2026-03-07 03:33:30+00:00,13,13,140957,6179,211,305.0,20.0,0.0,12090.0
2026-03-07 03:34:00+00:00,13,13,141657,6194,212,700.0,15.0,1.0,12120.0
2026-03-07 03:34:30+00:00,13,13,142058,6208,212,401.0,14.0,0.0,12150.0
2026-03-07 03:35:00+00:00,13,13,142414,6228,212,356.0,20.0,0.0,12180.0
2026-03-07 03:35:30+00:00,13,13,142808,6242,212,394.0,14.0,0.0,12210.0
2026-03-07 03:36:00+00:00,13,13,143239,6259,213,431.0,17.0,1.0,12240.0
2026-03-07 03:36:30+00:00,13,13,143740,6278,213,501.0,19.0,0.0,12270.0
2026-03-07 03:37:00+00:00,13,13,144164,6290,213,424.0,12.0,0.0,12300.0
2026-03-07 03:37:30+00:00,13,13,144285,6306,214,121.0,16.0,1.0,12330.0
2026-03-07 03:38:00+00:00,13,13,144804,6323,215,519.0,17.0,1.0,12360.0
2026-03-07 03:38:30+00:00,13,13,145140,6336,215,336.0,13.0,0.0,12390.0
2026-03-07 03:39:00+00:00,13,13,145721,6358,217,581.0,22.0,2.0,12420.0
2026-03-07 03:39:30+00:00,13,13,146170,6381,219,449.0,23.0,2.0,12450.0
2026-03-07 03:40:00+00:00,13,13,146476,6401,220,306.0,20.0,1.0,12480.0
2026-03-07 03:40:30+00:00,13,13,147185,6417,220,709.0,16.0,0.0,12510.0
2026-03-07 03:41:00+00:00,13,13,147370,6438,221,185.0,21.0,1.0,12540.0
2026-03-07 03:41:30+00:00,13,13,147876,6462,221,506.0,24.0,0.0,12570.0
2026-03-07 03:42:00+00:00,13,13,148246,6482,221,370.0,20.0,0.0,12600.0
2026-03-07 03:42:30+00:00,13,13,148499,6501,222,253.0,19.0,1.0,12630.0
2026-03-07 03:43:00+00:00,13,13,148913,6517,222,414.0,16.0,0.0,12660.0
2026-03-07 03:43:30+00:00,13,13,149106,6536,222,193.0,19.0,0.0,12690.0
2026-03-07 03:44:00+00:00,13,13,149506,6556,222,400.0,20.0,0.0,12720.0
2026-03-07 03:44:30+00:00,13,13,150595,6583,222,1089.0,27.0,0.0,12750.0
2026-03-07 03:45:00+00:00,13,13,150958,6604,222,363.0,21.0,0.0,12780.0
2026-03-07 03:45:30+00:00,13,13,152449,6619,222,1491.0,15.0,0.0,12810.0
2026-03-07 03:46:00+00:00,13,13,152704,6633,223,255.0,14.0,1.0,12840.0
2026-03-07 03:46:30+00:00,13,13,153455,6647,223,751.0,14.0,0.0,12870.0
2026-03-07 03:47:00+00:00,13,13,153769,6676,223,314.0,29.0,0.0,12900.0
2026-03-07 03:47:30+00:00,13,13,153953,6691,223,184.0,15.0,0.0,12930.0
2026-03-07 03:48:00+00:00,13,13,154515,6709,224,562.0,18.0,1.0,12960.0
2026-03-07 03:48:30+00:00,13,13,155110,6725,224,595.0,16.0,0.0,12990.0
2026-03-07 03:49:00+00:00,0,0,0,0,0,0.0,0.0,0.0,13020.0
2026-03-07 03:49:30+00:00,13,13,155652,6733,224,542.0,8.0,0.0,13050.0
2026-03-07 03:50:00+00:00,13,13,156328,6744,224,676.0,11.0,0.0,13080.0
2026-03-07 03:50:30+00:00,13,13,156559,6750,224,231.0,6.0,0.0,13110.0
2026-03-07 03:51:00+00:00,13,13,158004,6769,225,1445.0,19.0,1.0,13140.0
2026-03-07 03:51:30+00:00,13,13,158144,6780,225,140.0,11.0,0.0,13170.0
2026-03-07 03:52:00+00:00,13,13,159096,6793,225,952.0,13.0,0.0,13200.0
2026-03-07 03:52:30+00:00,13,13,159287,6809,225,191.0,16.0,0.0,13230.0
2026-03-07 03:53:00+00:00,13,13,159611,6828,226,324.0,19.0,1.0,13260.0
2026-03-07 03:53:30+00:00,13,13,160062,6842,227,451.0,14.0,1.0,13290.0
2026-03-07 03:54:00+00:00,13,13,160683,6853,227,621.0,11.0,0.0,13320.0
2026-03-07 03:54:30+00:00,13,13,161562,6873,227,879.0,20.0,0.0,13350.0
2026-03-07 03:55:00+00:00,13,13,161992,6886,228,430.0,13.0,1.0,13380.0
2026-03-07 03:55:30+00:00,13,13,163220,6898,230,1228.0,12.0,2.0,13410.0
2026-03-07 03:56:00+00:00,13,13,163439,6911,230,219.0,13.0,0.0,13440.0
2026-03-07 03:56:30+00:00,13,13,163623,6924,230,184.0,13.0,0.0,13470.0
2026-03-07 03:57:00+00:00,13,13,164409,6935,230,786.0,11.0,0.0,13500.0
2026-03-07 03:57:30+00:00,13,13,164687,6945,230,278.0,12.0,0.0,13530.0
2026-03-07 03:58:00+00:00,13,13,165061,6956,230,374.0,11.0,0.0,13560.0
2026-03-07 03:58:30+00:00,13,13,165313,6957,230,252.0,1.0,0.0,13590.0
2026-03-07 03:59:00+00:00,13,13,165923,6969,230,610.0,12.0,0.0,13620.0
2026-03-07 03:59:30+00:00,13,13,166751,6979,230,828.0,10.0,0.0,13650.0
2026-03-07 04:00:00+00:00,13,13,166921,6987,230,170.0,8.0,0.0,13680.0
2026-03-07 04:00:30+00:00,13,13,167200,7006,230,279.0,19.0,0.0,13710.0
2026-03-07 04:01:00+00:00,13,13,167881,7020,230,681.0,14.0,0.0,13740.0
2026-03-07 04:01:30+00:00,13,13,168341,7031,230,460.0,11.0,0.0,13770.0
2026-03-07 04:02:00+00:00,13,13,168560,7043,230,219.0,12.0,0.0,13800.0
2026-03-07 04:02:30+00:00,13,13,168778,7054,231,218.0,11.0,1.0,13830.0
2026-03-07 04:03:00+00:00,13,13,169092,7062,231,314.0,8.0,0.0,13860.0
2026-03-07 04:03:30+00:00,13,13,169407,7085,232,315.0,23.0,1.0,13890.0
2026-03-07 04:04:00+00:00,13,13,169696,7096,234,289.0,11.0,2.0,13920.0
2026-03-07 04:04:30+00:00,13,13,169924,7109,234,228.0,13.0,0.0,13950.0
2026-03-07 04:05:00+00:00,13,13,170468,7122,234,544.0,13.0,0.0,13980.0
2026-03-07 04:05:30+00:00,13,13,171116,7143,234,648.0,21.0,0.0,14010.0
2026-03-07 04:06:00+00:00,13,13,171259,7153,234,143.0,10.0,0.0,14040.0
2026-03-07 04:06:30+00:00,13,13,171719,7170,234,460.0,17.0,0.0,14070.0
2026-03-07 04:07:00+00:00,13,13,171882,7182,235,163.0,12.0,1.0,14100.0
2026-03-07 04:07:30+00:00,13,13,172177,7188,236,295.0,6.0,1.0,14130.0
2026-03-07 04:08:00+00:00,13,13,172365,7194,236,188.0,6.0,0.0,14160.0
2026-03-07 04:08:30+00:00,13,13,172800,7204,236,435.0,10.0,0.0,14190.0
2026-03-07 04:09:00+00:00,13,13,173272,7216,236,472.0,12.0,0.0,14220.0
2026-03-07 04:09:30+00:00,13,13,173347,7230,236,75.0,14.0,0.0,14250.0
2026-03-07 04:10:00+00:00,13,13,173855,7245,236,508.0,15.0,0.0,14280.0
2026-03-07 04:10:30+00:00,13,13,174940,7255,236,1085.0,10.0,0.0,14310.0
2026-03-07 04:11:00+00:00,14,14,175188,7269,236,248.0,10.0,0.0,14340.0
2026-03-07 04:11:30+00:00,14,14,175854,7280,236,666.0,11.0,0.0,14370.0
2026-03-07 04:12:00+00:00,14,14,176040,7297,236,186.0,17.0,0.0,14400.0
2026-03-07 04:12:30+00:00,0,0,0,0,0,0.0,0.0,0.0,14430.0
2026-03-07 04:13:00+00:00,28,14,353278,14635,472,752.0,26.0,0.0,14460.0
2026-03-07 04:13:30+00:00,14,14,176938,7338,236,146.0,15.0,0.0,14490.0
2026-03-07 04:14:00+00:00,0,0,0,0,0,0.0,0.0,0.0,14520.0
2026-03-07 04:14:30+00:00,14,14,177778,7358,237,840.0,20.0,1.0,14550.0
2026-03-07 04:15:00+00:00,14,14,179404,7373,238,1626.0,15.0,1.0,14580.0
2026-03-07 04:15:30+00:00,14,14,181181,7400,238,1777.0,27.0,0.0,14610.0
2026-03-07 04:16:00+00:00,14,14,181514,7416,238,333.0,16.0,0.0,14640.0
2026-03-07 04:16:30+00:00,14,14,181767,7437,238,253.0,21.0,0.0,14670.0
2026-03-07 04:17:00+00:00,14,14,182669,7452,238,902.0,15.0,0.0,14700.0
2026-03-07 04:17:30+00:00,14,14,182788,7475,238,119.0,23.0,0.0,14730.0
2026-03-07 04:18:00+00:00,14,14,183201,7494,238,413.0,19.0,0.0,14760.0
2026-03-07 04:18:30+00:00,14,14,184207,7514,238,1006.0,20.0,0.0,14790.0
2026-03-07 04:19:00+00:00,14,14,184612,7534,238,405.0,20.0,0.0,14820.0
2026-03-07 04:19:30+00:00,14,14,186117,7553,238,1505.0,19.0,0.0,14850.0
2026-03-07 04:20:00+00:00,14,14,186458,7577,238,341.0,24.0,0.0,14880.0
2026-03-07 04:20:30+00:00,14,14,187747,7591,238,1289.0,14.0,0.0,14910.0
2026-03-07 04:21:00+00:00,14,14,188220,7615,238,473.0,24.0,0.0,14940.0
2026-03-07 04:21:30+00:00,14,14,189055,7630,238,835.0,15.0,0.0,14970.0
2026-03-07 04:22:00+00:00,14,14,189375,7653,238,320.0,23.0,0.0,15000.0
2026-03-07 04:22:30+00:00,14,14,189511,7672,238,136.0,19.0,0.0,15030.0
2026-03-07 04:23:00+00:00,14,14,189964,7685,238,453.0,13.0,0.0,15060.0
2026-03-07 04:23:30+00:00,14,14,190258,7698,238,294.0,13.0,0.0,15090.0
2026-03-07 04:24:00+00:00,14,14,191062,7708,238,804.0,10.0,0.0,15120.0
2026-03-07 04:24:30+00:00,14,14,191635,7731,238,573.0,23.0,0.0,15150.0
2026-03-07 04:25:00+00:00,14,14,192969,7751,238,1334.0,20.0,0.0,15180.0
2026-03-07 04:25:30+00:00,14,14,194171,7770,238,1202.0,19.0,0.0,15210.0
2026-03-07 04:26:00+00:00,14,14,195073,7779,239,902.0,9.0,1.0,15240.0
2026-03-07 04:26:30+00:00,14,14,195628,7798,240,555.0,19.0,1.0,15270.0
2026-03-07 04:27:00+00:00,14,14,195883,7814,240,255.0,16.0,0.0,15300.0
2026-03-07 04:27:30+00:00,14,14,196279,7825,240,396.0,11.0,0.0,15330.0
2026-03-07 04:28:00+00:00,14,14,196456,7831,240,177.0,6.0,0.0,15360.0
2026-03-07 04:28:30+00:00,14,14,196840,7844,240,384.0,13.0,0.0,15390.0
2026-03-07 04:29:00+00:00,14,14,197269,7852,240,429.0,8.0,0.0,15420.0
2026-03-07 04:29:30+00:00,14,14,197503,7864,240,234.0,12.0,0.0,15450.0
2026-03-07 04:30:00+00:00,14,14,198276,7873,240,773.0,9.0,0.0,15480.0
2026-03-07 04:30:30+00:00,14,14,198966,7892,240,690.0,19.0,0.0,15510.0
2026-03-07 04:31:00+00:00,14,14,199303,7898,241,337.0,6.0,1.0,15540.0
2026-03-07 04:31:30+00:00,14,14,199618,7912,241,315.0,14.0,0.0,15570.0
2026-03-07 04:32:00+00:00,14,14,200030,7931,241,412.0,19.0,0.0,15600.0
2026-03-07 04:32:30+00:00,14,14,200141,7956,242,111.0,25.0,1.0,15630.0
2026-03-07 04:33:00+00:00,14,14,200467,7972,242,326.0,16.0,0.0,15660.0
2026-03-07 04:33:30+00:00,14,14,201055,7986,243,588.0,14.0,1.0,15690.0
2026-03-07 04:34:00+00:00,14,14,201463,7996,243,408.0,10.0,0.0,15720.0
2026-03-07 04:34:30+00:00,14,14,202674,8009,243,1211.0,13.0,0.0,15750.0
2026-03-07 04:35:00+00:00,14,14,203175,8020,243,501.0,11.0,0.0,15780.0
2026-03-07 04:35:30+00:00,14,14,204181,8028,245,1006.0,8.0,2.0,15810.0
2026-03-07 04:36:00+00:00,14,14,204510,8044,246,329.0,16.0,1.0,15840.0
2026-03-07 04:36:30+00:00,14,14,204857,8053,246,347.0,9.0,0.0,15870.0
2026-03-07 04:37:00+00:00,14,14,205557,8069,246,700.0,16.0,0.0,15900.0
2026-03-07 04:37:30+00:00,14,14,205959,8086,247,402.0,17.0,1.0,15930.0
2026-03-07 04:38:00+00:00,14,14,206350,8101,248,391.0,15.0,1.0,15960.0
2026-03-07 04:38:30+00:00,0,0,0,0,0,0.0,0.0,0.0,15990.0
2026-03-07 04:39:00+00:00,14,14,206772,8117,249,422.0,16.0,1.0,16020.0
2026-03-07 04:39:30+00:00,14,14,207663,8132,250,891.0,16.0,1.0,16050.0
2026-03-07 04:40:00+00:00,14,14,208221,8142,250,558.0,10.0,0.0,16080.0
2026-03-07 04:40:30+00:00,14,14,208358,8152,250,137.0,10.0,0.0,16110.0
2026-03-07 04:41:00+00:00,14,14,209054,8165,250,696.0,13.0,0.0,16140.0
2026-03-07 04:41:30+00:00,14,14,209310,8175,250,256.0,10.0,0.0,16170.0
2026-03-07 04:42:00+00:00,14,14,209658,8185,250,348.0,10.0,0.0,16200.0
2026-03-07 04:42:30+00:00,14,14,210056,8195,251,398.0,10.0,1.0,16230.0
2026-03-07 04:43:00+00:00,14,14,210359,8209,251,303.0,14.0,0.0,16260.0
2026-03-07 04:43:30+00:00,14,14,210741,8218,251,382.0,9.0,0.0,16290.0
2026-03-07 04:44:00+00:00,14,14,211267,8233,253,526.0,15.0,2.0,16320.0
2026-03-07 04:44:30+00:00,14,14,212838,8252,253,1571.0,19.0,0.0,16350.0
2026-03-07 04:45:00+00:00,14,14,213277,8266,253,439.0,14.0,0.0,16380.0
2026-03-07 04:45:30+00:00,14,14,213551,8281,254,274.0,15.0,1.0,16410.0
2026-03-07 04:46:00+00:00,14,14,214725,8298,254,1174.0,17.0,0.0,16440.0
2026-03-07 04:46:30+00:00,14,14,214972,8308,254,247.0,10.0,0.0,16470.0
2026-03-07 04:47:00+00:00,14,14,215625,8324,254,653.0,16.0,0.0,16500.0
2026-03-07 04:47:30+00:00,14,14,215740,8332,255,115.0,8.0,1.0,16530.0
2026-03-07 04:48:00+00:00,14,14,216084,8343,255,344.0,11.0,0.0,16560.0
2026-03-07 04:48:30+00:00,14,14,216353,8353,256,269.0,10.0,1.0,16590.0
2026-03-07 04:49:00+00:00,14,14,216985,8363,257,632.0,10.0,1.0,16620.0
2026-03-07 04:49:30+00:00,14,14,218824,8373,258,1839.0,10.0,1.0,16650.0
2026-03-07 04:50:00+00:00,14,14,219227,8382,258,403.0,9.0,0.0,16680.0
2026-03-07 04:50:30+00:00,14,14,220188,8393,258,961.0,11.0,0.0,16710.0
2026-03-07 04:51:00+00:00,14,14,220371,8408,258,183.0,16.0,0.0,16740.0
2026-03-07 04:51:30+00:00,14,14,221154,8407,258,783.0,6.0,0.0,16770.0
2026-03-07 04:52:00+00:00,14,14,221453,8409,258,299.0,6.0,0.0,16800.0
2026-03-07 04:52:30+00:00,14,14,221569,8407,258,116.0,5.0,0.0,16830.0
2026-03-07 04:53:00+00:00,14,14,221965,8416,258,396.0,12.0,0.0,16860.0
2026-03-07 04:53:30+00:00,14,14,222254,8423,258,289.0,14.0,0.0,16890.0
2026-03-07 04:54:00+00:00,14,14,223315,8422,259,1061.0,4.0,1.0,16920.0
2026-03-07 04:54:30+00:00,14,14,224465,8419,259,1150.0,6.0,0.0,16950.0
2026-03-07 04:55:00+00:00,14,14,225033,8425,259,568.0,11.0,0.0,16980.0
2026-03-07 04:55:30+00:00,14,14,226627,8428,259,1594.0,9.0,0.0,17010.0
2026-03-07 04:56:00+00:00,14,14,226789,8427,259,162.0,5.0,0.0,17040.0
2026-03-07 04:56:30+00:00,14,14,227499,8424,259,710.0,5.0,0.0,17070.0
2026-03-07 04:57:00+00:00,14,14,227673,8417,260,174.0,5.0,1.0,17100.0
2026-03-07 04:57:30+00:00,14,14,227900,8423,261,227.0,9.0,1.0,17130.0
2026-03-07 04:58:00+00:00,14,14,228126,8429,261,226.0,11.0,0.0,17160.0
2026-03-07 04:58:30+00:00,14,14,228303,8431,261,177.0,5.0,0.0,17190.0
2026-03-07 04:59:00+00:00,14,14,229036,8438,261,733.0,10.0,0.0,17220.0
2026-03-07 04:59:30+00:00,14,14,229634,8445,261,598.0,7.0,0.0,17250.0
2026-03-07 05:00:00+00:00,14,14,229982,8451,262,348.0,6.0,1.0,17280.0
2026-03-07 05:00:30+00:00,14,14,230643,8462,262,661.0,11.0,0.0,17310.0
2026-03-07 05:01:00+00:00,14,14,230709,8478,262,66.0,16.0,0.0,17340.0
2026-03-07 05:01:30+00:00,14,14,231259,8486,262,550.0,8.0,0.0,17370.0
2026-03-07 05:02:00+00:00,14,14,231344,8495,262,85.0,9.0,0.0,17400.0
2026-03-07 05:02:30+00:00,14,14,231763,8509,262,419.0,14.0,0.0,17430.0
2026-03-07 05:03:00+00:00,0,0,0,0,0,0.0,0.0,0.0,17460.0
2026-03-07 05:03:30+00:00,14,14,231878,8515,262,115.0,6.0,0.0,17490.0
2026-03-07 05:04:00+00:00,14,14,232431,8530,262,553.0,15.0,0.0,17520.0
2026-03-07 05:04:30+00:00,14,14,232795,8544,263,364.0,14.0,1.0,17550.0
2026-03-07 05:05:00+00:00,14,14,233595,8551,263,800.0,7.0,0.0,17580.0
2026-03-07 05:05:30+00:00,14,14,233969,8558,263,374.0,7.0,0.0,17610.0
2026-03-07 05:06:00+00:00,14,14,234435,8566,263,466.0,8.0,0.0,17640.0
2026-03-07 05:06:30+00:00,14,14,234637,8583,263,202.0,17.0,0.0,17670.0
2026-03-07 05:07:00+00:00,14,14,235168,8594,263,531.0,11.0,0.0,17700.0
2026-03-07 05:07:30+00:00,14,14,235311,8613,263,143.0,19.0,0.0,17730.0
2026-03-07 05:08:00+00:00,14,14,235429,8626,264,118.0,13.0,1.0,17760.0
2026-03-07 05:08:30+00:00,14,14,235728,8636,265,299.0,10.0,1.0,17790.0
2026-03-07 05:09:00+00:00,14,14,236400,8645,265,672.0,9.0,0.0,17820.0
2026-03-07 05:09:30+00:00,14,14,237921,8653,265,1521.0,8.0,0.0,17850.0
2026-03-07 05:10:00+00:00,14,14,238165,8660,265,244.0,7.0,0.0,17880.0
2026-03-07 05:10:30+00:00,14,14,239109,8665,266,944.0,5.0,1.0,17910.0
2026-03-07 05:11:00+00:00,14,14,239257,8679,266,148.0,14.0,0.0,17940.0
2026-03-07 05:11:30+00:00,14,14,239614,8690,267,357.0,11.0,1.0,17970.0
2026-03-07 05:12:00+00:00,14,14,240023,8699,267,409.0,9.0,0.0,18000.0
2026-03-07 05:12:30+00:00,14,14,240179,8708,269,156.0,9.0,2.0,18030.0
2026-03-07 05:13:00+00:00,14,14,240578,8713,269,399.0,5.0,0.0,18060.0
2026-03-07 05:13:30+00:00,14,14,240913,8724,269,335.0,11.0,0.0,18090.0
2026-03-07 05:14:00+00:00,14,14,241722,8736,269,809.0,12.0,0.0,18120.0
2026-03-07 05:14:30+00:00,14,14,242929,8751,270,1207.0,15.0,1.0,18150.0
2026-03-07 05:15:00+00:00,14,14,243283,8761,270,354.0,10.0,0.0,18180.0
2026-03-07 05:15:30+00:00,14,14,244122,8780,270,839.0,19.0,0.0,18210.0
2026-03-07 05:16:00+00:00,14,14,244176,8791,271,54.0,11.0,1.0,18240.0
2026-03-07 05:16:30+00:00,14,14,244809,8808,272,633.0,17.0,1.0,18270.0
2026-03-07 05:17:00+00:00,14,14,244991,8815,272,182.0,7.0,0.0,18300.0
2026-03-07 05:17:30+00:00,14,14,245203,8818,273,212.0,3.0,1.0,18330.0
2026-03-07 05:18:00+00:00,14,14,245717,8832,274,514.0,14.0,1.0,18360.0
2026-03-07 05:18:30+00:00,14,14,246504,8836,274,787.0,4.0,0.0,18390.0
2026-03-07 05:19:00+00:00,14,14,246956,8845,274,452.0,9.0,0.0,18420.0
2026-03-07 05:19:30+00:00,14,14,248081,8855,274,1125.0,10.0,0.0,18450.0
2026-03-07 05:20:00+00:00,14,14,248335,8868,275,254.0,13.0,1.0,18480.0
2026-03-07 05:20:30+00:00,14,14,249063,8878,275,728.0,10.0,0.0,18510.0
2026-03-07 05:21:00+00:00,14,14,249174,8887,275,111.0,9.0,0.0,18540.0
2026-03-07 05:21:30+00:00,14,14,249802,8892,275,628.0,5.0,0.0,18570.0
2026-03-07 05:22:00+00:00,14,14,249894,8896,275,92.0,4.0,0.0,18600.0
2026-03-07 05:22:30+00:00,14,14,250057,8908,275,163.0,12.0,0.0,18630.0
2026-03-07 05:23:00+00:00,14,14,250590,8916,275,533.0,8.0,0.0,18660.0
2026-03-07 05:23:30+00:00,15,15,251035,8926,275,445.0,9.0,0.0,18690.0
2026-03-07 05:24:00+00:00,15,15,251366,8941,276,331.0,15.0,1.0,18720.0
2026-03-07 05:24:30+00:00,16,16,251908,8962,277,542.0,17.0,1.0,18750.0
2026-03-07 05:25:00+00:00,16,16,252120,8980,277,212.0,18.0,0.0,18780.0
2026-03-07 05:25:30+00:00,16,16,252441,8993,278,321.0,13.0,1.0,18810.0
2026-03-07 05:26:00+00:00,16,16,252792,9009,279,351.0,16.0,1.0,18840.0
2026-03-07 05:26:30+00:00,16,16,253089,9020,279,297.0,11.0,0.0,18870.0
2026-03-07 05:27:00+00:00,0,0,0,0,0,0.0,0.0,0.0,18900.0
2026-03-07 05:27:30+00:00,16,16,253354,9029,280,265.0,9.0,1.0,18930.0
2026-03-07 05:28:00+00:00,16,16,253791,9042,281,437.0,13.0,1.0,18960.0
2026-03-07 05:28:30+00:00,16,16,254012,9057,281,221.0,15.0,0.0,18990.0
2026-03-07 05:29:00+00:00,16,16,254545,9067,281,533.0,10.0,0.0,19020.0
2026-03-07 05:29:30+00:00,16,16,255421,9080,282,876.0,13.0,1.0,19050.0
2026-03-07 05:30:00+00:00,16,16,255728,9095,282,307.0,15.0,0.0,19080.0
2026-03-07 05:30:30+00:00,16,16,256095,9113,285,367.0,18.0,3.0,19110.0
2026-03-07 05:31:00+00:00,16,16,256632,9128,285,537.0,15.0,0.0,19140.0
2026-03-07 05:31:30+00:00,16,16,257050,9137,285,418.0,9.0,0.0,19170.0
2026-03-07 05:32:00+00:00,16,16,257544,9153,285,494.0,16.0,0.0,19200.0
2026-03-07 05:32:30+00:00,16,16,257648,9164,286,104.0,11.0,1.0,19230.0
2026-03-07 05:33:00+00:00,16,16,258063,9180,286,415.0,17.0,0.0,19260.0
2026-03-07 05:33:30+00:00,16,16,258593,9198,286,530.0,18.0,0.0,19290.0
2026-03-07 05:34:00+00:00,16,16,258957,9220,287,364.0,22.0,1.0,19320.0
2026-03-07 05:34:30+00:00,16,16,260231,9243,287,1274.0,23.0,0.0,19350.0
2026-03-07 05:35:00+00:00,16,16,260611,9262,288,380.0,19.0,1.0,19380.0
2026-03-07 05:35:30+00:00,16,16,261244,9284,289,633.0,22.0,1.0,19410.0
2026-03-07 05:36:00+00:00,16,16,261546,9306,289,302.0,22.0,0.0,19440.0
2026-03-07 05:36:30+00:00,16,16,261984,9321,289,438.0,15.0,0.0,19470.0
2026-03-07 05:37:00+00:00,16,16,262541,9346,289,557.0,25.0,0.0,19500.0
2026-03-07 05:37:30+00:00,16,16,262852,9367,289,311.0,21.0,0.0,19530.0
2026-03-07 05:38:00+00:00,16,16,263244,9386,289,392.0,19.0,0.0,19560.0
2026-03-07 05:38:30+00:00,16,16,263668,9402,290,424.0,16.0,1.0,19590.0
2026-03-07 05:39:00+00:00,16,16,264465,9415,290,797.0,13.0,0.0,19620.0
2026-03-07 05:39:30+00:00,16,16,264879,9424,290,414.0,9.0,0.0,19650.0
2026-03-07 05:40:00+00:00,16,16,265843,9432,291,964.0,8.0,1.0,19680.0
2026-03-07 05:40:30+00:00,16,16,266681,9445,291,838.0,13.0,0.0,19710.0
2026-03-07 05:41:00+00:00,16,16,266859,9457,291,178.0,12.0,0.0,19740.0
2026-03-07 05:41:30+00:00,16,16,267714,9473,292,855.0,16.0,1.0,19770.0
2026-03-07 05:42:00+00:00,16,16,267928,9484,292,214.0,11.0,0.0,19800.0
2026-03-07 05:42:30+00:00,16,16,268340,9500,292,412.0,16.0,0.0,19830.0
2026-03-07 05:43:00+00:00,16,16,269125,9512,293,785.0,12.0,1.0,19860.0
2026-03-07 05:43:30+00:00,16,16,269870,9531,293,745.0,20.0,0.0,19890.0
2026-03-07 05:44:00+00:00,16,16,270514,9542,294,644.0,11.0,1.0,19920.0
2026-03-07 05:44:30+00:00,16,16,272200,9559,294,1686.0,17.0,0.0,19950.0
2026-03-07 05:45:00+00:00,16,16,272587,9571,294,387.0,12.0,0.0,19980.0
2026-03-07 05:45:30+00:00,16,16,273536,9585,294,949.0,14.0,0.0,20010.0
2026-03-07 05:46:00+00:00,16,16,274097,9593,295,561.0,8.0,1.0,20040.0
2026-03-07 05:46:30+00:00,16,16,274575,9609,295,478.0,16.0,0.0,20070.0
2026-03-07 05:47:00+00:00,16,16,274662,9617,296,87.0,8.0,1.0,20100.0
2026-03-07 05:47:30+00:00,16,16,275026,9631,296,364.0,14.0,0.0,20130.0
2026-03-07 05:48:00+00:00,16,16,275601,9642,296,575.0,12.0,0.0,20160.0
2026-03-07 05:48:30+00:00,16,16,276356,9656,296,755.0,14.0,0.0,20190.0
2026-03-07 05:49:00+00:00,16,16,276845,9663,296,489.0,7.0,0.0,20220.0
2026-03-07 05:49:30+00:00,16,16,278017,9678,296,1172.0,15.0,0.0,20250.0
2026-03-07 05:50:00+00:00,0,0,0,0,0,0.0,0.0,0.0,20280.0
2026-03-07 05:50:30+00:00,16,16,278372,9694,296,355.0,16.0,0.0,20310.0
2026-03-07 05:51:00+00:00,16,16,279685,9702,296,1313.0,8.0,0.0,20340.0
2026-03-07 05:51:30+00:00,16,16,280002,9710,297,317.0,8.0,1.0,20370.0
2026-03-07 05:52:00+00:00,16,16,280596,9722,297,594.0,12.0,0.0,20400.0
2026-03-07 05:52:30+00:00,16,16,280822,9734,297,226.0,13.0,0.0,20430.0
2026-03-07 05:53:00+00:00,16,16,280970,9745,297,148.0,11.0,0.0,20460.0
2026-03-07 05:53:30+00:00,16,16,281765,9756,298,795.0,11.0,1.0,20490.0
2026-03-07 05:54:00+00:00,16,16,282411,9768,299,646.0,12.0,1.0,20520.0
2026-03-07 05:54:30+00:00,16,16,283125,9780,300,714.0,12.0,1.0,20550.0
2026-03-07 05:55:00+00:00,16,16,283882,9795,301,757.0,15.0,1.0,20580.0
2026-03-07 05:55:30+00:00,16,16,284011,9804,303,129.0,9.0,2.0,20610.0
2026-03-07 05:56:00+00:00,16,16,284552,9820,303,541.0,17.0,0.0,20640.0
2026-03-07 05:56:30+00:00,16,16,284838,9838,303,286.0,18.0,0.0,20670.0
2026-03-07 05:57:00+00:00,16,16,285363,9850,303,525.0,12.0,0.0,20700.0
2026-03-07 05:57:30+00:00,16,16,285672,9855,303,309.0,5.0,0.0,20730.0
2026-03-07 05:58:00+00:00,15,15,272233,9499,303,183.0,6.0,0.0,20760.0
2026-03-07 05:58:30+00:00,15,15,272870,9511,303,637.0,12.0,0.0,20790.0
2026-03-07 05:59:00+00:00,15,15,273314,9515,303,444.0,4.0,0.0,20820.0
2026-03-07 05:59:30+00:00,15,15,273825,9527,303,511.0,12.0,0.0,20850.0
2026-03-07 06:00:00+00:00,15,15,274697,9539,303,872.0,12.0,0.0,20880.0
2026-03-07 06:00:30+00:00,15,15,275743,9545,303,1046.0,6.0,0.0,20910.0
2026-03-07 06:01:00+00:00,15,15,275908,9555,304,165.0,10.0,1.0,20940.0
2026-03-07 06:01:30+00:00,15,15,276169,9569,304,261.0,14.0,0.0,20970.0
2026-03-07 06:02:00+00:00,15,15,276420,9579,304,251.0,10.0,0.0,21000.0
2026-03-07 06:02:30+00:00,15,15,276568,9591,304,148.0,12.0,0.0,21030.0
2026-03-07 06:03:00+00:00,15,15,276717,9603,304,149.0,12.0,0.0,21060.0
2026-03-07 06:03:30+00:00,15,15,277272,9616,304,555.0,13.0,0.0,21090.0
2026-03-07 06:04:00+00:00,15,15,277662,9625,305,390.0,9.0,1.0,21120.0
2026-03-07 06:04:30+00:00,15,15,278190,9635,305,528.0,10.0,0.0,21150.0
2026-03-07 06:05:00+00:00,15,15,278982,9646,306,792.0,11.0,1.0,21180.0
2026-03-07 06:05:30+00:00,15,15,279769,9656,307,787.0,10.0,1.0,21210.0
2026-03-07 06:06:00+00:00,15,15,279946,9665,308,177.0,9.0,1.0,21240.0
2026-03-07 06:06:30+00:00,15,15,280272,9672,308,326.0,7.0,0.0,21270.0
2026-03-07 06:07:00+00:00,15,15,280472,9687,308,200.0,15.0,0.0,21300.0
2026-03-07 06:07:30+00:00,15,15,280576,9696,308,104.0,9.0,0.0,21330.0
2026-03-07 06:08:00+00:00,15,15,281113,9701,309,537.0,5.0,1.0,21360.0
2026-03-07 06:08:30+00:00,15,15,281529,9705,310,416.0,4.0,1.0,21390.0
2026-03-07 06:09:00+00:00,15,15,282047,9711,310,518.0,6.0,0.0,21420.0
2026-03-07 06:09:30+00:00,15,15,282999,9725,310,952.0,14.0,0.0,21450.0
2026-03-07 06:10:00+00:00,15,15,283159,9736,310,160.0,11.0,0.0,21480.0
2026-03-07 06:10:30+00:00,0,0,0,0,0,0.0,0.0,0.0,21510.0
2026-03-07 06:11:00+00:00,30,15,567638,19504,620,732.0,20.0,0.0,21540.0
2026-03-07 06:11:30+00:00,15,15,284149,9766,310,258.0,10.0,0.0,21570.0
2026-03-07 06:12:00+00:00,15,15,284450,9768,310,301.0,2.0,0.0,21600.0
2026-03-07 06:12:30+00:00,0,0,0,0,0,0.0,0.0,0.0,21630.0
2026-03-07 06:13:00+00:00,15,15,285156,9781,310,706.0,13.0,0.0,21660.0
2026-03-07 06:13:30+00:00,15,15,285404,9785,310,248.0,4.0,0.0,21690.0
2026-03-07 06:14:00+00:00,15,15,285574,9793,310,170.0,9.0,0.0,21720.0
2026-03-07 06:14:30+00:00,15,15,286394,9799,310,820.0,6.0,0.0,21750.0
2026-03-07 06:15:00+00:00,15,15,288011,9813,310,1617.0,14.0,0.0,21780.0
2026-03-07 06:15:30+00:00,15,15,288138,9823,311,127.0,10.0,1.0,21810.0
2026-03-07 06:16:00+00:00,15,15,289183,9829,311,1045.0,6.0,0.0,21840.0
2026-03-07 06:16:30+00:00,15,15,289277,9837,311,94.0,8.0,0.0,21870.0
2026-03-07 06:17:00+00:00,15,15,289788,9846,311,511.0,9.0,0.0,21900.0
2026-03-07 06:17:30+00:00,15,15,289926,9856,312,138.0,10.0,1.0,21930.0
2026-03-07 06:18:00+00:00,15,15,290049,9860,312,123.0,4.0,0.0,21960.0
2026-03-07 06:18:30+00:00,15,15,290692,9875,312,643.0,15.0,0.0,21990.0
2026-03-07 06:19:00+00:00,17,17,291424,9892,312,732.0,12.0,0.0,22020.0
2026-03-07 06:19:30+00:00,17,17,292662,9905,312,1238.0,13.0,0.0,22050.0
2026-03-07 06:20:00+00:00,17,17,293136,9915,314,474.0,10.0,2.0,22080.0
2026-03-07 06:20:30+00:00,17,17,293192,9927,315,56.0,12.0,1.0,22110.0
2026-03-07 06:21:00+00:00,17,17,294400,9935,315,1208.0,8.0,0.0,22140.0
2026-03-07 06:21:30+00:00,17,17,294487,9951,315,87.0,16.0,0.0,22170.0
2026-03-07 06:22:00+00:00,17,17,294918,9967,316,431.0,16.0,1.0,22200.0
2026-03-07 06:22:30+00:00,17,17,295245,9985,316,327.0,18.0,0.0,22230.0
2026-03-07 06:23:00+00:00,17,17,295451,9999,316,206.0,14.0,0.0,22260.0
2026-03-07 06:23:30+00:00,17,17,296362,10016,316,911.0,17.0,0.0,22290.0
2026-03-07 06:24:00+00:00,17,17,296834,10028,316,472.0,12.0,0.0,22320.0
2026-03-07 06:24:30+00:00,17,17,299028,10042,316,2194.0,14.0,0.0,22350.0
2026-03-07 06:25:00+00:00,17,17,299286,10062,316,258.0,20.0,0.0,22380.0
2026-03-07 06:25:30+00:00,17,17,299431,10078,319,145.0,16.0,3.0,22410.0
2026-03-07 06:26:00+00:00,17,17,300281,10099,319,850.0,22.0,0.0,22440.0
2026-03-07 06:26:30+00:00,17,17,300542,10119,319,261.0,20.0,0.0,22470.0
2026-03-07 06:27:00+00:00,17,17,301182,10137,320,640.0,18.0,1.0,22500.0
2026-03-07 06:27:30+00:00,17,17,301356,10152,321,174.0,15.0,1.0,22530.0
2026-03-07 06:28:00+00:00,17,17,301874,10173,321,518.0,21.0,0.0,22560.0
2026-03-07 06:28:30+00:00,17,17,302222,10184,321,348.0,11.0,0.0,22590.0
2026-03-07 06:29:00+00:00,17,17,302751,10196,321,529.0,12.0,0.0,22620.0
2026-03-07 06:29:30+00:00,17,17,303703,10216,322,952.0,20.0,1.0,22650.0
2026-03-07 06:30:00+00:00,17,17,304008,10226,323,305.0,10.0,1.0,22680.0
2026-03-07 06:30:30+00:00,17,17,304340,10241,323,332.0,15.0,0.0,22710.0
2026-03-07 06:31:00+00:00,17,17,304914,10255,323,574.0,14.0,0.0,22740.0
2026-03-07 06:31:30+00:00,17,17,305389,10275,325,475.0,20.0,2.0,22770.0
2026-03-07 06:32:00+00:00,17,17,305706,10286,325,317.0,11.0,0.0,22800.0
2026-03-07 06:32:30+00:00,17,17,305935,10305,326,229.0,19.0,1.0,22830.0
2026-03-07 06:33:00+00:00,17,17,306530,10321,326,595.0,16.0,0.0,22860.0
2026-03-07 06:33:30+00:00,17,17,306929,10340,326,399.0,19.0,0.0,22890.0
2026-03-07 06:34:00+00:00,17,17,307459,10358,326,530.0,18.0,1.0,22920.0
2026-03-07 06:34:30+00:00,17,17,308333,10377,326,874.0,19.0,0.0,22950.0
2026-03-07 06:35:00+00:00,17,17,308730,10400,326,397.0,23.0,0.0,22980.0
2026-03-07 06:35:30+00:00,17,17,309523,10420,328,793.0,20.0,2.0,23010.0
2026-03-07 06:36:00+00:00,17,17,309852,10435,330,329.0,15.0,2.0,23040.0
2026-03-07 06:36:30+00:00,0,0,0,0,0,0.0,0.0,0.0,23070.0
2026-03-07 06:37:00+00:00,17,17,310069,10448,331,217.0,13.0,1.0,23100.0
2026-03-07 06:37:30+00:00,17,17,310557,10461,332,488.0,13.0,1.0,23130.0
2026-03-07 06:38:00+00:00,17,17,310732,10476,332,175.0,15.0,0.0,23160.0
2026-03-07 06:38:30+00:00,17,17,311313,10486,332,581.0,10.0,0.0,23190.0
2026-03-07 06:39:00+00:00,17,17,311855,10496,332,542.0,10.0,0.0,23220.0
2026-03-07 06:39:30+00:00,17,17,313167,10516,332,1312.0,20.0,0.0,23250.0
2026-03-07 06:40:00+00:00,17,17,313410,10526,333,243.0,10.0,1.0,23280.0
2026-03-07 06:40:30+00:00,17,17,313733,10539,334,323.0,13.0,1.0,23310.0
2026-03-07 06:41:00+00:00,17,17,314461,10548,335,728.0,9.0,1.0,23340.0
2026-03-07 06:41:30+00:00,17,17,314652,10563,335,191.0,16.0,0.0,23370.0
2026-03-07 06:42:00+00:00,17,17,315364,10574,335,712.0,11.0,0.0,23400.0
2026-03-07 06:42:30+00:00,17,17,315698,10587,338,334.0,13.0,3.0,23430.0
2026-03-07 06:43:00+00:00,17,17,316267,10599,342,569.0,12.0,4.0,23460.0
2026-03-07 06:43:30+00:00,17,17,316707,10612,342,440.0,13.0,0.0,23490.0
2026-03-07 06:44:00+00:00,17,17,317265,10632,343,558.0,20.0,1.0,23520.0
2026-03-07 06:44:30+00:00,17,17,317927,10641,344,662.0,9.0,1.0,23550.0
2026-03-07 06:45:00+00:00,17,17,319295,10653,346,1368.0,12.0,2.0,23580.0
2026-03-07 06:45:30+00:00,17,17,319409,10670,346,114.0,17.0,0.0,23610.0
2026-03-07 06:46:00+00:00,17,17,320264,10688,346,855.0,18.0,0.0,23640.0
2026-03-07 06:46:30+00:00,17,17,320634,10703,347,370.0,15.0,1.0,23670.0
2026-03-07 06:47:00+00:00,17,17,321060,10715,347,426.0,12.0,0.0,23700.0
2026-03-07 06:47:30+00:00,17,17,321433,10727,347,373.0,13.0,0.0,23730.0
2026-03-07 06:48:00+00:00,17,17,321916,10744,348,483.0,17.0,1.0,23760.0
2026-03-07 06:48:30+00:00,17,17,322423,10760,348,507.0,16.0,0.0,23790.0
2026-03-07 06:49:00+00:00,17,17,323260,10764,348,837.0,7.0,0.0,23820.0
2026-03-07 06:49:30+00:00,17,17,324694,10779,349,1434.0,15.0,1.0,23850.0
2026-03-07 06:50:00+00:00,17,17,325102,10795,349,408.0,17.0,0.0,23880.0
2026-03-07 06:50:30+00:00,17,17,326253,10805,350,1151.0,12.0,1.0,23910.0
2026-03-07 06:51:00+00:00,17,17,326607,10813,352,354.0,10.0,2.0,23940.0
2026-03-07 06:51:30+00:00,17,17,326809,10817,353,202.0,10.0,1.0,23970.0
2026-03-07 06:52:00+00:00,17,17,327407,10825,354,598.0,15.0,1.0,24000.0
2026-03-07 06:52:30+00:00,17,17,327597,10839,355,190.0,17.0,1.0,24030.0
2026-03-07 06:53:00+00:00,17,17,328393,10844,356,796.0,9.0,1.0,24060.0
2026-03-07 06:53:30+00:00,17,17,328992,10849,357,599.0,11.0,1.0,24090.0
2026-03-07 06:54:00+00:00,17,17,329423,10848,358,431.0,6.0,1.0,24120.0
2026-03-07 06:54:30+00:00,17,17,331186,10854,359,1763.0,12.0,1.0,24150.0
2026-03-07 06:55:00+00:00,17,17,331485,10859,359,299.0,12.0,0.0,24180.0
2026-03-07 06:55:30+00:00,17,17,332386,10859,360,901.0,6.0,1.0,24210.0
2026-03-07 06:56:00+00:00,17,17,332919,10869,360,533.0,12.0,0.0,24240.0
2026-03-07 06:56:30+00:00,17,17,333242,10896,361,323.0,27.0,1.0,24270.0
2026-03-07 06:57:00+00:00,17,17,333510,10913,361,268.0,18.0,0.0,24300.0
2026-03-07 06:57:30+00:00,17,17,333720,10919,361,210.0,10.0,0.0,24330.0
2026-03-07 06:58:00+00:00,0,0,0,0,0,0.0,0.0,0.0,24360.0
2026-03-07 06:58:30+00:00,17,17,334206,10929,361,486.0,12.0,0.0,24390.0
2026-03-07 06:59:00+00:00,17,17,334501,10941,361,295.0,13.0,0.0,24420.0
2026-03-07 06:59:30+00:00,17,17,335477,10946,361,976.0,5.0,0.0,24450.0
2026-03-07 07:00:00+00:00,17,17,335655,10959,362,178.0,13.0,1.0,24480.0
2026-03-07 07:00:30+00:00,17,17,336008,10973,363,353.0,14.0,1.0,24510.0
2026-03-07 07:01:00+00:00,17,17,336507,10991,363,499.0,18.0,0.0,24540.0
2026-03-07 07:01:30+00:00,17,17,336654,11002,365,147.0,11.0,2.0,24570.0
2026-03-07 07:02:00+00:00,17,17,337064,11016,366,410.0,14.0,1.0,24600.0
2026-03-07 07:02:30+00:00,17,17,337308,11023,367,244.0,7.0,1.0,24630.0
2026-03-07 07:03:00+00:00,17,17,337437,11031,367,129.0,8.0,0.0,24660.0
2026-03-07 07:03:30+00:00,17,17,337914,11040,368,477.0,9.0,1.0,24690.0
2026-03-07 07:04:00+00:00,17,17,338373,11055,368,459.0,15.0,0.0,24720.0
2026-03-07 07:04:30+00:00,17,17,339193,11069,368,820.0,14.0,0.0,24750.0
2026-03-07 07:05:00+00:00,17,17,339453,11084,368,260.0,15.0,0.0,24780.0
2026-03-07 07:05:30+00:00,17,17,339754,11096,368,301.0,12.0,0.0,24810.0
2026-03-07 07:06:00+00:00,17,17,340368,11115,368,614.0,19.0,0.0,24840.0
2026-03-07 07:06:30+00:00,17,17,340686,11126,369,318.0,11.0,1.0,24870.0
2026-03-07 07:07:00+00:00,17,17,340928,11135,369,242.0,9.0,0.0,24900.0
2026-03-07 07:07:30+00:00,17,17,341067,11141,369,139.0,6.0,0.0,24930.0
2026-03-07 07:08:00+00:00,17,17,341547,11147,370,480.0,6.0,1.0,24960.0
2026-03-07 07:08:30+00:00,17,17,341733,11155,371,186.0,8.0,1.0,24990.0
2026-03-07 07:09:00+00:00,17,17,342134,11168,372,401.0,13.0,1.0,25020.0
2026-03-07 07:09:30+00:00,18,18,343274,11184,372,1140.0,15.0,0.0,25050.0
2026-03-07 07:10:00+00:00,18,18,343374,11199,372,100.0,15.0,0.0,25080.0
2026-03-07 07:10:30+00:00,18,18,343522,11214,372,148.0,15.0,0.0,25110.0
2026-03-07 07:11:00+00:00,18,18,343953,11231,372,431.0,17.0,0.0,25140.0
2026-03-07 07:11:30+00:00,18,18,344206,11250,373,253.0,19.0,1.0,25170.0
2026-03-07 07:12:00+00:00,18,18,344768,11263,373,562.0,14.0,0.0,25200.0
2026-03-07 07:12:30+00:00,18,18,345151,11279,374,383.0,17.0,1.0,25230.0
2026-03-07 07:13:00+00:00,18,18,345730,11291,376,579.0,12.0,2.0,25260.0
2026-03-07 07:13:30+00:00,18,18,346215,11305,378,485.0,14.0,2.0,25290.0
2026-03-07 07:14:00+00:00,18,18,347094,11315,379,879.0,10.0,1.0,25320.0
2026-03-07 07:14:30+00:00,18,18,348774,11345,379,1680.0,30.0,0.0,25350.0
2026-03-07 07:15:00+00:00,18,18,349112,11366,379,338.0,21.0,0.0,25380.0
2026-03-07 07:15:30+00:00,18,18,349895,11387,379,783.0,21.0,0.0,25410.0
2026-03-07 07:16:00+00:00,18,18,350042,11400,379,147.0,13.0,0.0,25440.0
2026-03-07 07:16:30+00:00,18,18,350808,11419,379,766.0,19.0,0.0,25470.0
2026-03-07 07:17:00+00:00,18,18,351053,11433,379,245.0,14.0,0.0,25500.0
2026-03-07 07:17:30+00:00,18,18,351283,11453,379,230.0,20.0,0.0,25530.0
2026-03-07 07:18:00+00:00,18,18,352119,11474,379,836.0,21.0,0.0,25560.0
2026-03-07 07:18:30+00:00,18,18,352818,11480,379,699.0,6.0,0.0,25590.0
2026-03-07 07:19:00+00:00,18,18,353421,11497,380,603.0,17.0,1.0,25620.0
2026-03-07 07:19:30+00:00,19,19,355299,11508,380,1878.0,11.0,0.0,25650.0
2026-03-07 07:20:00+00:00,0,0,0,0,0,0.0,0.0,0.0,25680.0
2026-03-07 07:20:30+00:00,38,19,712128,23048,762,1223.0,21.0,1.0,25710.0
2026-03-07 07:21:00+00:00,0,0,0,0,0,0.0,0.0,0.0,25740.0
2026-03-07 07:21:30+00:00,19,19,356797,11538,381,275.0,9.0,0.0,25770.0
2026-03-07 07:22:00+00:00,38,19,714816,23104,764,768.0,19.0,1.0,25800.0
2026-03-07 07:22:30+00:00,0,0,0,0,0,0.0,0.0,0.0,25830.0
2026-03-07 07:23:00+00:00,19,19,357722,11576,382,157.0,19.0,0.0,25860.0
2026-03-07 07:23:30+00:00,19,19,358402,11590,382,680.0,14.0,0.0,25890.0
2026-03-07 07:24:00+00:00,19,19,359170,11606,382,768.0,16.0,0.0,25920.0
2026-03-07 07:24:30+00:00,19,19,359995,11621,382,825.0,16.0,0.0,25950.0
2026-03-07 07:25:00+00:00,19,19,361544,11642,383,1549.0,21.0,1.0,25980.0
2026-03-07 07:25:30+00:00,19,19,361773,11660,383,229.0,18.0,0.0,26010.0
2026-03-07 07:26:00+00:00,19,19,362386,11674,383,613.0,14.0,0.0,26040.0
2026-03-07 07:26:30+00:00,19,19,362532,11684,383,146.0,10.0,0.0,26070.0
2026-03-07 07:27:00+00:00,19,19,362793,11693,383,261.0,9.0,0.0,26100.0
2026-03-07 07:27:30+00:00,19,19,362883,11705,384,90.0,12.0,1.0,26130.0
2026-03-07 07:28:00+00:00,19,19,363291,11716,384,408.0,11.0,0.0,26160.0
2026-03-07 07:28:30+00:00,19,19,363502,11726,384,211.0,10.0,0.0,26190.0
2026-03-07 07:29:00+00:00,19,19,363749,11734,384,247.0,8.0,0.0,26220.0
2026-03-07 07:29:30+00:00,19,19,364015,11743,385,266.0,9.0,1.0,26250.0
2026-03-07 07:30:00+00:00,19,19,364725,11748,385,710.0,5.0,0.0,26280.0
2026-03-07 07:30:30+00:00,19,19,364991,11754,385,266.0,6.0,0.0,26310.0
2026-03-07 07:31:00+00:00,19,19,365110,11762,386,119.0,8.0,1.0,26340.0
2026-03-07 07:31:30+00:00,19,19,365278,11776,386,168.0,14.0,0.0,26370.0
2026-03-07 07:32:00+00:00,19,19,365676,11783,386,398.0,7.0,0.0,26400.0
2026-03-07 07:32:30+00:00,19,19,365744,11788,387,68.0,5.0,1.0,26430.0
2026-03-07 07:33:00+00:00,19,19,366087,11803,388,343.0,15.0,1.0,26460.0
2026-03-07 07:33:30+00:00,19,19,366382,11820,388,295.0,17.0,0.0,26490.0
2026-03-07 07:34:00+00:00,19,19,366459,11831,388,77.0,11.0,0.0,26520.0
2026-03-07 07:34:30+00:00,19,19,367164,11840,388,705.0,9.0,0.0,26550.0
2026-03-07 07:35:00+00:00,19,19,367303,11844,388,139.0,4.0,0.0,26580.0
2026-03-07 07:35:30+00:00,19,19,367674,11849,388,371.0,5.0,0.0,26610.0
2026-03-07 07:36:00+00:00,19,19,367858,11861,388,184.0,12.0,0.0,26640.0
2026-03-07 07:36:30+00:00,19,19,368049,11869,388,191.0,8.0,0.0,26670.0
2026-03-07 07:37:00+00:00,19,19,368221,11880,388,172.0,11.0,0.0,26700.0
2026-03-07 07:37:30+00:00,19,19,368296,11888,388,75.0,8.0,0.0,26730.0
2026-03-07 07:38:00+00:00,19,19,368587,11900,388,291.0,12.0,0.0,26760.0
2026-03-07 07:38:30+00:00,19,19,368771,11910,388,184.0,10.0,0.0,26790.0
2026-03-07 07:39:00+00:00,19,19,368957,11919,388,186.0,9.0,0.0,26820.0
2026-03-07 07:39:30+00:00,19,19,369360,11928,388,403.0,9.0,0.0,26850.0
2026-03-07 07:40:00+00:00,19,19,369835,11941,388,475.0,13.0,0.0,26880.0
2026-03-07 07:40:30+00:00,0,0,0,0,0,0.0,0.0,0.0,26910.0
2026-03-07 07:41:00+00:00,38,19,740335,23923,779,366.0,26.0,2.0,26940.0
2026-03-07 07:41:30+00:00,19,19,370401,11979,390,200.0,14.0,0.0,26970.0
2026-03-07 07:42:00+00:00,19,19,370600,11991,391,199.0,12.0,1.0,27000.0
2026-03-07 07:42:30+00:00,19,19,370770,12004,391,170.0,13.0,0.0,27030.0
2026-03-07 07:43:00+00:00,0,0,0,0,0,0.0,0.0,0.0,27060.0
2026-03-07 07:43:30+00:00,19,19,371344,12014,391,574.0,10.0,0.0,27090.0
2026-03-07 07:44:00+00:00,19,19,371711,12024,391,367.0,10.0,0.0,27120.0
2026-03-07 07:44:30+00:00,19,19,372118,12030,391,407.0,6.0,0.0,27150.0
2026-03-07 07:45:00+00:00,19,19,373981,12037,391,1863.0,7.0,0.0,27180.0
2026-03-07 07:45:30+00:00,19,19,374156,12049,391,175.0,12.0,0.0,27210.0
2026-03-07 07:46:00+00:00,19,19,374890,12058,391,734.0,9.0,0.0,27240.0
2026-03-07 07:46:30+00:00,19,19,375546,12068,392,656.0,10.0,1.0,27270.0
2026-03-07 07:47:00+00:00,19,19,375819,12078,392,273.0,10.0,0.0,27300.0
2026-03-07 07:47:30+00:00,19,19,376018,12086,393,199.0,8.0,1.0,27330.0
2026-03-07 07:48:00+00:00,19,19,376557,12091,393,539.0,5.0,0.0,27360.0
2026-03-07 07:48:30+00:00,19,19,376709,12100,394,152.0,9.0,1.0,27390.0
2026-03-07 07:49:00+00:00,19,19,377455,12114,395,746.0,14.0,1.0,27420.0
2026-03-07 07:49:30+00:00,19,19,378015,12123,395,560.0,9.0,0.0,27450.0
2026-03-07 07:50:00+00:00,19,19,379090,12127,396,1075.0,4.0,1.0,27480.0
2026-03-07 07:50:30+00:00,19,19,379887,12135,396,797.0,8.0,0.0,27510.0
2026-03-07 07:51:00+00:00,19,19,379990,12144,396,103.0,10.0,0.0,27540.0
2026-03-07 07:51:30+00:00,19,19,380421,12153,396,431.0,9.0,0.0,27570.0
2026-03-07 07:52:00+00:00,19,19,380713,12160,396,292.0,7.0,0.0,27600.0
2026-03-07 07:52:30+00:00,19,19,380921,12167,396,208.0,7.0,0.0,27630.0
2026-03-07 07:53:00+00:00,19,19,381584,12174,397,663.0,7.0,1.0,27660.0
2026-03-07 07:53:30+00:00,19,19,381829,12188,397,245.0,14.0,0.0,27690.0
2026-03-07 07:54:00+00:00,19,19,382970,12197,398,1141.0,9.0,1.0,27720.0
2026-03-07 07:54:30+00:00,19,19,383902,12205,398,932.0,8.0,0.0,27750.0
2026-03-07 07:55:00+00:00,19,19,384061,12214,398,159.0,9.0,0.0,27780.0
2026-03-07 07:55:30+00:00,19,19,384612,12222,398,551.0,9.0,0.0,27810.0
2026-03-07 07:56:00+00:00,19,19,384751,12228,398,139.0,6.0,0.0,27840.0
2026-03-07 07:56:30+00:00,19,19,385215,12231,398,464.0,3.0,0.0,27870.0
2026-03-07 07:57:00+00:00,19,19,385361,12237,398,146.0,6.0,0.0,27900.0
2026-03-07 07:57:30+00:00,19,19,385501,12245,400,140.0,8.0,2.0,27930.0
2026-03-07 07:58:00+00:00,19,19,386007,12250,400,506.0,5.0,0.0,27960.0
2026-03-07 07:58:30+00:00,19,19,386271,12262,400,264.0,12.0,0.0,27990.0
2026-03-07 07:59:00+00:00,19,19,386837,12272,400,566.0,10.0,0.0,28020.0
2026-03-07 07:59:30+00:00,19,19,387557,12285,400,720.0,13.0,0.0,28050.0
2026-03-07 08:00:00+00:00,19,19,387693,12287,401,136.0,2.0,1.0,28080.0
2026-03-07 08:00:30+00:00,19,19,388168,12297,401,475.0,10.0,0.0,28110.0
2026-03-07 08:01:00+00:00,19,19,388221,12305,401,53.0,8.0,0.0,28140.0
2026-03-07 08:01:30+00:00,19,19,388445,12310,401,224.0,5.0,0.0,28170.0
2026-03-07 08:02:00+00:00,19,19,388718,12316,401,273.0,6.0,0.0,28200.0
2026-03-07 08:02:30+00:00,19,19,388769,12324,401,51.0,8.0,0.0,28230.0
2026-03-07 08:03:00+00:00,0,0,0,0,0,0.0,0.0,0.0,28260.0
2026-03-07 08:03:30+00:00,19,19,389091,12331,401,322.0,7.0,0.0,28290.0
2026-03-07 08:04:00+00:00,19,19,389442,12341,401,351.0,10.0,0.0,28320.0
2026-03-07 08:04:30+00:00,19,19,389700,12351,402,258.0,10.0,1.0,28350.0
2026-03-07 08:05:00+00:00,19,19,390253,12360,402,553.0,9.0,0.0,28380.0
2026-03-07 08:05:30+00:00,19,19,390521,12364,402,268.0,4.0,0.0,28410.0
2026-03-07 08:06:00+00:00,19,19,390930,12377,402,409.0,13.0,0.0,28440.0
2026-03-07 08:06:30+00:00,19,19,390970,12390,403,40.0,13.0,1.0,28470.0
2026-03-07 08:07:00+00:00,19,19,391406,12397,403,436.0,7.0,0.0,28500.0
2026-03-07 08:07:30+00:00,19,19,391461,12404,404,55.0,7.0,1.0,28530.0
2026-03-07 08:08:00+00:00,19,19,391570,12409,404,109.0,5.0,0.0,28560.0
2026-03-07 08:08:30+00:00,19,19,392125,12413,404,555.0,5.0,0.0,28590.0
2026-03-07 08:09:00+00:00,19,19,392358,12417,404,233.0,4.0,0.0,28620.0
2026-03-07 08:09:30+00:00,19,19,392919,12425,404,561.0,8.0,0.0,28650.0
2026-03-07 08:10:00+00:00,19,19,393336,12430,404,417.0,5.0,0.0,28680.0
2026-03-07 08:10:30+00:00,19,19,393453,12439,404,117.0,9.0,0.0,28710.0
2026-03-07 08:11:00+00:00,19,19,393785,12450,404,332.0,11.0,0.0,28740.0
2026-03-07 08:11:30+00:00,19,19,394074,12458,404,289.0,8.0,0.0,28770.0
2026-03-07 08:12:00+00:00,19,19,394311,12462,405,237.0,4.0,1.0,28800.0
2026-03-07 08:12:30+00:00,19,19,394375,12468,405,64.0,6.0,0.0,28830.0
2026-03-07 08:13:00+00:00,19,19,394523,12482,405,148.0,14.0,0.0,28860.0
2026-03-07 08:13:30+00:00,19,19,395138,12491,406,615.0,9.0,1.0,28890.0
2026-03-07 08:14:00+00:00,19,19,395503,12498,406,365.0,7.0,0.0,28920.0
2026-03-07 08:14:30+00:00,19,19,397037,12501,406,1534.0,3.0,0.0,28950.0
2026-03-07 08:15:00+00:00,19,19,397150,12509,406,113.0,8.0,0.0,28980.0
2026-03-07 08:15:30+00:00,19,19,398281,12514,406,1131.0,5.0,0.0,29010.0
2026-03-07 08:16:00+00:00,19,19,398313,12518,406,32.0,4.0,0.0,29040.0
2026-03-07 08:16:30+00:00,19,19,398938,12522,406,625.0,4.0,0.0,29070.0
2026-03-07 08:17:00+00:00,19,19,399121,12528,406,183.0,6.0,0.0,29100.0
2026-03-07 08:17:30+00:00,19,19,399195,12540,406,74.0,12.0,0.0,29130.0
2026-03-07 08:18:00+00:00,19,19,399864,12549,406,669.0,9.0,0.0,29160.0
2026-03-07 08:18:30+00:00,19,19,400528,12554,406,664.0,5.0,0.0,29190.0
2026-03-07 08:19:00+00:00,19,19,400901,12560,406,373.0,6.0,0.0,29220.0
2026-03-07 08:19:30+00:00,19,19,402066,12570,406,1165.0,10.0,0.0,29250.0
2026-03-07 08:20:00+00:00,19,19,402189,12571,406,123.0,1.0,0.0,29280.0
2026-03-07 08:20:30+00:00,19,19,403360,12576,406,1171.0,5.0,0.0,29310.0
2026-03-07 08:21:00+00:00,19,19,403377,12585,406,17.0,9.0,0.0,29340.0
2026-03-07 08:21:30+00:00,19,19,403997,12594,407,620.0,9.0,1.0,29370.0
2026-03-07 08:22:00+00:00,19,19,404177,12600,407,180.0,6.0,0.0,29400.0
2026-03-07 08:22:30+00:00,19,19,404286,12608,407,109.0,8.0,0.0,29430.0
2026-03-07 08:23:00+00:00,19,19,404922,12616,407,636.0,8.0,0.0,29460.0
2026-03-07 08:23:30+00:00,19,19,405288,12626,407,366.0,10.0,0.0,29490.0
2026-03-07 08:24:00+00:00,0,0,0,0,0,0.0,0.0,0.0,29520.0
2026-03-07 08:24:30+00:00,19,19,406041,12636,408,753.0,10.0,1.0,29550.0
2026-03-07 08:25:00+00:00,19,19,407109,12642,408,1068.0,6.0,0.0,29580.0
2026-03-07 08:25:30+00:00,19,19,407722,12649,408,613.0,7.0,0.0,29610.0
2026-03-07 08:26:00+00:00,19,19,408296,12653,408,574.0,4.0,0.0,29640.0
2026-03-07 08:26:30+00:00,19,19,408814,12665,408,518.0,12.0,0.0,29670.0
2026-03-07 08:27:00+00:00,19,19,409166,12672,408,352.0,7.0,0.0,29700.0
2026-03-07 08:27:30+00:00,19,19,409336,12679,408,170.0,7.0,0.0,29730.0
2026-03-07 08:28:00+00:00,19,19,409445,12684,408,109.0,5.0,0.0,29760.0
2026-03-07 08:28:30+00:00,19,19,410167,12691,408,722.0,7.0,0.0,29790.0
2026-03-07 08:29:00+00:00,19,19,410543,12698,408,376.0,7.0,0.0,29820.0
2026-03-07 08:29:30+00:00,19,19,410756,12703,409,213.0,5.0,1.0,29850.0
2026-03-07 08:30:00+00:00,19,19,411408,12708,409,652.0,5.0,0.0,29880.0
2026-03-07 08:30:30+00:00,19,19,411698,12714,409,290.0,6.0,0.0,29910.0
2026-03-07 08:31:00+00:00,19,19,411732,12719,409,34.0,5.0,0.0,29940.0
2026-03-07 08:31:30+00:00,19,19,411972,12726,409,240.0,7.0,0.0,29970.0
2026-03-07 08:32:00+00:00,19,19,412075,12732,409,103.0,6.0,0.0,30000.0
2026-03-07 08:32:30+00:00,19,19,412209,12738,409,134.0,6.0,0.0,30030.0
2026-03-07 08:33:00+00:00,19,19,412251,12747,409,42.0,9.0,0.0,30060.0
2026-03-07 08:33:30+00:00,19,19,412619,12756,410,368.0,9.0,1.0,30090.0
2026-03-07 08:34:00+00:00,19,19,412908,12763,411,289.0,7.0,1.0,30120.0
2026-03-07 08:34:30+00:00,19,19,413167,12768,412,259.0,5.0,1.0,30150.0
2026-03-07 08:35:00+00:00,19,19,414785,12776,413,1618.0,8.0,1.0,30180.0
2026-03-07 08:35:30+00:00,19,19,415310,12787,413,525.0,11.0,0.0,30210.0
2026-03-07 08:36:00+00:00,19,19,415448,12795,413,138.0,8.0,0.0,30240.0
2026-03-07 08:36:30+00:00,19,19,415806,12803,414,358.0,8.0,1.0,30270.0
2026-03-07 08:37:00+00:00,19,19,415972,12809,415,166.0,6.0,1.0,30300.0
2026-03-07 08:37:30+00:00,19,19,416151,12814,415,179.0,5.0,0.0,30330.0
2026-03-07 08:38:00+00:00,19,19,416762,12821,415,611.0,7.0,0.0,30360.0
2026-03-07 08:38:30+00:00,19,19,417118,12830,415,356.0,9.0,0.0,30390.0
2026-03-07 08:39:00+00:00,19,19,417319,12836,415,201.0,7.0,0.0,30420.0
2026-03-07 08:39:30+00:00,19,19,417887,12842,415,568.0,6.0,0.0,30450.0
2026-03-07 08:40:00+00:00,19,19,418217,12853,415,330.0,11.0,0.0,30480.0
2026-03-07 08:40:30+00:00,19,19,418276,12856,415,59.0,3.0,0.0,30510.0
2026-03-07 08:41:00+00:00,19,19,418540,12861,415,264.0,5.0,0.0,30540.0
2026-03-07 08:41:30+00:00,19,19,418790,12866,415,250.0,5.0,0.0,30570.0
2026-03-07 08:42:00+00:00,19,19,418919,12876,415,129.0,10.0,0.0,30600.0
2026-03-07 08:42:30+00:00,19,19,418994,12882,416,75.0,6.0,1.0,30630.0
2026-03-07 08:43:00+00:00,19,19,419298,12890,416,304.0,8.0,0.0,30660.0
2026-03-07 08:43:30+00:00,19,19,419435,12903,416,137.0,13.0,0.0,30690.0
2026-03-07 08:44:00+00:00,19,19,419542,12914,416,107.0,11.0,0.0,30720.0
2026-03-07 08:44:30+00:00,19,19,420824,12920,416,1282.0,6.0,0.0,30750.0
2026-03-07 08:45:00+00:00,0,0,0,0,0,0.0,0.0,0.0,30780.0
2026-03-07 08:45:30+00:00,19,19,421041,12929,416,217.0,9.0,0.0,30810.0
2026-03-07 08:46:00+00:00,19,19,421961,12939,417,920.0,10.0,1.0,30840.0
2026-03-07 08:46:30+00:00,19,19,422017,12949,417,56.0,10.0,0.0,30870.0
2026-03-07 08:47:00+00:00,19,19,422737,12958,417,720.0,9.0,0.0,30900.0
2026-03-07 08:47:30+00:00,19,19,422888,12971,417,151.0,13.0,0.0,30930.0
2026-03-07 08:48:00+00:00,19,19,423005,12985,417,117.0,14.0,0.0,30960.0
2026-03-07 08:48:30+00:00,19,19,423627,12994,417,622.0,9.0,0.0,30990.0
2026-03-07 08:49:00+00:00,19,19,424193,13006,417,566.0,12.0,0.0,31020.0
2026-03-07 08:49:30+00:00,19,19,424515,13015,417,322.0,10.0,0.0,31050.0
2026-03-07 08:50:00+00:00,19,19,425779,13021,417,1264.0,6.0,0.0,31080.0
2026-03-07 08:50:30+00:00,19,19,426357,13027,417,578.0,6.0,0.0,31110.0
2026-03-07 08:51:00+00:00,19,19,426746,13037,417,389.0,10.0,0.0,31140.0
2026-03-07 08:51:30+00:00,19,19,426977,13045,417,231.0,8.0,0.0,31170.0
2026-03-07 08:52:00+00:00,19,19,427267,13053,417,290.0,8.0,0.0,31200.0
2026-03-07 08:52:30+00:00,19,19,427380,13064,417,113.0,11.0,0.0,31230.0
2026-03-07 08:53:00+00:00,19,19,427727,13072,418,347.0,8.0,1.0,31260.0
2026-03-07 08:53:30+00:00,19,19,427887,13080,418,160.0,8.0,0.0,31290.0
2026-03-07 08:54:00+00:00,19,19,428114,13097,418,269.0,17.0,0.0,31320.0
2026-03-07 08:54:30+00:00,19,19,428420,13109,418,306.0,12.0,0.0,31350.0
2026-03-07 08:55:00+00:00,19,19,428985,13118,418,565.0,10.0,0.0,31380.0
2026-03-07 08:55:30+00:00,19,19,429505,13126,418,520.0,12.0,0.0,31410.0
2026-03-07 08:56:00+00:00,19,19,429874,13124,419,369.0,2.0,1.0,31440.0
2026-03-07 08:56:30+00:00,19,19,430353,13124,420,479.0,3.0,1.0,31470.0
2026-03-07 08:57:00+00:00,19,19,430633,13128,420,280.0,7.0,0.0,31500.0
2026-03-07 08:57:30+00:00,19,19,430681,13127,420,48.0,4.0,0.0,31530.0
2026-03-07 08:58:00+00:00,19,19,431273,13122,420,592.0,2.0,0.0,31560.0
2026-03-07 08:58:30+00:00,19,19,431367,13119,420,94.0,2.0,0.0,31590.0
2026-03-07 08:59:00+00:00,19,19,431774,13120,421,407.0,2.0,1.0,31620.0
2026-03-07 08:59:30+00:00,19,19,433322,13118,421,1548.0,4.0,0.0,31650.0
2026-03-07 09:00:00+00:00,19,19,433920,13120,421,598.0,7.0,0.0,31680.0
2026-03-07 09:00:30+00:00,19,19,434433,13126,421,513.0,7.0,0.0,31710.0
2026-03-07 09:01:00+00:00,19,19,434488,13130,421,55.0,6.0,0.0,31740.0
2026-03-07 09:01:30+00:00,19,19,434745,13133,422,257.0,8.0,1.0,31770.0
2026-03-07 09:02:00+00:00,19,19,434919,13127,422,174.0,4.0,0.0,31800.0
2026-03-07 09:02:30+00:00,19,19,434941,13135,423,22.0,10.0,1.0,31830.0
2026-03-07 09:03:00+00:00,19,19,435240,13139,424,299.0,5.0,1.0,31860.0
2026-03-07 09:03:30+00:00,19,19,435467,13149,424,227.0,11.0,0.0,31890.0
2026-03-07 09:04:00+00:00,19,19,435681,13163,425,214.0,14.0,1.0,31920.0
2026-03-07 09:04:30+00:00,19,19,436292,13173,425,611.0,10.0,0.0,31950.0
2026-03-07 09:05:00+00:00,19,19,436751,13180,425,459.0,7.0,0.0,31980.0
2026-03-07 09:05:30+00:00,0,0,0,0,0,0.0,0.0,0.0,32010.0
2026-03-07 09:06:00+00:00,19,19,437037,13192,425,286.0,12.0,0.0,32040.0
2026-03-07 09:06:30+00:00,19,19,437086,13207,425,49.0,15.0,0.0,32070.0
2026-03-07 09:07:00+00:00,19,19,437497,13220,425,411.0,13.0,0.0,32100.0
2026-03-07 09:07:30+00:00,19,19,437663,13231,425,166.0,11.0,0.0,32130.0
2026-03-07 09:08:00+00:00,19,19,437807,13239,425,144.0,8.0,0.0,32160.0
2026-03-07 09:08:30+00:00,19,19,438346,13252,425,539.0,13.0,0.0,32190.0
2026-03-07 09:09:00+00:00,19,19,438869,13267,425,523.0,15.0,0.0,32220.0
2026-03-07 09:09:30+00:00,19,19,439327,13277,425,458.0,10.0,0.0,32250.0
2026-03-07 09:10:00+00:00,19,19,440357,13287,426,1030.0,10.0,1.0,32280.0
2026-03-07 09:10:30+00:00,19,19,440836,13299,427,479.0,12.0,1.0,32310.0
2026-03-07 09:11:00+00:00,19,19,441356,13310,428,520.0,11.0,1.0,32340.0
2026-03-07 09:11:30+00:00,19,19,441601,13317,430,245.0,7.0,2.0,32370.0
2026-03-07 09:12:00+00:00,19,19,441757,13327,430,156.0,10.0,0.0,32400.0
2026-03-07 09:12:30+00:00,19,19,441865,13336,431,108.0,9.0,1.0,32430.0
2026-03-07 09:13:00+00:00,19,19,442223,13346,432,358.0,10.0,1.0,32460.0
2026-03-07 09:13:30+00:00,19,19,442363,13356,432,140.0,10.0,0.0,32490.0
2026-03-07 09:14:00+00:00,19,19,442751,13364,433,388.0,8.0,1.0,32520.0
2026-03-07 09:14:30+00:00,19,19,443037,13373,433,286.0,9.0,0.0,32550.0
2026-03-07 09:15:00+00:00,19,19,444134,13385,433,1097.0,12.0,0.0,32580.0
2026-03-07 09:15:30+00:00,19,19,444548,13406,433,414.0,21.0,0.0,32610.0
2026-03-07 09:16:00+00:00,19,19,445082,13431,433,534.0,25.0,0.0,32640.0
2026-03-07 09:16:30+00:00,19,19,445446,13446,433,364.0,15.0,0.0,32670.0
2026-03-07 09:17:00+00:00,19,19,445539,13458,434,93.0,12.0,1.0,32700.0
2026-03-07 09:17:30+00:00,19,19,445628,13476,434,89.0,18.0,0.0,32730.0
2026-03-07 09:18:00+00:00,19,19,445821,13485,434,193.0,9.0,0.0,32760.0
2026-03-07 09:18:30+00:00,19,19,446192,13492,434,371.0,7.0,0.0,32790.0
2026-03-07 09:19:00+00:00,19,19,446697,13500,434,505.0,8.0,0.0,32820.0
2026-03-07 09:19:30+00:00,19,19,447973,13513,434,1276.0,13.0,0.0,32850.0
2026-03-07 09:20:00+00:00,19,19,448285,13520,434,312.0,7.0,0.0,32880.0
2026-03-07 09:20:30+00:00,19,19,449975,13542,434,1690.0,22.0,0.0,32910.0
2026-03-07 09:21:00+00:00,19,19,450020,13556,434,45.0,14.0,0.0,32940.0
2026-03-07 09:21:30+00:00,19,19,450483,13567,434,463.0,11.0,0.0,32970.0
2026-03-07 09:22:00+00:00,19,19,450644,13573,434,161.0,6.0,0.0,33000.0
2026-03-07 09:22:30+00:00,19,19,450691,13580,434,47.0,7.0,0.0,33030.0
2026-03-07 09:23:00+00:00,19,19,451041,13586,434,350.0,6.0,0.0,33060.0
2026-03-07 09:23:30+00:00,19,19,451358,13597,434,317.0,11.0,0.0,33090.0
2026-03-07 09:24:00+00:00,19,19,451425,13607,434,67.0,10.0,0.0,33120.0
2026-03-07 09:24:30+00:00,19,19,452149,13613,434,724.0,6.0,0.0,33150.0
2026-03-07 09:25:00+00:00,19,19,452492,13619,435,343.0,6.0,1.0,33180.0
2026-03-07 09:25:30+00:00,19,19,452908,13629,435,416.0,10.0,0.0,33210.0
2026-03-07 09:26:00+00:00,19,19,452969,13639,435,61.0,10.0,0.0,33240.0
2026-03-07 09:26:30+00:00,0,0,0,0,0,0.0,0.0,0.0,33270.0
2026-03-07 09:27:00+00:00,19,19,453209,13649,435,240.0,10.0,0.0,33300.0
2026-03-07 09:27:30+00:00,19,19,453330,13659,435,121.0,10.0,0.0,33330.0
2026-03-07 09:28:00+00:00,19,19,453362,13667,435,32.0,8.0,0.0,33360.0
2026-03-07 09:28:30+00:00,19,19,453682,13684,435,320.0,17.0,0.0,33390.0
2026-03-07 09:29:00+00:00,19,19,454050,13695,435,368.0,11.0,0.0,33420.0
2026-03-07 09:29:30+00:00,19,19,454240,13703,435,190.0,8.0,0.0,33450.0
2026-03-07 09:30:00+00:00,19,19,455158,13709,435,918.0,6.0,0.0,33480.0
2026-03-07 09:30:30+00:00,19,19,455622,13714,435,464.0,5.0,0.0,33510.0
2026-03-07 09:31:00+00:00,19,19,456087,13718,435,465.0,4.0,0.0,33540.0
2026-03-07 09:31:30+00:00,19,19,456245,13725,435,158.0,7.0,0.0,33570.0
2026-03-07 09:32:00+00:00,19,19,456643,13733,436,398.0,8.0,1.0,33600.0
2026-03-07 09:32:30+00:00,19,19,456729,13739,437,86.0,6.0,1.0,33630.0
2026-03-07 09:33:00+00:00,19,19,456810,13747,437,81.0,8.0,0.0,33660.0
2026-03-07 09:33:30+00:00,19,19,457072,13757,438,262.0,10.0,1.0,33690.0
2026-03-07 09:34:00+00:00,19,19,457256,13762,438,184.0,5.0,0.0,33720.0
2026-03-07 09:34:30+00:00,19,19,457371,13772,438,115.0,10.0,0.0,33750.0
2026-03-07 09:35:00+00:00,19,19,457730,13775,439,359.0,4.0,1.0,33780.0
2026-03-07 09:35:30+00:00,19,19,457916,13778,439,186.0,3.0,0.0,33810.0
2026-03-07 09:36:00+00:00,19,19,458209,13788,439,293.0,10.0,0.0,33840.0
2026-03-07 09:36:30+00:00,19,19,458597,13795,439,388.0,8.0,0.0,33870.0
2026-03-07 09:37:00+00:00,19,19,458699,13800,439,102.0,5.0,0.0,33900.0
2026-03-07 09:37:30+00:00,19,19,458781,13810,439,82.0,10.0,0.0,33930.0
2026-03-07 09:38:00+00:00,19,19,458827,13814,439,46.0,4.0,0.0,33960.0
2026-03-07 09:38:30+00:00,19,19,459463,13822,439,636.0,8.0,0.0,33990.0
2026-03-07 09:39:00+00:00,19,19,459691,13827,439,228.0,5.0,0.0,34020.0
2026-03-07 09:39:30+00:00,19,19,459858,13843,439,167.0,16.0,0.0,34050.0
2026-03-07 09:40:00+00:00,19,19,460797,13846,439,939.0,3.0,0.0,34080.0
2026-03-07 09:40:30+00:00,19,19,461552,13849,440,755.0,4.0,1.0,34110.0
2026-03-07 09:41:00+00:00,19,19,461599,13852,440,47.0,3.0,0.0,34140.0
2026-03-07 09:41:30+00:00,19,19,461990,13858,440,391.0,6.0,0.0,34170.0
2026-03-07 09:42:00+00:00,19,19,462144,13860,440,154.0,2.0,0.0,34200.0
2026-03-07 09:42:30+00:00,19,19,462168,13864,440,24.0,4.0,0.0,34230.0
2026-03-07 09:43:00+00:00,19,19,462353,13871,440,185.0,7.0,0.0,34260.0
2026-03-07 09:43:30+00:00,19,19,463338,13876,440,985.0,5.0,0.0,34290.0
2026-03-07 09:44:00+00:00,19,19,463889,13886,440,551.0,10.0,0.0,34320.0
2026-03-07 09:44:30+00:00,19,19,465166,13890,441,1277.0,4.0,1.0,34350.0
2026-03-07 09:45:00+00:00,19,19,465568,13895,441,402.0,5.0,0.0,34380.0
2026-03-07 09:45:30+00:00,19,19,466127,13900,441,559.0,5.0,0.0,34410.0
2026-03-07 09:46:00+00:00,19,19,466137,13903,441,10.0,3.0,0.0,34440.0
2026-03-07 09:46:30+00:00,19,19,466789,13908,441,652.0,5.0,0.0,34470.0
2026-03-07 09:47:00+00:00,19,19,466869,13917,442,80.0,9.0,1.0,34500.0
2026-03-07 09:47:30+00:00,0,0,0,0,0,0.0,0.0,0.0,34530.0
2026-03-07 09:48:00+00:00,19,19,466945,13921,442,76.0,4.0,0.0,34560.0
2026-03-07 09:48:30+00:00,19,19,467427,13926,442,482.0,5.0,0.0,34590.0
2026-03-07 09:49:00+00:00,19,19,467848,13932,442,421.0,6.0,0.0,34620.0
2026-03-07 09:49:30+00:00,19,19,468137,13944,443,289.0,12.0,1.0,34650.0
2026-03-07 09:50:00+00:00,19,19,469344,13960,443,1207.0,16.0,0.0,34680.0
2026-03-07 09:50:30+00:00,19,19,469987,13969,443,643.0,9.0,0.0,34710.0
2026-03-07 09:51:00+00:00,19,19,470599,13976,443,612.0,7.0,0.0,34740.0
2026-03-07 09:51:30+00:00,19,19,470618,13982,444,19.0,6.0,1.0,34770.0
2026-03-07 09:52:00+00:00,19,19,471203,13984,444,585.0,2.0,0.0,34800.0
2026-03-07 09:52:30+00:00,19,19,471285,13990,445,82.0,6.0,1.0,34830.0
2026-03-07 09:53:00+00:00,19,19,471350,13997,445,65.0,7.0,0.0,34860.0
2026-03-07 09:53:30+00:00,19,19,471851,14009,445,501.0,12.0,0.0,34890.0
2026-03-07 09:54:00+00:00,19,19,472098,14017,445,247.0,8.0,0.0,34920.0
2026-03-07 09:54:30+00:00,19,19,472778,14024,445,680.0,7.0,0.0,34950.0
2026-03-07 09:55:00+00:00,19,19,473904,14027,445,1126.0,4.0,0.0,34980.0
2026-03-07 09:55:30+00:00,19,19,474365,14040,445,461.0,13.0,0.0,35010.0
2026-03-07 09:56:00+00:00,19,19,475049,14045,445,684.0,5.0,0.0,35040.0
2026-03-07 09:56:30+00:00,19,19,475466,14056,445,417.0,11.0,0.0,35070.0
2026-03-07 09:57:00+00:00,19,19,475666,14065,445,200.0,9.0,0.0,35100.0
2026-03-07 09:57:30+00:00,19,19,475737,14071,445,71.0,6.0,0.0,35130.0
2026-03-07 09:58:00+00:00,19,19,475790,14078,446,53.0,7.0,1.0,35160.0
2026-03-07 09:58:30+00:00,19,19,476260,14086,446,470.0,8.0,0.0,35190.0
2026-03-07 09:59:00+00:00,19,19,476555,14090,446,295.0,4.0,0.0,35220.0
2026-03-07 09:59:30+00:00,19,19,476790,14096,446,235.0,6.0,0.0,35250.0
2026-03-07 10:00:00+00:00,19,19,477907,14115,446,1117.0,19.0,0.0,35280.0
2026-03-07 10:00:30+00:00,19,19,477974,14121,446,67.0,6.0,0.0,35310.0
2026-03-07 10:01:00+00:00,19,19,478530,14126,446,556.0,5.0,0.0,35340.0
2026-03-07 10:01:30+00:00,19,19,479041,14128,446,511.0,2.0,0.0,35370.0
2026-03-07 10:02:00+00:00,19,19,479245,14136,446,204.0,8.0,0.0,35400.0
2026-03-07 10:02:30+00:00,19,19,479404,14140,446,159.0,4.0,0.0,35430.0
2026-03-07 10:03:00+00:00,19,19,479849,14145,448,445.0,5.0,2.0,35460.0
2026-03-07 10:03:30+00:00,19,19,480284,14149,448,435.0,4.0,0.0,35490.0
2026-03-07 10:04:00+00:00,19,19,480478,14152,448,194.0,3.0,0.0,35520.0
2026-03-07 10:04:30+00:00,19,19,481515,14159,448,1037.0,7.0,0.0,35550.0
2026-03-07 10:05:00+00:00,19,19,482074,14169,449,559.0,10.0,1.0,35580.0
2026-03-07 10:05:30+00:00,19,19,482570,14173,450,496.0,4.0,1.0,35610.0
2026-03-07 10:06:00+00:00,19,19,482612,14184,450,42.0,11.0,0.0,35640.0
2026-03-07 10:06:30+00:00,19,19,483164,14198,450,552.0,15.0,0.0,35670.0
2026-03-07 10:07:00+00:00,19,19,483236,14205,450,72.0,7.0,0.0,35700.0
2026-03-07 10:07:30+00:00,19,19,483308,14214,450,72.0,9.0,0.0,35730.0
2026-03-07 10:08:00+00:00,19,19,483803,14220,450,495.0,6.0,0.0,35760.0
2026-03-07 10:08:30+00:00,0,0,0,0,0,0.0,0.0,0.0,35790.0
2026-03-07 10:09:00+00:00,19,19,484342,14226,451,539.0,6.0,1.0,35820.0
2026-03-07 10:09:30+00:00,19,19,484437,14233,452,95.0,8.0,1.0,35850.0
2026-03-07 10:10:00+00:00,19,19,485452,14238,452,1015.0,5.0,0.0,35880.0
2026-03-07 10:10:30+00:00,19,19,485854,14241,452,402.0,3.0,0.0,35910.0
2026-03-07 10:11:00+00:00,19,19,486448,14250,452,594.0,9.0,0.0,35940.0
2026-03-07 10:11:30+00:00,19,19,486479,14260,453,31.0,10.0,1.0,35970.0
2026-03-07 10:12:00+00:00,19,19,486956,14267,453,477.0,7.0,0.0,36000.0
2026-03-07 10:12:30+00:00,19,19,487037,14277,453,81.0,10.0,0.0,36030.0
2026-03-07 10:13:00+00:00,19,19,487133,14287,453,96.0,10.0,0.0,36060.0
2026-03-07 10:13:30+00:00,19,19,487551,14294,453,418.0,7.0,0.0,36090.0
2026-03-07 10:14:00+00:00,19,19,488415,14302,453,864.0,8.0,0.0,36120.0
2026-03-07 10:14:30+00:00,19,19,488731,14304,453,316.0,2.0,0.0,36150.0
2026-03-07 10:15:00+00:00,19,19,489958,14310,453,1227.0,6.0,0.0,36180.0
2026-03-07 10:15:30+00:00,19,19,490793,14320,453,835.0,10.0,0.0,36210.0
2026-03-07 10:16:00+00:00,19,19,490815,14325,453,22.0,5.0,0.0,36240.0
2026-03-07 10:16:30+00:00,19,19,491045,14332,453,230.0,8.0,0.0,36270.0
2026-03-07 10:17:00+00:00,19,19,491163,14341,453,118.0,9.0,0.0,36300.0
2026-03-07 10:17:30+00:00,19,19,491222,14351,453,59.0,10.0,0.0,36330.0
2026-03-07 10:18:00+00:00,19,19,491381,14358,453,159.0,7.0,0.0,36360.0
2026-03-07 10:18:30+00:00,19,19,491539,14362,453,158.0,4.0,0.0,36390.0
2026-03-07 10:19:00+00:00,19,19,491664,14367,455,125.0,5.0,2.0,36420.0
2026-03-07 10:19:30+00:00,19,19,491926,14370,455,262.0,3.0,0.0,36450.0
2026-03-07 10:20:00+00:00,19,19,492533,14376,455,607.0,6.0,0.0,36480.0
2026-03-07 10:20:30+00:00,19,19,492895,14379,455,362.0,3.0,0.0,36510.0
2026-03-07 10:21:00+00:00,19,19,493132,14382,455,237.0,3.0,0.0,36540.0
2026-03-07 10:21:30+00:00,19,19,493347,14389,455,215.0,7.0,0.0,36570.0
2026-03-07 10:22:00+00:00,19,19,493447,14395,457,100.0,6.0,2.0,36600.0
2026-03-07 10:22:30+00:00,19,19,493493,14405,458,46.0,10.0,1.0,36630.0
2026-03-07 10:23:00+00:00,19,19,493597,14412,458,104.0,7.0,0.0,36660.0
2026-03-07 10:23:30+00:00,19,19,493959,14417,458,362.0,5.0,0.0,36690.0
2026-03-07 10:24:00+00:00,19,19,494796,14420,458,837.0,3.0,0.0,36720.0
2026-03-07 10:24:30+00:00,19,19,495850,14425,459,1054.0,5.0,1.0,36750.0
2026-03-07 10:25:00+00:00,19,19,495962,14429,459,112.0,4.0,0.0,36780.0
2026-03-07 10:25:30+00:00,19,19,496802,14431,459,840.0,2.0,0.0,36810.0
2026-03-07 10:26:00+00:00,19,19,496851,14438,460,49.0,7.0,1.0,36840.0
2026-03-07 10:26:30+00:00,19,19,497133,14445,460,282.0,7.0,0.0,36870.0
2026-03-07 10:27:00+00:00,19,19,497189,14450,460,56.0,5.0,0.0,36900.0
2026-03-07 10:27:30+00:00,19,19,497243,14465,460,54.0,15.0,0.0,36930.0
2026-03-07 10:28:00+00:00,19,19,497390,14471,461,147.0,6.0,1.0,36960.0
2026-03-07 10:28:30+00:00,0,0,0,0,0,0.0,0.0,0.0,36990.0
2026-03-07 10:29:00+00:00,19,19,497674,14477,461,284.0,6.0,0.0,37020.0
2026-03-07 10:29:30+00:00,19,19,497762,14482,461,88.0,5.0,0.0,37050.0
2026-03-07 10:30:00+00:00,19,19,498298,14490,461,536.0,8.0,0.0,37080.0
2026-03-07 10:30:30+00:00,19,19,498484,14496,461,186.0,6.0,0.0,37110.0
2026-03-07 10:31:00+00:00,19,19,498708,14500,461,224.0,4.0,0.0,37140.0
2026-03-07 10:31:30+00:00,19,19,498733,14505,461,25.0,5.0,0.0,37170.0
2026-03-07 10:32:00+00:00,19,19,498933,14513,461,200.0,8.0,0.0,37200.0
2026-03-07 10:32:30+00:00,19,19,498967,14527,461,34.0,14.0,0.0,37230.0
2026-03-07 10:33:00+00:00,19,19,499146,14535,461,179.0,8.0,0.0,37260.0
2026-03-07 10:33:30+00:00,19,19,499174,14540,461,28.0,5.0,0.0,37290.0
2026-03-07 10:34:00+00:00,19,19,499388,14542,461,214.0,2.0,0.0,37320.0
2026-03-07 10:34:30+00:00,19,19,499498,14548,461,110.0,6.0,0.0,37350.0
2026-03-07 10:35:00+00:00,19,19,500246,14555,461,748.0,7.0,0.0,37380.0
2026-03-07 10:35:30+00:00,19,19,500642,14565,462,396.0,10.0,1.0,37410.0
2026-03-07 10:36:00+00:00,19,19,501055,14571,462,413.0,6.0,0.0,37440.0
2026-03-07 10:36:30+00:00,19,19,501175,14573,462,120.0,2.0,0.0,37470.0
2026-03-07 10:37:00+00:00,19,19,501583,14576,462,408.0,3.0,0.0,37500.0
2026-03-07 10:37:30+00:00,19,19,501653,14585,462,70.0,9.0,0.0,37530.0
2026-03-07 10:38:00+00:00,19,19,501723,14589,462,70.0,4.0,0.0,37560.0
2026-03-07 10:38:30+00:00,19,19,502426,14594,462,703.0,5.0,0.0,37590.0
2026-03-07 10:39:00+00:00,19,19,502910,14600,462,484.0,6.0,0.0,37620.0
2026-03-07 10:39:30+00:00,19,19,504208,14607,462,1298.0,8.0,0.0,37650.0
2026-03-07 10:40:00+00:00,19,19,504666,14612,462,458.0,5.0,0.0,37680.0
2026-03-07 10:40:30+00:00,19,19,505187,14616,462,521.0,4.0,0.0,37710.0
2026-03-07 10:41:00+00:00,19,19,505222,14620,462,35.0,4.0,0.0,37740.0
2026-03-07 10:41:30+00:00,19,19,505648,14622,463,426.0,2.0,1.0,37770.0
2026-03-07 10:42:00+00:00,19,19,505807,14626,464,159.0,4.0,1.0,37800.0
2026-03-07 10:42:30+00:00,19,19,505810,14636,464,3.0,10.0,0.0,37830.0
2026-03-07 10:43:00+00:00,19,19,506165,14642,464,355.0,6.0,0.0,37860.0
2026-03-07 10:43:30+00:00,19,19,506728,14647,464,563.0,5.0,0.0,37890.0
2026-03-07 10:44:00+00:00,19,19,506894,14654,464,166.0,7.0,0.0,37920.0
2026-03-07 10:44:30+00:00,19,19,507807,14659,464,913.0,5.0,0.0,37950.0
2026-03-07 10:45:00+00:00,19,19,508185,14663,465,378.0,4.0,1.0,37980.0
2026-03-07 10:45:30+00:00,19,19,508195,14670,465,10.0,7.0,0.0,38010.0
2026-03-07 10:46:00+00:00,19,19,508640,14678,465,445.0,8.0,0.0,38040.0
2026-03-07 10:46:30+00:00,19,19,509119,14682,465,479.0,4.0,0.0,38070.0
2026-03-07 10:47:00+00:00,19,19,509201,14690,465,82.0,8.0,0.0,38100.0
2026-03-07 10:47:30+00:00,19,19,509219,14695,466,18.0,5.0,1.0,38130.0
2026-03-07 10:48:00+00:00,19,19,509557,14702,466,338.0,7.0,0.0,38160.0
2026-03-07 10:48:30+00:00,19,19,510274,14707,466,717.0,5.0,0.0,38190.0
2026-03-07 10:49:00+00:00,0,0,0,0,0,0.0,0.0,0.0,38220.0
2026-03-07 10:49:30+00:00,19,19,510414,14714,466,140.0,7.0,0.0,38250.0
2026-03-07 10:50:00+00:00,19,19,511403,14716,466,989.0,2.0,0.0,38280.0
2026-03-07 10:50:30+00:00,19,19,511961,14721,466,558.0,5.0,0.0,38310.0
2026-03-07 10:51:00+00:00,19,19,512308,14729,466,347.0,8.0,0.0,38340.0
2026-03-07 10:51:30+00:00,19,19,512421,14740,467,113.0,11.0,1.0,38370.0
2026-03-07 10:52:00+00:00,19,19,512651,14743,469,230.0,6.0,2.0,38400.0
2026-03-07 10:52:30+00:00,19,19,512701,14743,469,50.0,5.0,0.0,38430.0
2026-03-07 10:53:00+00:00,19,19,512894,14744,469,193.0,5.0,0.0,38460.0
2026-03-07 10:53:30+00:00,19,19,512967,14747,469,73.0,6.0,0.0,38490.0
2026-03-07 10:54:00+00:00,19,19,513047,14746,469,80.0,5.0,0.0,38520.0
2026-03-07 10:54:30+00:00,19,19,513284,14739,469,237.0,1.0,0.0,38550.0
2026-03-07 10:55:00+00:00,19,19,513730,14744,469,446.0,9.0,0.0,38580.0
2026-03-07 10:55:30+00:00,19,19,513925,14739,469,195.0,1.0,0.0,38610.0
2026-03-07 10:56:00+00:00,19,19,514123,14738,471,198.0,5.0,2.0,38640.0
2026-03-07 10:56:30+00:00,19,19,514275,14734,470,152.0,4.0,0.0,38670.0
2026-03-07 10:57:00+00:00,19,19,514310,14729,470,35.0,6.0,0.0,38700.0
2026-03-07 10:57:30+00:00,19,19,514341,14726,470,31.0,3.0,0.0,38730.0
2026-03-07 10:58:00+00:00,19,19,514389,14727,470,48.0,7.0,0.0,38760.0
2026-03-07 10:58:30+00:00,19,19,514751,14728,470,362.0,5.0,0.0,38790.0
2026-03-07 10:59:00+00:00,19,19,514876,14725,470,125.0,3.0,0.0,38820.0
2026-03-07 10:59:30+00:00,19,19,515796,14727,471,920.0,4.0,1.0,38850.0
2026-03-07 11:00:00+00:00,19,19,515867,14731,472,71.0,4.0,1.0,38880.0
2026-03-07 11:00:30+00:00,19,19,516512,14736,472,645.0,5.0,0.0,38910.0
2026-03-07 11:01:00+00:00,19,19,516526,14745,472,14.0,9.0,0.0,38940.0
2026-03-07 11:01:30+00:00,19,19,516572,14753,472,46.0,8.0,0.0,38970.0
2026-03-07 11:02:00+00:00,19,19,516786,14760,472,214.0,7.0,0.0,39000.0
2026-03-07 11:02:30+00:00,19,19,516808,14771,472,22.0,11.0,0.0,39030.0
2026-03-07 11:03:00+00:00,19,19,517029,14782,472,221.0,11.0,0.0,39060.0
2026-03-07 11:03:30+00:00,19,19,517268,14792,474,239.0,10.0,2.0,39090.0
2026-03-07 11:04:00+00:00,19,19,517507,14796,475,239.0,4.0,1.0,39120.0
2026-03-07 11:04:30+00:00,19,19,518058,14804,475,551.0,8.0,0.0,39150.0
2026-03-07 11:05:00+00:00,19,19,518094,14816,475,36.0,12.0,0.0,39180.0
2026-03-07 11:05:30+00:00,19,19,518655,14821,475,561.0,5.0,0.0,39210.0
2026-03-07 11:06:00+00:00,19,19,518714,14828,476,59.0,7.0,1.0,39240.0
2026-03-07 11:06:30+00:00,19,19,518919,14835,477,205.0,7.0,1.0,39270.0
2026-03-07 11:07:00+00:00,19,19,519010,14840,478,91.0,5.0,1.0,39300.0
2026-03-07 11:07:30+00:00,19,19,519021,14848,478,11.0,8.0,0.0,39330.0
2026-03-07 11:08:00+00:00,19,19,519338,14861,478,317.0,13.0,0.0,39360.0
2026-03-07 11:08:30+00:00,19,19,519724,14864,478,386.0,3.0,0.0,39390.0
2026-03-07 11:09:00+00:00,0,0,0,0,0,0.0,0.0,0.0,39420.0
2026-03-07 11:09:30+00:00,19,19,519754,14872,478,30.0,8.0,0.0,39450.0
2026-03-07 11:10:00+00:00,19,19,520738,14879,479,984.0,7.0,1.0,39480.0
2026-03-07 11:10:30+00:00,19,19,520825,14886,480,87.0,7.0,1.0,39510.0
2026-03-07 11:11:00+00:00,19,19,521311,14894,481,486.0,8.0,1.0,39540.0
2026-03-07 11:11:30+00:00,19,19,521795,14897,481,484.0,3.0,1.0,39570.0
2026-03-07 11:12:00+00:00,19,19,522231,14904,481,436.0,7.0,0.0,39600.0
2026-03-07 11:12:30+00:00,19,19,522326,14909,482,95.0,5.0,1.0,39630.0
2026-03-07 11:13:00+00:00,19,19,522371,14912,482,45.0,3.0,0.0,39660.0
2026-03-07 11:13:30+00:00,19,19,522954,14919,482,583.0,7.0,0.0,39690.0
2026-03-07 11:14:00+00:00,19,19,523322,14927,482,368.0,8.0,0.0,39720.0
2026-03-07 11:14:30+00:00,19,19,523594,14931,482,272.0,5.0,0.0,39750.0
2026-03-07 11:15:00+00:00,19,19,524026,14938,483,432.0,7.0,1.0,39780.0
2026-03-07 11:15:30+00:00,19,19,524700,14946,483,674.0,8.0,0.0,39810.0
2026-03-07 11:16:00+00:00,19,19,525051,14953,483,351.0,7.0,0.0,39840.0
2026-03-07 11:16:30+00:00,19,19,525242,14961,483,191.0,8.0,0.0,39870.0
2026-03-07 11:17:00+00:00,19,19,525418,14967,483,176.0,6.0,0.0,39900.0
2026-03-07 11:17:30+00:00,19,19,525447,14971,483,29.0,4.0,0.0,39930.0
2026-03-07 11:18:00+00:00,19,19,525783,14973,484,336.0,2.0,1.0,39960.0
2026-03-07 11:18:30+00:00,19,19,525954,14977,484,171.0,4.0,0.0,39990.0
2026-03-07 11:19:00+00:00,19,19,526474,14986,485,520.0,9.0,1.0,40020.0
2026-03-07 11:19:30+00:00,19,19,527167,14992,485,693.0,6.0,0.0,40050.0
2026-03-07 11:20:00+00:00,19,19,527207,14999,485,40.0,7.0,0.0,40080.0
2026-03-07 11:20:30+00:00,19,19,528508,15005,485,1301.0,6.0,0.0,40110.0
2026-03-07 11:21:00+00:00,19,19,528510,15014,485,2.0,9.0,0.0,40140.0
2026-03-07 11:21:30+00:00,19,19,528609,15026,485,99.0,12.0,0.0,40170.0
2026-03-07 11:22:00+00:00,19,19,528961,15030,485,352.0,4.0,0.0,40200.0
2026-03-07 11:22:30+00:00,19,19,529028,15036,485,67.0,6.0,0.0,40230.0
2026-03-07 11:23:00+00:00,19,19,529416,15046,485,388.0,10.0,0.0,40260.0
2026-03-07 11:23:30+00:00,19,19,529839,15052,485,423.0,6.0,0.0,40290.0
2026-03-07 11:24:00+00:00,19,19,530170,15065,485,331.0,13.0,0.0,40320.0
2026-03-07 11:24:30+00:00,19,19,530218,15080,485,48.0,15.0,0.0,40350.0
2026-03-07 11:25:00+00:00,19,19,530750,15086,485,532.0,6.0,0.0,40380.0
2026-03-07 11:25:30+00:00,19,19,531196,15090,485,446.0,4.0,0.0,40410.0
2026-03-07 11:26:00+00:00,19,19,531230,15091,485,34.0,1.0,0.0,40440.0
2026-03-07 11:26:30+00:00,19,19,531321,15095,485,91.0,4.0,0.0,40470.0
2026-03-07 11:27:00+00:00,19,19,531389,15103,485,68.0,8.0,0.0,40500.0
2026-03-07 11:27:30+00:00,19,19,531409,15107,486,20.0,4.0,1.0,40530.0
2026-03-07 11:28:00+00:00,19,19,531506,15115,486,97.0,8.0,0.0,40560.0
2026-03-07 11:28:30+00:00,19,19,531621,15120,486,115.0,5.0,0.0,40590.0
2026-03-07 11:29:00+00:00,19,19,531834,15124,486,213.0,4.0,0.0,40620.0
2026-03-07 11:29:30+00:00,19,19,531871,15132,486,37.0,8.0,0.0,40650.0
2026-03-07 11:30:00+00:00,19,19,532339,15139,486,468.0,7.0,0.0,40680.0
2026-03-07 11:30:30+00:00,0,0,0,0,0,0.0,0.0,0.0,40710.0
2026-03-07 11:31:00+00:00,19,19,532487,15149,486,148.0,10.0,0.0,40740.0
2026-03-07 11:31:30+00:00,19,19,532527,15153,486,40.0,4.0,0.0,40770.0
2026-03-07 11:32:00+00:00,19,19,532620,15163,486,93.0,10.0,0.0,40800.0
2026-03-07 11:32:30+00:00,19,19,532624,15168,486,4.0,5.0,0.0,40830.0
2026-03-07 11:33:00+00:00,19,19,532672,15172,486,48.0,4.0,0.0,40860.0
2026-03-07 11:33:30+00:00,19,19,532969,15177,486,297.0,5.0,0.0,40890.0
2026-03-07 11:34:00+00:00,19,19,533282,15182,486,313.0,5.0,0.0,40920.0
2026-03-07 11:34:30+00:00,19,19,533365,15188,486,83.0,6.0,0.0,40950.0
2026-03-07 11:35:00+00:00,19,19,533594,15192,486,229.0,4.0,0.0,40980.0
2026-03-07 11:35:30+00:00,19,19,533713,15197,486,119.0,5.0,0.0,41010.0
2026-03-07 11:36:00+00:00,19,19,533797,15205,486,84.0,8.0,0.0,41040.0
2026-03-07 11:36:30+00:00,19,19,533824,15211,486,27.0,6.0,0.0,41070.0
2026-03-07 11:37:00+00:00,19,19,533877,15215,486,53.0,4.0,0.0,41100.0
2026-03-07 11:37:30+00:00,19,19,533914,15220,486,37.0,5.0,0.0,41130.0
2026-03-07 11:38:00+00:00,19,19,533978,15228,486,64.0,8.0,0.0,41160.0
2026-03-07 11:38:30+00:00,19,19,533989,15235,486,11.0,7.0,0.0,41190.0
2026-03-07 11:39:00+00:00,19,19,534090,15241,486,101.0,6.0,0.0,41220.0
2026-03-07 11:39:30+00:00,19,19,534142,15243,486,52.0,2.0,0.0,41250.0
2026-03-07 11:40:00+00:00,19,19,534286,15251,487,144.0,8.0,1.0,41280.0
2026-03-07 11:40:30+00:00,19,19,534381,15259,487,95.0,8.0,0.0,41310.0
2026-03-07 11:41:00+00:00,19,19,534429,15263,487,48.0,4.0,0.0,41340.0
2026-03-07 11:41:30+00:00,19,19,534451,15272,487,22.0,9.0,0.0,41370.0
2026-03-07 11:42:00+00:00,19,19,534544,15278,487,93.0,6.0,0.0,41400.0
2026-03-07 11:42:30+00:00,19,19,534556,15292,487,12.0,14.0,0.0,41430.0
2026-03-07 11:43:00+00:00,19,19,534667,15299,487,111.0,7.0,0.0,41460.0
2026-03-07 11:43:30+00:00,19,19,534690,15307,487,23.0,8.0,0.0,41490.0
2026-03-07 11:44:00+00:00,19,19,534779,15314,487,89.0,7.0,0.0,41520.0
2026-03-07 11:44:30+00:00,19,19,534820,15318,488,41.0,4.0,1.0,41550.0
2026-03-07 11:45:00+00:00,19,19,535094,15326,489,274.0,8.0,1.0,41580.0
2026-03-07 11:45:30+00:00,19,19,535320,15331,489,226.0,5.0,0.0,41610.0
2026-03-07 11:46:00+00:00,19,19,535746,15337,489,426.0,6.0,0.0,41640.0
2026-03-07 11:46:30+00:00,19,19,536000,15341,490,254.0,4.0,1.0,41670.0
2026-03-07 11:47:00+00:00,19,19,536144,15353,490,144.0,12.0,0.0,41700.0
2026-03-07 11:47:30+00:00,19,19,536174,15361,490,30.0,8.0,0.0,41730.0
2026-03-07 11:48:00+00:00,19,19,536878,15365,490,704.0,4.0,0.0,41760.0
2026-03-07 11:48:30+00:00,19,19,537194,15374,490,316.0,9.0,0.0,41790.0
2026-03-07 11:49:00+00:00,19,19,537201,15386,490,7.0,12.0,0.0,41820.0
2026-03-07 11:49:30+00:00,19,19,537888,15390,490,687.0,5.0,0.0,41850.0
2026-03-07 11:50:00+00:00,19,19,538387,15397,490,499.0,7.0,0.0,41880.0
2026-03-07 11:50:30+00:00,19,19,538408,15401,490,21.0,5.0,0.0,41910.0
2026-03-07 11:51:00+00:00,19,19,538749,15411,490,341.0,10.0,0.0,41940.0
2026-03-07 11:51:30+00:00,0,0,0,0,0,0.0,0.0,0.0,41970.0
2026-03-07 11:52:00+00:00,19,19,539053,15417,490,304.0,6.0,0.0,42000.0
2026-03-07 11:52:30+00:00,19,19,539143,15421,490,90.0,4.0,0.0,42030.0
2026-03-07 11:53:00+00:00,19,19,539180,15427,490,37.0,6.0,0.0,42060.0
2026-03-07 11:53:30+00:00,19,19,539511,15442,490,331.0,15.0,0.0,42090.0
2026-03-07 11:54:00+00:00,19,19,539955,15453,492,444.0,12.0,2.0,42120.0
2026-03-07 11:54:30+00:00,19,19,540144,15461,492,189.0,8.0,0.0,42150.0
2026-03-07 11:55:00+00:00,19,19,540650,15470,492,506.0,9.0,0.0,42180.0
2026-03-07 11:55:30+00:00,19,19,541131,15478,493,481.0,8.0,1.0,42210.0
2026-03-07 11:56:00+00:00,19,19,541428,15485,493,297.0,7.0,0.0,42240.0
2026-03-07 11:56:30+00:00,19,19,541441,15490,493,13.0,5.0,0.0,42270.0
2026-03-07 11:57:00+00:00,19,19,541884,15501,493,443.0,11.0,0.0,42300.0
2026-03-07 11:57:30+00:00,19,19,541972,15513,494,88.0,12.0,1.0,42330.0
2026-03-07 11:58:00+00:00,19,19,542062,15522,493,90.0,9.0,0.0,42360.0
2026-03-07 11:58:30+00:00,19,19,542646,15534,493,584.0,12.0,0.0,42390.0
2026-03-07 11:59:00+00:00,19,19,543155,15544,493,509.0,10.0,0.0,42420.0
2026-03-07 11:59:30+00:00,19,19,543861,15550,493,706.0,6.0,0.0,42450.0
2026-03-07 12:00:00+00:00,19,19,545454,15556,495,1593.0,6.0,2.0,42480.0
2026-03-07 12:00:30+00:00,19,19,546305,15566,496,851.0,10.0,1.0,42510.0
2026-03-07 12:01:00+00:00,19,19,546881,15574,496,576.0,9.0,0.0,42540.0
2026-03-07 12:01:30+00:00,19,19,547169,15577,496,288.0,3.0,0.0,42570.0
2026-03-07 12:02:00+00:00,19,19,547317,15585,496,148.0,8.0,0.0,42600.0
2026-03-07 12:02:30+00:00,19,19,547320,15594,497,3.0,9.0,1.0,42630.0
2026-03-07 12:03:00+00:00,19,19,547877,15613,497,557.0,19.0,0.0,42660.0
2026-03-07 12:03:30+00:00,19,19,548079,15622,497,202.0,9.0,0.0,42690.0
2026-03-07 12:04:00+00:00,19,19,548512,15631,497,433.0,9.0,0.0,42720.0
2026-03-07 12:04:30+00:00,19,19,549339,15643,497,827.0,12.0,0.0,42750.0
2026-03-07 12:05:00+00:00,19,19,549374,15647,497,35.0,4.0,0.0,42780.0
2026-03-07 12:05:30+00:00,19,19,550291,15649,497,917.0,2.0,0.0,42810.0
2026-03-07 12:06:00+00:00,19,19,550296,15651,497,5.0,2.0,0.0,42840.0
2026-03-07 12:06:30+00:00,19,19,550507,15660,497,211.0,9.0,0.0,42870.0
2026-03-07 12:07:00+00:00,19,19,550788,15666,497,281.0,6.0,0.0,42900.0
2026-03-07 12:07:30+00:00,19,19,550790,15670,497,2.0,4.0,0.0,42930.0
2026-03-07 12:08:00+00:00,19,19,551333,15676,497,543.0,6.0,0.0,42960.0
2026-03-07 12:08:30+00:00,19,19,551430,15685,497,97.0,9.0,0.0,42990.0
2026-03-07 12:09:00+00:00,19,19,552473,15690,497,1043.0,6.0,0.0,43020.0
2026-03-07 12:09:30+00:00,19,19,553643,15696,498,1170.0,6.0,1.0,43050.0
2026-03-07 12:10:00+00:00,19,19,553981,15703,498,338.0,7.0,0.0,43080.0
2026-03-07 12:10:30+00:00,19,19,555315,15710,499,1334.0,7.0,1.0,43110.0
2026-03-07 12:11:00+00:00,19,19,555342,15716,499,27.0,6.0,0.0,43140.0
2026-03-07 12:11:30+00:00,19,19,556004,15722,499,662.0,6.0,0.0,43170.0
2026-03-07 12:12:00+00:00,0,0,0,0,0,0.0,0.0,0.0,43200.0
2026-03-07 12:12:30+00:00,19,19,556062,15725,501,58.0,3.0,2.0,43230.0
2026-03-07 12:13:00+00:00,19,19,556123,15731,501,61.0,6.0,0.0,43260.0
2026-03-07 12:13:30+00:00,19,19,556782,15735,501,659.0,5.0,0.0,43290.0
2026-03-07 12:14:00+00:00,19,19,557434,15743,501,652.0,8.0,0.0,43320.0
2026-03-07 12:14:30+00:00,19,19,557610,15750,501,176.0,8.0,0.0,43350.0
2026-03-07 12:15:00+00:00,19,19,558559,15754,501,949.0,5.0,0.0,43380.0
2026-03-07 12:15:30+00:00,19,19,559126,15762,501,567.0,8.0,0.0,43410.0
2026-03-07 12:16:00+00:00,19,19,559472,15770,501,346.0,8.0,0.0,43440.0
2026-03-07 12:16:30+00:00,19,19,559607,15778,501,135.0,9.0,0.0,43470.0
2026-03-07 12:17:00+00:00,19,19,559827,15784,501,220.0,6.0,0.0,43500.0
2026-03-07 12:17:30+00:00,19,19,559924,15793,501,97.0,9.0,0.0,43530.0
2026-03-07 12:18:00+00:00,19,19,559968,15800,502,44.0,7.0,1.0,43560.0
2026-03-07 12:18:30+00:00,19,19,560377,15803,502,409.0,4.0,0.0,43590.0
2026-03-07 12:19:00+00:00,19,19,561003,15808,503,626.0,5.0,1.0,43620.0
2026-03-07 12:19:30+00:00,19,19,561159,15815,504,156.0,8.0,1.0,43650.0
2026-03-07 12:20:00+00:00,19,19,561911,15820,504,752.0,6.0,0.0,43680.0
2026-03-07 12:20:30+00:00,19,19,562472,15828,504,561.0,8.0,0.0,43710.0
2026-03-07 12:21:00+00:00,19,19,562609,15840,504,160.0,12.0,0.0,43740.0
2026-03-07 12:21:30+00:00,19,19,563121,15848,504,512.0,9.0,0.0,43770.0
2026-03-07 12:22:00+00:00,19,19,563473,15856,504,352.0,8.0,0.0,43800.0
2026-03-07 12:22:30+00:00,19,19,563550,15859,504,77.0,4.0,0.0,43830.0
2026-03-07 12:23:00+00:00,19,19,563590,15871,504,40.0,12.0,0.0,43860.0
2026-03-07 12:23:30+00:00,19,19,564051,15877,504,461.0,6.0,0.0,43890.0
2026-03-07 12:24:00+00:00,19,19,564270,15881,504,219.0,4.0,0.0,43920.0
2026-03-07 12:24:30+00:00,19,19,564684,15887,504,414.0,6.0,0.0,43950.0
2026-03-07 12:25:00+00:00,19,19,564855,15895,504,171.0,8.0,0.0,43980.0
2026-03-07 12:25:30+00:00,19,19,564861,15899,504,6.0,5.0,0.0,44010.0
2026-03-07 12:26:00+00:00,19,19,564946,15906,504,119.0,7.0,0.0,44040.0
2026-03-07 12:26:30+00:00,19,19,565052,15913,504,106.0,8.0,0.0,44070.0
2026-03-07 12:27:00+00:00,19,19,565154,15923,504,102.0,10.0,0.0,44100.0
2026-03-07 12:27:30+00:00,19,19,565178,15930,505,24.0,7.0,1.0,44130.0
2026-03-07 12:28:00+00:00,19,19,565321,15942,506,143.0,12.0,1.0,44160.0
2026-03-07 12:28:30+00:00,19,19,565417,15947,506,130.0,5.0,0.0,44190.0
2026-03-07 12:29:00+00:00,19,19,565472,15954,506,55.0,7.0,0.0,44220.0
2026-03-07 12:29:30+00:00,19,19,565851,15955,507,379.0,1.0,1.0,44250.0
2026-03-07 12:30:00+00:00,19,19,565827,15958,507,15.0,4.0,0.0,44280.0
2026-03-07 12:30:30+00:00,19,19,566058,15962,507,231.0,5.0,0.0,44310.0
2026-03-07 12:31:00+00:00,19,19,566106,15969,507,48.0,7.0,0.0,44340.0
2026-03-07 12:31:30+00:00,19,19,566257,15976,507,151.0,7.0,0.0,44370.0
2026-03-07 12:32:00+00:00,0,0,0,0,0,0.0,0.0,0.0,44400.0
2026-03-07 12:32:30+00:00,19,19,566269,15982,508,51.0,7.0,1.0,44430.0
2026-03-07 12:33:00+00:00,19,19,566331,15988,508,62.0,6.0,0.0,44460.0
2026-03-07 12:33:30+00:00,19,19,566783,15994,509,452.0,6.0,1.0,44490.0
2026-03-07 12:34:00+00:00,19,19,567224,16002,510,441.0,8.0,1.0,44520.0
2026-03-07 12:34:30+00:00,19,19,567470,16009,510,246.0,7.0,0.0,44550.0
2026-03-07 12:35:00+00:00,19,19,568325,16017,510,909.0,8.0,0.0,44580.0
2026-03-07 12:35:30+00:00,19,19,568783,16026,510,458.0,9.0,0.0,44610.0
2026-03-07 12:36:00+00:00,19,19,569068,16032,511,285.0,6.0,1.0,44640.0
2026-03-07 12:36:30+00:00,19,19,569185,16037,511,117.0,5.0,0.0,44670.0
2026-03-07 12:37:00+00:00,19,19,569394,16041,511,209.0,5.0,0.0,44700.0
2026-03-07 12:37:30+00:00,19,19,569440,16047,512,46.0,6.0,1.0,44730.0
2026-03-07 12:38:00+00:00,19,19,569706,16053,512,320.0,6.0,0.0,44760.0
2026-03-07 12:38:30+00:00,19,19,569841,16061,512,135.0,8.0,0.0,44790.0
2026-03-07 12:39:00+00:00,19,19,570116,16063,512,275.0,2.0,0.0,44820.0
2026-03-07 12:39:30+00:00,19,19,570299,16066,512,183.0,3.0,0.0,44850.0
2026-03-07 12:40:00+00:00,19,19,570853,16073,512,554.0,7.0,0.0,44880.0
2026-03-07 12:40:30+00:00,19,19,571094,16079,513,241.0,6.0,1.0,44910.0
2026-03-07 12:41:00+00:00,19,19,571263,16090,514,233.0,11.0,1.0,44940.0
2026-03-07 12:41:30+00:00,19,19,571602,16096,514,339.0,6.0,0.0,44970.0
2026-03-07 12:42:00+00:00,19,19,571629,16099,514,27.0,3.0,0.0,45000.0
2026-03-07 12:42:30+00:00,19,19,571657,16105,514,28.0,6.0,0.0,45030.0
2026-03-07 12:43:00+00:00,19,19,572043,16111,514,386.0,6.0,0.0,45060.0
2026-03-07 12:43:30+00:00,19,19,572134,16118,514,91.0,7.0,0.0,45090.0
2026-03-07 12:44:00+00:00,19,19,572541,16125,514,485.0,7.0,0.0,45120.0
2026-03-07 12:44:30+00:00,19,19,572819,16130,514,278.0,5.0,0.0,45150.0
2026-03-07 12:45:00+00:00,19,19,574007,16138,515,1188.0,8.0,1.0,45180.0
2026-03-07 12:45:30+00:00,19,19,574705,16143,515,698.0,5.0,0.0,45210.0
2026-03-07 12:46:00+00:00,19,19,575155,16153,516,529.0,10.0,1.0,45240.0
2026-03-07 12:46:30+00:00,19,19,575702,16160,516,547.0,7.0,0.0,45270.0
2026-03-07 12:47:00+00:00,19,19,575779,16164,517,77.0,4.0,1.0,45300.0
2026-03-07 12:47:30+00:00,19,19,575844,16169,517,65.0,5.0,0.0,45330.0
2026-03-07 12:48:00+00:00,19,19,576129,16175,517,364.0,6.0,0.0,45360.0
2026-03-07 12:48:30+00:00,19,19,576749,16181,517,620.0,6.0,0.0,45390.0
2026-03-07 12:49:00+00:00,19,19,576901,16188,517,152.0,7.0,0.0,45420.0
2026-03-07 12:49:30+00:00,19,19,577508,16190,517,607.0,3.0,0.0,45450.0
2026-03-07 12:50:00+00:00,19,19,577565,16199,517,57.0,9.0,0.0,45480.0
2026-03-07 12:50:30+00:00,19,19,578302,16209,517,737.0,10.0,0.0,45510.0
2026-03-07 12:51:00+00:00,19,19,578307,16221,517,5.0,12.0,0.0,45540.0
2026-03-07 12:51:30+00:00,19,19,578662,16224,517,355.0,4.0,0.0,45570.0
2026-03-07 12:52:00+00:00,19,19,578696,16233,517,34.0,9.0,0.0,45600.0
2026-03-07 12:52:30+00:00,0,0,0,0,0,0.0,0.0,0.0,45630.0
2026-03-07 12:53:00+00:00,19,19,578747,16247,517,51.0,14.0,0.0,45660.0
2026-03-07 12:53:30+00:00,19,19,578793,16259,517,46.0,12.0,0.0,45690.0
2026-03-07 12:54:00+00:00,19,19,579608,16267,517,815.0,8.0,0.0,45720.0
2026-03-07 12:54:30+00:00,19,19,579613,16269,518,5.0,2.0,1.0,45750.0
2026-03-07 12:55:00+00:00,19,19,580348,16279,518,735.0,10.0,0.0,45780.0
2026-03-07 12:55:30+00:00,19,19,580662,16286,519,314.0,7.0,1.0,45810.0
2026-03-07 12:56:00+00:00,19,19,580969,16291,519,307.0,5.0,0.0,45840.0
2026-03-07 12:56:30+00:00,19,19,580973,16296,519,4.0,5.0,0.0,45870.0
2026-03-07 12:57:00+00:00,19,19,581392,16303,519,419.0,8.0,0.0,45900.0
2026-03-07 12:57:30+00:00,19,19,581490,16307,520,98.0,5.0,1.0,45930.0
2026-03-07 12:58:00+00:00,19,19,581524,16311,521,34.0,5.0,1.0,45960.0
2026-03-07 12:58:30+00:00,19,19,581977,16320,521,453.0,9.0,0.0,45990.0
2026-03-07 12:59:00+00:00,19,19,582394,16329,521,417.0,10.0,0.0,46020.0
2026-03-07 12:59:30+00:00,19,19,582521,16332,521,127.0,4.0,0.0,46050.0
2026-03-07 13:00:00+00:00,19,19,582809,16335,521,288.0,4.0,0.0,46080.0
2026-03-07 13:00:30+00:00,19,19,583029,16348,521,220.0,13.0,0.0,46110.0
2026-03-07 13:01:00+00:00,19,19,583008,16354,521,2.0,6.0,0.0,46140.0
2026-03-07 13:01:30+00:00,19,19,583089,16359,521,81.0,5.0,0.0,46170.0
2026-03-07 13:02:00+00:00,19,19,583104,16364,522,15.0,5.0,1.0,46200.0
2026-03-07 13:02:30+00:00,19,19,583114,16370,522,10.0,6.0,0.0,46230.0
2026-03-07 13:03:00+00:00,19,19,583244,16380,522,130.0,10.0,0.0,46260.0
2026-03-07 13:03:30+00:00,19,19,583249,16387,522,5.0,7.0,0.0,46290.0
2026-03-07 13:04:00+00:00,19,19,583388,16393,522,139.0,6.0,0.0,46320.0
2026-03-07 13:04:30+00:00,19,19,583399,16406,522,39.0,13.0,0.0,46350.0
2026-03-07 13:05:00+00:00,19,19,583558,16411,524,159.0,5.0,2.0,46380.0
2026-03-07 13:05:30+00:00,19,19,583666,16418,524,136.0,7.0,0.0,46410.0
2026-03-07 13:06:00+00:00,19,19,583791,16422,524,125.0,5.0,0.0,46440.0
2026-03-07 13:06:30+00:00,19,19,583803,16440,524,12.0,18.0,0.0,46470.0
2026-03-07 13:07:00+00:00,19,19,583902,16446,524,99.0,6.0,0.0,46500.0
2026-03-07 13:07:30+00:00,19,19,583915,16449,525,13.0,3.0,1.0,46530.0
2026-03-07 13:08:00+00:00,19,19,584123,16449,525,208.0,2.0,0.0,46560.0
2026-03-07 13:08:30+00:00,19,19,584233,16456,526,110.0,7.0,1.0,46590.0
2026-03-07 13:09:00+00:00,19,19,584391,16463,526,158.0,7.0,0.0,46620.0
2026-03-07 13:09:30+00:00,19,19,585035,16465,526,644.0,3.0,0.0,46650.0
2026-03-07 13:10:00+00:00,19,19,585082,16473,527,47.0,8.0,1.0,46680.0
2026-03-07 13:10:30+00:00,19,19,585722,16482,527,640.0,12.0,0.0,46710.0
2026-03-07 13:11:00+00:00,19,19,585723,16494,527,1.0,13.0,0.0,46740.0
2026-03-07 13:11:30+00:00,19,19,585965,16504,527,242.0,11.0,0.0,46770.0
2026-03-07 13:12:00+00:00,19,19,586038,16512,527,73.0,8.0,0.0,46800.0
2026-03-07 13:12:30+00:00,19,19,586044,16517,527,6.0,6.0,0.0,46830.0
2026-03-07 13:13:00+00:00,19,19,586620,16521,527,576.0,4.0,0.0,46860.0
2026-03-07 13:13:30+00:00,0,0,0,0,0,0.0,0.0,0.0,46890.0
2026-03-07 13:14:00+00:00,19,19,586882,16530,527,262.0,9.0,0.0,46920.0
2026-03-07 13:14:30+00:00,19,19,586991,16537,527,109.0,7.0,0.0,46950.0
2026-03-07 13:15:00+00:00,19,19,587573,16543,527,582.0,6.0,0.0,46980.0
2026-03-07 13:15:30+00:00,19,19,587999,16554,527,426.0,12.0,0.0,47010.0
2026-03-07 13:16:00+00:00,19,19,588226,16564,527,227.0,11.0,0.0,47040.0
2026-03-07 13:16:30+00:00,19,19,588231,16575,528,5.0,11.0,1.0,47070.0
2026-03-07 13:17:00+00:00,19,19,588549,16579,528,318.0,4.0,0.0,47100.0
2026-03-07 13:17:30+00:00,19,19,588583,16585,529,34.0,7.0,1.0,47130.0
2026-03-07 13:18:00+00:00,19,19,588600,16592,529,17.0,9.0,0.0,47160.0
2026-03-07 13:18:30+00:00,19,19,589114,16597,529,514.0,5.0,0.0,47190.0
2026-03-07 13:19:00+00:00,19,19,589520,16605,529,406.0,8.0,0.0,47220.0
2026-03-07 13:19:30+00:00,19,19,589655,16614,529,135.0,9.0,0.0,47250.0
2026-03-07 13:20:00+00:00,19,19,590054,16625,529,399.0,11.0,0.0,47280.0
2026-03-07 13:20:30+00:00,19,19,590453,16631,529,399.0,8.0,0.0,47310.0
2026-03-07 13:21:00+00:00,19,19,590713,16636,529,260.0,5.0,0.0,47340.0
2026-03-07 13:21:30+00:00,19,19,590718,16646,530,5.0,10.0,1.0,47370.0
2026-03-07 13:22:00+00:00,19,19,591011,16654,530,293.0,8.0,0.0,47400.0
2026-03-07 13:22:30+00:00,19,19,591033,16664,530,22.0,10.0,0.0,47430.0
2026-03-07 13:23:00+00:00,19,19,591075,16671,530,42.0,7.0,0.0,47460.0
2026-03-07 13:23:30+00:00,19,19,591693,16678,530,618.0,8.0,0.0,47490.0
2026-03-07 13:24:00+00:00,19,19,592051,16685,531,358.0,7.0,1.0,47520.0
2026-03-07 13:24:30+00:00,19,19,592564,16689,532,513.0,5.0,1.0,47550.0
2026-03-07 13:25:00+00:00,19,19,592809,16704,532,245.0,15.0,0.0,47580.0
2026-03-07 13:25:30+00:00,19,19,593048,16717,532,239.0,13.0,0.0,47610.0
2026-03-07 13:26:00+00:00,19,19,593277,16731,532,229.0,14.0,0.0,47640.0
2026-03-07 13:26:30+00:00,19,19,593293,16741,532,16.0,10.0,0.0,47670.0
2026-03-07 13:27:00+00:00,19,19,593679,16753,532,386.0,12.0,0.0,47700.0
2026-03-07 13:27:30+00:00,19,19,593713,16765,532,34.0,12.0,0.0,47730.0
2026-03-07 13:28:00+00:00,19,19,594165,16767,532,452.0,2.0,0.0,47760.0
2026-03-07 13:28:30+00:00,19,19,594202,16776,532,37.0,9.0,0.0,47790.0
2026-03-07 13:29:00+00:00,19,19,594897,16781,532,695.0,6.0,0.0,47820.0
2026-03-07 13:29:30+00:00,19,19,595791,16790,532,894.0,9.0,0.0,47850.0
2026-03-07 13:30:00+00:00,19,19,596405,16795,532,614.0,6.0,0.0,47880.0
2026-03-07 13:30:30+00:00,19,19,596406,16800,532,1.0,5.0,0.0,47910.0
2026-03-07 13:31:00+00:00,19,19,596718,16805,532,312.0,6.0,0.0,47940.0
2026-03-07 13:31:30+00:00,19,19,597065,16817,532,347.0,12.0,0.0,47970.0
2026-03-07 13:32:00+00:00,19,19,597103,16822,532,38.0,6.0,0.0,48000.0
2026-03-07 13:32:30+00:00,19,19,597156,16833,532,53.0,11.0,0.0,48030.0
2026-03-07 13:33:00+00:00,19,19,597727,16843,532,571.0,10.0,0.0,48060.0
2026-03-07 13:33:30+00:00,19,19,598156,16853,532,429.0,10.0,0.0,48090.0
2026-03-07 13:34:00+00:00,19,19,598554,16859,532,398.0,6.0,0.0,48120.0
2026-03-07 13:34:30+00:00,0,0,0,0,0,0.0,0.0,0.0,48150.0
2026-03-07 13:35:00+00:00,19,19,599157,16863,532,603.0,4.0,0.0,48180.0
2026-03-07 13:35:30+00:00,19,19,599625,16871,532,468.0,8.0,0.0,48210.0
2026-03-07 13:36:00+00:00,19,19,600013,16875,533,388.0,4.0,1.0,48240.0
2026-03-07 13:36:30+00:00,19,19,600023,16884,533,10.0,9.0,0.0,48270.0
2026-03-07 13:37:00+00:00,19,19,600412,16894,533,389.0,10.0,0.0,48300.0
2026-03-07 13:37:30+00:00,19,19,600457,16903,533,45.0,9.0,0.0,48330.0
2026-03-07 13:38:00+00:00,19,19,600492,16907,533,35.0,5.0,0.0,48360.0
2026-03-07 13:38:30+00:00,19,19,600804,16915,533,312.0,8.0,0.0,48390.0
2026-03-07 13:39:00+00:00,19,19,601746,16921,533,942.0,6.0,0.0,48420.0
2026-03-07 13:39:30+00:00,19,19,602128,16926,533,382.0,5.0,0.0,48450.0
2026-03-07 13:40:00+00:00,19,19,602915,16933,533,787.0,7.0,0.0,48480.0
2026-03-07 13:40:30+00:00,19,19,603110,16944,533,195.0,11.0,0.0,48510.0
2026-03-07 13:41:00+00:00,19,19,603822,16949,533,712.0,5.0,0.0,48540.0
2026-03-07 13:41:30+00:00,19,19,604118,16954,533,296.0,5.0,0.0,48570.0
2026-03-07 13:42:00+00:00,19,19,604216,16961,533,98.0,7.0,0.0,48600.0
2026-03-07 13:42:30+00:00,19,19,604337,16972,533,121.0,11.0,0.0,48630.0
2026-03-07 13:43:00+00:00,19,19,604393,16978,533,56.0,6.0,0.0,48660.0
2026-03-07 13:43:30+00:00,19,19,605190,16986,533,797.0,8.0,0.0,48690.0
2026-03-07 13:44:00+00:00,19,19,605591,16989,533,401.0,3.0,0.0,48720.0
2026-03-07 13:44:30+00:00,19,19,605829,16992,533,238.0,3.0,0.0,48750.0
2026-03-07 13:45:00+00:00,19,19,606572,16997,533,743.0,6.0,0.0,48780.0
2026-03-07 13:45:30+00:00,19,19,607203,17003,533,631.0,6.0,0.0,48810.0
2026-03-07 13:46:00+00:00,19,19,607519,17010,533,316.0,7.0,0.0,48840.0
2026-03-07 13:46:30+00:00,19,19,607884,17014,533,365.0,4.0,0.0,48870.0
2026-03-07 13:47:00+00:00,19,19,608000,17017,533,116.0,3.0,0.0,48900.0
2026-03-07 13:47:30+00:00,19,19,608000,17029,533,0.0,12.0,0.0,48930.0
2026-03-07 13:48:00+00:00,19,19,608070,17040,534,70.0,11.0,1.0,48960.0
2026-03-07 13:48:30+00:00,19,19,609112,17045,534,1042.0,6.0,0.0,48990.0
2026-03-07 13:49:00+00:00,19,19,609251,17054,534,139.0,9.0,0.0,49020.0
2026-03-07 13:49:30+00:00,19,19,610174,17069,535,923.0,15.0,1.0,49050.0
2026-03-07 13:50:00+00:00,19,19,610243,17081,535,69.0,12.0,0.0,49080.0
2026-03-07 13:50:30+00:00,19,19,610634,17087,535,391.0,6.0,0.0,49110.0
2026-03-07 13:51:00+00:00,19,19,610948,17094,535,314.0,8.0,0.0,49140.0
2026-03-07 13:51:30+00:00,19,19,611352,17102,535,404.0,8.0,0.0,49170.0
2026-03-07 13:52:00+00:00,19,19,611385,17109,535,33.0,7.0,0.0,49200.0
2026-03-07 13:52:30+00:00,19,19,611439,17120,536,54.0,11.0,1.0,49230.0
2026-03-07 13:53:00+00:00,19,19,611659,17132,536,220.0,12.0,0.0,49260.0
2026-03-07 13:53:30+00:00,19,19,612409,17140,536,750.0,8.0,0.0,49290.0
2026-03-07 13:54:00+00:00,19,19,612975,17149,536,566.0,9.0,0.0,49320.0
2026-03-07 13:54:30+00:00,19,19,613903,17155,536,928.0,6.0,0.0,49350.0
2026-03-07 13:55:00+00:00,19,19,614033,17161,537,130.0,6.0,1.0,49380.0
2026-03-07 13:55:30+00:00,19,19,614322,17177,537,289.0,16.0,0.0,49410.0
2026-03-07 13:56:00+00:00,0,0,0,0,0,0.0,0.0,0.0,49440.0
2026-03-07 13:56:30+00:00,19,19,614576,17185,537,254.0,8.0,0.0,49470.0
2026-03-07 13:57:00+00:00,19,19,614808,17194,537,232.0,9.0,0.0,49500.0
2026-03-07 13:57:30+00:00,19,19,614834,17201,537,26.0,7.0,0.0,49530.0
2026-03-07 13:58:00+00:00,19,19,614904,17208,537,70.0,7.0,0.0,49560.0
2026-03-07 13:58:30+00:00,19,19,615212,17216,537,308.0,8.0,0.0,49590.0
2026-03-07 13:59:00+00:00,19,19,615674,17227,537,462.0,11.0,0.0,49620.0
2026-03-07 13:59:30+00:00,19,19,615764,17237,537,90.0,10.0,0.0,49650.0
2026-03-07 14:00:00+00:00,19,19,616174,17243,537,410.0,6.0,0.0,49680.0
2026-03-07 14:00:30+00:00,19,19,616537,17254,537,363.0,11.0,0.0,49710.0
2026-03-07 14:01:00+00:00,19,19,616742,17264,537,205.0,10.0,0.0,49740.0
2026-03-07 14:01:30+00:00,19,19,616742,17268,538,0.0,4.0,1.0,49770.0
2026-03-07 14:02:00+00:00,19,19,616907,17274,538,165.0,6.0,0.0,49800.0
2026-03-07 14:02:30+00:00,19,19,617010,17284,539,103.0,10.0,1.0,49830.0
2026-03-07 14:03:00+00:00,19,19,617361,17294,539,351.0,10.0,0.0,49860.0
2026-03-07 14:03:30+00:00,19,19,617422,17304,539,61.0,10.0,0.0,49890.0
2026-03-07 14:04:00+00:00,19,19,617771,17314,539,349.0,10.0,0.0,49920.0
2026-03-07 14:04:30+00:00,19,19,617897,17322,539,126.0,8.0,0.0,49950.0
2026-03-07 14:05:00+00:00,19,19,618399,17328,540,502.0,6.0,1.0,49980.0
2026-03-07 14:05:30+00:00,19,19,618730,17339,540,331.0,11.0,0.0,50010.0
2026-03-07 14:06:00+00:00,19,19,618951,17344,540,221.0,5.0,0.0,50040.0
2026-03-07 14:06:30+00:00,19,19,618956,17347,540,5.0,4.0,0.0,50070.0
2026-03-07 14:07:00+00:00,19,19,619258,17354,540,302.0,7.0,0.0,50100.0
2026-03-07 14:07:30+00:00,19,19,619286,17360,540,28.0,6.0,0.0,50130.0
2026-03-07 14:08:00+00:00,19,19,619307,17365,541,21.0,5.0,1.0,50160.0
2026-03-07 14:08:30+00:00,19,19,619912,17373,540,605.0,8.0,0.0,50190.0
2026-03-07 14:09:00+00:00,19,19,620006,17379,540,94.0,6.0,0.0,50220.0
2026-03-07 14:09:30+00:00,19,19,620386,17387,540,380.0,8.0,0.0,50250.0
2026-03-07 14:10:00+00:00,19,19,621272,17396,541,886.0,9.0,1.0,50280.0
2026-03-07 14:10:30+00:00,19,19,621678,17409,542,406.0,13.0,1.0,50310.0
2026-03-07 14:11:00+00:00,19,19,621992,17418,542,314.0,9.0,0.0,50340.0
2026-03-07 14:11:30+00:00,19,19,622333,17430,542,341.0,12.0,0.0,50370.0
2026-03-07 14:12:00+00:00,19,19,622418,17438,542,85.0,8.0,0.0,50400.0
2026-03-07 14:12:30+00:00,19,19,622418,17444,542,0.0,6.0,0.0,50430.0
2026-03-07 14:13:00+00:00,19,19,622946,17455,542,528.0,11.0,0.0,50460.0
2026-03-07 14:13:30+00:00,19,19,623464,17466,542,518.0,11.0,0.0,50490.0
2026-03-07 14:14:00+00:00,19,19,623850,17476,542,386.0,10.0,0.0,50520.0
2026-03-07 14:14:30+00:00,19,19,624515,17489,543,665.0,13.0,1.0,50550.0
2026-03-07 14:15:00+00:00,19,19,624545,17498,544,30.0,9.0,1.0,50580.0
2026-03-07 14:15:30+00:00,19,19,625414,17513,544,869.0,15.0,0.0,50610.0
2026-03-07 14:16:00+00:00,0,0,0,0,0,0.0,0.0,0.0,50640.0
2026-03-07 14:16:30+00:00,19,19,625416,17529,544,2.0,16.0,0.0,50670.0
2026-03-07 14:17:00+00:00,19,19,625783,17538,544,367.0,9.0,0.0,50700.0
2026-03-07 14:17:30+00:00,19,19,625818,17543,544,35.0,5.0,0.0,50730.0
2026-03-07 14:18:00+00:00,19,19,625848,17552,544,30.0,9.0,0.0,50760.0
2026-03-07 14:18:30+00:00,19,19,626474,17564,544,626.0,12.0,0.0,50790.0
2026-03-07 14:19:00+00:00,19,19,626692,17572,545,218.0,8.0,1.0,50820.0
2026-03-07 14:19:30+00:00,19,19,627268,17580,545,576.0,8.0,0.0,50850.0
2026-03-07 14:20:00+00:00,19,19,628143,17591,545,875.0,11.0,0.0,50880.0
2026-03-07 14:20:30+00:00,19,19,628477,17606,545,334.0,15.0,0.0,50910.0
2026-03-07 14:21:00+00:00,19,19,628815,17608,545,338.0,2.0,0.0,50940.0
2026-03-07 14:21:30+00:00,19,19,628815,17615,545,0.0,7.0,0.0,50970.0
2026-03-07 14:22:00+00:00,19,19,629240,17626,545,425.0,11.0,0.0,51000.0
2026-03-07 14:22:30+00:00,19,19,629277,17637,546,37.0,11.0,1.0,51030.0
2026-03-07 14:23:00+00:00,19,19,629308,17644,547,31.0,7.0,1.0,51060.0
2026-03-07 14:23:30+00:00,19,19,629310,17653,547,2.0,9.0,0.0,51090.0
2026-03-07 14:24:00+00:00,19,19,629938,17658,547,628.0,5.0,0.0,51120.0
2026-03-07 14:24:30+00:00,19,19,630234,17670,547,296.0,12.0,0.0,51150.0
2026-03-07 14:25:00+00:00,19,19,630821,17684,547,587.0,14.0,0.0,51180.0
2026-03-07 14:25:30+00:00,19,19,630848,17698,547,27.0,14.0,0.0,51210.0
2026-03-07 14:26:00+00:00,19,19,631266,17706,549,418.0,8.0,2.0,51240.0
2026-03-07 14:26:30+00:00,19,19,631477,17713,549,211.0,7.0,0.0,51270.0
2026-03-07 14:27:00+00:00,19,19,631755,17720,550,278.0,7.0,1.0,51300.0
2026-03-07 14:27:30+00:00,19,19,631886,17725,553,131.0,5.0,3.0,51330.0
2026-03-07 14:28:00+00:00,19,19,631944,17731,552,58.0,6.0,0.0,51360.0
2026-03-07 14:28:30+00:00,19,19,632606,17737,552,662.0,6.0,0.0,51390.0
2026-03-07 14:29:00+00:00,0,0,0,0,0,0.0,0.0,0.0,51420.0
2026-03-07 14:29:30+00:00,0,0,0,0,0,0.0,0.0,0.0,51450.0
2026-03-07 14:30:00+00:00,19,19,633617,17767,552,1011.0,30.0,0.0,51480.0
2026-03-07 14:30:30+00:00,19,19,634757,17778,553,1140.0,11.0,1.0,51510.0
2026-03-07 14:31:00+00:00,19,19,635040,17785,553,283.0,7.0,0.0,51540.0
2026-03-07 14:31:30+00:00,19,19,635418,17797,553,378.0,12.0,0.0,51570.0
2026-03-07 14:32:00+00:00,19,19,635505,17803,553,87.0,6.0,0.0,51600.0
2026-03-07 14:32:30+00:00,19,19,635549,17812,554,44.0,9.0,1.0,51630.0
2026-03-07 14:33:00+00:00,19,19,636328,17828,555,779.0,16.0,1.0,51660.0
2026-03-07 14:33:30+00:00,19,19,636807,17838,555,479.0,10.0,0.0,51690.0
2026-03-07 14:34:00+00:00,19,19,637243,17846,556,436.0,8.0,1.0,51720.0
2026-03-07 14:34:30+00:00,19,19,637955,17848,556,712.0,2.0,0.0,51750.0
2026-03-07 14:35:00+00:00,19,19,638101,17852,556,146.0,4.0,0.0,51780.0
2026-03-07 14:35:30+00:00,19,19,638837,17857,557,736.0,5.0,1.0,51810.0
2026-03-07 14:36:00+00:00,19,19,638839,17862,557,2.0,5.0,0.0,51840.0
2026-03-07 14:36:30+00:00,19,19,639256,17868,557,417.0,6.0,0.0,51870.0
2026-03-07 14:37:00+00:00,19,19,639294,17870,557,38.0,2.0,0.0,51900.0
2026-03-07 14:37:30+00:00,0,0,0,0,0,0.0,0.0,0.0,51930.0
2026-03-07 14:38:00+00:00,19,19,639350,17873,557,56.0,3.0,0.0,51960.0
2026-03-07 14:38:30+00:00,19,19,640144,17885,557,794.0,12.0,0.0,51990.0
2026-03-07 14:39:00+00:00,19,19,640564,17893,557,420.0,8.0,0.0,52020.0
2026-03-07 14:39:30+00:00,19,19,641020,17901,557,456.0,8.0,0.0,52050.0
2026-03-07 14:40:00+00:00,19,19,642001,17908,557,981.0,7.0,0.0,52080.0
2026-03-07 14:40:30+00:00,19,19,642384,17911,557,383.0,3.0,0.0,52110.0
2026-03-07 14:41:00+00:00,19,19,643007,17916,557,623.0,5.0,0.0,52140.0
2026-03-07 14:41:30+00:00,19,19,643405,17925,558,398.0,9.0,1.0,52170.0
2026-03-07 14:42:00+00:00,19,19,643803,17935,558,398.0,10.0,0.0,52200.0
2026-03-07 14:42:30+00:00,19,19,644061,17952,558,258.0,17.0,0.0,52230.0
2026-03-07 14:43:00+00:00,19,19,644098,17959,558,37.0,7.0,0.0,52260.0
2026-03-07 14:43:30+00:00,19,19,644988,17968,559,890.0,9.0,1.0,52290.0
2026-03-07 14:44:00+00:00,19,19,645838,17973,559,850.0,5.0,0.0,52320.0
2026-03-07 14:44:30+00:00,19,19,646183,17977,559,345.0,4.0,0.0,52350.0
2026-03-07 14:45:00+00:00,19,19,646973,17985,560,790.0,8.0,1.0,52380.0
2026-03-07 14:45:30+00:00,19,19,648125,17996,560,1152.0,11.0,0.0,52410.0
2026-03-07 14:46:00+00:00,19,19,648125,18002,560,0.0,6.0,0.0,52440.0
2026-03-07 14:46:30+00:00,19,19,648384,18004,560,259.0,2.0,0.0,52470.0
2026-03-07 14:47:00+00:00,19,19,648646,18008,560,262.0,4.0,0.0,52500.0
2026-03-07 14:47:30+00:00,19,19,648679,18020,560,33.0,12.0,0.0,52530.0
2026-03-07 14:48:00+00:00,19,19,648679,18029,560,0.0,9.0,0.0,52560.0
2026-03-07 14:48:30+00:00,19,19,649763,18036,560,1084.0,7.0,0.0,52590.0
2026-03-07 14:49:00+00:00,19,19,650632,18043,560,869.0,7.0,0.0,52620.0
2026-03-07 14:49:30+00:00,19,19,650882,18048,560,250.0,5.0,0.0,52650.0
2026-03-07 14:50:00+00:00,19,19,651738,18058,560,856.0,10.0,0.0,52680.0
2026-03-07 14:50:30+00:00,19,19,652644,18066,560,906.0,8.0,0.0,52710.0
2026-03-07 14:51:00+00:00,19,19,652644,18076,560,0.0,10.0,0.0,52740.0
2026-03-07 14:51:30+00:00,19,19,652841,18084,560,197.0,8.0,0.0,52770.0
2026-03-07 14:52:00+00:00,19,19,653098,18095,560,257.0,11.0,0.0,52800.0
2026-03-07 14:52:30+00:00,19,19,653151,18102,560,53.0,7.0,0.0,52830.0
2026-03-07 14:53:00+00:00,19,19,653792,18106,560,641.0,4.0,0.0,52860.0
2026-03-07 14:53:30+00:00,19,19,654055,18115,560,263.0,9.0,0.0,52890.0
2026-03-07 14:54:00+00:00,19,19,654516,18124,561,461.0,9.0,1.0,52920.0
2026-03-07 14:54:30+00:00,19,19,654547,18130,561,31.0,6.0,0.0,52950.0
2026-03-07 14:55:00+00:00,19,19,655085,18134,561,538.0,5.0,0.0,52980.0
2026-03-07 14:55:30+00:00,19,19,655390,18137,561,305.0,3.0,0.0,53010.0
2026-03-07 14:56:00+00:00,19,19,655646,18143,562,256.0,6.0,1.0,53040.0
2026-03-07 14:56:30+00:00,19,19,655835,18147,562,189.0,5.0,0.0,53070.0
2026-03-07 14:57:00+00:00,19,19,655854,18160,562,19.0,13.0,0.0,53100.0
2026-03-07 14:57:30+00:00,19,19,655858,18170,562,4.0,10.0,0.0,53130.0
2026-03-07 14:58:00+00:00,19,19,656184,18174,562,326.0,5.0,0.0,53160.0
2026-03-07 14:58:30+00:00,0,0,0,0,0,0.0,0.0,0.0,53190.0
2026-03-07 14:59:00+00:00,19,19,656184,18184,562,0.0,11.0,0.0,53220.0
2026-03-07 14:59:30+00:00,19,19,656663,18193,562,479.0,10.0,0.0,53250.0
2026-03-07 15:00:00+00:00,19,19,657007,18199,562,344.0,6.0,0.0,53280.0
2026-03-07 15:00:30+00:00,19,19,657498,18208,562,491.0,9.0,0.0,53310.0
2026-03-07 15:01:00+00:00,19,19,657756,18210,562,258.0,3.0,0.0,53340.0
2026-03-07 15:01:30+00:00,19,19,657756,18217,562,0.0,7.0,0.0,53370.0
2026-03-07 15:02:00+00:00,19,19,658019,18228,562,263.0,11.0,0.0,53400.0
2026-03-07 15:02:30+00:00,19,19,658046,18236,563,27.0,8.0,1.0,53430.0
2026-03-07 15:03:00+00:00,19,19,658048,18242,563,2.0,6.0,0.0,53460.0
2026-03-07 15:03:30+00:00,19,19,658604,18248,563,556.0,7.0,0.0,53490.0
2026-03-07 15:04:00+00:00,19,19,658955,18262,564,351.0,14.0,1.0,53520.0
2026-03-07 15:04:30+00:00,19,19,659165,18267,564,210.0,5.0,0.0,53550.0
2026-03-07 15:05:00+00:00,19,19,659673,18279,564,508.0,12.0,0.0,53580.0
2026-03-07 15:05:30+00:00,19,19,660056,18293,565,383.0,14.0,1.0,53610.0
2026-03-07 15:06:00+00:00,19,19,660199,18302,565,143.0,10.0,0.0,53640.0
2026-03-07 15:06:30+00:00,19,19,660396,18311,565,197.0,9.0,0.0,53670.0
2026-03-07 15:07:00+00:00,19,19,660464,18315,565,68.0,4.0,0.0,53700.0
2026-03-07 15:07:30+00:00,19,19,660494,18322,565,30.0,7.0,0.0,53730.0
2026-03-07 15:08:00+00:00,19,19,660563,18330,565,69.0,8.0,0.0,53760.0
2026-03-07 15:08:30+00:00,19,19,661143,18337,566,580.0,7.0,1.0,53790.0
2026-03-07 15:09:00+00:00,19,19,661450,18345,566,307.0,8.0,0.0,53820.0
2026-03-07 15:09:30+00:00,19,19,662135,18357,566,685.0,12.0,0.0,53850.0
2026-03-07 15:10:00+00:00,19,19,662135,18367,566,0.0,10.0,0.0,53880.0
2026-03-07 15:10:30+00:00,19,19,662499,18379,566,364.0,12.0,0.0,53910.0
2026-03-07 15:11:00+00:00,19,19,662704,18385,566,205.0,6.0,0.0,53940.0
2026-03-07 15:11:30+00:00,19,19,662704,18389,566,0.0,4.0,0.0,53970.0
2026-03-07 15:12:00+00:00,19,19,662979,18396,566,275.0,7.0,0.0,54000.0
2026-03-07 15:12:30+00:00,19,19,662993,18403,566,14.0,9.0,0.0,54030.0
2026-03-07 15:13:00+00:00,19,19,663025,18406,566,32.0,3.0,0.0,54060.0
2026-03-07 15:13:30+00:00,19,19,663457,18415,566,432.0,9.0,0.0,54090.0
2026-03-07 15:14:00+00:00,19,19,663976,18426,566,519.0,11.0,0.0,54120.0
2026-03-07 15:14:30+00:00,19,19,664050,18430,566,74.0,5.0,0.0,54150.0
2026-03-07 15:15:00+00:00,19,19,664423,18440,567,373.0,10.0,1.0,54180.0
2026-03-07 15:15:30+00:00,19,19,664833,18446,567,410.0,6.0,0.0,54210.0
2026-03-07 15:16:00+00:00,19,19,665024,18452,568,191.0,6.0,1.0,54240.0
2026-03-07 15:16:30+00:00,19,19,665267,18455,568,243.0,3.0,0.0,54270.0
2026-03-07 15:17:00+00:00,19,19,665234,18463,568,46.0,8.0,0.0,54300.0
2026-03-07 15:17:30+00:00,19,19,665255,18467,568,21.0,4.0,0.0,54330.0
2026-03-07 15:18:00+00:00,19,19,665744,18474,570,489.0,7.0,2.0,54360.0
2026-03-07 15:18:30+00:00,19,19,665921,18479,570,177.0,5.0,0.0,54390.0
2026-03-07 15:19:00+00:00,0,0,0,0,0,0.0,0.0,0.0,54420.0
2026-03-07 15:19:30+00:00,19,19,666355,18486,570,434.0,7.0,0.0,54450.0
2026-03-07 15:20:00+00:00,19,19,666898,18493,571,543.0,7.0,1.0,54480.0
2026-03-07 15:20:30+00:00,19,19,666900,18498,571,2.0,5.0,0.0,54510.0
2026-03-07 15:21:00+00:00,19,19,667366,18502,571,466.0,4.0,0.0,54540.0
2026-03-07 15:21:30+00:00,19,19,667374,18508,571,8.0,6.0,0.0,54570.0
2026-03-07 15:22:00+00:00,19,19,667548,18516,571,174.0,8.0,0.0,54600.0
2026-03-07 15:22:30+00:00,19,19,667634,18526,571,86.0,10.0,0.0,54630.0
2026-03-07 15:23:00+00:00,19,19,667655,18532,571,21.0,6.0,0.0,54660.0
2026-03-07 15:23:30+00:00,19,19,667932,18539,571,277.0,7.0,0.0,54690.0
2026-03-07 15:24:00+00:00,19,19,668527,18546,571,595.0,7.0,0.0,54720.0
2026-03-07 15:24:30+00:00,19,19,668641,18555,571,114.0,9.0,0.0,54750.0
2026-03-07 15:25:00+00:00,19,19,669254,18561,571,613.0,6.0,0.0,54780.0
2026-03-07 15:25:30+00:00,19,19,669563,18568,571,309.0,7.0,0.0,54810.0
2026-03-07 15:26:00+00:00,19,19,669780,18577,571,217.0,9.0,0.0,54840.0
2026-03-07 15:26:30+00:00,19,19,669884,18586,571,104.0,9.0,0.0,54870.0
2026-03-07 15:27:00+00:00,19,19,669984,18593,571,100.0,7.0,0.0,54900.0
2026-03-07 15:27:30+00:00,19,19,670016,18602,572,32.0,9.0,1.0,54930.0
2026-03-07 15:28:00+00:00,19,19,670041,18614,573,25.0,12.0,1.0,54960.0
2026-03-07 15:28:30+00:00,19,19,670240,18620,573,199.0,6.0,0.0,54990.0
2026-03-07 15:29:00+00:00,19,19,670300,18633,574,60.0,13.0,1.0,55020.0
2026-03-07 15:29:30+00:00,19,19,670336,18650,574,36.0,17.0,0.0,55050.0
2026-03-07 15:30:00+00:00,19,19,670381,18665,574,45.0,15.0,0.0,55080.0
2026-03-07 15:30:30+00:00,19,19,670476,18670,574,95.0,5.0,0.0,55110.0
2026-03-07 15:31:00+00:00,19,19,670556,18678,574,80.0,8.0,0.0,55140.0
2026-03-07 15:31:30+00:00,19,19,670539,18692,574,62.0,14.0,0.0,55170.0
2026-03-07 15:32:00+00:00,19,19,670568,18712,575,29.0,20.0,1.0,55200.0
2026-03-07 15:32:30+00:00,19,19,670592,18722,575,24.0,10.0,0.0,55230.0
2026-03-07 15:33:00+00:00,19,19,670603,18727,575,11.0,5.0,0.0,55260.0
2026-03-07 15:33:30+00:00,19,19,670652,18736,575,49.0,9.0,0.0,55290.0
2026-03-07 15:34:00+00:00,19,19,670872,18742,576,220.0,7.0,1.0,55320.0
2026-03-07 15:34:30+00:00,19,19,671086,18747,576,214.0,6.0,0.0,55350.0
2026-03-07 15:35:00+00:00,19,19,671397,18754,576,311.0,7.0,0.0,55380.0
2026-03-07 15:35:30+00:00,19,19,671558,18758,578,161.0,5.0,2.0,55410.0
2026-03-07 15:36:00+00:00,19,19,671738,18760,578,355.0,3.0,0.0,55440.0
2026-03-07 15:36:30+00:00,19,19,671908,18765,578,170.0,5.0,0.0,55470.0
2026-03-07 15:37:00+00:00,19,19,672096,18771,580,188.0,6.0,2.0,55500.0
2026-03-07 15:37:30+00:00,19,19,672227,18776,581,131.0,5.0,1.0,55530.0
2026-03-07 15:38:00+00:00,19,19,672281,18786,581,54.0,10.0,0.0,55560.0
2026-03-07 15:38:30+00:00,19,19,673091,18794,581,810.0,8.0,0.0,55590.0
2026-03-07 15:39:00+00:00,19,19,673276,18804,581,185.0,10.0,0.0,55620.0
2026-03-07 15:39:30+00:00,19,19,673916,18812,581,640.0,8.0,0.0,55650.0
2026-03-07 15:40:00+00:00,19,19,675239,18817,582,1323.0,5.0,1.0,55680.0
2026-03-07 15:40:30+00:00,0,0,0,0,0,0.0,0.0,0.0,55710.0
2026-03-07 15:41:00+00:00,19,19,676001,18822,582,762.0,5.0,0.0,55740.0
2026-03-07 15:41:30+00:00,19,19,676041,18830,582,40.0,8.0,0.0,55770.0
2026-03-07 15:42:00+00:00,19,19,676381,18837,582,340.0,7.0,0.0,55800.0
2026-03-07 15:42:30+00:00,19,19,676987,18840,582,606.0,3.0,0.0,55830.0
2026-03-07 15:43:00+00:00,19,19,677093,18845,582,106.0,5.0,0.0,55860.0
2026-03-07 15:43:30+00:00,19,19,678026,18858,582,933.0,13.0,0.0,55890.0
2026-03-07 15:44:00+00:00,19,19,678627,18868,582,601.0,11.0,0.0,55920.0
2026-03-07 15:44:30+00:00,19,19,679161,18877,582,534.0,9.0,0.0,55950.0
2026-03-07 15:45:00+00:00,19,19,680181,18885,582,1020.0,8.0,0.0,55980.0
2026-03-07 15:45:30+00:00,19,19,680350,18888,582,169.0,4.0,0.0,56010.0
2026-03-07 15:46:00+00:00,19,19,681279,18895,582,929.0,7.0,0.0,56040.0
2026-03-07 15:46:30+00:00,19,19,681744,18900,582,465.0,5.0,0.0,56070.0
2026-03-07 15:47:00+00:00,19,19,681749,18906,582,5.0,6.0,0.0,56100.0
2026-03-07 15:47:30+00:00,19,19,682083,18906,583,334.0,0.0,1.0,56130.0
2026-03-07 15:48:00+00:00,19,19,682574,18914,583,491.0,8.0,0.0,56160.0
2026-03-07 15:48:30+00:00,19,19,682690,18920,583,116.0,6.0,0.0,56190.0
2026-03-07 15:49:00+00:00,19,19,683820,18931,583,1130.0,11.0,0.0,56220.0
2026-03-07 15:49:30+00:00,19,19,685426,18938,583,1606.0,7.0,0.0,56250.0
2026-03-07 15:50:00+00:00,19,19,685464,18943,583,38.0,5.0,0.0,56280.0
2026-03-07 15:50:30+00:00,19,19,686626,18951,583,1162.0,8.0,0.0,56310.0
2026-03-07 15:51:00+00:00,19,19,687466,18960,583,840.0,9.0,0.0,56340.0
2026-03-07 15:51:30+00:00,19,19,688614,18973,583,1148.0,13.0,0.0,56370.0
2026-03-07 15:52:00+00:00,19,19,689149,18976,583,535.0,3.0,0.0,56400.0
2026-03-07 15:52:30+00:00,19,19,689391,18983,583,242.0,7.0,0.0,56430.0
2026-03-07 15:53:00+00:00,19,19,690073,18992,583,682.0,9.0,0.0,56460.0
2026-03-07 15:53:30+00:00,19,19,690272,19001,583,199.0,9.0,0.0,56490.0
2026-03-07 15:54:00+00:00,19,19,691850,19006,583,1578.0,5.0,0.0,56520.0
2026-03-07 15:54:30+00:00,19,19,693088,19011,583,1238.0,5.0,0.0,56550.0
2026-03-07 15:55:00+00:00,19,19,694297,19016,583,1209.0,5.0,0.0,56580.0
2026-03-07 15:55:30+00:00,19,19,694574,19025,583,277.0,9.0,0.0,56610.0
2026-03-07 15:56:00+00:00,19,19,695683,19032,583,1109.0,7.0,0.0,56640.0
2026-03-07 15:56:30+00:00,19,19,695963,19036,583,280.0,4.0,0.0,56670.0
2026-03-07 15:57:00+00:00,19,19,696429,19041,583,466.0,5.0,0.0,56700.0
2026-03-07 15:57:30+00:00,19,19,696571,19056,583,142.0,15.0,0.0,56730.0
2026-03-07 15:58:00+00:00,19,19,696582,19065,583,11.0,9.0,0.0,56760.0
2026-03-07 15:58:30+00:00,19,19,697786,19075,583,1204.0,10.0,0.0,56790.0
2026-03-07 15:59:00+00:00,19,19,698589,19080,583,803.0,6.0,0.0,56820.0
2026-03-07 15:59:30+00:00,19,19,700338,19090,584,1749.0,10.0,1.0,56850.0
2026-03-07 16:00:00+00:00,19,19,700413,19096,584,75.0,6.0,0.0,56880.0
2026-03-07 16:00:30+00:00,19,19,701049,19099,584,636.0,3.0,0.0,56910.0
2026-03-07 16:01:00+00:00,0,0,0,0,0,0.0,0.0,0.0,56940.0
2026-03-07 16:01:30+00:00,19,19,701287,19102,585,238.0,3.0,1.0,56970.0
2026-03-07 16:02:00+00:00,19,19,701638,19107,585,351.0,5.0,0.0,57000.0
2026-03-07 16:02:30+00:00,19,19,701808,19118,586,170.0,11.0,1.0,57030.0
2026-03-07 16:03:00+00:00,19,19,701789,19127,586,33.0,9.0,0.0,57060.0
2026-03-07 16:03:30+00:00,19,19,701854,19130,587,65.0,3.0,1.0,57090.0
2026-03-07 16:04:00+00:00,19,19,702300,19138,587,446.0,8.0,0.0,57120.0
2026-03-07 16:04:30+00:00,19,19,702774,19153,587,474.0,15.0,0.0,57150.0
2026-03-07 16:05:00+00:00,19,19,703137,19161,587,363.0,8.0,0.0,57180.0
2026-03-07 16:05:30+00:00,19,19,703720,19170,587,583.0,9.0,0.0,57210.0
2026-03-07 16:06:00+00:00,19,19,703788,19175,587,68.0,5.0,0.0,57240.0
2026-03-07 16:06:30+00:00,19,19,704280,19174,587,492.0,4.0,0.0,57270.0
2026-03-07 16:07:00+00:00,19,19,704631,19185,587,351.0,11.0,0.0,57300.0
2026-03-07 16:07:30+00:00,19,19,704712,19194,587,81.0,9.0,0.0,57330.0
2026-03-07 16:08:00+00:00,19,19,704791,19202,587,79.0,8.0,0.0,57360.0
2026-03-07 16:08:30+00:00,19,19,705276,19208,587,485.0,6.0,0.0,57390.0
2026-03-07 16:09:00+00:00,19,19,705928,19213,587,652.0,5.0,0.0,57420.0
2026-03-07 16:09:30+00:00,20,20,706641,19227,587,713.0,12.0,0.0,57450.0
2026-03-07 16:10:00+00:00,20,20,706769,19233,589,128.0,6.0,2.0,57480.0
2026-03-07 16:10:30+00:00,20,20,707069,19240,590,300.0,7.0,1.0,57510.0
2026-03-07 16:11:00+00:00,20,20,707322,19252,590,253.0,12.0,0.0,57540.0
2026-03-07 16:11:30+00:00,20,20,707437,19255,590,115.0,3.0,0.0,57570.0
2026-03-07 16:12:00+00:00,20,20,707715,19263,590,278.0,8.0,0.0,57600.0
2026-03-07 16:12:30+00:00,20,20,707751,19271,590,36.0,8.0,0.0,57630.0
2026-03-07 16:13:00+00:00,20,20,708265,19281,591,514.0,10.0,1.0,57660.0
2026-03-07 16:13:30+00:00,20,20,708573,19290,591,308.0,10.0,0.0,57690.0
2026-03-07 16:14:00+00:00,20,20,708992,19299,591,419.0,9.0,0.0,57720.0
2026-03-07 16:14:30+00:00,20,20,709876,19309,591,884.0,10.0,0.0,57750.0
2026-03-07 16:15:00+00:00,20,20,709986,19317,592,110.0,8.0,1.0,57780.0
2026-03-07 16:15:30+00:00,20,20,710726,19324,592,740.0,7.0,0.0,57810.0
2026-03-07 16:16:00+00:00,20,20,710729,19334,592,3.0,11.0,0.0,57840.0
2026-03-07 16:16:30+00:00,20,20,711068,19343,592,339.0,9.0,0.0,57870.0
2026-03-07 16:17:00+00:00,20,20,711125,19348,592,57.0,5.0,0.0,57900.0
2026-03-07 16:17:30+00:00,20,20,711174,19357,592,49.0,9.0,0.0,57930.0
2026-03-07 16:18:00+00:00,20,20,711676,19362,592,502.0,5.0,0.0,57960.0
2026-03-07 16:18:30+00:00,20,20,711816,19372,592,140.0,10.0,0.0,57990.0
2026-03-07 16:19:00+00:00,20,20,712159,19380,593,343.0,8.0,1.0,58020.0
2026-03-07 16:19:30+00:00,20,20,712334,19389,593,175.0,9.0,0.0,58050.0
2026-03-07 16:20:00+00:00,20,20,712469,19406,594,135.0,17.0,1.0,58080.0
2026-03-07 16:20:30+00:00,20,20,712648,19416,594,179.0,10.0,0.0,58110.0
2026-03-07 16:21:00+00:00,0,0,0,0,0,0.0,0.0,0.0,58140.0
2026-03-07 16:21:30+00:00,20,20,712651,19422,594,90.0,6.0,0.0,58170.0
2026-03-07 16:22:00+00:00,20,20,712797,19432,595,146.0,10.0,1.0,58200.0
2026-03-07 16:22:30+00:00,20,20,712859,19442,595,62.0,10.0,0.0,58230.0
2026-03-07 16:23:00+00:00,20,20,712911,19453,595,52.0,11.0,0.0,58260.0
2026-03-07 16:23:30+00:00,20,20,713266,19465,595,355.0,12.0,0.0,58290.0
2026-03-07 16:24:00+00:00,20,20,713681,19474,595,415.0,9.0,0.0,58320.0
2026-03-07 16:24:30+00:00,20,20,714123,19485,596,442.0,11.0,1.0,58350.0
2026-03-07 16:25:00+00:00,20,20,714870,19493,596,747.0,8.0,0.0,58380.0
2026-03-07 16:25:30+00:00,20,20,715038,19501,596,168.0,8.0,0.0,58410.0
2026-03-07 16:26:00+00:00,20,20,715769,19516,596,731.0,15.0,0.0,58440.0
2026-03-07 16:26:30+00:00,20,20,715813,19522,596,44.0,6.0,0.0,58470.0
2026-03-07 16:27:00+00:00,20,20,716229,19528,596,416.0,6.0,0.0,58500.0
2026-03-07 16:27:30+00:00,20,20,716438,19536,596,209.0,8.0,0.0,58530.0
2026-03-07 16:28:00+00:00,20,20,716557,19543,596,119.0,7.0,0.0,58560.0
2026-03-07 16:28:30+00:00,20,20,717315,19551,598,758.0,8.0,2.0,58590.0
2026-03-07 16:29:00+00:00,20,20,717993,19564,598,678.0,13.0,0.0,58620.0
2026-03-07 16:29:30+00:00,20,20,718411,19573,599,418.0,9.0,1.0,58650.0
2026-03-07 16:30:00+00:00,20,20,719527,19580,599,1116.0,7.0,0.0,58680.0
2026-03-07 16:30:30+00:00,20,20,719675,19589,599,148.0,9.0,0.0,58710.0
2026-03-07 16:31:00+00:00,20,20,720731,19600,599,1056.0,11.0,0.0,58740.0
2026-03-07 16:31:30+00:00,20,20,720924,19607,599,193.0,7.0,0.0,58770.0
2026-03-07 16:32:00+00:00,20,20,721364,19618,599,485.0,11.0,0.0,58800.0
2026-03-07 16:32:30+00:00,20,20,721391,19624,599,27.0,6.0,0.0,58830.0
2026-03-07 16:33:00+00:00,20,20,721498,19630,599,107.0,6.0,0.0,58860.0
2026-03-07 16:33:30+00:00,20,20,722328,19640,599,830.0,10.0,0.0,58890.0
2026-03-07 16:34:00+00:00,20,20,723213,19646,599,885.0,6.0,0.0,58920.0
2026-03-07 16:34:30+00:00,20,20,724337,19656,599,1124.0,10.0,0.0,58950.0
2026-03-07 16:35:00+00:00,20,20,725062,19664,599,725.0,8.0,0.0,58980.0
2026-03-07 16:35:30+00:00,20,20,725063,19671,600,1.0,7.0,1.0,59010.0
2026-03-07 16:36:00+00:00,20,20,725274,19678,601,211.0,8.0,1.0,59040.0
2026-03-07 16:36:30+00:00,20,20,725298,19689,601,24.0,11.0,0.0,59070.0
2026-03-07 16:37:00+00:00,20,20,725692,19697,601,394.0,8.0,0.0,59100.0
2026-03-07 16:37:30+00:00,20,20,725744,19702,601,52.0,5.0,0.0,59130.0
2026-03-07 16:38:00+00:00,20,20,725820,19706,601,76.0,4.0,0.0,59160.0
2026-03-07 16:38:30+00:00,20,20,726324,19713,602,504.0,7.0,1.0,59190.0
2026-03-07 16:39:00+00:00,20,20,726788,19719,603,464.0,6.0,1.0,59220.0
2026-03-07 16:39:30+00:00,20,20,726851,19726,603,63.0,7.0,0.0,59250.0
2026-03-07 16:40:00+00:00,20,20,727928,19734,603,1077.0,8.0,0.0,59280.0
2026-03-07 16:40:30+00:00,20,20,728025,19740,604,97.0,6.0,1.0,59310.0
2026-03-07 16:41:00+00:00,20,20,728218,19746,605,193.0,6.0,1.0,59340.0
2026-03-07 16:41:30+00:00,0,0,0,0,0,0.0,0.0,0.0,59370.0
2026-03-07 16:42:00+00:00,20,20,728032,19757,606,294.0,11.0,1.0,59400.0
2026-03-07 16:42:30+00:00,20,20,728234,19766,606,202.0,9.0,0.0,59430.0
2026-03-07 16:43:00+00:00,20,20,728337,19777,606,103.0,11.0,0.0,59460.0
2026-03-07 16:43:30+00:00,20,20,729000,19787,606,663.0,10.0,0.0,59490.0
2026-03-07 16:44:00+00:00,20,20,729371,19796,606,371.0,9.0,0.0,59520.0
2026-03-07 16:44:30+00:00,20,20,729711,19804,606,340.0,8.0,0.0,59550.0
2026-03-07 16:45:00+00:00,20,20,731035,19814,606,1324.0,10.0,0.0,59580.0
2026-03-07 16:45:30+00:00,20,20,731638,19824,606,603.0,10.0,0.0,59610.0
2026-03-07 16:46:00+00:00,20,20,731985,19832,606,347.0,8.0,0.0,59640.0
2026-03-07 16:46:30+00:00,20,20,732123,19843,606,138.0,11.0,0.0,59670.0
2026-03-07 16:47:00+00:00,20,20,732555,19848,606,432.0,5.0,0.0,59700.0
2026-03-07 16:47:30+00:00,20,20,732641,19852,606,86.0,4.0,0.0,59730.0
2026-03-07 16:48:00+00:00,20,20,732695,19862,606,54.0,10.0,0.0,59760.0
2026-03-07 16:48:30+00:00,20,20,733650,19877,606,955.0,15.0,0.0,59790.0
2026-03-07 16:49:00+00:00,20,20,734327,19885,606,677.0,8.0,0.0,59820.0
2026-03-07 16:49:30+00:00,20,20,734493,19897,607,166.0,12.0,1.0,59850.0
2026-03-07 16:50:00+00:00,20,20,735540,19904,607,1047.0,7.0,0.0,59880.0
2026-03-07 16:50:30+00:00,20,20,736249,19912,607,709.0,8.0,0.0,59910.0
2026-03-07 16:51:00+00:00,20,20,736502,19916,608,253.0,4.0,1.0,59940.0
2026-03-07 16:51:30+00:00,20,20,736440,19924,608,349.0,8.0,0.0,59970.0
2026-03-07 16:52:00+00:00,20,20,736536,19931,608,96.0,7.0,0.0,60000.0
2026-03-07 16:52:30+00:00,20,20,736674,19937,608,138.0,6.0,0.0,60030.0
2026-03-07 16:53:00+00:00,20,20,737237,19945,608,563.0,8.0,0.0,60060.0
2026-03-07 16:53:30+00:00,20,20,737801,19950,608,564.0,5.0,0.0,60090.0
2026-03-07 16:54:00+00:00,20,20,738014,19959,608,213.0,9.0,0.0,60120.0
2026-03-07 16:54:30+00:00,20,20,738709,19969,608,695.0,11.0,0.0,60150.0
2026-03-07 16:55:00+00:00,20,20,738748,19978,608,39.0,9.0,0.0,60180.0
2026-03-07 16:55:30+00:00,20,20,738757,19988,609,9.0,10.0,1.0,60210.0
2026-03-07 16:56:00+00:00,20,20,739221,19992,609,464.0,4.0,0.0,60240.0
2026-03-07 16:56:30+00:00,20,20,739263,20002,609,161.0,10.0,0.0,60270.0
2026-03-07 16:57:00+00:00,20,20,739434,20017,609,171.0,15.0,0.0,60300.0
2026-03-07 16:57:30+00:00,20,20,739483,20025,609,49.0,8.0,0.0,60330.0
2026-03-07 16:58:00+00:00,20,20,739856,20033,609,373.0,8.0,0.0,60360.0
2026-03-07 16:58:30+00:00,20,20,739960,20039,609,104.0,6.0,0.0,60390.0
2026-03-07 16:59:00+00:00,20,20,740293,20049,609,333.0,10.0,0.0,60420.0
2026-03-07 16:59:30+00:00,20,20,740488,20058,609,195.0,10.0,0.0,60450.0
2026-03-07 17:00:00+00:00,20,20,741565,20060,609,1077.0,4.0,0.0,60480.0
2026-03-07 17:00:30+00:00,20,20,742172,20071,609,607.0,11.0,0.0,60510.0
2026-03-07 17:01:00+00:00,20,20,742440,20085,609,335.0,14.0,0.0,60540.0
2026-03-07 17:01:30+00:00,20,20,742938,20096,610,498.0,11.0,1.0,60570.0
2026-03-07 17:02:00+00:00,0,0,0,0,0,0.0,0.0,0.0,60600.0
2026-03-07 17:02:30+00:00,20,20,743083,20105,612,145.0,9.0,2.0,60630.0
2026-03-07 17:03:00+00:00,20,20,743190,20114,612,107.0,9.0,0.0,60660.0
2026-03-07 17:03:30+00:00,20,20,743943,20126,612,753.0,12.0,0.0,60690.0
2026-03-07 17:04:00+00:00,20,20,744902,20138,612,959.0,12.0,0.0,60720.0
2026-03-07 17:04:30+00:00,20,20,745056,20143,612,154.0,5.0,0.0,60750.0
2026-03-07 17:05:00+00:00,20,20,745190,20151,612,134.0,8.0,0.0,60780.0
2026-03-07 17:05:30+00:00,20,20,746574,20160,612,1384.0,9.0,0.0,60810.0
2026-03-07 17:06:00+00:00,20,20,746907,20174,612,333.0,14.0,0.0,60840.0
2026-03-07 17:06:30+00:00,20,20,747026,20188,612,119.0,14.0,0.0,60870.0
2026-03-07 17:07:00+00:00,20,20,747252,20197,614,226.0,9.0,2.0,60900.0
2026-03-07 17:07:30+00:00,20,20,747374,20207,614,122.0,10.0,0.0,60930.0
2026-03-07 17:08:00+00:00,20,20,747465,20216,614,91.0,9.0,0.0,60960.0
2026-03-07 17:08:30+00:00,20,20,747982,20224,614,599.0,8.0,0.0,60990.0
2026-03-07 17:09:00+00:00,20,20,748757,20228,614,775.0,4.0,0.0,61020.0
2026-03-07 17:09:30+00:00,20,20,749081,20236,614,324.0,8.0,0.0,61050.0
2026-03-07 17:10:00+00:00,20,20,749978,20243,615,897.0,7.0,1.0,61080.0
2026-03-07 17:10:30+00:00,20,20,750494,20251,616,516.0,8.0,1.0,61110.0
2026-03-07 17:11:00+00:00,20,20,750850,20264,616,356.0,13.0,0.0,61140.0
2026-03-07 17:11:30+00:00,20,20,751108,20272,616,258.0,8.0,0.0,61170.0
2026-03-07 17:12:00+00:00,20,20,751200,20283,616,92.0,11.0,0.0,61200.0
2026-03-07 17:12:30+00:00,20,20,751294,20290,616,94.0,7.0,0.0,61230.0
2026-03-07 17:13:00+00:00,20,20,751326,20302,617,32.0,12.0,1.0,61260.0
2026-03-07 17:13:30+00:00,20,20,751818,20307,617,492.0,6.0,0.0,61290.0
2026-03-07 17:14:00+00:00,20,20,752253,20312,617,435.0,5.0,0.0,61320.0
2026-03-07 17:14:30+00:00,20,20,752597,20316,618,344.0,4.0,1.0,61350.0
2026-03-07 17:15:00+00:00,20,20,753379,20321,619,782.0,5.0,1.0,61380.0
2026-03-07 17:15:30+00:00,20,20,753441,20325,619,62.0,5.0,0.0,61410.0
2026-03-07 17:16:00+00:00,20,20,754004,20333,619,563.0,8.0,0.0,61440.0
2026-03-07 17:16:30+00:00,20,20,754061,20341,619,57.0,8.0,0.0,61470.0
2026-03-07 17:17:00+00:00,20,20,754445,20347,619,455.0,6.0,0.0,61500.0
2026-03-07 17:17:30+00:00,20,20,754462,20360,619,17.0,13.0,0.0,61530.0
2026-03-07 17:18:00+00:00,20,20,755494,20367,619,1032.0,7.0,0.0,61560.0
2026-03-07 17:18:30+00:00,20,20,755856,20375,619,362.0,8.0,0.0,61590.0
2026-03-07 17:19:00+00:00,20,20,756506,20384,620,650.0,9.0,1.0,61620.0
2026-03-07 17:19:30+00:00,20,20,757223,20396,620,717.0,12.0,0.0,61650.0
2026-03-07 17:20:00+00:00,20,20,757405,20403,620,182.0,7.0,0.0,61680.0
2026-03-07 17:20:30+00:00,20,20,758215,20410,620,810.0,7.0,0.0,61710.0
2026-03-07 17:21:00+00:00,20,20,758274,20415,620,59.0,5.0,0.0,61740.0
2026-03-07 17:21:30+00:00,20,20,758680,20424,620,406.0,9.0,0.0,61770.0
2026-03-07 17:22:00+00:00,20,20,758750,20432,620,70.0,8.0,0.0,61800.0
2026-03-07 17:22:30+00:00,0,0,0,0,0,0.0,0.0,0.0,61830.0
2026-03-07 17:23:00+00:00,20,20,758869,20439,621,119.0,7.0,1.0,61860.0
2026-03-07 17:23:30+00:00,20,20,759525,20451,621,656.0,12.0,0.0,61890.0
2026-03-07 17:24:00+00:00,20,20,760184,20456,621,659.0,5.0,0.0,61920.0
2026-03-07 17:24:30+00:00,20,20,760608,20461,621,424.0,5.0,0.0,61950.0
2026-03-07 17:25:00+00:00,20,20,760788,20469,622,180.0,8.0,1.0,61980.0
2026-03-07 17:25:30+00:00,20,20,761582,20478,622,932.0,9.0,0.0,62010.0
2026-03-07 17:26:00+00:00,20,20,762416,20485,622,834.0,7.0,0.0,62040.0
2026-03-07 17:26:30+00:00,20,20,762687,20493,622,271.0,9.0,0.0,62070.0
2026-03-07 17:27:00+00:00,20,20,762900,20499,623,213.0,6.0,1.0,62100.0
2026-03-07 17:27:30+00:00,20,20,763031,20511,624,131.0,12.0,1.0,62130.0
2026-03-07 17:28:00+00:00,20,20,763073,20517,624,42.0,6.0,0.0,62160.0
2026-03-07 17:28:30+00:00,20,20,763697,20529,624,624.0,12.0,0.0,62190.0
2026-03-07 17:29:00+00:00,20,20,764221,20537,624,524.0,8.0,0.0,62220.0
2026-03-07 17:29:30+00:00,20,20,764449,20544,624,324.0,7.0,0.0,62250.0
2026-03-07 17:30:00+00:00,20,20,765038,20552,624,589.0,8.0,0.0,62280.0
2026-03-07 17:30:30+00:00,20,20,765316,20567,624,278.0,15.0,0.0,62310.0
2026-03-07 17:31:00+00:00,20,20,765474,20580,624,158.0,13.0,0.0,62340.0
2026-03-07 17:31:30+00:00,20,20,765592,20590,625,118.0,10.0,1.0,62370.0
2026-03-07 17:32:00+00:00,20,20,765805,20598,626,213.0,8.0,1.0,62400.0
2026-03-07 17:32:30+00:00,20,20,765868,20607,626,63.0,9.0,0.0,62430.0
2026-03-07 17:33:00+00:00,20,20,765918,20621,626,50.0,14.0,0.0,62460.0
2026-03-07 17:33:30+00:00,20,20,766460,20631,626,542.0,10.0,0.0,62490.0
2026-03-07 17:34:00+00:00,20,20,766909,20645,626,449.0,14.0,0.0,62520.0
2026-03-07 17:34:30+00:00,20,20,767232,20657,626,323.0,12.0,0.0,62550.0
2026-03-07 17:35:00+00:00,20,20,767965,20659,627,733.0,2.0,1.0,62580.0
2026-03-07 17:35:30+00:00,20,20,768488,20666,627,523.0,7.0,0.0,62610.0
2026-03-07 17:36:00+00:00,20,20,768781,20669,627,293.0,3.0,0.0,62640.0
2026-03-07 17:36:30+00:00,20,20,769137,20676,627,356.0,7.0,0.0,62670.0
2026-03-07 17:37:00+00:00,20,20,769281,20677,627,144.0,1.0,0.0,62700.0
2026-03-07 17:37:30+00:00,20,20,769292,20688,627,11.0,11.0,0.0,62730.0
2026-03-07 17:38:00+00:00,20,20,769369,20701,628,77.0,13.0,1.0,62760.0
2026-03-07 17:38:30+00:00,20,20,770911,20711,628,1542.0,10.0,0.0,62790.0
2026-03-07 17:39:00+00:00,20,20,771309,20718,628,398.0,7.0,0.0,62820.0
2026-03-07 17:39:30+00:00,20,20,772258,20723,628,949.0,5.0,0.0,62850.0
2026-03-07 17:40:00+00:00,20,20,772316,20727,629,58.0,4.0,1.0,62880.0
2026-03-07 17:40:30+00:00,20,20,772758,20735,629,497.0,8.0,0.0,62910.0
2026-03-07 17:41:00+00:00,20,20,773029,20745,630,271.0,10.0,1.0,62940.0
2026-03-07 17:41:30+00:00,20,20,773548,20748,630,519.0,3.0,0.0,62970.0
2026-03-07 17:42:00+00:00,20,20,773587,20754,630,39.0,6.0,0.0,63000.0
2026-03-07 17:42:30+00:00,20,20,773642,20759,630,55.0,5.0,0.0,63030.0
2026-03-07 17:43:00+00:00,0,0,0,0,0,0.0,0.0,0.0,63060.0
2026-03-07 17:43:30+00:00,20,20,774477,20765,630,835.0,6.0,0.0,63090.0
2026-03-07 17:44:00+00:00,20,20,775393,20772,630,916.0,7.0,0.0,63120.0
2026-03-07 17:44:30+00:00,20,20,775445,20780,630,227.0,8.0,0.0,63150.0
2026-03-07 17:45:00+00:00,20,20,776487,20786,630,1042.0,6.0,0.0,63180.0
2026-03-07 17:45:30+00:00,20,20,777097,20789,630,610.0,3.0,0.0,63210.0
2026-03-07 17:46:00+00:00,20,20,777431,20795,631,334.0,6.0,1.0,63240.0
2026-03-07 17:46:30+00:00,20,20,777475,20803,631,44.0,8.0,0.0,63270.0
2026-03-07 17:47:00+00:00,20,20,777885,20815,631,410.0,12.0,0.0,63300.0
2026-03-07 17:47:30+00:00,20,20,777981,20825,631,96.0,11.0,0.0,63330.0
2026-03-07 17:48:00+00:00,20,20,778052,20835,631,71.0,10.0,0.0,63360.0
2026-03-07 17:48:30+00:00,20,20,778788,20845,631,736.0,10.0,0.0,63390.0
2026-03-07 17:49:00+00:00,20,20,779516,20849,632,728.0,4.0,1.0,63420.0
2026-03-07 17:49:30+00:00,20,20,779682,20856,632,166.0,7.0,0.0,63450.0
2026-03-07 17:50:00+00:00,20,20,780585,20865,632,903.0,9.0,0.0,63480.0
2026-03-07 17:50:30+00:00,20,20,780689,20869,632,104.0,4.0,0.0,63510.0
2026-03-07 17:51:00+00:00,20,20,781315,20874,632,626.0,6.0,0.0,63540.0
2026-03-07 17:51:30+00:00,20,20,781343,20886,633,28.0,12.0,1.0,63570.0
2026-03-07 17:52:00+00:00,20,20,781799,20893,633,456.0,7.0,0.0,63600.0
2026-03-07 17:52:30+00:00,20,20,781926,20904,633,127.0,11.0,0.0,63630.0
2026-03-07 17:53:00+00:00,20,20,781991,20912,634,65.0,8.0,1.0,63660.0
2026-03-07 17:53:30+00:00,20,20,782787,20921,634,796.0,9.0,0.0,63690.0
2026-03-07 17:54:00+00:00,20,20,783542,20925,636,755.0,4.0,2.0,63720.0
2026-03-07 17:54:30+00:00,20,20,784167,20929,636,625.0,4.0,0.0,63750.0
2026-03-07 17:55:00+00:00,20,20,785050,20934,636,883.0,6.0,0.0,63780.0
2026-03-07 17:55:30+00:00,20,20,785605,20942,637,555.0,8.0,1.0,63810.0
2026-03-07 17:56:00+00:00,20,20,785897,20946,637,292.0,4.0,0.0,63840.0
2026-03-07 17:56:30+00:00,20,20,786204,20954,637,307.0,8.0,0.0,63870.0
2026-03-07 17:57:00+00:00,20,20,786487,20963,637,283.0,9.0,0.0,63900.0
2026-03-07 17:57:30+00:00,20,20,786541,20968,638,54.0,5.0,1.0,63930.0
2026-03-07 17:58:00+00:00,20,20,787417,20981,638,876.0,13.0,0.0,63960.0
2026-03-07 17:58:30+00:00,20,20,787791,20994,638,374.0,13.0,0.0,63990.0
2026-03-07 17:59:00+00:00,20,20,788654,20999,638,863.0,5.0,0.0,64020.0
2026-03-07 17:59:30+00:00,20,20,789863,21008,638,1209.0,9.0,0.0,64050.0
2026-03-07 18:00:00+00:00,20,20,789962,21013,638,99.0,5.0,0.0,64080.0
2026-03-07 18:00:30+00:00,20,20,791044,21021,638,1082.0,8.0,0.0,64110.0
2026-03-07 18:01:00+00:00,20,20,791075,21029,638,31.0,8.0,0.0,64140.0
2026-03-07 18:01:30+00:00,20,20,791402,21039,638,327.0,10.0,0.0,64170.0
2026-03-07 18:02:00+00:00,20,20,791594,21048,638,192.0,10.0,0.0,64200.0
2026-03-07 18:02:30+00:00,20,20,791679,21056,638,85.0,8.0,0.0,64230.0
2026-03-07 18:03:00+00:00,0,0,0,0,0,0.0,0.0,0.0,64260.0
2026-03-07 18:03:30+00:00,20,20,792378,21061,638,699.0,5.0,0.0,64290.0
2026-03-07 18:04:00+00:00,20,20,792820,21065,638,442.0,4.0,0.0,64320.0
2026-03-07 18:04:30+00:00,20,20,793493,21067,638,673.0,2.0,0.0,64350.0
2026-03-07 18:05:00+00:00,20,20,794389,21076,638,896.0,9.0,0.0,64380.0
2026-03-07 18:05:30+00:00,20,20,794918,21083,639,529.0,7.0,1.0,64410.0
2026-03-07 18:06:00+00:00,20,20,795113,21090,639,195.0,7.0,0.0,64440.0
2026-03-07 18:06:30+00:00,20,20,795218,21094,639,105.0,4.0,0.0,64470.0
2026-03-07 18:07:00+00:00,20,20,795515,21101,639,297.0,7.0,0.0,64500.0
2026-03-07 18:07:30+00:00,20,20,795533,21106,639,18.0,5.0,0.0,64530.0
2026-03-07 18:08:00+00:00,20,20,795557,21110,639,24.0,4.0,0.0,64560.0
2026-03-07 18:08:30+00:00,20,20,795619,21116,639,62.0,6.0,0.0,64590.0
2026-03-07 18:09:00+00:00,20,20,796338,21121,639,719.0,5.0,0.0,64620.0
2026-03-07 18:09:30+00:00,20,20,796523,21133,639,185.0,12.0,0.0,64650.0
2026-03-07 18:10:00+00:00,20,20,796974,21143,639,451.0,10.0,0.0,64680.0
2026-03-07 18:10:30+00:00,20,20,797209,21151,639,235.0,8.0,0.0,64710.0
2026-03-07 18:11:00+00:00,20,20,797407,21165,639,198.0,14.0,0.0,64740.0
2026-03-07 18:11:30+00:00,20,20,797594,21179,639,187.0,14.0,0.0,64770.0
2026-03-07 18:12:00+00:00,20,20,797676,21186,639,82.0,7.0,0.0,64800.0
2026-03-07 18:12:30+00:00,20,20,797727,21191,639,51.0,5.0,0.0,64830.0
2026-03-07 18:13:00+00:00,20,20,798149,21199,640,422.0,8.0,1.0,64860.0
2026-03-07 18:13:30+00:00,20,20,798186,21210,640,37.0,11.0,0.0,64890.0
2026-03-07 18:14:00+00:00,20,20,798603,21219,640,417.0,9.0,0.0,64920.0
2026-03-07 18:14:30+00:00,20,20,799274,21230,641,671.0,11.0,1.0,64950.0
2026-03-07 18:15:00+00:00,20,20,799307,21235,641,33.0,5.0,0.0,64980.0
2026-03-07 18:15:30+00:00,20,20,799692,21244,641,385.0,9.0,0.0,65010.0
2026-03-07 18:16:00+00:00,20,20,800015,21253,641,323.0,9.0,0.0,65040.0
2026-03-07 18:16:30+00:00,20,20,800321,21264,641,306.0,11.0,0.0,65070.0
2026-03-07 18:17:00+00:00,20,20,800456,21268,641,135.0,4.0,0.0,65100.0
2026-03-07 18:17:30+00:00,20,20,800463,21276,643,7.0,8.0,2.0,65130.0
2026-03-07 18:18:00+00:00,20,20,801016,21286,643,553.0,10.0,0.0,65160.0
2026-03-07 18:18:30+00:00,20,20,801380,21291,643,364.0,6.0,0.0,65190.0
2026-03-07 18:19:00+00:00,20,20,802034,21300,643,654.0,9.0,0.0,65220.0
2026-03-07 18:19:30+00:00,20,20,803022,21306,643,988.0,6.0,0.0,65250.0
2026-03-07 18:20:00+00:00,20,20,803127,21311,643,105.0,5.0,0.0,65280.0
2026-03-07 18:20:30+00:00,20,20,803957,21316,644,830.0,5.0,1.0,65310.0
2026-03-07 18:21:00+00:00,20,20,803964,21322,644,7.0,6.0,0.0,65340.0
2026-03-07 18:21:30+00:00,20,20,804329,21326,644,365.0,4.0,0.0,65370.0
2026-03-07 18:22:00+00:00,20,20,804420,21336,644,91.0,10.0,0.0,65400.0
2026-03-07 18:22:30+00:00,20,20,804470,21342,644,50.0,6.0,0.0,65430.0
2026-03-07 18:23:00+00:00,20,20,804940,21350,644,470.0,8.0,0.0,65460.0
2026-03-07 18:23:30+00:00,20,20,805639,21354,645,699.0,4.0,1.0,65490.0
2026-03-07 18:24:00+00:00,0,0,0,0,0,0.0,0.0,0.0,65520.0
2026-03-07 18:24:30+00:00,20,20,805783,21361,645,144.0,7.0,0.0,65550.0
2026-03-07 18:25:00+00:00,20,20,806559,21369,645,776.0,8.0,0.0,65580.0
2026-03-07 18:25:30+00:00,20,20,807019,21379,645,460.0,10.0,0.0,65610.0
2026-03-07 18:26:00+00:00,20,20,807349,21383,645,330.0,4.0,0.0,65640.0
2026-03-07 18:26:30+00:00,20,20,807481,21391,645,132.0,8.0,0.0,65670.0
2026-03-07 18:27:00+00:00,20,20,807783,21399,647,302.0,8.0,2.0,65700.0
2026-03-07 18:27:30+00:00,20,20,807830,21404,647,47.0,5.0,0.0,65730.0
2026-03-07 18:28:00+00:00,20,20,807860,21410,647,30.0,6.0,0.0,65760.0
2026-03-07 18:28:30+00:00,20,20,808381,21418,647,521.0,8.0,0.0,65790.0
2026-03-07 18:29:00+00:00,20,20,808820,21424,647,439.0,6.0,0.0,65820.0
2026-03-07 18:29:30+00:00,20,20,809289,21428,647,469.0,4.0,0.0,65850.0
2026-03-07 18:30:00+00:00,20,20,810012,21433,647,723.0,5.0,0.0,65880.0
2026-03-07 18:30:30+00:00,20,20,810256,21438,647,244.0,5.0,0.0,65910.0
2026-03-07 18:31:00+00:00,20,20,811066,21444,647,810.0,6.0,0.0,65940.0
2026-03-07 18:31:30+00:00,20,20,811118,21446,647,52.0,2.0,0.0,65970.0
2026-03-07 18:32:00+00:00,20,20,811436,21453,648,318.0,7.0,1.0,66000.0
2026-03-07 18:32:30+00:00,20,20,811457,21456,649,21.0,3.0,1.0,66030.0
2026-03-07 18:33:00+00:00,20,20,811522,21459,649,65.0,3.0,0.0,66060.0
2026-03-07 18:33:30+00:00,20,20,812041,21463,649,519.0,5.0,0.0,66090.0
2026-03-07 18:34:00+00:00,20,20,812311,21471,649,270.0,8.0,0.0,66120.0
2026-03-07 18:34:30+00:00,20,20,812872,21484,649,561.0,13.0,0.0,66150.0
2026-03-07 18:35:00+00:00,20,20,812891,21487,649,19.0,3.0,0.0,66180.0
2026-03-07 18:35:30+00:00,20,20,813276,21497,649,385.0,10.0,0.0,66210.0
2026-03-07 18:36:00+00:00,20,20,813276,21505,649,0.0,8.0,0.0,66240.0
2026-03-07 18:36:30+00:00,20,20,813471,21512,649,195.0,7.0,0.0,66270.0
2026-03-07 18:37:00+00:00,20,20,813524,21520,649,53.0,8.0,0.0,66300.0
2026-03-07 18:37:30+00:00,20,20,813526,21524,649,2.0,4.0,0.0,66330.0
2026-03-07 18:38:00+00:00,20,20,813876,21533,649,350.0,9.0,0.0,66360.0
2026-03-07 18:38:30+00:00,20,20,814075,21535,649,199.0,2.0,0.0,66390.0
2026-03-07 18:39:00+00:00,20,20,814290,21546,649,215.0,11.0,0.0,66420.0
2026-03-07 18:39:30+00:00,20,20,814887,21549,649,597.0,3.0,0.0,66450.0
2026-03-07 18:40:00+00:00,20,20,814902,21552,649,15.0,3.0,0.0,66480.0
2026-03-07 18:40:30+00:00,20,20,815252,21555,649,350.0,3.0,0.0,66510.0
2026-03-07 18:41:00+00:00,20,20,815316,21559,649,64.0,4.0,0.0,66540.0
2026-03-07 18:41:30+00:00,20,20,815534,21564,649,218.0,5.0,0.0,66570.0
2026-03-07 18:42:00+00:00,20,20,815568,21571,649,34.0,7.0,0.0,66600.0
2026-03-07 18:42:30+00:00,20,20,815601,21577,649,33.0,6.0,0.0,66630.0
2026-03-07 18:43:00+00:00,20,20,815951,21582,649,350.0,5.0,0.0,66660.0
2026-03-07 18:43:30+00:00,20,20,816294,21589,649,343.0,7.0,0.0,66690.0
2026-03-07 18:44:00+00:00,20,20,816605,21592,650,311.0,3.0,1.0,66720.0
2026-03-07 18:44:30+00:00,20,20,817544,21595,650,939.0,3.0,0.0,66750.0
2026-03-07 18:45:00+00:00,0,0,0,0,0,0.0,0.0,0.0,66780.0
2026-03-07 18:45:30+00:00,20,20,817602,21598,650,58.0,3.0,0.0,66810.0
2026-03-07 18:46:00+00:00,20,20,818071,21603,650,469.0,5.0,0.0,66840.0
2026-03-07 18:46:30+00:00,20,20,818338,21608,650,267.0,5.0,0.0,66870.0
2026-03-07 18:47:00+00:00,20,20,818696,21615,650,358.0,7.0,0.0,66900.0
2026-03-07 18:47:30+00:00,20,20,818741,21620,650,45.0,5.0,0.0,66930.0
2026-03-07 18:48:00+00:00,20,20,818813,21622,650,72.0,2.0,0.0,66960.0
2026-03-07 18:48:30+00:00,20,20,819451,21629,650,638.0,7.0,0.0,66990.0
2026-03-07 18:49:00+00:00,20,20,820286,21637,650,835.0,8.0,0.0,67020.0
2026-03-07 18:49:30+00:00,20,20,820534,21642,650,248.0,5.0,0.0,67050.0
2026-03-07 18:50:00+00:00,20,20,821549,21647,650,1015.0,5.0,0.0,67080.0
2026-03-07 18:50:30+00:00,20,20,821925,21655,650,376.0,8.0,0.0,67110.0
2026-03-07 18:51:00+00:00,20,20,822442,21662,650,517.0,7.0,0.0,67140.0
2026-03-07 18:51:30+00:00,20,20,822442,21666,651,0.0,4.0,1.0,67170.0
2026-03-07 18:52:00+00:00,20,20,822866,21671,651,424.0,5.0,0.0,67200.0
2026-03-07 18:52:30+00:00,20,20,822948,21677,651,82.0,6.0,0.0,67230.0
2026-03-07 18:53:00+00:00,20,20,823543,21686,651,595.0,9.0,0.0,67260.0
2026-03-07 18:53:30+00:00,20,20,823857,21688,652,314.0,2.0,1.0,67290.0
2026-03-07 18:54:00+00:00,20,20,824369,21697,652,512.0,9.0,0.0,67320.0
2026-03-07 18:54:30+00:00,20,20,824616,21700,652,247.0,3.0,0.0,67350.0
2026-03-07 18:55:00+00:00,20,20,825707,21704,652,1091.0,4.0,0.0,67380.0
2026-03-07 18:55:30+00:00,20,20,826174,21706,652,467.0,2.0,0.0,67410.0
2026-03-07 18:56:00+00:00,20,20,826730,21715,652,556.0,9.0,0.0,67440.0
2026-03-07 18:56:30+00:00,20,20,826734,21719,652,4.0,4.0,0.0,67470.0
2026-03-07 18:57:00+00:00,20,20,827185,21727,652,451.0,8.0,0.0,67500.0
2026-03-07 18:57:30+00:00,20,20,827247,21732,653,62.0,5.0,1.0,67530.0
2026-03-07 18:58:00+00:00,20,20,827284,21737,653,37.0,5.0,0.0,67560.0
2026-03-07 18:58:30+00:00,20,20,828022,21743,653,738.0,6.0,0.0,67590.0
2026-03-07 18:59:00+00:00,20,20,828877,21745,654,855.0,2.0,1.0,67620.0
2026-03-07 18:59:30+00:00,20,20,830063,21751,655,1186.0,6.0,1.0,67650.0
2026-03-07 19:00:00+00:00,20,20,830152,21758,655,89.0,7.0,0.0,67680.0
2026-03-07 19:00:30+00:00,20,20,830674,21767,655,522.0,9.0,0.0,67710.0
2026-03-07 19:01:00+00:00,20,20,830899,21779,655,225.0,12.0,0.0,67740.0
2026-03-07 19:01:30+00:00,20,20,831103,21795,655,204.0,16.0,0.0,67770.0
2026-03-07 19:02:00+00:00,20,20,831158,21802,655,55.0,7.0,0.0,67800.0
2026-03-07 19:02:30+00:00,20,20,831158,21811,656,0.0,9.0,1.0,67830.0
2026-03-07 19:03:00+00:00,20,20,831623,21818,656,465.0,7.0,0.0,67860.0
2026-03-07 19:03:30+00:00,20,20,831987,21822,656,364.0,4.0,0.0,67890.0
2026-03-07 19:04:00+00:00,20,20,832240,21826,656,253.0,4.0,0.0,67920.0
2026-03-07 19:04:30+00:00,20,20,832246,21830,656,6.0,5.0,0.0,67950.0
2026-03-07 19:05:00+00:00,20,20,832933,21837,656,687.0,7.0,0.0,67980.0
2026-03-07 19:05:30+00:00,0,0,0,0,0,0.0,0.0,0.0,68010.0
2026-03-07 19:06:00+00:00,20,20,833250,21842,656,317.0,5.0,0.0,68040.0
2026-03-07 19:06:30+00:00,20,20,833294,21845,656,44.0,4.0,0.0,68070.0
2026-03-07 19:07:00+00:00,20,20,833458,21852,656,164.0,7.0,0.0,68100.0
2026-03-07 19:07:30+00:00,20,20,833491,21857,656,33.0,5.0,0.0,68130.0
2026-03-07 19:08:00+00:00,20,20,833512,21866,656,21.0,9.0,0.0,68160.0
2026-03-07 19:08:30+00:00,20,20,833903,21871,656,391.0,5.0,0.0,68190.0
2026-03-07 19:09:00+00:00,20,20,834337,21880,656,434.0,9.0,0.0,68220.0
2026-03-07 19:09:30+00:00,20,20,834455,21891,656,118.0,11.0,0.0,68250.0
2026-03-07 19:10:00+00:00,20,20,835091,21894,656,636.0,3.0,0.0,68280.0
2026-03-07 19:10:30+00:00,20,20,835318,21909,657,227.0,15.0,1.0,68310.0
2026-03-07 19:11:00+00:00,20,20,835665,21921,657,347.0,12.0,0.0,68340.0
2026-03-07 19:11:30+00:00,20,20,835665,21929,657,0.0,8.0,0.0,68370.0
2026-03-07 19:12:00+00:00,20,20,836040,21933,657,375.0,4.0,0.0,68400.0
2026-03-07 19:12:30+00:00,20,20,836073,21937,657,33.0,5.0,0.0,68430.0
2026-03-07 19:13:00+00:00,20,20,836629,21940,657,556.0,3.0,0.0,68460.0
2026-03-07 19:13:30+00:00,20,20,836911,21945,657,282.0,6.0,0.0,68490.0
2026-03-07 19:14:00+00:00,20,20,837398,21952,657,487.0,7.0,0.0,68520.0
2026-03-07 19:14:30+00:00,20,20,838548,21957,657,1150.0,5.0,0.0,68550.0
2026-03-07 19:15:00+00:00,20,20,838577,21965,657,29.0,8.0,0.0,68580.0
2026-03-07 19:15:30+00:00,20,20,839225,21968,657,648.0,3.0,0.0,68610.0
2026-03-07 19:16:00+00:00,20,20,839516,21972,658,291.0,4.0,1.0,68640.0
2026-03-07 19:16:30+00:00,20,20,839828,21977,658,312.0,5.0,0.0,68670.0
2026-03-07 19:17:00+00:00,20,20,839925,21989,658,97.0,12.0,0.0,68700.0
2026-03-07 19:17:30+00:00,20,20,839953,21996,658,28.0,7.0,0.0,68730.0
2026-03-07 19:18:00+00:00,20,20,840739,22003,658,786.0,7.0,0.0,68760.0
2026-03-07 19:18:30+00:00,20,20,841340,22008,658,601.0,5.0,0.0,68790.0
2026-03-07 19:19:00+00:00,20,20,841664,22013,658,324.0,5.0,0.0,68820.0
2026-03-07 19:19:30+00:00,20,20,842498,22017,658,834.0,4.0,0.0,68850.0
2026-03-07 19:20:00+00:00,20,20,842559,22024,658,61.0,7.0,0.0,68880.0
2026-03-07 19:20:30+00:00,20,20,843405,22030,658,846.0,6.0,0.0,68910.0
2026-03-07 19:21:00+00:00,20,20,843430,22035,659,25.0,5.0,1.0,68940.0
2026-03-07 19:21:30+00:00,20,20,843572,22040,659,142.0,5.0,0.0,68970.0
2026-03-07 19:22:00+00:00,20,20,843845,22048,659,273.0,8.0,0.0,69000.0
2026-03-07 19:22:30+00:00,20,20,843912,22051,659,67.0,3.0,0.0,69030.0
2026-03-07 19:23:00+00:00,20,20,844431,22058,659,519.0,7.0,0.0,69060.0
2026-03-07 19:23:30+00:00,20,20,844861,22063,659,430.0,5.0,0.0,69090.0
2026-03-07 19:24:00+00:00,20,20,845383,22072,659,522.0,9.0,0.0,69120.0
2026-03-07 19:24:30+00:00,20,20,846402,22081,659,1019.0,9.0,0.0,69150.0
2026-03-07 19:25:00+00:00,20,20,846448,22088,659,46.0,7.0,0.0,69180.0
2026-03-07 19:25:30+00:00,20,20,847452,22097,659,1004.0,9.0,0.0,69210.0
2026-03-07 19:26:00+00:00,0,0,0,0,0,0.0,0.0,0.0,69240.0
2026-03-07 19:26:30+00:00,20,20,847453,22105,659,1.0,9.0,0.0,69270.0
2026-03-07 19:27:00+00:00,20,20,847818,22109,659,365.0,4.0,0.0,69300.0
2026-03-07 19:27:30+00:00,20,20,847841,22117,660,23.0,8.0,1.0,69330.0
2026-03-07 19:28:00+00:00,20,20,847861,22124,660,20.0,7.0,0.0,69360.0
2026-03-07 19:28:30+00:00,20,20,848139,22130,660,278.0,6.0,0.0,69390.0
2026-03-07 19:29:00+00:00,20,20,848443,22134,660,304.0,4.0,0.0,69420.0
2026-03-07 19:29:30+00:00,20,20,848556,22141,660,113.0,7.0,0.0,69450.0
2026-03-07 19:30:00+00:00,20,20,849033,22148,660,477.0,7.0,0.0,69480.0
2026-03-07 19:30:30+00:00,20,20,849249,22153,661,216.0,5.0,1.0,69510.0
2026-03-07 19:31:00+00:00,20,20,849463,22162,662,214.0,9.0,1.0,69540.0
2026-03-07 19:31:30+00:00,20,20,849526,22170,662,63.0,8.0,0.0,69570.0
2026-03-07 19:32:00+00:00,20,20,849655,22181,662,129.0,11.0,0.0,69600.0
2026-03-07 19:32:30+00:00,20,20,849689,22185,662,34.0,4.0,0.0,69630.0
2026-03-07 19:33:00+00:00,20,20,849716,22189,662,27.0,6.0,0.0,69660.0
2026-03-07 19:33:30+00:00,20,20,850347,22192,662,631.0,4.0,0.0,69690.0
2026-03-07 19:34:00+00:00,20,20,850521,22205,662,174.0,13.0,0.0,69720.0
2026-03-07 19:34:30+00:00,20,20,850726,22213,662,205.0,8.0,0.0,69750.0
2026-03-07 19:35:00+00:00,20,20,851157,22216,662,431.0,3.0,0.0,69780.0
2026-03-07 19:35:30+00:00,20,20,851608,22219,662,451.0,3.0,0.0,69810.0
2026-03-07 19:36:00+00:00,20,20,851630,22223,662,22.0,4.0,0.0,69840.0
2026-03-07 19:36:30+00:00,20,20,851690,22229,663,60.0,6.0,1.0,69870.0
2026-03-07 19:37:00+00:00,20,20,851906,22230,663,216.0,1.0,0.0,69900.0
2026-03-07 19:37:30+00:00,20,20,851928,22236,663,22.0,6.0,0.0,69930.0
2026-03-07 19:38:00+00:00,20,20,851954,22240,664,26.0,4.0,1.0,69960.0
2026-03-07 19:38:30+00:00,20,20,852672,22252,664,718.0,12.0,0.0,69990.0
2026-03-07 19:39:00+00:00,20,20,853406,22256,664,734.0,4.0,0.0,70020.0
2026-03-07 19:39:30+00:00,20,20,854291,22260,665,885.0,4.0,1.0,70050.0
2026-03-07 19:40:00+00:00,20,20,854310,22266,666,19.0,6.0,1.0,70080.0
2026-03-07 19:40:30+00:00,20,20,855233,22273,666,923.0,7.0,0.0,70110.0
2026-03-07 19:41:00+00:00,20,20,855255,22279,666,22.0,6.0,0.0,70140.0
2026-03-07 19:41:30+00:00,20,20,855634,22288,666,379.0,9.0,0.0,70170.0
2026-03-07 19:42:00+00:00,20,20,855730,22296,668,96.0,8.0,2.0,70200.0
2026-03-07 19:42:30+00:00,20,20,855754,22298,669,24.0,3.0,1.0,70230.0
2026-03-07 19:43:00+00:00,20,20,856352,22305,669,598.0,7.0,0.0,70260.0
2026-03-07 19:43:30+00:00,20,20,857136,22312,669,784.0,7.0,0.0,70290.0
2026-03-07 19:44:00+00:00,20,20,857327,22315,669,191.0,3.0,0.0,70320.0
2026-03-07 19:44:30+00:00,20,20,858122,22322,669,795.0,7.0,0.0,70350.0
2026-03-07 19:45:00+00:00,20,20,858802,22331,669,680.0,9.0,0.0,70380.0
2026-03-07 19:45:30+00:00,20,20,859330,22335,669,528.0,4.0,0.0,70410.0
2026-03-07 19:46:00+00:00,20,20,859463,22342,669,133.0,7.0,0.0,70440.0
2026-03-07 19:46:30+00:00,0,0,0,0,0,0.0,0.0,0.0,70470.0
2026-03-07 19:47:00+00:00,20,20,859721,22347,669,258.0,5.0,0.0,70500.0
2026-03-07 19:47:30+00:00,20,20,859752,22352,669,31.0,5.0,0.0,70530.0
2026-03-07 19:48:00+00:00,20,20,859812,22358,669,60.0,6.0,0.0,70560.0
2026-03-07 19:48:30+00:00,20,20,860676,22365,669,864.0,7.0,0.0,70590.0
2026-03-07 19:49:00+00:00,20,20,861504,22373,669,828.0,8.0,0.0,70620.0
2026-03-07 19:49:30+00:00,20,20,861738,22377,669,234.0,4.0,0.0,70650.0
2026-03-07 19:50:00+00:00,20,20,862660,22386,669,922.0,9.0,0.0,70680.0
2026-03-07 19:50:30+00:00,20,20,863129,22388,670,469.0,2.0,1.0,70710.0
2026-03-07 19:51:00+00:00,20,20,863657,22393,670,528.0,5.0,0.0,70740.0
2026-03-07 19:51:30+00:00,20,20,863775,22398,670,118.0,5.0,0.0,70770.0
2026-03-07 19:52:00+00:00,20,20,864142,22405,670,367.0,7.0,0.0,70800.0
2026-03-07 19:52:30+00:00,20,20,864181,22408,670,39.0,3.0,0.0,70830.0
2026-03-07 19:53:00+00:00,20,20,864217,22414,670,36.0,6.0,0.0,70860.0
2026-03-07 19:53:30+00:00,20,20,864688,22416,670,471.0,2.0,0.0,70890.0
2026-03-07 19:54:00+00:00,20,20,865360,22422,670,672.0,6.0,0.0,70920.0
