timestep,rows_captured,unique_videos_captured,total_view_count,total_like_count,total_comment_count,new_view_count,new_like_count,new_comment_count,seconds_since_start
2026-03-07 02:39:30+00:00,1,1,0,3,2,0.0,0.0,0.0,0.0
2026-03-07 02:40:00+00:00,1,1,1,6,5,1.0,3.0,3.0,30.0
2026-03-07 02:40:30+00:00,1,1,42,12,7,41.0,6.0,2.0,60.0
2026-03-07 02:41:00+00:00,1,1,81,18,7,39.0,6.0,0.0,90.0
2026-03-07 02:41:30+00:00,1,1,115,24,9,34.0,6.0,2.0,120.0
2026-03-07 02:42:00+00:00,1,1,236,30,11,121.0,6.0,2.0,150.0
2026-03-07 02:42:30+00:00,1,1,348,39,12,112.0,9.0,1.0,180.0
2026-03-07 02:43:00+00:00,1,1,368,43,12,20.0,4.0,0.0,210.0
2026-03-07 02:43:30+00:00,1,1,489,51,13,121.0,8.0,1.0,240.0
2026-03-07 02:44:00+00:00,1,1,608,56,14,119.0,5.0,1.0,270.0
2026-03-07 02:44:30+00:00,1,1,750,69,16,142.0,13.0,2.0,300.0
2026-03-07 02:45:00+00:00,1,1,838,77,18,88.0,8.0,2.0,330.0
2026-03-07 02:45:30+00:00,2,2,971,85,19,133.0,6.0,1.0,360.0
2026-03-07 02:46:00+00:00,2,2,1207,99,21,236.0,14.0,2.0,390.0
2026-03-07 02:46:30+00:00,2,2,1241,102,24,34.0,3.0,3.0,420.0
2026-03-07 02:47:00+00:00,2,2,1327,110,27,86.0,8.0,3.0,450.0
2026-03-07 02:47:30+00:00,2,2,1651,123,28,324.0,13.0,1.0,480.0
2026-03-07 02:48:00+00:00,2,2,1729,139,28,78.0,16.0,0.0,510.0
2026-03-07 02:48:30+00:00,3,3,2048,146,32,318.0,5.0,3.0,540.0
2026-03-07 02:49:00+00:00,3,3,2078,159,37,30.0,13.0,5.0,570.0
2026-03-07 02:49:30+00:00,3,3,2281,173,40,203.0,14.0,3.0,600.0
2026-03-07 02:50:00+00:00,3,3,2624,182,44,343.0,9.0,4.0,630.0
2026-03-07 02:50:30+00:00,3,3,2747,189,45,123.0,7.0,1.0,660.0
2026-03-07 02:51:00+00:00,3,3,3262,198,45,515.0,9.0,0.0,690.0
2026-03-07 02:51:30+00:00,3,3,3434,215,48,172.0,17.0,3.0,720.0
2026-03-07 02:52:00+00:00,3,3,3744,230,49,310.0,15.0,1.0,750.0
2026-03-07 02:52:30+00:00,3,3,4313,244,55,569.0,14.0,6.0,780.0
2026-03-07 02:53:00+00:00,3,3,4855,259,57,542.0,15.0,2.0,810.0
2026-03-07 02:53:30+00:00,3,3,5557,271,57,702.0,12.0,0.0,840.0
2026-03-07 02:54:00+00:00,3,3,5758,284,57,201.0,13.0,0.0,870.0
2026-03-07 02:54:30+00:00,3,3,6341,308,59,583.0,24.0,2.0,900.0
2026-03-07 02:55:00+00:00,3,3,7019,322,62,678.0,14.0,3.0,930.0
2026-03-07 02:55:30+00:00,3,3,7428,341,64,409.0,19.0,2.0,960.0
2026-03-07 02:56:00+00:00,3,3,8194,355,64,766.0,14.0,1.0,990.0
2026-03-07 02:56:30+00:00,3,3,8494,373,65,300.0,18.0,1.0,1020.0
2026-03-07 02:57:00+00:00,3,3,8855,383,65,361.0,10.0,0.0,1050.0
2026-03-07 02:57:30+00:00,3,3,9042,397,66,187.0,14.0,1.0,1080.0
2026-03-07 02:58:00+00:00,3,3,10064,409,70,1022.0,12.0,4.0,1110.0
2026-03-07 02:58:30+00:00,3,3,10346,420,71,282.0,11.0,1.0,1140.0
2026-03-07 02:59:00+00:00,0,0,0,0,0,0.0,0.0,0.0,1170.0
2026-03-07 02:59:30+00:00,3,3,11283,434,74,937.0,14.0,3.0,1200.0
2026-03-07 03:00:00+00:00,4,4,11679,447,77,396.0,13.0,3.0,1230.0
2026-03-07 03:00:30+00:00,4,4,11824,467,82,145.0,20.0,5.0,1260.0
2026-03-07 03:01:00+00:00,4,4,12991,496,90,1167.0,29.0,8.0,1290.0
2026-03-07 03:01:30+00:00,4,4,13748,516,95,757.0,20.0,6.0,1320.0
2026-03-07 03:02:00+00:00,4,4,14581,545,100,833.0,29.0,5.0,1350.0
2026-03-07 03:02:30+00:00,4,4,14691,563,106,110.0,18.0,6.0,1380.0
2026-03-07 03:03:00+00:00,4,4,16139,583,109,1448.0,20.0,3.0,1410.0
2026-03-07 03:03:30+00:00,4,4,16533,601,113,394.0,18.0,4.0,1440.0
2026-03-07 03:04:00+00:00,4,4,17896,622,115,1363.0,21.0,2.0,1470.0
2026-03-07 03:04:30+00:00,4,4,18616,640,120,720.0,18.0,5.0,1500.0
2026-03-07 03:05:00+00:00,4,4,18969,665,122,353.0,25.0,3.0,1530.0
2026-03-07 03:05:30+00:00,4,4,20666,688,124,1697.0,23.0,2.0,1560.0
2026-03-07 03:06:00+00:00,4,4,21187,716,127,521.0,28.0,3.0,1590.0
2026-03-07 03:06:30+00:00,4,4,22961,738,129,1774.0,22.0,2.0,1620.0
2026-03-07 03:07:00+00:00,4,4,23528,760,134,567.0,22.0,5.0,1650.0
2026-03-07 03:07:30+00:00,4,4,25193,791,144,1665.0,31.0,10.0,1680.0
2026-03-07 03:08:00+00:00,4,4,25987,818,149,794.0,27.0,6.0,1710.0
2026-03-07 03:08:30+00:00,4,4,26761,848,154,774.0,30.0,5.0,1740.0
2026-03-07 03:09:00+00:00,4,4,28360,882,159,1599.0,34.0,5.0,1770.0
2026-03-07 03:09:30+00:00,4,4,29529,912,164,1169.0,30.0,5.0,1800.0
2026-03-07 03:10:00+00:00,4,4,30278,925,169,749.0,13.0,5.0,1830.0
2026-03-07 03:10:30+00:00,4,4,31938,942,175,1660.0,17.0,6.0,1860.0
2026-03-07 03:11:00+00:00,4,4,32623,971,177,685.0,29.0,2.0,1890.0
2026-03-07 03:11:30+00:00,4,4,33487,998,181,864.0,27.0,4.0,1920.0
2026-03-07 03:12:00+00:00,4,4,35227,1029,184,1740.0,31.0,3.0,1950.0
2026-03-07 03:12:30+00:00,4,4,36393,1051,185,1166.0,22.0,1.0,1980.0
2026-03-07 03:13:00+00:00,4,4,37104,1070,190,711.0,19.0,5.0,2010.0
2026-03-07 03:13:30+00:00,4,4,38711,1097,193,1607.0,27.0,3.0,2040.0
2026-03-07 03:14:00+00:00,4,4,39044,1120,197,333.0,23.0,4.0,2070.0
2026-03-07 03:14:30+00:00,4,4,40686,1145,199,1642.0,25.0,2.0,2100.0
2026-03-07 03:15:00+00:00,4,4,41707,1168,203,1021.0,23.0,4.0,2130.0
2026-03-07 03:15:30+00:00,4,4,43608,1196,207,1901.0,28.0,4.0,2160.0
2026-03-07 03:16:00+00:00,4,4,44203,1224,212,595.0,28.0,5.0,2190.0
2026-03-07 03:16:30+00:00,4,4,45189,1247,215,986.0,23.0,3.0,2220.0
2026-03-07 03:17:00+00:00,4,4,46321,1279,218,1132.0,32.0,3.0,2250.0
2026-03-07 03:17:30+00:00,4,4,47443,1303,223,1122.0,24.0,5.0,2280.0
2026-03-07 03:18:00+00:00,4,4,48065,1328,226,622.0,25.0,3.0,2310.0
2026-03-07 03:18:30+00:00,4,4,49652,1350,227,1587.0,22.0,1.0,2340.0
2026-03-07 03:19:00+00:00,4,4,50204,1377,227,552.0,27.0,0.0,2370.0
2026-03-07 03:19:30+00:00,4,4,50871,1401,229,667.0,24.0,2.0,2400.0
2026-03-07 03:20:00+00:00,4,4,52378,1435,231,1507.0,34.0,2.0,2430.0
2026-03-07 03:20:30+00:00,4,4,52893,1455,235,515.0,20.0,4.0,2460.0
2026-03-07 03:21:00+00:00,4,4,54789,1479,236,1896.0,24.0,1.0,2490.0
2026-03-07 03:21:30+00:00,4,4,55524,1504,237,735.0,25.0,1.0,2520.0
2026-03-07 03:22:00+00:00,4,4,56450,1527,239,926.0,23.0,2.0,2550.0
2026-03-07 03:22:30+00:00,4,4,57574,1549,242,1124.0,22.0,3.0,2580.0
2026-03-07 03:23:00+00:00,4,4,58429,1573,246,855.0,24.0,4.0,2610.0
2026-03-07 03:23:30+00:00,0,0,0,0,0,0.0,0.0,0.0,2640.0
2026-03-07 03:24:00+00:00,4,4,59418,1604,248,989.0,31.0,2.0,2670.0
2026-03-07 03:24:30+00:00,4,4,60342,1639,253,924.0,35.0,5.0,2700.0
2026-03-07 03:25:00+00:00,4,4,61003,1655,258,661.0,16.0,5.0,2730.0
2026-03-07 03:25:30+00:00,4,4,62012,1673,261,1009.0,18.0,3.0,2760.0
2026-03-07 03:26:00+00:00,4,4,63018,1702,265,1006.0,29.0,4.0,2790.0
2026-03-07 03:26:30+00:00,4,4,64349,1728,267,1331.0,26.0,2.0,2820.0
2026-03-07 03:27:00+00:00,4,4,64898,1749,271,549.0,21.0,4.0,2850.0
2026-03-07 03:27:30+00:00,4,4,65697,1777,275,799.0,28.0,4.0,2880.0
2026-03-07 03:28:00+00:00,4,4,66795,1802,276,1098.0,25.0,1.0,2910.0
2026-03-07 03:28:30+00:00,4,4,67558,1827,277,763.0,25.0,1.0,2940.0
2026-03-07 03:29:00+00:00,4,4,68170,1843,281,612.0,16.0,4.0,2970.0
2026-03-07 03:29:30+00:00,4,4,69618,1869,285,1448.0,26.0,4.0,3000.0
2026-03-07 03:30:00+00:00,4,4,70960,1897,287,1342.0,28.0,2.0,3030.0
2026-03-07 03:30:30+00:00,4,4,71564,1921,289,604.0,24.0,2.0,3060.0
2026-03-07 03:31:00+00:00,4,4,72483,1941,297,919.0,20.0,8.0,3090.0
2026-03-07 03:31:30+00:00,4,4,73610,1969,301,1127.0,28.0,4.0,3120.0
2026-03-07 03:32:00+00:00,4,4,74253,1990,302,643.0,21.0,1.0,3150.0
2026-03-07 03:32:30+00:00,4,4,75555,2013,308,1302.0,23.0,6.0,3180.0
2026-03-07 03:33:00+00:00,4,4,76409,2034,312,854.0,21.0,4.0,3210.0
2026-03-07 03:33:30+00:00,4,4,77016,2053,314,607.0,19.0,2.0,3240.0
2026-03-07 03:34:00+00:00,4,4,78293,2076,319,1277.0,23.0,5.0,3270.0
2026-03-07 03:34:30+00:00,4,4,78710,2100,322,417.0,24.0,3.0,3300.0
2026-03-07 03:35:00+00:00,4,4,80319,2130,323,1609.0,30.0,1.0,3330.0
2026-03-07 03:35:30+00:00,4,4,81045,2152,326,726.0,22.0,3.0,3360.0
2026-03-07 03:36:00+00:00,4,4,81550,2174,325,505.0,22.0,0.0,3390.0
2026-03-07 03:36:30+00:00,4,4,82420,2197,325,870.0,23.0,0.0,3420.0
2026-03-07 03:37:00+00:00,4,4,83587,2216,329,1167.0,19.0,4.0,3450.0
2026-03-07 03:37:30+00:00,4,4,84548,2247,332,961.0,31.0,3.0,3480.0
2026-03-07 03:38:00+00:00,4,4,85524,2276,334,976.0,29.0,2.0,3510.0
2026-03-07 03:38:30+00:00,4,4,86047,2299,335,523.0,23.0,1.0,3540.0
2026-03-07 03:39:00+00:00,4,4,87222,2322,337,1175.0,23.0,2.0,3570.0
2026-03-07 03:39:30+00:00,4,4,87904,2344,343,682.0,22.0,6.0,3600.0
2026-03-07 03:40:00+00:00,4,4,89335,2368,345,1431.0,24.0,2.0,3630.0
2026-03-07 03:40:30+00:00,4,4,89816,2387,348,481.0,19.0,3.0,3660.0
2026-03-07 03:41:00+00:00,4,4,90160,2411,349,344.0,24.0,1.0,3690.0
2026-03-07 03:41:30+00:00,4,4,91399,2423,354,1239.0,12.0,5.0,3720.0
2026-03-07 03:42:00+00:00,4,4,92041,2444,354,642.0,21.0,0.0,3750.0
2026-03-07 03:42:30+00:00,4,4,92963,2457,357,922.0,13.0,3.0,3780.0
2026-03-07 03:43:00+00:00,4,4,93590,2482,361,627.0,25.0,4.0,3810.0
2026-03-07 03:43:30+00:00,4,4,93952,2508,365,362.0,26.0,4.0,3840.0
2026-03-07 03:44:00+00:00,4,4,95058,2534,366,1106.0,26.0,1.0,3870.0
2026-03-07 03:44:30+00:00,4,4,95837,2547,368,779.0,13.0,2.0,3900.0
2026-03-07 03:45:00+00:00,4,4,96490,2566,371,653.0,19.0,3.0,3930.0
2026-03-07 03:45:30+00:00,5,5,97480,2585,373,990.0,19.0,2.0,3960.0
2026-03-07 03:46:00+00:00,5,5,98258,2603,374,778.0,18.0,1.0,3990.0
2026-03-07 03:46:30+00:00,5,5,99125,2622,376,867.0,19.0,2.0,4020.0
2026-03-07 03:47:00+00:00,5,5,99830,2645,380,705.0,23.0,4.0,4050.0
2026-03-07 03:47:30+00:00,5,5,101093,2663,383,1263.0,18.0,3.0,4080.0
2026-03-07 03:48:00+00:00,5,5,101664,2681,384,571.0,18.0,1.0,4110.0
2026-03-07 03:48:30+00:00,5,5,102189,2703,390,525.0,22.0,6.0,4140.0
2026-03-07 03:49:00+00:00,0,0,0,0,0,0.0,0.0,0.0,4170.0
2026-03-07 03:49:30+00:00,5,5,103502,2733,392,1313.0,30.0,2.0,4200.0
2026-03-07 03:50:00+00:00,5,5,103838,2758,394,336.0,25.0,2.0,4230.0
2026-03-07 03:50:30+00:00,5,5,104300,2791,396,462.0,33.0,2.0,4260.0
2026-03-07 03:51:00+00:00,5,5,105691,2809,401,1391.0,18.0,5.0,4290.0
2026-03-07 03:51:30+00:00,5,5,106286,2827,404,595.0,18.0,3.0,4320.0
2026-03-07 03:52:00+00:00,5,5,107258,2859,409,972.0,32.0,5.0,4350.0
2026-03-07 03:52:30+00:00,5,5,107821,2896,412,563.0,37.0,4.0,4380.0
2026-03-07 03:53:00+00:00,5,5,109420,2918,414,1599.0,22.0,2.0,4410.0
2026-03-07 03:53:30+00:00,5,5,109923,2934,417,503.0,16.0,3.0,4440.0
2026-03-07 03:54:00+00:00,5,5,110429,2955,421,506.0,21.0,4.0,4470.0
2026-03-07 03:54:30+00:00,5,5,111671,2966,426,1242.0,11.0,5.0,4500.0
2026-03-07 03:55:00+00:00,5,5,112332,2996,428,661.0,30.0,2.0,4530.0
2026-03-07 03:55:30+00:00,5,5,113347,3022,431,1015.0,26.0,3.0,4560.0
2026-03-07 03:56:00+00:00,5,5,114175,3050,431,828.0,28.0,0.0,4590.0
2026-03-07 03:56:30+00:00,5,5,114320,3079,432,145.0,29.0,2.0,4620.0
2026-03-07 03:57:00+00:00,5,5,114973,3100,436,653.0,21.0,4.0,4650.0
2026-03-07 03:57:30+00:00,5,5,116293,3124,437,1320.0,24.0,1.0,4680.0
2026-03-07 03:58:00+00:00,5,5,117361,3147,437,1068.0,23.0,0.0,4710.0
2026-03-07 03:58:30+00:00,5,5,118248,3171,437,887.0,24.0,0.0,4740.0
2026-03-07 03:59:00+00:00,5,5,118630,3194,438,382.0,23.0,1.0,4770.0
2026-03-07 03:59:30+00:00,5,5,119988,3222,441,1358.0,28.0,4.0,4800.0
2026-03-07 04:00:00+00:00,5,5,120649,3235,444,661.0,13.0,3.0,4830.0
2026-03-07 04:00:30+00:00,5,5,121484,3255,449,835.0,20.0,5.0,4860.0
2026-03-07 04:01:00+00:00,5,5,122283,3272,450,799.0,17.0,1.0,4890.0
2026-03-07 04:01:30+00:00,5,5,123049,3289,451,766.0,17.0,1.0,4920.0
2026-03-07 04:02:00+00:00,5,5,123929,3305,451,880.0,16.0,0.0,4950.0
2026-03-07 04:02:30+00:00,5,5,124707,3329,451,778.0,24.0,0.0,4980.0
2026-03-07 04:03:00+00:00,5,5,125662,3355,452,955.0,26.0,1.0,5010.0
2026-03-07 04:03:30+00:00,5,5,126221,3383,454,559.0,28.0,2.0,5040.0
2026-03-07 04:04:00+00:00,5,5,127288,3402,458,1067.0,19.0,4.0,5070.0
2026-03-07 04:04:30+00:00,5,5,127818,3421,460,530.0,19.0,2.0,5100.0
2026-03-07 04:05:00+00:00,5,5,128343,3443,463,525.0,22.0,3.0,5130.0
2026-03-07 04:05:30+00:00,5,5,129250,3465,466,907.0,22.0,3.0,5160.0
2026-03-07 04:06:00+00:00,5,5,130345,3484,467,1095.0,19.0,1.0,5190.0
2026-03-07 04:06:30+00:00,5,5,131061,3505,472,716.0,21.0,5.0,5220.0
2026-03-07 04:07:00+00:00,5,5,131927,3536,474,866.0,31.0,2.0,5250.0
2026-03-07 04:07:30+00:00,5,5,132724,3558,477,797.0,22.0,3.0,5280.0
2026-03-07 04:08:00+00:00,5,5,133269,3577,479,545.0,19.0,2.0,5310.0
2026-03-07 04:08:30+00:00,5,5,134439,3599,482,1170.0,22.0,3.0,5340.0
2026-03-07 04:09:00+00:00,5,5,134624,3621,483,185.0,22.0,1.0,5370.0
2026-03-07 04:09:30+00:00,5,5,135541,3646,487,917.0,25.0,4.0,5400.0
2026-03-07 04:10:00+00:00,5,5,135834,3671,491,293.0,25.0,4.0,5430.0
2026-03-07 04:10:30+00:00,5,5,136939,3694,492,1105.0,23.0,1.0,5460.0
2026-03-07 04:11:00+00:00,5,5,137321,3715,495,382.0,21.0,3.0,5490.0
2026-03-07 04:11:30+00:00,5,5,138439,3735,498,1118.0,20.0,3.0,5520.0
2026-03-07 04:12:00+00:00,5,5,138737,3749,502,298.0,14.0,4.0,5550.0
2026-03-07 04:12:30+00:00,6,6,140274,3769,503,1536.0,20.0,2.0,5580.0
2026-03-07 04:13:00+00:00,6,6,140827,3788,503,553.0,19.0,1.0,5610.0
2026-03-07 04:13:30+00:00,6,6,141553,3817,506,726.0,29.0,3.0,5640.0
2026-03-07 04:14:00+00:00,6,6,142059,3830,510,506.0,13.0,4.0,5670.0
2026-03-07 04:14:30+00:00,0,0,0,0,0,0.0,0.0,0.0,5700.0
2026-03-07 04:15:00+00:00,6,6,142986,3848,513,927.0,18.0,3.0,5730.0
2026-03-07 04:15:30+00:00,6,6,143997,3873,516,1011.0,25.0,3.0,5760.0
2026-03-07 04:16:00+00:00,6,6,144427,3901,523,430.0,28.0,7.0,5790.0
2026-03-07 04:16:30+00:00,6,6,145106,3920,527,679.0,19.0,4.0,5820.0
2026-03-07 04:17:00+00:00,6,6,146224,3929,534,1118.0,9.0,7.0,5850.0
2026-03-07 04:17:30+00:00,6,6,146396,3948,539,172.0,19.0,5.0,5880.0
2026-03-07 04:18:00+00:00,6,6,147530,3969,542,1134.0,21.0,3.0,5910.0
2026-03-07 04:18:30+00:00,6,6,148153,3987,544,623.0,18.0,2.0,5940.0
2026-03-07 04:19:00+00:00,6,6,149030,4007,546,877.0,20.0,2.0,5970.0
2026-03-07 04:19:30+00:00,6,6,149763,4029,547,733.0,22.0,1.0,6000.0
2026-03-07 04:20:00+00:00,6,6,150178,4057,550,415.0,28.0,3.0,6030.0
2026-03-07 04:20:30+00:00,6,6,151075,4075,553,897.0,18.0,3.0,6060.0
2026-03-07 04:21:00+00:00,6,6,151584,4091,555,509.0,16.0,2.0,6090.0
2026-03-07 04:21:30+00:00,6,6,152561,4110,558,977.0,19.0,3.0,6120.0
2026-03-07 04:22:00+00:00,6,6,153011,4134,559,450.0,24.0,1.0,6150.0
2026-03-07 04:22:30+00:00,6,6,153369,4158,562,358.0,24.0,3.0,6180.0
2026-03-07 04:23:00+00:00,6,6,154115,4181,565,746.0,23.0,3.0,6210.0
2026-03-07 04:23:30+00:00,6,6,154722,4199,568,607.0,18.0,3.0,6240.0
2026-03-07 04:24:00+00:00,6,6,155490,4223,573,768.0,24.0,5.0,6270.0
2026-03-07 04:24:30+00:00,6,6,156170,4246,572,680.0,23.0,0.0,6300.0
2026-03-07 04:25:00+00:00,6,6,156656,4261,574,486.0,15.0,2.0,6330.0
2026-03-07 04:25:30+00:00,6,6,157448,4281,578,792.0,20.0,4.0,6360.0
2026-03-07 04:26:00+00:00,6,6,157885,4302,579,437.0,21.0,1.0,6390.0
2026-03-07 04:26:30+00:00,6,6,158898,4318,581,1013.0,16.0,2.0,6420.0
2026-03-07 04:27:00+00:00,6,6,159385,4339,580,487.0,21.0,0.0,6450.0
2026-03-07 04:27:30+00:00,6,6,160529,4361,582,1144.0,22.0,2.0,6480.0
2026-03-07 04:28:00+00:00,6,6,160866,4377,584,337.0,16.0,2.0,6510.0
2026-03-07 04:28:30+00:00,6,6,161914,4391,587,1048.0,14.0,3.0,6540.0
2026-03-07 04:29:00+00:00,6,6,162366,4409,592,452.0,18.0,5.0,6570.0
2026-03-07 04:29:30+00:00,6,6,162953,4427,596,587.0,18.0,4.0,6600.0
2026-03-07 04:30:00+00:00,6,6,163854,4444,598,901.0,17.0,2.0,6630.0
2026-03-07 04:30:30+00:00,6,6,164204,4465,600,350.0,21.0,2.0,6660.0
2026-03-07 04:31:00+00:00,6,6,165133,4479,601,929.0,14.0,1.0,6690.0
2026-03-07 04:31:30+00:00,6,6,165770,4491,605,637.0,12.0,4.0,6720.0
2026-03-07 04:32:00+00:00,6,6,166870,4509,607,1100.0,18.0,2.0,6750.0
2026-03-07 04:32:30+00:00,6,6,167203,4526,607,333.0,17.0,0.0,6780.0
2026-03-07 04:33:00+00:00,6,6,168226,4547,611,1023.0,21.0,4.0,6810.0
2026-03-07 04:33:30+00:00,6,6,168878,4571,614,652.0,24.0,3.0,6840.0
2026-03-07 04:34:00+00:00,6,6,169327,4591,616,449.0,20.0,2.0,6870.0
2026-03-07 04:34:30+00:00,6,6,170580,4618,621,1253.0,27.0,5.0,6900.0
2026-03-07 04:35:00+00:00,6,6,170915,4640,622,335.0,22.0,1.0,6930.0
2026-03-07 04:35:30+00:00,6,6,171510,4664,625,595.0,24.0,3.0,6960.0
2026-03-07 04:36:00+00:00,6,6,172005,4685,626,495.0,21.0,1.0,6990.0
2026-03-07 04:36:30+00:00,6,6,172308,4702,628,303.0,17.0,2.0,7020.0
2026-03-07 04:37:00+00:00,6,6,173815,4721,634,1507.0,19.0,6.0,7050.0
2026-03-07 04:37:30+00:00,6,6,174007,4739,636,192.0,18.0,2.0,7080.0
2026-03-07 04:38:00+00:00,6,6,174669,4762,638,662.0,23.0,2.0,7110.0
2026-03-07 04:38:30+00:00,0,0,0,0,0,0.0,0.0,0.0,7140.0
2026-03-07 04:39:00+00:00,6,6,175898,4775,641,1229.0,13.0,3.0,7170.0
2026-03-07 04:39:30+00:00,6,6,176779,4791,641,881.0,16.0,0.0,7200.0
2026-03-07 04:40:00+00:00,7,7,177181,4805,641,402.0,12.0,0.0,7230.0
2026-03-07 04:40:30+00:00,7,7,177495,4830,645,314.0,25.0,4.0,7260.0
2026-03-07 04:41:00+00:00,7,7,178203,4864,652,708.0,34.0,7.0,7290.0
2026-03-07 04:41:30+00:00,7,7,178783,4888,655,580.0,24.0,3.0,7320.0
2026-03-07 04:42:00+00:00,7,7,179406,4920,659,623.0,32.0,4.0,7350.0
2026-03-07 04:42:30+00:00,7,7,182500,4954,664,3094.0,34.0,5.0,7380.0
2026-03-07 04:43:00+00:00,7,7,182893,4977,666,393.0,23.0,3.0,7410.0
2026-03-07 04:43:30+00:00,7,7,185718,5005,672,2825.0,28.0,6.0,7440.0
2026-03-07 04:44:00+00:00,7,7,186505,5044,674,787.0,39.0,2.0,7470.0
2026-03-07 04:44:30+00:00,7,7,188217,5072,678,1712.0,28.0,4.0,7500.0
2026-03-07 04:45:00+00:00,7,7,189139,5108,682,922.0,36.0,4.0,7530.0
2026-03-07 04:45:30+00:00,7,7,189611,5133,687,472.0,25.0,5.0,7560.0
2026-03-07 04:46:00+00:00,7,7,190683,5163,691,1072.0,30.0,4.0,7590.0
2026-03-07 04:46:30+00:00,7,7,191525,5187,695,842.0,24.0,4.0,7620.0
2026-03-07 04:47:00+00:00,7,7,193924,5216,700,2399.0,29.0,5.0,7650.0
2026-03-07 04:47:30+00:00,7,7,195155,5251,702,1231.0,35.0,2.0,7680.0
2026-03-07 04:48:00+00:00,7,7,195810,5270,704,655.0,19.0,2.0,7710.0
2026-03-07 04:48:30+00:00,7,7,197933,5297,706,2123.0,27.0,2.0,7740.0
2026-03-07 04:49:00+00:00,7,7,198852,5315,708,919.0,18.0,2.0,7770.0
2026-03-07 04:49:30+00:00,7,7,200992,5341,711,2140.0,26.0,3.0,7800.0
2026-03-07 04:50:00+00:00,7,7,202146,5375,717,1154.0,34.0,6.0,7830.0
2026-03-07 04:50:30+00:00,7,7,203429,5402,721,1283.0,27.0,4.0,7860.0
2026-03-07 04:51:00+00:00,7,7,204230,5427,724,801.0,25.0,3.0,7890.0
2026-03-07 04:51:30+00:00,7,7,204918,5455,727,688.0,28.0,3.0,7920.0
2026-03-07 04:52:00+00:00,7,7,206920,5484,732,2002.0,29.0,5.0,7950.0
2026-03-07 04:52:30+00:00,7,7,208120,5517,735,1200.0,33.0,3.0,7980.0
2026-03-07 04:53:00+00:00,7,7,209377,5550,737,1257.0,33.0,2.0,8010.0
2026-03-07 04:53:30+00:00,7,7,211653,5577,740,2276.0,27.0,3.0,8040.0
2026-03-07 04:54:00+00:00,7,7,213048,5604,748,1395.0,27.0,8.0,8070.0
2026-03-07 04:54:30+00:00,7,7,213908,5621,753,860.0,17.0,5.0,8100.0
2026-03-07 04:55:00+00:00,7,7,214555,5642,758,647.0,21.0,5.0,8130.0
2026-03-07 04:55:30+00:00,7,7,215891,5680,760,1336.0,38.0,2.0,8160.0
2026-03-07 04:56:00+00:00,7,7,216689,5701,765,798.0,21.0,5.0,8190.0
2026-03-07 04:56:30+00:00,8,8,217814,5718,771,1125.0,16.0,6.0,8220.0
2026-03-07 04:57:00+00:00,8,8,220554,5747,777,2740.0,29.0,6.0,8250.0
2026-03-07 04:57:30+00:00,8,8,221485,5769,780,931.0,22.0,3.0,8280.0
2026-03-07 04:58:00+00:00,8,8,221736,5794,781,251.0,25.0,1.0,8310.0
2026-03-07 04:58:30+00:00,8,8,224790,5823,784,3054.0,29.0,3.0,8340.0
2026-03-07 04:59:00+00:00,8,8,225653,5838,785,863.0,16.0,1.0,8370.0
2026-03-07 04:59:30+00:00,8,8,226664,5863,787,1011.0,25.0,2.0,8400.0
2026-03-07 05:00:00+00:00,8,8,227931,5883,791,1267.0,20.0,4.0,8430.0
2026-03-07 05:00:30+00:00,8,8,228744,5904,793,813.0,21.0,2.0,8460.0
2026-03-07 05:01:00+00:00,8,8,229154,5927,794,410.0,23.0,1.0,8490.0
2026-03-07 05:01:30+00:00,8,8,230659,5953,802,1505.0,26.0,8.0,8520.0
2026-03-07 05:02:00+00:00,8,8,232424,5973,805,1765.0,20.0,3.0,8550.0
2026-03-07 05:02:30+00:00,8,8,233890,6000,810,1466.0,27.0,5.0,8580.0
2026-03-07 05:03:00+00:00,0,0,0,0,0,0.0,0.0,0.0,8610.0
2026-03-07 05:03:30+00:00,8,8,235790,6025,813,1900.0,25.0,3.0,8640.0
2026-03-07 05:04:00+00:00,8,8,237739,6053,819,1949.0,28.0,6.0,8670.0
2026-03-07 05:04:30+00:00,8,8,238830,6083,823,1091.0,30.0,4.0,8700.0
2026-03-07 05:05:00+00:00,8,8,240426,6105,829,1596.0,22.0,6.0,8730.0
2026-03-07 05:05:30+00:00,8,8,240779,6133,833,353.0,28.0,4.0,8760.0
2026-03-07 05:06:00+00:00,8,8,241682,6163,837,903.0,30.0,4.0,8790.0
2026-03-07 05:06:30+00:00,8,8,242469,6191,841,787.0,28.0,4.0,8820.0
2026-03-07 05:07:00+00:00,8,8,244608,6218,849,2139.0,27.0,8.0,8850.0
2026-03-07 05:07:30+00:00,8,8,245728,6247,855,1120.0,29.0,6.0,8880.0
2026-03-07 05:08:00+00:00,8,8,246372,6276,865,644.0,29.0,10.0,8910.0
2026-03-07 05:08:30+00:00,8,8,250955,6299,869,4583.0,23.0,4.0,8940.0
2026-03-07 05:09:00+00:00,8,8,251936,6325,874,981.0,26.0,5.0,8970.0
2026-03-07 05:09:30+00:00,8,8,253407,6358,880,1471.0,33.0,6.0,9000.0
2026-03-07 05:10:00+00:00,8,8,253807,6388,883,400.0,30.0,3.0,9030.0
2026-03-07 05:10:30+00:00,8,8,255084,6413,886,1277.0,25.0,3.0,9060.0
2026-03-07 05:11:00+00:00,8,8,255267,6444,893,183.0,31.0,7.0,9090.0
2026-03-07 05:11:30+00:00,8,8,256667,6465,896,1400.0,21.0,3.0,9120.0
2026-03-07 05:12:00+00:00,8,8,257051,6487,897,384.0,22.0,1.0,9150.0
2026-03-07 05:12:30+00:00,8,8,260302,6507,901,3251.0,20.0,4.0,9180.0
2026-03-07 05:13:00+00:00,8,8,260740,6528,903,438.0,21.0,2.0,9210.0
2026-03-07 05:13:30+00:00,8,8,264714,6549,906,3974.0,21.0,3.0,9240.0
2026-03-07 05:14:00+00:00,8,8,266133,6568,909,1419.0,19.0,3.0,9270.0
2026-03-07 05:14:30+00:00,8,8,266704,6589,911,571.0,21.0,2.0,9300.0
2026-03-07 05:15:00+00:00,8,8,267997,6615,913,1293.0,26.0,3.0,9330.0
2026-03-07 05:15:30+00:00,9,9,268633,6648,915,636.0,32.0,0.0,9360.0
2026-03-07 05:16:00+00:00,9,9,268939,6678,918,306.0,30.0,3.0,9390.0
2026-03-07 05:16:30+00:00,9,9,269932,6705,922,993.0,27.0,4.0,9420.0
2026-03-07 05:17:00+00:00,9,9,272244,6730,925,2312.0,25.0,3.0,9450.0
2026-03-07 05:17:30+00:00,9,9,273012,6762,930,768.0,32.0,5.0,9480.0
2026-03-07 05:18:00+00:00,9,9,275712,6799,931,2700.0,37.0,1.0,9510.0
2026-03-07 05:18:30+00:00,9,9,278153,6825,936,2441.0,26.0,5.0,9540.0
2026-03-07 05:19:00+00:00,9,9,278848,6855,940,695.0,30.0,4.0,9570.0
2026-03-07 05:19:30+00:00,9,9,279860,6884,945,1012.0,29.0,5.0,9600.0
2026-03-07 05:20:00+00:00,9,9,280657,6910,950,797.0,26.0,5.0,9630.0
2026-03-07 05:20:30+00:00,9,9,281720,6946,951,1063.0,36.0,1.0,9660.0
2026-03-07 05:21:00+00:00,9,9,282576,6973,953,856.0,27.0,2.0,9690.0
2026-03-07 05:21:30+00:00,9,9,282997,6994,955,421.0,21.0,2.0,9720.0
2026-03-07 05:22:00+00:00,9,9,285224,7018,960,2227.0,24.0,5.0,9750.0
2026-03-07 05:22:30+00:00,10,10,286505,7055,965,1281.0,30.0,4.0,9780.0
2026-03-07 05:23:00+00:00,10,10,287084,7083,971,579.0,28.0,6.0,9810.0
2026-03-07 05:23:30+00:00,10,10,291359,7117,979,4275.0,34.0,8.0,9840.0
2026-03-07 05:24:00+00:00,10,10,292163,7153,991,804.0,36.0,12.0,9870.0
2026-03-07 05:24:30+00:00,10,10,293039,7191,999,876.0,38.0,8.0,9900.0
2026-03-07 05:25:00+00:00,10,10,294257,7215,1007,1218.0,24.0,8.0,9930.0
2026-03-07 05:25:30+00:00,10,10,295278,7248,1014,1021.0,33.0,7.0,9960.0
2026-03-07 05:26:00+00:00,10,10,296525,7290,1018,1247.0,42.0,4.0,9990.0
2026-03-07 05:26:30+00:00,10,10,297605,7326,1024,1080.0,36.0,6.0,10020.0
2026-03-07 05:27:00+00:00,10,10,300874,7359,1034,3269.0,33.0,10.0,10050.0
2026-03-07 05:27:30+00:00,0,0,0,0,0,0.0,0.0,0.0,10080.0
2026-03-07 05:28:00+00:00,10,10,301803,7394,1043,929.0,35.0,9.0,10110.0
2026-03-07 05:28:30+00:00,10,10,302278,7427,1054,475.0,33.0,11.0,10140.0
2026-03-07 05:29:00+00:00,10,10,306517,7457,1061,4239.0,31.0,7.0,10170.0
2026-03-07 05:29:30+00:00,10,10,307561,7491,1070,1044.0,34.0,9.0,10200.0
2026-03-07 05:30:00+00:00,10,10,308239,7521,1073,678.0,30.0,3.0,10230.0
2026-03-07 05:30:30+00:00,10,10,309944,7551,1082,1705.0,30.0,9.0,10260.0
2026-03-07 05:31:00+00:00,10,10,310875,7582,1088,931.0,31.0,6.0,10290.0
2026-03-07 05:31:30+00:00,10,10,312264,7616,1091,1389.0,34.0,3.0,10320.0
2026-03-07 05:32:00+00:00,10,10,314328,7657,1100,2064.0,41.0,9.0,10350.0
2026-03-07 05:32:30+00:00,10,10,315290,7690,1107,962.0,33.0,7.0,10380.0
2026-03-07 05:33:00+00:00,11,11,317432,7725,1114,2142.0,35.0,7.0,10410.0
2026-03-07 05:33:30+00:00,11,11,320941,7754,1122,3509.0,29.0,8.0,10440.0
2026-03-07 05:34:00+00:00,11,11,322611,7798,1133,1670.0,44.0,11.0,10470.0
2026-03-07 05:34:30+00:00,12,12,323455,7837,1136,844.0,38.0,3.0,10500.0
2026-03-07 05:35:00+00:00,12,12,325049,7892,1142,1594.0,55.0,6.0,10530.0
2026-03-07 05:35:30+00:00,12,12,325929,7927,1147,880.0,35.0,5.0,10560.0
2026-03-07 05:36:00+00:00,12,12,326882,7966,1149,953.0,39.0,2.0,10590.0
2026-03-07 05:36:30+00:00,12,12,328445,7998,1156,1563.0,32.0,7.0,10620.0
2026-03-07 05:37:00+00:00,12,12,331118,8047,1162,2673.0,49.0,6.0,10650.0
2026-03-07 05:37:30+00:00,12,12,332859,8080,1167,1741.0,33.0,5.0,10680.0
2026-03-07 05:38:00+00:00,12,12,333792,8122,1177,933.0,42.0,10.0,10710.0
2026-03-07 05:38:30+00:00,12,12,338965,8159,1183,5173.0,37.0,6.0,10740.0
2026-03-07 05:39:00+00:00,12,12,340243,8198,1186,1278.0,39.0,3.0,10770.0
2026-03-07 05:39:30+00:00,12,12,341542,8240,1193,1299.0,42.0,7.0,10800.0
2026-03-07 05:40:00+00:00,12,12,342509,8283,1197,967.0,43.0,4.0,10830.0
2026-03-07 05:40:30+00:00,12,12,344472,8325,1204,1963.0,42.0,7.0,10860.0
2026-03-07 05:41:00+00:00,12,12,345086,8367,1215,614.0,42.0,11.0,10890.0
2026-03-07 05:41:30+00:00,12,12,346925,8400,1218,1839.0,33.0,3.0,10920.0
2026-03-07 05:42:00+00:00,12,12,348682,8441,1227,1757.0,41.0,9.0,10950.0
2026-03-07 05:42:30+00:00,12,12,353774,8484,1230,5092.0,43.0,4.0,10980.0
2026-03-07 05:43:00+00:00,12,12,360088,8529,1236,6314.0,45.0,6.0,11010.0
2026-03-07 05:43:30+00:00,12,12,361574,8568,1237,1486.0,39.0,1.0,11040.0
2026-03-07 05:44:00+00:00,12,12,362673,8600,1245,1099.0,32.0,8.0,11070.0
2026-03-07 05:44:30+00:00,12,12,364489,8643,1255,1816.0,43.0,10.0,11100.0
2026-03-07 05:45:00+00:00,12,12,365492,8678,1261,1003.0,35.0,6.0,11130.0
2026-03-07 05:45:30+00:00,12,12,366882,8714,1271,1390.0,36.0,10.0,11160.0
2026-03-07 05:46:00+00:00,12,12,368667,8746,1279,1785.0,32.0,8.0,11190.0
2026-03-07 05:46:30+00:00,12,12,370256,8777,1281,1589.0,31.0,2.0,11220.0
2026-03-07 05:47:00+00:00,12,12,373379,8813,1288,3123.0,36.0,7.0,11250.0
2026-03-07 05:47:30+00:00,12,12,375609,8858,1293,2230.0,45.0,5.0,11280.0
2026-03-07 05:48:00+00:00,12,12,381024,8906,1298,5415.0,48.0,5.0,11310.0
2026-03-07 05:48:30+00:00,12,12,383225,8967,1299,2201.0,61.0,1.0,11340.0
2026-03-07 05:49:00+00:00,12,12,384977,9007,1308,1752.0,40.0,9.0,11370.0
2026-03-07 05:49:30+00:00,12,12,386280,9059,1313,1303.0,52.0,5.0,11400.0
2026-03-07 05:50:00+00:00,12,12,387463,9103,1321,1183.0,44.0,8.0,11430.0
2026-03-07 05:50:30+00:00,0,0,0,0,0,0.0,0.0,0.0,11460.0
2026-03-07 05:51:00+00:00,12,12,388786,9151,1326,1323.0,48.0,5.0,11490.0
2026-03-07 05:51:30+00:00,12,12,390347,9181,1334,1561.0,30.0,8.0,11520.0
2026-03-07 05:52:00+00:00,12,12,391947,9224,1335,1600.0,43.0,3.0,11550.0
2026-03-07 05:52:30+00:00,12,12,395868,9259,1343,3921.0,36.0,8.0,11580.0
2026-03-07 05:53:00+00:00,12,12,396780,9299,1345,912.0,40.0,2.0,11610.0
2026-03-07 05:53:30+00:00,12,12,402536,9331,1353,5756.0,32.0,8.0,11640.0
2026-03-07 05:54:00+00:00,12,12,404053,9371,1357,1517.0,40.0,4.0,11670.0
2026-03-07 05:54:30+00:00,12,12,405518,9406,1361,1465.0,35.0,4.0,11700.0
2026-03-07 05:55:00+00:00,12,12,406906,9444,1367,1388.0,38.0,6.0,11730.0
2026-03-07 05:55:30+00:00,12,12,407297,9478,1369,391.0,34.0,2.0,11760.0
2026-03-07 05:56:00+00:00,12,12,408057,9506,1375,760.0,28.0,6.0,11790.0
2026-03-07 05:56:30+00:00,12,12,409767,9547,1382,1710.0,41.0,7.0,11820.0
2026-03-07 05:57:00+00:00,12,12,413897,9588,1388,4130.0,41.0,6.0,11850.0
2026-03-07 05:57:30+00:00,12,12,415852,9614,1391,1955.0,26.0,3.0,11880.0
2026-03-07 05:58:00+00:00,12,12,416809,9641,1400,957.0,27.0,9.0,11910.0
2026-03-07 05:58:30+00:00,12,12,422144,9681,1406,5335.0,40.0,6.0,11940.0
2026-03-07 05:59:00+00:00,12,12,422866,9725,1412,722.0,44.0,7.0,11970.0
2026-03-07 05:59:30+00:00,12,12,424784,9746,1417,1918.0,21.0,5.0,12000.0
2026-03-07 06:00:00+00:00,12,12,425842,9768,1422,1058.0,22.0,5.0,12030.0
2026-03-07 06:00:30+00:00,12,12,426517,9807,1429,675.0,39.0,7.0,12060.0
2026-03-07 06:01:00+00:00,12,12,427873,9847,1439,1356.0,40.0,10.0,12090.0
2026-03-07 06:01:30+00:00,12,12,428961,9885,1443,1088.0,38.0,4.0,12120.0
2026-03-07 06:02:00+00:00,12,12,431886,9930,1449,2925.0,45.0,6.0,12150.0
2026-03-07 06:02:30+00:00,12,12,433924,9971,1450,2038.0,41.0,1.0,12180.0
2026-03-07 06:03:00+00:00,12,12,434472,10012,1455,548.0,41.0,5.0,12210.0
2026-03-07 06:03:30+00:00,12,12,440547,10044,1460,6075.0,32.0,5.0,12240.0
2026-03-07 06:04:00+00:00,12,12,441528,10078,1466,981.0,35.0,6.0,12270.0
2026-03-07 06:04:30+00:00,12,12,442992,10106,1470,1464.0,28.0,4.0,12300.0
2026-03-07 06:05:00+00:00,12,12,444065,10155,1476,1073.0,50.0,6.0,12330.0
2026-03-07 06:05:30+00:00,12,12,444723,10182,1483,658.0,27.0,7.0,12360.0
2026-03-07 06:06:00+00:00,12,12,446157,10213,1486,1434.0,31.0,3.0,12390.0
2026-03-07 06:06:30+00:00,12,12,447833,10257,1491,1676.0,44.0,5.0,12420.0
2026-03-07 06:07:00+00:00,12,12,451415,10296,1492,3582.0,39.0,1.0,12450.0
2026-03-07 06:07:30+00:00,12,12,452280,10336,1496,865.0,40.0,4.0,12480.0
2026-03-07 06:08:00+00:00,12,12,452680,10371,1502,400.0,35.0,6.0,12510.0
2026-03-07 06:08:30+00:00,12,12,455640,10406,1504,2960.0,35.0,2.0,12540.0
2026-03-07 06:09:00+00:00,12,12,458926,10432,1506,3286.0,26.0,4.0,12570.0
2026-03-07 06:09:30+00:00,12,12,460519,10470,1510,1593.0,38.0,4.0,12600.0
2026-03-07 06:10:00+00:00,13,13,461286,10501,1513,819.0,31.0,3.0,12630.0
2026-03-07 06:10:30+00:00,13,13,461730,10548,1524,444.0,47.0,11.0,12660.0
2026-03-07 06:11:00+00:00,13,13,463419,10578,1529,1689.0,30.0,5.0,12690.0
2026-03-07 06:11:30+00:00,13,13,465144,10622,1534,1783.0,44.0,5.0,12720.0
2026-03-07 06:12:00+00:00,13,13,469512,10656,1537,4368.0,34.0,4.0,12750.0
2026-03-07 06:12:30+00:00,14,14,470988,10710,1548,1476.0,33.0,5.0,12780.0
2026-03-07 06:13:00+00:00,0,0,0,0,0,0.0,0.0,0.0,12810.0
2026-03-07 06:13:30+00:00,14,14,477347,10763,1555,6359.0,53.0,7.0,12840.0
2026-03-07 06:14:00+00:00,14,14,479102,10821,1565,1755.0,58.0,10.0,12870.0
2026-03-07 06:14:30+00:00,14,14,479712,10866,1575,729.0,45.0,10.0,12900.0
2026-03-07 06:15:00+00:00,14,14,482295,10915,1585,2583.0,49.0,10.0,12930.0
2026-03-07 06:15:30+00:00,14,14,483805,10974,1592,1510.0,59.0,7.0,12960.0
2026-03-07 06:16:00+00:00,14,14,485787,11020,1599,1982.0,46.0,7.0,12990.0
2026-03-07 06:16:30+00:00,14,14,488329,11062,1607,2542.0,42.0,8.0,13020.0
2026-03-07 06:17:00+00:00,14,14,489400,11092,1613,1071.0,30.0,6.0,13050.0
2026-03-07 06:17:30+00:00,14,14,493701,11143,1624,4301.0,51.0,11.0,13080.0
2026-03-07 06:18:00+00:00,14,14,494771,11189,1630,1070.0,46.0,6.0,13110.0
2026-03-07 06:18:30+00:00,14,14,501716,11239,1636,6945.0,50.0,6.0,13140.0
2026-03-07 06:19:00+00:00,14,14,503802,11285,1652,2086.0,47.0,16.0,13170.0
2026-03-07 06:19:30+00:00,14,14,505815,11324,1662,2013.0,39.0,10.0,13200.0
2026-03-07 06:20:00+00:00,14,14,507247,11372,1666,1432.0,48.0,4.0,13230.0
2026-03-07 06:20:30+00:00,14,14,509373,11413,1674,2126.0,41.0,8.0,13260.0
2026-03-07 06:21:00+00:00,14,14,510930,11453,1679,1557.0,40.0,5.0,13290.0
2026-03-07 06:21:30+00:00,14,14,512074,11501,1683,1144.0,48.0,4.0,13320.0
2026-03-07 06:22:00+00:00,14,14,515725,11536,1689,3651.0,35.0,6.0,13350.0
2026-03-07 06:22:30+00:00,14,14,519368,11580,1696,3643.0,44.0,7.0,13380.0
2026-03-07 06:23:00+00:00,14,14,521261,11632,1700,1893.0,53.0,4.0,13410.0
2026-03-07 06:23:30+00:00,14,14,527147,11678,1705,5886.0,46.0,5.0,13440.0
2026-03-07 06:24:00+00:00,14,14,528425,11721,1719,1278.0,43.0,14.0,13470.0
2026-03-07 06:24:30+00:00,14,14,531039,11765,1731,2614.0,44.0,12.0,13500.0
2026-03-07 06:25:00+00:00,14,14,531795,11814,1738,756.0,49.0,7.0,13530.0
2026-03-07 06:25:30+00:00,14,14,532824,11854,1746,1029.0,40.0,8.0,13560.0
2026-03-07 06:26:00+00:00,14,14,535795,11897,1754,2971.0,43.0,8.0,13590.0
2026-03-07 06:26:30+00:00,14,14,538050,11943,1764,2255.0,46.0,10.0,13620.0
2026-03-07 06:27:00+00:00,14,14,542449,11980,1774,4399.0,37.0,10.0,13650.0
2026-03-07 06:27:30+00:00,14,14,543763,12031,1781,1314.0,51.0,7.0,13680.0
2026-03-07 06:28:00+00:00,14,14,546454,12081,1790,2691.0,50.0,9.0,13710.0
2026-03-07 06:28:30+00:00,14,14,550063,12131,1794,3609.0,50.0,4.0,13740.0
2026-03-07 06:29:00+00:00,14,14,551456,12185,1800,1393.0,54.0,6.0,13770.0
2026-03-07 06:29:30+00:00,14,14,553551,12230,1806,2095.0,45.0,6.0,13800.0
2026-03-07 06:30:00+00:00,14,14,555438,12275,1817,1887.0,45.0,11.0,13830.0
2026-03-07 06:30:30+00:00,14,14,557579,12326,1824,2141.0,51.0,7.0,13860.0
2026-03-07 06:31:00+00:00,14,14,558491,12378,1827,912.0,52.0,4.0,13890.0
2026-03-07 06:31:30+00:00,14,14,560675,12424,1832,2184.0,46.0,5.0,13920.0
2026-03-07 06:32:00+00:00,14,14,563992,12462,1838,3317.0,38.0,6.0,13950.0
2026-03-07 06:32:30+00:00,14,14,565059,12505,1846,1067.0,43.0,8.0,13980.0
2026-03-07 06:33:00+00:00,14,14,566988,12550,1853,1929.0,45.0,7.0,14010.0
2026-03-07 06:33:30+00:00,14,14,571679,12598,1860,4691.0,48.0,7.0,14040.0
2026-03-07 06:34:00+00:00,14,14,573322,12647,1868,1643.0,49.0,8.0,14070.0
2026-03-07 06:34:30+00:00,14,14,574186,12687,1870,864.0,40.0,3.0,14100.0
2026-03-07 06:35:00+00:00,14,14,578112,12733,1875,3926.0,46.0,5.0,14130.0
2026-03-07 06:35:30+00:00,14,14,578894,12776,1882,782.0,44.0,7.0,14160.0
2026-03-07 06:36:00+00:00,14,14,580556,12809,1882,1662.0,33.0,1.0,14190.0
2026-03-07 06:36:30+00:00,0,0,0,0,0,0.0,0.0,0.0,14220.0
2026-03-07 06:37:00+00:00,14,14,582658,12860,1891,2102.0,51.0,9.0,14250.0
2026-03-07 06:37:30+00:00,14,14,586089,12903,1899,3431.0,43.0,8.0,14280.0
2026-03-07 06:38:00+00:00,14,14,587647,12941,1906,1558.0,38.0,7.0,14310.0
2026-03-07 06:38:30+00:00,14,14,592160,12986,1911,4513.0,45.0,5.0,14340.0
2026-03-07 06:39:00+00:00,14,14,593998,13025,1922,1838.0,39.0,11.0,14370.0
2026-03-07 06:39:30+00:00,14,14,595460,13070,1928,1462.0,45.0,6.0,14400.0
2026-03-07 06:40:00+00:00,14,14,596579,13110,1937,1119.0,40.0,9.0,14430.0
2026-03-07 06:40:30+00:00,14,14,599621,13159,1941,3042.0,49.0,4.0,14460.0
2026-03-07 06:41:00+00:00,14,14,600703,13197,1949,1082.0,38.0,8.0,14490.0
2026-03-07 06:41:30+00:00,14,14,602089,13239,1956,1386.0,42.0,7.0,14520.0
2026-03-07 06:42:00+00:00,14,14,604132,13275,1958,2043.0,36.0,2.0,14550.0
2026-03-07 06:42:30+00:00,14,14,609680,13312,1959,5548.0,37.0,2.0,14580.0
2026-03-07 06:43:00+00:00,14,14,610776,13342,1967,1096.0,30.0,8.0,14610.0
2026-03-07 06:43:30+00:00,14,14,617863,13392,1978,7087.0,50.0,11.0,14640.0
2026-03-07 06:44:00+00:00,14,14,619554,13429,1982,1691.0,37.0,4.0,14670.0
2026-03-07 06:44:30+00:00,14,14,620839,13462,1989,1285.0,33.0,7.0,14700.0
2026-03-07 06:45:00+00:00,14,14,625185,13500,1992,4346.0,38.0,3.0,14730.0
2026-03-07 06:45:30+00:00,14,14,625987,13546,1997,802.0,46.0,5.0,14760.0
2026-03-07 06:46:00+00:00,14,14,627727,13569,2000,1740.0,23.0,3.0,14790.0
2026-03-07 06:46:30+00:00,14,14,630565,13606,2005,2838.0,37.0,5.0,14820.0
2026-03-07 06:47:00+00:00,14,14,630997,13641,2011,432.0,35.0,6.0,14850.0
2026-03-07 06:47:30+00:00,14,14,634805,13681,2017,3808.0,40.0,6.0,14880.0
2026-03-07 06:48:00+00:00,14,14,635385,13723,2028,580.0,42.0,11.0,14910.0
2026-03-07 06:48:30+00:00,14,14,641489,13759,2030,6104.0,36.0,2.0,14940.0
2026-03-07 06:49:00+00:00,14,14,643031,13797,2031,1542.0,38.0,1.0,14970.0
2026-03-07 06:49:30+00:00,14,14,645269,13833,2043,2238.0,36.0,12.0,15000.0
2026-03-07 06:50:00+00:00,14,14,648473,13865,2050,3204.0,33.0,7.0,15030.0
2026-03-07 06:50:30+00:00,14,14,650347,13908,2052,1874.0,43.0,2.0,15060.0
2026-03-07 06:51:00+00:00,14,14,652041,13943,2060,1694.0,35.0,8.0,15090.0
2026-03-07 06:51:30+00:00,14,14,653898,13989,2066,1857.0,46.0,6.0,15120.0
2026-03-07 06:52:00+00:00,14,14,658146,14026,2075,4248.0,37.0,9.0,15150.0
2026-03-07 06:52:30+00:00,14,14,659382,14075,2078,1236.0,49.0,4.0,15180.0
2026-03-07 06:53:00+00:00,14,14,662880,14116,2082,3498.0,41.0,4.0,15210.0
2026-03-07 06:53:30+00:00,14,14,666555,14146,2092,3675.0,30.0,10.0,15240.0
2026-03-07 06:54:00+00:00,14,14,667488,14181,2094,933.0,35.0,2.0,15270.0
2026-03-07 06:54:30+00:00,14,14,669025,14203,2099,1537.0,23.0,5.0,15300.0
2026-03-07 06:55:00+00:00,14,14,669531,14239,2105,506.0,36.0,6.0,15330.0
2026-03-07 06:55:30+00:00,14,14,673571,14290,2105,4040.0,51.0,0.0,15360.0
2026-03-07 06:56:00+00:00,14,14,675271,14320,2109,1700.0,30.0,4.0,15390.0
2026-03-07 06:56:30+00:00,14,14,677791,14348,2112,2520.0,28.0,3.0,15420.0
2026-03-07 06:57:00+00:00,14,14,680488,14385,2119,2697.0,38.0,7.0,15450.0
2026-03-07 06:57:30+00:00,14,14,681154,14427,2122,666.0,42.0,3.0,15480.0
2026-03-07 06:58:00+00:00,0,0,0,0,0,0.0,0.0,0.0,15510.0
2026-03-07 06:58:30+00:00,14,14,682882,14463,2131,1728.0,36.0,9.0,15540.0
2026-03-07 06:59:00+00:00,14,14,687266,14493,2133,4384.0,30.0,2.0,15570.0
2026-03-07 06:59:30+00:00,14,14,689117,14524,2138,1851.0,31.0,5.0,15600.0
2026-03-07 07:00:00+00:00,14,14,689469,14554,2142,352.0,30.0,4.0,15630.0
2026-03-07 07:00:30+00:00,14,14,691832,14586,2145,2363.0,32.0,3.0,15660.0
2026-03-07 07:01:00+00:00,14,14,693428,14612,2148,1596.0,26.0,3.0,15690.0
2026-03-07 07:01:30+00:00,14,14,694322,14650,2154,894.0,38.0,6.0,15720.0
2026-03-07 07:02:00+00:00,14,14,696614,14687,2156,2292.0,37.0,2.0,15750.0
2026-03-07 07:02:30+00:00,14,14,698791,14734,2159,2177.0,47.0,3.0,15780.0
2026-03-07 07:03:00+00:00,14,14,700873,14769,2167,2082.0,35.0,8.0,15810.0
2026-03-07 07:03:30+00:00,14,14,704546,14804,2171,3673.0,36.0,4.0,15840.0
2026-03-07 07:04:00+00:00,14,14,705647,14831,2174,1101.0,27.0,3.0,15870.0
2026-03-07 07:04:30+00:00,14,14,706706,14875,2174,1059.0,45.0,1.0,15900.0
2026-03-07 07:05:00+00:00,14,14,710188,14925,2178,3482.0,50.0,4.0,15930.0
2026-03-07 07:05:30+00:00,14,14,711845,14968,2184,1657.0,43.0,6.0,15960.0
2026-03-07 07:06:00+00:00,14,14,713067,14995,2187,1222.0,27.0,4.0,15990.0
2026-03-07 07:06:30+00:00,14,14,714362,15024,2194,1295.0,29.0,7.0,16020.0
2026-03-07 07:07:00+00:00,14,14,717808,15055,2198,3446.0,32.0,4.0,16050.0
2026-03-07 07:07:30+00:00,15,15,719650,15089,2205,1842.0,34.0,7.0,16080.0
2026-03-07 07:08:00+00:00,15,15,721171,15125,2211,1521.0,36.0,6.0,16110.0
2026-03-07 07:08:30+00:00,15,15,725653,15165,2212,4482.0,40.0,1.0,16140.0
2026-03-07 07:09:00+00:00,15,15,726720,15201,2216,1067.0,36.0,4.0,16170.0
2026-03-07 07:09:30+00:00,15,15,728081,15237,2223,1361.0,36.0,7.0,16200.0
2026-03-07 07:10:00+00:00,15,15,730317,15257,2224,2236.0,20.0,1.0,16230.0
2026-03-07 07:10:30+00:00,15,15,731319,15291,2229,1002.0,34.0,5.0,16260.0
2026-03-07 07:11:00+00:00,15,15,731974,15331,2234,655.0,40.0,5.0,16290.0
2026-03-07 07:11:30+00:00,15,15,733963,15367,2239,1989.0,36.0,5.0,16320.0
2026-03-07 07:12:00+00:00,15,15,737396,15401,2243,3433.0,34.0,4.0,16350.0
2026-03-07 07:12:30+00:00,15,15,739763,15436,2246,2367.0,35.0,3.0,16380.0
2026-03-07 07:13:00+00:00,15,15,746030,15477,2249,6267.0,41.0,3.0,16410.0
2026-03-07 07:13:30+00:00,15,15,747144,15513,2253,1114.0,36.0,4.0,16440.0
2026-03-07 07:14:00+00:00,15,15,748347,15542,2257,1203.0,29.0,4.0,16470.0
2026-03-07 07:14:30+00:00,15,15,749313,15571,2268,966.0,29.0,11.0,16500.0
2026-03-07 07:15:00+00:00,15,15,752819,15608,2271,3506.0,37.0,3.0,16530.0
2026-03-07 07:15:30+00:00,15,15,753755,15652,2276,936.0,44.0,5.0,16560.0
2026-03-07 07:16:00+00:00,15,15,753998,15690,2283,243.0,38.0,7.0,16590.0
2026-03-07 07:16:30+00:00,15,15,758629,15723,2288,4631.0,33.0,6.0,16620.0
2026-03-07 07:17:00+00:00,15,15,762407,15764,2291,3778.0,41.0,3.0,16650.0
2026-03-07 07:17:30+00:00,17,17,763453,15807,2301,1046.0,39.0,8.0,16680.0
2026-03-07 07:18:00+00:00,17,17,769418,15847,2306,5965.0,40.0,5.0,16710.0
2026-03-07 07:18:30+00:00,17,17,770530,15883,2304,1112.0,36.0,4.0,16740.0
2026-03-07 07:19:00+00:00,17,17,771386,15915,2306,856.0,32.0,2.0,16770.0
2026-03-07 07:19:30+00:00,17,17,772365,15953,2310,979.0,38.0,4.0,16800.0
2026-03-07 07:20:00+00:00,0,0,0,0,0,0.0,0.0,0.0,16830.0
2026-03-07 07:20:30+00:00,34,17,1553865,32022,4631,4892.0,73.0,7.0,16860.0
2026-03-07 07:21:00+00:00,0,0,0,0,0,0.0,0.0,0.0,16890.0
2026-03-07 07:21:30+00:00,36,18,1564166,32131,4649,5643.0,52.0,9.0,16920.0
2026-03-07 07:22:00+00:00,19,19,787028,16115,2332,4128.0,36.0,6.0,16950.0
2026-03-07 07:22:30+00:00,0,0,0,0,0,0.0,0.0,0.0,16980.0
2026-03-07 07:23:00+00:00,19,19,788167,16162,2338,1139.0,47.0,6.0,17010.0
2026-03-07 07:23:30+00:00,19,19,793807,16199,2345,5640.0,37.0,7.0,17040.0
2026-03-07 07:24:00+00:00,19,19,796609,16234,2353,2802.0,35.0,8.0,17070.0
2026-03-07 07:24:30+00:00,19,19,798345,16283,2362,1736.0,49.0,9.0,17100.0
2026-03-07 07:25:00+00:00,19,19,800457,16326,2368,2112.0,43.0,6.0,17130.0
2026-03-07 07:25:30+00:00,19,19,802483,16367,2373,2026.0,41.0,5.0,17160.0
2026-03-07 07:26:00+00:00,19,19,803127,16406,2379,644.0,39.0,6.0,17190.0
2026-03-07 07:26:30+00:00,19,19,804360,16432,2380,1233.0,26.0,1.0,17220.0
2026-03-07 07:27:00+00:00,19,19,805823,16468,2387,1463.0,36.0,7.0,17250.0
2026-03-07 07:27:30+00:00,19,19,806685,16504,2389,862.0,36.0,2.0,17280.0
2026-03-07 07:28:00+00:00,19,19,809497,16535,2390,2812.0,31.0,1.0,17310.0
2026-03-07 07:28:30+00:00,19,19,813155,16562,2395,3658.0,27.0,5.0,17340.0
2026-03-07 07:29:00+00:00,19,19,814066,16590,2405,911.0,28.0,10.0,17370.0
2026-03-07 07:29:30+00:00,19,19,815181,16635,2409,1115.0,45.0,4.0,17400.0
2026-03-07 07:30:00+00:00,19,19,816917,16685,2415,1736.0,50.0,6.0,17430.0
2026-03-07 07:30:30+00:00,19,19,817853,16725,2419,936.0,40.0,4.0,17460.0
2026-03-07 07:31:00+00:00,19,19,818812,16760,2421,959.0,35.0,3.0,17490.0
2026-03-07 07:31:30+00:00,19,19,821806,16796,2425,2994.0,36.0,4.0,17520.0
2026-03-07 07:32:00+00:00,19,19,822782,16827,2429,976.0,31.0,4.0,17550.0
2026-03-07 07:32:30+00:00,19,19,825069,16861,2438,2287.0,34.0,9.0,17580.0
2026-03-07 07:33:00+00:00,20,20,825784,16893,2442,715.0,29.0,3.0,17610.0
2026-03-07 07:33:30+00:00,20,20,830357,16929,2445,4573.0,36.0,3.0,17640.0
2026-03-07 07:34:00+00:00,20,20,831175,16960,2447,818.0,31.0,2.0,17670.0
2026-03-07 07:34:30+00:00,20,20,832100,16996,2450,925.0,36.0,3.0,17700.0
2026-03-07 07:35:00+00:00,20,20,834414,17035,2455,2314.0,39.0,5.0,17730.0
2026-03-07 07:35:30+00:00,20,20,835280,17079,2458,866.0,44.0,4.0,17760.0
2026-03-07 07:36:00+00:00,20,20,837840,17125,2464,2560.0,46.0,6.0,17790.0
2026-03-07 07:36:30+00:00,20,20,840224,17180,2474,2384.0,55.0,10.0,17820.0
2026-03-07 07:37:00+00:00,20,20,842859,17220,2476,2635.0,40.0,2.0,17850.0
2026-03-07 07:37:30+00:00,20,20,843593,17260,2479,734.0,40.0,3.0,17880.0
2026-03-07 07:38:00+00:00,20,20,845284,17311,2483,1691.0,51.0,4.0,17910.0
2026-03-07 07:38:30+00:00,20,20,849675,17342,2485,4391.0,31.0,2.0,17940.0
2026-03-07 07:39:00+00:00,20,20,850692,17381,2489,1017.0,39.0,4.0,17970.0
2026-03-07 07:39:30+00:00,20,20,851332,17413,2494,640.0,32.0,5.0,18000.0
2026-03-07 07:40:00+00:00,20,20,854140,17443,2499,2808.0,30.0,6.0,18030.0
2026-03-07 07:40:30+00:00,21,21,855177,17483,2503,1037.0,40.0,4.0,18060.0
2026-03-07 07:41:00+00:00,21,21,856577,17509,2505,1400.0,26.0,2.0,18090.0
2026-03-07 07:41:30+00:00,21,21,858078,17547,2507,1501.0,38.0,2.0,18120.0
2026-03-07 07:42:00+00:00,21,21,861066,17586,2507,2988.0,39.0,0.0,18150.0
2026-03-07 07:42:30+00:00,21,21,861964,17631,2510,898.0,45.0,3.0,18180.0
2026-03-07 07:43:00+00:00,0,0,0,0,0,0.0,0.0,0.0,18210.0
2026-03-07 07:43:30+00:00,21,21,867292,17663,2515,5328.0,32.0,5.0,18240.0
2026-03-07 07:44:00+00:00,21,21,870029,17697,2519,2737.0,34.0,4.0,18270.0
2026-03-07 07:44:30+00:00,21,21,871335,17728,2524,1306.0,31.0,5.0,18300.0
2026-03-07 07:45:00+00:00,21,21,872591,17755,2531,1256.0,28.0,7.0,18330.0
2026-03-07 07:45:30+00:00,21,21,875793,17786,2533,3202.0,32.0,2.0,18360.0
2026-03-07 07:46:00+00:00,21,21,879610,17823,2538,3817.0,37.0,5.0,18390.0
2026-03-07 07:46:30+00:00,21,21,884144,17856,2543,4534.0,33.0,5.0,18420.0
2026-03-07 07:47:00+00:00,21,21,885459,17889,2549,1315.0,33.0,6.0,18450.0
2026-03-07 07:47:30+00:00,21,21,889570,17938,2550,4111.0,49.0,1.0,18480.0
2026-03-07 07:48:00+00:00,21,21,890346,17972,2552,776.0,34.0,2.0,18510.0
2026-03-07 07:48:30+00:00,21,21,897927,18006,2554,7581.0,34.0,2.0,18540.0
2026-03-07 07:49:00+00:00,21,21,898630,18049,2560,703.0,43.0,6.0,18570.0
2026-03-07 07:49:30+00:00,21,21,899862,18086,2566,1232.0,37.0,6.0,18600.0
2026-03-07 07:50:00+00:00,21,21,902311,18127,2569,2449.0,41.0,3.0,18630.0
2026-03-07 07:50:30+00:00,21,21,903689,18164,2574,1378.0,37.0,5.0,18660.0
2026-03-07 07:51:00+00:00,21,21,904354,18192,2578,665.0,28.0,4.0,18690.0
2026-03-07 07:51:30+00:00,21,21,912329,18234,2582,7975.0,42.0,4.0,18720.0
2026-03-07 07:52:00+00:00,21,21,915352,18262,2584,3023.0,28.0,2.0,18750.0
2026-03-07 07:52:30+00:00,21,21,917513,18291,2588,2161.0,29.0,4.0,18780.0
2026-03-07 07:53:00+00:00,21,21,918623,18325,2595,1110.0,34.0,7.0,18810.0
2026-03-07 07:53:30+00:00,21,21,925212,18350,2603,6589.0,26.0,8.0,18840.0
2026-03-07 07:54:00+00:00,21,21,925556,18378,2603,344.0,28.0,2.0,18870.0
2026-03-07 07:54:30+00:00,21,21,927049,18412,2607,1493.0,34.0,4.0,18900.0
2026-03-07 07:55:00+00:00,21,21,930640,18441,2613,3591.0,29.0,6.0,18930.0
2026-03-07 07:55:30+00:00,21,21,931238,18475,2617,598.0,34.0,4.0,18960.0
2026-03-07 07:56:00+00:00,21,21,934431,18501,2620,3193.0,26.0,4.0,18990.0
2026-03-07 07:56:30+00:00,21,21,937187,18526,2624,2756.0,25.0,4.0,19020.0
2026-03-07 07:57:00+00:00,21,21,938296,18569,2627,1109.0,43.0,3.0,19050.0
2026-03-07 07:57:30+00:00,21,21,940901,18608,2631,2605.0,40.0,4.0,19080.0
2026-03-07 07:58:00+00:00,21,21,941696,18634,2636,795.0,28.0,5.0,19110.0
2026-03-07 07:58:30+00:00,21,21,946334,18668,2638,4638.0,34.0,2.0,19140.0
2026-03-07 07:59:00+00:00,21,21,948256,18702,2643,1922.0,34.0,5.0,19170.0
2026-03-07 07:59:30+00:00,21,21,949290,18730,2645,1034.0,28.0,3.0,19200.0
2026-03-07 08:00:00+00:00,21,21,951148,18765,2652,1858.0,35.0,7.0,19230.0
2026-03-07 08:00:30+00:00,21,21,951776,18805,2655,628.0,40.0,3.0,19260.0
2026-03-07 08:01:00+00:00,21,21,954736,18830,2659,2960.0,25.0,4.0,19290.0
2026-03-07 08:01:30+00:00,21,21,959083,18858,2661,4347.0,28.0,3.0,19320.0
2026-03-07 08:02:00+00:00,21,21,961084,18878,2664,2001.0,20.0,3.0,19350.0
2026-03-07 08:02:30+00:00,21,21,961328,18905,2665,244.0,27.0,1.0,19380.0
2026-03-07 08:03:00+00:00,21,21,962482,18932,2668,1154.0,27.0,3.0,19410.0
2026-03-07 08:03:30+00:00,0,0,0,0,0,0.0,0.0,0.0,19440.0
2026-03-07 08:04:00+00:00,21,21,965870,18961,2671,3388.0,29.0,3.0,19470.0
2026-03-07 08:04:30+00:00,21,21,967124,18989,2677,1254.0,28.0,6.0,19500.0
2026-03-07 08:05:00+00:00,21,21,967625,19027,2679,501.0,38.0,2.0,19530.0
2026-03-07 08:05:30+00:00,21,21,970253,19056,2686,2628.0,29.0,7.0,19560.0
2026-03-07 08:06:00+00:00,21,21,972942,19084,2689,2689.0,28.0,3.0,19590.0
2026-03-07 08:06:30+00:00,21,21,975159,19117,2692,2217.0,33.0,3.0,19620.0
2026-03-07 08:07:00+00:00,21,21,978889,19157,2694,3730.0,40.0,2.0,19650.0
2026-03-07 08:07:30+00:00,21,21,981633,19197,2698,2744.0,40.0,4.0,19680.0
2026-03-07 08:08:00+00:00,21,21,981963,19229,2699,330.0,32.0,1.0,19710.0
2026-03-07 08:08:30+00:00,21,21,984725,19253,2704,2762.0,24.0,5.0,19740.0
2026-03-07 08:09:00+00:00,21,21,986800,19280,2710,2075.0,27.0,6.0,19770.0
2026-03-07 08:09:30+00:00,21,21,987433,19312,2714,633.0,32.0,4.0,19800.0
2026-03-07 08:10:00+00:00,21,21,989595,19340,2717,2162.0,28.0,3.0,19830.0
2026-03-07 08:10:30+00:00,21,21,990868,19362,2719,1273.0,22.0,2.0,19860.0
2026-03-07 08:11:00+00:00,21,21,994044,19390,2725,3176.0,28.0,6.0,19890.0
2026-03-07 08:11:30+00:00,21,21,997917,19414,2732,3873.0,24.0,7.0,19920.0
2026-03-07 08:12:00+00:00,21,21,999940,19441,2737,2023.0,27.0,5.0,19950.0
2026-03-07 08:12:30+00:00,21,21,1000737,19462,2738,797.0,21.0,1.0,19980.0
2026-03-07 08:13:00+00:00,21,21,1001238,19490,2743,501.0,28.0,5.0,20010.0
2026-03-07 08:13:30+00:00,21,21,1005567,19519,2747,4329.0,29.0,4.0,20040.0
2026-03-07 08:14:00+00:00,21,21,1006795,19541,2751,1228.0,22.0,4.0,20070.0
2026-03-07 08:14:30+00:00,21,21,1008336,19569,2752,1541.0,28.0,1.0,20100.0
2026-03-07 08:15:00+00:00,21,21,1008611,19593,2755,275.0,24.0,3.0,20130.0
2026-03-07 08:15:30+00:00,21,21,1011741,19618,2762,3130.0,25.0,7.0,20160.0
2026-03-07 08:16:00+00:00,21,21,1018127,19647,2763,6386.0,29.0,1.0,20190.0
2026-03-07 08:16:30+00:00,21,21,1024308,19681,2764,6181.0,34.0,1.0,20220.0
2026-03-07 08:17:00+00:00,21,21,1026356,19715,2767,2048.0,34.0,3.0,20250.0
2026-03-07 08:17:30+00:00,21,21,1027348,19754,2769,992.0,39.0,2.0,20280.0
2026-03-07 08:18:00+00:00,21,21,1030975,19787,2772,3627.0,33.0,3.0,20310.0
2026-03-07 08:18:30+00:00,21,21,1031322,19809,2775,347.0,22.0,3.0,20340.0
2026-03-07 08:19:00+00:00,21,21,1032605,19831,2775,1283.0,22.0,0.0,20370.0
2026-03-07 08:19:30+00:00,21,21,1033438,19868,2781,833.0,37.0,6.0,20400.0
2026-03-07 08:20:00+00:00,21,21,1035336,19891,2781,1898.0,23.0,0.0,20430.0
2026-03-07 08:20:30+00:00,21,21,1036458,19929,2782,1122.0,38.0,1.0,20460.0
2026-03-07 08:21:00+00:00,21,21,1043075,19955,2787,6617.0,26.0,5.0,20490.0
2026-03-07 08:21:30+00:00,21,21,1047467,19990,2790,4392.0,35.0,3.0,20520.0
2026-03-07 08:22:00+00:00,21,21,1048904,20022,2794,1437.0,32.0,4.0,20550.0
2026-03-07 08:22:30+00:00,21,21,1050613,20060,2796,1709.0,38.0,2.0,20580.0
2026-03-07 08:23:00+00:00,21,21,1054076,20095,2802,3463.0,35.0,7.0,20610.0
2026-03-07 08:23:30+00:00,21,21,1054234,20127,2807,158.0,32.0,5.0,20640.0
2026-03-07 08:24:00+00:00,21,21,1055636,20160,2808,1402.0,33.0,1.0,20670.0
2026-03-07 08:24:30+00:00,0,0,0,0,0,0.0,0.0,0.0,20700.0
2026-03-07 08:25:00+00:00,21,21,1056585,20199,2809,949.0,39.0,1.0,20730.0
2026-03-07 08:25:30+00:00,21,21,1060201,20225,2811,3616.0,26.0,2.0,20760.0
2026-03-07 08:26:00+00:00,21,21,1060415,20257,2814,214.0,32.0,3.0,20790.0
2026-03-07 08:26:30+00:00,21,21,1073700,20282,2815,13285.0,25.0,1.0,20820.0
2026-03-07 08:27:00+00:00,21,21,1075586,20310,2817,1886.0,28.0,3.0,20850.0
2026-03-07 08:27:30+00:00,21,21,1077318,20333,2820,1732.0,23.0,3.0,20880.0
2026-03-07 08:28:00+00:00,21,21,1079458,20361,2820,2140.0,28.0,0.0,20910.0
2026-03-07 08:28:30+00:00,21,21,1083274,20382,2822,3816.0,21.0,2.0,20940.0
2026-03-07 08:29:00+00:00,21,21,1084832,20416,2824,1558.0,34.0,2.0,20970.0
2026-03-07 08:29:30+00:00,21,21,1085312,20447,2824,480.0,31.0,0.0,21000.0
2026-03-07 08:30:00+00:00,21,21,1085854,20471,2828,542.0,25.0,4.0,21030.0
2026-03-07 08:30:30+00:00,21,21,1087444,20507,2831,1590.0,36.0,3.0,21060.0
2026-03-07 08:31:00+00:00,21,21,1089009,20537,2836,1565.0,30.0,5.0,21090.0
2026-03-07 08:31:30+00:00,21,21,1092042,20571,2840,3033.0,34.0,4.0,21120.0
2026-03-07 08:32:00+00:00,21,21,1094138,20598,2844,2096.0,27.0,4.0,21150.0
2026-03-07 08:32:30+00:00,21,21,1096022,20624,2847,1884.0,26.0,3.0,21180.0
2026-03-07 08:33:00+00:00,21,21,1096516,20651,2850,494.0,27.0,3.0,21210.0
2026-03-07 08:33:30+00:00,21,21,1098802,20683,2854,2286.0,32.0,4.0,21240.0
2026-03-07 08:34:00+00:00,21,21,1098980,20709,2857,178.0,26.0,3.0,21270.0
2026-03-07 08:34:30+00:00,21,21,1099907,20734,2861,927.0,25.0,4.0,21300.0
2026-03-07 08:35:00+00:00,21,21,1102242,20758,2867,2335.0,24.0,6.0,21330.0
2026-03-07 08:35:30+00:00,21,21,1103047,20785,2868,805.0,27.0,1.0,21360.0
2026-03-07 08:36:00+00:00,21,21,1110804,20811,2870,7757.0,26.0,2.0,21390.0
2026-03-07 08:36:30+00:00,21,21,1114589,20831,2876,3785.0,20.0,6.0,21420.0
2026-03-07 08:37:00+00:00,21,21,1115289,20851,2876,700.0,20.0,0.0,21450.0
2026-03-07 08:37:30+00:00,21,21,1118159,20881,2880,2870.0,30.0,4.0,21480.0
2026-03-07 08:38:00+00:00,21,21,1118991,20908,2883,832.0,27.0,3.0,21510.0
2026-03-07 08:38:30+00:00,21,21,1122392,20942,2883,3401.0,34.0,0.0,21540.0
2026-03-07 08:39:00+00:00,21,21,1122609,20976,2888,217.0,34.0,5.0,21570.0
2026-03-07 08:39:30+00:00,21,21,1123809,20995,2890,1200.0,19.0,2.0,21600.0
2026-03-07 08:40:00+00:00,21,21,1125287,21011,2891,1478.0,17.0,1.0,21630.0
2026-03-07 08:40:30+00:00,21,21,1127998,21041,2891,2711.0,30.0,0.0,21660.0
2026-03-07 08:41:00+00:00,21,21,1132091,21060,2894,4093.0,19.0,4.0,21690.0
2026-03-07 08:41:30+00:00,21,21,1135141,21083,2896,3050.0,23.0,2.0,21720.0
2026-03-07 08:42:00+00:00,21,21,1137488,21118,2900,2347.0,35.0,4.0,21750.0
2026-03-07 08:42:30+00:00,21,21,1137710,21148,2900,255.0,30.0,0.0,21780.0
2026-03-07 08:43:00+00:00,21,21,1141980,21176,2906,4270.0,28.0,6.0,21810.0
2026-03-07 08:43:30+00:00,21,21,1142155,21202,2908,175.0,27.0,2.0,21840.0
2026-03-07 08:44:00+00:00,21,21,1142207,21227,2910,52.0,25.0,2.0,21870.0
2026-03-07 08:44:30+00:00,21,21,1144390,21264,2913,2183.0,37.0,3.0,21900.0
2026-03-07 08:45:00+00:00,0,0,0,0,0,0.0,0.0,0.0,21930.0
2026-03-07 08:45:30+00:00,21,21,1146733,21291,2913,2343.0,27.0,0.0,21960.0
2026-03-07 08:46:00+00:00,21,21,1147684,21311,2917,951.0,20.0,4.0,21990.0
2026-03-07 08:46:30+00:00,21,21,1155950,21338,2917,8266.0,27.0,0.0,22020.0
2026-03-07 08:47:00+00:00,21,21,1160574,21375,2919,4624.0,37.0,2.0,22050.0
2026-03-07 08:47:30+00:00,21,21,1163946,21407,2923,3372.0,32.0,4.0,22080.0
2026-03-07 08:48:00+00:00,21,21,1164913,21435,2925,967.0,28.0,2.0,22110.0
2026-03-07 08:48:30+00:00,21,21,1169061,21465,2926,4148.0,30.0,1.0,22140.0
2026-03-07 08:49:00+00:00,21,21,1169546,21491,2927,485.0,26.0,1.0,22170.0
2026-03-07 08:49:30+00:00,21,21,1170578,21517,2930,1032.0,26.0,3.0,22200.0
2026-03-07 08:50:00+00:00,21,21,1172777,21548,2933,2199.0,31.0,3.0,22230.0
2026-03-07 08:50:30+00:00,21,21,1173630,21577,2938,853.0,30.0,5.0,22260.0
2026-03-07 08:51:00+00:00,21,21,1177580,21608,2939,3950.0,31.0,1.0,22290.0
2026-03-07 08:51:30+00:00,21,21,1180562,21638,2940,2982.0,30.0,1.0,22320.0
2026-03-07 08:52:00+00:00,21,21,1181093,21662,2944,531.0,24.0,4.0,22350.0
2026-03-07 08:52:30+00:00,21,21,1183133,21689,2948,2040.0,27.0,4.0,22380.0
2026-03-07 08:53:00+00:00,21,21,1183266,21723,2950,133.0,34.0,2.0,22410.0
2026-03-07 08:53:30+00:00,21,21,1186041,21751,2950,2775.0,28.0,0.0,22440.0
2026-03-07 08:54:00+00:00,21,21,1186433,21779,2951,392.0,28.0,1.0,22470.0
2026-03-07 08:54:30+00:00,21,21,1186971,21804,2952,538.0,25.0,1.0,22500.0
2026-03-07 08:55:00+00:00,21,21,1187490,21829,2955,519.0,25.0,3.0,22530.0
2026-03-07 08:55:30+00:00,21,21,1189619,21851,2956,2129.0,24.0,1.0,22560.0
2026-03-07 08:56:00+00:00,21,21,1196671,21868,2956,7052.0,18.0,0.0,22590.0
2026-03-07 08:56:30+00:00,21,21,1201822,21893,2956,5151.0,25.0,0.0,22620.0
2026-03-07 08:57:00+00:00,21,21,1205700,21916,2958,3878.0,25.0,2.0,22650.0
2026-03-07 08:57:30+00:00,21,21,1206001,21932,2960,301.0,17.0,2.0,22680.0
2026-03-07 08:58:00+00:00,21,21,1206298,21947,2961,297.0,17.0,1.0,22710.0
2026-03-07 08:58:30+00:00,21,21,1210211,21965,2964,3913.0,18.0,3.0,22740.0
2026-03-07 08:59:00+00:00,21,21,1211415,21985,2966,1204.0,24.0,2.0,22770.0
2026-03-07 08:59:30+00:00,21,21,1212511,22001,2968,1096.0,17.0,2.0,22800.0
2026-03-07 09:00:00+00:00,21,21,1215911,22032,2970,3400.0,31.0,2.0,22830.0
2026-03-07 09:00:30+00:00,21,21,1216363,22061,2972,452.0,30.0,2.0,22860.0
2026-03-07 09:01:00+00:00,21,21,1220790,22073,2977,4427.0,12.0,5.0,22890.0
2026-03-07 09:01:30+00:00,21,21,1222932,22087,2979,2142.0,15.0,2.0,22920.0
2026-03-07 09:02:00+00:00,21,21,1224109,22113,2981,1177.0,26.0,2.0,22950.0
2026-03-07 09:02:30+00:00,21,21,1225450,22138,2983,1341.0,27.0,2.0,22980.0
2026-03-07 09:03:00+00:00,21,21,1227174,22158,2985,1724.0,21.0,2.0,23010.0
2026-03-07 09:03:30+00:00,21,21,1228008,22182,2986,834.0,24.0,1.0,23040.0
2026-03-07 09:04:00+00:00,21,21,1228491,22209,2987,483.0,27.0,1.0,23070.0
2026-03-07 09:04:30+00:00,21,21,1230459,22241,2991,1968.0,32.0,4.0,23100.0
2026-03-07 09:05:00+00:00,21,21,1230960,22278,2992,501.0,37.0,1.0,23130.0
2026-03-07 09:05:30+00:00,21,21,1232683,22304,2994,1723.0,26.0,2.0,23160.0
2026-03-07 09:06:00+00:00,0,0,0,0,0,0.0,0.0,0.0,23190.0
2026-03-07 09:06:30+00:00,21,21,1237703,22331,2996,5020.0,27.0,2.0,23220.0
2026-03-07 09:07:00+00:00,21,21,1238979,22360,3002,1276.0,29.0,6.0,23250.0
2026-03-07 09:07:30+00:00,21,21,1242070,22397,3006,3091.0,37.0,4.0,23280.0
2026-03-07 09:08:00+00:00,21,21,1243272,22422,3007,1202.0,25.0,1.0,23310.0
2026-03-07 09:08:30+00:00,21,21,1247435,22441,3010,4163.0,19.0,3.0,23340.0
2026-03-07 09:09:00+00:00,21,21,1247737,22471,3012,302.0,30.0,2.0,23370.0
2026-03-07 09:09:30+00:00,21,21,1249098,22504,3014,1361.0,33.0,2.0,23400.0
2026-03-07 09:10:00+00:00,21,21,1250502,22529,3017,1404.0,25.0,3.0,23430.0
2026-03-07 09:10:30+00:00,21,21,1252278,22565,3020,1776.0,36.0,3.0,23460.0
2026-03-07 09:11:00+00:00,21,21,1258120,22596,3021,5842.0,31.0,1.0,23490.0
2026-03-07 09:11:30+00:00,21,21,1261104,22614,3026,2984.0,18.0,5.0,23520.0
2026-03-07 09:12:00+00:00,21,21,1264188,22640,3027,3084.0,26.0,1.0,23550.0
2026-03-07 09:12:30+00:00,21,21,1264462,22665,3029,274.0,25.0,2.0,23580.0
2026-03-07 09:13:00+00:00,21,21,1265030,22691,3030,568.0,26.0,1.0,23610.0
2026-03-07 09:13:30+00:00,21,21,1267782,22722,3033,2752.0,31.0,3.0,23640.0
2026-03-07 09:14:00+00:00,21,21,1268587,22753,3033,805.0,32.0,0.0,23670.0
2026-03-07 09:14:30+00:00,21,21,1269181,22776,3038,594.0,23.0,5.0,23700.0
2026-03-07 09:15:00+00:00,21,21,1272034,22797,3041,2853.0,22.0,3.0,23730.0
2026-03-07 09:15:30+00:00,21,21,1272706,22816,3046,672.0,19.0,5.0,23760.0
2026-03-07 09:16:00+00:00,21,21,1278723,22836,3046,6017.0,21.0,0.0,23790.0
2026-03-07 09:16:30+00:00,21,21,1281869,22858,3048,3146.0,22.0,2.0,23820.0
2026-03-07 09:17:00+00:00,21,21,1283360,22881,3051,1491.0,23.0,3.0,23850.0
2026-03-07 09:17:30+00:00,21,21,1284463,22910,3060,1103.0,29.0,9.0,23880.0
2026-03-07 09:18:00+00:00,21,21,1284766,22937,3065,303.0,27.0,5.0,23910.0
2026-03-07 09:18:30+00:00,21,21,1288655,22960,3067,3889.0,23.0,3.0,23940.0
2026-03-07 09:19:00+00:00,21,21,1289560,22987,3070,905.0,27.0,3.0,23970.0
2026-03-07 09:19:30+00:00,21,21,1290580,23013,3070,1020.0,26.0,0.0,24000.0
2026-03-07 09:20:00+00:00,21,21,1293800,23047,3073,3220.0,34.0,3.0,24030.0
2026-03-07 09:20:30+00:00,21,21,1294569,23069,3075,769.0,22.0,2.0,24060.0
2026-03-07 09:21:00+00:00,21,21,1301365,23088,3075,6796.0,19.0,0.0,24090.0
2026-03-07 09:21:30+00:00,21,21,1304467,23117,3078,3102.0,30.0,3.0,24120.0
2026-03-07 09:22:00+00:00,21,21,1305983,23141,3078,1516.0,24.0,0.0,24150.0
2026-03-07 09:22:30+00:00,21,21,1307357,23162,3082,1374.0,21.0,4.0,24180.0
2026-03-07 09:23:00+00:00,21,21,1309456,23193,3085,2099.0,31.0,3.0,24210.0
2026-03-07 09:23:30+00:00,21,21,1310044,23226,3091,588.0,33.0,6.0,24240.0
2026-03-07 09:24:00+00:00,21,21,1311084,23256,3094,1040.0,30.0,3.0,24270.0
2026-03-07 09:24:30+00:00,21,21,1311294,23288,3095,210.0,32.0,1.0,24300.0
2026-03-07 09:25:00+00:00,21,21,1313257,23314,3099,1963.0,26.0,4.0,24330.0
2026-03-07 09:25:30+00:00,21,21,1313512,23340,3104,255.0,26.0,5.0,24360.0
2026-03-07 09:26:00+00:00,21,21,1318206,23363,3108,4694.0,23.0,4.0,24390.0
2026-03-07 09:26:30+00:00,21,21,1320013,23396,3112,1807.0,33.0,4.0,24420.0
2026-03-07 09:27:00+00:00,0,0,0,0,0,0.0,0.0,0.0,24450.0
2026-03-07 09:27:30+00:00,21,21,1321129,23412,3116,1116.0,16.0,4.0,24480.0
2026-03-07 09:28:00+00:00,21,21,1321597,23442,3121,468.0,30.0,5.0,24510.0
2026-03-07 09:28:30+00:00,21,21,1322355,23463,3122,758.0,21.0,1.0,24540.0
2026-03-07 09:29:00+00:00,21,21,1324276,23492,3124,1921.0,29.0,2.0,24570.0
2026-03-07 09:29:30+00:00,21,21,1325064,23519,3126,788.0,27.0,2.0,24600.0
2026-03-07 09:30:00+00:00,21,21,1325335,23541,3126,271.0,22.0,0.0,24630.0
2026-03-07 09:30:30+00:00,21,21,1328000,23566,3133,2665.0,25.0,7.0,24660.0
2026-03-07 09:31:00+00:00,21,21,1328131,23590,3135,131.0,24.0,2.0,24690.0
2026-03-07 09:31:30+00:00,21,21,1336728,23611,3136,8597.0,21.0,1.0,24720.0
2026-03-07 09:32:00+00:00,21,21,1337984,23634,3137,1256.0,23.0,1.0,24750.0
2026-03-07 09:32:30+00:00,21,21,1340170,23659,3138,2186.0,25.0,1.0,24780.0
2026-03-07 09:33:00+00:00,21,21,1340936,23687,3142,766.0,28.0,4.0,24810.0
2026-03-07 09:33:30+00:00,21,21,1343055,23710,3144,2119.0,23.0,2.0,24840.0
2026-03-07 09:34:00+00:00,21,21,1343944,23742,3144,889.0,32.0,0.0,24870.0
2026-03-07 09:34:30+00:00,21,21,1344140,23768,3147,196.0,26.0,3.0,24900.0
2026-03-07 09:35:00+00:00,21,21,1344817,23792,3149,677.0,24.0,2.0,24930.0
2026-03-07 09:35:30+00:00,21,21,1346115,23814,3151,1298.0,22.0,2.0,24960.0
2026-03-07 09:36:00+00:00,21,21,1348032,23830,3154,1917.0,16.0,3.0,24990.0
2026-03-07 09:36:30+00:00,21,21,1353506,23851,3155,5474.0,21.0,1.0,25020.0
2026-03-07 09:37:00+00:00,21,21,1354764,23875,3157,1258.0,25.0,2.0,25050.0
2026-03-07 09:37:30+00:00,21,21,1356568,23900,3158,1804.0,25.0,1.0,25080.0
2026-03-07 09:38:00+00:00,21,21,1357031,23924,3163,463.0,24.0,5.0,25110.0
2026-03-07 09:38:30+00:00,21,21,1360427,23949,3164,3396.0,25.0,1.0,25140.0
2026-03-07 09:39:00+00:00,21,21,1360966,23969,3165,539.0,20.0,1.0,25170.0
2026-03-07 09:39:30+00:00,21,21,1361724,23996,3165,758.0,27.0,0.0,25200.0
2026-03-07 09:40:00+00:00,21,21,1363691,24018,3167,1967.0,22.0,2.0,25230.0
2026-03-07 09:40:30+00:00,21,21,1364189,24039,3169,498.0,21.0,2.0,25260.0
2026-03-07 09:41:00+00:00,21,21,1371201,24068,3171,7012.0,29.0,3.0,25290.0
2026-03-07 09:41:30+00:00,21,21,1373356,24086,3174,2155.0,19.0,3.0,25320.0
2026-03-07 09:42:00+00:00,21,21,1375625,24111,3176,2269.0,25.0,2.0,25350.0
2026-03-07 09:42:30+00:00,21,21,1376546,24134,3179,921.0,23.0,4.0,25380.0
2026-03-07 09:43:00+00:00,21,21,1377765,24156,3183,1219.0,22.0,4.0,25410.0
2026-03-07 09:43:30+00:00,21,21,1380237,24177,3185,2472.0,21.0,3.0,25440.0
2026-03-07 09:44:00+00:00,21,21,1381967,24206,3187,1730.0,29.0,2.0,25470.0
2026-03-07 09:44:30+00:00,21,21,1382753,24230,3189,786.0,24.0,2.0,25500.0
2026-03-07 09:45:00+00:00,21,21,1385296,24259,3191,2543.0,29.0,2.0,25530.0
2026-03-07 09:45:30+00:00,21,21,1387968,24282,3195,2672.0,23.0,4.0,25560.0
2026-03-07 09:46:00+00:00,21,21,1391919,24311,3197,3951.0,29.0,2.0,25590.0
2026-03-07 09:46:30+00:00,21,21,1395819,24339,3198,3900.0,28.0,1.0,25620.0
2026-03-07 09:47:00+00:00,21,21,1397359,24368,3200,1540.0,29.0,2.0,25650.0
2026-03-07 09:47:30+00:00,21,21,1397836,24391,3202,477.0,23.0,2.0,25680.0
2026-03-07 09:48:00+00:00,0,0,0,0,0,0.0,0.0,0.0,25710.0
2026-03-07 09:48:30+00:00,21,21,1401527,24411,3203,3691.0,20.0,1.0,25740.0
2026-03-07 09:49:00+00:00,21,21,1402006,24430,3206,479.0,19.0,3.0,25770.0
2026-03-07 09:49:30+00:00,21,21,1402492,24453,3207,486.0,23.0,1.0,25800.0
2026-03-07 09:50:00+00:00,21,21,1405504,24477,3208,3012.0,24.0,1.0,25830.0
2026-03-07 09:50:30+00:00,21,21,1406229,24495,3211,725.0,18.0,3.0,25860.0
2026-03-07 09:51:00+00:00,21,21,1409928,24513,3214,3699.0,18.0,3.0,25890.0
2026-03-07 09:51:30+00:00,21,21,1413129,24542,3216,3201.0,29.0,2.0,25920.0
2026-03-07 09:52:00+00:00,21,21,1416348,24573,3218,3219.0,31.0,2.0,25950.0
2026-03-07 09:52:30+00:00,21,21,1418046,24595,3222,1698.0,22.0,4.0,25980.0
2026-03-07 09:53:00+00:00,21,21,1418718,24622,3225,672.0,27.0,3.0,26010.0
2026-03-07 09:53:30+00:00,21,21,1419487,24646,3228,769.0,24.0,3.0,26040.0
2026-03-07 09:54:00+00:00,21,21,1422098,24668,3230,2611.0,22.0,2.0,26070.0
2026-03-07 09:54:30+00:00,21,21,1423355,24684,3231,1257.0,16.0,1.0,26100.0
2026-03-07 09:55:00+00:00,21,21,1425682,24716,3232,2327.0,32.0,2.0,26130.0
2026-03-07 09:55:30+00:00,21,21,1426299,24735,3237,617.0,19.0,5.0,26160.0
2026-03-07 09:56:00+00:00,21,21,1434476,24759,3237,8177.0,24.0,0.0,26190.0
2026-03-07 09:56:30+00:00,21,21,1436742,24774,3237,2266.0,15.0,0.0,26220.0
2026-03-07 09:57:00+00:00,21,21,1437664,24802,3238,922.0,28.0,1.0,26250.0
2026-03-07 09:57:30+00:00,21,21,1439993,24828,3242,2329.0,26.0,4.0,26280.0
2026-03-07 09:58:00+00:00,21,21,1440890,24861,3245,897.0,33.0,3.0,26310.0
2026-03-07 09:58:30+00:00,21,21,1443060,24881,3246,2170.0,20.0,1.0,26340.0
2026-03-07 09:59:00+00:00,21,21,1443476,24907,3249,416.0,26.0,3.0,26370.0
2026-03-07 09:59:30+00:00,21,21,1444395,24931,3248,919.0,24.0,0.0,26400.0
2026-03-07 10:00:00+00:00,21,21,1446252,24958,3250,1857.0,27.0,2.0,26430.0
2026-03-07 10:00:30+00:00,21,21,1446538,24979,3251,286.0,21.0,1.0,26460.0
2026-03-07 10:01:00+00:00,21,21,1453742,24996,3254,7204.0,17.0,3.0,26490.0
2026-03-07 10:01:30+00:00,21,21,1458128,25024,3260,4386.0,28.0,6.0,26520.0
2026-03-07 10:02:00+00:00,21,21,1460904,25043,3261,2776.0,19.0,1.0,26550.0
2026-03-07 10:02:30+00:00,21,21,1462660,25062,3262,1756.0,19.0,1.0,26580.0
2026-03-07 10:03:00+00:00,21,21,1465326,25083,3265,2666.0,22.0,3.0,26610.0
2026-03-07 10:03:30+00:00,21,21,1466672,25103,3268,1346.0,20.0,3.0,26640.0
2026-03-07 10:04:00+00:00,21,21,1467230,25124,3271,558.0,21.0,3.0,26670.0
2026-03-07 10:04:30+00:00,21,21,1468092,25145,3272,862.0,21.0,1.0,26700.0
2026-03-07 10:05:00+00:00,21,21,1470301,25167,3274,2209.0,22.0,2.0,26730.0
2026-03-07 10:05:30+00:00,21,21,1470702,25191,3275,401.0,24.0,1.0,26760.0
2026-03-07 10:06:00+00:00,21,21,1478400,25215,3276,7698.0,24.0,1.0,26790.0
2026-03-07 10:06:30+00:00,21,21,1481633,25238,3277,3233.0,23.0,1.0,26820.0
2026-03-07 10:07:00+00:00,21,21,1483745,25260,3279,2112.0,23.0,2.0,26850.0
2026-03-07 10:07:30+00:00,21,21,1484227,25276,3283,482.0,16.0,4.0,26880.0
2026-03-07 10:08:00+00:00,21,21,1487588,25306,3285,3361.0,30.0,2.0,26910.0
2026-03-07 10:08:30+00:00,0,0,0,0,0,0.0,0.0,0.0,26940.0
2026-03-07 10:09:00+00:00,21,21,1488127,25330,3288,539.0,24.0,3.0,26970.0
2026-03-07 10:09:30+00:00,21,21,1489063,25339,3290,936.0,9.0,2.0,27000.0
2026-03-07 10:10:00+00:00,21,21,1489368,25350,3294,305.0,11.0,4.0,27030.0
2026-03-07 10:10:30+00:00,21,21,1491272,25369,3296,1904.0,19.0,2.0,27060.0
2026-03-07 10:11:00+00:00,21,21,1498429,25392,3302,7157.0,23.0,6.0,27090.0
2026-03-07 10:11:30+00:00,21,21,1498896,25418,3303,467.0,26.0,1.0,27120.0
2026-03-07 10:12:00+00:00,21,21,1502955,25447,3304,4059.0,29.0,1.0,27150.0
2026-03-07 10:12:30+00:00,21,21,1505526,25473,3308,2571.0,26.0,4.0,27180.0
2026-03-07 10:13:00+00:00,21,21,1506131,25492,3311,605.0,19.0,3.0,27210.0
2026-03-07 10:13:30+00:00,21,21,1509887,25510,3313,3756.0,18.0,2.0,27240.0
2026-03-07 10:14:00+00:00,21,21,1510822,25528,3315,935.0,19.0,2.0,27270.0
2026-03-07 10:14:30+00:00,21,21,1511898,25544,3318,1076.0,16.0,3.0,27300.0
2026-03-07 10:15:00+00:00,21,21,1513592,25557,3320,1694.0,13.0,2.0,27330.0
2026-03-07 10:15:30+00:00,21,21,1514461,25574,3320,869.0,17.0,0.0,27360.0
2026-03-07 10:16:00+00:00,21,21,1519369,25595,3323,4908.0,21.0,3.0,27390.0
2026-03-07 10:16:30+00:00,21,21,1522181,25612,3326,2812.0,17.0,3.0,27420.0
2026-03-07 10:17:00+00:00,21,21,1523179,25624,3327,998.0,12.0,1.0,27450.0
2026-03-07 10:17:30+00:00,21,21,1524065,25643,3329,886.0,19.0,2.0,27480.0
2026-03-07 10:18:00+00:00,21,21,1524604,25665,3332,539.0,22.0,3.0,27510.0
2026-03-07 10:18:30+00:00,21,21,1526199,25691,3336,1595.0,26.0,4.0,27540.0
2026-03-07 10:19:00+00:00,21,21,1526372,25712,3340,173.0,21.0,4.0,27570.0
2026-03-07 10:19:30+00:00,21,21,1527003,25733,3340,631.0,21.0,0.0,27600.0
2026-03-07 10:20:00+00:00,21,21,1528027,25755,3343,1024.0,22.0,3.0,27630.0
2026-03-07 10:20:30+00:00,21,21,1528592,25774,3344,565.0,19.0,1.0,27660.0
2026-03-07 10:21:00+00:00,21,21,1532626,25807,3349,4034.0,33.0,5.0,27690.0
2026-03-07 10:21:30+00:00,21,21,1534876,25831,3351,2250.0,24.0,2.0,27720.0
2026-03-07 10:22:00+00:00,21,21,1535039,25853,3357,163.0,22.0,6.0,27750.0
2026-03-07 10:22:30+00:00,21,21,1536395,25880,3359,1356.0,27.0,2.0,27780.0
2026-03-07 10:23:00+00:00,21,21,1536716,25900,3360,321.0,20.0,1.0,27810.0
2026-03-07 10:23:30+00:00,21,21,1538933,25925,3362,2217.0,25.0,2.0,27840.0
2026-03-07 10:24:00+00:00,21,21,1539860,25947,3365,927.0,22.0,3.0,27870.0
2026-03-07 10:24:30+00:00,21,21,1540587,25966,3367,727.0,19.0,2.0,27900.0
2026-03-07 10:25:00+00:00,21,21,1541673,25997,3370,1086.0,31.0,3.0,27930.0
2026-03-07 10:25:30+00:00,21,21,1542618,26011,3371,945.0,14.0,1.0,27960.0
2026-03-07 10:26:00+00:00,21,21,1545466,26034,3372,2848.0,23.0,1.0,27990.0
2026-03-07 10:26:30+00:00,21,21,1551944,26053,3377,6478.0,19.0,5.0,28020.0
2026-03-07 10:27:00+00:00,21,21,1552275,26069,3379,331.0,16.0,2.0,28050.0
2026-03-07 10:27:30+00:00,21,21,1553594,26095,3383,1319.0,27.0,4.0,28080.0
2026-03-07 10:28:00+00:00,21,21,1553998,26116,3385,404.0,21.0,2.0,28110.0
2026-03-07 10:28:30+00:00,0,0,0,0,0,0.0,0.0,0.0,28140.0
2026-03-07 10:29:00+00:00,21,21,1555811,26144,3388,1813.0,28.0,3.0,28170.0
2026-03-07 10:29:30+00:00,21,21,1556183,26176,3391,372.0,32.0,3.0,28200.0
2026-03-07 10:30:00+00:00,21,21,1556496,26199,3391,313.0,23.0,0.0,28230.0
2026-03-07 10:30:30+00:00,21,21,1557746,26222,3395,1250.0,23.0,5.0,28260.0
2026-03-07 10:31:00+00:00,21,21,1559128,26243,3396,1382.0,21.0,1.0,28290.0
2026-03-07 10:31:30+00:00,21,21,1564124,26257,3398,4996.0,14.0,2.0,28320.0
2026-03-07 10:32:00+00:00,21,21,1564692,26282,3400,568.0,25.0,2.0,28350.0
2026-03-07 10:32:30+00:00,21,21,1565144,26307,3407,452.0,25.0,7.0,28380.0
2026-03-07 10:33:00+00:00,21,21,1565932,26329,3408,788.0,22.0,1.0,28410.0
2026-03-07 10:33:30+00:00,21,21,1567487,26355,3409,1555.0,26.0,1.0,28440.0
2026-03-07 10:34:00+00:00,21,21,1567546,26381,3409,59.0,26.0,0.0,28470.0
2026-03-07 10:34:30+00:00,21,21,1568148,26404,3412,602.0,23.0,3.0,28500.0
2026-03-07 10:35:00+00:00,21,21,1568460,26424,3412,312.0,20.0,0.0,28530.0
2026-03-07 10:35:30+00:00,21,21,1570633,26441,3413,2173.0,17.0,1.0,28560.0
2026-03-07 10:36:00+00:00,21,21,1578182,26455,3413,7549.0,15.0,0.0,28590.0
2026-03-07 10:36:30+00:00,21,21,1582894,26476,3415,4712.0,21.0,2.0,28620.0
2026-03-07 10:37:00+00:00,21,21,1584633,26499,3417,1739.0,23.0,2.0,28650.0
2026-03-07 10:37:30+00:00,21,21,1586236,26516,3417,1603.0,17.0,0.0,28680.0
2026-03-07 10:38:00+00:00,21,21,1586715,26539,3417,479.0,23.0,0.0,28710.0
2026-03-07 10:38:30+00:00,21,21,1590029,26565,3420,3314.0,26.0,3.0,28740.0
2026-03-07 10:39:00+00:00,21,21,1590190,26588,3422,161.0,23.0,2.0,28770.0
2026-03-07 10:39:30+00:00,21,21,1591479,26614,3423,1289.0,27.0,1.0,28800.0
2026-03-07 10:40:00+00:00,21,21,1593298,26636,3425,1819.0,22.0,2.0,28830.0
2026-03-07 10:40:30+00:00,21,21,1593388,26663,3427,90.0,27.0,2.0,28860.0
2026-03-07 10:41:00+00:00,21,21,1600400,26693,3428,7012.0,30.0,1.0,28890.0
2026-03-07 10:41:30+00:00,21,21,1604401,26715,3431,4001.0,22.0,3.0,28920.0
2026-03-07 10:42:00+00:00,21,21,1606050,26735,3433,1649.0,20.0,2.0,28950.0
2026-03-07 10:42:30+00:00,21,21,1606587,26754,3436,537.0,19.0,3.0,28980.0
2026-03-07 10:43:00+00:00,21,21,1607449,26777,3437,862.0,23.0,1.0,29010.0
2026-03-07 10:43:30+00:00,21,21,1610104,26801,3441,2655.0,25.0,4.0,29040.0
2026-03-07 10:44:00+00:00,21,21,1610431,26816,3441,327.0,15.0,0.0,29070.0
2026-03-07 10:44:30+00:00,21,21,1611374,26837,3444,943.0,21.0,3.0,29100.0
2026-03-07 10:45:00+00:00,21,21,1612909,26854,3447,1535.0,17.0,3.0,29130.0
2026-03-07 10:45:30+00:00,21,21,1613395,26880,3448,486.0,26.0,1.0,29160.0
2026-03-07 10:46:00+00:00,21,21,1622401,26909,3450,9006.0,29.0,2.0,29190.0
2026-03-07 10:46:30+00:00,21,21,1625810,26929,3453,3409.0,20.0,3.0,29220.0
2026-03-07 10:47:00+00:00,21,21,1627088,26958,3454,1278.0,29.0,1.0,29250.0
2026-03-07 10:47:30+00:00,21,21,1628943,26974,3456,1855.0,16.0,2.0,29280.0
2026-03-07 10:48:00+00:00,21,21,1632122,27006,3459,3179.0,32.0,3.0,29310.0
2026-03-07 10:48:30+00:00,21,21,1632974,27036,3462,852.0,30.0,3.0,29340.0
2026-03-07 10:49:00+00:00,0,0,0,0,0,0.0,0.0,0.0,29370.0
2026-03-07 10:49:30+00:00,21,21,1633551,27057,3463,577.0,21.0,1.0,29400.0
2026-03-07 10:50:00+00:00,21,21,1633985,27078,3465,434.0,21.0,2.0,29430.0
2026-03-07 10:50:30+00:00,21,21,1635982,27099,3467,1997.0,22.0,3.0,29460.0
2026-03-07 10:51:00+00:00,21,21,1636040,27109,3468,58.0,11.0,1.0,29490.0
2026-03-07 10:51:30+00:00,21,21,1643313,27125,3470,7273.0,16.0,2.0,29520.0
2026-03-07 10:52:00+00:00,21,21,1643625,27139,3474,312.0,14.0,4.0,29550.0
2026-03-07 10:52:30+00:00,21,21,1643793,27157,3477,168.0,18.0,3.0,29580.0
2026-03-07 10:53:00+00:00,21,21,1644795,27169,3477,1002.0,14.0,0.0,29610.0
2026-03-07 10:53:30+00:00,21,21,1645197,27186,3482,402.0,17.0,5.0,29640.0
2026-03-07 10:54:00+00:00,21,21,1646358,27197,3483,1161.0,14.0,1.0,29670.0
2026-03-07 10:54:30+00:00,21,21,1646802,27208,3485,444.0,14.0,2.0,29700.0
2026-03-07 10:55:00+00:00,21,21,1646814,27223,3488,12.0,17.0,3.0,29730.0
2026-03-07 10:55:30+00:00,21,21,1647841,27242,3488,1027.0,21.0,0.0,29760.0
2026-03-07 10:56:00+00:00,21,21,1648686,27250,3489,845.0,14.0,1.0,29790.0
2026-03-07 10:56:30+00:00,21,21,1651974,27275,3492,3288.0,25.0,3.0,29820.0
2026-03-07 10:57:00+00:00,21,21,1652155,27293,3494,181.0,21.0,2.0,29850.0
2026-03-07 10:57:30+00:00,21,21,1652982,27309,3496,827.0,19.0,2.0,29880.0
2026-03-07 10:58:00+00:00,21,21,1653514,27332,3498,532.0,23.0,2.0,29910.0
2026-03-07 10:58:30+00:00,21,21,1654995,27357,3499,1481.0,25.0,1.0,29940.0
2026-03-07 10:59:00+00:00,21,21,1655358,27377,3502,363.0,21.0,3.0,29970.0
2026-03-07 10:59:30+00:00,21,21,1656595,27401,3503,1237.0,24.0,1.0,30000.0
2026-03-07 11:00:00+00:00,21,21,1657869,27426,3506,1274.0,26.0,3.0,30030.0
2026-03-07 11:00:30+00:00,21,21,1658534,27452,3508,665.0,26.0,2.0,30060.0
2026-03-07 11:01:00+00:00,21,21,1663232,27475,3510,4698.0,23.0,2.0,30090.0
2026-03-07 11:01:30+00:00,21,21,1664164,27500,3510,932.0,25.0,0.0,30120.0
2026-03-07 11:02:00+00:00,21,21,1666850,27522,3512,2686.0,22.0,2.0,30150.0
2026-03-07 11:02:30+00:00,21,21,1668019,27548,3512,1169.0,26.0,0.0,30180.0
2026-03-07 11:03:00+00:00,21,21,1668692,27567,3512,673.0,19.0,0.0,30210.0
2026-03-07 11:03:30+00:00,21,21,1670275,27595,3515,1583.0,28.0,3.0,30240.0
2026-03-07 11:04:00+00:00,21,21,1670697,27618,3517,422.0,23.0,2.0,30270.0
2026-03-07 11:04:30+00:00,21,21,1671164,27641,3518,467.0,23.0,1.0,30300.0
2026-03-07 11:05:00+00:00,21,21,1673080,27669,3518,1916.0,28.0,0.0,30330.0
2026-03-07 11:05:30+00:00,21,21,1673222,27708,3519,142.0,39.0,1.0,30360.0
2026-03-07 11:06:00+00:00,21,21,1681086,27729,3521,7864.0,21.0,2.0,30390.0
2026-03-07 11:06:30+00:00,21,21,1681514,27756,3521,428.0,27.0,0.0,30420.0
2026-03-07 11:07:00+00:00,21,21,1682869,27795,3522,1355.0,39.0,1.0,30450.0
2026-03-07 11:07:30+00:00,21,21,1683001,27814,3526,132.0,19.0,4.0,30480.0
2026-03-07 11:08:00+00:00,21,21,1684896,27842,3527,1895.0,28.0,1.0,30510.0
2026-03-07 11:08:30+00:00,21,21,1685507,27862,3528,611.0,20.0,1.0,30540.0
2026-03-07 11:09:00+00:00,21,21,1686108,27886,3529,601.0,24.0,1.0,30570.0
2026-03-07 11:09:30+00:00,0,0,0,0,0,0.0,0.0,0.0,30600.0
2026-03-07 11:10:00+00:00,21,21,1688115,27917,3534,2007.0,31.0,5.0,30630.0
2026-03-07 11:10:30+00:00,21,21,1688896,27943,3539,781.0,26.0,5.0,30660.0
2026-03-07 11:11:00+00:00,21,21,1696839,27959,3544,7943.0,16.0,5.0,30690.0
2026-03-07 11:11:30+00:00,21,21,1701841,27978,3547,5002.0,19.0,3.0,30720.0
2026-03-07 11:12:00+00:00,21,21,1702573,27996,3550,732.0,18.0,3.0,30750.0
2026-03-07 11:12:30+00:00,21,21,1704849,28026,3554,2276.0,30.0,4.0,30780.0
2026-03-07 11:13:00+00:00,21,21,1705869,28054,3555,1020.0,28.0,1.0,30810.0
2026-03-07 11:13:30+00:00,21,21,1707442,28079,3558,1573.0,25.0,3.0,30840.0
2026-03-07 11:14:00+00:00,21,21,1708207,28101,3561,765.0,22.0,3.0,30870.0
2026-03-07 11:14:30+00:00,21,21,1708619,28114,3565,412.0,13.0,4.0,30900.0
2026-03-07 11:15:00+00:00,21,21,1710394,28144,3566,1775.0,30.0,1.0,30930.0
2026-03-07 11:15:30+00:00,21,21,1710810,28167,3571,416.0,23.0,5.0,30960.0
2026-03-07 11:16:00+00:00,21,21,1715013,28193,3574,4203.0,26.0,3.0,30990.0
2026-03-07 11:16:30+00:00,21,21,1719457,28211,3578,4444.0,18.0,4.0,31020.0
2026-03-07 11:17:00+00:00,21,21,1719847,28226,3581,390.0,15.0,3.0,31050.0
2026-03-07 11:17:30+00:00,21,21,1721425,28244,3584,1578.0,18.0,3.0,31080.0
2026-03-07 11:18:00+00:00,21,21,1722098,28270,3586,673.0,26.0,2.0,31110.0
2026-03-07 11:18:30+00:00,21,21,1723319,28290,3589,1221.0,20.0,3.0,31140.0
2026-03-07 11:19:00+00:00,21,21,1723859,28311,3582,540.0,21.0,1.0,31170.0
2026-03-07 11:19:30+00:00,21,21,1724729,28333,3587,870.0,22.0,5.0,31200.0
2026-03-07 11:20:00+00:00,21,21,1724844,28358,3587,115.0,25.0,0.0,31230.0
2026-03-07 11:20:30+00:00,21,21,1727358,28387,3588,2514.0,29.0,1.0,31260.0
2026-03-07 11:21:00+00:00,21,21,1731115,28405,3592,3757.0,18.0,4.0,31290.0
2026-03-07 11:21:30+00:00,21,21,1737680,28432,3595,6565.0,28.0,3.0,31320.0
2026-03-07 11:22:00+00:00,21,21,1738998,28462,3598,1318.0,30.0,3.0,31350.0
2026-03-07 11:22:30+00:00,21,21,1740368,28482,3601,1370.0,20.0,3.0,31380.0
2026-03-07 11:23:00+00:00,21,21,1742561,28507,3602,2193.0,25.0,1.0,31410.0
2026-03-07 11:23:30+00:00,21,21,1743191,28530,3605,630.0,23.0,3.0,31440.0
2026-03-07 11:24:00+00:00,21,21,1743935,28554,3608,744.0,24.0,3.0,31470.0
2026-03-07 11:24:30+00:00,21,21,1744291,28569,3610,356.0,15.0,2.0,31500.0
2026-03-07 11:25:00+00:00,21,21,1745359,28588,3612,1068.0,19.0,2.0,31530.0
2026-03-07 11:25:30+00:00,21,21,1745707,28614,3617,348.0,26.0,5.0,31560.0
2026-03-07 11:26:00+00:00,21,21,1747590,28632,3620,1883.0,19.0,3.0,31590.0
2026-03-07 11:26:30+00:00,21,21,1747922,28658,3621,332.0,26.0,1.0,31620.0
2026-03-07 11:27:00+00:00,21,21,1749502,28685,3623,1580.0,27.0,2.0,31650.0
2026-03-07 11:27:30+00:00,21,21,1749728,28700,3624,226.0,15.0,1.0,31680.0
2026-03-07 11:28:00+00:00,21,21,1750330,28723,3626,602.0,23.0,2.0,31710.0
2026-03-07 11:28:30+00:00,21,21,1750901,28747,3628,571.0,24.0,2.0,31740.0
2026-03-07 11:29:00+00:00,21,21,1751089,28769,3631,188.0,22.0,3.0,31770.0
2026-03-07 11:29:30+00:00,21,21,1751642,28791,3635,553.0,22.0,4.0,31800.0
2026-03-07 11:30:00+00:00,21,21,1752191,28814,3636,549.0,23.0,1.0,31830.0
2026-03-07 11:30:30+00:00,0,0,0,0,0,0.0,0.0,0.0,31860.0
2026-03-07 11:31:00+00:00,21,21,1752278,28840,3637,87.0,26.0,1.0,31890.0
2026-03-07 11:31:30+00:00,21,21,1754776,28865,3638,2498.0,25.0,1.0,31920.0
2026-03-07 11:32:00+00:00,21,21,1755979,28888,3640,1203.0,23.0,2.0,31950.0
2026-03-07 11:32:30+00:00,21,21,1756270,28914,3641,291.0,26.0,1.0,31980.0
2026-03-07 11:33:00+00:00,21,21,1757070,28942,3641,800.0,28.0,0.0,32010.0
2026-03-07 11:33:30+00:00,21,21,1757855,28968,3647,785.0,26.0,6.0,32040.0
2026-03-07 11:34:00+00:00,21,21,1758693,28992,3648,838.0,24.0,1.0,32070.0
2026-03-07 11:34:30+00:00,21,21,1758929,29010,3651,236.0,18.0,3.0,32100.0
2026-03-07 11:35:00+00:00,21,21,1759402,29026,3651,473.0,16.0,0.0,32130.0
2026-03-07 11:35:30+00:00,21,21,1759958,29055,3653,556.0,29.0,2.0,32160.0
2026-03-07 11:36:00+00:00,21,21,1759986,29086,3657,28.0,31.0,4.0,32190.0
2026-03-07 11:36:30+00:00,21,21,1761870,29118,3657,1884.0,32.0,0.0,32220.0
2026-03-07 11:37:00+00:00,21,21,1762644,29146,3658,774.0,28.0,1.0,32250.0
2026-03-07 11:37:30+00:00,21,21,1763114,29164,3660,470.0,18.0,2.0,32280.0
2026-03-07 11:38:00+00:00,21,21,1763386,29185,3665,272.0,21.0,5.0,32310.0
2026-03-07 11:38:30+00:00,21,21,1764099,29203,3669,713.0,18.0,4.0,32340.0
2026-03-07 11:39:00+00:00,21,21,1764466,29225,3670,367.0,22.0,1.0,32370.0
2026-03-07 11:39:30+00:00,21,21,1764609,29250,3674,143.0,25.0,4.0,32400.0
2026-03-07 11:40:00+00:00,21,21,1764937,29275,3676,328.0,25.0,2.0,32430.0
2026-03-07 11:40:30+00:00,21,21,1765560,29293,3679,623.0,18.0,3.0,32460.0
2026-03-07 11:41:00+00:00,21,21,1766862,29315,3682,1302.0,22.0,3.0,32490.0
2026-03-07 11:41:30+00:00,21,21,1768900,29337,3683,2038.0,22.0,1.0,32520.0
2026-03-07 11:42:00+00:00,21,21,1769009,29358,3686,109.0,21.0,3.0,32550.0
2026-03-07 11:42:30+00:00,21,21,1769509,29377,3689,500.0,19.0,3.0,32580.0
2026-03-07 11:43:00+00:00,21,21,1770024,29400,3694,515.0,23.0,5.0,32610.0
2026-03-07 11:43:30+00:00,21,21,1770674,29418,3696,650.0,18.0,2.0,32640.0
2026-03-07 11:44:00+00:00,21,21,1770846,29442,3699,172.0,24.0,3.0,32670.0
2026-03-07 11:44:30+00:00,21,21,1771253,29468,3699,407.0,26.0,1.0,32700.0
2026-03-07 11:45:00+00:00,21,21,1772282,29498,3704,1029.0,31.0,5.0,32730.0
2026-03-07 11:45:30+00:00,21,21,1772782,29516,3703,500.0,18.0,0.0,32760.0
2026-03-07 11:46:00+00:00,21,21,1776634,29530,3705,3852.0,14.0,2.0,32790.0
2026-03-07 11:46:30+00:00,21,21,1782315,29554,3709,5681.0,24.0,4.0,32820.0
2026-03-07 11:47:00+00:00,21,21,1785048,29570,3714,2733.0,17.0,5.0,32850.0
2026-03-07 11:47:30+00:00,21,21,1785662,29594,3717,614.0,24.0,3.0,32880.0
2026-03-07 11:48:00+00:00,21,21,1787677,29615,3720,2015.0,21.0,3.0,32910.0
2026-03-07 11:48:30+00:00,21,21,1788779,29639,3722,1102.0,24.0,2.0,32940.0
2026-03-07 11:49:00+00:00,21,21,1789276,29654,3724,497.0,15.0,2.0,32970.0
2026-03-07 11:49:30+00:00,21,21,1789894,29682,3727,618.0,28.0,3.0,33000.0
2026-03-07 11:50:00+00:00,21,21,1791966,29701,3731,2072.0,19.0,4.0,33030.0
2026-03-07 11:50:30+00:00,21,21,1796845,29719,3733,4879.0,18.0,2.0,33060.0
2026-03-07 11:51:00+00:00,21,21,1799535,29738,3734,2690.0,19.0,1.0,33090.0
2026-03-07 11:51:30+00:00,21,21,1803699,29764,3737,4164.0,26.0,3.0,33120.0
2026-03-07 11:52:00+00:00,0,0,0,0,0,0.0,0.0,0.0,33150.0
2026-03-07 11:52:30+00:00,21,21,1804819,29781,3741,1120.0,19.0,4.0,33180.0
2026-03-07 11:53:00+00:00,21,21,1805529,29807,3742,710.0,26.0,1.0,33210.0
2026-03-07 11:53:30+00:00,21,21,1807751,29834,3746,2222.0,27.0,4.0,33240.0
2026-03-07 11:54:00+00:00,21,21,1808483,29852,3747,732.0,18.0,1.0,33270.0
2026-03-07 11:54:30+00:00,21,21,1809107,29871,3748,624.0,20.0,1.0,33300.0
2026-03-07 11:55:00+00:00,21,21,1811183,29894,3751,2076.0,23.0,3.0,33330.0
2026-03-07 11:55:30+00:00,21,21,1811643,29912,3753,460.0,18.0,3.0,33360.0
2026-03-07 11:56:00+00:00,21,21,1811806,29929,3754,163.0,18.0,1.0,33390.0
2026-03-07 11:56:30+00:00,21,21,1821533,29953,3755,9727.0,25.0,1.0,33420.0
2026-03-07 11:57:00+00:00,21,21,1823972,29975,3757,2439.0,22.0,2.0,33450.0
2026-03-07 11:57:30+00:00,21,21,1824479,30005,3762,507.0,31.0,5.0,33480.0
2026-03-07 11:58:00+00:00,21,21,1825409,30031,3766,930.0,27.0,4.0,33510.0
2026-03-07 11:58:30+00:00,21,21,1827405,30059,3766,1996.0,28.0,0.0,33540.0
2026-03-07 11:59:00+00:00,21,21,1829803,30077,3767,2398.0,18.0,1.0,33570.0
2026-03-07 11:59:30+00:00,21,21,1832518,30100,3770,2715.0,23.0,3.0,33600.0
2026-03-07 12:00:00+00:00,21,21,1833717,30128,3771,1199.0,28.0,1.0,33630.0
2026-03-07 12:00:30+00:00,21,21,1835457,30147,3775,1740.0,19.0,4.0,33660.0
2026-03-07 12:01:00+00:00,21,21,1842822,30165,3776,7365.0,18.0,1.0,33690.0
2026-03-07 12:01:30+00:00,21,21,1844958,30184,3777,2136.0,19.0,1.0,33720.0
2026-03-07 12:02:00+00:00,21,21,1849901,30206,3779,4943.0,22.0,2.0,33750.0
2026-03-07 12:02:30+00:00,21,21,1850064,30228,3780,163.0,22.0,1.0,33780.0
2026-03-07 12:03:00+00:00,21,21,1852429,30260,3783,2365.0,32.0,3.0,33810.0
2026-03-07 12:03:30+00:00,21,21,1853636,30284,3786,1207.0,24.0,3.0,33840.0
2026-03-07 12:04:00+00:00,21,21,1853776,30309,3788,140.0,25.0,2.0,33870.0
2026-03-07 12:04:30+00:00,21,21,1854862,30331,3790,1086.0,22.0,2.0,33900.0
2026-03-07 12:05:00+00:00,21,21,1856860,30354,3793,1998.0,23.0,3.0,33930.0
2026-03-07 12:05:30+00:00,21,21,1857144,30380,3797,284.0,26.0,4.0,33960.0
2026-03-07 12:06:00+00:00,21,21,1865671,30404,3798,8527.0,24.0,1.0,33990.0
2026-03-07 12:06:30+00:00,21,21,1870299,30427,3798,4628.0,23.0,0.0,34020.0
2026-03-07 12:07:00+00:00,21,21,1871847,30444,3799,1548.0,18.0,1.0,34050.0
2026-03-07 12:07:30+00:00,21,21,1872352,30460,3805,505.0,16.0,6.0,34080.0
2026-03-07 12:08:00+00:00,21,21,1873098,30489,3807,746.0,29.0,2.0,34110.0
2026-03-07 12:08:30+00:00,21,21,1876543,30508,3812,3445.0,19.0,5.0,34140.0
2026-03-07 12:09:00+00:00,21,21,1876820,30534,3813,277.0,26.0,1.0,34170.0
2026-03-07 12:09:30+00:00,21,21,1878157,30555,3813,1337.0,22.0,0.0,34200.0
2026-03-07 12:10:00+00:00,21,21,1881541,30577,3814,3384.0,22.0,1.0,34230.0
2026-03-07 12:10:30+00:00,21,21,1882213,30604,3816,672.0,27.0,2.0,34260.0
2026-03-07 12:11:00+00:00,21,21,1896485,30641,3817,14272.0,37.0,1.0,34290.0
2026-03-07 12:11:30+00:00,21,21,1897273,30658,3820,788.0,17.0,3.0,34320.0
2026-03-07 12:12:00+00:00,0,0,0,0,0,0.0,0.0,0.0,34350.0
2026-03-07 12:12:30+00:00,21,21,1899284,30685,3822,2011.0,27.0,2.0,34380.0
2026-03-07 12:13:00+00:00,21,21,1899951,30709,3827,667.0,24.0,5.0,34410.0
2026-03-07 12:13:30+00:00,21,21,1902331,30730,3830,2380.0,21.0,3.0,34440.0
2026-03-07 12:14:00+00:00,21,21,1902816,30749,3832,485.0,19.0,2.0,34470.0
2026-03-07 12:14:30+00:00,21,21,1903863,30764,3836,1047.0,15.0,4.0,34500.0
2026-03-07 12:15:00+00:00,21,21,1905384,30791,3843,1521.0,27.0,7.0,34530.0
2026-03-07 12:15:30+00:00,21,21,1905879,30810,3844,495.0,19.0,1.0,34560.0
2026-03-07 12:16:00+00:00,21,21,1908439,30832,3846,2560.0,22.0,2.0,34590.0
2026-03-07 12:16:30+00:00,21,21,1915219,30849,3847,6780.0,17.0,1.0,34620.0
2026-03-07 12:17:00+00:00,21,21,1915750,30873,3849,531.0,25.0,2.0,34650.0
2026-03-07 12:17:30+00:00,21,21,1917393,30897,3850,1643.0,24.0,1.0,34680.0
2026-03-07 12:18:00+00:00,21,21,1917729,30918,3851,336.0,21.0,1.0,34710.0
2026-03-07 12:18:30+00:00,21,21,1918632,30941,3855,903.0,23.0,4.0,34740.0
2026-03-07 12:19:00+00:00,21,21,1920493,30961,3857,1861.0,20.0,2.0,34770.0
2026-03-07 12:19:30+00:00,21,21,1921322,30991,3862,829.0,30.0,5.0,34800.0
2026-03-07 12:20:00+00:00,21,21,1922575,31012,3865,1253.0,21.0,3.0,34830.0
2026-03-07 12:20:30+00:00,21,21,1923294,31034,3869,719.0,22.0,4.0,34860.0
2026-03-07 12:21:00+00:00,21,21,1928274,31052,3873,4980.0,18.0,4.0,34890.0
2026-03-07 12:21:30+00:00,21,21,1936151,31072,3874,7877.0,22.0,1.0,34920.0
2026-03-07 12:22:00+00:00,21,21,1937225,31096,3879,1074.0,24.0,5.0,34950.0
2026-03-07 12:22:30+00:00,21,21,1938933,31126,3885,1708.0,30.0,6.0,34980.0
2026-03-07 12:23:00+00:00,21,21,1939269,31162,3891,336.0,36.0,6.0,35010.0
2026-03-07 12:23:30+00:00,21,21,1941120,31181,3892,1851.0,20.0,1.0,35040.0
2026-03-07 12:24:00+00:00,21,21,1941453,31208,3893,333.0,27.0,1.0,35070.0
2026-03-07 12:24:30+00:00,21,21,1941765,31233,3894,312.0,25.0,1.0,35100.0
2026-03-07 12:25:00+00:00,21,21,1942590,31264,3895,825.0,31.0,1.0,35130.0
2026-03-07 12:25:30+00:00,21,21,1942735,31288,3896,145.0,24.0,1.0,35160.0
2026-03-07 12:26:00+00:00,21,21,1944180,31309,3897,1445.0,22.0,1.0,35190.0
2026-03-07 12:26:30+00:00,21,21,1946105,31336,3899,1925.0,27.0,2.0,35220.0
2026-03-07 12:27:00+00:00,21,21,1946653,31357,3900,548.0,21.0,1.0,35250.0
2026-03-07 12:27:30+00:00,21,21,1946924,31375,3901,271.0,18.0,1.0,35280.0
2026-03-07 12:28:00+00:00,21,21,1947086,31398,3906,162.0,23.0,5.0,35310.0
2026-03-07 12:28:30+00:00,21,21,1948073,31414,3910,987.0,16.0,4.0,35340.0
2026-03-07 12:29:00+00:00,21,21,1948406,31441,3913,333.0,28.0,3.0,35370.0
2026-03-07 12:29:30+00:00,21,21,1948624,31466,3916,218.0,26.0,3.0,35400.0
2026-03-07 12:30:00+00:00,21,21,1949215,31488,3918,591.0,23.0,2.0,35430.0
2026-03-07 12:30:30+00:00,21,21,1949531,31505,3920,316.0,17.0,2.0,35460.0
2026-03-07 12:31:00+00:00,21,21,1950983,31518,3922,1452.0,14.0,2.0,35490.0
2026-03-07 12:31:30+00:00,21,21,1954812,31544,3924,3829.0,26.0,2.0,35520.0
2026-03-07 12:32:00+00:00,0,0,0,0,0,0.0,0.0,0.0,35550.0
2026-03-07 12:32:30+00:00,21,21,1956450,31561,3927,1638.0,17.0,3.0,35580.0
2026-03-07 12:33:00+00:00,21,21,1957404,31587,3931,954.0,26.0,4.0,35610.0
2026-03-07 12:33:30+00:00,21,21,1960127,31607,3937,2723.0,21.0,6.0,35640.0
2026-03-07 12:34:00+00:00,21,21,1960985,31631,3939,858.0,24.0,2.0,35670.0
2026-03-07 12:34:30+00:00,21,21,1961889,31644,3940,904.0,13.0,1.0,35700.0
2026-03-07 12:35:00+00:00,21,21,1963306,31666,3940,1417.0,22.0,0.0,35730.0
2026-03-07 12:35:30+00:00,21,21,1963884,31689,3944,578.0,23.0,4.0,35760.0
2026-03-07 12:36:00+00:00,21,21,1969470,31710,3950,5586.0,21.0,6.0,35790.0
2026-03-07 12:36:30+00:00,21,21,1973946,31733,3952,4476.0,24.0,2.0,35820.0
2026-03-07 12:37:00+00:00,21,21,1974437,31761,3954,491.0,28.0,2.0,35850.0
2026-03-07 12:37:30+00:00,21,21,1975856,31776,3954,1419.0,15.0,0.0,35880.0
2026-03-07 12:38:00+00:00,21,21,1976022,31794,3957,166.0,19.0,3.0,35910.0
2026-03-07 12:38:30+00:00,21,21,1978718,31815,3960,2696.0,21.0,3.0,35940.0
2026-03-07 12:39:00+00:00,21,21,1978799,31834,3962,81.0,20.0,2.0,35970.0
2026-03-07 12:39:30+00:00,21,21,1979622,31858,3966,823.0,24.0,4.0,36000.0
2026-03-07 12:40:00+00:00,21,21,1981358,31885,3968,1736.0,27.0,2.0,36030.0
2026-03-07 12:40:30+00:00,21,21,1981716,31917,3970,358.0,32.0,2.0,36060.0
2026-03-07 12:41:00+00:00,21,21,1984265,31938,3971,2549.0,21.0,1.0,36090.0
2026-03-07 12:41:30+00:00,21,21,1990387,31959,3972,6122.0,21.0,1.0,36120.0
2026-03-07 12:42:00+00:00,21,21,1991414,31990,3973,1027.0,31.0,1.0,36150.0
2026-03-07 12:42:30+00:00,21,21,1992639,32014,3976,1225.0,24.0,3.0,36180.0
2026-03-07 12:43:00+00:00,21,21,1992986,32035,3978,347.0,21.0,2.0,36210.0
2026-03-07 12:43:30+00:00,21,21,1995469,32056,3981,2483.0,21.0,3.0,36240.0
2026-03-07 12:44:00+00:00,21,21,1995629,32069,3982,160.0,13.0,1.0,36270.0
2026-03-07 12:44:30+00:00,21,21,1996370,32083,3984,741.0,17.0,2.0,36300.0
2026-03-07 12:45:00+00:00,21,21,1998055,32113,3987,1685.0,30.0,3.0,36330.0
2026-03-07 12:45:30+00:00,21,21,1999850,32134,3993,1795.0,21.0,6.0,36360.0
2026-03-07 12:46:00+00:00,21,21,2009967,32157,3994,10117.0,24.0,1.0,36390.0
2026-03-07 12:46:30+00:00,21,21,2014648,32184,3996,4681.0,27.0,2.0,36420.0
2026-03-07 12:47:00+00:00,21,21,2016289,32202,3998,1641.0,19.0,2.0,36450.0
2026-03-07 12:47:30+00:00,21,21,2016840,32227,4001,551.0,25.0,3.0,36480.0
2026-03-07 12:48:00+00:00,21,21,2018557,32255,4005,1717.0,28.0,4.0,36510.0
2026-03-07 12:48:30+00:00,21,21,2019021,32273,4009,464.0,18.0,4.0,36540.0
2026-03-07 12:49:00+00:00,21,21,2019766,32293,4012,745.0,20.0,3.0,36570.0
2026-03-07 12:49:30+00:00,21,21,2020077,32317,4013,311.0,24.0,1.0,36600.0
2026-03-07 12:50:00+00:00,21,21,2021631,32335,4015,1554.0,19.0,2.0,36630.0
2026-03-07 12:50:30+00:00,21,21,2021679,32359,4019,48.0,24.0,4.0,36660.0
2026-03-07 12:51:00+00:00,21,21,2028810,32382,4020,7131.0,23.0,2.0,36690.0
2026-03-07 12:51:30+00:00,21,21,2031977,32400,4021,3167.0,19.0,1.0,36720.0
2026-03-07 12:52:00+00:00,21,21,2032501,32427,4023,524.0,28.0,2.0,36750.0
2026-03-07 12:52:30+00:00,21,21,2033207,32456,4023,706.0,29.0,0.0,36780.0
2026-03-07 12:53:00+00:00,0,0,0,0,0,0.0,0.0,0.0,36810.0
2026-03-07 12:53:30+00:00,21,21,2033863,32479,4026,656.0,23.0,3.0,36840.0
2026-03-07 12:54:00+00:00,21,21,2035615,32507,4029,1752.0,28.0,3.0,36870.0
2026-03-07 12:54:30+00:00,21,21,2035930,32528,4031,315.0,21.0,2.0,36900.0
2026-03-07 12:55:00+00:00,21,21,2037587,32551,4034,1657.0,23.0,3.0,36930.0
2026-03-07 12:55:30+00:00,21,21,2037603,32572,4037,16.0,21.0,3.0,36960.0
2026-03-07 12:56:00+00:00,21,21,2037905,32588,4037,302.0,16.0,0.0,36990.0
2026-03-07 12:56:30+00:00,21,21,2043600,32605,4040,5695.0,17.0,3.0,37020.0
2026-03-07 12:57:00+00:00,21,21,2047492,32624,4043,3892.0,19.0,3.0,37050.0
2026-03-07 12:57:30+00:00,21,21,2048929,32639,4046,1437.0,15.0,4.0,37080.0
2026-03-07 12:58:00+00:00,21,21,2049320,32660,4048,391.0,21.0,2.0,37110.0
2026-03-07 12:58:30+00:00,21,21,2050754,32679,4051,1434.0,19.0,3.0,37140.0
2026-03-07 12:59:00+00:00,21,21,2051338,32701,4055,584.0,22.0,4.0,37170.0
2026-03-07 12:59:30+00:00,21,21,2051613,32716,4058,275.0,15.0,3.0,37200.0
2026-03-07 13:00:00+00:00,21,21,2051769,32740,4060,156.0,24.0,2.0,37230.0
2026-03-07 13:00:30+00:00,21,21,2052270,32759,4061,501.0,19.0,1.0,37260.0
2026-03-07 13:01:00+00:00,21,21,2052281,32778,4063,11.0,20.0,2.0,37290.0
2026-03-07 13:01:30+00:00,21,21,2054662,32803,4064,2381.0,25.0,1.0,37320.0
2026-03-07 13:02:00+00:00,21,21,2054827,32826,4065,165.0,23.0,1.0,37350.0
2026-03-07 13:02:30+00:00,21,21,2055168,32840,4065,341.0,15.0,0.0,37380.0
2026-03-07 13:03:00+00:00,21,21,2055459,32867,4067,291.0,27.0,2.0,37410.0
2026-03-07 13:03:30+00:00,21,21,2055590,32885,4068,131.0,18.0,1.0,37440.0
2026-03-07 13:04:00+00:00,21,21,2056170,32915,4073,580.0,30.0,5.0,37470.0
2026-03-07 13:04:30+00:00,21,21,2056375,32937,4075,205.0,23.0,2.0,37500.0
2026-03-07 13:05:00+00:00,21,21,2056857,32958,4078,482.0,21.0,3.0,37530.0
2026-03-07 13:05:30+00:00,21,21,2057107,32983,4078,250.0,25.0,0.0,37560.0
2026-03-07 13:06:00+00:00,21,21,2058840,33004,4079,1733.0,22.0,1.0,37590.0
2026-03-07 13:06:30+00:00,21,21,2060088,33029,4081,1248.0,25.0,2.0,37620.0
2026-03-07 13:07:00+00:00,21,21,2060332,33053,4081,244.0,25.0,0.0,37650.0
2026-03-07 13:07:30+00:00,21,21,2060720,33079,4082,388.0,26.0,1.0,37680.0
2026-03-07 13:08:00+00:00,21,21,2062189,33099,4086,1469.0,20.0,4.0,37710.0
2026-03-07 13:08:30+00:00,21,21,2063771,33118,4092,1582.0,21.0,6.0,37740.0
2026-03-07 13:09:00+00:00,21,21,2063920,33144,4096,149.0,27.0,4.0,37770.0
2026-03-07 13:09:30+00:00,21,21,2064581,33172,4101,661.0,29.0,5.0,37800.0
2026-03-07 13:10:00+00:00,21,21,2066908,33190,4104,2327.0,19.0,3.0,37830.0
2026-03-07 13:10:30+00:00,21,21,2068803,33210,4106,1895.0,21.0,2.0,37860.0
2026-03-07 13:11:00+00:00,21,21,2074363,33232,4108,5560.0,22.0,2.0,37890.0
2026-03-07 13:11:30+00:00,21,21,2076566,33252,4110,2203.0,21.0,2.0,37920.0
2026-03-07 13:12:00+00:00,21,21,2079240,33273,4112,2674.0,21.0,2.0,37950.0
2026-03-07 13:12:30+00:00,21,21,2079247,33287,4114,7.0,15.0,2.0,37980.0
2026-03-07 13:13:00+00:00,21,21,2081585,33309,4115,2338.0,22.0,1.0,38010.0
2026-03-07 13:13:30+00:00,21,21,2082015,33341,4117,430.0,33.0,2.0,38040.0
2026-03-07 13:14:00+00:00,0,0,0,0,0,0.0,0.0,0.0,38070.0
2026-03-07 13:14:30+00:00,21,21,2082523,33362,4117,508.0,21.0,0.0,38100.0
2026-03-07 13:15:00+00:00,21,21,2082747,33375,4117,224.0,14.0,0.0,38130.0
2026-03-07 13:15:30+00:00,21,21,2084939,33399,4119,2192.0,25.0,2.0,38160.0
2026-03-07 13:16:00+00:00,21,21,2084968,33420,4121,29.0,21.0,2.0,38190.0
2026-03-07 13:16:30+00:00,21,21,2093206,33441,4122,8238.0,21.0,1.0,38220.0
2026-03-07 13:17:00+00:00,21,21,2096062,33470,4125,2856.0,29.0,3.0,38250.0
2026-03-07 13:17:30+00:00,21,21,2097371,33500,4129,1309.0,30.0,4.0,38280.0
2026-03-07 13:18:00+00:00,21,21,2097864,33526,4132,493.0,26.0,3.0,38310.0
2026-03-07 13:18:30+00:00,21,21,2100647,33545,4131,2783.0,19.0,0.0,38340.0
2026-03-07 13:19:00+00:00,21,21,2101300,33565,4131,653.0,20.0,0.0,38370.0
2026-03-07 13:19:30+00:00,21,21,2101901,33590,4132,601.0,25.0,1.0,38400.0
2026-03-07 13:20:00+00:00,21,21,2103093,33607,4133,1192.0,20.0,1.0,38430.0
2026-03-07 13:20:30+00:00,21,21,2104097,33623,4135,1004.0,16.0,2.0,38460.0
2026-03-07 13:21:00+00:00,21,21,2107796,33633,4138,3699.0,10.0,3.0,38490.0
2026-03-07 13:21:30+00:00,21,21,2116136,33659,4140,8340.0,27.0,2.0,38520.0
2026-03-07 13:22:00+00:00,21,21,2117179,33694,4144,1043.0,35.0,4.0,38550.0
2026-03-07 13:22:30+00:00,21,21,2118747,33712,4144,1568.0,18.0,0.0,38580.0
2026-03-07 13:23:00+00:00,21,21,2119027,33734,4146,280.0,22.0,2.0,38610.0
2026-03-07 13:23:30+00:00,21,21,2119282,33760,4149,255.0,26.0,3.0,38640.0
2026-03-07 13:24:00+00:00,21,21,2121578,33779,4150,2296.0,19.0,1.0,38670.0
2026-03-07 13:24:30+00:00,21,21,2122139,33800,4155,561.0,21.0,5.0,38700.0
2026-03-07 13:25:00+00:00,21,21,2123646,33824,4155,1507.0,25.0,0.0,38730.0
2026-03-07 13:25:30+00:00,21,21,2124033,33859,4160,387.0,36.0,5.0,38760.0
2026-03-07 13:26:00+00:00,21,21,2126532,33890,4162,2499.0,31.0,2.0,38790.0
2026-03-07 13:26:30+00:00,21,21,2130724,33910,4164,4192.0,20.0,2.0,38820.0
2026-03-07 13:27:00+00:00,21,21,2135429,33930,4165,4705.0,20.0,1.0,38850.0
2026-03-07 13:27:30+00:00,21,21,2136084,33952,4167,655.0,23.0,2.0,38880.0
2026-03-07 13:28:00+00:00,21,21,2136523,33978,4173,439.0,26.0,6.0,38910.0
2026-03-07 13:28:30+00:00,21,21,2138753,34013,4180,2230.0,35.0,7.0,38940.0
2026-03-07 13:29:00+00:00,21,21,2138986,34029,4185,233.0,18.0,5.0,38970.0
2026-03-07 13:29:30+00:00,21,21,2139730,34046,4187,744.0,17.0,2.0,39000.0
2026-03-07 13:30:00+00:00,21,21,2141632,34065,4189,1902.0,19.0,2.0,39030.0
2026-03-07 13:30:30+00:00,21,21,2142105,34082,4193,473.0,18.0,5.0,39060.0
2026-03-07 13:31:00+00:00,21,21,2145859,34104,4194,3754.0,23.0,1.0,39090.0
2026-03-07 13:31:30+00:00,21,21,2153828,34132,4197,7969.0,28.0,3.0,39120.0
2026-03-07 13:32:00+00:00,21,21,2155585,34167,4199,1757.0,35.0,3.0,39150.0
2026-03-07 13:32:30+00:00,21,21,2155764,34194,4194,179.0,27.0,3.0,39180.0
2026-03-07 13:33:00+00:00,21,21,2156634,34215,4196,870.0,22.0,2.0,39210.0
2026-03-07 13:33:30+00:00,21,21,2159700,34233,4199,3066.0,18.0,3.0,39240.0
2026-03-07 13:34:00+00:00,21,21,2160072,34265,4200,372.0,32.0,1.0,39270.0
2026-03-07 13:34:30+00:00,21,21,2160444,34280,4204,372.0,15.0,4.0,39300.0
2026-03-07 13:35:00+00:00,0,0,0,0,0,0.0,0.0,0.0,39330.0
2026-03-07 13:35:30+00:00,21,21,2162847,34308,4206,2403.0,28.0,2.0,39360.0
2026-03-07 13:36:00+00:00,21,21,2162850,34334,4209,3.0,26.0,3.0,39390.0
2026-03-07 13:36:30+00:00,21,21,2176344,34356,4212,13494.0,22.0,3.0,39420.0
2026-03-07 13:37:00+00:00,21,21,2177830,34373,4215,1486.0,17.0,3.0,39450.0
2026-03-07 13:37:30+00:00,21,21,2179477,34388,4221,1647.0,15.0,6.0,39480.0
2026-03-07 13:38:00+00:00,21,21,2179498,34411,4223,21.0,23.0,2.0,39510.0
2026-03-07 13:38:30+00:00,21,21,2180401,34435,4224,903.0,24.0,1.0,39540.0
2026-03-07 13:39:00+00:00,21,21,2183020,34466,4225,2619.0,31.0,1.0,39570.0
2026-03-07 13:39:30+00:00,21,21,2183797,34490,4228,777.0,24.0,3.0,39600.0
2026-03-07 13:40:00+00:00,21,21,2184025,34521,4230,228.0,31.0,2.0,39630.0
2026-03-07 13:40:30+00:00,21,21,2186415,34541,4231,2390.0,20.0,1.0,39660.0
2026-03-07 13:41:00+00:00,21,21,2193851,34560,4235,7436.0,19.0,4.0,39690.0
2026-03-07 13:41:30+00:00,21,21,2197871,34586,4245,4020.0,26.0,10.0,39720.0
2026-03-07 13:42:00+00:00,21,21,2199505,34617,4245,1634.0,31.0,0.0,39750.0
2026-03-07 13:42:30+00:00,21,21,2200427,34640,4246,922.0,23.0,1.0,39780.0
2026-03-07 13:43:00+00:00,21,21,2200787,34662,4249,360.0,22.0,3.0,39810.0
2026-03-07 13:43:30+00:00,21,21,2203905,34695,4250,3118.0,33.0,1.0,39840.0
2026-03-07 13:44:00+00:00,21,21,2204273,34726,4253,368.0,31.0,3.0,39870.0
2026-03-07 13:44:30+00:00,21,21,2204772,34746,4254,499.0,20.0,1.0,39900.0
2026-03-07 13:45:00+00:00,21,21,2207082,34761,4255,2310.0,15.0,1.0,39930.0
2026-03-07 13:45:30+00:00,21,21,2207085,34780,4257,3.0,19.0,2.0,39960.0
2026-03-07 13:46:00+00:00,21,21,2214847,34805,4261,7762.0,25.0,4.0,39990.0
2026-03-07 13:46:30+00:00,21,21,2218497,34833,4263,3650.0,28.0,2.0,40020.0
2026-03-07 13:47:00+00:00,21,21,2220433,34857,4266,1936.0,24.0,3.0,40050.0
2026-03-07 13:47:30+00:00,21,21,2220807,34883,4272,374.0,26.0,6.0,40080.0
2026-03-07 13:48:00+00:00,21,21,2220917,34906,4272,110.0,23.0,0.0,40110.0
2026-03-07 13:48:30+00:00,21,21,2224454,34926,4276,3537.0,20.0,4.0,40140.0
2026-03-07 13:49:00+00:00,21,21,2225169,34949,4277,715.0,23.0,1.0,40170.0
2026-03-07 13:49:30+00:00,21,21,2225572,34965,4279,403.0,16.0,2.0,40200.0
2026-03-07 13:50:00+00:00,21,21,2227431,34994,4281,1859.0,29.0,2.0,40230.0
2026-03-07 13:50:30+00:00,21,21,2227902,35014,4285,471.0,20.0,4.0,40260.0
2026-03-07 13:51:00+00:00,21,21,2239376,35035,4286,11474.0,21.0,1.0,40290.0
2026-03-07 13:51:30+00:00,21,21,2242077,35059,4289,2701.0,24.0,3.0,40320.0
2026-03-07 13:52:00+00:00,21,21,2242242,35075,4291,165.0,16.0,2.0,40350.0
2026-03-07 13:52:30+00:00,21,21,2243741,35097,4292,1499.0,22.0,1.0,40380.0
2026-03-07 13:53:00+00:00,21,21,2244097,35117,4294,356.0,20.0,2.0,40410.0
2026-03-07 13:53:30+00:00,21,21,2246738,35151,4295,2641.0,35.0,1.0,40440.0
2026-03-07 13:54:00+00:00,21,21,2247470,35169,4301,732.0,18.0,6.0,40470.0
2026-03-07 13:54:30+00:00,21,21,2248090,35193,4301,620.0,24.0,0.0,40500.0
2026-03-07 13:55:00+00:00,21,21,2249889,35217,4304,1799.0,24.0,3.0,40530.0
2026-03-07 13:55:30+00:00,21,21,2249916,35244,4304,27.0,27.0,1.0,40560.0
2026-03-07 13:56:00+00:00,21,21,2253887,35268,4306,3971.0,24.0,2.0,40590.0
2026-03-07 13:56:30+00:00,0,0,0,0,0,0.0,0.0,0.0,40620.0
2026-03-07 13:57:00+00:00,21,21,2257423,35291,4310,3536.0,23.0,4.0,40650.0
2026-03-07 13:57:30+00:00,21,21,2257522,35312,4311,99.0,21.0,1.0,40680.0
2026-03-07 13:58:00+00:00,21,21,2258281,35337,4314,759.0,25.0,3.0,40710.0
2026-03-07 13:58:30+00:00,21,21,2258752,35362,4319,471.0,26.0,5.0,40740.0
2026-03-07 13:59:00+00:00,21,21,2260195,35393,4322,1443.0,31.0,3.0,40770.0
2026-03-07 13:59:30+00:00,21,21,2260755,35423,4324,560.0,30.0,2.0,40800.0
2026-03-07 14:00:00+00:00,21,21,2260769,35448,4328,14.0,25.0,4.0,40830.0
2026-03-07 14:00:30+00:00,21,21,2262085,35472,4329,1316.0,24.0,1.0,40860.0
2026-03-07 14:01:00+00:00,21,21,2262088,35508,4328,3.0,36.0,0.0,40890.0
2026-03-07 14:01:30+00:00,21,21,2268124,35528,4331,6036.0,20.0,3.0,40920.0
2026-03-07 14:02:00+00:00,21,21,2269210,35549,4335,1086.0,22.0,4.0,40950.0
2026-03-07 14:02:30+00:00,21,21,2269664,35567,4336,454.0,18.0,1.0,40980.0
2026-03-07 14:03:00+00:00,21,21,2271030,35590,4338,1366.0,23.0,2.0,41010.0
2026-03-07 14:03:30+00:00,21,21,2272712,35615,4340,1682.0,25.0,2.0,41040.0
2026-03-07 14:04:00+00:00,21,21,2273047,35636,4340,335.0,21.0,0.0,41070.0
2026-03-07 14:04:30+00:00,21,21,2273377,35658,4346,330.0,22.0,6.0,41100.0
2026-03-07 14:05:00+00:00,21,21,2273704,35679,4350,327.0,21.0,4.0,41130.0
2026-03-07 14:05:30+00:00,21,21,2275272,35701,4352,1568.0,22.0,2.0,41160.0
2026-03-07 14:06:00+00:00,21,21,2277009,35726,4355,1737.0,25.0,3.0,41190.0
2026-03-07 14:06:30+00:00,21,21,2280946,35752,4358,3937.0,26.0,3.0,41220.0
2026-03-07 14:07:00+00:00,21,21,2284575,35777,4360,3629.0,25.0,2.0,41250.0
2026-03-07 14:07:30+00:00,21,21,2286238,35804,4363,1663.0,27.0,3.0,41280.0
2026-03-07 14:08:00+00:00,21,21,2286297,35832,4365,59.0,28.0,2.0,41310.0
2026-03-07 14:08:30+00:00,21,21,2288868,35861,4366,2571.0,29.0,1.0,41340.0
2026-03-07 14:09:00+00:00,21,21,2289429,35891,4368,561.0,30.0,2.0,41370.0
2026-03-07 14:09:30+00:00,21,21,2290125,35916,4369,696.0,25.0,1.0,41400.0
2026-03-07 14:10:00+00:00,21,21,2291287,35941,4370,1162.0,25.0,1.0,41430.0
2026-03-07 14:10:30+00:00,21,21,2292530,35974,4374,1243.0,34.0,4.0,41460.0
2026-03-07 14:11:00+00:00,21,21,2301012,35999,4375,8482.0,25.0,1.0,41490.0
2026-03-07 14:11:30+00:00,21,21,2305554,36023,4376,4542.0,24.0,1.0,41520.0
2026-03-07 14:12:00+00:00,21,21,2306956,36039,4378,1402.0,16.0,2.0,41550.0
2026-03-07 14:12:30+00:00,21,21,2307396,36066,4380,440.0,27.0,2.0,41580.0
2026-03-07 14:13:00+00:00,21,21,2310387,36091,4381,2991.0,25.0,1.0,41610.0
2026-03-07 14:13:30+00:00,21,21,2310645,36112,4384,258.0,21.0,3.0,41640.0
2026-03-07 14:14:00+00:00,21,21,2311316,36137,4385,671.0,25.0,2.0,41670.0
2026-03-07 14:14:30+00:00,21,21,2311705,36165,4385,389.0,28.0,0.0,41700.0
2026-03-07 14:15:00+00:00,21,21,2313899,36184,4386,2194.0,19.0,1.0,41730.0
2026-03-07 14:15:30+00:00,21,21,2317505,36206,4389,3606.0,22.0,3.0,41760.0
2026-03-07 14:16:00+00:00,21,21,2323173,36224,4391,5668.0,18.0,2.0,41790.0
2026-03-07 14:16:30+00:00,0,0,0,0,0,0.0,0.0,0.0,41820.0
2026-03-07 14:17:00+00:00,21,21,2327858,36248,4392,4685.0,24.0,1.0,41850.0
2026-03-07 14:17:30+00:00,21,21,2330081,36272,4393,2223.0,24.0,1.0,41880.0
2026-03-07 14:18:00+00:00,21,21,2330084,36307,4394,3.0,35.0,1.0,41910.0
2026-03-07 14:18:30+00:00,21,21,2333323,36326,4395,3239.0,19.0,1.0,41940.0
2026-03-07 14:19:00+00:00,21,21,2333857,36351,4395,534.0,25.0,0.0,41970.0
2026-03-07 14:19:30+00:00,21,21,2334931,36374,4398,1074.0,23.0,3.0,42000.0
2026-03-07 14:20:00+00:00,21,21,2336361,36393,4399,1430.0,19.0,1.0,42030.0
2026-03-07 14:20:30+00:00,21,21,2337548,36421,4399,1187.0,28.0,0.0,42060.0
2026-03-07 14:21:00+00:00,21,21,2344384,36455,4402,6836.0,34.0,3.0,42090.0
2026-03-07 14:21:30+00:00,21,21,2348379,36476,4404,3995.0,22.0,2.0,42120.0
2026-03-07 14:22:00+00:00,21,21,2350836,36512,4406,2457.0,36.0,2.0,42150.0
2026-03-07 14:22:30+00:00,21,21,2352241,36540,4406,1405.0,28.0,0.0,42180.0
2026-03-07 14:23:00+00:00,21,21,2352301,36563,4406,60.0,23.0,0.0,42210.0
2026-03-07 14:23:30+00:00,21,21,2352308,36585,4409,7.0,22.0,3.0,42240.0
2026-03-07 14:24:00+00:00,21,21,2354623,36614,4412,2315.0,29.0,3.0,42270.0
2026-03-07 14:24:30+00:00,21,21,2354986,36638,4413,363.0,24.0,1.0,42300.0
2026-03-07 14:25:00+00:00,21,21,2355236,36668,4420,250.0,30.0,7.0,42330.0
2026-03-07 14:25:30+00:00,21,21,2356357,36692,4423,1121.0,24.0,3.0,42360.0
2026-03-07 14:26:00+00:00,21,21,2356514,36712,4423,157.0,20.0,0.0,42390.0
2026-03-07 14:26:30+00:00,21,21,2360887,36737,4426,4373.0,25.0,3.0,42420.0
2026-03-07 14:27:00+00:00,21,21,2364171,36757,4427,3284.0,20.0,1.0,42450.0
2026-03-07 14:27:30+00:00,21,21,2364511,36778,4430,340.0,21.0,3.0,42480.0
2026-03-07 14:28:00+00:00,21,21,2365845,36801,4430,1334.0,23.0,0.0,42510.0
2026-03-07 14:28:30+00:00,21,21,2366761,36829,4431,916.0,28.0,1.0,42540.0
2026-03-07 14:29:00+00:00,0,0,0,0,0,0.0,0.0,0.0,42570.0
2026-03-07 14:29:30+00:00,0,0,0,0,0,0.0,0.0,0.0,42600.0
2026-03-07 14:30:00+00:00,21,21,2370462,36892,4438,3701.0,63.0,7.0,42630.0
2026-03-07 14:30:30+00:00,21,21,2371192,36909,4441,730.0,17.0,3.0,42660.0
2026-03-07 14:31:00+00:00,21,21,2376249,36930,4444,5057.0,21.0,3.0,42690.0
2026-03-07 14:31:30+00:00,21,21,2384792,36948,4446,8543.0,18.0,2.0,42720.0
2026-03-07 14:32:00+00:00,21,21,2385080,36965,4447,288.0,17.0,2.0,42750.0
2026-03-07 14:32:30+00:00,21,21,2386387,36983,4449,1307.0,18.0,2.0,42780.0
2026-03-07 14:33:00+00:00,21,21,2386984,37004,4453,597.0,22.0,4.0,42810.0
2026-03-07 14:33:30+00:00,21,21,2390453,37021,4453,3469.0,18.0,0.0,42840.0
2026-03-07 14:34:00+00:00,21,21,2391323,37046,4457,870.0,25.0,4.0,42870.0
2026-03-07 14:34:30+00:00,21,21,2391632,37072,4457,309.0,26.0,0.0,42900.0
2026-03-07 14:35:00+00:00,21,21,2394192,37094,4460,2560.0,22.0,3.0,42930.0
2026-03-07 14:35:30+00:00,21,21,2394198,37117,4464,6.0,23.0,4.0,42960.0
2026-03-07 14:36:00+00:00,21,21,2402204,37135,4465,8006.0,18.0,1.0,42990.0
2026-03-07 14:36:30+00:00,21,21,2407685,37151,4467,5481.0,16.0,2.0,43020.0
2026-03-07 14:37:00+00:00,21,21,2408982,37174,4470,1297.0,23.0,3.0,43050.0
2026-03-07 14:37:30+00:00,21,21,2408993,37198,4474,11.0,24.0,4.0,43080.0
2026-03-07 14:38:00+00:00,0,0,0,0,0,0.0,0.0,0.0,43110.0
2026-03-07 14:38:30+00:00,21,21,2411875,37221,4477,2882.0,23.0,3.0,43140.0
2026-03-07 14:39:00+00:00,21,21,2413231,37238,4481,1356.0,17.0,4.0,43170.0
2026-03-07 14:39:30+00:00,21,21,2413608,37255,4483,377.0,18.0,2.0,43200.0
2026-03-07 14:40:00+00:00,21,21,2414265,37272,4485,657.0,17.0,2.0,43230.0
2026-03-07 14:40:30+00:00,21,21,2414671,37293,4485,406.0,21.0,0.0,43260.0
2026-03-07 14:41:00+00:00,21,21,2416913,37325,4487,2242.0,32.0,2.0,43290.0
2026-03-07 14:41:30+00:00,21,21,2425625,37343,4489,8712.0,18.0,2.0,43320.0
2026-03-07 14:42:00+00:00,21,21,2432315,37367,4492,6690.0,24.0,3.0,43350.0
2026-03-07 14:42:30+00:00,21,21,2433655,37383,4494,1340.0,16.0,2.0,43380.0
2026-03-07 14:43:00+00:00,21,21,2435094,37401,4497,1439.0,18.0,3.0,43410.0
2026-03-07 14:43:30+00:00,21,21,2438292,37436,4497,3198.0,35.0,1.0,43440.0
2026-03-07 14:44:00+00:00,21,21,2438695,37471,4499,403.0,35.0,2.0,43470.0
2026-03-07 14:44:30+00:00,21,21,2439917,37483,4500,1222.0,12.0,1.0,43500.0
2026-03-07 14:45:00+00:00,21,21,2442629,37502,4502,2712.0,19.0,2.0,43530.0
2026-03-07 14:45:30+00:00,21,21,2442852,37521,4503,223.0,19.0,1.0,43560.0
2026-03-07 14:46:00+00:00,21,21,2454227,37541,4503,11375.0,20.0,0.0,43590.0
2026-03-07 14:46:30+00:00,21,21,2459003,37565,4504,4776.0,24.0,1.0,43620.0
2026-03-07 14:47:00+00:00,21,21,2459792,37589,4505,789.0,24.0,1.0,43650.0
2026-03-07 14:47:30+00:00,21,21,2461165,37604,4505,1373.0,15.0,0.0,43680.0
2026-03-07 14:48:00+00:00,21,21,2461573,37623,4506,408.0,19.0,1.0,43710.0
2026-03-07 14:48:30+00:00,21,21,2462212,37642,4507,639.0,19.0,1.0,43740.0
2026-03-07 14:49:00+00:00,21,21,2465971,37665,4510,3759.0,23.0,3.0,43770.0
2026-03-07 14:49:30+00:00,21,21,2466930,37690,4515,959.0,25.0,5.0,43800.0
2026-03-07 14:50:00+00:00,21,21,2469386,37713,4521,2456.0,23.0,6.0,43830.0
2026-03-07 14:50:30+00:00,21,21,2470093,37737,4524,707.0,24.0,3.0,43860.0
2026-03-07 14:51:00+00:00,21,21,2475144,37760,4524,5051.0,23.0,0.0,43890.0
2026-03-07 14:51:30+00:00,21,21,2483625,37777,4525,8481.0,17.0,1.0,43920.0
2026-03-07 14:52:00+00:00,21,21,2484639,37804,4527,1014.0,27.0,2.0,43950.0
2026-03-07 14:52:30+00:00,21,21,2485541,37831,4528,902.0,27.0,1.0,43980.0
2026-03-07 14:53:00+00:00,21,21,2486932,37854,4530,1391.0,23.0,2.0,44010.0
2026-03-07 14:53:30+00:00,21,21,2489016,37875,4532,2084.0,21.0,2.0,44040.0
2026-03-07 14:54:00+00:00,21,21,2489559,37899,4534,543.0,24.0,2.0,44070.0
2026-03-07 14:54:30+00:00,21,21,2489734,37920,4534,175.0,21.0,0.0,44100.0
2026-03-07 14:55:00+00:00,21,21,2489735,37939,4536,1.0,19.0,2.0,44130.0
2026-03-07 14:55:30+00:00,21,21,2490790,37956,4538,1055.0,17.0,2.0,44160.0
2026-03-07 14:56:00+00:00,21,21,2494523,37978,4541,3733.0,22.0,3.0,44190.0
2026-03-07 14:56:30+00:00,21,21,2496771,38004,4543,2248.0,26.0,2.0,44220.0
2026-03-07 14:57:00+00:00,21,21,2497006,38024,4543,235.0,21.0,0.0,44250.0
2026-03-07 14:57:30+00:00,21,21,2497756,38044,4547,750.0,20.0,4.0,44280.0
2026-03-07 14:58:00+00:00,21,21,2497892,38063,4550,136.0,19.0,3.0,44310.0
2026-03-07 14:58:30+00:00,0,0,0,0,0,0.0,0.0,0.0,44340.0
2026-03-07 14:59:00+00:00,21,21,2498071,38086,4552,179.0,25.0,2.0,44370.0
2026-03-07 14:59:30+00:00,21,21,2499384,38105,4552,1313.0,20.0,0.0,44400.0
2026-03-07 15:00:00+00:00,21,21,2499571,38123,4557,187.0,19.0,5.0,44430.0
2026-03-07 15:00:30+00:00,21,21,2500798,38149,4559,1227.0,26.0,2.0,44460.0
2026-03-07 15:01:00+00:00,21,21,2500842,38172,4563,44.0,23.0,4.0,44490.0
2026-03-07 15:01:30+00:00,21,21,2504376,38194,4563,3534.0,22.0,0.0,44520.0
2026-03-07 15:02:00+00:00,21,21,2507665,38222,4566,3289.0,28.0,3.0,44550.0
2026-03-07 15:02:30+00:00,21,21,2508225,38244,4569,560.0,22.0,3.0,44580.0
2026-03-07 15:03:00+00:00,21,21,2508494,38268,4573,269.0,24.0,4.0,44610.0
2026-03-07 15:03:30+00:00,21,21,2508964,38302,4578,470.0,34.0,5.0,44640.0
2026-03-07 15:04:00+00:00,21,21,2510476,38320,4579,1512.0,18.0,1.0,44670.0
2026-03-07 15:04:30+00:00,21,21,2511068,38340,4581,592.0,20.0,2.0,44700.0
2026-03-07 15:05:00+00:00,21,21,2512094,38362,4584,1026.0,22.0,3.0,44730.0
2026-03-07 15:05:30+00:00,21,21,2512490,38387,4587,396.0,25.0,3.0,44760.0
2026-03-07 15:06:00+00:00,21,21,2514652,38409,4588,2162.0,22.0,1.0,44790.0
2026-03-07 15:06:30+00:00,21,21,2519670,38430,4590,5018.0,21.0,2.0,44820.0
2026-03-07 15:07:00+00:00,21,21,2520203,38450,4592,533.0,20.0,2.0,44850.0
2026-03-07 15:07:30+00:00,21,21,2520316,38473,4592,113.0,23.0,1.0,44880.0
2026-03-07 15:08:00+00:00,21,21,2521425,38490,4593,1109.0,17.0,1.0,44910.0
2026-03-07 15:08:30+00:00,21,21,2522986,38508,4596,1561.0,18.0,3.0,44940.0
2026-03-07 15:09:00+00:00,21,21,2523115,38531,4600,129.0,25.0,4.0,44970.0
2026-03-07 15:09:30+00:00,21,21,2523705,38550,4601,590.0,19.0,1.0,45000.0
2026-03-07 15:10:00+00:00,21,21,2524530,38571,4603,825.0,21.0,2.0,45030.0
2026-03-07 15:10:30+00:00,21,21,2524738,38602,4605,208.0,31.0,2.0,45060.0
2026-03-07 15:11:00+00:00,21,21,2528516,38624,4607,3778.0,22.0,2.0,45090.0
2026-03-07 15:11:30+00:00,21,21,2531982,38651,4609,3466.0,27.0,2.0,45120.0
2026-03-07 15:12:00+00:00,21,21,2532854,38672,4611,872.0,22.0,2.0,45150.0
2026-03-07 15:12:30+00:00,21,21,2532999,38690,4616,145.0,18.0,5.0,45180.0
2026-03-07 15:13:00+00:00,21,21,2533974,38709,4619,975.0,19.0,4.0,45210.0
2026-03-07 15:13:30+00:00,21,21,2534479,38728,4623,505.0,19.0,4.0,45240.0
2026-03-07 15:14:00+00:00,21,21,2536322,38746,4625,1843.0,18.0,2.0,45270.0
2026-03-07 15:14:30+00:00,21,21,2536837,38774,4628,515.0,28.0,3.0,45300.0
2026-03-07 15:15:00+00:00,21,21,2538772,38800,4628,1935.0,26.0,0.0,45330.0
2026-03-07 15:15:30+00:00,21,21,2538893,38816,4628,121.0,16.0,0.0,45360.0
2026-03-07 15:16:00+00:00,21,21,2541731,38842,4632,2838.0,26.0,4.0,45390.0
2026-03-07 15:16:30+00:00,21,21,2546684,38861,4635,4953.0,19.0,3.0,45420.0
2026-03-07 15:17:00+00:00,21,21,2548723,38880,4639,2039.0,19.0,4.0,45450.0
2026-03-07 15:17:30+00:00,21,21,2548769,38901,4643,46.0,21.0,4.0,45480.0
2026-03-07 15:18:00+00:00,21,21,2550633,38923,4643,1864.0,22.0,0.0,45510.0
2026-03-07 15:18:30+00:00,21,21,2551920,38950,4644,1287.0,27.0,1.0,45540.0
2026-03-07 15:19:00+00:00,0,0,0,0,0,0.0,0.0,0.0,45570.0
2026-03-07 15:19:30+00:00,21,21,2552617,38970,4645,697.0,20.0,1.0,45600.0
2026-03-07 15:20:00+00:00,21,21,2552690,38991,4646,73.0,21.0,1.0,45630.0
2026-03-07 15:20:30+00:00,21,21,2553348,39014,4650,658.0,23.0,4.0,45660.0
2026-03-07 15:21:00+00:00,21,21,2554457,39046,4651,1109.0,32.0,1.0,45690.0
2026-03-07 15:21:30+00:00,21,21,2561425,39063,4654,6968.0,18.0,3.0,45720.0
2026-03-07 15:22:00+00:00,21,21,2564287,39090,4656,2862.0,27.0,2.0,45750.0
2026-03-07 15:22:30+00:00,21,21,2565313,39107,4658,1026.0,17.0,2.0,45780.0
2026-03-07 15:23:00+00:00,21,21,2566459,39127,4660,1146.0,20.0,2.0,45810.0
2026-03-07 15:23:30+00:00,21,21,2566622,39149,4665,163.0,23.0,5.0,45840.0
2026-03-07 15:24:00+00:00,21,21,2568929,39175,4667,2307.0,26.0,2.0,45870.0
2026-03-07 15:24:30+00:00,21,21,2569851,39197,4674,922.0,22.0,7.0,45900.0
2026-03-07 15:25:00+00:00,21,21,2571012,39218,4675,1161.0,21.0,1.0,45930.0
2026-03-07 15:25:30+00:00,21,21,2571439,39234,4680,427.0,16.0,5.0,45960.0
2026-03-07 15:26:00+00:00,21,21,2575451,39251,4682,4012.0,17.0,2.0,45990.0
2026-03-07 15:26:30+00:00,21,21,2580829,39272,4686,5391.0,21.0,4.0,46020.0
2026-03-07 15:27:00+00:00,21,21,2581547,39303,4685,718.0,31.0,0.0,46050.0
2026-03-07 15:27:30+00:00,21,21,2582085,39323,4688,538.0,20.0,3.0,46080.0
2026-03-07 15:28:00+00:00,21,21,2582176,39338,4693,91.0,15.0,5.0,46110.0
2026-03-07 15:28:30+00:00,21,21,2582299,39354,4694,123.0,16.0,1.0,46140.0
2026-03-07 15:29:00+00:00,21,21,2582840,39375,4695,541.0,21.0,1.0,46170.0
2026-03-07 15:29:30+00:00,21,21,2582946,39398,4695,106.0,23.0,0.0,46200.0
2026-03-07 15:30:00+00:00,21,21,2583047,39419,4696,101.0,21.0,1.0,46230.0
2026-03-07 15:30:30+00:00,21,21,2583556,39438,4696,509.0,19.0,0.0,46260.0
2026-03-07 15:31:00+00:00,21,21,2583569,39463,4697,13.0,25.0,1.0,46290.0
2026-03-07 15:31:30+00:00,21,21,2585517,39485,4700,1948.0,22.0,3.0,46320.0
2026-03-07 15:32:00+00:00,21,21,2586552,39505,4699,1035.0,20.0,1.0,46350.0
2026-03-07 15:32:30+00:00,21,21,2586801,39520,4699,249.0,15.0,0.0,46380.0
2026-03-07 15:33:00+00:00,21,21,2587550,39536,4700,749.0,17.0,1.0,46410.0
2026-03-07 15:33:30+00:00,21,21,2587837,39556,4703,287.0,21.0,3.0,46440.0
2026-03-07 15:34:00+00:00,21,21,2588056,39577,4705,219.0,21.0,2.0,46470.0
2026-03-07 15:34:30+00:00,21,21,2589780,39598,4707,1724.0,21.0,2.0,46500.0
2026-03-07 15:35:00+00:00,21,21,2589979,39612,4711,199.0,14.0,4.0,46530.0
2026-03-07 15:35:30+00:00,21,21,2590111,39627,4714,132.0,15.0,3.0,46560.0
2026-03-07 15:36:00+00:00,21,21,2594134,39649,4715,4023.0,22.0,1.0,46590.0
2026-03-07 15:36:30+00:00,21,21,2597437,39671,4717,3303.0,22.0,2.0,46620.0
2026-03-07 15:37:00+00:00,21,21,2600507,39701,4720,3070.0,30.0,3.0,46650.0
2026-03-07 15:37:30+00:00,21,21,2601976,39720,4721,1469.0,19.0,1.0,46680.0
2026-03-07 15:38:00+00:00,21,21,2602073,39739,4721,97.0,19.0,0.0,46710.0
2026-03-07 15:38:30+00:00,21,21,2602621,39761,4723,548.0,22.0,2.0,46740.0
2026-03-07 15:39:00+00:00,21,21,2605672,39782,4729,3051.0,21.0,6.0,46770.0
2026-03-07 15:39:30+00:00,21,21,2606457,39795,4730,785.0,13.0,1.0,46800.0
2026-03-07 15:40:00+00:00,21,21,2606998,39818,4732,541.0,23.0,2.0,46830.0
2026-03-07 15:40:30+00:00,0,0,0,0,0,0.0,0.0,0.0,46860.0
2026-03-07 15:41:00+00:00,21,21,2609891,39833,4736,2893.0,15.0,4.0,46890.0
2026-03-07 15:41:30+00:00,21,21,2620890,39852,4737,10999.0,19.0,2.0,46920.0
2026-03-07 15:42:00+00:00,21,21,2626237,39879,4738,5347.0,27.0,1.0,46950.0
2026-03-07 15:42:30+00:00,21,21,2630650,39902,4740,4413.0,23.0,2.0,46980.0
2026-03-07 15:43:00+00:00,21,21,2631197,39916,4740,547.0,14.0,0.0,47010.0
2026-03-07 15:43:30+00:00,21,21,2632220,39935,4743,1023.0,19.0,3.0,47040.0
2026-03-07 15:44:00+00:00,21,21,2634653,39952,4746,2433.0,18.0,3.0,47070.0
2026-03-07 15:44:30+00:00,21,21,2636289,39972,4747,1636.0,20.0,1.0,47100.0
2026-03-07 15:45:00+00:00,21,21,2636244,39995,4749,6.0,23.0,2.0,47130.0
2026-03-07 15:45:30+00:00,21,21,2637940,40016,4751,1696.0,21.0,2.0,47160.0
2026-03-07 15:46:00+00:00,21,21,2639147,40040,4754,1207.0,24.0,3.0,47190.0
2026-03-07 15:46:30+00:00,21,21,2649004,40060,4760,9857.0,20.0,6.0,47220.0
2026-03-07 15:47:00+00:00,21,21,2658362,40077,4764,9358.0,17.0,4.0,47250.0
2026-03-07 15:47:30+00:00,21,21,2660060,40098,4767,1698.0,21.0,3.0,47280.0
2026-03-07 15:48:00+00:00,21,21,2662204,40114,4769,2144.0,17.0,2.0,47310.0
2026-03-07 15:48:30+00:00,21,21,2662719,40133,4771,515.0,19.0,2.0,47340.0
2026-03-07 15:49:00+00:00,21,21,2667585,40153,4773,4866.0,20.0,2.0,47370.0
2026-03-07 15:49:30+00:00,21,21,2669343,40180,4776,1758.0,27.0,3.0,47400.0
2026-03-07 15:50:00+00:00,21,21,2670574,40195,4776,1231.0,15.0,0.0,47430.0
2026-03-07 15:50:30+00:00,21,21,2673501,40217,4777,2927.0,22.0,1.0,47460.0
2026-03-07 15:51:00+00:00,21,21,2675771,40244,4779,2270.0,27.0,2.0,47490.0
2026-03-07 15:51:30+00:00,21,21,2678620,40261,4780,2849.0,17.0,1.0,47520.0
2026-03-07 15:52:00+00:00,21,21,2700071,40279,4781,21451.0,18.0,1.0,47550.0
2026-03-07 15:52:30+00:00,21,21,2700570,40294,4784,499.0,15.0,3.0,47580.0
2026-03-07 15:53:00+00:00,21,21,2704325,40317,4784,3755.0,23.0,0.0,47610.0
2026-03-07 15:53:30+00:00,21,21,2704846,40339,4785,521.0,22.0,1.0,47640.0
2026-03-07 15:54:00+00:00,21,21,2709343,40362,4787,4497.0,23.0,2.0,47670.0
2026-03-07 15:54:30+00:00,21,21,2710157,40381,4790,814.0,19.0,3.0,47700.0
2026-03-07 15:55:00+00:00,21,21,2712451,40409,4790,2294.0,28.0,0.0,47730.0
2026-03-07 15:55:30+00:00,21,21,2713817,40431,4792,1366.0,22.0,2.0,47760.0
2026-03-07 15:56:00+00:00,21,21,2719534,40452,4794,5717.0,21.0,2.0,47790.0
2026-03-07 15:56:30+00:00,21,21,2728151,40468,4796,8617.0,16.0,2.0,47820.0
2026-03-07 15:57:00+00:00,21,21,2734185,40490,4799,6034.0,22.0,3.0,47850.0
2026-03-07 15:57:30+00:00,21,21,2734424,40511,4803,239.0,21.0,4.0,47880.0
2026-03-07 15:58:00+00:00,21,21,2735210,40528,4807,786.0,17.0,4.0,47910.0
2026-03-07 15:58:30+00:00,21,21,2738505,40563,4809,3348.0,35.0,2.0,47940.0
2026-03-07 15:59:00+00:00,21,21,2738582,40580,4813,77.0,17.0,4.0,47970.0
2026-03-07 15:59:30+00:00,21,21,2740519,40597,4816,1937.0,17.0,3.0,48000.0
2026-03-07 16:00:00+00:00,21,21,2742448,40612,4817,1929.0,15.0,1.0,48030.0
2026-03-07 16:00:30+00:00,21,21,2742977,40630,4818,529.0,18.0,1.0,48060.0
2026-03-07 16:01:00+00:00,0,0,0,0,0,0.0,0.0,0.0,48090.0
2026-03-07 16:01:30+00:00,21,21,2752253,40647,4819,9276.0,17.0,1.0,48120.0
2026-03-07 16:02:00+00:00,21,21,2755107,40667,4823,2854.0,20.0,4.0,48150.0
2026-03-07 16:02:30+00:00,21,21,2755777,40689,4827,670.0,22.0,4.0,48180.0
2026-03-07 16:03:00+00:00,21,21,2757133,40721,4830,1356.0,32.0,3.0,48210.0
2026-03-07 16:03:30+00:00,21,21,2757414,40738,4833,281.0,18.0,3.0,48240.0
2026-03-07 16:04:00+00:00,21,21,2759154,40757,4834,1740.0,20.0,1.0,48270.0
2026-03-07 16:04:30+00:00,21,21,2759504,40783,4838,350.0,26.0,4.0,48300.0
2026-03-07 16:05:00+00:00,21,21,2760020,40797,4838,516.0,14.0,0.0,48330.0
2026-03-07 16:05:30+00:00,21,21,2760213,40824,4844,193.0,27.0,6.0,48360.0
2026-03-07 16:06:00+00:00,21,21,2762375,40847,4845,2162.0,24.0,1.0,48390.0
2026-03-07 16:06:30+00:00,21,21,2769312,40864,4846,6937.0,17.0,1.0,48420.0
2026-03-07 16:07:00+00:00,21,21,2771432,40889,4848,2120.0,25.0,2.0,48450.0
2026-03-07 16:07:30+00:00,21,21,2773112,40912,4850,1680.0,24.0,2.0,48480.0
2026-03-07 16:08:00+00:00,21,21,2773501,40934,4853,389.0,22.0,3.0,48510.0
2026-03-07 16:08:30+00:00,21,21,2775674,40956,4856,2173.0,22.0,3.0,48540.0
2026-03-07 16:09:00+00:00,21,21,2776608,40979,4858,934.0,23.0,2.0,48570.0
2026-03-07 16:09:30+00:00,21,21,2777288,40999,4860,680.0,20.0,2.0,48600.0
2026-03-07 16:10:00+00:00,21,21,2778624,41017,4863,1336.0,18.0,3.0,48630.0
2026-03-07 16:10:30+00:00,21,21,2778995,41033,4867,371.0,16.0,4.0,48660.0
2026-03-07 16:11:00+00:00,21,21,2786472,41051,4871,7477.0,18.0,4.0,48690.0
2026-03-07 16:11:30+00:00,21,21,2789605,41070,4873,3133.0,19.0,2.0,48720.0
2026-03-07 16:12:00+00:00,21,21,2790728,41092,4877,1123.0,22.0,4.0,48750.0
2026-03-07 16:12:30+00:00,21,21,2792025,41106,4879,1297.0,14.0,2.0,48780.0
2026-03-07 16:13:00+00:00,21,21,2792377,41127,4880,352.0,21.0,1.0,48810.0
2026-03-07 16:13:30+00:00,21,21,2794921,41150,4883,2544.0,23.0,3.0,48840.0
2026-03-07 16:14:00+00:00,21,21,2795632,41166,4886,711.0,16.0,3.0,48870.0
2026-03-07 16:14:30+00:00,21,21,2795877,41188,4892,245.0,22.0,6.0,48900.0
2026-03-07 16:15:00+00:00,21,21,2797448,41209,4894,1571.0,21.0,2.0,48930.0
2026-03-07 16:15:30+00:00,21,21,2797499,41230,4897,51.0,21.0,3.0,48960.0
2026-03-07 16:16:00+00:00,21,21,2803554,41250,4897,6055.0,21.0,0.0,48990.0
2026-03-07 16:16:30+00:00,21,21,2805229,41267,4904,1675.0,17.0,7.0,49020.0
2026-03-07 16:17:00+00:00,21,21,2807144,41282,4909,1915.0,16.0,5.0,49050.0
2026-03-07 16:17:30+00:00,21,21,2808271,41298,4910,1127.0,16.0,1.0,49080.0
2026-03-07 16:18:00+00:00,21,21,2808660,41327,4912,389.0,29.0,2.0,49110.0
2026-03-07 16:18:30+00:00,21,21,2809918,41349,4915,1258.0,22.0,3.0,49140.0
2026-03-07 16:19:00+00:00,21,21,2809513,41372,4916,405.0,23.0,1.0,49170.0
2026-03-07 16:19:30+00:00,21,21,2809629,41393,4916,116.0,21.0,0.0,49200.0
2026-03-07 16:20:00+00:00,21,21,2809696,41417,4919,682.0,24.0,3.0,49230.0
2026-03-07 16:20:30+00:00,21,21,2809895,41431,4920,199.0,14.0,1.0,49260.0
2026-03-07 16:21:00+00:00,21,21,2811339,41447,4923,1466.0,17.0,3.0,49290.0
2026-03-07 16:21:30+00:00,0,0,0,0,0,0.0,0.0,0.0,49320.0
2026-03-07 16:22:00+00:00,21,21,2814788,41469,4924,3449.0,22.0,1.0,49350.0
2026-03-07 16:22:30+00:00,21,21,2815076,41487,4924,288.0,18.0,0.0,49380.0
2026-03-07 16:23:00+00:00,21,21,2815253,41512,4924,177.0,25.0,0.0,49410.0
2026-03-07 16:23:30+00:00,21,21,2816024,41527,4926,771.0,15.0,2.0,49440.0
2026-03-07 16:24:00+00:00,21,21,2817495,41551,4928,1471.0,24.0,2.0,49470.0
2026-03-07 16:24:30+00:00,21,21,2818269,41566,4930,774.0,15.0,2.0,49500.0
2026-03-07 16:25:00+00:00,21,21,2818586,41591,4932,317.0,25.0,2.0,49530.0
2026-03-07 16:25:30+00:00,21,21,2819757,41613,4933,1171.0,22.0,1.0,49560.0
2026-03-07 16:26:00+00:00,21,21,2820421,41633,4935,664.0,20.0,2.0,49590.0
2026-03-07 16:26:30+00:00,21,21,2831311,41660,4936,10890.0,27.0,1.0,49620.0
2026-03-07 16:27:00+00:00,21,21,2834272,41681,4937,2961.0,21.0,1.0,49650.0
2026-03-07 16:27:30+00:00,21,21,2835105,41700,4938,833.0,20.0,1.0,49680.0
2026-03-07 16:28:00+00:00,21,21,2836116,41718,4940,1011.0,18.0,2.0,49710.0
2026-03-07 16:28:30+00:00,21,21,2836494,41732,4940,378.0,14.0,0.0,49740.0
2026-03-07 16:29:00+00:00,21,21,2838697,41750,4944,2203.0,18.0,4.0,49770.0
2026-03-07 16:29:30+00:00,21,21,2840091,41770,4945,1394.0,20.0,1.0,49800.0
2026-03-07 16:30:00+00:00,21,21,2840601,41788,4948,510.0,18.0,3.0,49830.0
2026-03-07 16:30:30+00:00,21,21,2842139,41805,4951,1538.0,17.0,4.0,49860.0
2026-03-07 16:31:00+00:00,21,21,2844501,41821,4954,2362.0,16.0,3.0,49890.0
2026-03-07 16:31:30+00:00,21,21,2852588,41838,4960,8087.0,17.0,6.0,49920.0
2026-03-07 16:32:00+00:00,21,21,2853418,41865,4962,830.0,27.0,2.0,49950.0
2026-03-07 16:32:30+00:00,21,21,2856114,41883,4965,2696.0,18.0,3.0,49980.0
2026-03-07 16:33:00+00:00,21,21,2856563,41902,4967,449.0,19.0,2.0,50010.0
2026-03-07 16:33:30+00:00,21,21,2858072,41920,4969,1509.0,19.0,2.0,50040.0
2026-03-07 16:34:00+00:00,21,21,2859253,41940,4971,1181.0,20.0,2.0,50070.0
2026-03-07 16:34:30+00:00,21,21,2860553,41962,4972,1300.0,22.0,1.0,50100.0
2026-03-07 16:35:00+00:00,21,21,2862367,41987,4974,1831.0,25.0,2.0,50130.0
2026-03-07 16:35:30+00:00,21,21,2862490,42004,4976,123.0,17.0,2.0,50160.0
2026-03-07 16:36:00+00:00,21,21,2871020,42020,4978,8530.0,16.0,2.0,50190.0
2026-03-07 16:36:30+00:00,21,21,2873677,42034,4980,2657.0,14.0,2.0,50220.0
2026-03-07 16:37:00+00:00,21,21,2874566,42050,4982,889.0,16.0,2.0,50250.0
2026-03-07 16:37:30+00:00,21,21,2875430,42073,4985,864.0,24.0,3.0,50280.0
2026-03-07 16:38:00+00:00,21,21,2875659,42093,4988,229.0,20.0,3.0,50310.0
2026-03-07 16:38:30+00:00,21,21,2875946,42119,4989,412.0,26.0,1.0,50340.0
2026-03-07 16:39:00+00:00,21,21,2876399,42142,4989,453.0,23.0,0.0,50370.0
2026-03-07 16:39:30+00:00,21,21,2877085,42171,4990,686.0,29.0,1.0,50400.0
2026-03-07 16:40:00+00:00,21,21,2878818,42189,4991,1733.0,18.0,1.0,50430.0
2026-03-07 16:40:30+00:00,21,21,2878900,42205,4991,82.0,16.0,0.0,50460.0
2026-03-07 16:41:00+00:00,21,21,2885881,42220,4994,6981.0,15.0,3.0,50490.0
2026-03-07 16:41:30+00:00,21,21,2889636,42241,4996,3755.0,21.0,2.0,50520.0
2026-03-07 16:42:00+00:00,0,0,0,0,0,0.0,0.0,0.0,50550.0
2026-03-07 16:42:30+00:00,21,21,2890884,42256,4996,1248.0,16.0,0.0,50580.0
2026-03-07 16:43:00+00:00,21,21,2891307,42281,4996,423.0,25.0,0.0,50610.0
2026-03-07 16:43:30+00:00,21,21,2891923,42302,4997,616.0,21.0,1.0,50640.0
2026-03-07 16:44:00+00:00,21,21,2894368,42326,4996,2445.0,24.0,0.0,50670.0
2026-03-07 16:44:30+00:00,21,21,2895548,42343,4997,1180.0,17.0,1.0,50700.0
2026-03-07 16:45:00+00:00,21,21,2897794,42368,4998,2246.0,25.0,1.0,50730.0
2026-03-07 16:45:30+00:00,21,21,2898467,42394,4999,673.0,26.0,1.0,50760.0
2026-03-07 16:46:00+00:00,21,21,2899558,42419,5001,1754.0,26.0,2.0,50790.0
2026-03-07 16:46:30+00:00,21,21,2911098,42436,5005,11540.0,19.0,4.0,50820.0
2026-03-07 16:47:00+00:00,21,21,2911583,42455,5010,485.0,19.0,5.0,50850.0
2026-03-07 16:47:30+00:00,21,21,2912889,42471,5010,1306.0,16.0,0.0,50880.0
2026-03-07 16:48:00+00:00,21,21,2913054,42489,5013,165.0,18.0,3.0,50910.0
2026-03-07 16:48:30+00:00,21,21,2915891,42514,5015,2837.0,25.0,2.0,50940.0
2026-03-07 16:49:00+00:00,21,21,2916021,42542,5019,130.0,28.0,4.0,50970.0
2026-03-07 16:49:30+00:00,21,21,2917193,42560,5023,1172.0,18.0,4.0,51000.0
2026-03-07 16:50:00+00:00,21,21,2918567,42579,5029,1374.0,19.0,6.0,51030.0
2026-03-07 16:50:30+00:00,21,21,2919109,42600,5032,542.0,21.0,3.0,51060.0
2026-03-07 16:51:00+00:00,21,21,2924801,42612,5033,5692.0,12.0,1.0,51090.0
2026-03-07 16:51:30+00:00,21,21,2933418,42633,5039,8617.0,21.0,6.0,51120.0
2026-03-07 16:52:00+00:00,21,21,2933918,42651,5041,500.0,18.0,2.0,51150.0
2026-03-07 16:52:30+00:00,21,21,2935408,42670,5043,1490.0,19.0,2.0,51180.0
2026-03-07 16:53:00+00:00,21,21,2935408,42690,5045,0.0,20.0,2.0,51210.0
2026-03-07 16:53:30+00:00,21,21,2937575,42708,5048,2868.0,19.0,3.0,51240.0
2026-03-07 16:54:00+00:00,21,21,2937836,42725,5054,261.0,17.0,6.0,51270.0
2026-03-07 16:54:30+00:00,21,21,2938171,42747,5058,345.0,22.0,4.0,51300.0
2026-03-07 16:55:00+00:00,21,21,2939143,42771,5059,972.0,26.0,1.0,51330.0
2026-03-07 16:55:30+00:00,21,21,2939143,42793,5060,0.0,22.0,1.0,51360.0
2026-03-07 16:56:00+00:00,21,21,2941406,42808,5068,2263.0,16.0,8.0,51390.0
2026-03-07 16:56:30+00:00,21,21,2944538,42827,5071,3132.0,19.0,3.0,51420.0
2026-03-07 16:57:00+00:00,21,21,2945088,42841,5076,550.0,15.0,5.0,51450.0
2026-03-07 16:57:30+00:00,21,21,2945666,42857,5077,578.0,16.0,1.0,51480.0
2026-03-07 16:58:00+00:00,21,21,2945883,42872,5082,217.0,15.0,5.0,51510.0
2026-03-07 16:58:30+00:00,21,21,2946181,42890,5086,298.0,18.0,4.0,51540.0
2026-03-07 16:59:00+00:00,21,21,2947593,42898,5088,1412.0,9.0,2.0,51570.0
2026-03-07 16:59:30+00:00,21,21,2948317,42909,5090,724.0,11.0,2.0,51600.0
2026-03-07 17:00:00+00:00,21,21,2948621,42928,5095,304.0,19.0,5.0,51630.0
2026-03-07 17:00:30+00:00,21,21,2949760,42943,5097,1139.0,15.0,2.0,51660.0
2026-03-07 17:01:00+00:00,21,21,2957880,42964,5097,8120.0,21.0,0.0,51690.0
2026-03-07 17:01:30+00:00,21,21,2961637,42978,5098,3757.0,14.0,1.0,51720.0
2026-03-07 17:02:00+00:00,21,21,2961866,42989,5099,229.0,11.0,1.0,51750.0
2026-03-07 17:02:30+00:00,0,0,0,0,0,0.0,0.0,0.0,51780.0
2026-03-07 17:03:00+00:00,21,21,2962801,43009,5102,935.0,20.0,3.0,51810.0
2026-03-07 17:03:30+00:00,21,21,2963264,43023,5104,463.0,14.0,2.0,51840.0
2026-03-07 17:04:00+00:00,21,21,2965200,43041,5105,1936.0,18.0,1.0,51870.0
2026-03-07 17:04:30+00:00,21,21,2965943,43058,5106,743.0,18.0,1.0,51900.0
2026-03-07 17:05:00+00:00,21,21,2966205,43073,5107,262.0,15.0,1.0,51930.0
2026-03-07 17:05:30+00:00,21,21,2967991,43089,5109,1888.0,16.0,2.0,51960.0
2026-03-07 17:06:00+00:00,21,21,2967962,43110,5110,14.0,21.0,1.0,51990.0
2026-03-07 17:06:30+00:00,21,21,2978930,43127,5110,10968.0,18.0,0.0,52020.0
2026-03-07 17:07:00+00:00,21,21,2981066,43150,5111,2136.0,23.0,1.0,52050.0
2026-03-07 17:07:30+00:00,21,21,2982105,43159,5114,1039.0,9.0,3.0,52080.0
2026-03-07 17:08:00+00:00,21,21,2982507,43177,5115,402.0,18.0,1.0,52110.0
2026-03-07 17:08:30+00:00,21,21,2984488,43190,5115,1981.0,13.0,0.0,52140.0
2026-03-07 17:09:00+00:00,21,21,2985501,43220,5115,1013.0,30.0,0.0,52170.0
2026-03-07 17:09:30+00:00,21,21,2986016,43236,5115,515.0,16.0,0.0,52200.0
2026-03-07 17:10:00+00:00,21,21,2987347,43256,5117,1331.0,20.0,2.0,52230.0
2026-03-07 17:10:30+00:00,21,21,2987866,43274,5120,519.0,19.0,3.0,52260.0
2026-03-07 17:11:00+00:00,21,21,2991022,43283,5122,3306.0,9.0,2.0,52290.0
2026-03-07 17:11:30+00:00,21,21,2995114,43299,5127,4092.0,16.0,5.0,52320.0
2026-03-07 17:12:00+00:00,21,21,2996583,43314,5128,1469.0,15.0,1.0,52350.0
2026-03-07 17:12:30+00:00,21,21,2996972,43333,5131,389.0,19.0,3.0,52380.0
2026-03-07 17:13:00+00:00,21,21,2997314,43345,5131,425.0,12.0,0.0,52410.0
2026-03-07 17:13:30+00:00,21,21,2999122,43357,5133,1808.0,12.0,2.0,52440.0
2026-03-07 17:14:00+00:00,21,21,2999707,43370,5134,585.0,13.0,1.0,52470.0
2026-03-07 17:14:30+00:00,21,21,3000375,43390,5136,668.0,21.0,2.0,52500.0
2026-03-07 17:15:00+00:00,21,21,3000424,43413,5136,49.0,23.0,0.0,52530.0
2026-03-07 17:15:30+00:00,21,21,3001737,43429,5137,1313.0,17.0,1.0,52560.0
2026-03-07 17:16:00+00:00,21,21,3009508,43439,5137,7771.0,10.0,0.0,52590.0
2026-03-07 17:16:30+00:00,21,21,3011375,43450,5138,1867.0,11.0,1.0,52620.0
2026-03-07 17:17:00+00:00,21,21,3013560,43470,5138,2185.0,20.0,0.0,52650.0
2026-03-07 17:17:30+00:00,21,21,3014422,43490,5138,862.0,20.0,0.0,52680.0
2026-03-07 17:18:00+00:00,21,21,3017025,43509,5139,2603.0,19.0,1.0,52710.0
2026-03-07 17:18:30+00:00,21,21,3017224,43533,5141,199.0,24.0,3.0,52740.0
2026-03-07 17:19:00+00:00,21,21,3018142,43549,5143,918.0,16.0,3.0,52770.0
2026-03-07 17:19:30+00:00,21,21,3018403,43561,5147,261.0,12.0,4.0,52800.0
2026-03-07 17:20:00+00:00,21,21,3020343,43575,5149,1940.0,14.0,2.0,52830.0
2026-03-07 17:20:30+00:00,21,21,3020494,43598,5149,151.0,23.0,0.0,52860.0
2026-03-07 17:21:00+00:00,21,21,3030036,43619,5155,9542.0,21.0,6.0,52890.0
2026-03-07 17:21:30+00:00,21,21,3033827,43629,5155,3791.0,10.0,1.0,52920.0
2026-03-07 17:22:00+00:00,21,21,3034027,43647,5157,200.0,18.0,2.0,52950.0
2026-03-07 17:22:30+00:00,21,21,3035292,43666,5160,1265.0,19.0,3.0,52980.0
2026-03-07 17:23:00+00:00,0,0,0,0,0,0.0,0.0,0.0,53010.0
2026-03-07 17:23:30+00:00,21,21,3036071,43681,5161,779.0,15.0,1.0,53040.0
2026-03-07 17:24:00+00:00,21,21,3038450,43699,5161,2379.0,18.0,0.0,53070.0
2026-03-07 17:24:30+00:00,21,21,3039258,43715,5162,808.0,16.0,2.0,53100.0
2026-03-07 17:25:00+00:00,21,21,3039371,43739,5163,113.0,24.0,1.0,53130.0
2026-03-07 17:25:30+00:00,21,21,3040988,43755,5163,1617.0,16.0,0.0,53160.0
2026-03-07 17:26:00+00:00,21,21,3043124,43774,5164,2136.0,19.0,1.0,53190.0
2026-03-07 17:26:30+00:00,21,21,3048408,43781,5167,5284.0,7.0,3.0,53220.0
2026-03-07 17:27:00+00:00,21,21,3052184,43794,5167,3776.0,13.0,0.0,53250.0
2026-03-07 17:27:30+00:00,21,21,3053075,43812,5168,976.0,18.0,1.0,53280.0
2026-03-07 17:28:00+00:00,21,21,3053309,43831,5171,234.0,19.0,3.0,53310.0
2026-03-07 17:28:30+00:00,21,21,3055568,43847,5172,2259.0,16.0,1.0,53340.0
2026-03-07 17:29:00+00:00,21,21,3055748,43853,5177,180.0,7.0,5.0,53370.0
2026-03-07 17:29:30+00:00,21,21,3056291,43870,5183,543.0,17.0,6.0,53400.0
2026-03-07 17:30:00+00:00,21,21,3056439,43888,5184,148.0,18.0,1.0,53430.0
2026-03-07 17:30:30+00:00,21,21,3057402,43908,5184,963.0,20.0,0.0,53460.0
2026-03-07 17:31:00+00:00,21,21,3059576,43921,5187,2174.0,13.0,3.0,53490.0
2026-03-07 17:31:30+00:00,21,21,3062996,43939,5189,3420.0,18.0,2.0,53520.0
2026-03-07 17:32:00+00:00,21,21,3065120,43958,5190,2124.0,19.0,1.0,53550.0
2026-03-07 17:32:30+00:00,21,21,3065580,43976,5193,460.0,18.0,3.0,53580.0
2026-03-07 17:33:00+00:00,21,21,3065891,43991,5195,311.0,15.0,2.0,53610.0
2026-03-07 17:33:30+00:00,21,21,3066095,44002,5197,204.0,11.0,2.0,53640.0
2026-03-07 17:34:00+00:00,21,21,3067749,44016,5197,1659.0,14.0,2.0,53670.0
2026-03-07 17:34:30+00:00,21,21,3068289,44031,5204,540.0,15.0,7.0,53700.0
2026-03-07 17:35:00+00:00,21,21,3068495,44042,5206,206.0,11.0,2.0,53730.0
2026-03-07 17:35:30+00:00,21,21,3070031,44058,5208,1536.0,16.0,2.0,53760.0
2026-03-07 17:36:00+00:00,21,21,3078385,44077,5212,8354.0,19.0,4.0,53790.0
2026-03-07 17:36:30+00:00,21,21,3081564,44099,5213,3179.0,22.0,1.0,53820.0
2026-03-07 17:37:00+00:00,21,21,3083107,44117,5217,1543.0,18.0,4.0,53850.0
2026-03-07 17:37:30+00:00,21,21,3083127,44135,5222,20.0,18.0,5.0,53880.0
2026-03-07 17:38:00+00:00,21,21,3083551,44158,5223,424.0,23.0,1.0,53910.0
2026-03-07 17:38:30+00:00,21,21,3086671,44173,5225,3120.0,15.0,2.0,53940.0
2026-03-07 17:39:00+00:00,21,21,3087735,44189,5228,1064.0,16.0,3.0,53970.0
2026-03-07 17:39:30+00:00,21,21,3088139,44206,5232,404.0,17.0,4.0,54000.0
2026-03-07 17:40:00+00:00,21,21,3089589,44217,5233,1450.0,11.0,1.0,54030.0
2026-03-07 17:40:30+00:00,21,21,3094639,44234,5234,5050.0,17.0,2.0,54060.0
2026-03-07 17:41:00+00:00,21,21,3101760,44243,5235,7121.0,10.0,1.0,54090.0
2026-03-07 17:41:30+00:00,21,21,3102710,44251,5238,950.0,8.0,3.0,54120.0
2026-03-07 17:42:00+00:00,21,21,3104229,44258,5241,1519.0,7.0,3.0,54150.0
2026-03-07 17:42:30+00:00,21,21,3104356,44277,5243,127.0,19.0,2.0,54180.0
2026-03-07 17:43:00+00:00,0,0,0,0,0,0.0,0.0,0.0,54210.0
2026-03-07 17:43:30+00:00,21,21,3106485,44298,5248,2129.0,21.0,5.0,54240.0
2026-03-07 17:44:00+00:00,21,21,3107237,44301,5251,752.0,3.0,3.0,54270.0
2026-03-07 17:44:30+00:00,21,21,3108103,44320,5252,866.0,19.0,1.0,54300.0
2026-03-07 17:45:00+00:00,21,21,3109174,44337,5253,1071.0,17.0,1.0,54330.0
2026-03-07 17:45:30+00:00,21,21,3109812,44353,5256,638.0,16.0,3.0,54360.0
2026-03-07 17:46:00+00:00,21,21,3109812,44370,5257,0.0,17.0,1.0,54390.0
2026-03-07 17:46:30+00:00,21,21,3117631,44386,5258,7819.0,16.0,1.0,54420.0
2026-03-07 17:47:00+00:00,21,21,3120804,44398,5260,3173.0,12.0,2.0,54450.0
2026-03-07 17:47:30+00:00,21,21,3121714,44410,5262,910.0,12.0,2.0,54480.0
2026-03-07 17:48:00+00:00,21,21,3121849,44423,5265,135.0,14.0,3.0,54510.0
2026-03-07 17:48:30+00:00,21,21,3122668,44445,5266,819.0,22.0,1.0,54540.0
2026-03-07 17:49:00+00:00,21,21,3124591,44466,5272,1923.0,21.0,6.0,54570.0
2026-03-07 17:49:30+00:00,21,21,3125140,44478,5274,549.0,12.0,2.0,54600.0
2026-03-07 17:50:00+00:00,21,21,3125544,44490,5276,404.0,12.0,2.0,54630.0
2026-03-07 17:50:30+00:00,21,21,3126594,44505,5276,1050.0,15.0,0.0,54660.0
2026-03-07 17:51:00+00:00,21,21,3130788,44519,5278,4194.0,14.0,2.0,54690.0
2026-03-07 17:51:30+00:00,21,21,3135055,44536,5279,4267.0,17.0,1.0,54720.0
2026-03-07 17:52:00+00:00,21,21,3136453,44555,5279,1398.0,19.0,0.0,54750.0
2026-03-07 17:52:30+00:00,21,21,3138740,44574,5280,2287.0,19.0,1.0,54780.0
2026-03-07 17:53:00+00:00,21,21,3138853,44591,5282,113.0,17.0,2.0,54810.0
2026-03-07 17:53:30+00:00,21,21,3141825,44610,5285,2999.0,19.0,3.0,54840.0
2026-03-07 17:54:00+00:00,21,21,3142035,44623,5288,210.0,13.0,3.0,54870.0
2026-03-07 17:54:30+00:00,21,21,3142754,44634,5290,719.0,11.0,2.0,54900.0
2026-03-07 17:55:00+00:00,21,21,3143181,44653,5290,427.0,19.0,0.0,54930.0
2026-03-07 17:55:30+00:00,21,21,3144220,44663,5297,1039.0,10.0,7.0,54960.0
2026-03-07 17:56:00+00:00,21,21,3153474,44682,5300,9254.0,19.0,3.0,54990.0
2026-03-07 17:56:30+00:00,21,21,3156800,44698,5302,3326.0,16.0,2.0,55020.0
2026-03-07 17:57:00+00:00,21,21,3157111,44718,5303,311.0,20.0,1.0,55050.0
2026-03-07 17:57:30+00:00,21,21,3158040,44732,5304,929.0,14.0,1.0,55080.0
2026-03-07 17:58:00+00:00,21,21,3158473,44745,5307,433.0,13.0,3.0,55110.0
2026-03-07 17:58:30+00:00,21,21,3160620,44762,5310,2147.0,17.0,3.0,55140.0
2026-03-07 17:59:00+00:00,21,21,3161447,44776,5312,827.0,14.0,2.0,55170.0
2026-03-07 17:59:30+00:00,21,21,3161703,44789,5312,256.0,13.0,0.0,55200.0
2026-03-07 18:00:00+00:00,21,21,3162729,44801,5312,1026.0,12.0,0.0,55230.0
2026-03-07 18:00:30+00:00,21,21,3163223,44815,5311,494.0,14.0,0.0,55260.0
2026-03-07 18:01:00+00:00,21,21,3163307,44827,5311,84.0,12.0,0.0,55290.0
2026-03-07 18:01:30+00:00,21,21,3174799,44846,5311,11492.0,19.0,0.0,55320.0
2026-03-07 18:02:00+00:00,21,21,3175981,44861,5315,1182.0,15.0,4.0,55350.0
2026-03-07 18:02:30+00:00,21,21,3176918,44873,5316,937.0,12.0,1.0,55380.0
2026-03-07 18:03:00+00:00,0,0,0,0,0,0.0,0.0,0.0,55410.0
2026-03-07 18:03:30+00:00,21,21,3177860,44881,5319,942.0,8.0,3.0,55440.0
2026-03-07 18:04:00+00:00,21,21,3179876,44901,5321,2016.0,20.0,2.0,55470.0
2026-03-07 18:04:30+00:00,21,21,3181153,44916,5324,1277.0,15.0,3.0,55500.0
2026-03-07 18:05:00+00:00,21,21,3181156,44929,5326,14.0,13.0,2.0,55530.0
2026-03-07 18:05:30+00:00,21,21,3181839,44946,5327,683.0,17.0,1.0,55560.0
2026-03-07 18:06:00+00:00,21,21,3188163,44960,5329,6324.0,14.0,2.0,55590.0
2026-03-07 18:06:30+00:00,21,21,3188891,44973,5332,728.0,13.0,3.0,55620.0
2026-03-07 18:07:00+00:00,21,21,3190543,44992,5333,1652.0,19.0,2.0,55650.0
2026-03-07 18:07:30+00:00,21,21,3191433,45010,5334,890.0,18.0,1.0,55680.0
2026-03-07 18:08:00+00:00,21,21,3191433,45031,5336,0.0,21.0,2.0,55710.0
2026-03-07 18:08:30+00:00,21,21,3193000,45045,5337,1567.0,15.0,1.0,55740.0
2026-03-07 18:09:00+00:00,21,21,3193415,45060,5341,415.0,15.0,4.0,55770.0
2026-03-07 18:09:30+00:00,21,21,3193930,45079,5341,515.0,19.0,0.0,55800.0
2026-03-07 18:10:00+00:00,21,21,3193930,45098,5342,0.0,19.0,1.0,55830.0
2026-03-07 18:10:30+00:00,21,21,3195041,45116,5342,1111.0,18.0,0.0,55860.0
2026-03-07 18:11:00+00:00,21,21,3200531,45126,5342,5490.0,10.0,0.0,55890.0
2026-03-07 18:11:30+00:00,21,21,3202402,45144,5343,1871.0,18.0,1.0,55920.0
2026-03-07 18:12:00+00:00,21,21,3202512,45162,5344,110.0,18.0,1.0,55950.0
2026-03-07 18:12:30+00:00,21,21,3203102,45174,5347,590.0,12.0,3.0,55980.0
2026-03-07 18:13:00+00:00,21,21,3203448,45193,5349,346.0,19.0,2.0,56010.0
2026-03-07 18:13:30+00:00,21,21,3204625,45204,5351,1177.0,11.0,2.0,56040.0
2026-03-07 18:14:00+00:00,21,21,3204791,45213,5352,166.0,9.0,1.0,56070.0
2026-03-07 18:14:30+00:00,21,21,3205046,45223,5353,517.0,10.0,1.0,56100.0
2026-03-07 18:15:00+00:00,21,21,3205046,45235,5355,0.0,12.0,2.0,56130.0
2026-03-07 18:15:30+00:00,21,21,3206172,45251,5359,1126.0,16.0,4.0,56160.0
2026-03-07 18:16:00+00:00,21,21,3211457,45266,5360,5285.0,15.0,1.0,56190.0
2026-03-07 18:16:30+00:00,21,21,3215898,45274,5362,4441.0,8.0,2.0,56220.0
2026-03-07 18:17:00+00:00,21,21,3216422,45282,5363,524.0,8.0,1.0,56250.0
2026-03-07 18:17:30+00:00,21,21,3217430,45295,5366,1008.0,13.0,3.0,56280.0
2026-03-07 18:18:00+00:00,21,21,3218065,45309,5367,635.0,14.0,1.0,56310.0
2026-03-07 18:18:30+00:00,21,21,3220152,45321,5368,2087.0,12.0,1.0,56340.0
2026-03-07 18:19:00+00:00,21,21,3220984,45330,5371,832.0,9.0,3.0,56370.0
2026-03-07 18:19:30+00:00,21,21,3221147,45344,5370,163.0,15.0,0.0,56400.0
2026-03-07 18:20:00+00:00,21,21,3222351,45353,5370,1204.0,9.0,0.0,56430.0
2026-03-07 18:20:30+00:00,21,21,3222351,45367,5371,0.0,14.0,1.0,56460.0
2026-03-07 18:21:00+00:00,21,21,3229414,45380,5372,7063.0,13.0,1.0,56490.0
2026-03-07 18:21:30+00:00,21,21,3231788,45391,5374,2374.0,11.0,2.0,56520.0
2026-03-07 18:22:00+00:00,21,21,3232266,45403,5376,478.0,12.0,2.0,56550.0
2026-03-07 18:22:30+00:00,21,21,3233392,45420,5377,1126.0,17.0,1.0,56580.0
2026-03-07 18:23:00+00:00,21,21,3235789,45436,5377,2397.0,16.0,0.0,56610.0
2026-03-07 18:23:30+00:00,21,21,3236224,45451,5378,435.0,15.0,1.0,56640.0
2026-03-07 18:24:00+00:00,0,0,0,0,0,0.0,0.0,0.0,56670.0
2026-03-07 18:24:30+00:00,21,21,3236789,45466,5382,565.0,15.0,4.0,56700.0
2026-03-07 18:25:00+00:00,21,21,3238079,45484,5385,1290.0,19.0,3.0,56730.0
2026-03-07 18:25:30+00:00,21,21,3238355,45494,5387,276.0,10.0,2.0,56760.0
2026-03-07 18:26:00+00:00,21,21,3238355,45511,5388,0.0,17.0,1.0,56790.0
2026-03-07 18:26:30+00:00,21,21,3247257,45523,5392,8902.0,12.0,4.0,56820.0
2026-03-07 18:27:00+00:00,21,21,3247596,45534,5393,339.0,11.0,1.0,56850.0
2026-03-07 18:27:30+00:00,21,21,3248330,45547,5394,734.0,13.0,1.0,56880.0
2026-03-07 18:28:00+00:00,21,21,3248905,45562,5395,575.0,15.0,1.0,56910.0
2026-03-07 18:28:30+00:00,21,21,3250290,45575,5396,1385.0,13.0,1.0,56940.0
2026-03-07 18:29:00+00:00,21,21,3250744,45588,5397,454.0,13.0,1.0,56970.0
2026-03-07 18:29:30+00:00,21,21,3251648,45601,5399,904.0,13.0,2.0,57000.0
2026-03-07 18:30:00+00:00,21,21,3251659,45613,5399,11.0,13.0,0.0,57030.0
2026-03-07 18:30:30+00:00,21,21,3252740,45631,5400,1081.0,18.0,1.0,57060.0
2026-03-07 18:31:00+00:00,21,21,3253122,45646,5401,382.0,15.0,1.0,57090.0
2026-03-07 18:31:30+00:00,21,21,3261706,45654,5403,8584.0,8.0,2.0,57120.0
2026-03-07 18:32:00+00:00,21,21,3262915,45668,5403,1209.0,14.0,0.0,57150.0
2026-03-07 18:32:30+00:00,21,21,3263363,45682,5404,448.0,14.0,1.0,57180.0
2026-03-07 18:33:00+00:00,21,21,3264331,45705,5409,968.0,23.0,5.0,57210.0
2026-03-07 18:33:30+00:00,21,21,3265577,45716,5410,1246.0,12.0,1.0,57240.0
2026-03-07 18:34:00+00:00,21,21,3265701,45735,5410,124.0,19.0,0.0,57270.0
2026-03-07 18:34:30+00:00,21,21,3266137,45749,5412,436.0,14.0,2.0,57300.0
2026-03-07 18:35:00+00:00,21,21,3266319,45769,5415,182.0,20.0,3.0,57330.0
2026-03-07 18:35:30+00:00,21,21,3266800,45778,5416,481.0,9.0,1.0,57360.0
2026-03-07 18:36:00+00:00,21,21,3270500,45787,5418,3700.0,9.0,2.0,57390.0
2026-03-07 18:36:30+00:00,21,21,3272823,45799,5418,2323.0,12.0,0.0,57420.0
2026-03-07 18:37:00+00:00,21,21,3272849,45813,5419,26.0,14.0,1.0,57450.0
2026-03-07 18:37:30+00:00,21,21,3273584,45827,5424,735.0,14.0,5.0,57480.0
2026-03-07 18:38:00+00:00,21,21,3273805,45840,5426,221.0,13.0,2.0,57510.0
2026-03-07 18:38:30+00:00,21,21,3275596,45856,5428,1791.0,16.0,2.0,57540.0
2026-03-07 18:39:00+00:00,21,21,3275914,45867,5428,318.0,12.0,0.0,57570.0
2026-03-07 18:39:30+00:00,21,21,3276104,45884,5429,190.0,17.0,1.0,57600.0
2026-03-07 18:40:00+00:00,21,21,3276939,45896,5432,835.0,12.0,3.0,57630.0
2026-03-07 18:40:30+00:00,21,21,3279105,45910,5435,2166.0,14.0,3.0,57660.0
2026-03-07 18:41:00+00:00,21,21,3283903,45921,5437,4798.0,11.0,2.0,57690.0
2026-03-07 18:41:30+00:00,21,21,3284407,45928,5439,504.0,7.0,2.0,57720.0
2026-03-07 18:42:00+00:00,21,21,3284664,45943,5440,257.0,15.0,1.0,57750.0
2026-03-07 18:42:30+00:00,21,21,3285346,45958,5441,682.0,15.0,1.0,57780.0
2026-03-07 18:43:00+00:00,21,21,3285548,45969,5442,202.0,11.0,1.0,57810.0
2026-03-07 18:43:30+00:00,21,21,3285777,45984,5443,229.0,15.0,1.0,57840.0
2026-03-07 18:44:00+00:00,21,21,3287688,45993,5444,1911.0,9.0,1.0,57870.0
2026-03-07 18:44:30+00:00,21,21,3288126,46003,5445,438.0,10.0,1.0,57900.0
2026-03-07 18:45:00+00:00,0,0,0,0,0,0.0,0.0,0.0,57930.0
2026-03-07 18:45:30+00:00,21,21,3289421,46018,5446,1295.0,15.0,1.0,57960.0
2026-03-07 18:46:00+00:00,21,21,3293444,46037,5448,4023.0,19.0,2.0,57990.0
2026-03-07 18:46:30+00:00,21,21,3296794,46050,5449,3350.0,13.0,1.0,58020.0
2026-03-07 18:47:00+00:00,21,21,3300411,46070,5450,3617.0,20.0,1.0,58050.0
2026-03-07 18:47:30+00:00,21,21,3301770,46081,5451,1359.0,11.0,1.0,58080.0
2026-03-07 18:48:00+00:00,21,21,3301880,46096,5453,110.0,15.0,2.0,58110.0
2026-03-07 18:48:30+00:00,21,21,3304575,46104,5455,2695.0,8.0,2.0,58140.0
2026-03-07 18:49:00+00:00,21,21,3304757,46120,5456,182.0,16.0,1.0,58170.0
2026-03-07 18:49:30+00:00,21,21,3305741,46134,5458,984.0,14.0,2.0,58200.0
2026-03-07 18:50:00+00:00,21,21,3306769,46143,5459,1028.0,9.0,1.0,58230.0
2026-03-07 18:50:30+00:00,21,21,3307163,46153,5461,394.0,10.0,2.0,58260.0
2026-03-07 18:51:00+00:00,21,21,3314753,46169,5464,7590.0,16.0,3.0,58290.0
2026-03-07 18:51:30+00:00,21,21,3316632,46187,5465,1879.0,18.0,1.0,58320.0
2026-03-07 18:52:00+00:00,21,21,3317863,46201,5468,1231.0,14.0,3.0,58350.0
2026-03-07 18:52:30+00:00,21,21,3318983,46214,5471,1120.0,13.0,3.0,58380.0
2026-03-07 18:53:00+00:00,21,21,3319454,46229,5474,471.0,15.0,3.0,58410.0
2026-03-07 18:53:30+00:00,21,21,3322153,46236,5475,2699.0,7.0,1.0,58440.0
2026-03-07 18:54:00+00:00,21,21,3322523,46241,5476,370.0,5.0,1.0,58470.0
2026-03-07 18:54:30+00:00,21,21,3323140,46253,5479,617.0,12.0,3.0,58500.0
2026-03-07 18:55:00+00:00,21,21,3324150,46264,5481,1010.0,11.0,2.0,58530.0
2026-03-07 18:55:30+00:00,21,21,3324647,46274,5483,497.0,10.0,2.0,58560.0
2026-03-07 18:56:00+00:00,21,21,3329191,46291,5483,4544.0,17.0,1.0,58590.0
2026-03-07 18:56:30+00:00,21,21,3334651,46307,5485,5460.0,16.0,2.0,58620.0
2026-03-07 18:57:00+00:00,21,21,3336774,46320,5486,2123.0,13.0,1.0,58650.0
2026-03-07 18:57:30+00:00,21,21,3336902,46331,5488,128.0,11.0,2.0,58680.0
2026-03-07 18:58:00+00:00,21,21,3338179,46345,5489,1277.0,14.0,1.0,58710.0
2026-03-07 18:58:30+00:00,21,21,3340133,46363,5490,1954.0,18.0,1.0,58740.0
2026-03-07 18:59:00+00:00,21,21,3341133,46371,5491,1000.0,8.0,1.0,58770.0
2026-03-07 18:59:30+00:00,21,21,3342068,46384,5494,935.0,13.0,3.0,58800.0
2026-03-07 19:00:00+00:00,21,21,3343226,46396,5495,1158.0,12.0,1.0,58830.0
2026-03-07 19:00:30+00:00,21,21,3343235,46406,5498,9.0,10.0,3.0,58860.0
2026-03-07 19:01:00+00:00,21,21,3348197,46415,5501,4962.0,9.0,3.0,58890.0
2026-03-07 19:01:30+00:00,21,21,3349905,46433,5505,1708.0,18.0,4.0,58920.0
2026-03-07 19:02:00+00:00,21,21,3350191,46446,5507,286.0,13.0,2.0,58950.0
2026-03-07 19:02:30+00:00,21,21,3350620,46453,5508,429.0,7.0,1.0,58980.0
2026-03-07 19:03:00+00:00,21,21,3350932,46466,5509,312.0,13.0,1.0,59010.0
2026-03-07 19:03:30+00:00,21,21,3352060,46479,5511,1128.0,13.0,2.0,59040.0
2026-03-07 19:04:00+00:00,21,21,3352288,46493,5513,228.0,14.0,2.0,59070.0
2026-03-07 19:04:30+00:00,21,21,3352560,46504,5515,272.0,11.0,2.0,59100.0
2026-03-07 19:05:00+00:00,21,21,3353289,46518,5520,729.0,14.0,5.0,59130.0
2026-03-07 19:05:30+00:00,0,0,0,0,0,0.0,0.0,0.0,59160.0
2026-03-07 19:06:00+00:00,21,21,3353539,46533,5521,250.0,15.0,1.0,59190.0
2026-03-07 19:06:30+00:00,21,21,3358779,46547,5524,5240.0,14.0,3.0,59220.0
2026-03-07 19:07:00+00:00,21,21,3359383,46558,5526,604.0,11.0,2.0,59250.0
2026-03-07 19:07:30+00:00,21,21,3360034,46571,5529,651.0,13.0,3.0,59280.0
2026-03-07 19:08:00+00:00,21,21,3360106,46578,5533,72.0,7.0,4.0,59310.0
2026-03-07 19:08:30+00:00,21,21,3360562,46587,5536,456.0,9.0,3.0,59340.0
2026-03-07 19:09:00+00:00,21,21,3362101,46603,5538,1539.0,16.0,2.0,59370.0
2026-03-07 19:09:30+00:00,21,21,3362469,46615,5538,368.0,12.0,0.0,59400.0
2026-03-07 19:10:00+00:00,21,21,3362770,46632,5538,301.0,17.0,0.0,59430.0
2026-03-07 19:10:30+00:00,21,21,3363516,46646,5538,746.0,14.0,0.0,59460.0
2026-03-07 19:11:00+00:00,21,21,3363516,46656,5538,0.0,10.0,0.0,59490.0
2026-03-07 19:11:30+00:00,21,21,3370404,46666,5539,6888.0,10.0,1.0,59520.0
2026-03-07 19:12:00+00:00,21,21,3372849,46679,5540,2445.0,13.0,1.0,59550.0
2026-03-07 19:12:30+00:00,21,21,3373788,46694,5540,939.0,15.0,0.0,59580.0
2026-03-07 19:13:00+00:00,21,21,3373853,46709,5542,65.0,15.0,2.0,59610.0
2026-03-07 19:13:30+00:00,21,21,3376401,46727,5544,2548.0,18.0,2.0,59640.0
2026-03-07 19:14:00+00:00,21,21,3376437,46738,5546,36.0,11.0,2.0,59670.0
2026-03-07 19:14:30+00:00,21,21,3377050,46748,5546,613.0,10.0,0.0,59700.0
2026-03-07 19:15:00+00:00,21,21,3378138,46763,5549,1088.0,15.0,3.0,59730.0
2026-03-07 19:15:30+00:00,21,21,3378425,46775,5550,287.0,12.0,1.0,59760.0
2026-03-07 19:16:00+00:00,21,21,3385678,46784,5551,7253.0,9.0,1.0,59790.0
2026-03-07 19:16:30+00:00,21,21,3387278,46795,5551,1600.0,11.0,0.0,59820.0
2026-03-07 19:17:00+00:00,21,21,3388248,46809,5551,970.0,14.0,0.0,59850.0
2026-03-07 19:17:30+00:00,21,21,3389168,46822,5552,920.0,13.0,1.0,59880.0
2026-03-07 19:18:00+00:00,21,21,3389610,46830,5552,442.0,8.0,0.0,59910.0
2026-03-07 19:18:30+00:00,21,21,3391720,46840,5552,2110.0,10.0,0.0,59940.0
2026-03-07 19:19:00+00:00,21,21,3391747,46854,5553,27.0,14.0,1.0,59970.0
2026-03-07 19:19:30+00:00,21,21,3392454,46872,5554,707.0,18.0,1.0,60000.0
2026-03-07 19:20:00+00:00,21,21,3393540,46884,5554,1086.0,12.0,0.0,60030.0
2026-03-07 19:20:30+00:00,21,21,3393863,46896,5555,323.0,12.0,1.0,60060.0
2026-03-07 19:21:00+00:00,21,21,3399571,46905,5557,5708.0,9.0,2.0,60090.0
2026-03-07 19:21:30+00:00,21,21,3402336,46923,5557,2765.0,18.0,0.0,60120.0
2026-03-07 19:22:00+00:00,21,21,3403179,46932,5561,843.0,9.0,4.0,60150.0
2026-03-07 19:22:30+00:00,21,21,3403253,46938,5561,74.0,6.0,0.0,60180.0
2026-03-07 19:23:00+00:00,21,21,3405532,46949,5562,2279.0,11.0,1.0,60210.0
2026-03-07 19:23:30+00:00,21,21,3405742,46958,5565,210.0,9.0,3.0,60240.0
2026-03-07 19:24:00+00:00,21,21,3405778,46969,5565,36.0,11.0,0.0,60270.0
2026-03-07 19:24:30+00:00,21,21,3406339,46978,5565,561.0,9.0,0.0,60300.0
2026-03-07 19:25:00+00:00,21,21,3407694,46989,5565,1355.0,11.0,0.0,60330.0
2026-03-07 19:25:30+00:00,21,21,3407934,47001,5567,240.0,12.0,2.0,60360.0
2026-03-07 19:26:00+00:00,21,21,3414718,47016,5567,6784.0,15.0,0.0,60390.0
2026-03-07 19:26:30+00:00,0,0,0,0,0,0.0,0.0,0.0,60420.0
2026-03-07 19:27:00+00:00,21,21,3418299,47029,5569,3581.0,13.0,2.0,60450.0
2026-03-07 19:27:30+00:00,21,21,3418625,47042,5570,326.0,13.0,1.0,60480.0
2026-03-07 19:28:00+00:00,21,21,3419045,47051,5571,420.0,9.0,1.0,60510.0
2026-03-07 19:28:30+00:00,21,21,3419365,47066,5573,320.0,15.0,2.0,60540.0
2026-03-07 19:29:00+00:00,21,21,3420198,47081,5573,833.0,15.0,0.0,60570.0
2026-03-07 19:29:30+00:00,21,21,3420644,47090,5574,446.0,9.0,1.0,60600.0
2026-03-07 19:30:00+00:00,21,21,3420644,47100,5574,0.0,10.0,0.0,60630.0
2026-03-07 19:30:30+00:00,21,21,3421255,47108,5576,611.0,8.0,2.0,60660.0
2026-03-07 19:31:00+00:00,21,21,3422282,47120,5577,1027.0,12.0,1.0,60690.0
2026-03-07 19:31:30+00:00,21,21,3424900,47132,5577,2618.0,12.0,0.0,60720.0
2026-03-07 19:32:00+00:00,21,21,3426054,47137,5578,1154.0,6.0,1.0,60750.0
2026-03-07 19:32:30+00:00,21,21,3426517,47149,5581,463.0,12.0,3.0,60780.0
2026-03-07 19:33:00+00:00,21,21,3426782,47157,5583,265.0,8.0,2.0,60810.0
2026-03-07 19:33:30+00:00,21,21,3428062,47166,5584,1280.0,10.0,1.0,60840.0
2026-03-07 19:34:00+00:00,21,21,3428184,47178,5584,122.0,12.0,0.0,60870.0
2026-03-07 19:34:30+00:00,21,21,3428556,47190,5585,372.0,13.0,1.0,60900.0
2026-03-07 19:35:00+00:00,21,21,3429530,47205,5585,974.0,16.0,0.0,60930.0
2026-03-07 19:35:30+00:00,21,21,3429530,47220,5586,0.0,15.0,1.0,60960.0
2026-03-07 19:36:00+00:00,21,21,3432569,47231,5586,3039.0,12.0,0.0,60990.0
2026-03-07 19:36:30+00:00,21,21,3435012,47244,5586,2443.0,13.0,0.0,61020.0
2026-03-07 19:37:00+00:00,21,21,3435201,47255,5587,189.0,11.0,1.0,61050.0
2026-03-07 19:37:30+00:00,21,21,3435829,47267,5588,628.0,12.0,1.0,61080.0
2026-03-07 19:38:00+00:00,21,21,3436088,47277,5588,259.0,10.0,0.0,61110.0
2026-03-07 19:38:30+00:00,21,21,3438408,47287,5589,2320.0,10.0,1.0,61140.0
2026-03-07 19:39:00+00:00,21,21,3438436,47297,5592,28.0,10.0,3.0,61170.0
2026-03-07 19:39:30+00:00,21,21,3439356,47305,5593,920.0,8.0,1.0,61200.0
2026-03-07 19:40:00+00:00,21,21,3440704,47316,5595,1348.0,11.0,3.0,61230.0
2026-03-07 19:40:30+00:00,21,21,3440704,47324,5597,0.0,8.0,2.0,61260.0
2026-03-07 19:41:00+00:00,21,21,3449161,47337,5598,8457.0,13.0,1.0,61290.0
2026-03-07 19:41:30+00:00,21,21,3450711,47344,5598,1550.0,7.0,0.0,61320.0
2026-03-07 19:42:00+00:00,21,21,3452271,47350,5598,1560.0,6.0,0.0,61350.0
2026-03-07 19:42:30+00:00,21,21,3452621,47357,5598,350.0,7.0,0.0,61380.0
2026-03-07 19:43:00+00:00,21,21,3453003,47374,5598,382.0,17.0,0.0,61410.0
2026-03-07 19:43:30+00:00,21,21,3454914,47389,5599,1911.0,15.0,1.0,61440.0
2026-03-07 19:44:00+00:00,21,21,3455575,47397,5600,661.0,8.0,1.0,61470.0
2026-03-07 19:44:30+00:00,21,21,3455817,47406,5603,242.0,9.0,3.0,61500.0
2026-03-07 19:45:00+00:00,21,21,3456752,47416,5603,935.0,10.0,0.0,61530.0
2026-03-07 19:45:30+00:00,21,21,3461323,47427,5604,4571.0,11.0,1.0,61560.0
2026-03-07 19:46:00+00:00,21,21,3464950,47436,5606,3627.0,9.0,2.0,61590.0
2026-03-07 19:46:30+00:00,0,0,0,0,0,0.0,0.0,0.0,61620.0
2026-03-07 19:47:00+00:00,21,21,3465608,47448,5608,658.0,12.0,2.0,61650.0
2026-03-07 19:47:30+00:00,21,21,3466248,47455,5608,640.0,7.0,0.0,61680.0
2026-03-07 19:48:00+00:00,21,21,3466538,47466,5609,290.0,12.0,1.0,61710.0
2026-03-07 19:48:30+00:00,21,21,3467085,47480,5611,547.0,14.0,2.0,61740.0
2026-03-07 19:49:00+00:00,21,21,3469139,47490,5612,2054.0,10.0,1.0,61770.0
2026-03-07 19:49:30+00:00,21,21,3469849,47503,5614,710.0,13.0,2.0,61800.0
2026-03-07 19:50:00+00:00,21,21,3470895,47512,5616,1046.0,9.0,2.0,61830.0
2026-03-07 19:50:30+00:00,21,21,3471221,47523,5618,326.0,12.0,2.0,61860.0
2026-03-07 19:51:00+00:00,21,21,3474995,47542,5619,3774.0,19.0,1.0,61890.0
2026-03-07 19:51:30+00:00,21,21,3478779,47550,5619,3784.0,8.0,0.0,61920.0
2026-03-07 19:52:00+00:00,21,21,3479666,47564,5619,887.0,14.0,0.0,61950.0
2026-03-07 19:52:30+00:00,21,21,3480671,47577,5620,1005.0,13.0,1.0,61980.0
2026-03-07 19:53:00+00:00,21,21,3481012,47588,5620,341.0,11.0,0.0,62010.0
2026-03-07 19:53:30+00:00,21,21,3481221,47597,5624,209.0,9.0,4.0,62040.0
2026-03-07 19:54:00+00:00,21,21,3482767,47608,5624,1546.0,11.0,0.0,62070.0
