timestep,rows_captured,unique_videos_captured,total_view_count,new_view_count,seconds_since_start
2026-03-07 02:39:30+00:00,1,1,0,0.0,0.0
2026-03-07 02:40:00+00:00,1,1,1,1.0,30.0
2026-03-07 02:40:30+00:00,1,1,42,41.0,60.0
2026-03-07 02:41:00+00:00,1,1,81,39.0,90.0
2026-03-07 02:41:30+00:00,1,1,115,34.0,120.0
2026-03-07 02:42:00+00:00,1,1,236,121.0,150.0
2026-03-07 02:42:30+00:00,1,1,348,112.0,180.0
2026-03-07 02:43:00+00:00,1,1,368,20.0,210.0
2026-03-07 02:43:30+00:00,1,1,489,121.0,240.0
2026-03-07 02:44:00+00:00,1,1,608,119.0,270.0
2026-03-07 02:44:30+00:00,1,1,750,142.0,300.0
2026-03-07 02:45:00+00:00,1,1,838,88.0,330.0
2026-03-07 02:45:30+00:00,2,2,971,133.0,360.0
2026-03-07 02:46:00+00:00,2,2,1207,236.0,390.0
2026-03-07 02:46:30+00:00,2,2,1241,34.0,420.0
2026-03-07 02:47:00+00:00,2,2,1327,86.0,450.0
2026-03-07 02:47:30+00:00,2,2,1651,324.0,480.0
2026-03-07 02:48:00+00:00,2,2,1729,78.0,510.0
2026-03-07 02:48:30+00:00,3,3,2048,318.0,540.0
2026-03-07 02:49:00+00:00,3,3,2078,30.0,570.0
2026-03-07 02:49:30+00:00,3,3,2281,203.0,600.0
2026-03-07 02:50:00+00:00,3,3,2624,343.0,630.0
2026-03-07 02:50:30+00:00,3,3,2747,123.0,660.0
2026-03-07 02:51:00+00:00,3,3,3262,515.0,690.0
2026-03-07 02:51:30+00:00,3,3,3434,172.0,720.0
2026-03-07 02:52:00+00:00,3,3,3744,310.0,750.0
2026-03-07 02:52:30+00:00,3,3,4313,569.0,780.0
2026-03-07 02:53:00+00:00,3,3,4855,542.0,810.0
2026-03-07 02:53:30+00:00,3,3,5557,702.0,840.0
2026-03-07 02:54:00+00:00,3,3,5758,201.0,870.0
2026-03-07 02:54:30+00:00,3,3,6341,583.0,900.0
2026-03-07 02:55:00+00:00,3,3,7019,678.0,930.0
2026-03-07 02:55:30+00:00,3,3,7428,409.0,960.0
2026-03-07 02:56:00+00:00,3,3,8194,766.0,990.0
2026-03-07 02:56:30+00:00,3,3,8494,300.0,1020.0
2026-03-07 02:57:00+00:00,3,3,8855,361.0,1050.0
2026-03-07 02:57:30+00:00,3,3,9042,187.0,1080.0
2026-03-07 02:58:00+00:00,3,3,10064,1022.0,1110.0
2026-03-07 02:58:30+00:00,3,3,10346,282.0,1140.0
2026-03-07 02:59:00+00:00,0,0,0,0.0,1170.0
2026-03-07 02:59:30+00:00,3,3,11283,937.0,1200.0
2026-03-07 03:00:00+00:00,4,4,11679,396.0,1230.0
2026-03-07 03:00:30+00:00,4,4,11824,145.0,1260.0
2026-03-07 03:01:00+00:00,4,4,12991,1167.0,1290.0
2026-03-07 03:01:30+00:00,4,4,13748,757.0,1320.0
2026-03-07 03:02:00+00:00,4,4,14581,833.0,1350.0
2026-03-07 03:02:30+00:00,4,4,14691,110.0,1380.0
2026-03-07 03:03:00+00:00,4,4,16139,1448.0,1410.0
2026-03-07 03:03:30+00:00,4,4,16533,394.0,1440.0
2026-03-07 03:04:00+00:00,4,4,17896,1363.0,1470.0
2026-03-07 03:04:30+00:00,4,4,18616,720.0,1500.0
2026-03-07 03:05:00+00:00,4,4,18969,353.0,1530.0
2026-03-07 03:05:30+00:00,4,4,20666,1697.0,1560.0
2026-03-07 03:06:00+00:00,4,4,21187,521.0,1590.0
2026-03-07 03:06:30+00:00,4,4,22961,1774.0,1620.0
2026-03-07 03:07:00+00:00,4,4,23528,567.0,1650.0
2026-03-07 03:07:30+00:00,4,4,25193,1665.0,1680.0
2026-03-07 03:08:00+00:00,4,4,25987,794.0,1710.0
2026-03-07 03:08:30+00:00,4,4,26761,774.0,1740.0
2026-03-07 03:09:00+00:00,4,4,28360,1599.0,1770.0
2026-03-07 03:09:30+00:00,4,4,29529,1169.0,1800.0
2026-03-07 03:10:00+00:00,4,4,30278,749.0,1830.0
2026-03-07 03:10:30+00:00,4,4,31938,1660.0,1860.0
2026-03-07 03:11:00+00:00,4,4,32623,685.0,1890.0
2026-03-07 03:11:30+00:00,4,4,33487,864.0,1920.0
2026-03-07 03:12:00+00:00,4,4,35227,1740.0,1950.0
2026-03-07 03:12:30+00:00,4,4,36393,1166.0,1980.0
2026-03-07 03:13:00+00:00,4,4,37104,711.0,2010.0
2026-03-07 03:13:30+00:00,4,4,38711,1607.0,2040.0
2026-03-07 03:14:00+00:00,4,4,39044,333.0,2070.0
2026-03-07 03:14:30+00:00,4,4,40686,1642.0,2100.0
2026-03-07 03:15:00+00:00,4,4,41707,1021.0,2130.0
2026-03-07 03:15:30+00:00,4,4,43608,1901.0,2160.0
2026-03-07 03:16:00+00:00,4,4,44203,595.0,2190.0
2026-03-07 03:16:30+00:00,4,4,45189,986.0,2220.0
2026-03-07 03:17:00+00:00,4,4,46321,1132.0,2250.0
2026-03-07 03:17:30+00:00,4,4,47443,1122.0,2280.0
2026-03-07 03:18:00+00:00,4,4,48065,622.0,2310.0
2026-03-07 03:18:30+00:00,4,4,49652,1587.0,2340.0
2026-03-07 03:19:00+00:00,4,4,50204,552.0,2370.0
2026-03-07 03:19:30+00:00,4,4,50871,667.0,2400.0
2026-03-07 03:20:00+00:00,4,4,52378,1507.0,2430.0
2026-03-07 03:20:30+00:00,4,4,52893,515.0,2460.0
2026-03-07 03:21:00+00:00,4,4,54789,1896.0,2490.0
2026-03-07 03:21:30+00:00,4,4,55524,735.0,2520.0
2026-03-07 03:22:00+00:00,4,4,56450,926.0,2550.0
2026-03-07 03:22:30+00:00,4,4,57574,1124.0,2580.0
2026-03-07 03:23:00+00:00,4,4,58429,855.0,2610.0
2026-03-07 03:23:30+00:00,0,0,0,0.0,2640.0
2026-03-07 03:24:00+00:00,4,4,59418,989.0,2670.0
2026-03-07 03:24:30+00:00,4,4,60342,924.0,2700.0
2026-03-07 03:25:00+00:00,4,4,61003,661.0,2730.0
2026-03-07 03:25:30+00:00,4,4,62012,1009.0,2760.0
2026-03-07 03:26:00+00:00,4,4,63018,1006.0,2790.0
2026-03-07 03:26:30+00:00,4,4,64349,1331.0,2820.0
2026-03-07 03:27:00+00:00,4,4,64898,549.0,2850.0
2026-03-07 03:27:30+00:00,4,4,65697,799.0,2880.0
2026-03-07 03:28:00+00:00,4,4,66795,1098.0,2910.0
2026-03-07 03:28:30+00:00,4,4,67558,763.0,2940.0
2026-03-07 03:29:00+00:00,4,4,68170,612.0,2970.0
2026-03-07 03:29:30+00:00,4,4,69618,1448.0,3000.0
2026-03-07 03:30:00+00:00,4,4,70960,1342.0,3030.0
2026-03-07 03:30:30+00:00,4,4,71564,604.0,3060.0
2026-03-07 03:31:00+00:00,4,4,72483,919.0,3090.0
2026-03-07 03:31:30+00:00,4,4,73610,1127.0,3120.0
2026-03-07 03:32:00+00:00,4,4,74253,643.0,3150.0
2026-03-07 03:32:30+00:00,4,4,75555,1302.0,3180.0
2026-03-07 03:33:00+00:00,4,4,76409,854.0,3210.0
2026-03-07 03:33:30+00:00,4,4,77016,607.0,3240.0
2026-03-07 03:34:00+00:00,4,4,78293,1277.0,3270.0
2026-03-07 03:34:30+00:00,4,4,78710,417.0,3300.0
2026-03-07 03:35:00+00:00,4,4,80319,1609.0,3330.0
2026-03-07 03:35:30+00:00,4,4,81045,726.0,3360.0
2026-03-07 03:36:00+00:00,4,4,81550,505.0,3390.0
2026-03-07 03:36:30+00:00,4,4,82420,870.0,3420.0
2026-03-07 03:37:00+00:00,4,4,83587,1167.0,3450.0
2026-03-07 03:37:30+00:00,4,4,84548,961.0,3480.0
2026-03-07 03:38:00+00:00,4,4,85524,976.0,3510.0
2026-03-07 03:38:30+00:00,4,4,86047,523.0,3540.0
2026-03-07 03:39:00+00:00,4,4,87222,1175.0,3570.0
2026-03-07 03:39:30+00:00,4,4,87904,682.0,3600.0
2026-03-07 03:40:00+00:00,4,4,89335,1431.0,3630.0
2026-03-07 03:40:30+00:00,4,4,89816,481.0,3660.0
2026-03-07 03:41:00+00:00,4,4,90160,344.0,3690.0
2026-03-07 03:41:30+00:00,4,4,91399,1239.0,3720.0
2026-03-07 03:42:00+00:00,4,4,92041,642.0,3750.0
2026-03-07 03:42:30+00:00,4,4,92963,922.0,3780.0
2026-03-07 03:43:00+00:00,4,4,93590,627.0,3810.0
2026-03-07 03:43:30+00:00,4,4,93952,362.0,3840.0
2026-03-07 03:44:00+00:00,4,4,95058,1106.0,3870.0
2026-03-07 03:44:30+00:00,4,4,95837,779.0,3900.0
2026-03-07 03:45:00+00:00,4,4,96490,653.0,3930.0
2026-03-07 03:45:30+00:00,5,5,97480,990.0,3960.0
2026-03-07 03:46:00+00:00,5,5,98258,778.0,3990.0
2026-03-07 03:46:30+00:00,5,5,99125,867.0,4020.0
2026-03-07 03:47:00+00:00,5,5,99830,705.0,4050.0
2026-03-07 03:47:30+00:00,5,5,101093,1263.0,4080.0
2026-03-07 03:48:00+00:00,5,5,101664,571.0,4110.0
2026-03-07 03:48:30+00:00,5,5,102189,525.0,4140.0
2026-03-07 03:49:00+00:00,0,0,0,0.0,4170.0
2026-03-07 03:49:30+00:00,5,5,103502,1313.0,4200.0
2026-03-07 03:50:00+00:00,5,5,103838,336.0,4230.0
2026-03-07 03:50:30+00:00,5,5,104300,462.0,4260.0
2026-03-07 03:51:00+00:00,5,5,105691,1391.0,4290.0
2026-03-07 03:51:30+00:00,5,5,106286,595.0,4320.0
2026-03-07 03:52:00+00:00,5,5,107258,972.0,4350.0
2026-03-07 03:52:30+00:00,5,5,107821,563.0,4380.0
2026-03-07 03:53:00+00:00,5,5,109420,1599.0,4410.0
2026-03-07 03:53:30+00:00,5,5,109923,503.0,4440.0
2026-03-07 03:54:00+00:00,5,5,110429,506.0,4470.0
2026-03-07 03:54:30+00:00,5,5,111671,1242.0,4500.0
2026-03-07 03:55:00+00:00,5,5,112332,661.0,4530.0
2026-03-07 03:55:30+00:00,5,5,113347,1015.0,4560.0
2026-03-07 03:56:00+00:00,5,5,114175,828.0,4590.0
2026-03-07 03:56:30+00:00,5,5,114320,145.0,4620.0
2026-03-07 03:57:00+00:00,5,5,114973,653.0,4650.0
2026-03-07 03:57:30+00:00,5,5,116293,1320.0,4680.0
2026-03-07 03:58:00+00:00,5,5,117361,1068.0,4710.0
2026-03-07 03:58:30+00:00,5,5,118248,887.0,4740.0
2026-03-07 03:59:00+00:00,5,5,118630,382.0,4770.0
2026-03-07 03:59:30+00:00,5,5,119988,1358.0,4800.0
2026-03-07 04:00:00+00:00,5,5,120649,661.0,4830.0
2026-03-07 04:00:30+00:00,5,5,121484,835.0,4860.0
2026-03-07 04:01:00+00:00,5,5,122283,799.0,4890.0
2026-03-07 04:01:30+00:00,5,5,123049,766.0,4920.0
2026-03-07 04:02:00+00:00,5,5,123929,880.0,4950.0
2026-03-07 04:02:30+00:00,5,5,124707,778.0,4980.0
2026-03-07 04:03:00+00:00,5,5,125662,955.0,5010.0
2026-03-07 04:03:30+00:00,5,5,126221,559.0,5040.0
2026-03-07 04:04:00+00:00,5,5,127288,1067.0,5070.0
2026-03-07 04:04:30+00:00,5,5,127818,530.0,5100.0
2026-03-07 04:05:00+00:00,5,5,128343,525.0,5130.0
2026-03-07 04:05:30+00:00,5,5,129250,907.0,5160.0
2026-03-07 04:06:00+00:00,5,5,130345,1095.0,5190.0
2026-03-07 04:06:30+00:00,5,5,131061,716.0,5220.0
2026-03-07 04:07:00+00:00,5,5,131927,866.0,5250.0
2026-03-07 04:07:30+00:00,5,5,132724,797.0,5280.0
2026-03-07 04:08:00+00:00,5,5,133269,545.0,5310.0
2026-03-07 04:08:30+00:00,5,5,134439,1170.0,5340.0
2026-03-07 04:09:00+00:00,5,5,134624,185.0,5370.0
2026-03-07 04:09:30+00:00,5,5,135541,917.0,5400.0
2026-03-07 04:10:00+00:00,5,5,135834,293.0,5430.0
2026-03-07 04:10:30+00:00,5,5,136939,1105.0,5460.0
2026-03-07 04:11:00+00:00,5,5,137321,382.0,5490.0
2026-03-07 04:11:30+00:00,5,5,138439,1118.0,5520.0
2026-03-07 04:12:00+00:00,5,5,138737,298.0,5550.0
2026-03-07 04:12:30+00:00,6,6,140274,1536.0,5580.0
2026-03-07 04:13:00+00:00,6,6,140827,553.0,5610.0
2026-03-07 04:13:30+00:00,6,6,141553,726.0,5640.0
2026-03-07 04:14:00+00:00,6,6,142059,506.0,5670.0
2026-03-07 04:14:30+00:00,0,0,0,0.0,5700.0
2026-03-07 04:15:00+00:00,6,6,142986,927.0,5730.0
2026-03-07 04:15:30+00:00,6,6,143997,1011.0,5760.0
2026-03-07 04:16:00+00:00,6,6,144427,430.0,5790.0
2026-03-07 04:16:30+00:00,6,6,145106,679.0,5820.0
2026-03-07 04:17:00+00:00,6,6,146224,1118.0,5850.0
2026-03-07 04:17:30+00:00,6,6,146396,172.0,5880.0
2026-03-07 04:18:00+00:00,6,6,147530,1134.0,5910.0
2026-03-07 04:18:30+00:00,6,6,148153,623.0,5940.0
2026-03-07 04:19:00+00:00,6,6,149030,877.0,5970.0
2026-03-07 04:19:30+00:00,6,6,149763,733.0,6000.0
2026-03-07 04:20:00+00:00,6,6,150178,415.0,6030.0
2026-03-07 04:20:30+00:00,6,6,151075,897.0,6060.0
2026-03-07 04:21:00+00:00,6,6,151584,509.0,6090.0
2026-03-07 04:21:30+00:00,6,6,152561,977.0,6120.0
2026-03-07 04:22:00+00:00,6,6,153011,450.0,6150.0
2026-03-07 04:22:30+00:00,6,6,153369,358.0,6180.0
2026-03-07 04:23:00+00:00,6,6,154115,746.0,6210.0
2026-03-07 04:23:30+00:00,6,6,154722,607.0,6240.0
2026-03-07 04:24:00+00:00,6,6,155490,768.0,6270.0
2026-03-07 04:24:30+00:00,6,6,156170,680.0,6300.0
2026-03-07 04:25:00+00:00,6,6,156656,486.0,6330.0
2026-03-07 04:25:30+00:00,6,6,157448,792.0,6360.0
2026-03-07 04:26:00+00:00,6,6,157885,437.0,6390.0
2026-03-07 04:26:30+00:00,6,6,158898,1013.0,6420.0
2026-03-07 04:27:00+00:00,6,6,159385,487.0,6450.0
2026-03-07 04:27:30+00:00,6,6,160529,1144.0,6480.0
2026-03-07 04:28:00+00:00,6,6,160866,337.0,6510.0
2026-03-07 04:28:30+00:00,6,6,161914,1048.0,6540.0
2026-03-07 04:29:00+00:00,6,6,162366,452.0,6570.0
2026-03-07 04:29:30+00:00,6,6,162953,587.0,6600.0
2026-03-07 04:30:00+00:00,6,6,163854,901.0,6630.0
2026-03-07 04:30:30+00:00,6,6,164204,350.0,6660.0
2026-03-07 04:31:00+00:00,6,6,165133,929.0,6690.0
2026-03-07 04:31:30+00:00,6,6,165770,637.0,6720.0
2026-03-07 04:32:00+00:00,6,6,166870,1100.0,6750.0
2026-03-07 04:32:30+00:00,6,6,167203,333.0,6780.0
2026-03-07 04:33:00+00:00,6,6,168226,1023.0,6810.0
2026-03-07 04:33:30+00:00,6,6,168878,652.0,6840.0
2026-03-07 04:34:00+00:00,6,6,169327,449.0,6870.0
2026-03-07 04:34:30+00:00,6,6,170580,1253.0,6900.0
2026-03-07 04:35:00+00:00,6,6,170915,335.0,6930.0
2026-03-07 04:35:30+00:00,6,6,171510,595.0,6960.0
2026-03-07 04:36:00+00:00,6,6,172005,495.0,6990.0
2026-03-07 04:36:30+00:00,6,6,172308,303.0,7020.0
2026-03-07 04:37:00+00:00,6,6,173815,1507.0,7050.0
2026-03-07 04:37:30+00:00,6,6,174007,192.0,7080.0
2026-03-07 04:38:00+00:00,6,6,174669,662.0,7110.0
2026-03-07 04:38:30+00:00,0,0,0,0.0,7140.0
2026-03-07 04:39:00+00:00,6,6,175898,1229.0,7170.0
2026-03-07 04:39:30+00:00,6,6,176779,881.0,7200.0
2026-03-07 04:40:00+00:00,7,7,177181,402.0,7230.0
2026-03-07 04:40:30+00:00,7,7,177495,314.0,7260.0
2026-03-07 04:41:00+00:00,7,7,178203,708.0,7290.0
2026-03-07 04:41:30+00:00,7,7,178783,580.0,7320.0
2026-03-07 04:42:00+00:00,7,7,179406,623.0,7350.0
2026-03-07 04:42:30+00:00,7,7,182500,3094.0,7380.0
2026-03-07 04:43:00+00:00,7,7,182893,393.0,7410.0
2026-03-07 04:43:30+00:00,7,7,185718,2825.0,7440.0
2026-03-07 04:44:00+00:00,7,7,186505,787.0,7470.0
2026-03-07 04:44:30+00:00,7,7,188217,1712.0,7500.0
2026-03-07 04:45:00+00:00,7,7,189139,922.0,7530.0
2026-03-07 04:45:30+00:00,7,7,189611,472.0,7560.0
2026-03-07 04:46:00+00:00,7,7,190683,1072.0,7590.0
2026-03-07 04:46:30+00:00,7,7,191525,842.0,7620.0
2026-03-07 04:47:00+00:00,7,7,193924,2399.0,7650.0
2026-03-07 04:47:30+00:00,7,7,195155,1231.0,7680.0
2026-03-07 04:48:00+00:00,7,7,195810,655.0,7710.0
2026-03-07 04:48:30+00:00,7,7,197933,2123.0,7740.0
2026-03-07 04:49:00+00:00,7,7,198852,919.0,7770.0
2026-03-07 04:49:30+00:00,7,7,200992,2140.0,7800.0
2026-03-07 04:50:00+00:00,7,7,202146,1154.0,7830.0
2026-03-07 04:50:30+00:00,7,7,203429,1283.0,7860.0
2026-03-07 04:51:00+00:00,7,7,204230,801.0,7890.0
2026-03-07 04:51:30+00:00,7,7,204918,688.0,7920.0
2026-03-07 04:52:00+00:00,7,7,206920,2002.0,7950.0
2026-03-07 04:52:30+00:00,7,7,208120,1200.0,7980.0
2026-03-07 04:53:00+00:00,7,7,209377,1257.0,8010.0
2026-03-07 04:53:30+00:00,7,7,211653,2276.0,8040.0
2026-03-07 04:54:00+00:00,7,7,213048,1395.0,8070.0
2026-03-07 04:54:30+00:00,7,7,213908,860.0,8100.0
2026-03-07 04:55:00+00:00,7,7,214555,647.0,8130.0
2026-03-07 04:55:30+00:00,7,7,215891,1336.0,8160.0
2026-03-07 04:56:00+00:00,7,7,216689,798.0,8190.0
2026-03-07 04:56:30+00:00,8,8,217814,1125.0,8220.0
2026-03-07 04:57:00+00:00,8,8,220554,2740.0,8250.0
2026-03-07 04:57:30+00:00,8,8,221485,931.0,8280.0
2026-03-07 04:58:00+00:00,8,8,221736,251.0,8310.0
2026-03-07 04:58:30+00:00,8,8,224790,3054.0,8340.0
2026-03-07 04:59:00+00:00,8,8,225653,863.0,8370.0
2026-03-07 04:59:30+00:00,8,8,226664,1011.0,8400.0
2026-03-07 05:00:00+00:00,8,8,227931,1267.0,8430.0
2026-03-07 05:00:30+00:00,8,8,228744,813.0,8460.0
2026-03-07 05:01:00+00:00,8,8,229154,410.0,8490.0
2026-03-07 05:01:30+00:00,8,8,230659,1505.0,8520.0
2026-03-07 05:02:00+00:00,8,8,232424,1765.0,8550.0
2026-03-07 05:02:30+00:00,8,8,233890,1466.0,8580.0
2026-03-07 05:03:00+00:00,0,0,0,0.0,8610.0
2026-03-07 05:03:30+00:00,8,8,235790,1900.0,8640.0
2026-03-07 05:04:00+00:00,8,8,237739,1949.0,8670.0
2026-03-07 05:04:30+00:00,8,8,238830,1091.0,8700.0
2026-03-07 05:05:00+00:00,8,8,240426,1596.0,8730.0
2026-03-07 05:05:30+00:00,8,8,240779,353.0,8760.0
2026-03-07 05:06:00+00:00,8,8,241682,903.0,8790.0
2026-03-07 05:06:30+00:00,8,8,242469,787.0,8820.0
2026-03-07 05:07:00+00:00,8,8,244608,2139.0,8850.0
2026-03-07 05:07:30+00:00,8,8,245728,1120.0,8880.0
2026-03-07 05:08:00+00:00,8,8,246372,644.0,8910.0
2026-03-07 05:08:30+00:00,8,8,250955,4583.0,8940.0
2026-03-07 05:09:00+00:00,8,8,251936,981.0,8970.0
2026-03-07 05:09:30+00:00,8,8,253407,1471.0,9000.0
2026-03-07 05:10:00+00:00,8,8,253807,400.0,9030.0
2026-03-07 05:10:30+00:00,8,8,255084,1277.0,9060.0
2026-03-07 05:11:00+00:00,8,8,255267,183.0,9090.0
2026-03-07 05:11:30+00:00,8,8,256667,1400.0,9120.0
2026-03-07 05:12:00+00:00,8,8,257051,384.0,9150.0
2026-03-07 05:12:30+00:00,8,8,260302,3251.0,9180.0
2026-03-07 05:13:00+00:00,8,8,260740,438.0,9210.0
2026-03-07 05:13:30+00:00,8,8,264714,3974.0,9240.0
2026-03-07 05:14:00+00:00,8,8,266133,1419.0,9270.0
2026-03-07 05:14:30+00:00,8,8,266704,571.0,9300.0
2026-03-07 05:15:00+00:00,8,8,267997,1293.0,9330.0
2026-03-07 05:15:30+00:00,9,9,268633,636.0,9360.0
2026-03-07 05:16:00+00:00,9,9,268939,306.0,9390.0
2026-03-07 05:16:30+00:00,9,9,269932,993.0,9420.0
2026-03-07 05:17:00+00:00,9,9,272244,2312.0,9450.0
2026-03-07 05:17:30+00:00,9,9,273012,768.0,9480.0
2026-03-07 05:18:00+00:00,9,9,275712,2700.0,9510.0
2026-03-07 05:18:30+00:00,9,9,278153,2441.0,9540.0
2026-03-07 05:19:00+00:00,9,9,278848,695.0,9570.0
2026-03-07 05:19:30+00:00,9,9,279860,1012.0,9600.0
2026-03-07 05:20:00+00:00,9,9,280657,797.0,9630.0
2026-03-07 05:20:30+00:00,9,9,281720,1063.0,9660.0
2026-03-07 05:21:00+00:00,9,9,282576,856.0,9690.0
2026-03-07 05:21:30+00:00,9,9,282997,421.0,9720.0
2026-03-07 05:22:00+00:00,9,9,285224,2227.0,9750.0
2026-03-07 05:22:30+00:00,10,10,286505,1281.0,9780.0
2026-03-07 05:23:00+00:00,10,10,287084,579.0,9810.0
2026-03-07 05:23:30+00:00,10,10,291359,4275.0,9840.0
2026-03-07 05:24:00+00:00,10,10,292163,804.0,9870.0
2026-03-07 05:24:30+00:00,10,10,293039,876.0,9900.0
2026-03-07 05:25:00+00:00,10,10,294257,1218.0,9930.0
2026-03-07 05:25:30+00:00,10,10,295278,1021.0,9960.0
2026-03-07 05:26:00+00:00,10,10,296525,1247.0,9990.0
2026-03-07 05:26:30+00:00,10,10,297605,1080.0,10020.0
2026-03-07 05:27:00+00:00,10,10,300874,3269.0,10050.0
2026-03-07 05:27:30+00:00,0,0,0,0.0,10080.0
2026-03-07 05:28:00+00:00,10,10,301803,929.0,10110.0
2026-03-07 05:28:30+00:00,10,10,302278,475.0,10140.0
2026-03-07 05:29:00+00:00,10,10,306517,4239.0,10170.0
2026-03-07 05:29:30+00:00,10,10,307561,1044.0,10200.0
2026-03-07 05:30:00+00:00,10,10,308239,678.0,10230.0
2026-03-07 05:30:30+00:00,10,10,309944,1705.0,10260.0
2026-03-07 05:31:00+00:00,10,10,310875,931.0,10290.0
2026-03-07 05:31:30+00:00,10,10,312264,1389.0,10320.0
2026-03-07 05:32:00+00:00,10,10,314328,2064.0,10350.0
2026-03-07 05:32:30+00:00,10,10,315290,962.0,10380.0
2026-03-07 05:33:00+00:00,11,11,317432,2142.0,10410.0
2026-03-07 05:33:30+00:00,11,11,320941,3509.0,10440.0
2026-03-07 05:34:00+00:00,11,11,322611,1670.0,10470.0
2026-03-07 05:34:30+00:00,12,12,323455,844.0,10500.0
2026-03-07 05:35:00+00:00,12,12,325049,1594.0,10530.0
2026-03-07 05:35:30+00:00,12,12,325929,880.0,10560.0
2026-03-07 05:36:00+00:00,12,12,326882,953.0,10590.0
2026-03-07 05:36:30+00:00,12,12,328445,1563.0,10620.0
2026-03-07 05:37:00+00:00,12,12,331118,2673.0,10650.0
2026-03-07 05:37:30+00:00,12,12,332859,1741.0,10680.0
2026-03-07 05:38:00+00:00,12,12,333792,933.0,10710.0
2026-03-07 05:38:30+00:00,12,12,338965,5173.0,10740.0
2026-03-07 05:39:00+00:00,12,12,340243,1278.0,10770.0
2026-03-07 05:39:30+00:00,12,12,341542,1299.0,10800.0
2026-03-07 05:40:00+00:00,12,12,342509,967.0,10830.0
2026-03-07 05:40:30+00:00,12,12,344472,1963.0,10860.0
2026-03-07 05:41:00+00:00,12,12,345086,614.0,10890.0
2026-03-07 05:41:30+00:00,12,12,346925,1839.0,10920.0
2026-03-07 05:42:00+00:00,12,12,348682,1757.0,10950.0
2026-03-07 05:42:30+00:00,12,12,353774,5092.0,10980.0
2026-03-07 05:43:00+00:00,12,12,360088,6314.0,11010.0
2026-03-07 05:43:30+00:00,12,12,361574,1486.0,11040.0
2026-03-07 05:44:00+00:00,12,12,362673,1099.0,11070.0
2026-03-07 05:44:30+00:00,12,12,364489,1816.0,11100.0
2026-03-07 05:45:00+00:00,12,12,365492,1003.0,11130.0
2026-03-07 05:45:30+00:00,12,12,366882,1390.0,11160.0
2026-03-07 05:46:00+00:00,12,12,368667,1785.0,11190.0
2026-03-07 05:46:30+00:00,12,12,370256,1589.0,11220.0
2026-03-07 05:47:00+00:00,12,12,373379,3123.0,11250.0
2026-03-07 05:47:30+00:00,12,12,375609,2230.0,11280.0
2026-03-07 05:48:00+00:00,12,12,381024,5415.0,11310.0
2026-03-07 05:48:30+00:00,12,12,383225,2201.0,11340.0
2026-03-07 05:49:00+00:00,12,12,384977,1752.0,11370.0
2026-03-07 05:49:30+00:00,12,12,386280,1303.0,11400.0
2026-03-07 05:50:00+00:00,12,12,387463,1183.0,11430.0
2026-03-07 05:50:30+00:00,0,0,0,0.0,11460.0
2026-03-07 05:51:00+00:00,12,12,388786,1323.0,11490.0
2026-03-07 05:51:30+00:00,12,12,390347,1561.0,11520.0
2026-03-07 05:52:00+00:00,12,12,391947,1600.0,11550.0
2026-03-07 05:52:30+00:00,12,12,395868,3921.0,11580.0
2026-03-07 05:53:00+00:00,12,12,396780,912.0,11610.0
2026-03-07 05:53:30+00:00,12,12,402536,5756.0,11640.0
2026-03-07 05:54:00+00:00,12,12,404053,1517.0,11670.0
2026-03-07 05:54:30+00:00,12,12,405518,1465.0,11700.0
2026-03-07 05:55:00+00:00,12,12,406906,1388.0,11730.0
2026-03-07 05:55:30+00:00,12,12,407297,391.0,11760.0
2026-03-07 05:56:00+00:00,12,12,408057,760.0,11790.0
2026-03-07 05:56:30+00:00,12,12,409767,1710.0,11820.0
2026-03-07 05:57:00+00:00,12,12,413897,4130.0,11850.0
2026-03-07 05:57:30+00:00,12,12,415852,1955.0,11880.0
2026-03-07 05:58:00+00:00,12,12,416809,957.0,11910.0
2026-03-07 05:58:30+00:00,12,12,422144,5335.0,11940.0
2026-03-07 05:59:00+00:00,12,12,422866,722.0,11970.0
2026-03-07 05:59:30+00:00,12,12,424784,1918.0,12000.0
2026-03-07 06:00:00+00:00,12,12,425842,1058.0,12030.0
2026-03-07 06:00:30+00:00,12,12,426517,675.0,12060.0
2026-03-07 06:01:00+00:00,12,12,427873,1356.0,12090.0
2026-03-07 06:01:30+00:00,12,12,428961,1088.0,12120.0
2026-03-07 06:02:00+00:00,12,12,431886,2925.0,12150.0
2026-03-07 06:02:30+00:00,12,12,433924,2038.0,12180.0
2026-03-07 06:03:00+00:00,12,12,434472,548.0,12210.0
2026-03-07 06:03:30+00:00,12,12,440547,6075.0,12240.0
2026-03-07 06:04:00+00:00,12,12,441528,981.0,12270.0
2026-03-07 06:04:30+00:00,12,12,442992,1464.0,12300.0
2026-03-07 06:05:00+00:00,12,12,444065,1073.0,12330.0
2026-03-07 06:05:30+00:00,12,12,444723,658.0,12360.0
2026-03-07 06:06:00+00:00,12,12,446157,1434.0,12390.0
2026-03-07 06:06:30+00:00,12,12,447833,1676.0,12420.0
2026-03-07 06:07:00+00:00,12,12,451415,3582.0,12450.0
2026-03-07 06:07:30+00:00,12,12,452280,865.0,12480.0
2026-03-07 06:08:00+00:00,12,12,452680,400.0,12510.0
2026-03-07 06:08:30+00:00,12,12,455640,2960.0,12540.0
2026-03-07 06:09:00+00:00,12,12,458926,3286.0,12570.0
2026-03-07 06:09:30+00:00,12,12,460519,1593.0,12600.0
2026-03-07 06:10:00+00:00,13,13,461286,819.0,12630.0
2026-03-07 06:10:30+00:00,13,13,461730,444.0,12660.0
2026-03-07 06:11:00+00:00,13,13,463419,1689.0,12690.0
2026-03-07 06:11:30+00:00,13,13,465144,1783.0,12720.0
2026-03-07 06:12:00+00:00,13,13,469512,4368.0,12750.0
2026-03-07 06:12:30+00:00,14,14,470988,1476.0,12780.0
2026-03-07 06:13:00+00:00,0,0,0,0.0,12810.0
2026-03-07 06:13:30+00:00,14,14,477347,6359.0,12840.0
2026-03-07 06:14:00+00:00,14,14,479102,1755.0,12870.0
2026-03-07 06:14:30+00:00,14,14,479712,729.0,12900.0
2026-03-07 06:15:00+00:00,14,14,482295,2583.0,12930.0
2026-03-07 06:15:30+00:00,14,14,483805,1510.0,12960.0
2026-03-07 06:16:00+00:00,14,14,485787,1982.0,12990.0
2026-03-07 06:16:30+00:00,14,14,488329,2542.0,13020.0
2026-03-07 06:17:00+00:00,14,14,489400,1071.0,13050.0
2026-03-07 06:17:30+00:00,14,14,493701,4301.0,13080.0
2026-03-07 06:18:00+00:00,14,14,494771,1070.0,13110.0
2026-03-07 06:18:30+00:00,14,14,501716,6945.0,13140.0
2026-03-07 06:19:00+00:00,14,14,503802,2086.0,13170.0
2026-03-07 06:19:30+00:00,14,14,505815,2013.0,13200.0
2026-03-07 06:20:00+00:00,14,14,507247,1432.0,13230.0
2026-03-07 06:20:30+00:00,14,14,509373,2126.0,13260.0
2026-03-07 06:21:00+00:00,14,14,510930,1557.0,13290.0
2026-03-07 06:21:30+00:00,14,14,512074,1144.0,13320.0
2026-03-07 06:22:00+00:00,14,14,515725,3651.0,13350.0
2026-03-07 06:22:30+00:00,14,14,519368,3643.0,13380.0
2026-03-07 06:23:00+00:00,14,14,521261,1893.0,13410.0
2026-03-07 06:23:30+00:00,14,14,527147,5886.0,13440.0
2026-03-07 06:24:00+00:00,14,14,528425,1278.0,13470.0
2026-03-07 06:24:30+00:00,14,14,531039,2614.0,13500.0
2026-03-07 06:25:00+00:00,14,14,531795,756.0,13530.0
2026-03-07 06:25:30+00:00,14,14,532824,1029.0,13560.0
2026-03-07 06:26:00+00:00,14,14,535795,2971.0,13590.0
2026-03-07 06:26:30+00:00,14,14,538050,2255.0,13620.0
2026-03-07 06:27:00+00:00,14,14,542449,4399.0,13650.0
2026-03-07 06:27:30+00:00,14,14,543763,1314.0,13680.0
2026-03-07 06:28:00+00:00,14,14,546454,2691.0,13710.0
2026-03-07 06:28:30+00:00,14,14,550063,3609.0,13740.0
2026-03-07 06:29:00+00:00,14,14,551456,1393.0,13770.0
2026-03-07 06:29:30+00:00,14,14,553551,2095.0,13800.0
2026-03-07 06:30:00+00:00,14,14,555438,1887.0,13830.0
2026-03-07 06:30:30+00:00,14,14,557579,2141.0,13860.0
2026-03-07 06:31:00+00:00,14,14,558491,912.0,13890.0
2026-03-07 06:31:30+00:00,14,14,560675,2184.0,13920.0
2026-03-07 06:32:00+00:00,14,14,563992,3317.0,13950.0
2026-03-07 06:32:30+00:00,14,14,565059,1067.0,13980.0
2026-03-07 06:33:00+00:00,14,14,566988,1929.0,14010.0
2026-03-07 06:33:30+00:00,14,14,571679,4691.0,14040.0
2026-03-07 06:34:00+00:00,14,14,573322,1643.0,14070.0
2026-03-07 06:34:30+00:00,14,14,574186,864.0,14100.0
2026-03-07 06:35:00+00:00,14,14,578112,3926.0,14130.0
2026-03-07 06:35:30+00:00,14,14,578894,782.0,14160.0
2026-03-07 06:36:00+00:00,14,14,580556,1662.0,14190.0
2026-03-07 06:36:30+00:00,0,0,0,0.0,14220.0
2026-03-07 06:37:00+00:00,14,14,582658,2102.0,14250.0
2026-03-07 06:37:30+00:00,14,14,586089,3431.0,14280.0
2026-03-07 06:38:00+00:00,14,14,587647,1558.0,14310.0
2026-03-07 06:38:30+00:00,14,14,592160,4513.0,14340.0
2026-03-07 06:39:00+00:00,14,14,593998,1838.0,14370.0
2026-03-07 06:39:30+00:00,14,14,595460,1462.0,14400.0
2026-03-07 06:40:00+00:00,14,14,596579,1119.0,14430.0
2026-03-07 06:40:30+00:00,14,14,599621,3042.0,14460.0
2026-03-07 06:41:00+00:00,14,14,600703,1082.0,14490.0
2026-03-07 06:41:30+00:00,14,14,602089,1386.0,14520.0
2026-03-07 06:42:00+00:00,14,14,604132,2043.0,14550.0
2026-03-07 06:42:30+00:00,14,14,609680,5548.0,14580.0
2026-03-07 06:43:00+00:00,14,14,610776,1096.0,14610.0
2026-03-07 06:43:30+00:00,14,14,617863,7087.0,14640.0
2026-03-07 06:44:00+00:00,14,14,619554,1691.0,14670.0
2026-03-07 06:44:30+00:00,14,14,620839,1285.0,14700.0
2026-03-07 06:45:00+00:00,14,14,625185,4346.0,14730.0
2026-03-07 06:45:30+00:00,14,14,625987,802.0,14760.0
2026-03-07 06:46:00+00:00,14,14,627727,1740.0,14790.0
2026-03-07 06:46:30+00:00,14,14,630565,2838.0,14820.0
2026-03-07 06:47:00+00:00,14,14,630997,432.0,14850.0
2026-03-07 06:47:30+00:00,14,14,634805,3808.0,14880.0
2026-03-07 06:48:00+00:00,14,14,635385,580.0,14910.0
2026-03-07 06:48:30+00:00,14,14,641489,6104.0,14940.0
2026-03-07 06:49:00+00:00,14,14,643031,1542.0,14970.0
2026-03-07 06:49:30+00:00,14,14,645269,2238.0,15000.0
2026-03-07 06:50:00+00:00,14,14,648473,3204.0,15030.0
2026-03-07 06:50:30+00:00,14,14,650347,1874.0,15060.0
2026-03-07 06:51:00+00:00,14,14,652041,1694.0,15090.0
2026-03-07 06:51:30+00:00,14,14,653898,1857.0,15120.0
2026-03-07 06:52:00+00:00,14,14,658146,4248.0,15150.0
2026-03-07 06:52:30+00:00,14,14,659382,1236.0,15180.0
2026-03-07 06:53:00+00:00,14,14,662880,3498.0,15210.0
2026-03-07 06:53:30+00:00,14,14,666555,3675.0,15240.0
2026-03-07 06:54:00+00:00,14,14,667488,933.0,15270.0
2026-03-07 06:54:30+00:00,14,14,669025,1537.0,15300.0
2026-03-07 06:55:00+00:00,14,14,669531,506.0,15330.0
2026-03-07 06:55:30+00:00,14,14,673571,4040.0,15360.0
2026-03-07 06:56:00+00:00,14,14,675271,1700.0,15390.0
2026-03-07 06:56:30+00:00,14,14,677791,2520.0,15420.0
2026-03-07 06:57:00+00:00,14,14,680488,2697.0,15450.0
2026-03-07 06:57:30+00:00,14,14,681154,666.0,15480.0
2026-03-07 06:58:00+00:00,0,0,0,0.0,15510.0
2026-03-07 06:58:30+00:00,14,14,682882,1728.0,15540.0
2026-03-07 06:59:00+00:00,14,14,687266,4384.0,15570.0
2026-03-07 06:59:30+00:00,14,14,689117,1851.0,15600.0
2026-03-07 07:00:00+00:00,14,14,689469,352.0,15630.0
2026-03-07 07:00:30+00:00,14,14,691832,2363.0,15660.0
2026-03-07 07:01:00+00:00,14,14,693428,1596.0,15690.0
2026-03-07 07:01:30+00:00,14,14,694322,894.0,15720.0
2026-03-07 07:02:00+00:00,14,14,696614,2292.0,15750.0
2026-03-07 07:02:30+00:00,14,14,698791,2177.0,15780.0
2026-03-07 07:03:00+00:00,14,14,700873,2082.0,15810.0
2026-03-07 07:03:30+00:00,14,14,704546,3673.0,15840.0
2026-03-07 07:04:00+00:00,14,14,705647,1101.0,15870.0
2026-03-07 07:04:30+00:00,14,14,706706,1059.0,15900.0
2026-03-07 07:05:00+00:00,14,14,710188,3482.0,15930.0
2026-03-07 07:05:30+00:00,14,14,711845,1657.0,15960.0
2026-03-07 07:06:00+00:00,14,14,713067,1222.0,15990.0
2026-03-07 07:06:30+00:00,14,14,714362,1295.0,16020.0
2026-03-07 07:07:00+00:00,14,14,717808,3446.0,16050.0
2026-03-07 07:07:30+00:00,15,15,719650,1842.0,16080.0
2026-03-07 07:08:00+00:00,15,15,721171,1521.0,16110.0
2026-03-07 07:08:30+00:00,15,15,725653,4482.0,16140.0
2026-03-07 07:09:00+00:00,15,15,726720,1067.0,16170.0
2026-03-07 07:09:30+00:00,15,15,728081,1361.0,16200.0
2026-03-07 07:10:00+00:00,15,15,730317,2236.0,16230.0
2026-03-07 07:10:30+00:00,15,15,731319,1002.0,16260.0
2026-03-07 07:11:00+00:00,15,15,731974,655.0,16290.0
2026-03-07 07:11:30+00:00,15,15,733963,1989.0,16320.0
2026-03-07 07:12:00+00:00,15,15,737396,3433.0,16350.0
2026-03-07 07:12:30+00:00,15,15,739763,2367.0,16380.0
2026-03-07 07:13:00+00:00,15,15,746030,6267.0,16410.0
2026-03-07 07:13:30+00:00,15,15,747144,1114.0,16440.0
2026-03-07 07:14:00+00:00,15,15,748347,1203.0,16470.0
2026-03-07 07:14:30+00:00,15,15,749313,966.0,16500.0
2026-03-07 07:15:00+00:00,15,15,752819,3506.0,16530.0
2026-03-07 07:15:30+00:00,15,15,753755,936.0,16560.0
2026-03-07 07:16:00+00:00,15,15,753998,243.0,16590.0
2026-03-07 07:16:30+00:00,15,15,758629,4631.0,16620.0
2026-03-07 07:17:00+00:00,15,15,762407,3778.0,16650.0
2026-03-07 07:17:30+00:00,17,17,763453,1046.0,16680.0
2026-03-07 07:18:00+00:00,17,17,769418,5965.0,16710.0
2026-03-07 07:18:30+00:00,17,17,770530,1112.0,16740.0
2026-03-07 07:19:00+00:00,17,17,771386,856.0,16770.0
2026-03-07 07:19:30+00:00,17,17,772365,979.0,16800.0
2026-03-07 07:20:00+00:00,0,0,0,0.0,16830.0
2026-03-07 07:20:30+00:00,34,17,1553865,4892.0,16860.0
2026-03-07 07:21:00+00:00,0,0,0,0.0,16890.0
2026-03-07 07:21:30+00:00,36,18,1564166,5643.0,16920.0
2026-03-07 07:22:00+00:00,19,19,787028,4128.0,16950.0
2026-03-07 07:22:30+00:00,0,0,0,0.0,16980.0
2026-03-07 07:23:00+00:00,19,19,788167,1139.0,17010.0
2026-03-07 07:23:30+00:00,19,19,793807,5640.0,17040.0
2026-03-07 07:24:00+00:00,19,19,796609,2802.0,17070.0
2026-03-07 07:24:30+00:00,19,19,798345,1736.0,17100.0
2026-03-07 07:25:00+00:00,19,19,800457,2112.0,17130.0
2026-03-07 07:25:30+00:00,19,19,802483,2026.0,17160.0
2026-03-07 07:26:00+00:00,19,19,803127,644.0,17190.0
2026-03-07 07:26:30+00:00,19,19,804360,1233.0,17220.0
2026-03-07 07:27:00+00:00,19,19,805823,1463.0,17250.0
2026-03-07 07:27:30+00:00,19,19,806685,862.0,17280.0
2026-03-07 07:28:00+00:00,19,19,809497,2812.0,17310.0
2026-03-07 07:28:30+00:00,19,19,813155,3658.0,17340.0
2026-03-07 07:29:00+00:00,19,19,814066,911.0,17370.0
2026-03-07 07:29:30+00:00,19,19,815181,1115.0,17400.0
2026-03-07 07:30:00+00:00,19,19,816917,1736.0,17430.0
2026-03-07 07:30:30+00:00,19,19,817853,936.0,17460.0
2026-03-07 07:31:00+00:00,19,19,818812,959.0,17490.0
2026-03-07 07:31:30+00:00,19,19,821806,2994.0,17520.0
2026-03-07 07:32:00+00:00,19,19,822782,976.0,17550.0
2026-03-07 07:32:30+00:00,19,19,825069,2287.0,17580.0
2026-03-07 07:33:00+00:00,20,20,825784,715.0,17610.0
2026-03-07 07:33:30+00:00,20,20,830357,4573.0,17640.0
2026-03-07 07:34:00+00:00,20,20,831175,818.0,17670.0
2026-03-07 07:34:30+00:00,20,20,832100,925.0,17700.0
2026-03-07 07:35:00+00:00,20,20,834414,2314.0,17730.0
2026-03-07 07:35:30+00:00,20,20,835280,866.0,17760.0
2026-03-07 07:36:00+00:00,20,20,837840,2560.0,17790.0
2026-03-07 07:36:30+00:00,20,20,840224,2384.0,17820.0
2026-03-07 07:37:00+00:00,20,20,842859,2635.0,17850.0
2026-03-07 07:37:30+00:00,20,20,843593,734.0,17880.0
2026-03-07 07:38:00+00:00,20,20,845284,1691.0,17910.0
2026-03-07 07:38:30+00:00,20,20,849675,4391.0,17940.0
2026-03-07 07:39:00+00:00,20,20,850692,1017.0,17970.0
2026-03-07 07:39:30+00:00,20,20,851332,640.0,18000.0
2026-03-07 07:40:00+00:00,20,20,854140,2808.0,18030.0
2026-03-07 07:40:30+00:00,21,21,855177,1037.0,18060.0
2026-03-07 07:41:00+00:00,21,21,856577,1400.0,18090.0
2026-03-07 07:41:30+00:00,21,21,858078,1501.0,18120.0
2026-03-07 07:42:00+00:00,21,21,861066,2988.0,18150.0
2026-03-07 07:42:30+00:00,21,21,861964,898.0,18180.0
2026-03-07 07:43:00+00:00,0,0,0,0.0,18210.0
2026-03-07 07:43:30+00:00,21,21,867292,5328.0,18240.0
2026-03-07 07:44:00+00:00,21,21,870029,2737.0,18270.0
2026-03-07 07:44:30+00:00,21,21,871335,1306.0,18300.0
2026-03-07 07:45:00+00:00,21,21,872591,1256.0,18330.0
2026-03-07 07:45:30+00:00,21,21,875793,3202.0,18360.0
2026-03-07 07:46:00+00:00,21,21,879610,3817.0,18390.0
2026-03-07 07:46:30+00:00,21,21,884144,4534.0,18420.0
2026-03-07 07:47:00+00:00,21,21,885459,1315.0,18450.0
2026-03-07 07:47:30+00:00,21,21,889570,4111.0,18480.0
2026-03-07 07:48:00+00:00,21,21,890346,776.0,18510.0
2026-03-07 07:48:30+00:00,21,21,897927,7581.0,18540.0
2026-03-07 07:49:00+00:00,21,21,898630,703.0,18570.0
2026-03-07 07:49:30+00:00,21,21,899862,1232.0,18600.0
2026-03-07 07:50:00+00:00,21,21,902311,2449.0,18630.0
2026-03-07 07:50:30+00:00,21,21,903689,1378.0,18660.0
2026-03-07 07:51:00+00:00,21,21,904354,665.0,18690.0
2026-03-07 07:51:30+00:00,21,21,912329,7975.0,18720.0
2026-03-07 07:52:00+00:00,21,21,915352,3023.0,18750.0
2026-03-07 07:52:30+00:00,21,21,917513,2161.0,18780.0
2026-03-07 07:53:00+00:00,21,21,918623,1110.0,18810.0
2026-03-07 07:53:30+00:00,21,21,925212,6589.0,18840.0
2026-03-07 07:54:00+00:00,21,21,925556,344.0,18870.0
2026-03-07 07:54:30+00:00,21,21,927049,1493.0,18900.0
2026-03-07 07:55:00+00:00,21,21,930640,3591.0,18930.0
2026-03-07 07:55:30+00:00,21,21,931238,598.0,18960.0
2026-03-07 07:56:00+00:00,21,21,934431,3193.0,18990.0
2026-03-07 07:56:30+00:00,21,21,937187,2756.0,19020.0
2026-03-07 07:57:00+00:00,21,21,938296,1109.0,19050.0
2026-03-07 07:57:30+00:00,21,21,940901,2605.0,19080.0
2026-03-07 07:58:00+00:00,21,21,941696,795.0,19110.0
2026-03-07 07:58:30+00:00,21,21,946334,4638.0,19140.0
2026-03-07 07:59:00+00:00,21,21,948256,1922.0,19170.0
2026-03-07 07:59:30+00:00,21,21,949290,1034.0,19200.0
2026-03-07 08:00:00+00:00,21,21,951148,1858.0,19230.0
2026-03-07 08:00:30+00:00,21,21,951776,628.0,19260.0
2026-03-07 08:01:00+00:00,21,21,954736,2960.0,19290.0
2026-03-07 08:01:30+00:00,21,21,959083,4347.0,19320.0
2026-03-07 08:02:00+00:00,21,21,961084,2001.0,19350.0
2026-03-07 08:02:30+00:00,21,21,961328,244.0,19380.0
2026-03-07 08:03:00+00:00,21,21,962482,1154.0,19410.0
2026-03-07 08:03:30+00:00,0,0,0,0.0,19440.0
2026-03-07 08:04:00+00:00,21,21,965870,3388.0,19470.0
2026-03-07 08:04:30+00:00,21,21,967124,1254.0,19500.0
2026-03-07 08:05:00+00:00,21,21,967625,501.0,19530.0
2026-03-07 08:05:30+00:00,21,21,970253,2628.0,19560.0
2026-03-07 08:06:00+00:00,21,21,972942,2689.0,19590.0
2026-03-07 08:06:30+00:00,21,21,975159,2217.0,19620.0
2026-03-07 08:07:00+00:00,21,21,978889,3730.0,19650.0
2026-03-07 08:07:30+00:00,21,21,981633,2744.0,19680.0
2026-03-07 08:08:00+00:00,21,21,981963,330.0,19710.0
2026-03-07 08:08:30+00:00,21,21,984725,2762.0,19740.0
2026-03-07 08:09:00+00:00,21,21,986800,2075.0,19770.0
2026-03-07 08:09:30+00:00,21,21,987433,633.0,19800.0
2026-03-07 08:10:00+00:00,21,21,989595,2162.0,19830.0
2026-03-07 08:10:30+00:00,21,21,990868,1273.0,19860.0
2026-03-07 08:11:00+00:00,21,21,994044,3176.0,19890.0
2026-03-07 08:11:30+00:00,21,21,997917,3873.0,19920.0
2026-03-07 08:12:00+00:00,21,21,999940,2023.0,19950.0
2026-03-07 08:12:30+00:00,21,21,1000737,797.0,19980.0
2026-03-07 08:13:00+00:00,21,21,1001238,501.0,20010.0
2026-03-07 08:13:30+00:00,21,21,1005567,4329.0,20040.0
2026-03-07 08:14:00+00:00,21,21,1006795,1228.0,20070.0
2026-03-07 08:14:30+00:00,21,21,1008336,1541.0,20100.0
2026-03-07 08:15:00+00:00,21,21,1008611,275.0,20130.0
2026-03-07 08:15:30+00:00,21,21,1011741,3130.0,20160.0
2026-03-07 08:16:00+00:00,21,21,1018127,6386.0,20190.0
2026-03-07 08:16:30+00:00,21,21,1024308,6181.0,20220.0
2026-03-07 08:17:00+00:00,21,21,1026356,2048.0,20250.0
2026-03-07 08:17:30+00:00,21,21,1027348,992.0,20280.0
2026-03-07 08:18:00+00:00,21,21,1030975,3627.0,20310.0
2026-03-07 08:18:30+00:00,21,21,1031322,347.0,20340.0
2026-03-07 08:19:00+00:00,21,21,1032605,1283.0,20370.0
2026-03-07 08:19:30+00:00,21,21,1033438,833.0,20400.0
2026-03-07 08:20:00+00:00,21,21,1035336,1898.0,20430.0
2026-03-07 08:20:30+00:00,21,21,1036458,1122.0,20460.0
2026-03-07 08:21:00+00:00,21,21,1043075,6617.0,20490.0
2026-03-07 08:21:30+00:00,21,21,1047467,4392.0,20520.0
2026-03-07 08:22:00+00:00,21,21,1048904,1437.0,20550.0
2026-03-07 08:22:30+00:00,21,21,1050613,1709.0,20580.0
2026-03-07 08:23:00+00:00,21,21,1054076,3463.0,20610.0
2026-03-07 08:23:30+00:00,21,21,1054234,158.0,20640.0
2026-03-07 08:24:00+00:00,21,21,1055636,1402.0,20670.0
2026-03-07 08:24:30+00:00,0,0,0,0.0,20700.0
2026-03-07 08:25:00+00:00,21,21,1056585,949.0,20730.0
2026-03-07 08:25:30+00:00,21,21,1060201,3616.0,20760.0
2026-03-07 08:26:00+00:00,21,21,1060415,214.0,20790.0
2026-03-07 08:26:30+00:00,21,21,1073700,13285.0,20820.0
2026-03-07 08:27:00+00:00,21,21,1075586,1886.0,20850.0
2026-03-07 08:27:30+00:00,21,21,1077318,1732.0,20880.0
2026-03-07 08:28:00+00:00,21,21,1079458,2140.0,20910.0
2026-03-07 08:28:30+00:00,21,21,1083274,3816.0,20940.0
2026-03-07 08:29:00+00:00,21,21,1084832,1558.0,20970.0
2026-03-07 08:29:30+00:00,21,21,1085312,480.0,21000.0
2026-03-07 08:30:00+00:00,21,21,1085854,542.0,21030.0
2026-03-07 08:30:30+00:00,21,21,1087444,1590.0,21060.0
2026-03-07 08:31:00+00:00,21,21,1089009,1565.0,21090.0
2026-03-07 08:31:30+00:00,21,21,1092042,3033.0,21120.0
2026-03-07 08:32:00+00:00,21,21,1094138,2096.0,21150.0
2026-03-07 08:32:30+00:00,21,21,1096022,1884.0,21180.0
2026-03-07 08:33:00+00:00,21,21,1096516,494.0,21210.0
2026-03-07 08:33:30+00:00,21,21,1098802,2286.0,21240.0
2026-03-07 08:34:00+00:00,21,21,1098980,178.0,21270.0
2026-03-07 08:34:30+00:00,21,21,1099907,927.0,21300.0
2026-03-07 08:35:00+00:00,21,21,1102242,2335.0,21330.0
2026-03-07 08:35:30+00:00,21,21,1103047,805.0,21360.0
2026-03-07 08:36:00+00:00,21,21,1110804,7757.0,21390.0
2026-03-07 08:36:30+00:00,21,21,1114589,3785.0,21420.0
2026-03-07 08:37:00+00:00,21,21,1115289,700.0,21450.0
2026-03-07 08:37:30+00:00,21,21,1118159,2870.0,21480.0
2026-03-07 08:38:00+00:00,21,21,1118991,832.0,21510.0
2026-03-07 08:38:30+00:00,21,21,1122392,3401.0,21540.0
2026-03-07 08:39:00+00:00,21,21,1122609,217.0,21570.0
2026-03-07 08:39:30+00:00,21,21,1123809,1200.0,21600.0
2026-03-07 08:40:00+00:00,21,21,1125287,1478.0,21630.0
2026-03-07 08:40:30+00:00,21,21,1127998,2711.0,21660.0
2026-03-07 08:41:00+00:00,21,21,1132091,4093.0,21690.0
2026-03-07 08:41:30+00:00,21,21,1135141,3050.0,21720.0
2026-03-07 08:42:00+00:00,21,21,1137488,2347.0,21750.0
2026-03-07 08:42:30+00:00,21,21,1137710,255.0,21780.0
2026-03-07 08:43:00+00:00,21,21,1141980,4270.0,21810.0
2026-03-07 08:43:30+00:00,21,21,1142155,175.0,21840.0
2026-03-07 08:44:00+00:00,21,21,1142207,52.0,21870.0
2026-03-07 08:44:30+00:00,21,21,1144390,2183.0,21900.0
2026-03-07 08:45:00+00:00,0,0,0,0.0,21930.0
2026-03-07 08:45:30+00:00,21,21,1146733,2343.0,21960.0
2026-03-07 08:46:00+00:00,21,21,1147684,951.0,21990.0
2026-03-07 08:46:30+00:00,21,21,1155950,8266.0,22020.0
2026-03-07 08:47:00+00:00,21,21,1160574,4624.0,22050.0
2026-03-07 08:47:30+00:00,21,21,1163946,3372.0,22080.0
2026-03-07 08:48:00+00:00,21,21,1164913,967.0,22110.0
2026-03-07 08:48:30+00:00,21,21,1169061,4148.0,22140.0
2026-03-07 08:49:00+00:00,21,21,1169546,485.0,22170.0
2026-03-07 08:49:30+00:00,21,21,1170578,1032.0,22200.0
2026-03-07 08:50:00+00:00,21,21,1172777,2199.0,22230.0
2026-03-07 08:50:30+00:00,21,21,1173630,853.0,22260.0
2026-03-07 08:51:00+00:00,21,21,1177580,3950.0,22290.0
2026-03-07 08:51:30+00:00,21,21,1180562,2982.0,22320.0
2026-03-07 08:52:00+00:00,21,21,1181093,531.0,22350.0
2026-03-07 08:52:30+00:00,21,21,1183133,2040.0,22380.0
2026-03-07 08:53:00+00:00,21,21,1183266,133.0,22410.0
2026-03-07 08:53:30+00:00,21,21,1186041,2775.0,22440.0
2026-03-07 08:54:00+00:00,21,21,1186433,392.0,22470.0
2026-03-07 08:54:30+00:00,21,21,1186971,538.0,22500.0
2026-03-07 08:55:00+00:00,21,21,1187490,519.0,22530.0
2026-03-07 08:55:30+00:00,21,21,1189619,2129.0,22560.0
2026-03-07 08:56:00+00:00,21,21,1196671,7052.0,22590.0
2026-03-07 08:56:30+00:00,21,21,1201822,5151.0,22620.0
2026-03-07 08:57:00+00:00,21,21,1205700,3878.0,22650.0
2026-03-07 08:57:30+00:00,21,21,1206001,301.0,22680.0
2026-03-07 08:58:00+00:00,21,21,1206298,297.0,22710.0
2026-03-07 08:58:30+00:00,21,21,1210211,3913.0,22740.0
2026-03-07 08:59:00+00:00,21,21,1211415,1204.0,22770.0
2026-03-07 08:59:30+00:00,21,21,1212511,1096.0,22800.0
2026-03-07 09:00:00+00:00,21,21,1215911,3400.0,22830.0
2026-03-07 09:00:30+00:00,21,21,1216363,452.0,22860.0
2026-03-07 09:01:00+00:00,21,21,1220790,4427.0,22890.0
2026-03-07 09:01:30+00:00,21,21,1222932,2142.0,22920.0
2026-03-07 09:02:00+00:00,21,21,1224109,1177.0,22950.0
2026-03-07 09:02:30+00:00,21,21,1225450,1341.0,22980.0
2026-03-07 09:03:00+00:00,21,21,1227174,1724.0,23010.0
2026-03-07 09:03:30+00:00,21,21,1228008,834.0,23040.0
2026-03-07 09:04:00+00:00,21,21,1228491,483.0,23070.0
2026-03-07 09:04:30+00:00,21,21,1230459,1968.0,23100.0
2026-03-07 09:05:00+00:00,21,21,1230960,501.0,23130.0
2026-03-07 09:05:30+00:00,21,21,1232683,1723.0,23160.0
2026-03-07 09:06:00+00:00,0,0,0,0.0,23190.0
2026-03-07 09:06:30+00:00,21,21,1237703,5020.0,23220.0
2026-03-07 09:07:00+00:00,21,21,1238979,1276.0,23250.0
2026-03-07 09:07:30+00:00,21,21,1242070,3091.0,23280.0
2026-03-07 09:08:00+00:00,21,21,1243272,1202.0,23310.0
2026-03-07 09:08:30+00:00,21,21,1247435,4163.0,23340.0
2026-03-07 09:09:00+00:00,21,21,1247737,302.0,23370.0
2026-03-07 09:09:30+00:00,21,21,1249098,1361.0,23400.0
2026-03-07 09:10:00+00:00,21,21,1250502,1404.0,23430.0
2026-03-07 09:10:30+00:00,21,21,1252278,1776.0,23460.0
2026-03-07 09:11:00+00:00,21,21,1258120,5842.0,23490.0
2026-03-07 09:11:30+00:00,21,21,1261104,2984.0,23520.0
2026-03-07 09:12:00+00:00,21,21,1264188,3084.0,23550.0
2026-03-07 09:12:30+00:00,21,21,1264462,274.0,23580.0
2026-03-07 09:13:00+00:00,21,21,1265030,568.0,23610.0
2026-03-07 09:13:30+00:00,21,21,1267782,2752.0,23640.0
2026-03-07 09:14:00+00:00,21,21,1268587,805.0,23670.0
2026-03-07 09:14:30+00:00,21,21,1269181,594.0,23700.0
2026-03-07 09:15:00+00:00,21,21,1272034,2853.0,23730.0
2026-03-07 09:15:30+00:00,21,21,1272706,672.0,23760.0
2026-03-07 09:16:00+00:00,21,21,1278723,6017.0,23790.0
2026-03-07 09:16:30+00:00,21,21,1281869,3146.0,23820.0
2026-03-07 09:17:00+00:00,21,21,1283360,1491.0,23850.0
2026-03-07 09:17:30+00:00,21,21,1284463,1103.0,23880.0
2026-03-07 09:18:00+00:00,21,21,1284766,303.0,23910.0
2026-03-07 09:18:30+00:00,21,21,1288655,3889.0,23940.0
2026-03-07 09:19:00+00:00,21,21,1289560,905.0,23970.0
2026-03-07 09:19:30+00:00,21,21,1290580,1020.0,24000.0
2026-03-07 09:20:00+00:00,21,21,1293800,3220.0,24030.0
2026-03-07 09:20:30+00:00,21,21,1294569,769.0,24060.0
2026-03-07 09:21:00+00:00,21,21,1301365,6796.0,24090.0
2026-03-07 09:21:30+00:00,21,21,1304467,3102.0,24120.0
2026-03-07 09:22:00+00:00,21,21,1305983,1516.0,24150.0
2026-03-07 09:22:30+00:00,21,21,1307357,1374.0,24180.0
2026-03-07 09:23:00+00:00,21,21,1309456,2099.0,24210.0
2026-03-07 09:23:30+00:00,21,21,1310044,588.0,24240.0
2026-03-07 09:24:00+00:00,21,21,1311084,1040.0,24270.0
2026-03-07 09:24:30+00:00,21,21,1311294,210.0,24300.0
2026-03-07 09:25:00+00:00,21,21,1313257,1963.0,24330.0
2026-03-07 09:25:30+00:00,21,21,1313512,255.0,24360.0
2026-03-07 09:26:00+00:00,21,21,1318206,4694.0,24390.0
2026-03-07 09:26:30+00:00,21,21,1320013,1807.0,24420.0
2026-03-07 09:27:00+00:00,0,0,0,0.0,24450.0
2026-03-07 09:27:30+00:00,21,21,1321129,1116.0,24480.0
2026-03-07 09:28:00+00:00,21,21,1321597,468.0,24510.0
2026-03-07 09:28:30+00:00,21,21,1322355,758.0,24540.0
2026-03-07 09:29:00+00:00,21,21,1324276,1921.0,24570.0
2026-03-07 09:29:30+00:00,21,21,1325064,788.0,24600.0
2026-03-07 09:30:00+00:00,21,21,1325335,271.0,24630.0
2026-03-07 09:30:30+00:00,21,21,1328000,2665.0,24660.0
2026-03-07 09:31:00+00:00,21,21,1328131,131.0,24690.0
2026-03-07 09:31:30+00:00,21,21,1336728,8597.0,24720.0
2026-03-07 09:32:00+00:00,21,21,1337984,1256.0,24750.0
2026-03-07 09:32:30+00:00,21,21,1340170,2186.0,24780.0
2026-03-07 09:33:00+00:00,21,21,1340936,766.0,24810.0
2026-03-07 09:33:30+00:00,21,21,1343055,2119.0,24840.0
2026-03-07 09:34:00+00:00,21,21,1343944,889.0,24870.0
2026-03-07 09:34:30+00:00,21,21,1344140,196.0,24900.0
2026-03-07 09:35:00+00:00,21,21,1344817,677.0,24930.0
2026-03-07 09:35:30+00:00,21,21,1346115,1298.0,24960.0
2026-03-07 09:36:00+00:00,21,21,1348032,1917.0,24990.0
2026-03-07 09:36:30+00:00,21,21,1353506,5474.0,25020.0
2026-03-07 09:37:00+00:00,21,21,1354764,1258.0,25050.0
2026-03-07 09:37:30+00:00,21,21,1356568,1804.0,25080.0
2026-03-07 09:38:00+00:00,21,21,1357031,463.0,25110.0
2026-03-07 09:38:30+00:00,21,21,1360427,3396.0,25140.0
2026-03-07 09:39:00+00:00,21,21,1360966,539.0,25170.0
2026-03-07 09:39:30+00:00,21,21,1361724,758.0,25200.0
2026-03-07 09:40:00+00:00,21,21,1363691,1967.0,25230.0
2026-03-07 09:40:30+00:00,21,21,1364189,498.0,25260.0
2026-03-07 09:41:00+00:00,21,21,1371201,7012.0,25290.0
2026-03-07 09:41:30+00:00,21,21,1373356,2155.0,25320.0
2026-03-07 09:42:00+00:00,21,21,1375625,2269.0,25350.0
2026-03-07 09:42:30+00:00,21,21,1376546,921.0,25380.0
2026-03-07 09:43:00+00:00,21,21,1377765,1219.0,25410.0
2026-03-07 09:43:30+00:00,21,21,1380237,2472.0,25440.0
2026-03-07 09:44:00+00:00,21,21,1381967,1730.0,25470.0
2026-03-07 09:44:30+00:00,21,21,1382753,786.0,25500.0
2026-03-07 09:45:00+00:00,21,21,1385296,2543.0,25530.0
2026-03-07 09:45:30+00:00,21,21,1387968,2672.0,25560.0
2026-03-07 09:46:00+00:00,21,21,1391919,3951.0,25590.0
2026-03-07 09:46:30+00:00,21,21,1395819,3900.0,25620.0
2026-03-07 09:47:00+00:00,21,21,1397359,1540.0,25650.0
2026-03-07 09:47:30+00:00,21,21,1397836,477.0,25680.0
2026-03-07 09:48:00+00:00,0,0,0,0.0,25710.0
2026-03-07 09:48:30+00:00,21,21,1401527,3691.0,25740.0
2026-03-07 09:49:00+00:00,21,21,1402006,479.0,25770.0
2026-03-07 09:49:30+00:00,21,21,1402492,486.0,25800.0
2026-03-07 09:50:00+00:00,21,21,1405504,3012.0,25830.0
2026-03-07 09:50:30+00:00,21,21,1406229,725.0,25860.0
2026-03-07 09:51:00+00:00,21,21,1409928,3699.0,25890.0
2026-03-07 09:51:30+00:00,21,21,1413129,3201.0,25920.0
2026-03-07 09:52:00+00:00,21,21,1416348,3219.0,25950.0
2026-03-07 09:52:30+00:00,21,21,1418046,1698.0,25980.0
2026-03-07 09:53:00+00:00,21,21,1418718,672.0,26010.0
2026-03-07 09:53:30+00:00,21,21,1419487,769.0,26040.0
2026-03-07 09:54:00+00:00,21,21,1422098,2611.0,26070.0
2026-03-07 09:54:30+00:00,21,21,1423355,1257.0,26100.0
2026-03-07 09:55:00+00:00,21,21,1425682,2327.0,26130.0
2026-03-07 09:55:30+00:00,21,21,1426299,617.0,26160.0
2026-03-07 09:56:00+00:00,21,21,1434476,8177.0,26190.0
2026-03-07 09:56:30+00:00,21,21,1436742,2266.0,26220.0
2026-03-07 09:57:00+00:00,21,21,1437664,922.0,26250.0
2026-03-07 09:57:30+00:00,21,21,1439993,2329.0,26280.0
2026-03-07 09:58:00+00:00,21,21,1440890,897.0,26310.0
2026-03-07 09:58:30+00:00,21,21,1443060,2170.0,26340.0
2026-03-07 09:59:00+00:00,21,21,1443476,416.0,26370.0
2026-03-07 09:59:30+00:00,21,21,1444395,919.0,26400.0
2026-03-07 10:00:00+00:00,21,21,1446252,1857.0,26430.0
2026-03-07 10:00:30+00:00,21,21,1446538,286.0,26460.0
2026-03-07 10:01:00+00:00,21,21,1453742,7204.0,26490.0
2026-03-07 10:01:30+00:00,21,21,1458128,4386.0,26520.0
2026-03-07 10:02:00+00:00,21,21,1460904,2776.0,26550.0
2026-03-07 10:02:30+00:00,21,21,1462660,1756.0,26580.0
2026-03-07 10:03:00+00:00,21,21,1465326,2666.0,26610.0
2026-03-07 10:03:30+00:00,21,21,1466672,1346.0,26640.0
2026-03-07 10:04:00+00:00,21,21,1467230,558.0,26670.0
2026-03-07 10:04:30+00:00,21,21,1468092,862.0,26700.0
2026-03-07 10:05:00+00:00,21,21,1470301,2209.0,26730.0
2026-03-07 10:05:30+00:00,21,21,1470702,401.0,26760.0
2026-03-07 10:06:00+00:00,21,21,1478400,7698.0,26790.0
2026-03-07 10:06:30+00:00,21,21,1481633,3233.0,26820.0
2026-03-07 10:07:00+00:00,21,21,1483745,2112.0,26850.0
2026-03-07 10:07:30+00:00,21,21,1484227,482.0,26880.0
2026-03-07 10:08:00+00:00,21,21,1487588,3361.0,26910.0
2026-03-07 10:08:30+00:00,0,0,0,0.0,26940.0
2026-03-07 10:09:00+00:00,21,21,1488127,539.0,26970.0
2026-03-07 10:09:30+00:00,21,21,1489063,936.0,27000.0
2026-03-07 10:10:00+00:00,21,21,1489368,305.0,27030.0
2026-03-07 10:10:30+00:00,21,21,1491272,1904.0,27060.0
2026-03-07 10:11:00+00:00,21,21,1498429,7157.0,27090.0
2026-03-07 10:11:30+00:00,21,21,1498896,467.0,27120.0
2026-03-07 10:12:00+00:00,21,21,1502955,4059.0,27150.0
2026-03-07 10:12:30+00:00,21,21,1505526,2571.0,27180.0
2026-03-07 10:13:00+00:00,21,21,1506131,605.0,27210.0
2026-03-07 10:13:30+00:00,21,21,1509887,3756.0,27240.0
2026-03-07 10:14:00+00:00,21,21,1510822,935.0,27270.0
2026-03-07 10:14:30+00:00,21,21,1511898,1076.0,27300.0
2026-03-07 10:15:00+00:00,21,21,1513592,1694.0,27330.0
2026-03-07 10:15:30+00:00,21,21,1514461,869.0,27360.0
2026-03-07 10:16:00+00:00,21,21,1519369,4908.0,27390.0
2026-03-07 10:16:30+00:00,21,21,1522181,2812.0,27420.0
2026-03-07 10:17:00+00:00,21,21,1523179,998.0,27450.0
2026-03-07 10:17:30+00:00,21,21,1524065,886.0,27480.0
2026-03-07 10:18:00+00:00,21,21,1524604,539.0,27510.0
2026-03-07 10:18:30+00:00,21,21,1526199,1595.0,27540.0
2026-03-07 10:19:00+00:00,21,21,1526372,173.0,27570.0
2026-03-07 10:19:30+00:00,21,21,1527003,631.0,27600.0
2026-03-07 10:20:00+00:00,21,21,1528027,1024.0,27630.0
2026-03-07 10:20:30+00:00,21,21,1528592,565.0,27660.0
2026-03-07 10:21:00+00:00,21,21,1532626,4034.0,27690.0
2026-03-07 10:21:30+00:00,21,21,1534876,2250.0,27720.0
2026-03-07 10:22:00+00:00,21,21,1535039,163.0,27750.0
2026-03-07 10:22:30+00:00,21,21,1536395,1356.0,27780.0
2026-03-07 10:23:00+00:00,21,21,1536716,321.0,27810.0
2026-03-07 10:23:30+00:00,21,21,1538933,2217.0,27840.0
2026-03-07 10:24:00+00:00,21,21,1539860,927.0,27870.0
2026-03-07 10:24:30+00:00,21,21,1540587,727.0,27900.0
2026-03-07 10:25:00+00:00,21,21,1541673,1086.0,27930.0
2026-03-07 10:25:30+00:00,21,21,1542618,945.0,27960.0
2026-03-07 10:26:00+00:00,21,21,1545466,2848.0,27990.0
2026-03-07 10:26:30+00:00,21,21,1551944,6478.0,28020.0
2026-03-07 10:27:00+00:00,21,21,1552275,331.0,28050.0
2026-03-07 10:27:30+00:00,21,21,1553594,1319.0,28080.0
2026-03-07 10:28:00+00:00,21,21,1553998,404.0,28110.0
2026-03-07 10:28:30+00:00,0,0,0,0.0,28140.0
2026-03-07 10:29:00+00:00,21,21,1555811,1813.0,28170.0
2026-03-07 10:29:30+00:00,21,21,1556183,372.0,28200.0
2026-03-07 10:30:00+00:00,21,21,1556496,313.0,28230.0
2026-03-07 10:30:30+00:00,21,21,1557746,1250.0,28260.0
2026-03-07 10:31:00+00:00,21,21,1559128,1382.0,28290.0
2026-03-07 10:31:30+00:00,21,21,1564124,4996.0,28320.0
2026-03-07 10:32:00+00:00,21,21,1564692,568.0,28350.0
2026-03-07 10:32:30+00:00,21,21,1565144,452.0,28380.0
2026-03-07 10:33:00+00:00,21,21,1565932,788.0,28410.0
2026-03-07 10:33:30+00:00,21,21,1567487,1555.0,28440.0
2026-03-07 10:34:00+00:00,21,21,1567546,59.0,28470.0
2026-03-07 10:34:30+00:00,21,21,1568148,602.0,28500.0
2026-03-07 10:35:00+00:00,21,21,1568460,312.0,28530.0
2026-03-07 10:35:30+00:00,21,21,1570633,2173.0,28560.0
2026-03-07 10:36:00+00:00,21,21,1578182,7549.0,28590.0
2026-03-07 10:36:30+00:00,21,21,1582894,4712.0,28620.0
2026-03-07 10:37:00+00:00,21,21,1584633,1739.0,28650.0
2026-03-07 10:37:30+00:00,21,21,1586236,1603.0,28680.0
2026-03-07 10:38:00+00:00,21,21,1586715,479.0,28710.0
2026-03-07 10:38:30+00:00,21,21,1590029,3314.0,28740.0
2026-03-07 10:39:00+00:00,21,21,1590190,161.0,28770.0
2026-03-07 10:39:30+00:00,21,21,1591479,1289.0,28800.0
2026-03-07 10:40:00+00:00,21,21,1593298,1819.0,28830.0
2026-03-07 10:40:30+00:00,21,21,1593388,90.0,28860.0
2026-03-07 10:41:00+00:00,21,21,1600400,7012.0,28890.0
2026-03-07 10:41:30+00:00,21,21,1604401,4001.0,28920.0
2026-03-07 10:42:00+00:00,21,21,1606050,1649.0,28950.0
2026-03-07 10:42:30+00:00,21,21,1606587,537.0,28980.0
2026-03-07 10:43:00+00:00,21,21,1607449,862.0,29010.0
2026-03-07 10:43:30+00:00,21,21,1610104,2655.0,29040.0
2026-03-07 10:44:00+00:00,21,21,1610431,327.0,29070.0
2026-03-07 10:44:30+00:00,21,21,1611374,943.0,29100.0
2026-03-07 10:45:00+00:00,21,21,1612909,1535.0,29130.0
2026-03-07 10:45:30+00:00,21,21,1613395,486.0,29160.0
2026-03-07 10:46:00+00:00,21,21,1622401,9006.0,29190.0
2026-03-07 10:46:30+00:00,21,21,1625810,3409.0,29220.0
2026-03-07 10:47:00+00:00,21,21,1627088,1278.0,29250.0
2026-03-07 10:47:30+00:00,21,21,1628943,1855.0,29280.0
2026-03-07 10:48:00+00:00,21,21,1632122,3179.0,29310.0
2026-03-07 10:48:30+00:00,21,21,1632974,852.0,29340.0
2026-03-07 10:49:00+00:00,0,0,0,0.0,29370.0
2026-03-07 10:49:30+00:00,21,21,1633551,577.0,29400.0
2026-03-07 10:50:00+00:00,21,21,1633985,434.0,29430.0
2026-03-07 10:50:30+00:00,21,21,1635982,1997.0,29460.0
2026-03-07 10:51:00+00:00,21,21,1636040,58.0,29490.0
2026-03-07 10:51:30+00:00,21,21,1643313,7273.0,29520.0
2026-03-07 10:52:00+00:00,21,21,1643625,312.0,29550.0
2026-03-07 10:52:30+00:00,21,21,1643793,168.0,29580.0
2026-03-07 10:53:00+00:00,21,21,1644795,1002.0,29610.0
2026-03-07 10:53:30+00:00,21,21,1645197,402.0,29640.0
2026-03-07 10:54:00+00:00,21,21,1646358,1161.0,29670.0
2026-03-07 10:54:30+00:00,21,21,1646802,444.0,29700.0
2026-03-07 10:55:00+00:00,21,21,1646814,12.0,29730.0
2026-03-07 10:55:30+00:00,21,21,1647841,1027.0,29760.0
2026-03-07 10:56:00+00:00,21,21,1648686,845.0,29790.0
2026-03-07 10:56:30+00:00,21,21,1651974,3288.0,29820.0
2026-03-07 10:57:00+00:00,21,21,1652155,181.0,29850.0
2026-03-07 10:57:30+00:00,21,21,1652982,827.0,29880.0
2026-03-07 10:58:00+00:00,21,21,1653514,532.0,29910.0
2026-03-07 10:58:30+00:00,21,21,1654995,1481.0,29940.0
2026-03-07 10:59:00+00:00,21,21,1655358,363.0,29970.0
2026-03-07 10:59:30+00:00,21,21,1656595,1237.0,30000.0
2026-03-07 11:00:00+00:00,21,21,1657869,1274.0,30030.0
2026-03-07 11:00:30+00:00,21,21,1658534,665.0,30060.0
2026-03-07 11:01:00+00:00,21,21,1663232,4698.0,30090.0
2026-03-07 11:01:30+00:00,21,21,1664164,932.0,30120.0
2026-03-07 11:02:00+00:00,21,21,1666850,2686.0,30150.0
2026-03-07 11:02:30+00:00,21,21,1668019,1169.0,30180.0
2026-03-07 11:03:00+00:00,21,21,1668692,673.0,30210.0
2026-03-07 11:03:30+00:00,21,21,1670275,1583.0,30240.0
2026-03-07 11:04:00+00:00,21,21,1670697,422.0,30270.0
2026-03-07 11:04:30+00:00,21,21,1671164,467.0,30300.0
2026-03-07 11:05:00+00:00,21,21,1673080,1916.0,30330.0
2026-03-07 11:05:30+00:00,21,21,1673222,142.0,30360.0
2026-03-07 11:06:00+00:00,21,21,1681086,7864.0,30390.0
2026-03-07 11:06:30+00:00,21,21,1681514,428.0,30420.0
2026-03-07 11:07:00+00:00,21,21,1682869,1355.0,30450.0
2026-03-07 11:07:30+00:00,21,21,1683001,132.0,30480.0
2026-03-07 11:08:00+00:00,21,21,1684896,1895.0,30510.0
2026-03-07 11:08:30+00:00,21,21,1685507,611.0,30540.0
2026-03-07 11:09:00+00:00,21,21,1686108,601.0,30570.0
2026-03-07 11:09:30+00:00,0,0,0,0.0,30600.0
2026-03-07 11:10:00+00:00,21,21,1688115,2007.0,30630.0
2026-03-07 11:10:30+00:00,21,21,1688896,781.0,30660.0
2026-03-07 11:11:00+00:00,21,21,1696839,7943.0,30690.0
2026-03-07 11:11:30+00:00,21,21,1701841,5002.0,30720.0
2026-03-07 11:12:00+00:00,21,21,1702573,732.0,30750.0
2026-03-07 11:12:30+00:00,21,21,1704849,2276.0,30780.0
2026-03-07 11:13:00+00:00,21,21,1705869,1020.0,30810.0
2026-03-07 11:13:30+00:00,21,21,1707442,1573.0,30840.0
2026-03-07 11:14:00+00:00,21,21,1708207,765.0,30870.0
2026-03-07 11:14:30+00:00,21,21,1708619,412.0,30900.0
2026-03-07 11:15:00+00:00,21,21,1710394,1775.0,30930.0
2026-03-07 11:15:30+00:00,21,21,1710810,416.0,30960.0
2026-03-07 11:16:00+00:00,21,21,1715013,4203.0,30990.0
2026-03-07 11:16:30+00:00,21,21,1719457,4444.0,31020.0
2026-03-07 11:17:00+00:00,21,21,1719847,390.0,31050.0
2026-03-07 11:17:30+00:00,21,21,1721425,1578.0,31080.0
2026-03-07 11:18:00+00:00,21,21,1722098,673.0,31110.0
2026-03-07 11:18:30+00:00,21,21,1723319,1221.0,31140.0
2026-03-07 11:19:00+00:00,21,21,1723859,540.0,31170.0
2026-03-07 11:19:30+00:00,21,21,1724729,870.0,31200.0
2026-03-07 11:20:00+00:00,21,21,1724844,115.0,31230.0
2026-03-07 11:20:30+00:00,21,21,1727358,2514.0,31260.0
2026-03-07 11:21:00+00:00,21,21,1731115,3757.0,31290.0
2026-03-07 11:21:30+00:00,21,21,1737680,6565.0,31320.0
2026-03-07 11:22:00+00:00,21,21,1738998,1318.0,31350.0
2026-03-07 11:22:30+00:00,21,21,1740368,1370.0,31380.0
2026-03-07 11:23:00+00:00,21,21,1742561,2193.0,31410.0
2026-03-07 11:23:30+00:00,21,21,1743191,630.0,31440.0
2026-03-07 11:24:00+00:00,21,21,1743935,744.0,31470.0
2026-03-07 11:24:30+00:00,21,21,1744291,356.0,31500.0
2026-03-07 11:25:00+00:00,21,21,1745359,1068.0,31530.0
2026-03-07 11:25:30+00:00,21,21,1745707,348.0,31560.0
2026-03-07 11:26:00+00:00,21,21,1747590,1883.0,31590.0
2026-03-07 11:26:30+00:00,21,21,1747922,332.0,31620.0
2026-03-07 11:27:00+00:00,21,21,1749502,1580.0,31650.0
2026-03-07 11:27:30+00:00,21,21,1749728,226.0,31680.0
2026-03-07 11:28:00+00:00,21,21,1750330,602.0,31710.0
2026-03-07 11:28:30+00:00,21,21,1750901,571.0,31740.0
2026-03-07 11:29:00+00:00,21,21,1751089,188.0,31770.0
2026-03-07 11:29:30+00:00,21,21,1751642,553.0,31800.0
2026-03-07 11:30:00+00:00,21,21,1752191,549.0,31830.0
2026-03-07 11:30:30+00:00,0,0,0,0.0,31860.0
2026-03-07 11:31:00+00:00,21,21,1752278,87.0,31890.0
2026-03-07 11:31:30+00:00,21,21,1754776,2498.0,31920.0
2026-03-07 11:32:00+00:00,21,21,1755979,1203.0,31950.0
2026-03-07 11:32:30+00:00,21,21,1756270,291.0,31980.0
2026-03-07 11:33:00+00:00,21,21,1757070,800.0,32010.0
2026-03-07 11:33:30+00:00,21,21,1757855,785.0,32040.0
2026-03-07 11:34:00+00:00,21,21,1758693,838.0,32070.0
2026-03-07 11:34:30+00:00,21,21,1758929,236.0,32100.0
2026-03-07 11:35:00+00:00,21,21,1759402,473.0,32130.0
2026-03-07 11:35:30+00:00,21,21,1759958,556.0,32160.0
2026-03-07 11:36:00+00:00,21,21,1759986,28.0,32190.0
2026-03-07 11:36:30+00:00,21,21,1761870,1884.0,32220.0
2026-03-07 11:37:00+00:00,21,21,1762644,774.0,32250.0
2026-03-07 11:37:30+00:00,21,21,1763114,470.0,32280.0
2026-03-07 11:38:00+00:00,21,21,1763386,272.0,32310.0
2026-03-07 11:38:30+00:00,21,21,1764099,713.0,32340.0
2026-03-07 11:39:00+00:00,21,21,1764466,367.0,32370.0
2026-03-07 11:39:30+00:00,21,21,1764609,143.0,32400.0
2026-03-07 11:40:00+00:00,21,21,1764937,328.0,32430.0
2026-03-07 11:40:30+00:00,21,21,1765560,623.0,32460.0
2026-03-07 11:41:00+00:00,21,21,1766862,1302.0,32490.0
2026-03-07 11:41:30+00:00,21,21,1768900,2038.0,32520.0
2026-03-07 11:42:00+00:00,21,21,1769009,109.0,32550.0
2026-03-07 11:42:30+00:00,21,21,1769509,500.0,32580.0
2026-03-07 11:43:00+00:00,21,21,1770024,515.0,32610.0
2026-03-07 11:43:30+00:00,21,21,1770674,650.0,32640.0
2026-03-07 11:44:00+00:00,21,21,1770846,172.0,32670.0
2026-03-07 11:44:30+00:00,21,21,1771253,407.0,32700.0
2026-03-07 11:45:00+00:00,21,21,1772282,1029.0,32730.0
2026-03-07 11:45:30+00:00,21,21,1772782,500.0,32760.0
2026-03-07 11:46:00+00:00,21,21,1776634,3852.0,32790.0
2026-03-07 11:46:30+00:00,21,21,1782315,5681.0,32820.0
2026-03-07 11:47:00+00:00,21,21,1785048,2733.0,32850.0
2026-03-07 11:47:30+00:00,21,21,1785662,614.0,32880.0
2026-03-07 11:48:00+00:00,21,21,1787677,2015.0,32910.0
2026-03-07 11:48:30+00:00,21,21,1788779,1102.0,32940.0
2026-03-07 11:49:00+00:00,21,21,1789276,497.0,32970.0
2026-03-07 11:49:30+00:00,21,21,1789894,618.0,33000.0
2026-03-07 11:50:00+00:00,21,21,1791966,2072.0,33030.0
2026-03-07 11:50:30+00:00,21,21,1796845,4879.0,33060.0
2026-03-07 11:51:00+00:00,21,21,1799535,2690.0,33090.0
2026-03-07 11:51:30+00:00,21,21,1803699,4164.0,33120.0
2026-03-07 11:52:00+00:00,0,0,0,0.0,33150.0
2026-03-07 11:52:30+00:00,21,21,1804819,1120.0,33180.0
2026-03-07 11:53:00+00:00,21,21,1805529,710.0,33210.0
2026-03-07 11:53:30+00:00,21,21,1807751,2222.0,33240.0
2026-03-07 11:54:00+00:00,21,21,1808483,732.0,33270.0
2026-03-07 11:54:30+00:00,21,21,1809107,624.0,33300.0
2026-03-07 11:55:00+00:00,21,21,1811183,2076.0,33330.0
2026-03-07 11:55:30+00:00,21,21,1811643,460.0,33360.0
2026-03-07 11:56:00+00:00,21,21,1811806,163.0,33390.0
2026-03-07 11:56:30+00:00,21,21,1821533,9727.0,33420.0
2026-03-07 11:57:00+00:00,21,21,1823972,2439.0,33450.0
2026-03-07 11:57:30+00:00,21,21,1824479,507.0,33480.0
2026-03-07 11:58:00+00:00,21,21,1825409,930.0,33510.0
2026-03-07 11:58:30+00:00,21,21,1827405,1996.0,33540.0
2026-03-07 11:59:00+00:00,21,21,1829803,2398.0,33570.0
2026-03-07 11:59:30+00:00,21,21,1832518,2715.0,33600.0
2026-03-07 12:00:00+00:00,21,21,1833717,1199.0,33630.0
2026-03-07 12:00:30+00:00,21,21,1835457,1740.0,33660.0
2026-03-07 12:01:00+00:00,21,21,1842822,7365.0,33690.0
2026-03-07 12:01:30+00:00,21,21,1844958,2136.0,33720.0
2026-03-07 12:02:00+00:00,21,21,1849901,4943.0,33750.0
2026-03-07 12:02:30+00:00,21,21,1850064,163.0,33780.0
2026-03-07 12:03:00+00:00,21,21,1852429,2365.0,33810.0
2026-03-07 12:03:30+00:00,21,21,1853636,1207.0,33840.0
2026-03-07 12:04:00+00:00,21,21,1853776,140.0,33870.0
2026-03-07 12:04:30+00:00,21,21,1854862,1086.0,33900.0
2026-03-07 12:05:00+00:00,21,21,1856860,1998.0,33930.0
2026-03-07 12:05:30+00:00,21,21,1857144,284.0,33960.0
2026-03-07 12:06:00+00:00,21,21,1865671,8527.0,33990.0
2026-03-07 12:06:30+00:00,21,21,1870299,4628.0,34020.0
2026-03-07 12:07:00+00:00,21,21,1871847,1548.0,34050.0
2026-03-07 12:07:30+00:00,21,21,1872352,505.0,34080.0
2026-03-07 12:08:00+00:00,21,21,1873098,746.0,34110.0
2026-03-07 12:08:30+00:00,21,21,1876543,3445.0,34140.0
2026-03-07 12:09:00+00:00,21,21,1876820,277.0,34170.0
2026-03-07 12:09:30+00:00,21,21,1878157,1337.0,34200.0
2026-03-07 12:10:00+00:00,21,21,1881541,3384.0,34230.0
2026-03-07 12:10:30+00:00,21,21,1882213,672.0,34260.0
2026-03-07 12:11:00+00:00,21,21,1896485,14272.0,34290.0
2026-03-07 12:11:30+00:00,21,21,1897273,788.0,34320.0
2026-03-07 12:12:00+00:00,0,0,0,0.0,34350.0
2026-03-07 12:12:30+00:00,21,21,1899284,2011.0,34380.0
2026-03-07 12:13:00+00:00,21,21,1899951,667.0,34410.0
2026-03-07 12:13:30+00:00,21,21,1902331,2380.0,34440.0
2026-03-07 12:14:00+00:00,21,21,1902816,485.0,34470.0
2026-03-07 12:14:30+00:00,21,21,1903863,1047.0,34500.0
2026-03-07 12:15:00+00:00,21,21,1905384,1521.0,34530.0
2026-03-07 12:15:30+00:00,21,21,1905879,495.0,34560.0
2026-03-07 12:16:00+00:00,21,21,1908439,2560.0,34590.0
2026-03-07 12:16:30+00:00,21,21,1915219,6780.0,34620.0
2026-03-07 12:17:00+00:00,21,21,1915750,531.0,34650.0
2026-03-07 12:17:30+00:00,21,21,1917393,1643.0,34680.0
2026-03-07 12:18:00+00:00,21,21,1917729,336.0,34710.0
2026-03-07 12:18:30+00:00,21,21,1918632,903.0,34740.0
2026-03-07 12:19:00+00:00,21,21,1920493,1861.0,34770.0
2026-03-07 12:19:30+00:00,21,21,1921322,829.0,34800.0
2026-03-07 12:20:00+00:00,21,21,1922575,1253.0,34830.0
2026-03-07 12:20:30+00:00,21,21,1923294,719.0,34860.0
2026-03-07 12:21:00+00:00,21,21,1928274,4980.0,34890.0
2026-03-07 12:21:30+00:00,21,21,1936151,7877.0,34920.0
2026-03-07 12:22:00+00:00,21,21,1937225,1074.0,34950.0
2026-03-07 12:22:30+00:00,21,21,1938933,1708.0,34980.0
2026-03-07 12:23:00+00:00,21,21,1939269,336.0,35010.0
2026-03-07 12:23:30+00:00,21,21,1941120,1851.0,35040.0
2026-03-07 12:24:00+00:00,21,21,1941453,333.0,35070.0
2026-03-07 12:24:30+00:00,21,21,1941765,312.0,35100.0
2026-03-07 12:25:00+00:00,21,21,1942590,825.0,35130.0
2026-03-07 12:25:30+00:00,21,21,1942735,145.0,35160.0
2026-03-07 12:26:00+00:00,21,21,1944180,1445.0,35190.0
2026-03-07 12:26:30+00:00,21,21,1946105,1925.0,35220.0
2026-03-07 12:27:00+00:00,21,21,1946653,548.0,35250.0
2026-03-07 12:27:30+00:00,21,21,1946924,271.0,35280.0
2026-03-07 12:28:00+00:00,21,21,1947086,162.0,35310.0
2026-03-07 12:28:30+00:00,21,21,1948073,987.0,35340.0
2026-03-07 12:29:00+00:00,21,21,1948406,333.0,35370.0
2026-03-07 12:29:30+00:00,21,21,1948624,218.0,35400.0
2026-03-07 12:30:00+00:00,21,21,1949215,591.0,35430.0
2026-03-07 12:30:30+00:00,21,21,1949531,316.0,35460.0
2026-03-07 12:31:00+00:00,21,21,1950983,1452.0,35490.0
2026-03-07 12:31:30+00:00,21,21,1954812,3829.0,35520.0
2026-03-07 12:32:00+00:00,0,0,0,0.0,35550.0
2026-03-07 12:32:30+00:00,21,21,1956450,1638.0,35580.0
2026-03-07 12:33:00+00:00,21,21,1957404,954.0,35610.0
2026-03-07 12:33:30+00:00,21,21,1960127,2723.0,35640.0
2026-03-07 12:34:00+00:00,21,21,1960985,858.0,35670.0
2026-03-07 12:34:30+00:00,21,21,1961889,904.0,35700.0
2026-03-07 12:35:00+00:00,21,21,1963306,1417.0,35730.0
2026-03-07 12:35:30+00:00,21,21,1963884,578.0,35760.0
2026-03-07 12:36:00+00:00,21,21,1969470,5586.0,35790.0
2026-03-07 12:36:30+00:00,21,21,1973946,4476.0,35820.0
2026-03-07 12:37:00+00:00,21,21,1974437,491.0,35850.0
2026-03-07 12:37:30+00:00,21,21,1975856,1419.0,35880.0
2026-03-07 12:38:00+00:00,21,21,1976022,166.0,35910.0
2026-03-07 12:38:30+00:00,21,21,1978718,2696.0,35940.0
2026-03-07 12:39:00+00:00,21,21,1978799,81.0,35970.0
2026-03-07 12:39:30+00:00,21,21,1979622,823.0,36000.0
2026-03-07 12:40:00+00:00,21,21,1981358,1736.0,36030.0
2026-03-07 12:40:30+00:00,21,21,1981716,358.0,36060.0
2026-03-07 12:41:00+00:00,21,21,1984265,2549.0,36090.0
2026-03-07 12:41:30+00:00,21,21,1990387,6122.0,36120.0
2026-03-07 12:42:00+00:00,21,21,1991414,1027.0,36150.0
2026-03-07 12:42:30+00:00,21,21,1992639,1225.0,36180.0
2026-03-07 12:43:00+00:00,21,21,1992986,347.0,36210.0
2026-03-07 12:43:30+00:00,21,21,1995469,2483.0,36240.0
2026-03-07 12:44:00+00:00,21,21,1995629,160.0,36270.0
2026-03-07 12:44:30+00:00,21,21,1996370,741.0,36300.0
2026-03-07 12:45:00+00:00,21,21,1998055,1685.0,36330.0
2026-03-07 12:45:30+00:00,21,21,1999850,1795.0,36360.0
2026-03-07 12:46:00+00:00,21,21,2009967,10117.0,36390.0
2026-03-07 12:46:30+00:00,21,21,2014648,4681.0,36420.0
2026-03-07 12:47:00+00:00,21,21,2016289,1641.0,36450.0
2026-03-07 12:47:30+00:00,21,21,2016840,551.0,36480.0
2026-03-07 12:48:00+00:00,21,21,2018557,1717.0,36510.0
2026-03-07 12:48:30+00:00,21,21,2019021,464.0,36540.0
2026-03-07 12:49:00+00:00,21,21,2019766,745.0,36570.0
2026-03-07 12:49:30+00:00,21,21,2020077,311.0,36600.0
2026-03-07 12:50:00+00:00,21,21,2021631,1554.0,36630.0
2026-03-07 12:50:30+00:00,21,21,2021679,48.0,36660.0
2026-03-07 12:51:00+00:00,21,21,2028810,7131.0,36690.0
2026-03-07 12:51:30+00:00,21,21,2031977,3167.0,36720.0
2026-03-07 12:52:00+00:00,21,21,2032501,524.0,36750.0
2026-03-07 12:52:30+00:00,21,21,2033207,706.0,36780.0
2026-03-07 12:53:00+00:00,0,0,0,0.0,36810.0
2026-03-07 12:53:30+00:00,21,21,2033863,656.0,36840.0
2026-03-07 12:54:00+00:00,21,21,2035615,1752.0,36870.0
2026-03-07 12:54:30+00:00,21,21,2035930,315.0,36900.0
2026-03-07 12:55:00+00:00,21,21,2037587,1657.0,36930.0
2026-03-07 12:55:30+00:00,21,21,2037603,16.0,36960.0
2026-03-07 12:56:00+00:00,21,21,2037905,302.0,36990.0
2026-03-07 12:56:30+00:00,21,21,2043600,5695.0,37020.0
2026-03-07 12:57:00+00:00,21,21,2047492,3892.0,37050.0
2026-03-07 12:57:30+00:00,21,21,2048929,1437.0,37080.0
2026-03-07 12:58:00+00:00,21,21,2049320,391.0,37110.0
2026-03-07 12:58:30+00:00,21,21,2050754,1434.0,37140.0
2026-03-07 12:59:00+00:00,21,21,2051338,584.0,37170.0
2026-03-07 12:59:30+00:00,21,21,2051613,275.0,37200.0
2026-03-07 13:00:00+00:00,21,21,2051769,156.0,37230.0
2026-03-07 13:00:30+00:00,21,21,2052270,501.0,37260.0
2026-03-07 13:01:00+00:00,21,21,2052281,11.0,37290.0
2026-03-07 13:01:30+00:00,21,21,2054662,2381.0,37320.0
2026-03-07 13:02:00+00:00,21,21,2054827,165.0,37350.0
2026-03-07 13:02:30+00:00,21,21,2055168,341.0,37380.0
2026-03-07 13:03:00+00:00,21,21,2055459,291.0,37410.0
2026-03-07 13:03:30+00:00,21,21,2055590,131.0,37440.0
2026-03-07 13:04:00+00:00,21,21,2056170,580.0,37470.0
2026-03-07 13:04:30+00:00,21,21,2056375,205.0,37500.0
2026-03-07 13:05:00+00:00,21,21,2056857,482.0,37530.0
2026-03-07 13:05:30+00:00,21,21,2057107,250.0,37560.0
2026-03-07 13:06:00+00:00,21,21,2058840,1733.0,37590.0
2026-03-07 13:06:30+00:00,21,21,2060088,1248.0,37620.0
2026-03-07 13:07:00+00:00,21,21,2060332,244.0,37650.0
2026-03-07 13:07:30+00:00,21,21,2060720,388.0,37680.0
2026-03-07 13:08:00+00:00,21,21,2062189,1469.0,37710.0
2026-03-07 13:08:30+00:00,21,21,2063771,1582.0,37740.0
2026-03-07 13:09:00+00:00,21,21,2063920,149.0,37770.0
2026-03-07 13:09:30+00:00,21,21,2064581,661.0,37800.0
2026-03-07 13:10:00+00:00,21,21,2066908,2327.0,37830.0
2026-03-07 13:10:30+00:00,21,21,2068803,1895.0,37860.0
2026-03-07 13:11:00+00:00,21,21,2074363,5560.0,37890.0
2026-03-07 13:11:30+00:00,21,21,2076566,2203.0,37920.0
2026-03-07 13:12:00+00:00,21,21,2079240,2674.0,37950.0
2026-03-07 13:12:30+00:00,21,21,2079247,7.0,37980.0
2026-03-07 13:13:00+00:00,21,21,2081585,2338.0,38010.0
2026-03-07 13:13:30+00:00,21,21,2082015,430.0,38040.0
2026-03-07 13:14:00+00:00,0,0,0,0.0,38070.0
2026-03-07 13:14:30+00:00,21,21,2082523,508.0,38100.0
2026-03-07 13:15:00+00:00,21,21,2082747,224.0,38130.0
2026-03-07 13:15:30+00:00,21,21,2084939,2192.0,38160.0
2026-03-07 13:16:00+00:00,21,21,2084968,29.0,38190.0
2026-03-07 13:16:30+00:00,21,21,2093206,8238.0,38220.0
2026-03-07 13:17:00+00:00,21,21,2096062,2856.0,38250.0
2026-03-07 13:17:30+00:00,21,21,2097371,1309.0,38280.0
2026-03-07 13:18:00+00:00,21,21,2097864,493.0,38310.0
2026-03-07 13:18:30+00:00,21,21,2100647,2783.0,38340.0
2026-03-07 13:19:00+00:00,21,21,2101300,653.0,38370.0
2026-03-07 13:19:30+00:00,21,21,2101901,601.0,38400.0
2026-03-07 13:20:00+00:00,21,21,2103093,1192.0,38430.0
2026-03-07 13:20:30+00:00,21,21,2104097,1004.0,38460.0
2026-03-07 13:21:00+00:00,21,21,2107796,3699.0,38490.0
2026-03-07 13:21:30+00:00,21,21,2116136,8340.0,38520.0
2026-03-07 13:22:00+00:00,21,21,2117179,1043.0,38550.0
2026-03-07 13:22:30+00:00,21,21,2118747,1568.0,38580.0
2026-03-07 13:23:00+00:00,21,21,2119027,280.0,38610.0
2026-03-07 13:23:30+00:00,21,21,2119282,255.0,38640.0
2026-03-07 13:24:00+00:00,21,21,2121578,2296.0,38670.0
2026-03-07 13:24:30+00:00,21,21,2122139,561.0,38700.0
2026-03-07 13:25:00+00:00,21,21,2123646,1507.0,38730.0
2026-03-07 13:25:30+00:00,21,21,2124033,387.0,38760.0
2026-03-07 13:26:00+00:00,21,21,2126532,2499.0,38790.0
2026-03-07 13:26:30+00:00,21,21,2130724,4192.0,38820.0
2026-03-07 13:27:00+00:00,21,21,2135429,4705.0,38850.0
2026-03-07 13:27:30+00:00,21,21,2136084,655.0,38880.0
2026-03-07 13:28:00+00:00,21,21,2136523,439.0,38910.0
2026-03-07 13:28:30+00:00,21,21,2138753,2230.0,38940.0
2026-03-07 13:29:00+00:00,21,21,2138986,233.0,38970.0
2026-03-07 13:29:30+00:00,21,21,2139730,744.0,39000.0
2026-03-07 13:30:00+00:00,21,21,2141632,1902.0,39030.0
2026-03-07 13:30:30+00:00,21,21,2142105,473.0,39060.0
2026-03-07 13:31:00+00:00,21,21,2145859,3754.0,39090.0
2026-03-07 13:31:30+00:00,21,21,2153828,7969.0,39120.0
2026-03-07 13:32:00+00:00,21,21,2155585,1757.0,39150.0
2026-03-07 13:32:30+00:00,21,21,2155764,179.0,39180.0
2026-03-07 13:33:00+00:00,21,21,2156634,870.0,39210.0
2026-03-07 13:33:30+00:00,21,21,2159700,3066.0,39240.0
2026-03-07 13:34:00+00:00,21,21,2160072,372.0,39270.0
2026-03-07 13:34:30+00:00,21,21,2160444,372.0,39300.0
2026-03-07 13:35:00+00:00,0,0,0,0.0,39330.0
2026-03-07 13:35:30+00:00,21,21,2162847,2403.0,39360.0
2026-03-07 13:36:00+00:00,21,21,2162850,3.0,39390.0
2026-03-07 13:36:30+00:00,21,21,2176344,13494.0,39420.0
2026-03-07 13:37:00+00:00,21,21,2177830,1486.0,39450.0
2026-03-07 13:37:30+00:00,21,21,2179477,1647.0,39480.0
2026-03-07 13:38:00+00:00,21,21,2179498,21.0,39510.0
2026-03-07 13:38:30+00:00,21,21,2180401,903.0,39540.0
2026-03-07 13:39:00+00:00,21,21,2183020,2619.0,39570.0
2026-03-07 13:39:30+00:00,21,21,2183797,777.0,39600.0
2026-03-07 13:40:00+00:00,21,21,2184025,228.0,39630.0
2026-03-07 13:40:30+00:00,21,21,2186415,2390.0,39660.0
2026-03-07 13:41:00+00:00,21,21,2193851,7436.0,39690.0
2026-03-07 13:41:30+00:00,21,21,2197871,4020.0,39720.0
2026-03-07 13:42:00+00:00,21,21,2199505,1634.0,39750.0
2026-03-07 13:42:30+00:00,21,21,2200427,922.0,39780.0
2026-03-07 13:43:00+00:00,21,21,2200787,360.0,39810.0
2026-03-07 13:43:30+00:00,21,21,2203905,3118.0,39840.0
2026-03-07 13:44:00+00:00,21,21,2204273,368.0,39870.0
2026-03-07 13:44:30+00:00,21,21,2204772,499.0,39900.0
2026-03-07 13:45:00+00:00,21,21,2207082,2310.0,39930.0
2026-03-07 13:45:30+00:00,21,21,2207085,3.0,39960.0
2026-03-07 13:46:00+00:00,21,21,2214847,7762.0,39990.0
2026-03-07 13:46:30+00:00,21,21,2218497,3650.0,40020.0
2026-03-07 13:47:00+00:00,21,21,2220433,1936.0,40050.0
2026-03-07 13:47:30+00:00,21,21,2220807,374.0,40080.0
2026-03-07 13:48:00+00:00,21,21,2220917,110.0,40110.0
2026-03-07 13:48:30+00:00,21,21,2224454,3537.0,40140.0
2026-03-07 13:49:00+00:00,21,21,2225169,715.0,40170.0
2026-03-07 13:49:30+00:00,21,21,2225572,403.0,40200.0
2026-03-07 13:50:00+00:00,21,21,2227431,1859.0,40230.0
2026-03-07 13:50:30+00:00,21,21,2227902,471.0,40260.0
2026-03-07 13:51:00+00:00,21,21,2239376,11474.0,40290.0
2026-03-07 13:51:30+00:00,21,21,2242077,2701.0,40320.0
2026-03-07 13:52:00+00:00,21,21,2242242,165.0,40350.0
2026-03-07 13:52:30+00:00,21,21,2243741,1499.0,40380.0
2026-03-07 13:53:00+00:00,21,21,2244097,356.0,40410.0
2026-03-07 13:53:30+00:00,21,21,2246738,2641.0,40440.0
2026-03-07 13:54:00+00:00,21,21,2247470,732.0,40470.0
2026-03-07 13:54:30+00:00,21,21,2248090,620.0,40500.0
2026-03-07 13:55:00+00:00,21,21,2249889,1799.0,40530.0
2026-03-07 13:55:30+00:00,21,21,2249916,27.0,40560.0
2026-03-07 13:56:00+00:00,21,21,2253887,3971.0,40590.0
2026-03-07 13:56:30+00:00,0,0,0,0.0,40620.0
2026-03-07 13:57:00+00:00,21,21,2257423,3536.0,40650.0
2026-03-07 13:57:30+00:00,21,21,2257522,99.0,40680.0
2026-03-07 13:58:00+00:00,21,21,2258281,759.0,40710.0
2026-03-07 13:58:30+00:00,21,21,2258752,471.0,40740.0
2026-03-07 13:59:00+00:00,21,21,2260195,1443.0,40770.0
2026-03-07 13:59:30+00:00,21,21,2260755,560.0,40800.0
2026-03-07 14:00:00+00:00,21,21,2260769,14.0,40830.0
2026-03-07 14:00:30+00:00,21,21,2262085,1316.0,40860.0
2026-03-07 14:01:00+00:00,21,21,2262088,3.0,40890.0
2026-03-07 14:01:30+00:00,21,21,2268124,6036.0,40920.0
2026-03-07 14:02:00+00:00,21,21,2269210,1086.0,40950.0
2026-03-07 14:02:30+00:00,21,21,2269664,454.0,40980.0
2026-03-07 14:03:00+00:00,21,21,2271030,1366.0,41010.0
2026-03-07 14:03:30+00:00,21,21,2272712,1682.0,41040.0
2026-03-07 14:04:00+00:00,21,21,2273047,335.0,41070.0
2026-03-07 14:04:30+00:00,21,21,2273377,330.0,41100.0
2026-03-07 14:05:00+00:00,21,21,2273704,327.0,41130.0
2026-03-07 14:05:30+00:00,21,21,2275272,1568.0,41160.0
2026-03-07 14:06:00+00:00,21,21,2277009,1737.0,41190.0
2026-03-07 14:06:30+00:00,21,21,2280946,3937.0,41220.0
2026-03-07 14:07:00+00:00,21,21,2284575,3629.0,41250.0
2026-03-07 14:07:30+00:00,21,21,2286238,1663.0,41280.0
2026-03-07 14:08:00+00:00,21,21,2286297,59.0,41310.0
2026-03-07 14:08:30+00:00,21,21,2288868,2571.0,41340.0
2026-03-07 14:09:00+00:00,21,21,2289429,561.0,41370.0
2026-03-07 14:09:30+00:00,21,21,2290125,696.0,41400.0
2026-03-07 14:10:00+00:00,21,21,2291287,1162.0,41430.0
2026-03-07 14:10:30+00:00,21,21,2292530,1243.0,41460.0
2026-03-07 14:11:00+00:00,21,21,2301012,8482.0,41490.0
2026-03-07 14:11:30+00:00,21,21,2305554,4542.0,41520.0
2026-03-07 14:12:00+00:00,21,21,2306956,1402.0,41550.0
2026-03-07 14:12:30+00:00,21,21,2307396,440.0,41580.0
2026-03-07 14:13:00+00:00,21,21,2310387,2991.0,41610.0
2026-03-07 14:13:30+00:00,21,21,2310645,258.0,41640.0
2026-03-07 14:14:00+00:00,21,21,2311316,671.0,41670.0
2026-03-07 14:14:30+00:00,21,21,2311705,389.0,41700.0
2026-03-07 14:15:00+00:00,21,21,2313899,2194.0,41730.0
2026-03-07 14:15:30+00:00,21,21,2317505,3606.0,41760.0
2026-03-07 14:16:00+00:00,21,21,2323173,5668.0,41790.0
2026-03-07 14:16:30+00:00,0,0,0,0.0,41820.0
2026-03-07 14:17:00+00:00,21,21,2327858,4685.0,41850.0
2026-03-07 14:17:30+00:00,21,21,2330081,2223.0,41880.0
2026-03-07 14:18:00+00:00,21,21,2330084,3.0,41910.0
2026-03-07 14:18:30+00:00,21,21,2333323,3239.0,41940.0
2026-03-07 14:19:00+00:00,21,21,2333857,534.0,41970.0
2026-03-07 14:19:30+00:00,21,21,2334931,1074.0,42000.0
2026-03-07 14:20:00+00:00,21,21,2336361,1430.0,42030.0
2026-03-07 14:20:30+00:00,21,21,2337548,1187.0,42060.0
2026-03-07 14:21:00+00:00,21,21,2344384,6836.0,42090.0
2026-03-07 14:21:30+00:00,21,21,2348379,3995.0,42120.0
2026-03-07 14:22:00+00:00,21,21,2350836,2457.0,42150.0
2026-03-07 14:22:30+00:00,21,21,2352241,1405.0,42180.0
2026-03-07 14:23:00+00:00,21,21,2352301,60.0,42210.0
2026-03-07 14:23:30+00:00,21,21,2352308,7.0,42240.0
2026-03-07 14:24:00+00:00,21,21,2354623,2315.0,42270.0
2026-03-07 14:24:30+00:00,21,21,2354986,363.0,42300.0
2026-03-07 14:25:00+00:00,21,21,2355236,250.0,42330.0
2026-03-07 14:25:30+00:00,21,21,2356357,1121.0,42360.0
2026-03-07 14:26:00+00:00,21,21,2356514,157.0,42390.0
2026-03-07 14:26:30+00:00,21,21,2360887,4373.0,42420.0
2026-03-07 14:27:00+00:00,21,21,2364171,3284.0,42450.0
2026-03-07 14:27:30+00:00,21,21,2364511,340.0,42480.0
2026-03-07 14:28:00+00:00,21,21,2365845,1334.0,42510.0
2026-03-07 14:28:30+00:00,21,21,2366761,916.0,42540.0
2026-03-07 14:29:00+00:00,0,0,0,0.0,42570.0
2026-03-07 14:29:30+00:00,0,0,0,0.0,42600.0
2026-03-07 14:30:00+00:00,21,21,2370462,3701.0,42630.0
2026-03-07 14:30:30+00:00,21,21,2371192,730.0,42660.0
2026-03-07 14:31:00+00:00,21,21,2376249,5057.0,42690.0
2026-03-07 14:31:30+00:00,21,21,2384792,8543.0,42720.0
2026-03-07 14:32:00+00:00,21,21,2385080,288.0,42750.0
2026-03-07 14:32:30+00:00,21,21,2386387,1307.0,42780.0
2026-03-07 14:33:00+00:00,21,21,2386984,597.0,42810.0
2026-03-07 14:33:30+00:00,21,21,2390453,3469.0,42840.0
2026-03-07 14:34:00+00:00,21,21,2391323,870.0,42870.0
2026-03-07 14:34:30+00:00,21,21,2391632,309.0,42900.0
2026-03-07 14:35:00+00:00,21,21,2394192,2560.0,42930.0
2026-03-07 14:35:30+00:00,21,21,2394198,6.0,42960.0
2026-03-07 14:36:00+00:00,21,21,2402204,8006.0,42990.0
2026-03-07 14:36:30+00:00,21,21,2407685,5481.0,43020.0
2026-03-07 14:37:00+00:00,21,21,2408982,1297.0,43050.0
2026-03-07 14:37:30+00:00,21,21,2408993,11.0,43080.0
2026-03-07 14:38:00+00:00,0,0,0,0.0,43110.0
2026-03-07 14:38:30+00:00,21,21,2411875,2882.0,43140.0
2026-03-07 14:39:00+00:00,21,21,2413231,1356.0,43170.0
2026-03-07 14:39:30+00:00,21,21,2413608,377.0,43200.0
2026-03-07 14:40:00+00:00,21,21,2414265,657.0,43230.0
2026-03-07 14:40:30+00:00,21,21,2414671,406.0,43260.0
2026-03-07 14:41:00+00:00,21,21,2416913,2242.0,43290.0
2026-03-07 14:41:30+00:00,21,21,2425625,8712.0,43320.0
2026-03-07 14:42:00+00:00,21,21,2432315,6690.0,43350.0
2026-03-07 14:42:30+00:00,21,21,2433655,1340.0,43380.0
2026-03-07 14:43:00+00:00,21,21,2435094,1439.0,43410.0
2026-03-07 14:43:30+00:00,21,21,2438292,3198.0,43440.0
2026-03-07 14:44:00+00:00,21,21,2438695,403.0,43470.0
2026-03-07 14:44:30+00:00,21,21,2439917,1222.0,43500.0
2026-03-07 14:45:00+00:00,21,21,2442629,2712.0,43530.0
2026-03-07 14:45:30+00:00,21,21,2442852,223.0,43560.0
2026-03-07 14:46:00+00:00,21,21,2454227,11375.0,43590.0
2026-03-07 14:46:30+00:00,21,21,2459003,4776.0,43620.0
2026-03-07 14:47:00+00:00,21,21,2459792,789.0,43650.0
2026-03-07 14:47:30+00:00,21,21,2461165,1373.0,43680.0
2026-03-07 14:48:00+00:00,21,21,2461573,408.0,43710.0
2026-03-07 14:48:30+00:00,21,21,2462212,639.0,43740.0
2026-03-07 14:49:00+00:00,21,21,2465971,3759.0,43770.0
2026-03-07 14:49:30+00:00,21,21,2466930,959.0,43800.0
2026-03-07 14:50:00+00:00,21,21,2469386,2456.0,43830.0
2026-03-07 14:50:30+00:00,21,21,2470093,707.0,43860.0
2026-03-07 14:51:00+00:00,21,21,2475144,5051.0,43890.0
2026-03-07 14:51:30+00:00,21,21,2483625,8481.0,43920.0
2026-03-07 14:52:00+00:00,21,21,2484639,1014.0,43950.0
2026-03-07 14:52:30+00:00,21,21,2485541,902.0,43980.0
2026-03-07 14:53:00+00:00,21,21,2486932,1391.0,44010.0
2026-03-07 14:53:30+00:00,21,21,2489016,2084.0,44040.0
2026-03-07 14:54:00+00:00,21,21,2489559,543.0,44070.0
2026-03-07 14:54:30+00:00,21,21,2489734,175.0,44100.0
2026-03-07 14:55:00+00:00,21,21,2489735,1.0,44130.0
2026-03-07 14:55:30+00:00,21,21,2490790,1055.0,44160.0
2026-03-07 14:56:00+00:00,21,21,2494523,3733.0,44190.0
2026-03-07 14:56:30+00:00,21,21,2496771,2248.0,44220.0
2026-03-07 14:57:00+00:00,21,21,2497006,235.0,44250.0
2026-03-07 14:57:30+00:00,21,21,2497756,750.0,44280.0
2026-03-07 14:58:00+00:00,21,21,2497892,136.0,44310.0
2026-03-07 14:58:30+00:00,0,0,0,0.0,44340.0
2026-03-07 14:59:00+00:00,21,21,2498071,179.0,44370.0
2026-03-07 14:59:30+00:00,21,21,2499384,1313.0,44400.0
2026-03-07 15:00:00+00:00,21,21,2499571,187.0,44430.0
2026-03-07 15:00:30+00:00,21,21,2500798,1227.0,44460.0
2026-03-07 15:01:00+00:00,21,21,2500842,44.0,44490.0
2026-03-07 15:01:30+00:00,21,21,2504376,3534.0,44520.0
2026-03-07 15:02:00+00:00,21,21,2507665,3289.0,44550.0
2026-03-07 15:02:30+00:00,21,21,2508225,560.0,44580.0
2026-03-07 15:03:00+00:00,21,21,2508494,269.0,44610.0
2026-03-07 15:03:30+00:00,21,21,2508964,470.0,44640.0
2026-03-07 15:04:00+00:00,21,21,2510476,1512.0,44670.0
2026-03-07 15:04:30+00:00,21,21,2511068,592.0,44700.0
2026-03-07 15:05:00+00:00,21,21,2512094,1026.0,44730.0
2026-03-07 15:05:30+00:00,21,21,2512490,396.0,44760.0
2026-03-07 15:06:00+00:00,21,21,2514652,2162.0,44790.0
2026-03-07 15:06:30+00:00,21,21,2519670,5018.0,44820.0
2026-03-07 15:07:00+00:00,21,21,2520203,533.0,44850.0
2026-03-07 15:07:30+00:00,21,21,2520316,113.0,44880.0
2026-03-07 15:08:00+00:00,21,21,2521425,1109.0,44910.0
2026-03-07 15:08:30+00:00,21,21,2522986,1561.0,44940.0
2026-03-07 15:09:00+00:00,21,21,2523115,129.0,44970.0
2026-03-07 15:09:30+00:00,21,21,2523705,590.0,45000.0
2026-03-07 15:10:00+00:00,21,21,2524530,825.0,45030.0
2026-03-07 15:10:30+00:00,21,21,2524738,208.0,45060.0
2026-03-07 15:11:00+00:00,21,21,2528516,3778.0,45090.0
2026-03-07 15:11:30+00:00,21,21,2531982,3466.0,45120.0
2026-03-07 15:12:00+00:00,21,21,2532854,872.0,45150.0
2026-03-07 15:12:30+00:00,21,21,2532999,145.0,45180.0
2026-03-07 15:13:00+00:00,21,21,2533974,975.0,45210.0
2026-03-07 15:13:30+00:00,21,21,2534479,505.0,45240.0
2026-03-07 15:14:00+00:00,21,21,2536322,1843.0,45270.0
2026-03-07 15:14:30+00:00,21,21,2536837,515.0,45300.0
2026-03-07 15:15:00+00:00,21,21,2538772,1935.0,45330.0
2026-03-07 15:15:30+00:00,21,21,2538893,121.0,45360.0
2026-03-07 15:16:00+00:00,21,21,2541731,2838.0,45390.0
2026-03-07 15:16:30+00:00,21,21,2546684,4953.0,45420.0
2026-03-07 15:17:00+00:00,21,21,2548723,2039.0,45450.0
2026-03-07 15:17:30+00:00,21,21,2548769,46.0,45480.0
2026-03-07 15:18:00+00:00,21,21,2550633,1864.0,45510.0
2026-03-07 15:18:30+00:00,21,21,2551920,1287.0,45540.0
2026-03-07 15:19:00+00:00,0,0,0,0.0,45570.0
2026-03-07 15:19:30+00:00,21,21,2552617,697.0,45600.0
2026-03-07 15:20:00+00:00,21,21,2552690,73.0,45630.0
2026-03-07 15:20:30+00:00,21,21,2553348,658.0,45660.0
2026-03-07 15:21:00+00:00,21,21,2554457,1109.0,45690.0
2026-03-07 15:21:30+00:00,21,21,2561425,6968.0,45720.0
2026-03-07 15:22:00+00:00,21,21,2564287,2862.0,45750.0
2026-03-07 15:22:30+00:00,21,21,2565313,1026.0,45780.0
2026-03-07 15:23:00+00:00,21,21,2566459,1146.0,45810.0
2026-03-07 15:23:30+00:00,21,21,2566622,163.0,45840.0
2026-03-07 15:24:00+00:00,21,21,2568929,2307.0,45870.0
2026-03-07 15:24:30+00:00,21,21,2569851,922.0,45900.0
2026-03-07 15:25:00+00:00,21,21,2571012,1161.0,45930.0
2026-03-07 15:25:30+00:00,21,21,2571439,427.0,45960.0
2026-03-07 15:26:00+00:00,21,21,2575451,4012.0,45990.0
2026-03-07 15:26:30+00:00,21,21,2580829,5391.0,46020.0
2026-03-07 15:27:00+00:00,21,21,2581547,718.0,46050.0
2026-03-07 15:27:30+00:00,21,21,2582085,538.0,46080.0
2026-03-07 15:28:00+00:00,21,21,2582176,91.0,46110.0
2026-03-07 15:28:30+00:00,21,21,2582299,123.0,46140.0
2026-03-07 15:29:00+00:00,21,21,2582840,541.0,46170.0
2026-03-07 15:29:30+00:00,21,21,2582946,106.0,46200.0
2026-03-07 15:30:00+00:00,21,21,2583047,101.0,46230.0
2026-03-07 15:30:30+00:00,21,21,2583556,509.0,46260.0
2026-03-07 15:31:00+00:00,21,21,2583569,13.0,46290.0
2026-03-07 15:31:30+00:00,21,21,2585517,1948.0,46320.0
2026-03-07 15:32:00+00:00,21,21,2586552,1035.0,46350.0
2026-03-07 15:32:30+00:00,21,21,2586801,249.0,46380.0
2026-03-07 15:33:00+00:00,21,21,2587550,749.0,46410.0
2026-03-07 15:33:30+00:00,21,21,2587837,287.0,46440.0
2026-03-07 15:34:00+00:00,21,21,2588056,219.0,46470.0
2026-03-07 15:34:30+00:00,21,21,2589780,1724.0,46500.0
2026-03-07 15:35:00+00:00,21,21,2589979,199.0,46530.0
2026-03-07 15:35:30+00:00,21,21,2590111,132.0,46560.0
2026-03-07 15:36:00+00:00,21,21,2594134,4023.0,46590.0
2026-03-07 15:36:30+00:00,21,21,2597437,3303.0,46620.0
2026-03-07 15:37:00+00:00,21,21,2600507,3070.0,46650.0
2026-03-07 15:37:30+00:00,21,21,2601976,1469.0,46680.0
2026-03-07 15:38:00+00:00,21,21,2602073,97.0,46710.0
2026-03-07 15:38:30+00:00,21,21,2602621,548.0,46740.0
2026-03-07 15:39:00+00:00,21,21,2605672,3051.0,46770.0
2026-03-07 15:39:30+00:00,21,21,2606457,785.0,46800.0
2026-03-07 15:40:00+00:00,21,21,2606998,541.0,46830.0
2026-03-07 15:40:30+00:00,0,0,0,0.0,46860.0
2026-03-07 15:41:00+00:00,21,21,2609891,2893.0,46890.0
2026-03-07 15:41:30+00:00,21,21,2620890,10999.0,46920.0
2026-03-07 15:42:00+00:00,21,21,2626237,5347.0,46950.0
2026-03-07 15:42:30+00:00,21,21,2630650,4413.0,46980.0
2026-03-07 15:43:00+00:00,21,21,2631197,547.0,47010.0
2026-03-07 15:43:30+00:00,21,21,2632220,1023.0,47040.0
2026-03-07 15:44:00+00:00,21,21,2634653,2433.0,47070.0
2026-03-07 15:44:30+00:00,21,21,2636289,1636.0,47100.0
2026-03-07 15:45:00+00:00,21,21,2636244,6.0,47130.0
2026-03-07 15:45:30+00:00,21,21,2637940,1696.0,47160.0
2026-03-07 15:46:00+00:00,21,21,2639147,1207.0,47190.0
2026-03-07 15:46:30+00:00,21,21,2649004,9857.0,47220.0
2026-03-07 15:47:00+00:00,21,21,2658362,9358.0,47250.0
2026-03-07 15:47:30+00:00,21,21,2660060,1698.0,47280.0
2026-03-07 15:48:00+00:00,21,21,2662204,2144.0,47310.0
2026-03-07 15:48:30+00:00,21,21,2662719,515.0,47340.0
2026-03-07 15:49:00+00:00,21,21,2667585,4866.0,47370.0
2026-03-07 15:49:30+00:00,21,21,2669343,1758.0,47400.0
2026-03-07 15:50:00+00:00,21,21,2670574,1231.0,47430.0
2026-03-07 15:50:30+00:00,21,21,2673501,2927.0,47460.0
2026-03-07 15:51:00+00:00,21,21,2675771,2270.0,47490.0
2026-03-07 15:51:30+00:00,21,21,2678620,2849.0,47520.0
2026-03-07 15:52:00+00:00,21,21,2700071,21451.0,47550.0
2026-03-07 15:52:30+00:00,21,21,2700570,499.0,47580.0
2026-03-07 15:53:00+00:00,21,21,2704325,3755.0,47610.0
2026-03-07 15:53:30+00:00,21,21,2704846,521.0,47640.0
2026-03-07 15:54:00+00:00,21,21,2709343,4497.0,47670.0
2026-03-07 15:54:30+00:00,21,21,2710157,814.0,47700.0
2026-03-07 15:55:00+00:00,21,21,2712451,2294.0,47730.0
2026-03-07 15:55:30+00:00,21,21,2713817,1366.0,47760.0
2026-03-07 15:56:00+00:00,21,21,2719534,5717.0,47790.0
2026-03-07 15:56:30+00:00,21,21,2728151,8617.0,47820.0
2026-03-07 15:57:00+00:00,21,21,2734185,6034.0,47850.0
2026-03-07 15:57:30+00:00,21,21,2734424,239.0,47880.0
2026-03-07 15:58:00+00:00,21,21,2735210,786.0,47910.0
2026-03-07 15:58:30+00:00,21,21,2738505,3348.0,47940.0
2026-03-07 15:59:00+00:00,21,21,2738582,77.0,47970.0
2026-03-07 15:59:30+00:00,21,21,2740519,1937.0,48000.0
2026-03-07 16:00:00+00:00,21,21,2742448,1929.0,48030.0
2026-03-07 16:00:30+00:00,21,21,2742977,529.0,48060.0
2026-03-07 16:01:00+00:00,0,0,0,0.0,48090.0
2026-03-07 16:01:30+00:00,21,21,2752253,9276.0,48120.0
2026-03-07 16:02:00+00:00,21,21,2755107,2854.0,48150.0
2026-03-07 16:02:30+00:00,21,21,2755777,670.0,48180.0
2026-03-07 16:03:00+00:00,21,21,2757133,1356.0,48210.0
2026-03-07 16:03:30+00:00,21,21,2757414,281.0,48240.0
2026-03-07 16:04:00+00:00,21,21,2759154,1740.0,48270.0
2026-03-07 16:04:30+00:00,21,21,2759504,350.0,48300.0
2026-03-07 16:05:00+00:00,21,21,2760020,516.0,48330.0
2026-03-07 16:05:30+00:00,21,21,2760213,193.0,48360.0
2026-03-07 16:06:00+00:00,21,21,2762375,2162.0,48390.0
2026-03-07 16:06:30+00:00,21,21,2769312,6937.0,48420.0
2026-03-07 16:07:00+00:00,21,21,2771432,2120.0,48450.0
2026-03-07 16:07:30+00:00,21,21,2773112,1680.0,48480.0
2026-03-07 16:08:00+00:00,21,21,2773501,389.0,48510.0
2026-03-07 16:08:30+00:00,21,21,2775674,2173.0,48540.0
2026-03-07 16:09:00+00:00,21,21,2776608,934.0,48570.0
2026-03-07 16:09:30+00:00,21,21,2777288,680.0,48600.0
2026-03-07 16:10:00+00:00,21,21,2778624,1336.0,48630.0
2026-03-07 16:10:30+00:00,21,21,2778995,371.0,48660.0
2026-03-07 16:11:00+00:00,21,21,2786472,7477.0,48690.0
2026-03-07 16:11:30+00:00,21,21,2789605,3133.0,48720.0
2026-03-07 16:12:00+00:00,21,21,2790728,1123.0,48750.0
2026-03-07 16:12:30+00:00,21,21,2792025,1297.0,48780.0
2026-03-07 16:13:00+00:00,21,21,2792377,352.0,48810.0
2026-03-07 16:13:30+00:00,21,21,2794921,2544.0,48840.0
2026-03-07 16:14:00+00:00,21,21,2795632,711.0,48870.0
2026-03-07 16:14:30+00:00,21,21,2795877,245.0,48900.0
2026-03-07 16:15:00+00:00,21,21,2797448,1571.0,48930.0
2026-03-07 16:15:30+00:00,21,21,2797499,51.0,48960.0
2026-03-07 16:16:00+00:00,21,21,2803554,6055.0,48990.0
2026-03-07 16:16:30+00:00,21,21,2805229,1675.0,49020.0
2026-03-07 16:17:00+00:00,21,21,2807144,1915.0,49050.0
2026-03-07 16:17:30+00:00,21,21,2808271,1127.0,49080.0
2026-03-07 16:18:00+00:00,21,21,2808660,389.0,49110.0
2026-03-07 16:18:30+00:00,21,21,2809918,1258.0,49140.0
2026-03-07 16:19:00+00:00,21,21,2809513,405.0,49170.0
2026-03-07 16:19:30+00:00,21,21,2809629,116.0,49200.0
2026-03-07 16:20:00+00:00,21,21,2809696,682.0,49230.0
2026-03-07 16:20:30+00:00,21,21,2809895,199.0,49260.0
2026-03-07 16:21:00+00:00,21,21,2811339,1466.0,49290.0
2026-03-07 16:21:30+00:00,0,0,0,0.0,49320.0
2026-03-07 16:22:00+00:00,21,21,2814788,3449.0,49350.0
2026-03-07 16:22:30+00:00,21,21,2815076,288.0,49380.0
2026-03-07 16:23:00+00:00,21,21,2815253,177.0,49410.0
2026-03-07 16:23:30+00:00,21,21,2816024,771.0,49440.0
2026-03-07 16:24:00+00:00,21,21,2817495,1471.0,49470.0
2026-03-07 16:24:30+00:00,21,21,2818269,774.0,49500.0
2026-03-07 16:25:00+00:00,21,21,2818586,317.0,49530.0
2026-03-07 16:25:30+00:00,21,21,2819757,1171.0,49560.0
2026-03-07 16:26:00+00:00,21,21,2820421,664.0,49590.0
2026-03-07 16:26:30+00:00,21,21,2831311,10890.0,49620.0
2026-03-07 16:27:00+00:00,21,21,2834272,2961.0,49650.0
2026-03-07 16:27:30+00:00,21,21,2835105,833.0,49680.0
2026-03-07 16:28:00+00:00,21,21,2836116,1011.0,49710.0
2026-03-07 16:28:30+00:00,21,21,2836494,378.0,49740.0
2026-03-07 16:29:00+00:00,21,21,2838697,2203.0,49770.0
2026-03-07 16:29:30+00:00,21,21,2840091,1394.0,49800.0
2026-03-07 16:30:00+00:00,21,21,2840601,510.0,49830.0
2026-03-07 16:30:30+00:00,21,21,2842139,1538.0,49860.0
2026-03-07 16:31:00+00:00,21,21,2844501,2362.0,49890.0
2026-03-07 16:31:30+00:00,21,21,2852588,8087.0,49920.0
2026-03-07 16:32:00+00:00,21,21,2853418,830.0,49950.0
2026-03-07 16:32:30+00:00,21,21,2856114,2696.0,49980.0
2026-03-07 16:33:00+00:00,21,21,2856563,449.0,50010.0
2026-03-07 16:33:30+00:00,21,21,2858072,1509.0,50040.0
2026-03-07 16:34:00+00:00,21,21,2859253,1181.0,50070.0
2026-03-07 16:34:30+00:00,21,21,2860553,1300.0,50100.0
2026-03-07 16:35:00+00:00,21,21,2862367,1831.0,50130.0
2026-03-07 16:35:30+00:00,21,21,2862490,123.0,50160.0
2026-03-07 16:36:00+00:00,21,21,2871020,8530.0,50190.0
2026-03-07 16:36:30+00:00,21,21,2873677,2657.0,50220.0
2026-03-07 16:37:00+00:00,21,21,2874566,889.0,50250.0
2026-03-07 16:37:30+00:00,21,21,2875430,864.0,50280.0
2026-03-07 16:38:00+00:00,21,21,2875659,229.0,50310.0
2026-03-07 16:38:30+00:00,21,21,2875946,412.0,50340.0
2026-03-07 16:39:00+00:00,21,21,2876399,453.0,50370.0
2026-03-07 16:39:30+00:00,21,21,2877085,686.0,50400.0
2026-03-07 16:40:00+00:00,21,21,2878818,1733.0,50430.0
2026-03-07 16:40:30+00:00,21,21,2878900,82.0,50460.0
2026-03-07 16:41:00+00:00,21,21,2885881,6981.0,50490.0
2026-03-07 16:41:30+00:00,21,21,2889636,3755.0,50520.0
2026-03-07 16:42:00+00:00,0,0,0,0.0,50550.0
2026-03-07 16:42:30+00:00,21,21,2890884,1248.0,50580.0
2026-03-07 16:43:00+00:00,21,21,2891307,423.0,50610.0
2026-03-07 16:43:30+00:00,21,21,2891923,616.0,50640.0
2026-03-07 16:44:00+00:00,21,21,2894368,2445.0,50670.0
2026-03-07 16:44:30+00:00,21,21,2895548,1180.0,50700.0
2026-03-07 16:45:00+00:00,21,21,2897794,2246.0,50730.0
2026-03-07 16:45:30+00:00,21,21,2898467,673.0,50760.0
2026-03-07 16:46:00+00:00,21,21,2899558,1754.0,50790.0
2026-03-07 16:46:30+00:00,21,21,2911098,11540.0,50820.0
2026-03-07 16:47:00+00:00,21,21,2911583,485.0,50850.0
2026-03-07 16:47:30+00:00,21,21,2912889,1306.0,50880.0
2026-03-07 16:48:00+00:00,21,21,2913054,165.0,50910.0
2026-03-07 16:48:30+00:00,21,21,2915891,2837.0,50940.0
2026-03-07 16:49:00+00:00,21,21,2916021,130.0,50970.0
2026-03-07 16:49:30+00:00,21,21,2917193,1172.0,51000.0
2026-03-07 16:50:00+00:00,21,21,2918567,1374.0,51030.0
2026-03-07 16:50:30+00:00,21,21,2919109,542.0,51060.0
2026-03-07 16:51:00+00:00,21,21,2924801,5692.0,51090.0
2026-03-07 16:51:30+00:00,21,21,2933418,8617.0,51120.0
2026-03-07 16:52:00+00:00,21,21,2933918,500.0,51150.0
2026-03-07 16:52:30+00:00,21,21,2935408,1490.0,51180.0
2026-03-07 16:53:00+00:00,21,21,2935408,0.0,51210.0
2026-03-07 16:53:30+00:00,21,21,2937575,2868.0,51240.0
2026-03-07 16:54:00+00:00,21,21,2937836,261.0,51270.0
2026-03-07 16:54:30+00:00,21,21,2938171,345.0,51300.0
2026-03-07 16:55:00+00:00,21,21,2939143,972.0,51330.0
2026-03-07 16:55:30+00:00,21,21,2939143,0.0,51360.0
2026-03-07 16:56:00+00:00,21,21,2941406,2263.0,51390.0
2026-03-07 16:56:30+00:00,21,21,2944538,3132.0,51420.0
2026-03-07 16:57:00+00:00,21,21,2945088,550.0,51450.0
2026-03-07 16:57:30+00:00,21,21,2945666,578.0,51480.0
2026-03-07 16:58:00+00:00,21,21,2945883,217.0,51510.0
2026-03-07 16:58:30+00:00,21,21,2946181,298.0,51540.0
2026-03-07 16:59:00+00:00,21,21,2947593,1412.0,51570.0
2026-03-07 16:59:30+00:00,21,21,2948317,724.0,51600.0
2026-03-07 17:00:00+00:00,21,21,2948621,304.0,51630.0
2026-03-07 17:00:30+00:00,21,21,2949760,1139.0,51660.0
2026-03-07 17:01:00+00:00,21,21,2957880,8120.0,51690.0
2026-03-07 17:01:30+00:00,21,21,2961637,3757.0,51720.0
2026-03-07 17:02:00+00:00,21,21,2961866,229.0,51750.0
2026-03-07 17:02:30+00:00,0,0,0,0.0,51780.0
2026-03-07 17:03:00+00:00,21,21,2962801,935.0,51810.0
2026-03-07 17:03:30+00:00,21,21,2963264,463.0,51840.0
2026-03-07 17:04:00+00:00,21,21,2965200,1936.0,51870.0
2026-03-07 17:04:30+00:00,21,21,2965943,743.0,51900.0
2026-03-07 17:05:00+00:00,21,21,2966205,262.0,51930.0
2026-03-07 17:05:30+00:00,21,21,2967991,1888.0,51960.0
2026-03-07 17:06:00+00:00,21,21,2967962,14.0,51990.0
2026-03-07 17:06:30+00:00,21,21,2978930,10968.0,52020.0
2026-03-07 17:07:00+00:00,21,21,2981066,2136.0,52050.0
2026-03-07 17:07:30+00:00,21,21,2982105,1039.0,52080.0
2026-03-07 17:08:00+00:00,21,21,2982507,402.0,52110.0
2026-03-07 17:08:30+00:00,21,21,2984488,1981.0,52140.0
2026-03-07 17:09:00+00:00,21,21,2985501,1013.0,52170.0
2026-03-07 17:09:30+00:00,21,21,2986016,515.0,52200.0
2026-03-07 17:10:00+00:00,21,21,2987347,1331.0,52230.0
2026-03-07 17:10:30+00:00,21,21,2987866,519.0,52260.0
2026-03-07 17:11:00+00:00,21,21,2991022,3306.0,52290.0
2026-03-07 17:11:30+00:00,21,21,2995114,4092.0,52320.0
2026-03-07 17:12:00+00:00,21,21,2996583,1469.0,52350.0
2026-03-07 17:12:30+00:00,21,21,2996972,389.0,52380.0
2026-03-07 17:13:00+00:00,21,21,2997314,425.0,52410.0
2026-03-07 17:13:30+00:00,21,21,2999122,1808.0,52440.0
2026-03-07 17:14:00+00:00,21,21,2999707,585.0,52470.0
2026-03-07 17:14:30+00:00,21,21,3000375,668.0,52500.0
2026-03-07 17:15:00+00:00,21,21,3000424,49.0,52530.0
2026-03-07 17:15:30+00:00,21,21,3001737,1313.0,52560.0
2026-03-07 17:16:00+00:00,21,21,3009508,7771.0,52590.0
2026-03-07 17:16:30+00:00,21,21,3011375,1867.0,52620.0
2026-03-07 17:17:00+00:00,21,21,3013560,2185.0,52650.0
2026-03-07 17:17:30+00:00,21,21,3014422,862.0,52680.0
2026-03-07 17:18:00+00:00,21,21,3017025,2603.0,52710.0
2026-03-07 17:18:30+00:00,21,21,3017224,199.0,52740.0
2026-03-07 17:19:00+00:00,21,21,3018142,918.0,52770.0
2026-03-07 17:19:30+00:00,21,21,3018403,261.0,52800.0
2026-03-07 17:20:00+00:00,21,21,3020343,1940.0,52830.0
2026-03-07 17:20:30+00:00,21,21,3020494,151.0,52860.0
2026-03-07 17:21:00+00:00,21,21,3030036,9542.0,52890.0
2026-03-07 17:21:30+00:00,21,21,3033827,3791.0,52920.0
2026-03-07 17:22:00+00:00,21,21,3034027,200.0,52950.0
2026-03-07 17:22:30+00:00,21,21,3035292,1265.0,52980.0
2026-03-07 17:23:00+00:00,0,0,0,0.0,53010.0
2026-03-07 17:23:30+00:00,21,21,3036071,779.0,53040.0
2026-03-07 17:24:00+00:00,21,21,3038450,2379.0,53070.0
2026-03-07 17:24:30+00:00,21,21,3039258,808.0,53100.0
2026-03-07 17:25:00+00:00,21,21,3039371,113.0,53130.0
2026-03-07 17:25:30+00:00,21,21,3040988,1617.0,53160.0
2026-03-07 17:26:00+00:00,21,21,3043124,2136.0,53190.0
2026-03-07 17:26:30+00:00,21,21,3048408,5284.0,53220.0
2026-03-07 17:27:00+00:00,21,21,3052184,3776.0,53250.0
2026-03-07 17:27:30+00:00,21,21,3053075,976.0,53280.0
2026-03-07 17:28:00+00:00,21,21,3053309,234.0,53310.0
2026-03-07 17:28:30+00:00,21,21,3055568,2259.0,53340.0
2026-03-07 17:29:00+00:00,21,21,3055748,180.0,53370.0
2026-03-07 17:29:30+00:00,21,21,3056291,543.0,53400.0
2026-03-07 17:30:00+00:00,21,21,3056439,148.0,53430.0
2026-03-07 17:30:30+00:00,21,21,3057402,963.0,53460.0
2026-03-07 17:31:00+00:00,21,21,3059576,2174.0,53490.0
2026-03-07 17:31:30+00:00,21,21,3062996,3420.0,53520.0
2026-03-07 17:32:00+00:00,21,21,3065120,2124.0,53550.0
2026-03-07 17:32:30+00:00,21,21,3065580,460.0,53580.0
2026-03-07 17:33:00+00:00,21,21,3065891,311.0,53610.0
2026-03-07 17:33:30+00:00,21,21,3066095,204.0,53640.0
2026-03-07 17:34:00+00:00,21,21,3067749,1659.0,53670.0
2026-03-07 17:34:30+00:00,21,21,3068289,540.0,53700.0
2026-03-07 17:35:00+00:00,21,21,3068495,206.0,53730.0
2026-03-07 17:35:30+00:00,21,21,3070031,1536.0,53760.0
2026-03-07 17:36:00+00:00,21,21,3078385,8354.0,53790.0
2026-03-07 17:36:30+00:00,21,21,3081564,3179.0,53820.0
2026-03-07 17:37:00+00:00,21,21,3083107,1543.0,53850.0
2026-03-07 17:37:30+00:00,21,21,3083127,20.0,53880.0
2026-03-07 17:38:00+00:00,21,21,3083551,424.0,53910.0
2026-03-07 17:38:30+00:00,21,21,3086671,3120.0,53940.0
2026-03-07 17:39:00+00:00,21,21,3087735,1064.0,53970.0
2026-03-07 17:39:30+00:00,21,21,3088139,404.0,54000.0
2026-03-07 17:40:00+00:00,21,21,3089589,1450.0,54030.0
2026-03-07 17:40:30+00:00,21,21,3094639,5050.0,54060.0
2026-03-07 17:41:00+00:00,21,21,3101760,7121.0,54090.0
2026-03-07 17:41:30+00:00,21,21,3102710,950.0,54120.0
2026-03-07 17:42:00+00:00,21,21,3104229,1519.0,54150.0
2026-03-07 17:42:30+00:00,21,21,3104356,127.0,54180.0
2026-03-07 17:43:00+00:00,0,0,0,0.0,54210.0
2026-03-07 17:43:30+00:00,21,21,3106485,2129.0,54240.0
2026-03-07 17:44:00+00:00,21,21,3107237,752.0,54270.0
2026-03-07 17:44:30+00:00,21,21,3108103,866.0,54300.0
2026-03-07 17:45:00+00:00,21,21,3109174,1071.0,54330.0
2026-03-07 17:45:30+00:00,21,21,3109812,638.0,54360.0
2026-03-07 17:46:00+00:00,21,21,3109812,0.0,54390.0
2026-03-07 17:46:30+00:00,21,21,3117631,7819.0,54420.0
2026-03-07 17:47:00+00:00,21,21,3120804,3173.0,54450.0
2026-03-07 17:47:30+00:00,21,21,3121714,910.0,54480.0
2026-03-07 17:48:00+00:00,21,21,3121849,135.0,54510.0
2026-03-07 17:48:30+00:00,21,21,3122668,819.0,54540.0
2026-03-07 17:49:00+00:00,21,21,3124591,1923.0,54570.0
2026-03-07 17:49:30+00:00,21,21,3125140,549.0,54600.0
2026-03-07 17:50:00+00:00,21,21,3125544,404.0,54630.0
2026-03-07 17:50:30+00:00,21,21,3126594,1050.0,54660.0
2026-03-07 17:51:00+00:00,21,21,3130788,4194.0,54690.0
2026-03-07 17:51:30+00:00,21,21,3135055,4267.0,54720.0
2026-03-07 17:52:00+00:00,21,21,3136453,1398.0,54750.0
2026-03-07 17:52:30+00:00,21,21,3138740,2287.0,54780.0
2026-03-07 17:53:00+00:00,21,21,3138853,113.0,54810.0
2026-03-07 17:53:30+00:00,21,21,3141825,2999.0,54840.0
2026-03-07 17:54:00+00:00,21,21,3142035,210.0,54870.0
2026-03-07 17:54:30+00:00,21,21,3142754,719.0,54900.0
2026-03-07 17:55:00+00:00,21,21,3143181,427.0,54930.0
2026-03-07 17:55:30+00:00,21,21,3144220,1039.0,54960.0
2026-03-07 17:56:00+00:00,21,21,3153474,9254.0,54990.0
2026-03-07 17:56:30+00:00,21,21,3156800,3326.0,55020.0
2026-03-07 17:57:00+00:00,21,21,3157111,311.0,55050.0
2026-03-07 17:57:30+00:00,21,21,3158040,929.0,55080.0
2026-03-07 17:58:00+00:00,21,21,3158473,433.0,55110.0
2026-03-07 17:58:30+00:00,21,21,3160620,2147.0,55140.0
2026-03-07 17:59:00+00:00,21,21,3161447,827.0,55170.0
2026-03-07 17:59:30+00:00,21,21,3161703,256.0,55200.0
2026-03-07 18:00:00+00:00,21,21,3162729,1026.0,55230.0
2026-03-07 18:00:30+00:00,21,21,3163223,494.0,55260.0
2026-03-07 18:01:00+00:00,21,21,3163307,84.0,55290.0
2026-03-07 18:01:30+00:00,21,21,3174799,11492.0,55320.0
2026-03-07 18:02:00+00:00,21,21,3175981,1182.0,55350.0
2026-03-07 18:02:30+00:00,21,21,3176918,937.0,55380.0
2026-03-07 18:03:00+00:00,0,0,0,0.0,55410.0
2026-03-07 18:03:30+00:00,21,21,3177860,942.0,55440.0
2026-03-07 18:04:00+00:00,21,21,3179876,2016.0,55470.0
2026-03-07 18:04:30+00:00,21,21,3181153,1277.0,55500.0
2026-03-07 18:05:00+00:00,21,21,3181156,14.0,55530.0
2026-03-07 18:05:30+00:00,21,21,3181839,683.0,55560.0
2026-03-07 18:06:00+00:00,21,21,3188163,6324.0,55590.0
2026-03-07 18:06:30+00:00,21,21,3188891,728.0,55620.0
2026-03-07 18:07:00+00:00,21,21,3190543,1652.0,55650.0
2026-03-07 18:07:30+00:00,21,21,3191433,890.0,55680.0
2026-03-07 18:08:00+00:00,21,21,3191433,0.0,55710.0
2026-03-07 18:08:30+00:00,21,21,3193000,1567.0,55740.0
2026-03-07 18:09:00+00:00,21,21,3193415,415.0,55770.0
2026-03-07 18:09:30+00:00,21,21,3193930,515.0,55800.0
2026-03-07 18:10:00+00:00,21,21,3193930,0.0,55830.0
2026-03-07 18:10:30+00:00,21,21,3195041,1111.0,55860.0
2026-03-07 18:11:00+00:00,21,21,3200531,5490.0,55890.0
2026-03-07 18:11:30+00:00,21,21,3202402,1871.0,55920.0
2026-03-07 18:12:00+00:00,21,21,3202512,110.0,55950.0
2026-03-07 18:12:30+00:00,21,21,3203102,590.0,55980.0
2026-03-07 18:13:00+00:00,21,21,3203448,346.0,56010.0
2026-03-07 18:13:30+00:00,21,21,3204625,1177.0,56040.0
2026-03-07 18:14:00+00:00,21,21,3204791,166.0,56070.0
2026-03-07 18:14:30+00:00,21,21,3205046,517.0,56100.0
2026-03-07 18:15:00+00:00,21,21,3205046,0.0,56130.0
2026-03-07 18:15:30+00:00,21,21,3206172,1126.0,56160.0
2026-03-07 18:16:00+00:00,21,21,3211457,5285.0,56190.0
2026-03-07 18:16:30+00:00,21,21,3215898,4441.0,56220.0
2026-03-07 18:17:00+00:00,21,21,3216422,524.0,56250.0
2026-03-07 18:17:30+00:00,21,21,3217430,1008.0,56280.0
2026-03-07 18:18:00+00:00,21,21,3218065,635.0,56310.0
2026-03-07 18:18:30+00:00,21,21,3220152,2087.0,56340.0
2026-03-07 18:19:00+00:00,21,21,3220984,832.0,56370.0
2026-03-07 18:19:30+00:00,21,21,3221147,163.0,56400.0
2026-03-07 18:20:00+00:00,21,21,3222351,1204.0,56430.0
2026-03-07 18:20:30+00:00,21,21,3222351,0.0,56460.0
2026-03-07 18:21:00+00:00,21,21,3229414,7063.0,56490.0
2026-03-07 18:21:30+00:00,21,21,3231788,2374.0,56520.0
2026-03-07 18:22:00+00:00,21,21,3232266,478.0,56550.0
2026-03-07 18:22:30+00:00,21,21,3233392,1126.0,56580.0
2026-03-07 18:23:00+00:00,21,21,3235789,2397.0,56610.0
2026-03-07 18:23:30+00:00,21,21,3236224,435.0,56640.0
2026-03-07 18:24:00+00:00,0,0,0,0.0,56670.0
2026-03-07 18:24:30+00:00,21,21,3236789,565.0,56700.0
2026-03-07 18:25:00+00:00,21,21,3238079,1290.0,56730.0
2026-03-07 18:25:30+00:00,21,21,3238355,276.0,56760.0
2026-03-07 18:26:00+00:00,21,21,3238355,0.0,56790.0
2026-03-07 18:26:30+00:00,21,21,3247257,8902.0,56820.0
2026-03-07 18:27:00+00:00,21,21,3247596,339.0,56850.0
2026-03-07 18:27:30+00:00,21,21,3248330,734.0,56880.0
2026-03-07 18:28:00+00:00,21,21,3248905,575.0,56910.0
2026-03-07 18:28:30+00:00,21,21,3250290,1385.0,56940.0
2026-03-07 18:29:00+00:00,21,21,3250744,454.0,56970.0
2026-03-07 18:29:30+00:00,21,21,3251648,904.0,57000.0
2026-03-07 18:30:00+00:00,21,21,3251659,11.0,57030.0
2026-03-07 18:30:30+00:00,21,21,3252740,1081.0,57060.0
2026-03-07 18:31:00+00:00,21,21,3253122,382.0,57090.0
2026-03-07 18:31:30+00:00,21,21,3261706,8584.0,57120.0
2026-03-07 18:32:00+00:00,21,21,3262915,1209.0,57150.0
2026-03-07 18:32:30+00:00,21,21,3263363,448.0,57180.0
2026-03-07 18:33:00+00:00,21,21,3264331,968.0,57210.0
2026-03-07 18:33:30+00:00,21,21,3265577,1246.0,57240.0
2026-03-07 18:34:00+00:00,21,21,3265701,124.0,57270.0
2026-03-07 18:34:30+00:00,21,21,3266137,436.0,57300.0
2026-03-07 18:35:00+00:00,21,21,3266319,182.0,57330.0
2026-03-07 18:35:30+00:00,21,21,3266800,481.0,57360.0
2026-03-07 18:36:00+00:00,21,21,3270500,3700.0,57390.0
2026-03-07 18:36:30+00:00,21,21,3272823,2323.0,57420.0
2026-03-07 18:37:00+00:00,21,21,3272849,26.0,57450.0
2026-03-07 18:37:30+00:00,21,21,3273584,735.0,57480.0
2026-03-07 18:38:00+00:00,21,21,3273805,221.0,57510.0
2026-03-07 18:38:30+00:00,21,21,3275596,1791.0,57540.0
2026-03-07 18:39:00+00:00,21,21,3275914,318.0,57570.0
2026-03-07 18:39:30+00:00,21,21,3276104,190.0,57600.0
2026-03-07 18:40:00+00:00,21,21,3276939,835.0,57630.0
2026-03-07 18:40:30+00:00,21,21,3279105,2166.0,57660.0
2026-03-07 18:41:00+00:00,21,21,3283903,4798.0,57690.0
2026-03-07 18:41:30+00:00,21,21,3284407,504.0,57720.0
2026-03-07 18:42:00+00:00,21,21,3284664,257.0,57750.0
2026-03-07 18:42:30+00:00,21,21,3285346,682.0,57780.0
2026-03-07 18:43:00+00:00,21,21,3285548,202.0,57810.0
2026-03-07 18:43:30+00:00,21,21,3285777,229.0,57840.0
2026-03-07 18:44:00+00:00,21,21,3287688,1911.0,57870.0
2026-03-07 18:44:30+00:00,21,21,3288126,438.0,57900.0
2026-03-07 18:45:00+00:00,0,0,0,0.0,57930.0
2026-03-07 18:45:30+00:00,21,21,3289421,1295.0,57960.0
2026-03-07 18:46:00+00:00,21,21,3293444,4023.0,57990.0
2026-03-07 18:46:30+00:00,21,21,3296794,3350.0,58020.0
2026-03-07 18:47:00+00:00,21,21,3300411,3617.0,58050.0
2026-03-07 18:47:30+00:00,21,21,3301770,1359.0,58080.0
2026-03-07 18:48:00+00:00,21,21,3301880,110.0,58110.0
2026-03-07 18:48:30+00:00,21,21,3304575,2695.0,58140.0
2026-03-07 18:49:00+00:00,21,21,3304757,182.0,58170.0
2026-03-07 18:49:30+00:00,21,21,3305741,984.0,58200.0
2026-03-07 18:50:00+00:00,21,21,3306769,1028.0,58230.0
2026-03-07 18:50:30+00:00,21,21,3307163,394.0,58260.0
2026-03-07 18:51:00+00:00,21,21,3314753,7590.0,58290.0
2026-03-07 18:51:30+00:00,21,21,3316632,1879.0,58320.0
2026-03-07 18:52:00+00:00,21,21,3317863,1231.0,58350.0
2026-03-07 18:52:30+00:00,21,21,3318983,1120.0,58380.0
2026-03-07 18:53:00+00:00,21,21,3319454,471.0,58410.0
2026-03-07 18:53:30+00:00,21,21,3322153,2699.0,58440.0
2026-03-07 18:54:00+00:00,21,21,3322523,370.0,58470.0
2026-03-07 18:54:30+00:00,21,21,3323140,617.0,58500.0
2026-03-07 18:55:00+00:00,21,21,3324150,1010.0,58530.0
2026-03-07 18:55:30+00:00,21,21,3324647,497.0,58560.0
2026-03-07 18:56:00+00:00,21,21,3329191,4544.0,58590.0
2026-03-07 18:56:30+00:00,21,21,3334651,5460.0,58620.0
2026-03-07 18:57:00+00:00,21,21,3336774,2123.0,58650.0
2026-03-07 18:57:30+00:00,21,21,3336902,128.0,58680.0
2026-03-07 18:58:00+00:00,21,21,3338179,1277.0,58710.0
2026-03-07 18:58:30+00:00,21,21,3340133,1954.0,58740.0
2026-03-07 18:59:00+00:00,21,21,3341133,1000.0,58770.0
2026-03-07 18:59:30+00:00,21,21,3342068,935.0,58800.0
2026-03-07 19:00:00+00:00,21,21,3343226,1158.0,58830.0
2026-03-07 19:00:30+00:00,21,21,3343235,9.0,58860.0
2026-03-07 19:01:00+00:00,21,21,3348197,4962.0,58890.0
2026-03-07 19:01:30+00:00,21,21,3349905,1708.0,58920.0
2026-03-07 19:02:00+00:00,21,21,3350191,286.0,58950.0
2026-03-07 19:02:30+00:00,21,21,3350620,429.0,58980.0
2026-03-07 19:03:00+00:00,21,21,3350932,312.0,59010.0
2026-03-07 19:03:30+00:00,21,21,3352060,1128.0,59040.0
2026-03-07 19:04:00+00:00,21,21,3352288,228.0,59070.0
2026-03-07 19:04:30+00:00,21,21,3352560,272.0,59100.0
2026-03-07 19:05:00+00:00,21,21,3353289,729.0,59130.0
2026-03-07 19:05:30+00:00,0,0,0,0.0,59160.0
2026-03-07 19:06:00+00:00,21,21,3353539,250.0,59190.0
2026-03-07 19:06:30+00:00,21,21,3358779,5240.0,59220.0
2026-03-07 19:07:00+00:00,21,21,3359383,604.0,59250.0
2026-03-07 19:07:30+00:00,21,21,3360034,651.0,59280.0
2026-03-07 19:08:00+00:00,21,21,3360106,72.0,59310.0
2026-03-07 19:08:30+00:00,21,21,3360562,456.0,59340.0
2026-03-07 19:09:00+00:00,21,21,3362101,1539.0,59370.0
2026-03-07 19:09:30+00:00,21,21,3362469,368.0,59400.0
2026-03-07 19:10:00+00:00,21,21,3362770,301.0,59430.0
2026-03-07 19:10:30+00:00,21,21,3363516,746.0,59460.0
2026-03-07 19:11:00+00:00,21,21,3363516,0.0,59490.0
2026-03-07 19:11:30+00:00,21,21,3370404,6888.0,59520.0
2026-03-07 19:12:00+00:00,21,21,3372849,2445.0,59550.0
2026-03-07 19:12:30+00:00,21,21,3373788,939.0,59580.0
2026-03-07 19:13:00+00:00,21,21,3373853,65.0,59610.0
2026-03-07 19:13:30+00:00,21,21,3376401,2548.0,59640.0
2026-03-07 19:14:00+00:00,21,21,3376437,36.0,59670.0
2026-03-07 19:14:30+00:00,21,21,3377050,613.0,59700.0
2026-03-07 19:15:00+00:00,21,21,3378138,1088.0,59730.0
2026-03-07 19:15:30+00:00,21,21,3378425,287.0,59760.0
2026-03-07 19:16:00+00:00,21,21,3385678,7253.0,59790.0
2026-03-07 19:16:30+00:00,21,21,3387278,1600.0,59820.0
2026-03-07 19:17:00+00:00,21,21,3388248,970.0,59850.0
2026-03-07 19:17:30+00:00,21,21,3389168,920.0,59880.0
2026-03-07 19:18:00+00:00,21,21,3389610,442.0,59910.0
2026-03-07 19:18:30+00:00,21,21,3391720,2110.0,59940.0
2026-03-07 19:19:00+00:00,21,21,3391747,27.0,59970.0
2026-03-07 19:19:30+00:00,21,21,3392454,707.0,60000.0
2026-03-07 19:20:00+00:00,21,21,3393540,1086.0,60030.0
2026-03-07 19:20:30+00:00,21,21,3393863,323.0,60060.0
2026-03-07 19:21:00+00:00,21,21,3399571,5708.0,60090.0
2026-03-07 19:21:30+00:00,21,21,3402336,2765.0,60120.0
2026-03-07 19:22:00+00:00,21,21,3403179,843.0,60150.0
2026-03-07 19:22:30+00:00,21,21,3403253,74.0,60180.0
2026-03-07 19:23:00+00:00,21,21,3405532,2279.0,60210.0
2026-03-07 19:23:30+00:00,21,21,3405742,210.0,60240.0
2026-03-07 19:24:00+00:00,21,21,3405778,36.0,60270.0
2026-03-07 19:24:30+00:00,21,21,3406339,561.0,60300.0
2026-03-07 19:25:00+00:00,21,21,3407694,1355.0,60330.0
2026-03-07 19:25:30+00:00,21,21,3407934,240.0,60360.0
2026-03-07 19:26:00+00:00,21,21,3414718,6784.0,60390.0
2026-03-07 19:26:30+00:00,0,0,0,0.0,60420.0
2026-03-07 19:27:00+00:00,21,21,3418299,3581.0,60450.0
2026-03-07 19:27:30+00:00,21,21,3418625,326.0,60480.0
2026-03-07 19:28:00+00:00,21,21,3419045,420.0,60510.0
2026-03-07 19:28:30+00:00,21,21,3419365,320.0,60540.0
2026-03-07 19:29:00+00:00,21,21,3420198,833.0,60570.0
2026-03-07 19:29:30+00:00,21,21,3420644,446.0,60600.0
2026-03-07 19:30:00+00:00,21,21,3420644,0.0,60630.0
2026-03-07 19:30:30+00:00,21,21,3421255,611.0,60660.0
2026-03-07 19:31:00+00:00,21,21,3422282,1027.0,60690.0
2026-03-07 19:31:30+00:00,21,21,3424900,2618.0,60720.0
2026-03-07 19:32:00+00:00,21,21,3426054,1154.0,60750.0
2026-03-07 19:32:30+00:00,21,21,3426517,463.0,60780.0
2026-03-07 19:33:00+00:00,21,21,3426782,265.0,60810.0
2026-03-07 19:33:30+00:00,21,21,3428062,1280.0,60840.0
2026-03-07 19:34:00+00:00,21,21,3428184,122.0,60870.0
2026-03-07 19:34:30+00:00,21,21,3428556,372.0,60900.0
2026-03-07 19:35:00+00:00,21,21,3429530,974.0,60930.0
2026-03-07 19:35:30+00:00,21,21,3429530,0.0,60960.0
2026-03-07 19:36:00+00:00,21,21,3432569,3039.0,60990.0
2026-03-07 19:36:30+00:00,21,21,3435012,2443.0,61020.0
2026-03-07 19:37:00+00:00,21,21,3435201,189.0,61050.0
2026-03-07 19:37:30+00:00,21,21,3435829,628.0,61080.0
2026-03-07 19:38:00+00:00,21,21,3436088,259.0,61110.0
2026-03-07 19:38:30+00:00,21,21,3438408,2320.0,61140.0
2026-03-07 19:39:00+00:00,21,21,3438436,28.0,61170.0
2026-03-07 19:39:30+00:00,21,21,3439356,920.0,61200.0
2026-03-07 19:40:00+00:00,21,21,3440704,1348.0,61230.0
2026-03-07 19:40:30+00:00,21,21,3440704,0.0,61260.0
2026-03-07 19:41:00+00:00,21,21,3449161,8457.0,61290.0
2026-03-07 19:41:30+00:00,21,21,3450711,1550.0,61320.0
2026-03-07 19:42:00+00:00,21,21,3452271,1560.0,61350.0
2026-03-07 19:42:30+00:00,21,21,3452621,350.0,61380.0
2026-03-07 19:43:00+00:00,21,21,3453003,382.0,61410.0
2026-03-07 19:43:30+00:00,21,21,3454914,1911.0,61440.0
2026-03-07 19:44:00+00:00,21,21,3455575,661.0,61470.0
2026-03-07 19:44:30+00:00,21,21,3455817,242.0,61500.0
2026-03-07 19:45:00+00:00,21,21,3456752,935.0,61530.0
2026-03-07 19:45:30+00:00,21,21,3461323,4571.0,61560.0
2026-03-07 19:46:00+00:00,21,21,3464950,3627.0,61590.0
2026-03-07 19:46:30+00:00,0,0,0,0.0,61620.0
2026-03-07 19:47:00+00:00,21,21,3465608,658.0,61650.0
2026-03-07 19:47:30+00:00,21,21,3466248,640.0,61680.0
2026-03-07 19:48:00+00:00,21,21,3466538,290.0,61710.0
2026-03-07 19:48:30+00:00,21,21,3467085,547.0,61740.0
2026-03-07 19:49:00+00:00,21,21,3469139,2054.0,61770.0
2026-03-07 19:49:30+00:00,21,21,3469849,710.0,61800.0
2026-03-07 19:50:00+00:00,21,21,3470895,1046.0,61830.0
2026-03-07 19:50:30+00:00,21,21,3471221,326.0,61860.0
2026-03-07 19:51:00+00:00,21,21,3474995,3774.0,61890.0
2026-03-07 19:51:30+00:00,21,21,3478779,3784.0,61920.0
2026-03-07 19:52:00+00:00,21,21,3479666,887.0,61950.0
2026-03-07 19:52:30+00:00,21,21,3480671,1005.0,61980.0
2026-03-07 19:53:00+00:00,21,21,3481012,341.0,62010.0
2026-03-07 19:53:30+00:00,21,21,3481221,209.0,62040.0
2026-03-07 19:54:00+00:00,21,21,3482767,1546.0,62070.0
