timestep,video,shorts
2026-03-07 02:40:00+00:00,2.70805020110221,0.11122563511022443
2026-03-07 02:45:00+00:00,-0.5485659517488375,0.0
2026-03-07 02:50:00+00:00,-0.1670540846631665,-0.17185025692665928
2026-03-07 02:55:00+00:00,-0.14660347419187536,0.31845373111853464
2026-03-07 03:00:00+00:00,0.6997045811061042,-0.5260930958967791
2026-03-07 03:05:00+00:00,-0.01980262729617932,-0.08701137698962975
2026-03-07 03:10:00+00:00,-0.24846135929849966,-0.08004270767353643
2026-03-07 03:15:00+00:00,-0.13720112151348518,0.5108256237659907
2026-03-07 03:20:00+00:00,-0.19415601444095754,-0.35667494393873245
2026-03-07 03:25:00+00:00,0.25131442828090633,-0.01104983618658495
2026-03-07 03:30:00+00:00,0.1300531282481976,0.0
2026-03-07 03:35:00+00:00,-0.4554755286828258,0.2876820724517809
2026-03-07 03:40:00+00:00,0.109199291964992,-0.22314355131420974
2026-03-07 03:45:00+00:00,-0.2231435513142097,-0.06453852113757116
2026-03-07 03:50:00+00:00,0.3215836241274621,0.06453852113757116
2026-03-07 03:55:00+00:00,-0.5978370007556202,0.0
2026-03-07 04:00:00+00:00,0.08701137698962969,0.06062462181643488
2026-03-07 04:05:00+00:00,0.287682072451781,-0.12516314295400605
2026-03-07 04:10:00+00:00,-0.21407025510853495,-0.07410797215372188
2026-03-07 04:15:00+00:00,0.3272129112084161,0.0
2026-03-07 04:20:00+00:00,-0.29546421289383584,-0.06899287148695145
2026-03-07 04:25:00+00:00,-0.03174869831458027,0.13353139262452263
2026-03-07 04:30:00+00:00,0.0,0.060624621816434826
2026-03-07 04:35:00+00:00,-0.17589066646366414,0.21130909366720693
2026-03-07 04:40:00+00:00,0.3944152719215792,-0.21130909366720693
2026-03-07 04:45:00+00:00,-0.11778303565638337,0.1112256351102244
2026-03-07 04:50:00+00:00,0.2029408439966902,-0.23638877806423042
2026-03-07 04:55:00+00:00,-0.2876820724517808,0.06453852113757118
2026-03-07 05:00:00+00:00,0.04652001563489283,0.0
2026-03-07 05:05:00+00:00,0.3901976359773758,0.0
2026-03-07 05:10:00+00:00,-0.5108256237659905,0.17185025692665923
2026-03-07 05:15:00+00:00,-0.043675063502661704,-0.054067221270275745
2026-03-07 05:20:00+00:00,0.30010459245033805,-0.07946417135424688
2026-03-07 05:25:00+00:00,0.25131442828090633,0.10008345855698253
2026-03-07 05:30:00+00:00,-0.22006188477680189,0.0
2026-03-07 05:35:00+00:00,-0.12260232209233224,-0.10008345855698253
2026-03-07 05:40:00+00:00,0.08338160893905111,0.051293294387550536
2026-03-07 05:45:00+00:00,-0.06899287148695166,-0.10536051565782631
2026-03-07 05:50:00+00:00,-0.12136085700426724,0.10536051565782631
2026-03-07 05:55:00+00:00,0.10697211955216779,-0.051293294387550536
2026-03-07 06:00:00+00:00,-0.059719234701622215,-0.04668711397265321
2026-03-07 06:05:00+00:00,-0.18540322333136272,0.16251892949777488
2026-03-07 06:10:00+00:00,0.16093036681263695,-0.2876820724517809
2026-03-07 06:15:00+00:00,0.3110554236370897,0.11122563511022437
2026-03-07 06:20:00+00:00,-0.19627990904466142,0.10008345855698253
2026-03-07 06:25:00+00:00,0.06979576193554182,0.09097177820572672
2026-03-07 06:30:00+00:00,-0.10660973505825821,-0.04445176257083383
2026-03-07 06:35:00+00:00,-0.09156719352549048,0.04445176257083383
2026-03-07 06:40:00+00:00,0.040273899137939884,0.23180161405732436
2026-03-07 06:45:00+00:00,-0.11122563511022432,-0.2762533766281582
2026-03-07 06:50:00+00:00,0.04317217186520872,0.20479441264601322
2026-03-07 06:55:00+00:00,-0.2923879634891937,-0.35139788683788864
2026-03-07 07:00:00+00:00,-0.03846628082779602,0.2336148511815051
2026-03-07 07:05:00+00:00,0.17356876568436008,-0.14416979082957831
2026-03-07 07:10:00+00:00,-0.0800427076735366,0.12783337150988494
2026-03-07 07:15:00+00:00,-0.0606246218164348,-0.27721077258448557
2026-03-07 07:20:00+00:00,-0.007428841428580801,0.04879016416943199
2026-03-07 07:25:00+00:00,-0.07302513501488983,0.04652001563489286
2026-03-07 07:30:00+00:00,-0.13007417224066486,0.0
2026-03-07 07:35:00+00:00,0.06351340572232589,-0.1466034741918754
2026-03-07 07:40:00+00:00,-0.27193371548364176,0.1466034741918754
2026-03-07 07:45:00+00:00,0.19189100781010537,0.04445176257083383
2026-03-07 07:50:00+00:00,0.01574835696813892,-0.04445176257083383
2026-03-07 07:55:00+00:00,-0.048009219186360585,-0.04652001563489286
2026-03-07 08:00:00+00:00,-0.12188981760903672,0.0
2026-03-07 08:05:00+00:00,0.07145896398214491,0.0
2026-03-07 08:10:00+00:00,0.017094433359300165,0.0
2026-03-07 08:15:00+00:00,-0.1655144384775734,-0.10008345855698253
2026-03-07 08:20:00+00:00,-0.020202707317519497,0.10008345855698253
2026-03-07 08:25:00+00:00,-0.2542341383842408,-0.04879016416943199
2026-03-07 08:30:00+00:00,0.42285685082003355,0.09531017980432485
2026-03-07 08:35:00+00:00,-0.14842000511827325,0.0
2026-03-07 08:40:00+00:00,-0.10536051565782634,-0.09531017980432485
2026-03-07 08:45:00+00:00,-0.16907633004393396,0.0
2026-03-07 08:50:00+00:00,0.12361395596717673,0.0
2026-03-07 08:55:00+00:00,-0.15028220304933804,0.09531017980432485
2026-03-07 09:00:00+00:00,0.17327172127403678,0.04445176257083383
2026-03-07 09:05:00+00:00,0.0,-0.19105523676270922
2026-03-07 09:10:00+00:00,0.022472855852058493,0.3513978868378886
2026-03-07 09:15:00+00:00,0.18232155679395468,-0.30010459245033805
2026-03-07 09:20:00+00:00,-0.16034265007517945,-0.051293294387550536
2026-03-07 09:25:00+00:00,0.12260232209233246,0.051293294387550536
2026-03-07 09:30:00+00:00,-0.21357410029805912,0.09531017980432485
2026-03-07 09:35:00+00:00,-0.07410797215372189,-0.09531017980432485
2026-03-07 09:40:00+00:00,0.20763936477824463,0.04879016416943199
2026-03-07 09:45:00+00:00,-0.20763936477824463,0.0
2026-03-07 09:50:00+00:00,0.14310084364067333,0.0
2026-03-07 09:55:00+00:00,-0.11778303565638337,-0.04879016416943199
2026-03-07 10:00:00+00:00,0.11778303565638337,0.04879016416943199
2026-03-07 10:05:00+00:00,-0.14310084364067333,0.09097177820572669
2026-03-07 10:10:00+00:00,0.22825865198098017,-0.13976194237515868
2026-03-07 10:15:00+00:00,-0.13062018241706408,0.04879016416943199
2026-03-07 10:20:00+00:00,0.11000089521432854,0.09097177820572669
2026-03-07 10:25:00+00:00,-0.0645385211375713,-0.09097177820572669
2026-03-07 10:30:00+00:00,-0.04546237407675724,-0.10008345855698253
2026-03-07 10:35:00+00:00,-0.29546421289383595,0.051293294387550536
2026-03-07 10:40:00+00:00,0.27193371548364176,0.04879016416943199
2026-03-07 10:45:00+00:00,-0.04879016416943194,0.0
2026-03-07 10:50:00+00:00,0.09531017980432488,0.04652001563489286
2026-03-07 10:55:00+00:00,-0.12062798778861483,0.0
2026-03-07 11:00:00+00:00,-0.08004270767353638,0.04445176257083383
2026-03-07 11:05:00+00:00,-0.11778303565638348,-0.04445176257083383
2026-03-07 11:10:00+00:00,0.5773153650348236,0.08701137698962977
2026-03-07 11:15:00+00:00,-0.11122563511022432,-0.08701137698962977
2026-03-07 11:20:00+00:00,-0.1476359988060646,-0.1466034741918754
2026-03-07 11:25:00+00:00,0.04445176257083372,0.051293294387550536
2026-03-07 11:30:00+00:00,-0.2177234838448705,-0.051293294387550536
2026-03-07 11:35:00+00:00,0.17327172127403678,0.0
2026-03-07 11:40:00+00:00,0.06595796779179741,0.10008345855698253
2026-03-07 11:45:00+00:00,0.06187540371808742,0.0
2026-03-07 11:50:00+00:00,-0.17435338714477777,0.0
2026-03-07 11:55:00+00:00,0.04652001563489294,0.0
2026-03-07 12:00:00+00:00,-0.0706175672139534,0.09097177820572669
2026-03-07 12:05:00+00:00,0.0706175672139534,-0.13976194237515868
2026-03-07 12:10:00+00:00,0.0,0.09531017980432485
2026-03-07 12:15:00+00:00,0.06595796779179741,0.0
2026-03-07 12:20:00+00:00,0.1201443118420632,-0.1466034741918754
2026-03-07 12:25:00+00:00,-0.20909179785855936,0.1466034741918754
2026-03-07 12:30:00+00:00,0.04546237407675724,0.0
2026-03-07 12:35:00+00:00,0.04348511193973892,-0.04652001563489286
2026-03-07 12:40:00+00:00,-0.18658595558041224,0.0
2026-03-07 12:45:00+00:00,0.24846135929849966,0.04652001563489286
2026-03-07 12:50:00+00:00,-0.2231435513142097,-0.09531017980432485
2026-03-07 12:55:00+00:00,0.2029408439966902,0.09531017980432485
2026-03-07 13:00:00+00:00,-0.2542341383842408,-0.09531017980432485
2026-03-07 13:05:00+00:00,0.21256144198367288,0.13976194237515868
2026-03-07 13:10:00+00:00,-0.2392296890658342,-0.13976194237515868
2026-03-07 13:15:00+00:00,0.0,0.04879016416943199
2026-03-07 13:20:00+00:00,0.17327172127403678,0.04652001563489286
2026-03-07 13:25:00+00:00,0.1861022796338606,-0.1466034741918754
2026-03-07 13:30:00+00:00,-0.09909090264423082,0.0
2026-03-07 13:35:00+00:00,-0.0645385211375713,0.051293294387550536
2026-03-07 13:40:00+00:00,0.04348511193973892,-0.051293294387550536
2026-03-07 13:45:00+00:00,-0.021506205220963692,0.10008345855698253
2026-03-07 13:50:00+00:00,-0.06744128079553247,-0.04879016416943199
2026-03-07 13:55:00+00:00,0.04546237407675724,0.0
2026-03-07 14:00:00+00:00,-0.022472855852058493,0.04879016416943199
2026-03-07 14:05:00+00:00,0.0,0.0
2026-03-07 14:10:00+00:00,-0.14660347419187547,0.04652001563489286
2026-03-07 14:15:00+00:00,-0.11122563511022437,-0.04652001563489286
2026-03-07 14:20:00+00:00,0.05715841383994863,0.0
2026-03-07 14:25:00+00:00,0.08004270767353638,0.17435338714477772
2026-03-07 14:30:00+00:00,0.20763936477824463,-0.08338160893905103
2026-03-07 14:35:00+00:00,-0.021053409197832385,-0.13976194237515868
2026-03-07 14:40:00+00:00,-0.18658595558041224,0.04879016416943199
2026-03-07 14:45:00+00:00,-0.08004270767353638,-0.04879016416943199
2026-03-07 14:50:00+00:00,0.10536051565782634,0.0
2026-03-07 14:55:00+00:00,-0.025317807984289953,0.0
2026-03-07 15:00:00+00:00,0.24846135929849966,0.04879016416943199
2026-03-07 15:05:00+00:00,-0.17435338714477777,0.0
2026-03-07 15:10:00+00:00,0.15415067982725827,-0.10008345855698253
2026-03-07 15:15:00+00:00,-0.2542341383842408,0.19105523676270922
2026-03-07 15:20:00+00:00,0.2744368457017603,-0.13976194237515868
2026-03-07 15:25:00+00:00,-0.15082288973458358,0.09531017980432485
2026-03-07 15:30:00+00:00,-0.20585205420414876,-0.04652001563489286
2026-03-07 15:35:00+00:00,0.2288415724288475,0.13353139262452263
2026-03-07 15:40:00+00:00,-0.12062798778861483,-0.18232155679395462
2026-03-07 15:45:00+00:00,0.24846135929849966,0.0
2026-03-07 15:50:00+00:00,-0.35667494393873234,-0.051293294387550536
2026-03-07 15:55:00+00:00,0.2947995402206449,0.051293294387550536
2026-03-07 16:00:00+00:00,-0.08894748601649616,0.09531017980432485
2026-03-07 16:05:00+00:00,0.0,-0.1466034741918754
2026-03-07 16:10:00+00:00,0.20909179785855936,0.18232155679395465
2026-03-07 16:15:00+00:00,-0.16362942378180212,-0.08701137698962978
2026-03-07 16:20:00+00:00,-0.251314428280906,0.044451762570833844
2026-03-07 16:25:00+00:00,0.02817087696669629,0.0
2026-03-07 16:30:00+00:00,0.30830135965451655,-0.1397619423751587
2026-03-07 16:35:00+00:00,-0.22825865198098017,0.18232155679395465
2026-03-07 16:40:00+00:00,-0.2962658161431724,-0.04255961441879594
2026-03-07 16:45:00+00:00,0.4828517717235846,-0.09097177820572672
2026-03-07 16:50:00+00:00,0.17520408902509055,0.0
2026-03-07 16:55:00+00:00,-0.05505977718302735,0.0
2026-03-07 17:00:00+00:00,-0.3593740009078974,0.09097177820572672
2026-03-07 17:05:00+00:00,-0.2097205309820691,-0.044451762570833844
2026-03-07 17:10:00+00:00,0.33647223662121295,0.08701137698962978
2026-03-07 17:15:00+00:00,-0.2113090936672069,-0.08701137698962978
2026-03-07 17:20:00+00:00,0.11122563511022437,-0.046520015634892865
2026-03-07 17:25:00+00:00,0.10008345855698253,0.09097177820572672
2026-03-07 17:30:00+00:00,0.04652001563489294,-0.044451762570833844
2026-03-07 17:35:00+00:00,0.10763066419236533,0.0
2026-03-07 17:40:00+00:00,-0.15415067982725827,0.0
2026-03-07 17:45:00+00:00,0.023530497410194195,0.0
2026-03-07 17:50:00+00:00,-0.15028220304933804,0.08701137698962978
2026-03-07 17:55:00+00:00,0.15028220304933804,-0.08701137698962978
2026-03-07 18:00:00+00:00,-0.2348395910774011,-0.09531017980432487
2026-03-07 18:05:00+00:00,0.137201121513485,0.048790164169432
2026-03-07 18:10:00+00:00,-0.16705408466316618,0.046520015634892865
2026-03-07 18:15:00+00:00,0.16705408466316618,0.0
2026-03-07 18:20:00+00:00,-0.16705408466316618,0.0
2026-03-07 18:25:00+00:00,0.14107859825990554,0.0
2026-03-07 18:30:00+00:00,-0.11122563511022437,0.0
2026-03-07 18:35:00+00:00,0.11122563511022437,-0.09531017980432487
2026-03-07 18:40:00+00:00,-0.02666824708216131,0.048790164169432
2026-03-07 18:45:00+00:00,-0.08455738802806306,-0.048790164169432
2026-03-07 18:50:00+00:00,0.2113090936672069,0.09531017980432487
2026-03-07 18:55:00+00:00,-0.12675170563914384,0.044451762570833844
2026-03-07 19:00:00+00:00,0.12675170563914384,-0.09097177820572672
2026-03-07 19:05:00+00:00,0.04652001563489294,-0.048790164169432
2026-03-07 19:10:00+00:00,-0.4168938039317872,0.048790164169432
2026-03-07 19:15:00+00:00,0.0,0.0
2026-03-07 19:20:00+00:00,0.09844007281325251,0.0
2026-03-07 19:25:00+00:00,-0.06453852113757119,0.0
2026-03-07 19:30:00+00:00,0.06453852113757119,0.046520015634892865
2026-03-07 19:35:00+00:00,-0.09844007281325251,0.044451762570833844
2026-03-07 19:40:00+00:00,0.09844007281325251,0.04255961441879594
2026-03-07 19:45:00+00:00,0.0,-0.18232155679395465
2026-03-07 19:50:00+00:00,-0.03174869831458027,0.048790164169432
2026-03-07 19:55:00+00:00,-0.38946476676172326,-0.048790164169432
2026-03-07 20:00:00+00:00,0.0,0.0
2026-03-07 20:05:00+00:00,0.0,0.0
2026-03-07 20:10:00+00:00,0.0,0.0
2026-03-07 20:15:00+00:00,0.0,0.0
2026-03-07 20:20:00+00:00,0.0,0.0
2026-03-07 20:25:00+00:00,0.0,0.0
2026-03-07 20:30:00+00:00,0.0,0.0
2026-03-07 20:35:00+00:00,0.0,0.0
2026-03-07 20:40:00+00:00,0.0,0.0
2026-03-07 20:45:00+00:00,0.0,0.0
2026-03-07 20:50:00+00:00,0.0,0.0
2026-03-07 20:55:00+00:00,0.0,0.0
2026-03-07 21:00:00+00:00,0.0,0.0
2026-03-07 21:05:00+00:00,0.0,0.0
2026-03-07 21:10:00+00:00,0.0,0.0
2026-03-07 21:15:00+00:00,0.0,0.0
2026-03-07 21:20:00+00:00,0.0,0.0
2026-03-07 21:25:00+00:00,0.0,0.0
2026-03-07 21:30:00+00:00,0.0,0.0
2026-03-07 21:35:00+00:00,0.0,0.0
2026-03-07 21:40:00+00:00,0.0,0.0
2026-03-07 21:45:00+00:00,0.0,0.0
2026-03-07 21:50:00+00:00,0.0,0.0
2026-03-07 21:55:00+00:00,0.0,0.0
2026-03-07 22:00:00+00:00,0.0,0.0
2026-03-07 22:05:00+00:00,0.0,0.0
2026-03-07 22:10:00+00:00,0.0,0.0
2026-03-07 22:15:00+00:00,0.0,0.0
2026-03-07 22:20:00+00:00,0.0,0.0
2026-03-07 22:25:00+00:00,0.0,0.0
2026-03-07 22:30:00+00:00,0.0,0.0
2026-03-07 22:35:00+00:00,0.0,0.0
2026-03-07 22:40:00+00:00,0.0,0.0
2026-03-07 22:45:00+00:00,0.0,0.0
2026-03-07 22:50:00+00:00,0.0,0.0
2026-03-07 22:55:00+00:00,0.0,0.0
2026-03-07 23:00:00+00:00,0.0,0.0
2026-03-07 23:05:00+00:00,0.0,0.0
2026-03-07 23:10:00+00:00,0.0,0.0
2026-03-07 23:15:00+00:00,0.0,0.0
2026-03-07 23:20:00+00:00,0.0,0.0
2026-03-07 23:25:00+00:00,0.0,0.0
2026-03-07 23:30:00+00:00,0.0,0.0
2026-03-07 23:35:00+00:00,0.0,0.0
2026-03-07 23:40:00+00:00,0.0,0.0
2026-03-07 23:45:00+00:00,0.0,0.0
2026-03-07 23:50:00+00:00,0.0,0.0
2026-03-07 23:55:00+00:00,0.0,0.0
2026-03-08 00:00:00+00:00,0.0,0.0
2026-03-08 00:05:00+00:00,0.0,0.0
2026-03-08 00:10:00+00:00,0.0,0.0
2026-03-08 00:15:00+00:00,0.0,0.0
2026-03-08 00:20:00+00:00,0.0,0.0
2026-03-08 00:25:00+00:00,0.0,0.0
2026-03-08 00:30:00+00:00,0.0,0.0
2026-03-08 00:35:00+00:00,0.0,0.0
2026-03-08 00:40:00+00:00,0.0,0.0
2026-03-08 00:45:00+00:00,0.0,0.0
2026-03-08 00:50:00+00:00,0.0,0.0
2026-03-08 00:55:00+00:00,0.0,0.0
2026-03-08 01:00:00+00:00,0.0,0.0
2026-03-08 01:05:00+00:00,0.0,0.0
2026-03-08 01:10:00+00:00,0.0,0.0
2026-03-08 01:15:00+00:00,0.0,0.0
2026-03-08 01:20:00+00:00,0.0,0.0
2026-03-08 01:25:00+00:00,0.0,0.0
2026-03-08 01:30:00+00:00,0.0,0.0
2026-03-08 01:35:00+00:00,0.0,0.0
2026-03-08 01:40:00+00:00,0.0,0.0
2026-03-08 01:45:00+00:00,0.0,0.0
2026-03-08 01:50:00+00:00,0.0,0.0
2026-03-08 01:55:00+00:00,0.0,0.0
2026-03-08 02:00:00+00:00,0.0,0.0
2026-03-08 02:05:00+00:00,0.0,0.0
2026-03-08 02:10:00+00:00,0.0,0.0
2026-03-08 02:15:00+00:00,0.0,0.0
2026-03-08 02:20:00+00:00,0.0,0.0
2026-03-08 02:25:00+00:00,0.0,0.0
2026-03-08 02:30:00+00:00,0.0,0.0
2026-03-08 02:35:00+00:00,0.0,0.0
2026-03-08 02:40:00+00:00,0.0,0.0
2026-03-08 02:45:00+00:00,0.0,0.0
2026-03-08 02:50:00+00:00,0.0,0.0
2026-03-08 02:55:00+00:00,0.0,0.0
2026-03-08 03:00:00+00:00,0.0,0.0
2026-03-08 03:05:00+00:00,0.0,0.0
2026-03-08 03:10:00+00:00,0.0,0.0
2026-03-08 03:15:00+00:00,0.0,0.0
2026-03-08 03:20:00+00:00,0.0,0.0
2026-03-08 03:25:00+00:00,0.0,0.0
2026-03-08 03:30:00+00:00,0.0,0.0
2026-03-08 03:35:00+00:00,0.0,0.0
2026-03-08 03:40:00+00:00,0.0,0.0
2026-03-08 03:45:00+00:00,0.0,0.0
2026-03-08 03:50:00+00:00,0.0,0.0
2026-03-08 03:55:00+00:00,0.0,0.0
2026-03-08 04:00:00+00:00,0.0,0.0
2026-03-08 04:05:00+00:00,0.0,0.0
2026-03-08 04:10:00+00:00,0.0,0.0
2026-03-08 04:15:00+00:00,0.0,0.0
2026-03-08 04:20:00+00:00,0.0,0.0
2026-03-08 04:25:00+00:00,0.0,0.0
2026-03-08 04:30:00+00:00,0.0,0.0
2026-03-08 04:35:00+00:00,0.0,0.0
2026-03-08 04:40:00+00:00,0.0,0.0
2026-03-08 04:45:00+00:00,0.0,0.0
2026-03-08 04:50:00+00:00,0.0,0.0
2026-03-08 04:55:00+00:00,0.0,0.0
2026-03-08 05:00:00+00:00,0.0,0.0
2026-03-08 05:05:00+00:00,0.0,0.0
2026-03-08 05:10:00+00:00,0.0,0.0
2026-03-08 05:15:00+00:00,0.0,0.0
2026-03-08 05:20:00+00:00,0.0,0.0
2026-03-08 05:25:00+00:00,0.0,0.0
2026-03-08 05:30:00+00:00,0.0,0.0
2026-03-08 05:35:00+00:00,0.0,0.0
2026-03-08 05:40:00+00:00,0.0,0.0
2026-03-08 05:45:00+00:00,0.0,0.0
2026-03-08 05:50:00+00:00,0.0,0.0
2026-03-08 05:55:00+00:00,0.0,0.0
2026-03-08 06:00:00+00:00,0.0,0.0
2026-03-08 06:05:00+00:00,0.0,0.0
2026-03-08 06:10:00+00:00,0.0,0.0
2026-03-08 06:15:00+00:00,0.0,0.0
2026-03-08 06:20:00+00:00,0.0,0.0
2026-03-08 06:25:00+00:00,0.0,0.0
2026-03-08 06:30:00+00:00,0.0,0.0
2026-03-08 06:35:00+00:00,0.0,0.0
2026-03-08 06:40:00+00:00,0.0,0.0
2026-03-08 06:45:00+00:00,0.0,0.0
2026-03-08 06:50:00+00:00,0.0,0.0
2026-03-08 06:55:00+00:00,0.0,0.0
2026-03-08 07:00:00+00:00,0.0,0.0
2026-03-08 07:05:00+00:00,0.0,0.0
2026-03-08 07:10:00+00:00,0.0,0.0
2026-03-08 07:15:00+00:00,0.0,0.0
2026-03-08 07:20:00+00:00,0.0,0.0
2026-03-08 07:25:00+00:00,0.0,0.0
2026-03-08 07:30:00+00:00,0.0,0.0
2026-03-08 07:35:00+00:00,0.0,0.0
2026-03-08 07:40:00+00:00,0.0,0.0
2026-03-08 07:45:00+00:00,0.0,0.0
2026-03-08 07:50:00+00:00,0.0,0.0
2026-03-08 07:55:00+00:00,0.0,0.0
2026-03-08 08:00:00+00:00,0.0,0.0
2026-03-08 08:05:00+00:00,0.0,0.0
2026-03-08 08:10:00+00:00,0.0,0.0
2026-03-08 08:15:00+00:00,0.0,0.0
2026-03-08 08:20:00+00:00,0.0,0.0
2026-03-08 08:25:00+00:00,0.0,0.0
2026-03-08 08:30:00+00:00,0.0,0.0
2026-03-08 08:35:00+00:00,0.0,0.0
2026-03-08 08:40:00+00:00,0.0,0.0
2026-03-08 08:45:00+00:00,0.0,0.0
2026-03-08 08:50:00+00:00,0.0,0.0
2026-03-08 08:55:00+00:00,0.0,0.0
2026-03-08 09:00:00+00:00,0.0,0.0
2026-03-08 09:05:00+00:00,0.0,0.0
2026-03-08 09:10:00+00:00,0.0,0.0
2026-03-08 09:15:00+00:00,0.0,0.0
2026-03-08 09:20:00+00:00,0.0,0.0
2026-03-08 09:25:00+00:00,0.0,0.0
2026-03-08 09:30:00+00:00,0.0,0.0
2026-03-08 09:35:00+00:00,0.0,0.0
2026-03-08 09:40:00+00:00,0.0,0.0
2026-03-08 09:45:00+00:00,0.0,0.0
2026-03-08 09:50:00+00:00,0.0,0.0
2026-03-08 09:55:00+00:00,0.0,0.0
2026-03-08 10:00:00+00:00,0.0,0.0
2026-03-08 10:05:00+00:00,0.0,0.0
2026-03-08 10:10:00+00:00,0.0,0.0
2026-03-08 10:15:00+00:00,0.0,0.0
2026-03-08 10:20:00+00:00,0.0,0.0
2026-03-08 10:25:00+00:00,0.0,0.0
2026-03-08 10:30:00+00:00,0.0,0.0
2026-03-08 10:35:00+00:00,0.0,0.0
2026-03-08 10:40:00+00:00,0.0,0.0
2026-03-08 10:45:00+00:00,0.0,0.0
2026-03-08 10:50:00+00:00,0.0,0.0
2026-03-08 10:55:00+00:00,0.0,0.0
2026-03-08 11:00:00+00:00,0.0,0.0
2026-03-08 11:05:00+00:00,0.0,0.0
2026-03-08 11:10:00+00:00,0.0,0.0
2026-03-08 11:15:00+00:00,0.0,0.0
2026-03-08 11:20:00+00:00,0.0,0.0
2026-03-08 11:25:00+00:00,0.0,0.0
2026-03-08 11:30:00+00:00,0.0,0.0
2026-03-08 11:35:00+00:00,0.0,0.0
2026-03-08 11:40:00+00:00,0.0,0.0
2026-03-08 11:45:00+00:00,0.0,0.0
2026-03-08 11:50:00+00:00,0.0,0.0
2026-03-08 11:55:00+00:00,0.0,0.0
2026-03-08 12:00:00+00:00,0.0,0.0
2026-03-08 12:05:00+00:00,0.0,0.0
2026-03-08 12:10:00+00:00,0.0,0.0
2026-03-08 12:15:00+00:00,0.0,0.0
2026-03-08 12:20:00+00:00,0.0,0.0
2026-03-08 12:25:00+00:00,0.0,0.0
2026-03-08 12:30:00+00:00,0.0,0.0
2026-03-08 12:35:00+00:00,0.0,0.0
2026-03-08 12:40:00+00:00,0.0,0.0
2026-03-08 12:45:00+00:00,0.0,0.0
2026-03-08 12:50:00+00:00,0.0,0.0
2026-03-08 12:55:00+00:00,0.0,0.0
2026-03-08 13:00:00+00:00,0.0,0.0
2026-03-08 13:05:00+00:00,0.0,0.0
2026-03-08 13:10:00+00:00,0.0,0.0
2026-03-08 13:15:00+00:00,0.0,0.0
2026-03-08 13:20:00+00:00,0.0,0.0
2026-03-08 13:25:00+00:00,0.0,0.0
2026-03-08 13:30:00+00:00,0.0,0.0
2026-03-08 13:35:00+00:00,0.0,0.0
2026-03-08 13:40:00+00:00,0.0,0.0
2026-03-08 13:45:00+00:00,0.0,0.0
2026-03-08 13:50:00+00:00,0.0,0.0
2026-03-08 13:55:00+00:00,0.0,0.0
2026-03-08 14:00:00+00:00,0.0,0.0
2026-03-08 14:05:00+00:00,0.0,0.0
2026-03-08 14:10:00+00:00,0.0,0.0
2026-03-08 14:15:00+00:00,0.0,0.0
2026-03-08 14:20:00+00:00,0.0,0.0
2026-03-08 14:25:00+00:00,0.0,0.0
2026-03-08 14:30:00+00:00,0.0,0.0
2026-03-08 14:35:00+00:00,0.0,0.0
2026-03-08 14:40:00+00:00,0.0,0.0
2026-03-08 14:45:00+00:00,0.0,0.0
2026-03-08 14:50:00+00:00,0.0,0.0
2026-03-08 14:55:00+00:00,0.0,0.0
2026-03-08 15:00:00+00:00,0.0,0.0
2026-03-08 15:05:00+00:00,0.0,0.0
2026-03-08 15:10:00+00:00,0.0,0.0
2026-03-08 15:15:00+00:00,0.0,0.0
2026-03-08 15:20:00+00:00,0.0,0.0
2026-03-08 15:25:00+00:00,0.0,0.0
2026-03-08 15:30:00+00:00,0.0,0.0
2026-03-08 15:35:00+00:00,0.0,0.0
2026-03-08 15:40:00+00:00,0.0,0.0
2026-03-08 15:45:00+00:00,0.0,0.0
2026-03-08 15:50:00+00:00,0.0,0.0
2026-03-08 15:55:00+00:00,0.0,0.0
2026-03-08 16:00:00+00:00,0.0,0.0
2026-03-08 16:05:00+00:00,0.0,0.0
2026-03-08 16:10:00+00:00,0.0,0.0
2026-03-08 16:15:00+00:00,0.0,0.0
2026-03-08 16:20:00+00:00,0.0,0.0
2026-03-08 16:25:00+00:00,0.0,0.0
2026-03-08 16:30:00+00:00,0.0,0.0
2026-03-08 16:35:00+00:00,0.0,0.0
2026-03-08 16:40:00+00:00,0.0,0.0
2026-03-08 16:45:00+00:00,0.0,0.0
2026-03-08 16:50:00+00:00,0.0,0.0
2026-03-08 16:55:00+00:00,0.0,0.0
2026-03-08 17:00:00+00:00,0.0,0.0
2026-03-08 17:05:00+00:00,0.0,0.0
2026-03-08 17:10:00+00:00,0.0,0.0
2026-03-08 17:15:00+00:00,0.0,0.0
2026-03-08 17:20:00+00:00,0.0,0.0
2026-03-08 17:25:00+00:00,0.0,0.0
2026-03-08 17:30:00+00:00,0.0,0.0
2026-03-08 17:35:00+00:00,0.0,0.0
2026-03-08 17:40:00+00:00,0.0,0.0
2026-03-08 17:45:00+00:00,0.0,0.0
2026-03-08 17:50:00+00:00,0.0,0.0
2026-03-08 17:55:00+00:00,0.0,0.0
2026-03-08 18:00:00+00:00,0.0,0.0
2026-03-08 18:05:00+00:00,0.0,0.0
2026-03-08 18:10:00+00:00,0.0,0.0
2026-03-08 18:15:00+00:00,0.0,0.0
2026-03-08 18:20:00+00:00,0.0,0.0
2026-03-08 18:25:00+00:00,0.0,0.0
2026-03-08 18:30:00+00:00,0.0,0.0
2026-03-08 18:35:00+00:00,0.0,0.0
2026-03-08 18:40:00+00:00,0.0,0.0
2026-03-08 18:45:00+00:00,0.0,0.0
2026-03-08 18:50:00+00:00,0.0,0.0
2026-03-08 18:55:00+00:00,0.0,0.0
2026-03-08 19:00:00+00:00,0.0,0.0
2026-03-08 19:05:00+00:00,0.0,0.0
2026-03-08 19:10:00+00:00,0.0,0.0
2026-03-08 19:15:00+00:00,0.0,0.0
2026-03-08 19:20:00+00:00,0.0,0.0
2026-03-08 19:25:00+00:00,0.0,0.0
2026-03-08 19:30:00+00:00,0.0,0.0
2026-03-08 19:35:00+00:00,0.0,0.0
2026-03-08 19:40:00+00:00,0.0,0.0
2026-03-08 19:45:00+00:00,0.0,0.0
2026-03-08 19:50:00+00:00,0.0,0.0
2026-03-08 19:55:00+00:00,0.0,0.0
2026-03-08 20:00:00+00:00,0.0,0.0
2026-03-08 20:05:00+00:00,0.0,0.0
2026-03-08 20:10:00+00:00,0.0,0.0
2026-03-08 20:15:00+00:00,0.0,0.0
2026-03-08 20:20:00+00:00,0.0,0.0
2026-03-08 20:25:00+00:00,0.0,0.0
2026-03-08 20:30:00+00:00,0.0,0.0
2026-03-08 20:35:00+00:00,0.0,0.0
2026-03-08 20:40:00+00:00,0.0,0.0
2026-03-08 20:45:00+00:00,0.0,0.0
2026-03-08 20:50:00+00:00,0.0,0.0
2026-03-08 20:55:00+00:00,0.0,0.0
2026-03-08 21:00:00+00:00,0.0,0.0
2026-03-08 21:05:00+00:00,0.0,0.0
2026-03-08 21:10:00+00:00,0.0,0.0
2026-03-08 21:15:00+00:00,0.0,0.0
2026-03-08 21:20:00+00:00,0.0,0.0
2026-03-08 21:25:00+00:00,0.0,0.0
2026-03-08 21:30:00+00:00,0.0,0.0
2026-03-08 21:35:00+00:00,0.0,0.0
2026-03-08 21:40:00+00:00,0.0,0.0
2026-03-08 21:45:00+00:00,0.0,0.0
2026-03-08 21:50:00+00:00,0.0,0.0
2026-03-08 21:55:00+00:00,0.0,0.0
2026-03-08 22:00:00+00:00,0.0,0.0
2026-03-08 22:05:00+00:00,0.0,0.0
2026-03-08 22:10:00+00:00,0.0,0.0
2026-03-08 22:15:00+00:00,0.0,0.0
2026-03-08 22:20:00+00:00,0.0,0.0
2026-03-08 22:25:00+00:00,0.0,0.0
2026-03-08 22:30:00+00:00,0.0,0.0
2026-03-08 22:35:00+00:00,0.0,0.0
2026-03-08 22:40:00+00:00,0.0,0.0
2026-03-08 22:45:00+00:00,0.0,0.0
2026-03-08 22:50:00+00:00,0.0,0.0
2026-03-08 22:55:00+00:00,0.0,0.0
2026-03-08 23:00:00+00:00,0.0,0.0
2026-03-08 23:05:00+00:00,0.0,0.0
2026-03-08 23:10:00+00:00,0.0,0.0
2026-03-08 23:15:00+00:00,0.0,0.0
2026-03-08 23:20:00+00:00,0.0,0.0
2026-03-08 23:25:00+00:00,0.0,0.0
2026-03-08 23:30:00+00:00,0.0,0.0
2026-03-08 23:35:00+00:00,0.0,0.0
2026-03-08 23:40:00+00:00,0.0,0.0
2026-03-08 23:45:00+00:00,0.0,0.0
2026-03-08 23:50:00+00:00,0.0,0.0
2026-03-08 23:55:00+00:00,0.0,0.0
2026-03-09 00:00:00+00:00,0.0,0.0
2026-03-09 00:05:00+00:00,0.0,0.0
2026-03-09 00:10:00+00:00,0.0,0.0
2026-03-09 00:15:00+00:00,0.0,0.0
2026-03-09 00:20:00+00:00,0.0,0.0
2026-03-09 00:25:00+00:00,0.0,0.0
2026-03-09 00:30:00+00:00,0.0,0.0
2026-03-09 00:35:00+00:00,0.0,0.0
2026-03-09 00:40:00+00:00,0.0,0.0
2026-03-09 00:45:00+00:00,0.0,0.0
2026-03-09 00:50:00+00:00,0.0,0.0
2026-03-09 00:55:00+00:00,0.0,0.0
2026-03-09 01:00:00+00:00,0.0,0.0
2026-03-09 01:05:00+00:00,0.0,0.0
2026-03-09 01:10:00+00:00,0.0,0.0
2026-03-09 01:15:00+00:00,0.0,0.0
2026-03-09 01:20:00+00:00,0.0,0.0
2026-03-09 01:25:00+00:00,0.0,0.0
2026-03-09 01:30:00+00:00,0.0,0.0
2026-03-09 01:35:00+00:00,0.0,0.0
2026-03-09 01:40:00+00:00,0.0,0.0
2026-03-09 01:45:00+00:00,0.0,0.0
2026-03-09 01:50:00+00:00,0.0,0.0
2026-03-09 01:55:00+00:00,0.0,0.0
2026-03-09 02:00:00+00:00,0.0,0.0
2026-03-09 02:05:00+00:00,0.0,0.0
2026-03-09 02:10:00+00:00,0.0,0.0
2026-03-09 02:15:00+00:00,0.0,0.0
2026-03-09 02:20:00+00:00,0.0,0.0
2026-03-09 02:25:00+00:00,0.0,0.0
2026-03-09 02:30:00+00:00,0.0,0.0
2026-03-09 02:35:00+00:00,0.0,0.0
2026-03-09 02:40:00+00:00,0.0,0.0
2026-03-09 02:45:00+00:00,0.0,0.0
2026-03-09 02:50:00+00:00,0.0,0.0
2026-03-09 02:55:00+00:00,0.0,0.0
2026-03-09 03:00:00+00:00,0.0,0.0
2026-03-09 03:05:00+00:00,0.0,0.0
2026-03-09 03:10:00+00:00,0.0,0.0
2026-03-09 03:15:00+00:00,0.0,0.0
2026-03-09 03:20:00+00:00,0.0,0.0
2026-03-09 03:25:00+00:00,0.0,0.0
2026-03-09 03:30:00+00:00,0.0,0.0
2026-03-09 03:35:00+00:00,0.0,0.0
2026-03-09 03:40:00+00:00,0.0,0.0
2026-03-09 03:45:00+00:00,0.0,0.0
2026-03-09 03:50:00+00:00,0.0,0.0
2026-03-09 03:55:00+00:00,0.0,0.0
2026-03-09 04:00:00+00:00,0.0,0.0
2026-03-09 04:05:00+00:00,0.0,0.0
2026-03-09 04:10:00+00:00,0.0,0.0
2026-03-09 04:15:00+00:00,0.0,0.0
2026-03-09 04:20:00+00:00,0.0,0.0
2026-03-09 04:25:00+00:00,0.0,0.0
2026-03-09 04:30:00+00:00,0.0,0.0
2026-03-09 04:35:00+00:00,0.0,0.0
2026-03-09 04:40:00+00:00,0.0,0.0
2026-03-09 04:45:00+00:00,0.0,0.0
2026-03-09 04:50:00+00:00,0.0,0.0
2026-03-09 04:55:00+00:00,0.0,0.0
2026-03-09 05:00:00+00:00,0.0,0.0
2026-03-09 05:05:00+00:00,0.0,0.0
2026-03-09 05:10:00+00:00,0.0,0.0
2026-03-09 05:15:00+00:00,0.0,0.0
2026-03-09 05:20:00+00:00,0.0,0.0
2026-03-09 05:25:00+00:00,0.0,0.0
2026-03-09 05:30:00+00:00,0.0,0.0
2026-03-09 05:35:00+00:00,0.0,0.0
2026-03-09 05:40:00+00:00,0.0,0.0
2026-03-09 05:45:00+00:00,0.0,0.0
2026-03-09 05:50:00+00:00,0.0,0.0
2026-03-09 05:55:00+00:00,0.0,0.0
2026-03-09 06:00:00+00:00,0.0,0.0
2026-03-09 06:05:00+00:00,0.0,0.0
2026-03-09 06:10:00+00:00,0.0,0.0
2026-03-09 06:15:00+00:00,0.0,0.0
2026-03-09 06:20:00+00:00,0.0,0.0
2026-03-09 06:25:00+00:00,0.0,0.0
2026-03-09 06:30:00+00:00,0.0,0.0
2026-03-09 06:35:00+00:00,0.0,0.0
2026-03-09 06:40:00+00:00,0.0,0.0
2026-03-09 06:45:00+00:00,0.0,0.0
2026-03-09 06:50:00+00:00,0.0,0.0
2026-03-09 06:55:00+00:00,0.0,0.0
2026-03-09 07:00:00+00:00,0.0,0.0
2026-03-09 07:05:00+00:00,0.0,0.0
2026-03-09 07:10:00+00:00,0.0,0.0
2026-03-09 07:15:00+00:00,0.0,0.0
2026-03-09 07:20:00+00:00,0.0,0.0
2026-03-09 07:25:00+00:00,0.0,0.0
2026-03-09 07:30:00+00:00,0.0,0.0
2026-03-09 07:35:00+00:00,0.0,0.0
2026-03-09 07:40:00+00:00,0.0,0.0
2026-03-09 07:45:00+00:00,0.0,0.0
2026-03-09 07:50:00+00:00,0.0,0.0
2026-03-09 07:55:00+00:00,0.0,0.0
2026-03-09 08:00:00+00:00,0.0,0.0
2026-03-09 08:05:00+00:00,0.0,0.0
2026-03-09 08:10:00+00:00,0.0,0.0
2026-03-09 08:15:00+00:00,0.0,0.0
2026-03-09 08:20:00+00:00,0.0,0.0
2026-03-09 08:25:00+00:00,0.0,0.0
2026-03-09 08:30:00+00:00,0.0,0.0
2026-03-09 08:35:00+00:00,0.0,0.0
2026-03-09 08:40:00+00:00,0.0,0.0
2026-03-09 08:45:00+00:00,0.0,0.0
2026-03-09 08:50:00+00:00,0.0,0.0
2026-03-09 08:55:00+00:00,0.0,0.0
2026-03-09 09:00:00+00:00,0.0,0.0
2026-03-09 09:05:00+00:00,0.0,0.0
2026-03-09 09:10:00+00:00,0.0,0.0
2026-03-09 09:15:00+00:00,0.0,0.0
2026-03-09 09:20:00+00:00,0.0,0.0
2026-03-09 09:25:00+00:00,0.0,0.0
2026-03-09 09:30:00+00:00,0.0,0.0
2026-03-09 09:35:00+00:00,0.0,0.0
2026-03-09 09:40:00+00:00,0.0,0.0
2026-03-09 09:45:00+00:00,0.0,0.0
2026-03-09 09:50:00+00:00,0.0,0.0
2026-03-09 09:55:00+00:00,0.0,0.0
2026-03-09 10:00:00+00:00,0.0,0.0
2026-03-09 10:05:00+00:00,0.0,0.0
2026-03-09 10:10:00+00:00,0.0,0.0
2026-03-09 10:15:00+00:00,0.0,0.0
2026-03-09 10:20:00+00:00,0.0,0.0
2026-03-09 10:25:00+00:00,0.0,0.0
2026-03-09 10:30:00+00:00,0.0,0.0
2026-03-09 10:35:00+00:00,0.0,0.0
2026-03-09 10:40:00+00:00,0.0,0.0
2026-03-09 10:45:00+00:00,0.0,0.0
2026-03-09 10:50:00+00:00,0.0,0.0
2026-03-09 10:55:00+00:00,0.0,0.0
2026-03-09 11:00:00+00:00,0.0,0.0
2026-03-09 11:05:00+00:00,0.0,0.0
2026-03-09 11:10:00+00:00,0.0,0.0
2026-03-09 11:15:00+00:00,0.0,0.0
2026-03-09 11:20:00+00:00,0.0,0.0
2026-03-09 11:25:00+00:00,0.0,0.0
2026-03-09 11:30:00+00:00,0.0,0.0
2026-03-09 11:35:00+00:00,0.0,0.0
2026-03-09 11:40:00+00:00,0.0,0.0
2026-03-09 11:45:00+00:00,0.0,0.0
2026-03-09 11:50:00+00:00,0.0,0.0
2026-03-09 11:55:00+00:00,0.0,0.0
2026-03-09 12:00:00+00:00,0.0,0.0
2026-03-09 12:05:00+00:00,0.0,0.0
2026-03-09 12:10:00+00:00,0.0,0.0
2026-03-09 12:15:00+00:00,0.0,0.0
2026-03-09 12:20:00+00:00,0.0,0.0
2026-03-09 12:25:00+00:00,0.0,0.0
2026-03-09 12:30:00+00:00,0.0,0.0
2026-03-09 12:35:00+00:00,0.0,0.0
2026-03-09 12:40:00+00:00,0.0,0.0
2026-03-09 12:45:00+00:00,0.0,0.0
2026-03-09 12:50:00+00:00,0.0,0.0
2026-03-09 12:55:00+00:00,0.0,0.0
2026-03-09 13:00:00+00:00,0.0,0.0
2026-03-09 13:05:00+00:00,0.0,0.0
2026-03-09 13:10:00+00:00,0.0,0.0
2026-03-09 13:15:00+00:00,0.0,0.0
2026-03-09 13:20:00+00:00,0.0,0.0
2026-03-09 13:25:00+00:00,0.0,0.0
2026-03-09 13:30:00+00:00,0.0,0.0
2026-03-09 13:35:00+00:00,0.0,0.0
2026-03-09 13:40:00+00:00,0.0,0.0
2026-03-09 13:45:00+00:00,0.0,0.0
2026-03-09 13:50:00+00:00,0.0,0.0
2026-03-09 13:55:00+00:00,0.0,0.0
2026-03-09 14:00:00+00:00,0.0,0.0
2026-03-09 14:05:00+00:00,0.0,0.0
2026-03-09 14:10:00+00:00,0.0,0.0
2026-03-09 14:15:00+00:00,0.0,0.0
2026-03-09 14:20:00+00:00,0.0,0.0
2026-03-09 14:25:00+00:00,0.0,0.0
2026-03-09 14:30:00+00:00,0.0,0.0
2026-03-09 14:35:00+00:00,0.0,0.0
2026-03-09 14:40:00+00:00,0.0,0.0
2026-03-09 14:45:00+00:00,0.0,0.0
2026-03-09 14:50:00+00:00,0.0,0.0
2026-03-09 14:55:00+00:00,0.0,0.0
2026-03-09 15:00:00+00:00,0.0,0.0
2026-03-09 15:05:00+00:00,0.0,0.0
2026-03-09 15:10:00+00:00,0.0,0.0
2026-03-09 15:15:00+00:00,0.0,0.0
2026-03-09 15:20:00+00:00,0.0,0.0
2026-03-09 15:25:00+00:00,0.0,0.0
2026-03-09 15:30:00+00:00,0.0,0.0
2026-03-09 15:35:00+00:00,0.0,0.0
2026-03-09 15:40:00+00:00,0.0,0.0
2026-03-09 15:45:00+00:00,0.0,0.0
2026-03-09 15:50:00+00:00,0.0,0.0
2026-03-09 15:55:00+00:00,0.0,0.0
2026-03-09 16:00:00+00:00,0.0,0.0
2026-03-09 16:05:00+00:00,0.0,0.0
2026-03-09 16:10:00+00:00,0.0,0.0
2026-03-09 16:15:00+00:00,0.0,0.0
2026-03-09 16:20:00+00:00,0.0,0.0
2026-03-09 16:25:00+00:00,0.0,0.0
2026-03-09 16:30:00+00:00,0.0,0.0
2026-03-09 16:35:00+00:00,0.0,0.0
2026-03-09 16:40:00+00:00,0.0,0.0
2026-03-09 16:45:00+00:00,0.0,0.0
2026-03-09 16:50:00+00:00,0.0,0.0
2026-03-09 16:55:00+00:00,0.0,0.0
2026-03-09 17:00:00+00:00,0.0,0.0
2026-03-09 17:05:00+00:00,0.0,0.0
2026-03-09 17:10:00+00:00,0.0,0.0
2026-03-09 17:15:00+00:00,0.0,0.0
2026-03-09 17:20:00+00:00,0.0,0.0
2026-03-09 17:25:00+00:00,0.0,0.0
2026-03-09 17:30:00+00:00,0.0,0.0
2026-03-09 17:35:00+00:00,0.0,0.0
2026-03-09 17:40:00+00:00,0.0,0.0
2026-03-09 17:45:00+00:00,0.0,0.0
2026-03-09 17:50:00+00:00,0.0,0.0
2026-03-09 17:55:00+00:00,0.0,0.0
2026-03-09 18:00:00+00:00,0.0,0.0
2026-03-09 18:05:00+00:00,0.0,0.0
2026-03-09 18:10:00+00:00,0.0,0.0
2026-03-09 18:15:00+00:00,0.0,0.0
2026-03-09 18:20:00+00:00,0.0,0.0
2026-03-09 18:25:00+00:00,0.0,0.0
2026-03-09 18:30:00+00:00,0.0,0.0
2026-03-09 18:35:00+00:00,0.0,0.0
2026-03-09 18:40:00+00:00,0.0,0.0
2026-03-09 18:45:00+00:00,0.0,0.0
2026-03-09 18:50:00+00:00,0.0,0.0
2026-03-09 18:55:00+00:00,0.0,0.0
2026-03-09 19:00:00+00:00,0.0,0.0
2026-03-09 19:05:00+00:00,0.0,0.0
2026-03-09 19:10:00+00:00,0.0,0.0
2026-03-09 19:15:00+00:00,0.0,0.0
2026-03-09 19:20:00+00:00,0.0,0.0
2026-03-09 19:25:00+00:00,0.0,0.0
2026-03-09 19:30:00+00:00,0.0,0.0
2026-03-09 19:35:00+00:00,0.0,0.0
2026-03-09 19:40:00+00:00,0.0,0.0
2026-03-09 19:45:00+00:00,0.0,0.0
2026-03-09 19:50:00+00:00,0.0,0.0
2026-03-09 19:55:00+00:00,0.0,0.0
2026-03-09 20:00:00+00:00,0.0,0.0
2026-03-09 20:05:00+00:00,0.0,0.0
2026-03-09 20:10:00+00:00,0.0,0.0
2026-03-09 20:15:00+00:00,0.0,0.0
2026-03-09 20:20:00+00:00,0.0,0.0
2026-03-09 20:25:00+00:00,0.0,0.0
2026-03-09 20:30:00+00:00,0.0,0.0
2026-03-09 20:35:00+00:00,0.0,0.0
2026-03-09 20:40:00+00:00,0.0,0.0
2026-03-09 20:45:00+00:00,0.0,0.0
2026-03-09 20:50:00+00:00,0.0,0.0
2026-03-09 20:55:00+00:00,0.0,0.0
2026-03-09 21:00:00+00:00,0.0,0.0
2026-03-09 21:05:00+00:00,0.0,0.0
2026-03-09 21:10:00+00:00,0.0,0.0
2026-03-09 21:15:00+00:00,0.0,0.0
2026-03-09 21:20:00+00:00,0.0,0.0
2026-03-09 21:25:00+00:00,0.0,0.0
2026-03-09 21:30:00+00:00,0.0,0.0
2026-03-09 21:35:00+00:00,0.0,0.0
2026-03-09 21:40:00+00:00,0.0,0.0
2026-03-09 21:45:00+00:00,0.0,0.0
2026-03-09 21:50:00+00:00,0.0,0.0
2026-03-09 21:55:00+00:00,0.0,0.0
2026-03-09 22:00:00+00:00,0.0,0.0
2026-03-09 22:05:00+00:00,0.0,0.0
2026-03-09 22:10:00+00:00,0.0,0.0
2026-03-09 22:15:00+00:00,0.0,0.0
2026-03-09 22:20:00+00:00,0.0,0.0
2026-03-09 22:25:00+00:00,0.0,0.0
2026-03-09 22:30:00+00:00,0.0,0.0
2026-03-09 22:35:00+00:00,0.0,0.0
2026-03-09 22:40:00+00:00,0.0,0.0
2026-03-09 22:45:00+00:00,0.0,0.0
2026-03-09 22:50:00+00:00,0.0,0.0
2026-03-09 22:55:00+00:00,0.0,0.0
2026-03-09 23:00:00+00:00,0.0,0.0
2026-03-09 23:05:00+00:00,0.0,0.0
2026-03-09 23:10:00+00:00,0.0,0.0
2026-03-09 23:15:00+00:00,0.0,0.0
2026-03-09 23:20:00+00:00,0.0,0.0
2026-03-09 23:25:00+00:00,0.0,0.0
2026-03-09 23:30:00+00:00,0.0,0.0
2026-03-09 23:35:00+00:00,0.0,0.0
2026-03-09 23:40:00+00:00,0.0,0.0
2026-03-09 23:45:00+00:00,0.0,0.0
2026-03-09 23:50:00+00:00,0.0,0.0
2026-03-09 23:55:00+00:00,0.0,0.0
2026-03-10 00:00:00+00:00,0.0,0.0
2026-03-10 00:05:00+00:00,0.0,0.0
2026-03-10 00:10:00+00:00,0.0,0.0
2026-03-10 00:15:00+00:00,0.0,0.0
2026-03-10 00:20:00+00:00,0.0,0.0
2026-03-10 00:25:00+00:00,0.0,0.0
2026-03-10 00:30:00+00:00,0.0,0.0
2026-03-10 00:35:00+00:00,0.0,0.0
2026-03-10 00:40:00+00:00,0.0,0.0
2026-03-10 00:45:00+00:00,0.0,0.0
2026-03-10 00:50:00+00:00,0.0,0.0
2026-03-10 00:55:00+00:00,0.0,0.0
2026-03-10 01:00:00+00:00,0.0,0.0
2026-03-10 01:05:00+00:00,0.0,0.0
2026-03-10 01:10:00+00:00,0.0,0.0
2026-03-10 01:15:00+00:00,0.0,0.0
2026-03-10 01:20:00+00:00,0.0,0.0
2026-03-10 01:25:00+00:00,0.0,0.0
2026-03-10 01:30:00+00:00,0.0,0.0
2026-03-10 01:35:00+00:00,0.0,0.0
2026-03-10 01:40:00+00:00,0.0,0.0
2026-03-10 01:45:00+00:00,0.0,0.0
2026-03-10 01:50:00+00:00,0.0,0.0
2026-03-10 01:55:00+00:00,0.0,0.0
2026-03-10 02:00:00+00:00,0.0,0.0
2026-03-10 02:05:00+00:00,0.0,0.0
2026-03-10 02:10:00+00:00,0.0,0.0
2026-03-10 02:15:00+00:00,0.0,0.0
2026-03-10 02:20:00+00:00,0.0,0.0
2026-03-10 02:25:00+00:00,0.0,0.0
2026-03-10 02:30:00+00:00,0.0,0.0
2026-03-10 02:35:00+00:00,0.0,0.0
2026-03-10 02:40:00+00:00,0.0,0.0
2026-03-10 02:45:00+00:00,0.0,0.0
2026-03-10 02:50:00+00:00,0.0,0.0
2026-03-10 02:55:00+00:00,0.0,0.0
2026-03-10 03:00:00+00:00,0.0,0.0
2026-03-10 03:05:00+00:00,0.0,0.0
2026-03-10 03:10:00+00:00,0.0,0.0
2026-03-10 03:15:00+00:00,0.0,0.0
2026-03-10 03:20:00+00:00,0.0,0.0
2026-03-10 03:25:00+00:00,0.0,0.0
2026-03-10 03:30:00+00:00,0.0,0.0
2026-03-10 03:35:00+00:00,0.0,0.0
2026-03-10 03:40:00+00:00,0.0,0.0
2026-03-10 03:45:00+00:00,0.0,0.0
2026-03-10 03:50:00+00:00,0.0,0.0
2026-03-10 03:55:00+00:00,0.0,0.0
2026-03-10 04:00:00+00:00,0.0,0.0
2026-03-10 04:05:00+00:00,0.0,0.0
2026-03-10 04:10:00+00:00,0.0,0.0
2026-03-10 04:15:00+00:00,0.0,0.0
2026-03-10 04:20:00+00:00,0.0,0.0
2026-03-10 04:25:00+00:00,0.0,0.0
2026-03-10 04:30:00+00:00,0.0,0.0
2026-03-10 04:35:00+00:00,0.0,0.0
2026-03-10 04:40:00+00:00,0.0,0.0
2026-03-10 04:45:00+00:00,0.0,0.0
2026-03-10 04:50:00+00:00,0.0,0.0
2026-03-10 04:55:00+00:00,0.0,0.0
2026-03-10 05:00:00+00:00,0.0,0.0
2026-03-10 05:05:00+00:00,0.0,0.0
2026-03-10 05:10:00+00:00,0.0,0.0
2026-03-10 05:15:00+00:00,0.0,0.0
2026-03-10 05:20:00+00:00,0.0,0.0
2026-03-10 05:25:00+00:00,0.0,0.0
2026-03-10 05:30:00+00:00,0.0,0.0
2026-03-10 05:35:00+00:00,0.0,0.0
2026-03-10 05:40:00+00:00,0.0,0.0
2026-03-10 05:45:00+00:00,0.0,0.0
2026-03-10 05:50:00+00:00,0.0,0.0
2026-03-10 05:55:00+00:00,0.0,0.0
2026-03-10 06:00:00+00:00,0.0,0.0
2026-03-10 06:05:00+00:00,0.0,0.0
2026-03-10 06:10:00+00:00,0.0,0.0
2026-03-10 06:15:00+00:00,0.0,0.0
2026-03-10 06:20:00+00:00,0.0,0.0
2026-03-10 06:25:00+00:00,0.0,0.0
2026-03-10 06:30:00+00:00,0.0,0.0
2026-03-10 06:35:00+00:00,0.0,0.0
2026-03-10 06:40:00+00:00,0.0,0.0
2026-03-10 06:45:00+00:00,0.0,0.0
2026-03-10 06:50:00+00:00,0.0,0.0
2026-03-10 06:55:00+00:00,0.0,0.0
2026-03-10 07:00:00+00:00,0.0,0.0
2026-03-10 07:05:00+00:00,0.0,0.0
2026-03-10 07:10:00+00:00,0.0,0.0
2026-03-10 07:15:00+00:00,0.0,0.0
2026-03-10 07:20:00+00:00,0.0,0.0
2026-03-10 07:25:00+00:00,0.0,0.0
2026-03-10 07:30:00+00:00,0.0,0.0
2026-03-10 07:35:00+00:00,0.0,0.0
2026-03-10 07:40:00+00:00,0.0,0.0
2026-03-10 07:45:00+00:00,0.0,0.0
2026-03-10 07:50:00+00:00,0.0,0.0
2026-03-10 07:55:00+00:00,0.0,0.0
2026-03-10 08:00:00+00:00,0.0,0.0
2026-03-10 08:05:00+00:00,0.0,0.0
2026-03-10 08:10:00+00:00,0.0,0.0
2026-03-10 08:15:00+00:00,0.0,0.0
2026-03-10 08:20:00+00:00,0.0,0.0
2026-03-10 08:25:00+00:00,0.0,0.0
2026-03-10 08:30:00+00:00,0.0,0.0
2026-03-10 08:35:00+00:00,0.0,0.0
2026-03-10 08:40:00+00:00,0.0,0.0
2026-03-10 08:45:00+00:00,0.0,0.0
2026-03-10 08:50:00+00:00,0.0,0.0
2026-03-10 08:55:00+00:00,0.0,0.0
2026-03-10 09:00:00+00:00,0.0,0.0
2026-03-10 09:05:00+00:00,0.0,0.0
2026-03-10 09:10:00+00:00,0.0,0.0
2026-03-10 09:15:00+00:00,0.0,0.0
2026-03-10 09:20:00+00:00,0.0,0.0
2026-03-10 09:25:00+00:00,0.0,0.0
2026-03-10 09:30:00+00:00,0.0,0.0
2026-03-10 09:35:00+00:00,0.0,0.0
2026-03-10 09:40:00+00:00,0.0,0.0
2026-03-10 09:45:00+00:00,0.0,0.0
2026-03-10 09:50:00+00:00,0.0,0.0
2026-03-10 09:55:00+00:00,0.0,0.0
2026-03-10 10:00:00+00:00,0.0,0.0
2026-03-10 10:05:00+00:00,0.0,0.0
2026-03-10 10:10:00+00:00,0.0,0.0
2026-03-10 10:15:00+00:00,0.0,0.0
2026-03-10 10:20:00+00:00,0.0,0.0
2026-03-10 10:25:00+00:00,0.0,0.0
2026-03-10 10:30:00+00:00,0.0,0.0
2026-03-10 10:35:00+00:00,0.0,0.0
2026-03-10 10:40:00+00:00,0.0,0.0
2026-03-10 10:45:00+00:00,0.0,0.0
2026-03-10 10:50:00+00:00,0.0,0.0
2026-03-10 10:55:00+00:00,0.0,0.0
2026-03-10 11:00:00+00:00,0.0,0.0
2026-03-10 11:05:00+00:00,0.0,0.0
2026-03-10 11:10:00+00:00,0.0,0.0
2026-03-10 11:15:00+00:00,0.0,0.0
2026-03-10 11:20:00+00:00,0.0,0.0
2026-03-10 11:25:00+00:00,0.0,0.0
2026-03-10 11:30:00+00:00,0.0,0.0
2026-03-10 11:35:00+00:00,0.0,0.0
2026-03-10 11:40:00+00:00,0.0,0.0
2026-03-10 11:45:00+00:00,0.0,0.0
2026-03-10 11:50:00+00:00,0.0,0.0
2026-03-10 11:55:00+00:00,0.0,0.0
2026-03-10 12:00:00+00:00,0.0,0.0
2026-03-10 12:05:00+00:00,0.0,0.0
2026-03-10 12:10:00+00:00,0.0,0.0
2026-03-10 12:15:00+00:00,0.0,0.0
2026-03-10 12:20:00+00:00,0.0,0.0
2026-03-10 12:25:00+00:00,0.0,0.0
2026-03-10 12:30:00+00:00,0.0,0.0
2026-03-10 12:35:00+00:00,0.0,0.0
2026-03-10 12:40:00+00:00,0.0,0.0
2026-03-10 12:45:00+00:00,0.0,0.0
2026-03-10 12:50:00+00:00,0.0,0.0
2026-03-10 12:55:00+00:00,0.0,0.0
2026-03-10 13:00:00+00:00,0.0,0.0
2026-03-10 13:05:00+00:00,0.0,0.0
2026-03-10 13:10:00+00:00,0.0,0.0
2026-03-10 13:15:00+00:00,0.0,0.0
2026-03-10 13:20:00+00:00,0.0,0.0
2026-03-10 13:25:00+00:00,0.0,0.0
2026-03-10 13:30:00+00:00,0.0,0.0
2026-03-10 13:35:00+00:00,0.0,0.0
2026-03-10 13:40:00+00:00,0.0,0.0
2026-03-10 13:45:00+00:00,0.0,0.0
2026-03-10 13:50:00+00:00,0.0,0.0
2026-03-10 13:55:00+00:00,0.0,0.0
2026-03-10 14:00:00+00:00,0.0,0.0
2026-03-10 14:05:00+00:00,0.0,0.0
2026-03-10 14:10:00+00:00,0.0,0.0
2026-03-10 14:15:00+00:00,0.0,0.0
2026-03-10 14:20:00+00:00,0.0,0.0
2026-03-10 14:25:00+00:00,0.0,0.0
2026-03-10 14:30:00+00:00,0.0,0.0
2026-03-10 14:35:00+00:00,0.0,0.0
2026-03-10 14:40:00+00:00,0.0,0.0
2026-03-10 14:45:00+00:00,0.0,0.0
2026-03-10 14:50:00+00:00,0.0,0.0
2026-03-10 14:55:00+00:00,0.0,0.0
2026-03-10 15:00:00+00:00,0.0,0.0
2026-03-10 15:05:00+00:00,0.0,0.0
2026-03-10 15:10:00+00:00,0.0,0.0
2026-03-10 15:15:00+00:00,0.0,0.0
2026-03-10 15:20:00+00:00,0.0,0.0
2026-03-10 15:25:00+00:00,0.0,0.0
2026-03-10 15:30:00+00:00,0.0,0.0
2026-03-10 15:35:00+00:00,0.0,0.0
2026-03-10 15:40:00+00:00,0.0,0.0
2026-03-10 15:45:00+00:00,0.0,0.0
2026-03-10 15:50:00+00:00,0.0,0.0
2026-03-10 15:55:00+00:00,0.0,0.0
2026-03-10 16:00:00+00:00,0.0,0.0
2026-03-10 16:05:00+00:00,0.0,0.0
2026-03-10 16:10:00+00:00,0.0,0.0
2026-03-10 16:15:00+00:00,0.0,0.0
2026-03-10 16:20:00+00:00,0.0,0.0
2026-03-10 16:25:00+00:00,0.0,0.0
2026-03-10 16:30:00+00:00,0.0,0.0
2026-03-10 16:35:00+00:00,0.0,0.0
2026-03-10 16:40:00+00:00,0.0,0.0
2026-03-10 16:45:00+00:00,0.0,0.0
2026-03-10 16:50:00+00:00,0.0,0.0
2026-03-10 16:55:00+00:00,0.0,0.0
2026-03-10 17:00:00+00:00,0.0,0.0
2026-03-10 17:05:00+00:00,0.0,0.0
2026-03-10 17:10:00+00:00,0.0,0.0
2026-03-10 17:15:00+00:00,0.0,0.0
2026-03-10 17:20:00+00:00,0.0,0.0
2026-03-10 17:25:00+00:00,0.0,0.0
2026-03-10 17:30:00+00:00,0.0,0.0
2026-03-10 17:35:00+00:00,0.0,0.0
2026-03-10 17:40:00+00:00,0.0,0.0
2026-03-10 17:45:00+00:00,0.0,0.0
2026-03-10 17:50:00+00:00,0.0,0.0
2026-03-10 17:55:00+00:00,0.0,0.0
2026-03-10 18:00:00+00:00,0.0,0.0
2026-03-10 18:05:00+00:00,0.0,0.0
2026-03-10 18:10:00+00:00,0.0,0.0
2026-03-10 18:15:00+00:00,0.0,0.0
2026-03-10 18:20:00+00:00,0.0,0.0
2026-03-10 18:25:00+00:00,0.0,0.0
2026-03-10 18:30:00+00:00,0.0,0.0
2026-03-10 18:35:00+00:00,0.0,0.0
2026-03-10 18:40:00+00:00,0.0,0.0
2026-03-10 18:45:00+00:00,0.0,0.0
2026-03-10 18:50:00+00:00,0.0,0.0
2026-03-10 18:55:00+00:00,0.0,0.0
2026-03-10 19:00:00+00:00,0.0,0.0
2026-03-10 19:05:00+00:00,0.0,0.0
2026-03-10 19:10:00+00:00,0.0,0.0
2026-03-10 19:15:00+00:00,0.0,0.0
2026-03-10 19:20:00+00:00,0.0,0.0
2026-03-10 19:25:00+00:00,0.0,0.0
2026-03-10 19:30:00+00:00,0.0,0.0
2026-03-10 19:35:00+00:00,0.0,0.0
2026-03-10 19:40:00+00:00,0.0,0.0
2026-03-10 19:45:00+00:00,0.0,0.0
2026-03-10 19:50:00+00:00,0.0,0.0
2026-03-10 19:55:00+00:00,0.0,0.0
2026-03-10 20:00:00+00:00,0.0,0.0
2026-03-10 20:05:00+00:00,0.0,0.0
2026-03-10 20:10:00+00:00,0.0,0.0
2026-03-10 20:15:00+00:00,0.0,0.0
2026-03-10 20:20:00+00:00,0.0,0.0
2026-03-10 20:25:00+00:00,0.0,0.0
2026-03-10 20:30:00+00:00,0.0,0.0
2026-03-10 20:35:00+00:00,0.0,0.0
2026-03-10 20:40:00+00:00,0.0,0.0
2026-03-10 20:45:00+00:00,0.0,0.0
2026-03-10 20:50:00+00:00,0.0,0.0
2026-03-10 20:55:00+00:00,0.0,0.0
2026-03-10 21:00:00+00:00,0.0,0.0
2026-03-10 21:05:00+00:00,0.0,0.0
2026-03-10 21:10:00+00:00,0.0,0.0
2026-03-10 21:15:00+00:00,0.0,0.0
2026-03-10 21:20:00+00:00,0.0,0.0
2026-03-10 21:25:00+00:00,0.0,0.0
2026-03-10 21:30:00+00:00,0.0,0.0
2026-03-10 21:35:00+00:00,0.0,0.0
2026-03-10 21:40:00+00:00,0.0,0.0
2026-03-10 21:45:00+00:00,0.0,0.0
2026-03-10 21:50:00+00:00,0.0,0.0
2026-03-10 21:55:00+00:00,0.0,0.0
2026-03-10 22:00:00+00:00,0.0,0.0
2026-03-10 22:05:00+00:00,0.0,0.0
2026-03-10 22:10:00+00:00,0.0,0.0
2026-03-10 22:15:00+00:00,0.0,0.0
2026-03-10 22:20:00+00:00,0.0,0.0
2026-03-10 22:25:00+00:00,0.0,0.0
2026-03-10 22:30:00+00:00,0.0,0.0
2026-03-10 22:35:00+00:00,0.0,0.0
2026-03-10 22:40:00+00:00,0.0,0.0
2026-03-10 22:45:00+00:00,0.0,0.0
2026-03-10 22:50:00+00:00,0.0,0.0
2026-03-10 22:55:00+00:00,0.0,0.0
2026-03-10 23:00:00+00:00,0.0,0.0
2026-03-10 23:05:00+00:00,0.0,0.0
2026-03-10 23:10:00+00:00,0.0,0.0
2026-03-10 23:15:00+00:00,0.0,0.0
2026-03-10 23:20:00+00:00,0.0,0.0
2026-03-10 23:25:00+00:00,0.0,0.0
2026-03-10 23:30:00+00:00,0.0,0.0
2026-03-10 23:35:00+00:00,0.0,0.0
2026-03-10 23:40:00+00:00,0.0,0.0
2026-03-10 23:45:00+00:00,0.0,0.0
2026-03-10 23:50:00+00:00,0.0,0.0
2026-03-10 23:55:00+00:00,0.0,0.0
2026-03-11 00:00:00+00:00,0.0,0.0
2026-03-11 00:05:00+00:00,0.0,0.0
2026-03-11 00:10:00+00:00,0.0,0.0
2026-03-11 00:15:00+00:00,0.0,0.0
2026-03-11 00:20:00+00:00,0.0,0.0
2026-03-11 00:25:00+00:00,0.0,0.0
2026-03-11 00:30:00+00:00,0.0,0.0
2026-03-11 00:35:00+00:00,0.0,0.0
2026-03-11 00:40:00+00:00,0.0,0.0
2026-03-11 00:45:00+00:00,0.0,0.0
2026-03-11 00:50:00+00:00,0.0,0.0
2026-03-11 00:55:00+00:00,0.0,0.0
2026-03-11 01:00:00+00:00,0.0,0.0
2026-03-11 01:05:00+00:00,0.0,0.0
2026-03-11 01:10:00+00:00,0.0,0.0
2026-03-11 01:15:00+00:00,0.0,0.0
2026-03-11 01:20:00+00:00,0.0,0.0
2026-03-11 01:25:00+00:00,0.0,0.0
2026-03-11 01:30:00+00:00,0.0,0.0
2026-03-11 01:35:00+00:00,0.0,0.0
2026-03-11 01:40:00+00:00,0.0,0.0
2026-03-11 01:45:00+00:00,0.0,0.0
2026-03-11 01:50:00+00:00,0.0,0.0
2026-03-11 01:55:00+00:00,0.0,0.0
2026-03-11 02:00:00+00:00,0.0,0.0
2026-03-11 02:05:00+00:00,0.0,0.0
2026-03-11 02:10:00+00:00,0.0,0.0
2026-03-11 02:15:00+00:00,0.0,0.0
2026-03-11 02:20:00+00:00,0.0,0.0
2026-03-11 02:25:00+00:00,0.0,0.0
2026-03-11 02:30:00+00:00,0.0,0.0
2026-03-11 02:35:00+00:00,0.0,0.0
2026-03-11 02:40:00+00:00,0.0,0.0
2026-03-11 02:45:00+00:00,0.0,0.0
2026-03-11 02:50:00+00:00,0.0,0.0
2026-03-11 02:55:00+00:00,0.0,0.0
2026-03-11 03:00:00+00:00,0.0,0.0
2026-03-11 03:05:00+00:00,0.0,0.0
2026-03-11 03:10:00+00:00,0.0,0.0
2026-03-11 03:15:00+00:00,0.0,0.0
2026-03-11 03:20:00+00:00,0.0,0.0
2026-03-11 03:25:00+00:00,0.0,0.0
2026-03-11 03:30:00+00:00,0.0,0.0
2026-03-11 03:35:00+00:00,0.0,0.0
2026-03-11 03:40:00+00:00,0.0,0.0
2026-03-11 03:45:00+00:00,0.0,0.0
2026-03-11 03:50:00+00:00,0.0,0.0
2026-03-11 03:55:00+00:00,0.0,0.0
2026-03-11 04:00:00+00:00,0.0,0.0
2026-03-11 04:05:00+00:00,0.0,0.0
2026-03-11 04:10:00+00:00,0.0,0.0
2026-03-11 04:15:00+00:00,0.0,0.0
2026-03-11 04:20:00+00:00,0.0,0.0
2026-03-11 04:25:00+00:00,0.0,0.0
2026-03-11 04:30:00+00:00,0.0,0.0
2026-03-11 04:35:00+00:00,0.0,0.0
2026-03-11 04:40:00+00:00,0.0,0.0
2026-03-11 04:45:00+00:00,0.0,0.0
2026-03-11 04:50:00+00:00,0.0,0.0
2026-03-11 04:55:00+00:00,0.0,0.0
2026-03-11 05:00:00+00:00,0.0,0.0
2026-03-11 05:05:00+00:00,0.0,0.0
2026-03-11 05:10:00+00:00,0.0,0.0
2026-03-11 05:15:00+00:00,0.0,0.0
2026-03-11 05:20:00+00:00,0.0,0.0
2026-03-11 05:25:00+00:00,0.0,0.0
2026-03-11 05:30:00+00:00,0.0,0.0
2026-03-11 05:35:00+00:00,0.0,0.0
2026-03-11 05:40:00+00:00,0.0,0.0
2026-03-11 05:45:00+00:00,0.0,0.0
2026-03-11 05:50:00+00:00,0.0,0.0
2026-03-11 05:55:00+00:00,0.0,0.0
2026-03-11 06:00:00+00:00,0.0,0.0
2026-03-11 06:05:00+00:00,0.0,0.0
2026-03-11 06:10:00+00:00,0.0,0.0
2026-03-11 06:15:00+00:00,0.0,0.0
2026-03-11 06:20:00+00:00,0.0,0.0
2026-03-11 06:25:00+00:00,0.0,0.0
2026-03-11 06:30:00+00:00,0.0,0.0
2026-03-11 06:35:00+00:00,0.0,0.0
2026-03-11 06:40:00+00:00,0.0,0.0
2026-03-11 06:45:00+00:00,0.0,0.0
2026-03-11 06:50:00+00:00,0.0,0.0
2026-03-11 06:55:00+00:00,0.0,0.0
2026-03-11 07:00:00+00:00,0.0,0.0
2026-03-11 07:05:00+00:00,0.0,0.0
2026-03-11 07:10:00+00:00,0.0,0.0
2026-03-11 07:15:00+00:00,0.0,0.0
2026-03-11 07:20:00+00:00,0.0,0.0
2026-03-11 07:25:00+00:00,0.0,0.0
2026-03-11 07:30:00+00:00,0.0,0.0
2026-03-11 07:35:00+00:00,0.0,0.0
2026-03-11 07:40:00+00:00,0.0,0.0
2026-03-11 07:45:00+00:00,0.0,0.0
2026-03-11 07:50:00+00:00,0.0,0.0
2026-03-11 07:55:00+00:00,0.0,0.0
2026-03-11 08:00:00+00:00,0.0,0.0
2026-03-11 08:05:00+00:00,0.0,0.0
2026-03-11 08:10:00+00:00,0.0,0.0
2026-03-11 08:15:00+00:00,0.0,0.0
2026-03-11 08:20:00+00:00,0.0,0.0
2026-03-11 08:25:00+00:00,0.0,0.0
2026-03-11 08:30:00+00:00,0.0,0.0
2026-03-11 08:35:00+00:00,0.0,0.0
2026-03-11 08:40:00+00:00,0.0,0.0
2026-03-11 08:45:00+00:00,0.0,0.0
2026-03-11 08:50:00+00:00,0.0,0.0
2026-03-11 08:55:00+00:00,0.0,0.0
2026-03-11 09:00:00+00:00,0.0,0.0
2026-03-11 09:05:00+00:00,0.0,0.0
2026-03-11 09:10:00+00:00,0.0,0.0
2026-03-11 09:15:00+00:00,0.0,0.0
2026-03-11 09:20:00+00:00,0.0,0.0
2026-03-11 09:25:00+00:00,0.0,0.0
2026-03-11 09:30:00+00:00,0.0,0.0
2026-03-11 09:35:00+00:00,0.0,0.0
2026-03-11 09:40:00+00:00,0.0,0.0
2026-03-11 09:45:00+00:00,0.0,0.0
2026-03-11 09:50:00+00:00,0.0,0.0
2026-03-11 09:55:00+00:00,0.0,0.0
2026-03-11 10:00:00+00:00,0.0,0.0
2026-03-11 10:05:00+00:00,0.0,0.0
2026-03-11 10:10:00+00:00,0.0,0.0
2026-03-11 10:15:00+00:00,0.0,0.0
2026-03-11 10:20:00+00:00,0.0,0.0
2026-03-11 10:25:00+00:00,0.0,0.0
2026-03-11 10:30:00+00:00,0.0,0.0
2026-03-11 10:35:00+00:00,0.0,0.0
2026-03-11 10:40:00+00:00,0.0,0.0
2026-03-11 10:45:00+00:00,0.0,0.0
2026-03-11 10:50:00+00:00,0.0,0.0
2026-03-11 10:55:00+00:00,0.0,0.0
2026-03-11 11:00:00+00:00,0.0,0.0
2026-03-11 11:05:00+00:00,0.0,0.0
2026-03-11 11:10:00+00:00,0.0,0.0
2026-03-11 11:15:00+00:00,0.0,0.0
2026-03-11 11:20:00+00:00,0.0,0.0
2026-03-11 11:25:00+00:00,0.0,0.0
2026-03-11 11:30:00+00:00,0.0,0.0
2026-03-11 11:35:00+00:00,0.0,0.0
2026-03-11 11:40:00+00:00,0.0,0.0
2026-03-11 11:45:00+00:00,0.0,0.0
2026-03-11 11:50:00+00:00,0.0,0.0
2026-03-11 11:55:00+00:00,0.0,0.0
2026-03-11 12:00:00+00:00,0.0,0.0
2026-03-11 12:05:00+00:00,0.0,0.0
2026-03-11 12:10:00+00:00,0.0,0.0
2026-03-11 12:15:00+00:00,0.0,0.0
2026-03-11 12:20:00+00:00,0.0,0.0
2026-03-11 12:25:00+00:00,0.0,0.0
2026-03-11 12:30:00+00:00,0.0,0.0
2026-03-11 12:35:00+00:00,0.0,0.0
2026-03-11 12:40:00+00:00,0.0,0.0
2026-03-11 12:45:00+00:00,0.0,0.0
2026-03-11 12:50:00+00:00,0.0,0.0
2026-03-11 12:55:00+00:00,0.0,0.0
2026-03-11 13:00:00+00:00,0.0,0.0
2026-03-11 13:05:00+00:00,0.0,0.0
2026-03-11 13:10:00+00:00,0.0,0.0
2026-03-11 13:15:00+00:00,0.0,0.0
2026-03-11 13:20:00+00:00,0.0,0.0
2026-03-11 13:25:00+00:00,0.0,0.0
2026-03-11 13:30:00+00:00,0.0,0.0
2026-03-11 13:35:00+00:00,0.0,0.0
2026-03-11 13:40:00+00:00,0.0,0.0
2026-03-11 13:45:00+00:00,0.0,0.0
2026-03-11 13:50:00+00:00,0.0,0.0
2026-03-11 13:55:00+00:00,0.0,0.0
2026-03-11 14:00:00+00:00,0.0,0.0
2026-03-11 14:05:00+00:00,0.0,0.0
2026-03-11 14:10:00+00:00,0.0,0.0
2026-03-11 14:15:00+00:00,0.0,0.0
2026-03-11 14:20:00+00:00,0.0,0.0
2026-03-11 14:25:00+00:00,0.0,0.0
2026-03-11 14:30:00+00:00,0.0,0.0
2026-03-11 14:35:00+00:00,0.0,0.0
2026-03-11 14:40:00+00:00,0.0,0.0
2026-03-11 14:45:00+00:00,0.0,0.0
2026-03-11 14:50:00+00:00,0.0,0.0
2026-03-11 14:55:00+00:00,0.0,0.0
2026-03-11 15:00:00+00:00,0.0,0.0
2026-03-11 15:05:00+00:00,0.0,0.0
2026-03-11 15:10:00+00:00,0.0,0.0
2026-03-11 15:15:00+00:00,0.0,0.0
2026-03-11 15:20:00+00:00,0.0,0.0
2026-03-11 15:25:00+00:00,0.0,0.0
2026-03-11 15:30:00+00:00,0.0,0.0
2026-03-11 15:35:00+00:00,0.0,0.0
2026-03-11 15:40:00+00:00,0.0,0.0
2026-03-11 15:45:00+00:00,0.0,0.0
2026-03-11 15:50:00+00:00,0.0,0.0
2026-03-11 15:55:00+00:00,0.0,0.0
2026-03-11 16:00:00+00:00,0.0,0.0
2026-03-11 16:05:00+00:00,0.0,0.0
2026-03-11 16:10:00+00:00,0.0,0.0
2026-03-11 16:15:00+00:00,0.0,0.0
2026-03-11 16:20:00+00:00,0.0,0.0
2026-03-11 16:25:00+00:00,0.0,0.0
2026-03-11 16:30:00+00:00,0.0,0.0
2026-03-11 16:35:00+00:00,0.0,0.0
2026-03-11 16:40:00+00:00,0.0,0.0
2026-03-11 16:45:00+00:00,0.0,0.0
2026-03-11 16:50:00+00:00,0.0,0.0
2026-03-11 16:55:00+00:00,0.0,0.0
2026-03-11 17:00:00+00:00,0.0,0.0
2026-03-11 17:05:00+00:00,0.0,0.0
2026-03-11 17:10:00+00:00,0.0,0.0
2026-03-11 17:15:00+00:00,0.0,0.0
2026-03-11 17:20:00+00:00,0.0,0.0
2026-03-11 17:25:00+00:00,0.0,0.0
2026-03-11 17:30:00+00:00,0.0,0.0
2026-03-11 17:35:00+00:00,0.0,0.0
2026-03-11 17:40:00+00:00,0.0,0.0
2026-03-11 17:45:00+00:00,0.0,0.0
2026-03-11 17:50:00+00:00,0.0,0.0
2026-03-11 17:55:00+00:00,0.0,0.0
2026-03-11 18:00:00+00:00,0.0,0.0
2026-03-11 18:05:00+00:00,0.0,0.0
2026-03-11 18:10:00+00:00,0.0,0.0
2026-03-11 18:15:00+00:00,0.0,0.0
2026-03-11 18:20:00+00:00,0.0,0.0
2026-03-11 18:25:00+00:00,0.0,0.0
2026-03-11 18:30:00+00:00,0.0,0.0
2026-03-11 18:35:00+00:00,0.0,0.0
2026-03-11 18:40:00+00:00,0.0,0.0
2026-03-11 18:45:00+00:00,0.0,0.0
2026-03-11 18:50:00+00:00,0.0,0.0
2026-03-11 18:55:00+00:00,0.0,0.0
2026-03-11 19:00:00+00:00,0.0,0.0
2026-03-11 19:05:00+00:00,0.0,0.0
2026-03-11 19:10:00+00:00,0.0,0.0
2026-03-11 19:15:00+00:00,0.0,0.0
2026-03-11 19:20:00+00:00,0.0,0.0
2026-03-11 19:25:00+00:00,0.0,0.0
2026-03-11 19:30:00+00:00,0.0,0.0
2026-03-11 19:35:00+00:00,0.0,0.0
2026-03-11 19:40:00+00:00,0.0,0.0
2026-03-11 19:45:00+00:00,0.0,0.0
2026-03-11 19:50:00+00:00,0.0,0.0
2026-03-11 19:55:00+00:00,0.0,0.0
2026-03-11 20:00:00+00:00,0.0,0.0
2026-03-11 20:05:00+00:00,0.0,0.0
2026-03-11 20:10:00+00:00,0.0,0.0
2026-03-11 20:15:00+00:00,0.0,0.0
2026-03-11 20:20:00+00:00,0.0,0.0
2026-03-11 20:25:00+00:00,0.0,0.0
2026-03-11 20:30:00+00:00,0.0,0.0
2026-03-11 20:35:00+00:00,0.0,0.0
2026-03-11 20:40:00+00:00,0.0,0.0
2026-03-11 20:45:00+00:00,0.0,0.0
2026-03-11 20:50:00+00:00,0.0,0.0
2026-03-11 20:55:00+00:00,0.0,0.0
2026-03-11 21:00:00+00:00,0.0,0.0
2026-03-11 21:05:00+00:00,0.0,0.0
2026-03-11 21:10:00+00:00,0.0,0.0
2026-03-11 21:15:00+00:00,0.0,0.0
2026-03-11 21:20:00+00:00,0.0,0.0
2026-03-11 21:25:00+00:00,0.0,0.0
2026-03-11 21:30:00+00:00,0.0,0.0
2026-03-11 21:35:00+00:00,0.0,0.0
2026-03-11 21:40:00+00:00,0.0,0.0
2026-03-11 21:45:00+00:00,0.0,0.0
2026-03-11 21:50:00+00:00,0.0,0.0
2026-03-11 21:55:00+00:00,0.0,0.0
2026-03-11 22:00:00+00:00,0.0,0.0
2026-03-11 22:05:00+00:00,0.0,0.0
2026-03-11 22:10:00+00:00,0.0,0.0
2026-03-11 22:15:00+00:00,0.0,0.0
2026-03-11 22:20:00+00:00,0.0,0.0
2026-03-11 22:25:00+00:00,0.0,0.0
2026-03-11 22:30:00+00:00,0.0,0.0
2026-03-11 22:35:00+00:00,0.0,0.0
2026-03-11 22:40:00+00:00,0.0,0.0
2026-03-11 22:45:00+00:00,0.0,0.0
2026-03-11 22:50:00+00:00,0.0,0.0
2026-03-11 22:55:00+00:00,0.0,0.0
2026-03-11 23:00:00+00:00,0.0,0.0
2026-03-11 23:05:00+00:00,0.0,0.0
2026-03-11 23:10:00+00:00,0.0,0.0
2026-03-11 23:15:00+00:00,0.0,0.0
2026-03-11 23:20:00+00:00,0.0,0.0
2026-03-11 23:25:00+00:00,0.0,0.0
2026-03-11 23:30:00+00:00,0.0,0.0
2026-03-11 23:35:00+00:00,0.0,0.0
2026-03-11 23:40:00+00:00,0.0,0.0
2026-03-11 23:45:00+00:00,0.0,0.0
2026-03-11 23:50:00+00:00,0.0,0.0
2026-03-11 23:55:00+00:00,0.0,0.0
2026-03-12 00:00:00+00:00,0.0,0.0
2026-03-12 00:05:00+00:00,0.0,0.0
2026-03-12 00:10:00+00:00,0.0,0.0
2026-03-12 00:15:00+00:00,0.0,0.0
2026-03-12 00:20:00+00:00,0.0,0.0
2026-03-12 00:25:00+00:00,0.0,0.0
2026-03-12 00:30:00+00:00,0.0,0.0
2026-03-12 00:35:00+00:00,0.0,0.0
2026-03-12 00:40:00+00:00,0.0,0.0
2026-03-12 00:45:00+00:00,0.0,0.0
2026-03-12 00:50:00+00:00,0.0,0.0
2026-03-12 00:55:00+00:00,0.0,0.0
2026-03-12 01:00:00+00:00,0.0,0.0
2026-03-12 01:05:00+00:00,0.0,0.0
2026-03-12 01:10:00+00:00,0.0,0.0
2026-03-12 01:15:00+00:00,0.0,0.0
2026-03-12 01:20:00+00:00,0.0,0.0
2026-03-12 01:25:00+00:00,0.0,0.0
2026-03-12 01:30:00+00:00,0.0,0.0
2026-03-12 01:35:00+00:00,0.0,0.0
2026-03-12 01:40:00+00:00,0.0,0.0
2026-03-12 01:45:00+00:00,0.0,0.0
2026-03-12 01:50:00+00:00,0.0,0.0
2026-03-12 01:55:00+00:00,0.0,0.0
2026-03-12 02:00:00+00:00,0.0,0.0
2026-03-12 02:05:00+00:00,0.0,0.0
2026-03-12 02:10:00+00:00,0.0,0.0
2026-03-12 02:15:00+00:00,0.0,0.0
2026-03-12 02:20:00+00:00,0.0,0.0
2026-03-12 02:25:00+00:00,0.0,0.0
2026-03-12 02:30:00+00:00,0.0,0.0
2026-03-12 02:35:00+00:00,0.0,0.0
2026-03-12 02:40:00+00:00,0.0,0.0
2026-03-12 02:45:00+00:00,0.0,0.0
2026-03-12 02:50:00+00:00,0.0,0.0
2026-03-12 02:55:00+00:00,0.0,0.0
2026-03-12 03:00:00+00:00,0.0,0.0
2026-03-12 03:05:00+00:00,0.0,0.0
2026-03-12 03:10:00+00:00,0.0,0.0
2026-03-12 03:15:00+00:00,0.0,0.0
2026-03-12 03:20:00+00:00,0.0,0.0
2026-03-12 03:25:00+00:00,0.0,0.0
2026-03-12 03:30:00+00:00,0.0,0.0
2026-03-12 03:35:00+00:00,0.0,0.0
2026-03-12 03:40:00+00:00,0.0,0.0
2026-03-12 03:45:00+00:00,0.0,0.0
2026-03-12 03:50:00+00:00,0.0,0.0
2026-03-12 03:55:00+00:00,0.0,0.0
2026-03-12 04:00:00+00:00,0.0,0.0
2026-03-12 04:05:00+00:00,0.0,0.0
2026-03-12 04:10:00+00:00,0.0,0.0
2026-03-12 04:15:00+00:00,0.0,0.0
2026-03-12 04:20:00+00:00,0.0,0.0
2026-03-12 04:25:00+00:00,0.0,0.0
2026-03-12 04:30:00+00:00,0.0,0.0
2026-03-12 04:35:00+00:00,0.0,0.0
2026-03-12 04:40:00+00:00,0.0,0.0
2026-03-12 04:45:00+00:00,0.0,0.0
2026-03-12 04:50:00+00:00,0.0,0.0
2026-03-12 04:55:00+00:00,0.0,0.0
2026-03-12 05:00:00+00:00,0.0,0.0
2026-03-12 05:05:00+00:00,0.0,0.0
2026-03-12 05:10:00+00:00,0.0,0.0
2026-03-12 05:15:00+00:00,0.0,0.0
2026-03-12 05:20:00+00:00,0.0,0.0
2026-03-12 05:25:00+00:00,0.0,0.0
2026-03-12 05:30:00+00:00,0.0,0.0
2026-03-12 05:35:00+00:00,0.0,0.0
2026-03-12 05:40:00+00:00,0.0,0.0
2026-03-12 05:45:00+00:00,0.0,0.0
2026-03-12 05:50:00+00:00,0.0,0.0
2026-03-12 05:55:00+00:00,0.0,0.0
2026-03-12 06:00:00+00:00,0.0,0.0
2026-03-12 06:05:00+00:00,0.0,0.0
2026-03-12 06:10:00+00:00,0.0,0.0
2026-03-12 06:15:00+00:00,0.0,0.0
2026-03-12 06:20:00+00:00,0.0,0.0
2026-03-12 06:25:00+00:00,0.0,0.0
2026-03-12 06:30:00+00:00,0.0,0.0
2026-03-12 06:35:00+00:00,0.0,0.0
2026-03-12 06:40:00+00:00,0.0,0.0
2026-03-12 06:45:00+00:00,0.0,0.0
2026-03-12 06:50:00+00:00,0.0,0.0
2026-03-12 06:55:00+00:00,0.0,0.0
2026-03-12 07:00:00+00:00,0.0,0.0
2026-03-12 07:05:00+00:00,0.0,0.0
2026-03-12 07:10:00+00:00,0.0,0.0
2026-03-12 07:15:00+00:00,0.0,0.0
2026-03-12 07:20:00+00:00,0.0,0.0
2026-03-12 07:25:00+00:00,0.0,0.0
2026-03-12 07:30:00+00:00,0.0,0.0
2026-03-12 07:35:00+00:00,0.0,0.0
2026-03-12 07:40:00+00:00,0.0,0.0
2026-03-12 07:45:00+00:00,0.0,0.0
2026-03-12 07:50:00+00:00,0.0,0.0
2026-03-12 07:55:00+00:00,0.0,0.0
2026-03-12 08:00:00+00:00,0.0,0.0
2026-03-12 08:05:00+00:00,0.0,0.0
2026-03-12 08:10:00+00:00,0.0,0.0
2026-03-12 08:15:00+00:00,0.0,0.0
2026-03-12 08:20:00+00:00,0.0,0.0
2026-03-12 08:25:00+00:00,0.0,0.0
2026-03-12 08:30:00+00:00,0.0,0.0
2026-03-12 08:35:00+00:00,0.0,0.0
2026-03-12 08:40:00+00:00,0.0,0.0
2026-03-12 08:45:00+00:00,0.0,0.0
2026-03-12 08:50:00+00:00,0.0,0.0
2026-03-12 08:55:00+00:00,0.0,0.0
2026-03-12 09:00:00+00:00,0.0,0.0
2026-03-12 09:05:00+00:00,0.0,0.0
2026-03-12 09:10:00+00:00,0.0,0.0
2026-03-12 09:15:00+00:00,0.0,0.0
2026-03-12 09:20:00+00:00,0.0,0.0
2026-03-12 09:25:00+00:00,0.0,0.0
2026-03-12 09:30:00+00:00,0.0,0.0
2026-03-12 09:35:00+00:00,0.0,0.0
2026-03-12 09:40:00+00:00,0.0,0.0
2026-03-12 09:45:00+00:00,0.0,0.0
2026-03-12 09:50:00+00:00,0.0,0.0
2026-03-12 09:55:00+00:00,0.0,0.0
2026-03-12 10:00:00+00:00,0.0,0.0
2026-03-12 10:05:00+00:00,0.0,0.0
2026-03-12 10:10:00+00:00,0.0,0.0
2026-03-12 10:15:00+00:00,0.0,0.0
2026-03-12 10:20:00+00:00,0.0,0.0
2026-03-12 10:25:00+00:00,0.0,0.0
2026-03-12 10:30:00+00:00,0.0,0.0
2026-03-12 10:35:00+00:00,0.0,0.0
2026-03-12 10:40:00+00:00,0.0,0.0
2026-03-12 10:45:00+00:00,0.0,0.0
2026-03-12 10:50:00+00:00,0.0,0.0
2026-03-12 10:55:00+00:00,0.0,0.0
2026-03-12 11:00:00+00:00,0.0,0.0
2026-03-12 11:05:00+00:00,0.0,0.0
2026-03-12 11:10:00+00:00,0.0,0.0
2026-03-12 11:15:00+00:00,0.0,0.0
2026-03-12 11:20:00+00:00,0.0,0.0
2026-03-12 11:25:00+00:00,0.0,0.0
2026-03-12 11:30:00+00:00,0.0,0.0
2026-03-12 11:35:00+00:00,0.0,0.0
2026-03-12 11:40:00+00:00,0.0,0.0
2026-03-12 11:45:00+00:00,0.0,0.0
2026-03-12 11:50:00+00:00,0.0,0.0
2026-03-12 11:55:00+00:00,0.0,0.0
2026-03-12 12:00:00+00:00,0.0,0.0
2026-03-12 12:05:00+00:00,0.0,0.0
2026-03-12 12:10:00+00:00,0.0,0.0
2026-03-12 12:15:00+00:00,0.0,0.0
2026-03-12 12:20:00+00:00,0.0,0.0
2026-03-12 12:25:00+00:00,0.0,0.0
2026-03-12 12:30:00+00:00,0.0,0.0
2026-03-12 12:35:00+00:00,0.0,0.0
2026-03-12 12:40:00+00:00,0.0,0.0
2026-03-12 12:45:00+00:00,0.0,0.0
2026-03-12 12:50:00+00:00,0.0,0.0
2026-03-12 12:55:00+00:00,0.0,0.0
2026-03-12 13:00:00+00:00,0.0,0.0
2026-03-12 13:05:00+00:00,0.0,0.0
2026-03-12 13:10:00+00:00,0.0,0.0
2026-03-12 13:15:00+00:00,0.0,0.0
2026-03-12 13:20:00+00:00,0.0,0.0
2026-03-12 13:25:00+00:00,0.0,0.0
2026-03-12 13:30:00+00:00,0.0,0.0
2026-03-12 13:35:00+00:00,0.0,0.0
2026-03-12 13:40:00+00:00,0.0,0.0
2026-03-12 13:45:00+00:00,0.0,0.0
2026-03-12 13:50:00+00:00,0.0,0.0
2026-03-12 13:55:00+00:00,0.0,0.0
2026-03-12 14:00:00+00:00,0.0,0.0
2026-03-12 14:05:00+00:00,0.0,0.0
2026-03-12 14:10:00+00:00,0.0,0.0
2026-03-12 14:15:00+00:00,0.0,0.0
2026-03-12 14:20:00+00:00,0.0,0.0
2026-03-12 14:25:00+00:00,0.0,0.0
2026-03-12 14:30:00+00:00,0.0,0.0
2026-03-12 14:35:00+00:00,0.0,0.0
2026-03-12 14:40:00+00:00,0.0,0.0
2026-03-12 14:45:00+00:00,0.0,0.0
2026-03-12 14:50:00+00:00,0.0,0.0
2026-03-12 14:55:00+00:00,0.0,0.0
2026-03-12 15:00:00+00:00,0.0,0.0
2026-03-12 15:05:00+00:00,0.0,0.0
2026-03-12 15:10:00+00:00,0.0,0.0
2026-03-12 15:15:00+00:00,0.0,0.0
2026-03-12 15:20:00+00:00,0.0,0.0
2026-03-12 15:25:00+00:00,0.0,0.0
2026-03-12 15:30:00+00:00,0.0,0.0
2026-03-12 15:35:00+00:00,0.0,0.0
2026-03-12 15:40:00+00:00,0.0,0.0
2026-03-12 15:45:00+00:00,0.0,0.0
2026-03-12 15:50:00+00:00,0.0,0.0
2026-03-12 15:55:00+00:00,0.0,0.0
2026-03-12 16:00:00+00:00,0.0,0.0
2026-03-12 16:05:00+00:00,0.0,0.0
2026-03-12 16:10:00+00:00,0.0,0.0
2026-03-12 16:15:00+00:00,0.0,0.0
2026-03-12 16:20:00+00:00,0.0,0.0
2026-03-12 16:25:00+00:00,0.0,0.0
2026-03-12 16:30:00+00:00,0.0,0.0
2026-03-12 16:35:00+00:00,0.0,0.0
2026-03-12 16:40:00+00:00,0.0,0.0
2026-03-12 16:45:00+00:00,0.0,0.0
2026-03-12 16:50:00+00:00,0.0,0.0
2026-03-12 16:55:00+00:00,0.0,0.0
2026-03-12 17:00:00+00:00,0.0,0.0
2026-03-12 17:05:00+00:00,0.0,0.0
2026-03-12 17:10:00+00:00,0.0,0.0
2026-03-12 17:15:00+00:00,0.0,0.0
2026-03-12 17:20:00+00:00,0.0,0.0
2026-03-12 17:25:00+00:00,0.0,0.0
2026-03-12 17:30:00+00:00,0.0,0.0
2026-03-12 17:35:00+00:00,0.0,0.0
2026-03-12 17:40:00+00:00,0.0,0.0
2026-03-12 17:45:00+00:00,0.0,0.0
2026-03-12 17:50:00+00:00,0.0,0.0
2026-03-12 17:55:00+00:00,0.0,0.0
2026-03-12 18:00:00+00:00,0.0,0.0
2026-03-12 18:05:00+00:00,0.0,0.0
2026-03-12 18:10:00+00:00,0.0,0.0
2026-03-12 18:15:00+00:00,0.0,0.0
2026-03-12 18:20:00+00:00,0.0,0.0
2026-03-12 18:25:00+00:00,0.0,0.0
2026-03-12 18:30:00+00:00,0.0,0.0
2026-03-12 18:35:00+00:00,0.0,0.0
2026-03-12 18:40:00+00:00,0.0,0.0
2026-03-12 18:45:00+00:00,0.0,0.0
2026-03-12 18:50:00+00:00,0.0,0.0
2026-03-12 18:55:00+00:00,0.0,0.0
2026-03-12 19:00:00+00:00,0.0,0.0
2026-03-12 19:05:00+00:00,0.0,0.0
2026-03-12 19:10:00+00:00,0.0,0.0
2026-03-12 19:15:00+00:00,0.0,0.0
2026-03-12 19:20:00+00:00,0.0,0.0
2026-03-12 19:25:00+00:00,0.0,0.0
2026-03-12 19:30:00+00:00,0.0,0.0
2026-03-12 19:35:00+00:00,0.0,0.0
2026-03-12 19:40:00+00:00,0.0,0.0
2026-03-12 19:45:00+00:00,0.0,0.0
2026-03-12 19:50:00+00:00,0.0,0.0
2026-03-12 19:55:00+00:00,0.0,0.0
2026-03-12 20:00:00+00:00,0.0,0.0
2026-03-12 20:05:00+00:00,0.0,0.0
2026-03-12 20:10:00+00:00,0.0,0.0
2026-03-12 20:15:00+00:00,0.0,0.0
2026-03-12 20:20:00+00:00,0.0,0.0
2026-03-12 20:25:00+00:00,0.0,0.0
2026-03-12 20:30:00+00:00,0.0,0.0
2026-03-12 20:35:00+00:00,0.0,0.0
2026-03-12 20:40:00+00:00,0.0,0.0
2026-03-12 20:45:00+00:00,0.0,0.0
2026-03-12 20:50:00+00:00,0.0,0.0
2026-03-12 20:55:00+00:00,0.0,0.0
2026-03-12 21:00:00+00:00,0.0,0.0
2026-03-12 21:05:00+00:00,0.0,0.0
2026-03-12 21:10:00+00:00,0.0,0.0
2026-03-12 21:15:00+00:00,0.0,0.0
2026-03-12 21:20:00+00:00,0.0,0.0
2026-03-12 21:25:00+00:00,0.0,0.0
2026-03-12 21:30:00+00:00,0.0,0.0
2026-03-12 21:35:00+00:00,0.0,0.0
2026-03-12 21:40:00+00:00,0.0,0.0
2026-03-12 21:45:00+00:00,0.0,0.0
2026-03-12 21:50:00+00:00,0.0,0.0
2026-03-12 21:55:00+00:00,0.0,0.0
2026-03-12 22:00:00+00:00,0.0,0.0
2026-03-12 22:05:00+00:00,0.0,0.0
2026-03-12 22:10:00+00:00,0.0,0.0
2026-03-12 22:15:00+00:00,0.0,0.0
2026-03-12 22:20:00+00:00,0.0,0.0
2026-03-12 22:25:00+00:00,0.0,0.0
2026-03-12 22:30:00+00:00,0.0,0.0
2026-03-12 22:35:00+00:00,0.0,0.0
2026-03-12 22:40:00+00:00,0.0,0.0
2026-03-12 22:45:00+00:00,0.0,0.0
2026-03-12 22:50:00+00:00,0.0,0.0
2026-03-12 22:55:00+00:00,0.0,0.0
2026-03-12 23:00:00+00:00,0.0,0.0
2026-03-12 23:05:00+00:00,0.0,0.0
2026-03-12 23:10:00+00:00,0.0,0.0
2026-03-12 23:15:00+00:00,0.0,0.0
2026-03-12 23:20:00+00:00,0.0,0.0
2026-03-12 23:25:00+00:00,0.0,0.0
2026-03-12 23:30:00+00:00,0.0,0.0
2026-03-12 23:35:00+00:00,0.0,0.0
2026-03-12 23:40:00+00:00,0.0,0.0
2026-03-12 23:45:00+00:00,0.0,0.0
2026-03-12 23:50:00+00:00,0.0,0.0
2026-03-12 23:55:00+00:00,0.0,0.0
2026-03-13 00:00:00+00:00,0.0,0.0
2026-03-13 00:05:00+00:00,0.0,0.0
2026-03-13 00:10:00+00:00,0.0,0.0
2026-03-13 00:15:00+00:00,0.0,0.0
2026-03-13 00:20:00+00:00,0.0,0.0
2026-03-13 00:25:00+00:00,0.0,0.0
2026-03-13 00:30:00+00:00,0.0,0.0
2026-03-13 00:35:00+00:00,0.0,0.0
2026-03-13 00:40:00+00:00,0.0,0.0
2026-03-13 00:45:00+00:00,0.0,0.0
2026-03-13 00:50:00+00:00,0.0,0.0
2026-03-13 00:55:00+00:00,0.0,0.0
2026-03-13 01:00:00+00:00,0.0,0.0
2026-03-13 01:05:00+00:00,0.0,0.0
2026-03-13 01:10:00+00:00,0.0,0.0
2026-03-13 01:15:00+00:00,0.0,0.0
2026-03-13 01:20:00+00:00,0.0,0.0
2026-03-13 01:25:00+00:00,0.0,0.0
2026-03-13 01:30:00+00:00,0.0,0.0
2026-03-13 01:35:00+00:00,0.0,0.0
2026-03-13 01:40:00+00:00,0.0,0.0
2026-03-13 01:45:00+00:00,0.0,0.0
2026-03-13 01:50:00+00:00,0.0,0.0
2026-03-13 01:55:00+00:00,0.0,0.0
2026-03-13 02:00:00+00:00,0.0,0.0
2026-03-13 02:05:00+00:00,0.0,0.0
2026-03-13 02:10:00+00:00,0.0,0.0
2026-03-13 02:15:00+00:00,0.0,0.0
2026-03-13 02:20:00+00:00,0.0,0.0
2026-03-13 02:25:00+00:00,0.0,0.0
2026-03-13 02:30:00+00:00,0.0,0.0
2026-03-13 02:35:00+00:00,0.0,0.0
2026-03-13 02:40:00+00:00,0.0,0.0
2026-03-13 02:45:00+00:00,0.0,0.0
2026-03-13 02:50:00+00:00,0.0,0.0
2026-03-13 02:55:00+00:00,0.0,0.0
2026-03-13 03:00:00+00:00,0.0,0.0
2026-03-13 03:05:00+00:00,0.0,0.0
2026-03-13 03:10:00+00:00,0.0,0.0
2026-03-13 03:15:00+00:00,0.0,0.0
2026-03-13 03:20:00+00:00,0.0,0.0
2026-03-13 03:25:00+00:00,0.0,0.0
2026-03-13 03:30:00+00:00,0.0,0.0
2026-03-13 03:35:00+00:00,0.0,0.0
2026-03-13 03:40:00+00:00,0.0,0.0
2026-03-13 03:45:00+00:00,0.0,0.0
2026-03-13 03:50:00+00:00,0.0,0.0
2026-03-13 03:55:00+00:00,0.0,0.0
2026-03-13 04:00:00+00:00,0.0,0.0
2026-03-13 04:05:00+00:00,0.0,0.0
2026-03-13 04:10:00+00:00,0.0,0.0
2026-03-13 04:15:00+00:00,0.0,0.0
2026-03-13 04:20:00+00:00,0.0,0.0
2026-03-13 04:25:00+00:00,0.0,0.0
2026-03-13 04:30:00+00:00,0.0,0.0
2026-03-13 04:35:00+00:00,0.0,0.0
2026-03-13 04:40:00+00:00,0.0,0.0
2026-03-13 04:45:00+00:00,0.0,0.0
2026-03-13 04:50:00+00:00,0.0,0.0
2026-03-13 04:55:00+00:00,0.0,0.0
2026-03-13 05:00:00+00:00,0.0,0.0
2026-03-13 05:05:00+00:00,0.0,0.0
2026-03-13 05:10:00+00:00,0.0,0.0
2026-03-13 05:15:00+00:00,0.0,0.0
2026-03-13 05:20:00+00:00,0.0,0.0
2026-03-13 05:25:00+00:00,0.0,0.0
2026-03-13 05:30:00+00:00,0.0,0.0
2026-03-13 05:35:00+00:00,0.0,0.0
2026-03-13 05:40:00+00:00,0.0,0.0
2026-03-13 05:45:00+00:00,0.0,0.0
2026-03-13 05:50:00+00:00,0.0,0.0
2026-03-13 05:55:00+00:00,0.0,0.0
2026-03-13 06:00:00+00:00,0.0,0.0
2026-03-13 06:05:00+00:00,0.0,0.0
2026-03-13 06:10:00+00:00,0.0,0.0
2026-03-13 06:15:00+00:00,0.0,0.0
2026-03-13 06:20:00+00:00,0.0,0.0
2026-03-13 06:25:00+00:00,0.0,0.0
2026-03-13 06:30:00+00:00,0.0,0.0
2026-03-13 06:35:00+00:00,0.0,0.0
2026-03-13 06:40:00+00:00,0.0,0.0
2026-03-13 06:45:00+00:00,0.0,0.0
2026-03-13 06:50:00+00:00,0.0,0.0
2026-03-13 06:55:00+00:00,0.0,0.0
2026-03-13 07:00:00+00:00,0.0,0.0
2026-03-13 07:05:00+00:00,0.0,0.0
2026-03-13 07:10:00+00:00,0.0,0.0
2026-03-13 07:15:00+00:00,0.0,0.0
2026-03-13 07:20:00+00:00,0.0,0.0
2026-03-13 07:25:00+00:00,0.0,0.0
2026-03-13 07:30:00+00:00,0.0,0.0
2026-03-13 07:35:00+00:00,0.0,0.0
2026-03-13 07:40:00+00:00,0.0,0.0
2026-03-13 07:45:00+00:00,0.0,0.0
2026-03-13 07:50:00+00:00,0.0,0.0
2026-03-13 07:55:00+00:00,0.0,0.0
2026-03-13 08:00:00+00:00,0.0,0.0
2026-03-13 08:05:00+00:00,0.0,0.0
2026-03-13 08:10:00+00:00,0.0,0.0
2026-03-13 08:15:00+00:00,0.0,0.0
2026-03-13 08:20:00+00:00,0.0,0.0
2026-03-13 08:25:00+00:00,0.0,0.0
2026-03-13 08:30:00+00:00,0.0,0.0
2026-03-13 08:35:00+00:00,0.0,0.0
2026-03-13 08:40:00+00:00,0.0,0.0
2026-03-13 08:45:00+00:00,0.0,0.0
2026-03-13 08:50:00+00:00,0.0,0.0
2026-03-13 08:55:00+00:00,0.0,0.0
2026-03-13 09:00:00+00:00,0.0,0.0
2026-03-13 09:05:00+00:00,0.0,0.0
2026-03-13 09:10:00+00:00,0.0,0.0
2026-03-13 09:15:00+00:00,0.0,0.0
2026-03-13 09:20:00+00:00,0.0,0.0
2026-03-13 09:25:00+00:00,0.0,0.0
2026-03-13 09:30:00+00:00,0.0,0.0
2026-03-13 09:35:00+00:00,0.0,0.0
2026-03-13 09:40:00+00:00,0.0,0.0
2026-03-13 09:45:00+00:00,0.0,0.0
2026-03-13 09:50:00+00:00,0.0,0.0
2026-03-13 09:55:00+00:00,0.0,0.0
2026-03-13 10:00:00+00:00,0.0,0.0
2026-03-13 10:05:00+00:00,0.0,0.0
2026-03-13 10:10:00+00:00,0.0,0.0
2026-03-13 10:15:00+00:00,0.0,0.0
2026-03-13 10:20:00+00:00,0.0,0.0
2026-03-13 10:25:00+00:00,0.0,0.0
2026-03-13 10:30:00+00:00,0.0,0.0
2026-03-13 10:35:00+00:00,0.0,0.0
2026-03-13 10:40:00+00:00,0.0,0.0
2026-03-13 10:45:00+00:00,0.0,0.0
2026-03-13 10:50:00+00:00,0.0,0.0
2026-03-13 10:55:00+00:00,0.0,0.0
2026-03-13 11:00:00+00:00,0.0,0.0
2026-03-13 11:05:00+00:00,0.0,0.0
2026-03-13 11:10:00+00:00,0.0,0.0
2026-03-13 11:15:00+00:00,0.0,0.0
2026-03-13 11:20:00+00:00,0.0,0.0
2026-03-13 11:25:00+00:00,0.0,0.0
2026-03-13 11:30:00+00:00,0.0,0.0
2026-03-13 11:35:00+00:00,0.0,0.0
2026-03-13 11:40:00+00:00,0.0,0.0
2026-03-13 11:45:00+00:00,0.0,0.0
2026-03-13 11:50:00+00:00,0.0,0.0
2026-03-13 11:55:00+00:00,0.0,0.0
2026-03-13 12:00:00+00:00,0.0,0.0
2026-03-13 12:05:00+00:00,0.0,0.0
2026-03-13 12:10:00+00:00,0.0,0.0
2026-03-13 12:15:00+00:00,0.0,0.0
2026-03-13 12:20:00+00:00,0.0,0.0
2026-03-13 12:25:00+00:00,0.0,0.0
2026-03-13 12:30:00+00:00,0.0,0.0
2026-03-13 12:35:00+00:00,0.0,0.0
2026-03-13 12:40:00+00:00,0.0,0.0
2026-03-13 12:45:00+00:00,0.0,0.0
2026-03-13 12:50:00+00:00,0.0,0.0
2026-03-13 12:55:00+00:00,0.0,0.0
2026-03-13 13:00:00+00:00,0.0,0.0
2026-03-13 13:05:00+00:00,0.0,0.0
2026-03-13 13:10:00+00:00,0.0,0.0
2026-03-13 13:15:00+00:00,0.0,0.0
2026-03-13 13:20:00+00:00,0.0,0.0
2026-03-13 13:25:00+00:00,0.0,0.0
2026-03-13 13:30:00+00:00,0.0,0.0
2026-03-13 13:35:00+00:00,0.0,0.0
2026-03-13 13:40:00+00:00,0.0,0.0
2026-03-13 13:45:00+00:00,0.0,0.0
2026-03-13 13:50:00+00:00,0.0,0.0
2026-03-13 13:55:00+00:00,0.0,0.0
2026-03-13 14:00:00+00:00,0.0,0.0
2026-03-13 14:05:00+00:00,0.0,0.0
2026-03-13 14:10:00+00:00,0.0,0.0
2026-03-13 14:15:00+00:00,0.0,0.0
2026-03-13 14:20:00+00:00,0.0,0.0
2026-03-13 14:25:00+00:00,0.0,0.0
2026-03-13 14:30:00+00:00,0.0,0.0
2026-03-13 14:35:00+00:00,0.0,0.0
2026-03-13 14:40:00+00:00,0.0,0.0
2026-03-13 14:45:00+00:00,0.0,0.0
2026-03-13 14:50:00+00:00,0.0,0.0
2026-03-13 14:55:00+00:00,0.0,0.0
2026-03-13 15:00:00+00:00,0.0,0.0
2026-03-13 15:05:00+00:00,0.0,0.0
2026-03-13 15:10:00+00:00,0.0,0.0
2026-03-13 15:15:00+00:00,0.0,0.0
2026-03-13 15:20:00+00:00,0.0,0.0
2026-03-13 15:25:00+00:00,0.0,0.0
2026-03-13 15:30:00+00:00,0.0,0.0
2026-03-13 15:35:00+00:00,0.0,0.0
2026-03-13 15:40:00+00:00,0.0,0.0
2026-03-13 15:45:00+00:00,0.0,0.0
2026-03-13 15:50:00+00:00,0.0,0.0
2026-03-13 15:55:00+00:00,0.0,0.0
2026-03-13 16:00:00+00:00,0.0,0.0
2026-03-13 16:05:00+00:00,0.0,0.0
2026-03-13 16:10:00+00:00,0.0,0.0
2026-03-13 16:15:00+00:00,0.0,0.0
2026-03-13 16:20:00+00:00,0.0,0.0
2026-03-13 16:25:00+00:00,0.0,0.0
2026-03-13 16:30:00+00:00,0.0,0.0
2026-03-13 16:35:00+00:00,0.0,0.0
2026-03-13 16:40:00+00:00,0.0,0.0
2026-03-13 16:45:00+00:00,0.0,0.0
2026-03-13 16:50:00+00:00,0.0,0.0
2026-03-13 16:55:00+00:00,0.0,0.0
2026-03-13 17:00:00+00:00,0.0,0.0
2026-03-13 17:05:00+00:00,0.0,0.0
2026-03-13 17:10:00+00:00,0.0,0.0
2026-03-13 17:15:00+00:00,0.0,0.0
2026-03-13 17:20:00+00:00,0.0,0.0
2026-03-13 17:25:00+00:00,0.0,0.0
2026-03-13 17:30:00+00:00,0.0,0.0
2026-03-13 17:35:00+00:00,0.0,0.0
2026-03-13 17:40:00+00:00,0.0,0.0
2026-03-13 17:45:00+00:00,0.0,0.0
2026-03-13 17:50:00+00:00,0.0,0.0
2026-03-13 17:55:00+00:00,0.0,0.0
2026-03-13 18:00:00+00:00,0.0,0.0
2026-03-13 18:05:00+00:00,0.0,0.0
2026-03-13 18:10:00+00:00,0.0,0.0
2026-03-13 18:15:00+00:00,0.0,0.0
2026-03-13 18:20:00+00:00,0.0,0.0
2026-03-13 18:25:00+00:00,0.0,0.0
2026-03-13 18:30:00+00:00,0.0,0.0
2026-03-13 18:35:00+00:00,0.0,0.0
2026-03-13 18:40:00+00:00,0.0,0.0
2026-03-13 18:45:00+00:00,0.0,0.0
2026-03-13 18:50:00+00:00,0.0,0.0
2026-03-13 18:55:00+00:00,0.0,0.0
2026-03-13 19:00:00+00:00,0.0,0.0
2026-03-13 19:05:00+00:00,0.0,0.0
2026-03-13 19:10:00+00:00,0.0,0.0
2026-03-13 19:15:00+00:00,0.0,0.0
2026-03-13 19:20:00+00:00,0.0,0.0
2026-03-13 19:25:00+00:00,0.0,0.0
2026-03-13 19:30:00+00:00,0.0,0.0
2026-03-13 19:35:00+00:00,0.0,0.0
2026-03-13 19:40:00+00:00,0.0,0.0
2026-03-13 19:45:00+00:00,0.0,0.0
2026-03-13 19:50:00+00:00,0.0,0.0
2026-03-13 19:55:00+00:00,0.0,0.0
2026-03-13 20:00:00+00:00,0.0,0.0
2026-03-13 20:05:00+00:00,0.0,0.0
2026-03-13 20:10:00+00:00,0.0,0.0
2026-03-13 20:15:00+00:00,0.0,0.0
2026-03-13 20:20:00+00:00,0.0,0.0
2026-03-13 20:25:00+00:00,0.0,0.0
2026-03-13 20:30:00+00:00,0.0,0.0
2026-03-13 20:35:00+00:00,0.0,0.0
2026-03-13 20:40:00+00:00,0.0,0.0
2026-03-13 20:45:00+00:00,0.0,0.0
2026-03-13 20:50:00+00:00,0.0,0.0
2026-03-13 20:55:00+00:00,0.0,0.0
2026-03-13 21:00:00+00:00,0.0,0.0
2026-03-13 21:05:00+00:00,0.0,0.0
2026-03-13 21:10:00+00:00,0.0,0.0
2026-03-13 21:15:00+00:00,0.0,0.0
2026-03-13 21:20:00+00:00,0.0,0.0
2026-03-13 21:25:00+00:00,0.0,0.0
2026-03-13 21:30:00+00:00,0.0,0.0
2026-03-13 21:35:00+00:00,0.0,0.0
2026-03-13 21:40:00+00:00,0.0,0.0
2026-03-13 21:45:00+00:00,0.0,0.0
2026-03-13 21:50:00+00:00,0.0,0.0
2026-03-13 21:55:00+00:00,0.0,0.0
2026-03-13 22:00:00+00:00,0.0,0.0
2026-03-13 22:05:00+00:00,0.0,0.0
2026-03-13 22:10:00+00:00,0.0,0.0
2026-03-13 22:15:00+00:00,0.0,0.0
2026-03-13 22:20:00+00:00,0.0,0.0
2026-03-13 22:25:00+00:00,0.0,0.0
2026-03-13 22:30:00+00:00,0.0,0.0
2026-03-13 22:35:00+00:00,0.0,0.0
2026-03-13 22:40:00+00:00,0.0,0.0
2026-03-13 22:45:00+00:00,0.0,0.0
2026-03-13 22:50:00+00:00,0.0,0.0
2026-03-13 22:55:00+00:00,0.0,0.0
2026-03-13 23:00:00+00:00,0.0,0.0
2026-03-13 23:05:00+00:00,0.0,0.0
2026-03-13 23:10:00+00:00,0.0,0.0
2026-03-13 23:15:00+00:00,0.0,0.0
2026-03-13 23:20:00+00:00,0.0,0.0
2026-03-13 23:25:00+00:00,0.0,0.0
2026-03-13 23:30:00+00:00,0.0,0.0
2026-03-13 23:35:00+00:00,0.0,0.0
2026-03-13 23:40:00+00:00,0.0,0.0
2026-03-13 23:45:00+00:00,0.0,0.0
2026-03-13 23:50:00+00:00,0.0,0.0
2026-03-13 23:55:00+00:00,0.0,0.0
2026-03-14 00:00:00+00:00,0.0,0.0
2026-03-14 00:05:00+00:00,0.0,0.0
2026-03-14 00:10:00+00:00,0.0,0.0
2026-03-14 00:15:00+00:00,0.0,0.0
2026-03-14 00:20:00+00:00,0.0,0.0
2026-03-14 00:25:00+00:00,0.0,0.0
2026-03-14 00:30:00+00:00,0.0,0.0
2026-03-14 00:35:00+00:00,0.0,0.0
2026-03-14 00:40:00+00:00,0.0,0.0
2026-03-14 00:45:00+00:00,0.0,0.0
2026-03-14 00:50:00+00:00,0.0,0.0
2026-03-14 00:55:00+00:00,0.0,0.0
2026-03-14 01:00:00+00:00,0.0,0.0
2026-03-14 01:05:00+00:00,0.0,0.0
2026-03-14 01:10:00+00:00,0.0,0.0
2026-03-14 01:15:00+00:00,0.0,0.0
2026-03-14 01:20:00+00:00,0.0,0.0
2026-03-14 01:25:00+00:00,0.0,0.0
2026-03-14 01:30:00+00:00,0.0,0.0
2026-03-14 01:35:00+00:00,0.0,0.0
2026-03-14 01:40:00+00:00,0.0,0.0
2026-03-14 01:45:00+00:00,0.0,0.0
2026-03-14 01:50:00+00:00,0.0,0.0
2026-03-14 01:55:00+00:00,0.0,0.0
2026-03-14 02:00:00+00:00,0.0,0.0
2026-03-14 02:05:00+00:00,0.0,0.0
2026-03-14 02:10:00+00:00,0.0,0.0
2026-03-14 02:15:00+00:00,0.0,0.0
2026-03-14 02:20:00+00:00,0.0,0.0
2026-03-14 02:25:00+00:00,0.0,0.0
2026-03-14 02:30:00+00:00,0.0,0.0
2026-03-14 02:35:00+00:00,0.0,0.0
2026-03-14 02:40:00+00:00,0.0,0.0
2026-03-14 02:45:00+00:00,0.0,0.0
2026-03-14 02:50:00+00:00,0.0,0.0
2026-03-14 02:55:00+00:00,0.0,0.0
2026-03-14 03:00:00+00:00,0.0,0.0
2026-03-14 03:05:00+00:00,0.0,0.0
2026-03-14 03:10:00+00:00,0.0,0.0
2026-03-14 03:15:00+00:00,0.0,0.0
2026-03-14 03:20:00+00:00,0.0,0.0
2026-03-14 03:25:00+00:00,0.0,0.0
2026-03-14 03:30:00+00:00,0.0,0.0
2026-03-14 03:35:00+00:00,0.0,0.0
2026-03-14 03:40:00+00:00,0.0,0.0
2026-03-14 03:45:00+00:00,0.0,0.0
2026-03-14 03:50:00+00:00,0.0,0.0
2026-03-14 03:55:00+00:00,0.0,0.0
2026-03-14 04:00:00+00:00,0.0,0.0
2026-03-14 04:05:00+00:00,0.0,0.0
2026-03-14 04:10:00+00:00,0.0,0.0
2026-03-14 04:15:00+00:00,0.0,0.0
2026-03-14 04:20:00+00:00,0.0,0.0
2026-03-14 04:25:00+00:00,0.0,0.0
2026-03-14 04:30:00+00:00,0.0,0.0
2026-03-14 04:35:00+00:00,0.0,0.0
2026-03-14 04:40:00+00:00,0.0,0.0
2026-03-14 04:45:00+00:00,0.0,0.0
2026-03-14 04:50:00+00:00,0.0,0.0
2026-03-14 04:55:00+00:00,0.0,0.0
2026-03-14 05:00:00+00:00,0.0,0.0
2026-03-14 05:05:00+00:00,0.0,0.0
2026-03-14 05:10:00+00:00,0.0,0.0
2026-03-14 05:15:00+00:00,0.0,0.0
2026-03-14 05:20:00+00:00,0.0,0.0
2026-03-14 05:25:00+00:00,0.0,0.0
2026-03-14 05:30:00+00:00,0.0,0.0
2026-03-14 05:35:00+00:00,0.0,0.0
2026-03-14 05:40:00+00:00,0.0,0.0
2026-03-14 05:45:00+00:00,0.0,0.0
2026-03-14 05:50:00+00:00,0.0,0.0
2026-03-14 05:55:00+00:00,0.0,0.0
2026-03-14 06:00:00+00:00,0.0,0.0
2026-03-14 06:05:00+00:00,0.0,0.0
2026-03-14 06:10:00+00:00,0.0,0.0
2026-03-14 06:15:00+00:00,0.0,0.0
2026-03-14 06:20:00+00:00,0.0,0.0
2026-03-14 06:25:00+00:00,0.0,0.0
2026-03-14 06:30:00+00:00,0.0,0.0
2026-03-14 06:35:00+00:00,0.0,0.0
2026-03-14 06:40:00+00:00,0.0,0.0
2026-03-14 06:45:00+00:00,0.0,0.0
2026-03-14 06:50:00+00:00,0.0,0.0
2026-03-14 06:55:00+00:00,0.0,0.0
2026-03-14 07:00:00+00:00,0.0,0.0
2026-03-14 07:05:00+00:00,0.0,0.0
2026-03-14 07:10:00+00:00,0.0,0.0
2026-03-14 07:15:00+00:00,0.0,0.0
2026-03-14 07:20:00+00:00,0.0,0.0
2026-03-14 07:25:00+00:00,0.0,0.0
2026-03-14 07:30:00+00:00,0.0,0.0
2026-03-14 07:35:00+00:00,0.0,0.0
2026-03-14 07:40:00+00:00,0.0,0.0
2026-03-14 07:45:00+00:00,0.0,0.0
2026-03-14 07:50:00+00:00,0.0,0.0
2026-03-14 07:55:00+00:00,0.0,0.0
2026-03-14 08:00:00+00:00,0.0,0.0
2026-03-14 08:05:00+00:00,0.0,0.0
2026-03-14 08:10:00+00:00,0.0,0.0
2026-03-14 08:15:00+00:00,0.0,0.0
2026-03-14 08:20:00+00:00,0.0,0.0
2026-03-14 08:25:00+00:00,0.0,0.0
2026-03-14 08:30:00+00:00,0.0,0.0
2026-03-14 08:35:00+00:00,0.0,0.0
2026-03-14 08:40:00+00:00,0.0,0.0
2026-03-14 08:45:00+00:00,0.0,0.0
2026-03-14 08:50:00+00:00,0.0,0.0
2026-03-14 08:55:00+00:00,0.0,0.0
2026-03-14 09:00:00+00:00,0.0,0.0
2026-03-14 09:05:00+00:00,0.0,0.0
2026-03-14 09:10:00+00:00,0.0,0.0
2026-03-14 09:15:00+00:00,0.0,0.0
2026-03-14 09:20:00+00:00,0.0,0.0
2026-03-14 09:25:00+00:00,0.0,0.0
2026-03-14 09:30:00+00:00,0.0,0.0
2026-03-14 09:35:00+00:00,0.0,0.0
2026-03-14 09:40:00+00:00,0.0,0.0
2026-03-14 09:45:00+00:00,0.0,0.0
2026-03-14 09:50:00+00:00,0.0,0.0
2026-03-14 09:55:00+00:00,0.0,0.0
2026-03-14 10:00:00+00:00,0.0,0.0
2026-03-14 10:05:00+00:00,0.0,0.0
2026-03-14 10:10:00+00:00,0.0,0.0
2026-03-14 10:15:00+00:00,0.0,0.0
2026-03-14 10:20:00+00:00,0.0,0.0
2026-03-14 10:25:00+00:00,0.0,0.0
2026-03-14 10:30:00+00:00,0.0,0.0
2026-03-14 10:35:00+00:00,0.0,0.0
2026-03-14 10:40:00+00:00,0.0,0.0
2026-03-14 10:45:00+00:00,0.0,0.0
2026-03-14 10:50:00+00:00,0.0,0.0
2026-03-14 10:55:00+00:00,0.0,0.0
2026-03-14 11:00:00+00:00,0.0,0.0
2026-03-14 11:05:00+00:00,0.0,0.0
2026-03-14 11:10:00+00:00,0.0,0.0
2026-03-14 11:15:00+00:00,0.0,0.0
2026-03-14 11:20:00+00:00,0.0,0.0
2026-03-14 11:25:00+00:00,0.0,0.0
2026-03-14 11:30:00+00:00,0.0,0.0
2026-03-14 11:35:00+00:00,0.0,0.0
2026-03-14 11:40:00+00:00,0.0,0.0
2026-03-14 11:45:00+00:00,0.0,0.0
2026-03-14 11:50:00+00:00,0.0,0.0
2026-03-14 11:55:00+00:00,0.0,0.0
2026-03-14 12:00:00+00:00,0.0,0.0
2026-03-14 12:05:00+00:00,0.0,0.0
2026-03-14 12:10:00+00:00,0.0,0.0
2026-03-14 12:15:00+00:00,0.0,0.0
2026-03-14 12:20:00+00:00,0.0,0.0
2026-03-14 12:25:00+00:00,0.0,0.0
2026-03-14 12:30:00+00:00,0.0,0.0
2026-03-14 12:35:00+00:00,0.0,0.0
2026-03-14 12:40:00+00:00,0.0,0.0
2026-03-14 12:45:00+00:00,0.0,0.0
2026-03-14 12:50:00+00:00,0.0,0.0
2026-03-14 12:55:00+00:00,0.0,0.0
2026-03-14 13:00:00+00:00,0.0,0.0
2026-03-14 13:05:00+00:00,0.0,0.0
2026-03-14 13:10:00+00:00,0.0,0.0
2026-03-14 13:15:00+00:00,0.0,0.0
2026-03-14 13:20:00+00:00,0.0,0.0
2026-03-14 13:25:00+00:00,0.0,0.0
2026-03-14 13:30:00+00:00,0.0,0.0
2026-03-14 13:35:00+00:00,0.0,0.0
2026-03-14 13:40:00+00:00,0.0,0.0
2026-03-14 13:45:00+00:00,0.0,0.0
2026-03-14 13:50:00+00:00,0.0,0.0
2026-03-14 13:55:00+00:00,0.0,0.0
2026-03-14 14:00:00+00:00,0.0,0.0
2026-03-14 14:05:00+00:00,0.0,0.0
2026-03-14 14:10:00+00:00,0.0,0.0
2026-03-14 14:15:00+00:00,0.0,0.0
2026-03-14 14:20:00+00:00,0.0,0.0
2026-03-14 14:25:00+00:00,0.0,0.0
2026-03-14 14:30:00+00:00,0.0,0.0
2026-03-14 14:35:00+00:00,0.0,0.0
2026-03-14 14:40:00+00:00,0.0,0.0
2026-03-14 14:45:00+00:00,0.0,0.0
2026-03-14 14:50:00+00:00,0.0,0.0
2026-03-14 14:55:00+00:00,0.0,0.0
2026-03-14 15:00:00+00:00,0.0,0.0
2026-03-14 15:05:00+00:00,0.0,0.0
2026-03-14 15:10:00+00:00,0.0,0.0
2026-03-14 15:15:00+00:00,0.0,0.0
2026-03-14 15:20:00+00:00,0.0,0.0
2026-03-14 15:25:00+00:00,0.0,0.0
2026-03-14 15:30:00+00:00,0.0,0.0
2026-03-14 15:35:00+00:00,0.0,0.0
2026-03-14 15:40:00+00:00,0.0,0.0
2026-03-14 15:45:00+00:00,0.0,0.0
2026-03-14 15:50:00+00:00,0.0,0.0
2026-03-14 15:55:00+00:00,0.0,0.0
2026-03-14 16:00:00+00:00,0.0,0.0
2026-03-14 16:05:00+00:00,0.0,0.0
2026-03-14 16:10:00+00:00,0.0,0.0
2026-03-14 16:15:00+00:00,0.0,0.0
2026-03-14 16:20:00+00:00,0.0,0.0
2026-03-14 16:25:00+00:00,0.0,0.0
2026-03-14 16:30:00+00:00,0.0,0.0
2026-03-14 16:35:00+00:00,0.0,0.0
2026-03-14 16:40:00+00:00,0.0,0.0
2026-03-14 16:45:00+00:00,0.0,0.0
2026-03-14 16:50:00+00:00,0.0,0.0
2026-03-14 16:55:00+00:00,0.0,0.0
2026-03-14 17:00:00+00:00,0.0,0.0
2026-03-14 17:05:00+00:00,0.0,0.0
2026-03-14 17:10:00+00:00,0.0,0.0
2026-03-14 17:15:00+00:00,0.0,0.0
2026-03-14 17:20:00+00:00,0.0,0.0
2026-03-14 17:25:00+00:00,0.0,0.0
2026-03-14 17:30:00+00:00,0.0,0.0
2026-03-14 17:35:00+00:00,0.0,0.0
2026-03-14 17:40:00+00:00,0.0,0.0
2026-03-14 17:45:00+00:00,0.0,0.0
2026-03-14 17:50:00+00:00,0.0,0.0
2026-03-14 17:55:00+00:00,0.0,0.0
2026-03-14 18:00:00+00:00,0.0,0.0
2026-03-14 18:05:00+00:00,0.0,0.0
2026-03-14 18:10:00+00:00,0.0,0.0
2026-03-14 18:15:00+00:00,0.0,0.0
2026-03-14 18:20:00+00:00,0.0,0.0
2026-03-14 18:25:00+00:00,0.0,0.0
2026-03-14 18:30:00+00:00,0.0,0.0
2026-03-14 18:35:00+00:00,0.0,0.0
2026-03-14 18:40:00+00:00,0.0,0.0
2026-03-14 18:45:00+00:00,0.0,0.0
2026-03-14 18:50:00+00:00,0.0,0.0
2026-03-14 18:55:00+00:00,0.0,0.0
2026-03-14 19:00:00+00:00,0.0,0.0
2026-03-14 19:05:00+00:00,0.0,0.0
2026-03-14 19:10:00+00:00,0.0,0.0
2026-03-14 19:15:00+00:00,0.0,0.0
2026-03-14 19:20:00+00:00,0.0,0.0
2026-03-14 19:25:00+00:00,0.0,0.0
2026-03-14 19:30:00+00:00,0.0,0.0
2026-03-14 19:35:00+00:00,0.0,0.0
2026-03-14 19:40:00+00:00,0.0,0.0
2026-03-14 19:45:00+00:00,0.0,0.0
2026-03-14 19:50:00+00:00,0.0,0.0
2026-03-14 19:55:00+00:00,0.0,0.0
2026-03-14 20:00:00+00:00,0.0,0.0
2026-03-14 20:05:00+00:00,0.0,0.0
2026-03-14 20:10:00+00:00,0.0,0.0
2026-03-14 20:15:00+00:00,0.0,0.0
2026-03-14 20:20:00+00:00,0.0,0.0
2026-03-14 20:25:00+00:00,0.0,0.0
2026-03-14 20:30:00+00:00,0.0,0.0
2026-03-14 20:35:00+00:00,0.0,0.0
2026-03-14 20:40:00+00:00,0.0,0.0
2026-03-14 20:45:00+00:00,0.0,0.0
2026-03-14 20:50:00+00:00,0.0,0.0
2026-03-14 20:55:00+00:00,0.0,0.0
2026-03-14 21:00:00+00:00,0.0,0.0
2026-03-14 21:05:00+00:00,0.0,0.0
2026-03-14 21:10:00+00:00,0.0,0.0
2026-03-14 21:15:00+00:00,0.0,0.0
2026-03-14 21:20:00+00:00,0.0,0.0
2026-03-14 21:25:00+00:00,0.0,0.0
2026-03-14 21:30:00+00:00,0.0,0.0
2026-03-14 21:35:00+00:00,0.0,0.0
2026-03-14 21:40:00+00:00,0.0,0.0
2026-03-14 21:45:00+00:00,0.0,0.0
2026-03-14 21:50:00+00:00,0.0,0.0
2026-03-14 21:55:00+00:00,0.0,0.0
2026-03-14 22:00:00+00:00,0.0,0.0
2026-03-14 22:05:00+00:00,0.0,0.0
2026-03-14 22:10:00+00:00,0.0,0.0
2026-03-14 22:15:00+00:00,0.0,0.0
2026-03-14 22:20:00+00:00,0.0,0.0
2026-03-14 22:25:00+00:00,0.0,0.0
2026-03-14 22:30:00+00:00,0.0,0.0
2026-03-14 22:35:00+00:00,0.0,0.0
2026-03-14 22:40:00+00:00,0.0,0.0
2026-03-14 22:45:00+00:00,0.0,0.0
2026-03-14 22:50:00+00:00,0.0,0.0
2026-03-14 22:55:00+00:00,0.0,0.0
2026-03-14 23:00:00+00:00,0.0,0.0
2026-03-14 23:05:00+00:00,0.0,0.0
2026-03-14 23:10:00+00:00,0.0,0.0
2026-03-14 23:15:00+00:00,0.0,0.0
2026-03-14 23:20:00+00:00,0.0,0.0
2026-03-14 23:25:00+00:00,0.0,0.0
2026-03-14 23:30:00+00:00,0.0,0.0
2026-03-14 23:35:00+00:00,0.0,0.0
2026-03-14 23:40:00+00:00,0.0,0.0
2026-03-14 23:45:00+00:00,0.0,0.0
2026-03-14 23:50:00+00:00,0.0,0.0
2026-03-14 23:55:00+00:00,0.0,0.0
2026-03-15 00:00:00+00:00,0.0,0.0
2026-03-15 00:05:00+00:00,0.0,0.0
2026-03-15 00:10:00+00:00,0.0,0.0
2026-03-15 00:15:00+00:00,0.0,0.0
2026-03-15 00:20:00+00:00,0.0,0.0
2026-03-15 00:25:00+00:00,0.0,0.0
2026-03-15 00:30:00+00:00,0.0,0.0
2026-03-15 00:35:00+00:00,0.0,0.0
2026-03-15 00:40:00+00:00,0.0,0.0
2026-03-15 00:45:00+00:00,0.0,0.0
2026-03-15 00:50:00+00:00,0.0,0.0
2026-03-15 00:55:00+00:00,0.0,0.0
2026-03-15 01:00:00+00:00,0.0,0.0
2026-03-15 01:05:00+00:00,0.0,0.0
2026-03-15 01:10:00+00:00,0.0,0.0
2026-03-15 01:15:00+00:00,0.0,0.0
2026-03-15 01:20:00+00:00,0.0,0.0
2026-03-15 01:25:00+00:00,0.0,0.0
2026-03-15 01:30:00+00:00,0.0,0.0
2026-03-15 01:35:00+00:00,0.0,0.0
2026-03-15 01:40:00+00:00,0.0,0.0
2026-03-15 01:45:00+00:00,0.0,0.0
2026-03-15 01:50:00+00:00,0.0,0.0
2026-03-15 01:55:00+00:00,0.0,0.0
2026-03-15 02:00:00+00:00,0.0,0.0
2026-03-15 02:05:00+00:00,0.0,0.0
2026-03-15 02:10:00+00:00,0.0,0.0
2026-03-15 02:15:00+00:00,0.0,0.0
2026-03-15 02:20:00+00:00,0.0,0.0
2026-03-15 02:25:00+00:00,0.0,0.0
2026-03-15 02:30:00+00:00,0.0,0.0
2026-03-15 02:35:00+00:00,0.0,0.0
2026-03-15 02:40:00+00:00,0.0,0.0
2026-03-15 02:45:00+00:00,0.0,0.0
2026-03-15 02:50:00+00:00,0.0,0.0
2026-03-15 02:55:00+00:00,0.0,0.0
2026-03-15 03:00:00+00:00,0.0,0.0
2026-03-15 03:05:00+00:00,0.0,0.0
2026-03-15 03:10:00+00:00,0.0,0.0
2026-03-15 03:15:00+00:00,0.0,0.0
2026-03-15 03:20:00+00:00,0.0,0.0
2026-03-15 03:25:00+00:00,0.0,0.0
2026-03-15 03:30:00+00:00,0.0,0.0
2026-03-15 03:35:00+00:00,0.0,0.0
2026-03-15 03:40:00+00:00,0.0,0.0
2026-03-15 03:45:00+00:00,0.0,0.0
2026-03-15 03:50:00+00:00,0.0,0.0
2026-03-15 03:55:00+00:00,0.0,0.0
2026-03-15 04:00:00+00:00,0.0,0.0
2026-03-15 04:05:00+00:00,0.0,0.0
2026-03-15 04:10:00+00:00,0.0,0.0
2026-03-15 04:15:00+00:00,0.0,0.0
2026-03-15 04:20:00+00:00,0.0,0.0
2026-03-15 04:25:00+00:00,0.0,0.0
2026-03-15 04:30:00+00:00,0.0,0.0
2026-03-15 04:35:00+00:00,0.0,0.0
2026-03-15 04:40:00+00:00,0.0,0.0
2026-03-15 04:45:00+00:00,0.0,0.0
2026-03-15 04:50:00+00:00,0.0,0.0
2026-03-15 04:55:00+00:00,0.0,0.0
2026-03-15 05:00:00+00:00,0.0,0.0
2026-03-15 05:05:00+00:00,0.0,0.0
2026-03-15 05:10:00+00:00,0.0,0.0
2026-03-15 05:15:00+00:00,0.0,0.0
2026-03-15 05:20:00+00:00,0.0,0.0
2026-03-15 05:25:00+00:00,0.0,0.0
2026-03-15 05:30:00+00:00,0.0,0.0
2026-03-15 05:35:00+00:00,0.0,0.0
2026-03-15 05:40:00+00:00,0.0,0.0
2026-03-15 05:45:00+00:00,0.0,0.0
2026-03-15 05:50:00+00:00,0.0,0.0
2026-03-15 05:55:00+00:00,0.0,0.0
2026-03-15 06:00:00+00:00,0.0,0.0
2026-03-15 06:05:00+00:00,0.0,0.0
2026-03-15 06:10:00+00:00,0.0,0.0
2026-03-15 06:15:00+00:00,0.0,0.0
2026-03-15 06:20:00+00:00,0.0,0.0
2026-03-15 06:25:00+00:00,0.0,0.0
2026-03-15 06:30:00+00:00,0.0,0.0
2026-03-15 06:35:00+00:00,0.0,0.0
2026-03-15 06:40:00+00:00,0.0,0.0
2026-03-15 06:45:00+00:00,0.0,0.0
2026-03-15 06:50:00+00:00,0.0,0.0
2026-03-15 06:55:00+00:00,0.0,0.0
2026-03-15 07:00:00+00:00,0.0,0.0
2026-03-15 07:05:00+00:00,0.0,0.0
2026-03-15 07:10:00+00:00,0.0,0.0
2026-03-15 07:15:00+00:00,0.0,0.0
2026-03-15 07:20:00+00:00,0.0,0.0
2026-03-15 07:25:00+00:00,0.0,0.0
2026-03-15 07:30:00+00:00,0.0,0.0
2026-03-15 07:35:00+00:00,0.0,0.0
2026-03-15 07:40:00+00:00,0.0,0.0
2026-03-15 07:45:00+00:00,0.0,0.0
2026-03-15 07:50:00+00:00,0.0,0.0
2026-03-15 07:55:00+00:00,0.0,0.0
2026-03-15 08:00:00+00:00,0.0,0.0
2026-03-15 08:05:00+00:00,0.0,0.0
2026-03-15 08:10:00+00:00,0.0,0.0
2026-03-15 08:15:00+00:00,0.0,0.0
2026-03-15 08:20:00+00:00,0.0,0.0
2026-03-15 08:25:00+00:00,0.0,0.0
2026-03-15 08:30:00+00:00,0.0,0.0
2026-03-15 08:35:00+00:00,0.0,0.0
2026-03-15 08:40:00+00:00,0.0,0.0
2026-03-15 08:45:00+00:00,0.0,0.0
2026-03-15 08:50:00+00:00,0.0,0.0
2026-03-15 08:55:00+00:00,0.0,0.0
2026-03-15 09:00:00+00:00,0.0,0.0
2026-03-15 09:05:00+00:00,0.0,0.0
2026-03-15 09:10:00+00:00,0.0,0.0
2026-03-15 09:15:00+00:00,0.0,0.0
2026-03-15 09:20:00+00:00,0.0,0.0
2026-03-15 09:25:00+00:00,0.0,0.0
2026-03-15 09:30:00+00:00,0.0,0.0
2026-03-15 09:35:00+00:00,0.0,0.0
2026-03-15 09:40:00+00:00,0.0,0.0
2026-03-15 09:45:00+00:00,0.0,0.0
2026-03-15 09:50:00+00:00,0.0,0.0
2026-03-15 09:55:00+00:00,0.0,0.0
2026-03-15 10:00:00+00:00,0.0,0.0
2026-03-15 10:05:00+00:00,0.0,0.0
2026-03-15 10:10:00+00:00,0.0,0.0
2026-03-15 10:15:00+00:00,0.0,0.0
2026-03-15 10:20:00+00:00,0.0,0.0
2026-03-15 10:25:00+00:00,0.0,0.0
2026-03-15 10:30:00+00:00,0.0,0.0
2026-03-15 10:35:00+00:00,0.0,0.0
2026-03-15 10:40:00+00:00,0.0,0.0
2026-03-15 10:45:00+00:00,0.0,0.0
2026-03-15 10:50:00+00:00,0.0,0.0
2026-03-15 10:55:00+00:00,0.0,0.0
2026-03-15 11:00:00+00:00,0.0,0.0
2026-03-15 11:05:00+00:00,0.0,0.0
2026-03-15 11:10:00+00:00,0.0,0.0
2026-03-15 11:15:00+00:00,0.0,0.0
2026-03-15 11:20:00+00:00,0.0,0.0
2026-03-15 11:25:00+00:00,0.0,0.0
2026-03-15 11:30:00+00:00,0.0,0.0
2026-03-15 11:35:00+00:00,0.0,0.0
2026-03-15 11:40:00+00:00,0.0,0.0
2026-03-15 11:45:00+00:00,0.0,0.0
2026-03-15 11:50:00+00:00,0.0,0.0
2026-03-15 11:55:00+00:00,0.0,0.0
2026-03-15 12:00:00+00:00,0.0,0.0
2026-03-15 12:05:00+00:00,0.0,0.0
2026-03-15 12:10:00+00:00,0.0,0.0
2026-03-15 12:15:00+00:00,0.0,0.0
2026-03-15 12:20:00+00:00,0.0,0.0
2026-03-15 12:25:00+00:00,0.0,0.0
2026-03-15 12:30:00+00:00,0.0,0.0
2026-03-15 12:35:00+00:00,0.0,0.0
2026-03-15 12:40:00+00:00,0.0,0.0
2026-03-15 12:45:00+00:00,0.0,0.0
2026-03-15 12:50:00+00:00,0.0,0.0
2026-03-15 12:55:00+00:00,0.0,0.0
2026-03-15 13:00:00+00:00,0.0,0.0
2026-03-15 13:05:00+00:00,0.0,0.0
2026-03-15 13:10:00+00:00,0.0,0.0
2026-03-15 13:15:00+00:00,0.0,0.0
2026-03-15 13:20:00+00:00,0.0,0.0
2026-03-15 13:25:00+00:00,0.0,0.0
2026-03-15 13:30:00+00:00,0.0,0.0
2026-03-15 13:35:00+00:00,0.0,0.0
2026-03-15 13:40:00+00:00,0.0,0.0
2026-03-15 13:45:00+00:00,0.0,0.0
2026-03-15 13:50:00+00:00,0.0,0.0
2026-03-15 13:55:00+00:00,0.0,0.0
2026-03-15 14:00:00+00:00,0.0,0.0
2026-03-15 14:05:00+00:00,0.0,0.0
2026-03-15 14:10:00+00:00,0.0,0.0
2026-03-15 14:15:00+00:00,0.0,0.0
2026-03-15 14:20:00+00:00,0.0,0.0
2026-03-15 14:25:00+00:00,0.0,0.0
2026-03-15 14:30:00+00:00,0.0,0.0
2026-03-15 14:35:00+00:00,0.0,0.0
2026-03-15 14:40:00+00:00,0.0,0.0
2026-03-15 14:45:00+00:00,0.0,0.0
2026-03-15 14:50:00+00:00,0.0,0.0
2026-03-15 14:55:00+00:00,0.0,0.0
2026-03-15 15:00:00+00:00,0.0,0.0
2026-03-15 15:05:00+00:00,0.0,0.0
2026-03-15 15:10:00+00:00,0.0,0.0
2026-03-15 15:15:00+00:00,0.0,0.0
2026-03-15 15:20:00+00:00,0.0,0.0
2026-03-15 15:25:00+00:00,0.0,0.0
2026-03-15 15:30:00+00:00,0.0,0.0
2026-03-15 15:35:00+00:00,0.0,0.0
2026-03-15 15:40:00+00:00,0.0,0.0
2026-03-15 15:45:00+00:00,0.0,0.0
2026-03-15 15:50:00+00:00,0.0,0.0
2026-03-15 15:55:00+00:00,0.0,0.0
2026-03-15 16:00:00+00:00,0.0,0.0
2026-03-15 16:05:00+00:00,0.0,0.0
2026-03-15 16:10:00+00:00,0.0,0.0
2026-03-15 16:15:00+00:00,0.0,0.0
2026-03-15 16:20:00+00:00,0.0,0.0
2026-03-15 16:25:00+00:00,0.0,0.0
2026-03-15 16:30:00+00:00,0.0,0.0
2026-03-15 16:35:00+00:00,0.0,0.0
2026-03-15 16:40:00+00:00,0.0,0.0
2026-03-15 16:45:00+00:00,0.0,0.0
2026-03-15 16:50:00+00:00,0.0,0.0
2026-03-15 16:55:00+00:00,0.0,0.0
2026-03-15 17:00:00+00:00,0.0,0.0
2026-03-15 17:05:00+00:00,0.0,0.0
2026-03-15 17:10:00+00:00,0.0,0.0
2026-03-15 17:15:00+00:00,0.0,0.0
2026-03-15 17:20:00+00:00,0.0,0.0
2026-03-15 17:25:00+00:00,0.0,0.0
2026-03-15 17:30:00+00:00,0.0,0.0
2026-03-15 17:35:00+00:00,0.0,0.0
2026-03-15 17:40:00+00:00,0.0,0.0
2026-03-15 17:45:00+00:00,0.0,0.0
2026-03-15 17:50:00+00:00,0.0,0.0
2026-03-15 17:55:00+00:00,0.0,0.0
2026-03-15 18:00:00+00:00,0.0,0.0
2026-03-15 18:05:00+00:00,0.0,0.0
2026-03-15 18:10:00+00:00,0.0,0.0
2026-03-15 18:15:00+00:00,0.0,0.0
2026-03-15 18:20:00+00:00,0.0,0.0
2026-03-15 18:25:00+00:00,0.0,0.0
2026-03-15 18:30:00+00:00,0.0,0.0
2026-03-15 18:35:00+00:00,0.0,0.0
2026-03-15 18:40:00+00:00,0.0,0.0
2026-03-15 18:45:00+00:00,0.0,0.0
2026-03-15 18:50:00+00:00,0.0,0.0
2026-03-15 18:55:00+00:00,0.0,0.0
2026-03-15 19:00:00+00:00,0.0,0.0
2026-03-15 19:05:00+00:00,0.0,0.0
2026-03-15 19:10:00+00:00,0.0,0.0
2026-03-15 19:15:00+00:00,0.0,0.0
2026-03-15 19:20:00+00:00,0.0,0.0
2026-03-15 19:25:00+00:00,0.0,0.0
2026-03-15 19:30:00+00:00,0.0,0.0
2026-03-15 19:35:00+00:00,0.0,0.0
2026-03-15 19:40:00+00:00,0.0,0.0
2026-03-15 19:45:00+00:00,0.0,0.0
2026-03-15 19:50:00+00:00,0.0,0.0
2026-03-15 19:55:00+00:00,0.0,0.0
2026-03-15 20:00:00+00:00,0.0,0.0
2026-03-15 20:05:00+00:00,0.0,0.0
2026-03-15 20:10:00+00:00,0.0,0.0
2026-03-15 20:15:00+00:00,0.0,0.0
2026-03-15 20:20:00+00:00,0.0,0.0
2026-03-15 20:25:00+00:00,0.0,0.0
2026-03-15 20:30:00+00:00,0.0,0.0
2026-03-15 20:35:00+00:00,0.0,0.0
2026-03-15 20:40:00+00:00,0.0,0.0
2026-03-15 20:45:00+00:00,0.0,0.0
2026-03-15 20:50:00+00:00,0.0,0.0
2026-03-15 20:55:00+00:00,0.0,0.0
2026-03-15 21:00:00+00:00,0.0,0.0
2026-03-15 21:05:00+00:00,0.0,0.0
2026-03-15 21:10:00+00:00,0.0,0.0
2026-03-15 21:15:00+00:00,0.0,0.0
2026-03-15 21:20:00+00:00,0.0,0.0
2026-03-15 21:25:00+00:00,0.0,0.0
2026-03-15 21:30:00+00:00,0.0,0.0
2026-03-15 21:35:00+00:00,0.0,0.0
2026-03-15 21:40:00+00:00,0.0,0.0
2026-03-15 21:45:00+00:00,0.0,0.0
2026-03-15 21:50:00+00:00,0.0,0.0
2026-03-15 21:55:00+00:00,0.0,0.0
2026-03-15 22:00:00+00:00,0.0,0.0
2026-03-15 22:05:00+00:00,0.0,0.0
2026-03-15 22:10:00+00:00,0.0,0.0
2026-03-15 22:15:00+00:00,0.0,0.0
2026-03-15 22:20:00+00:00,0.0,0.0
2026-03-15 22:25:00+00:00,0.0,0.0
2026-03-15 22:30:00+00:00,0.0,0.0
2026-03-15 22:35:00+00:00,0.0,0.0
2026-03-15 22:40:00+00:00,0.0,0.0
2026-03-15 22:45:00+00:00,0.0,0.0
2026-03-15 22:50:00+00:00,0.0,0.0
2026-03-15 22:55:00+00:00,0.0,0.0
2026-03-15 23:00:00+00:00,0.0,0.0
2026-03-15 23:05:00+00:00,0.0,0.0
2026-03-15 23:10:00+00:00,0.0,0.0
2026-03-15 23:15:00+00:00,0.0,0.0
2026-03-15 23:20:00+00:00,0.0,0.0
2026-03-15 23:25:00+00:00,0.0,0.0
2026-03-15 23:30:00+00:00,0.0,0.0
2026-03-15 23:35:00+00:00,0.0,0.0
2026-03-15 23:40:00+00:00,0.0,0.0
2026-03-15 23:45:00+00:00,0.0,0.0
2026-03-15 23:50:00+00:00,0.0,0.0
2026-03-15 23:55:00+00:00,0.0,0.0
2026-03-16 00:00:00+00:00,0.0,0.0
2026-03-16 00:05:00+00:00,0.0,0.0
2026-03-16 00:10:00+00:00,0.0,0.0
2026-03-16 00:15:00+00:00,0.0,0.0
2026-03-16 00:20:00+00:00,0.0,0.0
2026-03-16 00:25:00+00:00,0.0,0.0
2026-03-16 00:30:00+00:00,0.0,0.0
2026-03-16 00:35:00+00:00,0.0,0.0
2026-03-16 00:40:00+00:00,0.0,0.0
2026-03-16 00:45:00+00:00,0.0,0.0
2026-03-16 00:50:00+00:00,0.0,0.0
2026-03-16 00:55:00+00:00,0.0,0.0
2026-03-16 01:00:00+00:00,0.0,0.0
2026-03-16 01:05:00+00:00,0.0,0.0
2026-03-16 01:10:00+00:00,0.0,0.0
2026-03-16 01:15:00+00:00,0.0,0.0
2026-03-16 01:20:00+00:00,0.0,0.0
2026-03-16 01:25:00+00:00,0.0,0.0
2026-03-16 01:30:00+00:00,0.0,0.0
2026-03-16 01:35:00+00:00,0.0,0.0
2026-03-16 01:40:00+00:00,0.0,0.0
2026-03-16 01:45:00+00:00,0.0,0.0
2026-03-16 01:50:00+00:00,0.0,0.0
2026-03-16 01:55:00+00:00,0.0,0.0
2026-03-16 02:00:00+00:00,0.0,0.0
2026-03-16 02:05:00+00:00,0.0,0.0
2026-03-16 02:10:00+00:00,0.0,0.0
2026-03-16 02:15:00+00:00,0.0,0.0
2026-03-16 02:20:00+00:00,0.0,0.0
2026-03-16 02:25:00+00:00,0.0,0.0
2026-03-16 02:30:00+00:00,0.0,0.0
2026-03-16 02:35:00+00:00,0.0,0.0
2026-03-16 02:40:00+00:00,0.0,0.0
2026-03-16 02:45:00+00:00,0.0,0.0
2026-03-16 02:50:00+00:00,0.0,0.0
2026-03-16 02:55:00+00:00,0.0,0.0
2026-03-16 03:00:00+00:00,0.0,0.0
2026-03-16 03:05:00+00:00,0.0,0.0
2026-03-16 03:10:00+00:00,0.0,0.0
2026-03-16 03:15:00+00:00,0.0,0.0
2026-03-16 03:20:00+00:00,0.0,0.0
2026-03-16 03:25:00+00:00,0.0,0.0
2026-03-16 03:30:00+00:00,0.0,0.0
2026-03-16 03:35:00+00:00,0.0,0.0
2026-03-16 03:40:00+00:00,0.0,0.0
2026-03-16 03:45:00+00:00,0.0,0.0
2026-03-16 03:50:00+00:00,0.0,0.0
2026-03-16 03:55:00+00:00,0.0,0.0
2026-03-16 04:00:00+00:00,0.0,0.0
2026-03-16 04:05:00+00:00,0.0,0.0
2026-03-16 04:10:00+00:00,0.0,0.0
2026-03-16 04:15:00+00:00,0.0,0.0
2026-03-16 04:20:00+00:00,0.0,0.0
2026-03-16 04:25:00+00:00,0.0,0.0
2026-03-16 04:30:00+00:00,0.0,0.0
2026-03-16 04:35:00+00:00,0.0,0.0
2026-03-16 04:40:00+00:00,0.0,0.0
2026-03-16 04:45:00+00:00,0.0,0.0
2026-03-16 04:50:00+00:00,0.0,0.0
2026-03-16 04:55:00+00:00,0.0,0.0
2026-03-16 05:00:00+00:00,0.0,0.0
2026-03-16 05:05:00+00:00,0.0,0.0
2026-03-16 05:10:00+00:00,0.0,0.0
2026-03-16 05:15:00+00:00,0.0,0.0
2026-03-16 05:20:00+00:00,0.0,0.0
2026-03-16 05:25:00+00:00,0.0,0.0
2026-03-16 05:30:00+00:00,0.0,0.0
2026-03-16 05:35:00+00:00,0.0,0.0
2026-03-16 05:40:00+00:00,0.0,0.0
2026-03-16 05:45:00+00:00,0.0,0.0
2026-03-16 05:50:00+00:00,0.0,0.0
2026-03-16 05:55:00+00:00,0.0,0.0
2026-03-16 06:00:00+00:00,0.0,0.0
2026-03-16 06:05:00+00:00,0.0,0.0
2026-03-16 06:10:00+00:00,0.0,0.0
2026-03-16 06:15:00+00:00,0.0,0.0
2026-03-16 06:20:00+00:00,0.0,0.0
2026-03-16 06:25:00+00:00,0.0,0.0
2026-03-16 06:30:00+00:00,0.0,0.0
2026-03-16 06:35:00+00:00,0.0,0.0
2026-03-16 06:40:00+00:00,0.0,0.0
2026-03-16 06:45:00+00:00,0.0,0.0
2026-03-16 06:50:00+00:00,0.0,0.0
2026-03-16 06:55:00+00:00,0.0,0.0
2026-03-16 07:00:00+00:00,0.0,0.0
2026-03-16 07:05:00+00:00,0.0,0.0
2026-03-16 07:10:00+00:00,0.0,0.0
2026-03-16 07:15:00+00:00,0.0,0.0
2026-03-16 07:20:00+00:00,0.0,0.0
2026-03-16 07:25:00+00:00,0.0,0.0
2026-03-16 07:30:00+00:00,0.0,0.0
2026-03-16 07:35:00+00:00,0.0,0.0
2026-03-16 07:40:00+00:00,0.0,0.0
2026-03-16 07:45:00+00:00,0.0,0.0
2026-03-16 07:50:00+00:00,0.0,0.0
2026-03-16 07:55:00+00:00,0.0,0.0
2026-03-16 08:00:00+00:00,0.0,0.0
2026-03-16 08:05:00+00:00,0.0,0.0
2026-03-16 08:10:00+00:00,0.0,0.0
2026-03-16 08:15:00+00:00,0.0,0.0
2026-03-16 08:20:00+00:00,0.0,0.0
2026-03-16 08:25:00+00:00,0.0,0.0
2026-03-16 08:30:00+00:00,0.0,0.0
2026-03-16 08:35:00+00:00,0.0,0.0
2026-03-16 08:40:00+00:00,0.0,0.0
2026-03-16 08:45:00+00:00,0.0,0.0
2026-03-16 08:50:00+00:00,0.0,0.0
2026-03-16 08:55:00+00:00,0.0,0.0
2026-03-16 09:00:00+00:00,0.0,0.0
2026-03-16 09:05:00+00:00,0.0,0.0
2026-03-16 09:10:00+00:00,0.0,0.0
2026-03-16 09:15:00+00:00,0.0,0.0
2026-03-16 09:20:00+00:00,0.0,0.0
2026-03-16 09:25:00+00:00,0.0,0.0
2026-03-16 09:30:00+00:00,0.0,0.0
2026-03-16 09:35:00+00:00,0.0,0.0
2026-03-16 09:40:00+00:00,0.0,0.0
2026-03-16 09:45:00+00:00,0.0,0.0
2026-03-16 09:50:00+00:00,0.0,0.0
2026-03-16 09:55:00+00:00,0.0,0.0
2026-03-16 10:00:00+00:00,0.0,0.0
2026-03-16 10:05:00+00:00,0.0,0.0
2026-03-16 10:10:00+00:00,0.0,0.0
2026-03-16 10:15:00+00:00,0.0,0.0
2026-03-16 10:20:00+00:00,0.0,0.0
2026-03-16 10:25:00+00:00,0.0,0.0
2026-03-16 10:30:00+00:00,0.0,0.0
2026-03-16 10:35:00+00:00,0.0,0.0
2026-03-16 10:40:00+00:00,0.0,0.0
2026-03-16 10:45:00+00:00,0.0,0.0
2026-03-16 10:50:00+00:00,0.0,0.0
2026-03-16 10:55:00+00:00,0.0,0.0
2026-03-16 11:00:00+00:00,0.0,0.0
2026-03-16 11:05:00+00:00,0.0,0.0
2026-03-16 11:10:00+00:00,0.0,0.0
2026-03-16 11:15:00+00:00,0.0,0.0
2026-03-16 11:20:00+00:00,0.0,0.0
2026-03-16 11:25:00+00:00,0.0,0.0
2026-03-16 11:30:00+00:00,0.0,0.0
2026-03-16 11:35:00+00:00,0.0,0.0
2026-03-16 11:40:00+00:00,0.0,0.0
2026-03-16 11:45:00+00:00,0.0,0.0
2026-03-16 11:50:00+00:00,0.0,0.0
2026-03-16 11:55:00+00:00,0.0,0.0
2026-03-16 12:00:00+00:00,0.0,0.0
2026-03-16 12:05:00+00:00,0.0,0.0
2026-03-16 12:10:00+00:00,0.0,0.0
2026-03-16 12:15:00+00:00,0.0,0.0
2026-03-16 12:20:00+00:00,0.0,0.0
2026-03-16 12:25:00+00:00,0.0,0.0
2026-03-16 12:30:00+00:00,0.0,0.0
2026-03-16 12:35:00+00:00,0.0,0.0
2026-03-16 12:40:00+00:00,0.0,0.0
2026-03-16 12:45:00+00:00,0.0,0.0
2026-03-16 12:50:00+00:00,0.0,0.0
2026-03-16 12:55:00+00:00,0.0,0.0
2026-03-16 13:00:00+00:00,0.0,0.0
2026-03-16 13:05:00+00:00,0.0,0.0
2026-03-16 13:10:00+00:00,0.0,0.0
2026-03-16 13:15:00+00:00,0.0,0.0
2026-03-16 13:20:00+00:00,0.0,0.0
2026-03-16 13:25:00+00:00,0.0,0.0
2026-03-16 13:30:00+00:00,0.0,0.0
2026-03-16 13:35:00+00:00,0.0,0.0
2026-03-16 13:40:00+00:00,0.0,0.0
2026-03-16 13:45:00+00:00,0.0,0.0
2026-03-16 13:50:00+00:00,0.0,0.0
2026-03-16 13:55:00+00:00,0.0,0.0
2026-03-16 14:00:00+00:00,0.0,0.0
2026-03-16 14:05:00+00:00,0.0,0.0
2026-03-16 14:10:00+00:00,0.0,0.0
2026-03-16 14:15:00+00:00,0.0,0.0
2026-03-16 14:20:00+00:00,0.0,0.0
2026-03-16 14:25:00+00:00,0.0,0.0
2026-03-16 14:30:00+00:00,0.0,0.0
2026-03-16 14:35:00+00:00,0.0,0.0
2026-03-16 14:40:00+00:00,0.0,0.0
2026-03-16 14:45:00+00:00,0.0,0.0
2026-03-16 14:50:00+00:00,0.0,0.0
2026-03-16 14:55:00+00:00,0.0,0.0
2026-03-16 15:00:00+00:00,0.0,0.0
2026-03-16 15:05:00+00:00,0.0,0.0
2026-03-16 15:10:00+00:00,0.0,0.0
2026-03-16 15:15:00+00:00,0.0,0.0
2026-03-16 15:20:00+00:00,0.0,0.0
2026-03-16 15:25:00+00:00,0.0,0.0
2026-03-16 15:30:00+00:00,0.0,0.0
2026-03-16 15:35:00+00:00,0.0,0.0
2026-03-16 15:40:00+00:00,0.0,0.0
2026-03-16 15:45:00+00:00,0.0,0.0
2026-03-16 15:50:00+00:00,0.0,0.0
2026-03-16 15:55:00+00:00,0.0,0.0
2026-03-16 16:00:00+00:00,0.0,0.0
2026-03-16 16:05:00+00:00,0.0,0.0
2026-03-16 16:10:00+00:00,0.0,0.0
2026-03-16 16:15:00+00:00,0.0,0.0
2026-03-16 16:20:00+00:00,0.0,0.0
2026-03-16 16:25:00+00:00,0.0,0.0
2026-03-16 16:30:00+00:00,0.0,0.0
2026-03-16 16:35:00+00:00,0.0,0.0
2026-03-16 16:40:00+00:00,0.0,0.0
2026-03-16 16:45:00+00:00,0.0,0.0
2026-03-16 16:50:00+00:00,0.0,0.0
2026-03-16 16:55:00+00:00,0.0,0.0
2026-03-16 17:00:00+00:00,0.0,0.0
2026-03-16 17:05:00+00:00,0.0,0.0
2026-03-16 17:10:00+00:00,0.0,0.0
2026-03-16 17:15:00+00:00,0.0,0.0
2026-03-16 17:20:00+00:00,0.0,0.0
2026-03-16 17:25:00+00:00,0.0,0.0
2026-03-16 17:30:00+00:00,0.0,0.0
2026-03-16 17:35:00+00:00,0.0,0.0
2026-03-16 17:40:00+00:00,0.0,0.0
2026-03-16 17:45:00+00:00,0.0,0.0
2026-03-16 17:50:00+00:00,0.0,0.0
2026-03-16 17:55:00+00:00,0.0,0.0
2026-03-16 18:00:00+00:00,0.0,0.0
2026-03-16 18:05:00+00:00,0.0,0.0
2026-03-16 18:10:00+00:00,0.0,0.0
2026-03-16 18:15:00+00:00,0.0,0.0
2026-03-16 18:20:00+00:00,0.0,0.0
2026-03-16 18:25:00+00:00,0.0,0.0
2026-03-16 18:30:00+00:00,0.0,0.0
2026-03-16 18:35:00+00:00,0.0,0.0
2026-03-16 18:40:00+00:00,0.0,0.0
2026-03-16 18:45:00+00:00,0.0,0.0
2026-03-16 18:50:00+00:00,0.0,0.0
2026-03-16 18:55:00+00:00,0.0,0.0
2026-03-16 19:00:00+00:00,0.0,0.0
2026-03-16 19:05:00+00:00,0.0,0.0
2026-03-16 19:10:00+00:00,0.0,0.0
2026-03-16 19:15:00+00:00,0.0,0.0
2026-03-16 19:20:00+00:00,0.0,0.0
2026-03-16 19:25:00+00:00,0.0,0.0
2026-03-16 19:30:00+00:00,0.0,0.0
2026-03-16 19:35:00+00:00,0.0,0.0
2026-03-16 19:40:00+00:00,0.0,0.0
2026-03-16 19:45:00+00:00,0.0,0.0
2026-03-16 19:50:00+00:00,0.0,0.0
2026-03-16 19:55:00+00:00,0.0,0.0
2026-03-16 20:00:00+00:00,0.0,0.0
2026-03-16 20:05:00+00:00,0.0,0.0
2026-03-16 20:10:00+00:00,0.0,0.0
2026-03-16 20:15:00+00:00,0.0,0.0
2026-03-16 20:20:00+00:00,0.0,0.0
2026-03-16 20:25:00+00:00,0.0,0.0
2026-03-16 20:30:00+00:00,0.0,0.0
2026-03-16 20:35:00+00:00,0.0,0.0
2026-03-16 20:40:00+00:00,0.0,0.0
2026-03-16 20:45:00+00:00,0.0,0.0
2026-03-16 20:50:00+00:00,0.0,0.0
2026-03-16 20:55:00+00:00,0.0,0.0
2026-03-16 21:00:00+00:00,0.0,0.0
2026-03-16 21:05:00+00:00,0.0,0.0
2026-03-16 21:10:00+00:00,0.0,0.0
2026-03-16 21:15:00+00:00,0.0,0.0
2026-03-16 21:20:00+00:00,0.0,0.0
2026-03-16 21:25:00+00:00,0.0,0.0
2026-03-16 21:30:00+00:00,0.0,0.0
2026-03-16 21:35:00+00:00,0.0,0.0
2026-03-16 21:40:00+00:00,0.0,0.0
2026-03-16 21:45:00+00:00,0.0,0.0
2026-03-16 21:50:00+00:00,0.0,0.0
2026-03-16 21:55:00+00:00,0.0,0.0
2026-03-16 22:00:00+00:00,0.0,0.0
2026-03-16 22:05:00+00:00,0.0,0.0
2026-03-16 22:10:00+00:00,0.0,0.0
2026-03-16 22:15:00+00:00,0.0,0.0
2026-03-16 22:20:00+00:00,0.0,0.0
2026-03-16 22:25:00+00:00,0.0,0.0
2026-03-16 22:30:00+00:00,0.0,0.0
2026-03-16 22:35:00+00:00,0.0,0.0
2026-03-16 22:40:00+00:00,0.0,0.0
2026-03-16 22:45:00+00:00,0.0,0.0
2026-03-16 22:50:00+00:00,0.0,0.0
2026-03-16 22:55:00+00:00,0.0,0.0
2026-03-16 23:00:00+00:00,0.0,0.0
2026-03-16 23:05:00+00:00,0.0,0.0
2026-03-16 23:10:00+00:00,0.0,0.0
2026-03-16 23:15:00+00:00,0.0,0.0
2026-03-16 23:20:00+00:00,0.0,0.0
2026-03-16 23:25:00+00:00,0.0,0.0
2026-03-16 23:30:00+00:00,0.0,0.0
2026-03-16 23:35:00+00:00,0.0,0.0
2026-03-16 23:40:00+00:00,0.0,0.0
2026-03-16 23:45:00+00:00,0.0,0.0
2026-03-16 23:50:00+00:00,0.0,0.0
2026-03-16 23:55:00+00:00,0.0,0.0
2026-03-17 00:00:00+00:00,0.0,0.0
2026-03-17 00:05:00+00:00,0.0,0.0
2026-03-17 00:10:00+00:00,0.0,0.0
2026-03-17 00:15:00+00:00,0.0,0.0
2026-03-17 00:20:00+00:00,0.0,0.0
2026-03-17 00:25:00+00:00,0.0,0.0
2026-03-17 00:30:00+00:00,0.0,0.0
2026-03-17 00:35:00+00:00,0.0,0.0
2026-03-17 00:40:00+00:00,0.0,0.0
2026-03-17 00:45:00+00:00,0.0,0.0
2026-03-17 00:50:00+00:00,0.0,0.0
2026-03-17 00:55:00+00:00,0.0,0.0
2026-03-17 01:00:00+00:00,0.0,0.0
2026-03-17 01:05:00+00:00,0.0,0.0
2026-03-17 01:10:00+00:00,0.0,0.0
2026-03-17 01:15:00+00:00,0.0,0.0
2026-03-17 01:20:00+00:00,0.0,0.0
2026-03-17 01:25:00+00:00,0.0,0.0
2026-03-17 01:30:00+00:00,0.0,0.0
2026-03-17 01:35:00+00:00,0.0,0.0
2026-03-17 01:40:00+00:00,0.0,0.0
2026-03-17 01:45:00+00:00,0.0,0.0
2026-03-17 01:50:00+00:00,0.0,0.0
2026-03-17 01:55:00+00:00,0.0,0.0
2026-03-17 02:00:00+00:00,0.0,0.0
2026-03-17 02:05:00+00:00,0.0,0.0
2026-03-17 02:10:00+00:00,0.0,0.0
2026-03-17 02:15:00+00:00,0.0,0.0
2026-03-17 02:20:00+00:00,0.0,0.0
2026-03-17 02:25:00+00:00,0.0,0.0
2026-03-17 02:30:00+00:00,0.0,0.0
2026-03-17 02:35:00+00:00,0.0,0.0
2026-03-17 02:40:00+00:00,0.0,0.0
2026-03-17 02:45:00+00:00,0.0,0.0
2026-03-17 02:50:00+00:00,0.0,0.0
2026-03-17 02:55:00+00:00,0.0,0.0
2026-03-17 03:00:00+00:00,0.0,0.0
2026-03-17 03:05:00+00:00,0.0,0.0
2026-03-17 03:10:00+00:00,0.0,0.0
2026-03-17 03:15:00+00:00,0.0,0.0
2026-03-17 03:20:00+00:00,0.0,0.0
2026-03-17 03:25:00+00:00,0.0,0.0
2026-03-17 03:30:00+00:00,0.0,0.0
2026-03-17 03:35:00+00:00,0.0,0.0
2026-03-17 03:40:00+00:00,0.0,0.0
2026-03-17 03:45:00+00:00,0.0,0.0
2026-03-17 03:50:00+00:00,0.0,0.0
2026-03-17 03:55:00+00:00,0.0,0.0
2026-03-17 04:00:00+00:00,0.0,0.0
2026-03-17 04:05:00+00:00,0.0,0.0
2026-03-17 04:10:00+00:00,0.0,0.0
2026-03-17 04:15:00+00:00,0.0,0.0
2026-03-17 04:20:00+00:00,0.0,0.0
2026-03-17 04:25:00+00:00,0.0,0.0
2026-03-17 04:30:00+00:00,0.0,0.0
2026-03-17 04:35:00+00:00,0.0,0.0
2026-03-17 04:40:00+00:00,0.0,0.0
2026-03-17 04:45:00+00:00,0.0,0.0
2026-03-17 04:50:00+00:00,0.0,0.0
2026-03-17 04:55:00+00:00,0.0,0.0
2026-03-17 05:00:00+00:00,0.0,0.0
2026-03-17 05:05:00+00:00,0.0,0.0
2026-03-17 05:10:00+00:00,0.0,0.0
2026-03-17 05:15:00+00:00,0.0,0.0
2026-03-17 05:20:00+00:00,0.0,0.0
2026-03-17 05:25:00+00:00,0.0,0.0
2026-03-17 05:30:00+00:00,0.0,0.0
2026-03-17 05:35:00+00:00,0.0,0.0
2026-03-17 05:40:00+00:00,0.0,0.0
2026-03-17 05:45:00+00:00,0.0,0.0
2026-03-17 05:50:00+00:00,0.0,0.0
2026-03-17 05:55:00+00:00,0.0,0.0
2026-03-17 06:00:00+00:00,0.0,0.0
2026-03-17 06:05:00+00:00,0.0,0.0
2026-03-17 06:10:00+00:00,0.0,0.0
2026-03-17 06:15:00+00:00,0.0,0.0
2026-03-17 06:20:00+00:00,0.0,0.0
2026-03-17 06:25:00+00:00,0.0,0.0
2026-03-17 06:30:00+00:00,0.0,0.0
2026-03-17 06:35:00+00:00,0.0,0.0
2026-03-17 06:40:00+00:00,0.0,0.0
2026-03-17 06:45:00+00:00,0.0,0.0
2026-03-17 06:50:00+00:00,0.0,0.0
2026-03-17 06:55:00+00:00,0.0,0.0
2026-03-17 07:00:00+00:00,0.0,0.0
2026-03-17 07:05:00+00:00,0.0,0.0
2026-03-17 07:10:00+00:00,0.0,0.0
2026-03-17 07:15:00+00:00,0.0,0.0
2026-03-17 07:20:00+00:00,0.0,0.0
2026-03-17 07:25:00+00:00,0.0,0.0
2026-03-17 07:30:00+00:00,0.0,0.0
2026-03-17 07:35:00+00:00,0.0,0.0
2026-03-17 07:40:00+00:00,0.0,0.0
2026-03-17 07:45:00+00:00,0.0,0.0
2026-03-17 07:50:00+00:00,0.0,0.0
2026-03-17 07:55:00+00:00,0.0,0.0
2026-03-17 08:00:00+00:00,0.0,0.0
2026-03-17 08:05:00+00:00,0.0,0.0
2026-03-17 08:10:00+00:00,0.0,0.0
2026-03-17 08:15:00+00:00,0.0,0.0
2026-03-17 08:20:00+00:00,0.0,0.0
2026-03-17 08:25:00+00:00,0.0,0.0
2026-03-17 08:30:00+00:00,0.0,0.0
2026-03-17 08:35:00+00:00,0.0,0.0
2026-03-17 08:40:00+00:00,0.0,0.0
2026-03-17 08:45:00+00:00,0.0,0.0
2026-03-17 08:50:00+00:00,0.0,0.0
2026-03-17 08:55:00+00:00,0.0,0.0
2026-03-17 09:00:00+00:00,0.0,0.0
2026-03-17 09:05:00+00:00,0.0,0.0
2026-03-17 09:10:00+00:00,0.0,0.0
2026-03-17 09:15:00+00:00,0.0,0.0
2026-03-17 09:20:00+00:00,0.0,0.0
2026-03-17 09:25:00+00:00,0.0,0.0
2026-03-17 09:30:00+00:00,0.0,0.0
2026-03-17 09:35:00+00:00,0.0,0.0
2026-03-17 09:40:00+00:00,0.0,0.0
2026-03-17 09:45:00+00:00,0.0,0.0
2026-03-17 09:50:00+00:00,0.0,0.0
2026-03-17 09:55:00+00:00,0.0,0.0
2026-03-17 10:00:00+00:00,0.0,0.0
2026-03-17 10:05:00+00:00,0.0,0.0
2026-03-17 10:10:00+00:00,0.0,0.0
2026-03-17 10:15:00+00:00,0.0,0.0
2026-03-17 10:20:00+00:00,0.0,0.0
2026-03-17 10:25:00+00:00,0.0,0.0
2026-03-17 10:30:00+00:00,0.0,0.0
2026-03-17 10:35:00+00:00,0.0,0.0
2026-03-17 10:40:00+00:00,0.0,0.0
2026-03-17 10:45:00+00:00,0.0,0.0
2026-03-17 10:50:00+00:00,0.0,0.0
2026-03-17 10:55:00+00:00,0.0,0.0
2026-03-17 11:00:00+00:00,0.0,0.0
2026-03-17 11:05:00+00:00,0.0,0.0
2026-03-17 11:10:00+00:00,0.0,0.0
2026-03-17 11:15:00+00:00,0.0,0.0
2026-03-17 11:20:00+00:00,0.0,0.0
2026-03-17 11:25:00+00:00,0.0,0.0
2026-03-17 11:30:00+00:00,0.0,0.0
2026-03-17 11:35:00+00:00,0.0,0.0
2026-03-17 11:40:00+00:00,0.0,0.0
2026-03-17 11:45:00+00:00,0.0,0.0
2026-03-17 11:50:00+00:00,0.0,0.0
2026-03-17 11:55:00+00:00,0.0,0.0
2026-03-17 12:00:00+00:00,0.0,0.0
2026-03-17 12:05:00+00:00,0.0,0.0
2026-03-17 12:10:00+00:00,0.0,0.0
2026-03-17 12:15:00+00:00,0.0,0.0
2026-03-17 12:20:00+00:00,0.0,0.0
2026-03-17 12:25:00+00:00,0.0,0.0
2026-03-17 12:30:00+00:00,0.0,0.0
2026-03-17 12:35:00+00:00,0.0,0.0
2026-03-17 12:40:00+00:00,0.0,0.0
2026-03-17 12:45:00+00:00,0.0,0.0
2026-03-17 12:50:00+00:00,0.0,0.0
2026-03-17 12:55:00+00:00,0.0,0.0
2026-03-17 13:00:00+00:00,0.0,0.0
2026-03-17 13:05:00+00:00,0.0,0.0
2026-03-17 13:10:00+00:00,0.0,0.0
2026-03-17 13:15:00+00:00,0.0,0.0
2026-03-17 13:20:00+00:00,0.0,0.0
2026-03-17 13:25:00+00:00,0.0,0.0
2026-03-17 13:30:00+00:00,0.0,0.0
2026-03-17 13:35:00+00:00,0.0,0.0
2026-03-17 13:40:00+00:00,0.0,0.0
2026-03-17 13:45:00+00:00,0.0,0.0
2026-03-17 13:50:00+00:00,0.0,0.0
2026-03-17 13:55:00+00:00,0.0,0.0
2026-03-17 14:00:00+00:00,0.0,0.0
2026-03-17 14:05:00+00:00,0.0,0.0
2026-03-17 14:10:00+00:00,0.0,0.0
2026-03-17 14:15:00+00:00,0.0,0.0
2026-03-17 14:20:00+00:00,0.0,0.0
2026-03-17 14:25:00+00:00,0.0,0.0
2026-03-17 14:30:00+00:00,0.0,0.0
2026-03-17 14:35:00+00:00,0.0,0.0
2026-03-17 14:40:00+00:00,0.0,0.0
2026-03-17 14:45:00+00:00,0.0,0.0
2026-03-17 14:50:00+00:00,0.0,0.0
2026-03-17 14:55:00+00:00,0.0,0.0
2026-03-17 15:00:00+00:00,0.0,0.0
2026-03-17 15:05:00+00:00,0.0,0.0
2026-03-17 15:10:00+00:00,0.0,0.0
2026-03-17 15:15:00+00:00,0.0,0.0
2026-03-17 15:20:00+00:00,0.0,0.0
2026-03-17 15:25:00+00:00,0.0,0.0
2026-03-17 15:30:00+00:00,0.0,0.0
2026-03-17 15:35:00+00:00,0.0,0.0
2026-03-17 15:40:00+00:00,0.0,0.0
2026-03-17 15:45:00+00:00,0.0,0.0
2026-03-17 15:50:00+00:00,0.0,0.0
2026-03-17 15:55:00+00:00,0.0,0.0
2026-03-17 16:00:00+00:00,0.0,0.0
2026-03-17 16:05:00+00:00,0.0,0.0
2026-03-17 16:10:00+00:00,0.0,0.0
2026-03-17 16:15:00+00:00,0.0,0.0
2026-03-17 16:20:00+00:00,0.0,0.0
2026-03-17 16:25:00+00:00,0.0,0.0
2026-03-17 16:30:00+00:00,0.0,0.0
2026-03-17 16:35:00+00:00,0.0,0.0
2026-03-17 16:40:00+00:00,0.0,0.0
2026-03-17 16:45:00+00:00,0.0,0.0
2026-03-17 16:50:00+00:00,0.0,0.0
2026-03-17 16:55:00+00:00,0.0,0.0
2026-03-17 17:00:00+00:00,0.0,0.0
2026-03-17 17:05:00+00:00,0.0,0.0
2026-03-17 17:10:00+00:00,0.0,0.0
2026-03-17 17:15:00+00:00,0.0,0.0
2026-03-17 17:20:00+00:00,0.0,0.0
2026-03-17 17:25:00+00:00,0.0,0.0
2026-03-17 17:30:00+00:00,0.0,0.0
2026-03-17 17:35:00+00:00,0.0,0.0
2026-03-17 17:40:00+00:00,0.0,0.0
2026-03-17 17:45:00+00:00,0.0,0.0
2026-03-17 17:50:00+00:00,0.0,0.0
2026-03-17 17:55:00+00:00,0.0,0.0
2026-03-17 18:00:00+00:00,0.0,0.0
2026-03-17 18:05:00+00:00,0.0,0.0
2026-03-17 18:10:00+00:00,0.0,0.0
2026-03-17 18:15:00+00:00,0.0,0.0
2026-03-17 18:20:00+00:00,0.0,0.0
2026-03-17 18:25:00+00:00,0.0,0.0
2026-03-17 18:30:00+00:00,0.0,0.0
2026-03-17 18:35:00+00:00,0.0,0.0
2026-03-17 18:40:00+00:00,0.0,0.0
2026-03-17 18:45:00+00:00,0.0,0.0
2026-03-17 18:50:00+00:00,0.0,0.0
2026-03-17 18:55:00+00:00,0.0,0.0
2026-03-17 19:00:00+00:00,0.0,0.0
2026-03-17 19:05:00+00:00,0.0,0.0
2026-03-17 19:10:00+00:00,0.0,0.0
2026-03-17 19:15:00+00:00,0.0,0.0
2026-03-17 19:20:00+00:00,0.0,0.0
2026-03-17 19:25:00+00:00,0.0,0.0
2026-03-17 19:30:00+00:00,0.0,0.0
2026-03-17 19:35:00+00:00,0.0,0.0
2026-03-17 19:40:00+00:00,0.0,0.0
2026-03-17 19:45:00+00:00,0.0,0.0
2026-03-17 19:50:00+00:00,0.0,0.0
2026-03-17 19:55:00+00:00,0.0,0.0
2026-03-17 20:00:00+00:00,0.0,0.0
2026-03-17 20:05:00+00:00,0.0,0.0
2026-03-17 20:10:00+00:00,0.0,0.0
2026-03-17 20:15:00+00:00,0.0,0.0
2026-03-17 20:20:00+00:00,0.0,0.0
2026-03-17 20:25:00+00:00,0.0,0.0
2026-03-17 20:30:00+00:00,0.0,0.0
2026-03-17 20:35:00+00:00,0.0,0.0
2026-03-17 20:40:00+00:00,0.0,0.0
2026-03-17 20:45:00+00:00,0.0,0.0
2026-03-17 20:50:00+00:00,0.0,0.0
2026-03-17 20:55:00+00:00,0.0,0.0
2026-03-17 21:00:00+00:00,0.0,0.0
2026-03-17 21:05:00+00:00,0.0,0.0
2026-03-17 21:10:00+00:00,0.0,0.0
2026-03-17 21:15:00+00:00,0.0,0.0
2026-03-17 21:20:00+00:00,0.0,0.0
2026-03-17 21:25:00+00:00,0.0,0.0
2026-03-17 21:30:00+00:00,0.0,0.0
2026-03-17 21:35:00+00:00,0.0,0.0
2026-03-17 21:40:00+00:00,0.0,0.0
2026-03-17 21:45:00+00:00,0.0,0.0
2026-03-17 21:50:00+00:00,0.0,0.0
2026-03-17 21:55:00+00:00,0.0,0.0
2026-03-17 22:00:00+00:00,0.0,0.0
2026-03-17 22:05:00+00:00,0.0,0.0
2026-03-17 22:10:00+00:00,0.0,0.0
2026-03-17 22:15:00+00:00,0.0,0.0
2026-03-17 22:20:00+00:00,0.0,0.0
2026-03-17 22:25:00+00:00,0.0,0.0
2026-03-17 22:30:00+00:00,0.0,0.0
2026-03-17 22:35:00+00:00,0.0,0.0
2026-03-17 22:40:00+00:00,0.0,0.0
2026-03-17 22:45:00+00:00,0.0,0.0
2026-03-17 22:50:00+00:00,0.0,0.0
2026-03-17 22:55:00+00:00,0.0,0.0
2026-03-17 23:00:00+00:00,0.0,0.0
2026-03-17 23:05:00+00:00,0.0,0.0
2026-03-17 23:10:00+00:00,0.0,0.0
2026-03-17 23:15:00+00:00,0.0,0.0
2026-03-17 23:20:00+00:00,0.0,0.0
2026-03-17 23:25:00+00:00,0.0,0.0
2026-03-17 23:30:00+00:00,0.0,0.0
2026-03-17 23:35:00+00:00,0.0,0.0
2026-03-17 23:40:00+00:00,0.0,0.0
2026-03-17 23:45:00+00:00,0.0,0.0
2026-03-17 23:50:00+00:00,0.0,0.0
2026-03-17 23:55:00+00:00,0.0,0.0
2026-03-18 00:00:00+00:00,0.0,0.0
2026-03-18 00:05:00+00:00,0.0,0.0
2026-03-18 00:10:00+00:00,0.0,0.0
2026-03-18 00:15:00+00:00,0.0,0.0
2026-03-18 00:20:00+00:00,0.0,0.0
2026-03-18 00:25:00+00:00,0.0,0.0
2026-03-18 00:30:00+00:00,0.0,0.0
2026-03-18 00:35:00+00:00,0.0,0.0
2026-03-18 00:40:00+00:00,0.0,0.0
2026-03-18 00:45:00+00:00,0.0,0.0
2026-03-18 00:50:00+00:00,0.0,0.0
2026-03-18 00:55:00+00:00,0.0,0.0
2026-03-18 01:00:00+00:00,0.0,0.0
2026-03-18 01:05:00+00:00,0.0,0.0
2026-03-18 01:10:00+00:00,0.0,0.0
2026-03-18 01:15:00+00:00,0.0,0.0
2026-03-18 01:20:00+00:00,0.0,0.0
2026-03-18 01:25:00+00:00,0.0,0.0
2026-03-18 01:30:00+00:00,0.0,0.0
2026-03-18 01:35:00+00:00,0.0,0.0
2026-03-18 01:40:00+00:00,0.0,0.0
2026-03-18 01:45:00+00:00,0.0,0.0
2026-03-18 01:50:00+00:00,0.0,0.0
2026-03-18 01:55:00+00:00,0.0,0.0
2026-03-18 02:00:00+00:00,0.0,0.0
2026-03-18 02:05:00+00:00,0.0,0.0
2026-03-18 02:10:00+00:00,0.0,0.0
2026-03-18 02:15:00+00:00,0.0,0.0
2026-03-18 02:20:00+00:00,0.0,0.0
2026-03-18 02:25:00+00:00,0.0,0.0
2026-03-18 02:30:00+00:00,0.0,0.0
2026-03-18 02:35:00+00:00,0.0,0.0
2026-03-18 02:40:00+00:00,0.0,0.0
2026-03-18 02:45:00+00:00,0.0,0.0
2026-03-18 02:50:00+00:00,0.0,0.0
2026-03-18 02:55:00+00:00,0.0,0.0
2026-03-18 03:00:00+00:00,0.0,0.0
2026-03-18 03:05:00+00:00,0.0,0.0
2026-03-18 03:10:00+00:00,0.0,0.0
2026-03-18 03:15:00+00:00,0.0,0.0
2026-03-18 03:20:00+00:00,0.0,0.0
2026-03-18 03:25:00+00:00,0.0,0.0
2026-03-18 03:30:00+00:00,0.0,0.0
2026-03-18 03:35:00+00:00,0.0,0.0
2026-03-18 03:40:00+00:00,0.0,0.0
2026-03-18 03:45:00+00:00,0.0,0.0
2026-03-18 03:50:00+00:00,0.0,0.0
2026-03-18 03:55:00+00:00,0.0,0.0
2026-03-18 04:00:00+00:00,0.0,0.0
2026-03-18 04:05:00+00:00,0.0,0.0
2026-03-18 04:10:00+00:00,0.0,0.0
2026-03-18 04:15:00+00:00,0.0,0.0
2026-03-18 04:20:00+00:00,0.0,0.0
2026-03-18 04:25:00+00:00,0.0,0.0
2026-03-18 04:30:00+00:00,0.0,0.0
2026-03-18 04:35:00+00:00,0.0,0.0
2026-03-18 04:40:00+00:00,0.0,0.0
2026-03-18 04:45:00+00:00,0.0,0.0
2026-03-18 04:50:00+00:00,0.0,0.0
2026-03-18 04:55:00+00:00,0.0,0.0
2026-03-18 05:00:00+00:00,0.0,0.0
2026-03-18 05:05:00+00:00,0.0,0.0
2026-03-18 05:10:00+00:00,0.0,0.0
2026-03-18 05:15:00+00:00,0.0,0.0
2026-03-18 05:20:00+00:00,0.0,0.0
2026-03-18 05:25:00+00:00,0.0,0.0
2026-03-18 05:30:00+00:00,0.0,0.0
2026-03-18 05:35:00+00:00,0.0,0.0
2026-03-18 05:40:00+00:00,0.0,0.0
2026-03-18 05:45:00+00:00,0.0,0.0
2026-03-18 05:50:00+00:00,0.0,0.0
2026-03-18 05:55:00+00:00,0.0,0.0
2026-03-18 06:00:00+00:00,0.0,0.0
2026-03-18 06:05:00+00:00,0.0,0.0
2026-03-18 06:10:00+00:00,0.0,0.0
2026-03-18 06:15:00+00:00,0.0,0.0
2026-03-18 06:20:00+00:00,0.0,0.0
2026-03-18 06:25:00+00:00,0.0,0.0
2026-03-18 06:30:00+00:00,0.0,0.0
2026-03-18 06:35:00+00:00,0.0,0.0
2026-03-18 06:40:00+00:00,0.0,0.0
2026-03-18 06:45:00+00:00,0.0,0.0
2026-03-18 06:50:00+00:00,0.0,0.0
2026-03-18 06:55:00+00:00,0.0,0.0
2026-03-18 07:00:00+00:00,0.0,0.0
2026-03-18 07:05:00+00:00,0.0,0.0
2026-03-18 07:10:00+00:00,0.0,0.0
2026-03-18 07:15:00+00:00,0.0,0.0
2026-03-18 07:20:00+00:00,0.0,0.0
2026-03-18 07:25:00+00:00,0.0,0.0
2026-03-18 07:30:00+00:00,0.0,0.0
2026-03-18 07:35:00+00:00,0.0,0.0
2026-03-18 07:40:00+00:00,0.0,0.0
2026-03-18 07:45:00+00:00,0.0,0.0
2026-03-18 07:50:00+00:00,0.0,0.0
2026-03-18 07:55:00+00:00,0.0,0.0
2026-03-18 08:00:00+00:00,0.0,0.0
2026-03-18 08:05:00+00:00,0.0,0.0
2026-03-18 08:10:00+00:00,0.0,0.0
2026-03-18 08:15:00+00:00,0.0,0.0
2026-03-18 08:20:00+00:00,0.0,0.0
2026-03-18 08:25:00+00:00,0.0,0.0
2026-03-18 08:30:00+00:00,0.0,0.0
2026-03-18 08:35:00+00:00,0.0,0.0
2026-03-18 08:40:00+00:00,0.0,0.0
2026-03-18 08:45:00+00:00,0.0,0.0
2026-03-18 08:50:00+00:00,0.0,0.0
2026-03-18 08:55:00+00:00,0.0,0.0
2026-03-18 09:00:00+00:00,0.0,0.0
2026-03-18 09:05:00+00:00,0.0,0.0
2026-03-18 09:10:00+00:00,0.0,0.0
2026-03-18 09:15:00+00:00,0.0,0.0
2026-03-18 09:20:00+00:00,0.0,0.0
2026-03-18 09:25:00+00:00,0.0,0.0
2026-03-18 09:30:00+00:00,0.0,0.0
2026-03-18 09:35:00+00:00,0.0,0.0
2026-03-18 09:40:00+00:00,0.0,0.0
2026-03-18 09:45:00+00:00,0.0,0.0
2026-03-18 09:50:00+00:00,0.0,0.0
2026-03-18 09:55:00+00:00,0.0,0.0
2026-03-18 10:00:00+00:00,0.0,0.0
2026-03-18 10:05:00+00:00,0.0,0.0
2026-03-18 10:10:00+00:00,0.0,0.0
2026-03-18 10:15:00+00:00,0.0,0.0
2026-03-18 10:20:00+00:00,0.0,0.0
2026-03-18 10:25:00+00:00,0.0,0.0
2026-03-18 10:30:00+00:00,0.0,0.0
2026-03-18 10:35:00+00:00,0.0,0.0
2026-03-18 10:40:00+00:00,0.0,0.0
2026-03-18 10:45:00+00:00,0.0,0.0
2026-03-18 10:50:00+00:00,0.0,0.0
2026-03-18 10:55:00+00:00,0.0,0.0
2026-03-18 11:00:00+00:00,0.0,0.0
2026-03-18 11:05:00+00:00,0.0,0.0
2026-03-18 11:10:00+00:00,0.0,0.0
2026-03-18 11:15:00+00:00,0.0,0.0
2026-03-18 11:20:00+00:00,0.0,0.0
2026-03-18 11:25:00+00:00,0.0,0.0
2026-03-18 11:30:00+00:00,0.0,0.0
2026-03-18 11:35:00+00:00,0.0,0.0
2026-03-18 11:40:00+00:00,0.0,0.0
2026-03-18 11:45:00+00:00,0.0,0.0
2026-03-18 11:50:00+00:00,0.0,0.0
2026-03-18 11:55:00+00:00,0.0,0.0
2026-03-18 12:00:00+00:00,0.0,0.0
2026-03-18 12:05:00+00:00,0.0,0.0
2026-03-18 12:10:00+00:00,0.0,0.0
2026-03-18 12:15:00+00:00,0.0,0.0
2026-03-18 12:20:00+00:00,0.0,0.0
2026-03-18 12:25:00+00:00,0.0,0.0
2026-03-18 12:30:00+00:00,0.0,0.0
2026-03-18 12:35:00+00:00,0.0,0.0
2026-03-18 12:40:00+00:00,0.0,0.0
2026-03-18 12:45:00+00:00,0.0,0.0
2026-03-18 12:50:00+00:00,0.0,0.0
2026-03-18 12:55:00+00:00,0.0,0.0
2026-03-18 13:00:00+00:00,0.0,0.0
2026-03-18 13:05:00+00:00,0.0,0.0
2026-03-18 13:10:00+00:00,0.0,0.0
2026-03-18 13:15:00+00:00,0.0,0.0
2026-03-18 13:20:00+00:00,0.0,0.0
2026-03-18 13:25:00+00:00,0.0,0.0
2026-03-18 13:30:00+00:00,0.0,0.0
2026-03-18 13:35:00+00:00,0.0,0.0
2026-03-18 13:40:00+00:00,0.0,0.0
2026-03-18 13:45:00+00:00,0.0,0.0
2026-03-18 13:50:00+00:00,0.0,0.0
2026-03-18 13:55:00+00:00,0.0,0.0
2026-03-18 14:00:00+00:00,0.0,0.0
2026-03-18 14:05:00+00:00,0.0,0.0
2026-03-18 14:10:00+00:00,0.0,0.0
2026-03-18 14:15:00+00:00,0.0,0.0
2026-03-18 14:20:00+00:00,0.0,0.0
2026-03-18 14:25:00+00:00,0.0,0.0
2026-03-18 14:30:00+00:00,0.0,0.0
2026-03-18 14:35:00+00:00,0.0,0.0
2026-03-18 14:40:00+00:00,0.0,0.0
2026-03-18 14:45:00+00:00,0.0,0.0
2026-03-18 14:50:00+00:00,0.0,0.0
2026-03-18 14:55:00+00:00,0.0,0.0
2026-03-18 15:00:00+00:00,0.0,0.0
2026-03-18 15:05:00+00:00,0.0,0.0
2026-03-18 15:10:00+00:00,0.0,0.0
2026-03-18 15:15:00+00:00,0.0,0.0
2026-03-18 15:20:00+00:00,0.0,0.0
2026-03-18 15:25:00+00:00,0.0,0.0
2026-03-18 15:30:00+00:00,0.0,0.0
2026-03-18 15:35:00+00:00,0.0,0.0
2026-03-18 15:40:00+00:00,0.0,0.0
2026-03-18 15:45:00+00:00,0.0,0.0
2026-03-18 15:50:00+00:00,0.0,0.0
2026-03-18 15:55:00+00:00,0.0,0.0
2026-03-18 16:00:00+00:00,0.0,0.0
2026-03-18 16:05:00+00:00,0.0,0.0
2026-03-18 16:10:00+00:00,0.0,0.0
2026-03-18 16:15:00+00:00,0.0,0.0
2026-03-18 16:20:00+00:00,0.0,0.0
2026-03-18 16:25:00+00:00,0.0,0.0
2026-03-18 16:30:00+00:00,0.0,0.0
2026-03-18 16:35:00+00:00,0.0,0.0
2026-03-18 16:40:00+00:00,0.0,0.0
2026-03-18 16:45:00+00:00,0.0,0.0
2026-03-18 16:50:00+00:00,0.0,0.0
2026-03-18 16:55:00+00:00,0.0,0.0
2026-03-18 17:00:00+00:00,0.0,0.0
2026-03-18 17:05:00+00:00,0.0,0.0
2026-03-18 17:10:00+00:00,0.0,0.0
2026-03-18 17:15:00+00:00,0.0,0.0
2026-03-18 17:20:00+00:00,0.0,0.0
2026-03-18 17:25:00+00:00,0.0,0.0
2026-03-18 17:30:00+00:00,0.0,0.0
2026-03-18 17:35:00+00:00,0.0,0.0
2026-03-18 17:40:00+00:00,0.0,0.0
2026-03-18 17:45:00+00:00,0.0,0.0
2026-03-18 17:50:00+00:00,0.0,0.0
2026-03-18 17:55:00+00:00,0.0,0.0
2026-03-18 18:00:00+00:00,0.0,0.0
2026-03-18 18:05:00+00:00,0.0,0.0
2026-03-18 18:10:00+00:00,0.0,0.0
2026-03-18 18:15:00+00:00,0.0,0.0
2026-03-18 18:20:00+00:00,0.0,0.0
2026-03-18 18:25:00+00:00,0.0,0.0
2026-03-18 18:30:00+00:00,0.0,0.0
2026-03-18 18:35:00+00:00,0.0,0.0
2026-03-18 18:40:00+00:00,0.0,0.0
2026-03-18 18:45:00+00:00,0.0,0.0
2026-03-18 18:50:00+00:00,0.0,0.0
2026-03-18 18:55:00+00:00,0.0,0.0
2026-03-18 19:00:00+00:00,0.0,0.0
2026-03-18 19:05:00+00:00,0.0,0.0
2026-03-18 19:10:00+00:00,0.0,0.0
2026-03-18 19:15:00+00:00,0.0,0.0
2026-03-18 19:20:00+00:00,0.0,0.0
2026-03-18 19:25:00+00:00,0.0,0.0
2026-03-18 19:30:00+00:00,0.0,0.0
2026-03-18 19:35:00+00:00,0.0,0.0
2026-03-18 19:40:00+00:00,0.0,0.0
2026-03-18 19:45:00+00:00,0.0,0.0
2026-03-18 19:50:00+00:00,0.0,0.0
2026-03-18 19:55:00+00:00,0.0,0.0
2026-03-18 20:00:00+00:00,0.0,0.0
2026-03-18 20:05:00+00:00,0.0,0.0
2026-03-18 20:10:00+00:00,0.0,0.0
2026-03-18 20:15:00+00:00,0.0,0.0
2026-03-18 20:20:00+00:00,0.0,0.0
2026-03-18 20:25:00+00:00,0.0,0.0
2026-03-18 20:30:00+00:00,0.0,0.0
2026-03-18 20:35:00+00:00,0.0,0.0
2026-03-18 20:40:00+00:00,0.0,0.0
2026-03-18 20:45:00+00:00,0.0,0.0
2026-03-18 20:50:00+00:00,0.0,0.0
2026-03-18 20:55:00+00:00,0.0,0.0
2026-03-18 21:00:00+00:00,0.0,0.0
2026-03-18 21:05:00+00:00,0.0,0.0
2026-03-18 21:10:00+00:00,0.0,0.0
2026-03-18 21:15:00+00:00,0.0,0.0
2026-03-18 21:20:00+00:00,0.0,0.0
2026-03-18 21:25:00+00:00,0.0,0.0
2026-03-18 21:30:00+00:00,0.0,0.0
2026-03-18 21:35:00+00:00,0.0,0.0
2026-03-18 21:40:00+00:00,0.0,0.0
2026-03-18 21:45:00+00:00,0.0,0.0
2026-03-18 21:50:00+00:00,0.0,0.0
2026-03-18 21:55:00+00:00,0.0,0.0
2026-03-18 22:00:00+00:00,0.0,0.0
2026-03-18 22:05:00+00:00,0.0,0.0
2026-03-18 22:10:00+00:00,0.0,0.0
2026-03-18 22:15:00+00:00,0.0,0.0
2026-03-18 22:20:00+00:00,0.0,0.0
2026-03-18 22:25:00+00:00,0.0,0.0
2026-03-18 22:30:00+00:00,0.0,0.0
2026-03-18 22:35:00+00:00,0.0,0.0
2026-03-18 22:40:00+00:00,0.0,0.0
2026-03-18 22:45:00+00:00,0.0,0.0
2026-03-18 22:50:00+00:00,0.0,0.0
2026-03-18 22:55:00+00:00,0.0,0.0
2026-03-18 23:00:00+00:00,0.0,0.0
2026-03-18 23:05:00+00:00,0.0,0.0
2026-03-18 23:10:00+00:00,0.0,0.0
2026-03-18 23:15:00+00:00,0.0,0.0
2026-03-18 23:20:00+00:00,0.0,0.0
2026-03-18 23:25:00+00:00,0.0,0.0
2026-03-18 23:30:00+00:00,0.0,0.0
2026-03-18 23:35:00+00:00,0.0,0.0
2026-03-18 23:40:00+00:00,0.0,0.0
2026-03-18 23:45:00+00:00,0.0,0.0
2026-03-18 23:50:00+00:00,0.0,0.0
2026-03-18 23:55:00+00:00,0.0,0.0
2026-03-19 00:00:00+00:00,0.0,0.0
2026-03-19 00:05:00+00:00,0.0,0.0
2026-03-19 00:10:00+00:00,0.0,0.0
2026-03-19 00:15:00+00:00,0.0,0.0
2026-03-19 00:20:00+00:00,0.0,0.0
2026-03-19 00:25:00+00:00,0.0,0.0
2026-03-19 00:30:00+00:00,0.0,0.0
2026-03-19 00:35:00+00:00,0.0,0.0
2026-03-19 00:40:00+00:00,0.0,0.0
2026-03-19 00:45:00+00:00,0.0,0.0
2026-03-19 00:50:00+00:00,0.0,0.0
2026-03-19 00:55:00+00:00,0.0,0.0
2026-03-19 01:00:00+00:00,0.0,0.0
2026-03-19 01:05:00+00:00,0.0,0.0
2026-03-19 01:10:00+00:00,0.0,0.0
2026-03-19 01:15:00+00:00,0.0,0.0
2026-03-19 01:20:00+00:00,0.0,0.0
2026-03-19 01:25:00+00:00,0.0,0.0
2026-03-19 01:30:00+00:00,0.0,0.0
2026-03-19 01:35:00+00:00,0.0,0.0
2026-03-19 01:40:00+00:00,0.0,0.0
2026-03-19 01:45:00+00:00,0.0,0.0
2026-03-19 01:50:00+00:00,0.0,0.0
2026-03-19 01:55:00+00:00,0.0,0.0
2026-03-19 02:00:00+00:00,0.0,0.0
2026-03-19 02:05:00+00:00,0.0,0.0
2026-03-19 02:10:00+00:00,0.0,0.0
2026-03-19 02:15:00+00:00,0.0,0.0
2026-03-19 02:20:00+00:00,0.0,0.0
2026-03-19 02:25:00+00:00,0.0,0.0
2026-03-19 02:30:00+00:00,0.0,0.0
2026-03-19 02:35:00+00:00,0.0,0.0
2026-03-19 02:40:00+00:00,0.0,0.0
2026-03-19 02:45:00+00:00,0.0,0.0
2026-03-19 02:50:00+00:00,0.0,0.0
2026-03-19 02:55:00+00:00,0.0,0.0
2026-03-19 03:00:00+00:00,0.0,0.0
2026-03-19 03:05:00+00:00,0.0,0.0
2026-03-19 03:10:00+00:00,0.0,0.0
2026-03-19 03:15:00+00:00,0.0,0.0
2026-03-19 03:20:00+00:00,0.0,0.0
2026-03-19 03:25:00+00:00,0.0,0.0
2026-03-19 03:30:00+00:00,0.0,0.0
2026-03-19 03:35:00+00:00,0.0,0.0
2026-03-19 03:40:00+00:00,0.0,0.0
2026-03-19 03:45:00+00:00,0.0,0.0
2026-03-19 03:50:00+00:00,0.0,0.0
2026-03-19 03:55:00+00:00,0.0,0.0
2026-03-19 04:00:00+00:00,0.0,0.0
2026-03-19 04:05:00+00:00,0.0,0.0
2026-03-19 04:10:00+00:00,0.0,0.0
2026-03-19 04:15:00+00:00,0.0,0.0
2026-03-19 04:20:00+00:00,0.0,0.0
2026-03-19 04:25:00+00:00,0.0,0.0
2026-03-19 04:30:00+00:00,0.0,0.0
2026-03-19 04:35:00+00:00,0.0,0.0
2026-03-19 04:40:00+00:00,0.0,0.0
2026-03-19 04:45:00+00:00,0.0,0.0
2026-03-19 04:50:00+00:00,0.0,0.0
2026-03-19 04:55:00+00:00,0.0,0.0
2026-03-19 05:00:00+00:00,0.0,0.0
2026-03-19 05:05:00+00:00,0.0,0.0
2026-03-19 05:10:00+00:00,0.0,0.0
2026-03-19 05:15:00+00:00,0.0,0.0
2026-03-19 05:20:00+00:00,0.0,0.0
2026-03-19 05:25:00+00:00,0.0,0.0
2026-03-19 05:30:00+00:00,0.0,0.0
2026-03-19 05:35:00+00:00,0.0,0.0
2026-03-19 05:40:00+00:00,0.0,0.0
2026-03-19 05:45:00+00:00,0.0,0.0
2026-03-19 05:50:00+00:00,0.0,0.0
2026-03-19 05:55:00+00:00,0.0,0.0
2026-03-19 06:00:00+00:00,0.0,0.0
2026-03-19 06:05:00+00:00,0.0,0.0
2026-03-19 06:10:00+00:00,0.0,0.0
2026-03-19 06:15:00+00:00,0.0,0.0
2026-03-19 06:20:00+00:00,0.0,0.0
2026-03-19 06:25:00+00:00,0.0,0.0
2026-03-19 06:30:00+00:00,0.0,0.0
2026-03-19 06:35:00+00:00,0.0,0.0
2026-03-19 06:40:00+00:00,0.0,0.0
2026-03-19 06:45:00+00:00,0.0,0.0
2026-03-19 06:50:00+00:00,0.0,0.0
2026-03-19 06:55:00+00:00,0.0,0.0
2026-03-19 07:00:00+00:00,0.0,0.0
2026-03-19 07:05:00+00:00,0.0,0.0
2026-03-19 07:10:00+00:00,0.0,0.0
2026-03-19 07:15:00+00:00,0.0,0.0
2026-03-19 07:20:00+00:00,0.0,0.0
2026-03-19 07:25:00+00:00,0.0,0.0
2026-03-19 07:30:00+00:00,0.0,0.0
2026-03-19 07:35:00+00:00,0.0,0.0
2026-03-19 07:40:00+00:00,0.0,0.0
2026-03-19 07:45:00+00:00,0.0,0.0
2026-03-19 07:50:00+00:00,0.0,0.0
2026-03-19 07:55:00+00:00,0.0,0.0
2026-03-19 08:00:00+00:00,0.0,0.0
2026-03-19 08:05:00+00:00,0.0,0.0
2026-03-19 08:10:00+00:00,0.0,0.0
2026-03-19 08:15:00+00:00,0.0,0.0
2026-03-19 08:20:00+00:00,0.0,0.0
2026-03-19 08:25:00+00:00,0.0,0.0
2026-03-19 08:30:00+00:00,0.0,0.0
2026-03-19 08:35:00+00:00,0.0,0.0
2026-03-19 08:40:00+00:00,0.0,0.0
2026-03-19 08:45:00+00:00,0.0,0.0
2026-03-19 08:50:00+00:00,0.0,0.0
2026-03-19 08:55:00+00:00,0.0,0.0
2026-03-19 09:00:00+00:00,0.0,0.0
2026-03-19 09:05:00+00:00,0.0,0.0
2026-03-19 09:10:00+00:00,0.0,0.0
2026-03-19 09:15:00+00:00,0.0,0.0
2026-03-19 09:20:00+00:00,0.0,0.0
2026-03-19 09:25:00+00:00,0.0,0.0
2026-03-19 09:30:00+00:00,0.0,0.0
2026-03-19 09:35:00+00:00,0.0,0.0
2026-03-19 09:40:00+00:00,0.0,0.0
2026-03-19 09:45:00+00:00,0.0,0.0
2026-03-19 09:50:00+00:00,0.0,0.0
2026-03-19 09:55:00+00:00,0.0,0.0
2026-03-19 10:00:00+00:00,0.0,0.0
2026-03-19 10:05:00+00:00,0.0,0.0
2026-03-19 10:10:00+00:00,0.0,0.0
2026-03-19 10:15:00+00:00,0.0,0.0
2026-03-19 10:20:00+00:00,0.0,0.0
2026-03-19 10:25:00+00:00,0.0,0.0
2026-03-19 10:30:00+00:00,0.0,0.0
2026-03-19 10:35:00+00:00,0.0,0.0
2026-03-19 10:40:00+00:00,0.0,0.0
2026-03-19 10:45:00+00:00,0.0,0.0
2026-03-19 10:50:00+00:00,0.0,0.0
2026-03-19 10:55:00+00:00,0.0,0.0
2026-03-19 11:00:00+00:00,0.0,0.0
2026-03-19 11:05:00+00:00,0.0,0.0
2026-03-19 11:10:00+00:00,0.0,0.0
2026-03-19 11:15:00+00:00,0.0,0.0
2026-03-19 11:20:00+00:00,0.0,0.0
2026-03-19 11:25:00+00:00,0.0,0.0
2026-03-19 11:30:00+00:00,0.0,0.0
2026-03-19 11:35:00+00:00,0.0,0.0
2026-03-19 11:40:00+00:00,0.0,0.0
2026-03-19 11:45:00+00:00,0.0,0.0
2026-03-19 11:50:00+00:00,0.0,0.0
2026-03-19 11:55:00+00:00,0.0,0.0
2026-03-19 12:00:00+00:00,0.0,0.0
2026-03-19 12:05:00+00:00,0.0,0.0
2026-03-19 12:10:00+00:00,0.0,0.0
2026-03-19 12:15:00+00:00,0.0,0.0
2026-03-19 12:20:00+00:00,0.0,0.0
2026-03-19 12:25:00+00:00,0.0,0.0
2026-03-19 12:30:00+00:00,0.0,0.0
2026-03-19 12:35:00+00:00,0.0,0.0
2026-03-19 12:40:00+00:00,0.0,0.0
2026-03-19 12:45:00+00:00,0.0,0.0
2026-03-19 12:50:00+00:00,0.0,0.0
2026-03-19 12:55:00+00:00,0.0,0.0
2026-03-19 13:00:00+00:00,0.0,0.0
2026-03-19 13:05:00+00:00,0.0,0.0
2026-03-19 13:10:00+00:00,0.0,0.0
2026-03-19 13:15:00+00:00,0.0,0.0
2026-03-19 13:20:00+00:00,0.0,0.0
2026-03-19 13:25:00+00:00,0.0,0.0
2026-03-19 13:30:00+00:00,0.0,0.0
2026-03-19 13:35:00+00:00,0.0,0.0
2026-03-19 13:40:00+00:00,0.0,0.0
2026-03-19 13:45:00+00:00,0.0,0.0
2026-03-19 13:50:00+00:00,0.0,0.0
2026-03-19 13:55:00+00:00,0.0,0.0
2026-03-19 14:00:00+00:00,0.0,0.0
2026-03-19 14:05:00+00:00,0.0,0.0
2026-03-19 14:10:00+00:00,0.0,0.0
2026-03-19 14:15:00+00:00,0.0,0.0
2026-03-19 14:20:00+00:00,0.0,0.0
2026-03-19 14:25:00+00:00,0.0,0.0
2026-03-19 14:30:00+00:00,0.0,0.0
2026-03-19 14:35:00+00:00,0.0,0.0
2026-03-19 14:40:00+00:00,0.0,0.0
2026-03-19 14:45:00+00:00,0.0,0.0
2026-03-19 14:50:00+00:00,0.0,0.0
2026-03-19 14:55:00+00:00,0.0,0.0
2026-03-19 15:00:00+00:00,0.0,0.0
2026-03-19 15:05:00+00:00,0.0,0.0
2026-03-19 15:10:00+00:00,0.0,0.0
2026-03-19 15:15:00+00:00,0.0,0.0
2026-03-19 15:20:00+00:00,0.0,0.0
2026-03-19 15:25:00+00:00,0.0,0.0
2026-03-19 15:30:00+00:00,0.0,0.0
2026-03-19 15:35:00+00:00,0.0,0.0
2026-03-19 15:40:00+00:00,0.0,0.0
2026-03-19 15:45:00+00:00,0.0,0.0
2026-03-19 15:50:00+00:00,0.0,0.0
2026-03-19 15:55:00+00:00,0.0,0.0
2026-03-19 16:00:00+00:00,0.0,0.0
2026-03-19 16:05:00+00:00,0.0,0.0
2026-03-19 16:10:00+00:00,0.0,0.0
2026-03-19 16:15:00+00:00,0.0,0.0
2026-03-19 16:20:00+00:00,0.0,0.0
2026-03-19 16:25:00+00:00,0.0,0.0
2026-03-19 16:30:00+00:00,0.0,0.0
2026-03-19 16:35:00+00:00,0.0,0.0
2026-03-19 16:40:00+00:00,0.0,0.0
2026-03-19 16:45:00+00:00,0.0,0.0
2026-03-19 16:50:00+00:00,0.0,0.0
2026-03-19 16:55:00+00:00,0.0,0.0
2026-03-19 17:00:00+00:00,0.0,0.0
2026-03-19 17:05:00+00:00,0.0,0.0
2026-03-19 17:10:00+00:00,0.0,0.0
2026-03-19 17:15:00+00:00,0.0,0.0
2026-03-19 17:20:00+00:00,0.0,0.0
2026-03-19 17:25:00+00:00,0.0,0.0
2026-03-19 17:30:00+00:00,0.0,0.0
2026-03-19 17:35:00+00:00,0.0,0.0
2026-03-19 17:40:00+00:00,0.0,0.0
2026-03-19 17:45:00+00:00,0.0,0.0
2026-03-19 17:50:00+00:00,0.0,0.0
2026-03-19 17:55:00+00:00,0.0,0.0
2026-03-19 18:00:00+00:00,0.0,0.0
2026-03-19 18:05:00+00:00,0.0,0.0
2026-03-19 18:10:00+00:00,0.0,0.0
2026-03-19 18:15:00+00:00,0.0,0.0
2026-03-19 18:20:00+00:00,0.0,0.0
2026-03-19 18:25:00+00:00,0.0,0.0
2026-03-19 18:30:00+00:00,0.0,0.0
2026-03-19 18:35:00+00:00,0.0,0.0
2026-03-19 18:40:00+00:00,0.0,0.0
2026-03-19 18:45:00+00:00,0.0,0.0
2026-03-19 18:50:00+00:00,0.0,0.0
2026-03-19 18:55:00+00:00,0.0,0.0
2026-03-19 19:00:00+00:00,0.0,0.0
2026-03-19 19:05:00+00:00,0.0,0.0
2026-03-19 19:10:00+00:00,0.0,0.0
2026-03-19 19:15:00+00:00,0.0,0.0
2026-03-19 19:20:00+00:00,0.0,0.0
2026-03-19 19:25:00+00:00,0.0,0.0
2026-03-19 19:30:00+00:00,0.0,0.0
2026-03-19 19:35:00+00:00,0.0,0.0
2026-03-19 19:40:00+00:00,0.0,0.0
2026-03-19 19:45:00+00:00,0.0,0.0
2026-03-19 19:50:00+00:00,0.0,0.0
2026-03-19 19:55:00+00:00,0.0,0.0
2026-03-19 20:00:00+00:00,0.0,0.0
2026-03-19 20:05:00+00:00,0.0,0.0
2026-03-19 20:10:00+00:00,0.0,0.0
2026-03-19 20:15:00+00:00,0.0,0.0
2026-03-19 20:20:00+00:00,0.0,0.0
2026-03-19 20:25:00+00:00,0.0,0.0
2026-03-19 20:30:00+00:00,0.0,0.0
2026-03-19 20:35:00+00:00,0.0,0.0
2026-03-19 20:40:00+00:00,0.0,0.0
2026-03-19 20:45:00+00:00,0.0,0.0
2026-03-19 20:50:00+00:00,0.0,0.0
2026-03-19 20:55:00+00:00,0.0,0.0
2026-03-19 21:00:00+00:00,0.0,0.0
2026-03-19 21:05:00+00:00,0.0,0.0
2026-03-19 21:10:00+00:00,0.0,0.0
2026-03-19 21:15:00+00:00,0.0,0.0
2026-03-19 21:20:00+00:00,0.0,0.0
2026-03-19 21:25:00+00:00,0.0,0.0
2026-03-19 21:30:00+00:00,0.0,0.0
2026-03-19 21:35:00+00:00,0.0,0.0
2026-03-19 21:40:00+00:00,0.0,0.0
2026-03-19 21:45:00+00:00,0.0,0.0
2026-03-19 21:50:00+00:00,0.0,0.0
2026-03-19 21:55:00+00:00,0.0,0.0
2026-03-19 22:00:00+00:00,0.0,0.0
2026-03-19 22:05:00+00:00,0.0,0.0
2026-03-19 22:10:00+00:00,0.0,0.0
2026-03-19 22:15:00+00:00,0.0,0.0
2026-03-19 22:20:00+00:00,0.0,0.0
2026-03-19 22:25:00+00:00,0.0,0.0
2026-03-19 22:30:00+00:00,0.0,0.0
2026-03-19 22:35:00+00:00,0.0,0.0
2026-03-19 22:40:00+00:00,0.0,0.0
2026-03-19 22:45:00+00:00,0.0,0.0
2026-03-19 22:50:00+00:00,0.0,0.0
2026-03-19 22:55:00+00:00,0.0,0.0
2026-03-19 23:00:00+00:00,0.0,0.0
2026-03-19 23:05:00+00:00,0.0,0.0
2026-03-19 23:10:00+00:00,0.0,0.0
2026-03-19 23:15:00+00:00,0.0,0.0
2026-03-19 23:20:00+00:00,0.0,0.0
2026-03-19 23:25:00+00:00,0.0,0.0
2026-03-19 23:30:00+00:00,0.0,0.0
2026-03-19 23:35:00+00:00,0.0,0.0
2026-03-19 23:40:00+00:00,0.0,0.0
2026-03-19 23:45:00+00:00,0.0,0.0
2026-03-19 23:50:00+00:00,0.0,0.0
2026-03-19 23:55:00+00:00,0.0,0.0
2026-03-20 00:00:00+00:00,0.0,0.0
2026-03-20 00:05:00+00:00,0.0,0.0
2026-03-20 00:10:00+00:00,0.0,0.0
2026-03-20 00:15:00+00:00,0.0,0.0
2026-03-20 00:20:00+00:00,0.0,0.0
2026-03-20 00:25:00+00:00,0.0,0.0
2026-03-20 00:30:00+00:00,0.0,0.0
2026-03-20 00:35:00+00:00,0.0,0.0
2026-03-20 00:40:00+00:00,0.0,0.0
2026-03-20 00:45:00+00:00,0.0,0.0
2026-03-20 00:50:00+00:00,0.0,0.0
2026-03-20 00:55:00+00:00,0.0,0.0
2026-03-20 01:00:00+00:00,0.0,0.0
2026-03-20 01:05:00+00:00,0.0,0.0
2026-03-20 01:10:00+00:00,0.0,0.0
2026-03-20 01:15:00+00:00,0.0,0.0
2026-03-20 01:20:00+00:00,0.0,0.0
2026-03-20 01:25:00+00:00,0.0,0.0
2026-03-20 01:30:00+00:00,0.0,0.0
2026-03-20 01:35:00+00:00,0.0,0.0
2026-03-20 01:40:00+00:00,0.0,0.0
2026-03-20 01:45:00+00:00,0.0,0.0
2026-03-20 01:50:00+00:00,0.0,0.0
2026-03-20 01:55:00+00:00,0.0,0.0
2026-03-20 02:00:00+00:00,0.0,0.0
2026-03-20 02:05:00+00:00,0.0,0.0
2026-03-20 02:10:00+00:00,0.0,0.0
2026-03-20 02:15:00+00:00,0.0,0.0
2026-03-20 02:20:00+00:00,0.0,0.0
2026-03-20 02:25:00+00:00,0.0,0.0
2026-03-20 02:30:00+00:00,0.0,0.0
2026-03-20 02:35:00+00:00,0.0,0.0
2026-03-20 02:40:00+00:00,0.0,0.0
2026-03-20 02:45:00+00:00,0.0,0.0
2026-03-20 02:50:00+00:00,0.0,0.0
2026-03-20 02:55:00+00:00,0.0,0.0
2026-03-20 03:00:00+00:00,0.0,0.0
2026-03-20 03:05:00+00:00,0.0,0.0
2026-03-20 03:10:00+00:00,0.0,0.0
2026-03-20 03:15:00+00:00,0.0,0.0
2026-03-20 03:20:00+00:00,0.0,0.0
2026-03-20 03:25:00+00:00,0.0,0.0
2026-03-20 03:30:00+00:00,0.0,0.0
2026-03-20 03:35:00+00:00,0.0,0.0
2026-03-20 03:40:00+00:00,0.0,0.0
2026-03-20 03:45:00+00:00,0.0,0.0
2026-03-20 03:50:00+00:00,0.0,0.0
2026-03-20 03:55:00+00:00,0.0,0.0
2026-03-20 04:00:00+00:00,0.0,0.0
2026-03-20 04:05:00+00:00,0.0,0.0
2026-03-20 04:10:00+00:00,0.0,0.0
2026-03-20 04:15:00+00:00,0.0,0.0
2026-03-20 04:20:00+00:00,0.0,0.0
2026-03-20 04:25:00+00:00,0.0,0.0
2026-03-20 04:30:00+00:00,0.0,0.0
2026-03-20 04:35:00+00:00,0.0,0.0
2026-03-20 04:40:00+00:00,0.0,0.0
2026-03-20 04:45:00+00:00,0.0,0.0
2026-03-20 04:50:00+00:00,0.0,0.0
2026-03-20 04:55:00+00:00,0.0,0.0
2026-03-20 05:00:00+00:00,0.0,0.0
2026-03-20 05:05:00+00:00,0.0,0.0
2026-03-20 05:10:00+00:00,0.0,0.0
2026-03-20 05:15:00+00:00,0.0,0.0
2026-03-20 05:20:00+00:00,0.0,0.0
2026-03-20 05:25:00+00:00,0.0,0.0
2026-03-20 05:30:00+00:00,0.0,0.0
2026-03-20 05:35:00+00:00,0.0,0.0
2026-03-20 05:40:00+00:00,0.0,0.0
2026-03-20 05:45:00+00:00,0.0,0.0
2026-03-20 05:50:00+00:00,0.0,0.0
2026-03-20 05:55:00+00:00,0.0,0.0
2026-03-20 06:00:00+00:00,0.0,0.0
2026-03-20 06:05:00+00:00,0.0,0.0
2026-03-20 06:10:00+00:00,0.0,0.0
2026-03-20 06:15:00+00:00,0.0,0.0
2026-03-20 06:20:00+00:00,0.0,0.0
2026-03-20 06:25:00+00:00,0.0,0.0
2026-03-20 06:30:00+00:00,0.0,0.0
2026-03-20 06:35:00+00:00,0.0,0.0
2026-03-20 06:40:00+00:00,0.0,0.0
2026-03-20 06:45:00+00:00,0.0,0.0
2026-03-20 06:50:00+00:00,0.0,0.0
2026-03-20 06:55:00+00:00,0.0,0.0
2026-03-20 07:00:00+00:00,0.0,0.0
2026-03-20 07:05:00+00:00,0.0,0.0
2026-03-20 07:10:00+00:00,0.0,0.0
2026-03-20 07:15:00+00:00,0.0,0.0
2026-03-20 07:20:00+00:00,0.0,0.0
2026-03-20 07:25:00+00:00,0.0,0.0
2026-03-20 07:30:00+00:00,0.0,0.0
2026-03-20 07:35:00+00:00,0.0,0.0
2026-03-20 07:40:00+00:00,0.0,0.0
2026-03-20 07:45:00+00:00,0.0,0.0
2026-03-20 07:50:00+00:00,0.0,0.0
2026-03-20 07:55:00+00:00,0.0,0.0
2026-03-20 08:00:00+00:00,0.0,0.0
2026-03-20 08:05:00+00:00,0.0,0.0
2026-03-20 08:10:00+00:00,0.0,0.0
2026-03-20 08:15:00+00:00,0.0,0.0
2026-03-20 08:20:00+00:00,0.0,0.0
2026-03-20 08:25:00+00:00,0.0,0.0
2026-03-20 08:30:00+00:00,0.0,0.0
2026-03-20 08:35:00+00:00,0.0,0.0
2026-03-20 08:40:00+00:00,0.0,0.0
2026-03-20 08:45:00+00:00,0.0,0.0
2026-03-20 08:50:00+00:00,0.0,0.0
2026-03-20 08:55:00+00:00,0.0,0.0
2026-03-20 09:00:00+00:00,0.0,0.0
2026-03-20 09:05:00+00:00,0.0,0.0
2026-03-20 09:10:00+00:00,0.0,0.0
2026-03-20 09:15:00+00:00,0.0,0.0
2026-03-20 09:20:00+00:00,0.0,0.0
2026-03-20 09:25:00+00:00,0.0,0.0
2026-03-20 09:30:00+00:00,0.0,0.0
2026-03-20 09:35:00+00:00,0.0,0.0
2026-03-20 09:40:00+00:00,0.0,0.0
2026-03-20 09:45:00+00:00,0.0,0.0
2026-03-20 09:50:00+00:00,0.0,0.0
2026-03-20 09:55:00+00:00,0.0,0.0
2026-03-20 10:00:00+00:00,0.0,0.0
2026-03-20 10:05:00+00:00,0.0,0.0
2026-03-20 10:10:00+00:00,0.0,0.0
2026-03-20 10:15:00+00:00,0.0,0.0
2026-03-20 10:20:00+00:00,0.0,0.0
2026-03-20 10:25:00+00:00,0.0,0.0
2026-03-20 10:30:00+00:00,0.0,0.0
2026-03-20 10:35:00+00:00,0.0,0.0
2026-03-20 10:40:00+00:00,0.0,0.0
2026-03-20 10:45:00+00:00,0.0,0.0
2026-03-20 10:50:00+00:00,0.0,0.0
2026-03-20 10:55:00+00:00,0.0,0.0
2026-03-20 11:00:00+00:00,0.0,0.0
2026-03-20 11:05:00+00:00,0.0,0.0
2026-03-20 11:10:00+00:00,0.0,0.0
2026-03-20 11:15:00+00:00,0.0,0.0
2026-03-20 11:20:00+00:00,0.0,0.0
2026-03-20 11:25:00+00:00,0.0,0.0
2026-03-20 11:30:00+00:00,0.0,0.0
2026-03-20 11:35:00+00:00,0.0,0.0
2026-03-20 11:40:00+00:00,0.0,0.0
2026-03-20 11:45:00+00:00,0.0,0.0
2026-03-20 11:50:00+00:00,0.0,0.0
2026-03-20 11:55:00+00:00,0.0,0.0
2026-03-20 12:00:00+00:00,0.0,0.0
2026-03-20 12:05:00+00:00,0.0,0.0
2026-03-20 12:10:00+00:00,0.0,0.0
2026-03-20 12:15:00+00:00,0.0,0.0
2026-03-20 12:20:00+00:00,0.0,0.0
2026-03-20 12:25:00+00:00,0.0,0.0
2026-03-20 12:30:00+00:00,0.0,0.0
2026-03-20 12:35:00+00:00,0.0,0.0
2026-03-20 12:40:00+00:00,0.0,0.0
2026-03-20 12:45:00+00:00,0.0,0.0
2026-03-20 12:50:00+00:00,0.0,0.0
2026-03-20 12:55:00+00:00,0.0,0.0
2026-03-20 13:00:00+00:00,0.0,0.0
2026-03-20 13:05:00+00:00,0.0,0.0
2026-03-20 13:10:00+00:00,0.0,0.0
2026-03-20 13:15:00+00:00,0.0,0.0
2026-03-20 13:20:00+00:00,0.0,0.0
2026-03-20 13:25:00+00:00,0.0,0.0
2026-03-20 13:30:00+00:00,0.0,0.0
2026-03-20 13:35:00+00:00,0.0,0.0
2026-03-20 13:40:00+00:00,0.0,0.0
2026-03-20 13:45:00+00:00,0.0,0.0
2026-03-20 13:50:00+00:00,0.0,0.0
2026-03-20 13:55:00+00:00,0.0,0.0
2026-03-20 14:00:00+00:00,0.0,0.0
2026-03-20 14:05:00+00:00,0.0,0.0
2026-03-20 14:10:00+00:00,0.0,0.0
2026-03-20 14:15:00+00:00,0.0,0.0
2026-03-20 14:20:00+00:00,0.0,0.0
2026-03-20 14:25:00+00:00,0.0,0.0
2026-03-20 14:30:00+00:00,0.0,0.0
2026-03-20 14:35:00+00:00,0.0,0.0
2026-03-20 14:40:00+00:00,0.0,0.0
2026-03-20 14:45:00+00:00,0.0,0.0
2026-03-20 14:50:00+00:00,0.0,0.0
2026-03-20 14:55:00+00:00,0.0,0.0
2026-03-20 15:00:00+00:00,0.0,0.0
2026-03-20 15:05:00+00:00,0.0,0.0
2026-03-20 15:10:00+00:00,0.0,0.0
2026-03-20 15:15:00+00:00,0.0,0.0
2026-03-20 15:20:00+00:00,0.0,0.0
2026-03-20 15:25:00+00:00,0.0,0.0
2026-03-20 15:30:00+00:00,0.0,0.0
2026-03-20 15:35:00+00:00,0.0,0.0
2026-03-20 15:40:00+00:00,0.0,0.0
2026-03-20 15:45:00+00:00,0.0,0.0
2026-03-20 15:50:00+00:00,0.0,0.0
2026-03-20 15:55:00+00:00,0.0,0.0
2026-03-20 16:00:00+00:00,0.0,0.0
2026-03-20 16:05:00+00:00,0.0,0.0
2026-03-20 16:10:00+00:00,0.0,0.0
2026-03-20 16:15:00+00:00,0.0,0.0
2026-03-20 16:20:00+00:00,0.0,0.0
2026-03-20 16:25:00+00:00,0.0,0.0
2026-03-20 16:30:00+00:00,0.0,0.0
2026-03-20 16:35:00+00:00,0.0,0.0
2026-03-20 16:40:00+00:00,0.0,0.0
2026-03-20 16:45:00+00:00,0.0,0.0
2026-03-20 16:50:00+00:00,0.0,0.0
2026-03-20 16:55:00+00:00,0.0,0.0
2026-03-20 17:00:00+00:00,0.0,0.0
2026-03-20 17:05:00+00:00,0.0,0.0
2026-03-20 17:10:00+00:00,0.0,0.0
2026-03-20 17:15:00+00:00,0.0,0.0
2026-03-20 17:20:00+00:00,0.0,0.0
2026-03-20 17:25:00+00:00,0.0,0.0
2026-03-20 17:30:00+00:00,0.0,0.0
2026-03-20 17:35:00+00:00,0.0,0.0
2026-03-20 17:40:00+00:00,0.0,0.0
2026-03-20 17:45:00+00:00,0.0,0.0
2026-03-20 17:50:00+00:00,0.0,0.0
2026-03-20 17:55:00+00:00,0.0,0.0
2026-03-20 18:00:00+00:00,0.0,0.0
2026-03-20 18:05:00+00:00,0.0,0.0
2026-03-20 18:10:00+00:00,0.0,0.0
2026-03-20 18:15:00+00:00,0.0,0.0
2026-03-20 18:20:00+00:00,0.0,0.0
2026-03-20 18:25:00+00:00,0.0,0.0
2026-03-20 18:30:00+00:00,0.0,0.0
2026-03-20 18:35:00+00:00,0.0,0.0
2026-03-20 18:40:00+00:00,0.0,0.0
2026-03-20 18:45:00+00:00,0.0,0.0
2026-03-20 18:50:00+00:00,0.0,0.0
2026-03-20 18:55:00+00:00,0.0,0.0
2026-03-20 19:00:00+00:00,0.0,0.0
2026-03-20 19:05:00+00:00,0.0,0.0
2026-03-20 19:10:00+00:00,0.0,0.0
2026-03-20 19:15:00+00:00,0.0,0.0
2026-03-20 19:20:00+00:00,0.0,0.0
2026-03-20 19:25:00+00:00,0.0,0.0
2026-03-20 19:30:00+00:00,0.0,0.0
2026-03-20 19:35:00+00:00,0.0,0.0
2026-03-20 19:40:00+00:00,0.0,0.0
2026-03-20 19:45:00+00:00,0.0,0.0
2026-03-20 19:50:00+00:00,0.0,0.0
2026-03-20 19:55:00+00:00,0.0,0.0
2026-03-20 20:00:00+00:00,0.0,0.0
2026-03-20 20:05:00+00:00,0.0,0.0
2026-03-20 20:10:00+00:00,0.0,0.0
2026-03-20 20:15:00+00:00,0.0,0.0
2026-03-20 20:20:00+00:00,0.0,0.0
2026-03-20 20:25:00+00:00,0.0,0.0
2026-03-20 20:30:00+00:00,0.0,0.0
2026-03-20 20:35:00+00:00,0.0,0.0
2026-03-20 20:40:00+00:00,0.0,0.0
2026-03-20 20:45:00+00:00,0.0,0.0
2026-03-20 20:50:00+00:00,0.0,0.0
2026-03-20 20:55:00+00:00,0.0,0.0
2026-03-20 21:00:00+00:00,0.0,0.0
2026-03-20 21:05:00+00:00,0.0,0.0
2026-03-20 21:10:00+00:00,0.0,0.0
2026-03-20 21:15:00+00:00,0.0,0.0
2026-03-20 21:20:00+00:00,0.0,0.0
2026-03-20 21:25:00+00:00,0.0,0.0
2026-03-20 21:30:00+00:00,0.0,0.0
2026-03-20 21:35:00+00:00,0.0,0.0
2026-03-20 21:40:00+00:00,0.0,0.0
2026-03-20 21:45:00+00:00,0.0,0.0
2026-03-20 21:50:00+00:00,0.0,0.0
2026-03-20 21:55:00+00:00,0.0,0.0
2026-03-20 22:00:00+00:00,0.0,0.0
2026-03-20 22:05:00+00:00,0.0,0.0
2026-03-20 22:10:00+00:00,0.0,0.0
2026-03-20 22:15:00+00:00,0.0,0.0
2026-03-20 22:20:00+00:00,0.0,0.0
2026-03-20 22:25:00+00:00,0.0,0.0
2026-03-20 22:30:00+00:00,0.0,0.0
2026-03-20 22:35:00+00:00,0.0,0.0
2026-03-20 22:40:00+00:00,0.0,0.0
2026-03-20 22:45:00+00:00,0.0,0.0
2026-03-20 22:50:00+00:00,0.0,0.0
2026-03-20 22:55:00+00:00,0.0,0.0
2026-03-20 23:00:00+00:00,0.0,0.0
2026-03-20 23:05:00+00:00,0.0,0.0
2026-03-20 23:10:00+00:00,0.0,0.0
2026-03-20 23:15:00+00:00,0.0,0.0
2026-03-20 23:20:00+00:00,0.0,0.0
2026-03-20 23:25:00+00:00,0.0,0.0
2026-03-20 23:30:00+00:00,0.0,0.0
2026-03-20 23:35:00+00:00,0.0,0.0
2026-03-20 23:40:00+00:00,0.0,0.0
2026-03-20 23:45:00+00:00,0.0,0.0
2026-03-20 23:50:00+00:00,0.0,0.0
2026-03-20 23:55:00+00:00,0.0,0.0
2026-03-21 00:00:00+00:00,0.0,0.0
2026-03-21 00:05:00+00:00,0.0,0.0
2026-03-21 00:10:00+00:00,0.0,0.0
2026-03-21 00:15:00+00:00,0.0,0.0
2026-03-21 00:20:00+00:00,0.0,0.0
2026-03-21 00:25:00+00:00,0.0,0.0
2026-03-21 00:30:00+00:00,0.0,0.0
2026-03-21 00:35:00+00:00,0.0,0.0
2026-03-21 00:40:00+00:00,0.0,0.0
2026-03-21 00:45:00+00:00,0.0,0.0
2026-03-21 00:50:00+00:00,0.0,0.0
2026-03-21 00:55:00+00:00,0.0,0.0
2026-03-21 01:00:00+00:00,0.0,0.0
2026-03-21 01:05:00+00:00,0.0,0.0
2026-03-21 01:10:00+00:00,0.0,0.0
2026-03-21 01:15:00+00:00,0.0,0.0
2026-03-21 01:20:00+00:00,0.0,0.0
2026-03-21 01:25:00+00:00,0.0,0.0
2026-03-21 01:30:00+00:00,0.0,0.0
2026-03-21 01:35:00+00:00,0.0,0.0
2026-03-21 01:40:00+00:00,0.0,0.0
2026-03-21 01:45:00+00:00,0.0,0.0
2026-03-21 01:50:00+00:00,0.0,0.0
2026-03-21 01:55:00+00:00,0.0,0.0
2026-03-21 02:00:00+00:00,0.0,0.0
2026-03-21 02:05:00+00:00,0.0,0.0
2026-03-21 02:10:00+00:00,0.0,0.0
2026-03-21 02:15:00+00:00,0.0,0.0
2026-03-21 02:20:00+00:00,0.0,0.0
2026-03-21 02:25:00+00:00,0.0,0.0
2026-03-21 02:30:00+00:00,0.0,0.0
2026-03-21 02:35:00+00:00,0.0,0.0
2026-03-21 02:40:00+00:00,0.0,0.0
2026-03-21 02:45:00+00:00,0.0,0.0
2026-03-21 02:50:00+00:00,0.0,0.0
2026-03-21 02:55:00+00:00,0.0,0.0
2026-03-21 03:00:00+00:00,0.0,0.0
2026-03-21 03:05:00+00:00,0.0,0.0
2026-03-21 03:10:00+00:00,0.0,0.0
2026-03-21 03:15:00+00:00,0.0,0.0
2026-03-21 03:20:00+00:00,0.0,0.0
2026-03-21 03:25:00+00:00,0.0,0.0
2026-03-21 03:30:00+00:00,0.0,0.0
2026-03-21 03:35:00+00:00,0.0,0.0
2026-03-21 03:40:00+00:00,0.0,0.0
2026-03-21 03:45:00+00:00,0.0,0.0
2026-03-21 03:50:00+00:00,0.0,0.0
2026-03-21 03:55:00+00:00,0.0,0.0
2026-03-21 04:00:00+00:00,0.0,0.0
2026-03-21 04:05:00+00:00,0.0,0.0
2026-03-21 04:10:00+00:00,0.0,0.0
2026-03-21 04:15:00+00:00,0.0,0.0
2026-03-21 04:20:00+00:00,0.0,0.0
2026-03-21 04:25:00+00:00,0.0,0.0
2026-03-21 04:30:00+00:00,0.0,0.0
2026-03-21 04:35:00+00:00,0.0,0.0
2026-03-21 04:40:00+00:00,0.0,0.0
2026-03-21 04:45:00+00:00,0.0,0.0
2026-03-21 04:50:00+00:00,0.0,0.0
2026-03-21 04:55:00+00:00,0.0,0.0
2026-03-21 05:00:00+00:00,0.0,0.0
2026-03-21 05:05:00+00:00,0.0,0.0
2026-03-21 05:10:00+00:00,0.0,0.0
2026-03-21 05:15:00+00:00,0.0,0.0
2026-03-21 05:20:00+00:00,0.0,0.0
2026-03-21 05:25:00+00:00,0.0,0.0
2026-03-21 05:30:00+00:00,0.0,0.0
2026-03-21 05:35:00+00:00,0.0,0.0
2026-03-21 05:40:00+00:00,0.0,0.0
2026-03-21 05:45:00+00:00,0.0,0.0
2026-03-21 05:50:00+00:00,0.0,0.0
2026-03-21 05:55:00+00:00,0.0,0.0
2026-03-21 06:00:00+00:00,0.0,0.0
2026-03-21 06:05:00+00:00,0.0,0.0
2026-03-21 06:10:00+00:00,0.0,0.0
2026-03-21 06:15:00+00:00,0.0,0.0
2026-03-21 06:20:00+00:00,0.0,0.0
2026-03-21 06:25:00+00:00,0.0,0.0
2026-03-21 06:30:00+00:00,0.0,0.0
2026-03-21 06:35:00+00:00,0.0,0.0
2026-03-21 06:40:00+00:00,0.0,0.0
2026-03-21 06:45:00+00:00,0.0,0.0
2026-03-21 06:50:00+00:00,0.0,0.0
2026-03-21 06:55:00+00:00,0.0,0.0
2026-03-21 07:00:00+00:00,0.0,0.0
2026-03-21 07:05:00+00:00,0.0,0.0
2026-03-21 07:10:00+00:00,0.0,0.0
2026-03-21 07:15:00+00:00,0.0,0.0
2026-03-21 07:20:00+00:00,0.0,0.0
2026-03-21 07:25:00+00:00,0.0,0.0
2026-03-21 07:30:00+00:00,0.0,0.0
2026-03-21 07:35:00+00:00,0.0,0.0
2026-03-21 07:40:00+00:00,0.0,0.0
2026-03-21 07:45:00+00:00,0.0,0.0
2026-03-21 07:50:00+00:00,0.0,0.0
2026-03-21 07:55:00+00:00,0.0,0.0
2026-03-21 08:00:00+00:00,0.0,0.0
2026-03-21 08:05:00+00:00,0.0,0.0
2026-03-21 08:10:00+00:00,0.0,0.0
2026-03-21 08:15:00+00:00,0.0,0.0
2026-03-21 08:20:00+00:00,0.0,0.0
2026-03-21 08:25:00+00:00,0.0,0.0
2026-03-21 08:30:00+00:00,0.0,0.0
2026-03-21 08:35:00+00:00,0.0,0.0
2026-03-21 08:40:00+00:00,0.0,0.0
2026-03-21 08:45:00+00:00,0.0,0.0
2026-03-21 08:50:00+00:00,0.0,0.0
2026-03-21 08:55:00+00:00,0.0,0.0
2026-03-21 09:00:00+00:00,0.0,0.0
2026-03-21 09:05:00+00:00,0.0,0.0
2026-03-21 09:10:00+00:00,0.0,0.0
2026-03-21 09:15:00+00:00,0.0,0.0
2026-03-21 09:20:00+00:00,0.0,0.0
2026-03-21 09:25:00+00:00,0.0,0.0
2026-03-21 09:30:00+00:00,0.0,0.0
2026-03-21 09:35:00+00:00,0.0,0.0
2026-03-21 09:40:00+00:00,0.0,0.0
2026-03-21 09:45:00+00:00,0.0,0.0
2026-03-21 09:50:00+00:00,0.0,0.0
2026-03-21 09:55:00+00:00,0.0,0.0
2026-03-21 10:00:00+00:00,0.0,0.0
2026-03-21 10:05:00+00:00,0.0,0.0
2026-03-21 10:10:00+00:00,0.0,0.0
2026-03-21 10:15:00+00:00,0.0,0.0
2026-03-21 10:20:00+00:00,0.0,0.0
2026-03-21 10:25:00+00:00,0.0,0.0
2026-03-21 10:30:00+00:00,0.0,0.0
2026-03-21 10:35:00+00:00,0.0,0.0
2026-03-21 10:40:00+00:00,0.0,0.0
2026-03-21 10:45:00+00:00,0.0,0.0
2026-03-21 10:50:00+00:00,0.0,0.0
2026-03-21 10:55:00+00:00,0.0,0.0
2026-03-21 11:00:00+00:00,0.0,0.0
2026-03-21 11:05:00+00:00,0.0,0.0
2026-03-21 11:10:00+00:00,0.0,0.0
2026-03-21 11:15:00+00:00,0.0,0.0
2026-03-21 11:20:00+00:00,0.0,0.0
2026-03-21 11:25:00+00:00,0.0,0.0
2026-03-21 11:30:00+00:00,0.0,0.0
2026-03-21 11:35:00+00:00,0.0,0.0
2026-03-21 11:40:00+00:00,0.0,0.0
2026-03-21 11:45:00+00:00,0.0,0.0
2026-03-21 11:50:00+00:00,0.0,0.0
2026-03-21 11:55:00+00:00,0.0,0.0
2026-03-21 12:00:00+00:00,0.0,0.0
2026-03-21 12:05:00+00:00,0.0,0.0
2026-03-21 12:10:00+00:00,0.0,0.0
2026-03-21 12:15:00+00:00,0.0,0.0
2026-03-21 12:20:00+00:00,0.0,0.0
2026-03-21 12:25:00+00:00,0.0,0.0
2026-03-21 12:30:00+00:00,0.0,0.0
2026-03-21 12:35:00+00:00,0.0,0.0
2026-03-21 12:40:00+00:00,0.0,0.0
2026-03-21 12:45:00+00:00,0.0,0.0
2026-03-21 12:50:00+00:00,0.0,0.0
2026-03-21 12:55:00+00:00,0.0,0.0
2026-03-21 13:00:00+00:00,0.0,0.0
2026-03-21 13:05:00+00:00,0.0,0.0
2026-03-21 13:10:00+00:00,0.0,0.0
2026-03-21 13:15:00+00:00,0.0,0.0
2026-03-21 13:20:00+00:00,0.0,0.0
2026-03-21 13:25:00+00:00,0.0,0.0
2026-03-21 13:30:00+00:00,0.0,0.0
2026-03-21 13:35:00+00:00,0.0,0.0
2026-03-21 13:40:00+00:00,0.0,0.0
2026-03-21 13:45:00+00:00,0.0,0.0
2026-03-21 13:50:00+00:00,0.0,0.0
2026-03-21 13:55:00+00:00,0.0,0.0
2026-03-21 14:00:00+00:00,0.0,0.0
2026-03-21 14:05:00+00:00,0.0,0.0
2026-03-21 14:10:00+00:00,0.0,0.0
2026-03-21 14:15:00+00:00,0.0,0.0
2026-03-21 14:20:00+00:00,0.0,0.0
2026-03-21 14:25:00+00:00,0.0,0.0
2026-03-21 14:30:00+00:00,0.0,0.0
2026-03-21 14:35:00+00:00,0.0,0.0
2026-03-21 14:40:00+00:00,0.0,0.0
2026-03-21 14:45:00+00:00,0.0,0.0
2026-03-21 14:50:00+00:00,0.0,0.0
2026-03-21 14:55:00+00:00,0.0,0.0
2026-03-21 15:00:00+00:00,0.0,0.0
2026-03-21 15:05:00+00:00,0.0,0.0
2026-03-21 15:10:00+00:00,0.0,0.0
2026-03-21 15:15:00+00:00,0.0,0.0
2026-03-21 15:20:00+00:00,0.0,0.0
2026-03-21 15:25:00+00:00,0.0,0.0
2026-03-21 15:30:00+00:00,0.0,0.0
2026-03-21 15:35:00+00:00,0.0,0.0
2026-03-21 15:40:00+00:00,0.0,0.0
2026-03-21 15:45:00+00:00,0.0,0.0
2026-03-21 15:50:00+00:00,0.0,0.0
2026-03-21 15:55:00+00:00,0.0,0.0
2026-03-21 16:00:00+00:00,0.0,0.0
2026-03-21 16:05:00+00:00,0.0,0.0
2026-03-21 16:10:00+00:00,0.0,0.0
2026-03-21 16:15:00+00:00,0.0,0.0
2026-03-21 16:20:00+00:00,0.0,0.0
2026-03-21 16:25:00+00:00,0.0,0.0
2026-03-21 16:30:00+00:00,0.0,0.0
2026-03-21 16:35:00+00:00,0.0,0.0
2026-03-21 16:40:00+00:00,0.0,0.0
2026-03-21 16:45:00+00:00,0.0,0.0
2026-03-21 16:50:00+00:00,0.0,0.0
2026-03-21 16:55:00+00:00,0.0,0.0
2026-03-21 17:00:00+00:00,0.0,0.0
2026-03-21 17:05:00+00:00,0.0,0.0
2026-03-21 17:10:00+00:00,0.0,0.0
2026-03-21 17:15:00+00:00,0.0,0.0
2026-03-21 17:20:00+00:00,0.0,0.0
2026-03-21 17:25:00+00:00,0.0,0.0
2026-03-21 17:30:00+00:00,0.0,0.0
2026-03-21 17:35:00+00:00,0.0,0.0
2026-03-21 17:40:00+00:00,0.0,0.0
2026-03-21 17:45:00+00:00,0.0,0.0
2026-03-21 17:50:00+00:00,0.0,0.0
2026-03-21 17:55:00+00:00,0.0,0.0
2026-03-21 18:00:00+00:00,0.0,0.0
2026-03-21 18:05:00+00:00,0.0,0.0
2026-03-21 18:10:00+00:00,0.0,0.0
2026-03-21 18:15:00+00:00,0.0,0.0
2026-03-21 18:20:00+00:00,0.0,0.0
2026-03-21 18:25:00+00:00,0.0,0.0
2026-03-21 18:30:00+00:00,0.0,0.0
2026-03-21 18:35:00+00:00,0.0,0.0
2026-03-21 18:40:00+00:00,0.0,0.0
2026-03-21 18:45:00+00:00,0.0,0.0
2026-03-21 18:50:00+00:00,0.0,0.0
2026-03-21 18:55:00+00:00,0.0,0.0
2026-03-21 19:00:00+00:00,0.0,0.0
2026-03-21 19:05:00+00:00,0.0,0.0
2026-03-21 19:10:00+00:00,0.0,0.0
2026-03-21 19:15:00+00:00,0.0,0.0
2026-03-21 19:20:00+00:00,0.0,0.0
2026-03-21 19:25:00+00:00,0.0,0.0
2026-03-21 19:30:00+00:00,0.0,0.0
2026-03-21 19:35:00+00:00,0.0,0.0
2026-03-21 19:40:00+00:00,0.0,0.0
2026-03-21 19:45:00+00:00,0.0,0.0
2026-03-21 19:50:00+00:00,0.0,0.0
2026-03-21 19:55:00+00:00,0.0,0.0
2026-03-21 20:00:00+00:00,0.0,0.0
2026-03-21 20:05:00+00:00,0.0,0.0
2026-03-21 20:10:00+00:00,0.0,0.0
2026-03-21 20:15:00+00:00,0.0,0.0
2026-03-21 20:20:00+00:00,0.0,0.0
2026-03-21 20:25:00+00:00,0.0,0.0
2026-03-21 20:30:00+00:00,0.0,0.0
2026-03-21 20:35:00+00:00,0.0,0.0
2026-03-21 20:40:00+00:00,0.0,0.0
2026-03-21 20:45:00+00:00,0.0,0.0
2026-03-21 20:50:00+00:00,0.0,0.0
2026-03-21 20:55:00+00:00,0.0,0.0
2026-03-21 21:00:00+00:00,0.0,0.0
2026-03-21 21:05:00+00:00,0.0,0.0
2026-03-21 21:10:00+00:00,0.0,0.0
2026-03-21 21:15:00+00:00,0.0,0.0
2026-03-21 21:20:00+00:00,0.0,0.0
2026-03-21 21:25:00+00:00,0.0,0.0
2026-03-21 21:30:00+00:00,0.0,0.0
2026-03-21 21:35:00+00:00,0.0,0.0
2026-03-21 21:40:00+00:00,0.0,0.0
2026-03-21 21:45:00+00:00,0.0,0.0
2026-03-21 21:50:00+00:00,0.0,0.0
2026-03-21 21:55:00+00:00,0.0,0.0
2026-03-21 22:00:00+00:00,0.0,0.0
2026-03-21 22:05:00+00:00,0.0,0.0
2026-03-21 22:10:00+00:00,0.0,0.0
2026-03-21 22:15:00+00:00,0.0,0.0
2026-03-21 22:20:00+00:00,0.0,0.0
2026-03-21 22:25:00+00:00,0.0,0.0
2026-03-21 22:30:00+00:00,0.0,0.0
2026-03-21 22:35:00+00:00,0.0,0.0
2026-03-21 22:40:00+00:00,0.0,0.0
2026-03-21 22:45:00+00:00,0.0,0.0
2026-03-21 22:50:00+00:00,0.0,0.0
2026-03-21 22:55:00+00:00,0.0,0.0
2026-03-21 23:00:00+00:00,0.0,0.0
2026-03-21 23:05:00+00:00,0.0,0.0
2026-03-21 23:10:00+00:00,0.0,0.0
2026-03-21 23:15:00+00:00,0.0,0.0
2026-03-21 23:20:00+00:00,0.0,0.0
2026-03-21 23:25:00+00:00,0.0,0.0
2026-03-21 23:30:00+00:00,0.0,0.0
2026-03-21 23:35:00+00:00,0.0,0.0
2026-03-21 23:40:00+00:00,0.0,0.0
2026-03-21 23:45:00+00:00,0.0,0.0
2026-03-21 23:50:00+00:00,0.0,0.0
2026-03-21 23:55:00+00:00,0.0,0.0
2026-03-22 00:00:00+00:00,0.0,0.0
2026-03-22 00:05:00+00:00,0.0,0.0
2026-03-22 00:10:00+00:00,0.0,0.0
2026-03-22 00:15:00+00:00,0.0,0.0
2026-03-22 00:20:00+00:00,0.0,0.0
2026-03-22 00:25:00+00:00,0.0,0.0
2026-03-22 00:30:00+00:00,0.0,0.0
2026-03-22 00:35:00+00:00,0.0,0.0
2026-03-22 00:40:00+00:00,0.0,0.0
2026-03-22 00:45:00+00:00,0.0,0.0
2026-03-22 00:50:00+00:00,0.0,0.0
2026-03-22 00:55:00+00:00,0.0,0.0
2026-03-22 01:00:00+00:00,0.0,0.0
2026-03-22 01:05:00+00:00,0.0,0.0
2026-03-22 01:10:00+00:00,0.0,0.0
2026-03-22 01:15:00+00:00,0.0,0.0
2026-03-22 01:20:00+00:00,0.0,0.0
2026-03-22 01:25:00+00:00,0.0,0.0
2026-03-22 01:30:00+00:00,0.0,0.0
2026-03-22 01:35:00+00:00,0.0,0.0
2026-03-22 01:40:00+00:00,0.0,0.0
2026-03-22 01:45:00+00:00,0.0,0.0
2026-03-22 01:50:00+00:00,0.0,0.0
2026-03-22 01:55:00+00:00,0.0,0.0
2026-03-22 02:00:00+00:00,0.0,0.0
2026-03-22 02:05:00+00:00,0.0,0.0
2026-03-22 02:10:00+00:00,0.0,0.0
2026-03-22 02:15:00+00:00,0.0,0.0
2026-03-22 02:20:00+00:00,0.0,0.0
2026-03-22 02:25:00+00:00,0.0,0.0
2026-03-22 02:30:00+00:00,0.0,0.0
2026-03-22 02:35:00+00:00,0.0,0.0
2026-03-22 02:40:00+00:00,0.0,0.0
2026-03-22 02:45:00+00:00,0.0,0.0
2026-03-22 02:50:00+00:00,0.0,0.0
2026-03-22 02:55:00+00:00,0.0,0.0
2026-03-22 03:00:00+00:00,0.0,0.0
2026-03-22 03:05:00+00:00,0.0,0.0
2026-03-22 03:10:00+00:00,0.0,0.0
2026-03-22 03:15:00+00:00,0.0,0.0
2026-03-22 03:20:00+00:00,0.0,0.0
2026-03-22 03:25:00+00:00,0.0,0.0
2026-03-22 03:30:00+00:00,0.0,0.0
2026-03-22 03:35:00+00:00,0.0,0.0
2026-03-22 03:40:00+00:00,0.0,0.0
2026-03-22 03:45:00+00:00,0.0,0.0
2026-03-22 03:50:00+00:00,0.0,0.0
2026-03-22 03:55:00+00:00,0.0,0.0
2026-03-22 04:00:00+00:00,0.0,0.0
2026-03-22 04:05:00+00:00,0.0,0.0
2026-03-22 04:10:00+00:00,0.0,0.0
2026-03-22 04:15:00+00:00,0.0,0.0
2026-03-22 04:20:00+00:00,0.0,0.0
2026-03-22 04:25:00+00:00,0.0,0.0
2026-03-22 04:30:00+00:00,0.0,0.0
2026-03-22 04:35:00+00:00,0.0,0.0
2026-03-22 04:40:00+00:00,0.0,0.0
2026-03-22 04:45:00+00:00,0.0,0.0
2026-03-22 04:50:00+00:00,0.0,0.0
2026-03-22 04:55:00+00:00,0.0,0.0
2026-03-22 05:00:00+00:00,0.0,0.0
2026-03-22 05:05:00+00:00,0.0,0.0
2026-03-22 05:10:00+00:00,0.0,0.0
2026-03-22 05:15:00+00:00,0.0,0.0
2026-03-22 05:20:00+00:00,0.0,0.0
2026-03-22 05:25:00+00:00,0.0,0.0
2026-03-22 05:30:00+00:00,0.0,0.0
2026-03-22 05:35:00+00:00,0.0,0.0
2026-03-22 05:40:00+00:00,0.0,0.0
2026-03-22 05:45:00+00:00,0.0,0.0
2026-03-22 05:50:00+00:00,0.0,0.0
2026-03-22 05:55:00+00:00,0.0,0.0
2026-03-22 06:00:00+00:00,0.0,0.0
2026-03-22 06:05:00+00:00,0.0,0.0
2026-03-22 06:10:00+00:00,0.0,0.0
2026-03-22 06:15:00+00:00,0.0,0.0
2026-03-22 06:20:00+00:00,0.0,0.0
2026-03-22 06:25:00+00:00,0.0,0.0
2026-03-22 06:30:00+00:00,0.0,0.0
2026-03-22 06:35:00+00:00,0.0,0.0
2026-03-22 06:40:00+00:00,0.0,0.0
2026-03-22 06:45:00+00:00,0.0,0.0
2026-03-22 06:50:00+00:00,0.0,0.0
2026-03-22 06:55:00+00:00,0.0,0.0
2026-03-22 07:00:00+00:00,0.0,0.0
2026-03-22 07:05:00+00:00,0.0,0.0
2026-03-22 07:10:00+00:00,0.0,0.0
2026-03-22 07:15:00+00:00,0.0,0.0
2026-03-22 07:20:00+00:00,0.0,0.0
2026-03-22 07:25:00+00:00,0.0,0.0
2026-03-22 07:30:00+00:00,0.0,0.0
2026-03-22 07:35:00+00:00,0.0,0.0
2026-03-22 07:40:00+00:00,0.0,0.0
2026-03-22 07:45:00+00:00,0.0,0.0
2026-03-22 07:50:00+00:00,0.0,0.0
2026-03-22 07:55:00+00:00,0.0,0.0
2026-03-22 08:00:00+00:00,0.0,0.0
2026-03-22 08:05:00+00:00,0.0,0.0
2026-03-22 08:10:00+00:00,0.0,0.0
2026-03-22 08:15:00+00:00,0.0,0.0
2026-03-22 08:20:00+00:00,0.0,0.0
2026-03-22 08:25:00+00:00,0.0,0.0
2026-03-22 08:30:00+00:00,0.0,0.0
2026-03-22 08:35:00+00:00,0.0,0.0
2026-03-22 08:40:00+00:00,0.0,0.0
2026-03-22 08:45:00+00:00,0.0,0.0
2026-03-22 08:50:00+00:00,0.0,0.0
2026-03-22 08:55:00+00:00,0.0,0.0
2026-03-22 09:00:00+00:00,0.0,0.0
2026-03-22 09:05:00+00:00,0.0,0.0
2026-03-22 09:10:00+00:00,0.0,0.0
2026-03-22 09:15:00+00:00,0.0,0.0
2026-03-22 09:20:00+00:00,0.0,0.0
2026-03-22 09:25:00+00:00,0.0,0.0
2026-03-22 09:30:00+00:00,0.0,0.0
2026-03-22 09:35:00+00:00,0.0,0.0
2026-03-22 09:40:00+00:00,0.0,0.0
2026-03-22 09:45:00+00:00,0.0,0.0
2026-03-22 09:50:00+00:00,0.0,0.0
2026-03-22 09:55:00+00:00,0.0,0.0
2026-03-22 10:00:00+00:00,0.0,0.0
2026-03-22 10:05:00+00:00,0.0,0.0
2026-03-22 10:10:00+00:00,0.0,0.0
2026-03-22 10:15:00+00:00,0.0,0.0
2026-03-22 10:20:00+00:00,0.0,0.0
2026-03-22 10:25:00+00:00,0.0,0.0
2026-03-22 10:30:00+00:00,0.0,0.0
2026-03-22 10:35:00+00:00,0.0,0.0
2026-03-22 10:40:00+00:00,0.0,0.0
2026-03-22 10:45:00+00:00,0.0,0.0
2026-03-22 10:50:00+00:00,0.0,0.0
2026-03-22 10:55:00+00:00,0.0,0.0
2026-03-22 11:00:00+00:00,0.0,0.0
2026-03-22 11:05:00+00:00,0.0,0.0
2026-03-22 11:10:00+00:00,0.0,0.0
2026-03-22 11:15:00+00:00,0.0,0.0
2026-03-22 11:20:00+00:00,0.0,0.0
2026-03-22 11:25:00+00:00,0.0,0.0
2026-03-22 11:30:00+00:00,0.0,0.0
2026-03-22 11:35:00+00:00,0.0,0.0
2026-03-22 11:40:00+00:00,0.0,0.0
2026-03-22 11:45:00+00:00,0.0,0.0
2026-03-22 11:50:00+00:00,0.0,0.0
2026-03-22 11:55:00+00:00,0.0,0.0
2026-03-22 12:00:00+00:00,0.0,0.0
2026-03-22 12:05:00+00:00,0.0,0.0
2026-03-22 12:10:00+00:00,0.0,0.0
2026-03-22 12:15:00+00:00,0.0,0.0
2026-03-22 12:20:00+00:00,0.0,0.0
2026-03-22 12:25:00+00:00,0.0,0.0
2026-03-22 12:30:00+00:00,0.0,0.0
2026-03-22 12:35:00+00:00,0.0,0.0
2026-03-22 12:40:00+00:00,0.0,0.0
2026-03-22 12:45:00+00:00,0.0,0.0
2026-03-22 12:50:00+00:00,0.0,0.0
2026-03-22 12:55:00+00:00,0.0,0.0
2026-03-22 13:00:00+00:00,0.0,0.0
2026-03-22 13:05:00+00:00,0.0,0.0
2026-03-22 13:10:00+00:00,0.0,0.0
2026-03-22 13:15:00+00:00,0.0,0.0
2026-03-22 13:20:00+00:00,0.0,0.0
2026-03-22 13:25:00+00:00,0.0,0.0
2026-03-22 13:30:00+00:00,0.0,0.0
2026-03-22 13:35:00+00:00,0.0,0.0
2026-03-22 13:40:00+00:00,0.0,0.0
2026-03-22 13:45:00+00:00,0.0,0.0
2026-03-22 13:50:00+00:00,0.0,0.0
2026-03-22 13:55:00+00:00,0.0,0.0
2026-03-22 14:00:00+00:00,0.0,0.0
2026-03-22 14:05:00+00:00,0.0,0.0
2026-03-22 14:10:00+00:00,0.0,0.0
2026-03-22 14:15:00+00:00,0.0,0.0
2026-03-22 14:20:00+00:00,0.0,0.0
2026-03-22 14:25:00+00:00,0.0,0.0
2026-03-22 14:30:00+00:00,0.0,0.0
2026-03-22 14:35:00+00:00,0.0,0.0
2026-03-22 14:40:00+00:00,0.0,0.0
2026-03-22 14:45:00+00:00,0.0,0.0
2026-03-22 14:50:00+00:00,0.0,0.0
2026-03-22 14:55:00+00:00,0.0,0.0
2026-03-22 15:00:00+00:00,0.0,0.0
2026-03-22 15:05:00+00:00,0.0,0.0
2026-03-22 15:10:00+00:00,0.0,0.0
2026-03-22 15:15:00+00:00,0.0,0.0
2026-03-22 15:20:00+00:00,0.0,0.0
2026-03-22 15:25:00+00:00,0.0,0.0
2026-03-22 15:30:00+00:00,0.0,0.0
2026-03-22 15:35:00+00:00,0.0,0.0
2026-03-22 15:40:00+00:00,0.0,0.0
2026-03-22 15:45:00+00:00,0.0,0.0
2026-03-22 15:50:00+00:00,0.0,0.0
2026-03-22 15:55:00+00:00,0.0,0.0
2026-03-22 16:00:00+00:00,0.0,0.0
2026-03-22 16:05:00+00:00,0.0,0.0
2026-03-22 16:10:00+00:00,0.0,0.0
2026-03-22 16:15:00+00:00,0.0,0.0
2026-03-22 16:20:00+00:00,0.0,0.0
2026-03-22 16:25:00+00:00,0.0,0.0
2026-03-22 16:30:00+00:00,0.0,0.0
2026-03-22 16:35:00+00:00,0.0,0.0
2026-03-22 16:40:00+00:00,0.0,0.0
2026-03-22 16:45:00+00:00,0.0,0.0
2026-03-22 16:50:00+00:00,0.0,0.0
2026-03-22 16:55:00+00:00,0.0,0.0
2026-03-22 17:00:00+00:00,0.0,0.0
2026-03-22 17:05:00+00:00,0.0,0.0
2026-03-22 17:10:00+00:00,0.0,0.0
2026-03-22 17:15:00+00:00,0.0,0.0
2026-03-22 17:20:00+00:00,0.0,0.0
2026-03-22 17:25:00+00:00,0.0,0.0
2026-03-22 17:30:00+00:00,0.0,0.0
2026-03-22 17:35:00+00:00,0.0,0.0
2026-03-22 17:40:00+00:00,0.0,0.0
2026-03-22 17:45:00+00:00,0.0,0.0
2026-03-22 17:50:00+00:00,0.0,0.0
2026-03-22 17:55:00+00:00,0.0,0.0
2026-03-22 18:00:00+00:00,0.0,0.0
2026-03-22 18:05:00+00:00,0.0,0.0
2026-03-22 18:10:00+00:00,0.0,0.0
2026-03-22 18:15:00+00:00,0.0,0.0
2026-03-22 18:20:00+00:00,0.0,0.0
2026-03-22 18:25:00+00:00,0.0,0.0
2026-03-22 18:30:00+00:00,0.0,0.0
2026-03-22 18:35:00+00:00,0.0,0.0
2026-03-22 18:40:00+00:00,0.0,0.0
2026-03-22 18:45:00+00:00,0.0,0.0
2026-03-22 18:50:00+00:00,0.0,0.0
2026-03-22 18:55:00+00:00,0.0,0.0
2026-03-22 19:00:00+00:00,0.0,0.0
2026-03-22 19:05:00+00:00,0.0,0.0
2026-03-22 19:10:00+00:00,0.0,0.0
2026-03-22 19:15:00+00:00,0.0,0.0
2026-03-22 19:20:00+00:00,0.0,0.0
2026-03-22 19:25:00+00:00,0.0,0.0
2026-03-22 19:30:00+00:00,0.0,0.0
2026-03-22 19:35:00+00:00,0.0,0.0
2026-03-22 19:40:00+00:00,0.0,0.0
2026-03-22 19:45:00+00:00,0.0,0.0
2026-03-22 19:50:00+00:00,0.0,0.0
2026-03-22 19:55:00+00:00,0.0,0.0
2026-03-22 20:00:00+00:00,0.0,0.0
2026-03-22 20:05:00+00:00,0.0,0.0
2026-03-22 20:10:00+00:00,0.0,0.0
2026-03-22 20:15:00+00:00,0.0,0.0
2026-03-22 20:20:00+00:00,0.0,0.0
2026-03-22 20:25:00+00:00,0.0,0.0
2026-03-22 20:30:00+00:00,0.0,0.0
2026-03-22 20:35:00+00:00,0.0,0.0
2026-03-22 20:40:00+00:00,0.0,0.0
2026-03-22 20:45:00+00:00,0.0,0.0
2026-03-22 20:50:00+00:00,0.0,0.0
2026-03-22 20:55:00+00:00,0.0,0.0
2026-03-22 21:00:00+00:00,0.0,0.0
2026-03-22 21:05:00+00:00,0.0,0.0
2026-03-22 21:10:00+00:00,0.0,0.0
2026-03-22 21:15:00+00:00,0.0,0.0
2026-03-22 21:20:00+00:00,0.0,0.0
2026-03-22 21:25:00+00:00,0.0,0.0
2026-03-22 21:30:00+00:00,0.0,0.0
2026-03-22 21:35:00+00:00,0.0,0.0
2026-03-22 21:40:00+00:00,0.0,0.0
2026-03-22 21:45:00+00:00,0.0,0.0
2026-03-22 21:50:00+00:00,0.0,0.0
2026-03-22 21:55:00+00:00,0.0,0.0
2026-03-22 22:00:00+00:00,0.0,0.0
2026-03-22 22:05:00+00:00,0.0,0.0
2026-03-22 22:10:00+00:00,0.0,0.0
2026-03-22 22:15:00+00:00,0.0,0.0
2026-03-22 22:20:00+00:00,0.0,0.0
2026-03-22 22:25:00+00:00,0.0,0.0
2026-03-22 22:30:00+00:00,0.0,0.0
2026-03-22 22:35:00+00:00,0.0,0.0
2026-03-22 22:40:00+00:00,0.0,0.0
2026-03-22 22:45:00+00:00,0.0,0.0
2026-03-22 22:50:00+00:00,0.0,0.0
2026-03-22 22:55:00+00:00,0.0,0.0
2026-03-22 23:00:00+00:00,0.0,0.0
2026-03-22 23:05:00+00:00,0.0,0.0
2026-03-22 23:10:00+00:00,0.0,0.0
2026-03-22 23:15:00+00:00,0.0,0.0
2026-03-22 23:20:00+00:00,0.0,0.0
2026-03-22 23:25:00+00:00,0.0,0.0
2026-03-22 23:30:00+00:00,0.0,0.0
2026-03-22 23:35:00+00:00,0.0,0.0
2026-03-22 23:40:00+00:00,0.0,0.0
2026-03-22 23:45:00+00:00,0.0,0.0
2026-03-22 23:50:00+00:00,0.0,0.0
2026-03-22 23:55:00+00:00,0.0,0.0
2026-03-23 00:00:00+00:00,0.0,0.0
2026-03-23 00:05:00+00:00,0.0,0.0
2026-03-23 00:10:00+00:00,0.0,0.0
2026-03-23 00:15:00+00:00,0.0,0.0
2026-03-23 00:20:00+00:00,0.0,0.0
2026-03-23 00:25:00+00:00,0.0,0.0
2026-03-23 00:30:00+00:00,0.0,0.0
2026-03-23 00:35:00+00:00,0.0,0.0
2026-03-23 00:40:00+00:00,0.0,0.0
2026-03-23 00:45:00+00:00,0.0,0.0
2026-03-23 00:50:00+00:00,0.0,0.0
2026-03-23 00:55:00+00:00,0.0,0.0
2026-03-23 01:00:00+00:00,0.0,0.0
2026-03-23 01:05:00+00:00,0.0,0.0
2026-03-23 01:10:00+00:00,0.0,0.0
2026-03-23 01:15:00+00:00,0.0,0.0
2026-03-23 01:20:00+00:00,0.0,0.0
2026-03-23 01:25:00+00:00,0.0,0.0
2026-03-23 01:30:00+00:00,0.0,0.0
2026-03-23 01:35:00+00:00,0.0,0.0
2026-03-23 01:40:00+00:00,0.0,0.0
2026-03-23 01:45:00+00:00,0.0,0.0
2026-03-23 01:50:00+00:00,0.0,0.0
2026-03-23 01:55:00+00:00,0.0,0.0
2026-03-23 02:00:00+00:00,0.0,0.0
2026-03-23 02:05:00+00:00,0.0,0.0
2026-03-23 02:10:00+00:00,0.0,0.0
2026-03-23 02:15:00+00:00,0.0,0.0
2026-03-23 02:20:00+00:00,0.0,0.0
2026-03-23 02:25:00+00:00,0.0,0.0
2026-03-23 02:30:00+00:00,0.0,0.0
2026-03-23 02:35:00+00:00,0.0,0.0
2026-03-23 02:40:00+00:00,0.0,0.0
2026-03-23 02:45:00+00:00,0.0,0.0
2026-03-23 02:50:00+00:00,0.0,0.0
2026-03-23 02:55:00+00:00,0.0,0.0
2026-03-23 03:00:00+00:00,0.0,0.0
2026-03-23 03:05:00+00:00,0.0,0.0
2026-03-23 03:10:00+00:00,0.0,0.0
2026-03-23 03:15:00+00:00,0.0,0.0
2026-03-23 03:20:00+00:00,0.0,0.0
2026-03-23 03:25:00+00:00,0.0,0.0
2026-03-23 03:30:00+00:00,0.0,0.0
2026-03-23 03:35:00+00:00,0.0,0.0
2026-03-23 03:40:00+00:00,0.0,0.0
2026-03-23 03:45:00+00:00,0.0,0.0
2026-03-23 03:50:00+00:00,0.0,0.0
2026-03-23 03:55:00+00:00,0.0,0.0
2026-03-23 04:00:00+00:00,0.0,0.0
2026-03-23 04:05:00+00:00,0.0,0.0
2026-03-23 04:10:00+00:00,0.0,0.0
2026-03-23 04:15:00+00:00,0.0,0.0
2026-03-23 04:20:00+00:00,0.0,0.0
2026-03-23 04:25:00+00:00,0.0,0.0
2026-03-23 04:30:00+00:00,0.0,0.0
2026-03-23 04:35:00+00:00,0.0,0.0
2026-03-23 04:40:00+00:00,0.0,0.0
2026-03-23 04:45:00+00:00,0.0,0.0
2026-03-23 04:50:00+00:00,0.0,0.0
2026-03-23 04:55:00+00:00,0.0,0.0
2026-03-23 05:00:00+00:00,0.0,0.0
2026-03-23 05:05:00+00:00,0.0,0.0
2026-03-23 05:10:00+00:00,0.0,0.0
2026-03-23 05:15:00+00:00,0.0,0.0
2026-03-23 05:20:00+00:00,0.0,0.0
2026-03-23 05:25:00+00:00,0.0,0.0
2026-03-23 05:30:00+00:00,0.0,0.0
2026-03-23 05:35:00+00:00,0.0,0.0
2026-03-23 05:40:00+00:00,0.0,0.0
2026-03-23 05:45:00+00:00,0.0,0.0
2026-03-23 05:50:00+00:00,0.0,0.0
2026-03-23 05:55:00+00:00,0.0,0.0
2026-03-23 06:00:00+00:00,0.0,0.0
2026-03-23 06:05:00+00:00,0.0,0.0
2026-03-23 06:10:00+00:00,0.0,0.0
2026-03-23 06:15:00+00:00,0.0,0.0
2026-03-23 06:20:00+00:00,0.0,0.0
2026-03-23 06:25:00+00:00,0.0,0.0
2026-03-23 06:30:00+00:00,0.0,0.0
2026-03-23 06:35:00+00:00,0.0,0.0
2026-03-23 06:40:00+00:00,0.0,0.0
2026-03-23 06:45:00+00:00,0.0,0.0
2026-03-23 06:50:00+00:00,0.0,0.0
2026-03-23 06:55:00+00:00,0.0,0.0
2026-03-23 07:00:00+00:00,0.0,0.0
2026-03-23 07:05:00+00:00,0.0,0.0
2026-03-23 07:10:00+00:00,0.0,0.0
2026-03-23 07:15:00+00:00,0.0,0.0
2026-03-23 07:20:00+00:00,0.0,0.0
2026-03-23 07:25:00+00:00,0.0,0.0
2026-03-23 07:30:00+00:00,0.0,0.0
2026-03-23 07:35:00+00:00,0.0,0.0
2026-03-23 07:40:00+00:00,0.0,0.0
2026-03-23 07:45:00+00:00,0.0,0.0
2026-03-23 07:50:00+00:00,0.0,0.0
2026-03-23 07:55:00+00:00,0.0,0.0
2026-03-23 08:00:00+00:00,0.0,0.0
2026-03-23 08:05:00+00:00,0.0,0.0
2026-03-23 08:10:00+00:00,0.0,0.0
2026-03-23 08:15:00+00:00,0.0,0.0
2026-03-23 08:20:00+00:00,0.0,0.0
2026-03-23 08:25:00+00:00,0.0,0.0
2026-03-23 08:30:00+00:00,0.0,0.0
2026-03-23 08:35:00+00:00,0.0,0.0
2026-03-23 08:40:00+00:00,0.0,0.0
2026-03-23 08:45:00+00:00,0.0,0.0
2026-03-23 08:50:00+00:00,0.0,0.0
2026-03-23 08:55:00+00:00,0.017391742711869183,0.0
2026-03-23 09:00:00+00:00,0.0,0.0
2026-03-23 09:05:00+00:00,0.0,0.0
2026-03-23 09:10:00+00:00,0.0,0.0
2026-03-23 09:15:00+00:00,-0.017391742711869183,0.0
2026-03-23 09:20:00+00:00,0.017391742711869183,0.0
2026-03-23 09:25:00+00:00,-0.017391742711869183,0.0
2026-03-23 09:30:00+00:00,0.05043085362689191,0.0
2026-03-23 09:35:00+00:00,-0.033336420267591794,0.2876820724517809
2026-03-23 09:40:00+00:00,0.06559728248581323,-0.2876820724517809
2026-03-23 09:45:00+00:00,-0.06559728248581323,0.0
2026-03-23 09:50:00+00:00,0.03250250778007199,0.0
2026-03-23 09:55:00+00:00,-0.04959694113937211,0.0
2026-03-23 10:00:00+00:00,0.0813456394539524,0.0
2026-03-23 10:05:00+00:00,-0.01574835696813917,0.0
2026-03-23 10:10:00+00:00,-0.06559728248581323,0.0
2026-03-23 10:15:00+00:00,0.04959694113937211,0.0
2026-03-23 10:20:00+00:00,-0.016260520871780308,0.0
2026-03-23 10:25:00+00:00,0.0,0.0
2026-03-23 10:30:00+00:00,0.0480092191863606,0.0
2026-03-23 10:35:00+00:00,-0.0480092191863606,0.0
2026-03-23 10:40:00+00:00,0.0480092191863606,0.0
2026-03-23 10:45:00+00:00,-0.01574835696813917,0.0
2026-03-23 10:50:00+00:00,0.07637297878457402,0.0
2026-03-23 10:55:00+00:00,-0.029852963149681166,0.0
2026-03-23 11:00:00+00:00,-0.06252035698133399,0.0
2026-03-23 11:05:00+00:00,0.0,0.0
2026-03-23 11:10:00+00:00,-0.03278982282299087,0.2876820724517809
2026-03-23 11:15:00+00:00,0.0,-0.2876820724517809
2026-03-23 11:20:00+00:00,0.04773140282118994,0.0
2026-03-23 11:25:00+00:00,-0.04800921918636061,0.0
2026-03-23 11:30:00+00:00,0.0162605208717803,0.0
2026-03-23 11:35:00+00:00,0.0,0.0
2026-03-23 11:40:00+00:00,0.04725288485054556,0.0
2026-03-23 11:45:00+00:00,-0.031252543504104426,0.0
2026-03-23 11:50:00+00:00,-0.032260862218221435,0.0
2026-03-23 11:55:00+00:00,0.04800921918636061,0.0
2026-03-23 12:00:00+00:00,0.0,0.0
2026-03-23 12:05:00+00:00,-0.03174869831458031,0.0
2026-03-23 12:10:00+00:00,0.04725288485054556,0.0
2026-03-23 12:15:00+00:00,0.0,0.0
2026-03-23 12:20:00+00:00,-0.04725288485054556,0.0
2026-03-23 12:25:00+00:00,0.07755823434587451,0.0
2026-03-23 12:30:00+00:00,-0.0458095360312942,0.0
2026-03-23 12:35:00+00:00,-0.015748356968139178,0.0
2026-03-23 12:40:00+00:00,-0.032260862218221435,0.0
2026-03-23 12:45:00+00:00,0.16579225484274407,0.0
2026-03-23 12:50:00+00:00,-0.13353139262452265,0.2876820724517809
2026-03-23 12:55:00+00:00,0.031252543504104426,-0.2876820724517809
2026-03-23 13:00:00+00:00,-0.031252543504104426,0.0
2026-03-23 13:05:00+00:00,0.0,0.2876820724517809
2026-03-23 13:10:00+00:00,0.07637297878457402,-0.2876820724517809
2026-03-23 13:15:00+00:00,-0.014815085785140639,0.0
2026-03-23 13:20:00+00:00,0.043802622658392895,0.0
2026-03-23 13:25:00+00:00,0.014184634991956435,0.0
2026-03-23 13:30:00+00:00,0.054808236494995055,0.0
2026-03-23 13:35:00+00:00,-0.14310084364067333,0.0
2026-03-23 13:40:00+00:00,-0.08004270767353643,0.22314355131420976
2026-03-23 13:45:00+00:00,0.06453852113757118,0.0
2026-03-23 13:50:00+00:00,0.015504186535965248,0.18232155679395462
2026-03-23 13:55:00+00:00,-0.04725288485054556,-0.4054651081081644
2026-03-23 14:00:00+00:00,0.03174869831458031,0.0
2026-03-23 14:05:00+00:00,0.030771658666753687,0.0
2026-03-23 14:10:00+00:00,0.08701137698962978,0.0
2026-03-23 14:15:00+00:00,-0.11778303565638347,0.22314355131420976
2026-03-23 14:20:00+00:00,-0.015748356968139178,0.18232155679395462
2026-03-23 14:25:00+00:00,0.046520015634892865,-0.18232155679395462
2026-03-23 14:30:00+00:00,-0.030771658666753687,-0.22314355131420976
2026-03-23 14:35:00+00:00,-0.031202100869979377,0.0
2026-03-23 14:40:00+00:00,0.016260520871780308,0.0
2026-03-23 14:45:00+00:00,-0.03278982282299087,0.0
2026-03-23 14:50:00+00:00,0.016529301951210565,0.0
2026-03-23 14:55:00+00:00,0.06351340572232587,0.5596157879354227
2026-03-23 15:00:00+00:00,0.15634607039069395,-0.5596157879354227
2026-03-23 15:05:00+00:00,-0.06805346324501566,0.22314355131420976
2026-03-23 15:10:00+00:00,-0.07302513501488989,-0.22314355131420976
2026-03-23 15:15:00+00:00,-0.030771658666753687,0.0
2026-03-23 15:20:00+00:00,0.0,0.0
2026-03-23 15:25:00+00:00,-0.0480092191863606,0.0
2026-03-23 15:30:00+00:00,0.016260520871780308,0.0
2026-03-23 15:35:00+00:00,-0.016260520871780308,0.0
2026-03-23 15:40:00+00:00,0.0480092191863606,0.0
2026-03-23 15:45:00+00:00,-0.06453852113757116,0.0
2026-03-23 15:50:00+00:00,0.04879016416943199,0.0
2026-03-23 15:55:00+00:00,0.01574835696813917,0.0
2026-03-23 16:00:00+00:00,-0.01574835696813917,0.0
2026-03-23 16:05:00+00:00,-0.01600034134644112,0.0
2026-03-23 16:10:00+00:00,0.03174869831458029,0.0
2026-03-23 16:15:00+00:00,-0.01574835696813917,0.0
2026-03-23 16:20:00+00:00,0.0,0.0
2026-03-23 16:25:00+00:00,-0.01600034134644112,0.0
2026-03-23 16:30:00+00:00,-0.03278982282299087,0.0
2026-03-23 16:35:00+00:00,-0.016807118316381237,0.0
2026-03-23 16:40:00+00:00,0.04959694113937211,0.0
2026-03-23 16:45:00+00:00,-0.03278982282299087,0.0
2026-03-23 16:50:00+00:00,0.06453852113757116,0.0
2026-03-23 16:55:00+00:00,-0.03174869831458029,0.22314355131420976
2026-03-23 17:00:00+00:00,-0.016260520871780308,-0.22314355131420976
2026-03-23 17:05:00+00:00,-0.016529301951210565,0.0
2026-03-23 17:10:00+00:00,0.04879016416943199,0.0
2026-03-23 17:15:00+00:00,-0.01600034134644112,0.0
2026-03-23 17:20:00+00:00,0.01600034134644112,0.0
2026-03-23 17:25:00+00:00,0.0,0.0
2026-03-23 17:30:00+00:00,-0.04879016416943199,0.0
2026-03-23 17:35:00+00:00,-0.016807118316381237,0.0
2026-03-23 17:40:00+00:00,0.016807118316381237,0.0
2026-03-23 17:45:00+00:00,0.0,0.0
2026-03-23 17:50:00+00:00,0.0,0.0
2026-03-23 17:55:00+00:00,0.0,0.0
2026-03-23 18:00:00+00:00,-0.0005465974446009284,0.0
2026-03-23 18:05:00+00:00,0.0317486983145803,0.22314355131420976
2026-03-23 18:10:00+00:00,-0.0317486983145803,-0.22314355131420976
2026-03-23 18:15:00+00:00,0.0317486983145803,0.0
2026-03-23 18:20:00+00:00,0.0,0.0
2026-03-23 18:25:00+00:00,0.0,0.0
2026-03-23 18:30:00+00:00,-0.016260520871780308,0.0
2026-03-23 18:35:00+00:00,0.015504186535965254,0.0
2026-03-23 18:40:00+00:00,-0.03125254350410442,0.0
2026-03-23 18:45:00+00:00,0.0,0.0
2026-03-23 18:50:00+00:00,-0.016000341346441134,0.0
2026-03-23 18:55:00+00:00,0.0,0.0
2026-03-23 19:00:00+00:00,0.015748356968139168,0.0
2026-03-23 19:05:00+00:00,-0.015748356968139168,0.0
2026-03-23 19:10:00+00:00,0.061557892999433365,0.0
2026-03-23 19:15:00+00:00,-0.017106130428599528,0.0
2026-03-23 19:20:00+00:00,0.0,0.0
2026-03-23 19:25:00+00:00,-0.04445176257083384,0.0
2026-03-23 19:30:00+00:00,0.015037877364540516,0.2876820724517809
2026-03-23 19:35:00+00:00,0.05798725765034937,-0.2876820724517809
2026-03-23 19:40:00+00:00,-0.02857337244405605,0.0
2026-03-23 19:45:00+00:00,0.014388737452099613,0.0
2026-03-23 19:50:00+00:00,-0.014388737452099613,0.2876820724517809
2026-03-23 19:55:00+00:00,0.04255961441879593,-0.2876820724517809
2026-03-23 20:00:00+00:00,-0.04255961441879593,0.0
2026-03-23 20:05:00+00:00,-0.029413885206293323,0.0
2026-03-23 20:10:00+00:00,0.0,0.0
2026-03-23 20:15:00+00:00,0.01481508578514064,0.0
2026-03-23 20:20:00+00:00,-0.029852963149681156,0.0
2026-03-23 20:25:00+00:00,0.0,0.0
2026-03-23 20:30:00+00:00,0.015037877364540516,0.0
2026-03-23 20:35:00+00:00,0.029413885206293323,0.0
2026-03-23 20:40:00+00:00,-0.029413885206293323,0.0
2026-03-23 20:45:00+00:00,0.01481508578514064,0.0
2026-03-23 20:50:00+00:00,-0.01481508578514064,0.0
2026-03-23 20:55:00+00:00,0.0,0.0
2026-03-23 21:00:00+00:00,-0.000222791579399877,0.0
2026-03-23 21:05:00+00:00,0.014598799421152685,0.0
2026-03-23 21:10:00+00:00,0.013758286658915396,0.0
2026-03-23 21:15:00+00:00,0.01398624197473989,0.22314355131420976
2026-03-23 21:20:00+00:00,-0.02858504139589257,-0.22314355131420976
2026-03-23 21:25:00+00:00,0.013986241974739893,0.0
2026-03-23 21:30:00+00:00,-0.04255961441879593,0.0
2026-03-23 21:35:00+00:00,0.040821994520255124,0.22314355131420976
2026-03-23 21:40:00+00:00,-0.027216342464476503,-0.22314355131420976
2026-03-23 21:45:00+00:00,0.039740328649514094,0.0
2026-03-23 21:50:00+00:00,-0.013072081567352761,0.0
2026-03-23 21:55:00+00:00,0.06371581438610768,0.0
2026-03-23 22:00:00+00:00,-0.10398971352404764,0.0
2026-03-23 22:05:00+00:00,0.0,0.0
2026-03-23 22:10:00+00:00,0.0,0.0
2026-03-23 22:15:00+00:00,0.04027389913793995,0.0
2026-03-23 22:20:00+00:00,0.025975486403260653,0.22314355131420976
2026-03-23 22:25:00+00:00,0.011712155928511256,-0.22314355131420976
2026-03-23 22:30:00+00:00,-0.07796154146971186,0.0
2026-03-23 22:35:00+00:00,0.013605652055778622,0.0
2026-03-23 22:40:00+00:00,0.039740328649514094,0.0
2026-03-23 22:45:00+00:00,-0.026677733623131385,0.0
2026-03-23 22:50:00+00:00,-0.01324522675002064,0.0
2026-03-23 22:55:00+00:00,-0.013423020332140689,0.0
2026-03-23 23:00:00+00:00,0.0,0.0
2026-03-23 23:05:00+00:00,0.02272825107755612,0.0
2026-03-23 23:10:00+00:00,0.011173300598125227,0.0
